v -1.707034 1.955628 2.241346
v -1.704478 1.941953 2.252137
v -1.700873 1.937640 2.239183
v -1.703757 1.947092 2.227025
v -1.698295 1.928760 2.246960
v -1.702532 1.930405 2.257519
v -1.699539 1.930464 2.227856
v -1.703182 1.936008 2.216123
v -1.694327 1.895087 2.219209
v -1.695550 1.889414 2.209922
v -1.697900 1.901610 2.210628
v -1.696832 1.903818 2.219756
v -1.692158 1.869594 2.219961
v -1.691349 1.861229 2.230254
v -1.693929 1.850494 2.222249
v -1.696322 1.858128 2.211740
v -1.704338 1.874719 2.265585
v -1.699676 1.868893 2.261786
v -1.698097 1.875754 2.258483
v -1.703276 1.880878 2.262268
v -1.709356 1.884674 2.275035
v -1.711139 1.889458 2.271168
v -1.712728 1.893513 2.277785
v -1.709744 1.888523 2.281955
v -1.706299 1.868975 2.269700
v -1.702129 1.863021 2.265393
v -1.707356 1.880333 2.269324
v -1.707195 1.876005 2.272478
v -1.701843 1.871844 2.282918
v -1.703950 1.875848 2.280813
v -1.702214 1.878160 2.287709
v -1.701093 1.872816 2.288390
v -1.705733 1.869678 2.274114
v -1.704870 1.872843 2.275935
v -1.703556 1.869882 2.278965
v -1.705743 1.867091 2.277556
v -1.707582 1.880649 2.278273
v -1.706465 1.883695 2.285093
v -1.706559 1.885184 2.292295
v -1.702015 1.878346 2.295019
v -1.693578 1.856030 2.251829
v -1.695679 1.862850 2.257120
v -1.697888 1.857617 2.261168
v -1.695550 1.852230 2.256451
v -1.706958 1.863360 2.274383
v -1.701707 1.847890 2.272192
v -1.702025 1.851983 2.272521
v -1.704620 1.852615 2.278522
v -1.703767 1.848966 2.278239
v -1.693166 1.841915 2.243141
v -1.694735 1.840514 2.249937
v -1.695447 1.834255 2.248635
v -1.694484 1.833387 2.241269
v -1.696668 1.827891 2.249233
v -1.696376 1.825934 2.240798
v -1.700926 1.810207 2.247174
v -1.698730 1.817212 2.243504
v -1.697617 1.822080 2.251670
v -1.698825 1.817015 2.257017
v -1.702641 1.821297 2.269303
v -1.705353 1.819761 2.274494
v -1.703103 1.808320 2.270314
v -1.700390 1.812043 2.264298
v -1.704796 1.842187 2.267448
v -1.703655 1.842315 2.263230
v -1.701562 1.843717 2.266109
v -1.702472 1.844619 2.271013
v -1.701424 1.842211 2.260972
v -1.700050 1.841516 2.260022
v -1.700222 1.842890 2.260414
v -1.701499 1.842340 2.260837
v -1.702935 1.842346 2.261680
v -1.701917 1.841526 2.264065
v -1.702178 1.842365 2.261259
v -1.702277 1.840543 2.268236
v -1.707083 1.837650 2.281567
v -1.704940 1.838340 2.278294
v -1.708161 1.841656 2.277047
v -1.709745 1.841431 2.280048
v -1.700031 1.844388 2.263028
v -1.699006 1.846609 2.261757
v -1.700243 1.849421 2.266709
v -1.700507 1.846049 2.266551
v -1.697534 1.849110 2.259914
v -1.698604 1.844067 2.259180
v -1.696768 1.845347 2.256820
v -1.699873 1.839943 2.260750
v -1.698633 1.838358 2.258301
v -1.698900 1.840527 2.258181
v -1.699208 1.835398 2.259853
v -1.700302 1.838322 2.262784
v -1.701162 1.836671 2.266575
v -1.702403 1.835030 2.271489
v -1.701830 1.830327 2.268281
v -1.700387 1.832798 2.263412
v -1.699388 1.854255 2.264761
v -1.696793 1.840166 2.254781
v -1.694655 1.847318 2.252742
v -1.697063 1.836174 2.254443
v -1.697822 1.831673 2.255550
v -1.698942 1.827602 2.258568
v -1.700670 1.824325 2.263786
v -1.706217 1.800291 2.262304
v -1.702861 1.804420 2.255385
v -1.703598 1.922926 2.256879
v -1.699235 1.921780 2.249914
v -1.700590 1.913759 2.246217
v -1.699158 1.916016 2.245015
v -1.701963 1.917422 2.250721
v -1.702172 1.915040 2.250539
v -1.697660 1.906014 2.226948
v -1.698794 1.907871 2.232545
v -1.698452 1.904406 2.231904
v -1.696107 1.900062 2.225930
v -1.698180 1.897388 2.242741
v -1.697380 1.898859 2.237602
v -1.700224 1.904875 2.240710
v -1.699891 1.904141 2.244870
v -1.701563 1.903439 2.248707
v -1.704000 1.903645 2.252366
v -1.703554 1.897957 2.251769
v -1.700561 1.897202 2.247530
v -1.705318 1.917842 2.254494
v -1.710491 1.916471 2.258444
v -1.710105 1.913947 2.257705
v -1.705905 1.915106 2.254464
v -1.718379 1.906425 2.262027
v -1.717767 1.908729 2.261133
v -1.719610 1.909313 2.263963
v -1.719976 1.905039 2.263950
v -1.718016 1.902529 2.262531
v -1.716874 1.905336 2.260403
v -1.720446 1.975645 2.242456
v -1.713243 1.960921 2.256021
v -1.713953 1.968114 2.225676
v -1.709853 1.956059 2.212890
v -1.707937 1.941017 2.203386
v -1.692849 1.845269 2.234253
v -1.694814 1.835405 2.229355
v -1.697138 1.840353 2.215288
v -1.700629 1.829435 2.213462
v -1.697854 1.824837 2.229218
v -1.708405 1.805562 2.235373
v -1.702496 1.814146 2.230519
v -1.707506 1.818085 2.213411
v -1.712300 1.827909 2.197245
v -1.705231 1.837270 2.200348
v -1.717315 1.840781 2.185177
v -1.723120 1.818731 2.193175
v -1.724331 1.838000 2.180829
v -1.737650 1.783475 2.201110
v -1.739581 1.770735 2.196100
v -1.737743 1.775950 2.182440
v -1.735477 1.788283 2.187090
v -1.700642 1.847197 2.204381
v -1.703216 1.911241 2.203356
v -1.699480 1.912042 2.214061
v -1.701180 1.898187 2.200512
v -1.723524 1.964227 2.180912
v -1.716546 1.962421 2.197660
v -1.712525 1.946190 2.191115
v -1.719360 1.950372 2.176434
v -1.747346 1.997228 2.200187
v -1.732102 1.988806 2.221972
v -1.723675 1.978368 2.209376
v -1.734274 1.984630 2.190865
v -1.726091 1.949779 2.163666
v -1.736221 1.946588 2.148899
v -1.746032 1.960483 2.145025
v -1.733753 1.965396 2.162813
v -1.763249 1.977396 2.143397
v -1.749063 1.984753 2.165403
v -1.730422 1.823585 2.177104
v -1.730450 1.841625 2.172119
v -1.731674 1.802557 2.192028
v -1.733945 1.807632 2.177931
v -1.784915 1.989690 2.145678
v -1.766991 1.999279 2.173290
v -1.768206 1.914189 2.122335
v -1.763889 1.932350 2.124161
v -1.748039 1.925025 2.134108
v -1.752721 1.909817 2.130647
v -1.786285 1.917187 2.115465
v -1.783927 1.939068 2.117505
v -1.765423 1.862624 2.138341
v -1.764632 1.846754 2.148498
v -1.776145 1.845619 2.144575
v -1.779307 1.861322 2.133235
v -1.696361 1.924715 2.237519
v -1.696858 1.919444 2.243027
v -1.696870 1.916210 2.236475
v -1.696772 1.919265 2.229506
v -1.699446 1.921854 2.219985
v -1.703470 1.924212 2.208802
v -1.712119 1.931513 2.186669
v -1.718263 1.936891 2.173094
v -1.731291 1.934478 2.151283
v -1.723717 1.937509 2.163025
v -1.740556 1.915263 2.140865
v -1.743702 1.905838 2.138484
v -1.740313 1.850014 2.160475
v -1.739944 1.828362 2.165234
v -1.752125 1.830125 2.158587
v -1.753327 1.848673 2.153264
v -1.776178 1.829395 2.150388
v -1.764280 1.830112 2.154435
v -1.743835 1.795690 2.164829
v -1.747510 1.781970 2.160075
v -1.757076 1.785150 2.152087
v -1.754409 1.797749 2.157492
v -1.768371 1.785346 2.145931
v -1.779832 1.785635 2.142760
v -1.778446 1.799086 2.148276
v -1.767329 1.798738 2.151871
v -1.748612 1.763401 2.217241
v -1.750829 1.753049 2.213210
v -1.745261 1.756040 2.203803
v -1.744097 1.766716 2.208022
v -1.749418 1.770492 2.154041
v -1.757918 1.774741 2.145143
v -1.752773 1.864046 2.144998
v -1.743230 1.866988 2.150247
v -1.768141 1.774526 2.138731
v -1.765015 1.813295 2.155634
v -1.753682 1.811896 2.160152
v -1.787971 1.828658 2.147938
v -1.789968 1.843542 2.141921
v -1.707831 1.885419 2.265979
v -1.710645 1.900262 2.258366
v -1.711364 1.904257 2.257666
v -1.715062 1.904747 2.259264
v -1.714558 1.901269 2.260702
v -1.718299 1.941555 2.275117
v -1.716850 1.924265 2.277086
v -1.708483 1.929346 2.267800
v -1.710359 1.943269 2.264644
v -1.690458 1.873914 2.239224
v -1.693919 1.879117 2.249501
v -1.693845 1.869826 2.253408
v -1.691378 1.862982 2.246631
v -1.699875 1.908988 2.236726
v -1.699168 1.910913 2.235838
v -1.700017 1.910648 2.239104
v -1.693051 1.849427 2.247447
v -1.691535 1.854445 2.240205
v -1.699770 1.883461 2.200226
v -1.697695 1.912177 2.223177
v -1.764565 2.004358 2.214760
v -1.744842 1.995610 2.239053
v -1.806345 1.997232 2.154311
v -1.784996 2.007044 2.185716
v -1.806885 1.943993 2.115371
v -1.808415 1.918407 2.112764
v -1.829723 1.919096 2.113614
v -1.829960 1.947915 2.113760
v -1.793616 1.858219 2.131513
v -1.791035 1.785884 2.143539
v -1.790791 1.800828 2.147963
v -1.729822 1.979331 2.256407
v -1.721774 1.959947 2.269150
v -1.708399 1.927115 2.197132
v -1.692025 1.886885 2.222035
v -1.693722 1.893931 2.228226
v -1.692502 1.889892 2.232955
v -1.690600 1.880185 2.227313
v -1.693606 1.878202 2.213880
v -1.698968 1.869510 2.204420
v -1.705983 1.859991 2.193012
v -1.711109 1.847957 2.188578
v -1.744529 1.938943 2.138369
v -1.757512 1.949119 2.131880
v -1.775588 1.962454 2.126813
v -1.798799 1.969520 2.125522
v -1.738682 1.929624 2.142474
v -1.822332 1.974917 2.130209
v -1.706080 1.857121 2.278570
v -1.703391 1.857382 2.270999
v -1.707842 1.861626 2.279879
v -1.704430 1.833430 2.276386
v -1.706913 1.832607 2.280049
v -1.707174 1.827245 2.277072
v -1.704168 1.828473 2.272873
v -1.716798 1.794465 2.250364
v -1.712847 1.798630 2.243005
v -1.744736 1.774011 2.221943
v -1.741215 1.777458 2.213167
v -1.704951 1.871439 2.283468
v -1.705158 1.872499 2.285100
v -1.705806 1.871762 2.281766
v -1.706383 1.870373 2.280497
v -1.701311 1.843066 2.263347
v -1.706052 1.848919 2.283059
v -1.707822 1.848464 2.285644
v -1.708320 1.844651 2.283870
v -1.706361 1.845148 2.281313
v -1.718351 1.805326 2.215912
v -1.733276 1.795133 2.206335
v -1.740698 1.777842 2.171551
v -1.737235 1.791809 2.175524
v -1.741504 1.810765 2.166654
v -1.777785 1.814947 2.151551
v -1.788935 1.814810 2.149555
v -1.810217 1.813589 2.158679
v -1.810656 1.822773 2.157768
v -1.800027 1.825875 2.150647
v -1.800607 1.814159 2.152418
v -1.724456 1.795520 2.229331
v -1.727759 1.791832 2.237996
v -1.737003 1.784441 2.228373
v -1.736660 1.787660 2.218494
v -1.707665 1.867820 2.287835
v -1.707693 1.866078 2.290141
v -1.709170 1.864219 2.287235
v -1.707990 1.866965 2.285593
v -1.705931 1.867679 2.280273
v -1.707492 1.867740 2.281145
v -1.707845 1.865435 2.280843
v -1.703486 1.870608 2.283695
v -1.704880 1.869201 2.280809
v -1.704300 1.871009 2.290219
v -1.703101 1.871382 2.287459
v -1.701765 1.871141 2.294216
v -1.708913 1.869430 2.285437
v -1.708488 1.868510 2.283465
v -1.707519 1.869360 2.280158
v -1.708766 1.869255 2.280431
v -1.704931 1.872175 2.288600
v -1.704548 1.871865 2.286326
v -1.710583 1.891465 2.288766
v -1.712715 1.892280 2.294060
v -1.708864 1.885591 2.297794
v -1.704869 1.878284 2.301670
v -1.704739 1.870030 2.300120
v -1.739750 1.781867 2.234529
v -1.748858 1.771800 2.227890
v -1.732610 1.957753 2.280258
v -1.727494 1.938906 2.283166
v -1.702218 1.842416 2.260941
v -1.710032 1.921065 2.262839
v -1.693376 1.887753 2.240814
v -1.703733 1.887198 2.259323
v -1.698830 1.883419 2.255037
v -1.701121 1.890886 2.252799
v -1.705411 1.893162 2.257030
v -1.716095 1.916763 2.268915
v -1.719657 1.912308 2.278642
v -1.719410 1.910676 2.270957
v -1.719698 1.904551 2.270634
v -1.718066 1.903390 2.279315
v -1.715762 1.897403 2.272768
v -1.717836 1.899825 2.267105
v -1.699882 1.912405 2.242594
v -1.698789 1.913711 2.240237
v -1.712934 1.893469 2.267199
v -1.708879 1.890264 2.262935
v -1.710124 1.895077 2.260252
v -1.714557 1.896900 2.263451
v -1.696730 1.888801 2.247636
v -1.697822 1.911536 2.230184
v -1.697673 1.901147 2.233836
v -1.735949 1.873386 2.153376
v -1.734037 1.861538 2.161367
v -1.719426 1.855469 2.171763
v -1.721702 1.849954 2.178602
v -1.725190 1.851025 2.175754
v -1.722650 1.856172 2.170678
v -1.730435 1.908543 2.153616
v -1.732012 1.914317 2.150254
v -1.727828 1.916350 2.155816
v -1.728582 1.909845 2.156049
v -1.724603 1.913194 2.161004
v -1.723125 1.916127 2.162918
v -1.720883 1.909258 2.165634
v -1.724663 1.910731 2.160686
v -1.722901 1.926306 2.162528
v -1.717890 1.923212 2.172873
v -1.719076 1.912547 2.170270
v -1.708833 1.910329 2.191052
v -1.713596 1.898922 2.181093
v -1.716344 1.907077 2.176639
v -1.714015 1.918119 2.181983
v -1.717432 1.854918 2.179355
v -1.713828 1.863210 2.181016
v -1.729464 1.854296 2.170026
v -1.849856 1.916222 2.122710
v -1.857266 1.950218 2.119922
v -1.768348 1.896033 2.124272
v -1.785447 1.896892 2.117882
v -1.754259 1.894432 2.131716
v -1.744942 1.893264 2.139780
v -1.805492 1.897517 2.114242
v -1.825973 1.897148 2.118312
v -1.706223 1.893246 2.190191
v -1.712085 1.886783 2.181801
v -1.766616 1.877985 2.129155
v -1.783200 1.878107 2.123881
v -1.753446 1.878704 2.136639
v -1.743968 1.880857 2.143353
v -1.801269 1.876795 2.120812
v -1.808020 1.854598 2.136487
v -1.816871 1.874263 2.123900
v -1.717680 1.865336 2.170900
v -1.718058 1.863423 2.175298
v -1.719133 1.857176 2.173930
v -1.716415 1.859234 2.171131
v -1.706126 1.877660 2.190186
v -1.712532 1.874655 2.181564
v -1.713725 1.897296 2.284628
v -1.720097 1.905022 2.286751
v -1.716358 1.898807 2.290418
v -1.722518 1.912860 2.284656
v -1.804001 2.008243 2.200992
v -1.780613 2.005545 2.229612
v -1.844014 1.977030 2.141969
v -1.827302 1.998776 2.168281
v -1.708246 1.818968 2.278095
v -1.706632 1.806283 2.275186
v -1.708233 1.857122 2.283469
v -1.709848 1.856102 2.285797
v -1.708951 1.852030 2.285460
v -1.707196 1.852774 2.283126
v -1.716460 1.913814 2.262265
v -1.803688 1.840679 2.145573
v -1.801378 1.801667 2.151607
v -1.801910 1.787209 2.148166
v -1.780018 1.774460 2.136293
v -1.792404 1.773481 2.138019
v -1.709906 1.860185 2.286715
v -1.708701 1.861164 2.284189
v -1.705381 1.872832 2.288002
v -1.704241 1.845283 2.276837
v -1.708457 1.864172 2.284330
v -1.707645 1.866975 2.283674
v -1.710388 1.863071 2.289117
v -1.711088 1.859460 2.287684
v -1.706916 1.899303 2.255451
v -1.707590 1.904146 2.255287
v -1.705142 1.867704 2.292643
v -1.706565 1.869552 2.290324
v -1.707379 1.865835 2.295393
v -1.740841 1.759659 2.192011
v -1.740008 1.763381 2.178440
v -1.709261 1.848098 2.287050
v -1.709900 1.844111 2.285339
v -1.760091 1.996224 2.254112
v -1.823403 1.850996 2.147211
v -1.832004 1.870640 2.136522
v -1.716968 1.891859 2.174884
v -1.718503 1.887436 2.169463
v -1.719095 1.894593 2.167574
v -1.718141 1.900008 2.172765
v -1.752821 1.761511 2.223338
v -1.743404 1.766632 2.165512
v -1.804042 1.774075 2.142969
v -1.699932 1.907418 2.236446
v -1.700314 1.906070 2.237899
v -1.714781 1.911575 2.259890
v -1.840693 1.895222 2.128649
v -1.703126 1.839212 2.273281
v -1.706449 1.841998 2.272489
v -1.810437 1.802455 2.157962
v -1.731245 1.789925 2.243826
v -1.708493 1.864984 2.291875
v -1.815983 1.839271 2.153371
v -1.723896 1.901937 2.162351
v -1.719782 1.901345 2.163671
v -1.723769 1.897038 2.163995
v -1.723746 1.897409 2.163846
v -1.717757 1.903868 2.165586
v -1.718781 1.901073 2.163499
v -1.717786 1.904478 2.162308
v -1.718105 1.908007 2.163524
v -1.719326 1.905182 2.169105
v -1.718516 1.899580 2.166626
v -1.718329 1.906681 2.159264
v -1.718256 1.909428 2.160075
v -1.723466 1.911323 2.161277
v -1.726396 1.909872 2.158896
v -1.718513 1.910205 2.154868
v -1.724480 1.912441 2.156391
v -1.719689 1.909025 2.148702
v -1.725795 1.911159 2.149859
v -1.721558 1.905749 2.142725
v -1.727432 1.906420 2.144591
v -1.716750 1.871424 2.175805
v -1.718794 1.871880 2.170776
v -1.722216 1.899656 2.140296
v -1.728599 1.899019 2.142643
v -1.722195 1.891833 2.138956
v -1.728386 1.890958 2.141686
v -1.721427 1.883855 2.140291
v -1.726839 1.882795 2.142602
v -1.720915 1.876209 2.142941
v -1.725239 1.874583 2.145292
v -1.719655 1.869690 2.147713
v -1.723111 1.866222 2.150521
v -1.721138 1.907223 2.150344
v -1.725472 1.903077 2.146219
v -1.731920 1.903989 2.152553
v -1.719975 1.907959 2.155193
v -1.725827 1.890756 2.157746
v -1.726876 1.891876 2.160197
v -1.726153 1.891471 2.159006
v -1.727447 1.889468 2.157471
v -1.716994 1.879400 2.170202
v -1.719351 1.878995 2.168919
v -1.719889 1.884265 2.167515
v -1.720075 1.875399 2.170138
v -1.721019 1.876177 2.170255
v -1.722462 1.879343 2.169834
v -1.724160 1.884520 2.169045
v -1.723779 1.873504 2.168003
v -1.719895 1.873555 2.166877
v -1.725422 1.875403 2.169031
v -1.725842 1.875576 2.169796
v -1.728011 1.879272 2.169555
v -1.726303 1.882061 2.169089
v -1.716145 1.881716 2.175816
v -1.731155 1.877321 2.155097
v -1.729213 1.867263 2.160636
v -1.718169 1.864589 2.153909
v -1.720323 1.858869 2.156331
v -1.716450 1.856753 2.167372
v -1.718087 1.855870 2.162485
v -1.731541 1.898643 2.152231
v -1.731643 1.892083 2.152005
v -1.726182 1.860488 2.166076
v -1.731725 1.885293 2.152722
v -1.720754 1.873506 2.149628
v -1.719640 1.870602 2.154384
v -1.722005 1.878431 2.146016
v -1.718209 1.870337 2.165635
v -1.717543 1.863535 2.165622
v -1.717458 1.862465 2.159883
v -1.718381 1.869668 2.159899
v -1.719466 1.877154 2.152104
v -1.719953 1.874763 2.156243
v -1.723539 1.879381 2.152844
v -1.725813 1.878002 2.160699
v -1.724614 1.875595 2.164847
v -1.720264 1.873561 2.161706
v -1.725683 1.880192 2.161876
v -1.727216 1.883919 2.158994
v -1.725554 1.877266 2.167379
v -1.721951 1.882784 2.151372
v -1.720873 1.886877 2.150782
v -1.722222 1.889483 2.153660
v -1.725184 1.886037 2.154310
v -1.723442 1.884389 2.144099
v -1.721853 1.885068 2.147319
v -1.720110 1.880655 2.148758
v -1.723638 1.890494 2.146772
v -1.725073 1.891046 2.143282
v -1.722133 1.891064 2.149275
v -1.721484 1.892365 2.152623
v -1.724228 1.900695 2.148979
v -1.724507 1.895857 2.147552
v -1.725744 1.897870 2.143774
v -1.723023 1.894945 2.150124
v -1.723072 1.898765 2.151374
v -1.722236 1.896832 2.153676
v -1.722326 1.895004 2.151647
v -1.720073 1.905638 2.160006
v -1.719923 1.903934 2.162185
v -1.722400 1.906030 2.156026
v -1.722543 1.906479 2.158188
v -1.722373 1.903411 2.157243
v -1.722792 1.905411 2.159566
v -1.723005 1.900906 2.159050
v -1.723327 1.897674 2.161276
v -1.752318 1.733528 2.207650
v -1.752181 1.742547 2.209320
v -1.759521 1.740497 2.215668
v -1.760835 1.731786 2.213662
v -1.722497 1.898639 2.156574
v -1.722466 1.901453 2.154172
v -1.723413 1.904257 2.151919
v -1.722917 1.893421 2.157382
v -1.722621 1.892479 2.155778
v -1.722347 1.894328 2.155195
v -1.722860 1.895767 2.157689
v -1.720543 1.889428 2.166009
v -1.725163 1.888703 2.163749
v -1.725853 1.886083 2.161868
v -1.732253 1.722524 2.182768
v -1.726260 1.727902 2.164963
v -1.733654 1.734035 2.165399
v -1.738308 1.730229 2.181520
v -1.717331 1.707768 2.196104
v -1.710487 1.690790 2.204281
v -1.699711 1.697351 2.193456
v -1.705826 1.715422 2.174964
v -1.692555 1.680737 2.206720
v -1.702582 1.674619 2.214626
v -1.674474 1.634639 2.237780
v -1.679818 1.649435 2.228133
v -1.690498 1.647107 2.236869
v -1.685732 1.632857 2.246544
v -1.645216 1.560441 2.250924
v -1.651208 1.561485 2.259747
v -1.657485 1.544767 2.259346
v -1.650812 1.541954 2.248331
v -1.649671 1.663264 2.194221
v -1.644698 1.654282 2.189643
v -1.644938 1.674408 2.189423
v -1.652315 1.682888 2.191072
v -1.707235 1.739096 2.129044
v -1.717214 1.741148 2.129631
v -1.715164 1.730947 2.148511
v -1.704957 1.729781 2.151089
v -1.635324 1.576809 2.198658
v -1.635617 1.585134 2.208984
v -1.634704 1.573303 2.214880
v -1.634871 1.564501 2.205794
v -1.656733 1.494697 2.198345
v -1.661828 1.492107 2.214706
v -1.659057 1.473899 2.213483
v -1.655189 1.475928 2.195641
v -1.655759 1.515846 2.140661
v -1.657878 1.500986 2.138189
v -1.666898 1.500895 2.118760
v -1.663727 1.515352 2.121379
v -1.657969 1.635719 2.221349
v -1.663254 1.651557 2.213044
v -1.670534 1.650631 2.219932
v -1.665274 1.635545 2.229272
v -1.512566 1.697425 2.228860
v -1.533507 1.698574 2.217568
v -1.533507 1.684125 2.223422
v -1.512565 1.682737 2.234457
v -1.649548 1.416377 2.142349
v -1.646331 1.404031 2.144792
v -1.656137 1.402489 2.127126
v -1.659983 1.415890 2.125068
v -1.623193 1.733786 2.169626
v -1.620243 1.746830 2.150251
v -1.630082 1.749468 2.145850
v -1.632128 1.737300 2.166651
v -1.643423 1.625502 2.192922
v -1.643989 1.639081 2.190334
v -1.648018 1.647503 2.197705
v -1.646176 1.631893 2.201623
v -1.656698 1.541952 2.119625
v -1.654527 1.557712 2.117451
v -1.648227 1.558219 2.132496
v -1.649242 1.542569 2.136312
v -1.651597 1.528431 2.139079
v -1.659816 1.527575 2.120998
v -1.648980 1.634272 2.207957
v -1.652643 1.651785 2.203451
v -1.657582 1.652364 2.207902
v -1.652689 1.635364 2.214253
v -1.667663 1.530571 2.256633
v -1.659510 1.526962 2.243089
v -1.639818 1.403982 2.164831
v -1.643158 1.415570 2.162332
v -1.641545 1.413685 2.182983
v -1.637998 1.402446 2.185425
v -1.673387 1.505753 2.230647
v -1.666030 1.506992 2.217221
v -1.661249 1.516860 2.223148
v -1.669268 1.516028 2.235222
v -1.640931 1.400452 2.205926
v -1.644370 1.411113 2.203029
v -1.650193 1.408849 2.221336
v -1.646445 1.397923 2.224483
v -1.685900 1.664877 2.217890
v -1.695878 1.660827 2.226026
v -1.637514 1.561863 2.232692
v -1.640386 1.560672 2.241581
v -1.645399 1.542351 2.237723
v -1.641430 1.544644 2.228184
v -1.642987 1.626500 2.166516
v -1.639125 1.638480 2.166786
v -1.637691 1.661130 2.182946
v -1.641511 1.641310 2.180677
v -1.649473 1.392704 2.127949
v -1.639437 1.394665 2.146045
v -1.635551 1.392192 2.208027
v -1.641031 1.389753 2.227503
v -1.624690 1.629488 2.131950
v -1.626872 1.631630 2.139105
v -1.633619 1.623266 2.131674
v -1.632765 1.621833 2.122555
v -1.680683 1.561319 2.278360
v -1.676010 1.541615 2.269940
v -1.664283 1.554640 2.269202
v -1.668591 1.571195 2.273407
v -1.648047 1.530374 2.221570
v -1.653270 1.527561 2.231946
v -1.654390 1.519756 2.212164
v -1.694586 1.550629 2.279782
v -1.691546 1.527030 2.266508
v -1.707817 1.656358 2.234861
v -1.702815 1.643965 2.245249
v -1.713918 1.670381 2.225087
v -1.720888 1.685063 2.217160
v -1.732076 1.680398 2.228120
v -1.725403 1.665704 2.235774
v -1.727635 1.700452 2.211223
v -1.738136 1.695348 2.223066
v -1.740439 1.719203 2.199158
v -1.745080 1.726897 2.196594
v -1.642594 1.627923 2.180658
v -1.642335 1.615849 2.182183
v -1.632194 1.394025 2.187523
v -1.709106 1.672449 2.062379
v -1.691175 1.677570 2.067546
v -1.693012 1.662828 2.065936
v -1.713513 1.658168 2.060634
v -1.694917 1.731440 2.150911
v -1.698641 1.740159 2.127852
v -1.637420 1.628877 2.100545
v -1.640343 1.623388 2.101857
v -1.655954 1.619079 2.091649
v -1.652772 1.625225 2.091295
v -1.619360 1.630963 2.124821
v -1.614329 1.634103 2.124175
v -1.593263 1.637951 2.133320
v -1.596785 1.635187 2.135592
v -1.670097 1.400746 2.112339
v -1.675005 1.414338 2.111404
v -1.707160 1.526297 2.083880
v -1.698740 1.541947 2.083426
v -1.683921 1.535207 2.093040
v -1.690505 1.520098 2.093582
v -1.812921 1.649190 2.103057
v -1.794828 1.652358 2.090220
v -1.796676 1.638986 2.089124
v -1.813971 1.635336 2.101261
v -1.751135 1.674933 2.068006
v -1.773157 1.669282 2.078249
v -1.771099 1.680451 2.080026
v -1.748940 1.687414 2.070122
v -1.731280 1.666899 2.062101
v -1.736098 1.653104 2.061186
v -1.667049 1.544794 2.105303
v -1.662924 1.560091 2.104998
v -1.656437 1.583350 2.100574
v -1.653277 1.592477 2.100986
v -1.647518 1.591266 2.111154
v -1.649853 1.582362 2.111883
v -1.726794 1.744637 2.131873
v -1.725138 1.744862 2.111933
v -1.736620 1.748713 2.115626
v -1.779532 1.724978 2.102132
v -1.769415 1.729596 2.100555
v -1.765451 1.723149 2.094814
v -1.779584 1.718048 2.099421
v -1.798962 1.579997 2.083739
v -1.796039 1.559221 2.085515
v -1.815608 1.557682 2.094974
v -1.818690 1.577246 2.092759
v -1.653744 1.603707 2.096851
v -1.656640 1.608039 2.093559
v -1.645476 1.615579 2.101927
v -1.644745 1.611548 2.104244
v -1.665133 1.600759 2.088640
v -1.659665 1.595701 2.093577
v -1.663350 1.586759 2.092152
v -1.670707 1.591925 2.085796
v -1.689946 1.557016 2.084523
v -1.681623 1.570657 2.084553
v -1.671394 1.564767 2.094154
v -1.677729 1.550505 2.093921
v -1.807474 1.488802 2.104840
v -1.812004 1.510304 2.099984
v -1.795471 1.511108 2.091462
v -1.793303 1.487593 2.094762
v -1.614068 1.649247 2.160771
v -1.598330 1.650038 2.170533
v -1.602765 1.658609 2.177970
v -1.614655 1.657939 2.169728
v -1.579344 1.650887 2.124789
v -1.579517 1.656079 2.121901
v -1.567908 1.660302 2.125869
v -1.567625 1.655162 2.127689
v -1.574167 1.640980 2.176597
v -1.553819 1.639073 2.188066
v -1.561255 1.647728 2.193739
v -1.581099 1.648960 2.181824
v -1.693011 1.740099 2.102091
v -1.701865 1.742084 2.104117
v -1.689623 1.741114 2.126644
v -1.584650 1.633053 2.154508
v -1.581253 1.632511 2.149081
v -1.561970 1.631257 2.157676
v -1.565161 1.631135 2.164821
v -1.508780 1.708941 2.217364
v -1.529944 1.710039 2.206225
v -1.526934 1.632320 2.191703
v -1.547655 1.632462 2.182499
v -1.543154 1.629996 2.174776
v -1.521171 1.629370 2.183330
v -1.696337 1.505650 2.093634
v -1.713878 1.511411 2.085570
v -1.704391 1.392179 2.093962
v -1.712491 1.410633 2.094532
v -1.694201 1.412350 2.100384
v -1.686738 1.395926 2.100703
v -1.664389 1.386438 2.112318
v -1.696835 1.375670 2.095938
v -1.679974 1.381231 2.102085
v -1.752300 1.758280 2.129036
v -1.745076 1.753237 2.120875
v -1.760340 1.751133 2.114356
v -1.767434 1.758607 2.122892
v -1.591689 1.302316 2.108759
v -1.579363 1.315813 2.127306
v -1.566051 1.296824 2.134450
v -1.579765 1.279222 2.116356
v -1.792275 1.741066 2.116178
v -1.794904 1.751227 2.123502
v -1.781693 1.755531 2.121861
v -1.776368 1.746391 2.113406
v -1.604882 1.325525 2.107645
v -1.592322 1.335165 2.126308
v -1.742486 1.753970 2.141032
v -1.734753 1.748944 2.134984
v -1.739676 1.747768 2.155109
v -1.732144 1.740962 2.150233
v -1.739038 1.743430 2.169480
v -1.571847 1.325271 2.148683
v -1.557604 1.312857 2.155214
v -1.766677 1.765931 2.131757
v -1.780458 1.764954 2.129663
v -1.794517 1.762238 2.131829
v -1.807610 1.762332 2.137100
v -1.818671 1.763871 2.144768
v -1.815921 1.773820 2.149705
v -1.640240 1.382497 2.128525
v -1.653853 1.376432 2.112417
v -1.579389 1.162169 2.157386
v -1.559916 1.164324 2.177939
v -1.584749 1.143895 2.186993
v -1.602702 1.144335 2.163827
v -1.664770 1.126947 2.187057
v -1.630430 1.132541 2.176098
v -1.614584 1.132925 2.198813
v -1.647740 1.129894 2.213012
v -1.734133 1.224564 2.111878
v -1.741224 1.248247 2.109985
v -1.716593 1.254238 2.097164
v -1.709720 1.230900 2.097938
v -1.670422 1.367881 2.100632
v -1.687370 1.360611 2.094127
v -1.631857 1.385676 2.146735
v -1.486136 1.286562 2.230626
v -1.465750 1.278508 2.253901
v -1.467431 1.248654 2.233573
v -1.486888 1.256563 2.210159
v -1.499394 1.184424 2.216714
v -1.521070 1.160272 2.222924
v -1.536543 1.166619 2.202500
v -1.512937 1.194403 2.196091
v -1.647769 1.386858 2.245971
v -1.641789 1.378716 2.249864
v -1.635430 1.381749 2.230212
v -1.676305 1.378624 2.290014
v -1.671661 1.370118 2.295349
v -1.659647 1.372947 2.282233
v -1.663938 1.381605 2.276436
v -1.642638 1.295189 2.297268
v -1.648209 1.310538 2.289598
v -1.657013 1.307003 2.302007
v -1.652853 1.289817 2.304885
v -1.570362 1.334819 2.173838
v -1.583826 1.343463 2.172044
v -1.589552 1.344978 2.195386
v -1.578110 1.339347 2.198479
v -1.600470 1.137336 2.223213
v -1.633278 1.138546 2.236258
v -1.497528 1.309782 2.255248
v -1.476685 1.302146 2.276057
v -1.495686 1.311428 2.300255
v -1.517360 1.319390 2.278412
v -1.540094 1.313090 2.298102
v -1.518690 1.306626 2.319891
v -1.634366 1.227723 2.302312
v -1.629806 1.225604 2.299184
v -1.626741 1.251904 2.294291
v -1.634922 1.253245 2.298391
v -1.694930 1.144150 2.146798
v -1.666699 1.148197 2.133820
v -1.649000 1.137136 2.152908
v -1.681611 1.132530 2.164267
v -1.704700 1.354042 2.092302
v -1.713830 1.371501 2.094242
v -1.729806 1.365988 2.097062
v -1.738449 1.387213 2.094955
v -1.721622 1.389415 2.093130
v -1.752845 1.525493 2.079443
v -1.744923 1.543600 2.075618
v -1.725566 1.533538 2.077839
v -1.732820 1.517700 2.080596
v -1.776257 1.656752 2.077479
v -1.778820 1.643406 2.076613
v -1.551072 1.143711 2.233651
v -1.526459 1.142104 2.254953
v -1.554748 1.136933 2.269936
v -1.589412 1.141031 2.248282
v -1.479439 1.180489 2.241032
v -1.477929 1.217623 2.221192
v -1.461282 1.208868 2.243202
v -1.445952 1.273225 2.277146
v -1.448147 1.242215 2.257861
v -1.473760 1.303058 2.322747
v -1.497015 1.297732 2.341410
v -1.577614 1.234019 2.335180
v -1.558271 1.225893 2.349599
v -1.542493 1.252776 2.352257
v -1.561586 1.261395 2.336108
v -1.620155 1.306671 2.272201
v -1.610228 1.301909 2.268495
v -1.597342 1.318909 2.245703
v -1.605041 1.324257 2.242533
v -1.668538 1.390736 2.271960
v -1.677721 1.387371 2.282644
v -1.653034 1.395234 2.242675
v -1.660582 1.393173 2.259090
v -1.655450 1.384505 2.262503
v -1.681610 1.453408 2.266068
v -1.679407 1.436043 2.268498
v -1.669032 1.436894 2.253141
v -1.670389 1.454089 2.250645
v -1.672481 1.472565 2.248244
v -1.684243 1.472032 2.263535
v -1.695247 1.509551 2.257394
v -1.683118 1.507051 2.244340
v -1.679306 1.518682 2.249488
v -1.720071 1.651470 2.243944
v -1.715367 1.638777 2.252945
v -1.555544 1.327787 2.183346
v -1.603934 1.151809 2.276259
v -1.574720 1.143283 2.291438
v -1.581361 1.158450 2.312938
v -1.604088 1.166878 2.300224
v -1.584888 1.339679 2.147899
v -1.633015 1.395219 2.167164
v -1.626785 1.386871 2.167667
v -1.650731 1.518852 2.167622
v -1.653203 1.500856 2.160619
v -1.657404 1.564601 2.265895
v -1.658710 1.577169 2.266087
v -1.497247 1.225241 2.196469
v -1.453939 1.293422 2.344522
v -1.477325 1.287883 2.362271
v -1.458017 1.277589 2.385093
v -1.434640 1.284077 2.366669
v -1.545399 1.194196 2.358162
v -1.518785 1.186644 2.374299
v -1.512027 1.208566 2.382855
v -1.536530 1.216727 2.365556
v -1.492230 1.180938 2.392962
v -1.468015 1.174225 2.411915
v -1.463875 1.192789 2.424120
v -1.487093 1.201620 2.403326
v -1.455913 1.293210 2.298629
v -1.410038 1.255292 2.321752
v -1.428730 1.263640 2.298749
v -1.436892 1.283814 2.320686
v -1.417430 1.274874 2.342867
v -1.498586 1.159038 2.246274
v -1.588532 1.209667 2.330935
v -1.569631 1.201760 2.342928
v -1.517663 1.151934 2.350209
v -1.549201 1.155592 2.333450
v -1.540254 1.140096 2.313996
v -1.508639 1.138364 2.332732
v -1.437361 1.178042 2.288830
v -1.456128 1.180631 2.266492
v -1.440461 1.207354 2.269584
v -1.421752 1.203495 2.292948
v -1.430166 1.237014 2.282079
v -1.412410 1.229922 2.305153
v -1.373386 1.240211 2.369293
v -1.391299 1.247607 2.344802
v -1.399428 1.266023 2.366558
v -1.381720 1.256651 2.391538
v -1.375301 1.217115 2.350452
v -1.393659 1.223282 2.327393
v -1.384376 1.195153 2.339185
v -1.402829 1.199217 2.315842
v -1.398789 1.175286 2.334760
v -1.417566 1.177217 2.312382
v -1.413576 1.157343 2.335777
v -1.432992 1.157017 2.314621
v -1.450270 1.142689 2.322293
v -1.429105 1.144453 2.342398
v -1.444226 1.137652 2.354296
v -1.467932 1.135798 2.334684
v -1.465044 1.144741 2.384716
v -1.489369 1.149035 2.367920
v -1.481604 1.137835 2.350577
v -1.456841 1.137185 2.368597
v -1.399161 1.127524 2.428561
v -1.409713 1.130767 2.424084
v -1.400240 1.135578 2.409992
v -1.390612 1.133219 2.414781
v -1.380741 1.138744 2.403083
v -1.389335 1.142101 2.398672
v -1.377303 1.148286 2.388503
v -1.368780 1.145099 2.393667
v -1.349819 1.169056 2.386651
v -1.340195 1.161765 2.393671
v -1.354489 1.152895 2.389900
v -1.363359 1.157110 2.383320
v -1.336266 1.182737 2.393644
v -1.325797 1.172050 2.402028
v -1.326240 1.195322 2.408215
v -1.316149 1.180136 2.417976
v -1.324170 1.206954 2.431440
v -1.314390 1.186171 2.442060
v -1.405560 1.156475 2.464443
v -1.413777 1.144126 2.453018
v -1.403856 1.131466 2.458269
v -1.395846 1.141167 2.470912
v -1.380297 1.185559 2.486239
v -1.367168 1.160769 2.487853
v -1.349897 1.176958 2.494060
v -1.362047 1.204781 2.490367
v -1.355557 1.232509 2.393753
v -1.357600 1.211715 2.373557
v -1.366869 1.191780 2.360890
v -1.380178 1.173276 2.355318
v -1.444141 1.139092 2.400084
v -1.435245 1.135377 2.384426
v -1.441564 1.182067 2.442354
v -1.447302 1.164643 2.428963
v -1.359589 1.235910 2.461411
v -1.344876 1.233734 2.439715
v -1.364475 1.245433 2.416510
v -1.380829 1.248691 2.438207
v -1.341593 1.204715 2.393637
v -1.350597 1.188010 2.379407
v -1.363335 1.171648 2.372437
v -1.391179 1.147922 2.376703
v -1.376658 1.157598 2.371079
v -1.404033 1.141034 2.386926
v -1.425655 1.133794 2.413630
v -1.416286 1.134936 2.398257
v -1.421102 1.170128 2.455473
v -1.428657 1.154609 2.442158
v -1.328484 1.189957 2.485575
v -1.313716 1.192591 2.463813
v -1.326598 1.217511 2.456470
v -1.340350 1.217745 2.479524
v -1.321085 1.158981 2.484187
v -1.340909 1.150081 2.492194
v -1.363339 1.133733 2.393994
v -1.374951 1.128502 2.402146
v -1.348812 1.140262 2.390838
v -1.307636 1.157655 2.424308
v -1.317843 1.153903 2.403119
v -1.304057 1.159322 2.447466
v -1.307462 1.165841 2.467259
v -1.388309 1.098830 2.451342
v -1.378723 1.101939 2.464770
v -1.388070 1.124633 2.469716
v -1.395648 1.118446 2.456319
v -1.388839 1.099419 2.422099
v -1.390565 1.119118 2.428383
v -1.383299 1.123969 2.415258
v -1.384398 1.102856 2.406514
v -1.359089 1.114065 2.386419
v -1.373819 1.107822 2.393933
v -1.343181 1.120505 2.382976
v -1.310327 1.129332 2.401459
v -1.325874 1.126052 2.386893
v -1.333021 1.147681 2.393092
v -1.299330 1.129524 2.427086
v -1.292358 1.094157 2.450350
v -1.289691 1.099169 2.423781
v -1.300427 1.125854 2.454830
v -1.295145 0.992621 2.453907
v -1.291239 0.958596 2.449455
v -1.276125 0.965636 2.437344
v -1.277665 0.999359 2.440490
v -1.384806 1.071253 2.446021
v -1.373064 1.074830 2.459741
v -1.384607 1.076529 2.397894
v -1.390237 1.072367 2.414609
v -1.293652 1.071225 2.390614
v -1.312098 1.069938 2.371976
v -1.318727 1.099718 2.379278
v -1.301517 1.101233 2.397264
v -1.361316 0.979903 2.453100
v -1.367413 1.011796 2.456438
v -1.380715 1.008983 2.440809
v -1.374311 0.977294 2.438173
v -1.382975 1.046042 2.391078
v -1.378780 1.014712 2.387206
v -1.385113 1.010539 2.406184
v -1.389096 1.041719 2.409342
v -1.284330 1.005067 2.387503
v -1.300486 1.002991 2.369315
v -1.306044 1.037345 2.368075
v -1.288260 1.038937 2.387003
v -1.285873 1.063134 2.446737
v -1.280581 1.031650 2.442685
v -1.277846 1.037675 2.414818
v -1.282378 1.069139 2.418169
v -1.305113 1.055346 2.462313
v -1.299302 1.024733 2.458007
v -1.347245 0.913456 2.430421
v -1.337349 0.913566 2.441893
v -1.349564 0.947031 2.447795
v -1.361465 0.945530 2.434412
v -1.370591 0.982620 2.386035
v -1.357759 0.950427 2.387856
v -1.364524 0.947357 2.403360
v -1.378178 0.978854 2.403582
v -1.277061 0.932025 2.392770
v -1.291665 0.929503 2.377827
v -1.295568 0.966530 2.372957
v -1.280919 0.969113 2.389392
v -1.273816 0.928773 2.433889
v -1.269313 0.932113 2.413275
v -1.271398 0.969719 2.413714
v -1.287375 0.922823 2.445002
v -1.282065 0.888730 2.443327
v -1.270668 0.893216 2.433370
v -1.335817 0.881308 2.427957
v -1.325537 0.882141 2.437329
v -1.340513 0.882929 2.406780
v -1.351062 0.915193 2.405078
v -1.345565 0.917958 2.391156
v -1.336565 0.885386 2.393897
v -1.320355 0.923245 2.372130
v -1.312956 0.889949 2.376895
v -1.326967 0.887224 2.382335
v -1.335421 0.919449 2.378371
v -1.290133 0.894039 2.382120
v -1.302352 0.891431 2.376547
v -1.308062 0.924785 2.370197
v -1.275023 0.896479 2.395074
v -1.266954 0.895662 2.413535
v -1.629246 1.166528 2.276184
v -1.619145 1.164104 2.271833
v -1.616049 1.176916 2.295619
v -1.623588 1.184777 2.296068
v -1.498241 1.234950 2.391454
v -1.520787 1.243970 2.370919
v -1.455246 1.214183 2.433934
v -1.476348 1.225367 2.413391
v -1.432376 1.201336 2.452927
v -1.393692 1.169297 2.476412
v -1.410036 1.186983 2.467871
v -1.383645 1.149784 2.479591
v -1.374079 1.129594 2.478917
v -1.363503 1.105077 2.475118
v -1.351372 1.048099 2.467264
v -1.356397 1.077464 2.469834
v -1.370442 1.043600 2.458081
v -1.340698 0.983629 2.461874
v -1.347082 1.016065 2.465525
v -1.322420 0.914068 2.448795
v -1.331836 0.949258 2.455465
v -1.311628 0.882715 2.442887
v -1.578023 1.298142 2.294394
v -1.593368 1.299467 2.278974
v -1.602440 1.277503 2.295053
v -1.590942 1.273987 2.305950
v -1.637711 1.202325 2.297015
v -1.634160 1.199993 2.295856
v -1.631744 1.211128 2.298351
v -1.635393 1.212375 2.299544
v -1.339033 1.221907 2.415111
v -1.394026 1.157771 2.355262
v -1.422727 1.139079 2.371586
v -1.409289 1.145941 2.360644
v -1.397801 1.206743 2.477665
v -1.379750 1.226121 2.475668
v -1.400692 1.240794 2.454138
v -1.418683 1.222763 2.458884
v -1.311409 1.081822 2.466587
v -1.333967 1.079373 2.472965
v -1.328786 1.050690 2.467583
v -1.314937 1.108778 2.472816
v -1.337771 1.095166 2.372863
v -1.355623 1.089163 2.375879
v -1.369773 1.052974 2.376394
v -1.371801 1.083106 2.384557
v -1.352015 1.059962 2.366195
v -1.459098 1.248696 2.417019
v -1.439947 1.236591 2.438371
v -1.420856 1.253735 2.431657
v -1.439552 1.266153 2.408548
v -1.717855 1.431513 2.095663
v -1.699927 1.430359 2.101040
v -1.639591 1.543126 2.201699
v -1.643348 1.534818 2.210989
v -1.649844 1.524817 2.200248
v -1.644937 1.532291 2.187600
v -1.641843 1.542312 2.179903
v -1.637179 1.553455 2.194218
v -1.640069 1.554407 2.173201
v -1.636560 1.565635 2.187041
v -1.642740 1.617346 2.153727
v -1.639228 1.626262 2.152967
v -1.709092 1.506419 2.269062
v -1.703685 1.489102 2.272481
v -1.688742 1.490839 2.260674
v -1.649711 1.375849 2.267060
v -1.628812 1.321813 2.257165
v -1.639904 1.315664 2.274489
v -1.635285 1.297694 2.284381
v -1.645578 1.242760 2.307099
v -1.648245 1.225597 2.308839
v -1.645058 1.208313 2.303869
v -1.644581 1.198836 2.298896
v -1.776458 1.485813 2.088008
v -1.777261 1.509555 2.085651
v -1.811725 1.661920 2.105130
v -1.792685 1.664906 2.091992
v -1.790715 1.686160 2.096309
v -1.809556 1.683219 2.108746
v -1.809586 1.693088 2.110945
v -1.791454 1.695723 2.099192
v -1.808965 1.751754 2.131022
v -1.809118 1.738722 2.124578
v -1.637699 1.187995 2.289200
v -1.635968 1.181165 2.286419
v -1.630728 1.197856 2.296635
v -1.590341 1.243930 2.323415
v -1.600455 1.249805 2.314089
v -1.609546 1.226412 2.314668
v -1.600693 1.219392 2.322156
v -1.509094 1.264697 2.185184
v -1.507950 1.293623 2.206563
v -1.567348 1.145933 2.211586
v -1.475150 1.632249 2.201690
v -1.498549 1.630215 2.191927
v -1.492641 1.633150 2.182179
v -1.469700 1.636037 2.192157
v -1.777156 1.582427 2.074765
v -1.768540 1.558738 2.076995
v -1.724672 1.735430 2.147856
v -1.671994 1.743672 2.128607
v -1.680837 1.742109 2.127021
v -1.678135 1.735735 2.150532
v -1.670200 1.738109 2.152409
v -1.677797 1.695435 2.073669
v -1.690225 1.691630 2.068846
v -1.688334 1.708354 2.073779
v -1.676341 1.711422 2.078871
v -1.702704 1.207307 2.101639
v -1.726930 1.201494 2.115896
v -1.780152 1.410665 2.104356
v -1.785652 1.436172 2.101033
v -1.770073 1.435326 2.093762
v -1.764047 1.410417 2.097000
v -1.747328 1.572275 2.069333
v -1.732039 1.559175 2.072090
v -1.697509 1.575124 2.282692
v -1.684231 1.582132 2.277522
v -1.689126 1.600280 2.271630
v -1.701404 1.595452 2.277901
v -1.518096 1.652223 2.150855
v -1.514076 1.636944 2.163585
v -1.537554 1.634728 2.157167
v -1.539799 1.643981 2.146212
v -1.534274 1.196681 2.172550
v -1.520229 1.236180 2.170918
v -1.684372 1.466998 2.101908
v -1.683883 1.447825 2.105325
v -1.702913 1.449171 2.095473
v -1.703264 1.469239 2.091253
v -1.675920 1.516549 2.105975
v -1.680728 1.501969 2.104601
v -1.671005 1.529968 2.105664
v -1.622374 1.628619 2.127012
v -1.632340 1.623110 2.116244
v -1.631361 1.626146 2.112968
v -1.577501 1.268710 2.319799
v -1.618192 1.280944 2.285687
v -1.626404 1.282252 2.290381
v -1.640182 1.191833 2.290651
v -1.645271 1.190420 2.292162
v -1.740731 1.752675 2.173792
v -1.742834 1.755974 2.160333
v -1.568713 1.634787 2.171222
v -1.588625 1.637109 2.159506
v -1.644641 1.599498 2.112757
v -1.640562 1.608283 2.117172
v -1.638904 1.610857 2.127745
v -1.641651 1.602168 2.125516
v -1.649120 1.600408 2.103096
v -1.642776 1.608919 2.109325
v -1.656227 1.668833 2.198343
v -1.659378 1.686596 2.192017
v -1.666703 1.687143 2.194325
v -1.662183 1.670179 2.201801
v -1.668989 1.668737 2.204967
v -1.674875 1.686421 2.195896
v -1.683311 1.684337 2.200119
v -1.676725 1.667004 2.210465
v -1.715989 1.724185 2.169462
v -1.723023 1.718377 2.188917
v -1.733100 1.712323 2.205153
v -1.742547 1.708110 2.218200
v -1.808664 1.725380 2.119243
v -1.789037 1.728275 2.108152
v -1.791303 1.715442 2.104503
v -1.808260 1.713294 2.115596
v -1.825247 1.710709 2.125864
v -1.824629 1.723157 2.128530
v -1.741318 1.741574 2.184300
v -1.746298 1.736424 2.196970
v -1.751625 1.724452 2.208881
v -1.503880 1.713534 2.204993
v -1.524315 1.715735 2.193514
v -1.755383 1.764941 2.138449
v -1.747719 1.760649 2.148449
v -1.496843 1.712080 2.191550
v -1.517187 1.714009 2.180349
v -1.681708 1.719306 2.169675
v -1.673996 1.721394 2.169605
v -1.686239 1.733274 2.150247
v -1.741478 1.751034 2.187673
v -1.746004 1.745735 2.199415
v -1.526738 1.283689 2.173423
v -1.526080 1.306099 2.193413
v -1.652858 1.430522 2.140141
v -1.646080 1.429207 2.159810
v -1.711903 1.450654 2.288662
v -1.708304 1.432902 2.290696
v -1.692619 1.434760 2.280557
v -1.695669 1.452107 2.278372
v -1.725663 1.503030 2.278808
v -1.721331 1.485688 2.281562
v -1.756454 1.750445 2.219212
v -1.673423 1.403092 2.271188
v -1.677015 1.419354 2.270260
v -1.690467 1.417432 2.281559
v -1.687260 1.398889 2.283117
v -1.686021 1.382858 2.290484
v -1.683752 1.377943 2.294225
v -1.643295 1.281300 2.302198
v -1.650938 1.276765 2.307116
v -1.587747 1.704041 2.189518
v -1.586215 1.720348 2.180338
v -1.601196 1.725295 2.176367
v -1.601522 1.706785 2.184326
v -1.656704 1.407243 2.239541
v -1.664252 1.406062 2.256986
v -1.643986 1.615417 2.167623
v -1.645061 1.606566 2.153910
v -1.708886 1.523173 2.275062
v -1.671215 1.587790 2.270515
v -1.675999 1.603683 2.264174
v -1.661033 1.592042 2.262502
v -1.665178 1.606441 2.255859
v -1.647398 1.181495 2.284179
v -1.642907 1.183589 2.284122
v -1.573925 1.693578 2.116985
v -1.570796 1.684217 2.119292
v -1.582986 1.681126 2.112125
v -1.585825 1.691373 2.109579
v -1.595052 1.188525 2.321794
v -1.608714 1.197227 2.314889
v -1.625165 1.149243 2.253047
v -1.638841 1.154806 2.262262
v -1.655092 1.150516 2.256475
v -1.657928 1.146858 2.249973
v -1.520894 1.280074 2.351791
v -1.542299 1.288836 2.331439
v -1.499509 1.269753 2.372528
v -1.478529 1.259884 2.394968
v -1.356673 1.135389 2.485312
v -1.340401 1.109675 2.480012
v -1.323429 1.019643 2.462548
v -1.317849 0.987562 2.458368
v -1.311510 0.953753 2.453647
v -1.296418 0.884895 2.445042
v -1.304674 0.918401 2.448727
v -1.488524 1.704661 2.180600
v -1.479153 1.693751 2.173884
v -1.500435 1.693035 2.160672
v -1.509866 1.705983 2.168033
v -1.533551 1.638167 2.197970
v -1.513153 1.637880 2.207396
v -1.520176 1.646022 2.214521
v -1.540466 1.647019 2.204241
v -1.491585 1.637146 2.217355
v -1.505997 1.632264 2.199867
v -1.483253 1.632621 2.209775
v -1.466773 1.645148 2.182612
v -1.489948 1.640778 2.172002
v -1.489976 1.654121 2.163033
v -1.466883 1.656789 2.175964
v -1.472823 1.681147 2.171252
v -1.468878 1.668489 2.172256
v -1.490668 1.666126 2.159699
v -1.493664 1.679055 2.158545
v -1.509885 1.667873 2.235252
v -1.530672 1.669724 2.224071
v -1.526088 1.656958 2.221211
v -1.505365 1.655032 2.232188
v -1.581654 1.731964 2.167026
v -1.596952 1.738463 2.161282
v -1.632861 1.650216 2.162814
v -1.629796 1.653140 2.164364
v -1.625151 1.669580 2.174846
v -1.632311 1.664602 2.176705
v -1.550890 1.712078 2.195222
v -1.544428 1.718064 2.183480
v -1.564514 1.724261 2.174097
v -1.569829 1.715812 2.186306
v -1.551193 1.670317 2.211816
v -1.571021 1.670649 2.201680
v -1.567199 1.658280 2.198853
v -1.546449 1.658053 2.209941
v -1.539690 1.630723 2.165638
v -1.516342 1.631337 2.173724
v -1.602486 1.689063 2.187096
v -1.587698 1.686940 2.193825
v -1.643845 1.604621 2.170256
v -1.643957 1.593789 2.125526
v -1.645459 1.584243 2.126343
v -1.638720 1.549219 2.220770
v -1.635963 1.563673 2.225098
v -1.643860 1.561552 2.150006
v -1.644620 1.546948 2.155582
v -1.635229 1.564603 2.218803
v -1.636440 1.555274 2.213342
v -1.668170 1.490981 2.230484
v -1.747978 1.716358 2.212705
v -1.572665 1.685199 2.201744
v -1.572175 1.701158 2.197427
v -1.557969 1.639496 2.142698
v -1.558979 1.633759 2.150537
v -1.578709 1.634704 2.143289
v -1.575766 1.637606 2.138846
v -1.710516 1.595421 2.066747
v -1.701957 1.586048 2.071177
v -1.715693 1.572986 2.070624
v -1.727572 1.584079 2.066694
v -1.576601 1.711481 2.118588
v -1.589409 1.713296 2.110159
v -1.588927 1.723741 2.115358
v -1.574576 1.719561 2.124574
v -1.590408 1.734440 2.125015
v -1.592462 1.741596 2.141552
v -1.576767 1.734839 2.150034
v -1.574824 1.728492 2.134661
v -1.551431 1.282075 2.145870
v -1.566827 1.259240 2.128071
v -1.629979 1.383598 2.210015
v -1.626474 1.385533 2.189027
v -1.611157 1.335497 2.240674
v -1.623341 1.227828 2.305413
v -1.618504 1.253376 2.300663
v -1.578279 1.177569 2.330011
v -1.544379 1.297289 2.161643
v -1.520740 1.168632 2.363238
v -1.549532 1.174191 2.347252
v -1.492896 1.134350 2.314332
v -1.521874 1.134291 2.293179
v -1.498328 1.140781 2.278327
v -1.473428 1.140775 2.300241
v -1.475731 1.157285 2.269182
v -1.454095 1.156358 2.291469
v -1.399470 1.261602 2.413459
v -1.365404 1.020775 2.371485
v -1.339398 0.993118 2.362073
v -1.357032 0.987701 2.371307
v -1.346996 1.027471 2.361226
v -1.332655 1.065978 2.363936
v -1.326350 1.033355 2.359399
v -1.274022 1.004912 2.414501
v -1.345282 0.954466 2.374848
v -1.329392 0.958548 2.366931
v -1.318927 0.999151 2.361342
v -1.312092 0.962924 2.366147
v -1.616664 1.204719 2.310035
v -1.662120 1.137451 2.240211
v -1.537350 1.323133 2.219051
v -1.518110 1.316436 2.234632
v -1.603566 1.300572 2.269473
v -1.588275 1.319035 2.251877
v -1.647604 1.424072 2.200104
v -1.653460 1.422134 2.218358
v -1.652775 1.457049 2.195418
v -1.650083 1.439323 2.197380
v -1.647347 1.442380 2.177663
v -1.649965 1.459978 2.176050
v -1.656589 1.464126 2.135725
v -1.655540 1.446423 2.137494
v -1.667493 1.447005 2.119649
v -1.668453 1.465678 2.116925
v -1.680919 1.429589 2.109689
v -1.664579 1.430647 2.122803
v -1.756602 1.458152 2.087264
v -1.758601 1.482380 2.084294
v -1.740822 1.478177 2.083196
v -1.739035 1.455200 2.087211
v -1.635959 1.282797 2.296063
v -1.627015 1.210922 2.302182
v -1.559959 1.295639 2.312227
v -1.560225 1.317734 2.277503
v -1.539187 1.324588 2.257499
v -1.593089 1.643297 2.164536
v -1.669428 1.613493 2.084013
v -1.668458 1.621101 2.082602
v -1.558580 1.725542 2.159293
v -1.556342 1.719664 2.145356
v -1.588114 1.671211 2.193408
v -1.613238 1.729798 2.173266
v -1.624297 1.713465 2.181082
v -1.614297 1.710420 2.181722
v -1.592408 1.333560 2.218152
v -1.584562 1.327893 2.220022
v -1.568643 1.331784 2.199451
v -1.640641 1.163337 2.269716
v -1.651991 1.160027 2.263957
v -1.612708 1.278850 2.287211
v -1.469437 1.157156 2.399302
v -1.493262 1.163407 2.381946
v -1.448949 1.149469 2.415000
v -1.429826 1.142061 2.429512
v -1.415129 1.133512 2.440001
v -1.403708 1.125075 2.443965
v -1.392965 1.116634 2.443917
v -1.389650 1.098330 2.437852
v -1.383530 1.040654 2.443095
v -1.389865 1.070835 2.431052
v -1.388923 1.040245 2.427101
v -1.385765 1.008507 2.424358
v -1.365721 0.945665 2.418634
v -1.379431 0.976699 2.420727
v -1.351583 0.912907 2.415666
v -1.340496 0.880843 2.415641
v -1.641706 1.178466 2.280945
v -1.641953 1.170105 2.274936
v -1.690457 1.716525 2.170705
v -1.641260 1.608864 2.139604
v -1.638606 1.616943 2.140168
v -1.602897 1.671913 2.185274
v -1.672904 1.134960 2.222583
v -1.688429 1.132828 2.201390
v -1.514500 1.677049 2.148239
v -1.520749 1.692289 2.148975
v -1.586630 1.658348 2.187687
v -1.634514 1.637613 2.152814
v -1.632604 1.641597 2.155254
v -1.410490 1.749561 2.316646
v -1.407609 1.755093 2.334161
v -1.397925 1.757383 2.329194
v -1.399928 1.750752 2.311165
v -1.418122 1.743490 2.323304
v -1.414248 1.748654 2.340139
v -1.400714 1.696607 2.344863
v -1.393362 1.706672 2.360018
v -1.403540 1.712784 2.357872
v -1.410868 1.703584 2.342777
v -1.412562 1.745532 2.362111
v -1.417167 1.739965 2.345818
v -1.416102 1.730025 2.350442
v -1.410406 1.736695 2.366431
v -1.376020 1.694770 2.338634
v -1.382939 1.683222 2.324502
v -1.373849 1.688321 2.316677
v -1.367847 1.700099 2.331085
v -1.433414 1.667765 2.285718
v -1.441031 1.665729 2.275763
v -1.432456 1.655797 2.277078
v -1.424237 1.658931 2.287166
v -1.417328 1.738125 2.281799
v -1.413899 1.743724 2.299059
v -1.402633 1.743833 2.293002
v -1.405634 1.736273 2.275520
v -1.434017 1.711377 2.303227
v -1.439564 1.705323 2.286679
v -1.437405 1.692668 2.292038
v -1.431233 1.698559 2.308019
v -1.409134 1.727529 2.258476
v -1.420931 1.731134 2.263747
v -1.422255 1.723833 2.334781
v -1.428252 1.717548 2.319085
v -1.424768 1.705516 2.323662
v -1.417833 1.712922 2.339276
v -1.366497 1.717828 2.367419
v -1.370543 1.706308 2.353059
v -1.363594 1.711979 2.345729
v -1.360525 1.723610 2.360719
v -1.404527 1.729003 2.369851
v -1.410991 1.720839 2.354352
v -1.396954 1.722168 2.373001
v -1.374425 1.758005 2.343077
v -1.375489 1.749251 2.324870
v -1.386674 1.754712 2.325907
v -1.385184 1.762318 2.344103
v -1.416573 1.678746 2.314746
v -1.408444 1.687305 2.330056
v -1.418158 1.695182 2.327736
v -1.425372 1.687580 2.312153
v -1.427236 1.733047 2.289353
v -1.422636 1.738083 2.306312
v -1.376717 1.740033 2.307088
v -1.379019 1.729702 2.289035
v -1.391104 1.738008 2.289648
v -1.388490 1.746844 2.307531
v -1.373815 1.706743 2.275956
v -1.370771 1.718902 2.292236
v -1.367637 1.707106 2.298904
v -1.371918 1.694308 2.283453
v -1.414392 1.664640 2.300192
v -1.425063 1.672088 2.299060
v -1.391223 1.672225 2.309914
v -1.400708 1.661696 2.296382
v -1.389159 1.664364 2.287973
v -1.380840 1.676187 2.301953
v -1.449649 1.711492 2.251131
v -1.443663 1.714870 2.264693
v -1.435436 1.723353 2.256015
v -1.441023 1.718365 2.242448
v -1.424266 1.724748 2.247913
v -1.427830 1.718159 2.234445
v -1.429816 1.699506 2.210706
v -1.422752 1.703604 2.219679
v -1.415676 1.691489 2.215933
v -1.422315 1.688276 2.208223
v -1.380517 1.679287 2.245131
v -1.376766 1.693583 2.260023
v -1.376723 1.680324 2.268428
v -1.382277 1.665435 2.253439
v -1.396723 1.644409 2.253416
v -1.388644 1.656958 2.263769
v -1.398328 1.653215 2.275103
v -1.407238 1.644138 2.265490
v -1.444092 1.635475 2.227467
v -1.431014 1.635958 2.235740
v -1.440476 1.637142 2.243937
v -1.452138 1.637430 2.235906
v -1.459277 1.652944 2.255096
v -1.464955 1.664771 2.256151
v -1.474441 1.665240 2.251502
v -1.469514 1.652941 2.248986
v -1.468740 1.709846 2.224761
v -1.463126 1.708370 2.230338
v -1.454740 1.710637 2.216812
v -1.461664 1.709328 2.210794
v -1.385726 1.667125 2.232906
v -1.388689 1.649708 2.239888
v -1.450595 1.653552 2.261064
v -1.441370 1.654279 2.268921
v -1.448960 1.665029 2.268032
v -1.457583 1.665054 2.260795
v -1.461933 1.688586 2.253362
v -1.455277 1.688706 2.260724
v -1.455317 1.700523 2.253828
v -1.461595 1.699516 2.247264
v -1.457966 1.709780 2.236954
v -1.451845 1.711070 2.245418
v -1.443727 1.716238 2.235131
v -1.449443 1.713426 2.225617
v -1.392078 1.660561 2.225385
v -1.398989 1.655703 2.221008
v -1.403861 1.667504 2.216784
v -1.397779 1.673264 2.221341
v -1.417225 1.638166 2.258251
v -1.407223 1.638486 2.247864
v -1.448113 1.687754 2.266978
v -1.453759 1.677035 2.265048
v -1.446103 1.675985 2.272744
v -1.432819 1.713430 2.225178
v -1.437219 1.636552 2.219155
v -1.452817 1.634769 2.211192
v -1.447689 1.639004 2.202275
v -1.432234 1.640781 2.210865
v -1.460459 1.634326 2.219761
v -1.468643 1.637294 2.227973
v -1.489889 1.666469 2.244758
v -1.484778 1.654340 2.242047
v -1.492080 1.681374 2.243835
v -1.476096 1.679757 2.250294
v -1.475391 1.694225 2.244441
v -1.491720 1.696289 2.238334
v -1.484582 1.711865 2.215022
v -1.477057 1.710195 2.201602
v -1.453361 1.703773 2.202012
v -1.467981 1.703265 2.192569
v -1.450745 1.643601 2.250520
v -1.440938 1.644068 2.257616
v -1.367973 1.730047 2.309261
v -1.366663 1.740753 2.326719
v -1.361942 1.730388 2.331424
v -1.364205 1.719088 2.314877
v -1.360905 1.720460 2.338140
v -1.358661 1.731763 2.353775
v -1.427641 1.729011 2.313191
v -1.422231 1.734550 2.329578
v -1.411088 1.753901 2.356778
v -1.448296 1.699793 2.262245
v -1.444320 1.701169 2.271978
v -1.416405 1.676166 2.208748
v -1.424323 1.674466 2.202107
v -1.429541 1.686088 2.201402
v -1.393031 1.682598 2.228647
v -1.406616 1.694707 2.226051
v -1.402563 1.707622 2.239853
v -1.388890 1.694701 2.240079
v -1.407427 1.653036 2.217071
v -1.417792 1.651433 2.210882
v -1.420000 1.662617 2.205280
v -1.410972 1.664319 2.211579
v -1.473310 1.703914 2.236749
v -1.466971 1.700361 2.242235
v -1.453215 1.682714 2.184184
v -1.458673 1.693832 2.187214
v -1.445320 1.694948 2.196883
v -1.439248 1.684645 2.193903
v -1.436739 1.696723 2.203922
v -1.448985 1.671136 2.184510
v -1.434445 1.672998 2.194471
v -1.489440 1.706867 2.228129
v -1.430421 1.649740 2.202974
v -1.445789 1.647698 2.193912
v -1.446450 1.659371 2.187829
v -1.431546 1.661171 2.197191
v -1.364308 1.708706 2.322602
v -1.369067 1.696702 2.307405
v -1.419999 1.647127 2.274116
v -1.410910 1.652597 2.284055
v -1.429911 1.644400 2.265783
v -1.387910 1.693444 2.343881
v -1.381137 1.704252 2.358427
v -1.404681 1.673058 2.314681
v -1.395857 1.682967 2.328975
v -1.381763 1.718874 2.272117
v -1.411762 1.639669 2.234065
v -1.400352 1.640720 2.237225
v -1.418568 1.636691 2.243154
v -1.477847 1.644017 2.235724
v -1.461484 1.643330 2.243893
v -1.391388 1.650302 2.229590
v -1.498962 1.645102 2.225675
v -1.417659 1.709296 2.228656
v -1.445439 1.705354 2.208857
v -1.439234 1.709083 2.216674
v -1.396204 1.763964 2.346722
v -1.433135 1.723345 2.296895
v -1.442551 1.688257 2.277424
v -1.439152 1.677382 2.282409
v -1.423517 1.638554 2.227868
v -1.418730 1.642847 2.219427
v -1.407505 1.644045 2.225334
v -1.467288 1.677778 2.254531
v -1.467374 1.691521 2.248830
v -1.375707 1.715183 2.372583
v -1.460946 1.677251 2.258610
v -1.413349 1.718070 2.242298
v -1.810660 1.673115 2.107174
v -1.829701 1.660226 2.116123
v -1.828846 1.671364 2.118217
v -1.646919 1.533380 2.160981
v -1.659410 1.510446 2.203860
v -1.654111 1.513681 2.188440
v -1.643465 1.600125 2.140048
v -1.644298 1.589041 2.141506
v -1.630336 1.633803 2.147332
v -1.634891 1.627839 2.142408
v -1.640184 1.568320 2.166788
v -1.735400 1.909465 2.146712
v -1.736940 1.902331 2.145747
v -1.734907 1.921417 2.146107
v -1.691040 1.388513 2.288415
v -1.693060 1.375220 2.300332
v -1.690579 1.372895 2.302553
v -1.724321 1.893677 2.160333
v -1.727405 1.887269 2.156068
v -1.723647 1.891251 2.156399
v -1.723185 1.896719 2.162994
v -1.724341 1.894495 2.162112
v -1.728965 1.925308 2.153211
v -1.737349 1.893792 2.146858
v -1.736564 1.884208 2.148738
v -1.726084 1.913683 2.158706
v -1.752888 1.337747 2.107729
v -1.744561 1.317058 2.103437
v -1.764035 1.313569 2.115370
v -1.770694 1.335546 2.118782
v -1.780847 1.289223 2.127373
v -1.785942 1.312530 2.128956
v -1.756364 1.291290 2.113087
v -1.638038 1.293735 2.084266
v -1.651203 1.314163 2.083008
v -1.633846 1.328479 2.092256
v -1.620017 1.310342 2.092394
v -1.631870 1.353693 2.109170
v -1.618892 1.341019 2.108161
v -1.647831 1.342700 2.094843
v -1.619834 1.361789 2.128315
v -1.607010 1.349651 2.127834
v -1.612415 1.365791 2.149358
v -1.599361 1.353669 2.148945
v -1.597051 1.354356 2.170681
v -1.600741 1.353158 2.192813
v -1.601712 1.339520 2.214252
v -1.608577 1.350456 2.215333
v -1.618671 1.345261 2.235873
v -1.630938 1.338692 2.254340
v -1.641343 1.333750 2.272566
v -1.650958 1.329241 2.287632
v -1.660782 1.325425 2.300376
v -1.671796 1.322452 2.309435
v -1.666763 1.304104 2.310298
v -1.689079 1.701803 2.186921
v -1.737656 1.739038 2.098907
v -1.712141 1.742246 2.107618
v -1.724553 1.734889 2.094017
v -1.708002 1.686952 2.064368
v -1.729267 1.680679 2.063675
v -1.726760 1.695187 2.067433
v -1.704700 1.703666 2.070146
v -1.750987 1.730239 2.094189
v -1.758003 1.733732 2.099211
v -1.740779 1.724541 2.087439
v -1.759192 1.715701 2.088223
v -1.774801 1.708669 2.092134
v -1.673683 1.739086 2.106084
v -1.662917 1.741768 2.108896
v -1.665258 1.728503 2.092052
v -1.675919 1.726980 2.087836
v -1.678012 1.680274 2.072254
v -1.666850 1.684132 2.076211
v -1.666536 1.670133 2.076550
v -1.678888 1.665975 2.071810
v -1.629118 1.748920 2.123393
v -1.617799 1.748362 2.128435
v -1.617947 1.740085 2.111160
v -1.630635 1.739265 2.106024
v -1.666788 1.700382 2.078288
v -1.756470 1.589012 2.067906
v -1.737503 1.597738 2.064576
v -1.718453 1.606570 2.063698
v -1.667050 1.628974 2.080904
v -1.683112 1.614839 2.075700
v -1.683183 1.623887 2.073714
v -1.651493 1.633013 2.088677
v -1.638410 1.636189 2.095272
v -1.632290 1.715554 2.180692
v -1.630338 1.689832 2.185050
v -1.623621 1.690429 2.182209
v -1.609740 1.642748 2.116987
v -1.610899 1.639292 2.119755
v -1.622940 1.634458 2.111855
v -1.622515 1.637453 2.108596
v -1.683798 1.738467 2.103506
v -1.617728 1.727209 2.100548
v -1.616380 1.712792 2.096545
v -1.630670 1.710865 2.091501
v -1.631765 1.725316 2.095999
v -1.616460 1.699747 2.094710
v -1.614761 1.686258 2.095236
v -1.628771 1.682196 2.089836
v -1.630816 1.696825 2.089092
v -1.609172 1.647522 2.112710
v -1.623898 1.642168 2.104562
v -1.609751 1.743419 2.155589
v -1.651120 1.749051 2.136166
v -1.661375 1.746511 2.132514
v -1.661412 1.740274 2.156606
v -1.652345 1.741203 2.160207
v -1.612384 1.641881 2.153323
v -1.608630 1.637207 2.147538
v -1.604595 1.633510 2.143053
v -1.628090 1.629991 2.112812
v -1.600159 1.632996 2.138991
v -1.615242 1.671600 2.177908
v -1.613908 1.689419 2.182292
v -1.659585 1.723541 2.173974
v -1.651197 1.721854 2.176991
v -1.605577 1.745864 2.134652
v -1.604012 1.738412 2.117584
v -1.577312 1.646479 2.128844
v -1.591899 1.643455 2.125892
v -1.592538 1.646806 2.122009
v -1.643275 1.619202 2.102036
v -1.624632 1.632047 2.114187
v -1.651672 1.746094 2.112713
v -1.602340 1.712679 2.102769
v -1.602703 1.726074 2.107087
v -1.642616 1.692339 2.084278
v -1.654985 1.688025 2.080138
v -1.655509 1.702393 2.081409
v -1.643744 1.706760 2.086026
v -1.598006 1.677011 2.104576
v -1.600396 1.690048 2.101631
v -1.654240 1.674964 2.081201
v -1.641778 1.678435 2.085216
v -1.592440 1.651857 2.118386
v -1.666830 1.723512 2.171100
v -1.670334 1.705149 2.184236
v -1.663116 1.705871 2.183777
v -1.655669 1.703365 2.184965
v -1.648099 1.699464 2.186279
v -1.638732 1.693409 2.186959
v -1.678399 1.703039 2.184485
v -1.397552 1.645941 2.227743
v -1.575345 1.641810 2.133634
v -1.564220 1.650701 2.131636
v -1.560590 1.645876 2.136157
v -1.513616 1.665316 2.149521
v -1.708950 1.832402 2.282079
v -1.709682 1.827062 2.279470
v -1.711153 1.855294 2.286569
v -1.710243 1.851309 2.286658
v -1.409625 1.679147 2.214559
v -1.404174 1.682002 2.220280
v -1.384930 1.707209 2.255654
v -1.397577 1.718790 2.256188
v -1.393992 1.728848 2.272290
v -1.431797 1.728170 2.272197
v -1.438612 1.718506 2.280349
v -1.432250 1.681704 2.296499
v -1.381311 1.670859 2.277799
v -1.402532 1.772119 2.384716
v -1.401150 1.777200 2.401661
v -1.394134 1.782948 2.397063
v -1.394542 1.777018 2.380389
v -1.400694 1.782203 2.417614
v -1.402997 1.769914 2.406716
v -1.400713 1.774501 2.422659
v -1.400347 1.763522 2.410897
v -1.397091 1.768369 2.426827
v -1.391008 1.763803 2.429788
v -1.395093 1.757565 2.414294
v -1.388231 1.752428 2.416500
v -1.383675 1.759478 2.431407
v -1.385437 1.740331 2.402562
v -1.376216 1.737305 2.402905
v -1.371499 1.748302 2.416881
v -1.380106 1.749457 2.417450
v -1.354828 1.764109 2.423510
v -1.356774 1.752812 2.409740
v -1.353905 1.758759 2.404637
v -1.352567 1.769500 2.418749
v -1.358764 1.762816 2.380321
v -1.357265 1.773620 2.395258
v -1.354422 1.766265 2.399883
v -1.355540 1.754616 2.384605
v -1.355538 1.783981 2.408581
v -1.363721 1.779495 2.393498
v -1.363467 1.788814 2.406633
v -1.408565 1.759429 2.373340
v -1.403950 1.766629 2.367941
v -1.405491 1.760749 2.351315
v -1.400188 1.750353 2.398325
v -1.404590 1.757121 2.394579
v -1.408743 1.751133 2.378265
v -1.405213 1.743499 2.382280
v -1.386772 1.716723 2.374558
v -1.381213 1.726977 2.388820
v -1.391009 1.731352 2.387774
v -1.393652 1.744881 2.400916
v -1.398967 1.737075 2.385334
v -1.366982 1.737328 2.400603
v -1.363067 1.749299 2.414157
v -1.383940 1.777255 2.378317
v -1.383936 1.784521 2.394433
v -1.373404 1.782950 2.393482
v -1.373662 1.774913 2.377553
v -1.371259 1.726230 2.386714
v -1.384403 1.769943 2.361478
v -1.373978 1.766697 2.360769
v -1.364596 1.770047 2.378127
v -1.365256 1.760437 2.361942
v -1.384294 1.791557 2.409093
v -1.394521 1.788999 2.412230
v -1.395194 1.770547 2.363643
v -1.359386 1.740846 2.395894
v -1.362856 1.729223 2.381803
v -1.357849 1.735278 2.375590
v -1.355399 1.746887 2.390051
v -1.360653 1.741271 2.347772
v -1.359737 1.751996 2.364524
v -1.357196 1.743136 2.369281
v -1.352543 1.776739 2.413713
v -1.365797 1.750586 2.344775
v -1.383065 1.805822 2.488973
v -1.388780 1.806715 2.495290
v -1.387506 1.798989 2.491008
v -1.383908 1.798646 2.482824
v -1.385200 1.778350 2.489836
v -1.389191 1.780718 2.501548
v -1.396505 1.774578 2.499413
v -1.392507 1.770484 2.487751
v -1.393766 1.807712 2.499923
v -1.390767 1.799104 2.498579
v -1.397587 1.806342 2.500195
v -1.396651 1.815952 2.501845
v -1.401256 1.818532 2.498430
v -1.401838 1.826842 2.500627
v -1.401238 1.832340 2.493680
v -1.403658 1.820942 2.488053
v -1.384497 1.828490 2.471471
v -1.383300 1.837635 2.482527
v -1.373276 1.838669 2.478302
v -1.374636 1.828402 2.467845
v -1.355793 1.831451 2.473883
v -1.358807 1.822576 2.464046
v -1.366709 1.825756 2.466093
v -1.364795 1.835352 2.477029
v -1.370856 1.804306 2.482122
v -1.376468 1.804901 2.483844
v -1.377422 1.798360 2.477093
v -1.371055 1.797535 2.475319
v -1.403588 1.801817 2.505331
v -1.399893 1.801086 2.506989
v -1.402174 1.808626 2.496424
v -1.406033 1.805987 2.492138
v -1.357513 1.777725 2.464675
v -1.364461 1.776968 2.464245
v -1.367463 1.771163 2.456544
v -1.359603 1.770751 2.455792
v -1.387841 1.766740 2.467021
v -1.399427 1.769834 2.459470
v -1.396126 1.770613 2.451086
v -1.385348 1.767875 2.459047
v -1.389676 1.768095 2.477175
v -1.401973 1.771320 2.482766
v -1.401054 1.769909 2.470829
v -1.404162 1.776170 2.495582
v -1.350105 1.773361 2.451420
v -1.346522 1.777555 2.458579
v -1.390140 1.836567 2.540304
v -1.391017 1.836870 2.536874
v -1.385347 1.836139 2.536463
v -1.384631 1.835469 2.539893
v -1.344213 1.789037 2.444502
v -1.346041 1.784514 2.440582
v -1.349142 1.791214 2.435796
v -1.348839 1.795498 2.440160
v -1.341559 1.795056 2.449769
v -1.348139 1.801410 2.445775
v -1.392993 1.847987 2.543848
v -1.394179 1.849948 2.538220
v -1.395720 1.845323 2.538115
v -1.394686 1.843992 2.543261
v -1.383391 1.812131 2.495960
v -1.390178 1.813277 2.500942
v -1.387393 1.825354 2.511363
v -1.393261 1.824996 2.510268
v -1.392194 1.819453 2.506211
v -1.384235 1.819332 2.504169
v -1.366821 1.817278 2.495284
v -1.373082 1.819106 2.499614
v -1.373607 1.812476 2.491327
v -1.367034 1.810659 2.487773
v -1.355741 1.807873 2.486166
v -1.349977 1.806981 2.486742
v -1.349210 1.813034 2.491675
v -1.355463 1.814688 2.492435
v -1.360107 1.828667 2.504571
v -1.355390 1.827678 2.503271
v -1.355066 1.833799 2.508454
v -1.359574 1.834625 2.509602
v -1.347482 1.781309 2.435900
v -1.349699 1.788060 2.430567
v -1.339248 1.822369 2.470887
v -1.335208 1.829596 2.477120
v -1.329026 1.821520 2.478963
v -1.333178 1.815232 2.471620
v -1.356015 1.801225 2.438186
v -1.355612 1.797537 2.432899
v -1.388389 1.851127 2.544054
v -1.390104 1.853853 2.538393
v -1.410508 1.782353 2.491360
v -1.409378 1.779789 2.474746
v -1.406397 1.779364 2.461026
v -1.403164 1.779517 2.452084
v -1.401305 1.779273 2.445014
v -1.379680 1.823038 2.506616
v -1.377472 1.809978 2.489852
v -1.366555 1.803223 2.481068
v -1.339183 1.798731 2.480113
v -1.345757 1.799809 2.482162
v -1.347945 1.794715 2.478469
v -1.339453 1.793511 2.475295
v -1.330520 1.808717 2.476402
v -1.327914 1.814560 2.482416
v -1.331955 1.810618 2.486321
v -1.333238 1.805349 2.481836
v -1.408681 1.801264 2.504739
v -1.410503 1.801422 2.490823
v -1.342646 1.782447 2.451073
v -1.345956 1.778025 2.446338
v -1.349325 1.775256 2.440456
v -1.367282 1.787256 2.469471
v -1.371809 1.788094 2.469920
v -1.373915 1.775593 2.466343
v -1.369172 1.776437 2.464277
v -1.381834 1.789264 2.480517
v -1.384739 1.789737 2.490105
v -1.381841 1.776526 2.479569
v -1.374925 1.769994 2.457154
v -1.378149 1.768457 2.449675
v -1.369869 1.768949 2.448728
v -1.361245 1.768958 2.447486
v -1.353519 1.771389 2.444585
v -1.380649 1.765207 2.442380
v -1.372492 1.765191 2.441976
v -1.364011 1.766040 2.440484
v -1.356856 1.768030 2.437987
v -1.355095 1.790519 2.418849
v -1.355792 1.794485 2.426351
v -1.350198 1.783356 2.423879
v -1.396389 1.771454 2.439431
v -1.388420 1.768397 2.441922
v -1.386708 1.769799 2.450269
v -1.400251 1.778542 2.435033
v -1.393661 1.782770 2.508017
v -1.391249 1.789956 2.507232
v -1.393957 1.790609 2.512606
v -1.397418 1.784896 2.513966
v -1.398202 1.822471 2.504381
v -1.398123 1.827643 2.508574
v -1.400814 1.832984 2.505575
v -1.342921 1.783294 2.464962
v -1.352270 1.783813 2.470058
v -1.382485 1.827619 2.511879
v -1.395603 1.849753 2.531094
v -1.397414 1.845647 2.518042
v -1.398462 1.839649 2.519602
v -1.396937 1.844242 2.531734
v -1.379178 1.835492 2.515145
v -1.379332 1.838747 2.520530
v -1.382429 1.833336 2.521200
v -1.383030 1.830884 2.515599
v -1.349442 1.824895 2.501758
v -1.349007 1.830002 2.506418
v -1.381665 1.844647 2.495601
v -1.394658 1.837013 2.485551
v -1.393140 1.845104 2.495284
v -1.360838 1.815929 2.493294
v -1.355357 1.821324 2.498266
v -1.360254 1.822297 2.499510
v -1.377528 1.825801 2.508096
v -1.373186 1.824259 2.505013
v -1.374502 1.829697 2.509079
v -1.378929 1.829985 2.511434
v -1.332705 1.800407 2.470071
v -1.336337 1.808432 2.463611
v -1.394868 1.840272 2.537545
v -1.393651 1.839497 2.541450
v -1.350147 1.776471 2.429868
v -1.352444 1.771500 2.434805
v -1.361509 1.809060 2.486352
v -1.395482 1.826896 2.476742
v -1.361897 1.801825 2.480362
v -1.344376 1.837043 2.491063
v -1.343207 1.839401 2.498967
v -1.341228 1.833934 2.501393
v -1.340187 1.830804 2.495393
v -1.379356 1.843360 2.530160
v -1.378565 1.844112 2.536161
v -1.380924 1.838939 2.536016
v -1.381518 1.838012 2.531113
v -1.387148 1.828267 2.515195
v -1.386923 1.830817 2.521583
v -1.392037 1.831050 2.521250
v -1.392286 1.828155 2.514394
v -1.396660 1.831066 2.513134
v -1.396154 1.834661 2.520484
v -1.379563 1.849683 2.530199
v -1.380402 1.845811 2.518991
v -1.385587 1.849988 2.516676
v -1.384724 1.853755 2.530622
v -1.361246 1.815085 2.454070
v -1.350445 1.818923 2.463174
v -1.353325 1.811734 2.453372
v -1.352951 1.840059 2.482763
v -1.343924 1.833222 2.482429
v -1.347042 1.826887 2.472748
v -1.343605 1.814794 2.462630
v -1.376795 1.841917 2.508962
v -1.376635 1.846183 2.504799
v -1.383858 1.846385 2.506879
v -1.355164 1.800060 2.479963
v -1.395471 1.838973 2.531935
v -1.396113 1.798098 2.439835
v -1.397800 1.800513 2.446829
v -1.385277 1.807326 2.441673
v -1.385846 1.803136 2.435082
v -1.386048 1.835243 2.531926
v -1.391350 1.835153 2.532081
v -1.343628 1.823905 2.500826
v -1.339426 1.825435 2.501271
v -1.340292 1.830106 2.504545
v -1.344087 1.828891 2.505532
v -1.346549 1.808142 2.453327
v -1.331834 1.831614 2.484128
v -1.325891 1.822985 2.487520
v -1.355316 1.805865 2.444729
v -1.365215 1.804716 2.438210
v -1.363534 1.809076 2.445084
v -1.362909 1.843443 2.490066
v -1.368421 1.817996 2.455735
v -1.370581 1.811261 2.446219
v -1.373558 1.806568 2.438547
v -1.375001 1.803316 2.432445
v -1.365867 1.801503 2.432161
v -1.391422 1.853435 2.530538
v -1.383256 1.853323 2.537673
v -1.364683 1.794879 2.416707
v -1.366203 1.798336 2.424990
v -1.374447 1.796233 2.417746
v -1.375765 1.800041 2.425758
v -1.387534 1.812649 2.451505
v -1.378487 1.813104 2.448351
v -1.385306 1.820341 2.461300
v -1.375984 1.819909 2.457577
v -1.372466 1.847733 2.488935
v -1.377602 1.844283 2.550487
v -1.375898 1.840021 2.548979
v -1.377766 1.842070 2.541108
v -1.378568 1.846534 2.542493
v -1.378922 1.848947 2.536803
v -1.381905 1.849155 2.543547
v -1.397028 1.817571 2.467514
v -1.374966 1.835062 2.512676
v -1.401213 1.805376 2.459394
v -1.409612 1.804116 2.475265
v -1.406330 1.813643 2.478731
v -1.411469 1.790927 2.465798
v -1.406458 1.790043 2.452943
v -1.400548 1.788052 2.439265
v -1.402053 1.789291 2.445531
v -1.400271 1.785815 2.430410
v -1.413868 1.791654 2.482478
v -1.382586 1.834425 2.545102
v -1.388073 1.834548 2.545715
v -1.395692 1.795779 2.433630
v -1.395136 1.793361 2.424490
v -1.387571 1.790034 2.500228
v -1.362710 1.794919 2.474616
v -1.357372 1.792996 2.474814
v -1.349955 1.789793 2.474614
v -1.340300 1.788793 2.470581
v -1.385221 1.796658 2.419727
v -1.375418 1.758404 2.431614
v -1.367007 1.759099 2.430107
v -1.373520 1.790685 2.407434
v -1.391565 1.837527 2.547808
v -1.356286 1.840215 2.508429
v -1.357922 1.840352 2.509331
v -1.399788 1.778928 2.506669
v -1.403207 1.782690 2.513285
v -1.412232 1.790921 2.510438
v -1.412245 1.786640 2.501825
v -1.407238 1.780649 2.504312
v -1.408537 1.785119 2.512305
v -1.363415 1.786565 2.469887
v -1.358597 1.785889 2.470340
v -1.339051 1.801791 2.456096
v -1.335281 1.794159 2.462615
v -1.399154 1.836391 2.511134
v -1.397748 1.842124 2.508425
v -1.399090 1.839247 2.500987
v -1.392622 1.849637 2.515888
v -1.379472 1.842170 2.512977
v -1.376803 1.839468 2.512433
v -1.377340 1.788880 2.473453
v -1.378150 1.775701 2.471662
v -1.395043 1.796967 2.509152
v -1.393260 1.797543 2.504160
v -1.366792 1.822980 2.501564
v -1.363643 1.848461 2.501803
v -1.371256 1.850277 2.500152
v -1.367164 1.829118 2.506332
v -1.392647 1.840881 2.550264
v -1.391129 1.844835 2.552149
v -1.392575 1.846884 2.505231
v -1.349170 1.819252 2.496765
v -1.359510 1.845293 2.506041
v -1.357495 1.844299 2.499334
v -1.327352 1.816841 2.487438
v -1.386310 1.800184 2.428572
v -1.379958 1.837866 2.539783
v -1.377968 1.836648 2.546054
v -1.380984 1.846267 2.551796
v -1.386639 1.847206 2.551627
v -1.338723 1.788205 2.456385
v -1.366708 1.796284 2.474733
v -1.359848 1.760825 2.427253
v -1.412842 1.793630 2.496236
v -1.412666 1.797432 2.506957
v -1.367116 1.834077 2.510264
v -1.337426 1.832202 2.489476
v -1.354378 1.846373 2.503962
v -1.348624 1.845453 2.499628
v -1.350673 1.843035 2.491371
v -1.355658 1.843952 2.508271
v -1.384929 1.843949 2.558287
v -1.379511 1.843140 2.558211
v -1.389604 1.841839 2.558072
v -1.390993 1.838308 2.555023
v -1.389776 1.835288 2.551886
v -1.375972 1.840663 2.556824
v -1.374596 1.837401 2.554262
v -1.376593 1.834822 2.550044
v -1.374573 1.836836 2.561369
v -1.378091 1.838712 2.564504
v -1.387439 1.831808 2.567374
v -1.385079 1.832806 2.569578
v -1.385588 1.835715 2.567046
v -1.388028 1.836960 2.564305
v -1.385636 1.828040 2.570470
v -1.383806 1.829636 2.572853
v -1.381686 1.834688 2.570451
v -1.383071 1.837678 2.566919
v -1.380263 1.831237 2.574044
v -1.376659 1.831472 2.572786
v -1.377996 1.834527 2.569320
v -1.379566 1.837256 2.567000
v -1.383896 1.840204 2.564096
v -1.382937 1.825507 2.573448
v -1.378371 1.825302 2.575386
v -1.379201 1.828170 2.576671
v -1.382550 1.827510 2.575088
v -1.389478 1.834979 2.559565
v -1.387646 1.830200 2.564188
v -1.385119 1.826326 2.567736
v -1.382052 1.823941 2.570709
v -1.385768 1.828263 2.561594
v -1.383169 1.824976 2.565445
v -1.380403 1.823465 2.568033
v -1.382331 1.826828 2.559834
v -1.380376 1.824322 2.564109
v -1.388177 1.833026 2.555705
v -1.384800 1.831497 2.553319
v -1.379082 1.823598 2.566422
v -1.377476 1.824099 2.572815
v -1.375287 1.834817 2.567727
v -1.374234 1.831068 2.571082
v -1.373347 1.833201 2.565650
v -1.372959 1.830008 2.569237
v -1.376005 1.829234 2.575398
v -1.374439 1.827630 2.574073
v -1.386223 1.833046 2.549617
v -1.380590 1.832996 2.549047
v -1.379126 1.830923 2.552931
v -1.377344 1.826649 2.559084
v -1.374907 1.832262 2.554999
v -1.373448 1.834738 2.559263
v -1.372670 1.831068 2.563376
v -1.373552 1.828690 2.560738
v -1.372616 1.827765 2.566804
v -1.373646 1.826077 2.564784
v -1.376722 1.824635 2.563900
v -1.373794 1.825345 2.568965
v -1.373752 1.826367 2.571623
v -1.376895 1.823738 2.569472
v -1.376684 1.823979 2.566920
v -1.374412 1.824895 2.567048
v -1.364791 1.843945 2.540093
v -1.365995 1.846048 2.534616
v -1.361172 1.844907 2.534226
v -1.359741 1.842499 2.539260
v -1.366964 1.856916 2.542922
v -1.368580 1.860234 2.535917
v -1.370193 1.854409 2.535907
v -1.368575 1.851117 2.542446
v -1.360851 1.859457 2.541146
v -1.362221 1.863440 2.534472
v -1.371086 1.858861 2.527442
v -1.374193 1.851269 2.514146
v -1.374626 1.846074 2.516940
v -1.372327 1.853072 2.528627
v -1.356329 1.843353 2.515934
v -1.359415 1.839309 2.516636
v -1.368959 1.849322 2.535255
v -1.367456 1.846709 2.541244
v -1.354799 1.849108 2.526749
v -1.353073 1.849015 2.533539
v -1.356501 1.845569 2.533666
v -1.357821 1.845153 2.527583
v -1.365249 1.838226 2.517596
v -1.371500 1.838462 2.518538
v -1.374155 1.841820 2.518200
v -1.354156 1.854694 2.525936
v -1.356982 1.849677 2.514094
v -1.361533 1.853928 2.511661
v -1.357677 1.859888 2.525474
v -1.370991 1.848353 2.528741
v -1.362928 1.843978 2.528440
v -1.368098 1.844907 2.528851
v -1.365066 1.861511 2.525168
v -1.355107 1.859754 2.534482
v -1.350123 1.847177 2.549483
v -1.349706 1.843113 2.547764
v -1.351489 1.846000 2.539536
v -1.351438 1.850293 2.540989
v -1.352745 1.853534 2.534091
v -1.354068 1.855556 2.541396
v -1.356994 1.839086 2.546857
v -1.362158 1.840233 2.548114
v -1.365030 1.842673 2.549863
v -1.369137 1.855110 2.511168
v -1.365812 1.846380 2.551439
v -1.364331 1.851238 2.552622
v -1.354691 1.842795 2.539099
v -1.352099 1.839550 2.546783
v -1.352826 1.850987 2.550685
v -1.358960 1.853418 2.551414
v -1.356621 1.849216 2.559161
v -1.351495 1.846846 2.557041
v -1.361931 1.847473 2.559308
v -1.363844 1.843370 2.556726
v -1.363245 1.840414 2.554241
v -1.348945 1.843684 2.555983
v -1.348533 1.840468 2.553975
v -1.351080 1.837614 2.551486
v -1.347497 1.837867 2.560981
v -1.349343 1.840193 2.563810
v -1.358132 1.830158 2.570755
v -1.355970 1.831353 2.572741
v -1.356713 1.835269 2.569226
v -1.359533 1.835123 2.567671
v -1.356876 1.838559 2.567080
v -1.359613 1.840793 2.564919
v -1.352823 1.836031 2.569624
v -1.353889 1.839032 2.566470
v -1.351725 1.831729 2.573951
v -1.348442 1.830783 2.571893
v -1.349906 1.834622 2.567869
v -1.351066 1.837758 2.565548
v -1.355499 1.826329 2.573831
v -1.354947 1.828262 2.575392
v -1.354699 1.843194 2.564185
v -1.362425 1.839528 2.560597
v -1.361075 1.833623 2.564829
v -1.358707 1.828412 2.568326
v -1.355400 1.824741 2.571168
v -1.360489 1.831486 2.561815
v -1.358026 1.826828 2.565814
v -1.354780 1.824297 2.568448
v -1.357895 1.829491 2.559248
v -1.355660 1.825686 2.563896
v -1.362191 1.837560 2.557068
v -1.359540 1.835834 2.554495
v -1.354012 1.824358 2.566540
v -1.351151 1.823619 2.572752
v -1.351040 1.824882 2.575844
v -1.351049 1.827851 2.577628
v -1.348590 1.833831 2.566011
v -1.347636 1.829422 2.569999
v -1.347073 1.832568 2.564377
v -1.346678 1.828243 2.568569
v -1.347918 1.828018 2.575132
v -1.347487 1.826307 2.573816
v -1.360459 1.838422 2.552258
v -1.355792 1.837363 2.550957
v -1.354985 1.834626 2.552964
v -1.353137 1.828775 2.558184
v -1.350396 1.834765 2.553588
v -1.347950 1.835981 2.556992
v -1.347139 1.831218 2.561890
v -1.348945 1.829637 2.559234
v -1.346966 1.827240 2.566582
v -1.348473 1.826096 2.564071
v -1.351947 1.825322 2.563091
v -1.348142 1.824686 2.569143
v -1.347534 1.825067 2.571713
v -1.351315 1.823533 2.569711
v -1.351523 1.824035 2.566726
v -1.349023 1.824649 2.566758
v -1.346825 1.836761 2.530953
v -1.347193 1.839314 2.527365
v -1.343024 1.836317 2.526209
v -1.342581 1.833426 2.529413
v -1.344985 1.846330 2.534407
v -1.346544 1.851101 2.528347
v -1.348721 1.847515 2.529037
v -1.347350 1.843845 2.534407
v -1.340061 1.846316 2.533849
v -1.340422 1.852010 2.527101
v -1.348233 1.851829 2.521695
v -1.351599 1.848377 2.510988
v -1.353323 1.844717 2.513461
v -1.350438 1.847969 2.523331
v -1.348941 1.843111 2.528486
v -1.347978 1.840428 2.533171
v -1.336534 1.836825 2.519887
v -1.335185 1.835792 2.525690
v -1.338493 1.834761 2.525715
v -1.339525 1.835279 2.520486
v -1.347013 1.833053 2.511866
v -1.351099 1.835944 2.513111
v -1.352983 1.840045 2.513760
v -1.334888 1.841289 2.519232
v -1.338624 1.837641 2.508503
v -1.340324 1.843513 2.507450
v -1.336560 1.847773 2.518898
v -1.350000 1.843128 2.523344
v -1.344240 1.835571 2.521772
v -1.348265 1.838792 2.522589
v -1.342635 1.851696 2.519253
v -1.335089 1.846865 2.526271
v -1.333095 1.833413 2.539431
v -1.333616 1.830067 2.537507
v -1.334225 1.833690 2.528842
v -1.333045 1.837876 2.530748
v -1.333663 1.840531 2.525344
v -1.335113 1.842817 2.532247
v -1.341798 1.829396 2.535878
v -1.345982 1.831934 2.537475
v -1.346969 1.835295 2.540138
v -1.346118 1.848205 2.508263
v -1.339123 1.832904 2.509880
v -1.346411 1.838071 2.542197
v -1.344132 1.840355 2.543622
v -1.337801 1.832381 2.528491
v -1.336747 1.828147 2.535786
v -1.334967 1.837470 2.541399
v -1.339408 1.840626 2.543055
v -1.339591 1.835892 2.549545
v -1.335227 1.832634 2.547722
v -1.344547 1.835642 2.549670
v -1.346533 1.833649 2.547546
v -1.346910 1.831525 2.544854
v -1.334049 1.828458 2.544828
v -1.334867 1.826514 2.542997
v -1.337328 1.825942 2.540426
v -1.334735 1.824539 2.547109
v -1.336478 1.827681 2.550956
v -1.346528 1.821112 2.559412
v -1.344659 1.821441 2.560376
v -1.344270 1.824903 2.557220
v -1.346245 1.825239 2.556630
v -1.343484 1.828187 2.555530
v -1.344682 1.830433 2.554121
v -1.340589 1.825109 2.557716
v -1.340612 1.828450 2.554772
v -1.340831 1.821437 2.560871
v -1.337997 1.820137 2.557908
v -1.337869 1.823584 2.554612
v -1.337997 1.826858 2.553145
v -1.345673 1.817882 2.561949
v -1.344392 1.819065 2.562630
v -1.340389 1.831067 2.552825
v -1.347322 1.829595 2.551210
v -1.347930 1.824507 2.554402
v -1.347899 1.820063 2.557368
v -1.346500 1.816521 2.559308
v -1.348074 1.822918 2.551415
v -1.347725 1.818822 2.554583
v -1.346304 1.815911 2.556434
v -1.346894 1.821087 2.548648
v -1.346422 1.817543 2.552294
v -1.347635 1.827834 2.547959
v -1.346216 1.826097 2.544969
v -1.345542 1.815907 2.554340
v -1.342412 1.814307 2.559592
v -1.341791 1.815939 2.562574
v -1.341094 1.818295 2.563543
v -1.336164 1.822626 2.552518
v -1.336779 1.818970 2.556057
v -1.335568 1.820664 2.550125
v -1.336550 1.817488 2.553998
v -1.338386 1.817961 2.560905
v -1.338060 1.816567 2.559778
v -1.345246 1.829452 2.541971
v -1.341659 1.827438 2.540097
v -1.342935 1.824530 2.542917
v -1.343513 1.819289 2.546761
v -1.338780 1.823446 2.542392
v -1.336144 1.822849 2.544358
v -1.336658 1.819787 2.547560
v -1.339414 1.818901 2.546149
v -1.337648 1.816339 2.551823
v -1.339892 1.815835 2.550203
v -1.343571 1.816176 2.550557
v -1.339615 1.814679 2.554693
v -1.338556 1.815242 2.557156
v -1.343076 1.814276 2.556271
v -1.343327 1.814837 2.553760
v -1.340750 1.814671 2.552886
v -1.342705 1.832335 2.510782
v -1.326733 1.823613 2.516091
v -1.327611 1.825394 2.513772
v -1.324646 1.822694 2.512282
v -1.323996 1.821097 2.514223
v -1.322819 1.831321 2.519098
v -1.324305 1.835445 2.514683
v -1.327559 1.833222 2.515101
v -1.326205 1.829718 2.519372
v -1.318345 1.829854 2.517331
v -1.319105 1.833967 2.513177
v -1.327241 1.836247 2.509124
v -1.333261 1.833573 2.497330
v -1.335538 1.831275 2.500698
v -1.330233 1.833575 2.510231
v -1.326258 1.817256 2.493702
v -1.322788 1.818937 2.499669
v -1.326391 1.817817 2.501895
v -1.330317 1.815730 2.494147
v -1.328763 1.829491 2.514474
v -1.327269 1.826705 2.518024
v -1.318626 1.821731 2.507493
v -1.317719 1.820690 2.510484
v -1.321286 1.820981 2.511114
v -1.322432 1.820974 2.508607
v -1.334317 1.816161 2.496689
v -1.329892 1.819253 2.503678
v -1.333842 1.821978 2.503331
v -1.337394 1.820082 2.498833
v -1.334779 1.826232 2.503081
v -1.316741 1.825303 2.506350
v -1.321155 1.822028 2.497419
v -1.322005 1.826876 2.495210
v -1.317538 1.830735 2.506623
v -1.330181 1.829640 2.511223
v -1.326159 1.822635 2.509269
v -1.328665 1.825627 2.511263
v -1.322312 1.835613 2.506970
v -1.315769 1.828701 2.511842
v -1.313527 1.816565 2.519170
v -1.315667 1.814900 2.517658
v -1.316762 1.818418 2.512721
v -1.314211 1.820858 2.513772
v -1.315255 1.823693 2.511171
v -1.314665 1.825033 2.515685
v -1.323382 1.817357 2.518509
v -1.325801 1.819849 2.520955
v -1.326023 1.822424 2.523170
v -1.328099 1.832823 2.494254
v -1.324786 1.824599 2.525099
v -1.321620 1.825943 2.525562
v -1.320539 1.819109 2.513142
v -1.319535 1.815651 2.517467
v -1.313735 1.820499 2.521300
v -1.317304 1.824526 2.523613
v -1.316552 1.820944 2.528932
v -1.313667 1.816316 2.526205
v -1.321143 1.822351 2.529961
v -1.324189 1.821771 2.528624
v -1.325507 1.820065 2.526498
v -1.313814 1.812475 2.523181
v -1.316193 1.811650 2.521518
v -1.319478 1.813238 2.521120
v -1.314990 1.809484 2.527320
v -1.314900 1.812404 2.530783
v -1.324327 1.812116 2.539244
v -1.322641 1.812276 2.539752
v -1.321771 1.814377 2.537006
v -1.323539 1.815085 2.536425
v -1.320346 1.816469 2.534772
v -1.321281 1.818260 2.533286
v -1.318706 1.813356 2.536977
v -1.317806 1.815541 2.533823
v -1.319358 1.811049 2.540218
v -1.317461 1.807862 2.538365
v -1.316192 1.810283 2.535462
v -1.316024 1.812692 2.533387
v -1.324152 1.809387 2.541896
v -1.322699 1.810454 2.542069
v -1.317165 1.817205 2.531903
v -1.324100 1.818470 2.531553
v -1.325181 1.814845 2.535223
v -1.325992 1.811097 2.538614
v -1.325258 1.807771 2.540644
v -1.326008 1.813873 2.533168
v -1.326446 1.810117 2.536611
v -1.325543 1.807214 2.538455
v -1.325680 1.812346 2.530792
v -1.325952 1.809094 2.534574
v -1.325301 1.817398 2.529137
v -1.325090 1.815575 2.526622
v -1.325542 1.807196 2.536677
v -1.322978 1.805469 2.540575
v -1.321627 1.806685 2.542339
v -1.320025 1.808764 2.542681
v -1.315758 1.808421 2.533745
v -1.317336 1.805883 2.537157
v -1.316399 1.806993 2.531403
v -1.318469 1.804731 2.535570
v -1.318347 1.806909 2.540753
v -1.319177 1.805281 2.540202
v -1.325391 1.817676 2.523964
v -1.323008 1.815450 2.521901
v -1.323187 1.813049 2.524603
v -1.323994 1.810057 2.528928
v -1.319988 1.810446 2.524148
v -1.317006 1.809046 2.524982
v -1.318340 1.806511 2.529627
v -1.321156 1.807481 2.528523
v -1.320232 1.804640 2.534055
v -1.322365 1.805533 2.532984
v -1.324558 1.807340 2.533194
v -1.322120 1.804484 2.537143
v -1.320738 1.804329 2.538746
v -1.323892 1.805339 2.538507
v -1.324390 1.805952 2.536364
v -1.323105 1.805056 2.535775
v -1.324516 1.820166 2.492521
v -1.407478 1.804051 2.515951
v -1.402876 1.804392 2.515545
v -1.395404 1.798190 2.517529
v -1.394937 1.792134 2.519788
v -1.398550 1.787134 2.521842
v -1.403919 1.787002 2.522432
v -1.408786 1.789377 2.522231
v -1.398741 1.802418 2.516212
v -1.411456 1.801462 2.517444
v -1.411948 1.794788 2.520348
v -1.411189 1.796668 2.530443
v -1.411582 1.803042 2.527719
v -1.407226 1.790401 2.531595
v -1.401895 1.788523 2.530155
v -1.397218 1.788623 2.527745
v -1.407883 1.806447 2.524065
v -1.403420 1.806793 2.522363
v -1.398788 1.804265 2.521742
v -1.407724 1.809239 2.533174
v -1.409917 1.806509 2.540355
v -1.401036 1.796912 2.550747
v -1.405004 1.797998 2.552191
v -1.405224 1.796862 2.547940
v -1.401671 1.794844 2.546263
v -1.405714 1.797102 2.544934
v -1.404141 1.794405 2.541733
v -1.409193 1.801336 2.548550
v -1.408391 1.800900 2.544779
v -1.410185 1.806956 2.547508
v -1.409918 1.804959 2.544628
v -1.409341 1.802096 2.553185
v -1.404754 1.799899 2.555236
v -1.407315 1.803617 2.556195
v -1.401736 1.800283 2.554394
v -1.409170 1.800070 2.541300
v -1.399393 1.791065 2.537193
v -1.397567 1.793799 2.543717
v -1.397089 1.797455 2.548834
v -1.398229 1.801914 2.552310
v -1.393458 1.795687 2.540516
v -1.393983 1.800031 2.546080
v -1.396046 1.804018 2.549144
v -1.392187 1.800071 2.537519
v -1.393349 1.803547 2.543679
v -1.395071 1.791171 2.532791
v -1.393001 1.795215 2.528901
v -1.394897 1.805416 2.546813
v -1.400712 1.807117 2.553193
v -1.403893 1.805583 2.556281
v -1.408634 1.809979 2.544787
v -1.409973 1.807742 2.551426
v -1.407709 1.811112 2.549312
v -1.406036 1.811952 2.540980
v -1.404514 1.812877 2.546831
v -1.408896 1.807475 2.554688
v -1.406384 1.809903 2.553608
v -1.394114 1.793036 2.524781
v -1.394929 1.799227 2.522755
v -1.394492 1.801436 2.526725
v -1.394339 1.805376 2.535743
v -1.398343 1.807335 2.527050
v -1.403725 1.810087 2.529255
v -1.402350 1.812446 2.538024
v -1.398091 1.810286 2.535783
v -1.401023 1.812717 2.544455
v -1.398075 1.810968 2.542714
v -1.395438 1.807556 2.542650
v -1.399941 1.811049 2.548284
v -1.402828 1.811151 2.551070
v -1.398231 1.807915 2.549752
v -1.396736 1.808087 2.546778
v -1.398273 1.810277 2.546177
v -1.331259 1.813763 2.490159
v -1.336284 1.814172 2.493121
v -1.337122 1.810490 2.489076
v -1.337952 1.804643 2.485176
v -1.334577 1.800410 2.477945
v -1.344022 1.805568 2.486627
v -1.342862 1.811565 2.490985
v -1.342065 1.817547 2.496387
v -1.350424 1.802126 2.483214
v -1.702829 1.913232 2.249757
v -1.701458 1.912323 2.246302
v -1.701798 1.907042 2.242376
v -1.700961 1.907662 2.246396
v -1.701847 1.907254 2.249990
v -1.703488 1.906754 2.253857
v -1.709928 1.913838 2.256562
v -1.705891 1.913203 2.253242
v -1.717059 1.906206 2.259322
v -1.716574 1.907202 2.258533
v -1.716832 1.905737 2.259122
v -1.711292 1.907022 2.257877
v -1.715622 1.905799 2.257543
v -1.700281 1.910283 2.240216
v -1.700447 1.909415 2.238693
v -1.701027 1.911141 2.242873
v -1.707160 1.906716 2.257104
v -1.700606 1.908606 2.238719
v -1.701156 1.908016 2.240186
v -1.714044 1.911970 2.257627
v -1.701701 1.909672 2.249879
v -1.703363 1.909723 2.254203
v -1.708459 1.912153 2.257175
v -1.704226 1.912749 2.254008
v -1.711238 1.908865 2.258041
v -1.713637 1.908419 2.258063
v -1.700897 1.909638 2.246426
v -1.707448 1.909447 2.257488
v -1.702139 1.912384 2.249715
v -1.714577 1.908087 2.257549
v -1.713025 1.909768 2.256992
v -1.700962 1.909147 2.239703
v -1.701041 1.909041 2.239715
v -1.742669 1.676548 2.237790
v -1.736800 1.660886 2.245578
v -1.701187 1.911901 2.246239
v -1.701550 1.908659 2.240647
v -1.700951 1.909757 2.243656
v -1.701126 1.911254 2.243558
v -1.701434 1.909626 2.240640
v -1.554120 1.699198 2.206703
v -1.553791 1.684704 2.211841
v -1.538425 1.717926 2.169343
v -1.533386 1.709215 2.154198
v -1.667189 1.420860 2.255307
v -1.721386 1.452083 2.089953
v -1.722630 1.473475 2.085190
v -1.790577 1.462991 2.097594
v -1.774230 1.460854 2.090329
v -1.650432 1.462662 2.156064
v -1.648847 1.445042 2.157688
v -1.656785 1.454955 2.214242
v -1.655423 1.437406 2.216374
v -1.644420 1.427025 2.180840
v -1.746786 1.410199 2.092332
v -1.752880 1.433233 2.090653
v -1.735772 1.431811 2.091587
v -1.729957 1.409915 2.091704
v -1.798675 1.439361 2.112885
v -1.803929 1.465461 2.108936
v -1.656978 1.483354 2.135813
v -1.668013 1.484469 2.116563
v -1.701630 1.488600 2.091166
v -1.720577 1.493335 2.085005
v -1.758150 1.504977 2.083096
v -1.739298 1.499225 2.082705
v -1.664249 1.472600 2.231153
v -1.676835 1.490472 2.246131
v -1.651305 1.481765 2.156865
v -1.698745 1.470154 2.275661
v -1.796810 1.534915 2.087751
v -1.775674 1.532692 2.081450
v -1.683171 1.485906 2.101519
v -1.711056 1.626825 2.262843
v -1.706242 1.611379 2.271052
v -1.693493 1.615829 2.263597
v -1.698158 1.630207 2.254601
v -1.681017 1.618507 2.255802
v -1.669924 1.620405 2.247218
v -1.660778 1.621359 2.238379
v -1.645326 1.618735 2.213702
v -1.648844 1.620293 2.221452
v -1.641530 1.612920 2.197174
v -1.643135 1.616878 2.205892
v -1.640888 1.604053 2.185974
v -1.641304 1.592742 2.173985
v -1.641803 1.581140 2.160439
v -1.644642 1.594622 2.155880
v -1.638083 1.579036 2.180264
v -1.637823 1.590809 2.191822
v -1.638200 1.598893 2.202891
v -1.710792 1.567948 2.287515
v -1.709415 1.544086 2.284061
v -1.748776 1.691707 2.231366
v -1.374714 1.684097 2.292362
v -1.406018 1.765069 2.390051
v -1.792127 1.705415 2.102351
v -1.810121 1.702890 2.113429
v -1.826573 1.691302 2.121502
v -1.825788 1.701003 2.123000
v -1.712837 1.731156 2.088010
v -1.732061 1.717612 2.080313
v -1.752756 1.707978 2.081531
v -1.773219 1.700104 2.088407
v -1.653122 1.498018 2.180598
v -1.792002 1.674853 2.093538
v -1.771765 1.690210 2.083270
v -1.750345 1.697984 2.074254
v -1.726336 1.708170 2.073499
v -1.701784 1.723062 2.080753
v -1.686623 1.724924 2.083972
v -1.667598 1.713671 2.081440
v -1.656052 1.717325 2.086266
v -1.654224 1.731443 2.095670
v -1.643376 1.736520 2.100589
v -1.644904 1.722642 2.091571
v -1.560322 1.713947 2.132633
v -1.545938 1.703895 2.138382
v -1.536542 1.690739 2.139349
v -1.531951 1.676526 2.140173
v -1.531673 1.667243 2.141245
v -1.535787 1.658467 2.141398
v -1.546520 1.651235 2.139248
v -1.590500 1.639719 2.131279
v -1.610075 1.636416 2.124645
v -1.657368 1.613286 2.092267
v -1.668111 1.606698 2.085908
v -1.703651 1.563685 2.076213
v -1.691935 1.577110 2.077002
v -1.715076 1.549129 2.076508
v -1.700070 1.310209 2.085352
v -1.711703 1.328181 2.089998
v -1.694543 1.336519 2.088286
v -1.682650 1.319835 2.082887
v -1.777887 1.359658 2.120734
v -1.761152 1.360577 2.109874
v -1.631041 1.372212 2.128710
v -1.643730 1.364482 2.110547
v -1.659806 1.355435 2.098163
v -1.677287 1.345968 2.090901
v -1.622569 1.376885 2.148727
v -1.636329 1.367868 2.252418
v -1.629453 1.371170 2.232634
v -1.667466 1.359200 2.299624
v -1.654990 1.361838 2.286852
v -1.618795 1.378024 2.169753
v -1.644673 1.364917 2.271090
v -1.623745 1.373809 2.212162
v -1.619675 1.376378 2.190888
v -1.721318 1.346981 2.094824
v -1.737289 1.341789 2.099752
v -1.745753 1.362773 2.101902
v -1.802425 1.597757 2.082601
v -1.783087 1.601182 2.074822
v -1.763298 1.605570 2.067944
v -1.742885 1.625029 2.062342
v -1.721417 1.631258 2.060204
v -1.722033 1.618191 2.061736
v -1.742712 1.611289 2.063653
v -1.680052 1.642759 2.071990
v -1.666325 1.646205 2.077854
v -1.666018 1.637563 2.079618
v -1.681992 1.632783 2.072091
v -1.652796 1.640610 2.085077
v -1.639203 1.643986 2.091655
v -1.625008 1.648190 2.100529
v -1.609439 1.653821 2.108298
v -1.612928 1.673623 2.097901
v -1.627047 1.669819 2.092354
v -1.679885 1.652866 2.071058
v -1.697686 1.649457 2.064274
v -1.798299 1.624208 2.087796
v -1.814472 1.619628 2.099537
v -1.643826 1.575266 2.145092
v -1.647154 1.571556 2.128556
v -1.652508 1.570710 2.114240
v -1.660067 1.572427 2.102771
v -1.667129 1.576329 2.092512
v -1.675569 1.581798 2.084214
v -1.684158 1.588912 2.078300
v -1.676981 1.598267 2.081165
v -1.691454 1.596478 2.073828
v -1.680908 1.606028 2.078197
v -1.697205 1.605785 2.069754
v -1.700790 1.615572 2.066416
v -1.701323 1.625958 2.064360
v -1.699409 1.637315 2.063765
v -1.739733 1.638552 2.060944
v -1.718037 1.644094 2.059640
v -1.757437 1.648522 2.066459
v -1.753479 1.662001 2.066352
v -1.765075 1.620153 2.067248
v -1.761167 1.633819 2.066388
v -1.752896 1.742563 2.104564
v -1.772347 1.736910 2.105307
v -1.557528 1.662075 2.130180
v -1.548144 1.661239 2.134714
v -1.554296 1.655572 2.133684
v -1.559378 1.658166 2.130278
v -1.545831 1.668085 2.134435
v -1.557447 1.676388 2.127062
v -1.545211 1.677276 2.133881
v -1.556137 1.666969 2.130033
v -1.548885 1.688889 2.132078
v -1.559650 1.686718 2.125589
v -1.555694 1.699795 2.129815
v -1.564022 1.696520 2.123517
v -1.568397 1.703255 2.121503
v -1.564778 1.707514 2.125695
v -1.601585 1.701420 2.100827
v -1.588711 1.703437 2.108039
v -1.577070 1.703750 2.115434
v -1.593859 1.658178 2.113891
v -1.579701 1.662945 2.118842
v -1.567694 1.666179 2.124063
v -1.568955 1.674848 2.121036
v -1.581388 1.671298 2.115233
v -1.595868 1.666676 2.108914
v -1.801267 1.609106 2.084106
v -1.784449 1.615600 2.074392
v -1.653087 1.649992 2.083096
v -1.641397 1.653736 2.088491
v -1.628639 1.658345 2.094940
v -1.611955 1.662794 2.102284
v -1.641690 1.665226 2.086320
v -1.654076 1.661272 2.081540
v -1.666471 1.657143 2.076974
v -1.781819 1.628860 2.076039
v -1.817896 1.604322 2.094813
v -1.642047 1.719286 2.178704
v -1.642326 1.740192 2.163436
v -1.640543 1.750359 2.141363
v -1.640862 1.748096 2.118073
v -1.823789 1.737098 2.132943
v -1.428967 1.637179 2.251255
v -1.834000 1.555840 2.103349
v -1.836087 1.574977 2.101337
v -1.820599 1.491659 2.117632
v -1.827343 1.509821 2.109309
v -1.771593 1.386218 2.108144
v -1.786542 1.386629 2.118960
v -1.793962 1.413308 2.115962
v -1.790241 1.334202 2.130707
v -1.792824 1.358602 2.135589
v -1.805186 1.416131 2.129740
v -1.809670 1.441933 2.126310
v -1.814812 1.534085 2.096949
v -1.821752 1.593869 2.090881
v -1.834954 1.602836 2.104857
v -1.832385 1.615551 2.109847
v -1.832119 1.631675 2.111512
v -1.646314 1.593591 2.245538
v -1.649839 1.607561 2.238200
v -1.656804 1.607676 2.247047
v -1.652996 1.593616 2.254286
v -1.638621 1.592335 2.227193
v -1.641724 1.605328 2.220506
v -1.645014 1.606714 2.229166
v -1.641447 1.592984 2.236131
v -1.639600 1.603094 2.211894
v -1.636771 1.589964 2.218169
v -1.644016 1.578044 2.250395
v -1.639487 1.577912 2.241201
v -1.650347 1.577880 2.258790
v -1.635375 1.576585 2.223257
v -1.636760 1.577632 2.232180
v -1.720972 1.792634 2.255709
v -1.711020 1.797800 2.267482
v -1.708989 1.837144 2.283397
v -1.711094 1.840958 2.281805
v -1.748984 1.780337 2.235728
v -1.753168 1.770564 2.231726
v -1.711070 1.818625 2.281227
v -1.710557 1.805053 2.279175
v -1.711147 1.862599 2.290078
v -1.712117 1.859028 2.288407
v -1.710507 1.847943 2.288239
v -1.711149 1.843606 2.286447
v -1.758061 1.760270 2.227561
v -1.735611 1.788996 2.247085
v -1.767067 1.739317 2.219894
v -1.769541 1.730984 2.218255
v -1.761360 1.722620 2.214236
v -1.758033 1.713152 2.218755
v -1.713675 1.588872 2.284920
v -1.728204 1.630606 2.259949
v -1.722623 1.622533 2.271140
v -1.732341 1.644874 2.252373
v -1.752359 1.703352 2.225430
v -1.762908 1.749188 2.223423
v -1.710685 1.832323 2.283778
v -1.711818 1.826741 2.281416
v -1.712311 1.855015 2.287358
v -1.711500 1.851156 2.287657
v -1.753861 1.674659 2.245504
v -1.748822 1.658400 2.253475
v -1.717898 1.606361 2.278728
v -1.723508 1.563912 2.293364
v -1.723647 1.539200 2.290649
v -1.758800 1.689869 2.238090
v -1.726205 1.519052 2.282774
v -1.552080 1.214812 2.146639
v -1.558402 1.190134 2.153171
v -1.582079 1.183767 2.135386
v -1.574926 1.202897 2.131300
v -1.586989 1.239146 2.113892
v -1.596043 1.261602 2.104573
v -1.606659 1.286158 2.097075
v -1.597870 1.165463 2.138991
v -1.639534 1.158854 2.126064
v -1.620624 1.149629 2.144366
v -1.625282 1.270584 2.089547
v -1.614789 1.247335 2.097033
v -1.588650 1.198967 2.123591
v -1.595333 1.209296 2.116071
v -1.577241 1.221051 2.124604
v -1.615959 1.172703 2.123422
v -1.598104 1.186920 2.123925
v -1.734865 1.296214 2.100813
v -1.724864 1.275894 2.098304
v -1.748253 1.269946 2.110661
v -1.664420 1.331582 2.086121
v -1.669578 1.301852 2.080443
v -1.704014 1.135387 2.181644
v -1.611203 1.197184 2.113081
v -1.655633 1.173707 2.111866
v -1.631389 1.185412 2.110658
v -1.686420 1.239109 2.090058
v -1.664775 1.248056 2.086546
v -1.655272 1.225180 2.091869
v -1.678181 1.216679 2.094104
v -1.644899 1.258212 2.086457
v -1.656982 1.280972 2.082045
v -1.695236 1.261882 2.088519
v -1.675740 1.270853 2.083556
v -1.687764 1.291725 2.082888
v -1.634012 1.235148 2.092999
v -1.668854 1.193995 2.100965
v -1.693774 1.184729 2.108312
v -1.718020 1.179825 2.122842
v -1.741603 1.174393 2.141823
v -1.751766 1.194957 2.134077
v -1.705697 1.283233 2.089156
v -1.727592 1.322546 2.095798
v -1.717017 1.303222 2.091856
v -1.755095 1.385786 2.100444
v -1.417128 1.274146 2.390188
v -1.633888 1.173731 2.282625
v -1.627762 1.193110 2.297558
v -1.544578 1.315367 2.181993
v -1.538832 1.257999 2.153114
v -1.558016 1.237104 2.136343
v -1.616292 1.229148 2.309267
v -1.609447 1.253094 2.306192
v -1.550182 1.331185 2.213027
v -1.575778 1.320026 2.262506
v -1.623886 1.209486 2.306100
v -1.604487 1.225618 2.106548
v -1.622421 1.213479 2.102696
v -1.644570 1.202810 2.099691
v -1.681956 1.164774 2.119282
v -1.707639 1.160609 2.132387
v -1.731421 1.158554 2.151983
v -1.640009 1.267013 2.302188
v -1.648549 1.266392 2.308949
v -1.643689 1.270970 2.304798
v -1.658751 1.273267 2.312401
v -1.654953 1.263978 2.314173
v -1.646414 1.257035 2.307977
v -1.653653 1.251782 2.313015
v -1.650744 1.239016 2.311504
v -1.633170 1.353905 2.253802
v -1.624745 1.357482 2.233700
v -1.664133 1.343489 2.300583
v -1.652946 1.346702 2.287898
v -1.609236 1.366477 2.170774
v -1.642639 1.350178 2.272212
v -1.617287 1.361334 2.213336
v -1.611233 1.364476 2.192033
v -1.768787 1.241443 2.126294
v -1.774941 1.264841 2.126230
v -1.676487 1.340143 2.310277
v -1.715547 1.796498 2.271802
v -1.725549 1.792124 2.259416
v -1.743215 1.978594 2.270439
v -1.813488 1.786898 2.154571
v -1.724302 1.924313 2.284585
v -1.712401 1.840759 2.283095
v -1.709361 1.864460 2.292565
v -1.770302 1.720284 2.218122
v -1.767367 1.710103 2.222963
v -1.648920 1.172765 2.277081
v -1.762191 1.701148 2.231256
v -1.650212 1.165629 2.270951
v -1.815311 1.469286 2.122608
v -1.314395 0.854258 2.435764
v -1.324638 0.853010 2.425663
v -1.313736 0.828653 2.427473
v -1.304578 0.829549 2.438869
v -1.329368 0.855605 2.395325
v -1.332205 0.852844 2.408195
v -1.320426 0.857818 2.385224
v -1.307898 0.860281 2.380831
v -1.303515 0.833500 2.386143
v -1.315198 0.831574 2.388469
v -1.297226 0.862541 2.382712
v -1.282247 0.837787 2.391640
v -1.286890 0.864575 2.387401
v -1.273551 0.866573 2.399642
v -1.270858 0.840246 2.404170
v -1.265843 0.865788 2.417668
v -1.262230 0.840204 2.421983
v -1.267752 0.862339 2.435333
v -1.300692 0.855518 2.443492
v -1.291330 0.831215 2.449171
v -1.323333 0.829555 2.398620
v -1.323801 0.826957 2.410460
v -1.318776 0.827909 2.418796
v -1.329747 0.852376 2.418579
v -1.306639 0.802454 2.432355
v -1.301710 0.804921 2.448495
v -1.319853 0.803256 2.399753
v -1.315262 0.802101 2.411816
v -1.299730 0.807231 2.390074
v -1.313244 0.805447 2.389404
v -1.274689 0.812746 2.391705
v -1.286914 0.810147 2.390639
v -1.292286 0.835869 2.387904
v -1.264540 0.815468 2.404833
v -1.254910 0.816692 2.425234
v -1.284408 0.808697 2.456488
v -1.310639 0.801191 2.421747
v -1.133037 0.748911 2.517987
v -1.135331 0.752464 2.518729
v -1.137340 0.751965 2.522534
v -1.135915 0.747256 2.523732
v -1.147101 0.746021 2.550627
v -1.149208 0.754040 2.553217
v -1.155412 0.750769 2.557876
v -1.155210 0.741629 2.557364
v -1.137788 0.747436 2.538759
v -1.138961 0.743574 2.535763
v -1.136290 0.744196 2.531918
v -1.133755 0.748640 2.532616
v -1.142417 0.749952 2.485431
v -1.143031 0.745353 2.483845
v -1.141593 0.746055 2.479785
v -1.140874 0.749706 2.480035
v -1.136679 0.748164 2.505873
v -1.137576 0.743757 2.503783
v -1.136449 0.744600 2.500059
v -1.134758 0.748303 2.499856
v -1.165632 0.753995 2.536830
v -1.176543 0.752583 2.545361
v -1.163966 0.750889 2.552946
v -1.155405 0.755555 2.545635
v -1.168696 0.741248 2.555390
v -1.181605 0.740887 2.546617
v -1.175888 0.733956 2.540744
v -1.164627 0.736970 2.548764
v -1.165036 0.736863 2.533332
v -1.155264 0.738877 2.541112
v -1.159683 0.746442 2.530949
v -1.148293 0.749217 2.538535
v -1.148254 0.749503 2.519098
v -1.152464 0.755677 2.523498
v -1.141494 0.754624 2.529582
v -1.137519 0.750047 2.524261
v -1.157555 0.753715 2.532068
v -1.145512 0.753123 2.536069
v -1.158044 0.744393 2.533728
v -1.156349 0.739719 2.528040
v -1.145414 0.741582 2.534068
v -1.147164 0.746163 2.540353
v -1.151406 0.741957 2.521247
v -1.140915 0.742927 2.526697
v -1.147522 0.756452 2.507400
v -1.151828 0.754194 2.515901
v -1.142847 0.751913 2.520186
v -1.139229 0.753446 2.514216
v -1.143611 0.744879 2.523381
v -1.151572 0.745125 2.518151
v -1.149263 0.741472 2.512669
v -1.140886 0.741904 2.518418
v -1.144900 0.743592 2.505453
v -1.136991 0.743267 2.512643
v -1.143312 0.750856 2.503588
v -1.135180 0.749394 2.510512
v -1.144268 0.751075 2.485584
v -1.147287 0.756863 2.488844
v -1.139965 0.753613 2.495835
v -1.137916 0.748486 2.493220
v -1.149377 0.755663 2.496438
v -1.142457 0.753885 2.500968
v -1.143691 0.748924 2.504944
v -1.148515 0.749890 2.499682
v -1.147675 0.743175 2.495549
v -1.142310 0.742619 2.501578
v -1.145286 0.743873 2.487756
v -1.139063 0.743296 2.495141
v -1.150999 0.756591 2.469448
v -1.144884 0.755964 2.475223
v -1.143594 0.750561 2.473054
v -1.150507 0.750259 2.466834
v -1.151930 0.756600 2.476983
v -1.147204 0.755346 2.481493
v -1.148203 0.750294 2.484172
v -1.150991 0.751221 2.479174
v -1.151350 0.743956 2.477073
v -1.147284 0.743988 2.481731
v -1.150667 0.744868 2.470155
v -1.144666 0.744420 2.475484
v -1.173735 0.752982 2.526225
v -1.187649 0.753719 2.536876
v -1.156425 0.739287 2.552597
v -1.192191 0.740521 2.537272
v -1.151408 0.740687 2.548350
v -1.171973 0.736026 2.523336
v -1.186097 0.733551 2.531184
v -1.165275 0.744913 2.528298
v -1.136611 0.752835 2.533757
v -1.161130 0.738760 2.509251
v -1.156390 0.746624 2.515296
v -1.139067 0.752133 2.537362
v -1.164078 0.755450 2.512665
v -1.159343 0.755986 2.495178
v -1.135938 0.743898 2.520555
v -1.133909 0.744913 2.517381
v -1.154926 0.740695 2.492743
v -1.149973 0.750416 2.497888
v -1.136291 0.752140 2.500188
v -1.154412 0.741874 2.476488
v -1.150821 0.751214 2.479134
v -1.137822 0.752227 2.503545
v -1.157873 0.757700 2.477347
v -1.142926 0.752793 2.480495
v -1.157166 0.742316 2.463430
v -1.157521 0.749654 2.458802
v -1.143522 0.753380 2.483635
v -1.158273 0.757642 2.463040
v -1.278309 0.833691 2.452683
v -1.287257 0.856995 2.447540
v -1.275616 0.859188 2.444951
v -1.267605 0.835806 2.448830
v -1.262186 0.838022 2.438898
v -1.268770 0.812760 2.460016
v -1.257549 0.815496 2.453365
v -1.253587 0.814988 2.442867
v -1.259901 0.795887 2.400259
v -1.271658 0.794071 2.388456
v -1.285834 0.792180 2.388357
v -1.299408 0.789658 2.386416
v -1.313194 0.786940 2.387317
v -1.276480 0.790880 2.460606
v -1.259603 0.796778 2.467769
v -1.245982 0.801208 2.462140
v -1.241157 0.800162 2.447442
v -1.202916 0.756136 2.529193
v -1.190911 0.760167 2.517536
v -1.207363 0.768558 2.508883
v -1.216610 0.757667 2.515802
v -1.181649 0.760904 2.503819
v -1.198100 0.770058 2.494975
v -1.176071 0.760571 2.487999
v -1.192136 0.767335 2.479231
v -1.172286 0.760694 2.471246
v -1.187283 0.764689 2.463099
v -1.168608 0.759204 2.456408
v -1.182941 0.759977 2.447923
v -1.165191 0.750650 2.449230
v -1.179144 0.750914 2.439492
v -1.206721 0.740999 2.529971
v -1.220473 0.742491 2.515330
v -1.199849 0.729640 2.520223
v -1.213231 0.729827 2.506438
v -1.189242 0.730678 2.507910
v -1.203992 0.729694 2.494092
v -1.179340 0.738238 2.441813
v -1.166195 0.739106 2.453352
v -1.180826 0.733476 2.492986
v -1.196053 0.732921 2.479765
v -1.174312 0.734364 2.477804
v -1.189395 0.733177 2.465027
v -1.169823 0.735641 2.464287
v -1.183974 0.733986 2.451889
v -1.225797 0.775094 2.496710
v -1.215391 0.781349 2.484287
v -1.209535 0.777794 2.467874
v -1.205014 0.771885 2.451596
v -1.201455 0.762401 2.436968
v -1.196852 0.752356 2.427593
v -1.224898 0.781269 2.433360
v -1.221794 0.762534 2.422398
v -1.216771 0.751007 2.416338
v -1.236860 0.749262 2.404280
v -1.240935 0.761365 2.407207
v -1.273950 0.756457 2.383831
v -1.259000 0.759349 2.393819
v -1.254717 0.747394 2.390503
v -1.269993 0.743617 2.379450
v -1.243489 0.778934 2.413304
v -1.260839 0.777119 2.398688
v -1.275014 0.775704 2.389032
v -1.295209 0.739356 2.372986
v -1.298412 0.753867 2.374365
v -1.285811 0.754855 2.377990
v -1.282150 0.741336 2.373798
v -1.309922 0.735648 2.379602
v -1.314901 0.750454 2.379631
v -1.318363 0.747427 2.395334
v -1.315287 0.733265 2.394897
v -1.299606 0.772080 2.381125
v -1.287385 0.773027 2.384620
v -1.313802 0.769768 2.383581
v -1.317626 0.766754 2.397582
v -1.308698 0.746867 2.411832
v -1.308561 0.766126 2.412472
v -1.309019 0.733177 2.412050
v -1.232223 0.758392 2.498348
v -1.233926 0.744961 2.494594
v -1.225597 0.789815 2.455760
v -1.232108 0.791887 2.472443
v -1.247517 0.782529 2.479869
v -1.251307 0.760499 2.481807
v -1.249314 0.745867 2.474194
v -1.268825 0.755933 2.463219
v -1.264763 0.743946 2.457044
v -1.228686 0.735758 2.487258
v -1.244303 0.740050 2.466738
v -1.260243 0.737925 2.449786
v -1.283056 0.752615 2.447769
v -1.279948 0.740122 2.443354
v -1.292783 0.750518 2.433510
v -1.291112 0.737431 2.432154
v -1.300213 0.735222 2.422904
v -1.300126 0.748577 2.423011
v -1.295917 0.767593 2.433628
v -1.301628 0.767105 2.423256
v -1.286232 0.769177 2.447655
v -1.271298 0.773792 2.464428
v -1.196990 0.740007 2.429135
v -1.215867 0.741179 2.416906
v -1.236017 0.740677 2.405505
v -1.254157 0.736836 2.392740
v -1.269773 0.732839 2.383278
v -1.281082 0.730573 2.379345
v -1.292309 0.729064 2.378338
v -1.303468 0.727478 2.384091
v -1.307998 0.725874 2.395181
v -1.302985 0.724660 2.408657
v -1.295348 0.725138 2.418592
v -1.275573 0.732556 2.437250
v -1.286959 0.727768 2.427267
v -1.295200 0.785080 2.449711
v -1.302890 0.784225 2.434959
v -1.306588 0.783895 2.423734
v -1.317488 0.784766 2.399023
v -1.310823 0.783579 2.413270
v -1.221036 0.733233 2.476566
v -1.213150 0.734522 2.462631
v -1.206467 0.734229 2.448799
v -1.200894 0.735237 2.437352
v -1.219302 0.736336 2.423152
v -1.224745 0.734914 2.432426
v -1.231530 0.734756 2.444925
v -1.238459 0.736776 2.457599
v -1.238431 0.735489 2.411038
v -1.242958 0.733392 2.419100
v -1.249968 0.732077 2.430018
v -1.255125 0.733817 2.441133
v -1.270949 0.728014 2.428867
v -1.266941 0.727171 2.418662
v -1.260398 0.729469 2.408019
v -1.257110 0.731774 2.399902
v -1.271921 0.728741 2.391636
v -1.274652 0.726865 2.400136
v -1.280112 0.724890 2.409966
v -1.282866 0.724804 2.419142
v -1.281338 0.727196 2.388009
v -1.297611 0.725021 2.389025
v -1.289848 0.726126 2.386539
v -1.301127 0.723665 2.395746
v -1.296985 0.723176 2.404487
v -1.290559 0.723471 2.411988
v -1.292544 0.723980 2.400198
v -1.287096 0.724177 2.404657
v -1.282945 0.725882 2.396145
v -1.289281 0.725376 2.393394
v -1.296250 0.724118 2.396075
v -1.294401 0.724927 2.392580
v -1.246709 0.796443 2.425130
v -1.821503 1.752617 2.138946
v -1.827799 1.681804 2.120254
v -1.332098 1.129951 2.483181
v -1.317964 1.132458 2.478337
v -1.306912 1.140825 2.468279
v -1.567185 1.331497 2.234641
v -1.660369 1.422341 2.236105
v -1.662675 1.454255 2.231994
v -1.661940 1.437195 2.233977
v -1.554730 1.329492 2.244289
v -1.651397 1.478955 2.176970
v -1.719614 1.145115 2.164390
v -1.831158 1.646472 2.113299
v -1.654422 1.621988 2.229799
v -1.761171 1.218472 2.128949
v -1.720322 1.897966 2.164512
v -1.722370 1.895602 2.165715
v -1.723430 1.891932 2.164634
v -1.727133 1.889827 2.162319
v -1.727450 1.888133 2.160209
v -1.727533 1.886736 2.156735
v -1.724345 1.894139 2.161236
v -1.725711 1.893451 2.161375
v -1.724502 1.894838 2.163048
v -1.723640 1.895084 2.162522
v -1.744987 1.640253 2.259206
v -1.740198 1.626960 2.266882
v -1.733098 1.619304 2.278852
v -1.728561 1.603440 2.285790
v -1.710495 1.836749 2.284844
v -1.696914 1.380038 2.296839
v -1.700981 1.386106 2.291790
v -1.799271 1.388512 2.133298
v -1.686447 1.367772 2.306628
v -1.703441 1.397847 2.291553
v -1.831264 1.533439 2.106052
v -1.725037 1.584924 2.291153
v -1.680923 1.356004 2.309591
v -1.838056 1.591884 2.099283
v -1.705806 1.414799 2.291636
v -1.662056 1.287660 2.311555
v -1.716160 1.467626 2.285400
v -1.775945 1.944590 2.293945
v -1.788125 1.933304 2.292128
v -1.775848 1.925616 2.297117
v -1.763231 1.933039 2.297538
v -1.766953 1.917897 2.300509
v -1.756261 1.922181 2.299402
v -1.796315 1.921410 2.288661
v -1.784894 1.916989 2.294304
v -1.787824 1.881671 2.293023
v -1.787864 1.890675 2.291701
v -1.796050 1.887195 2.288536
v -1.795033 1.875313 2.289059
v -1.783476 1.856267 2.291782
v -1.788319 1.846052 2.284400
v -1.777450 1.840041 2.288613
v -1.772654 1.850307 2.294390
v -1.738650 1.869782 2.292451
v -1.743081 1.875213 2.293183
v -1.746886 1.868826 2.296590
v -1.742187 1.862789 2.295080
v -1.730493 1.881420 2.291073
v -1.724534 1.886298 2.292947
v -1.728482 1.891007 2.289744
v -1.734349 1.885898 2.288934
v -1.733285 1.864957 2.290500
v -1.737426 1.857955 2.292711
v -1.731410 1.872131 2.291580
v -1.735424 1.876075 2.291114
v -1.722200 1.868457 2.298411
v -1.717261 1.869847 2.300690
v -1.718704 1.875874 2.300488
v -1.724305 1.872913 2.296829
v -1.729187 1.866241 2.292425
v -1.725569 1.863941 2.292780
v -1.725230 1.866368 2.295489
v -1.728092 1.869455 2.294299
v -1.726729 1.877254 2.293243
v -1.721236 1.881366 2.296390
v -1.714718 1.884075 2.298545
v -1.711647 1.877320 2.302740
v -1.750806 1.848487 2.296693
v -1.745308 1.845712 2.295307
v -1.741445 1.851711 2.294863
v -1.746637 1.855711 2.296841
v -1.727650 1.860186 2.290508
v -1.727741 1.844358 2.293105
v -1.721828 1.846462 2.292676
v -1.722260 1.850196 2.292274
v -1.728870 1.847996 2.292807
v -1.757242 1.833571 2.292584
v -1.757257 1.825551 2.289906
v -1.749010 1.827528 2.290892
v -1.749519 1.833091 2.292645
v -1.746861 1.821388 2.288768
v -1.755346 1.818269 2.286808
v -1.745016 1.804268 2.281982
v -1.737140 1.812098 2.286785
v -1.743186 1.816324 2.287464
v -1.750984 1.810828 2.284094
v -1.725037 1.818892 2.286734
v -1.729347 1.808506 2.286361
v -1.721985 1.806117 2.284893
v -1.719270 1.818242 2.285112
v -1.729063 1.838226 2.286971
v -1.727799 1.841144 2.291891
v -1.732491 1.839373 2.291174
v -1.733138 1.837892 2.288759
v -1.737199 1.836622 2.288707
v -1.737111 1.837249 2.289687
v -1.738181 1.837633 2.290606
v -1.738272 1.836051 2.289737
v -1.735614 1.837318 2.288869
v -1.736372 1.836903 2.287819
v -1.733692 1.836764 2.288233
v -1.729108 1.836676 2.289169
v -1.714514 1.836273 2.287495
v -1.715998 1.840465 2.284943
v -1.719267 1.839935 2.285692
v -1.718308 1.836230 2.288988
v -1.736037 1.839490 2.291706
v -1.732885 1.841708 2.292424
v -1.734093 1.844758 2.292726
v -1.737914 1.841263 2.292728
v -1.740726 1.843718 2.294053
v -1.743303 1.839138 2.293448
v -1.740014 1.838342 2.292002
v -1.737299 1.834849 2.289531
v -1.740464 1.834971 2.290967
v -1.739604 1.832741 2.290349
v -1.737400 1.830507 2.289599
v -1.734682 1.833905 2.289413
v -1.730467 1.833048 2.289542
v -1.733612 1.828584 2.288808
v -1.727922 1.827196 2.288633
v -1.725068 1.832067 2.289460
v -1.737248 1.848880 2.293603
v -1.744161 1.833764 2.292058
v -1.747931 1.839963 2.294409
v -1.743453 1.829916 2.290851
v -1.741138 1.826102 2.289435
v -1.731724 1.820159 2.287656
v -1.737372 1.822620 2.288470
v -1.736490 1.800283 2.281074
v -1.727874 1.797748 2.279421
v -1.762544 1.912065 2.298679
v -1.755319 1.914564 2.296407
v -1.764155 1.904583 2.295888
v -1.760227 1.906556 2.295702
v -1.760527 1.908504 2.295702
v -1.765725 1.906206 2.296651
v -1.781372 1.893957 2.292607
v -1.781554 1.887833 2.293432
v -1.775903 1.893173 2.292735
v -1.775758 1.896900 2.292949
v -1.764997 1.887377 2.294975
v -1.763641 1.894415 2.294872
v -1.767434 1.895044 2.294103
v -1.770117 1.888118 2.294826
v -1.759508 1.894850 2.294151
v -1.759815 1.888087 2.294088
v -1.755349 1.889807 2.292225
v -1.755630 1.895908 2.292760
v -1.756117 1.909945 2.293635
v -1.755564 1.907815 2.293192
v -1.751482 1.907974 2.289552
v -1.750871 1.910209 2.289444
v -1.743937 1.902220 2.281786
v -1.741224 1.901819 2.281139
v -1.742176 1.905377 2.281433
v -1.745210 1.904149 2.282220
v -1.745061 1.900649 2.283198
v -1.742842 1.898530 2.282296
v -1.775805 1.967915 2.284354
v -1.790948 1.955788 2.285492
v -1.760599 1.953123 2.293011
v -1.801813 1.940989 2.284867
v -1.808512 1.925422 2.282498
v -1.780875 1.830015 2.282917
v -1.768189 1.826660 2.287290
v -1.766082 1.836032 2.291551
v -1.780954 1.819573 2.277846
v -1.766442 1.816743 2.282961
v -1.756693 1.799121 2.271640
v -1.762947 1.806829 2.277410
v -1.794623 1.826277 2.269685
v -1.795059 1.818344 2.261148
v -1.779318 1.809336 2.269390
v -1.807714 1.829964 2.253344
v -1.809837 1.827480 2.244529
v -1.796112 1.811162 2.249163
v -1.787086 1.780146 2.240431
v -1.800383 1.784024 2.238940
v -1.805629 1.770711 2.235663
v -1.792834 1.767497 2.237701
v -1.792922 1.835781 2.276757
v -1.804050 1.896308 2.282777
v -1.804842 1.882821 2.282105
v -1.794398 1.898292 2.288655
v -1.832577 1.949657 2.262649
v -1.834941 1.932633 2.264409
v -1.821800 1.929293 2.274655
v -1.817540 1.946696 2.274866
v -1.813567 1.987710 2.250813
v -1.825357 1.970384 2.257675
v -1.807611 1.965311 2.274011
v -1.794812 1.980631 2.270007
v -1.846311 1.931819 2.253190
v -1.847284 1.948800 2.247778
v -1.860029 1.942821 2.231528
v -1.856345 1.928005 2.240157
v -1.844385 1.969822 2.238055
v -1.860427 1.961805 2.217845
v -1.817684 1.830191 2.237248
v -1.810563 1.814255 2.237919
v -1.809636 1.800977 2.236912
v -1.796438 1.798172 2.243740
v -1.855871 1.977975 2.200615
v -1.835911 1.988390 2.226865
v -1.866319 1.898571 2.199065
v -1.861824 1.892667 2.214723
v -1.862617 1.906790 2.222638
v -1.869086 1.915610 2.205994
v -1.869003 1.904053 2.181197
v -1.872399 1.925291 2.186710
v -1.843032 1.852150 2.197318
v -1.843805 1.852489 2.183186
v -1.833092 1.839547 2.186746
v -1.832455 1.839308 2.199262
v -1.775760 1.912481 2.298965
v -1.782044 1.906201 2.295764
v -1.774549 1.904667 2.296629
v -1.769347 1.908648 2.298713
v -1.800932 1.909224 2.285213
v -1.791002 1.907826 2.290842
v -1.823035 1.913460 2.272362
v -1.834845 1.917067 2.264221
v -1.852854 1.915603 2.244008
v -1.844107 1.918665 2.254807
v -1.856008 1.887878 2.224755
v -1.856382 1.896868 2.230239
v -1.827057 1.837910 2.226157
v -1.830035 1.838998 2.211683
v -1.824004 1.821593 2.212617
v -1.820279 1.818515 2.225934
v -1.826440 1.826010 2.189426
v -1.825109 1.824170 2.200140
v -1.820505 1.789545 2.222635
v -1.824571 1.792133 2.209608
v -1.828393 1.780860 2.207476
v -1.823759 1.777369 2.218968
v -1.831582 1.782446 2.194317
v -1.825811 1.795571 2.197118
v -1.826827 1.796153 2.184856
v -1.832354 1.783044 2.181037
v -1.770579 1.762346 2.233958
v -1.780596 1.764855 2.236221
v -1.785440 1.753863 2.234464
v -1.774713 1.751954 2.231322
v -1.830076 1.765807 2.213691
v -1.836301 1.770066 2.202504
v -1.840329 1.852383 2.211004
v -1.837834 1.853685 2.222640
v -1.839743 1.771504 2.189911
v -1.822721 1.806163 2.212263
v -1.823671 1.808981 2.199793
v -1.825629 1.826133 2.177982
v -1.831738 1.839173 2.174668
v -1.739265 1.880811 2.290277
v -1.747947 1.894434 2.287501
v -1.745159 1.896449 2.284774
v -1.746728 1.899505 2.284773
v -1.749103 1.898416 2.287573
v -1.737394 1.938207 2.290289
v -1.749536 1.937474 2.295692
v -1.744516 1.924093 2.296342
v -1.732967 1.921908 2.290046
v -1.766386 1.863193 2.299032
v -1.757700 1.853903 2.298300
v -1.751768 1.861620 2.298646
v -1.756878 1.870188 2.298809
v -1.771740 1.898632 2.293323
v -1.769888 1.900490 2.294307
v -1.773054 1.900279 2.294073
v -1.754486 1.841360 2.295019
v -1.762568 1.845079 2.295527
v -1.802746 1.868349 2.280905
v -1.786214 1.899058 2.292400
v -1.798055 1.999483 2.240278
v -1.777714 1.991595 2.263661
v -1.821654 2.001005 2.213607
v -1.844865 1.991179 2.184188
v -1.870409 1.933933 2.166067
v -1.867615 1.942264 2.144681
v -1.862113 1.913468 2.140542
v -1.867744 1.908737 2.160918
v -1.841249 1.852420 2.169484
v -1.826174 1.798280 2.173277
v -1.829337 1.784131 2.170776
v -1.759992 1.975321 2.279777
v -1.745851 1.956534 2.288307
v -1.812318 1.910846 2.278737
v -1.784680 1.873843 2.294710
v -1.778450 1.867210 2.296681
v -1.774133 1.878374 2.297430
v -1.779150 1.881999 2.295540
v -1.790875 1.864537 2.289796
v -1.797269 1.855257 2.280366
v -1.804927 1.846458 2.269301
v -1.806470 1.835665 2.261393
v -1.867207 1.931886 2.216551
v -1.862399 1.920487 2.228712
v -1.867629 1.957852 2.179687
v -1.870356 1.946365 2.200295
v -1.858348 1.910992 2.234262
v -1.859297 1.968476 2.159698
v -1.722622 1.854812 2.291607
v -1.721998 1.859256 2.290762
v -1.730722 1.853555 2.292212
v -1.719706 1.831347 2.288503
v -1.722498 1.825985 2.287159
v -1.717261 1.826119 2.285275
v -1.715063 1.831439 2.286872
v -1.736685 1.792038 2.266070
v -1.746245 1.794379 2.268743
v -1.765433 1.773146 2.238325
v -1.775040 1.775482 2.239851
v -1.720777 1.868594 2.295721
v -1.722900 1.867537 2.293402
v -1.720091 1.868290 2.290986
v -1.719244 1.870130 2.296254
v -1.735383 1.838165 2.290533
v -1.716810 1.847439 2.291651
v -1.717624 1.843395 2.290323
v -1.714755 1.843546 2.288761
v -1.713853 1.847517 2.290370
v -1.773336 1.798898 2.257816
v -1.781967 1.791800 2.245620
v -1.815794 1.773921 2.229007
v -1.812047 1.786918 2.233243
v -1.819004 1.803395 2.225773
v -1.824229 1.810674 2.188843
v -1.824077 1.812515 2.176731
v -1.818900 1.813232 2.167216
v -1.820007 1.825238 2.166920
v -1.757549 1.791369 2.255125
v -1.769942 1.785430 2.245143
v -1.756448 1.782813 2.244134
v -1.746566 1.789281 2.253292
v -1.714794 1.865798 2.293939
v -1.716722 1.864549 2.292508
v -1.714503 1.862723 2.291377
v -1.712373 1.864826 2.293718
v -1.722792 1.864866 2.293151
v -1.721431 1.862694 2.291288
v -1.721166 1.864521 2.292380
v -1.722917 1.866124 2.294457
v -1.720775 1.867904 2.296608
v -1.714180 1.869575 2.297976
v -1.710894 1.869503 2.301553
v -1.717321 1.869199 2.298113
v -1.717306 1.868007 2.292612
v -1.718879 1.866739 2.292191
v -1.721458 1.867111 2.291324
v -1.722454 1.866663 2.292389
v -1.715904 1.870481 2.297415
v -1.718179 1.869636 2.296939
v -1.718311 1.890218 2.294660
v -1.758677 1.771344 2.235417
v -1.748875 1.781052 2.241393
v -1.736759 1.837080 2.288767
v -1.747112 1.915572 2.292184
v -1.766495 1.877365 2.298285
v -1.746726 1.880872 2.292391
v -1.749238 1.886474 2.291104
v -1.753872 1.882984 2.294057
v -1.751168 1.875821 2.295799
v -1.739399 1.913143 2.287198
v -1.735893 1.907918 2.283638
v -1.728833 1.910933 2.285957
v -1.735510 1.901493 2.282376
v -1.738181 1.896536 2.283136
v -1.733100 1.894433 2.285945
v -1.727438 1.901572 2.286322
v -1.769529 1.903401 2.295766
v -1.767328 1.902543 2.295415
v -1.738252 1.889550 2.286769
v -1.741729 1.892761 2.284980
v -1.745201 1.889756 2.288071
v -1.742473 1.885256 2.289128
v -1.759476 1.879586 2.296808
v -1.778954 1.899802 2.293790
v -1.773938 1.890086 2.293771
v -1.829968 1.848351 2.233593
v -1.838125 1.858045 2.231928
v -1.820508 1.842274 2.249588
v -1.820207 1.844383 2.245276
v -1.816395 1.839254 2.243709
v -1.814427 1.838467 2.248130
v -1.845476 1.890883 2.243112
v -1.843042 1.891915 2.246494
v -1.844820 1.897270 2.247600
v -1.849041 1.895288 2.241246
v -1.839915 1.894654 2.252478
v -1.838416 1.893103 2.254187
v -1.835867 1.890294 2.256276
v -1.838745 1.896703 2.254404
v -1.832735 1.894098 2.258894
v -1.832595 1.904309 2.262728
v -1.841979 1.907380 2.255216
v -1.815400 1.893563 2.273371
v -1.824249 1.900538 2.267607
v -1.826253 1.889352 2.261221
v -1.821558 1.881545 2.264098
v -1.814450 1.848307 2.259200
v -1.813939 1.841435 2.254110
v -1.822335 1.842126 2.238581
v -1.863058 1.885358 2.179234
v -1.861160 1.881845 2.196594
v -1.857427 1.878835 2.210801
v -1.852303 1.876663 2.222325
v -1.861940 1.889094 2.160577
v -1.853240 1.892258 2.142827
v -1.812887 1.876900 2.273602
v -1.818353 1.870481 2.264712
v -1.853618 1.865786 2.196037
v -1.854427 1.868206 2.180041
v -1.850263 1.864382 2.210056
v -1.846767 1.864940 2.221844
v -1.852625 1.871444 2.163413
v -1.844085 1.871302 2.149244
v -1.834255 1.852320 2.157946
v -1.823636 1.848336 2.253890
v -1.823076 1.843182 2.253078
v -1.820330 1.843259 2.251802
v -1.819527 1.847960 2.253738
v -1.816055 1.858770 2.262503
v -1.809991 1.861848 2.271005
v -1.722484 1.895944 2.291195
v -1.715922 1.805277 2.282442
v -1.714893 1.818343 2.283183
v -1.717349 1.855496 2.290695
v -1.717180 1.851388 2.291119
v -1.714332 1.851078 2.289856
v -1.714606 1.855239 2.289588
v -1.745324 1.909044 2.284537
v -1.826177 1.839425 2.163408
v -1.819985 1.799866 2.164864
v -1.822779 1.785589 2.161732
v -1.838453 1.771894 2.177588
v -1.833089 1.772028 2.167447
v -1.714408 1.859147 2.290103
v -1.717337 1.859294 2.290794
v -1.715661 1.869045 2.293528
v -1.722158 1.842781 2.291648
v -1.718724 1.864326 2.292293
v -1.717679 1.862148 2.291490
v -1.712308 1.862507 2.290629
v -1.713054 1.858981 2.289189
v -1.751432 1.892301 2.289960
v -1.752160 1.897303 2.290367
v -1.713400 1.868048 2.295665
v -1.710943 1.866636 2.297192
v -1.797976 1.756339 2.235512
v -1.810914 1.758935 2.232359
v -1.712874 1.843540 2.287585
v -1.712114 1.847629 2.289314
v -1.825453 1.874397 2.258771
v -1.828789 1.881866 2.257670
v -1.832132 1.875837 2.254243
v -1.829218 1.869329 2.255105
v -1.763092 1.761234 2.231278
v -1.821926 1.762181 2.224155
v -1.825422 1.773182 2.158699
v -1.770220 1.895998 2.293245
v -1.771749 1.897066 2.293106
v -1.747709 1.906603 2.285086
v -1.723653 1.836464 2.289500
v -1.724001 1.839160 2.286480
v -1.739686 1.788702 2.250673
v -1.710393 1.864471 2.293314
v -1.836701 1.883342 2.250295
v -1.834380 1.879337 2.248335
v -1.835551 1.878945 2.252396
v -1.836212 1.882714 2.253401
v -1.836063 1.885398 2.256778
v -1.838144 1.888958 2.257483
v -1.839135 1.885618 2.256280
v -1.837260 1.882571 2.254894
v -1.832680 1.887051 2.256756
v -1.833755 1.881599 2.255757
v -1.841459 1.890880 2.257171
v -1.841569 1.888119 2.256771
v -1.840881 1.892377 2.249994
v -1.839386 1.893845 2.253632
v -1.844140 1.894403 2.250367
v -1.847159 1.891305 2.255537
v -1.850409 1.892700 2.246547
v -1.852944 1.889752 2.252285
v -1.854184 1.887289 2.242718
v -1.857793 1.885737 2.248156
v -1.820108 1.855576 2.256574
v -1.824893 1.855566 2.253222
v -1.854799 1.880456 2.240634
v -1.859411 1.879532 2.245559
v -1.853819 1.872472 2.239673
v -1.858593 1.871818 2.244128
v -1.851984 1.864128 2.240015
v -1.855640 1.863812 2.244008
v -1.848042 1.856613 2.241209
v -1.851148 1.857007 2.245106
v -1.841872 1.849131 2.243915
v -1.845152 1.851344 2.246952
v -1.852996 1.884337 2.245389
v -1.849985 1.888235 2.248716
v -1.845296 1.886578 2.240660
v -1.846138 1.889460 2.253890
v -1.839845 1.873197 2.243358
v -1.837385 1.871620 2.244024
v -1.836221 1.872740 2.244673
v -1.837476 1.874537 2.244162
v -1.830711 1.866196 2.252241
v -1.828745 1.861547 2.252994
v -1.826691 1.861901 2.255489
v -1.827462 1.856284 2.251294
v -1.826962 1.861819 2.250596
v -1.825805 1.859385 2.250819
v -1.827454 1.865591 2.249101
v -1.828788 1.857127 2.250144
v -1.829204 1.856540 2.252263
v -1.827436 1.858169 2.246849
v -1.826266 1.858506 2.247185
v -1.825604 1.860693 2.245573
v -1.827200 1.864787 2.244239
v -1.822565 1.865000 2.258687
v -1.832159 1.852738 2.239404
v -1.838315 1.860656 2.237952
v -1.838895 1.846581 2.249143
v -1.835181 1.842623 2.246846
v -1.825635 1.841426 2.252005
v -1.829495 1.840111 2.249691
v -1.845024 1.880621 2.239870
v -1.844567 1.874246 2.239194
v -1.825591 1.847059 2.243562
v -1.841911 1.867955 2.237808
v -1.843960 1.855237 2.247468
v -1.838548 1.852768 2.248804
v -1.848631 1.859404 2.245588
v -1.829058 1.853106 2.252970
v -1.833730 1.852026 2.251366
v -1.832877 1.845762 2.251247
v -1.827691 1.846849 2.252810
v -1.837729 1.856316 2.250156
v -1.842581 1.858311 2.249583
v -1.835670 1.858307 2.246916
v -1.840616 1.859760 2.246214
v -1.831679 1.857494 2.248838
v -1.833388 1.855925 2.251561
v -1.833409 1.859275 2.244827
v -1.836874 1.864653 2.243633
v -1.828701 1.858377 2.246316
v -1.844162 1.863422 2.246430
v -1.840303 1.868289 2.242775
v -1.844205 1.870449 2.247092
v -1.845911 1.867610 2.247923
v -1.846709 1.861321 2.248678
v -1.849180 1.865743 2.247468
v -1.851653 1.865067 2.244348
v -1.850463 1.871444 2.246460
v -1.853203 1.872070 2.243672
v -1.847641 1.871658 2.248529
v -1.844858 1.872971 2.248197
v -1.854111 1.878745 2.243714
v -1.850607 1.876985 2.246082
v -1.850452 1.881840 2.247380
v -1.848179 1.876009 2.248173
v -1.847227 1.879740 2.248882
v -1.845686 1.875576 2.248892
v -1.843978 1.877696 2.249069
v -1.840136 1.887140 2.254411
v -1.837739 1.885275 2.254392
v -1.843904 1.887349 2.251213
v -1.841306 1.884380 2.250517
v -1.839998 1.886187 2.250765
v -1.837267 1.884907 2.250409
v -1.838338 1.881975 2.250190
v -1.838690 1.878551 2.249483
v -1.783798 1.731806 2.228877
v -1.776194 1.731142 2.223674
v -1.772752 1.740118 2.224397
v -1.780035 1.741293 2.229263
v -1.844479 1.882203 2.250240
v -1.841012 1.879776 2.249908
v -1.847954 1.885406 2.249556
v -1.841468 1.874876 2.247289
v -1.840967 1.876789 2.248785
v -1.842519 1.875275 2.248483
v -1.842870 1.874112 2.247685
v -1.831541 1.871224 2.250910
v -1.829950 1.869318 2.247689
v -1.832877 1.866579 2.246238
v -1.816632 1.719504 2.233577
v -1.813899 1.726882 2.229536
v -1.831096 1.730202 2.226201
v -1.835309 1.723949 2.230105
v -1.814078 1.705356 2.251819
v -1.837699 1.713382 2.249375
v -1.824498 1.695865 2.265224
v -1.809782 1.688875 2.262845
v -1.816117 1.678690 2.278559
v -1.804265 1.672697 2.274634
v -1.797000 1.629981 2.308786
v -1.784182 1.628842 2.303635
v -1.790339 1.643713 2.295305
v -1.802852 1.645621 2.300100
v -1.800357 1.551433 2.338125
v -1.797709 1.532828 2.331478
v -1.785100 1.537062 2.331534
v -1.789707 1.553432 2.337892
v -1.846454 1.664557 2.307115
v -1.847119 1.685545 2.301810
v -1.852000 1.677203 2.307888
v -1.852660 1.654528 2.309168
v -1.878400 1.735051 2.222521
v -1.858981 1.727277 2.235331
v -1.855937 1.726602 2.228853
v -1.872612 1.736134 2.218253
v -1.849406 1.567248 2.321161
v -1.843383 1.553863 2.324079
v -1.835754 1.563614 2.329427
v -1.840289 1.576463 2.326334
v -1.827445 1.480345 2.299752
v -1.826389 1.460864 2.299813
v -1.808251 1.460535 2.303827
v -1.810201 1.479331 2.302591
v -1.881930 1.501693 2.273356
v -1.895354 1.501528 2.256997
v -1.893908 1.485516 2.253174
v -1.881009 1.485116 2.270119
v -1.819136 1.631203 2.314291
v -1.808934 1.630909 2.312274
v -1.814428 1.647456 2.303550
v -1.823698 1.649081 2.306161
v -1.872907 1.709537 2.442506
v -1.867134 1.694922 2.446261
v -1.867216 1.694611 2.422474
v -1.872572 1.709104 2.419102
v -1.859725 1.384294 2.275862
v -1.869649 1.384121 2.258569
v -1.866863 1.365446 2.260731
v -1.856671 1.367036 2.278062
v -1.877195 1.737739 2.312985
v -1.875688 1.741333 2.301393
v -1.895583 1.751777 2.292374
v -1.896081 1.749758 2.304618
v -1.850245 1.621742 2.312324
v -1.841672 1.628747 2.314090
v -1.844262 1.646359 2.310358
v -1.852565 1.636760 2.310097
v -1.904098 1.532891 2.263936
v -1.893389 1.532788 2.278471
v -1.898506 1.550100 2.278414
v -1.907998 1.550161 2.265219
v -1.888573 1.516444 2.276830
v -1.900467 1.516575 2.261181
v -1.834910 1.630833 2.314944
v -1.827728 1.631208 2.314908
v -1.831406 1.650512 2.307895
v -1.837602 1.651013 2.309762
v -1.795486 1.517991 2.320694
v -1.780378 1.523422 2.320728
v -1.842350 1.368495 2.293155
v -1.824906 1.369698 2.304393
v -1.828415 1.385405 2.302303
v -1.845700 1.384918 2.291334
v -1.794500 1.496114 2.301177
v -1.794724 1.507526 2.307638
v -1.809047 1.506511 2.308170
v -1.809770 1.496008 2.300790
v -1.806020 1.371454 2.311237
v -1.786438 1.373061 2.314578
v -1.790273 1.387722 2.310714
v -1.809368 1.386202 2.308341
v -1.809118 1.662015 2.289984
v -1.797282 1.658242 2.285780
v -1.819968 1.551183 2.334795
v -1.819687 1.533392 2.328940
v -1.809497 1.532079 2.330452
v -1.810752 1.550795 2.337026
v -1.873050 1.623229 2.299836
v -1.861361 1.639804 2.307103
v -1.860432 1.662312 2.311449
v -1.873697 1.637018 2.303506
v -1.867322 1.349900 2.264062
v -1.856919 1.352229 2.282121
v -1.803138 1.358769 2.315282
v -1.783080 1.360770 2.318732
v -1.909284 1.628831 2.301682
v -1.914361 1.619396 2.290785
v -1.906419 1.620573 2.293758
v -1.902004 1.630734 2.302804
v -1.758173 1.556676 2.322538
v -1.769147 1.565366 2.330356
v -1.774264 1.548144 2.331473
v -1.766302 1.536064 2.321378
v -1.820782 1.518220 2.319628
v -1.822811 1.507830 2.308612
v -1.808937 1.516980 2.320308
v -1.748789 1.547508 2.310948
v -1.759188 1.522510 2.305814
v -1.784109 1.653909 2.280612
v -1.777366 1.641043 2.289465
v -1.790006 1.668078 2.270942
v -1.775327 1.663781 2.266078
v -1.779251 1.678814 2.256759
v -1.794138 1.682956 2.260520
v -1.781476 1.693966 2.248663
v -1.796572 1.698423 2.251163
v -1.798835 1.716565 2.233935
v -1.797840 1.724340 2.229574
v -1.861238 1.624193 2.306466
v -1.859886 1.611045 2.308373
v -1.823280 1.356055 2.308404
v -1.935402 1.665051 2.192290
v -1.934847 1.651465 2.187900
v -1.939155 1.656499 2.208532
v -1.939404 1.670269 2.209885
v -1.883327 1.737060 2.227609
v -1.863605 1.730231 2.241706
v -1.932529 1.626083 2.275121
v -1.933538 1.621500 2.257156
v -1.931803 1.614987 2.254088
v -1.930030 1.620389 2.273509
v -1.918187 1.630638 2.303625
v -1.918286 1.637023 2.327930
v -1.921826 1.639441 2.329411
v -1.920779 1.634134 2.306774
v -1.873437 1.364982 2.241286
v -1.875333 1.384984 2.238896
v -1.908682 1.518334 2.201962
v -1.907163 1.510568 2.220868
v -1.912575 1.527007 2.226898
v -1.914427 1.535670 2.209090
v -1.848732 1.647642 2.123845
v -1.848643 1.633841 2.121485
v -1.867856 1.637097 2.130300
v -1.868319 1.650226 2.132420
v -1.910780 1.668690 2.158483
v -1.909953 1.680236 2.160466
v -1.890659 1.675688 2.146413
v -1.890819 1.664365 2.144402
v -1.925345 1.659914 2.172781
v -1.923737 1.646971 2.168789
v -1.914426 1.553436 2.252062
v -1.911123 1.536706 2.248122
v -1.922251 1.578941 2.257342
v -1.915303 1.577723 2.268442
v -1.917664 1.586831 2.271250
v -1.924289 1.588223 2.261311
v -1.868178 1.740521 2.213188
v -1.879255 1.744273 2.197978
v -1.887223 1.740198 2.204204
v -1.870996 1.721865 2.154536
v -1.873700 1.714909 2.152235
v -1.883792 1.719227 2.161889
v -1.877351 1.726191 2.162621
v -1.869529 1.577385 2.124027
v -1.852294 1.574809 2.111318
v -1.850281 1.554820 2.113665
v -1.867792 1.556518 2.126761
v -1.927765 1.599906 2.258758
v -1.925576 1.607997 2.270570
v -1.927486 1.611778 2.268687
v -1.929180 1.603961 2.254073
v -1.929374 1.596585 2.243839
v -1.928520 1.588122 2.236955
v -1.926585 1.582691 2.246773
v -1.927836 1.591703 2.251214
v -1.917794 1.552210 2.217161
v -1.915712 1.543582 2.232641
v -1.918686 1.559652 2.238532
v -1.921659 1.566688 2.225636
v -1.837053 1.486933 2.123036
v -1.851830 1.483763 2.131361
v -1.857073 1.507453 2.128932
v -1.842363 1.508745 2.118253
v -1.887037 1.651906 2.324729
v -1.879246 1.660969 2.327138
v -1.876350 1.663401 2.342079
v -1.885106 1.653973 2.343103
v -1.936054 1.652352 2.337757
v -1.938189 1.657375 2.349873
v -1.939958 1.662251 2.347891
v -1.938536 1.657580 2.335725
v -1.890302 1.646786 2.367628
v -1.882571 1.653934 2.363262
v -1.880280 1.654649 2.386670
v -1.888631 1.646103 2.390432
v -1.908251 1.735848 2.219822
v -1.887996 1.739176 2.233228
v -1.902455 1.737128 2.214320
v -1.906340 1.637350 2.348290
v -1.904872 1.636762 2.370871
v -1.912405 1.635723 2.370420
v -1.912384 1.636159 2.348760
v -1.885914 1.720351 2.439274
v -1.885227 1.719944 2.415943
v -1.896268 1.640134 2.417782
v -1.906589 1.636978 2.419019
v -1.903702 1.636623 2.396661
v -1.896063 1.638839 2.394619
v -1.900705 1.499618 2.195022
v -1.901524 1.492514 2.214225
v -1.871787 1.363882 2.202061
v -1.874659 1.363956 2.221130
v -1.876096 1.385804 2.217369
v -1.873474 1.387731 2.198306
v -1.872100 1.346603 2.243634
v -1.868497 1.343709 2.205979
v -1.872288 1.345444 2.224741
v -1.860700 1.754094 2.194856
v -1.859834 1.755546 2.179487
v -1.869321 1.748025 2.179241
v -1.869917 1.748808 2.194575
v -1.869761 1.230012 2.282263
v -1.859684 1.202856 2.288075
v -1.854728 1.214527 2.310402
v -1.861126 1.240921 2.304920
v -1.852480 1.739067 2.152808
v -1.862422 1.744315 2.165462
v -1.853195 1.753051 2.166779
v -1.843335 1.749699 2.156174
v -1.865847 1.264606 2.298483
v -1.875778 1.256296 2.276222
v -1.848917 1.749183 2.209090
v -1.860447 1.744491 2.210073
v -1.845886 1.736275 2.220743
v -1.837163 1.742879 2.218591
v -1.823593 1.739044 2.225863
v -1.843738 1.226273 2.332180
v -1.848073 1.248741 2.323569
v -1.849156 1.762828 2.186300
v -1.845046 1.762852 2.173580
v -1.837924 1.761034 2.161933
v -1.829108 1.761373 2.152268
v -1.873769 1.328438 2.248437
v -1.868067 1.332833 2.269399
v -1.782373 1.094005 2.262858
v -1.762035 1.092516 2.242832
v -1.744833 1.086454 2.263171
v -1.769332 1.087697 2.284299
v -1.710950 1.115199 2.206550
v -1.693605 1.117178 2.229514
v -1.719314 1.097353 2.244771
v -1.736575 1.099585 2.225019
v -1.788362 1.210927 2.144584
v -1.812650 1.205042 2.159065
v -1.818103 1.228443 2.158907
v -1.795172 1.233965 2.143527
v -1.868903 1.322607 2.209729
v -1.873280 1.325389 2.229071
v -1.856463 1.337528 2.287655
v -1.782303 1.147673 2.413034
v -1.793800 1.122598 2.388026
v -1.772606 1.103401 2.405895
v -1.763456 1.127323 2.430530
v -1.757918 1.071442 2.347201
v -1.776384 1.085865 2.327403
v -1.754702 1.078572 2.302773
v -1.738575 1.067276 2.322187
v -1.762604 1.363425 2.321229
v -1.778887 1.348697 2.323189
v -1.758041 1.351622 2.325465
v -1.709194 1.371619 2.311775
v -1.726828 1.368471 2.318619
v -1.719691 1.358501 2.322379
v -1.702265 1.362291 2.316045
v -1.682979 1.281133 2.323403
v -1.671043 1.284474 2.317619
v -1.677897 1.300939 2.316630
v -1.692910 1.297299 2.321788
v -1.829543 1.257423 2.340950
v -1.808448 1.266271 2.348332
v -1.809466 1.281629 2.338648
v -1.831309 1.275217 2.330051
v -1.680254 1.123755 2.252553
v -1.702757 1.099036 2.263892
v -1.747827 1.152598 2.446732
v -1.766296 1.173015 2.424313
v -1.723169 1.174896 2.452363
v -1.698050 1.189178 2.441558
v -1.714505 1.206313 2.420271
v -1.741709 1.194162 2.428479
v -1.657388 1.214037 2.314662
v -1.671751 1.235428 2.324240
v -1.676155 1.226193 2.329648
v -1.660328 1.206338 2.317243
v -1.744742 1.132057 2.172647
v -1.729650 1.120997 2.186700
v -1.753417 1.107028 2.205377
v -1.770213 1.121725 2.187351
v -1.860263 1.342412 2.190435
v -1.860310 1.320163 2.192505
v -1.850638 1.343130 2.176762
v -1.865425 1.365969 2.185660
v -1.856140 1.368168 2.171348
v -1.889081 1.517090 2.158492
v -1.896624 1.507495 2.176364
v -1.905971 1.526577 2.182707
v -1.899515 1.538017 2.164724
v -1.888112 1.640863 2.139898
v -1.889435 1.653460 2.141970
v -1.713796 1.074045 2.297307
v -1.686671 1.100722 2.278569
v -1.678437 1.077250 2.305748
v -1.703380 1.060514 2.320836
v -1.740985 1.057823 2.366730
v -1.750708 1.068346 2.392657
v -1.770925 1.084462 2.376809
v -1.751973 1.086635 2.425333
v -1.744208 1.110152 2.450902
v -1.705382 1.156801 2.471716
v -1.680419 1.170815 2.459846
v -1.644416 1.176193 2.370625
v -1.656719 1.185829 2.394618
v -1.643249 1.167702 2.408906
v -1.633051 1.158642 2.382040
v -1.719036 1.271147 2.339374
v -1.755469 1.273059 2.343954
v -1.753401 1.259640 2.353795
v -1.723415 1.255869 2.348568
v -1.718427 1.380176 2.309288
v -1.732343 1.378978 2.313936
v -1.743661 1.365845 2.321232
v -1.747946 1.377477 2.316633
v -1.766634 1.375314 2.316455
v -1.746225 1.446505 2.306650
v -1.765409 1.444229 2.309202
v -1.759644 1.426848 2.310404
v -1.741076 1.429066 2.308112
v -1.751991 1.465283 2.304477
v -1.771371 1.463284 2.307559
v -1.761352 1.504378 2.296730
v -1.778458 1.511791 2.306889
v -1.777851 1.499373 2.300264
v -1.770378 1.649240 2.274462
v -1.764602 1.636456 2.282715
v -1.826312 1.238269 2.352043
v -1.661270 1.124354 2.288495
v -1.646529 1.138570 2.303396
v -1.639897 1.117152 2.317508
v -1.655340 1.098545 2.306015
v -1.850275 1.270309 2.316473
v -1.841293 1.354203 2.297678
v -1.840149 1.341142 2.302541
v -1.861532 1.506021 2.290351
v -1.863643 1.485738 2.284302
v -1.780419 1.570602 2.334916
v -1.780825 1.557757 2.335739
v -1.793263 1.101178 2.355039
v -1.687673 1.138734 2.488430
v -1.669039 1.121218 2.504744
v -1.643697 1.133388 2.492677
v -1.662977 1.152014 2.476796
v -1.618805 1.126358 2.377194
v -1.621498 1.138198 2.397538
v -1.609845 1.117175 2.414684
v -1.609578 1.103353 2.394269
v -1.597587 1.083943 2.414869
v -1.595407 1.096686 2.433847
v -1.579772 1.076827 2.451649
v -1.583903 1.064405 2.433013
v -1.727938 1.134721 2.468045
v -1.705754 1.077845 2.484628
v -1.691563 1.099833 2.501639
v -1.709667 1.117026 2.484940
v -1.724323 1.094044 2.467263
v -1.724699 1.054653 2.343540
v -1.628909 1.146692 2.358249
v -1.637631 1.163845 2.347775
v -1.621589 1.073824 2.366768
v -1.635635 1.055668 2.358816
v -1.644853 1.075194 2.332788
v -1.629835 1.095219 2.342905
v -1.706480 1.032206 2.410492
v -1.713233 1.042348 2.435163
v -1.732038 1.055591 2.416853
v -1.723319 1.044993 2.391250
v -1.731664 1.073033 2.443446
v -1.713034 1.057890 2.460508
v -1.667691 1.046261 2.519311
v -1.650683 1.066625 2.533179
v -1.672071 1.083334 2.518125
v -1.687167 1.061680 2.502290
v -1.677787 1.027770 2.496689
v -1.695644 1.042580 2.478462
v -1.696199 1.028744 2.453428
v -1.678949 1.015706 2.472319
v -1.673027 1.008760 2.449520
v -1.689292 1.020514 2.430132
v -1.677497 1.016081 2.408995
v -1.662863 1.005111 2.429662
v -1.662474 1.018241 2.393220
v -1.643468 1.026637 2.384098
v -1.632692 1.013957 2.406270
v -1.649893 1.006875 2.415408
v -1.601534 1.037085 2.408097
v -1.615975 1.024190 2.403728
v -1.626061 1.039125 2.382430
v -1.612185 1.054755 2.389216
v -1.565705 0.979835 2.464178
v -1.582209 0.977050 2.467823
v -1.587312 0.986821 2.458052
v -1.570436 0.991255 2.455346
v -1.597791 0.974153 2.471908
v -1.612118 0.969775 2.478776
v -1.616690 0.979562 2.471918
v -1.601943 0.983324 2.465041
v -1.633705 0.977093 2.501143
v -1.628397 0.976881 2.483693
v -1.622832 0.966197 2.490335
v -1.626743 0.964849 2.506794
v -1.629472 0.963740 2.525129
v -1.637788 0.978482 2.520679
v -1.620589 0.967097 2.543219
v -1.631731 0.984600 2.539356
v -1.616335 0.995602 2.557060
v -1.603104 0.974401 2.558031
v -1.542965 1.012554 2.488503
v -1.533673 0.993716 2.492990
v -1.539545 0.990397 2.476797
v -1.547137 1.007477 2.471584
v -1.546376 1.020878 2.531263
v -1.554510 1.025495 2.556413
v -1.543778 0.996417 2.553874
v -1.537977 0.993254 2.530051
v -1.660407 1.013941 2.513658
v -1.648372 1.030679 2.535506
v -1.657762 0.997658 2.469197
v -1.662754 1.003209 2.491142
v -1.590258 1.020128 2.425713
v -1.605520 1.009350 2.423748
v -1.564981 1.055517 2.467468
v -1.569896 1.044707 2.448800
v -1.588554 1.044255 2.564274
v -1.607101 1.065004 2.547950
v -1.629364 1.049525 2.548242
v -1.610750 1.030495 2.564048
v -1.644642 0.999677 2.528750
v -1.648942 0.990854 2.507894
v -1.644863 0.987107 2.486899
v -1.637886 0.985372 2.469251
v -1.625800 0.987618 2.456897
v -1.611739 0.992119 2.447717
v -1.596501 0.996938 2.441220
v -1.579436 1.004756 2.441548
v -1.557736 1.025407 2.461802
v -1.553529 1.033773 2.480612
v -1.563045 0.992223 2.570961
v -1.573349 1.020634 2.574722
v -1.596909 1.008948 2.573256
v -1.587209 0.982336 2.572253
v -1.555067 0.963817 2.562660
v -1.538171 0.970082 2.547964
v -1.594090 0.959629 2.472209
v -1.606725 0.955916 2.478619
v -1.616867 0.951462 2.489579
v -1.623698 0.944932 2.523826
v -1.609493 0.945188 2.542012
v -1.592222 0.947726 2.556551
v -1.576691 0.957858 2.566932
v -1.535024 0.950826 2.473069
v -1.537148 0.972635 2.478033
v -1.530328 0.974995 2.492457
v -1.527900 0.950185 2.487833
v -1.559761 0.946465 2.459445
v -1.575727 0.944068 2.456699
v -1.578851 0.963174 2.469851
v -1.564056 0.965200 2.468524
v -1.591881 0.940185 2.460229
v -1.605347 0.935187 2.469209
v -1.616091 0.930644 2.481180
v -1.617164 0.920759 2.516635
v -1.623535 0.948017 2.505085
v -1.622232 0.925172 2.497405
v -1.599317 0.918368 2.538025
v -1.567885 0.890127 2.540493
v -1.574658 0.920798 2.548965
v -1.593293 0.888350 2.530583
v -1.518971 0.812974 2.497546
v -1.540184 0.805818 2.505845
v -1.528398 0.777710 2.489855
v -1.509816 0.783144 2.482246
v -1.522762 0.923652 2.478752
v -1.529451 0.925259 2.462402
v -1.554265 0.923920 2.444359
v -1.571800 0.921387 2.441188
v -1.607520 0.863582 2.499564
v -1.612224 0.892771 2.509641
v -1.619237 0.898713 2.487154
v -1.615228 0.870036 2.475679
v -1.490105 0.840444 2.444897
v -1.496875 0.843234 2.426654
v -1.507714 0.872145 2.437432
v -1.499629 0.869469 2.455492
v -1.563820 0.895381 2.426610
v -1.544937 0.898233 2.430281
v -1.535242 0.870526 2.418020
v -1.554215 0.867142 2.413773
v -1.584996 0.804798 2.474236
v -1.599027 0.834112 2.487326
v -1.607353 0.839823 2.464200
v -1.593554 0.808965 2.452875
v -1.559981 0.861797 2.530451
v -1.588092 0.859885 2.520862
v -1.578631 0.832074 2.508732
v -1.551607 0.833104 2.518999
v -1.536704 0.869419 2.522681
v -1.528755 0.841288 2.510926
v -1.484072 0.775455 2.412844
v -1.489617 0.810052 2.419471
v -1.484214 0.806747 2.435868
v -1.478593 0.772148 2.425857
v -1.543708 0.836765 2.403725
v -1.524658 0.840923 2.406435
v -1.515200 0.808062 2.400491
v -1.532320 0.804015 2.398696
v -1.550761 0.743448 2.450038
v -1.568448 0.774732 2.462656
v -1.576176 0.777756 2.442740
v -1.557204 0.747085 2.431038
v -1.516238 0.746870 2.473092
v -1.551138 0.774907 2.482222
v -1.536161 0.743191 2.466526
v -1.502770 0.717045 2.458818
v -1.488202 0.722422 2.454264
v -1.499600 0.752173 2.467088
v -1.473973 0.739582 2.416717
v -1.476987 0.742697 2.404327
v -1.491743 0.742774 2.392172
v -1.505841 0.740272 2.389220
v -1.519929 0.771380 2.395332
v -1.504494 0.774615 2.397352
v -1.547818 0.757784 2.405123
v -1.535180 0.765330 2.398149
v -1.520181 0.734749 2.391473
v -1.531541 0.727466 2.397937
v -1.538173 0.719775 2.421571
v -1.555938 0.751816 2.416699
v -1.537045 0.722912 2.406087
v -1.533749 0.715175 2.438127
v -1.520686 0.713751 2.453324
v -1.658943 1.154250 2.280237
v -1.651291 1.166528 2.299681
v -1.650402 1.155433 2.300407
v -1.664046 1.144112 2.282270
v -1.613816 1.128219 2.441926
v -1.629424 1.148516 2.424451
v -1.580283 1.087300 2.475497
v -1.596604 1.108371 2.460026
v -1.565390 1.064667 2.490183
v -1.553444 1.039924 2.502756
v -1.542711 1.015694 2.509136
v -1.533998 0.993727 2.510257
v -1.529747 0.971247 2.509154
v -1.525957 0.944990 2.505106
v -1.512957 0.891077 2.487154
v -1.512290 0.896775 2.467480
v -1.521626 0.917748 2.497005
v -1.492607 0.833326 2.465334
v -1.502092 0.863262 2.476521
v -1.485864 0.799827 2.452557
v -1.479793 0.765533 2.440249
v -1.475430 0.733904 2.430627
v -1.703722 1.221374 2.387433
v -1.681083 1.213714 2.371358
v -1.690343 1.224545 2.360579
v -1.714825 1.233086 2.371942
v -1.650432 1.193529 2.300692
v -1.652059 1.203038 2.308667
v -1.654280 1.196396 2.309601
v -1.651936 1.188713 2.301621
v -1.630989 1.014127 2.549095
v -1.649258 0.994367 2.450987
v -1.636433 0.996726 2.437718
v -1.621239 1.002143 2.429231
v -1.556492 1.047733 2.527378
v -1.571020 1.072091 2.514700
v -1.585390 1.073569 2.535608
v -1.567924 1.051694 2.549711
v -1.542157 0.894739 2.529923
v -1.522331 0.880098 2.505076
v -1.527966 0.906778 2.515697
v -1.547165 0.919057 2.540992
v -1.604435 0.911291 2.455395
v -1.615509 0.905196 2.468784
v -1.583682 0.890637 2.430378
v -1.600866 0.884459 2.440614
v -1.588910 0.917516 2.445443
v -1.605424 1.115047 2.486655
v -1.623714 1.114541 2.507193
v -1.603606 1.094744 2.520994
v -1.587475 1.094536 2.500057
v -1.878283 1.409097 2.214191
v -1.875555 1.412540 2.196161
v -1.843123 1.530388 2.316929
v -1.850668 1.519507 2.305313
v -1.837249 1.511629 2.307763
v -1.832175 1.522314 2.318438
v -1.859875 1.530673 2.304577
v -1.851281 1.541520 2.315745
v -1.858050 1.555076 2.313804
v -1.867073 1.544128 2.303789
v -1.884114 1.613967 2.294996
v -1.885400 1.624493 2.297707
v -1.757606 1.484931 2.300810
v -1.738888 1.485976 2.293416
v -1.743391 1.504008 2.289650
v -1.738123 1.354678 2.325596
v -1.732423 1.290927 2.332957
v -1.697485 1.277337 2.330338
v -1.710688 1.295097 2.327573
v -1.656168 1.237200 2.316677
v -1.865083 1.479411 2.143123
v -1.870381 1.503677 2.142028
v -1.869295 1.662291 2.135814
v -1.848485 1.660520 2.126296
v -1.867521 1.683038 2.138463
v -1.864932 1.692895 2.139366
v -1.844923 1.691138 2.130825
v -1.846624 1.681345 2.129712
v -1.833437 1.750777 2.147511
v -1.837515 1.737540 2.142278
v -1.651290 1.179945 2.291140
v -1.652133 1.183506 2.302561
v -1.652627 1.172718 2.287600
v -1.654893 1.191251 2.362307
v -1.645573 1.179431 2.342213
v -1.652850 1.190824 2.337281
v -1.664348 1.202184 2.354358
v -1.798941 1.169718 2.395863
v -1.813141 1.146380 2.372318
v -1.728209 1.083245 2.281246
v -1.908160 1.642116 2.468848
v -1.919168 1.645412 2.469799
v -1.918787 1.640714 2.444610
v -1.907704 1.638379 2.443813
v -1.888312 1.579025 2.138081
v -1.888690 1.554554 2.145576
v -1.852258 1.731079 2.223032
v -1.893786 1.743015 2.248156
v -1.873050 1.739462 2.260746
v -1.871202 1.736423 2.253188
v -1.891392 1.741082 2.239884
v -1.940177 1.689879 2.223361
v -1.936552 1.706243 2.223938
v -1.934915 1.702489 2.212862
v -1.938597 1.685312 2.210923
v -1.779570 1.188390 2.146882
v -1.804693 1.181620 2.160488
v -1.836073 1.404531 2.142854
v -1.849849 1.398865 2.153256
v -1.854548 1.425966 2.148537
v -1.841100 1.431751 2.138094
v -1.906350 1.568065 2.160609
v -1.910132 1.553946 2.174490
v -1.746441 1.572389 2.310914
v -1.748780 1.592817 2.305548
v -1.760715 1.596632 2.313201
v -1.757597 1.578071 2.319595
v -1.938130 1.656288 2.405251
v -1.933224 1.647424 2.383661
v -1.922966 1.638854 2.392375
v -1.927551 1.642470 2.415562
v -1.815771 1.124682 2.335045
v -1.794779 1.098866 2.308522
v -1.893032 1.448347 2.230927
v -1.893860 1.452704 2.209043
v -1.885800 1.430301 2.211208
v -1.885113 1.426634 2.232476
v -1.902624 1.504299 2.239108
v -1.899731 1.489044 2.234867
v -1.908165 1.520088 2.243371
v -1.923929 1.623582 2.286996
v -1.920463 1.620401 2.287745
v -1.914462 1.628351 2.302167
v -1.669447 1.201103 2.382494
v -1.698028 1.243995 2.341882
v -1.692390 1.254263 2.335391
v -1.649776 1.186548 2.293407
v -1.828652 1.751249 2.220564
v -1.816667 1.748152 2.228312
v -1.900116 1.641340 2.346910
v -1.897762 1.640552 2.369817
v -1.918188 1.595536 2.274381
v -1.908824 1.598194 2.283345
v -1.907430 1.607877 2.287161
v -1.915767 1.605301 2.280771
v -1.921618 1.605894 2.275588
v -1.924411 1.596599 2.265983
v -1.839484 1.670404 2.303216
v -1.834138 1.670722 2.300067
v -1.837452 1.689334 2.291133
v -1.842823 1.689014 2.296472
v -1.828087 1.667943 2.296805
v -1.820135 1.664859 2.293518
v -1.826080 1.683040 2.282112
v -1.833257 1.686683 2.286327
v -1.836059 1.720738 2.238724
v -1.815780 1.715231 2.243190
v -1.797410 1.709718 2.242842
v -1.782120 1.706207 2.241606
v -1.842473 1.724911 2.138551
v -1.842031 1.711853 2.135034
v -1.858380 1.713641 2.143983
v -1.859773 1.726487 2.149284
v -1.808213 1.737997 2.230120
v -1.795379 1.733869 2.230047
v -1.784703 1.722613 2.229714
v -1.899762 1.722719 2.437777
v -1.899010 1.723350 2.415356
v -1.846222 1.761281 2.199758
v -1.838319 1.756385 2.210960
v -1.913971 1.720466 2.415170
v -1.914518 1.718954 2.438716
v -1.852252 1.720093 2.262644
v -1.867960 1.733173 2.247138
v -1.855997 1.722839 2.267411
v -1.803224 1.747510 2.232737
v -1.790776 1.743480 2.232266
v -1.826944 1.174499 2.357344
v -1.812964 1.192225 2.378123
v -1.849437 1.403251 2.288093
v -1.863115 1.403618 2.273273
v -1.727997 1.448928 2.299657
v -1.724184 1.431069 2.301271
v -1.767781 1.750110 2.227288
v -1.734442 1.393548 2.311023
v -1.717440 1.393869 2.302953
v -1.721267 1.413043 2.301858
v -1.737529 1.411159 2.309587
v -1.706820 1.379016 2.304478
v -1.702795 1.374032 2.307001
v -1.674481 1.268196 2.323036
v -1.665460 1.270775 2.317959
v -1.873289 1.710438 2.358208
v -1.871952 1.711913 2.342916
v -1.880237 1.729197 2.338019
v -1.882729 1.725585 2.353836
v -1.751508 1.392408 2.314129
v -1.770968 1.390022 2.312920
v -1.871403 1.610897 2.299665
v -1.882883 1.602165 2.292927
v -1.742257 1.521064 2.294862
v -1.770348 1.582774 2.327063
v -1.773592 1.599055 2.320354
v -1.786277 1.600767 2.325133
v -1.782817 1.585767 2.331698
v -1.651106 1.180340 2.287118
v -1.945893 1.694490 2.333005
v -1.947302 1.691627 2.318680
v -1.946215 1.681723 2.323447
v -1.945210 1.685399 2.337864
v -1.643338 1.167185 2.321607
v -1.637696 1.152037 2.327141
v -1.671349 1.132956 2.269022
v -1.660509 1.148320 2.267066
v -1.659400 1.173724 2.437718
v -1.675453 1.192212 2.420120
v -1.642286 1.153655 2.453266
v -1.624077 1.134577 2.470785
v -1.533372 0.966825 2.527354
v -1.532560 0.935960 2.527122
v -1.514825 0.852112 2.493433
v -1.505987 0.822878 2.480922
v -1.497263 0.791492 2.467157
v -1.488751 0.758806 2.452788
v -1.480013 0.728066 2.443241
v -1.927009 1.711132 2.442666
v -1.928571 1.711266 2.417470
v -1.938078 1.698217 2.423411
v -1.935900 1.699928 2.448969
v -1.887379 1.645350 2.414583
v -1.878930 1.654647 2.410503
v -1.878526 1.655064 2.433484
v -1.887380 1.646402 2.437205
v -1.887735 1.647418 2.461081
v -1.898008 1.642798 2.465280
v -1.897342 1.640630 2.440525
v -1.929286 1.653321 2.466725
v -1.935979 1.663948 2.462859
v -1.937928 1.659750 2.436797
v -1.929067 1.647407 2.442364
v -1.939502 1.687130 2.453901
v -1.941419 1.683895 2.429101
v -1.940752 1.671255 2.433383
v -1.939101 1.674990 2.458937
v -1.866805 1.680035 2.450172
v -1.870802 1.666500 2.453823
v -1.871329 1.667321 2.430196
v -1.867844 1.679682 2.426185
v -1.896838 1.741736 2.332469
v -1.897595 1.736156 2.350217
v -1.877940 1.651331 2.307573
v -1.866229 1.666948 2.313592
v -1.869727 1.672636 2.319776
v -1.877137 1.655145 2.311519
v -1.884691 1.720455 2.392847
v -1.884482 1.722711 2.371526
v -1.898259 1.729544 2.370055
v -1.898361 1.724808 2.392354
v -1.868819 1.679460 2.402780
v -1.872227 1.666490 2.406561
v -1.873268 1.665030 2.382833
v -1.869398 1.678189 2.380182
v -1.916512 1.637175 2.419512
v -1.913390 1.636038 2.395645
v -1.868643 1.694464 2.345584
v -1.869041 1.693692 2.360496
v -1.870119 1.598790 2.302126
v -1.905401 1.579255 2.278914
v -1.907800 1.589140 2.280756
v -1.828682 1.536992 2.327404
v -1.827061 1.552778 2.332444
v -1.879477 1.536609 2.291470
v -1.885817 1.553038 2.290497
v -1.836166 1.543463 2.325952
v -1.832386 1.554039 2.330087
v -1.793411 1.480065 2.304481
v -1.784074 1.714693 2.233930
v -1.873517 1.709007 2.375322
v -1.869076 1.692941 2.378107
v -1.928444 1.642764 2.365303
v -1.923878 1.639990 2.348175
v -1.918366 1.637657 2.348183
v -1.920322 1.637429 2.368899
v -1.926996 1.591633 2.192166
v -1.918003 1.579974 2.175624
v -1.918633 1.568900 2.187376
v -1.925460 1.582557 2.201189
v -1.944035 1.711073 2.331100
v -1.939454 1.720156 2.335184
v -1.941482 1.723604 2.316775
v -1.945985 1.712036 2.315404
v -1.932318 1.735169 2.320462
v -1.929968 1.729999 2.341486
v -1.915440 1.737163 2.346986
v -1.916293 1.743230 2.327182
v -1.848821 1.176822 2.293674
v -1.844631 1.188317 2.319557
v -1.820932 1.343446 2.313220
v -1.800037 1.345918 2.319443
v -1.758917 1.287920 2.339680
v -1.673509 1.219908 2.339225
v -1.657889 1.203011 2.324824
v -1.630741 1.132494 2.337257
v -1.837139 1.200479 2.341809
v -1.621889 1.111458 2.358521
v -1.613061 1.090238 2.380154
v -1.654886 1.039864 2.359845
v -1.675062 1.030277 2.370728
v -1.689390 1.044209 2.345605
v -1.667644 1.056002 2.332383
v -1.692815 1.027879 2.388393
v -1.708783 1.040733 2.365281
v -1.627794 1.084266 2.532481
v -1.574935 0.862213 2.417212
v -1.579936 0.822997 2.416506
v -1.593018 0.855166 2.427611
v -1.563110 0.830599 2.407303
v -1.604531 0.847440 2.443839
v -1.612015 0.877598 2.455492
v -1.565174 0.803968 2.496017
v -1.549983 0.797783 2.402380
v -1.564414 0.790450 2.411250
v -1.591095 0.815608 2.433565
v -1.573996 0.783523 2.425614
v -1.648654 1.177423 2.317921
v -1.778116 1.193228 2.408827
v -1.790730 1.212701 2.390574
v -1.749191 1.247662 2.367256
v -1.721536 1.244570 2.359680
v -1.794054 1.404352 2.308090
v -1.813332 1.403003 2.305678
v -1.822664 1.440824 2.300546
v -1.841539 1.441779 2.294494
v -1.836723 1.421918 2.296147
v -1.817875 1.421354 2.302868
v -1.874800 1.444207 2.270135
v -1.886903 1.445744 2.251630
v -1.879352 1.424695 2.253020
v -1.868270 1.423639 2.270818
v -1.872768 1.404145 2.255154
v -1.877477 1.404944 2.235229
v -1.870567 1.447371 2.159224
v -1.878364 1.441652 2.174599
v -1.884649 1.466476 2.171895
v -1.875974 1.473237 2.156899
v -1.684312 1.263758 2.328800
v -1.653847 1.191197 2.312547
v -1.690408 1.207947 2.403370
v -1.729682 1.221628 2.400983
v -1.756947 1.211779 2.407744
v -1.893368 1.647263 2.344948
v -1.933741 1.616742 2.237994
v -1.931715 1.609206 2.237384
v -1.927869 1.722396 2.363598
v -1.914511 1.729552 2.367791
v -1.869577 1.677678 2.361172
v -1.878145 1.733286 2.324842
v -1.869247 1.714983 2.329765
v -1.865996 1.717505 2.319854
v -1.783265 1.270606 2.350882
v -1.805055 1.249310 2.361824
v -1.781455 1.256713 2.358458
v -1.655721 1.157444 2.271072
v -1.695750 1.235322 2.351319
v -1.602114 1.070267 2.400746
v -1.589817 1.051118 2.418611
v -1.578021 1.032650 2.434230
v -1.566325 1.015426 2.448437
v -1.556170 0.999183 2.460017
v -1.550465 0.983754 2.467153
v -1.548416 0.968304 2.471136
v -1.545822 0.948854 2.465045
v -1.519341 0.898922 2.449262
v -1.530163 0.899198 2.438089
v -1.539558 0.925218 2.451579
v -1.519765 0.871516 2.425512
v -1.508909 0.842673 2.414099
v -1.501394 0.809771 2.406818
v -1.493896 0.775507 2.402633
v -1.483773 0.743329 2.396465
v -1.650855 1.174603 2.282599
v -1.653206 1.166176 2.276540
v -1.847622 1.715887 2.257547
v -1.897357 1.605236 2.290541
v -1.897117 1.613749 2.292841
v -1.869542 1.677408 2.344096
v -1.942027 1.680926 2.406493
v -1.939262 1.696501 2.399996
v -1.874602 1.663522 2.360242
v -1.886742 1.637179 2.301761
v -1.884600 1.642681 2.305309
v -1.846349 1.787597 2.562501
v -1.855134 1.787471 2.570538
v -1.840878 1.798472 2.577250
v -1.832329 1.797633 2.569777
v -1.835685 1.783384 2.558038
v -1.822703 1.792647 2.565811
v -1.810017 1.744799 2.587769
v -1.810241 1.750413 2.576385
v -1.800248 1.763150 2.586382
v -1.800389 1.758334 2.597592
v -1.801636 1.795316 2.574682
v -1.796150 1.788093 2.579100
v -1.807328 1.777304 2.570144
v -1.813867 1.785712 2.566332
v -1.824004 1.742680 2.609136
v -1.834914 1.746224 2.613982
v -1.844030 1.731020 2.605962
v -1.832565 1.728047 2.600404
v -1.848945 1.698770 2.542477
v -1.849862 1.691348 2.552914
v -1.856550 1.684575 2.542171
v -1.855526 1.692711 2.532224
v -1.873153 1.767647 2.546502
v -1.882524 1.764292 2.555701
v -1.869429 1.775542 2.563301
v -1.860152 1.777191 2.554559
v -1.840894 1.746486 2.541085
v -1.834145 1.735826 2.546951
v -1.845568 1.725072 2.537090
v -1.852112 1.735900 2.532459
v -1.886397 1.755699 2.539294
v -1.895256 1.751492 2.547795
v -1.818581 1.767080 2.560458
v -1.813294 1.757908 2.567110
v -1.823424 1.746695 2.556915
v -1.829420 1.756999 2.550922
v -1.805061 1.772256 2.623407
v -1.814664 1.776102 2.626559
v -1.825200 1.761286 2.620725
v -1.814854 1.757685 2.616847
v -1.792602 1.781684 2.586445
v -1.790475 1.776128 2.595560
v -1.803249 1.769651 2.577186
v -1.835984 1.802200 2.603752
v -1.832551 1.806564 2.593110
v -1.847054 1.794622 2.587059
v -1.850445 1.789283 2.598313
v -1.829325 1.719118 2.566110
v -1.830364 1.726380 2.555639
v -1.820012 1.738073 2.566023
v -1.819395 1.731557 2.577327
v -1.861622 1.764105 2.540320
v -1.848754 1.773914 2.549145
v -1.863918 1.776475 2.592684
v -1.861099 1.782419 2.581141
v -1.874529 1.769927 2.574469
v -1.877218 1.762208 2.586294
v -1.885884 1.737768 2.590658
v -1.876744 1.728189 2.596590
v -1.866827 1.743939 2.603709
v -1.874625 1.753240 2.597043
v -1.839760 1.707843 2.554495
v -1.841431 1.701858 2.565950
v -1.840963 1.713331 2.589972
v -1.852679 1.715408 2.596742
v -1.860763 1.700214 2.586052
v -1.848646 1.699076 2.577878
v -1.881791 1.732244 2.512769
v -1.894783 1.737493 2.516311
v -1.886505 1.744624 2.524263
v -1.873560 1.739034 2.520795
v -1.898526 1.744945 2.530735
v -1.907482 1.734774 2.523433
v -1.925700 1.712485 2.512942
v -1.929360 1.702563 2.520403
v -1.925225 1.708781 2.531238
v -1.920677 1.719280 2.523056
v -1.906364 1.704753 2.577715
v -1.895699 1.693543 2.580565
v -1.886054 1.711438 2.589245
v -1.896478 1.721678 2.585098
v -1.888412 1.672174 2.568141
v -1.874573 1.673580 2.562267
v -1.868638 1.685730 2.574129
v -1.882380 1.687370 2.579031
v -1.897658 1.649952 2.508860
v -1.886662 1.652003 2.505502
v -1.883900 1.655240 2.520820
v -1.894812 1.653526 2.526231
v -1.868550 1.670935 2.507172
v -1.870093 1.669147 2.494905
v -1.867286 1.681246 2.490164
v -1.866740 1.682745 2.501709
v -1.899248 1.723068 2.479630
v -1.914483 1.719920 2.480578
v -1.912560 1.722433 2.490023
v -1.897275 1.723224 2.488106
v -1.915031 1.690361 2.569197
v -1.904308 1.674592 2.571169
v -1.865965 1.674532 2.518529
v -1.864295 1.685132 2.511229
v -1.860493 1.688765 2.522148
v -1.862229 1.678936 2.530267
v -1.873175 1.707562 2.500582
v -1.880613 1.717140 2.497567
v -1.877549 1.719182 2.503436
v -1.868956 1.709528 2.507759
v -1.894162 1.725145 2.494063
v -1.907812 1.726925 2.498080
v -1.902403 1.730948 2.505398
v -1.888713 1.728055 2.502206
v -1.919913 1.681808 2.560153
v -1.923210 1.693039 2.551997
v -1.925613 1.685688 2.543889
v -1.921733 1.675377 2.551209
v -1.891068 1.663119 2.555359
v -1.878251 1.664526 2.549762
v -1.864321 1.711878 2.519143
v -1.857610 1.701878 2.524028
v -1.862492 1.699397 2.514635
v -1.914117 1.726623 2.512506
v -1.908266 1.649920 2.511140
v -1.918175 1.653440 2.512441
v -1.919545 1.650052 2.493261
v -1.909321 1.646415 2.492742
v -1.898542 1.646176 2.490357
v -1.887529 1.649693 2.487047
v -1.870996 1.667747 2.477008
v -1.867195 1.680040 2.472831
v -1.868187 1.695314 2.469108
v -1.874816 1.709682 2.465159
v -1.877022 1.709362 2.482858
v -1.869622 1.695338 2.485806
v -1.899343 1.722833 2.460560
v -1.914479 1.718671 2.461613
v -1.924885 1.712752 2.484647
v -1.926098 1.711046 2.466538
v -1.871886 1.664990 2.526608
v -1.874616 1.661387 2.513988
v -1.862420 1.768138 2.603261
v -1.855626 1.759785 2.610581
v -1.843546 1.774445 2.616196
v -1.849480 1.782337 2.608471
v -1.823707 1.781916 2.625525
v -1.835119 1.767264 2.620248
v -1.826200 1.776117 2.557323
v -1.838053 1.766333 2.548130
v -1.809403 1.802222 2.573678
v -1.871978 1.722069 2.513363
v -1.863798 1.726926 2.522136
v -1.929884 1.691126 2.527004
v -1.932541 1.697249 2.509197
v -1.932426 1.686479 2.515753
v -1.918802 1.703485 2.559050
v -1.911186 1.717450 2.566223
v -1.909510 1.728948 2.551966
v -1.919276 1.713738 2.544090
v -1.922601 1.670619 2.541127
v -1.927799 1.680501 2.534525
v -1.930001 1.676440 2.521930
v -1.924439 1.666256 2.527286
v -1.885563 1.718242 2.481037
v -1.883978 1.716597 2.490237
v -1.937246 1.690550 2.478292
v -1.935180 1.693948 2.495586
v -1.931563 1.703887 2.490579
v -1.933784 1.701420 2.473408
v -1.929205 1.707348 2.502499
v -1.937687 1.679910 2.482899
v -1.935246 1.683280 2.501015
v -1.885652 1.719226 2.461964
v -1.926657 1.662147 2.510104
v -1.932555 1.672736 2.506028
v -1.934671 1.669088 2.487133
v -1.928354 1.658351 2.490965
v -1.845949 1.752142 2.613898
v -1.855895 1.736813 2.606609
v -1.862700 1.677043 2.553326
v -1.856521 1.685863 2.565205
v -1.867912 1.670482 2.540603
v -1.814719 1.742204 2.600092
v -1.805542 1.756392 2.608923
v -1.832302 1.714451 2.578737
v -1.823696 1.728136 2.589938
v -1.889388 1.747885 2.579963
v -1.903769 1.659644 2.545158
v -1.892660 1.658015 2.541746
v -1.903368 1.663882 2.558587
v -1.877593 1.657618 2.481429
v -1.876907 1.659123 2.500474
v -1.914392 1.672452 2.563937
v -1.877472 1.656682 2.457529
v -1.915184 1.726250 2.531215
v -1.918675 1.721354 2.505345
v -1.922778 1.715862 2.495806
v -1.826602 1.809071 2.583488
v -1.849838 1.756432 2.538617
v -1.856298 1.716221 2.527355
v -1.851421 1.706735 2.533602
v -1.914139 1.663028 2.545273
v -1.915689 1.658286 2.530366
v -1.905471 1.655080 2.529540
v -1.876242 1.708047 2.493422
v -1.868789 1.695156 2.497247
v -1.796538 1.770593 2.616434
v -1.866348 1.696826 2.505459
v -1.905439 1.738776 2.540658
v -1.847516 1.671109 2.127965
v -1.872339 1.520863 2.290983
v -1.824929 1.497780 2.300157
v -1.841581 1.500252 2.297406
v -1.892558 1.583677 2.288272
v -1.894575 1.595564 2.289320
v -1.895373 1.625992 2.298419
v -1.892957 1.633805 2.304137
v -1.873518 1.558901 2.301802
v -1.850820 1.890948 2.235907
v -1.850337 1.883878 2.232646
v -1.854087 1.902353 2.238217
v -1.709398 1.386361 2.299525
v -1.837862 1.876386 2.245343
v -1.838513 1.869773 2.243260
v -1.842436 1.872571 2.245377
v -1.835717 1.877857 2.245832
v -1.835277 1.878446 2.246763
v -1.849469 1.905558 2.246270
v -1.847913 1.875728 2.231276
v -1.844027 1.867398 2.231447
v -1.841385 1.894614 2.250618
v -1.823872 1.322526 2.155945
v -1.807994 1.327179 2.143353
v -1.805274 1.304116 2.142933
v -1.823269 1.299006 2.155800
v -1.802208 1.280052 2.142649
v -1.872517 1.234586 2.228475
v -1.877912 1.244813 2.251639
v -1.879980 1.267002 2.244788
v -1.875916 1.258497 2.221899
v -1.877435 1.293683 2.261759
v -1.879045 1.287056 2.238274
v -1.876591 1.276103 2.268974
v -1.866842 1.284007 2.290998
v -1.868584 1.300850 2.284136
v -1.851569 1.289534 2.308760
v -1.853743 1.306763 2.302076
v -1.832441 1.293305 2.321604
v -1.811048 1.297835 2.329333
v -1.786659 1.286119 2.337843
v -1.764228 1.304196 2.332358
v -1.787902 1.301479 2.332812
v -1.719384 1.311496 2.326867
v -1.740689 1.307506 2.330226
v -1.684578 1.319145 2.317006
v -1.700838 1.315352 2.322659
v -1.834060 1.701121 2.269537
v -1.890235 1.734900 2.187101
v -1.900966 1.729905 2.192198
v -1.894969 1.737363 2.208641
v -1.934709 1.679657 2.194009
v -1.930558 1.697455 2.198741
v -1.922958 1.688276 2.178682
v -1.924445 1.674529 2.175850
v -1.888677 1.726340 2.173447
v -1.881331 1.730645 2.170970
v -1.899511 1.719423 2.176107
v -1.876980 1.705467 2.149636
v -1.891359 1.711135 2.161544
v -1.913775 1.736807 2.236580
v -1.929032 1.722961 2.227550
v -1.929702 1.725774 2.238427
v -1.915843 1.740128 2.247185
v -1.941303 1.674632 2.223791
v -1.940994 1.660446 2.224113
v -1.942711 1.665242 2.236129
v -1.942857 1.679268 2.234364
v -1.915967 1.749666 2.281294
v -1.931296 1.738034 2.273166
v -1.932039 1.739761 2.287635
v -1.916440 1.749566 2.294909
v -1.940818 1.695318 2.233877
v -1.904838 1.585400 2.152672
v -1.916693 1.594121 2.168077
v -1.926961 1.602448 2.185086
v -1.935843 1.624558 2.239279
v -1.934678 1.619844 2.221462
v -1.932537 1.610850 2.222526
v -1.936712 1.628706 2.256727
v -1.936624 1.633200 2.271721
v -1.863428 1.695460 2.322044
v -1.859073 1.694542 2.316675
v -1.862987 1.720377 2.309390
v -1.929933 1.642453 2.305828
v -1.931712 1.635924 2.290744
v -1.928588 1.632858 2.292180
v -1.926478 1.639217 2.307103
v -1.911329 1.735211 2.227447
v -1.942082 1.725306 2.283157
v -1.940752 1.722480 2.268172
v -1.944933 1.707462 2.268755
v -1.946479 1.710258 2.284498
v -1.948159 1.697074 2.285606
v -1.947137 1.692920 2.270305
v -1.947236 1.679173 2.272560
v -1.948311 1.684229 2.287347
v -1.933529 1.647176 2.305765
v -1.935476 1.639929 2.286824
v -1.896384 1.746473 2.317373
v -1.895547 1.750276 2.268593
v -1.874031 1.743684 2.278994
v -1.873608 1.741923 2.269652
v -1.895171 1.746526 2.258303
v -1.903085 1.639102 2.322868
v -1.896121 1.643305 2.322002
v -1.909801 1.635599 2.323824
v -1.926093 1.628261 2.289433
v -1.914217 1.635283 2.326400
v -1.870520 1.676221 2.329465
v -1.867418 1.694831 2.331301
v -1.859225 1.725375 2.289524
v -1.858576 1.726242 2.281080
v -1.916729 1.747625 2.309707
v -1.932553 1.738712 2.303174
v -1.932742 1.647951 2.324116
v -1.929533 1.644599 2.326596
v -1.933060 1.648066 2.341390
v -1.928827 1.616056 2.271492
v -1.925923 1.630998 2.292501
v -1.916316 1.745692 2.258064
v -1.942360 1.725215 2.298812
v -1.946890 1.710789 2.299441
v -1.945965 1.688158 2.256434
v -1.943955 1.703080 2.254827
v -1.942780 1.698698 2.243046
v -1.944480 1.683636 2.244603
v -1.948724 1.688742 2.302617
v -1.946413 1.676915 2.307863
v -1.943768 1.670534 2.248278
v -1.945174 1.675123 2.260171
v -1.936541 1.652418 2.321198
v -1.858280 1.725386 2.273513
v -1.848166 1.708675 2.285859
v -1.844248 1.707347 2.280289
v -1.851839 1.703459 2.300497
v -1.849911 1.707273 2.292261
v -1.854798 1.697453 2.309819
v -1.840187 1.704425 2.275279
v -1.914631 1.667220 2.556467
v -1.929314 1.643859 2.345403
v -1.933591 1.648408 2.359693
v -1.936495 1.652714 2.353839
v -1.941463 1.669928 2.407967
v -1.714275 1.826468 2.283138
v -1.712673 1.831873 2.285232
v -1.712778 1.850890 2.288729
v -1.713384 1.854895 2.288329
v -1.926881 1.696612 2.536740
v -1.923280 1.700731 2.544537
v -1.900993 1.732635 2.572972
v -1.887282 1.756698 2.567064
v -1.899111 1.743156 2.558966
v -1.874359 1.754288 2.531452
v -1.862243 1.746599 2.528844
v -1.841266 1.715997 2.545477
v -1.873687 1.704255 2.589410
v -1.790761 1.827832 2.587438
v -1.798476 1.830964 2.593713
v -1.784986 1.841647 2.598194
v -1.777197 1.837706 2.592963
v -1.764719 1.847611 2.597573
v -1.757724 1.841755 2.599352
v -1.769978 1.832069 2.593228
v -1.752750 1.836812 2.604212
v -1.764917 1.827018 2.597583
v -1.750201 1.832719 2.611283
v -1.749346 1.828895 2.618745
v -1.760040 1.817843 2.611338
v -1.761594 1.822094 2.603898
v -1.770773 1.802343 2.611787
v -1.760599 1.815302 2.619655
v -1.763191 1.813825 2.628222
v -1.772477 1.799682 2.621131
v -1.764385 1.829081 2.645573
v -1.771049 1.832664 2.646541
v -1.782111 1.819547 2.641953
v -1.774724 1.815345 2.640857
v -1.805648 1.817304 2.630505
v -1.800320 1.810774 2.635333
v -1.788682 1.825175 2.639927
v -1.794046 1.830995 2.635181
v -1.784219 1.843563 2.640464
v -1.785192 1.847662 2.631978
v -1.795462 1.835773 2.627827
v -1.818147 1.807636 2.576738
v -1.804463 1.817609 2.582471
v -1.796087 1.812037 2.580311
v -1.772988 1.810363 2.595840
v -1.784682 1.799089 2.587571
v -1.789334 1.805390 2.582416
v -1.776841 1.815879 2.590014
v -1.791322 1.772011 2.606219
v -1.780799 1.789255 2.603937
v -1.781898 1.785888 2.613859
v -1.771001 1.805948 2.603214
v -1.782043 1.793805 2.595148
v -1.777496 1.798956 2.629774
v -1.768031 1.813543 2.635747
v -1.804020 1.829979 2.602821
v -1.807503 1.827109 2.612844
v -1.793581 1.839229 2.618002
v -1.790446 1.841807 2.607661
v -1.786941 1.784852 2.623039
v -1.821558 1.815127 2.608355
v -1.818140 1.818295 2.598086
v -1.808628 1.822894 2.622364
v -1.821723 1.809729 2.617891
v -1.778986 1.852545 2.611630
v -1.772758 1.852038 2.602271
v -1.812859 1.819832 2.588457
v -1.784844 1.800744 2.635566
v -1.793145 1.804969 2.637457
v -1.803916 1.790653 2.632231
v -1.795000 1.786553 2.629730
v -1.830814 1.788881 2.621175
v -1.812114 1.796241 2.630450
v -1.818048 1.803002 2.625870
v -1.778162 1.837819 2.645035
v -1.835243 1.796223 2.613639
v -1.711789 1.891622 2.634651
v -1.714447 1.882924 2.632552
v -1.706529 1.886497 2.630584
v -1.705569 1.895348 2.630408
v -1.700494 1.866724 2.629958
v -1.698266 1.860337 2.621500
v -1.688220 1.869272 2.620789
v -1.689590 1.873958 2.628810
v -1.700686 1.898557 2.626836
v -1.699149 1.889703 2.628551
v -1.699180 1.898205 2.623598
v -1.704620 1.909654 2.620760
v -1.701339 1.907586 2.625185
v -1.705592 1.918249 2.621258
v -1.714345 1.908799 2.617127
v -1.713768 1.920690 2.621351
v -1.735043 1.907264 2.633027
v -1.739701 1.904248 2.641997
v -1.733793 1.916723 2.646569
v -1.728346 1.918899 2.637361
v -1.738315 1.905714 2.662234
v -1.735294 1.911964 2.654303
v -1.741819 1.900041 2.649068
v -1.743758 1.894894 2.656119
v -1.719066 1.885973 2.645283
v -1.722893 1.877398 2.643061
v -1.720707 1.879785 2.637330
v -1.717039 1.888071 2.640156
v -1.692222 1.897465 2.618565
v -1.705221 1.897072 2.614108
v -1.702766 1.900157 2.618764
v -1.690790 1.896538 2.622270
v -1.727773 1.853553 2.651968
v -1.733754 1.844676 2.647683
v -1.732042 1.846360 2.640115
v -1.727175 1.853840 2.645063
v -1.716785 1.849331 2.622123
v -1.725494 1.846813 2.622790
v -1.731510 1.848071 2.610959
v -1.722716 1.851552 2.609462
v -1.707520 1.853948 2.622200
v -1.712246 1.856016 2.610035
v -1.701686 1.861517 2.611163
v -1.691031 1.871258 2.612458
v -1.740195 1.844747 2.656120
v -1.735059 1.849955 2.661318
v -1.674042 1.938311 2.640772
v -1.675389 1.936418 2.645850
v -1.678035 1.935704 2.644150
v -1.677000 1.937580 2.639059
v -1.752409 1.855904 2.662010
v -1.758059 1.861139 2.657197
v -1.760853 1.856069 2.655216
v -1.754472 1.851095 2.658677
v -1.750004 1.862434 2.666567
v -1.755166 1.868060 2.659919
v -1.674298 1.950830 2.640154
v -1.673128 1.946756 2.637973
v -1.678083 1.946696 2.635981
v -1.679970 1.950882 2.638228
v -1.702428 1.903793 2.630787
v -1.707537 1.900016 2.636317
v -1.697068 1.918142 2.636372
v -1.702219 1.909587 2.637837
v -1.699401 1.911669 2.630420
v -1.697351 1.918537 2.630451
v -1.712266 1.901839 2.653300
v -1.716691 1.893093 2.650876
v -1.713291 1.897215 2.645186
v -1.707996 1.906074 2.647963
v -1.718827 1.887890 2.661591
v -1.715642 1.896380 2.663869
v -1.716813 1.893347 2.669658
v -1.718967 1.886190 2.667231
v -1.708584 1.914428 2.663032
v -1.706015 1.921191 2.665191
v -1.707673 1.919268 2.669656
v -1.710144 1.912266 2.667400
v -1.764958 1.851918 2.652762
v -1.758010 1.847101 2.655523
v -1.740780 1.893777 2.676991
v -1.738266 1.886273 2.681879
v -1.734352 1.893450 2.688604
v -1.737972 1.901557 2.683245
v -1.761012 1.866772 2.650168
v -1.764872 1.861706 2.648357
v -1.676485 1.952760 2.644940
v -1.681750 1.953705 2.642872
v -1.711344 1.868077 2.603847
v -1.696597 1.876578 2.606339
v -1.723691 1.862393 2.603783
v -1.732468 1.858432 2.604787
v -1.739443 1.854540 2.604617
v -1.702091 1.913172 2.643038
v -1.713273 1.895058 2.640770
v -1.720124 1.883811 2.649243
v -1.723469 1.874657 2.675541
v -1.725940 1.868534 2.673600
v -1.722287 1.872098 2.666022
v -1.721149 1.877413 2.669526
v -1.731753 1.881131 2.684570
v -1.725209 1.880198 2.682565
v -1.723112 1.886128 2.685475
v -1.728778 1.887810 2.688993
v -1.691841 1.897991 2.613309
v -1.704233 1.893455 2.608720
v -1.744219 1.851701 2.664235
v -1.746953 1.847001 2.659493
v -1.751353 1.843269 2.654643
v -1.725335 1.865407 2.644370
v -1.726330 1.854135 2.640357
v -1.723292 1.854893 2.635930
v -1.724495 1.867115 2.640064
v -1.713517 1.872821 2.633333
v -1.709706 1.860931 2.631502
v -1.704487 1.877120 2.632227
v -1.729922 1.846608 2.632776
v -1.738349 1.841817 2.635916
v -1.735796 1.842667 2.628022
v -1.741111 1.840542 2.644160
v -1.745798 1.841350 2.651256
v -1.743147 1.836546 2.631485
v -1.741405 1.837526 2.623760
v -1.746404 1.835986 2.639601
v -1.750583 1.836357 2.646119
v -1.776403 1.851477 2.643855
v -1.769826 1.845659 2.649839
v -1.770406 1.857161 2.645864
v -1.742561 1.844634 2.607880
v -1.734198 1.845030 2.619599
v -1.741193 1.840958 2.616157
v -1.748435 1.849881 2.603144
v -1.684007 1.879339 2.625743
v -1.678796 1.884343 2.623676
v -1.682532 1.888260 2.627673
v -1.687721 1.884899 2.628773
v -1.703306 1.925577 2.623464
v -1.699022 1.921335 2.625793
v -1.701293 1.914821 2.624813
v -1.725463 1.860127 2.658790
v -1.731437 1.856700 2.666661
v -1.698030 1.919473 2.641355
v -1.686090 1.948384 2.635332
v -1.683446 1.943909 2.633245
v -1.692819 1.935950 2.628542
v -1.696242 1.940918 2.630277
v -1.698073 1.927091 2.645896
v -1.695574 1.923609 2.641526
v -1.691540 1.927703 2.643489
v -1.694237 1.932017 2.647206
v -1.709213 1.913751 2.674668
v -1.711382 1.907934 2.672694
v -1.719032 1.929328 2.642105
v -1.718195 1.932060 2.630416
v -1.723691 1.921217 2.626597
v -1.714455 1.898823 2.658796
v -1.711206 1.906867 2.661181
v -1.712609 1.904627 2.665827
v -1.701928 1.915775 2.645771
v -1.699938 1.920946 2.645211
v -1.702665 1.919183 2.649504
v -1.704777 1.912604 2.649479
v -1.742833 1.878175 2.676292
v -1.734313 1.872114 2.680028
v -1.673148 1.942161 2.638248
v -1.676878 1.941848 2.636199
v -1.762100 1.840832 2.651111
v -1.755481 1.838054 2.649833
v -1.718211 1.890145 2.655954
v -1.728070 1.909260 2.623180
v -1.720873 1.881451 2.653547
v -1.726452 1.914641 2.677276
v -1.721297 1.909488 2.681705
v -1.716705 1.914299 2.682032
v -1.720540 1.919086 2.680273
v -1.686972 1.938989 2.649873
v -1.684149 1.934882 2.646965
v -1.680065 1.937139 2.648787
v -1.682088 1.941341 2.651923
v -1.694568 1.921776 2.636741
v -1.694331 1.922534 2.631537
v -1.689402 1.927454 2.633756
v -1.689735 1.926345 2.638824
v -1.696013 1.925741 2.627403
v -1.690830 1.931208 2.630109
v -1.689160 1.944946 2.650627
v -1.689394 1.949708 2.646492
v -1.700297 1.942354 2.642484
v -1.697653 1.938211 2.647195
v -1.749997 1.885301 2.650697
v -1.751116 1.880877 2.657960
v -1.744977 1.890053 2.663840
v -1.739262 1.899668 2.670262
v -1.732958 1.908006 2.675958
v -1.733819 1.916254 2.667722
v -1.745263 1.885052 2.669879
v -1.706929 1.930356 2.648518
v -1.708663 1.935340 2.641463
v -1.712141 1.932830 2.648852
v -1.721738 1.878578 2.659990
v -1.681795 1.938959 2.633867
v -1.751744 1.870371 2.610701
v -1.759688 1.871845 2.619861
v -1.754801 1.878320 2.623438
v -1.745695 1.875717 2.611648
v -1.681943 1.933574 2.642306
v -1.680977 1.934595 2.637199
v -1.712704 1.905398 2.678187
v -1.710528 1.911520 2.679257
v -1.712817 1.911407 2.683075
v -1.713963 1.906059 2.682870
v -1.750911 1.876469 2.664066
v -1.727638 1.896818 2.693518
v -1.733048 1.904932 2.688413
v -1.756585 1.873038 2.653299
v -1.755915 1.877347 2.645669
v -1.760506 1.871398 2.641640
v -1.726440 1.923404 2.659747
v -1.748327 1.889780 2.644352
v -1.754324 1.880894 2.639368
v -1.759439 1.874519 2.633917
v -1.763808 1.869716 2.630052
v -1.765063 1.866597 2.638652
v -1.688471 1.951080 2.639833
v -1.683151 1.951781 2.649132
v -1.770780 1.861459 2.635737
v -1.777598 1.855673 2.634659
v -1.774592 1.857971 2.624938
v -1.768973 1.864204 2.626441
v -1.751888 1.884699 2.632254
v -1.747474 1.886929 2.624058
v -1.746121 1.893528 2.637478
v -1.741490 1.896710 2.629303
v -1.727685 1.928593 2.650544
v -1.669878 1.947543 2.656844
v -1.677633 1.946663 2.654163
v -1.677731 1.941938 2.654076
v -1.670642 1.943401 2.657436
v -1.683107 1.946427 2.652403
v -1.678243 1.950993 2.650581
v -1.733082 1.898208 2.618957
v -1.701230 1.925145 2.650336
v -1.735509 1.885236 2.611844
v -1.720127 1.899695 2.611893
v -1.719456 1.890429 2.606750
v -1.734743 1.869828 2.603386
v -1.722962 1.875756 2.601893
v -1.748136 1.860736 2.604619
v -1.742252 1.865170 2.605249
v -1.755238 1.854618 2.602785
v -1.708030 1.882201 2.602844
v -1.668695 1.938184 2.644192
v -1.670367 1.936829 2.649567
v -1.756861 1.865466 2.608617
v -1.763902 1.859812 2.605863
v -1.694832 1.881614 2.631016
v -1.723578 1.870861 2.655948
v -1.723726 1.873340 2.650874
v -1.728560 1.863108 2.671047
v -1.723696 1.866806 2.662670
v -1.771045 1.860464 2.614741
v -1.750687 1.827405 2.626774
v -1.753927 1.826833 2.634815
v -1.782537 1.850200 2.622247
v -1.667128 1.941960 2.641465
v -1.708679 1.925909 2.667564
v -1.709799 1.925309 2.669161
v -1.682748 1.876948 2.618919
v -1.677980 1.883495 2.617641
v -1.682718 1.891123 2.609335
v -1.679252 1.886374 2.613119
v -1.684614 1.879172 2.611838
v -1.688622 1.884309 2.607049
v -1.725082 1.864246 2.648298
v -1.725053 1.863030 2.652979
v -1.747061 1.870150 2.671244
v -1.738603 1.864623 2.675085
v -1.699509 1.930546 2.625449
v -1.709721 1.929699 2.624811
v -1.703804 1.934712 2.627373
v -1.700075 1.943028 2.635296
v -1.702923 1.929366 2.648855
v -1.702139 1.932756 2.646281
v -1.717514 1.857412 2.632995
v -1.720603 1.869776 2.635716
v -1.693097 1.890851 2.627249
v -1.687962 1.892714 2.626869
v -1.708475 1.909224 2.655082
v -1.717404 1.931805 2.661419
v -1.718593 1.934222 2.653981
v -1.706018 1.916541 2.656286
v -1.666030 1.950189 2.643663
v -1.665917 1.946068 2.641352
v -1.708978 1.937266 2.632514
v -1.714169 1.900983 2.671430
v -1.719396 1.926549 2.666683
v -1.713333 1.929684 2.665833
v -1.725145 1.891280 2.690989
v -1.764450 1.866755 2.617044
v -1.676960 1.937545 2.651156
v -1.671377 1.938384 2.654771
v -1.669341 1.950515 2.653773
v -1.668242 1.951732 2.648441
v -1.741810 1.857877 2.669723
v -1.723535 1.875308 2.647067
v -1.758774 1.827146 2.641429
v -1.696056 1.888902 2.606230
v -1.688054 1.895761 2.608809
v -1.703880 1.922143 2.657539
v -1.727603 1.908226 2.683959
v -1.727459 1.921719 2.671773
v -1.721219 1.926133 2.675925
v -1.716405 1.929315 2.671033
v -1.711329 1.928682 2.670149
v -1.662424 1.949703 2.656232
v -1.661329 1.950934 2.651260
v -1.659609 1.948884 2.646107
v -1.660677 1.944869 2.643989
v -1.662667 1.940982 2.644253
v -1.663490 1.946722 2.659150
v -1.664792 1.942687 2.659440
v -1.666938 1.938164 2.656897
v -1.657890 1.944925 2.660539
v -1.655162 1.948020 2.658133
v -1.647588 1.943653 2.649197
v -1.652404 1.947144 2.648286
v -1.649906 1.946914 2.651333
v -1.646506 1.945174 2.652207
v -1.642631 1.943504 2.654018
v -1.643678 1.941249 2.651453
v -1.651433 1.948329 2.653959
v -1.647304 1.946931 2.655904
v -1.649097 1.945862 2.659177
v -1.645154 1.944383 2.661036
v -1.643123 1.945037 2.657894
v -1.651969 1.947543 2.657235
v -1.654744 1.949737 2.652629
v -1.640645 1.939800 2.654661
v -1.640107 1.942293 2.655638
v -1.639716 1.943127 2.659307
v -1.639846 1.939894 2.659511
v -1.655483 1.943413 2.645432
v -1.649791 1.940929 2.648070
v -1.645527 1.938490 2.651098
v -1.642500 1.937288 2.654644
v -1.651759 1.937889 2.648956
v -1.647434 1.936257 2.652263
v -1.645013 1.935658 2.655529
v -1.653458 1.935477 2.651655
v -1.648896 1.934886 2.654575
v -1.660506 1.936999 2.648345
v -1.658422 1.939966 2.645620
v -1.646738 1.935023 2.656400
v -1.641859 1.937453 2.659500
v -1.651321 1.944989 2.661263
v -1.646884 1.942813 2.662848
v -1.652956 1.942759 2.662364
v -1.648381 1.940767 2.663594
v -1.642673 1.941291 2.663101
v -1.641860 1.943449 2.662073
v -1.664889 1.937696 2.646836
v -1.666646 1.936742 2.652232
v -1.662086 1.935952 2.653373
v -1.655235 1.934802 2.656124
v -1.661957 1.937504 2.657990
v -1.659640 1.941281 2.660629
v -1.654225 1.939750 2.662253
v -1.655553 1.936534 2.660437
v -1.649725 1.938240 2.663085
v -1.650496 1.936027 2.661390
v -1.649962 1.934653 2.658046
v -1.646311 1.937100 2.662289
v -1.644336 1.939091 2.663070
v -1.644519 1.936202 2.659257
v -1.647722 1.935963 2.661171
v -1.646949 1.935322 2.658823
v -1.680837 1.941391 2.667325
v -1.681685 1.938923 2.671834
v -1.687038 1.939479 2.669582
v -1.686466 1.941359 2.665182
v -1.682644 1.954096 2.667388
v -1.680826 1.948985 2.665027
v -1.687636 1.949924 2.662515
v -1.690062 1.954995 2.664946
v -1.685832 1.955241 2.673351
v -1.693357 1.956336 2.671206
v -1.697145 1.951091 2.660743
v -1.693801 1.946554 2.658834
v -1.702035 1.936659 2.653017
v -1.706446 1.940157 2.653876
v -1.701688 1.927769 2.666692
v -1.704235 1.930590 2.670033
v -1.680470 1.944515 2.665266
v -1.686608 1.944909 2.662941
v -1.696368 1.939298 2.674329
v -1.693894 1.936731 2.671190
v -1.688521 1.939155 2.673870
v -1.690103 1.941592 2.677600
v -1.698167 1.929840 2.655324
v -1.699527 1.928034 2.661005
v -1.699478 1.933254 2.653303
v -1.698957 1.943998 2.675622
v -1.700894 1.949238 2.673086
v -1.711026 1.939829 2.665731
v -1.708113 1.935732 2.669806
v -1.692357 1.942175 2.659508
v -1.692055 1.936793 2.666325
v -1.691440 1.938713 2.661770
v -1.700964 1.951972 2.666394
v -1.692849 1.951754 2.677378
v -1.675405 1.944475 2.683409
v -1.683897 1.945031 2.681029
v -1.683723 1.940711 2.680123
v -1.675656 1.940181 2.683055
v -1.691273 1.945926 2.678756
v -1.684997 1.950552 2.679361
v -1.672535 1.939797 2.670918
v -1.674067 1.937503 2.675413
v -1.671403 1.943035 2.668772
v -1.711127 1.942103 2.658640
v -1.672019 1.951679 2.671264
v -1.671171 1.947005 2.668956
v -1.683025 1.938224 2.676275
v -1.675378 1.937033 2.679825
v -1.675197 1.948912 2.681640
v -1.674590 1.952381 2.676360
v -1.667826 1.946863 2.683496
v -1.666421 1.950204 2.679204
v -1.664353 1.949536 2.674115
v -1.665101 1.945402 2.671361
v -1.666638 1.941906 2.671074
v -1.668703 1.943004 2.685153
v -1.669900 1.939395 2.684635
v -1.670679 1.936585 2.681622
v -1.662636 1.938528 2.686903
v -1.660416 1.941962 2.686012
v -1.648755 1.936500 2.678395
v -1.653046 1.940264 2.676845
v -1.652166 1.940474 2.679966
v -1.647712 1.937910 2.681046
v -1.657436 1.944525 2.676756
v -1.655261 1.942905 2.679695
v -1.656387 1.942823 2.682555
v -1.652654 1.940917 2.683975
v -1.654144 1.938535 2.686376
v -1.649602 1.936164 2.688136
v -1.647485 1.938056 2.685457
v -1.657135 1.940976 2.684983
v -1.644438 1.935789 2.682366
v -1.645106 1.933581 2.681319
v -1.659588 1.945909 2.681608
v -1.660184 1.942293 2.673044
v -1.654844 1.938206 2.674798
v -1.650305 1.934227 2.677239
v -1.647015 1.931206 2.680780
v -1.656726 1.935186 2.674484
v -1.652057 1.931801 2.677337
v -1.649315 1.929791 2.680775
v -1.658787 1.932106 2.676269
v -1.653732 1.929716 2.679057
v -1.665006 1.936723 2.674098
v -1.662735 1.939444 2.672258
v -1.651224 1.929123 2.681072
v -1.643600 1.932069 2.685851
v -1.645887 1.929974 2.685020
v -1.643012 1.935391 2.686474
v -1.655840 1.936993 2.687157
v -1.651070 1.934127 2.688438
v -1.657261 1.934998 2.688134
v -1.652188 1.932270 2.689035
v -1.646493 1.932389 2.689038
v -1.645795 1.934466 2.689030
v -1.668289 1.939134 2.673141
v -1.669915 1.936946 2.677298
v -1.666915 1.934667 2.678087
v -1.660449 1.930149 2.680449
v -1.667213 1.933997 2.682565
v -1.664902 1.935719 2.685858
v -1.659134 1.932723 2.687321
v -1.660619 1.930581 2.684707
v -1.653873 1.930608 2.688028
v -1.655426 1.928989 2.685834
v -1.655190 1.928463 2.682280
v -1.650294 1.929040 2.687205
v -1.648138 1.930259 2.688439
v -1.648699 1.928767 2.684122
v -1.652280 1.928386 2.685766
v -1.651529 1.928314 2.683365
v -1.689248 1.928486 2.682722
v -1.689913 1.923869 2.686060
v -1.694217 1.925286 2.685650
v -1.693720 1.929294 2.682250
v -1.690289 1.937879 2.686523
v -1.688920 1.936162 2.683923
v -1.695186 1.937608 2.682224
v -1.697506 1.940060 2.684628
v -1.691435 1.936743 2.691224
v -1.699575 1.939275 2.690398
v -1.702765 1.938823 2.681312
v -1.699482 1.936185 2.678908
v -1.707204 1.930584 2.673672
v -1.711138 1.932922 2.675448
v -1.688574 1.932739 2.682599
v -1.694034 1.933469 2.681334
v -1.701102 1.922132 2.690244
v -1.699642 1.921827 2.687180
v -1.695067 1.923234 2.689686
v -1.695987 1.923757 2.692777
v -1.704876 1.921971 2.674594
v -1.705711 1.918148 2.677951
v -1.705366 1.926359 2.673369
v -1.703492 1.925880 2.692425
v -1.705983 1.932211 2.691782
v -1.714499 1.925042 2.685222
v -1.711807 1.919564 2.686141
v -1.697723 1.931840 2.678692
v -1.697616 1.923376 2.683008
v -1.697227 1.927366 2.679623
v -1.706127 1.937164 2.686506
v -1.699176 1.933453 2.694727
v -1.681850 1.925303 2.697045
v -1.691722 1.926425 2.695898
v -1.691625 1.922327 2.693792
v -1.682517 1.921526 2.695381
v -1.697690 1.927269 2.694966
v -1.692127 1.932042 2.695158
v -1.681322 1.926065 2.683883
v -1.682398 1.922188 2.687225
v -1.680165 1.930164 2.684007
v -1.714599 1.930907 2.680419
v -1.708832 1.915704 2.685308
v -1.679577 1.935385 2.688257
v -1.679499 1.933418 2.685413
v -1.690933 1.921647 2.690259
v -1.683057 1.920267 2.691762
v -1.681378 1.930353 2.696367
v -1.680898 1.934673 2.692670
v -1.674417 1.928320 2.696945
v -1.673315 1.932584 2.693457
v -1.672415 1.933391 2.688910
v -1.673433 1.931277 2.685977
v -1.674976 1.928459 2.684647
v -1.675704 1.923274 2.696878
v -1.677291 1.920348 2.694946
v -1.678498 1.919764 2.691770
v -1.671934 1.920298 2.696545
v -1.669501 1.924344 2.695773
v -1.657352 1.923093 2.686919
v -1.661483 1.925936 2.687249
v -1.661113 1.925348 2.689215
v -1.656881 1.923314 2.689024
v -1.666027 1.929492 2.688982
v -1.663968 1.927620 2.690145
v -1.665252 1.926911 2.692772
v -1.661275 1.924775 2.692852
v -1.663761 1.921867 2.694728
v -1.659611 1.919916 2.694711
v -1.657060 1.922582 2.692661
v -1.666198 1.924546 2.694944
v -1.654050 1.921859 2.689384
v -1.654041 1.920832 2.687835
v -1.668416 1.928890 2.692924
v -1.668113 1.928459 2.685619
v -1.663096 1.925004 2.684968
v -1.658682 1.921785 2.684934
v -1.655858 1.918918 2.686229
v -1.665308 1.922670 2.683900
v -1.660914 1.919737 2.684185
v -1.658402 1.917342 2.685597
v -1.667435 1.919917 2.684287
v -1.662851 1.917621 2.684830
v -1.673156 1.923272 2.684881
v -1.670556 1.925994 2.684362
v -1.660449 1.916531 2.685852
v -1.653563 1.918258 2.691149
v -1.655554 1.916105 2.689806
v -1.653534 1.920657 2.692459
v -1.665535 1.920050 2.695830
v -1.661147 1.917794 2.695160
v -1.667278 1.917618 2.695538
v -1.662526 1.915808 2.694752
v -1.656858 1.917266 2.694309
v -1.656214 1.918951 2.694491
v -1.676675 1.925141 2.685206
v -1.678232 1.921754 2.687881
v -1.675055 1.920132 2.687197
v -1.669204 1.916792 2.686732
v -1.675663 1.917965 2.690855
v -1.673645 1.918071 2.694169
v -1.668709 1.915718 2.693552
v -1.669788 1.915087 2.690484
v -1.663892 1.914619 2.693246
v -1.664877 1.914104 2.690671
v -1.664284 1.915170 2.687089
v -1.660356 1.914148 2.691577
v -1.658509 1.915216 2.693176
v -1.658341 1.915063 2.688500
v -1.661907 1.913844 2.690105
v -1.660857 1.914808 2.687745
v -1.707337 1.916297 2.681883
v -1.700679 1.907465 2.698675
v -1.701875 1.904022 2.700330
v -1.704437 1.904751 2.699430
v -1.703660 1.908177 2.697446
v -1.701417 1.914239 2.704613
v -1.700147 1.913824 2.701233
v -1.705287 1.915612 2.699110
v -1.707001 1.916623 2.702554
v -1.703785 1.910903 2.707765
v -1.708745 1.913563 2.706825
v -1.712152 1.916299 2.698618
v -1.709550 1.915149 2.695353
v -1.717330 1.910789 2.687904
v -1.721677 1.911240 2.690079
v -1.720089 1.893490 2.693450
v -1.718364 1.893059 2.689136
v -1.712623 1.896709 2.694899
v -1.715647 1.896207 2.698122
v -1.700051 1.911003 2.699286
v -1.704299 1.912320 2.697267
v -1.709525 1.900604 2.703953
v -1.707544 1.901278 2.700408
v -1.705443 1.902036 2.702008
v -1.706581 1.900643 2.705086
v -1.715599 1.894970 2.685792
v -1.714495 1.899795 2.683717
v -1.711850 1.902575 2.688394
v -1.711005 1.899483 2.692087
v -1.713584 1.906757 2.688207
v -1.712344 1.902807 2.706163
v -1.713853 1.907865 2.706646
v -1.722895 1.901327 2.699450
v -1.718937 1.897731 2.699831
v -1.707223 1.911843 2.694975
v -1.706944 1.903914 2.697204
v -1.705929 1.907894 2.695584
v -1.714738 1.913728 2.703032
v -1.708928 1.907458 2.708436
v -1.697602 1.898780 2.710538
v -1.703961 1.900872 2.709406
v -1.703598 1.899038 2.706328
v -1.697899 1.897386 2.707943
v -1.707276 1.902666 2.708067
v -1.703679 1.905267 2.710259
v -1.694822 1.905642 2.699930
v -1.696629 1.902011 2.701260
v -1.693752 1.908765 2.700834
v -1.725033 1.908368 2.694682
v -1.693675 1.911398 2.706373
v -1.693101 1.910946 2.703064
v -1.702807 1.901126 2.703083
v -1.697530 1.898933 2.704228
v -1.696881 1.902538 2.711335
v -1.695604 1.908056 2.709436
v -1.691297 1.900067 2.711641
v -1.689519 1.906211 2.710847
v -1.688780 1.909195 2.707235
v -1.689048 1.909303 2.703918
v -1.690126 1.907481 2.701732
v -1.692281 1.896425 2.710399
v -1.693189 1.895830 2.707546
v -1.693286 1.897958 2.704780
v -1.688103 1.895151 2.709306
v -1.686082 1.898680 2.710767
v -1.676333 1.904812 2.704112
v -1.679939 1.906371 2.704931
v -1.679484 1.905170 2.706686
v -1.676130 1.904397 2.705929
v -1.684415 1.907375 2.706989
v -1.682506 1.905784 2.707877
v -1.683840 1.903463 2.709531
v -1.679905 1.902844 2.709084
v -1.680861 1.898790 2.710296
v -1.676904 1.898036 2.709436
v -1.676063 1.902239 2.708979
v -1.683630 1.900134 2.710417
v -1.673526 1.903602 2.706025
v -1.673122 1.903159 2.704315
v -1.686443 1.904247 2.709983
v -1.685658 1.908101 2.703901
v -1.680724 1.906436 2.702954
v -1.676378 1.904366 2.702154
v -1.673544 1.901734 2.702533
v -1.682222 1.905133 2.701386
v -1.677718 1.902984 2.700901
v -1.675182 1.900582 2.701529
v -1.683885 1.902672 2.700648
v -1.679265 1.901080 2.700539
v -1.688875 1.903869 2.700845
v -1.687286 1.906688 2.701859
v -1.676730 1.899906 2.701041
v -1.672053 1.899850 2.706240
v -1.673016 1.898670 2.704142
v -1.672709 1.901243 2.708409
v -1.681812 1.896400 2.709908
v -1.677297 1.895787 2.708930
v -1.683282 1.894653 2.708446
v -1.678049 1.894687 2.707285
v -1.673759 1.896890 2.707798
v -1.674072 1.898246 2.709058
v -1.691636 1.904423 2.700630
v -1.692736 1.901067 2.701953
v -1.690078 1.900170 2.701653
v -1.684991 1.899217 2.701228
v -1.690108 1.896779 2.704066
v -1.689600 1.894689 2.706596
v -1.684064 1.894390 2.706249
v -1.684888 1.895849 2.703413
v -1.679031 1.894723 2.705070
v -1.679944 1.895941 2.702869
v -1.680056 1.898401 2.701112
v -1.675882 1.896292 2.703884
v -1.674558 1.896121 2.705647
v -1.674715 1.898247 2.702683
v -1.677159 1.896708 2.702681
v -1.676730 1.898229 2.701763
v -1.722215 1.895400 2.695632
v -1.683047 1.904174 2.616927
v -1.684064 1.903559 2.621505
v -1.676294 1.892489 2.628402
v -1.680451 1.897199 2.628326
v -1.672321 1.889488 2.624381
v -1.671551 1.893099 2.615097
v -1.670935 1.890373 2.619312
v -1.682913 1.901197 2.625332
v -1.680122 1.902921 2.613091
v -1.674942 1.897714 2.612052
v -1.671507 1.906506 2.615825
v -1.666102 1.902289 2.615013
v -1.662995 1.896003 2.618685
v -1.664431 1.893536 2.622842
v -1.667632 1.892509 2.626863
v -1.676824 1.908277 2.618970
v -1.678718 1.907865 2.622612
v -1.678693 1.904707 2.626525
v -1.669229 1.912652 2.620964
v -1.661338 1.913005 2.620440
v -1.648519 1.907724 2.629726
v -1.651636 1.904108 2.628032
v -1.650788 1.907047 2.625256
v -1.647779 1.909779 2.626503
v -1.655429 1.901867 2.624620
v -1.653388 1.905988 2.624007
v -1.654955 1.909643 2.621783
v -1.651858 1.911625 2.622155
v -1.656778 1.913254 2.621073
v -1.654905 1.916095 2.621499
v -1.648232 1.914075 2.623031
v -1.645642 1.912516 2.627402
v -1.645943 1.916298 2.625452
v -1.646509 1.912211 2.630324
v -1.657989 1.907455 2.620448
v -1.658772 1.896817 2.627889
v -1.653904 1.901702 2.631200
v -1.650543 1.907063 2.633106
v -1.649357 1.912435 2.633125
v -1.657861 1.901932 2.634519
v -1.654439 1.908082 2.635619
v -1.653085 1.912971 2.634807
v -1.662490 1.905025 2.635590
v -1.658055 1.910456 2.635925
v -1.668707 1.897774 2.633170
v -1.663393 1.895486 2.631083
v -1.655924 1.913286 2.635152
v -1.646653 1.917751 2.629094
v -1.650306 1.917735 2.631627
v -1.658706 1.917719 2.622627
v -1.651757 1.918448 2.622384
v -1.655017 1.920524 2.624294
v -1.663140 1.917883 2.624427
v -1.658176 1.920894 2.626933
v -1.650688 1.920986 2.626365
v -1.648645 1.919383 2.623907
v -1.672280 1.894885 2.629888
v -1.676345 1.899914 2.629453
v -1.672981 1.902871 2.631830
v -1.666276 1.909230 2.633785
v -1.674281 1.908277 2.628879
v -1.673459 1.911828 2.624026
v -1.666311 1.916872 2.627388
v -1.667608 1.913864 2.630823
v -1.660711 1.919514 2.629914
v -1.661753 1.916868 2.632324
v -1.660600 1.913670 2.634545
v -1.656554 1.919343 2.631670
v -1.653774 1.920876 2.629359
v -1.653975 1.916864 2.633319
v -1.658313 1.917637 2.632864
v -1.656964 1.915714 2.634164
v -1.720940 1.890172 2.687343
v -1.717565 1.892416 2.682963
v -1.720059 1.888009 2.680786
v -1.721301 1.881477 2.678485
v -1.726718 1.874689 2.679958
v -1.719601 1.883880 2.672891
v -1.718036 1.890728 2.675579
v -1.714917 1.897757 2.678227
v -1.720421 1.880657 2.665517
v -1.763923 1.903132 2.294362
v -1.760621 1.904685 2.294136
v -1.761643 1.897577 2.294565
v -1.764580 1.897723 2.294187
v -1.753877 1.898201 2.293131
v -1.758232 1.897703 2.294188
v -1.756470 1.905719 2.292481
v -1.751930 1.906906 2.288820
v -1.748029 1.902464 2.282715
v -1.746861 1.901696 2.282450
v -1.746939 1.901004 2.282675
v -1.748245 1.900739 2.283825
v -1.749379 1.900754 2.286689
v -1.769778 1.899123 2.293020
v -1.768719 1.900363 2.293218
v -1.766618 1.901855 2.293995
v -1.750513 1.899540 2.290079
v -1.768462 1.898002 2.292824
v -1.769708 1.898529 2.292891
v -1.749927 1.906114 2.284754
v -1.754208 1.901092 2.293986
v -1.758463 1.900317 2.294808
v -1.754849 1.904394 2.293627
v -1.751223 1.904948 2.290109
v -1.749735 1.901484 2.283924
v -1.749538 1.902366 2.287223
v -1.761878 1.899662 2.294984
v -1.750631 1.902076 2.290660
v -1.759041 1.902938 2.294775
v -1.750646 1.904050 2.286216
v -1.749459 1.902755 2.284442
v -1.769180 1.899251 2.292636
v -1.769129 1.898825 2.292561
v -1.765887 1.675847 2.251528
v -1.761451 1.659880 2.260133
v -1.762360 1.901828 2.295073
v -1.766416 1.899255 2.293889
v -1.764574 1.899352 2.294574
v -1.764892 1.900928 2.294612
v -1.766652 1.900143 2.293943
v -1.868188 1.693705 2.399129
v -1.872299 1.708430 2.396407
v -1.914057 1.723120 2.391397
v -1.930240 1.713040 2.388781
v -1.755230 1.409991 2.312248
v -1.883007 1.435379 2.192479
v -1.890723 1.459094 2.189307
v -1.846691 1.457860 2.134059
v -1.859944 1.452634 2.145295
v -1.853682 1.422936 2.285536
v -1.859102 1.443020 2.284520
v -1.798923 1.422080 2.306137
v -1.803854 1.440878 2.304430
v -1.832655 1.403600 2.299248
v -1.860767 1.393283 2.166342
v -1.868482 1.390118 2.181210
v -1.871120 1.415516 2.178160
v -1.864360 1.419522 2.162484
v -1.831605 1.463044 2.126479
v -1.825374 1.435868 2.130722
v -1.879544 1.465233 2.269939
v -1.891875 1.466455 2.251607
v -1.898420 1.473867 2.210163
v -1.895542 1.480776 2.190563
v -1.889316 1.488800 2.173414
v -1.880736 1.496743 2.157599
v -1.790217 1.461561 2.306567
v -1.775802 1.482167 2.303934
v -1.862923 1.464118 2.284176
v -1.733623 1.466806 2.297009
v -1.878237 1.526985 2.141494
v -1.863056 1.530881 2.126678
v -1.897799 1.469273 2.231257
v -1.757728 1.624990 2.290163
v -1.771092 1.627236 2.297214
v -1.765463 1.612492 2.305327
v -1.752679 1.609207 2.297868
v -1.778157 1.614362 2.311915
v -1.790999 1.615281 2.316923
v -1.803148 1.615592 2.320271
v -1.831697 1.613508 2.320707
v -1.823357 1.614421 2.321908
v -1.847105 1.607392 2.316302
v -1.839077 1.611675 2.319053
v -1.857208 1.597344 2.311764
v -1.867756 1.585059 2.305890
v -1.881974 1.588834 2.294487
v -1.878850 1.573426 2.298341
v -1.863732 1.569906 2.310150
v -1.853760 1.582518 2.316664
v -1.843707 1.592038 2.321451
v -1.737390 1.542820 2.299989
v -1.734995 1.566786 2.301331
v -1.769069 1.690809 2.243688
v -1.865213 1.720851 2.598308
v -1.782883 1.822061 2.586520
v -1.843128 1.700735 2.132095
v -1.861131 1.702790 2.140711
v -1.908270 1.712061 2.179807
v -1.910482 1.725028 2.198149
v -1.898733 1.702235 2.162273
v -1.882753 1.695673 2.148684
v -1.845274 1.482812 2.293975
v -1.868279 1.671613 2.136642
v -1.887021 1.686347 2.147720
v -1.906631 1.692209 2.162334
v -1.918200 1.702187 2.182279
v -1.922141 1.717373 2.204802
v -1.926482 1.720479 2.218054
v -1.937907 1.709845 2.233397
v -1.938544 1.714144 2.243566
v -1.939801 1.718319 2.255583
v -1.931233 1.734399 2.259654
v -1.930488 1.730085 2.248734
v -1.937812 1.714948 2.353632
v -1.938407 1.706048 2.370813
v -1.941558 1.693585 2.380870
v -1.942765 1.679428 2.386874
v -1.941450 1.670413 2.388590
v -1.939344 1.661542 2.385201
v -1.936994 1.654344 2.372839
v -1.924994 1.640760 2.330209
v -1.922550 1.636667 2.310066
v -1.930269 1.609048 2.253308
v -1.930112 1.602537 2.239879
v -1.924026 1.575491 2.212670
v -1.918314 1.561485 2.201399
v -1.913524 1.543912 2.191133
v -1.852449 1.273033 2.182127
v -1.865461 1.276206 2.197805
v -1.862608 1.299229 2.194694
v -1.850221 1.296564 2.179431
v -1.826725 1.347716 2.153499
v -1.810534 1.352347 2.143546
v -1.875823 1.310945 2.254886
v -1.868678 1.316985 2.276743
v -1.871617 1.303189 2.212440
v -1.876248 1.305622 2.232941
v -1.855414 1.322737 2.294748
v -1.774089 1.335256 2.328034
v -1.752561 1.338542 2.329624
v -1.712338 1.346801 2.326118
v -1.695426 1.350945 2.318620
v -1.837646 1.327077 2.309056
v -1.731218 1.342641 2.330591
v -1.817728 1.329527 2.318315
v -1.795860 1.332223 2.324138
v -1.839347 1.345025 2.165344
v -1.837538 1.320690 2.166444
v -1.849421 1.319442 2.178287
v -1.869740 1.595325 2.121433
v -1.886692 1.597646 2.134096
v -1.902920 1.602067 2.147969
v -1.918515 1.621189 2.162576
v -1.916393 1.607796 2.162977
v -1.928112 1.614113 2.180654
v -1.930292 1.626225 2.180660
v -1.938772 1.637327 2.223277
v -1.937046 1.628015 2.221844
v -1.938074 1.632767 2.239402
v -1.940558 1.640969 2.238108
v -1.939704 1.635804 2.253537
v -1.939874 1.640434 2.268380
v -1.938386 1.646306 2.284752
v -1.938365 1.652920 2.301516
v -1.946354 1.672150 2.291257
v -1.944794 1.667470 2.276775
v -1.940435 1.647336 2.223319
v -1.938437 1.643284 2.204839
v -1.867789 1.621070 2.127918
v -1.849267 1.618439 2.119874
v -1.890261 1.568792 2.289156
v -1.902038 1.565698 2.278394
v -1.911451 1.565514 2.266504
v -1.918482 1.567798 2.254552
v -1.923010 1.572424 2.243149
v -1.926093 1.578598 2.231560
v -1.929470 1.594673 2.229695
v -1.927811 1.585850 2.221228
v -1.930961 1.602231 2.224585
v -1.929280 1.593909 2.212899
v -1.931061 1.602536 2.206247
v -1.932876 1.611951 2.201743
v -1.934944 1.621747 2.200658
v -1.936943 1.631982 2.201786
v -1.932879 1.638527 2.183458
v -1.921138 1.634050 2.164909
v -1.906204 1.644334 2.151852
v -1.909329 1.656796 2.155275
v -1.904941 1.630512 2.149406
v -1.903365 1.616791 2.147429
v -1.878930 1.738830 2.179090
v -1.869737 1.734621 2.163406
v -1.940688 1.664150 2.359578
v -1.939861 1.660178 2.358154
v -1.938850 1.657859 2.364406
v -1.940481 1.663684 2.370286
v -1.941782 1.670775 2.371655
v -1.943403 1.678426 2.356611
v -1.941725 1.668961 2.359453
v -1.943068 1.679713 2.369840
v -1.943194 1.691054 2.364830
v -1.944544 1.688137 2.351935
v -1.942392 1.701261 2.356798
v -1.944901 1.697134 2.346071
v -1.942427 1.708051 2.345596
v -1.944910 1.703209 2.340592
v -1.948518 1.699920 2.300349
v -1.947878 1.702459 2.315130
v -1.946280 1.703485 2.329655
v -1.940072 1.658351 2.318281
v -1.941367 1.663786 2.333158
v -1.941642 1.667755 2.347477
v -1.943882 1.676409 2.343266
v -1.944201 1.671798 2.328935
v -1.943644 1.666474 2.313319
v -1.869328 1.606655 2.123687
v -1.886386 1.612871 2.133466
v -1.941779 1.645542 2.251840
v -1.942043 1.650166 2.264226
v -1.942209 1.655819 2.277703
v -1.942841 1.661827 2.295550
v -1.944366 1.661629 2.261736
v -1.943346 1.656964 2.249295
v -1.941722 1.652213 2.237171
v -1.887097 1.626376 2.137449
v -1.851778 1.602704 2.114801
v -1.860584 1.723284 2.299175
v -1.874473 1.743335 2.289700
v -1.895400 1.751962 2.279985
v -1.916259 1.748009 2.268798
v -1.881013 1.659293 2.535601
v -1.820602 1.409876 2.134593
v -1.815707 1.381906 2.138899
v -1.831231 1.375225 2.147634
v -1.846949 1.532262 2.115325
v -1.853729 1.592588 2.109171
v -1.804690 1.585859 2.335290
v -1.793861 1.586528 2.334154
v -1.797881 1.601274 2.327726
v -1.808960 1.600569 2.329044
v -1.823964 1.583642 2.332773
v -1.815057 1.584610 2.334775
v -1.818925 1.599204 2.328766
v -1.828012 1.597897 2.327427
v -1.832366 1.581384 2.329911
v -1.836049 1.595933 2.324808
v -1.812068 1.569061 2.338131
v -1.801963 1.569892 2.339343
v -1.791704 1.570446 2.338645
v -1.828925 1.567188 2.332662
v -1.820964 1.568429 2.335637
v -1.730023 1.791765 2.263145
v -1.721131 1.796783 2.275812
v -1.712263 1.836510 2.286020
v -1.713906 1.840500 2.284080
v -1.774378 1.712028 2.229356
v -1.776219 1.721351 2.224355
v -1.736573 1.587562 2.297731
v -1.744857 1.621414 2.283608
v -1.751879 1.629662 2.274566
v -1.756958 1.643522 2.267212
v -1.771223 1.702307 2.236398
v -1.740154 1.605034 2.291459
v -1.821285 1.125343 2.295636
v -1.803450 1.105457 2.281749
v -1.823599 1.126867 2.270591
v -1.810282 1.112678 2.259794
v -1.859052 1.192379 2.265020
v -1.846784 1.168440 2.269947
v -1.870140 1.218554 2.258892
v -1.794934 1.104429 2.243011
v -1.776560 1.103075 2.224462
v -1.790193 1.117054 2.207697
v -1.864747 1.209701 2.235885
v -1.854245 1.184846 2.242582
v -1.824900 1.129129 2.256827
v -1.835487 1.145361 2.272788
v -1.832819 1.141826 2.253297
v -1.805498 1.117679 2.227631
v -1.816573 1.122418 2.245731
v -1.822203 1.275065 2.157054
v -1.799843 1.256753 2.143149
v -1.821066 1.251606 2.158731
v -1.875211 1.281014 2.216336
v -1.866301 1.252975 2.201931
v -1.825168 1.136946 2.235832
v -1.816198 1.133985 2.215510
v -1.801853 1.134388 2.194015
v -1.831383 1.202639 2.176131
v -1.823722 1.179026 2.178793
v -1.837033 1.178386 2.199491
v -1.845036 1.202188 2.195132
v -1.862502 1.229220 2.208027
v -1.855868 1.204565 2.214418
v -1.836190 1.225945 2.174255
v -1.850502 1.226629 2.190664
v -1.853368 1.250129 2.185784
v -1.846812 1.179611 2.220944
v -1.794355 1.159079 2.165256
v -1.813568 1.155789 2.184000
v -1.769987 1.168053 2.152325
v -1.838324 1.249803 2.171631
v -1.838012 1.273148 2.168977
v -1.837355 1.296651 2.167170
v -1.844463 1.371471 2.158932
v -1.648808 1.103490 2.519383
v -1.651682 1.176815 2.301336
v -1.654860 1.163904 2.283527
v -1.821015 1.217350 2.367211
v -1.833934 1.159455 2.326938
v -1.835987 1.150481 2.297580
v -1.669499 1.212363 2.347882
v -1.657453 1.196736 2.330417
v -1.801732 1.232833 2.372482
v -1.741519 1.235212 2.384033
v -1.650755 1.186648 2.315423
v -1.842995 1.161546 2.248996
v -1.835659 1.156103 2.227914
v -1.827254 1.154381 2.205756
v -1.782580 1.138794 2.173974
v -1.758990 1.148492 2.160582
v -1.671347 1.252554 2.324303
v -1.668278 1.260591 2.322562
v -1.661905 1.260998 2.318490
v -1.660508 1.249990 2.318337
v -1.768312 1.320683 2.330585
v -1.746265 1.324581 2.331582
v -1.706515 1.332077 2.324668
v -1.689864 1.336196 2.318457
v -1.835181 1.310612 2.315205
v -1.725414 1.328073 2.328770
v -1.814059 1.313605 2.323478
v -1.790876 1.316983 2.327839
v -1.467092 0.711030 2.412260
v -1.456598 0.686284 2.410713
v -1.461498 0.687217 2.397616
v -1.470147 0.713460 2.399819
v -1.492376 0.711668 2.382787
v -1.480299 0.713686 2.385956
v -1.505909 0.707201 2.384099
v -1.492185 0.681531 2.377376
v -1.500746 0.677256 2.384320
v -1.516158 0.701555 2.390199
v -1.520338 0.698061 2.399440
v -1.508416 0.671623 2.404809
v -1.503733 0.670489 2.421980
v -1.517660 0.691790 2.429157
v -1.521617 0.695109 2.411789
v -1.505285 0.690939 2.443557
v -1.493104 0.670703 2.437265
v -1.489188 0.693320 2.450001
v -1.466863 0.706597 2.426511
v -1.454733 0.684098 2.426437
v -1.479997 0.685700 2.377004
v -1.469500 0.687171 2.382512
v -1.473339 0.714087 2.392009
v -1.466068 0.687211 2.389786
v -1.447068 0.662304 2.397844
v -1.437894 0.664990 2.410667
v -1.466882 0.659189 2.371271
v -1.459493 0.660418 2.380582
v -1.486362 0.652672 2.380560
v -1.478799 0.655984 2.370314
v -1.499782 0.646833 2.400048
v -1.505533 0.674238 2.393962
v -1.493260 0.649700 2.390221
v -1.495379 0.647646 2.416608
v -1.484466 0.650191 2.435486
v -1.441721 0.663343 2.429399
v -1.454402 0.660610 2.388933
v -1.468387 0.596465 2.585262
v -1.461562 0.598284 2.586272
v -1.464373 0.602570 2.584650
v -1.468450 0.600848 2.584011
v -1.434182 0.610783 2.592799
v -1.422935 0.612126 2.590419
v -1.427194 0.620570 2.590899
v -1.435365 0.619605 2.592990
v -1.449550 0.604899 2.593736
v -1.456979 0.602237 2.593398
v -1.453513 0.598937 2.590696
v -1.449078 0.600667 2.590817
v -1.488280 0.587778 2.558087
v -1.492812 0.585111 2.556007
v -1.490884 0.581917 2.555124
v -1.486810 0.583444 2.556639
v -1.475762 0.592021 2.575238
v -1.480567 0.589260 2.573150
v -1.478333 0.586575 2.571699
v -1.474590 0.587475 2.572612
v -1.438973 0.619049 2.570541
v -1.438665 0.620447 2.583948
v -1.426359 0.621521 2.581479
v -1.426026 0.623968 2.567047
v -1.417042 0.615345 2.578893
v -1.422185 0.607788 2.577746
v -1.420422 0.605568 2.564065
v -1.416210 0.615146 2.563474
v -1.433666 0.603822 2.580519
v -1.433253 0.602326 2.568082
v -1.442721 0.608263 2.571249
v -1.444118 0.609699 2.585025
v -1.459573 0.602742 2.573506
v -1.461784 0.601665 2.585374
v -1.458275 0.608982 2.585657
v -1.457207 0.611060 2.573057
v -1.450640 0.611582 2.586299
v -1.447172 0.614264 2.574144
v -1.441347 0.606933 2.574124
v -1.443177 0.607417 2.587026
v -1.446119 0.600161 2.584347
v -1.443848 0.599957 2.571960
v -1.452575 0.597788 2.571959
v -1.454559 0.597194 2.583682
v -1.472677 0.603984 2.567667
v -1.470296 0.601270 2.578354
v -1.463408 0.603523 2.578831
v -1.462935 0.606730 2.569206
v -1.457237 0.598748 2.579743
v -1.460673 0.593363 2.578767
v -1.460088 0.593508 2.568608
v -1.456680 0.599626 2.570227
v -1.468890 0.591125 2.567824
v -1.467383 0.590970 2.578547
v -1.474988 0.596381 2.568759
v -1.473170 0.594874 2.579046
v -1.487966 0.589476 2.556805
v -1.484363 0.587907 2.566327
v -1.483840 0.594393 2.566593
v -1.486853 0.597116 2.556505
v -1.478959 0.597396 2.567902
v -1.479405 0.599708 2.559518
v -1.473303 0.594755 2.569008
v -1.473184 0.587310 2.567622
v -1.474815 0.587552 2.559705
v -1.474898 0.595439 2.561868
v -1.479689 0.584400 2.566220
v -1.482114 0.584484 2.556925
v -1.498980 0.590774 2.541421
v -1.498136 0.583957 2.539839
v -1.497080 0.584019 2.549575
v -1.497320 0.589885 2.550133
v -1.491446 0.592653 2.552168
v -1.492927 0.593882 2.545429
v -1.486598 0.589349 2.552689
v -1.485522 0.582763 2.551710
v -1.486815 0.582383 2.545362
v -1.489177 0.589504 2.547369
v -1.491613 0.580012 2.550168
v -1.492838 0.580320 2.541633
v -1.426056 0.624137 2.552956
v -1.441950 0.616091 2.557503
v -1.424592 0.608621 2.586555
v -1.416201 0.613342 2.549260
v -1.431040 0.606677 2.587871
v -1.436536 0.599837 2.556678
v -1.420938 0.603684 2.550061
v -1.441202 0.607596 2.565183
v -1.456796 0.607388 2.592023
v -1.456633 0.601416 2.564717
v -1.454507 0.593744 2.556756
v -1.452443 0.608926 2.592183
v -1.458808 0.610530 2.557376
v -1.474989 0.602891 2.550460
v -1.462420 0.594106 2.584378
v -1.466167 0.592999 2.584160
v -1.471436 0.587130 2.551865
v -1.475149 0.595962 2.559705
v -1.481472 0.593342 2.572236
v -1.489282 0.589567 2.547489
v -1.484580 0.581641 2.542317
v -1.478738 0.595094 2.572806
v -1.490169 0.597068 2.540717
v -1.492992 0.588479 2.554482
v -1.500164 0.583008 2.528465
v -1.493165 0.577978 2.531881
v -1.490686 0.590401 2.556039
v -1.500427 0.591903 2.531188
v -1.469215 0.702126 2.438848
v -1.458486 0.681172 2.438667
v -1.476679 0.697989 2.446900
v -1.479212 0.673567 2.445740
v -1.467633 0.678020 2.445249
v -1.447836 0.662374 2.444723
v -1.471291 0.653931 2.446393
v -1.459556 0.660221 2.450043
v -1.493560 0.627825 2.395325
v -1.492182 0.628205 2.411539
v -1.484562 0.630872 2.385010
v -1.468370 0.634990 2.363562
v -1.477801 0.632643 2.373711
v -1.440833 0.648819 2.453662
v -1.433620 0.646371 2.435188
v -1.455614 0.647449 2.460128
v -1.469702 0.640319 2.454466
v -1.423056 0.627119 2.536366
v -1.423157 0.624170 2.516351
v -1.439720 0.629962 2.519294
v -1.441330 0.623726 2.538687
v -1.456496 0.623101 2.517878
v -1.457256 0.615604 2.536988
v -1.470689 0.613532 2.512572
v -1.472508 0.607950 2.531598
v -1.484014 0.604784 2.506151
v -1.487249 0.600783 2.524396
v -1.495420 0.594802 2.499420
v -1.499438 0.593128 2.516933
v -1.499793 0.583198 2.496488
v -1.502432 0.582457 2.514442
v -1.412405 0.613025 2.532638
v -1.415114 0.610550 2.512763
v -1.419282 0.599161 2.532483
v -1.420745 0.595706 2.512799
v -1.435213 0.593922 2.532938
v -1.435625 0.590247 2.512855
v -1.493171 0.573258 2.498839
v -1.493651 0.574231 2.517322
v -1.452662 0.588618 2.530544
v -1.452747 0.585842 2.510271
v -1.468159 0.581562 2.526483
v -1.468072 0.579307 2.506360
v -1.481689 0.576186 2.521665
v -1.481380 0.574032 2.502159
v -1.436475 0.633552 2.497443
v -1.455325 0.632126 2.497516
v -1.468752 0.621748 2.491149
v -1.480874 0.610254 2.483928
v -1.490287 0.596908 2.477330
v -1.496320 0.584966 2.475067
v -1.482687 0.616281 2.456794
v -1.486179 0.596760 2.451983
v -1.490236 0.584379 2.452748
v -1.484103 0.595512 2.427495
v -1.484780 0.583129 2.429483
v -1.478287 0.592383 2.387693
v -1.478689 0.577450 2.388574
v -1.481813 0.581159 2.406916
v -1.481425 0.594266 2.405123
v -1.484946 0.613404 2.429915
v -1.484628 0.611895 2.407301
v -1.481909 0.612046 2.390577
v -1.465634 0.577134 2.364805
v -1.474040 0.576010 2.375590
v -1.474329 0.591562 2.374883
v -1.469057 0.592729 2.362284
v -1.453876 0.595035 2.353724
v -1.450346 0.578538 2.358606
v -1.438391 0.597279 2.361922
v -1.434454 0.581842 2.365088
v -1.472295 0.613545 2.367064
v -1.477140 0.612028 2.378675
v -1.461028 0.615851 2.357734
v -1.447412 0.618565 2.364172
v -1.441740 0.620406 2.379859
v -1.432844 0.600226 2.379786
v -1.426319 0.585870 2.380985
v -1.425025 0.620790 2.493229
v -1.421496 0.608360 2.490384
v -1.469959 0.631322 2.470857
v -1.454699 0.640662 2.477206
v -1.435437 0.637788 2.469632
v -1.423698 0.620101 2.468288
v -1.424550 0.604712 2.466527
v -1.425957 0.600254 2.444469
v -1.423441 0.614410 2.443909
v -1.426223 0.596141 2.489556
v -1.431188 0.595614 2.466157
v -1.431793 0.591429 2.444376
v -1.424880 0.595760 2.424254
v -1.424692 0.609646 2.423267
v -1.424694 0.592389 2.408118
v -1.428415 0.606280 2.406544
v -1.430724 0.603519 2.393492
v -1.424432 0.589517 2.394925
v -1.433970 0.624029 2.403263
v -1.438021 0.622639 2.391750
v -1.428916 0.626888 2.420045
v -1.427874 0.631964 2.442293
v -1.490879 0.574853 2.476936
v -1.487323 0.575499 2.454443
v -1.481765 0.575635 2.431840
v -1.477404 0.571742 2.409854
v -1.472274 0.568168 2.392449
v -1.466964 0.567160 2.381277
v -1.447578 0.570514 2.368115
v -1.459758 0.567843 2.372035
v -1.436159 0.573442 2.372122
v -1.429654 0.575356 2.385329
v -1.427396 0.577314 2.397419
v -1.429119 0.585441 2.424622
v -1.427270 0.580445 2.409677
v -1.430001 0.644569 2.414371
v -1.437111 0.642874 2.399211
v -1.443590 0.641139 2.388971
v -1.456648 0.637977 2.367410
v -1.449713 0.639809 2.379702
v -1.438338 0.588834 2.489091
v -1.454272 0.583995 2.486686
v -1.468832 0.578456 2.483153
v -1.480673 0.574448 2.479858
v -1.478760 0.574347 2.456762
v -1.467896 0.577344 2.459095
v -1.453906 0.581621 2.462504
v -1.440689 0.588313 2.465046
v -1.474243 0.573229 2.434538
v -1.464715 0.574924 2.436858
v -1.451583 0.578209 2.439186
v -1.440085 0.583767 2.442984
v -1.436830 0.578053 2.423111
v -1.446889 0.573866 2.419250
v -1.459494 0.571487 2.416695
v -1.468427 0.570110 2.413432
v -1.463516 0.567848 2.397213
v -1.454895 0.569555 2.401131
v -1.443715 0.571828 2.403982
v -1.435156 0.574757 2.407805
v -1.459359 0.566963 2.387648
v -1.447061 0.568465 2.376232
v -1.454392 0.567134 2.380205
v -1.439458 0.569960 2.378364
v -1.435960 0.571430 2.387653
v -1.434921 0.572857 2.397353
v -1.442771 0.570762 2.395185
v -1.442318 0.570078 2.388136
v -1.452105 0.568971 2.392456
v -1.449672 0.568645 2.385796
v -1.442699 0.569543 2.382505
v -1.446649 0.568839 2.381434
v -1.481828 0.631780 2.436962
v -1.551232 0.940443 2.551395
v -1.541346 0.947730 2.542992
v -1.566515 0.938740 2.557615
v -1.775905 1.243708 2.373276
v -1.775565 1.406989 2.310238
v -1.785323 1.442161 2.307331
v -1.780023 1.423948 2.308544
v -1.767138 1.229644 2.389297
v -1.844674 1.462317 2.293681
v -1.813999 1.615495 2.321893
v -1.835458 1.879655 2.253843
v -1.835026 1.876119 2.251894
v -1.834774 1.872507 2.250178
v -1.834817 1.869858 2.247763
v -1.835942 1.868715 2.245522
v -1.837147 1.868104 2.243860
v -1.834921 1.873733 2.248694
v -1.836357 1.876387 2.244705
v -1.834943 1.877867 2.246342
v -1.835253 1.876003 2.250446
f 2 3 1
f 1 3 4
f 3 2 5
f 5 2 6
f 3 7 4
f 4 7 8
f 10 11 9
f 9 11 12
f 14 15 13
f 13 15 16
f 18 19 17
f 17 19 20
f 22 23 21
f 21 23 24
f 26 18 25
f 25 18 17
f 27 28 17
f 17 28 25
f 30 31 29
f 29 31 32
f 34 35 33
f 33 35 36
f 21 24 37
f 37 24 38
f 40 31 39
f 39 31 38
f 34 33 28
f 28 33 25
f 41 42 44
f 44 42 43
f 36 45 33
f 33 45 25
f 46 47 49
f 49 47 48
f 51 52 50
f 50 52 53
f 55 53 54
f 54 53 52
f 57 58 56
f 56 58 59
f 61 62 60
f 60 62 63
f 65 66 64
f 64 66 67
f 69 70 68
f 68 70 71
f 65 73 72
f 72 73 74
f 64 75 65
f 65 75 73
f 77 78 76
f 76 78 79
f 80 81 83
f 83 81 82
f 81 85 84
f 84 85 86
f 88 89 87
f 87 89 69
f 88 87 90
f 90 87 91
f 93 94 92
f 92 94 95
f 96 84 43
f 43 84 44
f 51 98 97
f 97 98 86
f 97 99 51
f 51 99 52
f 54 52 100
f 100 52 99
f 58 101 59
f 59 101 102
f 62 103 63
f 63 103 104
f 105 106 6
f 6 106 5
f 108 109 107
f 107 109 110
f 112 113 111
f 111 113 114
f 116 117 115
f 115 117 118
f 120 121 119
f 119 121 122
f 124 125 123
f 123 125 126
f 128 129 127
f 127 129 130
f 130 131 127
f 127 131 132
f 134 1 133
f 133 1 135
f 1 4 135
f 135 4 136
f 4 8 136
f 136 8 137
f 138 139 15
f 15 139 140
f 140 139 141
f 141 139 142
f 144 57 143
f 143 57 56
f 145 146 141
f 141 146 147
f 146 149 148
f 148 149 150
f 152 153 151
f 151 153 154
f 141 147 140
f 140 147 155
f 157 11 156
f 156 11 158
f 160 161 159
f 159 161 162
f 164 165 163
f 163 165 166
f 165 160 166
f 166 160 159
f 168 169 167
f 167 169 170
f 169 171 170
f 170 171 172
f 149 173 150
f 150 173 174
f 175 176 149
f 149 176 173
f 178 172 177
f 177 172 171
f 180 181 179
f 179 181 182
f 184 180 183
f 183 180 179
f 186 187 185
f 185 187 188
f 190 191 189
f 189 191 192
f 7 193 8
f 8 193 194
f 196 162 195
f 195 162 161
f 197 168 198
f 198 168 167
f 181 199 182
f 182 199 200
f 202 203 201
f 201 203 204
f 187 186 205
f 205 186 206
f 208 209 207
f 207 209 210
f 212 213 211
f 211 213 214
f 215 216 218
f 218 216 217
f 220 209 219
f 219 209 208
f 204 186 221
f 221 186 185
f 201 204 222
f 222 204 221
f 223 211 220
f 220 211 209
f 224 225 214
f 214 225 210
f 203 206 204
f 204 206 186
f 227 187 226
f 226 187 205
f 27 228 21
f 21 228 22
f 230 231 229
f 229 231 232
f 234 235 233
f 233 235 236
f 238 239 237
f 237 239 240
f 119 122 118
f 118 122 115
f 112 242 241
f 241 242 243
f 98 51 244
f 244 51 50
f 245 138 14
f 14 138 15
f 11 10 158
f 158 10 246
f 89 85 69
f 69 85 70
f 11 157 12
f 12 157 247
f 249 164 248
f 248 164 163
f 177 250 178
f 178 250 251
f 253 254 252
f 252 254 255
f 187 227 188
f 188 227 256
f 212 257 213
f 213 257 258
f 260 134 259
f 259 134 133
f 165 164 135
f 135 164 133
f 160 165 136
f 136 165 135
f 136 137 160
f 160 137 161
f 137 261 161
f 161 261 195
f 263 264 262
f 262 264 265
f 13 16 266
f 266 16 267
f 268 267 155
f 155 267 16
f 147 269 155
f 155 269 268
f 162 196 167
f 167 196 198
f 167 170 162
f 162 170 159
f 170 172 159
f 159 172 166
f 172 178 166
f 166 178 163
f 178 251 163
f 163 251 248
f 168 270 169
f 169 270 271
f 272 273 171
f 171 273 177
f 271 272 169
f 169 272 171
f 168 197 270
f 270 197 274
f 250 177 275
f 275 177 273
f 277 45 276
f 276 45 278
f 280 281 279
f 279 281 282
f 284 104 283
f 283 104 103
f 285 215 286
f 286 215 218
f 288 289 287
f 287 289 290
f 291 80 66
f 66 80 83
f 293 294 292
f 292 294 295
f 73 91 74
f 74 91 87
f 91 73 92
f 92 73 75
f 279 77 280
f 280 77 76
f 80 291 70
f 70 291 71
f 277 47 96
f 96 47 82
f 297 175 296
f 296 175 149
f 299 154 298
f 298 154 153
f 225 300 210
f 210 300 207
f 224 301 206
f 206 301 205
f 210 209 214
f 214 209 211
f 226 205 302
f 302 205 301
f 304 305 303
f 303 305 306
f 308 309 307
f 307 309 310
f 72 291 65
f 65 291 66
f 66 83 67
f 67 83 46
f 312 313 311
f 311 313 314
f 316 317 315
f 315 317 36
f 29 318 35
f 35 318 319
f 321 32 320
f 320 32 322
f 311 314 323
f 323 314 324
f 315 325 316
f 316 325 326
f 318 287 319
f 319 287 290
f 328 321 327
f 327 321 320
f 329 330 39
f 39 330 331
f 332 333 40
f 40 333 322
f 309 334 285
f 285 334 335
f 236 2 134
f 134 2 1
f 260 336 233
f 233 336 337
f 237 14 265
f 265 14 13
f 84 86 44
f 44 86 98
f 189 192 7
f 7 192 193
f 44 98 41
f 41 98 244
f 237 240 14
f 14 240 245
f 7 3 189
f 189 3 5
f 338 71 72
f 72 71 291
f 262 265 266
f 266 265 13
f 124 123 339
f 339 123 105
f 123 109 105
f 105 109 106
f 189 5 190
f 190 5 106
f 111 114 12
f 12 114 9
f 264 340 265
f 265 340 237
f 342 343 341
f 341 343 344
f 6 235 105
f 105 235 339
f 234 346 345
f 345 346 347
f 349 350 348
f 348 350 351
f 107 352 108
f 108 352 353
f 355 356 354
f 354 356 357
f 237 340 238
f 238 340 358
f 12 247 111
f 111 247 359
f 264 263 116
f 116 263 360
f 361 362 222
f 222 362 201
f 364 365 363
f 363 365 366
f 368 369 367
f 367 369 370
f 372 373 371
f 371 373 374
f 375 376 372
f 372 376 377
f 378 379 381
f 381 379 380
f 382 383 269
f 269 383 268
f 150 174 365
f 365 174 384
f 380 377 381
f 381 377 376
f 271 270 180
f 180 270 181
f 273 272 252
f 252 272 184
f 272 271 184
f 184 271 180
f 181 270 274
f 252 255 273
f 273 255 275
f 254 385 255
f 255 385 386
f 387 388 179
f 179 388 183
f 389 387 182
f 182 387 179
f 182 200 389
f 389 200 390
f 388 391 183
f 183 391 253
f 391 392 253
f 253 392 254
f 394 379 393
f 393 379 378
f 185 188 395
f 395 188 396
f 221 185 397
f 397 185 395
f 222 221 398
f 398 221 397
f 188 256 396
f 396 256 399
f 400 401 256
f 256 401 399
f 402 403 405
f 405 403 404
f 148 150 364
f 364 150 365
f 393 406 394
f 394 406 407
f 158 246 393
f 393 246 406
f 342 19 238
f 238 19 239
f 23 22 350
f 350 22 354
f 244 50 245
f 245 50 138
f 55 142 53
f 53 142 139
f 145 144 296
f 296 144 143
f 355 228 341
f 341 228 20
f 41 240 42
f 42 240 239
f 283 308 284
f 284 308 307
f 349 409 408
f 408 409 410
f 244 245 41
f 41 245 240
f 268 383 406
f 406 383 407
f 346 411 349
f 349 411 409
f 251 412 248
f 248 412 413
f 275 414 250
f 250 414 415
f 25 45 26
f 26 45 277
f 43 26 96
f 96 26 277
f 416 417 61
f 61 417 62
f 329 24 408
f 408 24 23
f 31 40 32
f 32 40 322
f 39 38 329
f 329 38 24
f 37 38 30
f 30 38 31
f 418 419 421
f 421 419 420
f 78 295 79
f 79 295 294
f 124 339 422
f 422 339 345
f 232 131 357
f 357 131 351
f 2 236 6
f 6 236 235
f 252 184 253
f 253 184 183
f 227 423 256
f 256 423 400
f 423 227 305
f 305 227 226
f 424 258 425
f 425 258 257
f 426 427 212
f 212 427 257
f 259 133 249
f 249 133 164
f 419 418 428
f 428 418 429
f 327 430 328
f 328 430 288
f 49 431 46
f 46 431 67
f 306 302 424
f 424 302 258
f 313 432 314
f 314 432 433
f 32 321 29
f 29 321 318
f 324 314 433
f 287 318 328
f 328 318 321
f 134 260 236
f 236 260 233
f 345 339 234
f 234 339 235
f 357 351 354
f 354 351 350
f 408 23 349
f 349 23 350
f 317 278 36
f 36 278 45
f 432 313 429
f 429 313 428
f 435 428 434
f 434 428 313
f 42 239 18
f 18 239 19
f 43 42 26
f 26 42 18
f 121 120 436
f 436 120 437
f 302 301 258
f 258 301 213
f 110 109 126
f 126 109 123
f 238 358 342
f 342 358 343
f 341 20 342
f 342 20 19
f 322 438 320
f 320 438 439
f 320 439 327
f 327 439 430
f 333 440 322
f 322 440 438
f 289 288 323
f 323 288 430
f 115 340 116
f 116 340 264
f 146 145 149
f 149 145 296
f 15 140 16
f 16 140 155
f 441 442 152
f 152 442 153
f 225 224 203
f 203 224 206
f 175 297 154
f 154 297 151
f 293 443 294
f 294 443 444
f 248 413 249
f 249 413 445
f 446 447 400
f 400 447 401
f 388 387 396
f 396 387 395
f 387 389 395
f 395 389 397
f 391 388 399
f 399 388 396
f 401 392 399
f 399 392 391
f 255 386 275
f 275 386 414
f 449 450 448
f 448 450 451
f 335 452 285
f 285 452 215
f 453 298 442
f 442 298 153
f 211 223 212
f 212 223 426
f 425 257 454
f 454 257 427
f 266 10 262
f 262 10 9
f 360 113 456
f 456 113 455
f 8 194 137
f 137 194 261
f 10 266 246
f 246 266 267
f 203 202 225
f 225 202 300
f 262 9 263
f 263 9 114
f 108 353 190
f 190 353 191
f 389 390 397
f 397 390 398
f 457 422 128
f 128 422 129
f 156 158 378
f 378 158 393
f 347 346 348
f 348 346 349
f 447 458 401
f 401 458 392
f 364 382 148
f 148 382 269
f 55 54 57
f 57 54 58
f 75 64 459
f 459 64 460
f 100 90 101
f 101 90 95
f 101 58 100
f 100 58 54
f 142 55 144
f 144 55 57
f 147 146 269
f 269 146 148
f 459 93 75
f 75 93 92
f 144 145 142
f 142 145 141
f 228 27 20
f 20 27 17
f 154 299 175
f 175 299 176
f 214 213 224
f 224 213 301
f 424 461 306
f 306 461 303
f 285 286 309
f 309 286 310
f 462 334 308
f 308 334 309
f 302 306 226
f 226 306 305
f 37 28 21
f 21 28 27
f 29 35 30
f 30 35 34
f 30 34 37
f 37 34 28
f 344 436 356
f 356 436 229
f 325 290 326
f 326 290 289
f 311 439 312
f 312 439 438
f 35 319 36
f 36 319 315
f 439 311 430
f 430 311 323
f 315 319 325
f 325 319 290
f 440 463 438
f 438 463 312
f 341 344 355
f 355 344 356
f 360 456 116
f 116 456 117
f 354 22 355
f 355 22 228
f 326 289 324
f 324 289 323
f 74 87 68
f 68 87 69
f 50 53 138
f 138 53 139
f 268 406 267
f 267 406 246
f 190 106 108
f 108 106 109
f 241 455 112
f 112 455 113
f 358 122 343
f 343 122 121
f 129 347 130
f 130 347 348
f 348 351 130
f 130 351 131
f 229 232 356
f 356 232 357
f 340 115 358
f 358 115 122
f 111 359 112
f 112 359 242
f 125 124 457
f 457 124 422
f 231 132 232
f 232 132 131
f 343 121 344
f 344 121 436
f 263 114 360
f 360 114 113
f 347 129 345
f 345 129 422
f 230 229 437
f 437 229 436
f 464 446 423
f 423 446 400
f 465 466 468
f 468 466 467
f 470 471 469
f 469 471 472
f 469 472 373
f 373 472 374
f 474 469 473
f 473 469 373
f 471 475 472
f 472 475 476
f 472 477 374
f 374 477 478
f 477 472 476
f 479 480 476
f 476 480 477
f 473 373 377
f 377 373 372
f 481 482 479
f 479 482 480
f 483 484 481
f 481 484 482
f 403 402 485
f 485 402 486
f 487 488 483
f 483 488 484
f 487 489 488
f 488 489 490
f 489 491 490
f 490 491 492
f 491 493 492
f 492 493 494
f 493 495 494
f 494 495 496
f 497 498 481
f 481 498 483
f 484 499 482
f 482 499 367
f 370 480 367
f 367 480 482
f 480 370 477
f 477 370 478
f 500 497 479
f 479 497 481
f 451 473 380
f 380 473 377
f 448 451 379
f 379 451 380
f 501 502 504
f 504 502 503
f 449 505 507
f 507 505 506
f 486 508 505
f 505 508 506
f 508 509 506
f 506 509 510
f 511 507 510
f 510 507 506
f 509 508 512
f 512 508 513
f 515 509 514
f 514 509 512
f 509 515 510
f 510 515 516
f 510 516 511
f 511 516 517
f 486 505 485
f 485 505 518
f 505 449 518
f 518 449 448
f 383 382 403
f 403 382 404
f 363 404 364
f 364 404 382
f 403 485 383
f 383 485 407
f 519 520 361
f 361 520 362
f 522 496 521
f 521 496 495
f 450 474 451
f 451 474 473
f 363 366 523
f 523 366 524
f 525 499 488
f 488 499 484
f 488 490 525
f 525 490 526
f 496 522 520
f 520 522 527
f 494 496 519
f 519 496 520
f 492 494 528
f 528 494 519
f 529 530 495
f 495 530 521
f 490 492 526
f 526 492 528
f 529 495 531
f 531 495 493
f 533 534 532
f 532 534 535
f 523 524 533
f 533 524 534
f 486 402 532
f 532 402 533
f 529 536 530
f 530 536 537
f 536 538 537
f 537 538 539
f 540 541 539
f 539 541 537
f 530 537 535
f 535 537 541
f 542 539 543
f 543 539 538
f 539 542 540
f 540 542 544
f 541 540 513
f 513 540 512
f 540 544 512
f 512 544 514
f 546 547 545
f 545 547 548
f 549 550 531
f 531 550 551
f 550 549 552
f 552 549 553
f 546 550 554
f 554 550 552
f 547 546 555
f 555 546 554
f 498 556 558
f 558 556 557
f 559 557 560
f 560 557 556
f 561 562 560
f 560 562 559
f 557 559 552
f 552 559 554
f 559 562 554
f 554 562 555
f 558 557 553
f 553 557 552
f 475 471 563
f 563 471 564
f 565 563 567
f 567 563 566
f 471 470 564
f 564 470 466
f 564 466 568
f 568 466 465
f 568 465 569
f 569 465 570
f 572 573 571
f 571 573 574
f 569 575 567
f 567 575 576
f 577 565 576
f 576 565 567
f 578 579 581
f 581 579 580
f 575 561 576
f 576 561 560
f 556 577 560
f 560 577 576
f 577 556 497
f 497 556 498
f 565 577 500
f 500 577 497
f 563 565 475
f 475 565 500
f 553 489 558
f 558 489 487
f 531 493 549
f 549 493 491
f 489 553 491
f 491 553 549
f 394 407 518
f 518 407 485
f 518 448 394
f 394 448 379
f 545 548 538
f 538 548 543
f 551 545 536
f 536 545 538
f 536 529 551
f 551 529 531
f 507 582 449
f 449 582 450
f 511 583 507
f 507 583 582
f 511 517 583
f 583 517 584
f 585 586 588
f 588 586 587
f 590 591 589
f 589 591 592
f 591 590 593
f 593 590 594
f 596 597 595
f 595 597 598
f 599 600 602
f 602 600 601
f 604 605 603
f 603 605 606
f 608 609 607
f 607 609 610
f 612 613 611
f 611 613 614
f 615 616 618
f 618 616 617
f 620 621 619
f 619 621 622
f 624 625 623
f 623 625 626
f 628 629 627
f 627 629 630
f 632 633 631
f 631 633 634
f 635 636 638
f 638 636 637
f 639 640 642
f 642 640 641
f 644 645 643
f 643 645 646
f 619 622 647
f 647 622 648
f 650 651 649
f 649 651 652
f 601 653 602
f 602 653 654
f 656 657 655
f 655 657 658
f 660 661 659
f 659 661 662
f 664 665 663
f 663 665 666
f 593 594 667
f 667 594 668
f 669 670 672
f 672 670 671
f 673 674 676
f 676 674 675
f 633 632 677
f 677 632 678
f 663 666 679
f 679 666 680
f 681 682 684
f 684 682 683
f 686 687 685
f 685 687 688
f 690 661 689
f 689 661 691
f 693 686 692
f 692 686 685
f 695 597 694
f 694 597 668
f 594 696 668
f 668 696 694
f 697 698 696
f 696 698 699
f 700 701 697
f 697 701 698
f 702 585 703
f 703 585 588
f 671 690 672
f 672 690 689
f 640 639 704
f 704 639 705
f 679 706 663
f 663 706 658
f 708 709 707
f 707 709 710
f 711 712 610
f 610 712 607
f 713 714 716
f 716 714 715
f 717 718 720
f 720 718 719
f 722 634 721
f 721 634 633
f 724 725 723
f 723 725 726
f 728 729 727
f 727 729 730
f 732 733 731
f 731 733 734
f 707 710 735
f 735 710 736
f 643 737 644
f 644 737 738
f 740 741 739
f 739 741 742
f 608 744 743
f 743 744 745
f 747 748 746
f 746 748 749
f 751 752 750
f 750 752 753
f 754 755 757
f 757 755 756
f 758 759 761
f 761 759 760
f 763 764 762
f 762 764 765
f 767 768 766
f 766 768 769
f 771 772 770
f 770 772 773
f 775 776 774
f 774 776 777
f 779 780 778
f 778 780 781
f 783 712 782
f 782 712 784
f 785 786 788
f 788 786 787
f 790 628 789
f 789 628 627
f 792 793 791
f 791 793 794
f 795 796 726
f 726 796 723
f 798 799 797
f 797 799 800
f 721 633 801
f 801 633 677
f 797 800 802
f 802 800 803
f 805 806 804
f 804 806 807
f 809 810 808
f 808 810 811
f 813 814 812
f 812 814 815
f 809 808 817
f 817 808 816
f 818 819 804
f 804 819 805
f 820 821 818
f 818 821 819
f 821 820 587
f 587 820 822
f 809 823 810
f 810 823 824
f 814 807 815
f 815 807 806
f 826 426 825
f 825 426 223
f 426 826 427
f 427 826 827
f 828 829 454
f 454 829 830
f 831 832 677
f 677 832 801
f 834 835 833
f 833 835 836
f 838 839 837
f 837 839 840
f 841 842 844
f 844 842 843
f 845 846 803
f 803 846 802
f 847 831 678
f 678 831 677
f 848 849 851
f 851 849 850
f 853 854 852
f 852 854 855
f 857 858 856
f 856 858 680
f 860 861 859
f 859 861 862
f 864 865 863
f 863 865 866
f 868 869 867
f 867 869 870
f 839 871 840
f 840 871 872
f 849 848 874
f 874 848 873
f 876 877 875
f 875 877 878
f 880 881 879
f 879 881 882
f 883 884 886
f 886 884 885
f 846 887 802
f 802 887 888
f 890 891 889
f 889 891 888
f 893 894 892
f 892 894 895
f 896 897 728
f 728 897 729
f 899 900 898
f 898 900 901
f 902 852 904
f 904 852 903
f 849 905 850
f 850 905 906
f 875 878 907
f 907 878 908
f 910 911 909
f 909 911 912
f 914 915 913
f 913 915 916
f 917 918 862
f 862 918 859
f 919 920 856
f 856 920 921
f 923 924 922
f 922 924 925
f 926 927 925
f 925 927 922
f 929 930 928
f 928 930 693
f 932 695 931
f 931 695 694
f 823 867 824
f 824 867 933
f 935 936 934
f 934 936 937
f 938 868 823
f 823 868 867
f 940 847 939
f 939 847 678
f 632 655 678
f 678 655 939
f 941 942 619
f 619 942 620
f 687 943 688
f 688 943 944
f 851 850 945
f 945 850 903
f 850 906 903
f 903 906 904
f 946 947 949
f 949 947 948
f 951 952 950
f 950 952 953
f 955 956 954
f 954 956 957
f 907 958 875
f 875 958 874
f 960 961 959
f 959 961 962
f 963 853 902
f 902 853 852
f 909 964 910
f 910 964 965
f 967 968 966
f 966 968 969
f 971 972 970
f 970 972 973
f 974 960 975
f 975 960 959
f 977 978 976
f 976 978 979
f 981 977 980
f 980 977 976
f 980 982 981
f 981 982 983
f 985 983 984
f 984 983 982
f 984 986 985
f 985 986 987
f 989 990 988
f 988 990 991
f 993 994 992
f 992 994 995
f 997 998 996
f 996 998 999
f 1001 1002 1000
f 1000 1002 1003
f 1005 1006 1004
f 1004 1006 1007
f 1004 1008 1005
f 1005 1008 1009
f 1008 1010 1009
f 1009 1010 1011
f 1013 1011 1012
f 1012 1011 1010
f 1014 1015 1017
f 1017 1015 1016
f 1019 1020 1018
f 1018 1020 1021
f 1022 1023 976
f 976 1023 980
f 1024 1025 982
f 982 1025 984
f 992 995 1026
f 1026 995 1027
f 956 955 1028
f 1028 955 1029
f 1030 1031 1033
f 1033 1031 1032
f 1010 1008 1034
f 1034 1008 1035
f 1008 1004 1035
f 1035 1004 1036
f 1037 1038 1002
f 1002 1038 1007
f 1002 1001 1037
f 1037 1001 1039
f 1040 1041 997
f 997 1041 998
f 1015 1014 1043
f 1043 1014 1042
f 1044 1045 1047
f 1047 1045 1046
f 1044 1020 1048
f 1048 1020 1049
f 1050 1051 1003
f 1003 1051 1000
f 1052 1050 1006
f 1006 1050 1003
f 1053 1054 1011
f 1011 1054 1009
f 1013 1045 1055
f 1055 1045 1056
f 1058 1059 1057
f 1057 1059 1060
f 1062 1063 1061
f 1061 1063 1064
f 1065 1066 1050
f 1050 1066 1051
f 1067 1065 1052
f 1052 1065 1050
f 1068 1069 1054
f 1054 1069 1070
f 1071 1068 1053
f 1053 1068 1054
f 1073 1071 1072
f 1072 1071 1074
f 1074 1071 1055
f 1055 1071 1053
f 1076 1077 1075
f 1075 1077 1078
f 1079 1080 1057
f 1057 1080 1058
f 1081 1082 1064
f 1064 1082 1061
f 1084 1085 1083
f 1083 1085 1086
f 1088 1089 1087
f 1087 1089 1090
f 1092 1093 1091
f 1091 1093 1094
f 1096 1097 1095
f 1095 1097 1098
f 1099 1100 1102
f 1102 1100 1101
f 1103 1104 1099
f 1099 1104 1100
f 1106 1107 1105
f 1105 1107 1108
f 1110 1111 1109
f 1109 1111 1112
f 1114 1115 1113
f 1113 1115 1116
f 1118 1119 1117
f 1117 1119 1077
f 1117 1120 1122
f 1122 1120 1121
f 1105 1123 1106
f 1106 1123 1124
f 1125 1126 1128
f 1128 1126 1127
f 1130 1131 1129
f 1129 1131 1132
f 1134 1135 1133
f 1133 1135 1114
f 1113 1136 1114
f 1114 1136 1133
f 1118 1137 1113
f 1113 1137 1136
f 1118 1117 1137
f 1137 1117 1122
f 1139 1140 1138
f 1138 1140 1141
f 1143 953 1142
f 1142 953 952
f 1145 957 1144
f 1144 957 956
f 1028 1146 956
f 956 1146 1144
f 1014 1147 1042
f 1042 1147 1148
f 1014 1017 1147
f 1147 1017 1149
f 1059 1058 1150
f 1150 1058 1151
f 1153 1080 1152
f 1152 1080 1154
f 1156 1088 1155
f 1155 1088 1087
f 1157 1158 1106
f 1106 1158 1107
f 1106 1124 1157
f 1157 1124 1159
f 1161 1162 1160
f 1160 1162 1163
f 1165 1166 1164
f 1164 1166 1167
f 1168 1031 1012
f 1012 1031 1046
f 1024 1023 1035
f 1035 1023 1034
f 1036 1038 1025
f 1025 1038 1169
f 1170 1171 1039
f 1039 1171 1037
f 1028 1029 1042
f 1042 1029 1043
f 1172 1173 1175
f 1175 1173 1174
f 1055 1053 1013
f 1013 1053 1011
f 1005 1009 1070
f 1070 1009 1054
f 996 999 1062
f 1062 999 1063
f 1016 1060 1017
f 1017 1060 1059
f 1017 1059 1149
f 1149 1059 1150
f 1177 1178 1176
f 1176 1178 1103
f 1176 1072 1179
f 1179 1072 1074
f 1073 1102 1086
f 1086 1102 1083
f 1180 1181 1067
f 1067 1181 1065
f 1182 1183 1184
f 1184 1183 1181
f 1186 1187 1185
f 1185 1187 1188
f 1189 1190 798
f 798 1190 799
f 1192 1193 1191
f 1191 1193 1194
f 1195 1196 1194
f 1194 1196 1191
f 1196 1195 1198
f 1198 1195 1197
f 1200 674 1199
f 1199 674 673
f 928 1201 1203
f 1203 1201 1202
f 861 1204 862
f 862 1204 921
f 1205 1206 913
f 913 1206 1207
f 882 1208 879
f 879 1208 1209
f 1210 1211 1167
f 1167 1211 1164
f 1212 769 1213
f 1213 769 768
f 727 1214 728
f 728 1214 1215
f 1217 1218 1216
f 1216 1218 1219
f 1220 813 1221
f 1221 813 812
f 827 828 427
f 427 828 454
f 1223 1224 1222
f 1222 1224 1165
f 1226 1227 1225
f 1225 1227 1228
f 851 1229 848
f 848 1229 1230
f 834 854 835
f 835 854 1231
f 1233 1234 1232
f 1232 1234 1235
f 1237 751 1236
f 1236 751 750
f 743 819 1238
f 1238 819 821
f 1240 1241 1239
f 1239 1241 1242
f 1244 1245 1243
f 1243 1245 1246
f 844 1247 841
f 841 1247 1248
f 1250 1251 1249
f 1249 1251 1252
f 1254 893 1253
f 1253 893 1237
f 1255 1256 1258
f 1258 1256 1257
f 1260 1261 1259
f 1259 1261 1262
f 945 903 855
f 855 903 852
f 855 1263 945
f 945 1263 1264
f 832 845 801
f 801 845 803
f 800 721 803
f 803 721 801
f 721 800 722
f 722 800 799
f 1266 1267 1265
f 1265 1267 1268
f 1270 795 1269
f 1269 795 726
f 725 1271 726
f 726 1271 1269
f 737 765 738
f 738 765 764
f 759 740 760
f 760 740 739
f 717 1272 1274
f 1274 1272 1273
f 1163 1226 1275
f 1275 1226 1225
f 1277 882 1276
f 1276 882 881
f 1041 1040 1027
f 1027 1040 1026
f 900 935 901
f 901 935 934
f 1164 1278 1165
f 1165 1278 1222
f 1211 1279 1164
f 1164 1279 1278
f 442 1280 453
f 453 1280 1281
f 788 1282 785
f 785 1282 1283
f 1285 1286 1284
f 1284 1286 1287
f 1284 1288 1285
f 1285 1288 1289
f 757 1289 754
f 754 1289 1288
f 605 604 675
f 675 604 676
f 1290 1291 1293
f 1293 1291 1292
f 1295 1296 1294
f 1294 1296 1297
f 696 699 694
f 694 699 931
f 1298 1299 592
f 592 1299 589
f 1299 1300 589
f 589 1300 700
f 1300 1301 700
f 700 1301 701
f 743 745 819
f 819 745 805
f 1303 1304 1302
f 1302 1304 1305
f 1306 1307 1305
f 1305 1307 1302
f 609 1298 610
f 610 1298 592
f 587 822 588
f 588 822 1308
f 703 588 1309
f 1309 588 1308
f 1310 703 571
f 571 703 1309
f 1311 1312 789
f 789 1312 790
f 825 223 1313
f 1313 223 220
f 219 1314 220
f 220 1314 1313
f 1315 1316 1311
f 1311 1316 1312
f 1317 1318 1319
f 1319 1318 1241
f 441 1320 442
f 442 1320 1280
f 1321 217 572
f 572 217 216
f 1323 1230 1322
f 1322 1230 1229
f 1324 1325 631
f 631 1325 656
f 1034 1168 1010
f 1010 1168 1012
f 1327 1328 1326
f 1326 1328 1329
f 1331 1202 1330
f 1330 1202 1201
f 571 1309 572
f 572 1309 1321
f 573 572 1332
f 1332 572 216
f 1334 1335 1333
f 1333 1335 1336
f 1337 1338 918
f 918 1338 859
f 1339 863 1340
f 1340 863 866
f 1341 1342 1344
f 1344 1342 1343
f 1345 1346 919
f 919 1346 920
f 1347 1348 673
f 673 1348 1199
f 693 1349 928
f 928 1349 1201
f 1351 1257 1350
f 1350 1257 1256
f 1350 1352 1351
f 1351 1352 1353
f 653 930 654
f 654 930 662
f 1279 1354 1278
f 1278 1354 1355
f 1357 1358 1356
f 1356 1358 1359
f 937 1360 1140
f 1140 1360 1361
f 1225 1228 909
f 909 1228 964
f 901 934 1362
f 1362 934 1139
f 1364 1365 1363
f 1363 1365 1362
f 1367 912 1366
f 1366 912 911
f 1143 1142 1368
f 1368 1142 1369
f 1144 1186 1145
f 1145 1186 1185
f 1146 1175 1144
f 1144 1175 1186
f 1175 1146 1172
f 1172 1146 1148
f 1147 1018 1148
f 1148 1018 1172
f 1018 1147 1019
f 1019 1147 1149
f 1149 1150 1019
f 1019 1150 1370
f 1150 1151 1370
f 1370 1151 1371
f 1151 1153 1371
f 1371 1153 1177
f 1152 1156 1178
f 1178 1156 1372
f 1155 1158 1373
f 1373 1158 1374
f 1157 1159 1376
f 1376 1159 1375
f 1378 1379 1377
f 1377 1379 1380
f 1382 1383 1381
f 1381 1383 1384
f 1382 1386 1385
f 1385 1386 1387
f 1386 1233 1387
f 1387 1233 1232
f 1389 1390 1388
f 1388 1390 1391
f 1393 1394 1392
f 1392 1394 1395
f 1397 1398 1396
f 1396 1398 1399
f 629 1397 630
f 630 1397 1396
f 1342 1400 1343
f 1343 1400 1401
f 1403 1404 1402
f 1402 1404 1405
f 1407 1408 1406
f 1406 1408 1409
f 1411 1412 1410
f 1410 1412 1413
f 793 1414 794
f 794 1414 1415
f 1417 1341 1416
f 1416 1341 1344
f 704 705 1347
f 1347 705 1418
f 741 1419 742
f 742 1419 1420
f 1422 669 1421
f 1421 669 672
f 645 1423 646
f 646 1423 1424
f 1196 1198 614
f 614 1198 611
f 613 1425 614
f 614 1425 1426
f 1427 616 659
f 659 616 660
f 614 1426 1196
f 1196 1426 1191
f 696 594 697
f 697 594 590
f 697 590 700
f 700 590 589
f 703 1310 702
f 702 1310 1428
f 1421 672 1192
f 1192 672 689
f 1271 648 1269
f 1269 648 622
f 621 1270 622
f 622 1270 1269
f 1429 1430 1417
f 1417 1430 1341
f 1431 1432 1434
f 1434 1432 1433
f 1436 1437 1435
f 1435 1437 1438
f 1440 1441 1439
f 1439 1441 1442
f 1443 1444 1446
f 1446 1444 1445
f 823 809 938
f 938 809 817
f 810 1447 811
f 811 1447 1448
f 1449 1450 679
f 679 1450 706
f 913 916 1205
f 1205 916 1451
f 1275 1225 912
f 912 1225 909
f 1452 1453 880
f 880 1453 881
f 1444 1401 1445
f 1445 1401 1400
f 936 1454 937
f 937 1454 1360
f 824 1455 810
f 810 1455 1447
f 631 656 632
f 632 656 655
f 966 1456 967
f 967 1456 1457
f 1459 1460 1458
f 1458 1460 1461
f 1460 1462 1461
f 1461 1462 1463
f 972 974 973
f 973 974 975
f 990 995 991
f 991 995 994
f 1464 1187 1033
f 1033 1187 1174
f 1018 1021 1172
f 1172 1021 1173
f 1000 999 1001
f 1001 999 998
f 976 979 1022
f 1022 979 1032
f 1023 1024 980
f 980 1024 982
f 989 986 1171
f 1171 986 1169
f 1171 1170 989
f 989 1170 990
f 1170 1027 990
f 990 1027 995
f 1041 1039 998
f 998 1039 1001
f 1051 1063 1000
f 1000 1063 999
f 1066 1064 1051
f 1051 1064 1063
f 1183 1081 1066
f 1066 1081 1064
f 1178 1372 1103
f 1103 1372 1104
f 1092 1091 1465
f 1465 1091 1182
f 1467 1465 1466
f 1466 1465 1468
f 1469 1470 1184
f 1184 1470 1468
f 1095 1098 1471
f 1471 1098 1101
f 1076 1374 1120
f 1120 1374 1376
f 1110 1472 1127
f 1127 1472 1132
f 1472 1473 1132
f 1132 1473 1129
f 1474 1475 1466
f 1466 1475 1473
f 1119 1118 1116
f 1116 1118 1113
f 1375 1121 1376
f 1376 1121 1120
f 1127 1132 1128
f 1128 1132 1131
f 1227 1476 1228
f 1228 1476 1361
f 1365 1477 1362
f 1362 1477 872
f 1478 1479 1323
f 1323 1479 1230
f 1480 1481 914
f 914 1481 915
f 913 1277 914
f 914 1277 1276
f 1168 1034 1022
f 1022 1034 1023
f 1035 1036 1024
f 1024 1036 1025
f 1039 1041 1170
f 1170 1041 1027
f 1042 1148 1028
f 1028 1148 1146
f 968 1459 969
f 969 1459 1458
f 1482 1483 664
f 664 1483 665
f 1485 1486 1484
f 1484 1486 1487
f 1489 1490 1488
f 1488 1490 1491
f 1492 1493 722
f 722 1493 634
f 1495 1496 1494
f 1494 1496 1497
f 1498 1207 1339
f 1339 1207 863
f 1224 1499 1165
f 1165 1499 1166
f 1160 1163 1500
f 1500 1163 1275
f 1500 877 1160
f 1160 877 1501
f 876 873 1502
f 1502 873 1479
f 945 1264 851
f 851 1264 1229
f 835 1231 839
f 839 1231 871
f 1503 1283 778
f 778 1283 1282
f 716 715 1505
f 1505 715 1504
f 1446 1445 1507
f 1507 1445 1506
f 779 792 1381
f 1381 792 791
f 1430 1409 1341
f 1341 1409 1342
f 1411 1429 1508
f 1508 1429 1417
f 635 1510 1509
f 1509 1510 1511
f 1377 1380 1315
f 1315 1380 1316
f 1445 1400 1506
f 1506 1400 1408
f 918 917 1336
f 1336 917 1333
f 1513 1514 1512
f 1512 1514 870
f 1515 1516 1363
f 1363 1516 1364
f 1453 1517 881
f 881 1517 1276
f 992 1518 993
f 993 1518 1519
f 1520 1029 1518
f 1518 1029 955
f 1520 1026 1521
f 1521 1026 1040
f 1522 1015 1521
f 1521 1015 1043
f 996 1523 997
f 997 1523 1522
f 1060 1016 1524
f 1524 1016 1523
f 1061 1525 1062
f 1062 1525 1524
f 1079 1527 1526
f 1526 1527 1528
f 1093 1529 1094
f 1094 1529 1528
f 1111 1530 1112
f 1112 1530 1531
f 1532 1533 1105
f 1105 1533 1123
f 934 937 1139
f 1139 937 1140
f 1138 1363 1139
f 1139 1363 1362
f 1534 1222 1355
f 1355 1222 1278
f 1535 1223 1534
f 1534 1223 1222
f 821 587 1238
f 1238 587 586
f 1319 711 1317
f 1317 711 1536
f 1538 1200 1537
f 1537 1200 1199
f 1508 1417 1539
f 1539 1417 1416
f 1540 1541 840
f 840 1541 837
f 1231 898 871
f 871 898 901
f 1500 1275 1367
f 1367 1275 912
f 1543 1379 1542
f 1542 1379 1395
f 1539 772 1508
f 1508 772 1544
f 1546 1403 1545
f 1545 1403 1402
f 1548 1549 1547
f 1547 1549 1550
f 1552 1548 1551
f 1551 1548 1547
f 1554 1555 1553
f 1553 1555 1556
f 1558 1559 1557
f 1557 1559 1560
f 1562 1563 1561
f 1561 1563 1564
f 1566 1567 1565
f 1565 1567 1568
f 1570 1571 1569
f 1569 1571 1572
f 1574 1575 1573
f 1573 1575 1576
f 1577 1578 1572
f 1572 1578 1569
f 1580 1581 1579
f 1579 1581 1582
f 1584 1585 1583
f 1583 1585 1586
f 1588 1555 1587
f 1587 1555 1589
f 1591 1592 1590
f 1590 1592 1593
f 1595 1596 1594
f 1594 1596 1597
f 1596 1581 1597
f 1597 1581 1576
f 1599 1570 1598
f 1598 1570 1569
f 1601 1602 1600
f 1600 1602 1603
f 1605 1606 1604
f 1604 1606 1607
f 1608 1609 1568
f 1568 1609 1565
f 1611 1612 1610
f 1610 1612 1613
f 1615 1616 1614
f 1614 1616 1617
f 1619 1617 1618
f 1618 1617 1616
f 1621 1622 1620
f 1620 1622 1623
f 1625 1626 1624
f 1624 1626 1627
f 1629 1630 1628
f 1628 1630 1631
f 1633 1634 1632
f 1632 1634 1635
f 1636 1637 1639
f 1639 1637 1638
f 1641 1642 1640
f 1640 1642 1643
f 1624 1627 1644
f 1644 1627 1645
f 1647 1648 1646
f 1646 1648 1649
f 1651 1652 1650
f 1650 1652 1653
f 1655 1656 1654
f 1654 1656 1657
f 1659 1660 1658
f 1658 1660 1661
f 1662 1663 1631
f 1631 1663 1628
f 1651 1665 1664
f 1664 1665 1666
f 1667 1656 1619
f 1619 1656 1617
f 1669 1670 1668
f 1668 1670 1671
f 1632 1635 1672
f 1672 1635 1673
f 1674 1675 1638
f 1638 1675 1639
f 1677 1678 1676
f 1676 1678 1679
f 1680 1640 1681
f 1681 1640 1643
f 1682 1683 1643
f 1643 1683 1681
f 1670 1669 1235
f 1235 1669 1232
f 1396 1399 1674
f 1674 1399 1675
f 627 630 1679
f 1679 630 1676
f 1681 1315 1680
f 1680 1315 1311
f 1683 1377 1681
f 1681 1377 1315
f 1672 1673 1387
f 1387 1673 1385
f 1636 1684 1646
f 1646 1684 1685
f 1687 1688 1686
f 1686 1688 1689
f 1585 1690 1586
f 1586 1690 1691
f 1599 1692 1551
f 1551 1692 1693
f 1552 1558 1694
f 1694 1558 1557
f 1696 1615 1695
f 1695 1615 1614
f 1698 1699 1697
f 1697 1699 1623
f 1700 1701 1703
f 1703 1701 1702
f 1705 1706 1704
f 1704 1706 1707
f 1708 1709 1640
f 1640 1709 1641
f 1710 1711 1713
f 1713 1711 1712
f 1652 1655 1653
f 1653 1655 1654
f 1714 1699 1712
f 1712 1699 1713
f 1715 1710 1716
f 1716 1710 1713
f 1717 1708 1680
f 1680 1708 1640
f 1393 1392 1715
f 1715 1392 1710
f 1719 1720 1718
f 1718 1720 1721
f 1680 1311 1717
f 1717 1311 789
f 1378 1711 1392
f 1392 1711 1710
f 1388 1391 1719
f 1719 1391 1720
f 1723 1606 1722
f 1722 1606 1689
f 1725 1568 1724
f 1724 1568 1567
f 1726 1647 1685
f 1685 1647 1646
f 1728 1554 1727
f 1727 1554 1553
f 1591 1687 1600
f 1600 1687 1686
f 1730 1595 1729
f 1729 1595 1594
f 1601 1605 1731
f 1731 1605 1604
f 1733 1663 1732
f 1732 1663 1734
f 1736 1639 1735
f 1735 1639 1675
f 1658 1644 1737
f 1737 1644 1645
f 1726 1662 1724
f 1724 1662 1631
f 1399 1738 1675
f 1675 1738 1735
f 1621 1667 1739
f 1739 1667 1619
f 1714 1740 1620
f 1620 1740 1741
f 1592 1549 1593
f 1593 1549 1742
f 1602 1571 1603
f 1603 1571 1550
f 1688 1690 1689
f 1689 1690 1722
f 1588 1559 1582
f 1582 1559 1579
f 1673 1735 1385
f 1385 1735 1738
f 1387 1232 1672
f 1672 1232 1669
f 1580 1692 1573
f 1573 1692 1743
f 1377 1683 1378
f 1378 1683 1711
f 1664 1666 1744
f 1744 1666 1745
f 1744 1696 1664
f 1664 1696 1695
f 1746 1747 1732
f 1732 1747 1748
f 1749 1750 1677
f 1677 1750 1678
f 1709 1708 1750
f 1750 1708 1678
f 1668 1632 1669
f 1669 1632 1672
f 1633 1746 1734
f 1734 1746 1732
f 1679 1678 1717
f 1717 1678 1708
f 789 627 1717
f 1717 627 1679
f 1563 1723 1564
f 1564 1723 1722
f 1728 1584 1751
f 1751 1584 1583
f 1674 1676 1396
f 1396 1676 630
f 1666 1566 1745
f 1745 1566 1565
f 1627 1629 1645
f 1645 1629 1628
f 1637 1749 1638
f 1638 1749 1677
f 1648 1665 1649
f 1649 1665 1752
f 1740 1642 1741
f 1741 1642 1657
f 1676 1674 1677
f 1677 1674 1638
f 1683 1682 1711
f 1711 1682 1712
f 1618 1753 1619
f 1619 1753 1739
f 1701 1739 1702
f 1702 1739 1753
f 1754 1214 1756
f 1756 1214 1755
f 647 1757 619
f 619 1757 941
f 1759 1193 1758
f 1758 1193 691
f 1419 1760 1420
f 1420 1760 1761
f 682 1762 683
f 683 1762 1763
f 1412 780 1413
f 1413 780 1384
f 1383 1398 1384
f 1384 1398 1413
f 1197 1424 1764
f 1764 1424 1423
f 1537 1287 1538
f 1538 1287 1286
f 1634 1684 1635
f 1635 1684 1736
f 1724 1631 1725
f 1725 1631 1630
f 1562 1730 1610
f 1610 1730 1729
f 1735 1673 1736
f 1736 1673 1635
f 1757 1195 941
f 941 1195 1194
f 1766 200 1765
f 1765 200 199
f 475 500 476
f 476 500 479
f 498 558 483
f 483 558 487
f 545 551 546
f 546 551 550
f 453 1281 219
f 219 1281 1314
f 298 453 208
f 208 453 219
f 368 1765 1767
f 1767 1765 199
f 523 405 363
f 363 405 404
f 523 533 405
f 405 533 402
f 298 208 299
f 299 208 207
f 299 207 176
f 176 207 300
f 176 300 173
f 173 300 202
f 173 202 174
f 174 202 201
f 1337 918 1768
f 1768 918 1336
f 1769 1770 1338
f 1338 1770 859
f 581 570 578
f 578 570 1771
f 555 562 580
f 580 562 561
f 504 1772 501
f 501 1772 548
f 517 542 584
f 584 542 543
f 515 514 516
f 516 514 544
f 542 517 544
f 544 517 516
f 561 575 580
f 580 575 581
f 575 569 581
f 581 569 570
f 501 548 1773
f 1773 548 547
f 1774 1775 570
f 570 1775 1771
f 369 368 1776
f 1776 368 1767
f 372 369 375
f 375 369 1776
f 822 1280 1308
f 1308 1280 1320
f 820 1281 822
f 822 1281 1280
f 818 1314 820
f 820 1314 1281
f 1314 818 1313
f 1313 818 804
f 807 814 825
f 825 814 826
f 814 813 826
f 826 813 827
f 813 1220 827
f 827 1220 828
f 580 579 555
f 555 579 547
f 1477 1540 872
f 872 1540 840
f 367 499 368
f 368 499 1765
f 1766 1765 525
f 525 1765 499
f 1777 1766 526
f 526 1766 525
f 520 527 362
f 362 527 384
f 361 1778 519
f 519 1778 528
f 371 1779 372
f 372 1779 369
f 369 1779 370
f 370 1779 478
f 1779 371 478
f 478 371 374
f 1778 1777 528
f 528 1777 526
f 1781 1782 1780
f 1780 1782 1783
f 431 460 67
f 67 460 64
f 68 338 74
f 74 338 72
f 1785 1782 1784
f 1784 1782 1786
f 1787 1788 1790
f 1790 1788 1789
f 1792 1789 1791
f 1791 1789 1793
f 1791 1794 1792
f 1792 1794 1795
f 1794 1796 1795
f 1795 1796 1797
f 1797 1798 938
f 938 1798 868
f 1798 1799 868
f 868 1799 869
f 1801 1802 1800
f 1800 1802 1451
f 1803 1804 1205
f 1205 1804 1206
f 1805 1806 864
f 864 1806 865
f 1806 1807 865
f 865 1807 1808
f 68 71 338
f 287 328 288
f 1320 1321 1308
f 1308 1321 1309
f 1320 441 1321
f 1321 441 217
f 441 152 217
f 217 152 218
f 151 286 152
f 152 286 218
f 297 310 151
f 151 310 286
f 296 307 297
f 297 307 310
f 296 143 307
f 307 143 284
f 143 56 284
f 284 56 104
f 56 59 104
f 104 59 63
f 59 102 63
f 63 102 60
f 102 94 60
f 60 94 282
f 93 459 279
f 279 459 77
f 459 460 77
f 77 460 78
f 460 431 78
f 78 431 295
f 431 49 295
f 295 49 292
f 48 421 49
f 49 421 292
f 276 278 418
f 418 278 429
f 317 432 278
f 278 432 429
f 432 317 433
f 433 317 316
f 326 324 316
f 316 324 433
f 1536 592 1809
f 1809 592 591
f 1810 744 1812
f 1812 744 1811
f 1814 1815 1813
f 1813 1815 1816
f 1817 748 1818
f 1818 748 747
f 1812 1819 1810
f 1810 1819 1817
f 1820 1821 748
f 748 1821 749
f 1823 1824 1822
f 1822 1824 1825
f 1827 1828 1826
f 1826 1828 1829
f 1831 1832 1830
f 1830 1832 1833
f 1834 1827 1243
f 1243 1827 1826
f 1313 804 825
f 825 804 807
f 1835 1253 1236
f 1236 1253 1237
f 1836 1837 1438
f 1438 1837 1435
f 1838 1505 1840
f 1840 1505 1839
f 1841 1842 716
f 716 1842 713
f 1843 1844 1510
f 1510 1844 1845
f 1847 1848 1846
f 1846 1848 1849
f 1850 1240 1822
f 1822 1240 1239
f 636 1831 637
f 637 1831 1830
f 1852 1853 1851
f 1851 1853 1854
f 1855 1856 1858
f 1858 1856 1857
f 1846 1849 1859
f 1859 1849 1860
f 1343 1401 1509
f 1509 1401 1861
f 1509 1861 635
f 635 1861 636
f 1863 1864 1862
f 1862 1864 1865
f 1283 1503 1867
f 1867 1503 1866
f 1868 1867 681
f 681 1867 682
f 1286 1285 683
f 683 1285 684
f 757 756 1274
f 1274 756 1869
f 1274 1869 717
f 717 1869 718
f 1434 1433 719
f 719 1433 720
f 1200 1538 1545
f 1545 1538 1763
f 1285 1289 684
f 684 1289 1273
f 684 1273 681
f 681 1273 1272
f 785 1283 1868
f 1868 1283 1867
f 786 785 1870
f 1870 785 1868
f 1289 757 1273
f 1273 757 1274
f 1539 1416 1871
f 1871 1416 1872
f 773 1871 1403
f 1403 1871 1404
f 675 674 1405
f 1405 674 1402
f 1864 1873 1865
f 1865 1873 1874
f 638 1843 635
f 635 1843 1510
f 1344 1343 1511
f 1511 1343 1509
f 772 1539 773
f 773 1539 1871
f 674 1200 1402
f 1402 1200 1545
f 1538 1286 1763
f 1763 1286 683
f 1444 1443 1875
f 1875 1443 1876
f 1875 1876 1831
f 1831 1876 1832
f 1416 1344 1872
f 1872 1344 1511
f 1877 1878 774
f 774 1878 1879
f 1878 1847 1879
f 1879 1847 1846
f 1880 714 1881
f 1881 714 1848
f 1401 1444 1861
f 1861 1444 1875
f 1861 1875 636
f 636 1875 1831
f 1823 1863 1882
f 1882 1863 1862
f 1441 1440 1884
f 1884 1440 1883
f 1883 1852 1884
f 1884 1852 1851
f 1886 1887 1885
f 1885 1887 1888
f 1358 1889 1359
f 1359 1889 1890
f 1891 1886 1892
f 1892 1886 1885
f 774 1879 775
f 775 1879 1893
f 1859 1893 1846
f 1846 1893 1879
f 713 1842 1849
f 1849 1842 1860
f 1318 1895 1894
f 1894 1895 1896
f 1873 1897 1874
f 1874 1897 1898
f 1898 605 1899
f 1899 605 675
f 1405 1844 675
f 675 1844 1899
f 1404 1845 1405
f 1405 1845 1844
f 593 1296 591
f 591 1296 1809
f 1295 1292 1900
f 1900 1292 1895
f 606 1897 1291
f 1291 1897 1896
f 1510 1845 1511
f 1511 1845 1872
f 1871 1872 1404
f 1404 1872 1845
f 1866 770 1762
f 1762 770 1546
f 1762 682 1866
f 1866 682 1867
f 1870 1868 1272
f 1272 1868 681
f 1272 717 1870
f 1870 717 720
f 1870 720 786
f 786 720 1433
f 786 1433 787
f 787 1433 1432
f 1261 1414 1432
f 1432 1414 787
f 1389 1234 1260
f 1260 1234 1415
f 1719 1670 1388
f 1388 1670 1235
f 1718 1671 1719
f 1719 1671 1670
f 1705 1747 1718
f 1718 1747 1671
f 1659 1901 1704
f 1704 1901 1748
f 1877 1903 1902
f 1902 1903 1904
f 1259 1905 1390
f 1390 1905 1394
f 1715 1720 1393
f 1393 1720 1391
f 1716 1721 1715
f 1715 1721 1720
f 1698 1706 1716
f 1716 1706 1721
f 277 276 47
f 47 276 48
f 84 96 81
f 81 96 82
f 80 70 81
f 81 70 85
f 99 97 88
f 88 97 89
f 90 100 88
f 88 100 99
f 101 95 102
f 102 95 94
f 1906 1907 280
f 280 1907 281
f 97 86 89
f 89 86 85
f 60 282 61
f 61 282 281
f 83 82 46
f 46 82 47
f 293 292 420
f 420 292 421
f 419 1908 420
f 420 1908 1909
f 92 95 91
f 91 95 90
f 279 282 93
f 93 282 94
f 276 418 48
f 48 418 421
f 1910 1660 1697
f 1697 1660 1707
f 1703 1624 1700
f 1700 1624 1644
f 1622 1910 1623
f 1623 1910 1697
f 1701 1700 1911
f 1911 1700 1661
f 1700 1644 1661
f 1661 1644 1658
f 1901 1737 1733
f 1733 1737 1645
f 1625 1912 1604
f 1604 1912 1731
f 1912 1913 1731
f 1731 1913 1914
f 1913 1577 1914
f 1914 1577 1572
f 1915 1578 1616
f 1616 1578 1618
f 1915 1916 1598
f 1598 1916 1743
f 1916 1574 1743
f 1743 1574 1573
f 1575 1917 1576
f 1576 1917 1597
f 1917 1609 1597
f 1597 1609 1594
f 1608 1611 1729
f 1729 1611 1610
f 1918 1612 1629
f 1629 1612 1630
f 1626 1918 1627
f 1627 1918 1629
f 1920 1921 1919
f 1919 1921 1922
f 1920 1924 1923
f 1923 1924 1925
f 1926 1927 1924
f 1924 1927 1925
f 1929 1930 1928
f 1928 1930 1931
f 1932 1933 1935
f 1935 1933 1934
f 1937 1938 1936
f 1936 1938 1939
f 1941 1942 1940
f 1940 1942 1943
f 1941 1945 1944
f 1944 1945 1946
f 1947 1948 1694
f 1694 1948 1949
f 1950 1951 1953
f 1953 1951 1952
f 1955 1956 1954
f 1954 1956 1589
f 1958 1956 1957
f 1957 1956 1932
f 1960 1934 1959
f 1959 1934 1933
f 1962 1963 1961
f 1961 1963 1964
f 1965 1955 1751
f 1751 1955 1954
f 1935 1930 1932
f 1932 1930 1957
f 1951 1950 1926
f 1926 1950 1929
f 1966 1967 1593
f 1593 1967 1590
f 1969 1967 1968
f 1968 1967 1964
f 1962 1921 1970
f 1970 1921 1971
f 1963 1945 1964
f 1964 1945 1968
f 1972 1948 1922
f 1922 1948 1919
f 1966 1972 1961
f 1961 1972 1922
f 1958 1953 1587
f 1587 1953 1560
f 1974 1975 1973
f 1973 1975 1976
f 1978 1979 1977
f 1977 1979 1691
f 1979 1975 1691
f 1691 1975 1586
f 1938 1942 1939
f 1939 1942 1980
f 1952 1947 1557
f 1557 1947 1694
f 1969 1978 1981
f 1981 1978 1977
f 1983 1984 1982
f 1982 1984 1985
f 1986 1987 1989
f 1989 1987 1988
f 1990 1991 1983
f 1983 1991 1984
f 1990 1993 1992
f 1992 1993 1994
f 1995 1996 1994
f 1994 1996 1997
f 1999 2000 1998
f 1998 2000 2001
f 2003 2004 2002
f 2002 2004 2005
f 2007 2008 2006
f 2006 2008 2009
f 2011 2012 2010
f 2010 2012 2013
f 2014 2015 2017
f 2017 2015 2016
f 2018 2019 2021
f 2021 2019 2020
f 2022 1989 2024
f 2024 1989 2023
f 1989 1988 2023
f 2023 1988 2025
f 2026 2027 2017
f 2017 2027 2014
f 2029 2030 2028
f 2028 2030 2031
f 2033 2034 2032
f 2032 2034 2035
f 2032 2035 2036
f 2036 2035 2037
f 2039 2040 2038
f 2038 2040 2041
f 1982 2042 1983
f 1983 2042 2043
f 2045 2046 2044
f 2044 2046 2047
f 2049 2050 2048
f 2048 2050 2051
f 2053 2054 2052
f 2052 2054 2055
f 2057 2058 2056
f 2056 2058 2059
f 2060 2061 2033
f 2033 2061 2034
f 2063 2064 2062
f 2062 2064 2065
f 2066 2035 2067
f 2067 2035 2034
f 2069 2039 2068
f 2068 2039 2038
f 2025 2070 2023
f 2023 2070 2071
f 2072 2024 2071
f 2071 2024 2023
f 2074 2020 2073
f 2073 2020 2019
f 2050 2049 2047
f 2047 2049 2075
f 1983 2043 1990
f 1990 2043 1993
f 2006 2050 2007
f 2007 2050 2076
f 2050 2006 2051
f 2051 2006 2077
f 2079 2080 2078
f 2078 2080 2081
f 2082 2083 2085
f 2085 2083 2084
f 2010 2013 2086
f 2086 2013 2087
f 2089 2033 2088
f 2088 2033 2032
f 2090 2060 2089
f 2089 2060 2033
f 2092 2093 2091
f 2091 2093 2094
f 2096 1986 2095
f 2095 1986 2097
f 2097 1986 2022
f 2022 1986 1989
f 2015 2094 2016
f 2016 2094 2098
f 2016 2098 2100
f 2100 2098 2099
f 2017 2016 2101
f 2101 2016 2100
f 2017 2101 2026
f 2026 2101 2102
f 2100 2099 2104
f 2104 2099 2103
f 2104 2105 2100
f 2100 2105 2101
f 2105 2106 2101
f 2101 2106 2102
f 2108 2061 2107
f 2107 2061 2109
f 2111 2112 2110
f 2110 2112 2020
f 2020 2074 2110
f 2110 2074 2113
f 2115 2116 2114
f 2114 2116 2117
f 2118 2119 1995
f 1995 2119 2120
f 2121 2122 2027
f 2027 2122 2014
f 2047 2075 2044
f 2044 2075 2123
f 2124 2125 2127
f 2127 2125 2126
f 2129 2130 2128
f 2128 2130 2131
f 2132 2133 2057
f 2057 2133 2058
f 2134 1999 2136
f 2136 1999 2135
f 2055 2138 2137
f 2137 2138 2139
f 2141 2142 2140
f 2140 2142 2143
f 2083 2082 2064
f 2064 2082 2065
f 2082 2144 2065
f 2065 2144 2145
f 2040 2146 2041
f 2041 2146 2147
f 2060 2090 2148
f 2148 2090 2149
f 2048 2051 2137
f 2137 2051 2150
f 2151 1997 2135
f 2135 1997 1996
f 2152 2150 2077
f 2077 2150 2051
f 2046 2045 2118
f 2118 2045 2119
f 2154 2155 2153
f 2153 2155 2156
f 2158 2159 2157
f 2157 2159 2160
f 2162 2163 2161
f 2161 2163 2164
f 2164 2163 2165
f 2165 2163 2166
f 2168 2169 2167
f 2167 2169 2170
f 2003 2172 2171
f 2171 2172 2173
f 2174 2175 2002
f 2002 2175 2176
f 2145 2177 2065
f 2065 2177 2062
f 2178 2179 2180
f 2180 2179 2134
f 2181 2052 2152
f 2152 2052 2150
f 2040 2127 2146
f 2146 2127 2182
f 2130 2162 2131
f 2131 2162 2161
f 2052 2055 2150
f 2150 2055 2137
f 2184 2185 2183
f 2183 2185 2186
f 2159 2030 2160
f 2160 2030 2187
f 2146 2182 2029
f 2029 2182 2188
f 2189 2190 2192
f 2192 2190 2191
f 2172 2003 2176
f 2176 2003 2002
f 1998 2151 1999
f 1999 2151 2135
f 2177 2172 2062
f 2062 2172 2176
f 2172 2177 2173
f 2173 2177 2193
f 2063 2194 2064
f 2064 2194 2195
f 2066 2197 2196
f 2196 2197 2198
f 2002 2005 2174
f 2174 2005 2199
f 2004 2003 2200
f 2200 2003 2171
f 2198 2201 2171
f 2171 2201 2200
f 2197 2202 2198
f 2198 2202 2201
f 2202 2197 2203
f 2203 2197 2204
f 2196 2198 2173
f 2173 2198 2171
f 2205 2069 2170
f 2170 2069 2206
f 2197 2066 2204
f 2204 2066 2067
f 2107 2207 2108
f 2108 2207 2208
f 2210 2208 2209
f 2209 2208 2207
f 2185 2211 2212
f 2213 2214 2211
f 2211 2214 2212
f 1998 2001 2213
f 2213 2001 2214
f 2134 2215 1999
f 1999 2215 2000
f 2216 2217 2219
f 2219 2217 2218
f 2206 2220 2170
f 2170 2220 2167
f 2069 2068 2206
f 2206 2068 2221
f 2151 1998 2222
f 2222 1998 2213
f 2124 2039 2205
f 2205 2039 2069
f 2142 2223 2143
f 2143 2223 2128
f 2203 2186 2202
f 2202 2186 2185
f 2185 2184 2211
f 2211 2184 2224
f 2224 2225 2222
f 2222 2225 2226
f 2071 2227 2072
f 2072 2227 2228
f 2229 2074 2230
f 2230 2074 2073
f 2074 2229 2113
f 2113 2229 2231
f 2232 2225 2227
f 2227 2225 2224
f 2233 2234 2031
f 2031 2234 2028
f 2236 2231 2235
f 2235 2231 2229
f 2230 2183 2229
f 2229 2183 2235
f 2237 1987 2096
f 2096 1987 1986
f 2152 2238 2181
f 2181 2238 2239
f 2080 2240 2081
f 2081 2240 2241
f 2236 2242 1971
f 1971 2242 1970
f 1925 2113 1923
f 1923 2113 2231
f 2110 1927 2111
f 2111 1927 1928
f 2103 2111 1931
f 1931 2111 1928
f 1931 2243 2103
f 2103 2243 2104
f 2105 2104 2244
f 2244 2104 2243
f 1939 1980 2148
f 2148 1980 2109
f 1980 1944 2109
f 2109 1944 2107
f 1946 2245 2207
f 2207 2245 2209
f 2245 1970 2209
f 2209 1970 2242
f 2231 2236 1923
f 1923 2236 1971
f 2113 1925 2110
f 2110 1925 1927
f 2234 2246 2028
f 2028 2246 2147
f 2247 2248 2058
f 2058 2248 2059
f 2114 2117 2249
f 2249 2117 2250
f 2252 2253 2251
f 2251 2253 2254
f 2094 2015 2091
f 2091 2015 2255
f 2256 2255 2014
f 2014 2255 2015
f 2257 2145 2258
f 2258 2145 2144
f 2131 2161 2123
f 2123 2161 2044
f 2045 2044 2164
f 2164 2044 2161
f 2045 2164 2119
f 2119 2164 2165
f 2259 2120 2165
f 2165 2120 2119
f 2260 2261 2259
f 2259 2261 2120
f 2205 2262 2124
f 2124 2262 2125
f 2180 2263 2178
f 2178 2263 2264
f 2265 2266 2092
f 2092 2266 2093
f 1992 2267 2268
f 2184 2228 2224
f 2224 2228 2227
f 2048 2269 2049
f 2049 2269 2141
f 2129 2168 2157
f 2157 2168 2167
f 2049 2141 2075
f 2075 2141 2140
f 2199 2215 2270
f 2270 2215 2271
f 2142 2141 2272
f 2272 2141 2269
f 2089 2026 2090
f 2090 2026 2102
f 2146 2029 2147
f 2147 2029 2028
f 2111 2103 2112
f 2112 2103 2099
f 2061 2060 2109
f 2109 2060 2148
f 2273 2274 2041
f 2041 2274 2038
f 2260 2275 2261
f 2261 2275 2136
f 2057 2138 2132
f 2132 2138 2276
f 2272 2269 2056
f 2056 2269 2139
f 2277 2278 2270
f 2270 2278 2199
f 2029 2188 2030
f 2030 2188 2187
f 2040 2039 2127
f 2127 2039 2124
f 2064 2195 2083
f 2083 2195 2279
f 2056 2139 2057
f 2057 2139 2138
f 2278 2277 2247
f 2247 2277 2248
f 2062 2176 2063
f 2063 2176 2175
f 2280 2210 2242
f 2242 2210 2209
f 2282 2233 2281
f 2281 2233 2031
f 2216 2219 2283
f 2283 2219 2221
f 2158 2220 2218
f 2218 2220 2219
f 2217 2282 2218
f 2218 2282 2281
f 2220 2158 2167
f 2167 2158 2157
f 2223 2264 2128
f 2128 2264 2263
f 2261 1996 2120
f 2120 1996 1995
f 2213 2211 2222
f 2222 2211 2224
f 2283 2221 2284
f 2284 2221 2068
f 2135 1996 2136
f 2136 1996 2261
f 2144 2081 2258
f 2258 2081 2241
f 2235 2280 2236
f 2236 2280 2242
f 2246 2273 2147
f 2147 2273 2041
f 2036 2285 2032
f 2032 2285 2088
f 2077 2286 2152
f 2152 2286 2238
f 1937 1960 1973
f 1973 1960 1959
f 2070 2232 2071
f 2071 2232 2227
f 2244 2287 2105
f 2105 2287 2106
f 1936 1939 2149
f 2149 1939 2148
f 1944 1946 2107
f 2107 1946 2207
f 2285 2121 2088
f 2088 2121 2027
f 2253 2249 2254
f 2254 2249 2250
f 2006 2009 2077
f 2077 2009 2286
f 2289 2086 2288
f 2288 2086 2087
f 2223 2142 2290
f 2290 2142 2272
f 2128 2131 2143
f 2143 2131 2123
f 2156 2291 2153
f 2153 2291 2175
f 2292 2293 2278
f 2278 2293 2294
f 2075 2140 2123
f 2123 2140 2143
f 2262 2169 2275
f 2275 2169 2180
f 2275 2180 2136
f 2136 2180 2134
f 2274 2284 2038
f 2038 2284 2068
f 2127 2126 2182
f 2182 2126 2166
f 2094 2093 2098
f 2098 2093 2021
f 2098 2021 2099
f 2099 2021 2112
f 2018 2021 2266
f 2266 2021 2093
f 2251 2289 2252
f 2252 2289 2288
f 1997 2151 2226
f 2226 2151 2222
f 2206 2221 2220
f 2220 2221 2219
f 2269 2048 2139
f 2139 2048 2137
f 2159 2158 2281
f 2281 2158 2218
f 2156 2155 2190
f 2190 2155 2191
f 1974 1965 1583
f 1583 1965 1751
f 2088 2027 2089
f 2089 2027 2026
f 2030 2159 2031
f 2031 2159 2281
f 2106 2149 2102
f 2102 2149 2090
f 2287 1936 2106
f 2106 1936 2149
f 2293 2154 2294
f 2294 2154 2153
f 2021 2020 2112
f 2247 2295 2278
f 2278 2295 2292
f 2284 2296 2283
f 2283 2296 2297
f 2298 2296 2274
f 2274 2296 2284
f 2273 2299 2274
f 2274 2299 2298
f 2246 2300 2273
f 2273 2300 2299
f 2283 2297 2216
f 2216 2297 2301
f 2216 2301 2217
f 2217 2301 2302
f 2302 2303 2217
f 2217 2303 2282
f 2304 2301 2305
f 2305 2301 2297
f 2307 2308 2306
f 2306 2308 2309
f 2306 2310 2307
f 2307 2310 2311
f 2307 2312 2308
f 2308 2312 2313
f 2314 2315 2312
f 2312 2315 2316
f 2316 2317 2312
f 2312 2317 2313
f 2317 2305 2313
f 2313 2305 2318
f 2314 2312 2311
f 2311 2312 2307
f 2319 2320 2322
f 2322 2320 2321
f 2322 2311 2319
f 2319 2311 2310
f 2313 2318 2308
f 2308 2318 2309
f 2296 2298 2318
f 2318 2298 2309
f 2309 2298 2323
f 2323 2298 2299
f 2306 2309 2324
f 2324 2309 2323
f 2310 2306 2325
f 2325 2306 2324
f 2296 2318 2297
f 2297 2318 2305
f 2319 2310 2326
f 2326 2310 2325
f 2328 2325 2327
f 2327 2325 2324
f 2325 2328 2326
f 2326 2328 2329
f 2331 2328 2330
f 2330 2328 2327
f 2332 2333 2327
f 2327 2333 2330
f 2328 2331 2329
f 2329 2331 2334
f 2324 2323 2327
f 2327 2323 2332
f 2300 2332 2299
f 2299 2332 2323
f 2326 2335 2319
f 2319 2335 2320
f 2305 2317 2336
f 2336 2317 2316
f 2336 2316 2337
f 2337 2316 2315
f 2338 2304 2336
f 2336 2304 2305
f 2337 2339 2336
f 2336 2339 2338
f 2337 2315 2341
f 2341 2315 2340
f 2342 2300 2234
f 2234 2300 2246
f 2303 2343 2282
f 2282 2343 2233
f 2234 2233 2342
f 2342 2233 2343
f 2342 2343 2333
f 2333 2343 2344
f 2333 2344 2330
f 2330 2344 2345
f 2346 2344 2303
f 2303 2344 2343
f 2332 2300 2333
f 2333 2300 2342
f 2347 2346 2302
f 2302 2346 2303
f 2301 2304 2302
f 2302 2304 2347
f 2304 2338 2347
f 2347 2338 2348
f 2348 2349 2347
f 2347 2349 2346
f 2350 2351 2348
f 2348 2351 2349
f 2349 2345 2346
f 2346 2345 2344
f 2345 2349 2352
f 2352 2349 2351
f 2338 2339 2348
f 2348 2339 2350
f 2350 2339 2353
f 2353 2339 2354
f 2356 2357 2355
f 2355 2357 2353
f 2351 2350 2357
f 2357 2350 2353
f 2353 2354 2355
f 2355 2354 2335
f 2320 2335 2341
f 2341 2335 2354
f 2339 2337 2354
f 2354 2337 2341
f 2352 2331 2345
f 2345 2331 2330
f 2356 2334 2352
f 2352 2334 2331
f 2356 2352 2357
f 2357 2352 2351
f 2355 2329 2356
f 2356 2329 2334
f 2335 2326 2355
f 2355 2326 2329
f 2321 2314 2322
f 2322 2314 2311
f 2321 2320 2340
f 2340 2320 2341
f 2315 2314 2340
f 2340 2314 2321
f 2125 2260 2126
f 2126 2260 2259
f 2157 2160 2129
f 2129 2160 2130
f 2188 2163 2187
f 2187 2163 2162
f 2182 2166 2188
f 2188 2166 2163
f 2180 2169 2263
f 2263 2169 2168
f 2160 2187 2130
f 2130 2187 2162
f 2275 2260 2262
f 2262 2260 2125
f 2128 2263 2129
f 2129 2263 2168
f 2262 2205 2169
f 2169 2205 2170
f 2165 2166 2259
f 2259 2166 2126
f 2359 2360 2358
f 2358 2360 2361
f 2363 2364 2362
f 2362 2364 2365
f 2367 2363 2366
f 2366 2363 2362
f 2368 2369 2371
f 2371 2369 2370
f 2372 2373 2248
f 2248 2373 2059
f 2364 2374 2365
f 2365 2374 2375
f 2377 2378 2376
f 2376 2378 2379
f 2290 2380 2223
f 2223 2380 2381
f 2223 2381 2264
f 2264 2381 2382
f 2384 2385 2383
f 2383 2385 2386
f 2364 2371 2374
f 2374 2371 2387
f 2059 2373 2290
f 2290 2373 2380
f 2378 2360 2379
f 2379 2360 2388
f 2374 2387 2359
f 2359 2387 2389
f 2390 2367 2386
f 2386 2367 2391
f 2393 2394 2392
f 2392 2394 2395
f 2386 2391 2383
f 2383 2391 2396
f 2367 2366 2391
f 2391 2366 2397
f 2363 2367 2368
f 2368 2367 2390
f 2398 2399 2361
f 2361 2399 2358
f 2399 2400 2358
f 2358 2400 2375
f 2390 2401 2368
f 2368 2401 2369
f 2372 2384 2376
f 2376 2384 2383
f 2374 2359 2375
f 2375 2359 2358
f 2402 2403 2365
f 2365 2403 2362
f 2359 2389 2360
f 2360 2389 2388
f 2364 2363 2371
f 2371 2363 2368
f 2405 2398 2404
f 2404 2398 2361
f 2392 2395 2406
f 2406 2395 2397
f 2377 2396 2394
f 2394 2396 2395
f 2394 2393 2404
f 2404 2393 2405
f 2396 2377 2383
f 2383 2377 2376
f 2406 2397 2407
f 2407 2397 2366
f 2400 2402 2375
f 2375 2402 2365
f 2385 2270 2401
f 2401 2270 2271
f 2403 2407 2362
f 2362 2407 2366
f 2371 2370 2387
f 2387 2370 2382
f 2391 2397 2396
f 2396 2397 2395
f 2378 2377 2404
f 2404 2377 2394
f 2360 2378 2361
f 2361 2378 2404
f 2407 2408 2406
f 2406 2408 2409
f 2410 2408 2403
f 2403 2408 2407
f 2411 2410 2402
f 2402 2410 2403
f 2412 2411 2400
f 2400 2411 2402
f 2406 2409 2392
f 2392 2409 2413
f 2392 2413 2393
f 2393 2413 2414
f 2415 2405 2414
f 2414 2405 2393
f 2416 2413 2417
f 2417 2413 2409
f 2419 2420 2418
f 2418 2420 2421
f 2420 2422 2421
f 2421 2422 2423
f 2420 2424 2422
f 2422 2424 2425
f 2426 2427 2424
f 2424 2427 2428
f 2428 2429 2424
f 2424 2429 2425
f 2426 2424 2419
f 2419 2424 2420
f 2419 2418 2431
f 2431 2418 2430
f 2425 2432 2422
f 2422 2432 2423
f 2408 2410 2432
f 2432 2410 2423
f 2423 2410 2433
f 2433 2410 2411
f 2421 2423 2434
f 2434 2423 2433
f 2435 2418 2434
f 2434 2418 2421
f 2429 2417 2425
f 2425 2417 2432
f 2408 2432 2409
f 2409 2432 2417
f 2418 2435 2430
f 2430 2435 2436
f 2438 2435 2437
f 2437 2435 2434
f 2435 2438 2436
f 2436 2438 2439
f 2441 2438 2440
f 2440 2438 2437
f 2442 2443 2437
f 2437 2443 2440
f 2439 2438 2444
f 2444 2438 2441
f 2433 2442 2434
f 2434 2442 2437
f 2412 2442 2411
f 2411 2442 2433
f 2436 2445 2430
f 2430 2445 2446
f 2430 2446 2431
f 2431 2446 2447
f 2417 2429 2448
f 2448 2429 2428
f 2427 2449 2428
f 2428 2449 2448
f 2450 2416 2448
f 2448 2416 2417
f 2451 2450 2449
f 2449 2450 2448
f 2427 2452 2449
f 2449 2452 2453
f 2447 2446 2452
f 2452 2446 2453
f 2454 2412 2399
f 2399 2412 2400
f 2415 2455 2405
f 2405 2455 2398
f 2399 2398 2454
f 2454 2398 2455
f 2454 2455 2443
f 2443 2455 2456
f 2443 2456 2440
f 2440 2456 2457
f 2458 2456 2415
f 2415 2456 2455
f 2443 2442 2454
f 2454 2442 2412
f 2459 2458 2414
f 2414 2458 2415
f 2413 2416 2414
f 2414 2416 2459
f 2459 2416 2460
f 2460 2416 2450
f 2460 2461 2459
f 2459 2461 2458
f 2462 2463 2460
f 2460 2463 2461
f 2461 2457 2458
f 2458 2457 2456
f 2457 2461 2464
f 2464 2461 2463
f 2451 2462 2450
f 2450 2462 2460
f 2462 2451 2465
f 2465 2451 2466
f 2468 2469 2467
f 2467 2469 2465
f 2463 2462 2469
f 2469 2462 2465
f 2465 2466 2467
f 2467 2466 2445
f 2446 2445 2453
f 2453 2445 2466
f 2451 2449 2466
f 2466 2449 2453
f 2464 2441 2457
f 2457 2441 2440
f 2468 2444 2464
f 2464 2444 2441
f 2468 2464 2469
f 2469 2464 2463
f 2467 2439 2468
f 2468 2439 2444
f 2445 2436 2467
f 2467 2436 2439
f 2447 2426 2431
f 2431 2426 2419
f 2427 2426 2452
f 2452 2426 2447
f 2369 2179 2370
f 2370 2179 2178
f 2376 2379 2372
f 2372 2379 2373
f 2389 2381 2388
f 2388 2381 2380
f 2387 2382 2389
f 2389 2382 2381
f 2270 2385 2277
f 2277 2385 2384
f 2379 2388 2373
f 2373 2388 2380
f 2401 2271 2369
f 2369 2271 2179
f 2248 2277 2372
f 2372 2277 2384
f 2401 2390 2385
f 2385 2390 2386
f 2264 2382 2178
f 2178 2382 2370
f 2215 2134 2271
f 2271 2134 2179
f 2005 2000 2199
f 2199 2000 2215
f 2004 2001 2005
f 2005 2001 2000
f 2200 2214 2004
f 2004 2214 2001
f 2470 2471 2473
f 2473 2471 2472
f 2475 2476 2474
f 2474 2476 2477
f 2479 2475 2478
f 2478 2475 2474
f 2481 2482 2480
f 2480 2482 2483
f 2476 2484 2477
f 2477 2484 2485
f 2487 2488 2486
f 2486 2488 2489
f 2133 2490 2058
f 2058 2490 2491
f 2058 2491 2247
f 2247 2491 2492
f 2494 2495 2493
f 2493 2495 2496
f 2476 2483 2484
f 2484 2483 2497
f 2472 2498 2488
f 2488 2498 2489
f 2484 2497 2471
f 2471 2497 2499
f 2500 2479 2496
f 2496 2479 2501
f 2502 2503 2505
f 2505 2503 2504
f 2496 2501 2493
f 2493 2501 2506
f 2479 2478 2501
f 2501 2478 2507
f 2475 2479 2480
f 2480 2479 2500
f 2508 2509 2473
f 2473 2509 2470
f 2509 2510 2470
f 2470 2510 2485
f 2511 2481 2500
f 2500 2481 2480
f 2512 2494 2486
f 2486 2494 2493
f 2485 2484 2470
f 2470 2484 2471
f 2513 2514 2477
f 2477 2514 2474
f 2471 2499 2472
f 2472 2499 2498
f 2476 2475 2483
f 2483 2475 2480
f 2516 2508 2515
f 2515 2508 2473
f 2502 2505 2517
f 2517 2505 2507
f 2504 2487 2505
f 2505 2487 2506
f 2503 2516 2504
f 2504 2516 2515
f 2506 2487 2493
f 2493 2487 2486
f 2517 2507 2518
f 2518 2507 2478
f 2510 2513 2485
f 2485 2513 2477
f 2511 2495 2293
f 2293 2495 2154
f 2514 2518 2474
f 2474 2518 2478
f 2483 2482 2497
f 2497 2482 2492
f 2501 2507 2506
f 2506 2507 2505
f 2488 2487 2515
f 2515 2487 2504
f 2472 2488 2473
f 2473 2488 2515
f 2518 2519 2517
f 2517 2519 2520
f 2521 2519 2514
f 2514 2519 2518
f 2522 2521 2513
f 2513 2521 2514
f 2523 2522 2510
f 2510 2522 2513
f 2517 2520 2502
f 2502 2520 2524
f 2502 2524 2503
f 2503 2524 2525
f 2525 2526 2503
f 2503 2526 2516
f 2527 2524 2528
f 2528 2524 2520
f 2530 2531 2529
f 2529 2531 2532
f 2531 2533 2532
f 2532 2533 2534
f 2531 2535 2533
f 2533 2535 2536
f 2537 2538 2535
f 2535 2538 2539
f 2539 2540 2535
f 2535 2540 2536
f 2537 2535 2530
f 2530 2535 2531
f 2529 2541 2530
f 2530 2541 2542
f 2543 2534 2536
f 2536 2534 2533
f 2519 2521 2543
f 2543 2521 2534
f 2534 2521 2544
f 2544 2521 2522
f 2532 2534 2545
f 2545 2534 2544
f 2529 2532 2546
f 2546 2532 2545
f 2536 2540 2543
f 2543 2540 2528
f 2519 2543 2520
f 2520 2543 2528
f 2541 2529 2547
f 2547 2529 2546
f 2548 2549 2545
f 2545 2549 2546
f 2549 2550 2546
f 2546 2550 2547
f 2551 2552 2548
f 2548 2552 2549
f 2548 2553 2551
f 2551 2553 2554
f 2550 2549 2555
f 2555 2549 2552
f 2545 2544 2548
f 2548 2544 2553
f 2523 2553 2522
f 2522 2553 2544
f 2547 2556 2541
f 2541 2556 2557
f 2541 2557 2542
f 2542 2557 2558
f 2528 2540 2559
f 2559 2540 2539
f 2538 2560 2539
f 2539 2560 2559
f 2561 2527 2559
f 2559 2527 2528
f 2560 2562 2559
f 2559 2562 2561
f 2560 2538 2564
f 2564 2538 2563
f 2558 2557 2563
f 2563 2557 2564
f 2565 2523 2509
f 2509 2523 2510
f 2526 2566 2516
f 2516 2566 2508
f 2509 2508 2565
f 2565 2508 2566
f 2565 2566 2554
f 2554 2566 2567
f 2554 2567 2551
f 2551 2567 2568
f 2569 2567 2526
f 2526 2567 2566
f 2553 2523 2554
f 2554 2523 2565
f 2570 2569 2525
f 2525 2569 2526
f 2524 2527 2525
f 2525 2527 2570
f 2527 2561 2570
f 2570 2561 2571
f 2571 2572 2570
f 2570 2572 2569
f 2573 2574 2571
f 2571 2574 2572
f 2572 2568 2569
f 2569 2568 2567
f 2568 2572 2575
f 2575 2572 2574
f 2562 2573 2561
f 2561 2573 2571
f 2573 2562 2576
f 2576 2562 2577
f 2579 2580 2578
f 2578 2580 2576
f 2574 2573 2580
f 2580 2573 2576
f 2576 2577 2578
f 2578 2577 2556
f 2557 2556 2564
f 2564 2556 2577
f 2562 2560 2577
f 2577 2560 2564
f 2575 2552 2568
f 2568 2552 2551
f 2579 2555 2575
f 2575 2555 2552
f 2579 2575 2580
f 2580 2575 2574
f 2550 2555 2578
f 2578 2555 2579
f 2556 2547 2578
f 2578 2547 2550
f 2558 2537 2542
f 2542 2537 2530
f 2538 2537 2563
f 2563 2537 2558
f 2292 2295 2481
f 2481 2295 2482
f 2486 2489 2512
f 2512 2489 2581
f 2499 2491 2498
f 2498 2491 2490
f 2497 2492 2499
f 2499 2492 2491
f 2155 2154 2494
f 2494 2154 2495
f 2581 2489 2490
f 2490 2489 2498
f 2293 2292 2511
f 2511 2292 2481
f 2191 2155 2512
f 2512 2155 2494
f 2500 2496 2511
f 2511 2496 2495
f 2247 2492 2295
f 2295 2492 2482
f 2583 2584 2582
f 2582 2584 2585
f 2587 2588 2586
f 2586 2588 2589
f 2591 2587 2590
f 2590 2587 2586
f 2593 2594 2592
f 2592 2594 2595
f 2596 2597 2599
f 2599 2597 2598
f 2588 2600 2589
f 2589 2600 2601
f 2602 2603 2605
f 2605 2603 2604
f 2606 2607 2609
f 2609 2607 2608
f 2609 2608 2190
f 2190 2608 2610
f 2611 2612 2614
f 2614 2612 2613
f 2600 2588 2615
f 2615 2588 2595
f 2599 2598 2606
f 2606 2598 2607
f 2584 2616 2604
f 2604 2616 2605
f 2600 2615 2583
f 2583 2615 2617
f 2591 2619 2618
f 2618 2619 2614
f 2621 2622 2620
f 2620 2622 2623
f 2619 2624 2614
f 2614 2624 2611
f 2591 2590 2619
f 2619 2590 2625
f 2587 2591 2592
f 2592 2591 2618
f 2626 2627 2585
f 2585 2627 2582
f 2627 2628 2582
f 2582 2628 2601
f 2629 2593 2618
f 2618 2593 2592
f 2602 2597 2611
f 2611 2597 2612
f 2600 2583 2601
f 2601 2583 2582
f 2630 2631 2589
f 2589 2631 2586
f 2583 2617 2584
f 2584 2617 2616
f 2588 2587 2595
f 2595 2587 2592
f 2633 2626 2632
f 2632 2626 2585
f 2620 2623 2634
f 2634 2623 2625
f 2622 2603 2623
f 2623 2603 2624
f 2621 2633 2622
f 2622 2633 2632
f 2611 2624 2602
f 2602 2624 2603
f 2634 2625 2635
f 2635 2625 2590
f 2628 2630 2601
f 2601 2630 2589
f 2613 2195 2629
f 2629 2195 2194
f 2631 2635 2586
f 2586 2635 2590
f 2595 2594 2615
f 2615 2594 2610
f 2619 2625 2624
f 2624 2625 2623
f 2632 2604 2622
f 2622 2604 2603
f 2585 2584 2632
f 2632 2584 2604
f 2635 2636 2634
f 2634 2636 2637
f 2638 2636 2631
f 2631 2636 2635
f 2639 2638 2630
f 2630 2638 2631
f 2640 2639 2628
f 2628 2639 2630
f 2634 2637 2620
f 2620 2637 2641
f 2620 2641 2621
f 2621 2641 2642
f 2642 2643 2621
f 2621 2643 2633
f 2641 2637 2644
f 2644 2637 2645
f 2646 2647 2649
f 2649 2647 2648
f 2648 2650 2649
f 2649 2650 2651
f 2648 2652 2650
f 2650 2652 2653
f 2652 2654 2656
f 2656 2654 2655
f 2656 2657 2652
f 2652 2657 2653
f 2654 2652 2647
f 2647 2652 2648
f 2647 2646 2659
f 2659 2646 2658
f 2660 2651 2653
f 2653 2651 2650
f 2636 2638 2660
f 2660 2638 2651
f 2651 2638 2661
f 2661 2638 2639
f 2651 2661 2649
f 2649 2661 2662
f 2663 2646 2662
f 2662 2646 2649
f 2653 2657 2660
f 2660 2657 2645
f 2636 2660 2637
f 2637 2660 2645
f 2646 2663 2658
f 2658 2663 2664
f 2665 2666 2662
f 2662 2666 2663
f 2666 2667 2663
f 2663 2667 2664
f 2668 2669 2665
f 2665 2669 2666
f 2665 2670 2668
f 2668 2670 2671
f 2667 2666 2672
f 2672 2666 2669
f 2662 2661 2665
f 2665 2661 2670
f 2640 2670 2639
f 2639 2670 2661
f 2673 2674 2664
f 2664 2674 2658
f 2658 2674 2659
f 2659 2674 2675
f 2645 2657 2676
f 2676 2657 2656
f 2677 2676 2655
f 2655 2676 2656
f 2676 2678 2645
f 2645 2678 2644
f 2677 2679 2676
f 2676 2679 2678
f 2655 2680 2677
f 2677 2680 2681
f 2675 2674 2680
f 2680 2674 2681
f 2682 2640 2627
f 2627 2640 2628
f 2643 2683 2633
f 2633 2683 2626
f 2682 2627 2683
f 2683 2627 2626
f 2683 2684 2682
f 2682 2684 2671
f 2684 2685 2671
f 2671 2685 2668
f 2686 2684 2643
f 2643 2684 2683
f 2670 2640 2671
f 2671 2640 2682
f 2687 2686 2642
f 2642 2686 2643
f 2642 2641 2687
f 2687 2641 2644
f 2687 2644 2688
f 2688 2644 2678
f 2688 2689 2687
f 2687 2689 2686
f 2690 2691 2688
f 2688 2691 2689
f 2689 2685 2686
f 2686 2685 2684
f 2685 2689 2692
f 2692 2689 2691
f 2679 2690 2678
f 2678 2690 2688
f 2690 2679 2693
f 2693 2679 2694
f 2696 2697 2695
f 2695 2697 2693
f 2691 2690 2697
f 2697 2690 2693
f 2693 2694 2695
f 2695 2694 2673
f 2674 2673 2681
f 2681 2673 2694
f 2679 2677 2694
f 2694 2677 2681
f 2685 2692 2668
f 2668 2692 2669
f 2696 2672 2692
f 2692 2672 2669
f 2696 2692 2697
f 2697 2692 2691
f 2695 2667 2696
f 2696 2667 2672
f 2673 2664 2695
f 2695 2664 2667
f 2675 2654 2659
f 2659 2654 2647
f 2655 2654 2680
f 2680 2654 2675
f 2291 2156 2593
f 2593 2156 2594
f 2597 2602 2598
f 2598 2602 2605
f 2616 2617 2607
f 2607 2617 2608
f 2615 2610 2617
f 2617 2610 2608
f 2597 2596 2612
f 2612 2596 2698
f 2598 2605 2607
f 2607 2605 2616
f 2194 2291 2629
f 2629 2291 2593
f 2629 2618 2613
f 2613 2618 2614
f 2190 2610 2156
f 2156 2610 2594
f 2700 2010 2699
f 2699 2010 2086
f 2267 2701 2116
f 2116 2701 2702
f 2116 2702 2117
f 2117 2702 2703
f 2704 2705 2250
f 2250 2705 2254
f 2011 2706 2267
f 2267 2706 2701
f 2699 2086 2707
f 2707 2086 2289
f 2010 2700 2011
f 2011 2700 2706
f 2708 2707 2251
f 2251 2707 2289
f 2703 2704 2117
f 2117 2704 2250
f 2705 2708 2254
f 2254 2708 2251
f 2709 2710 2708
f 2708 2710 2707
f 2711 2709 2705
f 2705 2709 2708
f 2712 2711 2704
f 2704 2711 2705
f 2713 2712 2703
f 2703 2712 2704
f 2707 2710 2699
f 2699 2710 2714
f 2699 2714 2700
f 2700 2714 2715
f 2716 2706 2715
f 2715 2706 2700
f 2714 2710 2717
f 2717 2710 2718
f 2720 2721 2719
f 2719 2721 2722
f 2721 2723 2722
f 2722 2723 2724
f 2721 2725 2723
f 2723 2725 2726
f 2727 2728 2725
f 2725 2728 2726
f 2729 2725 2720
f 2720 2725 2721
f 2731 2729 2730
f 2730 2729 2720
f 2719 2732 2720
f 2720 2732 2730
f 2726 2733 2723
f 2723 2733 2724
f 2709 2711 2733
f 2733 2711 2724
f 2724 2711 2734
f 2734 2711 2712
f 2722 2724 2735
f 2735 2724 2734
f 2719 2722 2736
f 2736 2722 2735
f 2726 2728 2733
f 2733 2728 2718
f 2709 2733 2710
f 2710 2733 2718
f 2732 2719 2737
f 2737 2719 2736
f 2738 2739 2735
f 2735 2739 2736
f 2739 2740 2736
f 2736 2740 2737
f 2741 2742 2738
f 2738 2742 2739
f 2738 2743 2741
f 2741 2743 2744
f 2740 2739 2745
f 2745 2739 2742
f 2735 2734 2738
f 2738 2734 2743
f 2713 2743 2712
f 2712 2743 2734
f 2737 2746 2732
f 2732 2746 2747
f 2732 2747 2730
f 2730 2747 2731
f 2718 2728 2748
f 2748 2728 2727
f 2749 2750 2727
f 2727 2750 2748
f 2748 2751 2718
f 2718 2751 2717
f 2750 2752 2748
f 2748 2752 2751
f 2750 2749 2754
f 2754 2749 2753
f 2731 2747 2753
f 2753 2747 2754
f 2727 2725 2749
f 2749 2725 2729
f 2749 2729 2753
f 2753 2729 2731
f 2702 2755 2703
f 2703 2755 2713
f 2706 2716 2701
f 2701 2716 2756
f 2755 2702 2756
f 2756 2702 2701
f 2756 2757 2755
f 2755 2757 2744
f 2757 2758 2744
f 2744 2758 2741
f 2759 2757 2716
f 2716 2757 2756
f 2743 2713 2744
f 2744 2713 2755
f 2760 2759 2715
f 2715 2759 2716
f 2715 2714 2760
f 2760 2714 2717
f 2760 2717 2761
f 2761 2717 2751
f 2761 2762 2760
f 2760 2762 2759
f 2763 2764 2761
f 2761 2764 2762
f 2762 2758 2759
f 2759 2758 2757
f 2758 2762 2765
f 2765 2762 2764
f 2752 2763 2751
f 2751 2763 2761
f 2763 2752 2766
f 2766 2752 2767
f 2768 2769 2766
f 2766 2769 2770
f 2764 2763 2770
f 2770 2763 2766
f 2766 2767 2768
f 2768 2767 2746
f 2747 2746 2754
f 2754 2746 2767
f 2752 2750 2767
f 2767 2750 2754
f 2758 2765 2741
f 2741 2765 2742
f 2769 2745 2765
f 2765 2745 2742
f 2769 2765 2770
f 2770 2765 2764
f 2768 2740 2769
f 2769 2740 2745
f 2746 2737 2768
f 2768 2737 2740
f 2201 2212 2200
f 2200 2212 2214
f 2201 2202 2212
f 2212 2202 2185
f 2512 2581 2191
f 2191 2581 2192
f 2059 2290 2056
f 2056 2290 2272
f 2174 2199 2294
f 2294 2199 2278
f 2063 2175 2194
f 2194 2175 2291
f 2192 2581 2133
f 2133 2581 2490
f 2133 2132 2192
f 2192 2132 2189
f 2054 2276 2055
f 2055 2276 2138
f 2083 2279 2084
f 2084 2279 2771
f 2771 2279 2599
f 2599 2279 2596
f 2606 2772 2599
f 2599 2772 2771
f 2772 2773 2771
f 2771 2773 2084
f 2773 2774 2084
f 2084 2774 2085
f 2085 2775 2082
f 2082 2775 2144
f 2774 2078 2085
f 2085 2078 2775
f 2078 2774 2079
f 2079 2774 2776
f 2774 2773 2776
f 2776 2773 2777
f 2773 2772 2777
f 2777 2772 2778
f 2190 2189 2609
f 2609 2189 2778
f 2053 2052 2779
f 2779 2052 2181
f 2144 2775 2081
f 2081 2775 2078
f 2294 2153 2174
f 2174 2153 2175
f 2132 2276 2189
f 2189 2276 2778
f 2606 2609 2772
f 2772 2609 2778
f 2195 2613 2698
f 2698 2613 2612
f 2596 2279 2698
f 2698 2279 2195
f 2054 2777 2276
f 2276 2777 2778
f 2777 2054 2776
f 2776 2054 2053
f 2053 2779 2776
f 2776 2779 2079
f 2779 2181 2079
f 2079 2181 2080
f 2181 2239 2080
f 2080 2239 2240
f 2122 2256 2014
f 2042 1982 2076
f 2076 1982 2007
f 1982 1985 2007
f 2007 1985 2008
f 2095 2097 2265
f 2265 2097 2266
f 2076 2050 2042
f 2042 2050 2047
f 2046 2043 2047
f 2047 2043 2042
f 2118 1993 2046
f 2046 1993 2043
f 1995 1994 2118
f 2118 1994 1993
f 2267 1992 2011
f 2011 1992 2012
f 1997 2012 1994
f 1994 2012 1992
f 2226 2013 1997
f 1997 2013 2012
f 2225 2087 2226
f 2226 2087 2013
f 2225 2232 2087
f 2087 2232 2288
f 2232 2070 2288
f 2288 2070 2252
f 2070 2025 2252
f 2252 2025 2253
f 1988 2249 2025
f 2025 2249 2253
f 2116 2115 2267
f 2267 2115 2268
f 2096 1984 2237
f 2237 1984 1991
f 2095 1985 2096
f 2096 1985 1984
f 2265 2008 2095
f 2095 2008 1985
f 2092 2009 2265
f 2265 2009 2008
f 2091 2286 2092
f 2092 2286 2009
f 2255 2238 2091
f 2091 2238 2286
f 2256 2239 2255
f 2255 2239 2238
f 2122 2240 2256
f 2256 2240 2239
f 2121 2241 2122
f 2122 2241 2240
f 2022 2018 2097
f 2097 2018 2266
f 2022 2024 2018
f 2018 2024 2019
f 2024 2072 2019
f 2019 2072 2073
f 2072 2228 2073
f 2073 2228 2230
f 2228 2184 2230
f 2230 2184 2183
f 2121 2285 2241
f 2241 2285 2258
f 2285 2036 2258
f 2258 2036 2257
f 2177 2145 2193
f 2193 2145 2257
f 2173 2193 2196
f 2196 2193 2037
f 2036 2037 2257
f 2257 2037 2193
f 2196 2037 2066
f 2066 2037 2035
f 2061 2108 2034
f 2034 2108 2067
f 2108 2208 2067
f 2067 2208 2204
f 2208 2210 2204
f 2204 2210 2203
f 2210 2280 2203
f 2203 2280 2186
f 2183 2186 2235
f 2235 2186 2280
f 1987 2114 1988
f 1988 2114 2249
f 2237 2115 1987
f 1987 2115 2114
f 1991 2268 2237
f 2237 2268 2115
f 1991 1990 2268
f 2268 1990 1992
f 107 110 2781
f 2781 110 2780
f 117 2782 118
f 118 2782 2783
f 119 2784 120
f 120 2784 2785
f 125 2786 126
f 126 2786 2787
f 127 2788 128
f 128 2788 2789
f 127 132 2788
f 2788 132 2790
f 231 230 2792
f 2792 230 2791
f 118 2783 119
f 119 2783 2784
f 241 243 2794
f 2794 243 2793
f 2781 2795 107
f 107 2795 352
f 120 2785 437
f 437 2785 2796
f 126 2787 110
f 110 2787 2780
f 455 2797 456
f 456 2797 2798
f 128 2789 457
f 457 2789 2799
f 456 2798 117
f 117 2798 2782
f 2794 2797 241
f 241 2797 455
f 457 2799 125
f 125 2799 2786
f 132 231 2790
f 2790 231 2792
f 230 437 2791
f 2791 437 2796
f 2792 2789 2790
f 2790 2789 2788
f 2785 2784 2801
f 2801 2784 2800
f 2786 2802 2787
f 2787 2802 2803
f 2792 2791 2805
f 2805 2791 2804
f 2784 2783 2800
f 2800 2783 2806
f 2785 2801 2796
f 2796 2801 2807
f 2787 2803 2780
f 2780 2803 2808
f 2789 2809 2799
f 2799 2809 2810
f 2799 2810 2786
f 2786 2810 2802
f 2791 2796 2804
f 2804 2796 2807
f 2789 2792 2809
f 2809 2792 2805
f 2812 2797 2811
f 2811 2797 2794
f 2809 2805 2810
f 2810 2805 2804
f 2810 2804 2802
f 2802 2804 2807
f 2802 2807 2803
f 2803 2807 2801
f 2808 2803 2800
f 2800 2803 2801
f 2814 699 2813
f 2813 699 698
f 2808 2815 2780
f 2780 2815 2781
f 2817 2782 2816
f 2816 2782 2798
f 2815 2818 2781
f 2781 2818 2795
f 2797 2812 2798
f 2798 2812 2816
f 2783 2782 2806
f 2806 2782 2817
f 2800 2806 2808
f 2808 2806 2815
f 2794 2793 2811
f 2811 2793 2819
f 174 201 384
f 384 201 362
f 200 1766 390
f 390 1766 1777
f 1777 1778 390
f 390 1778 398
f 1778 361 398
f 398 361 222
f 2820 2821 628
f 628 2821 629
f 1406 2820 790
f 790 2820 628
f 794 1415 1233
f 1233 1415 1234
f 1406 790 1407
f 1407 790 1312
f 1407 1312 2822
f 2822 1312 1316
f 2823 1380 1543
f 1543 1380 1379
f 1385 1738 1382
f 1382 1738 1383
f 1381 791 1382
f 1382 791 1386
f 791 794 1386
f 1386 794 1233
f 1259 1390 1260
f 1260 1390 1389
f 1905 1542 1394
f 1394 1542 1395
f 1410 1413 1397
f 1397 1413 1398
f 2821 1410 629
f 629 1410 1397
f 2823 2822 1380
f 1380 2822 1316
f 1392 1395 1378
f 1378 1395 1379
f 1738 1399 1383
f 1383 1399 1398
f 1388 1235 1389
f 1389 1235 1234
f 1393 1391 1394
f 1394 1391 1390
f 1381 1384 779
f 779 1384 780
f 1282 788 792
f 792 788 793
f 1431 1262 1432
f 1432 1262 1261
f 1400 1342 1408
f 1408 1342 1409
f 1508 1544 1411
f 1411 1544 1412
f 788 787 793
f 793 787 1414
f 2821 2820 1429
f 1429 2820 1430
f 2822 2823 1506
f 1506 2823 1507
f 778 1282 779
f 779 1282 792
f 2820 1406 1430
f 1430 1406 1409
f 1410 2821 1411
f 1411 2821 1429
f 1407 2822 1408
f 1408 2822 1506
f 1544 781 1412
f 1412 781 780
f 1260 1415 1261
f 1261 1415 1414
f 1334 2824 923
f 923 2824 924
f 2826 1268 2825
f 2825 1268 1267
f 769 1212 2827
f 2827 1212 2828
f 1492 1190 1266
f 1266 1190 1267
f 1488 2829 1489
f 1489 2829 2830
f 922 1329 923
f 923 1329 1328
f 1484 2831 1485
f 1485 2831 2832
f 1482 2833 1485
f 1485 2833 1486
f 1324 1493 1489
f 1489 1493 1490
f 1265 1491 1266
f 1266 1491 1490
f 2835 2836 2834
f 2834 2836 2837
f 1250 2838 2827
f 2827 2838 2839
f 1488 1491 2840
f 2840 1491 2841
f 1268 2826 2842
f 2842 2826 2843
f 2844 2845 1495
f 1495 2845 1496
f 1427 2847 2846
f 2846 2847 926
f 2829 1488 2848
f 2848 1488 2840
f 1329 922 2849
f 2849 922 927
f 2850 2851 768
f 768 2851 1213
f 1265 1268 2852
f 2852 1268 2842
f 1491 1265 2841
f 2841 1265 2852
f 2854 2855 2853
f 2853 2855 2856
f 2855 2857 2856
f 2856 2857 598
f 2857 2858 598
f 598 2858 595
f 2858 2859 595
f 595 2859 626
f 649 652 2860
f 2860 652 2861
f 639 642 2862
f 2862 642 2863
f 2864 705 2862
f 2862 705 639
f 2865 1418 2864
f 2864 1418 705
f 2866 2867 2865
f 2865 2867 1418
f 1760 1348 1761
f 1761 1348 2867
f 1764 2868 1197
f 1197 2868 1198
f 2869 611 2868
f 2868 611 1198
f 2870 612 2869
f 2869 612 611
f 1352 1350 944
f 944 1350 688
f 1350 1256 688
f 688 1256 685
f 1256 1255 685
f 685 1255 692
f 1255 2871 692
f 692 2871 2872
f 701 2873 698
f 698 2873 2813
f 2872 1349 692
f 692 1349 693
f 1696 1744 1574
f 1574 1744 1575
f 1753 1618 1577
f 1577 1618 1578
f 1729 1594 1608
f 1608 1594 1609
f 1725 1630 1611
f 1611 1630 1612
f 1604 1607 1625
f 1625 1607 1626
f 1624 1703 1625
f 1625 1703 1912
f 1703 1702 1912
f 1912 1702 1913
f 1702 1753 1913
f 1913 1753 1577
f 1598 1569 1915
f 1915 1569 1578
f 1616 1615 1915
f 1915 1615 1916
f 1615 1696 1916
f 1916 1696 1574
f 1744 1745 1575
f 1575 1745 1917
f 1745 1565 1917
f 1917 1565 1609
f 1568 1725 1608
f 1608 1725 1611
f 2874 1613 1918
f 1918 1613 1612
f 1607 2874 1626
f 1626 2874 1918
f 1610 1613 1562
f 1562 1613 1563
f 1547 1550 1570
f 1570 1550 1571
f 1573 1576 1580
f 1580 1576 1581
f 1553 1556 1595
f 1595 1556 1596
f 1556 1582 1596
f 1596 1582 1581
f 1551 1547 1599
f 1599 1547 1570
f 1731 1914 1601
f 1601 1914 1602
f 1686 1689 1605
f 1605 1689 1606
f 1598 1743 1599
f 1599 1743 1692
f 2874 1607 1723
f 1723 1607 1606
f 1727 1553 1730
f 1730 1553 1595
f 1600 1686 1601
f 1601 1686 1605
f 1914 1572 1602
f 1602 1572 1571
f 1579 1693 1580
f 1580 1693 1692
f 1613 2874 1563
f 1563 2874 1723
f 1561 1727 1562
f 1562 1727 1730
f 1949 1742 1548
f 1548 1742 1549
f 1694 1949 1552
f 1552 1949 1548
f 1954 1589 1554
f 1554 1589 1555
f 1693 1579 1558
f 1558 1579 1559
f 1561 1564 1584
f 1584 1564 1585
f 1582 1556 1588
f 1588 1556 1555
f 1600 1603 1591
f 1591 1603 1592
f 1981 1977 1687
f 1687 1977 1688
f 1564 1722 1585
f 1585 1722 1690
f 1551 1693 1552
f 1552 1693 1558
f 1751 1954 1728
f 1728 1954 1554
f 1590 1981 1591
f 1591 1981 1687
f 1603 1550 1592
f 1592 1550 1549
f 1977 1691 1688
f 1688 1691 1690
f 1587 1560 1588
f 1588 1560 1559
f 1727 1561 1728
f 1728 1561 1584
f 2875 1919 1947
f 1947 1919 1948
f 1557 1560 1952
f 1952 1560 1953
f 1933 1932 1955
f 1955 1932 1956
f 1587 1589 1958
f 1958 1589 1956
f 1959 1933 1965
f 1965 1933 1955
f 1961 1964 1966
f 1966 1964 1967
f 1981 1590 1969
f 1969 1590 1967
f 1742 1949 1972
f 1972 1949 1948
f 1593 1742 1966
f 1966 1742 1972
f 1957 1950 1958
f 1958 1950 1953
f 1583 1586 1974
f 1974 1586 1975
f 1940 1943 1978
f 1978 1943 1979
f 1943 1976 1979
f 1979 1976 1975
f 1951 2875 1952
f 1952 2875 1947
f 1968 1940 1969
f 1969 1940 1978
f 1973 1959 1974
f 1974 1959 1965
f 1923 1971 1920
f 1920 1971 1921
f 1919 2875 1920
f 1920 2875 1924
f 2875 1951 1924
f 1924 1951 1926
f 1950 1957 1929
f 1929 1957 1930
f 2244 2243 1934
f 1934 2243 1935
f 1973 1976 1937
f 1937 1976 1938
f 1944 1980 1941
f 1941 1980 1942
f 1940 1968 1941
f 1941 1968 1945
f 2287 2244 1960
f 1960 2244 1934
f 1970 2245 1962
f 1962 2245 1963
f 2243 1931 1935
f 1935 1931 1930
f 1927 1926 1928
f 1928 1926 1929
f 1961 1922 1962
f 1962 1922 1921
f 2245 1946 1963
f 1963 1946 1945
f 1976 1943 1938
f 1938 1943 1942
f 1936 2287 1937
f 1937 2287 1960
f 743 1238 608
f 608 1238 609
f 607 1811 608
f 608 1811 744
f 1304 2876 1305
f 1305 2876 2877
f 586 585 1298
f 1298 585 1299
f 585 702 1299
f 1299 702 1300
f 702 1428 1300
f 1300 1428 1301
f 1238 586 609
f 609 586 1298
f 2878 2879 1218
f 1218 2879 2877
f 2880 2881 1812
f 1812 2881 1819
f 2883 1821 2882
f 2882 1821 1820
f 2840 2841 620
f 620 2841 621
f 2842 2843 795
f 795 2843 796
f 892 895 2844
f 2844 895 2845
f 2848 2840 942
f 942 2840 620
f 2849 927 1202
f 1202 927 1203
f 2852 2842 1270
f 1270 2842 795
f 2841 2852 621
f 621 2852 1270
f 941 1759 942
f 942 1759 2884
f 659 929 1427
f 1427 929 2847
f 1237 2851 751
f 751 2851 2850
f 1216 2885 1217
f 1217 2885 1754
f 2887 734 2886
f 2886 734 733
f 2889 1816 2888
f 2888 1816 1815
f 2890 1245 2889
f 2889 1245 1816
f 1824 2891 1825
f 1825 2891 1246
f 2892 2893 2895
f 2895 2893 2894
f 1854 1833 1851
f 1851 1833 1832
f 1851 1832 1884
f 1884 1832 1876
f 1884 1876 1441
f 1441 1876 1443
f 1441 1443 1442
f 1442 1443 1446
f 1442 1446 2896
f 2896 1446 1507
f 2897 2823 2898
f 2898 2823 1543
f 1542 2899 1543
f 1543 2899 2898
f 1542 1905 2899
f 2899 1905 2900
f 1905 1259 2900
f 2900 1259 2901
f 1262 1431 2902
f 2902 1431 1904
f 1431 1434 1904
f 1904 1434 1902
f 1902 1434 2903
f 2903 1434 719
f 2903 719 2904
f 2904 719 718
f 1869 1881 718
f 718 1881 2904
f 1881 1869 1880
f 1880 1869 756
f 1880 756 2905
f 2905 756 755
f 2905 755 2906
f 2906 755 758
f 762 2907 763
f 763 2907 2908
f 724 723 2909
f 2909 723 894
f 796 895 723
f 723 895 894
f 2843 2845 796
f 796 2845 895
f 2826 1496 2843
f 2843 1496 2845
f 2825 1497 2826
f 2826 1497 1496
f 1189 2836 2825
f 2825 2836 1497
f 797 891 798
f 798 891 2837
f 802 888 797
f 797 888 891
f 2910 2911 2913
f 2913 2911 2912
f 1780 1783 2915
f 2915 1783 2914
f 2916 2917 831
f 831 2917 832
f 2918 2919 845
f 845 2919 846
f 2920 2916 847
f 847 2916 831
f 2921 2922 857
f 857 2922 858
f 2923 2924 860
f 860 2924 861
f 2919 2912 846
f 846 2912 887
f 2925 2920 940
f 940 2920 847
f 2924 2926 861
f 861 2926 1204
f 2917 2918 832
f 832 2918 845
f 2927 2928 1449
f 1449 2928 1450
f 2929 2930 889
f 889 2930 2931
f 2896 1507 2897
f 2897 1507 2823
f 2902 2901 1262
f 1262 2901 1259
f 2932 2933 750
f 750 2933 1236
f 2933 2934 1236
f 1236 2934 1835
f 2936 2937 2935
f 2935 2937 2938
f 2940 2941 2939
f 2939 2941 2942
f 2943 2944 1841
f 1841 2944 1842
f 2945 1860 2944
f 2944 1860 1842
f 2945 2946 1860
f 1860 2946 1859
f 1889 2947 1890
f 1890 2947 1856
f 1856 2947 1857
f 1857 2947 2948
f 2950 709 2949
f 2949 709 1829
f 2952 730 2951
f 2951 730 729
f 2866 2953 2867
f 2867 2953 1761
f 2953 2954 1761
f 1761 2954 1420
f 2954 2955 1420
f 1420 2955 742
f 2955 2956 742
f 742 2956 739
f 2956 2957 739
f 739 2957 760
f 2957 2958 760
f 760 2958 761
f 2958 2959 761
f 761 2959 2960
f 2959 2961 2960
f 2960 2961 2962
f 2963 2964 1839
f 1839 2964 1840
f 2964 2965 1840
f 1840 2965 2942
f 2966 2950 2939
f 2939 2950 2949
f 2935 2967 2936
f 2936 2967 2968
f 2969 2970 736
f 736 2970 735
f 734 2887 1815
f 1815 2887 2888
f 2887 2882 2888
f 2888 2882 2881
f 1819 1820 1817
f 1817 1820 748
f 1195 1757 1197
f 1197 1757 1424
f 1757 647 1424
f 1424 647 646
f 647 648 646
f 646 648 643
f 648 1271 643
f 643 1271 737
f 1271 725 737
f 737 725 765
f 725 724 765
f 765 724 762
f 762 724 2907
f 2907 724 2909
f 1254 1437 2909
f 2909 1437 2907
f 1438 1253 1836
f 1836 1253 1835
f 1836 1835 2938
f 2938 1835 2934
f 2971 2972 2935
f 2935 2972 2967
f 897 896 2969
f 2969 896 2970
f 1815 1814 734
f 734 1814 731
f 728 1215 896
f 896 1215 732
f 2885 1216 733
f 733 1216 2886
f 1216 1219 2886
f 2886 1219 2883
f 2876 1304 1821
f 1821 1304 749
f 1304 1303 749
f 749 1303 746
f 1818 2973 1817
f 1817 2973 1810
f 747 2974 1818
f 1818 2974 2973
f 747 746 2974
f 2974 746 1303
f 2976 2977 2975
f 2975 2977 2978
f 2976 2979 2901
f 2901 2979 2900
f 2980 2981 2982
f 2982 2981 2979
f 2981 2980 2983
f 2983 2980 2984
f 2985 2897 2983
f 2983 2897 2898
f 2987 2988 2986
f 2986 2988 2985
f 2896 2988 1442
f 1442 2988 1439
f 1903 2977 1904
f 1904 2977 2902
f 1856 1855 1890
f 1890 1855 2989
f 2989 2990 1890
f 1890 2990 1359
f 2990 2991 1359
f 1359 2991 1356
f 2946 2992 1859
f 1859 2992 1893
f 2992 2993 1893
f 1893 2993 775
f 2993 2994 775
f 775 2994 776
f 2986 1356 2987
f 2987 1356 2991
f 2975 2978 776
f 776 2978 777
f 2982 2994 2980
f 2980 2994 2995
f 1357 2984 2995
f 2995 2984 2980
f 2995 2996 1357
f 1357 2996 1358
f 2996 2997 1358
f 1358 2997 1889
f 2998 2999 2932
f 2932 2999 2933
f 2999 2971 2933
f 2933 2971 2934
f 1837 1836 2937
f 2937 1836 2938
f 2943 1841 2941
f 2941 1841 1838
f 3001 2944 3000
f 3000 2944 2943
f 3001 3002 2944
f 2944 3002 2945
f 3002 3003 2945
f 2945 3003 2946
f 2997 3003 1889
f 1889 3003 2947
f 2947 3003 2948
f 2948 3003 3002
f 3001 3004 3002
f 3002 3004 2948
f 3000 3005 3001
f 3001 3005 3004
f 2940 3006 3000
f 3000 3006 3005
f 2999 3007 2971
f 2971 3007 2972
f 2998 2951 2999
f 2999 2951 3007
f 3008 2952 2998
f 2998 2952 2951
f 2966 2965 2936
f 2936 2965 2937
f 2935 2938 2971
f 2971 2938 2934
f 3003 2997 2946
f 2946 2997 2992
f 2997 2996 2992
f 2992 2996 2993
f 2996 2995 2993
f 2993 2995 2994
f 1356 2986 1357
f 1357 2986 2984
f 2982 2975 2994
f 2994 2975 776
f 1844 1843 1899
f 1899 1843 3009
f 1843 638 3009
f 3009 638 3010
f 638 637 3010
f 3010 637 3011
f 637 1830 3011
f 3011 1830 3012
f 1830 1833 3012
f 3012 1833 2894
f 1833 1854 2894
f 2894 1854 2895
f 1854 1853 2895
f 2895 1853 1888
f 1858 1857 1885
f 1885 1857 1892
f 1899 3009 1898
f 1898 3009 1874
f 3009 3010 1874
f 1874 3010 1865
f 3010 3011 1865
f 1865 3011 1862
f 3011 3012 1862
f 1862 3012 1882
f 3012 2894 1882
f 1882 2894 2893
f 1850 2890 782
f 782 2890 2889
f 783 2880 1811
f 1811 2880 1812
f 744 1810 745
f 745 1810 2973
f 745 2973 805
f 805 2973 806
f 2973 2974 806
f 806 2974 815
f 1303 812 2974
f 2974 812 815
f 1303 1302 812
f 812 1302 1221
f 1307 3013 1302
f 1302 3013 1221
f 1734 3014 1633
f 1633 3014 1634
f 1646 1649 1636
f 1636 1649 1637
f 1654 1657 1641
f 1641 1657 1642
f 1639 1736 1636
f 1636 1736 1684
f 1716 1713 1698
f 1698 1713 1699
f 1718 1721 1705
f 1705 1721 1706
f 1653 1654 1709
f 1709 1654 1641
f 1620 1623 1714
f 1714 1623 1699
f 1712 1682 1714
f 1714 1682 1740
f 1668 1671 1746
f 1746 1671 1747
f 1752 1650 1749
f 1749 1650 1750
f 1750 1650 1709
f 1709 1650 1653
f 1632 1668 1633
f 1633 1668 1746
f 1649 1752 1637
f 1637 1752 1749
f 1682 1643 1740
f 1740 1643 1642
f 3014 1685 1634
f 1634 1685 1684
f 1704 1748 1705
f 1705 1748 1747
f 1697 1707 1698
f 1698 1707 1706
f 1739 1701 1621
f 1621 1701 1622
f 1567 1566 1647
f 1647 1566 1648
f 1664 1695 1651
f 1651 1695 1652
f 1614 1617 1655
f 1655 1617 1656
f 1704 1707 1659
f 1659 1707 1660
f 3014 1734 1662
f 1662 1734 1663
f 1650 1752 1651
f 1651 1752 1665
f 1741 1657 1667
f 1667 1657 1656
f 1695 1614 1652
f 1652 1614 1655
f 1724 1567 1726
f 1726 1567 1647
f 1645 1628 1733
f 1733 1628 1663
f 1685 3014 1726
f 1726 3014 1662
f 1620 1741 1621
f 1621 1741 1667
f 1566 1666 1648
f 1648 1666 1665
f 1658 1737 1659
f 1659 1737 1901
f 1911 1661 1910
f 1910 1661 1660
f 1701 1911 1622
f 1622 1911 1910
f 1732 1748 1733
f 1733 1748 1901
f 1857 2948 1892
f 1892 2948 3004
f 1892 3004 1891
f 1891 3004 3005
f 1828 3006 1829
f 1829 3006 2949
f 2967 736 2968
f 2968 736 710
f 2972 2969 2967
f 2967 2969 736
f 2969 2972 897
f 897 2972 3007
f 897 3007 729
f 729 3007 2951
f 3016 753 3015
f 3015 753 752
f 3018 767 3017
f 3017 767 766
f 3019 3020 1249
f 1249 3020 3021
f 2915 2914 3019
f 3019 2914 3020
f 3023 2914 3022
f 3022 2914 1783
f 2827 2839 769
f 769 2839 766
f 3025 2838 3024
f 3024 2838 3021
f 768 767 2850
f 2850 767 3026
f 2850 3026 751
f 751 3026 752
f 750 753 2932
f 2932 753 3027
f 3008 2998 3027
f 3027 2998 2932
f 3028 3029 3008
f 3008 3029 2952
f 3029 3030 2952
f 2952 3030 730
f 3032 3033 3031
f 3031 3033 3034
f 3036 3037 3035
f 3035 3037 3038
f 2870 3039 612
f 612 3039 3040
f 3041 3042 3031
f 3031 3042 3038
f 3034 1352 3043
f 3043 1352 944
f 612 3040 613
f 613 3040 3044
f 613 3044 1425
f 1425 3044 1422
f 3045 3042 669
f 669 3042 670
f 3041 3043 599
f 599 3043 600
f 772 771 1544
f 1544 771 781
f 1503 771 1866
f 1866 771 770
f 771 1503 781
f 781 1503 778
f 61 281 416
f 416 281 1907
f 283 103 3046
f 3046 103 3047
f 76 79 3048
f 3048 79 3049
f 280 76 1906
f 1906 76 3048
f 3051 335 3050
f 3050 335 334
f 3053 417 3052
f 3052 417 416
f 3055 435 3054
f 3054 435 434
f 428 435 419
f 419 435 1908
f 420 1909 293
f 293 1909 443
f 79 294 3049
f 3049 294 444
f 3057 444 3056
f 3056 444 443
f 3051 3058 335
f 335 3058 452
f 216 215 1332
f 1332 215 452
f 308 283 462
f 462 283 3046
f 3050 334 3059
f 3059 334 462
f 103 62 3047
f 3047 62 417
f 313 312 434
f 434 312 463
f 3061 574 3060
f 3060 574 573
f 1310 3062 1428
f 1428 3062 3063
f 1258 3064 1255
f 1255 3064 2871
f 932 3065 2853
f 2853 3065 3066
f 699 2814 931
f 931 2814 3067
f 3068 1301 3063
f 3063 1301 1428
f 571 574 1310
f 1310 574 3062
f 3060 573 3069
f 3069 573 1332
f 3070 3071 1906
f 1906 3071 1907
f 3072 3073 1908
f 1908 3073 1909
f 3075 2814 3074
f 3074 2814 2813
f 2854 3076 1258
f 1258 3076 3064
f 2871 3077 2872
f 2872 3077 3078
f 3074 2813 3079
f 3079 2813 2873
f 2872 3078 1349
f 1349 3078 3080
f 2873 701 3068
f 3068 701 1301
f 1330 1201 3080
f 3080 1201 1349
f 1264 1263 3081
f 3081 1263 3082
f 3083 3084 3082
f 3082 3084 3081
f 811 1448 3086
f 3086 1448 3085
f 808 811 3087
f 3087 811 3086
f 3088 3083 833
f 833 3083 3082
f 884 3089 885
f 885 3089 3090
f 3087 1790 808
f 808 1790 816
f 1790 3087 1787
f 1787 3087 3091
f 3092 3091 3086
f 3086 3091 3087
f 3093 3094 3084
f 3084 3094 3095
f 3089 3096 3090
f 3090 3096 3088
f 3097 3093 3083
f 3083 3093 3084
f 3099 3100 3098
f 3098 3100 1786
f 3101 1788 2913
f 2913 1788 3102
f 838 837 885
f 885 837 886
f 886 837 3103
f 3103 837 1541
f 3094 3093 3104
f 3104 3093 3097
f 3105 3106 3089
f 3089 3106 3096
f 3108 3109 3107
f 3107 3109 3110
f 3111 3112 3091
f 3091 3112 1787
f 3114 3108 3113
f 3113 3108 3107
f 3114 3115 3112
f 3112 3115 3102
f 3091 3092 3111
f 3111 3092 3116
f 839 838 835
f 835 838 836
f 885 3090 838
f 838 3090 836
f 3110 3117 1247
f 1247 3117 3118
f 1247 3118 1248
f 1248 3118 3119
f 3120 3121 3119
f 3119 3121 1248
f 1247 844 3110
f 3110 844 3107
f 844 843 3107
f 3107 843 3113
f 843 3099 3113
f 3113 3099 3122
f 1781 3123 3098
f 3098 3123 3124
f 2915 2931 1780
f 1780 2931 2930
f 3019 3125 2915
f 2915 3125 2931
f 890 3125 2834
f 2834 3125 1252
f 3125 3019 1252
f 1252 3019 1249
f 907 908 946
f 946 908 947
f 1185 1188 1369
f 1369 1188 948
f 954 957 951
f 951 957 952
f 910 965 953
f 953 965 950
f 905 958 960
f 960 958 961
f 3126 978 949
f 949 978 962
f 936 935 967
f 967 935 968
f 994 993 969
f 969 993 966
f 902 904 971
f 971 904 972
f 983 985 973
f 973 985 970
f 906 905 974
f 974 905 960
f 977 981 959
f 959 981 975
f 911 910 1143
f 1143 910 953
f 952 957 1142
f 1142 957 1145
f 911 1143 1366
f 1366 1143 1368
f 1185 1369 1145
f 1145 1369 1142
f 993 1519 966
f 966 1519 1456
f 965 1454 950
f 950 1454 1457
f 900 899 1459
f 1459 899 1460
f 988 991 1461
f 1461 991 1458
f 899 963 1460
f 1460 963 1462
f 985 987 970
f 970 987 1463
f 904 906 972
f 972 906 974
f 981 983 975
f 975 983 973
f 935 900 968
f 968 900 1459
f 991 994 1458
f 1458 994 969
f 1154 1526 1088
f 1088 1526 1089
f 1109 1112 1092
f 1092 1112 1093
f 1083 1098 1084
f 1084 1098 1097
f 1078 1471 1100
f 1100 1471 1101
f 1075 1078 1104
f 1104 1078 1100
f 1152 1154 1156
f 1156 1154 1088
f 1156 1155 1372
f 1372 1155 1373
f 1372 1373 1104
f 1104 1373 1075
f 1467 1109 1465
f 1465 1109 1092
f 1465 1182 1468
f 1468 1182 1184
f 1474 1470 1096
f 1096 1470 1097
f 1102 1101 1083
f 1083 1101 1098
f 1112 1531 1093
f 1093 1531 1529
f 1102 1073 1099
f 1099 1073 1072
f 1526 1154 1079
f 1079 1154 1080
f 1081 1091 1082
f 1082 1091 1094
f 1069 1068 1085
f 1085 1068 1086
f 1153 1151 1080
f 1080 1151 1058
f 1371 1177 1179
f 1179 1177 1176
f 1099 1072 1103
f 1103 1072 1176
f 1068 1071 1086
f 1086 1071 1073
f 1085 1084 1180
f 1180 1084 1469
f 1066 1065 1183
f 1183 1065 1181
f 1153 1152 1177
f 1177 1152 1178
f 1091 1081 1182
f 1182 1081 1183
f 1057 1525 1079
f 1079 1525 1527
f 1120 1117 1076
f 1076 1117 1077
f 1087 1090 1107
f 1107 1090 1108
f 1127 1126 1110
f 1110 1126 1111
f 1095 1116 1096
f 1096 1116 1115
f 1471 1078 1119
f 1119 1078 1077
f 1087 1107 1155
f 1155 1107 1158
f 1376 1374 1157
f 1157 1374 1158
f 1076 1075 1374
f 1374 1075 1373
f 1109 1467 1110
f 1110 1467 1472
f 1467 1466 1472
f 1472 1466 1473
f 1135 1475 1114
f 1114 1475 1115
f 1471 1119 1095
f 1095 1119 1116
f 1126 1532 1111
f 1111 1532 1530
f 914 1276 1480
f 1480 1276 1517
f 3127 3128 1223
f 1223 3128 1224
f 824 933 1455
f 1455 933 3129
f 3131 1448 3130
f 3130 1448 1447
f 3132 3133 1452
f 1452 3133 1453
f 3130 1447 1322
f 1322 1447 1455
f 933 1514 3129
f 3129 1514 3134
f 1161 3135 1480
f 1480 3135 1481
f 3128 3136 1224
f 1224 3136 1499
f 3133 1162 1453
f 1453 1162 1517
f 1515 3127 1535
f 1535 3127 1223
f 3095 3085 3131
f 3131 3085 1448
f 3137 3092 3085
f 3085 3092 3086
f 3138 3116 3137
f 3137 3116 3092
f 3110 3109 3117
f 3117 3109 3139
f 3105 3140 3117
f 3117 3140 3118
f 3140 3141 3118
f 3118 3141 3119
f 3142 3120 3141
f 3141 3120 3119
f 1498 3143 1277
f 1277 3143 882
f 3144 3145 1340
f 1340 3145 1339
f 1340 3146 3144
f 3144 3146 3147
f 3145 3144 3143
f 3143 3144 3148
f 871 901 872
f 872 901 1362
f 3149 3148 3147
f 3147 3148 3144
f 1208 3150 1209
f 3098 1786 1781
f 1781 1786 1782
f 2930 2929 3123
f 3123 2929 2911
f 1794 1791 2916
f 2916 1791 2917
f 1793 3101 2918
f 2918 3101 2919
f 1796 1794 2920
f 2920 1794 2916
f 3151 3152 2921
f 2921 3152 2922
f 3153 3154 2923
f 2923 3154 2924
f 2919 3101 2912
f 2912 3101 2913
f 3155 1796 2925
f 2925 1796 2920
f 3154 3156 2924
f 2924 3156 2926
f 1791 1793 2917
f 2917 1793 2918
f 3157 3158 2927
f 2927 3158 2928
f 1780 2930 1781
f 1781 2930 3123
f 2825 1267 1189
f 1189 1267 1190
f 2827 2828 1250
f 1250 2828 1251
f 1489 2830 1324
f 1324 2830 1325
f 923 1328 1334
f 1334 1328 1335
f 1485 2832 1482
f 1482 2832 1483
f 1266 1490 1492
f 1492 1490 1493
f 1333 1346 1334
f 1334 1346 2824
f 722 799 1492
f 1492 799 1190
f 664 657 1482
f 1482 657 2833
f 631 634 1324
f 1324 634 1493
f 2828 1494 1251
f 1251 1494 2835
f 1249 3021 1250
f 1250 3021 2838
f 798 2837 1189
f 1189 2837 2836
f 3100 842 3160
f 3160 842 3159
f 1788 3101 1789
f 1789 3101 1793
f 1792 816 1789
f 1789 816 1790
f 817 816 1795
f 1795 816 1792
f 938 817 1797
f 1797 817 1795
f 1796 3155 1797
f 1797 3155 1798
f 3155 3158 1798
f 1798 3158 1799
f 3157 3152 1801
f 1801 3152 1802
f 3151 3156 1803
f 1803 3156 1804
f 3154 3153 1805
f 1805 3153 1806
f 3153 3161 1806
f 1806 3161 1807
f 3099 843 3100
f 3100 843 842
f 1788 1787 3102
f 3102 1787 3112
f 2910 3115 3124
f 3124 3115 3122
f 3099 3098 3122
f 3122 3098 3124
f 416 1907 3052
f 3052 1907 3071
f 3046 3047 3163
f 3163 3047 3162
f 249 445 259
f 259 445 3164
f 425 3165 424
f 424 3165 461
f 408 410 329
f 329 410 330
f 39 331 40
f 40 331 332
f 305 304 423
f 423 304 464
f 385 254 458
f 458 254 392
f 250 415 251
f 251 415 412
f 233 337 234
f 234 337 3166
f 435 3055 1908
f 1908 3055 3072
f 443 1909 3056
f 3056 1909 3073
f 3167 3049 3057
f 3057 3049 444
f 452 3058 1332
f 1332 3058 3069
f 234 3166 346
f 346 3166 411
f 3046 3163 462
f 462 3163 3059
f 259 3164 260
f 260 3164 336
f 3047 417 3162
f 3162 417 3053
f 463 3168 434
f 434 3168 3054
f 454 830 425
f 425 830 3165
f 3062 3169 3063
f 3063 3169 3170
f 1355 1354 1534
f 1534 1354 3171
f 3063 3170 3068
f 3068 3170 3172
f 574 3061 3062
f 3062 3061 3169
f 1534 3171 1535
f 1535 3171 3173
f 3079 2873 3172
f 3172 2873 3068
f 2838 3025 2839
f 2839 3025 3174
f 3176 3177 3175
f 3175 3177 3178
f 3180 1125 3179
f 3179 1125 1128
f 3182 3183 3181
f 3181 3183 3184
f 1134 3185 1130
f 1130 3185 3182
f 3186 3187 3189
f 3189 3187 3188
f 3191 3189 3190
f 3190 3189 3188
f 1137 1122 3190
f 3190 1122 3192
f 3175 3178 3193
f 3193 3178 3194
f 3181 3184 3179
f 3179 3184 3195
f 3197 3198 3196
f 3196 3198 3180
f 3200 3178 3199
f 3199 3178 3177
f 3202 3196 3201
f 3201 3196 3195
f 3204 3184 3203
f 3203 3184 3183
f 3206 3207 3205
f 3205 3207 3186
f 3205 3186 3208
f 3208 3186 3189
f 3209 3208 3191
f 3191 3208 3189
f 3210 3194 3200
f 3200 3194 3178
f 3201 3195 3204
f 3204 3195 3184
f 3197 3211 3177
f 3177 3211 3199
f 3213 3214 3212
f 3212 3214 3215
f 3217 3218 3216
f 3216 3218 3219
f 3221 3222 3220
f 3220 3222 3223
f 3225 3226 3224
f 3224 3226 3227
f 3229 3230 3228
f 3228 3230 3231
f 3233 3234 3232
f 3232 3234 3235
f 3237 3238 3236
f 3236 3238 3239
f 3238 3240 3239
f 3239 3240 3241
f 3232 3235 3242
f 3242 3235 3243
f 3245 3246 3244
f 3244 3246 3247
f 3248 3249 3245
f 3245 3249 3246
f 3251 3252 3250
f 3250 3252 3253
f 3255 3252 3254
f 3254 3252 3251
f 3256 3257 3259
f 3259 3257 3258
f 3261 3262 3260
f 3260 3262 3263
f 3265 3263 3264
f 3264 3263 3262
f 3256 3259 3266
f 3266 3259 3267
f 3269 3270 3268
f 3268 3270 3271
f 3269 3272 3270
f 3270 3272 3273
f 3274 3275 3277
f 3277 3275 3276
f 3278 3279 3276
f 3276 3279 3277
f 3281 3282 3280
f 3280 3282 3283
f 3280 3284 3281
f 3281 3284 3285
f 3287 3288 3286
f 3286 3288 3289
f 3290 3291 3288
f 3288 3291 3289
f 3234 3218 3235
f 3235 3218 3217
f 3232 3292 3233
f 3233 3292 3293
f 3239 3294 3236
f 3236 3294 3219
f 3233 3293 3237
f 3237 3293 3295
f 3296 3294 3241
f 3241 3294 3239
f 3240 3238 3297
f 3297 3238 3298
f 3217 3216 3235
f 3235 3216 3243
f 3297 3299 3240
f 3240 3299 3242
f 3246 3300 3247
f 3247 3300 3223
f 3301 3302 3254
f 3254 3302 3244
f 3249 3303 3246
f 3246 3303 3300
f 3245 3304 3248
f 3248 3304 3292
f 3252 3221 3253
f 3253 3221 3220
f 3250 3248 3299
f 3299 3248 3292
f 3222 3221 3255
f 3255 3221 3252
f 3297 3301 3251
f 3251 3301 3254
f 3258 3214 3259
f 3259 3214 3213
f 3257 3256 3304
f 3304 3256 3305
f 3263 3306 3260
f 3260 3306 3215
f 3261 3257 3302
f 3302 3257 3304
f 3307 3306 3265
f 3265 3306 3263
f 3262 3301 3264
f 3264 3301 3308
f 3259 3213 3267
f 3267 3213 3212
f 3308 3309 3264
f 3264 3309 3266
f 3270 3310 3271
f 3271 3310 3231
f 3311 3312 3278
f 3278 3312 3268
f 3270 3273 3310
f 3310 3273 3313
f 3272 3269 3305
f 3305 3269 3314
f 3277 3229 3274
f 3274 3229 3228
f 3275 3272 3309
f 3309 3272 3305
f 3279 3230 3277
f 3277 3230 3229
f 3276 3308 3278
f 3278 3308 3311
f 3281 3315 3282
f 3282 3315 3227
f 3290 3316 3283
f 3283 3316 3317
f 3281 3285 3315
f 3315 3285 3318
f 3284 3280 3314
f 3314 3280 3319
f 3289 3225 3286
f 3286 3225 3224
f 3287 3284 3312
f 3284 3314 3312
f 3291 3226 3289
f 3289 3226 3225
f 3288 3311 3290
f 3290 3311 3316
f 3212 3215 3307
f 3307 3215 3306
f 3294 3296 3219
f 3219 3296 3216
f 3303 3220 3300
f 3300 3220 3223
f 3224 3227 3318
f 3318 3227 3315
f 3228 3231 3313
f 3313 3231 3310
f 3234 3233 3236
f 3236 3233 3237
f 3243 3241 3242
f 3242 3241 3240
f 3247 3255 3244
f 3244 3255 3254
f 3253 3249 3250
f 3250 3249 3248
f 3260 3258 3261
f 3261 3258 3257
f 3266 3267 3264
f 3264 3267 3265
f 3268 3271 3278
f 3278 3271 3279
f 3274 3273 3275
f 3275 3273 3272
f 3283 3282 3290
f 3290 3282 3291
f 3286 3285 3287
f 3287 3285 3284
f 3218 3234 3219
f 3219 3234 3236
f 3295 3298 3237
f 3237 3298 3238
f 3216 3296 3243
f 3243 3296 3241
f 3242 3299 3232
f 3232 3299 3292
f 3223 3222 3247
f 3247 3222 3255
f 3244 3302 3245
f 3245 3302 3304
f 3303 3249 3220
f 3220 3249 3253
f 3297 3251 3299
f 3299 3251 3250
f 3215 3214 3260
f 3260 3214 3258
f 3301 3262 3302
f 3302 3262 3261
f 3212 3307 3267
f 3267 3307 3265
f 3266 3309 3256
f 3256 3309 3305
f 3271 3231 3279
f 3279 3231 3230
f 3268 3312 3269
f 3269 3312 3314
f 3228 3313 3274
f 3274 3313 3273
f 3308 3276 3309
f 3309 3276 3275
f 3282 3227 3291
f 3291 3227 3226
f 3317 3319 3283
f 3283 3319 3280
f 3224 3318 3286
f 3286 3318 3285
f 3312 3311 3287
f 3311 3288 3287
f 3320 3321 3194
f 3194 3321 3193
f 1375 3321 1121
f 1121 3321 3322
f 3323 3324 3322
f 3322 3324 3192
f 3175 1124 3176
f 3176 1124 1123
f 3179 3195 3180
f 3180 3195 3196
f 3181 1131 3182
f 3182 1131 1130
f 3207 3185 3186
f 3186 3185 3187
f 1136 3188 1133
f 1133 3188 3187
f 3190 3188 1137
f 1137 3188 1136
f 3193 1159 3175
f 3175 1159 1124
f 3179 1128 3181
f 3181 1128 1131
f 1533 3198 1123
f 1123 3198 3176
f 3321 1375 3193
f 3193 1375 1159
f 3321 3320 3322
f 3322 3320 3323
f 1122 1121 3192
f 3192 1121 3322
f 3194 3210 3320
f 3320 3210 3325
f 3324 3323 3327
f 3327 3323 3326
f 3320 3325 3323
f 3323 3325 3326
f 3208 3328 3205
f 3205 3328 3329
f 3330 3206 3329
f 3329 3206 3205
f 3203 3331 3204
f 3204 3331 3332
f 3210 3333 3325
f 3325 3333 3334
f 3325 3334 3326
f 3326 3334 3335
f 3327 3326 3336
f 3336 3326 3335
f 3327 3209 3324
f 3324 3209 3191
f 3190 3192 3191
f 3191 3192 3324
f 3338 3339 3337
f 3337 3339 3340
f 3338 3341 3339
f 3339 3341 3342
f 3341 3343 3342
f 3342 3343 3344
f 3343 3345 3344
f 3344 3345 3346
f 3345 3347 3346
f 3346 3347 3348
f 3347 3349 3348
f 3348 3349 3350
f 3337 3340 3351
f 3351 3340 3352
f 3351 3352 3353
f 3353 3352 3354
f 3353 3354 3355
f 3355 3354 3356
f 3350 3349 3357
f 3357 3349 3358
f 3355 3356 3359
f 3359 3356 3360
f 3359 3360 3361
f 3361 3360 3362
f 3361 3362 3363
f 3363 3362 3364
f 3363 3364 3358
f 3358 3364 3357
f 3339 3342 3365
f 3365 3342 3366
f 3342 3344 3366
f 3366 3344 3367
f 3344 3346 3367
f 3367 3346 3368
f 3346 3348 3368
f 3368 3348 3369
f 3348 3350 3369
f 3369 3350 3370
f 3368 3369 3371
f 3371 3369 3372
f 3369 3370 3372
f 3372 3370 3373
f 3373 3374 3372
f 3372 3374 3375
f 3377 3378 3376
f 3376 3378 3379
f 3377 3375 3378
f 3378 3375 3374
f 3375 3380 3372
f 3372 3380 3371
f 3377 3381 3375
f 3375 3381 3380
f 3376 3382 3377
f 3377 3382 3381
f 3384 3385 3383
f 3383 3385 3386
f 3384 3383 3388
f 3388 3383 3387
f 3388 3387 3389
f 3389 3387 3390
f 3392 3385 3391
f 3391 3385 3384
f 3388 3393 3384
f 3384 3393 3391
f 3389 3394 3388
f 3388 3394 3393
f 3389 3395 3394
f 3394 3395 3396
f 3395 3389 3397
f 3397 3389 3390
f 3339 3365 3340
f 3340 3365 3398
f 3340 3398 3352
f 3352 3398 3399
f 3371 3400 3368
f 3368 3400 3367
f 3400 3401 3367
f 3367 3401 3366
f 3366 3401 3365
f 3365 3401 3402
f 3398 3365 3403
f 3403 3365 3402
f 3398 3403 3399
f 3399 3403 3404
f 3403 3405 3404
f 3404 3405 3406
f 3352 3399 3354
f 3354 3399 3407
f 3399 3404 3407
f 3407 3404 3408
f 3404 3406 3408
f 3408 3406 3409
f 3405 3410 3406
f 3406 3410 3411
f 3410 3412 3411
f 3411 3412 3413
f 3397 3414 3395
f 3395 3414 3415
f 3417 3415 3416
f 3416 3415 3412
f 3410 3418 3412
f 3412 3418 3416
f 3410 3405 3418
f 3418 3405 3419
f 3405 3403 3419
f 3419 3403 3402
f 3370 3350 3420
f 3420 3350 3357
f 3373 3370 3421
f 3421 3370 3420
f 3374 3373 3422
f 3422 3373 3421
f 3378 3374 3423
f 3423 3374 3422
f 3378 3423 3379
f 3379 3423 3424
f 3424 3425 3379
f 3379 3425 3386
f 3383 3426 3387
f 3387 3426 3427
f 3387 3427 3390
f 3390 3427 3428
f 3390 3428 3397
f 3397 3428 3429
f 3429 3430 3397
f 3397 3430 3414
f 3411 3413 3431
f 3431 3413 3432
f 3406 3411 3409
f 3409 3411 3431
f 3401 3400 3335
f 3335 3400 3336
f 3401 3335 3402
f 3402 3335 3334
f 3402 3334 3419
f 3419 3334 3333
f 3419 3333 3418
f 3418 3333 3433
f 3418 3433 3416
f 3416 3433 3434
f 3435 3417 3434
f 3434 3417 3416
f 3394 3396 3436
f 3436 3396 3437
f 3393 3394 3332
f 3332 3394 3436
f 3393 3332 3391
f 3391 3332 3331
f 3330 3392 3331
f 3331 3392 3391
f 3382 3329 3381
f 3381 3329 3328
f 3354 3407 3356
f 3356 3407 3438
f 3356 3438 3360
f 3360 3438 3439
f 3360 3439 3362
f 3362 3439 3440
f 3362 3440 3364
f 3364 3440 3441
f 3364 3441 3357
f 3357 3441 3420
f 3421 3420 3442
f 3442 3420 3441
f 3442 3441 3443
f 3443 3441 3440
f 3443 3440 3444
f 3444 3440 3439
f 3444 3439 3445
f 3445 3439 3438
f 3445 3438 3408
f 3408 3438 3407
f 3422 3421 3446
f 3446 3421 3442
f 3446 3442 3447
f 3447 3442 3443
f 3447 3443 3448
f 3448 3443 3444
f 3448 3444 3449
f 3449 3444 3445
f 3449 3445 3409
f 3409 3445 3408
f 3409 3431 3449
f 3449 3431 3450
f 3449 3450 3448
f 3448 3450 3451
f 3451 3452 3448
f 3448 3452 3447
f 3447 3452 3446
f 3446 3452 3453
f 3446 3453 3422
f 3422 3453 3423
f 3424 3423 3454
f 3454 3423 3453
f 3452 3455 3453
f 3453 3455 3454
f 3452 3451 3455
f 3455 3451 3456
f 3450 3457 3451
f 3451 3457 3456
f 3431 3432 3450
f 3450 3432 3457
f 3454 3458 3424
f 3424 3458 3425
f 3427 3426 3459
f 3459 3426 3460
f 3428 3427 3461
f 3461 3427 3459
f 3428 3461 3429
f 3429 3461 3462
f 3462 3463 3429
f 3429 3463 3430
f 3464 3465 3462
f 3462 3465 3463
f 3455 3466 3454
f 3454 3466 3458
f 3465 3464 3466
f 3466 3464 3467
f 3461 3459 3468
f 3468 3459 3469
f 3468 3469 3464
f 3464 3469 3467
f 3464 3462 3468
f 3468 3462 3461
f 3459 3460 3469
f 3469 3460 3467
f 3295 3351 3298
f 3298 3351 3353
f 3353 3355 3298
f 3298 3355 3297
f 3297 3355 3301
f 3301 3355 3359
f 3301 3359 3308
f 3308 3359 3361
f 3308 3361 3311
f 3311 3361 3363
f 3311 3363 3316
f 3316 3363 3358
f 3316 3358 3317
f 3317 3358 3349
f 3349 3347 3317
f 3317 3347 3319
f 3347 3345 3319
f 3319 3345 3314
f 3345 3343 3314
f 3314 3343 3305
f 3343 3341 3305
f 3305 3341 3304
f 3304 3341 3292
f 3292 3341 3338
f 3292 3338 3293
f 3293 3338 3337
f 3293 3337 3295
f 3295 3337 3351
f 3437 3202 3436
f 3436 3202 3201
f 3436 3201 3332
f 3332 3201 3204
f 3433 3200 3434
f 3434 3200 3199
f 3211 3435 3199
f 3199 3435 3434
f 3333 3210 3433
f 3433 3210 3200
f 3380 3470 3371
f 3400 3371 3336
f 3336 3371 3470
f 3381 3328 3380
f 3380 3328 3470
f 3470 3328 3209
f 3209 3328 3208
f 3336 3470 3327
f 3327 3470 3209
f 1545 1763 1546
f 1546 1763 1762
f 1403 1546 773
f 773 1546 770
f 1221 3013 1220
f 1220 3013 3471
f 1305 2877 1306
f 1306 2877 2879
f 1220 3471 828
f 828 3471 829
f 1217 1754 3472
f 3472 1754 1756
f 1049 3473 1048
f 1048 3473 3474
f 1371 1179 3473
f 3473 1179 3474
f 1074 3475 1179
f 1179 3475 3474
f 3474 3475 1048
f 1048 3475 1056
f 919 666 1345
f 1345 666 665
f 856 680 919
f 919 680 666
f 679 680 1449
f 1449 680 858
f 1367 878 1500
f 1500 878 877
f 1366 908 1367
f 1367 908 878
f 1512 916 1513
f 1513 916 915
f 947 1368 948
f 948 1368 1369
f 1047 1021 1044
f 1044 1021 1020
f 1370 1049 1019
f 1019 1049 1020
f 1173 1030 1174
f 1174 1030 1033
f 3126 1188 1464
f 1464 1188 1187
f 1800 1451 1512
f 1512 1451 916
f 1175 1174 1186
f 1186 1174 1187
f 1030 1173 1047
f 1047 1173 1021
f 1513 915 3476
f 3476 915 1481
f 1345 665 3477
f 3477 665 1483
f 1502 1501 876
f 876 1501 877
f 1205 1451 1803
f 1803 1451 1802
f 3479 2832 3478
f 3478 2832 2831
f 1449 858 2927
f 2927 858 2922
f 908 1366 947
f 947 1366 1368
f 949 948 3126
f 3126 948 1188
f 3480 3135 1502
f 1502 3135 1501
f 2927 2922 3157
f 3157 2922 3152
f 3477 1483 3479
f 3479 1483 2832
f 1803 1802 3151
f 3151 1802 3152
f 663 658 664
f 664 658 657
f 655 658 939
f 939 658 706
f 1512 870 1800
f 1800 870 869
f 875 874 876
f 876 874 873
f 849 874 905
f 905 874 958
f 949 962 946
f 946 962 961
f 978 3126 979
f 979 3126 1464
f 1031 1168 1032
f 1032 1168 1022
f 1045 1013 1046
f 1046 1013 1012
f 1045 1044 1056
f 1056 1044 1048
f 1047 1046 1030
f 1030 1046 1031
f 939 706 940
f 940 706 1450
f 979 1464 1032
f 1032 1464 1033
f 3480 1478 3476
f 3476 1478 3134
f 2829 1487 2830
f 2830 1487 1486
f 848 1230 873
f 873 1230 1479
f 867 870 933
f 933 870 1514
f 1800 869 1801
f 1801 869 1799
f 2830 1486 1325
f 1325 1486 2833
f 940 1450 2925
f 2925 1450 2928
f 946 961 907
f 907 961 958
f 959 962 977
f 977 962 978
f 3476 3134 1513
f 1513 3134 1514
f 2925 2928 3155
f 3155 2928 3158
f 1325 2833 656
f 656 2833 657
f 1801 1799 3157
f 3157 1799 3158
f 1074 1055 3475
f 3475 1055 1056
f 1371 3473 1370
f 1370 3473 1049
f 2884 615 3481
f 3481 615 618
f 3478 2831 2846
f 2846 2831 617
f 2831 1484 617
f 617 1484 618
f 1484 1487 618
f 618 1487 3481
f 2848 3481 2829
f 2829 3481 1487
f 1480 1517 1161
f 1161 1517 1162
f 3129 1323 1455
f 1455 1323 1322
f 3129 3134 1323
f 1323 3134 1478
f 1535 3173 1515
f 1515 3173 1516
f 3085 3095 3137
f 3137 3095 3094
f 3137 3094 3138
f 3138 3094 3104
f 3117 3139 3105
f 3105 3139 3106
f 1138 1141 3127
f 3127 1141 3128
f 3081 3131 1264
f 1264 3131 3130
f 1227 1226 3132
f 3132 1226 3133
f 1264 3130 1229
f 1229 3130 1322
f 1160 1501 1161
f 1161 1501 3135
f 1141 1476 3128
f 3128 1476 3136
f 1226 1163 3133
f 3133 1163 1162
f 1363 1138 1515
f 1515 1138 3127
f 3084 3095 3081
f 3081 3095 3131
f 3089 884 3105
f 3105 884 3140
f 884 883 3140
f 3140 883 3141
f 883 3482 3141
f 3141 3482 3142
f 3476 1481 3480
f 3480 1481 3135
f 1502 1479 3480
f 3480 1479 1478
f 3168 463 440
f 714 1880 715
f 715 1880 2905
f 896 732 2970
f 2970 732 731
f 1263 834 3082
f 3082 834 833
f 898 1231 853
f 853 1231 854
f 3125 890 2931
f 2931 890 889
f 1237 893 2851
f 2851 893 892
f 898 853 899
f 899 853 963
f 988 987 989
f 989 987 986
f 1002 1007 1003
f 1003 1007 1006
f 1038 1036 1007
f 1007 1036 1004
f 1070 1052 1005
f 1005 1052 1006
f 1069 1067 1070
f 1070 1067 1052
f 1130 1129 1134
f 1134 1129 1135
f 879 1167 880
f 880 1167 1166
f 1171 1169 1037
f 1037 1169 1038
f 1085 1180 1069
f 1069 1180 1067
f 1209 1210 879
f 879 1210 1167
f 2885 1215 1754
f 1754 1215 1214
f 1263 855 834
f 834 855 854
f 708 1244 1826
f 1826 1244 1243
f 2909 894 1254
f 1254 894 893
f 1228 1361 964
f 964 1361 1360
f 2908 2907 1436
f 1436 2907 1437
f 2990 1440 2991
f 2991 1440 1439
f 964 1360 965
f 965 1360 1454
f 950 1457 951
f 951 1457 1456
f 970 1463 971
f 971 1463 1462
f 1025 1169 984
f 984 1169 986
f 1084 1097 1469
f 1469 1097 1470
f 1096 1115 1474
f 1474 1115 1475
f 1140 1361 1141
f 1141 1361 1476
f 1212 1495 2828
f 2828 1495 1494
f 880 1166 1452
f 1452 1166 1499
f 715 2905 1504
f 1504 2905 2906
f 954 1519 955
f 955 1519 1518
f 1026 1520 992
f 992 1520 1518
f 1029 1520 1043
f 1043 1520 1521
f 997 1522 1040
f 1040 1522 1521
f 1015 1522 1016
f 1016 1522 1523
f 1523 996 1524
f 1524 996 1062
f 1057 1060 1525
f 1525 1060 1524
f 1094 1528 1082
f 1082 1528 1527
f 1526 1528 1089
f 1089 1528 1529
f 1090 1531 1108
f 1108 1531 1530
f 1125 1533 1126
f 1126 1533 1532
f 3483 1755 727
f 727 1755 1214
f 735 1814 707
f 707 1814 1813
f 2891 1834 1246
f 1246 1834 1243
f 2904 1881 1847
f 1847 1881 1848
f 1852 1855 1853
f 1853 1855 1858
f 1902 2903 1877
f 1877 2903 1878
f 2903 2904 1878
f 1878 2904 1847
f 714 713 1848
f 1848 713 1849
f 1440 2990 1883
f 1883 2990 2989
f 1883 2989 1852
f 1852 2989 1855
f 2895 1888 2892
f 2892 1888 1887
f 774 777 1877
f 1877 777 1903
f 1251 2835 1252
f 1252 2835 2834
f 1213 2844 1212
f 1212 2844 1495
f 2851 892 1213
f 1213 892 2844
f 3123 2911 3124
f 3124 2911 2910
f 887 2929 888
f 888 2929 889
f 1435 2963 1436
f 1436 2963 2961
f 1253 1438 1254
f 1254 1438 1437
f 2970 731 735
f 735 731 1814
f 733 732 2885
f 2885 732 1215
f 2901 2902 2976
f 2976 2902 2977
f 2975 2982 2976
f 2976 2982 2979
f 2899 2900 2981
f 2981 2900 2979
f 2899 2981 2898
f 2898 2981 2983
f 2986 2985 2984
f 2984 2985 2983
f 2897 2985 2896
f 2896 2985 2988
f 2991 1439 2987
f 2987 1439 2988
f 777 2978 1903
f 1903 2978 2977
f 1885 1888 1858
f 1858 1888 1853
f 3090 3088 836
f 836 3088 833
f 3083 3088 3097
f 3097 3088 3096
f 3097 3096 3104
f 3104 3096 3106
f 3111 3116 3108
f 3108 3116 3109
f 3112 3111 3114
f 3114 3111 3108
f 3113 3122 3114
f 3114 3122 3115
f 891 890 2837
f 2837 890 2834
f 951 1456 954
f 954 1456 1519
f 967 1457 936
f 936 1457 1454
f 971 1462 902
f 902 1462 963
f 1461 1463 988
f 988 1463 987
f 1466 1468 1474
f 1474 1468 1470
f 1089 1529 1090
f 1090 1529 1531
f 1184 1181 1469
f 1469 1181 1180
f 1082 1527 1061
f 1061 1527 1525
f 1129 1473 1135
f 1135 1473 1475
f 1108 1530 1105
f 1105 1530 1532
f 1452 1499 3132
f 3132 1499 3136
f 3109 3116 3139
f 3139 3116 3138
f 2912 2911 887
f 887 2911 2929
f 2836 2835 1497
f 1497 2835 1494
f 2913 3102 2910
f 2910 3102 3115
f 1133 3187 1134
f 1134 3187 3185
f 3177 3176 3197
f 3197 3176 3198
f 3203 3183 3206
f 3206 3183 3207
f 3196 3202 3197
f 3197 3202 3211
f 3183 3182 3207
f 3207 3182 3185
f 1125 3180 1533
f 1533 3180 3198
f 3331 3203 3330
f 3330 3203 3206
f 3376 3379 3385
f 3385 3379 3386
f 3382 3376 3392
f 3392 3376 3385
f 3412 3415 3413
f 3413 3415 3414
f 3417 3396 3415
f 3415 3396 3395
f 3383 3386 3426
f 3426 3386 3425
f 3413 3414 3432
f 3432 3414 3430
f 3437 3396 3435
f 3435 3396 3417
f 3329 3382 3330
f 3330 3382 3392
f 3426 3425 3460
f 3460 3425 3458
f 3432 3430 3457
f 3457 3430 3463
f 3457 3463 3456
f 3456 3463 3465
f 3460 3458 3467
f 3467 3458 3466
f 3466 3455 3465
f 3465 3455 3456
f 3202 3437 3211
f 3211 3437 3435
f 3104 3106 3138
f 3138 3106 3139
f 3132 3136 1227
f 1227 3136 1476
f 943 687 600
f 600 687 601
f 596 625 667
f 667 625 1297
f 687 686 601
f 601 686 653
f 1319 784 711
f 711 784 712
f 1811 607 783
f 783 607 712
f 862 921 917
f 917 921 920
f 3478 925 3479
f 3479 925 924
f 2846 926 3478
f 3478 926 925
f 659 662 929
f 929 662 930
f 856 921 857
f 857 921 1204
f 1206 864 1207
f 1207 864 863
f 2876 1219 2877
f 2877 1219 1218
f 667 1297 593
f 593 1297 1296
f 917 920 1333
f 1333 920 1346
f 686 693 653
f 653 693 930
f 1277 913 1498
f 1498 913 1207
f 592 1536 610
f 610 1536 711
f 864 1206 1805
f 1805 1206 1804
f 1317 1536 1900
f 1900 1536 1809
f 1900 1809 1295
f 1295 1809 1296
f 3479 924 3477
f 3477 924 2824
f 927 926 1203
f 1203 926 2847
f 3484 2859 3032
f 3032 2859 3033
f 3472 2878 1217
f 1217 2878 1218
f 2889 2888 2880
f 2880 2888 2881
f 2886 2883 2887
f 2887 2883 2882
f 929 928 2847
f 2847 928 1203
f 857 1204 2921
f 2921 1204 2926
f 1820 1819 2882
f 2882 1819 2881
f 1821 2883 2876
f 2876 2883 1219
f 782 2889 783
f 783 2889 2880
f 1352 3034 1353
f 1353 3034 3033
f 3031 3034 3041
f 3041 3034 3043
f 944 943 3043
f 3043 943 600
f 1339 3145 1498
f 1498 3145 3143
f 1208 882 3148
f 3148 882 3143
f 2921 2926 3151
f 3151 2926 3156
f 3477 2824 1345
f 1345 2824 1346
f 1805 1804 3154
f 3154 1804 3156
f 886 3103 883
f 883 3103 3482
f 841 1248 3485
f 3485 1248 3121
f 2811 2819 2812
f 2812 2819 2816
f 2818 2815 2817
f 2817 2815 2806
f 2817 2816 2818
f 2818 2816 2819
f 2793 2795 2819
f 2819 2795 2818
f 243 352 2793
f 2793 352 2795
f 242 353 243
f 243 353 352
f 359 191 242
f 242 191 353
f 247 192 359
f 359 192 191
f 157 193 247
f 247 193 192
f 156 194 157
f 157 194 193
f 378 261 156
f 156 261 194
f 378 381 261
f 261 381 195
f 195 381 196
f 196 381 376
f 196 376 198
f 198 376 375
f 375 1776 198
f 198 1776 197
f 1776 1767 197
f 197 1767 274
f 181 274 199
f 199 274 1767
f 568 566 564
f 564 566 563
f 568 569 566
f 566 569 567
f 501 1773 1771
f 1771 1773 578
f 547 579 1773
f 1773 579 578
f 3486 470 474
f 474 470 469
f 450 582 3487
f 3487 582 3488
f 582 583 3488
f 3488 583 3489
f 583 584 3489
f 3489 584 3490
f 3490 584 3491
f 3491 584 543
f 470 3486 466
f 466 3486 467
f 3489 3490 503
f 503 3490 504
f 503 3492 3489
f 3489 3492 3488
f 3492 503 3493
f 3493 503 502
f 3495 3492 3494
f 3494 3492 3493
f 3487 3488 3495
f 3495 3488 3492
f 468 1774 465
f 465 1774 570
f 3494 3493 1775
f 1775 3493 1771
f 3490 3491 504
f 504 3491 1772
f 3491 543 1772
f 1772 543 548
f 450 3487 474
f 474 3487 3486
f 3495 467 3487
f 3487 467 3486
f 3494 468 3495
f 3495 468 467
f 468 3494 1774
f 1774 3494 1775
f 501 1771 502
f 502 1771 3493
f 527 366 384
f 384 366 365
f 522 524 527
f 527 524 366
f 521 534 522
f 522 534 524
f 530 535 521
f 521 535 534
f 508 486 513
f 513 486 532
f 513 532 541
f 541 532 535
f 667 668 596
f 596 668 597
f 1294 1297 624
f 624 1297 625
f 603 641 604
f 604 641 640
f 1290 1293 650
f 650 1293 651
f 1758 691 660
f 660 691 661
f 602 671 599
f 599 671 670
f 654 662 690
f 690 662 661
f 2856 598 695
f 695 598 597
f 602 654 671
f 671 654 690
f 604 640 676
f 676 640 704
f 1826 1829 708
f 708 1829 709
f 1288 1284 740
f 740 1284 741
f 755 754 758
f 758 754 759
f 2853 2856 932
f 932 2856 695
f 689 691 1192
f 1192 691 1193
f 784 1319 1240
f 1240 1319 1241
f 1813 1816 1244
f 1244 1816 1245
f 754 1288 759
f 759 1288 740
f 1894 1242 1318
f 1318 1242 1241
f 2867 1348 1418
f 1418 1348 1347
f 676 704 673
f 673 704 1347
f 1284 1287 741
f 741 1287 1419
f 1421 1426 1422
f 1422 1426 1425
f 1758 660 615
f 615 660 616
f 1192 1191 1421
f 1421 1191 1426
f 2962 1839 1504
f 1504 1839 1505
f 941 1194 1759
f 1759 1194 1193
f 1287 1537 1419
f 1419 1537 1760
f 1882 2893 1823
f 1823 2893 1824
f 1886 1891 1827
f 1827 1891 1828
f 1887 1886 1834
f 1834 1886 1827
f 1841 716 1838
f 1838 716 1505
f 782 784 1850
f 1850 784 1240
f 1239 1242 1863
f 1863 1242 1864
f 1242 1894 1864
f 1864 1894 1873
f 1822 1239 1823
f 1823 1239 1863
f 1318 1317 1895
f 1895 1317 1900
f 1894 1896 1873
f 1873 1896 1897
f 1291 1896 1292
f 1292 1896 1895
f 605 1898 606
f 606 1898 1897
f 1258 1257 2854
f 2854 1257 2855
f 1257 1351 2855
f 2855 1351 2857
f 1351 1353 2857
f 2857 1353 2858
f 1353 3033 2858
f 2858 3033 2859
f 2860 2861 3036
f 3036 2861 3037
f 2862 2863 2870
f 2870 2863 3039
f 2870 2869 2862
f 2862 2869 2864
f 2868 2865 2869
f 2869 2865 2864
f 1764 2866 2868
f 2868 2866 2865
f 1537 1199 1760
f 1760 1199 1348
f 615 2884 1758
f 1758 2884 1759
f 1825 1246 2890
f 2890 1246 1245
f 2893 2892 1824
f 1824 2892 2891
f 761 2960 758
f 758 2960 2906
f 3000 2943 2940
f 2940 2943 2941
f 2968 710 2950
f 2950 710 709
f 1764 1423 2866
f 2866 1423 2953
f 1423 645 2953
f 2953 645 2954
f 645 644 2954
f 2954 644 2955
f 644 738 2955
f 2955 738 2956
f 738 764 2956
f 2956 764 2957
f 764 763 2957
f 2957 763 2958
f 763 2908 2958
f 2958 2908 2959
f 2908 1436 2959
f 2959 1436 2961
f 1837 2964 1435
f 1435 2964 2963
f 1837 2937 2964
f 2964 2937 2965
f 2936 2968 2966
f 2966 2968 2950
f 1840 2942 1838
f 1838 2942 2941
f 2939 2949 2940
f 2940 2949 3006
f 2939 2942 2966
f 2966 2942 2965
f 1822 1825 1850
f 1850 1825 2890
f 1891 3005 1828
f 1828 3005 3006
f 3035 3038 3045
f 3045 3038 3042
f 3045 3044 3035
f 3035 3044 3040
f 669 1422 3045
f 3045 1422 3044
f 599 670 3041
f 3041 670 3042
f 931 3067 932
f 932 3067 3065
f 2853 3066 2854
f 2854 3066 3076
f 3067 3496 3065
f 3065 3496 3497
f 3066 3498 3076
f 3076 3498 3499
f 707 1813 708
f 708 1813 1244
f 2960 2962 2906
f 2906 2962 1504
f 2892 1887 2891
f 2891 1887 1834
f 1839 2962 2963
f 2963 2962 2961
f 595 626 596
f 596 626 625
f 623 626 3484
f 3484 626 2859
f 1291 1290 606
f 606 1290 603
f 1290 650 603
f 603 650 641
f 641 650 642
f 642 650 649
f 2860 2863 649
f 649 2863 642
f 3036 3039 2860
f 2860 3039 2863
f 3035 3040 3036
f 3036 3040 3039
f 1294 1293 1295
f 1295 1293 1292
f 624 651 1294
f 1294 651 1293
f 623 652 624
f 624 652 651
f 3484 2861 623
f 623 2861 652
f 3032 3037 3484
f 3484 3037 2861
f 3031 3038 3032
f 3032 3038 3037
f 3481 2848 2884
f 2884 2848 942
f 2846 617 1427
f 1427 617 616
f 3049 3167 3048
f 3048 3167 3500
f 1906 3048 3070
f 3070 3048 3500
f 1337 1768 3501
f 3501 1768 3502
f 3020 3503 3021
f 3021 3503 3024
f 2914 3023 3020
f 3020 3023 3503
f 859 1770 860
f 860 1770 3504
f 1336 3505 1768
f 1768 3505 3502
f 3065 3497 3066
f 3066 3497 3498
f 2814 3075 3067
f 3067 3075 3496
f 2839 3174 766
f 766 3174 3017
f 1337 3501 1338
f 1338 3501 1769
f 767 3018 3026
f 3026 3018 3506
f 3076 3499 3064
f 3064 3499 3507
f 727 730 3483
f 3483 730 3030
f 3064 3507 2871
f 2871 3507 3077
f 3100 3160 1786
f 1786 3160 1784
f 3026 3506 752
f 752 3506 3015
f 860 3504 2923
f 2923 3504 3508
f 753 3016 3027
f 3027 3016 3509
f 3027 3509 3008
f 3008 3509 3028
f 1782 1785 1783
f 1783 1785 3022
f 2923 3508 3153
f 3153 3508 3161
f 3148 3149 1208
f 1208 3149 3150
f 1335 1328 3510
f 3510 1328 1327
f 1336 1335 3505
f 3505 1335 3510
f 866 3511 1340
f 1340 3511 3146
f 865 1808 866
f 866 1808 3511
f 842 841 3159
f 3159 841 3485
f 2849 3512 1329
f 1329 3512 1326
f 1202 1331 2849
f 2849 1331 3512
f 3514 3515 3513
f 3513 3515 3516
f 3518 3516 3517
f 3517 3516 3515
f 3519 3520 3514
f 3514 3520 3515
f 3522 3523 3521
f 3521 3523 3524
f 3526 3527 3525
f 3525 3527 3528
f 3530 3531 3529
f 3529 3531 3532
f 3534 3535 3533
f 3533 3535 3536
f 3529 3532 3537
f 3537 3532 3538
f 3537 3539 3529
f 3529 3539 3540
f 3542 3543 3541
f 3541 3543 3544
f 3546 3547 3545
f 3545 3547 3548
f 3550 3534 3549
f 3549 3534 3533
f 3550 3543 3551
f 3551 3543 3552
f 3537 3545 3539
f 3539 3545 3548
f 3553 3554 3556
f 3556 3554 3555
f 3537 3557 3545
f 3545 3557 3546
f 3558 3559 3561
f 3561 3559 3560
f 3563 3564 3562
f 3562 3564 3565
f 3564 3563 3566
f 3566 3563 3567
f 3569 3570 3568
f 3568 3570 3571
f 3573 3574 3572
f 3572 3574 3575
f 3577 3578 3576
f 3576 3578 3579
f 3581 3582 3580
f 3580 3582 3583
f 3585 3586 3584
f 3584 3586 3579
f 3586 3587 3579
f 3579 3587 3576
f 3589 3590 3588
f 3588 3590 3591
f 3592 3593 3595
f 3595 3593 3594
f 3597 3598 3596
f 3596 3598 3595
f 3583 3600 3599
f 3599 3600 3601
f 3603 3599 3602
f 3602 3599 3601
f 3605 3606 3604
f 3604 3606 3607
f 3608 3555 3596
f 3596 3555 3554
f 3597 3610 3609
f 3609 3610 3565
f 3564 3611 3565
f 3565 3611 3609
f 3611 3564 3612
f 3612 3564 3566
f 3613 3614 3569
f 3569 3614 3570
f 3615 3616 3573
f 3573 3616 3574
f 3517 3617 3518
f 3518 3617 3618
f 3620 3621 3619
f 3619 3621 3622
f 3624 3625 3623
f 3623 3625 3626
f 3628 3629 3627
f 3627 3629 3630
f 3632 3633 3631
f 3631 3633 3634
f 3636 3637 3635
f 3635 3637 3638
f 3640 3641 3639
f 3639 3641 3642
f 3643 3644 3639
f 3639 3644 3640
f 3646 3513 3645
f 3645 3513 3647
f 3648 3514 3646
f 3646 3514 3513
f 3649 3519 3648
f 3648 3519 3514
f 3650 3651 3527
f 3527 3651 3652
f 3654 3651 3653
f 3653 3651 3650
f 3568 3571 3655
f 3655 3571 3656
f 3657 3658 3653
f 3653 3658 3659
f 3661 3662 3660
f 3660 3662 3658
f 3664 3665 3663
f 3663 3665 3666
f 3667 3657 3650
f 3650 3657 3653
f 3669 3523 3668
f 3668 3523 3670
f 3672 3673 3671
f 3671 3673 3674
f 3676 3677 3675
f 3675 3677 3678
f 3671 3674 3676
f 3676 3674 3677
f 3680 3681 3679
f 3679 3681 3682
f 3683 3684 3680
f 3680 3684 3681
f 3685 3686 3661
f 3661 3686 3662
f 3686 3687 3662
f 3662 3687 3688
f 3684 3683 3689
f 3689 3683 3690
f 3692 3693 3691
f 3691 3693 3694
f 3691 3694 3695
f 3695 3694 3696
f 3698 3699 3697
f 3697 3699 3700
f 3702 3703 3701
f 3701 3703 3704
f 3705 3706 3519
f 3519 3706 3520
f 3673 3672 3707
f 3707 3672 3708
f 3709 3710 3682
f 3682 3710 3679
f 3711 3712 3692
f 3692 3712 3693
f 3714 3715 3713
f 3713 3715 3716
f 3718 3700 3717
f 3717 3700 3699
f 3720 3721 3719
f 3719 3721 3722
f 3724 3725 3723
f 3723 3725 3726
f 3727 3728 3730
f 3730 3728 3729
f 3722 3721 3731
f 3731 3721 3732
f 3697 3700 3733
f 3733 3700 3714
f 3733 3714 3734
f 3734 3714 3713
f 3721 3723 3732
f 3732 3723 3735
f 3720 3736 3724
f 3724 3736 3737
f 3700 3718 3714
f 3714 3718 3715
f 3717 3699 3738
f 3738 3699 3739
f 3536 3740 3533
f 3533 3740 3540
f 3742 3743 3741
f 3741 3743 3744
f 3746 3747 3745
f 3745 3747 3748
f 3750 3751 3749
f 3749 3751 3752
f 3627 3632 3628
f 3628 3632 3631
f 3754 3755 3753
f 3753 3755 3626
f 3562 3565 3756
f 3756 3565 3610
f 3527 3652 3528
f 3528 3652 3757
f 3758 3524 3669
f 3669 3524 3523
f 3582 3598 3583
f 3583 3598 3600
f 3759 3670 3522
f 3522 3670 3523
f 3675 3678 3760
f 3760 3678 3761
f 3762 3763 3690
f 3690 3763 3689
f 3765 3766 3764
f 3764 3766 3767
f 3768 3739 3698
f 3698 3739 3699
f 3726 3725 3770
f 3770 3725 3769
f 3645 3647 3771
f 3771 3647 3772
f 3645 3678 3646
f 3646 3678 3677
f 3646 3677 3648
f 3648 3677 3674
f 3673 3649 3674
f 3674 3649 3648
f 3707 3773 3673
f 3673 3773 3649
f 3775 3776 3774
f 3774 3776 3777
f 3779 3526 3778
f 3778 3526 3525
f 3526 3779 3667
f 3667 3779 3780
f 3780 3781 3667
f 3667 3781 3657
f 3672 3679 3708
f 3708 3679 3710
f 3671 3680 3672
f 3672 3680 3679
f 3676 3683 3671
f 3671 3683 3680
f 3675 3690 3676
f 3676 3690 3683
f 3760 3762 3675
f 3675 3762 3690
f 3682 3681 3783
f 3783 3681 3782
f 3689 3784 3684
f 3684 3784 3785
f 3684 3785 3681
f 3681 3785 3782
f 3786 3709 3783
f 3783 3709 3682
f 3784 3689 3787
f 3787 3689 3763
f 3789 3557 3788
f 3788 3557 3790
f 3792 3793 3791
f 3791 3793 3794
f 3616 3615 3795
f 3795 3615 3796
f 3797 3798 3727
f 3727 3798 3728
f 3800 3801 3799
f 3799 3801 3802
f 3803 3578 3592
f 3592 3578 3593
f 3805 3806 3804
f 3804 3806 3807
f 3599 3603 3585
f 3585 3603 3586
f 3587 3586 3604
f 3604 3586 3603
f 3588 3591 3794
f 3794 3591 3791
f 3581 3803 3582
f 3582 3803 3592
f 3594 3561 3608
f 3608 3561 3790
f 3662 3688 3808
f 3808 3688 3809
f 3665 3664 3810
f 3810 3664 3811
f 3719 3812 3720
f 3720 3812 3736
f 3717 3813 3718
f 3718 3813 3737
f 3723 3721 3724
f 3724 3721 3720
f 3813 3717 3814
f 3814 3717 3738
f 3815 3816 303
f 303 3816 304
f 3818 3819 3817
f 3817 3819 3820
f 3578 3803 3579
f 3579 3803 3584
f 3558 3593 3577
f 3577 3593 3578
f 3822 3823 3821
f 3821 3823 3824
f 3546 3826 3825
f 3825 3826 3827
f 3828 3829 3547
f 3547 3829 3541
f 3831 3542 3830
f 3830 3542 3832
f 3834 3822 3833
f 3833 3822 3821
f 3835 3836 3827
f 3827 3836 3825
f 3800 3799 3828
f 3828 3799 3829
f 3830 3832 3837
f 3837 3832 3838
f 331 330 3551
f 3551 330 3839
f 3831 333 3552
f 3552 333 332
f 3819 3797 3841
f 3841 3797 3840
f 3513 3516 3647
f 3647 3516 3746
f 337 336 3745
f 3745 336 3772
f 3525 3528 3775
f 3775 3528 3749
f 3610 3597 3554
f 3554 3597 3596
f 3706 3702 3520
f 3520 3702 3701
f 3756 3610 3553
f 3553 3610 3554
f 3757 3750 3528
f 3528 3750 3749
f 3517 3515 3701
f 3701 3515 3520
f 3842 3584 3581
f 3581 3584 3803
f 3525 3775 3778
f 3778 3775 3774
f 3638 3843 3635
f 3635 3843 3618
f 3617 3621 3618
f 3618 3621 3635
f 3617 3517 3704
f 3704 3517 3701
f 3521 3624 3522
f 3522 3624 3623
f 3749 3844 3775
f 3775 3844 3776
f 3846 3847 3845
f 3845 3847 3848
f 3843 3747 3618
f 3618 3747 3518
f 3850 3851 3849
f 3849 3851 3748
f 3853 3854 3852
f 3852 3854 3855
f 3856 3857 3622
f 3622 3857 3619
f 3859 3860 3858
f 3858 3860 3861
f 3862 3844 3752
f 3752 3844 3749
f 3863 3759 3623
f 3623 3759 3522
f 3864 3777 3630
f 3630 3777 3776
f 3713 3865 3734
f 3734 3865 3866
f 3868 3869 3867
f 3867 3869 3870
f 3872 3873 3871
f 3871 3873 3874
f 3876 3877 3875
f 3875 3877 3878
f 3879 3880 3878
f 3878 3880 3881
f 3882 3883 3885
f 3885 3883 3884
f 3780 3886 3781
f 3781 3886 3887
f 3888 3685 3869
f 3869 3685 3661
f 3880 3879 3883
f 3883 3879 3884
f 3693 3783 3694
f 3694 3783 3782
f 3696 3785 3764
f 3764 3785 3784
f 3694 3782 3696
f 3696 3782 3785
f 3693 3786 3783
f 3787 3765 3784
f 3784 3765 3764
f 386 385 3765
f 3765 385 3766
f 3695 3889 3691
f 3691 3889 3890
f 3691 3890 3692
f 3692 3890 3891
f 3892 3711 3891
f 3891 3711 3692
f 3767 3893 3695
f 3695 3893 3889
f 3766 3894 3767
f 3767 3894 3893
f 3882 3885 3895
f 3895 3885 3896
f 3898 3698 3897
f 3897 3698 3697
f 3897 3697 3899
f 3899 3697 3733
f 3899 3733 3900
f 3900 3733 3734
f 3901 3768 3898
f 3898 3768 3698
f 3901 3902 3768
f 3768 3902 3903
f 3904 3905 3907
f 3907 3905 3906
f 3869 3661 3870
f 3870 3661 3660
f 3908 3909 3896
f 3896 3909 3895
f 3909 3758 3895
f 3895 3758 3669
f 3751 3531 3752
f 3752 3531 3848
f 3858 3536 3854
f 3854 3536 3535
f 3652 3562 3757
f 3757 3562 3756
f 3651 3654 3563
f 3563 3654 3567
f 3655 3656 3808
f 3808 3656 3659
f 3530 3740 3845
f 3845 3740 3861
f 3751 3750 3556
f 3556 3750 3553
f 3817 3820 3796
f 3796 3820 3795
f 410 409 3910
f 3910 409 3855
f 3750 3757 3553
f 3553 3757 3756
f 3908 3886 3909
f 3909 3886 3780
f 409 411 3855
f 3855 411 3851
f 413 412 3760
f 3760 412 3762
f 415 414 3763
f 3763 414 3787
f 3790 3557 3538
f 3538 3557 3537
f 3555 3608 3538
f 3538 3608 3790
f 3574 3911 3575
f 3575 3911 3912
f 3535 3534 3910
f 3910 3534 3839
f 3831 3552 3542
f 3542 3552 3543
f 3534 3550 3839
f 3839 3550 3551
f 3543 3550 3544
f 3544 3550 3549
f 3913 3914 3916
f 3916 3914 3915
f 3806 3805 3589
f 3589 3805 3590
f 3849 3843 3917
f 3917 3843 3638
f 3853 3644 3859
f 3859 3644 3742
f 3747 3746 3518
f 3518 3746 3516
f 3695 3696 3767
f 3767 3696 3764
f 3903 3918 3768
f 3768 3918 3739
f 3738 3739 3816
f 3816 3739 3918
f 3919 3920 3769
f 3769 3920 3770
f 3921 3726 3922
f 3922 3726 3770
f 3678 3645 3761
f 3761 3645 3771
f 3924 3913 3923
f 3923 3913 3916
f 3802 3925 3838
f 3838 3925 3837
f 3577 3926 3558
f 3558 3926 3559
f 3815 3919 3814
f 3814 3919 3769
f 3927 3928 3822
f 3822 3928 3823
f 3829 3832 3541
f 3541 3832 3542
f 3834 3927 3822
f 3832 3829 3838
f 3838 3829 3799
f 3745 3772 3746
f 3746 3772 3647
f 3849 3748 3843
f 3843 3748 3747
f 3854 3853 3858
f 3858 3853 3859
f 3854 3535 3855
f 3855 3535 3910
f 3557 3789 3546
f 3546 3789 3826
f 3923 3823 3924
f 3924 3823 3928
f 3823 3923 3929
f 3929 3923 3930
f 3531 3751 3532
f 3532 3751 3556
f 3532 3556 3538
f 3538 3556 3555
f 3932 3634 3931
f 3931 3634 3633
f 3814 3769 3813
f 3813 3769 3725
f 3620 3636 3621
f 3621 3636 3635
f 3847 3862 3848
f 3848 3862 3752
f 3531 3530 3848
f 3848 3530 3845
f 3933 3934 3830
f 3830 3934 3831
f 3925 3933 3837
f 3837 3933 3830
f 3934 440 3831
f 3831 440 333
f 3925 3802 3833
f 3833 3802 3801
f 3776 3844 3630
f 3630 3844 3627
f 3808 3659 3662
f 3662 3659 3658
f 3667 3650 3526
f 3526 3650 3527
f 3935 3666 3936
f 3936 3666 3665
f 3718 3737 3715
f 3715 3737 3736
f 3663 3809 3664
f 3664 3809 3688
f 3807 3806 3938
f 3938 3806 3937
f 445 413 3761
f 3761 413 3760
f 3902 447 3903
f 3903 447 446
f 3897 3890 3898
f 3898 3890 3889
f 3899 3891 3897
f 3897 3891 3890
f 3898 3889 3901
f 3901 3889 3893
f 3893 3894 3901
f 3901 3894 3902
f 414 386 3787
f 3787 386 3765
f 3940 3941 3939
f 3939 3941 3942
f 3840 3797 3943
f 3943 3797 3727
f 3665 3810 3936
f 3936 3810 3944
f 3921 3735 3726
f 3726 3735 3723
f 3920 3945 3770
f 3770 3945 3922
f 3521 3524 3774
f 3774 3524 3778
f 3864 3946 3625
f 3625 3946 3947
f 3773 3705 3649
f 3649 3705 3519
f 3779 3778 3758
f 3758 3778 3524
f 3812 3716 3736
f 3736 3716 3715
f 3624 3521 3777
f 3777 3521 3774
f 3703 3856 3704
f 3704 3856 3622
f 3900 3892 3899
f 3899 3892 3891
f 3641 3917 3642
f 3642 3917 3948
f 3895 3669 3882
f 3882 3669 3668
f 3855 3851 3852
f 3852 3851 3850
f 3894 458 3902
f 3902 458 447
f 3781 3887 3660
f 3660 3887 3870
f 3570 3566 3571
f 3571 3566 3567
f 3950 3576 3949
f 3949 3576 3587
f 3605 3602 3614
f 3614 3602 3612
f 3614 3612 3570
f 3570 3612 3566
f 3571 3567 3656
f 3656 3567 3654
f 3660 3658 3781
f 3781 3658 3657
f 3604 3607 3587
f 3587 3607 3949
f 3653 3659 3654
f 3654 3659 3656
f 3529 3540 3530
f 3530 3540 3740
f 3687 3811 3688
f 3688 3811 3664
f 3813 3725 3737
f 3737 3725 3724
f 3919 3815 461
f 461 3815 303
f 3818 3798 3819
f 3819 3798 3797
f 3819 3841 3820
f 3820 3841 3951
f 3816 3815 3738
f 3738 3815 3814
f 3540 3539 3533
f 3533 3539 3549
f 3548 3547 3544
f 3544 3547 3541
f 3539 3548 3549
f 3549 3548 3544
f 3741 3931 3860
f 3860 3931 3846
f 3801 3800 3835
f 3835 3800 3836
f 3934 3933 3824
f 3824 3933 3821
f 3825 3828 3546
f 3546 3828 3547
f 3833 3821 3925
f 3925 3821 3933
f 3800 3828 3836
f 3836 3828 3825
f 3824 3952 3934
f 3934 3952 440
f 3860 3846 3861
f 3861 3846 3845
f 3629 3946 3630
f 3630 3946 3864
f 3740 3536 3861
f 3861 3536 3858
f 3833 3801 3834
f 3834 3801 3835
f 3583 3599 3580
f 3580 3599 3585
f 3651 3563 3652
f 3652 3563 3562
f 3758 3909 3779
f 3779 3909 3780
f 3621 3617 3622
f 3622 3617 3704
f 3625 3947 3626
f 3626 3947 3753
f 3633 3632 3847
f 3847 3632 3862
f 3852 3850 3640
f 3640 3850 3641
f 3644 3853 3640
f 3640 3853 3852
f 3859 3742 3860
f 3860 3742 3741
f 3632 3627 3862
f 3862 3627 3844
f 3755 3863 3626
f 3626 3863 3623
f 3917 3638 3948
f 3948 3638 3637
f 3644 3643 3742
f 3742 3643 3743
f 3931 3633 3846
f 3846 3633 3847
f 3625 3624 3864
f 3864 3624 3777
f 3917 3641 3849
f 3849 3641 3850
f 3744 3932 3741
f 3741 3932 3931
f 3903 446 3918
f 3918 446 464
f 3953 3954 3956
f 3956 3954 3955
f 3958 3959 3957
f 3957 3959 3960
f 3876 3958 3877
f 3877 3958 3957
f 3877 3957 3961
f 3961 3957 3962
f 3963 3964 3958
f 3958 3964 3959
f 3965 3966 3876
f 3876 3966 3958
f 3966 3963 3958
f 3966 3967 3963
f 3963 3967 3968
f 3878 3877 3879
f 3879 3877 3961
f 3967 3969 3968
f 3968 3969 3970
f 3969 3971 3970
f 3970 3971 3972
f 3974 3904 3973
f 3973 3904 3907
f 3971 3975 3972
f 3972 3975 3976
f 3976 3975 3978
f 3978 3975 3977
f 3979 3980 3977
f 3977 3980 3978
f 3981 3982 3979
f 3979 3982 3980
f 3983 3984 3981
f 3981 3984 3982
f 3972 3985 3970
f 3970 3985 3986
f 3871 3987 3969
f 3969 3987 3971
f 3872 3871 3967
f 3967 3871 3969
f 3965 3872 3966
f 3966 3872 3967
f 3970 3986 3968
f 3968 3986 3988
f 3879 3961 3884
f 3884 3961 3940
f 3884 3940 3885
f 3885 3940 3939
f 3989 3990 3992
f 3992 3990 3991
f 3942 3993 3995
f 3995 3993 3994
f 3994 3996 3995
f 3995 3996 3974
f 3997 3998 3994
f 3994 3998 3996
f 3999 3997 3993
f 3993 3997 3994
f 4001 3996 4000
f 4000 3996 3998
f 4000 3998 4002
f 4002 3998 4003
f 4004 4003 3997
f 3997 4003 3998
f 3997 3999 4004
f 4004 3999 4005
f 4006 3995 3973
f 3973 3995 3974
f 3939 3942 4006
f 4006 3942 3995
f 3906 3887 3907
f 3907 3887 3886
f 3887 3906 3870
f 3870 3906 3867
f 3908 3973 3886
f 3886 3973 3907
f 3865 4007 3866
f 3866 4007 4008
f 3984 3983 4009
f 4009 3983 4010
f 3961 3962 3940
f 3940 3962 3941
f 4012 3868 4011
f 4011 3868 3867
f 4013 3975 3987
f 3987 3975 3971
f 4014 3977 4013
f 4013 3977 3975
f 4015 4010 4007
f 4007 4010 3983
f 4007 3983 4008
f 4008 3983 3981
f 4008 3981 4016
f 4016 3981 3979
f 4017 3984 4018
f 4018 3984 4009
f 3977 4014 3979
f 3979 4014 4016
f 3982 3984 4019
f 4019 3984 4017
f 4021 4022 4020
f 4020 4022 4023
f 4022 4012 4023
f 4023 4012 4011
f 4023 3904 4020
f 4020 3904 3974
f 4024 4025 4018
f 4018 4025 4017
f 4026 4027 4024
f 4024 4027 4025
f 4028 4026 4029
f 4029 4026 4024
f 4018 4021 4024
f 4024 4021 4029
f 4030 4031 4026
f 4026 4031 4027
f 4032 4030 4028
f 4028 4030 4026
f 4029 4001 4028
f 4028 4001 4000
f 4028 4000 4032
f 4032 4000 4002
f 4034 4035 4033
f 4033 4035 4036
f 4037 4038 4019
f 4019 4038 4039
f 4041 4039 4040
f 4040 4039 4038
f 4040 4038 4042
f 4042 4038 4036
f 4042 4036 4043
f 4043 4036 4035
f 3985 4044 4046
f 4046 4044 4045
f 4047 4048 4045
f 4045 4048 4046
f 4047 4049 4048
f 4048 4049 4050
f 4042 4047 4040
f 4040 4047 4045
f 4043 4049 4042
f 4042 4049 4047
f 4040 4045 4041
f 4041 4045 4044
f 4052 3959 4051
f 4051 3959 3964
f 4053 4054 4051
f 4051 4054 4055
f 3956 3960 4052
f 4052 3960 3959
f 3953 3956 4056
f 4056 3956 4052
f 4058 3953 4057
f 4057 3953 4056
f 4060 4061 4059
f 4059 4061 4062
f 4063 4064 4054
f 4054 4064 4057
f 4054 4053 4063
f 4063 4053 4065
f 4066 4067 4069
f 4069 4067 4068
f 4048 4050 4063
f 4063 4050 4064
f 4063 4065 4048
f 4048 4065 4046
f 3985 4046 3986
f 3986 4046 4065
f 3986 4065 3988
f 3988 4065 4053
f 3988 4053 3964
f 3964 4053 4051
f 3976 3978 4044
f 4044 3978 4041
f 3980 3982 4039
f 4039 3982 4019
f 4039 4041 3980
f 3980 4041 3978
f 3973 3908 4006
f 4006 3908 3896
f 3885 3939 3896
f 3896 3939 4006
f 4031 4034 4027
f 4027 4034 4033
f 4027 4033 4025
f 4025 4033 4037
f 4019 4017 4037
f 4037 4017 4025
f 3993 3942 4070
f 4070 3942 3941
f 3999 3993 4071
f 4071 3993 4070
f 3999 4071 4005
f 4005 4071 4072
f 4073 4074 4076
f 4076 4074 4075
f 4078 4079 4077
f 4077 4079 4080
f 4082 4080 4081
f 4081 4080 4079
f 4084 4085 4083
f 4083 4085 4086
f 4087 4088 4090
f 4090 4088 4089
f 4092 4093 4091
f 4091 4093 4094
f 4096 4097 4095
f 4095 4097 4098
f 4100 4101 4099
f 4099 4101 4102
f 4103 4104 4106
f 4106 4104 4105
f 4108 4109 4107
f 4107 4109 4110
f 4112 4113 4111
f 4111 4113 4114
f 4116 4117 4115
f 4115 4117 4118
f 4120 4121 4119
f 4119 4121 4122
f 4123 4124 4126
f 4126 4124 4125
f 4127 4128 4130
f 4130 4128 4129
f 4132 4133 4131
f 4131 4133 4134
f 4136 4108 4135
f 4135 4108 4107
f 4138 4139 4137
f 4137 4139 4140
f 4141 4142 4088
f 4088 4142 4089
f 4144 4145 4143
f 4143 4145 4146
f 4148 4149 4147
f 4147 4149 4150
f 4152 4153 4151
f 4151 4153 4154
f 4156 4082 4155
f 4155 4082 4081
f 4157 4158 4160
f 4160 4158 4159
f 4161 4162 4164
f 4164 4162 4163
f 4166 4122 4165
f 4165 4122 4121
f 4168 4152 4167
f 4167 4152 4151
f 4169 4170 4172
f 4172 4170 4171
f 4174 4175 4173
f 4173 4175 4176
f 4178 4149 4177
f 4177 4149 4179
f 4173 4176 4180
f 4180 4176 4181
f 4156 4085 4182
f 4182 4085 4183
f 4182 4184 4156
f 4156 4184 4082
f 4185 4186 4184
f 4184 4186 4187
f 4186 4188 4187
f 4187 4188 4189
f 4190 4191 4073
f 4073 4191 4074
f 4177 4179 4158
f 4158 4179 4159
f 4193 4127 4192
f 4192 4127 4130
f 4144 4194 4151
f 4151 4194 4167
f 4196 4197 4195
f 4195 4197 4198
f 4095 4199 4096
f 4096 4199 4200
f 4201 4202 4204
f 4204 4202 4203
f 4205 4206 4208
f 4208 4206 4207
f 4121 4120 4209
f 4209 4120 4210
f 4212 4213 4211
f 4211 4213 4214
f 4216 4217 4215
f 4215 4217 4218
f 4220 4221 4219
f 4219 4221 4222
f 4224 4196 4223
f 4223 4196 4195
f 4225 4226 4134
f 4134 4226 4131
f 4228 4229 4227
f 4227 4229 4230
f 4232 4233 4231
f 4231 4233 4098
f 4235 4236 4234
f 4234 4236 4237
f 4239 4240 4238
f 4238 4240 4241
f 4242 4243 4245
f 4245 4243 4244
f 4246 4247 4249
f 4249 4247 4248
f 4251 4252 4250
f 4250 4252 4253
f 4255 4256 4254
f 4254 4256 4257
f 4259 4260 4258
f 4258 4260 4261
f 4263 4264 4262
f 4262 4264 4265
f 4267 4268 4266
f 4266 4268 4269
f 4271 4199 4270
f 4270 4199 4272
f 4273 4274 4276
f 4276 4274 4275
f 4115 4118 4277
f 4277 4118 4278
f 4280 4281 4279
f 4279 4281 4282
f 4211 4283 4212
f 4212 4283 4284
f 4286 4287 4285
f 4285 4287 4288
f 4165 4121 4289
f 4289 4121 4209
f 4291 4286 4290
f 4290 4286 4285
f 4293 4294 4292
f 4292 4294 4295
f 4297 4298 4296
f 4296 4298 4299
f 4301 4302 4300
f 4300 4302 4303
f 4299 4304 4296
f 4296 4304 4305
f 4306 4292 4307
f 4307 4292 4295
f 4307 4308 4306
f 4306 4308 4309
f 4310 4309 4075
f 4075 4309 4308
f 4299 4298 4312
f 4312 4298 4311
f 4302 4301 4293
f 4293 4301 4294
f 3735 3921 4313
f 4313 3921 4314
f 4315 4314 3922
f 3922 4314 3921
f 4316 3945 829
f 829 3945 830
f 4289 4317 4165
f 4165 4317 4318
f 4320 4321 4319
f 4319 4321 4322
f 4324 4325 4323
f 4323 4325 4326
f 4327 4328 4330
f 4330 4328 4329
f 4290 4331 4291
f 4291 4331 4332
f 4165 4318 4166
f 4166 4318 4333
f 4334 4335 4337
f 4337 4335 4336
f 4339 4340 4338
f 4338 4340 4341
f 4168 4343 4342
f 4342 4343 4344
f 4346 4347 4345
f 4345 4347 4348
f 4350 4351 4349
f 4349 4351 4352
f 4354 4355 4353
f 4353 4355 4356
f 4357 4358 4324
f 4324 4358 4325
f 4337 4359 4334
f 4334 4359 4360
f 4362 4363 4361
f 4361 4363 4364
f 4366 4367 4365
f 4365 4367 4368
f 4369 4370 4372
f 4372 4370 4371
f 4331 4290 4374
f 4374 4290 4373
f 4373 4376 4375
f 4375 4376 4377
f 4379 4380 4378
f 4378 4380 4381
f 4217 4382 4218
f 4218 4382 4383
f 4385 4386 4384
f 4384 4386 4387
f 4388 4389 4338
f 4338 4389 4390
f 4337 4336 4392
f 4392 4336 4391
f 4394 4362 4393
f 4393 4362 4361
f 4396 4397 4395
f 4395 4397 4398
f 4400 4401 4399
f 4399 4401 4402
f 4345 4403 4346
f 4346 4403 4404
f 4405 4406 4342
f 4342 4406 4407
f 4409 4410 4408
f 4408 4410 4411
f 4408 4412 4409
f 4409 4412 4413
f 4181 4415 4414
f 4414 4415 4416
f 4182 4183 4417
f 4417 4183 4418
f 4419 4353 4311
f 4311 4353 4312
f 4421 4422 4420
f 4420 4422 4423
f 4353 4356 4312
f 4312 4356 4424
f 4166 4333 4425
f 4425 4333 4426
f 4425 4143 4166
f 4166 4143 4122
f 4427 4107 4428
f 4428 4107 4110
f 4429 4430 4174
f 4174 4430 4175
f 4335 4431 4336
f 4336 4431 4390
f 4336 4390 4391
f 4391 4390 4389
f 4432 4433 4435
f 4435 4433 4434
f 4437 4438 4436
f 4436 4438 4439
f 4441 4442 4440
f 4440 4442 4443
f 4359 4444 4361
f 4361 4444 4393
f 4446 4447 4445
f 4445 4447 4448
f 4338 4341 4388
f 4388 4341 4449
f 4450 4451 4398
f 4398 4451 4395
f 4453 4454 4452
f 4452 4454 4455
f 4457 4458 4456
f 4456 4458 4459
f 4460 4461 4448
f 4448 4461 4445
f 4463 4464 4462
f 4462 4464 4465
f 4462 4465 4466
f 4466 4465 4467
f 4468 4469 4467
f 4467 4469 4466
f 4469 4468 4470
f 4470 4468 4471
f 4472 4473 4471
f 4471 4473 4470
f 4475 4476 4474
f 4474 4476 4477
f 4479 4480 4478
f 4478 4480 4481
f 4483 4484 4482
f 4482 4484 4485
f 4487 4488 4486
f 4486 4488 4489
f 4491 4492 4490
f 4490 4492 4493
f 4494 4495 4493
f 4493 4495 4490
f 4496 4497 4494
f 4494 4497 4495
f 4497 4496 4498
f 4498 4496 4499
f 4500 4501 4503
f 4503 4501 4502
f 4505 4506 4504
f 4504 4506 4507
f 4466 4508 4462
f 4462 4508 4509
f 4470 4510 4469
f 4469 4510 4511
f 4513 4479 4512
f 4512 4479 4478
f 4515 4443 4514
f 4514 4443 4442
f 4516 4517 4519
f 4519 4517 4518
f 4521 4495 4520
f 4520 4495 4497
f 4522 4490 4521
f 4521 4490 4495
f 4491 4523 4488
f 4488 4523 4524
f 4525 4489 4524
f 4524 4489 4488
f 4484 4526 4485
f 4485 4526 4527
f 4503 4528 4500
f 4500 4528 4529
f 4530 4531 4533
f 4533 4531 4532
f 4535 4506 4534
f 4534 4506 4530
f 4486 4536 4487
f 4487 4536 4537
f 4487 4537 4492
f 4492 4537 4538
f 4494 4539 4496
f 4496 4539 4540
f 4542 4533 4541
f 4541 4533 4499
f 4544 4545 4543
f 4543 4545 4546
f 4548 4549 4547
f 4547 4549 4550
f 4536 4551 4537
f 4537 4551 4552
f 4537 4552 4538
f 4538 4552 4553
f 4554 4539 4556
f 4556 4539 4555
f 4557 4540 4554
f 4554 4540 4539
f 4559 4557 4558
f 4558 4557 4560
f 4540 4557 4541
f 4541 4557 4559
f 4562 4563 4561
f 4561 4563 4564
f 4546 4565 4543
f 4543 4565 4566
f 4547 4567 4548
f 4548 4567 4568
f 4570 4571 4569
f 4569 4571 4572
f 4574 4575 4573
f 4573 4575 4576
f 4578 4579 4577
f 4577 4579 4580
f 4582 4583 4581
f 4581 4583 4584
f 4585 4586 4588
f 4588 4586 4587
f 4589 4585 4590
f 4590 4585 4588
f 4592 4593 4591
f 4591 4593 4594
f 4596 4597 4595
f 4595 4597 4598
f 4600 4601 4599
f 4599 4601 4602
f 4563 4604 4603
f 4603 4604 4605
f 4603 4606 4608
f 4608 4606 4607
f 4609 4610 4594
f 4594 4610 4591
f 4611 4612 4614
f 4614 4612 4613
f 4616 4617 4615
f 4615 4617 4618
f 4602 4620 4619
f 4619 4620 4621
f 4619 4622 4602
f 4602 4622 4599
f 4605 4599 4623
f 4623 4599 4622
f 4605 4623 4603
f 4603 4623 4606
f 4625 4626 4624
f 4624 4626 4627
f 4438 4437 4628
f 4628 4437 4629
f 4442 4441 4630
f 4630 4441 4631
f 4630 4632 4442
f 4442 4632 4514
f 4633 4634 4529
f 4529 4634 4500
f 4500 4634 4501
f 4501 4634 4635
f 4637 4546 4636
f 4636 4546 4545
f 4639 4565 4638
f 4638 4565 4640
f 4573 4576 4641
f 4641 4576 4642
f 4593 4643 4594
f 4594 4643 4644
f 4645 4609 4644
f 4644 4609 4594
f 4647 4648 4646
f 4646 4648 4649
f 4651 4652 4650
f 4650 4652 4653
f 4654 4498 4519
f 4519 4498 4532
f 4520 4508 4521
f 4521 4508 4511
f 4522 4510 4523
f 4523 4510 4655
f 4524 4656 4525
f 4525 4656 4657
f 4514 4529 4515
f 4515 4529 4528
f 4658 4659 4661
f 4661 4659 4660
f 4496 4540 4499
f 4499 4540 4541
f 4493 4555 4494
f 4494 4555 4539
f 4549 4483 4550
f 4550 4483 4482
f 4545 4544 4501
f 4501 4544 4502
f 4636 4545 4635
f 4635 4545 4501
f 4589 4663 4662
f 4662 4663 4664
f 4662 4665 4558
f 4558 4665 4559
f 4569 4586 4570
f 4570 4586 4560
f 4552 4666 4553
f 4553 4666 4667
f 4668 4669 4670
f 4670 4669 4666
f 4672 4673 4671
f 4671 4673 4674
f 4287 4675 4288
f 4288 4675 4676
f 4678 4679 4677
f 4677 4679 4680
f 4681 4678 4682
f 4682 4678 4677
f 4682 4683 4681
f 4681 4683 4684
f 4161 4164 4685
f 4685 4164 4686
f 4414 4687 4689
f 4689 4687 4688
f 4405 4690 4346
f 4346 4690 4347
f 4691 4399 4693
f 4693 4399 4692
f 1209 4694 4365
f 4365 4694 4366
f 4650 1211 4651
f 4651 1211 1210
f 4695 4696 4255
f 4255 4696 4256
f 4697 4698 4218
f 4218 4698 4215
f 4700 4701 4699
f 4699 4701 4702
f 4703 4704 4303
f 4303 4704 4300
f 4315 3922 4316
f 4316 3922 3945
f 4653 4706 4705
f 4705 4706 4707
f 4709 4710 4708
f 4708 4710 4711
f 4335 4334 4713
f 4713 4334 4712
f 4714 4340 4321
f 4321 4340 4322
f 4716 4717 4715
f 4715 4717 4718
f 4238 4241 4719
f 4719 4241 4720
f 4231 4721 4307
f 4307 4721 4308
f 4723 4724 4722
f 4722 4724 4725
f 4727 4728 4726
f 4726 4728 4729
f 4730 4731 4327
f 4327 4731 4328
f 4733 4734 4732
f 4732 4734 4735
f 4720 4381 4736
f 4736 4381 4737
f 4738 4739 4741
f 4741 4739 4740
f 4743 4744 4742
f 4742 4744 4745
f 4338 4390 4339
f 4339 4390 4431
f 4746 4747 4431
f 4431 4747 4339
f 4291 4332 4289
f 4289 4332 4317
f 4289 4209 4291
f 4291 4209 4286
f 4287 4286 4210
f 4210 4286 4209
f 4749 4750 4748
f 4748 4750 4751
f 4212 4284 4752
f 4752 4284 4753
f 4752 4754 4212
f 4212 4754 4213
f 4252 4251 4225
f 4225 4251 4226
f 4227 4230 4248
f 4248 4230 4249
f 4205 4755 4757
f 4757 4755 4756
f 4708 4711 4758
f 4758 4711 4647
f 4367 4366 4759
f 4759 4366 4760
f 4526 4513 4527
f 4527 4513 4512
f 4420 4423 4385
f 4385 4423 4386
f 4705 4761 4653
f 4653 4761 4650
f 4761 1279 4650
f 4650 1279 1211
f 4762 4763 3944
f 3944 4763 3936
f 4274 4273 4765
f 4765 4273 4764
f 4767 4768 4766
f 4766 4768 4769
f 4770 4771 4769
f 4769 4771 4766
f 4771 4770 4242
f 4242 4770 4243
f 4093 4163 4094
f 4094 4163 4162
f 4772 4773 4775
f 4775 4773 4774
f 4777 4778 4776
f 4776 4778 4779
f 4417 4185 4182
f 4182 4185 4184
f 4780 4078 4781
f 4781 4078 4077
f 4781 4077 4782
f 4782 4077 4189
f 4188 4783 4189
f 4189 4783 4782
f 4295 4232 4307
f 4307 4232 4231
f 4785 4786 4784
f 4784 4786 4787
f 4784 1307 4785
f 4785 1307 1306
f 4078 4780 4096
f 4096 4780 4097
f 4075 4074 4310
f 4310 4074 4788
f 4788 4074 4789
f 4789 4074 4191
f 4789 4191 4059
f 4059 4191 4790
f 4791 4277 4792
f 4792 4277 4278
f 3732 3735 4793
f 4793 3735 4313
f 4793 4794 3732
f 3732 4794 3731
f 4792 4795 4791
f 4791 4795 4796
f 4797 4798 4799
f 4799 4798 4724
f 4763 4800 3936
f 3936 4800 3935
f 4801 4062 3729
f 3729 4062 3730
f 4713 4712 4802
f 4802 4712 4803
f 4146 4804 4119
f 4119 4804 4805
f 4498 4654 4497
f 4497 4654 4520
f 4806 4807 1326
f 1326 4807 1327
f 4689 4688 1330
f 1330 4688 1331
f 4801 4789 4062
f 4062 4789 4059
f 3730 4062 4808
f 4808 4062 4061
f 4810 4811 4809
f 4809 4811 4812
f 4813 4403 4814
f 4814 4403 4345
f 4815 4816 4349
f 4349 4816 4350
f 4817 4818 4820
f 4820 4818 4819
f 4406 4821 4407
f 4407 4821 4822
f 4823 4161 4824
f 4824 4161 4685
f 4181 4414 4825
f 4825 4414 4689
f 4741 4740 4826
f 4826 4740 4827
f 4828 4829 4827
f 4827 4829 4826
f 4142 4141 4415
f 4415 4141 4148
f 4830 1354 4761
f 4761 1354 1279
f 4832 4833 4831
f 4831 4833 4834
f 4835 4836 4626
f 4626 4836 4421
f 4451 4709 4395
f 4395 4709 4708
f 4627 4420 4837
f 4837 4420 4385
f 4837 1365 4838
f 4838 1365 1364
f 4397 4396 4839
f 4839 4396 4840
f 4842 4628 4841
f 4841 4628 4629
f 4671 4674 4631
f 4631 4674 4630
f 4674 4659 4630
f 4630 4659 4632
f 4633 4632 4658
f 4658 4632 4659
f 4658 4504 4633
f 4633 4504 4634
f 4635 4634 4507
f 4507 4634 4504
f 4843 4636 4507
f 4507 4636 4635
f 4844 4637 4843
f 4843 4637 4636
f 4637 4844 4640
f 4640 4844 4664
f 4638 4663 4642
f 4642 4663 4845
f 4847 4643 4846
f 4846 4643 4641
f 4644 4848 4645
f 4645 4848 4849
f 4851 4852 4850
f 4850 4852 4853
f 4855 4856 4854
f 4854 4856 4857
f 4859 4860 4858
f 4858 4860 4857
f 4715 4718 4859
f 4859 4718 4860
f 4862 4863 4861
f 4861 4863 4864
f 4866 4867 4865
f 4865 4867 4868
f 4870 4871 4869
f 4869 4871 4872
f 4869 4872 4116
f 4116 4872 4117
f 4820 4819 4874
f 4874 4819 4873
f 4876 4877 4875
f 4875 4877 4878
f 4880 4881 4879
f 4879 4881 4882
f 4884 4885 4883
f 4883 4885 4886
f 4887 4888 4280
f 4280 4888 4281
f 4818 4817 4889
f 4889 4817 4890
f 4891 4193 4823
f 4823 4193 4192
f 4892 4893 4228
f 4228 4893 4229
f 4158 4157 4894
f 4894 4157 4895
f 4896 4897 4132
f 4132 4897 4133
f 4099 4683 4100
f 4100 4683 4682
f 4101 4100 4899
f 4899 4100 4898
f 4150 4106 4147
f 4147 4106 4900
f 4100 4682 4898
f 4898 4682 4677
f 4080 4082 4187
f 4187 4082 4184
f 4077 4080 4189
f 4189 4080 4187
f 4191 4190 4790
f 4790 4190 4901
f 4177 4158 4680
f 4680 4158 4894
f 4108 4136 4752
f 4752 4136 4754
f 4752 4753 4108
f 4108 4753 4109
f 4817 4902 4890
f 4890 4902 4903
f 4904 4905 4907
f 4907 4905 4906
f 4909 4910 4908
f 4908 4910 4911
f 4913 4914 4912
f 4912 4914 4915
f 4916 4917 4919
f 4919 4917 4918
f 4312 4424 4299
f 4299 4424 4304
f 4920 4921 4297
f 4297 4921 4298
f 4194 4922 4167
f 4167 4922 4923
f 4924 4400 4691
f 4691 4400 4399
f 4395 4708 4396
f 4396 4708 4758
f 4367 4925 4368
f 4368 4925 4926
f 4919 4918 4873
f 4873 4918 4874
f 4836 4927 4421
f 4421 4927 4422
f 4921 4928 4298
f 4298 4928 4311
f 4143 4146 4122
f 4122 4146 4119
f 4929 4930 4455
f 4455 4930 4452
f 4932 4933 4931
f 4931 4933 4934
f 4935 4936 4932
f 4932 4936 4933
f 4461 4460 4457
f 4457 4460 4458
f 4480 4479 4475
f 4475 4479 4476
f 4660 4673 4517
f 4517 4673 4937
f 4661 4505 4658
f 4658 4505 4504
f 4484 4483 4489
f 4489 4483 4486
f 4462 4509 4463
f 4463 4509 4518
f 4469 4511 4466
f 4466 4511 4508
f 4655 4473 4656
f 4656 4473 4477
f 4476 4657 4477
f 4477 4657 4656
f 4479 4513 4476
f 4476 4513 4657
f 4489 4525 4484
f 4484 4525 4526
f 4483 4549 4486
f 4486 4549 4536
f 4549 4548 4536
f 4536 4548 4551
f 4548 4568 4551
f 4551 4568 4670
f 4663 4589 4845
f 4845 4589 4590
f 4668 4577 4938
f 4938 4577 4580
f 4940 4938 4939
f 4939 4938 4941
f 4940 4942 4669
f 4669 4942 4943
f 4587 4582 4944
f 4944 4582 4581
f 4848 4847 4608
f 4608 4847 4564
f 4616 4945 4613
f 4613 4945 4598
f 4615 4946 4616
f 4616 4946 4945
f 4947 4939 4948
f 4948 4939 4946
f 4599 4605 4600
f 4600 4605 4604
f 4608 4607 4848
f 4848 4607 4849
f 4613 4612 4616
f 4616 4612 4617
f 4835 4949 4709
f 4709 4949 4710
f 4357 1477 4837
f 4837 1477 1365
f 4712 4950 4803
f 4803 4950 4951
f 4401 4952 4402
f 4402 4952 4953
f 4759 4760 4402
f 4402 4760 4399
f 4508 4520 4509
f 4509 4520 4654
f 4510 4522 4511
f 4511 4522 4521
f 4513 4526 4657
f 4657 4526 4525
f 4632 4633 4514
f 4514 4633 4529
f 4931 4934 4453
f 4453 4934 4454
f 4153 4954 4154
f 4154 4954 4955
f 4957 4958 4956
f 4956 4958 4959
f 4961 4962 4960
f 4960 4962 4963
f 4120 4964 4210
f 4210 4964 4965
f 4967 4968 4966
f 4966 4968 4969
f 4349 4692 4815
f 4815 4692 4970
f 4652 4971 4653
f 4653 4971 4706
f 4758 4647 4972
f 4972 4647 4646
f 4973 4363 4646
f 4646 4363 4972
f 4950 4360 4974
f 4974 4360 4364
f 4431 4335 4746
f 4746 4335 4713
f 4358 4714 4325
f 4325 4714 4321
f 4765 4764 4266
f 4266 4764 4975
f 4202 4976 4203
f 4203 4976 4977
f 4917 4978 4918
f 4918 4978 4979
f 4279 4282 4854
f 4854 4282 4269
f 4820 4880 4817
f 4817 4880 4902
f 4890 4903 4980
f 4980 4903 4886
f 4982 4983 4981
f 4981 4983 4123
f 4795 4851 4796
f 4796 4851 4850
f 4918 4979 4874
f 4874 4979 4881
f 4809 4404 4810
f 4810 4404 4403
f 4354 4985 4984
f 4984 4985 4986
f 1364 1516 4838
f 4838 1516 4987
f 4759 4988 4367
f 4367 4988 4925
f 4989 4990 4481
f 4481 4990 4478
f 4443 4515 4990
f 4990 4515 4991
f 4527 4512 4992
f 4992 4512 4991
f 4528 4503 4992
f 4992 4503 4993
f 4993 4994 4485
f 4485 4994 4482
f 4544 4995 4502
f 4502 4995 4994
f 4995 4996 4550
f 4550 4996 4547
f 4998 4999 4997
f 4997 4999 4566
f 4998 5000 4578
f 4578 5000 4579
f 5001 5002 4596
f 4596 5002 4597
f 5003 4591 5004
f 5004 4591 4610
f 4626 4421 4627
f 4627 4421 4420
f 4837 4838 4627
f 4627 4838 4624
f 4761 4705 4830
f 4830 4705 5005
f 4705 4707 5005
f 5005 4707 5006
f 4308 4721 4075
f 4075 4721 4076
f 5007 4200 4797
f 4797 4200 4798
f 4685 4686 5008
f 5008 4686 5009
f 4889 4890 5010
f 5010 4890 4980
f 4323 1541 4324
f 4324 1541 1540
f 4385 4384 4358
f 4358 4384 4714
f 4396 4758 4840
f 4840 4758 4972
f 4866 4852 5011
f 5011 4852 5012
f 5013 4260 4980
f 4980 4260 5010
f 4875 4878 5014
f 5014 4878 5015
f 5017 5018 5016
f 5016 5018 5019
f 5016 5019 5020
f 5020 5019 5021
f 5023 5024 5022
f 5022 5024 5025
f 5027 5028 5026
f 5026 5028 5029
f 5031 5032 5030
f 5030 5032 5033
f 5035 5036 5034
f 5034 5036 5037
f 5039 5040 5038
f 5038 5040 5041
f 5043 5044 5042
f 5042 5044 5045
f 5038 5046 5039
f 5039 5046 5047
f 5049 5050 5048
f 5048 5050 5051
f 5053 5054 5052
f 5052 5054 5055
f 5057 5024 5056
f 5056 5024 5058
f 5060 5061 5059
f 5059 5061 5062
f 5064 5065 5063
f 5063 5065 5066
f 5043 5050 5064
f 5064 5050 5065
f 5038 5041 5067
f 5067 5041 5068
f 5070 5071 5069
f 5069 5071 5072
f 5074 5075 5073
f 5073 5075 5076
f 5034 5077 5035
f 5035 5077 5078
f 5080 5081 5079
f 5079 5081 5082
f 5084 5085 5083
f 5083 5085 5086
f 5085 5084 5087
f 5087 5084 5088
f 5090 5091 5089
f 5089 5091 5092
f 5094 5095 5093
f 5093 5095 5096
f 5098 5099 5097
f 5097 5099 5100
f 5102 5103 5101
f 5101 5103 5104
f 5105 5106 5108
f 5108 5106 5107
f 5110 5111 5109
f 5109 5111 5112
f 5114 5094 5113
f 5113 5094 5093
f 5116 5117 5115
f 5115 5117 5118
f 5120 5121 5119
f 5119 5121 5122
f 5124 5125 5123
f 5123 5125 5126
f 5128 5129 5127
f 5127 5129 5130
f 5097 5131 5098
f 5098 5131 5132
f 5134 5135 5133
f 5133 5135 5122
f 5084 5125 5088
f 5088 5125 5136
f 5138 5139 5137
f 5137 5139 5140
f 5142 5102 5141
f 5141 5102 5101
f 5106 5143 5107
f 5107 5143 5144
f 5146 5147 5145
f 5145 5147 5148
f 5149 5150 5109
f 5109 5150 5110
f 5151 5110 5152
f 5152 5110 5150
f 4715 5140 4716
f 4716 5140 5139
f 5143 4870 5144
f 5144 4870 4869
f 4115 5146 4116
f 4116 5146 5145
f 4791 4796 5149
f 5149 4796 5150
f 4796 4850 5150
f 5150 4850 5152
f 4858 5142 4859
f 4859 5142 5141
f 5153 5154 5115
f 5115 5154 5105
f 5156 5157 5155
f 5155 5157 5158
f 5159 5160 5053
f 5053 5160 5054
f 5161 5162 5020
f 5020 5162 5068
f 5026 5029 5163
f 5163 5029 5021
f 5083 5086 5164
f 5164 5086 5165
f 5090 5167 5166
f 5166 5167 5168
f 5169 5170 5172
f 5172 5170 5171
f 5174 5175 5173
f 5173 5175 5176
f 5177 5109 5178
f 5178 5109 5112
f 5179 5180 5182
f 5182 5180 5181
f 5123 5126 5120
f 5120 5126 5121
f 5180 5167 5181
f 5181 5167 5183
f 5184 5185 5179
f 5179 5185 5180
f 5186 5149 5177
f 5177 5149 5109
f 4868 5184 4865
f 4865 5184 5179
f 5188 5189 5187
f 5187 5189 5190
f 4277 4791 5186
f 5186 4791 5149
f 5179 5182 4865
f 4865 5182 4853
f 5189 4862 5190
f 5190 4862 4861
f 5156 5075 5191
f 5191 5075 5192
f 5036 5035 5193
f 5193 5035 5194
f 5115 5118 5153
f 5153 5118 5195
f 5022 5025 5196
f 5196 5025 5197
f 5155 5158 5069
f 5069 5158 5062
f 5063 5066 5198
f 5198 5066 5199
f 5073 5076 5200
f 5200 5076 5072
f 5202 5131 5201
f 5201 5131 5203
f 5143 5106 5204
f 5204 5106 5205
f 5114 5113 5206
f 5206 5113 5127
f 5098 5132 5193
f 5193 5132 5195
f 5204 5207 5143
f 5143 5207 4870
f 5088 5136 5208
f 5208 5136 5092
f 5209 5210 5089
f 5089 5210 5183
f 5211 5018 5060
f 5060 5018 5061
f 5017 5040 5070
f 5070 5040 5071
f 5191 5160 5156
f 5156 5160 5157
f 5048 5028 5049
f 5049 5028 5058
f 5207 5204 4858
f 4858 5204 5142
f 4859 5141 4715
f 4715 5141 5140
f 5212 5162 5042
f 5042 5162 5051
f 5182 5152 4853
f 4853 5152 4850
f 5214 5134 5213
f 5213 5134 5133
f 5164 5165 5133
f 5133 5165 5213
f 5215 5216 5201
f 5201 5216 5217
f 5147 5218 5148
f 5148 5218 5219
f 5147 5177 5218
f 5218 5177 5178
f 5141 5101 5140
f 5140 5101 5137
f 5201 5217 5202
f 5202 5217 5104
f 5146 5186 5147
f 5147 5186 5177
f 4277 5186 4115
f 4115 5186 5146
f 5191 5192 5031
f 5031 5192 5032
f 5052 5055 5220
f 5220 5055 5197
f 4116 5145 4869
f 4869 5145 5144
f 5034 5037 5214
f 5214 5037 5134
f 5097 5100 5114
f 5114 5100 5094
f 5108 5107 5219
f 5219 5107 5148
f 5221 5135 5116
f 5116 5135 5117
f 5124 5111 5209
f 5209 5111 5210
f 5107 5144 5148
f 5148 5144 5145
f 5152 5182 5151
f 5151 5182 5181
f 5208 5222 5088
f 5088 5222 5087
f 5222 5208 5171
f 5171 5208 5172
f 5223 1756 4698
f 4698 1756 1755
f 4427 5224 4107
f 4107 5224 4135
f 4178 4679 5225
f 5225 4679 5226
f 5227 5228 4892
f 4892 5228 4893
f 5229 5230 4171
f 4171 5230 4172
f 4855 4268 4884
f 4884 4268 4885
f 4884 4871 4855
f 4855 4871 4856
f 4684 5231 4896
f 4896 5231 4897
f 4768 4767 5009
f 5009 4767 5008
f 5205 5154 5102
f 5102 5154 5103
f 5099 5098 5194
f 5194 5098 5193
f 5198 5199 5079
f 5079 5199 5033
f 5102 5142 5205
f 5205 5142 5204
f 5224 4427 4681
f 4681 4427 4678
f 3712 3711 5232
f 5232 3711 5233
f 3968 3988 3963
f 3963 3988 3964
f 3976 4044 3972
f 3972 4044 3985
f 4038 4037 4036
f 4036 4037 4033
f 4794 4762 3731
f 3731 4762 3944
f 3731 3944 3722
f 3722 3944 3810
f 3874 5234 5232
f 5232 5234 3712
f 3906 3905 3867
f 3867 3905 4011
f 3904 4023 3905
f 3905 4023 4011
f 3719 3722 3811
f 3811 3722 3810
f 3812 3719 3687
f 3687 3719 3811
f 3716 3812 3686
f 3686 3812 3687
f 3713 3716 3685
f 3685 3716 3686
f 4810 4403 5235
f 5235 4403 4813
f 4345 1770 4814
f 4814 1770 1769
f 4067 4066 4058
f 4058 4066 5236
f 4043 4068 4049
f 4049 4068 4050
f 4034 5237 3989
f 3989 5237 3990
f 4031 4030 4072
f 4072 4030 4005
f 4003 4004 4002
f 4002 4004 4032
f 4004 4005 4032
f 4032 4005 4030
f 4067 4064 4068
f 4068 4064 4050
f 4058 4057 4067
f 4067 4057 4064
f 4035 4034 5238
f 5238 4034 3989
f 5236 5239 4058
f 4058 5239 5240
f 5234 3874 5241
f 5241 3874 3873
f 5241 3873 3881
f 3881 3873 3878
f 4800 4763 4788
f 4788 4763 4310
f 4763 4762 4310
f 4310 4762 4309
f 4762 4794 4309
f 4309 4794 4306
f 4794 4793 4306
f 4306 4793 4292
f 4293 4313 4302
f 4302 4313 4314
f 4302 4314 4303
f 4303 4314 4315
f 4303 4315 4703
f 4703 4315 4316
f 4035 4069 4043
f 4043 4069 4068
f 4324 1540 4357
f 4357 1540 1477
f 5232 3987 3874
f 3874 3987 3871
f 3987 5232 4013
f 4013 5232 5233
f 4013 5233 4014
f 4014 5233 5242
f 3888 4015 3865
f 3865 4015 4007
f 3866 4008 5243
f 5243 4008 4016
f 3873 5244 3878
f 3878 5244 3875
f 3965 5244 3872
f 3872 5244 3873
f 3876 3875 3965
f 3965 3875 5244
f 5243 4016 5242
f 5242 4016 4014
f 5246 5247 5245
f 5245 5247 5248
f 3576 3950 3577
f 3577 3950 3926
f 3584 3842 3585
f 3585 3842 3580
f 5249 5247 1784
f 1784 5247 1785
f 5250 5251 5253
f 5253 5251 5252
f 5255 5252 5254
f 5254 5252 5256
f 5254 5256 5258
f 5258 5256 5257
f 5258 5257 5260
f 5260 5257 5259
f 4356 5261 4424
f 4424 5261 5259
f 4355 5262 4356
f 4356 5262 5261
f 4924 5264 5263
f 5263 5264 5265
f 4693 5266 4691
f 4691 5266 5267
f 4351 5268 4352
f 4352 5268 5269
f 1808 1807 4351
f 4351 1807 5268
f 3580 3842 3581
f 3799 3802 3838
f 4800 4788 4801
f 4801 4788 4789
f 3729 3935 4801
f 4801 3935 4800
f 3728 3666 3729
f 3729 3666 3935
f 3728 3798 3666
f 3666 3798 3663
f 3798 3818 3663
f 3663 3818 3809
f 3818 3817 3809
f 3809 3817 3808
f 3796 3655 3817
f 3817 3655 3808
f 3615 3568 3796
f 3796 3568 3655
f 3573 3569 3615
f 3615 3569 3568
f 3572 3613 3573
f 3573 3613 3569
f 3792 3606 3572
f 3572 3606 3613
f 3607 3791 3949
f 3949 3791 3591
f 3590 3950 3591
f 3591 3950 3949
f 3805 3926 3590
f 3590 3926 3950
f 3804 3559 3805
f 3805 3559 3926
f 3804 3914 3559
f 3559 3914 3560
f 3924 3789 3913
f 3913 3789 3788
f 3924 3928 3789
f 3789 3928 3826
f 3928 3927 3826
f 3826 3927 3827
f 3927 3834 3827
f 3827 3834 3835
f 4079 4078 5270
f 5270 4078 5007
f 5271 5272 4233
f 4233 5272 5273
f 5275 5276 5274
f 5274 5276 5277
f 5278 5279 4236
f 4236 5279 4237
f 5278 5280 5271
f 5271 5280 5272
f 4235 5281 4236
f 4236 5281 5282
f 5284 5285 5283
f 5283 5285 5286
f 5288 5289 5287
f 5287 5289 5290
f 5292 5293 5291
f 5291 5293 5294
f 5287 5290 4726
f 4726 5290 5295
f 4293 4292 4313
f 4313 4292 4793
f 4720 4736 4719
f 4719 4736 5296
f 5297 4909 5298
f 5298 4909 4908
f 5299 5300 4976
f 4976 5300 5301
f 5302 4202 5303
f 5303 4202 4201
f 5304 5305 4983
f 4983 5305 5306
f 5308 5309 5307
f 5307 5309 5310
f 4722 4725 5283
f 5283 4725 5311
f 5291 5294 4125
f 4125 5294 4126
f 5313 5314 5312
f 5312 5314 5315
f 5316 5317 5319
f 5319 5317 5318
f 5321 5308 5320
f 5320 5308 5307
f 4819 4981 4873
f 4873 4981 5322
f 4981 4123 5322
f 5322 4123 4126
f 5324 5325 5323
f 5323 5325 5326
f 4764 5327 4975
f 4975 5327 5328
f 4172 5327 4169
f 4169 5327 5329
f 4768 4171 4769
f 4769 4171 4170
f 4243 4755 4244
f 4244 4755 5330
f 4755 4205 5330
f 5330 4205 4208
f 4206 4906 4207
f 4207 4906 4905
f 4686 5014 5009
f 5009 5014 5229
f 4756 4770 4170
f 4170 4770 4769
f 4170 4169 4756
f 4756 4169 4757
f 4273 5329 4764
f 4764 5329 5327
f 4276 5331 4273
f 4273 5331 5329
f 4770 4756 4243
f 4243 4756 4755
f 5333 4889 5332
f 5332 4889 5010
f 4877 5332 4878
f 4878 5332 4259
f 4875 4164 4876
f 4876 4164 4163
f 5334 5335 5324
f 5324 5335 5325
f 4983 5306 4123
f 4123 5306 4124
f 4818 4982 4819
f 4819 4982 4981
f 5332 5010 4259
f 4259 5010 4260
f 5014 4686 4875
f 4875 4686 4164
f 4171 4768 5229
f 5229 4768 5009
f 5337 4916 5336
f 5336 4916 4919
f 5293 5337 5294
f 5294 5337 5336
f 4982 4818 5333
f 5333 4818 4889
f 5338 5339 4262
f 4262 5339 5340
f 5307 5310 5338
f 5338 5310 5339
f 5341 5342 4204
f 4204 5342 5309
f 5336 4919 5322
f 5322 4919 4873
f 5294 5336 4126
f 4126 5336 5322
f 5323 5326 5343
f 5343 5326 5286
f 4914 5344 4915
f 4915 5344 5345
f 5312 5315 5344
f 5344 5315 5345
f 5347 5348 5346
f 5346 5348 5349
f 5350 5351 4832
f 4832 5351 4833
f 5352 5353 5349
f 5349 5353 5346
f 5354 5338 4265
f 4265 5338 4262
f 5320 5307 5354
f 5354 5307 5338
f 4201 5308 5303
f 5303 5308 5321
f 5356 5357 5355
f 5355 5357 4799
f 5358 5359 5334
f 5334 5359 5335
f 5358 5360 4093
f 4093 5360 4163
f 5360 5305 4163
f 4163 5305 4876
f 5305 5304 4876
f 4876 5304 4877
f 5270 4778 4079
f 4079 4778 4081
f 4779 5361 4774
f 4774 5361 5357
f 5356 5359 4775
f 4775 5359 4092
f 5333 5304 4982
f 4982 5304 4983
f 5332 4877 5333
f 5333 4877 5304
f 5015 4258 5230
f 5230 4258 5328
f 5327 4172 5328
f 5328 4172 5230
f 4169 5329 4757
f 4757 5329 5331
f 4757 5331 4205
f 4205 5331 4206
f 5331 4276 4206
f 4206 4276 4906
f 4276 4275 4906
f 4906 4275 4907
f 4275 4888 4907
f 4907 4888 4744
f 4887 4717 4745
f 4745 4717 4864
f 4716 5139 4861
f 4861 5139 5190
f 5139 5138 5190
f 5190 5138 5187
f 5138 5216 5187
f 5187 5216 5176
f 5215 5362 5173
f 5173 5362 5130
f 5364 5365 5363
f 5363 5365 5340
f 4742 4863 5366
f 5366 4863 4867
f 4862 5189 4868
f 4868 5189 5184
f 5189 5188 5184
f 5184 5188 5185
f 5188 5175 5185
f 5185 5175 5168
f 3560 3788 3561
f 3561 3788 3790
f 3596 3595 3608
f 3608 3595 3594
f 3598 3582 3595
f 3595 3582 3592
f 3600 3609 3601
f 3601 3609 3611
f 3602 3601 3612
f 3612 3601 3611
f 3606 3605 3613
f 3613 3605 3614
f 3793 5367 3794
f 3794 5367 5368
f 3598 3597 3600
f 3600 3597 3609
f 3793 3792 3575
f 3575 3792 3572
f 3561 3594 3558
f 3558 3594 3593
f 3807 3915 3804
f 3804 3915 3914
f 3916 3915 5370
f 5370 3915 5369
f 3602 3605 3603
f 3603 3605 3604
f 3606 3792 3607
f 3607 3792 3791
f 3914 3913 3560
f 3560 3913 3788
f 5174 5129 5166
f 5166 5129 5371
f 5170 5169 5093
f 5093 5169 5113
f 5166 5371 5090
f 5090 5371 5091
f 5128 5169 5372
f 5372 5169 5172
f 5127 5113 5128
f 5128 5113 5169
f 5114 5206 5203
f 5203 5206 5362
f 5200 5373 5073
f 5073 5373 5096
f 5374 5375 5200
f 5200 5375 5373
f 5039 5047 5374
f 5374 5047 5375
f 5087 5046 5085
f 5085 5046 5376
f 5212 5377 5067
f 5067 5377 5376
f 5042 5045 5212
f 5212 5045 5377
f 5064 5378 5043
f 5043 5378 5044
f 5063 5077 5064
f 5064 5077 5378
f 5079 5082 5198
f 5198 5082 5078
f 5099 5081 5100
f 5100 5081 5379
f 5100 5379 5094
f 5094 5379 5095
f 5381 5382 5380
f 5380 5382 5383
f 5385 5386 5384
f 5384 5386 5383
f 5385 5387 5386
f 5386 5387 5388
f 5390 5391 5389
f 5389 5391 5392
f 5393 5394 5396
f 5396 5394 5395
f 5398 5399 5397
f 5397 5399 5400
f 5402 5403 5401
f 5401 5403 5404
f 5406 5407 5405
f 5405 5407 5404
f 5408 5409 5163
f 5163 5409 5410
f 5411 5412 5414
f 5414 5412 5413
f 5057 5416 5415
f 5415 5416 5417
f 5393 5416 5418
f 5418 5416 5419
f 5396 5395 5420
f 5420 5395 5421
f 5423 5424 5422
f 5422 5424 5425
f 5415 5417 5220
f 5220 5417 5426
f 5418 5391 5393
f 5393 5391 5394
f 5414 5388 5411
f 5411 5388 5392
f 5059 5427 5060
f 5060 5427 5428
f 5423 5427 5429
f 5429 5427 5430
f 5432 5382 5431
f 5431 5382 5425
f 5429 5407 5423
f 5423 5407 5424
f 5380 5409 5381
f 5381 5409 5433
f 5381 5433 5422
f 5422 5433 5428
f 5027 5412 5056
f 5056 5412 5419
f 5435 5436 5434
f 5434 5436 5437
f 5159 5439 5438
f 5438 5439 5440
f 5053 5436 5159
f 5159 5436 5439
f 5441 5403 5398
f 5398 5403 5399
f 5163 5410 5026
f 5026 5410 5413
f 5438 5440 5442
f 5442 5440 5430
f 5444 5445 5443
f 5443 5445 5446
f 5447 5448 5450
f 5450 5448 5449
f 5451 5446 5452
f 5452 5446 5445
f 5454 5455 5453
f 5453 5455 5451
f 5456 5454 5458
f 5458 5454 5457
f 5460 5461 5459
f 5459 5461 5462
f 5464 5465 5463
f 5463 5465 5466
f 5468 5469 5467
f 5467 5469 5470
f 5472 5473 5471
f 5471 5473 5474
f 5475 5476 5478
f 5478 5476 5477
f 5479 5480 5482
f 5482 5480 5481
f 5483 5484 5448
f 5448 5484 5485
f 5448 5485 5449
f 5449 5485 5486
f 5487 5476 5488
f 5488 5476 5475
f 5490 5491 5489
f 5489 5491 5492
f 5494 5495 5493
f 5493 5495 5496
f 5498 5494 5497
f 5497 5494 5493
f 5500 5501 5499
f 5499 5501 5502
f 5503 5504 5446
f 5446 5504 5443
f 5506 5507 5505
f 5505 5507 5508
f 5510 5511 5509
f 5509 5511 5512
f 5514 5515 5513
f 5513 5515 5516
f 5518 5519 5517
f 5517 5519 5520
f 5495 5521 5496
f 5496 5521 5522
f 5524 5525 5523
f 5523 5525 5526
f 5527 5528 5494
f 5494 5528 5495
f 5499 5502 5529
f 5529 5502 5530
f 5531 5532 5485
f 5485 5532 5486
f 5485 5484 5531
f 5531 5484 5533
f 5482 5481 5534
f 5534 5481 5535
f 5536 5512 5506
f 5506 5512 5511
f 5455 5503 5451
f 5451 5503 5446
f 5467 5470 5511
f 5511 5470 5537
f 5538 5467 5510
f 5510 5467 5511
f 5540 5541 5539
f 5539 5541 5542
f 5543 5544 5546
f 5546 5544 5545
f 5548 5472 5547
f 5547 5472 5471
f 5493 5496 5549
f 5549 5496 5550
f 5496 5522 5550
f 5550 5522 5551
f 5553 5554 5552
f 5552 5554 5555
f 5557 5447 5556
f 5556 5447 5558
f 5557 5483 5447
f 5447 5483 5448
f 5478 5477 5553
f 5553 5477 5559
f 5477 5560 5559
f 5559 5560 5561
f 5476 5562 5477
f 5477 5562 5560
f 5476 5487 5562
f 5562 5487 5563
f 5560 5564 5561
f 5561 5564 5565
f 5564 5560 5566
f 5566 5560 5562
f 5563 5567 5562
f 5562 5567 5566
f 5569 5521 5568
f 5568 5521 5570
f 5481 5572 5571
f 5571 5572 5573
f 5574 5535 5571
f 5571 5535 5481
f 5576 5577 5575
f 5575 5577 5578
f 5579 5580 5456
f 5456 5580 5581
f 5475 5582 5488
f 5488 5582 5583
f 5584 5536 5505
f 5505 5536 5506
f 5585 5586 5588
f 5588 5586 5587
f 5590 5591 5589
f 5589 5591 5592
f 5519 5593 5520
f 5520 5593 5594
f 5595 5596 5462
f 5462 5596 5597
f 5599 5600 5598
f 5598 5600 5514
f 5602 5603 5601
f 5601 5603 5604
f 5524 5543 5525
f 5525 5543 5546
f 5543 5524 5606
f 5606 5524 5605
f 5607 5608 5500
f 5500 5608 5501
f 5610 5551 5609
f 5609 5551 5522
f 5611 5510 5598
f 5598 5510 5509
f 5612 5597 5457
f 5457 5597 5458
f 5510 5611 5538
f 5538 5611 5613
f 5580 5508 5581
f 5581 5508 5507
f 5615 5616 5614
f 5614 5616 5617
f 5619 5620 5618
f 5618 5620 5621
f 5623 5624 5622
f 5622 5624 5625
f 5627 5624 5626
f 5626 5624 5623
f 5629 5630 5628
f 5628 5630 5631
f 5633 5634 5632
f 5632 5634 5466
f 5635 5636 5463
f 5463 5636 5637
f 5523 5638 5524
f 5524 5638 5605
f 5639 5640 5641
f 5641 5640 5595
f 5611 5513 5613
f 5613 5513 5642
f 5643 5586 5608
f 5608 5586 5501
f 5622 5625 5590
f 5590 5625 5591
f 5598 5514 5611
f 5611 5514 5513
f 5645 5646 5644
f 5644 5646 5647
f 5620 5619 5491
f 5491 5619 5648
f 5649 5643 5492
f 5492 5643 5608
f 5650 5651 5653
f 5653 5651 5652
f 5463 5466 5635
f 5635 5466 5634
f 5597 5612 5462
f 5462 5612 5459
f 5635 5634 5523
f 5523 5634 5638
f 5654 5638 5633
f 5633 5638 5634
f 5655 5656 5525
f 5525 5656 5526
f 5658 5659 5657
f 5657 5659 5527
f 5660 5464 5637
f 5637 5464 5463
f 5632 5466 5661
f 5661 5466 5465
f 5661 5662 5632
f 5632 5662 5658
f 5662 5663 5658
f 5658 5663 5659
f 5665 5659 5664
f 5664 5659 5663
f 5632 5658 5633
f 5633 5658 5657
f 5666 5629 5530
f 5530 5629 5667
f 5528 5527 5665
f 5665 5527 5659
f 5668 5669 5570
f 5570 5669 5568
f 5669 5668 5670
f 5670 5668 5671
f 5646 5672 5673
f 5672 5674 5673
f 5673 5674 5675
f 5674 5460 5675
f 5675 5460 5459
f 5461 5676 5462
f 5462 5676 5595
f 5677 5678 5680
f 5680 5678 5679
f 5628 5681 5629
f 5629 5681 5667
f 5682 5529 5667
f 5667 5529 5530
f 5675 5459 5683
f 5683 5459 5612
f 5585 5666 5502
f 5502 5666 5530
f 5589 5684 5602
f 5602 5684 5603
f 5646 5645 5663
f 5663 5645 5664
f 5685 5647 5673
f 5673 5647 5646
f 5686 5687 5683
f 5683 5687 5685
f 5688 5689 5533
f 5533 5689 5531
f 5690 5691 5535
f 5535 5691 5534
f 5692 5690 5574
f 5574 5690 5535
f 5685 5687 5689
f 5689 5687 5693
f 5489 5694 5490
f 5490 5694 5695
f 5690 5692 5696
f 5696 5692 5697
f 5696 5644 5690
f 5690 5644 5691
f 5447 5450 5558
f 5558 5450 5698
f 5699 5700 5642
f 5642 5700 5613
f 5701 5702 5540
f 5540 5702 5541
f 5431 5703 5432
f 5432 5703 5697
f 5385 5384 5574
f 5574 5384 5692
f 5389 5387 5573
f 5573 5387 5571
f 5565 5390 5573
f 5573 5390 5389
f 5390 5565 5704
f 5704 5565 5564
f 5566 5705 5564
f 5564 5705 5704
f 5569 5441 5609
f 5609 5441 5398
f 5568 5405 5569
f 5569 5405 5441
f 5670 5706 5669
f 5669 5706 5406
f 5703 5431 5670
f 5670 5431 5706
f 5432 5697 5384
f 5384 5697 5692
f 5574 5571 5385
f 5385 5571 5387
f 5607 5707 5489
f 5489 5707 5694
f 5518 5708 5519
f 5519 5708 5709
f 5711 5576 5710
f 5710 5576 5575
f 5713 5714 5712
f 5712 5714 5715
f 5553 5552 5478
f 5478 5552 5716
f 5717 5475 5716
f 5716 5475 5478
f 5718 5719 5605
f 5605 5719 5606
f 5505 5622 5584
f 5584 5622 5590
f 5508 5623 5505
f 5505 5623 5622
f 5626 5623 5580
f 5580 5623 5508
f 5580 5579 5626
f 5626 5579 5720
f 5579 5721 5720
f 5720 5721 5722
f 5666 5585 5723
f 5723 5585 5588
f 5724 5725 5639
f 5639 5725 5640
f 5554 5726 5555
f 5555 5726 5727
f 5453 5728 5729
f 5689 5688 5685
f 5685 5688 5647
f 5604 5730 5512
f 5512 5730 5509
f 5628 5631 5618
f 5618 5631 5592
f 5601 5604 5536
f 5536 5604 5512
f 5732 5676 5731
f 5731 5676 5660
f 5730 5604 5733
f 5733 5604 5603
f 5563 5487 5551
f 5551 5487 5550
f 5489 5492 5607
f 5607 5492 5608
f 5573 5572 5565
f 5565 5572 5561
f 5609 5522 5569
f 5569 5522 5521
f 5499 5734 5500
f 5500 5734 5735
f 5596 5736 5721
f 5721 5736 5722
f 5737 5600 5594
f 5594 5600 5520
f 5599 5730 5517
f 5517 5730 5733
f 5660 5738 5731
f 5731 5738 5739
f 5648 5649 5491
f 5491 5649 5492
f 5501 5586 5502
f 5502 5586 5585
f 5525 5546 5655
f 5655 5546 5740
f 5600 5599 5520
f 5520 5599 5517
f 5708 5739 5709
f 5709 5739 5738
f 5636 5635 5526
f 5526 5635 5523
f 5670 5671 5703
f 5703 5671 5741
f 5490 5695 5742
f 5742 5695 5743
f 5682 5678 5744
f 5744 5678 5677
f 5678 5681 5679
f 5679 5681 5621
f 5742 5743 5679
f 5679 5743 5680
f 5618 5621 5628
f 5628 5621 5681
f 5725 5724 5589
f 5589 5724 5684
f 5456 5458 5579
f 5579 5458 5721
f 5675 5683 5673
f 5673 5683 5685
f 5529 5682 5745
f 5745 5682 5744
f 5721 5458 5596
f 5596 5458 5597
f 5701 5540 5719
f 5719 5540 5606
f 5703 5741 5697
f 5697 5741 5696
f 5500 5735 5607
f 5607 5735 5707
f 5549 5746 5493
f 5493 5746 5497
f 5700 5747 5613
f 5613 5747 5538
f 5420 5421 5434
f 5434 5421 5400
f 5689 5693 5531
f 5531 5693 5532
f 5705 5566 5748
f 5748 5566 5567
f 5609 5398 5610
f 5610 5398 5397
f 5669 5406 5568
f 5568 5406 5405
f 5488 5583 5549
f 5549 5583 5746
f 5714 5713 5710
f 5710 5713 5711
f 5747 5468 5538
f 5538 5468 5467
f 5548 5547 5749
f 5749 5547 5750
f 5733 5603 5751
f 5751 5603 5684
f 5589 5602 5590
f 5590 5602 5584
f 5636 5752 5614
f 5614 5752 5615
f 5753 5754 5738
f 5738 5754 5755
f 5602 5601 5584
f 5584 5601 5536
f 5723 5736 5630
f 5630 5736 5640
f 5595 5640 5596
f 5596 5640 5736
f 5734 5499 5745
f 5745 5499 5529
f 5627 5587 5643
f 5643 5587 5586
f 5553 5559 5554
f 5554 5559 5480
f 5559 5561 5480
f 5480 5561 5572
f 5554 5480 5726
f 5726 5480 5479
f 5749 5750 5715
f 5715 5750 5712
f 5683 5612 5686
f 5686 5612 5457
f 5678 5682 5681
f 5681 5682 5667
f 5598 5509 5599
f 5599 5509 5730
f 5679 5621 5742
f 5742 5621 5620
f 5652 5616 5653
f 5653 5616 5615
f 5220 5426 5052
f 5052 5426 5437
f 5487 5488 5550
f 5550 5488 5549
f 5742 5620 5490
f 5490 5620 5491
f 5551 5610 5563
f 5563 5610 5567
f 5610 5397 5567
f 5567 5397 5748
f 5614 5617 5753
f 5753 5617 5754
f 5480 5572 5481
f 5755 5756 5738
f 5738 5756 5709
f 5745 5744 5758
f 5758 5744 5757
f 5745 5758 5734
f 5734 5758 5759
f 5735 5734 5760
f 5760 5734 5759
f 5707 5735 5761
f 5761 5735 5760
f 5744 5677 5757
f 5757 5677 5762
f 5677 5680 5762
f 5762 5680 5763
f 5763 5680 5764
f 5764 5680 5743
f 5765 5766 5762
f 5762 5766 5757
f 5768 5769 5767
f 5767 5769 5770
f 5771 5772 5770
f 5770 5772 5767
f 5770 5769 5774
f 5774 5769 5773
f 5775 5776 5774
f 5774 5776 5777
f 5773 5778 5774
f 5774 5778 5775
f 5779 5766 5773
f 5773 5766 5778
f 5777 5771 5774
f 5774 5771 5770
f 5780 5781 5783
f 5783 5781 5782
f 5781 5780 5771
f 5771 5780 5772
f 5773 5769 5779
f 5779 5769 5768
f 5768 5759 5779
f 5779 5759 5758
f 5768 5784 5759
f 5759 5784 5760
f 5767 5785 5768
f 5768 5785 5784
f 5785 5767 5786
f 5786 5767 5772
f 5766 5779 5757
f 5757 5779 5758
f 5780 5787 5772
f 5772 5787 5786
f 5785 5786 5788
f 5788 5786 5789
f 5786 5787 5789
f 5789 5787 5790
f 5788 5789 5791
f 5791 5789 5792
f 5791 5793 5788
f 5788 5793 5794
f 5795 5792 5790
f 5790 5792 5789
f 5785 5788 5784
f 5784 5788 5794
f 5784 5794 5760
f 5760 5794 5761
f 5787 5780 5796
f 5796 5780 5783
f 5775 5778 5797
f 5797 5778 5766
f 5797 5798 5775
f 5775 5798 5776
f 5766 5765 5797
f 5797 5765 5799
f 5798 5797 5800
f 5800 5797 5799
f 5798 5801 5776
f 5776 5801 5802
f 5707 5761 5694
f 5694 5761 5803
f 5695 5804 5743
f 5743 5804 5764
f 5804 5695 5803
f 5803 5695 5694
f 5803 5793 5804
f 5804 5793 5805
f 5793 5791 5805
f 5805 5791 5806
f 5804 5805 5764
f 5764 5805 5807
f 5803 5761 5793
f 5793 5761 5794
f 5808 5763 5807
f 5807 5763 5764
f 5808 5765 5763
f 5763 5765 5762
f 5809 5799 5808
f 5808 5799 5765
f 5809 5808 5810
f 5810 5808 5807
f 5811 5809 5812
f 5812 5809 5810
f 5805 5806 5807
f 5807 5806 5810
f 5806 5813 5810
f 5810 5813 5812
f 5799 5809 5800
f 5800 5809 5811
f 5815 5800 5814
f 5814 5800 5811
f 5814 5817 5816
f 5816 5817 5818
f 5814 5811 5817
f 5817 5811 5812
f 5814 5816 5815
f 5815 5816 5796
f 5815 5796 5801
f 5801 5796 5783
f 5801 5798 5815
f 5815 5798 5800
f 5791 5792 5806
f 5806 5792 5813
f 5818 5813 5795
f 5795 5813 5792
f 5818 5817 5813
f 5813 5817 5812
f 5816 5818 5790
f 5790 5818 5795
f 5790 5787 5816
f 5816 5787 5796
f 5771 5777 5781
f 5781 5777 5782
f 5782 5802 5783
f 5783 5802 5801
f 5782 5777 5802
f 5802 5777 5776
f 5588 5587 5722
f 5722 5587 5720
f 5591 5619 5592
f 5592 5619 5618
f 5625 5624 5648
f 5648 5624 5649
f 5624 5627 5649
f 5649 5627 5643
f 5631 5630 5725
f 5725 5630 5640
f 5625 5648 5591
f 5591 5648 5619
f 5588 5722 5723
f 5723 5722 5736
f 5631 5725 5592
f 5592 5725 5589
f 5723 5630 5666
f 5666 5630 5629
f 5587 5627 5720
f 5720 5627 5626
f 5820 5821 5819
f 5819 5821 5822
f 5824 5825 5823
f 5823 5825 5826
f 5823 5826 5827
f 5827 5826 5828
f 5829 5830 5832
f 5832 5830 5831
f 5518 5833 5708
f 5708 5833 5834
f 5835 5836 5824
f 5824 5836 5825
f 5838 5839 5837
f 5837 5839 5840
f 5751 5684 5842
f 5842 5684 5841
f 5843 5841 5724
f 5724 5841 5684
f 5845 5846 5844
f 5844 5846 5847
f 5848 5830 5836
f 5836 5830 5825
f 5518 5751 5833
f 5833 5751 5842
f 5839 5838 5821
f 5821 5838 5849
f 5850 5848 5822
f 5822 5848 5836
f 5851 5845 5828
f 5828 5845 5852
f 5854 5855 5853
f 5853 5855 5856
f 5845 5844 5852
f 5852 5844 5857
f 5858 5827 5852
f 5852 5827 5828
f 5851 5828 5829
f 5829 5828 5826
f 5819 5859 5820
f 5820 5859 5860
f 5835 5861 5819
f 5819 5861 5859
f 5851 5829 5862
f 5862 5829 5832
f 5844 5847 5837
f 5837 5847 5834
f 5819 5822 5835
f 5835 5822 5836
f 5823 5863 5824
f 5824 5863 5864
f 5849 5850 5821
f 5821 5850 5822
f 5825 5830 5826
f 5826 5830 5829
f 5820 5860 5865
f 5865 5860 5866
f 5858 5854 5867
f 5867 5854 5853
f 5854 5857 5855
f 5855 5857 5840
f 5855 5865 5856
f 5856 5865 5866
f 5837 5840 5844
f 5844 5840 5857
f 5827 5858 5868
f 5868 5858 5867
f 5824 5864 5835
f 5835 5864 5861
f 5732 5731 5862
f 5862 5731 5846
f 5863 5823 5868
f 5868 5823 5827
f 5843 5831 5848
f 5848 5831 5830
f 5854 5858 5857
f 5857 5858 5852
f 5855 5840 5865
f 5865 5840 5839
f 5865 5839 5820
f 5820 5839 5821
f 5868 5867 5870
f 5870 5867 5869
f 5868 5870 5863
f 5863 5870 5871
f 5863 5871 5864
f 5864 5871 5872
f 5864 5872 5861
f 5861 5872 5873
f 5867 5853 5869
f 5869 5853 5874
f 5853 5856 5874
f 5874 5856 5875
f 5856 5866 5875
f 5875 5866 5876
f 5877 5878 5874
f 5874 5878 5869
f 5880 5881 5879
f 5879 5881 5882
f 5883 5884 5880
f 5880 5884 5881
f 5881 5884 5886
f 5886 5884 5885
f 5887 5888 5886
f 5886 5888 5889
f 5885 5890 5886
f 5886 5890 5887
f 5889 5882 5886
f 5886 5882 5881
f 5882 5891 5879
f 5879 5891 5892
f 5885 5884 5893
f 5893 5884 5883
f 5883 5871 5893
f 5893 5871 5870
f 5883 5894 5871
f 5871 5894 5872
f 5880 5895 5883
f 5883 5895 5894
f 5896 5895 5879
f 5879 5895 5880
f 5893 5878 5885
f 5885 5878 5890
f 5878 5893 5869
f 5869 5893 5870
f 5897 5896 5892
f 5892 5896 5879
f 5895 5896 5898
f 5898 5896 5899
f 5896 5897 5899
f 5899 5897 5900
f 5898 5899 5901
f 5901 5899 5902
f 5901 5903 5898
f 5898 5903 5904
f 5900 5905 5899
f 5899 5905 5902
f 5898 5904 5895
f 5895 5904 5894
f 5894 5904 5872
f 5872 5904 5873
f 5897 5892 5907
f 5907 5892 5906
f 5892 5891 5906
f 5906 5891 5908
f 5887 5890 5909
f 5909 5890 5878
f 5888 5887 5910
f 5910 5887 5909
f 5878 5877 5909
f 5909 5877 5911
f 5909 5911 5910
f 5910 5911 5912
f 5913 5914 5910
f 5910 5914 5888
f 5908 5914 5906
f 5906 5914 5913
f 5861 5873 5859
f 5859 5873 5915
f 5860 5916 5866
f 5866 5916 5876
f 5916 5860 5915
f 5915 5860 5859
f 5915 5903 5916
f 5916 5903 5917
f 5903 5901 5917
f 5917 5901 5918
f 5916 5917 5876
f 5876 5917 5919
f 5903 5915 5904
f 5904 5915 5873
f 5920 5875 5919
f 5919 5875 5876
f 5920 5877 5875
f 5875 5877 5874
f 5920 5921 5877
f 5877 5921 5911
f 5921 5920 5922
f 5922 5920 5919
f 5923 5921 5924
f 5924 5921 5922
f 5917 5918 5919
f 5919 5918 5922
f 5918 5925 5922
f 5922 5925 5924
f 5921 5923 5911
f 5911 5923 5912
f 5927 5912 5926
f 5926 5912 5923
f 5926 5929 5928
f 5928 5929 5930
f 5926 5923 5929
f 5929 5923 5924
f 5926 5928 5927
f 5927 5928 5907
f 5927 5907 5913
f 5913 5907 5906
f 5913 5910 5927
f 5927 5910 5912
f 5901 5902 5918
f 5918 5902 5925
f 5930 5925 5905
f 5905 5925 5902
f 5930 5929 5925
f 5925 5929 5924
f 5928 5930 5900
f 5900 5930 5905
f 5900 5897 5928
f 5928 5897 5907
f 5882 5889 5891
f 5891 5889 5908
f 5908 5889 5914
f 5914 5889 5888
f 5832 5831 5641
f 5641 5831 5639
f 5833 5838 5834
f 5834 5838 5837
f 5842 5841 5849
f 5849 5841 5850
f 5841 5843 5850
f 5850 5843 5848
f 5847 5846 5739
f 5739 5846 5731
f 5842 5849 5833
f 5833 5849 5838
f 5862 5832 5732
f 5732 5832 5641
f 5847 5739 5834
f 5834 5739 5708
f 5862 5846 5851
f 5851 5846 5845
f 5831 5843 5639
f 5639 5843 5724
f 5676 5732 5595
f 5595 5732 5641
f 5676 5461 5660
f 5660 5461 5464
f 5461 5460 5464
f 5464 5460 5465
f 5460 5674 5465
f 5465 5674 5661
f 5931 5932 5934
f 5934 5932 5933
f 5936 5937 5935
f 5935 5937 5938
f 5935 5938 5939
f 5939 5938 5940
f 5942 5943 5941
f 5941 5943 5944
f 5945 5946 5936
f 5936 5946 5937
f 5948 5949 5947
f 5947 5949 5950
f 5951 5952 5519
f 5519 5952 5593
f 5953 5951 5709
f 5709 5951 5519
f 5955 5956 5954
f 5954 5956 5957
f 5958 5942 5946
f 5946 5942 5937
f 5948 5959 5949
f 5949 5959 5933
f 5960 5958 5934
f 5934 5958 5946
f 5961 5955 5940
f 5940 5955 5962
f 5963 5964 5966
f 5966 5964 5965
f 5955 5954 5962
f 5962 5954 5967
f 5968 5939 5962
f 5962 5939 5940
f 5961 5940 5941
f 5941 5940 5938
f 5931 5969 5932
f 5932 5969 5970
f 5945 5971 5931
f 5931 5971 5969
f 5941 5944 5961
f 5961 5944 5972
f 5954 5957 5947
f 5947 5957 5973
f 5945 5931 5946
f 5946 5931 5934
f 5935 5974 5936
f 5936 5974 5975
f 5959 5960 5933
f 5933 5960 5934
f 5937 5942 5938
f 5938 5942 5941
f 5932 5970 5976
f 5976 5970 5977
f 5968 5964 5978
f 5978 5964 5963
f 5965 5964 5950
f 5950 5964 5967
f 5976 5977 5965
f 5965 5977 5966
f 5947 5950 5954
f 5954 5950 5967
f 5939 5968 5979
f 5979 5968 5978
f 5936 5975 5945
f 5945 5975 5971
f 5972 5754 5956
f 5956 5754 5617
f 5974 5935 5979
f 5979 5935 5939
f 5953 5943 5958
f 5958 5943 5942
f 5964 5968 5967
f 5967 5968 5962
f 5965 5950 5976
f 5976 5950 5949
f 5976 5949 5932
f 5932 5949 5933
f 5979 5978 5981
f 5981 5978 5980
f 5979 5981 5974
f 5974 5981 5982
f 5974 5982 5975
f 5975 5982 5983
f 5975 5983 5971
f 5971 5983 5984
f 5978 5963 5980
f 5980 5963 5985
f 5963 5966 5985
f 5985 5966 5986
f 5986 5966 5987
f 5987 5966 5977
f 5988 5989 5985
f 5985 5989 5980
f 5991 5992 5990
f 5990 5992 5993
f 5994 5995 5991
f 5991 5995 5992
f 5992 5995 5997
f 5997 5995 5996
f 5998 5999 5997
f 5997 5999 6000
f 5996 6001 5997
f 5997 6001 5998
f 6000 5993 5997
f 5997 5993 5992
f 6002 6003 5993
f 5993 6003 5990
f 5995 5994 5996
f 5996 5994 6004
f 5994 5982 6004
f 6004 5982 5981
f 5994 6005 5982
f 5982 6005 5983
f 5991 6006 5994
f 5994 6006 6005
f 6006 5991 6007
f 6007 5991 5990
f 5996 6004 6001
f 6001 6004 5989
f 5989 6004 5980
f 5980 6004 5981
f 6003 6008 5990
f 5990 6008 6007
f 6009 6006 6010
f 6010 6006 6007
f 6008 6011 6007
f 6007 6011 6010
f 6012 6009 6013
f 6013 6009 6010
f 6009 6012 6015
f 6015 6012 6014
f 6011 6016 6010
f 6010 6016 6013
f 6006 6009 6005
f 6005 6009 6015
f 6005 6015 5983
f 5983 6015 5984
f 6008 6003 6018
f 6018 6003 6017
f 6003 6002 6017
f 6017 6002 6019
f 5998 6001 6020
f 6020 6001 5989
f 5999 5998 6021
f 6021 5998 6020
f 5989 5988 6020
f 6020 5988 6022
f 6021 6020 6023
f 6023 6020 6022
f 6021 6024 5999
f 5999 6024 6025
f 6019 6025 6017
f 6017 6025 6024
f 5971 5984 5969
f 5969 5984 6026
f 5970 6027 5977
f 5977 6027 5987
f 6027 5970 6026
f 6026 5970 5969
f 6026 6014 6027
f 6027 6014 6028
f 6014 6012 6028
f 6028 6012 6029
f 6027 6028 5987
f 5987 6028 6030
f 6026 5984 6014
f 6014 5984 6015
f 6031 5986 6030
f 6030 5986 5987
f 6031 5988 5986
f 5986 5988 5985
f 6032 6022 6031
f 6031 6022 5988
f 6032 6031 6033
f 6033 6031 6030
f 6034 6032 6035
f 6035 6032 6033
f 6028 6029 6030
f 6030 6029 6033
f 6029 6036 6033
f 6033 6036 6035
f 6032 6034 6022
f 6022 6034 6023
f 6038 6023 6037
f 6037 6023 6034
f 6037 6040 6039
f 6039 6040 6041
f 6037 6034 6040
f 6040 6034 6035
f 6037 6039 6038
f 6038 6039 6018
f 6038 6018 6024
f 6024 6018 6017
f 6024 6021 6038
f 6038 6021 6023
f 6012 6013 6029
f 6029 6013 6036
f 6041 6036 6016
f 6016 6036 6013
f 6041 6040 6036
f 6036 6040 6035
f 6041 6016 6039
f 6039 6016 6011
f 6011 6008 6039
f 6039 6008 6018
f 5993 6000 6002
f 6002 6000 6019
f 6019 6000 6025
f 6025 6000 5999
f 5943 5756 5944
f 5944 5756 5755
f 6042 5948 5973
f 5973 5948 5947
f 5952 5951 5959
f 5959 5951 5960
f 5951 5953 5960
f 5960 5953 5958
f 5616 5957 5617
f 5617 5957 5956
f 6042 5952 5948
f 5948 5952 5959
f 5944 5755 5972
f 5972 5755 5754
f 5957 5616 5973
f 5973 5616 5652
f 5956 5955 5972
f 5972 5955 5961
f 5943 5953 5756
f 5756 5953 5709
f 6044 6045 6043
f 6043 6045 6046
f 6048 6049 6047
f 6047 6049 6050
f 6047 6050 6051
f 6051 6050 6052
f 6054 6055 6053
f 6053 6055 6056
f 6057 6058 6060
f 6060 6058 6059
f 6061 6062 6048
f 6048 6062 6049
f 6063 6064 6066
f 6066 6064 6065
f 6067 6068 6070
f 6070 6068 6069
f 6071 6069 5653
f 5653 6069 6068
f 6072 6073 6075
f 6075 6073 6074
f 6062 6076 6049
f 6049 6076 6054
f 6058 6067 6059
f 6059 6067 6070
f 6064 6077 6065
f 6065 6077 6045
f 6078 6076 6046
f 6046 6076 6062
f 6073 6080 6079
f 6079 6080 6052
f 6082 6083 6081
f 6081 6083 6084
f 6072 6085 6073
f 6073 6085 6080
f 6086 6051 6080
f 6080 6051 6052
f 6079 6052 6053
f 6053 6052 6050
f 6043 6087 6044
f 6044 6087 6088
f 6061 6089 6043
f 6043 6089 6087
f 6053 6056 6079
f 6079 6056 6090
f 6063 6072 6060
f 6060 6072 6075
f 6043 6046 6061
f 6061 6046 6062
f 6047 6091 6048
f 6048 6091 6092
f 6077 6078 6045
f 6045 6078 6046
f 6049 6054 6050
f 6050 6054 6053
f 6044 6088 6093
f 6093 6088 6094
f 6086 6082 6095
f 6095 6082 6081
f 6083 6082 6066
f 6066 6082 6085
f 6093 6094 6083
f 6083 6094 6084
f 6072 6063 6085
f 6085 6063 6066
f 6051 6086 6096
f 6096 6086 6095
f 6048 6092 6061
f 6061 6092 6089
f 5656 5655 6090
f 6090 5655 6074
f 6091 6047 6096
f 6096 6047 6051
f 6071 6055 6076
f 6076 6055 6054
f 6082 6086 6085
f 6085 6086 6080
f 6093 6083 6065
f 6065 6083 6066
f 6044 6093 6045
f 6045 6093 6065
f 6096 6095 6098
f 6098 6095 6097
f 6096 6098 6091
f 6091 6098 6099
f 6091 6099 6092
f 6092 6099 6100
f 6092 6100 6089
f 6089 6100 6101
f 6095 6081 6097
f 6097 6081 6102
f 6081 6084 6102
f 6102 6084 6103
f 6103 6084 6104
f 6104 6084 6094
f 6106 6097 6105
f 6105 6097 6102
f 6107 6108 6110
f 6110 6108 6109
f 6111 6112 6108
f 6108 6112 6109
f 6109 6112 6114
f 6114 6112 6113
f 6114 6115 6117
f 6117 6115 6116
f 6113 6118 6114
f 6114 6118 6115
f 6117 6110 6114
f 6114 6110 6109
f 6110 6119 6107
f 6107 6119 6120
f 6112 6111 6113
f 6113 6111 6121
f 6111 6099 6121
f 6121 6099 6098
f 6111 6122 6099
f 6099 6122 6100
f 6123 6122 6108
f 6108 6122 6111
f 6124 6123 6107
f 6107 6123 6108
f 6113 6121 6118
f 6118 6121 6106
f 6106 6121 6097
f 6097 6121 6098
f 6125 6124 6120
f 6120 6124 6107
f 6126 6123 6127
f 6127 6123 6124
f 6125 6128 6124
f 6124 6128 6127
f 6129 6126 6130
f 6130 6126 6127
f 6126 6129 6132
f 6132 6129 6131
f 6128 6133 6127
f 6127 6133 6130
f 6123 6126 6122
f 6122 6126 6132
f 6122 6132 6100
f 6100 6132 6101
f 6120 6134 6125
f 6125 6134 6135
f 6120 6119 6134
f 6134 6119 6136
f 6115 6118 6137
f 6137 6118 6106
f 6115 6137 6116
f 6116 6137 6138
f 6137 6106 6139
f 6139 6106 6105
f 6138 6137 6140
f 6140 6137 6139
f 6141 6142 6138
f 6138 6142 6116
f 6136 6142 6134
f 6134 6142 6141
f 6089 6101 6087
f 6087 6101 6143
f 6088 6144 6094
f 6094 6144 6104
f 6143 6144 6087
f 6087 6144 6088
f 6131 6145 6143
f 6143 6145 6144
f 6129 6146 6131
f 6131 6146 6145
f 6144 6145 6104
f 6104 6145 6147
f 6143 6101 6131
f 6131 6101 6132
f 6148 6103 6147
f 6147 6103 6104
f 6103 6148 6102
f 6102 6148 6105
f 6148 6149 6105
f 6105 6149 6139
f 6149 6148 6150
f 6150 6148 6147
f 6151 6149 6152
f 6152 6149 6150
f 6145 6146 6147
f 6147 6146 6150
f 6146 6153 6150
f 6150 6153 6152
f 6149 6151 6139
f 6139 6151 6140
f 6155 6140 6154
f 6154 6140 6151
f 6154 6157 6156
f 6156 6157 6158
f 6154 6151 6157
f 6157 6151 6152
f 6154 6156 6155
f 6155 6156 6135
f 6155 6135 6141
f 6141 6135 6134
f 6141 6138 6155
f 6155 6138 6140
f 6146 6129 6153
f 6153 6129 6130
f 6158 6153 6133
f 6133 6153 6130
f 6158 6157 6153
f 6153 6157 6152
f 6156 6158 6128
f 6128 6158 6133
f 6128 6125 6156
f 6156 6125 6135
f 6110 6117 6119
f 6119 6117 6136
f 6136 6117 6142
f 6142 6117 6116
f 6055 5615 6056
f 6056 5615 5752
f 6060 6059 6063
f 6063 6059 6064
f 6077 6070 6078
f 6078 6070 6069
f 6069 6071 6078
f 6078 6071 6076
f 6159 6057 6075
f 6075 6057 6060
f 6059 6070 6064
f 6064 6070 6077
f 6056 5752 6090
f 6090 5752 5656
f 6090 6074 6079
f 6079 6074 6073
f 6055 6071 5615
f 5615 6071 5653
f 5547 5471 6160
f 6160 5471 6161
f 5729 5577 6163
f 6163 5577 6162
f 5577 5576 6162
f 6162 5576 6164
f 5713 6165 5711
f 5711 6165 6166
f 5474 5729 6167
f 6167 5729 6163
f 5750 5547 6168
f 6168 5547 6160
f 5471 5474 6161
f 6161 5474 6167
f 6169 5712 6168
f 6168 5712 5750
f 5711 6166 5576
f 5576 6166 6164
f 6165 5713 6169
f 6169 5713 5712
f 6168 6170 6169
f 6169 6170 6171
f 6169 6171 6165
f 6165 6171 6172
f 6165 6172 6166
f 6166 6172 6173
f 6166 6173 6164
f 6164 6173 6174
f 6168 6160 6170
f 6170 6160 6175
f 6160 6161 6175
f 6175 6161 6176
f 6161 6167 6176
f 6176 6167 6177
f 6179 6170 6178
f 6178 6170 6175
f 6181 6182 6180
f 6180 6182 6183
f 6184 6185 6181
f 6181 6185 6182
f 6186 6187 6185
f 6185 6187 6182
f 6186 6188 6187
f 6187 6188 6189
f 6190 6183 6187
f 6187 6183 6182
f 6183 6190 6191
f 6191 6190 6192
f 6191 6193 6183
f 6183 6193 6180
f 6186 6185 6194
f 6194 6185 6184
f 6184 6172 6194
f 6194 6172 6171
f 6184 6195 6172
f 6172 6195 6173
f 6181 6196 6184
f 6184 6196 6195
f 6196 6181 6197
f 6197 6181 6180
f 6186 6194 6188
f 6188 6194 6179
f 6179 6194 6170
f 6170 6194 6171
f 6193 6198 6180
f 6180 6198 6197
f 6199 6196 6200
f 6200 6196 6197
f 6198 6201 6197
f 6197 6201 6200
f 6202 6199 6203
f 6203 6199 6200
f 6199 6202 6205
f 6205 6202 6204
f 6201 6206 6200
f 6200 6206 6203
f 6196 6199 6195
f 6195 6199 6205
f 6195 6205 6173
f 6173 6205 6174
f 6198 6193 6208
f 6208 6193 6207
f 6193 6191 6207
f 6207 6191 6192
f 6189 6188 6209
f 6209 6188 6179
f 6210 6189 6211
f 6211 6189 6209
f 6209 6179 6212
f 6212 6179 6178
f 6211 6209 6213
f 6213 6209 6212
f 6211 6214 6210
f 6210 6214 6215
f 6192 6215 6207
f 6207 6215 6214
f 6190 6187 6210
f 6210 6187 6189
f 6192 6190 6215
f 6215 6190 6210
f 6162 6164 6216
f 6216 6164 6174
f 6167 6163 6177
f 6177 6163 6217
f 6216 6217 6162
f 6162 6217 6163
f 6204 6218 6216
f 6216 6218 6217
f 6202 6219 6204
f 6204 6219 6218
f 6217 6218 6177
f 6177 6218 6220
f 6216 6174 6204
f 6204 6174 6205
f 6221 6176 6220
f 6220 6176 6177
f 6176 6221 6175
f 6175 6221 6178
f 6221 6222 6178
f 6178 6222 6212
f 6222 6221 6223
f 6223 6221 6220
f 6224 6222 6225
f 6225 6222 6223
f 6218 6219 6220
f 6220 6219 6223
f 6219 6226 6223
f 6223 6226 6225
f 6222 6224 6212
f 6212 6224 6213
f 6228 6213 6227
f 6227 6213 6224
f 6229 6227 6231
f 6231 6227 6230
f 6227 6224 6230
f 6230 6224 6225
f 6227 6229 6228
f 6228 6229 6208
f 6228 6208 6214
f 6214 6208 6207
f 6214 6211 6228
f 6228 6211 6213
f 6219 6202 6226
f 6226 6202 6203
f 6231 6226 6206
f 6206 6226 6203
f 6231 6230 6226
f 6226 6230 6225
f 6229 6231 6201
f 6201 6231 6206
f 6201 6198 6229
f 6229 6198 6208
f 5674 5672 5661
f 5661 5672 5662
f 5662 5672 5663
f 5663 5672 5646
f 5651 6042 5652
f 5652 6042 5973
f 5518 5517 5751
f 5751 5517 5733
f 5738 5660 5753
f 5753 5660 5637
f 5752 5636 5656
f 5656 5636 5526
f 5952 6042 5593
f 5593 6042 5651
f 5593 5651 5594
f 5594 5651 5650
f 5600 5737 5514
f 5514 5737 5515
f 5546 5545 5740
f 5740 5545 6232
f 6232 6058 5740
f 5740 6058 6057
f 6067 6058 6233
f 6233 6058 6232
f 6233 6232 6234
f 6234 6232 5545
f 6234 5545 6235
f 6235 5545 5544
f 5606 6236 5543
f 5543 6236 5544
f 6235 5544 5539
f 5539 5544 6236
f 6237 6235 5542
f 5542 6235 5539
f 6235 6237 6234
f 6234 6237 6238
f 6234 6238 6233
f 6233 6238 6239
f 5653 6068 5650
f 5650 6068 6239
f 5642 5513 6240
f 6240 5513 5516
f 5539 6236 5540
f 5540 6236 5606
f 5636 5614 5637
f 5637 5614 5753
f 6239 5737 5650
f 5650 5737 5594
f 6239 6068 6233
f 6233 6068 6067
f 6075 6074 6159
f 6159 6074 5655
f 6057 6159 5740
f 5740 6159 5655
f 5515 5737 6238
f 6238 5737 6239
f 6238 6237 5515
f 5515 6237 5516
f 5542 6240 6237
f 6237 6240 5516
f 6240 5542 5642
f 5642 5542 5541
f 5702 5699 5541
f 5541 5699 5642
f 5582 5475 5717
f 5470 5443 5537
f 5537 5443 5504
f 5469 5444 5470
f 5470 5444 5443
f 5726 5557 5727
f 5727 5557 5556
f 5537 5504 5511
f 5511 5504 5506
f 5504 5503 5506
f 5506 5503 5507
f 5503 5455 5507
f 5507 5455 5581
f 5455 5454 5581
f 5581 5454 5456
f 5473 5453 5474
f 5474 5453 5729
f 5457 5454 5473
f 5473 5454 5453
f 5473 5472 5457
f 5457 5472 5686
f 5472 5548 5686
f 5686 5548 5687
f 5749 5693 5548
f 5548 5693 5687
f 5715 5532 5749
f 5749 5532 5693
f 5714 5486 5715
f 5715 5486 5532
f 5714 5710 5486
f 5486 5710 5449
f 5728 5578 5729
f 5729 5578 5577
f 5452 5445 5698
f 5698 5445 5558
f 5445 5444 5558
f 5558 5444 5556
f 5444 5469 5556
f 5556 5469 5727
f 5469 5468 5727
f 5727 5468 5555
f 5468 5747 5555
f 5555 5747 5552
f 5747 5700 5552
f 5552 5700 5716
f 5700 5699 5716
f 5716 5699 5717
f 5699 5702 5717
f 5717 5702 5582
f 5702 5701 5582
f 5582 5701 5583
f 5726 5479 5557
f 5557 5479 5483
f 5483 5479 5484
f 5484 5479 5482
f 5534 5533 5482
f 5482 5533 5484
f 5691 5688 5534
f 5534 5688 5533
f 5644 5647 5691
f 5691 5647 5688
f 5719 5746 5701
f 5701 5746 5583
f 5718 5497 5719
f 5719 5497 5746
f 5718 5605 5654
f 5654 5605 5638
f 5498 5654 5657
f 5657 5654 5633
f 5497 5718 5498
f 5498 5718 5654
f 5657 5527 5498
f 5498 5527 5494
f 5528 5570 5495
f 5495 5570 5521
f 5665 5668 5528
f 5528 5668 5570
f 5664 5671 5665
f 5665 5671 5668
f 5645 5741 5664
f 5664 5741 5671
f 5644 5696 5645
f 5645 5696 5741
f 5710 5575 5449
f 5449 5575 5450
f 5575 5578 5450
f 5450 5578 5698
f 5578 5728 5698
f 5698 5728 5452
f 5452 5728 5451
f 5451 5728 5453
f 3619 6241 3620
f 3620 6241 6242
f 6243 6244 3628
f 3628 6244 3629
f 6245 6246 3634
f 3634 6246 3631
f 6247 6248 3636
f 3636 6248 3637
f 6249 6250 3642
f 3642 6250 3639
f 3639 6250 3643
f 3643 6250 6251
f 3743 6252 3744
f 3744 6252 6253
f 6246 6243 3631
f 3631 6243 3628
f 3753 6254 3754
f 3754 6254 6255
f 3857 6256 3619
f 3619 6256 6241
f 6257 6245 3932
f 3932 6245 3634
f 6242 6247 3620
f 3620 6247 3636
f 6258 6259 3946
f 3946 6259 3947
f 6260 6249 3948
f 3948 6249 3642
f 6244 6258 3629
f 3629 6258 3946
f 3947 6259 3753
f 3753 6259 6254
f 6248 6260 3637
f 3637 6260 3948
f 3643 6251 3743
f 3743 6251 6252
f 3744 6253 3932
f 3932 6253 6257
f 6250 6249 6251
f 6251 6249 6252
f 6245 6261 6246
f 6246 6261 6262
f 6263 6264 6247
f 6247 6264 6248
f 6252 6265 6253
f 6253 6265 6266
f 6246 6262 6243
f 6243 6262 6267
f 6268 6261 6257
f 6257 6261 6245
f 6269 6263 6242
f 6242 6263 6247
f 6270 6271 6260
f 6260 6271 6249
f 6264 6270 6248
f 6248 6270 6260
f 6253 6266 6257
f 6257 6266 6268
f 6249 6271 6252
f 6252 6271 6265
f 6254 6259 6272
f 6272 6259 6273
f 6266 6265 6270
f 6270 6265 6271
f 6268 6266 6264
f 6264 6266 6270
f 6261 6268 6263
f 6263 6268 6264
f 6269 6262 6263
f 6263 6262 6261
f 4186 4185 6274
f 6274 4185 6275
f 6241 6276 6242
f 6242 6276 6269
f 6258 6244 6277
f 6277 6244 6278
f 6256 6279 6241
f 6241 6279 6276
f 6259 6258 6273
f 6273 6258 6277
f 6243 6267 6244
f 6244 6267 6278
f 6276 6267 6269
f 6269 6267 6262
f 6254 6272 6255
f 6255 6272 6280
f 3865 3713 3888
f 3888 3713 3685
f 5242 5233 3892
f 3892 5233 3711
f 3900 5243 3892
f 3892 5243 5242
f 3734 3866 3900
f 3900 3866 5243
f 4117 6281 4118
f 4118 6281 6282
f 4118 6282 4278
f 4278 6282 4879
f 4717 4887 4718
f 4718 4887 4280
f 4792 4278 4882
f 4882 4278 4879
f 4795 4792 6283
f 6283 4792 4882
f 4852 4851 5012
f 5012 4851 6284
f 4856 5207 4857
f 4857 5207 4858
f 4860 4279 4857
f 4857 4279 4854
f 4718 4280 4860
f 4860 4280 4279
f 4864 4863 4745
f 4745 4863 4742
f 5366 4867 5011
f 5011 4867 4866
f 4871 4884 4872
f 4872 4884 4883
f 4872 4883 4117
f 4117 4883 6281
f 6284 4851 6283
f 6283 4851 4795
f 4852 4866 4853
f 4853 4866 4865
f 4871 4870 4856
f 4856 4870 5207
f 4717 4716 4864
f 4864 4716 4861
f 4868 4867 4862
f 4862 4867 4863
f 4268 4855 4269
f 4269 4855 4854
f 4281 4274 4282
f 4282 4274 4765
f 4744 4743 4907
f 4907 4743 4904
f 4874 4881 4820
f 4820 4881 4880
f 4885 5013 4886
f 4886 5013 4980
f 4888 4275 4281
f 4281 4275 4274
f 4902 6282 4903
f 4903 6282 6281
f 6283 4979 6284
f 6284 4979 4978
f 4282 4765 4269
f 4269 4765 4266
f 4880 4879 4902
f 4902 4879 6282
f 4903 6281 4886
f 4886 6281 4883
f 4882 4881 6283
f 6283 4881 4979
f 5013 4885 4267
f 4267 4885 4268
f 4888 4887 4744
f 4744 4887 4745
f 4410 6285 4411
f 4411 6285 4812
f 4750 4749 6286
f 6286 4749 6287
f 6289 4695 6288
f 6288 4695 4255
f 4750 4675 4751
f 4751 4675 4965
f 6290 6291 4963
f 4963 6291 4960
f 4807 4806 4411
f 4411 4806 4408
f 6292 6293 4959
f 4959 6293 4956
f 4958 6294 4959
f 4959 6294 4955
f 4962 4964 4963
f 4963 4964 4805
f 4962 4961 4751
f 4751 4961 4748
f 6296 6297 6295
f 6295 6297 6298
f 6299 6300 6288
f 6288 6300 4735
f 6302 4961 6301
f 6301 4961 4960
f 6304 6287 6303
f 6303 6287 4749
f 4968 6305 4969
f 4969 6305 6306
f 4413 6308 6307
f 6307 6308 4900
f 6301 4960 6309
f 6309 4960 6291
f 4412 4408 6310
f 6310 4408 4806
f 4696 6311 4256
f 4256 6311 6312
f 6303 4749 6313
f 6313 4749 4748
f 6313 4748 6302
f 6302 4748 4961
f 6315 6316 6314
f 6314 6316 6317
f 4084 6318 6315
f 6315 6318 6316
f 4083 6319 4084
f 4084 6319 6318
f 4112 6320 4083
f 4083 6320 6319
f 6322 4138 6321
f 6321 4138 4137
f 6324 4128 6323
f 6323 4128 4127
f 4127 4193 6323
f 6323 4193 6325
f 4193 4891 6325
f 6325 4891 6326
f 4891 6327 6326
f 6326 6327 6328
f 6327 4824 5227
f 5227 4824 5228
f 5231 4684 6329
f 6329 4684 4683
f 4683 4099 6329
f 6329 4099 6330
f 4099 4102 6330
f 6330 4102 6331
f 4174 4826 4429
f 4429 4826 4829
f 4173 4741 4174
f 4174 4741 4826
f 4180 4738 4173
f 4173 4738 4741
f 6332 6333 4180
f 4180 6333 4738
f 6274 6334 4186
f 4186 6334 4188
f 4181 4825 4180
f 4180 4825 6332
f 5044 5213 5045
f 5045 5213 5165
f 5046 5087 5047
f 5047 5087 5222
f 5077 5063 5078
f 5078 5063 5198
f 5081 5099 5082
f 5082 5099 5194
f 5095 5074 5096
f 5096 5074 5073
f 5373 5170 5096
f 5096 5170 5093
f 5375 5171 5373
f 5373 5171 5170
f 5047 5222 5375
f 5375 5222 5171
f 5046 5038 5376
f 5376 5038 5067
f 5377 5086 5376
f 5376 5086 5085
f 5045 5165 5377
f 5377 5165 5086
f 5378 5214 5044
f 5044 5214 5213
f 5077 5034 5378
f 5378 5034 5214
f 5082 5194 5078
f 5078 5194 5035
f 5081 5080 5379
f 5379 5080 6335
f 5379 6335 5095
f 5095 6335 5074
f 5032 5080 5033
f 5033 5080 5079
f 5040 5017 5041
f 5041 5017 5016
f 5050 5043 5051
f 5051 5043 5042
f 5065 5023 5066
f 5066 5023 5022
f 5050 5049 5065
f 5065 5049 5023
f 5041 5016 5068
f 5068 5016 5020
f 5071 5374 5072
f 5072 5374 5200
f 5075 5156 5076
f 5076 5156 5155
f 5162 5212 5068
f 5068 5212 5067
f 5075 5074 5192
f 5192 5074 6335
f 5066 5022 5199
f 5199 5022 5196
f 5076 5155 5072
f 5072 5155 5069
f 5040 5039 5071
f 5071 5039 5374
f 5162 5161 5051
f 5051 5161 5048
f 5192 6335 5032
f 5032 6335 5080
f 5199 5196 5033
f 5033 5196 5030
f 5018 5211 5019
f 5019 5211 5408
f 5019 5408 5021
f 5021 5408 5163
f 5024 5057 5025
f 5025 5057 5415
f 5028 5048 5029
f 5029 5048 5161
f 5054 5031 5055
f 5055 5031 5030
f 5024 5023 5058
f 5058 5023 5049
f 5061 5070 5062
f 5062 5070 5069
f 5157 5438 5158
f 5158 5438 5442
f 5160 5191 5054
f 5054 5191 5031
f 5029 5161 5021
f 5021 5161 5020
f 5025 5415 5197
f 5197 5415 5220
f 5158 5442 5062
f 5062 5442 5059
f 5018 5017 5061
f 5061 5017 5070
f 5160 5159 5157
f 5157 5159 5438
f 5028 5027 5058
f 5058 5027 5056
f 5055 5030 5197
f 5197 5030 5196
f 5409 5380 5410
f 5410 5380 6336
f 5026 5413 5027
f 5027 5413 5412
f 5396 5417 5393
f 5393 5417 5416
f 5416 5057 5419
f 5419 5057 5056
f 5417 5396 5426
f 5426 5396 5420
f 5427 5423 5428
f 5428 5423 5422
f 5427 5059 5430
f 5430 5059 5442
f 5409 5408 5433
f 5433 5408 5211
f 5433 5211 5428
f 5428 5211 5060
f 5412 5411 5419
f 5419 5411 5418
f 5436 5053 5437
f 5437 5053 5052
f 5439 5402 5440
f 5440 5402 5401
f 5436 5435 5439
f 5439 5435 5402
f 5410 6336 5413
f 5413 6336 5414
f 5440 5401 5430
f 5430 5401 5429
f 5426 5420 5437
f 5437 5420 5434
f 5382 5432 5383
f 5383 5432 5384
f 5386 6336 5383
f 5383 6336 5380
f 6336 5386 5414
f 5414 5386 5388
f 5391 5418 5392
f 5392 5418 5411
f 5705 5395 5704
f 5704 5395 5394
f 5399 5435 5400
f 5400 5435 5434
f 5403 5441 5404
f 5404 5441 5405
f 5407 5429 5404
f 5404 5429 5401
f 5395 5705 5421
f 5421 5705 5748
f 5424 5706 5425
f 5425 5706 5431
f 5391 5390 5394
f 5394 5390 5704
f 5392 5388 5389
f 5389 5388 5387
f 5382 5381 5425
f 5425 5381 5422
f 5407 5406 5424
f 5424 5406 5706
f 5403 5402 5399
f 5399 5402 5435
f 5421 5748 5400
f 5400 5748 5397
f 4097 4721 4098
f 4098 4721 4231
f 4233 5273 4098
f 4098 5273 4095
f 6337 6338 4785
f 4785 6338 4786
f 4076 4780 4073
f 4073 4780 4781
f 4782 4190 4781
f 4781 4190 4073
f 4783 4901 4782
f 4782 4901 4190
f 4780 4076 4097
f 4097 4076 4721
f 6337 2879 4701
f 4701 2879 2878
f 5280 6339 5272
f 5272 6339 6340
f 5282 5281 6341
f 6341 5281 6342
f 4109 6302 4110
f 4110 6302 6301
f 4283 6304 4284
f 4284 6304 6303
f 6305 4379 6306
f 6306 4379 4378
f 4110 6301 4428
f 4428 6301 6309
f 6310 4688 4412
f 4412 4688 4687
f 4284 6303 4753
f 4753 6303 6313
f 4753 6313 4109
f 4109 6313 6302
f 6343 5226 4428
f 4428 5226 4427
f 4147 4900 4416
f 4416 4900 6308
f 6312 6311 4241
f 4241 6311 4720
f 5223 6344 4702
f 4702 6344 4699
f 4221 4220 6345
f 6345 4220 6346
f 5276 5275 6347
f 6347 5275 6348
f 5275 4728 6348
f 6348 4728 6349
f 4727 6350 5284
f 5284 6350 5285
f 6351 6352 6354
f 6354 6352 6353
f 5313 5312 5292
f 5292 5312 5293
f 5312 5344 5293
f 5293 5344 5337
f 5344 4914 5337
f 5337 4914 4916
f 4914 4913 4916
f 4916 4913 4917
f 4913 6355 4917
f 4917 6355 4978
f 6356 6357 6284
f 6284 6357 5012
f 6357 6358 5012
f 5012 6358 5011
f 5011 6358 5366
f 5366 6358 6359
f 6360 4742 6359
f 6359 4742 5366
f 4743 6361 4904
f 4904 6361 5364
f 5363 4905 5364
f 5364 4905 4904
f 5363 6362 4905
f 4905 6362 4207
f 6362 6363 4207
f 4207 6363 4208
f 6363 5342 4208
f 4208 5342 5330
f 5342 5341 5330
f 5330 5341 4244
f 5341 6364 4244
f 4244 6364 4245
f 6364 6365 4245
f 4245 6365 4246
f 6366 6367 4253
f 4253 6367 4250
f 4214 6368 4211
f 4211 6368 4380
f 4380 4379 4211
f 4211 4379 4283
f 4379 6305 4283
f 4283 6305 6304
f 6305 4968 6304
f 6304 4968 6287
f 4968 4967 6287
f 6287 4967 6286
f 4967 6297 6286
f 6286 6297 4676
f 6296 4376 4288
f 4288 4376 4285
f 4376 4373 4285
f 4285 4373 4290
f 6369 6370 6372
f 6372 6370 6371
f 5245 6373 5246
f 5246 6373 6374
f 4317 6375 4318
f 4318 6375 6376
f 4331 6377 4332
f 4332 6377 6378
f 6379 4333 6376
f 6376 4333 4318
f 4343 6380 4344
f 4344 6380 6381
f 4347 6382 4348
f 4348 6382 6383
f 4374 6371 4331
f 4331 6371 6377
f 4333 6379 4426
f 4426 6379 6384
f 4690 6385 4347
f 4347 6385 6382
f 4332 6378 4317
f 4317 6378 6375
f 4922 6386 4923
f 4923 6386 6387
f 6388 6389 4375
f 4375 6389 6390
f 6355 6356 4978
f 4978 6356 6284
f 4742 6360 4743
f 4743 6360 6361
f 6391 4238 6392
f 6392 4238 4719
f 6392 4719 6393
f 6393 4719 5296
f 6395 6396 6394
f 6394 6396 6397
f 6399 6400 6398
f 6398 6400 6401
f 6402 5302 6403
f 6403 5302 5303
f 5303 5321 6403
f 6403 5321 6404
f 5320 6405 5321
f 5321 6405 6404
f 5319 6406 5350
f 5350 6406 5351
f 5319 5318 6406
f 6406 5318 6407
f 5288 4197 6408
f 6408 4197 6409
f 4217 4216 6410
f 6410 4216 6411
f 5227 6412 6327
f 6327 6412 6328
f 4892 6413 5227
f 5227 6413 6412
f 4228 6414 4892
f 4892 6414 6413
f 4227 6415 4228
f 4228 6415 6414
f 4248 6416 4227
f 4227 6416 6415
f 4247 6417 4248
f 4248 6417 6416
f 6417 4247 6419
f 6419 4247 6418
f 6419 6418 6421
f 6421 6418 6420
f 6422 5301 6423
f 6423 5301 5300
f 6423 5300 6424
f 6424 5300 6399
f 6408 6409 6398
f 6398 6409 6425
f 6426 6427 6397
f 6397 6427 6394
f 6428 4224 6429
f 6429 4224 4223
f 6347 6346 5276
f 5276 6346 4220
f 6346 6347 6341
f 6341 6347 6339
f 5280 5278 5282
f 5282 5278 4236
f 4896 5224 4684
f 4684 5224 4681
f 4132 4135 4896
f 4896 4135 5224
f 4131 4136 4132
f 4132 4136 4135
f 4226 4754 4131
f 4131 4754 4136
f 4251 4213 4226
f 4226 4213 4754
f 4250 4214 4251
f 4251 4214 4213
f 4250 6367 4214
f 4214 6367 6368
f 6367 4910 6368
f 6368 4910 4737
f 4909 5297 4736
f 4736 5297 5296
f 5297 6395 5296
f 5296 6395 6393
f 6427 6430 6394
f 6394 6430 6431
f 6429 4383 6428
f 6428 4383 4382
f 4219 5277 4220
f 4220 5277 5276
f 4222 4697 4383
f 4383 4697 4218
f 6345 4699 4221
f 4221 4699 6344
f 6342 4700 6345
f 6345 4700 4699
f 4235 4786 5281
f 5281 4786 6338
f 4234 4787 4235
f 4235 4787 4786
f 5279 5278 6432
f 6432 5278 5271
f 4237 5279 6433
f 6433 5279 6432
f 4787 4234 6433
f 6433 4234 4237
f 6435 6436 6434
f 6434 6436 6437
f 6359 6438 6360
f 6360 6438 6437
f 6439 6440 6441
f 6441 6440 6438
f 6443 6439 6442
f 6442 6439 6441
f 6357 6356 6442
f 6442 6356 6444
f 6444 6446 6445
f 6445 6446 6447
f 4912 6446 4913
f 4913 6446 6355
f 6361 6436 5364
f 5364 6436 5365
f 5319 5350 5316
f 5316 5350 6448
f 4832 6449 5350
f 5350 6449 6448
f 4831 6450 4832
f 4832 6450 6449
f 5354 6451 5320
f 5320 6451 6405
f 4265 6452 5354
f 5354 6452 6451
f 4264 6453 4265
f 4265 6453 6452
f 6450 4831 6447
f 6447 4831 6445
f 4263 6435 4264
f 4264 6435 6434
f 6454 6453 6439
f 6439 6453 6440
f 6439 6443 6454
f 6454 6443 4834
f 4833 6455 4834
f 4834 6455 6454
f 5351 6456 4833
f 4833 6456 6455
f 6457 6391 6458
f 6458 6391 6392
f 6458 6392 6431
f 6431 6392 6393
f 5298 6396 5297
f 5297 6396 6395
f 6402 6400 5302
f 5302 6400 5299
f 6402 6403 6459
f 6459 6403 6460
f 6460 6403 6461
f 6461 6403 6404
f 6405 6462 6404
f 6404 6462 6461
f 6406 6462 5351
f 5351 6462 6456
f 6406 6407 6462
f 6462 6407 6461
f 6407 6463 6461
f 6461 6463 6460
f 6463 6464 6460
f 6460 6464 6459
f 6464 6465 6459
f 6459 6465 6401
f 6430 6466 6431
f 6431 6466 6458
f 6466 6410 6458
f 6458 6410 6457
f 6410 6411 6457
f 6457 6411 6467
f 6396 6424 6397
f 6397 6424 6425
f 6393 6395 6431
f 6431 6395 6394
f 6451 6456 6405
f 6405 6456 6462
f 6452 6455 6451
f 6451 6455 6456
f 6453 6454 6452
f 6452 6454 6455
f 6443 6445 4834
f 4834 6445 4831
f 6440 6453 6434
f 6434 6453 4264
f 6468 5306 5360
f 5360 5306 5305
f 6469 4124 6468
f 6468 4124 5306
f 6470 4125 6469
f 6469 4125 4124
f 6471 5291 6470
f 6470 5291 4125
f 6353 5292 6471
f 6471 5292 5291
f 5292 6353 5313
f 5313 6353 6352
f 5347 5314 6352
f 6352 5314 5313
f 5353 5318 5346
f 5346 5318 5317
f 5334 6468 5358
f 5358 6468 5360
f 5324 6469 5334
f 5334 6469 6468
f 5323 6470 5324
f 5324 6470 6469
f 5343 6471 5323
f 5323 6471 6470
f 6354 6353 5343
f 5343 6353 6471
f 6348 6349 4270
f 4270 6349 5311
f 5272 6340 5273
f 5273 6340 4272
f 6432 5271 4232
f 4232 5271 4233
f 4294 6432 4295
f 4295 6432 4232
f 6432 4294 6433
f 6433 4294 4301
f 4301 4300 6433
f 6433 4300 4787
f 4704 4784 4300
f 4300 4784 4787
f 4704 3013 4784
f 4784 3013 1307
f 5103 6472 5104
f 5104 6472 5202
f 5108 5116 5105
f 5105 5116 5115
f 5111 5124 5112
f 5112 5124 5123
f 5154 5205 5105
f 5105 5205 5106
f 5167 5180 5168
f 5168 5180 5185
f 5175 5188 5176
f 5176 5188 5187
f 5112 5123 5178
f 5178 5123 5120
f 5167 5090 5183
f 5183 5090 5089
f 5210 5151 5183
f 5183 5151 5181
f 5216 5138 5217
f 5217 5138 5137
f 5218 5119 5219
f 5219 5119 5221
f 5218 5178 5119
f 5119 5178 5120
f 5217 5137 5104
f 5104 5137 5101
f 5116 5108 5221
f 5221 5108 5219
f 5111 5110 5210
f 5210 5110 5151
f 5154 5153 5103
f 5103 5153 6472
f 5216 5215 5176
f 5176 5215 5173
f 5175 5174 5168
f 5168 5174 5166
f 5091 5172 5092
f 5092 5172 5208
f 5117 5037 5118
f 5118 5037 5036
f 5121 5164 5122
f 5122 5164 5133
f 5125 5084 5126
f 5126 5084 5083
f 5129 5174 5130
f 5130 5174 5173
f 5131 5202 5132
f 5132 5202 6472
f 5135 5221 5122
f 5122 5221 5119
f 5125 5124 5136
f 5136 5124 5209
f 5126 5083 5121
f 5121 5083 5164
f 5118 5036 5195
f 5195 5036 5193
f 5131 5097 5203
f 5203 5097 5114
f 5132 6472 5195
f 5195 6472 5153
f 5136 5209 5092
f 5092 5209 5089
f 5135 5134 5117
f 5117 5134 5037
f 5362 5206 5130
f 5130 5206 5127
f 5372 5371 5128
f 5128 5371 5129
f 5371 5372 5091
f 5091 5372 5172
f 5362 5215 5203
f 5203 5215 5201
f 6463 6407 5353
f 5353 6407 5318
f 6464 6463 5352
f 5352 6463 5353
f 6408 6465 5288
f 5288 6465 5289
f 4196 4224 6426
f 6426 4224 6427
f 6430 6427 6428
f 6428 6427 4224
f 6466 6430 4382
f 4382 6430 6428
f 6410 6466 4217
f 4217 6466 4382
f 4240 4239 3015
f 3015 4239 3016
f 4254 4257 3017
f 3017 4257 3018
f 6473 6474 4732
f 4732 6474 6475
f 6474 6374 6475
f 6475 6374 6373
f 5246 6374 3022
f 3022 6374 3023
f 4254 6299 4255
f 4255 6299 6288
f 6473 6300 3024
f 3024 6300 3025
f 6476 4257 6312
f 6312 4257 4256
f 4240 6476 4241
f 4241 6476 6312
f 6477 4239 6391
f 6391 4239 4238
f 6467 6477 6457
f 6457 6477 6391
f 6411 3029 6467
f 6467 3029 3028
f 4216 3030 6411
f 6411 3030 3029
f 6479 6480 6478
f 6478 6480 6481
f 6483 6484 6482
f 6482 6484 6485
f 6486 6487 4102
f 4102 6487 6331
f 6483 6488 6478
f 6478 6488 6489
f 4429 4829 6490
f 6490 4829 6479
f 6491 6486 4101
f 4101 6486 4102
f 4895 6491 4899
f 4899 6491 4101
f 4160 6488 4157
f 4157 6488 6492
f 6489 4087 6490
f 6490 4087 4090
f 4267 4261 5013
f 5013 4261 4260
f 4258 4261 5328
f 5328 4261 4975
f 4261 4267 4975
f 4975 4267 4266
f 5367 3793 3912
f 3912 3793 3575
f 6494 3616 6493
f 6493 3616 3795
f 6496 3589 6495
f 6495 3589 3588
f 6495 3588 5368
f 5368 3588 3794
f 3841 3840 3050
f 3050 3840 3051
f 3912 3911 3052
f 3052 3911 3053
f 3929 3930 3054
f 3054 3930 3055
f 5370 3930 3916
f 3916 3930 3923
f 3938 5369 3807
f 3807 5369 3915
f 3589 6496 3806
f 3806 6496 3937
f 3938 3937 3056
f 3056 3937 3057
f 3051 3840 3058
f 3058 3840 3943
f 3730 4808 3727
f 3727 4808 3943
f 3820 3951 3795
f 3795 3951 6493
f 3951 3841 3059
f 3059 3841 3050
f 3911 3574 6494
f 6494 3574 3616
f 3823 3929 3824
f 3824 3929 3952
f 4061 4060 3060
f 3060 4060 3061
f 6497 6498 4901
f 4901 6498 4790
f 6333 6499 4738
f 4738 6499 4739
f 6500 6501 6314
f 6314 6501 4418
f 6502 6275 4417
f 4417 6275 4185
f 6503 6497 4783
f 4783 6497 4901
f 6498 4060 4790
f 4790 4060 4059
f 4808 4061 3069
f 3069 4061 3060
f 5367 3071 5368
f 5368 3071 3070
f 5369 3073 5370
f 5370 3073 3072
f 6274 6275 3074
f 3074 6275 3075
f 6499 6504 4739
f 4739 6504 6317
f 6333 6332 3077
f 3077 6332 3078
f 6334 6274 3079
f 3079 6274 3074
f 6332 4825 3078
f 3078 4825 3080
f 6334 6503 4188
f 4188 6503 4783
f 4825 4689 3080
f 3080 4689 1330
f 6506 4747 6505
f 6505 4747 4746
f 6505 6507 6506
f 6506 6507 6508
f 4297 6509 4920
f 4920 6509 6510
f 4296 6511 4297
f 4297 6511 6509
f 6506 6508 4319
f 4319 6508 6512
f 4372 4371 6514
f 6514 4371 6513
f 6511 4296 5251
f 5251 4296 4305
f 5251 5250 6511
f 6511 5250 6515
f 6516 6509 6515
f 6515 6509 6511
f 6517 6507 6519
f 6519 6507 6518
f 6512 6520 6513
f 6513 6520 6514
f 6507 6517 6508
f 6508 6517 6521
f 5249 6523 6522
f 6522 6523 6524
f 6525 6370 5253
f 5253 6370 6526
f 4370 4323 4371
f 4371 4323 4326
f 4370 3103 4323
f 4323 3103 1541
f 6521 6517 6527
f 6527 6517 6519
f 6520 6528 6514
f 6514 6528 6529
f 6531 6532 6530
f 6530 6532 6533
f 5250 6534 6515
f 6515 6534 6535
f 6530 6533 6536
f 6536 6533 6537
f 6526 6538 6534
f 6534 6538 6537
f 6515 6535 6516
f 6516 6535 6539
f 4325 4321 4326
f 4326 4321 4320
f 4371 4326 6513
f 6513 4326 4320
f 6531 4731 6541
f 6541 4731 6540
f 4731 4730 6540
f 6540 4730 6542
f 4730 3121 6542
f 6542 3121 3120
f 6530 4328 6531
f 6531 4328 4731
f 4328 6530 4329
f 4329 6530 6536
f 4329 6536 6524
f 6524 6536 6543
f 6544 6545 6522
f 6522 6545 5248
f 6389 6388 5245
f 5245 6388 6373
f 6388 6546 6373
f 6373 6546 6475
f 4733 6546 6295
f 6295 6546 4377
f 4732 6475 4733
f 4733 6475 6546
f 4393 4432 4394
f 4394 4432 4435
f 4434 4672 4842
f 4842 4672 4671
f 4440 4439 4441
f 4441 4439 4438
f 4436 4450 4437
f 4437 4450 4398
f 4447 4444 4448
f 4448 4444 4392
f 4446 4464 4433
f 4433 4464 6547
f 4454 4423 4455
f 4455 4423 4422
f 4452 4481 4453
f 4453 4481 4480
f 4458 4389 4459
f 4459 4389 4388
f 4456 4471 4457
f 4457 4471 4468
f 4391 4460 4392
f 4392 4460 4448
f 4461 4467 4445
f 4445 4467 4465
f 4437 4398 4629
f 4629 4398 4397
f 4438 4628 4441
f 4441 4628 4631
f 4841 4629 4839
f 4839 4629 4397
f 4628 4842 4631
f 4631 4842 4671
f 4930 4989 4452
f 4452 4989 4481
f 4929 4927 4436
f 4436 4927 4450
f 4933 4387 4934
f 4934 4387 4386
f 4931 4475 4932
f 4932 4475 4474
f 4936 4449 4933
f 4933 4449 4387
f 4935 4472 4456
f 4456 4472 4471
f 4389 4458 4391
f 4391 4458 4460
f 4457 4468 4461
f 4461 4468 4467
f 4934 4386 4454
f 4454 4386 4423
f 4453 4480 4931
f 4931 4480 4475
f 4575 4997 4576
f 4576 4997 4639
f 4579 4596 4580
f 4580 4596 4595
f 4583 4582 4572
f 4572 4582 4569
f 4587 4944 4588
f 4588 4944 4562
f 4588 4562 4590
f 4590 4562 4561
f 4576 4639 4642
f 4642 4639 4638
f 4642 4845 4641
f 4641 4845 4846
f 4845 4590 4846
f 4846 4590 4561
f 4941 4938 4595
f 4595 4938 4580
f 4938 4940 4668
f 4668 4940 4669
f 4583 4942 4584
f 4584 4942 4947
f 4582 4587 4569
f 4569 4587 4586
f 5000 5001 4579
f 4579 5001 4596
f 4558 4560 4585
f 4585 4560 4586
f 4565 4639 4566
f 4566 4639 4997
f 4568 4567 4577
f 4577 4567 4578
f 4570 4554 4571
f 4571 4554 4556
f 4640 4565 4637
f 4637 4565 4546
f 4662 4664 4665
f 4665 4664 4844
f 4662 4558 4589
f 4589 4558 4585
f 4554 4570 4557
f 4557 4570 4560
f 4571 4667 4572
f 4572 4667 4943
f 4551 4670 4552
f 4552 4670 4666
f 4640 4664 4638
f 4638 4664 4663
f 4670 4568 4668
f 4668 4568 4577
f 4999 4996 4566
f 4566 4996 4543
f 4608 4564 4603
f 4603 4564 4563
f 4573 4593 4574
f 4574 4593 4592
f 4597 4614 4598
f 4598 4614 4613
f 4601 4600 4584
f 4584 4600 4581
f 4563 4562 4604
f 4604 4562 4944
f 4643 4593 4641
f 4641 4593 4573
f 4643 4847 4644
f 4644 4847 4848
f 4564 4847 4561
f 4561 4847 4846
f 4945 4941 4598
f 4598 4941 4595
f 4941 4945 4939
f 4939 4945 4946
f 4601 4948 4602
f 4602 4948 4620
f 4600 4604 4581
f 4581 4604 4944
f 5002 5003 4597
f 4597 5003 4614
f 4988 4759 4953
f 4953 4759 4402
f 4706 6548 4707
f 4707 6548 6549
f 4311 4928 4419
f 4419 4928 6550
f 4921 4920 6551
f 6551 4920 6552
f 4925 6553 4926
f 4926 6553 6554
f 4928 4921 4802
f 4802 4921 6551
f 6555 4985 6550
f 6550 4985 4419
f 4952 6556 4953
f 4953 6556 4649
f 4971 6557 4706
f 4706 6557 6548
f 4988 4648 4925
f 4925 4648 6553
f 4707 6549 5006
f 5006 6549 4987
f 4920 6510 6552
f 6552 6510 6518
f 6558 6510 6516
f 6516 6510 6509
f 6559 6558 6539
f 6539 6558 6516
f 6531 6541 6532
f 6532 6541 6560
f 6540 6561 6541
f 6541 6561 6529
f 6542 6562 6540
f 6540 6562 6561
f 6542 3120 6562
f 6562 3120 3142
f 4366 6563 4760
f 4760 6563 4970
f 4815 6564 4816
f 4816 6564 6565
f 3147 3146 6565
f 6565 3146 4816
f 6564 6563 6565
f 6565 6563 6566
f 4837 4385 4357
f 4357 4385 4358
f 6565 6566 3147
f 3147 6566 3149
f 4694 1209 3150
f 5247 5249 5248
f 5248 5249 6522
f 6372 6390 6545
f 6545 6390 6389
f 6375 5254 6376
f 6376 5254 5258
f 6377 6525 6378
f 6378 6525 5255
f 5260 6379 5258
f 5258 6379 6376
f 6380 6567 6381
f 6381 6567 6568
f 6382 6569 6383
f 6383 6569 6570
f 6377 6371 6525
f 6525 6371 6370
f 6379 5260 6384
f 6384 5260 6571
f 6385 6572 6382
f 6382 6572 6569
f 6378 5255 6375
f 6375 5255 5254
f 6386 6573 6387
f 6387 6573 6574
f 6545 6389 5248
f 5248 6389 5245
f 4675 4750 4676
f 4676 4750 6286
f 4734 6289 4735
f 4735 6289 6288
f 4804 6290 4805
f 4805 6290 4963
f 4811 4807 4812
f 4812 4807 4411
f 4954 6292 4955
f 4955 6292 4959
f 4964 4962 4965
f 4965 4962 4751
f 6285 4821 4812
f 4812 4821 4809
f 4675 4287 4965
f 4965 4287 4210
f 6294 4145 4955
f 4955 4145 4154
f 4964 4120 4805
f 4805 4120 4119
f 6298 4966 4734
f 4734 4966 6289
f 6300 6473 4735
f 4735 6473 4732
f 6297 6296 4676
f 4676 6296 4288
f 6523 3160 4330
f 4330 3160 3159
f 5253 5252 6525
f 6525 5252 5255
f 5256 5252 4305
f 4305 5252 5251
f 4304 5257 4305
f 4305 5257 5256
f 4424 5259 4304
f 4304 5259 5257
f 5261 6571 5259
f 5259 6571 5260
f 5262 6573 5261
f 5261 6573 6571
f 5264 6567 5265
f 5265 6567 6574
f 5266 6572 5267
f 5267 6572 6568
f 5268 6570 5269
f 5269 6570 6569
f 1807 3161 5268
f 5268 3161 6570
f 6524 6523 4329
f 4329 6523 4330
f 5253 6526 5250
f 5250 6526 6534
f 6543 6538 6544
f 6544 6538 6369
f 6524 6543 6522
f 6522 6543 6544
f 3071 5367 3052
f 3052 5367 3912
f 6493 3163 6494
f 6494 3163 3162
f 3164 445 3771
f 3771 445 3761
f 461 3165 3919
f 3919 3165 3920
f 330 410 3839
f 3839 410 3910
f 332 331 3552
f 3552 331 3551
f 464 304 3918
f 3918 304 3816
f 385 458 3766
f 3766 458 3894
f 412 415 3762
f 3762 415 3763
f 3166 337 3748
f 3748 337 3745
f 3072 3055 5370
f 5370 3055 3930
f 3073 5369 3056
f 3056 5369 3938
f 3167 3057 6496
f 6496 3057 3937
f 3069 3058 4808
f 4808 3058 3943
f 411 3166 3851
f 3851 3166 3748
f 3059 3163 3951
f 3951 3163 6493
f 336 3164 3772
f 3772 3164 3771
f 3053 3911 3162
f 3162 3911 6494
f 3054 3168 3929
f 3929 3168 3952
f 3165 830 3920
f 3920 830 3945
f 3170 3169 6497
f 6497 3169 6498
f 3171 1354 5005
f 5005 1354 4830
f 3172 3170 6503
f 6503 3170 6497
f 3169 3061 6498
f 6498 3061 4060
f 3173 3171 5006
f 5006 3171 5005
f 3079 3172 6334
f 6334 3172 6503
f 3174 3025 6299
f 6299 3025 6300
f 6576 6577 6575
f 6575 6577 6578
f 4612 4611 6579
f 6579 4611 6580
f 6582 6583 6581
f 6581 6583 6584
f 6584 6585 4618
f 4618 6585 4621
f 6586 6587 6589
f 6589 6587 6588
f 6588 6587 6590
f 6590 6587 6591
f 6592 4606 6590
f 6590 4606 4623
f 6594 6576 6593
f 6593 6576 6575
f 6595 6582 6579
f 6579 6582 6581
f 6580 6597 6596
f 6596 6597 6598
f 6577 6576 6599
f 6599 6576 6600
f 6595 6596 6601
f 6601 6596 6602
f 6583 6582 6603
f 6603 6582 6604
f 6586 6606 6605
f 6605 6606 6607
f 6587 6586 6608
f 6608 6586 6605
f 6587 6608 6591
f 6591 6608 6609
f 6576 6594 6600
f 6600 6594 6610
f 6582 6595 6604
f 6604 6595 6601
f 6599 6611 6577
f 6577 6611 6598
f 6613 6614 6612
f 6612 6614 6615
f 6617 6618 6616
f 6616 6618 6619
f 6621 6622 6620
f 6620 6622 6623
f 6625 6626 6624
f 6624 6626 6627
f 6629 6630 6628
f 6628 6630 6631
f 6633 6634 6632
f 6632 6634 6635
f 6637 6638 6636
f 6636 6638 6639
f 6640 6641 6637
f 6637 6641 6638
f 6643 6633 6642
f 6642 6633 6632
f 6645 6646 6644
f 6644 6646 6647
f 6646 6648 6647
f 6647 6648 6649
f 6651 6652 6650
f 6650 6652 6653
f 6653 6652 6654
f 6654 6652 6655
f 6656 6657 6659
f 6659 6657 6658
f 6661 6662 6660
f 6660 6662 6663
f 6662 6661 6664
f 6664 6661 6665
f 6667 6657 6666
f 6666 6657 6656
f 6669 6670 6668
f 6668 6670 6671
f 6672 6673 6670
f 6670 6673 6671
f 6674 6675 6677
f 6677 6675 6676
f 6675 6678 6676
f 6676 6678 6679
f 6681 6682 6680
f 6680 6682 6683
f 6684 6685 6683
f 6683 6685 6680
f 6687 6688 6686
f 6686 6688 6689
f 6687 6690 6688
f 6688 6690 6691
f 6619 6618 6633
f 6633 6618 6634
f 6632 6635 6693
f 6693 6635 6692
f 6617 6694 6636
f 6636 6694 6637
f 6695 6692 6639
f 6639 6692 6635
f 6637 6694 6640
f 6640 6694 6696
f 6698 6638 6697
f 6697 6638 6641
f 6643 6616 6633
f 6633 6616 6619
f 6642 6699 6641
f 6641 6699 6697
f 6646 6645 6700
f 6700 6645 6621
f 6644 6701 6654
f 6654 6701 6702
f 6700 6703 6646
f 6646 6703 6648
f 6693 6704 6649
f 6649 6704 6647
f 6620 6623 6651
f 6651 6623 6652
f 6693 6649 6699
f 6699 6649 6650
f 6652 6623 6655
f 6655 6623 6622
f 6654 6702 6653
f 6653 6702 6697
f 6615 6614 6657
f 6657 6614 6658
f 6705 6656 6704
f 6704 6656 6659
f 6613 6706 6660
f 6660 6706 6661
f 6704 6659 6701
f 6701 6659 6663
f 6661 6706 6665
f 6665 6706 6707
f 6708 6702 6664
f 6664 6702 6662
f 6612 6615 6667
f 6667 6615 6657
f 6666 6709 6664
f 6664 6709 6708
f 6629 6710 6669
f 6669 6710 6670
f 6668 6711 6679
f 6679 6711 6712
f 6713 6672 6710
f 6710 6672 6670
f 6714 6671 6705
f 6705 6671 6673
f 6628 6631 6674
f 6674 6631 6675
f 6705 6673 6709
f 6709 6673 6677
f 6631 6630 6675
f 6675 6630 6678
f 6712 6708 6679
f 6679 6708 6676
f 6625 6715 6682
f 6682 6715 6683
f 6716 6717 6681
f 6681 6717 6691
f 6718 6684 6715
f 6715 6684 6683
f 6719 6680 6714
f 6714 6680 6685
f 6624 6627 6686
f 6686 6627 6687
f 6689 6711 6685
f 6685 6711 6714
f 6627 6626 6687
f 6687 6626 6690
f 6717 6712 6691
f 6691 6712 6688
f 6612 6707 6613
f 6613 6707 6706
f 6616 6696 6617
f 6617 6696 6694
f 6703 6700 6620
f 6620 6700 6621
f 6715 6625 6718
f 6718 6625 6624
f 6710 6629 6713
f 6713 6629 6628
f 6639 6635 6636
f 6636 6635 6634
f 6641 6640 6642
f 6642 6640 6643
f 6654 6655 6644
f 6644 6655 6645
f 6651 6650 6648
f 6648 6650 6649
f 6659 6658 6663
f 6663 6658 6660
f 6665 6667 6664
f 6664 6667 6666
f 6678 6669 6679
f 6679 6669 6668
f 6673 6672 6677
f 6677 6672 6674
f 6690 6682 6691
f 6691 6682 6681
f 6685 6684 6689
f 6689 6684 6686
f 6636 6634 6617
f 6617 6634 6618
f 6638 6698 6639
f 6639 6698 6695
f 6640 6696 6643
f 6643 6696 6616
f 6693 6699 6632
f 6632 6699 6642
f 6655 6622 6645
f 6645 6622 6621
f 6704 6701 6647
f 6647 6701 6644
f 6651 6648 6620
f 6620 6648 6703
f 6650 6653 6699
f 6699 6653 6697
f 6613 6660 6614
f 6614 6660 6658
f 6663 6662 6701
f 6701 6662 6702
f 6665 6707 6667
f 6667 6707 6612
f 6705 6709 6656
f 6656 6709 6666
f 6630 6629 6678
f 6678 6629 6669
f 6714 6711 6671
f 6671 6711 6668
f 6672 6713 6674
f 6674 6713 6628
f 6677 6676 6709
f 6709 6676 6708
f 6626 6625 6690
f 6690 6625 6682
f 6680 6719 6681
f 6681 6719 6716
f 6684 6718 6686
f 6686 6718 6624
f 6711 6689 6712
f 6689 6688 6712
f 6593 6720 6594
f 6594 6720 6721
f 6722 6720 4607
f 4607 6720 4849
f 6592 6723 6722
f 6722 6723 6724
f 4610 4609 6578
f 6578 4609 6575
f 6596 6595 6580
f 6580 6595 6579
f 4618 4617 6584
f 6584 4617 6581
f 6589 6585 6586
f 6586 6585 6606
f 4622 4619 6588
f 6588 4619 6589
f 4622 6588 4623
f 4623 6588 6590
f 4609 4645 6575
f 6575 4645 6593
f 4617 4612 6581
f 6581 4612 6579
f 5004 4610 6597
f 6597 4610 6578
f 4645 4849 6593
f 6593 4849 6720
f 6724 6721 6722
f 6722 6721 6720
f 6722 4607 6592
f 6592 4607 4606
f 6725 6610 6721
f 6721 6610 6594
f 6723 6726 6724
f 6724 6726 6727
f 6727 6725 6724
f 6724 6725 6721
f 6728 6729 6605
f 6605 6729 6608
f 6605 6607 6728
f 6728 6607 6730
f 6731 6732 6604
f 6604 6732 6603
f 6733 6734 6725
f 6725 6734 6610
f 6735 6733 6727
f 6727 6733 6725
f 6735 6727 6736
f 6736 6727 6726
f 6591 6609 6723
f 6723 6609 6726
f 6723 6592 6591
f 6591 6592 6590
f 6738 6739 6737
f 6737 6739 6740
f 6740 6739 6742
f 6742 6739 6741
f 6743 6744 6741
f 6741 6744 6742
f 6745 6746 6743
f 6743 6746 6744
f 6747 6748 6745
f 6745 6748 6746
f 6749 6750 6747
f 6747 6750 6748
f 6752 6738 6751
f 6751 6738 6737
f 6754 6752 6753
f 6753 6752 6751
f 6756 6754 6755
f 6755 6754 6753
f 6758 6750 6757
f 6757 6750 6749
f 6760 6756 6759
f 6759 6756 6755
f 6762 6760 6761
f 6761 6760 6759
f 6764 6762 6763
f 6763 6762 6761
f 6757 6764 6758
f 6758 6764 6763
f 6766 6741 6765
f 6765 6741 6739
f 6767 6743 6766
f 6766 6743 6741
f 6768 6745 6767
f 6767 6745 6743
f 6769 6747 6768
f 6768 6747 6745
f 6770 6749 6769
f 6769 6749 6747
f 6772 6769 6771
f 6771 6769 6768
f 6773 6770 6772
f 6772 6770 6769
f 6774 6775 6772
f 6772 6775 6773
f 6777 6778 6776
f 6776 6778 6779
f 6775 6774 6778
f 6778 6774 6779
f 6771 6780 6772
f 6772 6780 6774
f 6780 6781 6774
f 6774 6781 6779
f 6781 6782 6779
f 6779 6782 6776
f 6784 6785 6783
f 6783 6785 6786
f 6786 6787 6783
f 6783 6787 6788
f 6790 6788 6789
f 6789 6788 6787
f 6786 6785 6791
f 6791 6785 6792
f 6791 6793 6786
f 6786 6793 6787
f 6793 6794 6787
f 6787 6794 6789
f 6795 6796 6794
f 6794 6796 6789
f 6790 6789 6797
f 6797 6789 6796
f 6798 6765 6738
f 6738 6765 6739
f 6799 6798 6752
f 6752 6798 6738
f 6767 6800 6768
f 6768 6800 6771
f 6766 6801 6767
f 6767 6801 6800
f 6802 6801 6765
f 6765 6801 6766
f 6798 6803 6765
f 6765 6803 6802
f 6804 6803 6799
f 6799 6803 6798
f 6805 6806 6804
f 6804 6806 6803
f 6807 6799 6754
f 6754 6799 6752
f 6808 6804 6807
f 6807 6804 6799
f 6809 6805 6808
f 6808 6805 6804
f 6810 6811 6805
f 6805 6811 6806
f 6812 6813 6810
f 6810 6813 6811
f 6814 6815 6796
f 6796 6815 6797
f 6813 6814 6816
f 6816 6814 6817
f 6816 6818 6813
f 6813 6818 6811
f 6819 6806 6818
f 6818 6806 6811
f 6802 6803 6819
f 6819 6803 6806
f 6757 6749 6820
f 6820 6749 6770
f 6820 6770 6821
f 6821 6770 6773
f 6821 6773 6822
f 6822 6773 6775
f 6822 6775 6823
f 6823 6775 6778
f 6824 6823 6777
f 6777 6823 6778
f 6784 6825 6777
f 6777 6825 6824
f 6826 6827 6788
f 6788 6827 6783
f 6828 6826 6790
f 6790 6826 6788
f 6829 6828 6797
f 6797 6828 6790
f 6815 6830 6797
f 6797 6830 6829
f 6832 6812 6831
f 6831 6812 6810
f 6831 6810 6809
f 6809 6810 6805
f 6736 6800 6735
f 6735 6800 6801
f 6733 6735 6802
f 6802 6735 6801
f 6734 6733 6819
f 6819 6733 6802
f 6833 6734 6818
f 6818 6734 6819
f 6834 6833 6816
f 6816 6833 6818
f 6816 6817 6834
f 6834 6817 6835
f 6837 6795 6836
f 6836 6795 6794
f 6836 6794 6731
f 6731 6794 6793
f 6732 6731 6791
f 6791 6731 6793
f 6791 6792 6732
f 6732 6792 6730
f 6729 6728 6781
f 6781 6728 6782
f 6838 6807 6756
f 6756 6807 6754
f 6839 6838 6760
f 6760 6838 6756
f 6840 6839 6762
f 6762 6839 6760
f 6841 6840 6764
f 6764 6840 6762
f 6820 6841 6757
f 6757 6841 6764
f 6841 6820 6842
f 6842 6820 6821
f 6840 6841 6843
f 6843 6841 6842
f 6839 6840 6844
f 6844 6840 6843
f 6838 6839 6845
f 6845 6839 6844
f 6807 6838 6808
f 6808 6838 6845
f 6842 6821 6846
f 6846 6821 6822
f 6843 6842 6847
f 6847 6842 6846
f 6844 6843 6848
f 6848 6843 6847
f 6845 6844 6849
f 6849 6844 6848
f 6808 6845 6809
f 6809 6845 6849
f 6850 6831 6849
f 6849 6831 6809
f 6851 6850 6848
f 6848 6850 6849
f 6847 6852 6848
f 6848 6852 6851
f 6853 6852 6846
f 6846 6852 6847
f 6846 6822 6853
f 6853 6822 6823
f 6853 6823 6854
f 6854 6823 6824
f 6854 6855 6853
f 6853 6855 6852
f 6856 6851 6855
f 6855 6851 6852
f 6856 6857 6851
f 6851 6857 6850
f 6857 6832 6850
f 6850 6832 6831
f 6825 6858 6824
f 6824 6858 6854
f 6860 6827 6859
f 6859 6827 6826
f 6859 6826 6861
f 6861 6826 6828
f 6862 6861 6829
f 6829 6861 6828
f 6830 6863 6829
f 6829 6863 6862
f 6863 6864 6862
f 6862 6864 6865
f 6858 6866 6854
f 6854 6866 6855
f 6867 6865 6866
f 6866 6865 6864
f 6869 6859 6868
f 6868 6859 6861
f 6867 6869 6865
f 6865 6869 6868
f 6861 6862 6868
f 6868 6862 6865
f 6867 6860 6869
f 6869 6860 6859
f 6753 6751 6698
f 6698 6751 6695
f 6697 6755 6698
f 6698 6755 6753
f 6759 6755 6702
f 6702 6755 6697
f 6761 6759 6708
f 6708 6759 6702
f 6763 6761 6712
f 6712 6761 6708
f 6758 6763 6717
f 6717 6763 6712
f 6750 6758 6716
f 6716 6758 6717
f 6719 6748 6716
f 6716 6748 6750
f 6714 6746 6719
f 6719 6746 6748
f 6705 6744 6714
f 6714 6744 6746
f 6704 6742 6705
f 6705 6742 6744
f 6740 6742 6693
f 6693 6742 6704
f 6737 6740 6692
f 6692 6740 6693
f 6751 6737 6695
f 6695 6737 6692
f 6601 6602 6836
f 6836 6602 6837
f 6604 6601 6731
f 6731 6601 6836
f 6599 6600 6834
f 6834 6600 6833
f 6834 6835 6599
f 6599 6835 6611
f 6600 6610 6833
f 6833 6610 6734
f 6780 6771 6870
f 6870 6771 6736
f 6736 6771 6800
f 6870 6729 6780
f 6780 6729 6781
f 6608 6729 6609
f 6609 6729 6870
f 6609 6870 6726
f 6726 6870 6736
f 5014 5015 5229
f 5229 5015 5230
f 4258 5015 4259
f 4259 5015 4878
f 3471 3013 4703
f 4703 3013 4704
f 2879 6337 1306
f 1306 6337 4785
f 829 3471 4316
f 4316 3471 4703
f 4702 3472 5223
f 5223 3472 1756
f 6871 6872 4534
f 4534 6872 4535
f 6871 4665 6872
f 6872 4665 4844
f 6871 6873 4665
f 4665 6873 4559
f 6871 4534 6873
f 6873 4534 4542
f 4153 4152 4822
f 4822 4152 4407
f 4152 4168 4407
f 4407 4168 4342
f 4343 4168 4923
f 4923 4168 4167
f 4363 4362 4972
f 4972 4362 4840
f 4362 4394 4840
f 4840 4394 4839
f 4401 4400 4986
f 4986 4400 4984
f 4435 4434 4841
f 4841 4434 4842
f 4506 4505 4530
f 4530 4505 4531
f 4506 4535 4507
f 4507 4535 4843
f 4661 4660 4516
f 4516 4660 4517
f 4673 4672 4937
f 4937 4672 6547
f 4400 4924 4984
f 4984 4924 5263
f 4673 4660 4674
f 4674 4660 4659
f 4505 4661 4531
f 4531 4661 4516
f 4952 4401 6874
f 6874 4401 4986
f 4954 4153 6875
f 6875 4153 4822
f 4363 4973 4364
f 4364 4973 4974
f 5264 4924 5267
f 5267 4924 4691
f 6293 6292 6876
f 6876 6292 6877
f 6380 4343 6387
f 6387 4343 4923
f 4394 4435 4839
f 4839 4435 4841
f 4672 4434 6547
f 6547 4434 4433
f 4973 6556 4974
f 4974 6556 6878
f 6567 6380 6574
f 6574 6380 6387
f 6292 4954 6877
f 6877 4954 6875
f 6567 5264 6568
f 6568 5264 5267
f 4145 4144 4154
f 4154 4144 4151
f 4194 4144 4425
f 4425 4144 4143
f 4355 4354 5263
f 5263 4354 4984
f 4360 4359 4364
f 4364 4359 4361
f 4444 4359 4392
f 4392 4359 4337
f 4447 4446 4432
f 4432 4446 4433
f 4464 4463 6547
f 6547 4463 4937
f 4519 4518 4654
f 4654 4518 4509
f 4533 4532 4499
f 4499 4532 4498
f 4533 4542 4530
f 4530 4542 4534
f 4519 4532 4516
f 4516 4532 4531
f 4922 4194 4426
f 4426 4194 4425
f 4463 4518 4937
f 4937 4518 4517
f 6555 4951 6874
f 6874 4951 6878
f 4958 4957 6290
f 6290 4957 6291
f 4334 4360 4712
f 4712 4360 4950
f 4985 4354 4419
f 4419 4354 4353
f 5262 4355 5265
f 5265 4355 5263
f 6294 4958 4804
f 4804 4958 6290
f 6386 4922 6384
f 6384 4922 4426
f 4444 4447 4393
f 4393 4447 4432
f 4464 4446 4465
f 4465 4446 4445
f 4985 6555 4986
f 4986 6555 6874
f 6573 6386 6571
f 6571 6386 6384
f 4145 6294 4146
f 4146 6294 4804
f 6573 5262 6574
f 6574 5262 5265
f 4542 4541 6873
f 6873 4541 4559
f 4535 6872 4843
f 4843 6872 4844
f 4104 4103 6879
f 6879 4103 6343
f 4105 6293 6307
f 6307 6293 6876
f 4104 4956 4105
f 4105 4956 6293
f 4956 4104 4957
f 4957 4104 6879
f 4957 6879 6291
f 6291 6879 6309
f 4648 4988 4649
f 4649 4988 4953
f 4802 4803 4928
f 4928 4803 6550
f 6550 4803 6555
f 6555 4803 4951
f 1516 3173 4987
f 4987 3173 5006
f 6519 6518 6558
f 6558 6518 6510
f 6527 6519 6559
f 6559 6519 6558
f 6528 6560 6529
f 6529 6560 6541
f 6548 4625 6549
f 6549 4625 4624
f 6551 6552 4746
f 4746 6552 6505
f 6553 4711 6554
f 6554 4711 4710
f 4802 6551 4713
f 4713 6551 4746
f 6556 4973 4649
f 4649 4973 4646
f 6557 4949 6548
f 6548 4949 4625
f 4648 4647 6553
f 6553 4647 4711
f 6549 4624 4987
f 4987 4624 4838
f 6552 6518 6505
f 6505 6518 6507
f 6561 4372 6529
f 6529 4372 6514
f 6562 4369 6561
f 6561 4369 4372
f 3142 3482 6562
f 6562 3482 4369
f 6556 4952 6878
f 6878 4952 6874
f 4951 4950 6878
f 6878 4950 4974
f 3168 440 3952
f 4204 4203 5341
f 5341 4203 6364
f 4219 4222 6429
f 6429 4222 4383
f 4319 4322 6506
f 6506 4322 4747
f 4340 4714 4341
f 4341 4714 4384
f 4375 4377 6388
f 6388 4377 6546
f 4378 4381 6311
f 6311 4381 4720
f 4449 4341 4387
f 4387 4341 4384
f 4473 4472 4477
f 4477 4472 4474
f 4492 4491 4487
f 4487 4491 4488
f 4523 4491 4522
f 4522 4491 4490
f 4492 4538 4493
f 4493 4538 4555
f 4538 4553 4555
f 4555 4553 4556
f 4620 4615 4621
f 4621 4615 4618
f 4652 4651 4368
f 4368 4651 4365
f 4523 4655 4524
f 4524 4655 4656
f 4553 4667 4556
f 4556 4667 4571
f 4651 1210 4365
f 4365 1210 1209
f 4698 4697 5223
f 5223 4697 6344
f 4340 4339 4322
f 4322 4339 4747
f 4726 4729 5287
f 5287 4729 4198
f 4381 4380 4737
f 4737 4380 6368
f 4836 4835 4451
f 4451 4835 4709
f 4910 6367 4911
f 4911 6367 6366
f 4912 4915 6450
f 6450 4915 6449
f 4927 4836 4450
f 4450 4836 4451
f 4930 4929 4439
f 4439 4929 4436
f 4936 4935 4459
f 4459 4935 4456
f 4473 4655 4470
f 4470 4655 4510
f 4942 4583 4943
f 4943 4583 4572
f 4948 4601 4947
f 4947 4601 4584
f 4949 4835 4625
f 4625 4835 4626
f 4966 4969 6289
f 6289 4969 4695
f 4971 4652 4926
f 4926 4652 4368
f 4203 4977 6364
f 6364 4977 6365
f 4990 4989 4443
f 4443 4989 4440
f 4990 4991 4478
f 4478 4991 4512
f 4992 4991 4528
f 4528 4991 4515
f 4992 4993 4527
f 4527 4993 4485
f 4994 4993 4502
f 4502 4993 4503
f 4994 4995 4482
f 4482 4995 4550
f 4543 4996 4544
f 4544 4996 4995
f 4999 4998 4567
f 4567 4998 4578
f 5000 4998 4575
f 4575 4998 4997
f 5002 5001 4592
f 4592 5001 4574
f 5003 5004 4614
f 4614 5004 4611
f 3483 4215 1755
f 1755 4215 4698
f 5274 5277 4195
f 4195 5277 4223
f 4726 5295 4727
f 4727 5295 6350
f 5309 5342 5310
f 5310 5342 6363
f 5315 5314 5316
f 5316 5314 5317
f 5339 6362 5340
f 5340 6362 5363
f 5310 6363 5339
f 5339 6363 6362
f 4204 5309 4201
f 4201 5309 5308
f 4915 5345 6449
f 6449 5345 6448
f 5345 5315 6448
f 6448 5315 5316
f 5348 5347 6351
f 6351 5347 6352
f 5365 4263 5340
f 5340 4263 4262
f 6295 6298 4733
f 4733 6298 4734
f 4969 6306 4695
f 4695 6306 4696
f 6306 4378 4696
f 4696 4378 6311
f 6369 6372 6544
f 6544 6372 6545
f 4375 6390 4373
f 4373 6390 4374
f 6421 6422 4911
f 4911 6422 4908
f 4910 4909 4737
f 4737 4909 4736
f 5277 4219 4223
f 4223 4219 6429
f 4697 4222 6344
f 6344 4222 4221
f 6436 6361 6437
f 6437 6361 6360
f 6438 6440 6437
f 6437 6440 6434
f 6438 6359 6441
f 6441 6359 6358
f 6442 6441 6357
f 6357 6441 6358
f 6442 6444 6443
f 6443 6444 6445
f 6446 6444 6355
f 6355 6444 6356
f 6446 4912 6447
f 6447 4912 6450
f 6436 6435 5365
f 5365 6435 4263
f 5314 5347 5317
f 5317 5347 5346
f 4319 6512 4320
f 4320 6512 6513
f 6520 6512 6521
f 6521 6512 6508
f 6528 6520 6527
f 6527 6520 6521
f 6532 6539 6533
f 6533 6539 6535
f 6533 6535 6537
f 6537 6535 6534
f 6538 6543 6537
f 6537 6543 6536
f 6295 4377 6296
f 6296 4377 4376
f 4989 4930 4440
f 4440 4930 4439
f 4927 4929 4422
f 4422 4929 4455
f 4449 4936 4388
f 4388 4936 4459
f 4472 4935 4474
f 4474 4935 4932
f 4942 4940 4947
f 4947 4940 4939
f 5001 5000 4574
f 4574 5000 4575
f 4669 4943 4666
f 4666 4943 4667
f 4996 4999 4547
f 4547 4999 4567
f 4948 4946 4620
f 4620 4946 4615
f 5003 5002 4591
f 4591 5002 4592
f 6557 4971 6554
f 6554 4971 4926
f 6532 6560 6539
f 6539 6560 6559
f 6390 6372 4374
f 4374 6372 6371
f 4966 6298 4967
f 4967 6298 6297
f 6538 6526 6369
f 6369 6526 6370
f 6585 6589 4621
f 4621 6589 4619
f 6597 6578 6598
f 6598 6578 6577
f 6606 6583 6607
f 6607 6583 6603
f 6611 6602 6598
f 6598 6602 6596
f 6585 6584 6606
f 6606 6584 6583
f 6597 6580 5004
f 5004 6580 4611
f 6607 6603 6730
f 6730 6603 6732
f 6776 6785 6777
f 6777 6785 6784
f 6785 6776 6792
f 6792 6776 6782
f 6815 6814 6812
f 6812 6814 6813
f 6817 6814 6795
f 6795 6814 6796
f 6825 6784 6827
f 6827 6784 6783
f 6830 6815 6832
f 6832 6815 6812
f 6817 6795 6835
f 6835 6795 6837
f 6792 6782 6730
f 6730 6782 6728
f 6858 6825 6860
f 6860 6825 6827
f 6863 6830 6857
f 6857 6830 6832
f 6864 6863 6856
f 6856 6863 6857
f 6866 6858 6867
f 6867 6858 6860
f 6866 6864 6855
f 6855 6864 6856
f 6835 6837 6611
f 6611 6837 6602
f 6560 6528 6559
f 6559 6528 6527
f 4949 6557 4710
f 4710 6557 6554
f 4430 4090 4175
f 4175 4090 4089
f 4777 4113 4155
f 4155 4113 4086
f 4175 4089 4176
f 4176 4089 4142
f 4199 4271 4200
f 4200 4271 4798
f 4199 4095 4272
f 4272 4095 5273
f 4406 4405 4404
f 4404 4405 4346
f 4410 4409 6877
f 6877 4409 6876
f 4409 4413 6876
f 6876 4413 6307
f 4415 4148 4416
f 4416 4148 4147
f 4690 4405 4344
f 4344 4405 4342
f 4693 4692 4352
f 4352 4692 4349
f 4701 4700 6337
f 6337 4700 6338
f 4778 4777 4081
f 4081 4777 4155
f 4821 4406 4809
f 4809 4406 4404
f 4176 4142 4181
f 4181 4142 4415
f 4760 4970 4399
f 4399 4970 4692
f 4200 5007 4096
f 4096 5007 4078
f 5266 4693 5269
f 5269 4693 4352
f 5270 5007 5361
f 5361 5007 4797
f 4778 5270 4779
f 4779 5270 5361
f 6285 4410 6875
f 6875 4410 6877
f 6308 4413 4687
f 4687 4413 4412
f 6480 6320 6481
f 6481 6320 6880
f 4701 2878 4702
f 4702 2878 3472
f 6339 6347 6340
f 6340 6347 6348
f 6341 6342 6346
f 6346 6342 6345
f 4416 6308 4414
f 4414 6308 4687
f 6385 4690 6381
f 6381 4690 4344
f 5282 6341 5280
f 5280 6341 6339
f 4700 6342 6338
f 6338 6342 5281
f 6340 6348 4272
f 4272 6348 4270
f 6480 6479 4828
f 4828 6479 4829
f 6490 6479 6489
f 6489 6479 6478
f 4090 4430 6490
f 6490 4430 4429
f 6563 6564 4970
f 4970 6564 4815
f 4694 6566 4366
f 4366 6566 6563
f 6572 6385 6568
f 6568 6385 6381
f 4821 6285 4822
f 4822 6285 6875
f 6572 5266 6569
f 6569 5266 5269
f 3482 3103 4369
f 4369 3103 4370
f 3121 4730 3485
f 3485 4730 4327
f 6277 6280 6273
f 6273 6280 6272
f 6267 6276 6278
f 6278 6276 6279
f 6278 6279 6277
f 6277 6279 6280
f 6279 6256 6280
f 6280 6256 6255
f 6256 3857 6255
f 6255 3857 3754
f 3857 3856 3754
f 3754 3856 3755
f 3856 3703 3755
f 3755 3703 3863
f 3703 3702 3863
f 3863 3702 3759
f 3702 3706 3759
f 3759 3706 3670
f 3706 3705 3670
f 3670 3705 3668
f 3705 3773 3668
f 3668 3773 3882
f 3882 3773 3883
f 3883 3773 3707
f 3707 3708 3883
f 3883 3708 3880
f 3708 3710 3880
f 3880 3710 3881
f 3709 5241 3710
f 3710 5241 3881
f 5241 3709 5234
f 5234 3709 3786
f 3693 3712 3786
f 3786 3712 5234
f 4051 4055 4052
f 4052 4055 4056
f 4056 4055 4057
f 4057 4055 4054
f 4066 5238 5236
f 5236 5238 3989
f 4066 4069 5238
f 5238 4069 4035
f 6881 3962 3960
f 3960 3962 3957
f 6883 4070 6882
f 6882 4070 3941
f 4070 6883 4071
f 4071 6883 6884
f 4071 6884 4072
f 4072 6884 6885
f 6885 6886 4072
f 4072 6886 4031
f 3955 6881 3956
f 3956 6881 3960
f 6884 3991 6885
f 6885 3991 3990
f 6883 6887 6884
f 6884 6887 3991
f 6887 6888 3991
f 3991 6888 3992
f 6888 6887 6889
f 6889 6887 6890
f 6887 6883 6890
f 6890 6883 6882
f 4058 5240 3953
f 3953 5240 3954
f 5236 6888 5239
f 5239 6888 6889
f 5237 6886 3990
f 3990 6886 6885
f 4034 4031 5237
f 5237 4031 6886
f 6881 6882 3962
f 3962 6882 3941
f 6881 3955 6882
f 6882 3955 6890
f 3955 3954 6890
f 6890 3954 6889
f 5239 6889 5240
f 5240 6889 3954
f 6888 5236 3992
f 3992 5236 3989
f 3869 3868 3888
f 3888 3868 4015
f 3868 4012 4015
f 4015 4012 4010
f 4012 4022 4010
f 4010 4022 4009
f 4022 4021 4009
f 4009 4021 4018
f 4020 3974 4001
f 4001 3974 3996
f 4021 4020 4029
f 4029 4020 4001
f 4085 4156 4086
f 4086 4156 4155
f 4113 4777 4114
f 4114 4777 4776
f 4130 4129 4094
f 4094 4129 4091
f 4139 4773 4140
f 4140 4773 4772
f 4149 4178 4150
f 4150 4178 5225
f 4160 4159 4087
f 4087 4159 4088
f 4149 4148 4179
f 4179 4148 4141
f 4085 4084 4183
f 4183 4084 6315
f 4179 4141 4159
f 4159 4141 4088
f 4192 4130 4162
f 4162 4130 4094
f 4197 5288 4198
f 4198 5288 5287
f 4229 4766 4230
f 4230 4766 4771
f 4245 4246 4242
f 4242 4246 4249
f 4183 6315 4418
f 4418 6315 6314
f 4679 4178 4680
f 4680 4178 4177
f 4724 4798 4725
f 4725 4798 4271
f 4728 5275 4729
f 4729 5275 5274
f 4230 4771 4249
f 4249 4771 4242
f 4724 4723 4799
f 4799 4723 5355
f 4823 4824 4891
f 4891 4824 6327
f 4823 4192 4161
f 4161 4192 4162
f 4893 4767 4229
f 4229 4767 4766
f 4894 4895 4898
f 4898 4895 4899
f 4106 4150 4103
f 4103 4150 5225
f 4680 4894 4677
f 4677 4894 4898
f 6420 4977 5301
f 5301 4977 4976
f 4679 4678 5226
f 5226 4678 4427
f 5228 5008 4893
f 4893 5008 4767
f 5285 6354 5286
f 5286 6354 5343
f 5289 5352 5290
f 5290 5352 5349
f 5290 5349 5295
f 5295 5349 5348
f 5302 5299 4202
f 4202 5299 4976
f 4725 4271 5311
f 5311 4271 4270
f 5325 4723 5326
f 5326 4723 4722
f 5335 5355 5325
f 5325 5355 4723
f 5326 4722 5286
f 5286 4722 5283
f 4799 5357 4797
f 4797 5357 5361
f 5359 5356 5335
f 5335 5356 5355
f 4775 4774 5356
f 5356 4774 5357
f 5359 5358 4092
f 4092 5358 4093
f 6316 4740 6317
f 6317 4740 4739
f 6318 4827 6316
f 6316 4827 4740
f 6319 4828 6318
f 6318 4828 4827
f 6320 6480 6319
f 6319 6480 4828
f 6484 6322 6485
f 6485 6322 6321
f 6487 6324 6331
f 6331 6324 6323
f 6331 6323 6330
f 6330 6323 6325
f 6325 6326 6330
f 6330 6326 6329
f 6326 6328 6329
f 6329 6328 5231
f 4824 4685 5228
f 5228 4685 5008
f 5226 6343 5225
f 5225 6343 4103
f 4728 4727 6349
f 6349 4727 5284
f 6350 6351 5285
f 5285 6351 6354
f 4247 4246 6418
f 6418 4246 6365
f 6400 6402 6401
f 6401 6402 6459
f 4197 4196 6409
f 6409 4196 6426
f 6412 4897 6328
f 6328 4897 5231
f 6413 4133 6412
f 6412 4133 4897
f 6414 4134 6413
f 6413 4134 4133
f 6415 4225 6414
f 6414 4225 4134
f 6416 4252 6415
f 6415 4252 4225
f 6417 4253 6416
f 6416 4253 4252
f 4253 6417 6366
f 6366 6417 6419
f 6366 6419 4911
f 4911 6419 6421
f 6422 6423 4908
f 4908 6423 5298
f 5298 6423 6396
f 6396 6423 6424
f 6409 6426 6425
f 6425 6426 6397
f 5300 5299 6399
f 6399 5299 6400
f 6465 6408 6401
f 6401 6408 6398
f 6424 6399 6425
f 6425 6399 6398
f 6349 5284 5311
f 5311 5284 5283
f 6465 6464 5289
f 5289 6464 5352
f 6488 6483 6492
f 6492 6483 6482
f 6486 6491 6482
f 6482 6491 6492
f 6491 4895 6492
f 6492 4895 4157
f 6488 4160 6489
f 6489 4160 4087
f 6501 6502 4418
f 4418 6502 4417
f 6504 6500 6317
f 6317 6500 6314
f 3497 3496 6501
f 6501 3496 6502
f 3499 3498 6504
f 6504 3498 6500
f 4729 5274 4198
f 4198 5274 4195
f 6418 6365 6420
f 6420 6365 4977
f 5295 5348 6350
f 6350 5348 6351
f 5301 6422 6420
f 6420 6422 6421
f 4113 4112 4086
f 4086 4112 4083
f 6320 4112 6880
f 6880 4112 4111
f 4091 4772 4092
f 4092 4772 4775
f 4129 4140 4091
f 4091 4140 4772
f 4137 4140 4128
f 4128 4140 4129
f 4128 6324 4137
f 4137 6324 6321
f 6324 6487 6321
f 6321 6487 6485
f 6487 6486 6485
f 6485 6486 6482
f 4774 4773 4779
f 4779 4773 4776
f 4773 4139 4776
f 4776 4139 4114
f 4139 4138 4114
f 4114 4138 4111
f 4138 6322 4111
f 4111 6322 6880
f 6322 6484 6880
f 6880 6484 6481
f 6484 6483 6481
f 6481 6483 6478
f 6879 6343 6309
f 6309 6343 4428
f 4106 4105 4900
f 4900 4105 6307
f 3500 3167 6495
f 6495 3167 6496
f 3500 6495 3070
f 3070 6495 5368
f 3502 5235 3501
f 3501 5235 4813
f 3024 3503 6473
f 6473 3503 6474
f 3503 3023 6474
f 6474 3023 6374
f 3504 1770 4348
f 4348 1770 4345
f 3502 3505 5235
f 5235 3505 4810
f 3498 3497 6500
f 6500 3497 6501
f 3496 3075 6502
f 6502 3075 6275
f 6299 4254 3174
f 3174 4254 3017
f 1769 3501 4814
f 4814 3501 4813
f 3506 3018 6476
f 6476 3018 4257
f 3507 3499 6499
f 6499 3499 6504
f 3030 4216 3483
f 3483 4216 4215
f 3077 3507 6333
f 6333 3507 6499
f 1784 3160 5249
f 5249 3160 6523
f 3015 3506 4240
f 4240 3506 6476
f 3508 3504 6383
f 6383 3504 4348
f 3509 3016 6477
f 6477 3016 4239
f 3028 3509 6467
f 6467 3509 6477
f 3022 1785 5246
f 5246 1785 5247
f 3161 3508 6570
f 6570 3508 6383
f 3150 3149 4694
f 4694 3149 6566
f 1327 4807 3510
f 3510 4807 4811
f 3510 4811 3505
f 3505 4811 4810
f 3146 3511 4816
f 4816 3511 4350
f 3511 1808 4350
f 4350 1808 4351
f 3485 4327 3159
f 3159 4327 4330
f 1326 3512 4806
f 4806 3512 6310
f 3512 1331 6310
f 6310 1331 4688
