v 0.816565 -0.842019 5.856517
v 0.811660 -0.832945 5.870818
v 0.812082 -0.823722 5.860141
v 0.817823 -0.828407 5.846368
v 0.807771 -0.817948 5.869884
v 0.808727 -0.823900 5.879657
v 0.814270 -0.812758 5.852568
v 0.820823 -0.814170 5.840911
v 0.813197 -0.776214 5.857607
v 0.817227 -0.767803 5.851915
v 0.818789 -0.779690 5.848268
v 0.815099 -0.784799 5.855240
v 0.812012 -0.752908 5.867724
v 0.808630 -0.748757 5.879947
v 0.813802 -0.736340 5.877747
v 0.818728 -0.739927 5.866045
v 0.810580 -0.775882 5.909104
v 0.807389 -0.768515 5.906879
v 0.806519 -0.773387 5.900873
v 0.810231 -0.780191 5.903471
v 0.812309 -0.789287 5.914762
v 0.814885 -0.792511 5.909885
v 0.814367 -0.798921 5.914534
v 0.810538 -0.795428 5.919445
v 0.811583 -0.772397 5.915480
v 0.809005 -0.764775 5.912975
v 0.812212 -0.782875 5.910930
v 0.811343 -0.780005 5.915398
v 0.803371 -0.779248 5.924987
v 0.805822 -0.782464 5.922059
v 0.802088 -0.786915 5.926810
v 0.801033 -0.782040 5.929270
v 0.809729 -0.774561 5.918999
v 0.808223 -0.778014 5.919153
v 0.806238 -0.776252 5.922688
v 0.808849 -0.773489 5.923086
v 0.809875 -0.786528 5.918781
v 0.806721 -0.791687 5.923332
v 0.804682 -0.795713 5.929120
v 0.799787 -0.789719 5.933149
v 0.804856 -0.752127 5.901587
v 0.805103 -0.760678 5.904125
v 0.806315 -0.757644 5.910305
v 0.805613 -0.750602 5.907652
v 0.811113 -0.769014 5.922011
v 0.807379 -0.753339 5.924785
v 0.807404 -0.757312 5.923565
v 0.808141 -0.760430 5.929291
v 0.807580 -0.756860 5.930235
v 0.807523 -0.735933 5.899300
v 0.807141 -0.737278 5.906285
v 0.808477 -0.731201 5.907752
v 0.809689 -0.727657 5.901334
v 0.809761 -0.725796 5.911077
v 0.811937 -0.721040 5.904336
v 0.815013 -0.709644 5.917342
v 0.813721 -0.714418 5.910776
v 0.810233 -0.721535 5.915760
v 0.810086 -0.719113 5.922792
v 0.810135 -0.728042 5.932939
v 0.811313 -0.728894 5.938809
v 0.810729 -0.716601 5.939079
v 0.809730 -0.717490 5.931583
v 0.811858 -0.746734 5.923532
v 0.811929 -0.745099 5.919508
v 0.809083 -0.747194 5.921026
v 0.808547 -0.750017 5.925220
v 0.810431 -0.743839 5.917040
v 0.809396 -0.742651 5.916134
v 0.809409 -0.744087 5.915985
v 0.810540 -0.743923 5.916890
v 0.811665 -0.744428 5.917972
v 0.810050 -0.744392 5.920154
v 0.811059 -0.744181 5.917411
v 0.809256 -0.745092 5.924317
v 0.810227 -0.748135 5.938430
v 0.809063 -0.747231 5.934740
v 0.812366 -0.750273 5.933114
v 0.813062 -0.751417 5.936237
v 0.808448 -0.746404 5.917671
v 0.807748 -0.747863 5.915373
v 0.807442 -0.752516 5.918970
v 0.807871 -0.749329 5.920240
v 0.806711 -0.749278 5.912415
v 0.808132 -0.744456 5.914027
v 0.806959 -0.744499 5.910991
v 0.809080 -0.741425 5.917352
v 0.808619 -0.738867 5.915512
v 0.808791 -0.740820 5.914649
v 0.808882 -0.736823 5.918181
v 0.808987 -0.740744 5.919888
v 0.808820 -0.740766 5.924096
v 0.808691 -0.741267 5.929405
v 0.809260 -0.735769 5.928277
v 0.809164 -0.735998 5.922602
v 0.806930 -0.756124 5.915153
v 0.807745 -0.738981 5.911234
v 0.805995 -0.744546 5.906063
v 0.808288 -0.735253 5.912563
v 0.808922 -0.731654 5.915486
v 0.809332 -0.729190 5.920038
v 0.809661 -0.728433 5.926389
v 0.816277 -0.706752 5.935953
v 0.814804 -0.707563 5.927363
v 0.810237 -0.816878 5.882306
v 0.808101 -0.812671 5.875483
v 0.810856 -0.804127 5.875690
v 0.809692 -0.805548 5.873402
v 0.810739 -0.809331 5.878562
v 0.811105 -0.807124 5.879384
v 0.813797 -0.789525 5.860966
v 0.813251 -0.793448 5.865476
v 0.813255 -0.789982 5.866175
v 0.812804 -0.783433 5.862065
v 0.810264 -0.787425 5.878434
v 0.810873 -0.786814 5.873118
v 0.812399 -0.793795 5.874243
v 0.810968 -0.794656 5.878093
v 0.811459 -0.795615 5.882239
v 0.812730 -0.797506 5.885989
v 0.812861 -0.792061 5.887490
v 0.811212 -0.789340 5.883322
v 0.812856 -0.811559 5.882580
v 0.816745 -0.812502 5.887891
v 0.816688 -0.809852 5.888128
v 0.813547 -0.809102 5.883779
v 0.823712 -0.805759 5.896917
v 0.823285 -0.807471 5.895078
v 0.824237 -0.809321 5.897801
v 0.824748 -0.805370 5.899563
v 0.823406 -0.802260 5.898803
v 0.822762 -0.803946 5.895566
v 0.828189 -0.862844 5.852922
v 0.818073 -0.853153 5.868981
v 0.827071 -0.848858 5.839380
v 0.827289 -0.832515 5.831801
v 0.828796 -0.814871 5.828804
v 0.809573 -0.735764 5.890107
v 0.813243 -0.725285 5.890149
v 0.819243 -0.724979 5.876391
v 0.823467 -0.714871 5.879922
v 0.816575 -0.716137 5.894927
v 0.825291 -0.702239 5.910540
v 0.820918 -0.707510 5.901425
v 0.830188 -0.705555 5.885968
v 0.838986 -0.709190 5.868947
v 0.831204 -0.717925 5.866335
v 0.846802 -0.717259 5.854436
v 0.850450 -0.700950 5.871613
v 0.854810 -0.714218 5.853385
v 0.862575 -0.674537 5.896539
v 0.865856 -0.661798 5.897802
v 0.867907 -0.660959 5.883337
v 0.864409 -0.673325 5.881804
v 0.825350 -0.727814 5.864904
v 0.825531 -0.786687 5.839326
v 0.818872 -0.790776 5.847579
v 0.824964 -0.773341 5.841477
v 0.849085 -0.830340 5.803613
v 0.837711 -0.833791 5.817454
v 0.836441 -0.815874 5.817023
v 0.846956 -0.815397 5.804053
v 0.865081 -0.871292 5.813548
v 0.844626 -0.869160 5.832450
v 0.840561 -0.853749 5.823325
v 0.855705 -0.854396 5.807063
v 0.857066 -0.811222 5.794646
v 0.871047 -0.804451 5.785257
v 0.880987 -0.817252 5.778791
v 0.863985 -0.826397 5.789637
v 0.897250 -0.834724 5.774952
v 0.877133 -0.847402 5.788085
v 0.862076 -0.700820 5.857395
v 0.863145 -0.715474 5.845737
v 0.859273 -0.687363 5.879313
v 0.865492 -0.687154 5.865530
v 0.916845 -0.850075 5.777472
v 0.891461 -0.866264 5.793752
v 0.910652 -0.769826 5.782324
v 0.905204 -0.786518 5.775760
v 0.887509 -0.781078 5.783507
v 0.893633 -0.766565 5.787544
v 0.929791 -0.772748 5.779512
v 0.926013 -0.793249 5.772189
v 0.905535 -0.727631 5.816149
v 0.902357 -0.716533 5.831401
v 0.914478 -0.715663 5.831163
v 0.920371 -0.726649 5.815478
v 0.808791 -0.810570 5.862622
v 0.807884 -0.807764 5.869731
v 0.809909 -0.802381 5.865202
v 0.811664 -0.802637 5.857759
v 0.816715 -0.801990 5.848968
v 0.823669 -0.800712 5.839083
v 0.837958 -0.800694 5.818723
v 0.847476 -0.801622 5.806124
v 0.866184 -0.793468 5.790926
v 0.855489 -0.799345 5.798308
v 0.878868 -0.773481 5.791456
v 0.882955 -0.764390 5.793787
v 0.875579 -0.720388 5.834568
v 0.874487 -0.702242 5.847443
v 0.887951 -0.703080 5.843920
v 0.890098 -0.718358 5.832051
v 0.913232 -0.702496 5.842945
v 0.900769 -0.703192 5.843330
v 0.878725 -0.672754 5.861405
v 0.883550 -0.658862 5.863696
v 0.894873 -0.659749 5.857726
v 0.890837 -0.673135 5.856724
v 0.907331 -0.658724 5.854915
v 0.919122 -0.658923 5.854669
v 0.916317 -0.673547 5.853799
v 0.904716 -0.673384 5.854503
v 0.868987 -0.664500 5.921462
v 0.872204 -0.654298 5.922653
v 0.869279 -0.652663 5.911870
v 0.867005 -0.663330 5.910956
v 0.886969 -0.646392 5.863489
v 0.897503 -0.647568 5.855999
v 0.891460 -0.729428 5.818379
v 0.880748 -0.732646 5.819459
v 0.908974 -0.645796 5.852924
v 0.901412 -0.688147 5.851330
v 0.889351 -0.687089 5.853092
v 0.925215 -0.702355 5.843849
v 0.928600 -0.714510 5.832890
v 0.813349 -0.786362 5.906085
v 0.817637 -0.797590 5.894205
v 0.818278 -0.801113 5.892249
v 0.821356 -0.802682 5.894363
v 0.820694 -0.799943 5.896813
v 0.818369 -0.843015 5.894743
v 0.817131 -0.827547 5.902914
v 0.811564 -0.827572 5.890652
v 0.813671 -0.839564 5.882845
v 0.804783 -0.763555 5.882639
v 0.804933 -0.772574 5.890555
v 0.804107 -0.765481 5.897641
v 0.803940 -0.756383 5.893698
v 0.813085 -0.796153 5.868984
v 0.812559 -0.797500 5.867274
v 0.812451 -0.798557 5.870477
v 0.805842 -0.744329 5.900168
v 0.806248 -0.746181 5.891429
v 0.824271 -0.759453 5.846685
v 0.814620 -0.793893 5.855161
v 0.877175 -0.885578 5.827922
v 0.851710 -0.883521 5.848022
v 0.934616 -0.863384 5.787386
v 0.904900 -0.880662 5.806115
v 0.948396 -0.800411 5.773954
v 0.951697 -0.776193 5.782039
v 0.971855 -0.780266 5.787766
v 0.970786 -0.806849 5.776646
v 0.934731 -0.725213 5.818588
v 0.929569 -0.660592 5.857953
v 0.928141 -0.676333 5.855796
v 0.833060 -0.872696 5.866135
v 0.822540 -0.858313 5.883114
v 0.831612 -0.799849 5.828812
v 0.810556 -0.769393 5.862764
v 0.810145 -0.778324 5.865895
v 0.807836 -0.776188 5.871336
v 0.808022 -0.764966 5.869688
v 0.814728 -0.758746 5.859336
v 0.822860 -0.748093 5.855704
v 0.833139 -0.736145 5.851060
v 0.839736 -0.724210 5.853116
v 0.882331 -0.794853 5.780931
v 0.896180 -0.803751 5.774402
v 0.914374 -0.816828 5.769144
v 0.936660 -0.826297 5.770936
v 0.875970 -0.786941 5.786826
v 0.957650 -0.836477 5.778762
v 0.809336 -0.764730 5.927943
v 0.808879 -0.761784 5.920472
v 0.810457 -0.769601 5.927784
v 0.809311 -0.741893 5.934875
v 0.810706 -0.742880 5.939047
v 0.812042 -0.736902 5.938578
v 0.810286 -0.736044 5.933648
v 0.829593 -0.698406 5.930388
v 0.827626 -0.699081 5.921203
v 0.863994 -0.675029 5.920455
v 0.862826 -0.674246 5.910451
v 0.806186 -0.779460 5.926414
v 0.805880 -0.781063 5.927492
v 0.807484 -0.779234 5.924990
v 0.808455 -0.777573 5.924559
v 0.809628 -0.745500 5.918790
v 0.808381 -0.758915 5.935092
v 0.809360 -0.759719 5.937994
v 0.810459 -0.755655 5.938076
v 0.809299 -0.754879 5.935119
v 0.839847 -0.696416 5.895828
v 0.856821 -0.686150 5.895313
v 0.873850 -0.658844 5.873784
v 0.869405 -0.672437 5.870711
v 0.875898 -0.686882 5.856263
v 0.914703 -0.689675 5.850174
v 0.925913 -0.690055 5.851151
v 0.943883 -0.695214 5.864681
v 0.944529 -0.703615 5.860263
v 0.936186 -0.702384 5.850235
v 0.936297 -0.692080 5.856686
v 0.842367 -0.693286 5.913140
v 0.843367 -0.693379 5.923143
v 0.854909 -0.685180 5.919898
v 0.856944 -0.684612 5.909914
v 0.807699 -0.778163 5.932383
v 0.807130 -0.777416 5.935103
v 0.809462 -0.774873 5.933614
v 0.808688 -0.776602 5.930810
v 0.808201 -0.775006 5.925313
v 0.809444 -0.775576 5.926453
v 0.810009 -0.773493 5.927150
v 0.804752 -0.778597 5.926578
v 0.806974 -0.776435 5.924925
v 0.803666 -0.781489 5.932401
v 0.803272 -0.780641 5.929516
v 0.800062 -0.782718 5.935270
v 0.809523 -0.778892 5.929942
v 0.809712 -0.777268 5.928453
v 0.809683 -0.776676 5.924941
v 0.810808 -0.776847 5.925541
v 0.804688 -0.782048 5.930661
v 0.804967 -0.780858 5.928680
v 0.809250 -0.800785 5.924513
v 0.809752 -0.803797 5.929414
v 0.805327 -0.798405 5.934373
v 0.800638 -0.792500 5.939771
v 0.801273 -0.784283 5.941673
v 0.856085 -0.685449 5.927000
v 0.866415 -0.675937 5.927572
v 0.829842 -0.861953 5.896443
v 0.824965 -0.844856 5.905154
v 0.811192 -0.744130 5.917125
v 0.814820 -0.818279 5.889883
v 0.806545 -0.777218 5.879326
v 0.811234 -0.784969 5.898479
v 0.807900 -0.779251 5.894974
v 0.810458 -0.785543 5.890613
v 0.813310 -0.789858 5.894481
v 0.819096 -0.817475 5.898409
v 0.819871 -0.817512 5.909633
v 0.821955 -0.813137 5.903404
v 0.822599 -0.807432 5.905593
v 0.818580 -0.809364 5.913315
v 0.818524 -0.801094 5.909321
v 0.822007 -0.801459 5.903866
v 0.811252 -0.801450 5.872843
v 0.810799 -0.801618 5.869986
v 0.817564 -0.794979 5.905231
v 0.815020 -0.789847 5.901726
v 0.816821 -0.793461 5.897751
v 0.820057 -0.796926 5.900971
v 0.807776 -0.781116 5.885791
v 0.812809 -0.795806 5.861698
v 0.812083 -0.787550 5.868989
v 0.872698 -0.738610 5.817848
v 0.869026 -0.730401 5.829140
v 0.852370 -0.726449 5.837124
v 0.852671 -0.723966 5.846079
v 0.856836 -0.724475 5.843949
v 0.855746 -0.727049 5.836730
v 0.865896 -0.770393 5.802904
v 0.868073 -0.774744 5.798075
v 0.862392 -0.777950 5.801229
v 0.863367 -0.772212 5.804118
v 0.857995 -0.776405 5.806283
v 0.855905 -0.779551 5.806468
v 0.853327 -0.773914 5.810991
v 0.858264 -0.774043 5.806934
v 0.855327 -0.788731 5.802060
v 0.847765 -0.788885 5.811194
v 0.850128 -0.778278 5.813386
v 0.834476 -0.782277 5.830177
v 0.842384 -0.768841 5.827007
v 0.845936 -0.775126 5.820515
v 0.841705 -0.786930 5.820311
v 0.848196 -0.728178 5.843732
v 0.844004 -0.735849 5.841072
v 0.862509 -0.726112 5.838554
v 0.988685 -0.783944 5.801868
v 0.995112 -0.815317 5.787860
v 0.911008 -0.753829 5.791208
v 0.929229 -0.754849 5.789374
v 0.895454 -0.752959 5.794902
v 0.884324 -0.753393 5.800172
v 0.949434 -0.757051 5.790782
v 0.967832 -0.761317 5.799561
v 0.832945 -0.765793 5.835502
v 0.841198 -0.757618 5.832053
v 0.908681 -0.738636 5.802198
v 0.926112 -0.739332 5.801547
v 0.893940 -0.740107 5.805238
v 0.882876 -0.743112 5.807990
v 0.944323 -0.739571 5.803762
v 0.947244 -0.725897 5.827946
v 0.958462 -0.740753 5.811281
v 0.850571 -0.734798 5.832172
v 0.849732 -0.734644 5.836917
v 0.851401 -0.728717 5.838325
v 0.849505 -0.729215 5.834387
v 0.833424 -0.751360 5.841630
v 0.842178 -0.746389 5.836769
v 0.813187 -0.805094 5.919325
v 0.818329 -0.813921 5.919763
v 0.813998 -0.809033 5.924517
v 0.820880 -0.820692 5.915448
v 0.918708 -0.890150 5.823855
v 0.888271 -0.894517 5.844539
v 0.974994 -0.845947 5.793676
v 0.950661 -0.872961 5.804312
v 0.813107 -0.729904 5.943015
v 0.812809 -0.716969 5.945086
v 0.810004 -0.766868 5.932801
v 0.810914 -0.767009 5.935660
v 0.810342 -0.763058 5.936731
v 0.809289 -0.762624 5.933945
v 0.821487 -0.812356 5.893766
v 0.940900 -0.715030 5.840546
v 0.937274 -0.679902 5.861181
v 0.938728 -0.664998 5.864077
v 0.920895 -0.645927 5.853596
v 0.932192 -0.646894 5.858499
v 0.810530 -0.771130 5.934896
v 0.810072 -0.770935 5.931973
v 0.805263 -0.782492 5.929986
v 0.808547 -0.753027 5.930568
v 0.809639 -0.773694 5.930876
v 0.808912 -0.775866 5.929025
v 0.810134 -0.774687 5.936034
v 0.811411 -0.770989 5.936322
v 0.814965 -0.795144 5.891053
v 0.815321 -0.799575 5.889263
v 0.803899 -0.779468 5.936065
v 0.805876 -0.780517 5.933633
v 0.805324 -0.779080 5.939788
v 0.868236 -0.650770 5.899005
v 0.871141 -0.648656 5.885415
v 0.810355 -0.760116 5.939742
v 0.811572 -0.755927 5.939990
v 0.862049 -0.891923 5.864829
v 0.959099 -0.728577 5.842628
v 0.969517 -0.744223 5.827575
v 0.847658 -0.760554 5.825144
v 0.850873 -0.754706 5.822471
v 0.851694 -0.760752 5.818077
v 0.849073 -0.767528 5.820333
v 0.871496 -0.665721 5.928575
v 0.878038 -0.646896 5.873633
v 0.941987 -0.650713 5.865401
v 0.813270 -0.794597 5.869381
v 0.813257 -0.793907 5.871306
v 0.820637 -0.809177 5.892152
v 0.979017 -0.765508 5.813079
v 0.808690 -0.745875 5.929525
v 0.812003 -0.748658 5.928501
v 0.944233 -0.684333 5.868632
v 0.845287 -0.694299 5.929927
v 0.807439 -0.777165 5.937269
v 0.950530 -0.718350 5.850992
v 0.857539 -0.766403 5.811661
v 0.853201 -0.765720 5.812097
v 0.857120 -0.762407 5.815038
v 0.857125 -0.762691 5.814752
v 0.850593 -0.768490 5.812309
v 0.852270 -0.765195 5.811814
v 0.851528 -0.767848 5.809142
v 0.851347 -0.771612 5.808898
v 0.851032 -0.771171 5.815319
v 0.851196 -0.764919 5.815124
v 0.852833 -0.768807 5.805691
v 0.852425 -0.771620 5.805302
v 0.856946 -0.774619 5.806915
v 0.860466 -0.772906 5.806095
v 0.854134 -0.770399 5.800421
v 0.859332 -0.773988 5.802353
v 0.857088 -0.767219 5.795699
v 0.862527 -0.770502 5.797388
v 0.860738 -0.762281 5.792136
v 0.865800 -0.764451 5.794961
v 0.848027 -0.741995 5.833971
v 0.851428 -0.741023 5.829793
v 0.862329 -0.755857 5.792538
v 0.867797 -0.757075 5.796443
v 0.862972 -0.748158 5.794451
v 0.868177 -0.749286 5.798737
v 0.862165 -0.741222 5.798606
v 0.866748 -0.741921 5.802385
v 0.861175 -0.735045 5.803867
v 0.864724 -0.735069 5.807647
v 0.858861 -0.730617 5.810359
v 0.861536 -0.728974 5.815066
v 0.858079 -0.766367 5.798243
v 0.863616 -0.761677 5.797292
v 0.867794 -0.765922 5.804117
v 0.855541 -0.768671 5.801976
v 0.861111 -0.754580 5.812449
v 0.861369 -0.756667 5.814449
v 0.861035 -0.755751 5.813369
v 0.862783 -0.753522 5.813116
v 0.849558 -0.747416 5.825930
v 0.852216 -0.747006 5.825516
v 0.852899 -0.751282 5.822346
v 0.852716 -0.744301 5.828168
v 0.853557 -0.745203 5.828197
v 0.854910 -0.748011 5.826948
v 0.856587 -0.752750 5.824609
v 0.856971 -0.742310 5.827905
v 0.853561 -0.741363 5.825901
v 0.858175 -0.744680 5.828465
v 0.858349 -0.745189 5.829178
v 0.860369 -0.748751 5.828027
v 0.858752 -0.750893 5.826112
v 0.847007 -0.751359 5.829787
v 0.867495 -0.742097 5.816611
v 0.864455 -0.734572 5.825004
v 0.855866 -0.727994 5.817491
v 0.857480 -0.723932 5.822432
v 0.850672 -0.725580 5.832030
v 0.853687 -0.723168 5.828485
v 0.867784 -0.760901 5.805776
v 0.868248 -0.754761 5.808124
v 0.860248 -0.729688 5.831818
v 0.868402 -0.748732 5.811452
v 0.859200 -0.734940 5.810794
v 0.856915 -0.733875 5.815894
v 0.861257 -0.738345 5.805945
v 0.852409 -0.737577 5.825641
v 0.852014 -0.731250 5.828116
v 0.853563 -0.728143 5.823439
v 0.854161 -0.734874 5.820838
v 0.857181 -0.739018 5.811222
v 0.856577 -0.738424 5.815969
v 0.860766 -0.741914 5.812030
v 0.860873 -0.743956 5.820154
v 0.858605 -0.743167 5.824492
v 0.855370 -0.739399 5.821384
v 0.860308 -0.746413 5.820310
v 0.862429 -0.748970 5.816643
v 0.858725 -0.745760 5.826291
v 0.859532 -0.744294 5.808985
v 0.858518 -0.747718 5.806575
v 0.858894 -0.751389 5.808432
v 0.861666 -0.748863 5.811107
v 0.862992 -0.743375 5.802282
v 0.860501 -0.744901 5.804460
v 0.858585 -0.741122 5.807053
v 0.862187 -0.749950 5.802301
v 0.864532 -0.749405 5.799354
v 0.860007 -0.751181 5.803921
v 0.858368 -0.753556 5.806199
v 0.861735 -0.760301 5.800402
v 0.862604 -0.755335 5.801122
v 0.864779 -0.755994 5.797261
v 0.860481 -0.755228 5.803379
v 0.860021 -0.759229 5.802986
v 0.858620 -0.758171 5.805573
v 0.859375 -0.755753 5.804519
v 0.854365 -0.768362 5.807196
v 0.853673 -0.767605 5.809767
v 0.857728 -0.767545 5.804097
v 0.857235 -0.768790 5.805862
v 0.857466 -0.765599 5.806181
v 0.857128 -0.768363 5.807552
v 0.857665 -0.764095 5.808914
v 0.857479 -0.761979 5.812234
v 0.875045 -0.635785 5.926176
v 0.874551 -0.643923 5.923828
v 0.880147 -0.645499 5.931989
v 0.881840 -0.637521 5.934277
v 0.857974 -0.760976 5.807492
v 0.858515 -0.762666 5.804261
v 0.859947 -0.764539 5.801413
v 0.858342 -0.756496 5.810359
v 0.858557 -0.754996 5.809233
v 0.858385 -0.756444 5.807927
v 0.858112 -0.758772 5.809702
v 0.853781 -0.755639 5.819087
v 0.858883 -0.754808 5.818472
v 0.860210 -0.751826 5.818002
v 0.861974 -0.614639 5.904214
v 0.861058 -0.611528 5.884923
v 0.868157 -0.617555 5.884532
v 0.868260 -0.621158 5.901326
v 0.843858 -0.605939 5.918494
v 0.834348 -0.593585 5.931036
v 0.827049 -0.594250 5.916009
v 0.838544 -0.603280 5.893846
v 0.815926 -0.584501 5.932927
v 0.823312 -0.583054 5.945005
v 0.788366 -0.555487 5.975444
v 0.796644 -0.564953 5.961997
v 0.804759 -0.567270 5.973237
v 0.797078 -0.558293 5.986577
v 0.753571 -0.492479 6.010775
v 0.757156 -0.497456 6.019495
v 0.762515 -0.482473 6.027678
v 0.758706 -0.474952 6.017579
v 0.776941 -0.561699 5.918272
v 0.772807 -0.551592 5.916857
v 0.774302 -0.569955 5.907769
v 0.781553 -0.578431 5.907479
v 0.852870 -0.605393 5.844223
v 0.862481 -0.608071 5.846262
v 0.855101 -0.606656 5.866510
v 0.844537 -0.605961 5.866706
v 0.757666 -0.484745 5.956220
v 0.755736 -0.496615 5.961846
v 0.752898 -0.488372 5.971680
v 0.754962 -0.476610 5.967411
v 0.774370 -0.411153 5.995092
v 0.774976 -0.416022 6.011743
v 0.771705 -0.398697 6.017549
v 0.772671 -0.392799 6.000134
v 0.789124 -0.406069 5.935966
v 0.791198 -0.391527 5.940406
v 0.804827 -0.383775 5.925777
v 0.801604 -0.398013 5.921359
v 0.776482 -0.548541 5.956585
v 0.784460 -0.559486 5.943728
v 0.789735 -0.561940 5.952011
v 0.781582 -0.552154 5.965385
v 0.638273 -0.604262 5.893181
v 0.661520 -0.601120 5.888959
v 0.658600 -0.590521 5.900209
v 0.635366 -0.593342 5.904271
v 0.778983 -0.315416 5.976696
v 0.774993 -0.305030 5.982915
v 0.788839 -0.296609 5.970916
v 0.793452 -0.308204 5.964634
v 0.763359 -0.614982 5.858665
v 0.766642 -0.618365 5.835557
v 0.777206 -0.619141 5.833522
v 0.772769 -0.617093 5.857260
v 0.769276 -0.526843 5.932361
v 0.771166 -0.538062 5.924150
v 0.773627 -0.548844 5.927966
v 0.770056 -0.536325 5.937866
v 0.796182 -0.421019 5.907125
v 0.795241 -0.434369 5.898129
v 0.785418 -0.440740 5.909472
v 0.784822 -0.428145 5.919566
v 0.785884 -0.416608 5.928373
v 0.798343 -0.408740 5.915049
v 0.771197 -0.541131 5.943154
v 0.776781 -0.555202 5.932334
v 0.780370 -0.557788 5.937373
v 0.773168 -0.544935 5.949174
v 0.772267 -0.469100 6.033791
v 0.767590 -0.459671 6.021458
v 0.763501 -0.313254 5.998505
v 0.767623 -0.322851 5.992687
v 0.760541 -0.329908 6.010903
v 0.756247 -0.320651 6.016395
v 0.782818 -0.435932 6.022915
v 0.779193 -0.430971 6.008821
v 0.773687 -0.442268 6.008732
v 0.778339 -0.447015 6.021630
v 0.753605 -0.327916 6.035667
v 0.757812 -0.336361 6.030029
v 0.758413 -0.342528 6.048324
v 0.753880 -0.333981 6.054189
v 0.805874 -0.574729 5.947894
v 0.813317 -0.575231 5.959235
v 0.750750 -0.485736 5.992460
v 0.751245 -0.488541 6.001371
v 0.756184 -0.470587 6.006829
v 0.754862 -0.468470 5.996603
v 0.775574 -0.516941 5.908445
v 0.772397 -0.527891 5.902013
v 0.768103 -0.555049 5.905879
v 0.771295 -0.536105 5.913850
v 0.781906 -0.287546 5.973785
v 0.767778 -0.296690 5.985841
v 0.747799 -0.321295 6.039048
v 0.747806 -0.327968 6.058275
v 0.766540 -0.505336 5.870943
v 0.767033 -0.510277 5.876757
v 0.774846 -0.499635 5.876010
v 0.776184 -0.494582 5.868517
v 0.781019 -0.506855 6.043087
v 0.777593 -0.485191 6.042824
v 0.767085 -0.495968 6.033846
v 0.771013 -0.513017 6.031696
v 0.762142 -0.453165 5.998399
v 0.764418 -0.455250 6.009923
v 0.770010 -0.439885 5.996223
v 0.793568 -0.498610 6.052237
v 0.792687 -0.471455 6.049817
v 0.822493 -0.575760 5.971786
v 0.814516 -0.568749 5.984891
v 0.831440 -0.584465 5.958799
v 0.840855 -0.594705 5.947341
v 0.848691 -0.595933 5.961631
v 0.839710 -0.585572 5.972909
v 0.849563 -0.606477 5.937307
v 0.856496 -0.607674 5.952369
v 0.865593 -0.619057 5.921976
v 0.870790 -0.625037 5.917580
v 0.771683 -0.523973 5.920218
v 0.770437 -0.513620 5.926895
v 0.750018 -0.313777 6.019764
v 0.867984 -0.517836 5.814691
v 0.850015 -0.523847 5.812503
v 0.851152 -0.509963 5.817789
v 0.871722 -0.504508 5.820246
v 0.835517 -0.606969 5.863245
v 0.845406 -0.605506 5.840510
v 0.786512 -0.491900 5.847868
v 0.788621 -0.487657 5.852151
v 0.806004 -0.480091 5.849327
v 0.803453 -0.485356 5.845551
v 0.763139 -0.503419 5.862744
v 0.758513 -0.505776 5.859542
v 0.736069 -0.512342 5.859836
v 0.738691 -0.510926 5.863891
v 0.805944 -0.289351 5.962558
v 0.811326 -0.301844 5.957301
v 0.853511 -0.394871 5.894863
v 0.846029 -0.408427 5.885840
v 0.829030 -0.405427 5.893425
v 0.834729 -0.392313 5.901804
v 0.956168 -0.520217 5.884897
v 0.942062 -0.516456 5.868145
v 0.943529 -0.504150 5.873273
v 0.957045 -0.507067 5.889419
v 0.906765 -0.524725 5.829062
v 0.925033 -0.525225 5.845556
v 0.923223 -0.535819 5.841950
v 0.904891 -0.536658 5.825072
v 0.888843 -0.513893 5.822359
v 0.892826 -0.501433 5.828546
v 0.809930 -0.418210 5.895985
v 0.806545 -0.431838 5.888305
v 0.802218 -0.450779 5.872756
v 0.799492 -0.459232 5.868283
v 0.791378 -0.462005 5.876284
v 0.793013 -0.454205 5.881464
v 0.870983 -0.612722 5.849201
v 0.874713 -0.604642 5.831130
v 0.884601 -0.610383 5.835603
v 0.927644 -0.586010 5.844501
v 0.918592 -0.588891 5.838679
v 0.916130 -0.580357 5.835472
v 0.928130 -0.578572 5.845121
v 0.944673 -0.448879 5.894241
v 0.940670 -0.430603 5.903915
v 0.957199 -0.434273 5.917512
v 0.961464 -0.451218 5.907979
v 0.801588 -0.468022 5.859829
v 0.805488 -0.470811 5.855865
v 0.793157 -0.480861 5.856875
v 0.791582 -0.478109 5.860402
v 0.814504 -0.462348 5.856933
v 0.807686 -0.459453 5.862033
v 0.811172 -0.450805 5.865646
v 0.820142 -0.453289 5.859710
v 0.837764 -0.422056 5.878323
v 0.830179 -0.433998 5.870481
v 0.817627 -0.432069 5.878910
v 0.823356 -0.419323 5.886286
v 0.944231 -0.375131 5.953495
v 0.950713 -0.392927 5.941298
v 0.936846 -0.389121 5.929492
v 0.932976 -0.368936 5.941750
v 0.750379 -0.534533 5.884094
v 0.732472 -0.538898 5.887810
v 0.735502 -0.549846 5.891750
v 0.749274 -0.546064 5.888196
v 0.726100 -0.519811 5.843170
v 0.727477 -0.523227 5.838536
v 0.715646 -0.528312 5.836812
v 0.714439 -0.524465 5.840491
v 0.706534 -0.532584 5.890182
v 0.683451 -0.535138 5.895174
v 0.689959 -0.545591 5.898459
v 0.712584 -0.542211 5.893248
v 0.846864 -0.594525 5.816690
v 0.854602 -0.597608 5.819801
v 0.837494 -0.605443 5.836755
v 0.721859 -0.516479 5.877493
v 0.719899 -0.513632 5.872132
v 0.698800 -0.515452 5.874582
v 0.700004 -0.518479 5.881666
v 0.638826 -0.609630 5.877260
v 0.662252 -0.606474 5.873250
v 0.655796 -0.529599 5.893572
v 0.678395 -0.526589 5.891423
v 0.675861 -0.520905 5.884517
v 0.652177 -0.523125 5.885952
v 0.839822 -0.379499 5.909245
v 0.859062 -0.382392 5.904119
v 0.843016 -0.275444 5.959213
v 0.851479 -0.293213 5.953970
v 0.832492 -0.296215 5.953614
v 0.824574 -0.280740 5.958898
v 0.799820 -0.275673 5.967026
v 0.834441 -0.260665 5.965951
v 0.817033 -0.267406 5.964501
v 0.896232 -0.625653 5.847281
v 0.891360 -0.617200 5.840412
v 0.907435 -0.613696 5.839295
v 0.912192 -0.624626 5.845393
v 0.724597 -0.193942 5.980072
v 0.709145 -0.213751 5.986444
v 0.692519 -0.199499 5.997111
v 0.709013 -0.176149 5.993555
v 0.936947 -0.607561 5.853009
v 0.937914 -0.620322 5.855712
v 0.925923 -0.622665 5.849221
v 0.922728 -0.610150 5.844405
v 0.739643 -0.215098 5.972660
v 0.723540 -0.231385 5.980888
v 0.883630 -0.625808 5.857154
v 0.877776 -0.618362 5.852088
v 0.877003 -0.625859 5.871268
v 0.870900 -0.617322 5.868075
v 0.872419 -0.627784 5.885431
v 0.697414 -0.231429 5.998197
v 0.681141 -0.222834 6.004923
v 0.909266 -0.634937 5.850016
v 0.922853 -0.634444 5.851839
v 0.935647 -0.634066 5.858230
v 0.946770 -0.637579 5.865920
v 0.955449 -0.643324 5.874662
v 0.951703 -0.654491 5.874278
v 0.772423 -0.277933 5.975965
v 0.789189 -0.266137 5.968354
v 0.687184 -0.093478 6.082079
v 0.662957 -0.105034 6.093294
v 0.682409 -0.091871 6.117326
v 0.706352 -0.081282 6.102134
v 0.758376 -0.078046 6.147285
v 0.728570 -0.077213 6.125825
v 0.706911 -0.088292 6.140790
v 0.734963 -0.093064 6.163635
v 0.855065 -0.132942 6.056159
v 0.864449 -0.153762 6.045746
v 0.844427 -0.152217 6.025459
v 0.835563 -0.131244 6.034815
v 0.807495 -0.253991 5.966351
v 0.824928 -0.245492 5.968330
v 0.759955 -0.288184 5.987978
v 0.593087 -0.236715 6.058726
v 0.566832 -0.241679 6.076056
v 0.569635 -0.205620 6.074073
v 0.595058 -0.200496 6.056416
v 0.596699 -0.141525 6.099334
v 0.612868 -0.123673 6.122040
v 0.633823 -0.119047 6.106320
v 0.615927 -0.140001 6.081297
v 0.749214 -0.333843 6.077193
v 0.742161 -0.328404 6.081934
v 0.741506 -0.322023 6.062027
v 0.764652 -0.347422 6.126229
v 0.758340 -0.342512 6.132717
v 0.750378 -0.338522 6.117056
v 0.756388 -0.343376 6.109999
v 0.725060 -0.276004 6.158218
v 0.733670 -0.285895 6.146646
v 0.738418 -0.289000 6.161312
v 0.732422 -0.274949 6.170153
v 0.690595 -0.251223 6.014808
v 0.704479 -0.258971 6.013657
v 0.704357 -0.271097 6.034306
v 0.692561 -0.266920 6.035571
v 0.687042 -0.103800 6.155678
v 0.715658 -0.111849 6.175391
v 0.601113 -0.269352 6.071166
v 0.575112 -0.273452 6.086184
v 0.588754 -0.293679 6.107479
v 0.616067 -0.289534 6.091586
v 0.632326 -0.293821 6.117581
v 0.605335 -0.299271 6.132679
v 0.710650 -0.220279 6.189713
v 0.707022 -0.217196 6.186324
v 0.708530 -0.237269 6.169114
v 0.715069 -0.240100 6.174926
v 0.800717 -0.075145 6.112449
v 0.777169 -0.071993 6.091801
v 0.753521 -0.070542 6.108707
v 0.781836 -0.072512 6.129404
v 0.841649 -0.239742 5.974066
v 0.850992 -0.257207 5.970615
v 0.865292 -0.254366 5.979536
v 0.875295 -0.273514 5.970821
v 0.859671 -0.273781 5.964011
v 0.898959 -0.394859 5.902382
v 0.892868 -0.409253 5.889533
v 0.873133 -0.399970 5.891046
v 0.878928 -0.387115 5.901791
v 0.927542 -0.513848 5.850859
v 0.929579 -0.501701 5.856330
v 0.637017 -0.114441 6.147652
v 0.607590 -0.123897 6.158999
v 0.630431 -0.126805 6.182079
v 0.669915 -0.119416 6.172239
v 0.570718 -0.150478 6.115900
v 0.578797 -0.172622 6.081481
v 0.556317 -0.176210 6.099110
v 0.541189 -0.249178 6.092265
v 0.544032 -0.212528 6.091800
v 0.560787 -0.297777 6.123985
v 0.577756 -0.302422 6.148666
v 0.648725 -0.243575 6.196746
v 0.625123 -0.243944 6.207087
v 0.612830 -0.268675 6.191971
v 0.636574 -0.267945 6.179932
v 0.711953 -0.273836 6.124534
v 0.704081 -0.268015 6.119724
v 0.698931 -0.271619 6.089122
v 0.706605 -0.274833 6.087070
v 0.762299 -0.349342 6.104073
v 0.768186 -0.351517 6.117129
v 0.755278 -0.339816 6.072782
v 0.758130 -0.345498 6.089822
v 0.752070 -0.339378 6.094457
v 0.778919 -0.403507 6.077540
v 0.775327 -0.388701 6.086172
v 0.769235 -0.382356 6.069786
v 0.772019 -0.396991 6.060991
v 0.775596 -0.412935 6.051863
v 0.783063 -0.419576 6.068385
v 0.797366 -0.451890 6.050219
v 0.788812 -0.443439 6.036782
v 0.784589 -0.455994 6.035438
v 0.831883 -0.575950 5.984778
v 0.824551 -0.568044 5.996843
v 0.673527 -0.249186 6.020886
v 0.678361 -0.142794 6.194481
v 0.645213 -0.143071 6.202746
v 0.648111 -0.167008 6.215345
v 0.674322 -0.167823 6.207292
v 0.711167 -0.244756 5.995238
v 0.756142 -0.306064 6.002031
v 0.749794 -0.298208 6.004025
v 0.777633 -0.419900 5.956964
v 0.780921 -0.400630 5.958860
v 0.761740 -0.503182 6.025135
v 0.763509 -0.514721 6.020424
v 0.604635 -0.166802 6.062776
v 0.534919 -0.300382 6.141072
v 0.552217 -0.304377 6.165107
v 0.526440 -0.307083 6.183538
v 0.509420 -0.303527 6.158460
v 0.606313 -0.220990 6.225756
v 0.575434 -0.222790 6.235292
v 0.569634 -0.246005 6.230033
v 0.598837 -0.244204 6.218606
v 0.544197 -0.227473 6.246197
v 0.515024 -0.231432 6.258493
v 0.510458 -0.253567 6.258496
v 0.539356 -0.250503 6.243473
v 0.548274 -0.277221 6.103486
v 0.492920 -0.256184 6.127712
v 0.517880 -0.251848 6.109899
v 0.523145 -0.280181 6.120891
v 0.497543 -0.283621 6.138079
v 0.585044 -0.134501 6.135864
v 0.657085 -0.220274 6.207976
v 0.634699 -0.219656 6.216336
v 0.575910 -0.180773 6.231499
v 0.611219 -0.175214 6.224705
v 0.605532 -0.151976 6.213339
v 0.569884 -0.160270 6.220819
v 0.517301 -0.172882 6.145214
v 0.541492 -0.163702 6.130658
v 0.528965 -0.188403 6.115969
v 0.504330 -0.196915 6.132020
v 0.519730 -0.220376 6.109260
v 0.495771 -0.225899 6.126786
v 0.443535 -0.267053 6.164214
v 0.467998 -0.261123 6.145251
v 0.473026 -0.287931 6.156924
v 0.448315 -0.292459 6.177344
v 0.446851 -0.237651 6.160129
v 0.471155 -0.231357 6.143134
v 0.455422 -0.213073 6.164004
v 0.479653 -0.204777 6.147768
v 0.467791 -0.193800 6.174002
v 0.491897 -0.184135 6.159722
v 0.479450 -0.178889 6.187658
v 0.503595 -0.167834 6.175661
v 0.516491 -0.159180 6.193779
v 0.491127 -0.171057 6.203730
v 0.501826 -0.171089 6.221217
v 0.529662 -0.159423 6.212268
v 0.515164 -0.192379 6.249138
v 0.543553 -0.187458 6.239786
v 0.539123 -0.169137 6.228359
v 0.510341 -0.177811 6.236922
v 0.439690 -0.201458 6.274850
v 0.450435 -0.201364 6.272890
v 0.445497 -0.198647 6.256061
v 0.435726 -0.199597 6.258066
v 0.429845 -0.198496 6.242906
v 0.438761 -0.198660 6.240353
v 0.430546 -0.198728 6.225433
v 0.421487 -0.198947 6.228586
v 0.407342 -0.214998 6.206338
v 0.396269 -0.212310 6.212782
v 0.409729 -0.203322 6.217766
v 0.419561 -0.203366 6.212980
v 0.394423 -0.229884 6.201838
v 0.381580 -0.224616 6.210829
v 0.382692 -0.247524 6.205041
v 0.369189 -0.238862 6.217499
v 0.376129 -0.268946 6.218121
v 0.361903 -0.255716 6.234223
v 0.439624 -0.243043 6.292828
v 0.448813 -0.227027 6.291689
v 0.437236 -0.219162 6.299149
v 0.427554 -0.233375 6.302672
v 0.413665 -0.278436 6.290237
v 0.398078 -0.257584 6.299630
v 0.381771 -0.273961 6.292350
v 0.397380 -0.296638 6.279341
v 0.419086 -0.272589 6.183289
v 0.423259 -0.244580 6.177066
v 0.432672 -0.221143 6.178825
v 0.444333 -0.202491 6.186834
v 0.490328 -0.195424 6.258884
v 0.485211 -0.184502 6.244946
v 0.482864 -0.253673 6.272573
v 0.489486 -0.231932 6.271502
v 0.406226 -0.309299 6.239386
v 0.397220 -0.296554 6.218112
v 0.423749 -0.295177 6.198687
v 0.434448 -0.308978 6.219930
v 0.402028 -0.248581 6.192779
v 0.412065 -0.227259 6.191525
v 0.423795 -0.209867 6.197074
v 0.446430 -0.192016 6.219821
v 0.435009 -0.197268 6.206427
v 0.455311 -0.191235 6.235362
v 0.468503 -0.198116 6.267425
v 0.463485 -0.191546 6.251230
v 0.458287 -0.250145 6.283338
v 0.466948 -0.230191 6.281919
v 0.364704 -0.280366 6.272880
v 0.356268 -0.271723 6.249139
v 0.373325 -0.290350 6.234655
v 0.380782 -0.302060 6.257831
v 0.354768 -0.252218 6.284596
v 0.370944 -0.249294 6.301197
v 0.416045 -0.189376 6.232569
v 0.424489 -0.189357 6.245110
v 0.403744 -0.192816 6.222782
v 0.357468 -0.221840 6.231230
v 0.372419 -0.208953 6.218122
v 0.347996 -0.234162 6.248782
v 0.346733 -0.249603 6.263206
v 0.422735 -0.187514 6.304276
v 0.410312 -0.196094 6.311430
v 0.419480 -0.218619 6.307318
v 0.429492 -0.207129 6.301209
v 0.430811 -0.174250 6.279483
v 0.431751 -0.194300 6.275955
v 0.428630 -0.192090 6.260609
v 0.430892 -0.169567 6.263495
v 0.412982 -0.168394 6.234334
v 0.424527 -0.167324 6.247664
v 0.399276 -0.171456 6.223961
v 0.363774 -0.186082 6.226344
v 0.382228 -0.177179 6.219914
v 0.388831 -0.199556 6.216823
v 0.346432 -0.197719 6.244765
v 0.330617 -0.177103 6.279289
v 0.335621 -0.168574 6.253829
v 0.339569 -0.207852 6.270086
v 0.324726 -0.089406 6.331304
v 0.319638 -0.057062 6.342626
v 0.308868 -0.056596 6.324978
v 0.311986 -0.087852 6.312035
v 0.418801 -0.160623 6.311887
v 0.404233 -0.169580 6.318577
v 0.431766 -0.142354 6.268815
v 0.432448 -0.146997 6.286385
v 0.346291 -0.128377 6.240289
v 0.368905 -0.119546 6.230238
v 0.375508 -0.149794 6.224090
v 0.354289 -0.158589 6.233777
v 0.387638 -0.082078 6.354812
v 0.394963 -0.112138 6.344155
v 0.411705 -0.103071 6.335919
v 0.403935 -0.073484 6.347003
v 0.429946 -0.112098 6.277125
v 0.424679 -0.082385 6.287565
v 0.425349 -0.088177 6.307232
v 0.430606 -0.117346 6.296169
v 0.333250 -0.068055 6.266581
v 0.353518 -0.058558 6.256653
v 0.361756 -0.088532 6.240758
v 0.339684 -0.097834 6.251115
v 0.322933 -0.147493 6.289249
v 0.316598 -0.117489 6.299350
v 0.321990 -0.109337 6.272285
v 0.327803 -0.138923 6.261387
v 0.336696 -0.149251 6.311345
v 0.329988 -0.119861 6.320673
v 0.375306 -0.011933 6.363333
v 0.362750 -0.016835 6.370161
v 0.375356 -0.049860 6.362715
v 0.390277 -0.042926 6.355442
v 0.414782 -0.053078 6.299602
v 0.399603 -0.024820 6.312911
v 0.401709 -0.029929 6.329245
v 0.417051 -0.058621 6.318210
v 0.319377 -0.005940 6.303714
v 0.337287 0.002490 6.296365
v 0.345118 -0.027966 6.275721
v 0.326792 -0.037136 6.284318
v 0.304873 -0.022387 6.338933
v 0.306361 -0.015265 6.318777
v 0.311012 -0.048629 6.301856
v 0.314500 -0.023224 6.354766
v 0.307381 0.007831 6.368076
v 0.299403 0.009335 6.354505
v 0.362613 0.018236 6.373332
v 0.350311 0.013716 6.377993
v 0.372928 0.026537 6.356101
v 0.385917 -0.001661 6.342278
v 0.384580 0.002886 6.327781
v 0.372789 0.030759 6.343081
v 0.365902 0.008910 6.302398
v 0.355037 0.036364 6.320170
v 0.366834 0.035367 6.329906
v 0.378388 0.008459 6.313617
v 0.332010 0.031869 6.316411
v 0.345087 0.036025 6.316326
v 0.354812 0.009417 6.296733
v 0.314152 0.024503 6.321994
v 0.301347 0.016955 6.335709
v 0.704389 -0.155459 6.195006
v 0.695486 -0.151262 6.189633
v 0.688182 -0.174115 6.202268
v 0.696322 -0.181080 6.201097
v 0.557648 -0.273204 6.220674
v 0.585872 -0.270533 6.205626
v 0.502661 -0.276990 6.253948
v 0.529699 -0.276126 6.237391
v 0.474021 -0.275563 6.269574
v 0.426861 -0.259852 6.293362
v 0.446801 -0.270751 6.282589
v 0.414695 -0.244690 6.302332
v 0.404245 -0.226626 6.308735
v 0.393275 -0.202863 6.314426
v 0.379312 -0.148314 6.331793
v 0.385723 -0.175675 6.321318
v 0.399805 -0.141137 6.331297
v 0.365699 -0.088211 6.354845
v 0.373233 -0.118953 6.344330
v 0.346586 -0.019546 6.371673
v 0.356418 -0.054310 6.363207
v 0.335502 0.011517 6.378598
v 0.667905 -0.278704 6.132541
v 0.686665 -0.271710 6.123680
v 0.688453 -0.260701 6.150150
v 0.674162 -0.263331 6.157355
v 0.711978 -0.196373 6.198345
v 0.708514 -0.193908 6.197151
v 0.707122 -0.204550 6.193157
v 0.710464 -0.205981 6.194884
v 0.396336 -0.274014 6.201530
v 0.455612 -0.189197 6.198177
v 0.476863 -0.181352 6.228881
v 0.467551 -0.181770 6.212596
v 0.435151 -0.292531 6.277909
v 0.420789 -0.308154 6.261813
v 0.448503 -0.310203 6.242672
v 0.462231 -0.297013 6.260422
v 0.343563 -0.175065 6.304081
v 0.363436 -0.177392 6.316852
v 0.357694 -0.149218 6.324608
v 0.347358 -0.202172 6.297441
v 0.395097 -0.143927 6.226106
v 0.410888 -0.141201 6.236369
v 0.421704 -0.110407 6.257880
v 0.423575 -0.141004 6.250978
v 0.407990 -0.110608 6.241137
v 0.515394 -0.298179 6.224344
v 0.489879 -0.298594 6.242600
v 0.475544 -0.310099 6.223365
v 0.501161 -0.309097 6.203375
v 0.857285 -0.313482 5.947334
v 0.838556 -0.313654 5.947896
v 0.759595 -0.455844 5.973763
v 0.760507 -0.452431 5.986209
v 0.768880 -0.439117 5.982635
v 0.767687 -0.440311 5.967341
v 0.767017 -0.445951 5.955774
v 0.759558 -0.461885 5.962418
v 0.767462 -0.453963 5.944534
v 0.761234 -0.469817 5.950998
v 0.777983 -0.503386 5.901095
v 0.775261 -0.511130 5.895209
v 0.807661 -0.454686 6.065205
v 0.800578 -0.440021 6.073990
v 0.789130 -0.435788 6.059280
v 0.744975 -0.333850 6.100047
v 0.724977 -0.279844 6.108217
v 0.730355 -0.282956 6.128981
v 0.721965 -0.271719 6.143963
v 0.721912 -0.235193 6.190290
v 0.722254 -0.221391 6.200421
v 0.718472 -0.204296 6.203361
v 0.717993 -0.194052 6.203598
v 0.918276 -0.363489 5.932467
v 0.920595 -0.384224 5.920602
v 0.955075 -0.532409 5.881016
v 0.940206 -0.528299 5.863946
v 0.938281 -0.549012 5.858343
v 0.953067 -0.552816 5.874676
v 0.952935 -0.562639 5.872437
v 0.938635 -0.558883 5.857052
v 0.949442 -0.625156 5.865421
v 0.950810 -0.610433 5.865265
v 0.711949 -0.180314 6.198421
v 0.710087 -0.173083 6.198707
v 0.704696 -0.192514 6.197654
v 0.665114 -0.246108 6.185931
v 0.677942 -0.246366 6.178431
v 0.683513 -0.226377 6.192580
v 0.672232 -0.224173 6.199526
v 0.623534 -0.194816 6.038062
v 0.620653 -0.230530 6.041477
v 0.658859 -0.105412 6.132487
v 0.602831 -0.532213 5.887290
v 0.627970 -0.526851 5.886502
v 0.625140 -0.525121 5.875131
v 0.600449 -0.531330 5.875875
v 0.925882 -0.445991 5.880164
v 0.916082 -0.424941 5.890058
v 0.864336 -0.610954 5.866502
v 0.820800 -0.607882 5.832750
v 0.829357 -0.606137 5.834392
v 0.820319 -0.610126 5.856693
v 0.812493 -0.612761 5.855174
v 0.837125 -0.541726 5.806959
v 0.849798 -0.536732 5.807553
v 0.847796 -0.553748 5.804353
v 0.835400 -0.558265 5.804420
v 0.825831 -0.111503 6.046757
v 0.845117 -0.113764 6.068122
v 0.914300 -0.301576 5.979465
v 0.921707 -0.323956 5.967036
v 0.908456 -0.319242 5.957159
v 0.900619 -0.297313 5.969123
v 0.897936 -0.432746 5.872514
v 0.881889 -0.421181 5.876790
v 0.796921 -0.522182 6.045231
v 0.785668 -0.525537 6.034570
v 0.792724 -0.539738 6.023015
v 0.802911 -0.538748 6.033467
v 0.660032 -0.529821 5.847340
v 0.651255 -0.521338 5.863649
v 0.675566 -0.517459 5.865770
v 0.681554 -0.521240 5.853089
v 0.642848 -0.130413 6.066410
v 0.634093 -0.163640 6.042740
v 0.824728 -0.346651 5.929407
v 0.822592 -0.330533 5.940166
v 0.843611 -0.328723 5.935913
v 0.845865 -0.345372 5.924022
v 0.817343 -0.393385 5.910483
v 0.821838 -0.379651 5.916455
v 0.813134 -0.405155 5.903446
v 0.765397 -0.502357 5.866430
v 0.777380 -0.493184 5.862395
v 0.777416 -0.494495 5.858039
v 0.656969 -0.265894 6.167488
v 0.705403 -0.258252 6.146049
v 0.711448 -0.261389 6.152552
v 0.714512 -0.184337 6.198733
v 0.719085 -0.183758 6.202263
v 0.873022 -0.637608 5.885852
v 0.878774 -0.635397 5.873276
v 0.702056 -0.524612 5.886682
v 0.724807 -0.522365 5.881181
v 0.788633 -0.470225 5.873212
v 0.784130 -0.480167 5.871940
v 0.780083 -0.486719 5.879651
v 0.782803 -0.477774 5.882515
v 0.795391 -0.467317 5.865499
v 0.788246 -0.477667 5.865397
v 0.782521 -0.568632 5.921141
v 0.788263 -0.582243 5.908571
v 0.794602 -0.583877 5.912354
v 0.787351 -0.571454 5.925207
v 0.792970 -0.571736 5.930525
v 0.801973 -0.584249 5.916351
v 0.808886 -0.584448 5.923210
v 0.798977 -0.572881 5.938137
v 0.850167 -0.609450 5.887866
v 0.851637 -0.612848 5.909074
v 0.856927 -0.614901 5.928310
v 0.862558 -0.617340 5.943781
v 0.951279 -0.595718 5.866212
v 0.935373 -0.592180 5.850669
v 0.938055 -0.579113 5.853471
v 0.951441 -0.583058 5.867948
v 0.964972 -0.586082 5.881701
v 0.964093 -0.598589 5.878778
v 0.870605 -0.632226 5.899710
v 0.871993 -0.633396 5.914149
v 0.873921 -0.628556 5.930945
v 0.637815 -0.608212 5.863211
v 0.660729 -0.605932 5.858246
v 0.896779 -0.635749 5.853561
v 0.886761 -0.635223 5.862197
v 0.634420 -0.600651 5.850346
v 0.657113 -0.598266 5.845806
v 0.817370 -0.603311 5.881211
v 0.810317 -0.604916 5.878194
v 0.827769 -0.608060 5.859666
v 0.869970 -0.641639 5.898836
v 0.871161 -0.642160 5.912376
v 0.644911 -0.205588 6.024349
v 0.642193 -0.234862 6.030014
v 0.783081 -0.327614 5.969834
v 0.771376 -0.334372 5.985761
v 0.802412 -0.412467 6.106003
v 0.797569 -0.397033 6.114191
v 0.785028 -0.393461 6.100527
v 0.789378 -0.408366 6.092337
v 0.821023 -0.456712 6.079263
v 0.815181 -0.441816 6.087750
v 0.876189 -0.655010 5.930266
v 0.767534 -0.360079 6.100082
v 0.771843 -0.374378 6.093780
v 0.781927 -0.378275 6.107823
v 0.777625 -0.362274 6.115742
v 0.773892 -0.351188 6.128121
v 0.770554 -0.348652 6.132499
v 0.723602 -0.266118 6.168637
v 0.729148 -0.264520 6.177189
v 0.721736 -0.595410 5.877866
v 0.724124 -0.606293 5.862581
v 0.739963 -0.609550 5.861446
v 0.736583 -0.596045 5.876215
v 0.759795 -0.349278 6.066468
v 0.762486 -0.356134 6.084065
v 0.775687 -0.507319 5.914664
v 0.779547 -0.493611 5.906756
v 0.807064 -0.472544 6.063267
v 0.775052 -0.526975 6.022939
v 0.781953 -0.538942 6.011907
v 0.767304 -0.526855 6.011668
v 0.773597 -0.537318 6.000875
v 0.721853 -0.172213 6.200544
v 0.717871 -0.173762 6.197882
v 0.726446 -0.554434 5.816340
v 0.722014 -0.546954 5.821547
v 0.735314 -0.541516 5.820146
v 0.739568 -0.549685 5.814266
v 0.662654 -0.197358 6.212516
v 0.678818 -0.201338 6.206511
v 0.704481 -0.129135 6.182514
v 0.715866 -0.138576 6.191792
v 0.732980 -0.131890 6.193657
v 0.736849 -0.125755 6.190731
v 0.595715 -0.292245 6.172375
v 0.622860 -0.289495 6.157363
v 0.568404 -0.293786 6.188509
v 0.541182 -0.296661 6.206013
v 0.386439 -0.233874 6.306718
v 0.370106 -0.207809 6.310046
v 0.351563 -0.119102 6.333618
v 0.344988 -0.088513 6.343709
v 0.337703 -0.056129 6.353975
v 0.320462 0.009540 6.375237
v 0.329865 -0.022266 6.364713
v 0.628503 -0.588850 5.841784
v 0.620113 -0.575799 5.837950
v 0.644066 -0.570173 5.833175
v 0.652525 -0.585305 5.836692
v 0.661058 -0.537857 5.898367
v 0.638725 -0.540986 5.900744
v 0.644425 -0.551670 5.905361
v 0.666902 -0.548781 5.901937
v 0.615091 -0.543961 5.903401
v 0.633244 -0.532389 5.894634
v 0.608549 -0.536302 5.896440
v 0.601018 -0.535394 5.862910
v 0.625937 -0.527592 5.862329
v 0.629630 -0.535770 5.848883
v 0.604029 -0.543041 5.852206
v 0.613381 -0.563121 5.839301
v 0.608063 -0.552020 5.844521
v 0.632261 -0.545199 5.841030
v 0.636703 -0.556441 5.835337
v 0.631068 -0.580138 5.910629
v 0.654304 -0.577631 5.906207
v 0.649392 -0.564702 5.908027
v 0.626261 -0.567078 5.912285
v 0.724318 -0.610916 5.844982
v 0.740948 -0.614802 5.841725
v 0.768015 -0.536708 5.891252
v 0.765025 -0.539999 5.889960
v 0.759063 -0.559022 5.890718
v 0.764857 -0.555498 5.897055
v 0.685476 -0.604168 5.868930
v 0.682902 -0.604276 5.854417
v 0.705284 -0.606439 5.849426
v 0.706407 -0.604231 5.865011
v 0.677454 -0.573469 5.901316
v 0.699365 -0.570003 5.898063
v 0.695265 -0.557500 5.899992
v 0.672192 -0.561437 5.903734
v 0.674953 -0.517533 5.875412
v 0.650208 -0.520665 5.875453
v 0.735459 -0.581141 5.886298
v 0.719048 -0.581739 5.888874
v 0.774312 -0.498581 5.921695
v 0.784576 -0.470110 5.886946
v 0.785358 -0.461719 5.892312
v 0.754308 -0.469392 5.987599
v 0.751215 -0.484093 5.984747
v 0.777042 -0.450878 5.922275
v 0.775800 -0.439998 5.933366
v 0.752095 -0.482221 5.978774
v 0.754222 -0.471575 5.978119
v 0.776971 -0.422033 6.027603
v 0.869349 -0.622696 5.936854
v 0.702282 -0.583230 5.892235
v 0.704400 -0.595810 5.881500
v 0.699646 -0.516377 5.857193
v 0.697998 -0.514561 5.866596
v 0.719109 -0.513080 5.865558
v 0.717701 -0.513701 5.859746
v 0.863729 -0.450594 5.851465
v 0.853886 -0.443507 5.857215
v 0.866859 -0.432192 5.865668
v 0.879865 -0.441185 5.860414
v 0.730386 -0.571323 5.810616
v 0.745018 -0.569803 5.806231
v 0.744005 -0.581431 5.806158
v 0.727561 -0.581113 5.811778
v 0.743923 -0.595283 5.810322
v 0.742206 -0.608955 5.822135
v 0.724392 -0.606002 5.827777
v 0.726004 -0.593523 5.816709
v 0.674545 -0.191544 6.009241
v 0.691752 -0.163595 6.008925
v 0.741689 -0.314372 6.042510
v 0.743907 -0.306546 6.022792
v 0.713098 -0.284260 6.082800
v 0.699352 -0.222583 6.188601
v 0.699241 -0.242221 6.171217
v 0.643280 -0.192116 6.219615
v 0.665762 -0.211767 6.013451
v 0.577790 -0.201705 6.235250
v 0.610486 -0.198241 6.227438
v 0.558833 -0.147555 6.202970
v 0.592330 -0.136504 6.193489
v 0.574187 -0.134826 6.171337
v 0.544422 -0.146175 6.182705
v 0.556817 -0.144760 6.149501
v 0.530000 -0.155445 6.162532
v 0.460561 -0.307809 6.198411
v 0.416511 -0.079419 6.267847
v 0.392052 -0.048904 6.265944
v 0.406096 -0.049663 6.281108
v 0.402118 -0.079249 6.251005
v 0.390507 -0.113575 6.231047
v 0.383265 -0.082205 6.240970
v 0.315954 -0.080140 6.286523
v 0.391402 -0.021401 6.296666
v 0.378574 -0.020199 6.283731
v 0.373046 -0.052567 6.256820
v 0.362519 -0.022572 6.276252
v 0.688662 -0.205306 6.201209
v 0.742594 -0.113011 6.187740
v 0.649485 -0.262401 6.046411
v 0.626697 -0.264569 6.056749
v 0.698396 -0.267602 6.118451
v 0.689852 -0.275035 6.090723
v 0.762018 -0.346986 6.023281
v 0.762668 -0.353370 6.041428
v 0.769525 -0.375340 6.007128
v 0.765671 -0.359834 6.015417
v 0.768324 -0.354099 5.996270
v 0.771962 -0.369644 5.988293
v 0.789025 -0.356726 5.953078
v 0.786827 -0.341226 5.961633
v 0.802996 -0.334898 5.948834
v 0.805390 -0.350869 5.939012
v 0.817933 -0.315499 5.950898
v 0.798858 -0.321079 5.957680
v 0.898072 -0.336669 5.938492
v 0.901765 -0.357763 5.926241
v 0.884648 -0.352413 5.922654
v 0.880949 -0.332894 5.935324
v 0.718599 -0.264453 6.160427
v 0.701503 -0.206470 6.194920
v 0.645573 -0.285660 6.143224
v 0.657551 -0.287277 6.103841
v 0.642939 -0.283246 6.077913
v 0.728401 -0.530219 5.884099
v 0.820562 -0.472355 5.848579
v 0.820461 -0.478639 5.843868
v 0.703551 -0.600967 5.834637
v 0.704483 -0.589528 5.824546
v 0.718164 -0.567389 5.895447
v 0.752628 -0.612649 5.860497
v 0.759807 -0.601512 5.877461
v 0.749930 -0.598732 5.876194
v 0.701361 -0.271138 6.058703
v 0.693932 -0.266699 6.059872
v 0.683648 -0.260124 6.036369
v 0.716639 -0.149582 6.194645
v 0.729001 -0.143893 6.194775
v 0.700271 -0.257532 6.146300
v 0.517414 -0.210400 6.256563
v 0.545658 -0.206830 6.245722
v 0.492699 -0.211872 6.267672
v 0.469552 -0.213104 6.278003
v 0.451994 -0.211519 6.286469
v 0.439796 -0.206656 6.290278
v 0.429632 -0.199673 6.290946
v 0.427347 -0.180883 6.293503
v 0.416138 -0.132236 6.323602
v 0.427586 -0.153474 6.300847
v 0.425556 -0.124575 6.311772
v 0.420934 -0.095119 6.323665
v 0.398618 -0.035765 6.343225
v 0.413489 -0.064919 6.334002
v 0.383385 -0.004532 6.352389
v 0.370346 0.024320 6.364542
v 0.716603 -0.168086 6.197378
v 0.717387 -0.157858 6.196253
v 0.825056 -0.601529 5.885608
v 0.779441 -0.489707 5.891932
v 0.777197 -0.497340 5.887847
v 0.734791 -0.564913 5.892231
v 0.757407 -0.102520 6.176683
v 0.777955 -0.090640 6.163573
v 0.659425 -0.550909 5.833477
v 0.666713 -0.565145 5.829413
v 0.717092 -0.553330 5.895809
v 0.771427 -0.521270 5.888413
v 0.769238 -0.525936 5.887919
v 0.530766 -0.688177 5.917123
v 0.525341 -0.701256 5.929051
v 0.517420 -0.701454 5.921276
v 0.521933 -0.687187 5.909145
v 0.535756 -0.685550 5.927484
v 0.529486 -0.698019 5.938735
v 0.507226 -0.654820 5.962170
v 0.498626 -0.671143 5.968923
v 0.509871 -0.675050 5.967026
v 0.518561 -0.659568 5.959932
v 0.522963 -0.705503 5.958618
v 0.529747 -0.692846 5.948185
v 0.526221 -0.686252 5.956236
v 0.518594 -0.699812 5.965665
v 0.484309 -0.651509 5.951144
v 0.492110 -0.634335 5.945782
v 0.485732 -0.635668 5.934391
v 0.478821 -0.653140 5.940130
v 0.546332 -0.600825 5.932433
v 0.555181 -0.594380 5.926847
v 0.545356 -0.586190 5.929782
v 0.535890 -0.593790 5.934971
v 0.542620 -0.661904 5.893867
v 0.536704 -0.674834 5.905392
v 0.527139 -0.672640 5.897165
v 0.532318 -0.657854 5.886141
v 0.550079 -0.647445 5.928535
v 0.557854 -0.634419 5.918545
v 0.552690 -0.625705 5.928162
v 0.544487 -0.638385 5.937572
v 0.537891 -0.642274 5.876103
v 0.548659 -0.647401 5.882350
v 0.534306 -0.673306 5.947042
v 0.542280 -0.660313 5.937882
v 0.536124 -0.651904 5.946239
v 0.527410 -0.665921 5.954604
v 0.472928 -0.685895 5.963410
v 0.477900 -0.668751 5.957121
v 0.473623 -0.670717 5.946481
v 0.469488 -0.688210 5.953538
v 0.510976 -0.694908 5.970505
v 0.519050 -0.680189 5.962359
v 0.501914 -0.690727 5.974264
v 0.492089 -0.709664 5.926848
v 0.495398 -0.693420 5.915259
v 0.506831 -0.698140 5.916685
v 0.502947 -0.713371 5.928640
v 0.525856 -0.624394 5.948203
v 0.516215 -0.639384 5.955505
v 0.527317 -0.644902 5.952560
v 0.536252 -0.630736 5.944411
v 0.549758 -0.660491 5.905225
v 0.542695 -0.672809 5.916382
v 0.498700 -0.676966 5.904235
v 0.502970 -0.659369 5.893694
v 0.515824 -0.666460 5.893774
v 0.511048 -0.682606 5.904728
v 0.496975 -0.633084 5.891009
v 0.492643 -0.651628 5.899001
v 0.486360 -0.644375 5.909114
v 0.491632 -0.625544 5.902427
v 0.524623 -0.605178 5.941198
v 0.536232 -0.610954 5.939834
v 0.501453 -0.617377 5.940115
v 0.511779 -0.601285 5.935474
v 0.502801 -0.600180 5.923935
v 0.493684 -0.617661 5.928741
v 0.575763 -0.623824 5.888051
v 0.567704 -0.632981 5.896663
v 0.562903 -0.636811 5.883160
v 0.570383 -0.626188 5.875131
v 0.554156 -0.634627 5.872509
v 0.559499 -0.622761 5.864765
v 0.563996 -0.595506 5.852849
v 0.555710 -0.603191 5.856875
v 0.548029 -0.590540 5.856683
v 0.555820 -0.584193 5.853384
v 0.505513 -0.593712 5.877941
v 0.501026 -0.613717 5.883725
v 0.497159 -0.605757 5.896726
v 0.503319 -0.585012 5.891550
v 0.514458 -0.565536 5.904535
v 0.506232 -0.582089 5.905893
v 0.512772 -0.583800 5.919933
v 0.522169 -0.570869 5.917881
v 0.566052 -0.545635 5.899149
v 0.551211 -0.549568 5.902392
v 0.558537 -0.554469 5.911528
v 0.571927 -0.551292 5.907813
v 0.575681 -0.573825 5.919585
v 0.582204 -0.585022 5.916988
v 0.592448 -0.583679 5.915541
v 0.587051 -0.571344 5.917288
v 0.598755 -0.612072 5.871592
v 0.592137 -0.612696 5.875334
v 0.587766 -0.608656 5.860260
v 0.595539 -0.605220 5.857709
v 0.511394 -0.576744 5.873902
v 0.509978 -0.564047 5.888319
v 0.566036 -0.576891 5.921948
v 0.555448 -0.581083 5.925844
v 0.564378 -0.590310 5.922616
v 0.574237 -0.587130 5.918706
v 0.583163 -0.605089 5.903605
v 0.575391 -0.608371 5.908075
v 0.578693 -0.615760 5.896921
v 0.585749 -0.612114 5.893415
v 0.586113 -0.616637 5.878925
v 0.578744 -0.621377 5.884009
v 0.574076 -0.621423 5.870574
v 0.581133 -0.614839 5.865129
v 0.518483 -0.567120 5.871853
v 0.525722 -0.560563 5.872101
v 0.533116 -0.569311 5.864620
v 0.526834 -0.576786 5.864364
v 0.532591 -0.561871 5.916923
v 0.525209 -0.557351 5.905203
v 0.567347 -0.610198 5.911925
v 0.571326 -0.599765 5.916305
v 0.562173 -0.602131 5.921340
v 0.565539 -0.614472 5.860218
v 0.561599 -0.542761 5.889618
v 0.578771 -0.538008 5.887961
v 0.576559 -0.537832 5.876987
v 0.559344 -0.542833 5.879227
v 0.583952 -0.541539 5.897720
v 0.590082 -0.548015 5.905840
v 0.609220 -0.582333 5.913635
v 0.603709 -0.570037 5.915119
v 0.613048 -0.595482 5.907048
v 0.595828 -0.596320 5.908775
v 0.598199 -0.606839 5.897382
v 0.615603 -0.606615 5.895845
v 0.616518 -0.610324 5.866969
v 0.612647 -0.602612 5.854007
v 0.589074 -0.596126 5.850168
v 0.605504 -0.592091 5.846600
v 0.567608 -0.563297 5.917254
v 0.556495 -0.566832 5.920333
v 0.488210 -0.669538 5.908179
v 0.485144 -0.687216 5.918264
v 0.477989 -0.680455 5.925644
v 0.481697 -0.662614 5.916836
v 0.473977 -0.674841 5.935509
v 0.470471 -0.692290 5.943483
v 0.544681 -0.667725 5.927622
v 0.536994 -0.680370 5.937858
v 0.523936 -0.710475 5.949954
v 0.570201 -0.618736 5.902585
v 0.564797 -0.624187 5.909185
v 0.548358 -0.573484 5.857452
v 0.557489 -0.569134 5.854786
v 0.564127 -0.579337 5.850548
v 0.521864 -0.588695 5.865466
v 0.537340 -0.598114 5.861498
v 0.532329 -0.616154 5.866751
v 0.517194 -0.605024 5.869085
v 0.534649 -0.556333 5.872267
v 0.546266 -0.552231 5.870546
v 0.551116 -0.559824 5.861475
v 0.540891 -0.564047 5.863555
v 0.599262 -0.612179 5.885937
v 0.591800 -0.610932 5.890290
v 0.591130 -0.569475 5.844025
v 0.596825 -0.580980 5.843353
v 0.581564 -0.585745 5.847282
v 0.575240 -0.575026 5.847496
v 0.571809 -0.590160 5.850136
v 0.585742 -0.559098 5.848163
v 0.569129 -0.564723 5.851751
v 0.617213 -0.611723 5.881868
v 0.560589 -0.547440 5.868034
v 0.577804 -0.542010 5.865494
v 0.581224 -0.549915 5.855402
v 0.564389 -0.555212 5.858429
v 0.478541 -0.657004 5.928084
v 0.484341 -0.639025 5.921409
v 0.532926 -0.577304 5.927501
v 0.522879 -0.587060 5.931372
v 0.543939 -0.570869 5.924163
v 0.494516 -0.652191 5.959376
v 0.486713 -0.668887 5.965430
v 0.513576 -0.619770 5.947474
v 0.503658 -0.635586 5.953144
v 0.507345 -0.641799 5.884455
v 0.533058 -0.551933 5.894056
v 0.521077 -0.554375 5.893165
v 0.537249 -0.553487 5.905038
v 0.597667 -0.557737 5.912223
v 0.579598 -0.560259 5.914796
v 0.515269 -0.559700 5.879804
v 0.620864 -0.554994 5.909188
v 0.549687 -0.612315 5.860700
v 0.580077 -0.600255 5.853089
v 0.572852 -0.606905 5.856497
v 0.513283 -0.715457 5.933029
v 0.552368 -0.655134 5.917530
v 0.559991 -0.615223 5.919043
v 0.553985 -0.607818 5.927053
v 0.546051 -0.548219 5.892447
v 0.543995 -0.548297 5.881940
v 0.531535 -0.551949 5.883399
v 0.586298 -0.596093 5.910754
v 0.589395 -0.606018 5.900035
v 0.480329 -0.685467 5.971417
v 0.579486 -0.597172 5.912627
v 0.543852 -0.626340 5.867420
v 0.954049 -0.543236 5.877848
v 0.969513 -0.536692 5.895453
v 0.968597 -0.547512 5.892370
v 0.776160 -0.430106 5.944213
v 0.776373 -0.428080 5.994051
v 0.775367 -0.424186 5.977982
v 0.780956 -0.481899 5.896924
v 0.780841 -0.472374 5.903311
v 0.768478 -0.515600 5.883836
v 0.773763 -0.508179 5.883691
v 0.769754 -0.463903 5.933160
v 0.872540 -0.769473 5.797622
v 0.874592 -0.762789 5.799915
v 0.871692 -0.780183 5.792343
v 0.779478 -0.355422 6.125561
v 0.777881 -0.349381 6.141322
v 0.774886 -0.348701 6.143102
v 0.858825 -0.758014 5.813222
v 0.863229 -0.750965 5.812729
v 0.859401 -0.754233 5.810517
v 0.856878 -0.761694 5.814116
v 0.858306 -0.759443 5.814494
v 0.863809 -0.785405 5.795663
v 0.875027 -0.755354 5.804359
v 0.874160 -0.747017 5.809578
v 0.860031 -0.776269 5.804408
v 0.883009 -0.234482 6.007011
v 0.874736 -0.213168 6.010222
v 0.890086 -0.216445 6.027228
v 0.897044 -0.238506 6.022180
v 0.901382 -0.200543 6.052905
v 0.907555 -0.222819 6.045116
v 0.881643 -0.194684 6.033235
v 0.774964 -0.177795 5.975616
v 0.789682 -0.196229 5.969046
v 0.771733 -0.212360 5.966061
v 0.756894 -0.195348 5.970377
v 0.767433 -0.242570 5.969157
v 0.754268 -0.230011 5.970249
v 0.785601 -0.227115 5.965903
v 0.751649 -0.257787 5.978895
v 0.738516 -0.245944 5.980138
v 0.739559 -0.270387 5.993200
v 0.726069 -0.258653 5.994223
v 0.718334 -0.268871 6.011792
v 0.716217 -0.277802 6.032186
v 0.711112 -0.274919 6.056242
v 0.717843 -0.285954 6.054615
v 0.721916 -0.291067 6.077151
v 0.728462 -0.293974 6.099346
v 0.733255 -0.298371 6.120033
v 0.738091 -0.301738 6.137637
v 0.743781 -0.304783 6.152933
v 0.751783 -0.306840 6.164911
v 0.745395 -0.290692 6.172326
v 0.818869 -0.595039 5.905631
v 0.889783 -0.594747 5.825281
v 0.863218 -0.599722 5.825367
v 0.878047 -0.588167 5.819718
v 0.867500 -0.531543 5.810134
v 0.887503 -0.526722 5.817517
v 0.885005 -0.541201 5.814065
v 0.863846 -0.548841 5.807325
v 0.903081 -0.585626 5.828301
v 0.908394 -0.591342 5.832924
v 0.894446 -0.576894 5.822485
v 0.911238 -0.570269 5.831474
v 0.924874 -0.566467 5.841618
v 0.827830 -0.594377 5.815706
v 0.817118 -0.597478 5.814163
v 0.822742 -0.578564 5.805826
v 0.833827 -0.575871 5.805565
v 0.836617 -0.527522 5.812193
v 0.825250 -0.532206 5.811149
v 0.823867 -0.519777 5.817327
v 0.836583 -0.514518 5.818109
v 0.782001 -0.608995 5.814057
v 0.770024 -0.610290 5.815349
v 0.774027 -0.595508 5.803974
v 0.787233 -0.593019 5.803582
v 0.825773 -0.547855 5.806047
v 0.907844 -0.447739 5.866340
v 0.890655 -0.453129 5.855149
v 0.872731 -0.459784 5.846005
v 0.820091 -0.484930 5.838691
v 0.835904 -0.470676 5.844272
v 0.837041 -0.477997 5.838734
v 0.803497 -0.491192 5.839653
v 0.789380 -0.496267 5.840473
v 0.767540 -0.603383 5.878692
v 0.762521 -0.581798 5.892996
v 0.757125 -0.580988 5.888025
v 0.756587 -0.510283 5.848550
v 0.756761 -0.508383 5.852661
v 0.769999 -0.501068 5.851285
v 0.770687 -0.502333 5.847073
v 0.837915 -0.593199 5.816316
v 0.775491 -0.579387 5.800121
v 0.774210 -0.564627 5.802411
v 0.788894 -0.561407 5.802977
v 0.789872 -0.576353 5.801079
v 0.773677 -0.552121 5.806414
v 0.770657 -0.540112 5.812274
v 0.785122 -0.534759 5.813329
v 0.788614 -0.547740 5.806890
v 0.757658 -0.512714 5.842631
v 0.773492 -0.504935 5.841969
v 0.755104 -0.617259 5.838506
v 0.799487 -0.615149 5.831308
v 0.809904 -0.611743 5.832138
v 0.803295 -0.616197 5.855466
v 0.793836 -0.618304 5.855698
v 0.750159 -0.524797 5.880388
v 0.747656 -0.518183 5.876390
v 0.744537 -0.512936 5.873007
v 0.774449 -0.497846 5.855359
v 0.741086 -0.510713 5.868581
v 0.748829 -0.561802 5.889473
v 0.747739 -0.579702 5.885370
v 0.795725 -0.608316 5.877108
v 0.786869 -0.607906 5.878149
v 0.756724 -0.610293 5.818225
v 0.759034 -0.596220 5.806183
v 0.722597 -0.517527 5.847980
v 0.737146 -0.514084 5.850883
v 0.739051 -0.515460 5.846351
v 0.791194 -0.484131 5.854830
v 0.770898 -0.500036 5.854755
v 0.805773 -0.602523 5.812503
v 0.759201 -0.566572 5.803804
v 0.759475 -0.580555 5.802009
v 0.800582 -0.542090 5.808005
v 0.813152 -0.536972 5.809681
v 0.814357 -0.550330 5.804872
v 0.802362 -0.555812 5.803741
v 0.751391 -0.535077 5.819641
v 0.755637 -0.545643 5.812055
v 0.811162 -0.525786 5.816011
v 0.798422 -0.530059 5.814588
v 0.740296 -0.518435 5.841081
v 0.803304 -0.607265 5.876566
v 0.801876 -0.596250 5.896814
v 0.795195 -0.596506 5.894112
v 0.787641 -0.594550 5.894212
v 0.779896 -0.591532 5.894949
v 0.770369 -0.586137 5.895580
v 0.809271 -0.594603 5.900131
v 0.521348 -0.554727 5.881841
v 0.719091 -0.515265 5.853420
v 0.709709 -0.522015 5.844794
v 0.704538 -0.519451 5.849655
v 0.657204 -0.540871 5.839302
v 0.812110 -0.743765 5.941418
v 0.813806 -0.738030 5.941359
v 0.811984 -0.766747 5.936972
v 0.811274 -0.763044 5.938382
v 0.540780 -0.578808 5.859177
v 0.534505 -0.584054 5.861422
v 0.511971 -0.623611 5.876095
v 0.525881 -0.633801 5.874796
v 0.520697 -0.650268 5.883465
v 0.556900 -0.648273 5.893902
v 0.560232 -0.643200 5.907029
v 0.545127 -0.618150 5.935388
v 0.498321 -0.601535 5.910177
v 0.513120 -0.739851 5.963842
v 0.509250 -0.752141 5.975919
v 0.504431 -0.755482 5.967534
v 0.507119 -0.742624 5.955845
v 0.506443 -0.763722 5.987396
v 0.508699 -0.747988 5.984008
v 0.504023 -0.759381 5.995188
v 0.504162 -0.744532 5.989761
v 0.498559 -0.756306 6.000565
v 0.491317 -0.754181 6.003588
v 0.497386 -0.741239 5.993982
v 0.489463 -0.738194 5.996313
v 0.483168 -0.751642 6.004911
v 0.487681 -0.721210 5.988790
v 0.478242 -0.719242 5.987963
v 0.472640 -0.735826 5.993935
v 0.480970 -0.736557 5.996230
v 0.457966 -0.753937 5.988268
v 0.460734 -0.737329 5.981924
v 0.460027 -0.740315 5.974195
v 0.457670 -0.756505 5.981215
v 0.470318 -0.732139 5.952782
v 0.467660 -0.748723 5.960447
v 0.462764 -0.744619 5.966956
v 0.464982 -0.727118 5.959226
v 0.465144 -0.764110 5.966846
v 0.475234 -0.752677 5.957967
v 0.474058 -0.766916 5.965044
v 0.519113 -0.723123 5.961175
v 0.516933 -0.727204 5.952147
v 0.520769 -0.714265 5.940797
v 0.504418 -0.727176 5.984624
v 0.510569 -0.731128 5.979532
v 0.516916 -0.718094 5.969124
v 0.511436 -0.713423 5.975040
v 0.490849 -0.687155 5.975350
v 0.484245 -0.703212 5.981684
v 0.494626 -0.706056 5.981442
v 0.496684 -0.723959 5.987569
v 0.503724 -0.709533 5.978903
v 0.469843 -0.718726 5.983544
v 0.465279 -0.735950 5.988905
v 0.497358 -0.742476 5.951192
v 0.495410 -0.756267 5.961866
v 0.485183 -0.755107 5.958952
v 0.487211 -0.740658 5.948886
v 0.474967 -0.702129 5.977587
v 0.499958 -0.728209 5.940043
v 0.489524 -0.725597 5.938159
v 0.477559 -0.737165 5.949188
v 0.479871 -0.721101 5.939674
v 0.494113 -0.769038 5.971503
v 0.502843 -0.767589 5.978034
v 0.510013 -0.729157 5.944438
v 0.464075 -0.720058 5.975964
v 0.468365 -0.702941 5.969853
v 0.465804 -0.705664 5.960547
v 0.462423 -0.722866 5.967256
v 0.475194 -0.697778 5.934696
v 0.472675 -0.715143 5.944192
v 0.467783 -0.709688 5.951499
v 0.459931 -0.760419 5.973697
v 0.482251 -0.704358 5.929331
v 0.480369 -0.819613 6.032693
v 0.484783 -0.823023 6.039177
v 0.482819 -0.814338 6.038749
v 0.480922 -0.810293 6.031010
v 0.476638 -0.796082 6.046599
v 0.478632 -0.803605 6.056475
v 0.484859 -0.796644 6.059445
v 0.482477 -0.787655 6.050369
v 0.488856 -0.825759 6.043999
v 0.484476 -0.817911 6.045977
v 0.492188 -0.824434 6.045971
v 0.492937 -0.833576 6.042638
v 0.498545 -0.833735 6.039858
v 0.500391 -0.841927 6.038077
v 0.502331 -0.843316 6.029535
v 0.503362 -0.830498 6.030632
v 0.489823 -0.830519 6.007967
v 0.488422 -0.843994 6.012797
v 0.479855 -0.843665 6.006041
v 0.481068 -0.829520 6.002263
v 0.462472 -0.836759 6.000897
v 0.465430 -0.823968 5.997445
v 0.473267 -0.827052 5.999846
v 0.471286 -0.840904 6.004202
v 0.469696 -0.815949 6.024281
v 0.474866 -0.816841 6.026976
v 0.475757 -0.807741 6.024536
v 0.469831 -0.806690 6.021673
v 0.496050 -0.822593 6.054100
v 0.492042 -0.823085 6.054840
v 0.497765 -0.824163 6.042984
v 0.501774 -0.819439 6.041591
v 0.454817 -0.785420 6.018025
v 0.461427 -0.783969 6.019901
v 0.464629 -0.774938 6.016809
v 0.457154 -0.774826 6.014218
v 0.481236 -0.774529 6.033218
v 0.494449 -0.772617 6.028495
v 0.493080 -0.769558 6.020113
v 0.480631 -0.771829 6.025281
v 0.481356 -0.780547 6.041725
v 0.492709 -0.785087 6.048372
v 0.493859 -0.778087 6.038574
v 0.493266 -0.795427 6.057610
v 0.449396 -0.775740 6.006735
v 0.445422 -0.783211 6.009916
v 0.483386 -0.870956 6.064053
v 0.484948 -0.869474 6.061247
v 0.479423 -0.869147 6.059699
v 0.477918 -0.870259 6.062750
v 0.448282 -0.786456 5.992136
v 0.449889 -0.780447 5.991373
v 0.455163 -0.783689 5.985135
v 0.454907 -0.789569 5.986820
v 0.445948 -0.794515 5.993147
v 0.454361 -0.797525 5.988702
v 0.487901 -0.882296 6.062675
v 0.490507 -0.881099 6.057361
v 0.491028 -0.876930 6.059764
v 0.488767 -0.878415 6.064427
v 0.480597 -0.828501 6.035807
v 0.486361 -0.831374 6.041313
v 0.484113 -0.847229 6.043857
v 0.489880 -0.845860 6.044683
v 0.488529 -0.839142 6.043489
v 0.481269 -0.838705 6.039691
v 0.465908 -0.834054 6.028439
v 0.471426 -0.837232 6.032953
v 0.472201 -0.827348 6.029093
v 0.466233 -0.824576 6.025151
v 0.455149 -0.822356 6.022009
v 0.449329 -0.822377 6.021330
v 0.448881 -0.830133 6.022563
v 0.455062 -0.831386 6.024154
v 0.460018 -0.849115 6.029284
v 0.455575 -0.848029 6.027369
v 0.455531 -0.855973 6.028872
v 0.459741 -0.856843 6.030646
v 0.451523 -0.775291 5.989245
v 0.456051 -0.778387 5.982272
v 0.445307 -0.828852 5.997990
v 0.441742 -0.838560 5.998888
v 0.433777 -0.833024 6.002439
v 0.437841 -0.823549 6.000191
v 0.463352 -0.792992 5.984527
v 0.463221 -0.787254 5.981596
v 0.484043 -0.885474 6.060217
v 0.487408 -0.884936 6.054636
v 0.501443 -0.798191 6.052938
v 0.503067 -0.787907 6.039690
v 0.502742 -0.781090 6.027396
v 0.501399 -0.777173 6.018837
v 0.500940 -0.773737 6.012421
v 0.477178 -0.843526 6.038857
v 0.475683 -0.824122 6.030017
v 0.465557 -0.814857 6.022724
v 0.438560 -0.812898 6.016526
v 0.444694 -0.814260 6.019560
v 0.446460 -0.807816 6.019348
v 0.438672 -0.805951 6.014886
v 0.433005 -0.820495 6.006474
v 0.430564 -0.828808 6.008196
v 0.432906 -0.826939 6.014375
v 0.433882 -0.820020 6.013345
v 0.500995 -0.821369 6.055238
v 0.505425 -0.814460 6.043780
v 0.444150 -0.784078 6.000271
v 0.447359 -0.777632 5.999169
v 0.451167 -0.772120 5.996353
v 0.465230 -0.795217 6.020402
v 0.469661 -0.795770 6.021636
v 0.469808 -0.783004 6.024879
v 0.465832 -0.783139 6.021450
v 0.477460 -0.801190 6.032816
v 0.478469 -0.806105 6.041488
v 0.475061 -0.789683 6.037817
v 0.471425 -0.773588 6.019906
v 0.475675 -0.768427 6.015108
v 0.468027 -0.769087 6.011802
v 0.460007 -0.769161 6.008402
v 0.453610 -0.770465 6.002757
v 0.478985 -0.761991 6.010999
v 0.471235 -0.762406 6.008415
v 0.463574 -0.763079 6.004462
v 0.457586 -0.764146 5.999513
v 0.463955 -0.774577 5.972661
v 0.464013 -0.781464 5.977436
v 0.456877 -0.771115 5.978848
v 0.495848 -0.764825 6.009838
v 0.487109 -0.764014 6.011308
v 0.484015 -0.769223 6.017322
v 0.501783 -0.768573 6.003922
v 0.482076 -0.808276 6.062206
v 0.481370 -0.814302 6.057645
v 0.483080 -0.817287 6.062722
v 0.484942 -0.812708 6.067389
v 0.495270 -0.840324 6.042224
v 0.495429 -0.846871 6.043392
v 0.499716 -0.849759 6.039199
v 0.441894 -0.791662 6.011736
v 0.449995 -0.793816 6.018371
v 0.479791 -0.849882 6.041935
v 0.493195 -0.877295 6.051785
v 0.496646 -0.867132 6.043097
v 0.496061 -0.862647 6.047414
v 0.493181 -0.872736 6.055179
v 0.477638 -0.858606 6.040229
v 0.477407 -0.864067 6.043378
v 0.479096 -0.859459 6.047238
v 0.480245 -0.854530 6.043741
v 0.449610 -0.845400 6.025754
v 0.449344 -0.852186 6.027275
v 0.485774 -0.856647 6.020206
v 0.498609 -0.843955 6.018719
v 0.496928 -0.855848 6.022866
v 0.460291 -0.832410 6.025771
v 0.455193 -0.840036 6.026033
v 0.459825 -0.841057 6.027974
v 0.475402 -0.846844 6.038254
v 0.471529 -0.844358 6.035192
v 0.473116 -0.850968 6.036489
v 0.476976 -0.852016 6.039519
v 0.434628 -0.809954 6.005503
v 0.441018 -0.813416 5.997368
v 0.489244 -0.872391 6.061312
v 0.487185 -0.873763 6.064610
v 0.454336 -0.768033 5.987021
v 0.454630 -0.765941 5.994075
v 0.460885 -0.822969 6.023192
v 0.499014 -0.830801 6.016109
v 0.460941 -0.813698 6.021507
v 0.449356 -0.851082 6.009799
v 0.447192 -0.857091 6.015103
v 0.443682 -0.853757 6.019131
v 0.443205 -0.848203 6.015182
v 0.476457 -0.872809 6.049449
v 0.474652 -0.876491 6.054008
v 0.475851 -0.871740 6.056858
v 0.477216 -0.868468 6.053269
v 0.483723 -0.851685 6.045720
v 0.482772 -0.857078 6.049916
v 0.487776 -0.856651 6.050920
v 0.488769 -0.850728 6.046485
v 0.493818 -0.852217 6.045326
v 0.492632 -0.859000 6.049783
v 0.477974 -0.878211 6.046715
v 0.480236 -0.869298 6.039169
v 0.486538 -0.871278 6.036743
v 0.483706 -0.881473 6.046639
v 0.468151 -0.812363 5.993093
v 0.456828 -0.821095 5.996090
v 0.460004 -0.809786 5.991865
v 0.459815 -0.848837 6.003719
v 0.449812 -0.843544 6.004118
v 0.453364 -0.833004 5.999639
v 0.449517 -0.817822 5.995658
v 0.477904 -0.861299 6.031474
v 0.479475 -0.862940 6.025974
v 0.486024 -0.863512 6.029588
v 0.454197 -0.812557 6.020142
v 0.490633 -0.868429 6.057326
v 0.500799 -0.787909 5.998095
v 0.501568 -0.793194 6.003418
v 0.491966 -0.797601 5.992574
v 0.492924 -0.790797 5.989006
v 0.480819 -0.866072 6.056440
v 0.485846 -0.865593 6.058048
v 0.444024 -0.844600 6.023834
v 0.440227 -0.846534 6.022398
v 0.441367 -0.852062 6.023319
v 0.444567 -0.851198 6.025715
v 0.452764 -0.807220 5.991601
v 0.437602 -0.844097 6.002997
v 0.429445 -0.838837 6.008176
v 0.462372 -0.800278 5.987774
v 0.472882 -0.795287 5.985463
v 0.470844 -0.802552 5.988857
v 0.468617 -0.854506 6.011015
v 0.475309 -0.815097 5.995099
v 0.477837 -0.804418 5.990705
v 0.481205 -0.796382 5.987132
v 0.483080 -0.790532 5.983794
v 0.473997 -0.789534 5.981942
v 0.490107 -0.880569 6.048517
v 0.480893 -0.884749 6.052419
v 0.474437 -0.776693 5.971373
v 0.475041 -0.783366 5.977320
v 0.483894 -0.777638 5.974237
v 0.484417 -0.784478 5.979751
v 0.493353 -0.806778 5.999106
v 0.485390 -0.806394 5.993783
v 0.490901 -0.818409 6.003288
v 0.482602 -0.817007 5.997813
v 0.478879 -0.856803 6.010706
v 0.471101 -0.883757 6.065843
v 0.468783 -0.879368 6.066095
v 0.472572 -0.877251 6.058956
v 0.474040 -0.881693 6.058305
v 0.475969 -0.880942 6.052487
v 0.477589 -0.884072 6.058981
v 0.500331 -0.818086 6.012984
v 0.473961 -0.857371 6.037200
v 0.503413 -0.803224 6.012804
v 0.508142 -0.809218 6.029093
v 0.506264 -0.819413 6.026795
v 0.509041 -0.793019 6.027578
v 0.506548 -0.786407 6.015700
v 0.503083 -0.778635 6.003338
v 0.503585 -0.782565 6.008536
v 0.504135 -0.772670 5.996690
v 0.508240 -0.801631 6.042053
v 0.474761 -0.872188 6.067043
v 0.479950 -0.872098 6.068966
v 0.501104 -0.783003 5.993736
v 0.501853 -0.776814 5.986834
v 0.479253 -0.811143 6.050656
v 0.461420 -0.804790 6.020010
v 0.455861 -0.803679 6.019611
v 0.448123 -0.801454 6.018872
v 0.439417 -0.799438 6.013280
v 0.493930 -0.778146 5.978630
v 0.475009 -0.751372 6.003306
v 0.467380 -0.751860 5.999420
v 0.483939 -0.768239 5.967559
v 0.483532 -0.875354 6.070346
v 0.458036 -0.861426 6.026232
v 0.459405 -0.861810 6.027370
v 0.487426 -0.803767 6.064455
v 0.490149 -0.809966 6.069377
v 0.501015 -0.814873 6.065732
v 0.501826 -0.806960 6.060316
v 0.495383 -0.803476 6.063721
v 0.495975 -0.811147 6.068887
v 0.461291 -0.795146 6.020020
v 0.456436 -0.795197 6.019406
v 0.443710 -0.803703 5.994761
v 0.437246 -0.800604 6.002726
v 0.497725 -0.855592 6.041921
v 0.498128 -0.859319 6.036646
v 0.500287 -0.853067 6.031994
v 0.493344 -0.869944 6.038158
v 0.479747 -0.863270 6.035470
v 0.476702 -0.860899 6.035516
v 0.474429 -0.797724 6.025795
v 0.472864 -0.785365 6.030491
v 0.486122 -0.820997 6.057217
v 0.485452 -0.819151 6.052134
v 0.465817 -0.842102 6.031150
v 0.468068 -0.864592 6.018860
v 0.476077 -0.864649 6.018732
v 0.466502 -0.849749 6.032470
v 0.484815 -0.879347 6.071216
v 0.483819 -0.883814 6.070632
v 0.494815 -0.862332 6.030354
v 0.449142 -0.838050 6.024028
v 0.462615 -0.864318 6.022767
v 0.461818 -0.860331 6.016994
v 0.429557 -0.833337 6.011271
v 0.494002 -0.785127 5.984907
v 0.473976 -0.872783 6.060276
v 0.470597 -0.874988 6.065620
v 0.474425 -0.885707 6.066985
v 0.480115 -0.886029 6.067896
v 0.440533 -0.792047 6.001085
v 0.465516 -0.805691 6.020569
v 0.461441 -0.752518 5.994249
v 0.505010 -0.810199 6.052594
v 0.503487 -0.818781 6.059955
v 0.466697 -0.856023 6.033478
v 0.442026 -0.846746 6.008782
v 0.458374 -0.864682 6.019112
v 0.453519 -0.862190 6.014332
v 0.456577 -0.855857 6.009026
v 0.458239 -0.864640 6.024207
v 0.476514 -0.886605 6.074580
v 0.471150 -0.886268 6.073461
v 0.480635 -0.884280 6.076643
v 0.481769 -0.879621 6.076004
v 0.480551 -0.875591 6.074352
v 0.467519 -0.883753 6.072492
v 0.465975 -0.879759 6.071444
v 0.468148 -0.875440 6.069498
v 0.464514 -0.882812 6.077744
v 0.467678 -0.885686 6.080443
v 0.474684 -0.880380 6.088521
v 0.472209 -0.882540 6.089299
v 0.473799 -0.883760 6.085954
v 0.476938 -0.883264 6.083726
v 0.471556 -0.878815 6.092380
v 0.469686 -0.881531 6.093180
v 0.469176 -0.884903 6.088261
v 0.471815 -0.885605 6.084274
v 0.466392 -0.883824 6.092501
v 0.463211 -0.883747 6.090354
v 0.465793 -0.884528 6.086386
v 0.468318 -0.885569 6.083606
v 0.473690 -0.886314 6.080956
v 0.467854 -0.878342 6.095334
v 0.463052 -0.879544 6.095840
v 0.464219 -0.882568 6.095843
v 0.467599 -0.880910 6.095706
v 0.478795 -0.879099 6.081000
v 0.475136 -0.877411 6.086606
v 0.471203 -0.876046 6.090700
v 0.467180 -0.875730 6.093485
v 0.473389 -0.874649 6.084785
v 0.469467 -0.873940 6.088845
v 0.465994 -0.874163 6.090984
v 0.470100 -0.872854 6.083030
v 0.466890 -0.872981 6.087255
v 0.477839 -0.875626 6.078259
v 0.474714 -0.873444 6.076016
v 0.465054 -0.873610 6.089200
v 0.462400 -0.877337 6.093987
v 0.463526 -0.884227 6.084204
v 0.461091 -0.882798 6.088462
v 0.461696 -0.881930 6.082667
v 0.459973 -0.881102 6.087047
v 0.461613 -0.883161 6.093417
v 0.460014 -0.881274 6.092605
v 0.477078 -0.872826 6.072501
v 0.471737 -0.872939 6.070568
v 0.469160 -0.873162 6.074477
v 0.465386 -0.872747 6.081158
v 0.464972 -0.875675 6.074523
v 0.463294 -0.880043 6.076632
v 0.461012 -0.879016 6.081538
v 0.461840 -0.875618 6.080637
v 0.459626 -0.877934 6.085905
v 0.460645 -0.875402 6.085233
v 0.463474 -0.873470 6.085957
v 0.459853 -0.876848 6.089142
v 0.459534 -0.879045 6.090916
v 0.462404 -0.875431 6.091137
v 0.462733 -0.874408 6.088804
v 0.460715 -0.875458 6.087887
v 0.460737 -0.879444 6.053694
v 0.463336 -0.878464 6.048398
v 0.458532 -0.877705 6.047270
v 0.455740 -0.878217 6.052271
v 0.465048 -0.891843 6.050840
v 0.468607 -0.891141 6.043791
v 0.468913 -0.885961 6.046863
v 0.465460 -0.886461 6.053494
v 0.460080 -0.893689 6.046522
v 0.463473 -0.893744 6.039389
v 0.472379 -0.885553 6.037895
v 0.476371 -0.872169 6.030926
v 0.475132 -0.869019 6.035760
v 0.472111 -0.881037 6.041849
v 0.457125 -0.867754 6.031186
v 0.459101 -0.864342 6.034447
v 0.466764 -0.881346 6.048276
v 0.463667 -0.882149 6.054159
v 0.454726 -0.878193 6.037310
v 0.451769 -0.881621 6.042630
v 0.454284 -0.878371 6.045244
v 0.456636 -0.874931 6.040624
v 0.464286 -0.863370 6.037324
v 0.470167 -0.863508 6.039691
v 0.473515 -0.866009 6.038616
v 0.455506 -0.882699 6.033898
v 0.459463 -0.872248 6.026942
v 0.465273 -0.874350 6.024174
v 0.460111 -0.886643 6.032122
v 0.469785 -0.877133 6.043715
v 0.461131 -0.873905 6.043254
v 0.466230 -0.874460 6.044581
v 0.467619 -0.887236 6.033142
v 0.455853 -0.891195 6.039133
v 0.445558 -0.888124 6.056275
v 0.444611 -0.883805 6.056538
v 0.448532 -0.882094 6.048706
v 0.449134 -0.886522 6.047986
v 0.452340 -0.885830 6.040971
v 0.452718 -0.891041 6.046667
v 0.450911 -0.879258 6.059533
v 0.455862 -0.880427 6.061467
v 0.458818 -0.883143 6.062632
v 0.472924 -0.874442 6.025307
v 0.460085 -0.887053 6.062516
v 0.459493 -0.891960 6.060935
v 0.450961 -0.878732 6.050685
v 0.446302 -0.879958 6.057986
v 0.448768 -0.891768 6.056307
v 0.455044 -0.893693 6.057481
v 0.450379 -0.894060 6.065308
v 0.445356 -0.891436 6.063211
v 0.455090 -0.892225 6.067583
v 0.456535 -0.887236 6.067784
v 0.455778 -0.883501 6.066872
v 0.442384 -0.888337 6.063094
v 0.441643 -0.884550 6.062758
v 0.443978 -0.880677 6.062605
v 0.438769 -0.885870 6.069618
v 0.440542 -0.889149 6.071417
v 0.445600 -0.883298 6.084167
v 0.443402 -0.885499 6.084734
v 0.445610 -0.887075 6.080151
v 0.448587 -0.885942 6.079647
v 0.446871 -0.888837 6.076874
v 0.450382 -0.889468 6.074738
v 0.441957 -0.888254 6.079123
v 0.444219 -0.889184 6.075363
v 0.439165 -0.886781 6.084470
v 0.436191 -0.885221 6.082311
v 0.439184 -0.886411 6.077526
v 0.441407 -0.887859 6.074431
v 0.441671 -0.881738 6.087842
v 0.441257 -0.884225 6.088134
v 0.446303 -0.891568 6.071737
v 0.453620 -0.885998 6.072388
v 0.450275 -0.883113 6.078327
v 0.446233 -0.880541 6.083059
v 0.441736 -0.879058 6.086284
v 0.449808 -0.879829 6.076595
v 0.445705 -0.877989 6.081475
v 0.441549 -0.877383 6.084020
v 0.447366 -0.877048 6.074657
v 0.443541 -0.876254 6.079758
v 0.453619 -0.882570 6.070233
v 0.451176 -0.880021 6.068149
v 0.441175 -0.876557 6.082177
v 0.437103 -0.879240 6.087030
v 0.436687 -0.881866 6.089044
v 0.436991 -0.885311 6.089195
v 0.438091 -0.884917 6.075982
v 0.435468 -0.883181 6.081128
v 0.436653 -0.883152 6.074786
v 0.434557 -0.881539 6.080210
v 0.434481 -0.884490 6.086182
v 0.433944 -0.882401 6.085744
v 0.453043 -0.881042 6.065345
v 0.448586 -0.879886 6.063479
v 0.446824 -0.878598 6.066215
v 0.442822 -0.876307 6.072845
v 0.442316 -0.879422 6.065499
v 0.439582 -0.882360 6.067201
v 0.436874 -0.880749 6.073320
v 0.438764 -0.877921 6.072257
v 0.434972 -0.879618 6.079077
v 0.436650 -0.877261 6.077864
v 0.440031 -0.875852 6.078278
v 0.435094 -0.878633 6.082705
v 0.434114 -0.880287 6.084547
v 0.437806 -0.877645 6.084539
v 0.438671 -0.876586 6.081835
v 0.436379 -0.877338 6.080935
v 0.443848 -0.870423 6.044352
v 0.445463 -0.870852 6.040222
v 0.441080 -0.868011 6.039489
v 0.439402 -0.867124 6.043415
v 0.443339 -0.880522 6.042418
v 0.447025 -0.881550 6.035490
v 0.448243 -0.878639 6.038311
v 0.445099 -0.878209 6.044191
v 0.438736 -0.880603 6.040614
v 0.441614 -0.882196 6.032347
v 0.450129 -0.878724 6.029937
v 0.454737 -0.870124 6.023376
v 0.455135 -0.868070 6.027605
v 0.451134 -0.876041 6.033697
v 0.447679 -0.874541 6.039919
v 0.445257 -0.874605 6.044874
v 0.436146 -0.865812 6.032157
v 0.433534 -0.867743 6.037240
v 0.436504 -0.866686 6.038602
v 0.438571 -0.864519 6.034180
v 0.446981 -0.857709 6.029944
v 0.451258 -0.860504 6.030760
v 0.453782 -0.864219 6.029918
v 0.435649 -0.869470 6.029110
v 0.440569 -0.860674 6.022731
v 0.443632 -0.865080 6.019577
v 0.438662 -0.874751 6.026300
v 0.449711 -0.871904 6.035802
v 0.442922 -0.865054 6.036393
v 0.447290 -0.867926 6.036684
v 0.445222 -0.877820 6.026432
v 0.435606 -0.877732 6.032587
v 0.428356 -0.872723 6.049318
v 0.428525 -0.868865 6.049399
v 0.431580 -0.867700 6.040570
v 0.430922 -0.872337 6.039951
v 0.433149 -0.871930 6.034303
v 0.433619 -0.877167 6.039522
v 0.436533 -0.866874 6.050526
v 0.440738 -0.869537 6.051855
v 0.441848 -0.873675 6.052855
v 0.449991 -0.869039 6.019694
v 0.439779 -0.857244 6.026204
v 0.441473 -0.877117 6.053184
v 0.439472 -0.879941 6.052735
v 0.434801 -0.866127 6.041829
v 0.431460 -0.866028 6.049688
v 0.430592 -0.877047 6.049650
v 0.435120 -0.880197 6.050857
v 0.433069 -0.879298 6.058560
v 0.428622 -0.875855 6.057319
v 0.437734 -0.878830 6.060133
v 0.439624 -0.875911 6.059807
v 0.440077 -0.872725 6.058598
v 0.427231 -0.870893 6.056461
v 0.427929 -0.868236 6.056081
v 0.430663 -0.866341 6.054816
v 0.426669 -0.868637 6.060403
v 0.428216 -0.873137 6.062628
v 0.434784 -0.870888 6.075512
v 0.432881 -0.871785 6.075650
v 0.433825 -0.873257 6.071317
v 0.435895 -0.873115 6.071218
v 0.434077 -0.875329 6.068180
v 0.435947 -0.876498 6.066307
v 0.430249 -0.873967 6.070621
v 0.431552 -0.875413 6.066612
v 0.429109 -0.872326 6.075027
v 0.426743 -0.869968 6.072305
v 0.427977 -0.871345 6.067923
v 0.429065 -0.873451 6.065235
v 0.432819 -0.869403 6.078879
v 0.431699 -0.870857 6.078554
v 0.432251 -0.876729 6.063732
v 0.438868 -0.874146 6.064974
v 0.437799 -0.871258 6.070144
v 0.436285 -0.868872 6.074651
v 0.433854 -0.866868 6.077506
v 0.438198 -0.868402 6.068388
v 0.436414 -0.866444 6.072821
v 0.434108 -0.864948 6.075306
v 0.437242 -0.865551 6.066564
v 0.435363 -0.864315 6.071110
v 0.439446 -0.870998 6.063122
v 0.438326 -0.868132 6.060994
v 0.433792 -0.863977 6.073332
v 0.429428 -0.865416 6.077644
v 0.428575 -0.868340 6.079239
v 0.428196 -0.870906 6.078782
v 0.426579 -0.869629 6.066119
v 0.425707 -0.868147 6.070939
v 0.426084 -0.866720 6.064871
v 0.425598 -0.865850 6.069829
v 0.426063 -0.869534 6.075965
v 0.425688 -0.867804 6.075568
v 0.438631 -0.869647 6.056631
v 0.435164 -0.867253 6.054992
v 0.435269 -0.866027 6.059113
v 0.434008 -0.863330 6.064887
v 0.431200 -0.865157 6.058026
v 0.428227 -0.865688 6.059208
v 0.427455 -0.864705 6.063384
v 0.430166 -0.863019 6.063368
v 0.426841 -0.863702 6.068829
v 0.429204 -0.862310 6.068313
v 0.432712 -0.862503 6.069473
v 0.427821 -0.863552 6.072539
v 0.426438 -0.865331 6.074061
v 0.430732 -0.863707 6.075016
v 0.431579 -0.862941 6.072715
v 0.429258 -0.862570 6.071337
v 0.442907 -0.856887 6.028209
v 0.424824 -0.853402 6.032348
v 0.426509 -0.853736 6.029809
v 0.423374 -0.850907 6.028960
v 0.422015 -0.850530 6.031158
v 0.422136 -0.861926 6.030325
v 0.425297 -0.863195 6.025110
v 0.427871 -0.861184 6.027370
v 0.424999 -0.860362 6.032217
v 0.417866 -0.860136 6.028284
v 0.420288 -0.861586 6.023098
v 0.429353 -0.860913 6.020823
v 0.436815 -0.852197 6.013686
v 0.437848 -0.851682 6.018198
v 0.431436 -0.858880 6.023798
v 0.427380 -0.836887 6.016107
v 0.423227 -0.841564 6.019447
v 0.426008 -0.841406 6.022817
v 0.430863 -0.835452 6.018268
v 0.428356 -0.857527 6.028866
v 0.425640 -0.856984 6.032737
v 0.418326 -0.848237 6.023667
v 0.416663 -0.848854 6.026468
v 0.420018 -0.849129 6.027834
v 0.421589 -0.847828 6.025989
v 0.434295 -0.836726 6.021303
v 0.429317 -0.843239 6.024631
v 0.433752 -0.845072 6.024183
v 0.437651 -0.840882 6.022176
v 0.435590 -0.848540 6.022306
v 0.417502 -0.850907 6.020565
v 0.422757 -0.843253 6.015703
v 0.425034 -0.846285 6.011870
v 0.419375 -0.855678 6.018561
v 0.430355 -0.855962 6.026411
v 0.425383 -0.849280 6.026819
v 0.428031 -0.852637 6.027841
v 0.424916 -0.859687 6.017945
v 0.416235 -0.856629 6.023456
v 0.410052 -0.849922 6.034567
v 0.412043 -0.847551 6.034626
v 0.414807 -0.848050 6.029151
v 0.412674 -0.850899 6.028239
v 0.414811 -0.852014 6.025014
v 0.413627 -0.855434 6.028084
v 0.419812 -0.849488 6.036302
v 0.422179 -0.852623 6.037922
v 0.422525 -0.855927 6.038697
v 0.432318 -0.850446 6.010031
v 0.421435 -0.858879 6.039006
v 0.418589 -0.860561 6.037915
v 0.418489 -0.848549 6.030213
v 0.415950 -0.847787 6.035170
v 0.410655 -0.854480 6.034589
v 0.414507 -0.858770 6.035710
v 0.411968 -0.858359 6.041644
v 0.408703 -0.853291 6.040622
v 0.416473 -0.859671 6.043154
v 0.419542 -0.858234 6.043126
v 0.420850 -0.855584 6.042454
v 0.408651 -0.848332 6.039897
v 0.411082 -0.846588 6.039509
v 0.414655 -0.847498 6.039345
v 0.408351 -0.847662 6.045079
v 0.408216 -0.851932 6.046668
v 0.415549 -0.854996 6.056539
v 0.413873 -0.855548 6.056430
v 0.414020 -0.856112 6.052917
v 0.415977 -0.856274 6.052597
v 0.413535 -0.856973 6.049691
v 0.415098 -0.857718 6.047882
v 0.410876 -0.855503 6.052503
v 0.411091 -0.855922 6.048608
v 0.410374 -0.855027 6.056465
v 0.408235 -0.851501 6.055807
v 0.408106 -0.852276 6.051925
v 0.408854 -0.853375 6.049041
v 0.414282 -0.853938 6.059957
v 0.413090 -0.855090 6.059227
v 0.411187 -0.856483 6.046057
v 0.418170 -0.856800 6.047092
v 0.417725 -0.855326 6.052140
v 0.417040 -0.853643 6.056919
v 0.415229 -0.851815 6.059922
v 0.418692 -0.853402 6.051053
v 0.417640 -0.851773 6.055779
v 0.415798 -0.850234 6.058390
v 0.418499 -0.850949 6.049626
v 0.417333 -0.849941 6.054367
v 0.419554 -0.854581 6.045848
v 0.419442 -0.851789 6.044473
v 0.416131 -0.849355 6.056888
v 0.412565 -0.850002 6.060262
v 0.411197 -0.852050 6.060843
v 0.410051 -0.854178 6.059758
v 0.407615 -0.849844 6.051193
v 0.407923 -0.849183 6.055643
v 0.408378 -0.847378 6.050031
v 0.409063 -0.847297 6.055125
v 0.408415 -0.851778 6.058493
v 0.408961 -0.850014 6.058984
v 0.420710 -0.852276 6.041350
v 0.418363 -0.849525 6.039956
v 0.417480 -0.848757 6.043376
v 0.416759 -0.848201 6.048610
v 0.413958 -0.846511 6.043312
v 0.410637 -0.845958 6.043843
v 0.410476 -0.845916 6.049270
v 0.413584 -0.845986 6.048661
v 0.411016 -0.846323 6.054361
v 0.413449 -0.846398 6.053630
v 0.415887 -0.847876 6.053596
v 0.412186 -0.847549 6.057554
v 0.410525 -0.848328 6.058605
v 0.413804 -0.848790 6.058819
v 0.414822 -0.848231 6.056862
v 0.413513 -0.847288 6.056408
v 0.426564 -0.839003 6.013288
v 0.498156 -0.829369 6.063198
v 0.493907 -0.829879 6.061449
v 0.485086 -0.826131 6.063881
v 0.482902 -0.822042 6.068403
v 0.484930 -0.818408 6.073370
v 0.489911 -0.818108 6.075385
v 0.495108 -0.819635 6.075476
v 0.489434 -0.828855 6.061788
v 0.501149 -0.827526 6.066688
v 0.499606 -0.823097 6.072307
v 0.497251 -0.829749 6.079776
v 0.499495 -0.833905 6.074679
v 0.491917 -0.825274 6.082484
v 0.486715 -0.823390 6.080698
v 0.482753 -0.822727 6.077340
v 0.497373 -0.835374 6.069078
v 0.493535 -0.835246 6.066294
v 0.488732 -0.833164 6.065653
v 0.495975 -0.842328 6.075402
v 0.496082 -0.843330 6.083276
v 0.483543 -0.840993 6.094011
v 0.487265 -0.842281 6.095791
v 0.488064 -0.839183 6.092756
v 0.484595 -0.836941 6.091309
v 0.489175 -0.837852 6.090243
v 0.487758 -0.834099 6.088341
v 0.492674 -0.842978 6.092322
v 0.492560 -0.840808 6.089120
v 0.495010 -0.847228 6.089186
v 0.494902 -0.844106 6.087566
v 0.492063 -0.845912 6.095954
v 0.486828 -0.845446 6.097447
v 0.489862 -0.848902 6.097278
v 0.484196 -0.845645 6.095769
v 0.493838 -0.838307 6.086774
v 0.483443 -0.829398 6.084769
v 0.480972 -0.835158 6.088542
v 0.480274 -0.840886 6.091085
v 0.481606 -0.846347 6.092329
v 0.478046 -0.835578 6.083894
v 0.478370 -0.842035 6.086774
v 0.480581 -0.846803 6.088113
v 0.478334 -0.838007 6.079021
v 0.478981 -0.843941 6.082966
v 0.480203 -0.827702 6.079836
v 0.479825 -0.829449 6.074162
v 0.480236 -0.846950 6.085181
v 0.484887 -0.851045 6.091394
v 0.486988 -0.850967 6.095566
v 0.494695 -0.848634 6.085105
v 0.494201 -0.849866 6.092090
v 0.493158 -0.851947 6.088177
v 0.493367 -0.848685 6.080307
v 0.490958 -0.852529 6.084424
v 0.492477 -0.851352 6.094693
v 0.490797 -0.853148 6.092014
v 0.481288 -0.825357 6.071998
v 0.483760 -0.829626 6.067722
v 0.483002 -0.833595 6.069932
v 0.481839 -0.841494 6.075725
v 0.487837 -0.838505 6.068578
v 0.493109 -0.841480 6.070650
v 0.490536 -0.847976 6.076617
v 0.486478 -0.845402 6.074551
v 0.488055 -0.851532 6.081553
v 0.485219 -0.849435 6.080083
v 0.482006 -0.846710 6.080863
v 0.485923 -0.852093 6.085253
v 0.488159 -0.853297 6.088343
v 0.483357 -0.850265 6.087452
v 0.482549 -0.849082 6.084461
v 0.484587 -0.850534 6.083374
v 0.432149 -0.831642 6.016006
v 0.436477 -0.833011 6.019703
v 0.437292 -0.827725 6.018195
v 0.437623 -0.820645 6.017776
v 0.434900 -0.813691 6.012664
v 0.443352 -0.821623 6.020249
v 0.442636 -0.829091 6.020901
v 0.442072 -0.837028 6.022524
v 0.449444 -0.816381 6.020666
v 0.812002 -0.805283 5.879582
v 0.811684 -0.803030 5.876564
v 0.813315 -0.796677 5.875249
v 0.811346 -0.798760 5.878406
v 0.811203 -0.799831 5.881975
v 0.811711 -0.801029 5.886007
v 0.816833 -0.809499 5.887208
v 0.813918 -0.806920 5.883456
v 0.823210 -0.804378 5.894304
v 0.822914 -0.804938 5.893106
v 0.823067 -0.803843 5.894266
v 0.818059 -0.803912 5.891383
v 0.822335 -0.803130 5.892562
v 0.812392 -0.798677 5.871689
v 0.813044 -0.797344 5.870700
v 0.812292 -0.800559 5.873899
v 0.814323 -0.802729 5.889804
v 0.813221 -0.796624 5.871080
v 0.813312 -0.796676 5.872761
v 0.820563 -0.808784 5.889895
v 0.810992 -0.801993 5.880892
v 0.811368 -0.803868 5.885119
v 0.815322 -0.807953 5.888053
v 0.812125 -0.806711 5.883970
v 0.817883 -0.805659 5.890792
v 0.820199 -0.805615 5.891574
v 0.811193 -0.800580 5.877642
v 0.814376 -0.805427 5.889145
v 0.811345 -0.804494 5.879790
v 0.821226 -0.805122 5.891410
v 0.819824 -0.806234 5.889882
v 0.813246 -0.797549 5.871829
v 0.813322 -0.797468 5.871898
v 0.856402 -0.597336 5.974261
v 0.848129 -0.586173 5.986276
v 0.811429 -0.802637 5.876659
v 0.813541 -0.797535 5.873004
v 0.812020 -0.799685 5.875149
v 0.812153 -0.801052 5.874517
v 0.813385 -0.798406 5.872600
v 0.684353 -0.597584 5.885190
v 0.681326 -0.586673 5.895768
v 0.680803 -0.597719 5.840804
v 0.679098 -0.583141 5.830206
v 0.766225 -0.368745 6.077614
v 0.863043 -0.330148 5.934591
v 0.866353 -0.347855 5.921862
v 0.928623 -0.347503 5.953871
v 0.914511 -0.341482 5.944406
v 0.777713 -0.363624 5.969885
v 0.775066 -0.348116 5.978147
v 0.768385 -0.381599 6.025479
v 0.765651 -0.366470 6.034125
v 0.764188 -0.341267 6.004529
v 0.885083 -0.293984 5.960928
v 0.892471 -0.314875 5.951178
v 0.875613 -0.312921 5.948324
v 0.868986 -0.292386 5.956286
v 0.931453 -0.332725 5.979209
v 0.938802 -0.355362 5.965991
v 0.790201 -0.374338 5.945359
v 0.805857 -0.367867 5.930900
v 0.845057 -0.363002 5.915519
v 0.865158 -0.365858 5.912892
v 0.902538 -0.377862 5.915605
v 0.884122 -0.371364 5.913040
v 0.772034 -0.405268 6.034869
v 0.781289 -0.428663 6.043728
v 0.779208 -0.381465 5.962938
v 0.793947 -0.423793 6.083382
v 0.940013 -0.409331 5.916498
v 0.920972 -0.403431 5.906772
v 0.824430 -0.363767 5.921016
v 0.817426 -0.561259 6.009444
v 0.810051 -0.550529 6.021957
v 0.799678 -0.550644 6.010525
v 0.807063 -0.560080 5.997732
v 0.789567 -0.549036 5.999590
v 0.780951 -0.546497 5.988619
v 0.774298 -0.543081 5.978281
v 0.765430 -0.529393 5.954029
v 0.766930 -0.534253 5.961030
v 0.765748 -0.517145 5.941102
v 0.765238 -0.524372 5.947430
v 0.767506 -0.504426 5.934989
v 0.770329 -0.489184 5.929451
v 0.773494 -0.472948 5.922667
v 0.778033 -0.483478 5.913625
v 0.764973 -0.479182 5.939921
v 0.762416 -0.494689 5.944999
v 0.760374 -0.506638 5.951320
v 0.808177 -0.518564 6.055759
v 0.806481 -0.495397 6.062444
v 0.864541 -0.608679 5.963752
v 0.490928 -0.620499 5.915356
v 0.514222 -0.735949 5.972492
v 0.938841 -0.568974 5.855991
v 0.953124 -0.572503 5.870702
v 0.966338 -0.566516 5.886282
v 0.965602 -0.575832 5.883358
v 0.868412 -0.581638 5.813155
v 0.887692 -0.567100 5.817031
v 0.906432 -0.560168 5.827506
v 0.923990 -0.557123 5.841626
v 0.775575 -0.406462 5.977350
v 0.939705 -0.537674 5.860986
v 0.923521 -0.545880 5.840935
v 0.905750 -0.547888 5.824623
v 0.883634 -0.555354 5.813755
v 0.859579 -0.570572 5.807627
v 0.844684 -0.572838 5.805807
v 0.826726 -0.560859 5.803419
v 0.814749 -0.565779 5.802971
v 0.811580 -0.582273 5.804657
v 0.800548 -0.588681 5.803671
v 0.803320 -0.572499 5.802134
v 0.711259 -0.579052 5.817034
v 0.694924 -0.571974 5.822311
v 0.684447 -0.560212 5.826258
v 0.678494 -0.547640 5.831797
v 0.677134 -0.539748 5.836637
v 0.680179 -0.532115 5.841738
v 0.690489 -0.525095 5.846052
v 0.734027 -0.512970 5.856630
v 0.754416 -0.507896 5.857831
v 0.806787 -0.475086 5.852697
v 0.818351 -0.466805 5.852776
v 0.853414 -0.425377 5.871593
v 0.842290 -0.437275 5.863658
v 0.863879 -0.412972 5.880778
v 0.835965 -0.196294 5.985924
v 0.847345 -0.215338 5.985129
v 0.831758 -0.221239 5.975468
v 0.820531 -0.202962 5.974889
v 0.905077 -0.261854 6.015055
v 0.891832 -0.256904 6.001002
v 0.762963 -0.268038 5.977945
v 0.779239 -0.253669 5.969000
v 0.797186 -0.240885 5.966580
v 0.815156 -0.230068 5.969061
v 0.750106 -0.280655 5.990833
v 0.735742 -0.319702 6.086980
v 0.734631 -0.313444 6.066733
v 0.752514 -0.334919 6.139686
v 0.744030 -0.330800 6.124249
v 0.741199 -0.290785 6.007252
v 0.738530 -0.325902 6.106572
v 0.734686 -0.306289 6.046566
v 0.736492 -0.298793 6.026208
v 0.856569 -0.235432 5.983612
v 0.870335 -0.233750 5.994280
v 0.879232 -0.254484 5.989198
v 0.948928 -0.464590 5.886468
v 0.932338 -0.463289 5.873649
v 0.915145 -0.463117 5.860981
v 0.897661 -0.477065 5.842924
v 0.877751 -0.480642 5.833195
v 0.877279 -0.469573 5.840232
v 0.896502 -0.465248 5.849843
v 0.835816 -0.494013 5.828386
v 0.821563 -0.498958 5.828567
v 0.820055 -0.492058 5.833678
v 0.836921 -0.485220 5.833202
v 0.806320 -0.496480 5.833638
v 0.791834 -0.501714 5.834281
v 0.776224 -0.508623 5.836226
v 0.759590 -0.516456 5.836212
v 0.767170 -0.529773 5.819570
v 0.781807 -0.524665 5.820435
v 0.836749 -0.502504 5.823261
v 0.855169 -0.497483 5.823195
v 0.944780 -0.490391 5.878729
v 0.957330 -0.492232 5.894670
v 0.778849 -0.461278 5.912239
v 0.785921 -0.451168 5.900140
v 0.794577 -0.444740 5.889275
v 0.804773 -0.441942 5.880341
v 0.814319 -0.441614 5.871435
v 0.824801 -0.443606 5.863922
v 0.834932 -0.448092 5.857826
v 0.827703 -0.457491 5.854515
v 0.843459 -0.453521 5.852505
v 0.832635 -0.463571 5.849610
v 0.850527 -0.460596 5.846430
v 0.855349 -0.468190 5.840246
v 0.857007 -0.476647 5.834135
v 0.856070 -0.486503 5.828297
v 0.895570 -0.488445 5.835324
v 0.875472 -0.491700 5.826414
v 0.911689 -0.500764 5.840259
v 0.908633 -0.512557 5.833616
v 0.917634 -0.476042 5.854587
v 0.914666 -0.487753 5.847188
v 0.902661 -0.601272 5.832550
v 0.920561 -0.597730 5.840437
v 0.704646 -0.531356 5.836778
v 0.694282 -0.532206 5.838335
v 0.700016 -0.526895 5.841619
v 0.706081 -0.527964 5.839063
v 0.692686 -0.538151 5.834503
v 0.706650 -0.542812 5.827861
v 0.693044 -0.546167 5.829871
v 0.703736 -0.535652 5.834167
v 0.698103 -0.555905 5.824256
v 0.710041 -0.551535 5.822647
v 0.706275 -0.564941 5.819447
v 0.715655 -0.559570 5.817792
v 0.720979 -0.564892 5.814370
v 0.716776 -0.570413 5.815117
v 0.757971 -0.555566 5.806759
v 0.743967 -0.559986 5.808451
v 0.730945 -0.563017 5.811363
v 0.743494 -0.522166 5.834796
v 0.729027 -0.528053 5.832978
v 0.716399 -0.532776 5.832659
v 0.719139 -0.539247 5.826603
v 0.732275 -0.533992 5.826666
v 0.747399 -0.527657 5.827335
v 0.947889 -0.475267 5.882683
v 0.934300 -0.476114 5.867395
v 0.807847 -0.504038 5.828046
v 0.795509 -0.509205 5.827989
v 0.781886 -0.515529 5.828060
v 0.764249 -0.521948 5.827833
v 0.797201 -0.518570 5.821226
v 0.810022 -0.513493 5.822136
v 0.822739 -0.508326 5.823206
v 0.931969 -0.488585 5.862602
v 0.961193 -0.476395 5.897972
v 0.777662 -0.606189 5.878201
v 0.783519 -0.618550 5.856135
v 0.788323 -0.618268 5.832268
v 0.794411 -0.606289 5.813205
v 0.962666 -0.613477 5.876655
v 0.545519 -0.557728 5.914571
v 0.972788 -0.437181 5.930051
v 0.976001 -0.453768 5.920607
v 0.953763 -0.384018 5.966696
v 0.963096 -0.397411 5.953355
v 0.903827 -0.280288 5.991049
v 0.915482 -0.286152 6.004028
v 0.924850 -0.309766 5.991824
v 0.912731 -0.243547 6.038075
v 0.915605 -0.268128 6.032162
v 0.932333 -0.318936 6.005339
v 0.938782 -0.341428 5.992527
v 0.955110 -0.413468 5.929196
v 0.965541 -0.465539 5.899964
v 0.975116 -0.480385 5.911454
v 0.972006 -0.493888 5.909748
v 0.971900 -0.509091 5.904275
v 0.757290 -0.520266 5.992633
v 0.763130 -0.529966 5.981268
v 0.767686 -0.534219 5.990636
v 0.761590 -0.524358 6.001882
v 0.754394 -0.510948 5.975329
v 0.759625 -0.520009 5.964813
v 0.760686 -0.525096 5.972577
v 0.754915 -0.515473 5.983509
v 0.759647 -0.514260 5.957729
v 0.754783 -0.504893 5.968050
v 0.753232 -0.508123 6.002728
v 0.751133 -0.503898 5.993685
v 0.757248 -0.511842 6.011670
v 0.751607 -0.494889 5.977706
v 0.750766 -0.499679 5.985322
v 0.832255 -0.699302 5.936890
v 0.819478 -0.706932 5.942739
v 0.811565 -0.748634 5.940722
v 0.813876 -0.751845 5.938313
v 0.864572 -0.686208 5.931085
v 0.869493 -0.676879 5.932498
v 0.814946 -0.731149 5.946613
v 0.815540 -0.717869 5.950063
v 0.810601 -0.774721 5.937254
v 0.812203 -0.771002 5.937382
v 0.811216 -0.760592 5.941169
v 0.812470 -0.756051 5.941486
v 0.875507 -0.666986 5.934024
v 0.848695 -0.695385 5.934237
v 0.886401 -0.647111 5.938059
v 0.889078 -0.639593 5.940872
v 0.882063 -0.629955 5.938830
v 0.877519 -0.623253 5.945925
v 0.812682 -0.536519 6.045378
v 0.834906 -0.564400 6.009535
v 0.826404 -0.561599 6.021319
v 0.841403 -0.574376 5.997923
v 0.870135 -0.616900 5.954476
v 0.881467 -0.656427 5.936001
v 0.813320 -0.744604 5.943359
v 0.815331 -0.738778 5.943723
v 0.812884 -0.766955 5.938057
v 0.812207 -0.763472 5.939629
v 0.865314 -0.599633 5.984473
v 0.857736 -0.588070 5.997121
v 0.819222 -0.549960 6.033614
v 0.818754 -0.518219 6.065758
v 0.818306 -0.494640 6.073830
v 0.872552 -0.610555 5.972768
v 0.821648 -0.473098 6.076028
v 0.668794 -0.133505 6.041077
v 0.670597 -0.115511 6.059618
v 0.697971 -0.101778 6.053967
v 0.693933 -0.116262 6.039774
v 0.713222 -0.139975 6.011648
v 0.726293 -0.155920 5.995944
v 0.740566 -0.174991 5.981434
v 0.710492 -0.087908 6.069686
v 0.753847 -0.077140 6.072821
v 0.729554 -0.077036 6.087771
v 0.759319 -0.158754 5.986913
v 0.745309 -0.140924 6.000916
v 0.708886 -0.109662 6.038630
v 0.718215 -0.115424 6.029253
v 0.699138 -0.128975 6.026329
v 0.733087 -0.087458 6.057842
v 0.716824 -0.099609 6.046987
v 0.864520 -0.192495 6.014723
v 0.853912 -0.172548 6.018963
v 0.872819 -0.173906 6.038494
v 0.802849 -0.214069 5.967648
v 0.807142 -0.184995 5.977218
v 0.798984 -0.083676 6.149274
v 0.733269 -0.104027 6.036559
v 0.774706 -0.084305 6.058203
v 0.752499 -0.093291 6.045236
v 0.815765 -0.134043 6.018081
v 0.796494 -0.139416 6.005186
v 0.783980 -0.120975 6.017511
v 0.804856 -0.115442 6.029494
v 0.778140 -0.147420 5.995126
v 0.792860 -0.166387 5.984513
v 0.826620 -0.154158 6.008903
v 0.809785 -0.158997 5.995385
v 0.823309 -0.177986 5.988698
v 0.764002 -0.129332 6.008140
v 0.792211 -0.098009 6.043078
v 0.813532 -0.093972 6.060315
v 0.832823 -0.097086 6.081467
v 0.850219 -0.101834 6.106652
v 0.863837 -0.117215 6.093387
v 0.838326 -0.174105 6.002668
v 0.860709 -0.213776 5.996752
v 0.850125 -0.193893 5.999085
v 0.889869 -0.275541 5.980401
v 0.485240 -0.306887 6.177750
v 0.708147 -0.164799 6.198357
v 0.701008 -0.188966 6.199674
v 0.663384 -0.237200 6.021894
v 0.658817 -0.173641 6.022923
v 0.679524 -0.147930 6.023698
v 0.691718 -0.225872 6.188917
v 0.689082 -0.245060 6.173062
v 0.663094 -0.266417 6.041915
v 0.676089 -0.281547 6.094964
v 0.697406 -0.207370 6.197859
v 0.730995 -0.125545 6.016253
v 0.748375 -0.113980 6.023263
v 0.769694 -0.104180 6.031523
v 0.797427 -0.080661 6.075707
v 0.818552 -0.083782 6.095696
v 0.836355 -0.091887 6.119838
v 0.719760 -0.253703 6.173720
v 0.725704 -0.256329 6.182580
v 0.722535 -0.258270 6.175594
v 0.735090 -0.264124 6.185393
v 0.730386 -0.257042 6.189783
v 0.723481 -0.247919 6.185030
v 0.728665 -0.245967 6.193842
v 0.725228 -0.234222 6.197404
v 0.731596 -0.307573 6.093135
v 0.729013 -0.301331 6.072100
v 0.748097 -0.321241 6.146299
v 0.740951 -0.317667 6.130982
v 0.731051 -0.280421 6.010239
v 0.735499 -0.313063 6.113185
v 0.727412 -0.295236 6.051010
v 0.727334 -0.288234 6.029754
v 0.886274 -0.156257 6.070230
v 0.894146 -0.177620 6.061279
v 0.757195 -0.323318 6.159415
v 0.822687 -0.708035 5.948164
v 0.835744 -0.700978 5.941441
v 0.841935 -0.879165 5.882142
v 0.948175 -0.668583 5.872651
v 0.822126 -0.831478 5.911347
v 0.814771 -0.752342 5.939854
v 0.808095 -0.777060 5.938301
v 0.889591 -0.630250 5.945455
v 0.885366 -0.622979 5.953167
v 0.724139 -0.161143 6.199076
v 0.878156 -0.618022 5.962835
v 0.726149 -0.151991 6.197590
v 0.946508 -0.365361 5.979076
v 0.337986 0.039705 6.386837
v 0.350447 0.044950 6.381772
v 0.337694 0.066109 6.391833
v 0.325839 0.060529 6.398471
v 0.363309 0.056772 6.356391
v 0.362358 0.052894 6.369261
v 0.357552 0.060242 6.344419
v 0.346897 0.060935 6.336122
v 0.339278 0.082148 6.351963
v 0.349788 0.081910 6.358041
v 0.336310 0.058746 6.333730
v 0.317647 0.077178 6.348801
v 0.325266 0.055438 6.333858
v 0.309285 0.048715 6.339579
v 0.303513 0.069811 6.355131
v 0.296960 0.041278 6.353019
v 0.290422 0.061885 6.367861
v 0.293835 0.035772 6.370059
v 0.322800 0.035830 6.388981
v 0.310428 0.055059 6.402745
v 0.354743 0.078313 6.369759
v 0.351794 0.075036 6.381105
v 0.344801 0.070548 6.386259
v 0.357167 0.048496 6.377492
v 0.327650 0.087271 6.406407
v 0.318672 0.077714 6.417393
v 0.349232 0.101027 6.382111
v 0.341426 0.096687 6.391659
v 0.332684 0.103594 6.366532
v 0.345796 0.104440 6.370551
v 0.308514 0.099579 6.358607
v 0.320374 0.101598 6.362184
v 0.328139 0.079986 6.349313
v 0.295411 0.091616 6.365699
v 0.280688 0.081491 6.379708
v 0.300084 0.071886 6.417713
v 0.334336 0.093180 6.399181
v 0.134247 0.107177 6.457397
v 0.136474 0.103533 6.456954
v 0.137367 0.102050 6.460911
v 0.135396 0.105744 6.463762
v 0.138936 0.093435 6.489846
v 0.140764 0.085031 6.488815
v 0.145288 0.085286 6.495875
v 0.144667 0.093574 6.499682
v 0.133219 0.098428 6.476788
v 0.134901 0.103142 6.476386
v 0.133393 0.104592 6.472160
v 0.131052 0.100538 6.470007
v 0.151925 0.120747 6.431921
v 0.152651 0.125494 6.432901
v 0.152383 0.126879 6.428774
v 0.151851 0.123588 6.427084
v 0.140905 0.113200 6.448483
v 0.142047 0.117984 6.449024
v 0.141999 0.119070 6.445191
v 0.140655 0.116030 6.442864
v 0.160912 0.091505 6.479338
v 0.169046 0.087987 6.490046
v 0.154836 0.086849 6.493914
v 0.148834 0.086779 6.483338
v 0.158141 0.093855 6.501728
v 0.172853 0.097337 6.497924
v 0.168507 0.106607 6.494718
v 0.155735 0.101002 6.497119
v 0.160230 0.108266 6.484271
v 0.148899 0.103556 6.487328
v 0.156298 0.101329 6.476374
v 0.143506 0.096175 6.478483
v 0.148630 0.105013 6.462008
v 0.151884 0.097199 6.463914
v 0.139665 0.096119 6.466679
v 0.136983 0.102944 6.463300
v 0.154380 0.094563 6.473368
v 0.141719 0.094119 6.473884
v 0.153840 0.101969 6.479271
v 0.153425 0.108858 6.476221
v 0.141435 0.105213 6.477577
v 0.141734 0.098117 6.481178
v 0.150614 0.110423 6.468162
v 0.139159 0.107815 6.469563
v 0.151438 0.104380 6.448680
v 0.153188 0.102100 6.458028
v 0.143282 0.102781 6.460393
v 0.141475 0.104474 6.453727
v 0.142737 0.107435 6.466573
v 0.151791 0.109074 6.464118
v 0.150793 0.115029 6.460604
v 0.141238 0.112581 6.463071
v 0.148640 0.116832 6.452390
v 0.139110 0.114353 6.456546
v 0.148068 0.111430 6.446994
v 0.138310 0.110074 6.451427
v 0.153764 0.119540 6.431978
v 0.156154 0.112690 6.432783
v 0.147050 0.112835 6.438349
v 0.145469 0.118719 6.438011
v 0.156077 0.110059 6.440292
v 0.148103 0.110029 6.443162
v 0.147936 0.112450 6.449153
v 0.154037 0.113704 6.445515
v 0.153909 0.121606 6.444956
v 0.147112 0.119673 6.448912
v 0.153715 0.124793 6.437445
v 0.145735 0.122320 6.442351
v 0.164853 0.121707 6.417486
v 0.157380 0.120006 6.421101
v 0.156371 0.125879 6.421456
v 0.164673 0.128516 6.418116
v 0.163743 0.118128 6.424097
v 0.157909 0.117472 6.427262
v 0.157850 0.120594 6.432159
v 0.161917 0.121910 6.428246
v 0.162368 0.129271 6.429966
v 0.157214 0.127372 6.432839
v 0.163604 0.131733 6.423508
v 0.156386 0.130098 6.426702
v 0.171447 0.096733 6.473005
v 0.182031 0.090105 6.485277
v 0.146964 0.097758 6.497103
v 0.185470 0.101237 6.492964
v 0.143367 0.098864 6.491559
v 0.169477 0.113181 6.478054
v 0.180813 0.110660 6.489494
v 0.162269 0.103517 6.476323
v 0.133765 0.096133 6.469747
v 0.162959 0.118116 6.462071
v 0.157278 0.108728 6.462261
v 0.135116 0.094878 6.473743
v 0.165909 0.101576 6.457908
v 0.166011 0.109591 6.441657
v 0.136047 0.110187 6.462678
v 0.134996 0.110920 6.458999
v 0.161475 0.124554 6.445619
v 0.155948 0.113963 6.444122
v 0.142260 0.112365 6.441761
v 0.165358 0.131133 6.431207
v 0.161783 0.121944 6.428157
v 0.142855 0.110616 6.444917
v 0.169440 0.116527 6.425429
v 0.153894 0.120499 6.426497
v 0.171517 0.136614 6.420663
v 0.173555 0.132241 6.413386
v 0.153666 0.118480 6.429026
v 0.173633 0.123199 6.413447
v 0.297105 0.052077 6.401054
v 0.308906 0.033451 6.388030
v 0.298511 0.033466 6.381751
v 0.287923 0.052711 6.393991
v 0.285616 0.055798 6.383100
v 0.284378 0.067708 6.414640
v 0.275467 0.069184 6.404754
v 0.274509 0.074814 6.395049
v 0.290759 0.111253 6.369801
v 0.305190 0.117678 6.363811
v 0.318712 0.118485 6.368324
v 0.332156 0.120650 6.371531
v 0.345025 0.121567 6.377371
v 0.290134 0.086224 6.427451
v 0.272450 0.078863 6.426151
v 0.261164 0.078523 6.415569
v 0.260314 0.086691 6.402506
v 0.198868 0.090439 6.481672
v 0.190689 0.093185 6.466789
v 0.209396 0.088465 6.459880
v 0.215760 0.094220 6.473266
v 0.185532 0.099480 6.452456
v 0.204307 0.094264 6.445007
v 0.184343 0.107543 6.437805
v 0.202585 0.104435 6.431436
v 0.185171 0.115517 6.422608
v 0.202047 0.114644 6.417777
v 0.185501 0.124006 6.409778
v 0.201636 0.126169 6.405992
v 0.183615 0.135120 6.406810
v 0.199683 0.138363 6.402138
v 0.201429 0.103064 6.490391
v 0.218669 0.107549 6.480974
v 0.196694 0.118254 6.485694
v 0.213275 0.123462 6.477505
v 0.189874 0.123802 6.472045
v 0.207655 0.130057 6.464715
v 0.198418 0.148568 6.410068
v 0.182720 0.143413 6.415979
v 0.185930 0.128868 6.455935
v 0.204034 0.134444 6.449005
v 0.183744 0.135616 6.440999
v 0.201579 0.141553 6.434691
v 0.183088 0.141129 6.427804
v 0.199918 0.147341 6.421786
v 0.230816 0.087012 6.451442
v 0.224530 0.088000 6.435283
v 0.223045 0.099203 6.421564
v 0.222664 0.112300 6.409408
v 0.222534 0.127760 6.400553
v 0.219976 0.141368 6.396158
v 0.247277 0.111078 6.395040
v 0.245982 0.132994 6.393671
v 0.242076 0.146375 6.392601
v 0.264537 0.152097 6.388671
v 0.268391 0.139783 6.386604
v 0.306159 0.152711 6.378019
v 0.289249 0.146559 6.381107
v 0.285294 0.158904 6.382729
v 0.302734 0.166275 6.379230
v 0.270328 0.121250 6.384252
v 0.290833 0.128487 6.377423
v 0.306996 0.133303 6.373721
v 0.328460 0.171291 6.382476
v 0.332117 0.157639 6.377771
v 0.319052 0.155965 6.376993
v 0.315797 0.170062 6.378747
v 0.340617 0.170448 6.393716
v 0.346394 0.157019 6.388243
v 0.345289 0.152169 6.403817
v 0.341516 0.165100 6.409150
v 0.332618 0.138458 6.375349
v 0.319945 0.136887 6.374564
v 0.345535 0.138320 6.382325
v 0.345250 0.134166 6.396643
v 0.331468 0.145710 6.415446
v 0.332399 0.128422 6.407101
v 0.330851 0.157674 6.422004
v 0.235501 0.100579 6.462358
v 0.237217 0.114163 6.465933
v 0.242515 0.093116 6.410092
v 0.244475 0.083032 6.424828
v 0.256666 0.086705 6.439616
v 0.258409 0.104981 6.452512
v 0.257540 0.121739 6.452400
v 0.279844 0.116549 6.443740
v 0.276862 0.130354 6.442995
v 0.233563 0.126068 6.462622
v 0.254346 0.130719 6.447466
v 0.274104 0.139411 6.438441
v 0.297477 0.125707 6.436082
v 0.294896 0.139065 6.437313
v 0.310538 0.133538 6.427730
v 0.308453 0.145860 6.432151
v 0.319551 0.151456 6.427839
v 0.320285 0.139611 6.421802
v 0.314604 0.118143 6.420840
v 0.322841 0.123013 6.413878
v 0.301615 0.110887 6.429268
v 0.283046 0.099999 6.437195
v 0.218935 0.151575 6.403232
v 0.240475 0.154839 6.397414
v 0.262885 0.159161 6.393434
v 0.283529 0.167185 6.389346
v 0.300838 0.174007 6.387376
v 0.312618 0.177033 6.388131
v 0.323588 0.178054 6.390975
v 0.332686 0.176026 6.399534
v 0.333960 0.171997 6.410844
v 0.325440 0.167185 6.421443
v 0.315437 0.162709 6.427562
v 0.291890 0.148885 6.434492
v 0.305193 0.156956 6.431391
v 0.310659 0.095218 6.426027
v 0.322004 0.102317 6.416140
v 0.328605 0.107614 6.407858
v 0.345834 0.117700 6.389521
v 0.335496 0.112520 6.400339
v 0.228922 0.133847 6.452744
v 0.225153 0.139776 6.438282
v 0.222421 0.146956 6.424990
v 0.220187 0.151747 6.413400
v 0.241790 0.156031 6.405814
v 0.244447 0.152636 6.415723
v 0.247597 0.146459 6.428122
v 0.250978 0.138274 6.439717
v 0.263397 0.161033 6.401111
v 0.265458 0.158852 6.410065
v 0.269181 0.154468 6.421758
v 0.271256 0.147413 6.431677
v 0.289406 0.157123 6.428306
v 0.288246 0.162881 6.419037
v 0.284963 0.166220 6.407212
v 0.284127 0.168159 6.398459
v 0.300406 0.173628 6.396872
v 0.300630 0.171181 6.405610
v 0.303109 0.168004 6.416296
v 0.303278 0.163635 6.424818
v 0.310340 0.176006 6.397054
v 0.325580 0.176321 6.403268
v 0.318848 0.177034 6.398585
v 0.327070 0.174174 6.410508
v 0.320711 0.170858 6.417003
v 0.312522 0.167584 6.421476
v 0.317646 0.172443 6.411822
v 0.311215 0.170596 6.414027
v 0.309621 0.173313 6.404943
v 0.316424 0.174583 6.404558
v 0.322327 0.173965 6.409266
v 0.321537 0.174993 6.405446
v 0.271366 0.100015 6.386905
v 0.959491 -0.630449 5.874948
v 0.967451 -0.557606 5.889501
v 0.362934 -0.226777 6.300819
v 0.350776 -0.225895 6.291605
v 0.343563 -0.227905 6.275973
v 0.674677 -0.277454 6.064554
v 0.764735 -0.361630 6.058465
v 0.769400 -0.388867 6.042685
v 0.767372 -0.374195 6.051135
v 0.661099 -0.280760 6.069303
v 0.773955 -0.387444 5.981611
v 0.820260 -0.084926 6.133628
v 0.971073 -0.523125 5.899240
v 0.770297 -0.539675 5.968961
v 0.876304 -0.136503 6.080838
v 0.853605 -0.762944 5.814322
v 0.855340 -0.761500 5.816819
v 0.856824 -0.757864 5.817577
v 0.861151 -0.755614 5.817216
v 0.862120 -0.753326 5.816096
v 0.863203 -0.750748 5.813572
v 0.858573 -0.758782 5.813851
v 0.859862 -0.758390 5.814585
v 0.858181 -0.760133 5.815238
v 0.857498 -0.760042 5.814456
v 0.851729 -0.573896 6.008922
v 0.844573 -0.564970 6.020129
v 0.834469 -0.562730 6.032002
v 0.827612 -0.551023 6.043649
v 0.812622 -0.749033 5.942529
v 0.782637 -0.351986 6.137706
v 0.788012 -0.355183 6.132242
v 0.924265 -0.294774 6.018785
v 0.769556 -0.346395 6.147319
v 0.790998 -0.365758 6.127955
v 0.968635 -0.417748 5.941375
v 0.821898 -0.536371 6.055332
v 0.762690 -0.337294 6.153211
v 0.979076 -0.468304 5.912033
v 0.794054 -0.381040 6.121823
v 0.739430 -0.276522 6.179289
v 0.808213 -0.426678 6.097322
v 0.868026 -0.861332 5.924376
v 0.880658 -0.852043 5.930233
v 0.867839 -0.844971 5.934593
v 0.855326 -0.850081 5.928954
v 0.858694 -0.837751 5.938508
v 0.848600 -0.839690 5.933191
v 0.890015 -0.841155 5.933847
v 0.877693 -0.837365 5.937767
v 0.882347 -0.804885 5.951190
v 0.882374 -0.812640 5.946523
v 0.891300 -0.809623 5.947070
v 0.890651 -0.798730 5.951956
v 0.879640 -0.780581 5.958951
v 0.886795 -0.769248 5.957626
v 0.875502 -0.763685 5.961055
v 0.868830 -0.774510 5.960977
v 0.835934 -0.786355 5.943261
v 0.839733 -0.792295 5.942878
v 0.842667 -0.788336 5.949386
v 0.838843 -0.781507 5.949272
v 0.828035 -0.795268 5.935457
v 0.821646 -0.799554 5.933698
v 0.826107 -0.803326 5.929995
v 0.832158 -0.799199 5.932744
v 0.831593 -0.780360 5.942072
v 0.835204 -0.775435 5.947860
v 0.829169 -0.787058 5.939734
v 0.832976 -0.791120 5.938784
v 0.818561 -0.784786 5.945010
v 0.813122 -0.786187 5.945296
v 0.814331 -0.791933 5.943037
v 0.820844 -0.788663 5.942326
v 0.827047 -0.781586 5.942242
v 0.823560 -0.779068 5.942599
v 0.822375 -0.782235 5.943961
v 0.825320 -0.785087 5.942376
v 0.824004 -0.791688 5.938049
v 0.817703 -0.795811 5.937852
v 0.810763 -0.798139 5.937081
v 0.806876 -0.793036 5.942749
v 0.847334 -0.770357 5.958480
v 0.842610 -0.766435 5.956959
v 0.838736 -0.771146 5.953248
v 0.842932 -0.776348 5.954745
v 0.826406 -0.775098 5.942560
v 0.826518 -0.761728 5.951065
v 0.820874 -0.762572 5.948419
v 0.821212 -0.765840 5.946717
v 0.827520 -0.765009 5.949667
v 0.855325 -0.756040 5.962296
v 0.856474 -0.747770 5.963021
v 0.848174 -0.748634 5.961155
v 0.847915 -0.754446 5.960672
v 0.847020 -0.741977 5.961106
v 0.855814 -0.739722 5.962622
v 0.847775 -0.723617 5.961319
v 0.838677 -0.731341 5.960476
v 0.844107 -0.736338 5.960953
v 0.852662 -0.731291 5.962067
v 0.826830 -0.735660 5.954766
v 0.831478 -0.726740 5.959570
v 0.824902 -0.722837 5.957432
v 0.821760 -0.733538 5.952192
v 0.829786 -0.753999 5.948373
v 0.827046 -0.758376 5.951279
v 0.831794 -0.757083 5.952549
v 0.833156 -0.754918 5.951163
v 0.837112 -0.754272 5.952649
v 0.836706 -0.755200 5.953255
v 0.837450 -0.756074 5.954198
v 0.837866 -0.754319 5.954072
v 0.835503 -0.754740 5.952120
v 0.836552 -0.754063 5.951536
v 0.833891 -0.753702 5.951273
v 0.829275 -0.753371 5.950949
v 0.815725 -0.750172 5.946069
v 0.817706 -0.753266 5.942498
v 0.820652 -0.753553 5.944178
v 0.818950 -0.751256 5.948318
v 0.835013 -0.757881 5.953895
v 0.831714 -0.759752 5.952836
v 0.832681 -0.762788 5.952181
v 0.836467 -0.760240 5.954556
v 0.838688 -0.763434 5.955460
v 0.841521 -0.759382 5.957406
v 0.838801 -0.757586 5.955624
v 0.837056 -0.753000 5.954106
v 0.839668 -0.754183 5.956163
v 0.839122 -0.751780 5.956265
v 0.837329 -0.749118 5.955896
v 0.834642 -0.751721 5.953692
v 0.830633 -0.750407 5.953058
v 0.834043 -0.746446 5.954968
v 0.828694 -0.744314 5.953934
v 0.825526 -0.748668 5.952029
v 0.835238 -0.767389 5.952159
v 0.842947 -0.754068 5.958541
v 0.845648 -0.761214 5.959090
v 0.842770 -0.749964 5.958810
v 0.841135 -0.745591 5.958438
v 0.832868 -0.738071 5.956816
v 0.837953 -0.741448 5.957991
v 0.840060 -0.718310 5.959962
v 0.832423 -0.714061 5.957353
v 0.855261 -0.831026 5.938069
v 0.848877 -0.831395 5.933287
v 0.857932 -0.823343 5.938899
v 0.854138 -0.824516 5.936993
v 0.854348 -0.826328 5.936299
v 0.859122 -0.825367 5.939332
v 0.875760 -0.814962 5.944431
v 0.875945 -0.809713 5.947604
v 0.870547 -0.813473 5.943468
v 0.870189 -0.816938 5.942142
v 0.859746 -0.807335 5.945043
v 0.858175 -0.813560 5.941867
v 0.862006 -0.814432 5.941861
v 0.864654 -0.808771 5.945875
v 0.854401 -0.813076 5.940048
v 0.855018 -0.806877 5.942680
v 0.851225 -0.807085 5.939236
v 0.851029 -0.812972 5.937442
v 0.850649 -0.826217 5.932808
v 0.850323 -0.824043 5.933131
v 0.847444 -0.822235 5.928828
v 0.846805 -0.824122 5.927689
v 0.842705 -0.812925 5.922323
v 0.840295 -0.811981 5.921260
v 0.840986 -0.815428 5.920316
v 0.843713 -0.815054 5.922258
v 0.843428 -0.812228 5.924504
v 0.841671 -0.809593 5.923956
v 0.869671 -0.879325 5.906657
v 0.884359 -0.870836 5.916139
v 0.853184 -0.866577 5.916427
v 0.895549 -0.858661 5.924097
v 0.903296 -0.844539 5.929718
v 0.880796 -0.752901 5.960785
v 0.867590 -0.749560 5.962887
v 0.863982 -0.759375 5.962513
v 0.882660 -0.741440 5.960467
v 0.867506 -0.738666 5.962517
v 0.861910 -0.716790 5.957292
v 0.866057 -0.726989 5.960732
v 0.897858 -0.746629 5.953940
v 0.900952 -0.736149 5.949735
v 0.883780 -0.728702 5.956761
v 0.914855 -0.745669 5.941272
v 0.919421 -0.740274 5.934993
v 0.905494 -0.725175 5.942369
v 0.899593 -0.692636 5.944911
v 0.912702 -0.697091 5.945014
v 0.918671 -0.684226 5.948562
v 0.905920 -0.680875 5.948832
v 0.893821 -0.757718 5.956021
v 0.900184 -0.817062 5.940390
v 0.901706 -0.804523 5.945282
v 0.889215 -0.819580 5.942443
v 0.930997 -0.863083 5.908482
v 0.933484 -0.848430 5.917272
v 0.918119 -0.847181 5.924477
v 0.913263 -0.862595 5.916822
v 0.914585 -0.890934 5.878410
v 0.924657 -0.879187 5.894230
v 0.903218 -0.877930 5.906287
v 0.891462 -0.888609 5.893592
v 0.947568 -0.845301 5.910439
v 0.949325 -0.859056 5.899260
v 0.966411 -0.849576 5.890363
v 0.961068 -0.838607 5.902921
v 0.948460 -0.874401 5.881701
v 0.969883 -0.862053 5.870879
v 0.928894 -0.741270 5.929362
v 0.922294 -0.725796 5.934439
v 0.922021 -0.713058 5.938483
v 0.907662 -0.711450 5.942775
v 0.969733 -0.869981 5.848141
v 0.942740 -0.886175 5.862396
v 0.983500 -0.798004 5.880464
v 0.975030 -0.797666 5.895540
v 0.972927 -0.813664 5.897228
v 0.983467 -0.816625 5.880633
v 0.990872 -0.796904 5.863151
v 0.991674 -0.818952 5.860575
v 0.963545 -0.750733 5.891173
v 0.968221 -0.746070 5.878742
v 0.957309 -0.733380 5.884410
v 0.953222 -0.737706 5.895326
v 0.867811 -0.833549 5.941416
v 0.875034 -0.827509 5.942583
v 0.867661 -0.825289 5.942084
v 0.861901 -0.828952 5.941109
v 0.895981 -0.829398 5.936679
v 0.884934 -0.828602 5.939839
v 0.920629 -0.831936 5.928965
v 0.934087 -0.834050 5.923196
v 0.957128 -0.828090 5.910364
v 0.945552 -0.833510 5.916529
v 0.966854 -0.796063 5.904878
v 0.965230 -0.806428 5.906330
v 0.940640 -0.745546 5.918698
v 0.947452 -0.741624 5.905931
v 0.941782 -0.724778 5.912192
v 0.934662 -0.726460 5.924396
v 0.950507 -0.720490 5.890476
v 0.946283 -0.722718 5.900236
v 0.936292 -0.698024 5.932875
v 0.943635 -0.695771 5.921407
v 0.948190 -0.684957 5.924841
v 0.940629 -0.685667 5.935220
v 0.954861 -0.681568 5.913353
v 0.948278 -0.694525 5.909219
v 0.952631 -0.690341 5.898484
v 0.959281 -0.676831 5.901638
v 0.885610 -0.672450 5.942074
v 0.894596 -0.676643 5.945655
v 0.899832 -0.666779 5.949678
v 0.890326 -0.662788 5.945011
v 0.948283 -0.673317 5.936649
v 0.957291 -0.673351 5.926597
v 0.957181 -0.755535 5.902603
v 0.951561 -0.760774 5.911924
v 0.964058 -0.669984 5.915793
v 0.940936 -0.709888 5.917670
v 0.945272 -0.707985 5.905718
v 0.952981 -0.716119 5.880280
v 0.959581 -0.728311 5.873666
v 0.836693 -0.795752 5.937144
v 0.845285 -0.808515 5.931408
v 0.843284 -0.808949 5.927537
v 0.844631 -0.811980 5.926758
v 0.846130 -0.812389 5.930250
v 0.832439 -0.848333 5.914165
v 0.842546 -0.851484 5.922204
v 0.838149 -0.838633 5.926820
v 0.828978 -0.832621 5.919244
v 0.860970 -0.787003 5.958473
v 0.853235 -0.776954 5.959433
v 0.847089 -0.783233 5.955261
v 0.851584 -0.791901 5.953256
v 0.866162 -0.818074 5.940822
v 0.864033 -0.819854 5.940519
v 0.867141 -0.820062 5.941145
v 0.851639 -0.763683 5.960736
v 0.859081 -0.768604 5.961644
v 0.900642 -0.790436 5.949415
v 0.880257 -0.820302 5.943469
v 0.902238 -0.895485 5.860643
v 0.876423 -0.893826 5.879445
v 0.932322 -0.890754 5.842204
v 0.963290 -0.874455 5.825702
v 0.995215 -0.819047 5.838404
v 0.998265 -0.818490 5.815505
v 0.995412 -0.789735 5.821742
v 0.995176 -0.793627 5.843037
v 0.969725 -0.740796 5.866043
v 0.955171 -0.687612 5.887389
v 0.959098 -0.673475 5.891584
v 0.855502 -0.882092 5.895798
v 0.840237 -0.865786 5.907317
v 0.908664 -0.830295 5.933010
v 0.879197 -0.797848 5.954963
v 0.872970 -0.791545 5.957784
v 0.868187 -0.801438 5.952981
v 0.873326 -0.804788 5.951149
v 0.886894 -0.788486 5.955811
v 0.896091 -0.777425 5.952723
v 0.906992 -0.766444 5.948217
v 0.911165 -0.753791 5.945821
v 0.977987 -0.835148 5.883137
v 0.970413 -0.828416 5.897205
v 0.987709 -0.845517 5.840421
v 0.984982 -0.842916 5.863848
v 0.965349 -0.821135 5.904855
v 0.984952 -0.846761 5.816487
v 0.821539 -0.769867 5.944401
v 0.820958 -0.773490 5.941778
v 0.829155 -0.770160 5.947447
v 0.820660 -0.746793 5.950159
v 0.823945 -0.741771 5.951794
v 0.819462 -0.740451 5.948754
v 0.816659 -0.745616 5.947535
v 0.844574 -0.705090 5.950193
v 0.852898 -0.709740 5.954034
v 0.879451 -0.683032 5.940404
v 0.888231 -0.686813 5.943285
v 0.817959 -0.783697 5.942233
v 0.820696 -0.782179 5.941106
v 0.818652 -0.781552 5.937983
v 0.816280 -0.785079 5.941725
v 0.834772 -0.756096 5.953210
v 0.816316 -0.762324 5.945915
v 0.817619 -0.758293 5.946537
v 0.815291 -0.757395 5.944416
v 0.813847 -0.761489 5.944027
v 0.881599 -0.714061 5.949364
v 0.893339 -0.704535 5.943648
v 0.930212 -0.685613 5.943591
v 0.925369 -0.698845 5.941307
v 0.933822 -0.712075 5.929819
v 0.948848 -0.705487 5.895539
v 0.952024 -0.702489 5.884185
v 0.949745 -0.699038 5.874358
v 0.950778 -0.710373 5.869626
v 0.867395 -0.703927 5.946010
v 0.881965 -0.697141 5.942730
v 0.869446 -0.692302 5.939364
v 0.857472 -0.699601 5.942435
v 0.812823 -0.779583 5.940307
v 0.815122 -0.778154 5.940011
v 0.813415 -0.775759 5.939183
v 0.810619 -0.778247 5.939914
v 0.820754 -0.779613 5.941906
v 0.820095 -0.776775 5.940765
v 0.819425 -0.778778 5.940963
v 0.820460 -0.781273 5.942605
v 0.817727 -0.783391 5.943295
v 0.810955 -0.784514 5.942221
v 0.806785 -0.785283 5.944638
v 0.813937 -0.784624 5.943282
v 0.815529 -0.781479 5.938856
v 0.817191 -0.780373 5.939384
v 0.819912 -0.780797 5.939085
v 0.820587 -0.780933 5.940445
v 0.812733 -0.785371 5.941793
v 0.815080 -0.784717 5.942273
v 0.815038 -0.802905 5.932127
v 0.873773 -0.679571 5.936829
v 0.863005 -0.688599 5.935696
v 0.836640 -0.754649 5.952408
v 0.842192 -0.829553 5.927105
v 0.860684 -0.799686 5.952287
v 0.843218 -0.797710 5.940857
v 0.845816 -0.802750 5.938066
v 0.849521 -0.801314 5.943233
v 0.846709 -0.795063 5.946960
v 0.836344 -0.824343 5.921720
v 0.834216 -0.817682 5.919745
v 0.826656 -0.820365 5.918893
v 0.834490 -0.811239 5.921084
v 0.837044 -0.807386 5.924365
v 0.831450 -0.805754 5.926434
v 0.825617 -0.811626 5.922555
v 0.863140 -0.823027 5.940578
v 0.861197 -0.821747 5.940059
v 0.836362 -0.802334 5.930344
v 0.840086 -0.805138 5.928329
v 0.842686 -0.804095 5.933079
v 0.839910 -0.799915 5.935157
v 0.854248 -0.800096 5.948404
v 0.872898 -0.820397 5.942543
v 0.868510 -0.810734 5.945121
v 0.941196 -0.758655 5.921971
v 0.949154 -0.768473 5.918622
v 0.927774 -0.757852 5.936157
v 0.928642 -0.757815 5.931385
v 0.925662 -0.751845 5.931106
v 0.922477 -0.752517 5.934843
v 0.951410 -0.804033 5.917431
v 0.948058 -0.805843 5.919450
v 0.949169 -0.811390 5.918750
v 0.955117 -0.807925 5.914931
v 0.943223 -0.809991 5.922904
v 0.941394 -0.808975 5.924668
v 0.938504 -0.806727 5.927011
v 0.941455 -0.812384 5.923506
v 0.934564 -0.810612 5.927034
v 0.932886 -0.821453 5.926353
v 0.943868 -0.822991 5.920839
v 0.913880 -0.812790 5.935868
v 0.923704 -0.818474 5.930125
v 0.927912 -0.806031 5.929396
v 0.922968 -0.799207 5.933885
v 0.918964 -0.765792 5.940890
v 0.920173 -0.757505 5.938901
v 0.932692 -0.753446 5.927013
v 0.986519 -0.778136 5.867241
v 0.979969 -0.780907 5.883533
v 0.972528 -0.782785 5.896361
v 0.964508 -0.784258 5.906183
v 0.990531 -0.774612 5.848978
v 0.987097 -0.769815 5.829859
v 0.912119 -0.797182 5.942013
v 0.920251 -0.788886 5.937973
v 0.973549 -0.764624 5.887371
v 0.978738 -0.761144 5.872519
v 0.966483 -0.768044 5.899532
v 0.959866 -0.772444 5.908988
v 0.981520 -0.757847 5.856090
v 0.977378 -0.751374 5.841486
v 0.966356 -0.735518 5.854191
v 0.929286 -0.765429 5.938424
v 0.929204 -0.760364 5.939552
v 0.926949 -0.759532 5.937687
v 0.925424 -0.764369 5.937394
v 0.919112 -0.776920 5.940109
v 0.910677 -0.781891 5.944983
v 0.819776 -0.807540 5.927847
v 0.819775 -0.720167 5.954139
v 0.818080 -0.732211 5.949392
v 0.816716 -0.769370 5.942056
v 0.816634 -0.765759 5.943981
v 0.814291 -0.764605 5.942290
v 0.814422 -0.768327 5.940512
v 0.842951 -0.820413 5.922409
v 0.957465 -0.723570 5.862296
v 0.951552 -0.685417 5.877913
v 0.955154 -0.670827 5.881573
v 0.966120 -0.665350 5.904549
v 0.963558 -0.661062 5.894420
v 0.813879 -0.772043 5.939403
v 0.816481 -0.772849 5.940666
v 0.813659 -0.782570 5.938842
v 0.821628 -0.758958 5.949038
v 0.817110 -0.778185 5.940388
v 0.816460 -0.775756 5.940264
v 0.811547 -0.774989 5.938066
v 0.812870 -0.771380 5.938324
v 0.848025 -0.807961 5.935275
v 0.848314 -0.812863 5.933924
v 0.810919 -0.782147 5.940584
v 0.808190 -0.781050 5.941908
v 0.911631 -0.670571 5.952507
v 0.924854 -0.672858 5.951545
v 0.813811 -0.756671 5.942931
v 0.812468 -0.760941 5.942633
v 0.928530 -0.791317 5.932955
v 0.931709 -0.798255 5.929837
v 0.936138 -0.791990 5.930065
v 0.933411 -0.785880 5.932667
v 0.879159 -0.669643 5.938215
v 0.937680 -0.673526 5.945440
v 0.958470 -0.658195 5.884569
v 0.864861 -0.815415 5.941408
v 0.866313 -0.816568 5.941232
v 0.845159 -0.818744 5.924467
v 0.823938 -0.752471 5.949981
v 0.825008 -0.753866 5.946339
v 0.851635 -0.697034 5.938579
v 0.808862 -0.777494 5.939214
v 0.941351 -0.798306 5.924665
v 0.939885 -0.793497 5.923935
v 0.939861 -0.794805 5.927992
v 0.940034 -0.798762 5.927551
v 0.938795 -0.802412 5.929434
v 0.940409 -0.806349 5.929166
v 0.941831 -0.802944 5.929647
v 0.940612 -0.799326 5.929186
v 0.935465 -0.803362 5.927922
v 0.937008 -0.798162 5.929507
v 0.943627 -0.808502 5.928948
v 0.943955 -0.805831 5.929695
v 0.944959 -0.807165 5.921860
v 0.942462 -0.809608 5.924119
v 0.948006 -0.809620 5.922159
v 0.949572 -0.809094 5.928724
v 0.955157 -0.807523 5.920973
v 0.956108 -0.807336 5.927829
v 0.960183 -0.801670 5.920603
v 0.962145 -0.802799 5.926940
v 0.924834 -0.772430 5.937114
v 0.930352 -0.772006 5.935338
v 0.961613 -0.794727 5.921586
v 0.964681 -0.796349 5.927467
v 0.961252 -0.786943 5.923653
v 0.964596 -0.788658 5.929039
v 0.959742 -0.779143 5.926830
v 0.962118 -0.780840 5.931393
v 0.955958 -0.772089 5.929889
v 0.957779 -0.774332 5.933976
v 0.949568 -0.765328 5.933729
v 0.951746 -0.768941 5.936367
v 0.958401 -0.799728 5.923889
v 0.954420 -0.804115 5.924561
v 0.952183 -0.799064 5.916900
v 0.949179 -0.806623 5.927724
v 0.946868 -0.786795 5.923299
v 0.944364 -0.785260 5.923892
v 0.943002 -0.786317 5.923748
v 0.944282 -0.787947 5.922893
v 0.935814 -0.782172 5.931728
v 0.933953 -0.777980 5.933707
v 0.931258 -0.778949 5.935263
v 0.933344 -0.772324 5.933970
v 0.932945 -0.777122 5.931005
v 0.931863 -0.774797 5.931880
v 0.933608 -0.779997 5.928355
v 0.934951 -0.772906 5.932918
v 0.934788 -0.773284 5.935112
v 0.934533 -0.772402 5.929255
v 0.933338 -0.772705 5.929113
v 0.933096 -0.774047 5.926635
v 0.934876 -0.777572 5.924227
v 0.926186 -0.782264 5.935884
v 0.941486 -0.765350 5.925910
v 0.947516 -0.773146 5.922988
v 0.945328 -0.764455 5.938652
v 0.942598 -0.759440 5.937246
v 0.931994 -0.758752 5.939935
v 0.936384 -0.757240 5.939379
v 0.952465 -0.793223 5.918473
v 0.952540 -0.787051 5.920270
v 0.934143 -0.760654 5.930205
v 0.950677 -0.780352 5.920874
v 0.950296 -0.772530 5.935028
v 0.944820 -0.769987 5.935853
v 0.955158 -0.776322 5.932868
v 0.934525 -0.770334 5.937087
v 0.939521 -0.769531 5.937225
v 0.939013 -0.763604 5.939357
v 0.933522 -0.764353 5.939038
v 0.943527 -0.773621 5.935459
v 0.948273 -0.775964 5.935355
v 0.942412 -0.773861 5.931283
v 0.947310 -0.775726 5.931316
v 0.938029 -0.773168 5.932343
v 0.938942 -0.773055 5.935807
v 0.940845 -0.773628 5.928472
v 0.944276 -0.778665 5.926192
v 0.935871 -0.772550 5.929018
v 0.950523 -0.779675 5.930936
v 0.947672 -0.782198 5.924813
v 0.950062 -0.786377 5.928762
v 0.951580 -0.784323 5.931038
v 0.952395 -0.778955 5.934396
v 0.954923 -0.782919 5.932178
v 0.958161 -0.781506 5.930258
v 0.956182 -0.787981 5.929307
v 0.959549 -0.787920 5.927244
v 0.952882 -0.788539 5.930393
v 0.950255 -0.789204 5.928907
v 0.960142 -0.794152 5.924877
v 0.956189 -0.792897 5.926809
v 0.955499 -0.797792 5.926016
v 0.953322 -0.792441 5.928477
v 0.952075 -0.795956 5.927401
v 0.950738 -0.791955 5.928702
v 0.948961 -0.793696 5.927609
v 0.943304 -0.803813 5.927634
v 0.941054 -0.801737 5.927776
v 0.947919 -0.803339 5.925637
v 0.945685 -0.800000 5.925588
v 0.944307 -0.801534 5.924757
v 0.941791 -0.799856 5.924266
v 0.943004 -0.797270 5.925527
v 0.943731 -0.793811 5.926348
v 0.899919 -0.645288 5.953297
v 0.893945 -0.642241 5.947193
v 0.890558 -0.649814 5.943113
v 0.896137 -0.653238 5.948810
v 0.948948 -0.798304 5.926969
v 0.945771 -0.795493 5.926805
v 0.952350 -0.801520 5.925930
v 0.947201 -0.790049 5.926529
v 0.946202 -0.792271 5.926982
v 0.947837 -0.791036 5.927687
v 0.948456 -0.789734 5.927522
v 0.936752 -0.786448 5.928762
v 0.936267 -0.783329 5.926229
v 0.939633 -0.780787 5.926738
v 0.930387 -0.638725 5.970101
v 0.928778 -0.643350 5.962837
v 0.946417 -0.646032 5.962431
v 0.949494 -0.642408 5.969435
v 0.923396 -0.633387 5.991378
v 0.947147 -0.641247 5.991216
v 0.930178 -0.631280 6.009568
v 0.916087 -0.623015 6.006971
v 0.918151 -0.620954 6.026511
v 0.907202 -0.613217 6.022748
v 0.889752 -0.589171 6.069026
v 0.878496 -0.585122 6.061931
v 0.887249 -0.595282 6.049753
v 0.898367 -0.599804 6.056138
v 0.881681 -0.530774 6.128694
v 0.879754 -0.510876 6.130181
v 0.867782 -0.513929 6.125417
v 0.871540 -0.531801 6.125125
v 0.941071 -0.622901 6.064237
v 0.944259 -0.639639 6.050660
v 0.947364 -0.635359 6.060769
v 0.946149 -0.615350 6.071766
v 0.993499 -0.651672 5.967113
v 0.971432 -0.648934 5.977591
v 0.970086 -0.645431 5.971666
v 0.989165 -0.650527 5.961882
v 0.934453 -0.541035 6.118920
v 0.927055 -0.529731 6.125801
v 0.918967 -0.540403 6.124481
v 0.924919 -0.551051 6.117356
v 0.913259 -0.451476 6.132392
v 0.911138 -0.433742 6.140386
v 0.892521 -0.434032 6.139575
v 0.895752 -0.450680 6.131084
v 0.974022 -0.463236 6.113280
v 0.991118 -0.457080 6.102155
v 0.989750 -0.440728 6.105481
v 0.972933 -0.446665 6.117417
v 0.910127 -0.593992 6.078554
v 0.900600 -0.592214 6.074525
v 0.908951 -0.603645 6.061132
v 0.917557 -0.606816 6.064910
v 0.953276 -0.728999 6.168626
v 0.946414 -0.717526 6.177906
v 0.949619 -0.706211 6.157241
v 0.956036 -0.717786 6.148326
v 0.945222 -0.355987 6.159701
v 0.959172 -0.349047 6.147287
v 0.954875 -0.332792 6.156425
v 0.940771 -0.341112 6.168089
v 0.975580 -0.694269 6.043078
v 0.975709 -0.692069 6.031084
v 0.997361 -0.698367 6.022109
v 0.996119 -0.702093 6.033485
v 0.940658 -0.586821 6.087738
v 0.932296 -0.593266 6.084384
v 0.936894 -0.607730 6.074327
v 0.944508 -0.599613 6.080004
v 0.999767 -0.489164 6.096453
v 0.985806 -0.494533 6.106798
v 0.991835 -0.510617 6.100276
v 1.004260 -0.505670 6.090873
v 0.980509 -0.478630 6.111396
v 0.995938 -0.472915 6.100383
v 0.925563 -0.594998 6.082816
v 0.918465 -0.594810 6.081065
v 0.924919 -0.609370 6.067596
v 0.930739 -0.611091 6.070354
v 0.879396 -0.492668 6.126631
v 0.865083 -0.496666 6.120679
v 0.923268 -0.348125 6.176922
v 0.903705 -0.353091 6.181722
v 0.908465 -0.366489 6.174392
v 0.927843 -0.362361 6.169360
v 0.881850 -0.464373 6.118800
v 0.881184 -0.477551 6.119576
v 0.894848 -0.477735 6.123956
v 0.896756 -0.465078 6.122245
v 0.883899 -0.356624 6.182158
v 0.864282 -0.358449 6.179384
v 0.869674 -0.370056 6.171217
v 0.888611 -0.368759 6.174579
v 0.907768 -0.610463 6.041832
v 0.897017 -0.604637 6.036908
v 0.901449 -0.530364 6.130656
v 0.901612 -0.511712 6.133047
v 0.891344 -0.510520 6.132439
v 0.891964 -0.530381 6.130507
v 0.966247 -0.584558 6.081260
v 0.954286 -0.601861 6.078104
v 0.954343 -0.624311 6.072372
v 0.967483 -0.598900 6.078881
v 0.953629 -0.320185 6.166156
v 0.939123 -0.329560 6.178023
v 0.879379 -0.347095 6.189965
v 0.859289 -0.349393 6.186923
v 1.004180 -0.593844 6.087976
v 1.010059 -0.580725 6.083768
v 1.001585 -0.582515 6.084268
v 0.996841 -0.595535 6.086741
v 0.844941 -0.526201 6.102788
v 0.854121 -0.538158 6.108631
v 0.857922 -0.523285 6.118095
v 0.851997 -0.507531 6.112468
v 0.904078 -0.494019 6.131733
v 0.908144 -0.479998 6.127132
v 0.892405 -0.492441 6.129989
v 0.838161 -0.512367 6.094256
v 0.848137 -0.488192 6.102918
v 0.885237 -0.597776 6.031088
v 0.875908 -0.589609 6.042692
v 0.893994 -0.606656 6.018063
v 0.880682 -0.599874 6.012151
v 0.887392 -0.609710 5.998618
v 0.901152 -0.615822 6.003715
v 0.892059 -0.620081 5.985718
v 0.906295 -0.625897 5.989620
v 0.913057 -0.634991 5.967532
v 0.913200 -0.639949 5.960252
v 0.953047 -0.587361 6.084062
v 0.950357 -0.576159 6.091006
v 0.900319 -0.342660 6.190328
v 1.053010 -0.579594 5.982594
v 1.053058 -0.565566 5.984591
v 1.052720 -0.579123 6.001038
v 1.053147 -0.591959 5.996263
v 0.997168 -0.655950 5.971474
v 0.974643 -0.654611 5.982650
v 1.031465 -0.580553 6.070645
v 1.035501 -0.568633 6.057304
v 1.034076 -0.561466 6.057271
v 1.028943 -0.574706 6.071339
v 1.012884 -0.596906 6.090579
v 1.009949 -0.613476 6.108899
v 1.013385 -0.616383 6.109611
v 1.015164 -0.601448 6.092260
v 0.966194 -0.324371 6.141572
v 0.969801 -0.341763 6.131386
v 1.018568 -0.450012 6.049779
v 1.012035 -0.450853 6.069335
v 1.016639 -0.468707 6.068606
v 1.023205 -0.469178 6.049634
v 0.985333 -0.529767 5.911948
v 0.985353 -0.516437 5.915804
v 1.001822 -0.524253 5.926411
v 1.002238 -0.536987 5.922660
v 1.037080 -0.566904 5.946579
v 1.036255 -0.578091 5.943152
v 1.020859 -0.566789 5.928585
v 1.021214 -0.555836 5.931835
v 1.047560 -0.566088 5.965936
v 1.046562 -0.552729 5.967731
v 1.013851 -0.503503 6.079371
v 1.010631 -0.486384 6.082559
v 1.021833 -0.529622 6.074437
v 1.012347 -0.532780 6.083107
v 1.014676 -0.542534 6.082053
v 1.023594 -0.540050 6.074192
v 0.986052 -0.651989 5.954607
v 1.000707 -0.649911 5.942089
v 1.006913 -0.649402 5.950797
v 1.002210 -0.610861 5.912068
v 1.005084 -0.603750 5.913509
v 1.012835 -0.612419 5.922251
v 1.006662 -0.618589 5.918671
v 1.002614 -0.467951 5.947287
v 0.989069 -0.458906 5.933367
v 0.985777 -0.441702 5.943518
v 0.999446 -0.450107 5.958249
v 1.028276 -0.549868 6.067418
v 1.024229 -0.562290 6.073466
v 1.026735 -0.564909 6.070465
v 1.030883 -0.551546 6.061730
v 1.032832 -0.540365 6.056306
v 1.033089 -0.529648 6.053890
v 1.028702 -0.528796 6.064496
v 1.029444 -0.539030 6.064650
v 1.025290 -0.487796 6.050162
v 1.019126 -0.486366 6.067052
v 1.021538 -0.503678 6.065750
v 1.027848 -0.504815 6.052021
v 0.967885 -0.383134 5.977532
v 0.979761 -0.384778 5.989781
v 0.986464 -0.405660 5.978849
v 0.975136 -0.401297 5.965379
v 0.980067 -0.623441 6.093994
v 0.972431 -0.632212 6.090757
v 0.967761 -0.641226 6.102457
v 0.975808 -0.633701 6.109056
v 1.026963 -0.632156 6.112995
v 1.027669 -0.642176 6.121401
v 1.029967 -0.645651 6.117689
v 1.029962 -0.635952 6.109230
v 0.977433 -0.638969 6.134773
v 0.970626 -0.642871 6.126513
v 0.965288 -0.654376 6.146414
v 0.972758 -0.648866 6.154890
v 1.022951 -0.653196 5.970154
v 1.000428 -0.660593 5.976264
v 1.018836 -0.651734 5.963745
v 0.995475 -0.622526 6.124612
v 0.991072 -0.632276 6.144415
v 0.998554 -0.631442 6.145614
v 1.001389 -0.621945 6.126499
v 0.967084 -0.737556 6.162643
v 0.969503 -0.726373 6.142346
v 0.976394 -0.656481 6.182754
v 0.986354 -0.654601 6.186801
v 0.986531 -0.643886 6.166779
v 0.979329 -0.644584 6.163013
v 1.011640 -0.429407 6.050179
v 1.007272 -0.431147 6.070190
v 0.974613 -0.306302 6.107805
v 0.972480 -0.314770 6.124962
v 0.976101 -0.333264 6.112617
v 0.978597 -0.326680 6.094624
v 0.963256 -0.308520 6.151240
v 0.969212 -0.289431 6.119141
v 0.968149 -0.299404 6.135523
v 0.983246 -0.656509 5.931520
v 0.986341 -0.651753 5.917349
v 0.995600 -0.645085 5.922173
v 0.992436 -0.652038 5.935310
v 0.942812 -0.220941 6.236515
v 0.929277 -0.198935 6.251287
v 0.919837 -0.219171 6.263810
v 0.929569 -0.240475 6.248636
v 0.985256 -0.624928 5.899450
v 0.992102 -0.635678 5.910333
v 0.982955 -0.643920 5.905882
v 0.976043 -0.636034 5.896142
v 0.937449 -0.259037 6.233611
v 0.952137 -0.242096 6.220889
v 0.968150 -0.657149 5.943567
v 0.979243 -0.653813 5.948673
v 0.962294 -0.650054 5.958497
v 0.954288 -0.654633 5.951863
v 0.939200 -0.653341 5.956788
v 0.904694 -0.239465 6.274073
v 0.912870 -0.255467 6.257625
v 0.974241 -0.660893 5.918285
v 0.973487 -0.655641 5.906275
v 0.969550 -0.648796 5.895258
v 0.963502 -0.644885 5.884660
v 0.962442 -0.294310 6.163839
v 0.951886 -0.307151 6.178470
v 0.849890 -0.088768 6.258882
v 0.835418 -0.077079 6.236845
v 0.812329 -0.080915 6.253019
v 0.830672 -0.093063 6.277023
v 0.797215 -0.078064 6.181886
v 0.774400 -0.090549 6.196361
v 0.793447 -0.080936 6.225480
v 0.815858 -0.073834 6.211666
v 0.897895 -0.138094 6.104959
v 0.917184 -0.140607 6.126478
v 0.924439 -0.161770 6.117232
v 0.906675 -0.158633 6.095396
v 0.967231 -0.271927 6.131850
v 0.966644 -0.283170 6.148373
v 0.936342 -0.318775 6.189066
v 0.817289 -0.208608 6.362069
v 0.831581 -0.174764 6.355801
v 0.804672 -0.166658 6.374210
v 0.792730 -0.199372 6.381190
v 0.801620 -0.109573 6.335639
v 0.826035 -0.112881 6.316887
v 0.810698 -0.093712 6.293476
v 0.788920 -0.093014 6.311320
v 0.839044 -0.351902 6.182641
v 0.853265 -0.340727 6.194513
v 0.832764 -0.343402 6.189795
v 0.790309 -0.352447 6.156832
v 0.805372 -0.353495 6.168890
v 0.796903 -0.346421 6.174047
v 0.781964 -0.346241 6.162205
v 0.755996 -0.277113 6.198052
v 0.746256 -0.276867 6.188379
v 0.754252 -0.291236 6.182120
v 0.767250 -0.290941 6.192121
v 0.891208 -0.270313 6.263558
v 0.869812 -0.280736 6.260139
v 0.874193 -0.289771 6.245147
v 0.896972 -0.281088 6.246490
v 0.756198 -0.107272 6.209753
v 0.772488 -0.090985 6.236952
v 0.776829 -0.228938 6.378541
v 0.802557 -0.235787 6.354928
v 0.754211 -0.250659 6.365912
v 0.734397 -0.257240 6.343225
v 0.757487 -0.261840 6.321405
v 0.780269 -0.255932 6.341472
v 0.728350 -0.214482 6.213439
v 0.741897 -0.237769 6.215755
v 0.744219 -0.232822 6.225661
v 0.729959 -0.209323 6.220090
v 0.841263 -0.078257 6.153378
v 0.821641 -0.074324 6.166701
v 0.838484 -0.071595 6.195433
v 0.861372 -0.077058 6.177359
v 0.965148 -0.281060 6.104202
v 0.963241 -0.261643 6.115914
v 0.959477 -0.275232 6.089625
v 0.972846 -0.300821 6.091069
v 0.967775 -0.296079 6.075346
v 1.010372 -0.429007 6.008091
v 1.012724 -0.428393 6.029575
v 1.021163 -0.449152 6.028854
v 1.019963 -0.451439 6.006742
v 1.019138 -0.532898 5.937596
v 1.020297 -0.545120 5.934171
v 0.772073 -0.085750 6.280230
v 0.753277 -0.099263 6.244522
v 0.736179 -0.092130 6.276603
v 0.754707 -0.085565 6.303965
v 0.779021 -0.106950 6.354070
v 0.783005 -0.129273 6.373693
v 0.808075 -0.135820 6.358180
v 0.778103 -0.161335 6.393219
v 0.767176 -0.194218 6.401526
v 0.730152 -0.244263 6.386193
v 0.710706 -0.250094 6.362844
v 0.698687 -0.209682 6.275450
v 0.705758 -0.230298 6.294313
v 0.687096 -0.221404 6.311451
v 0.682835 -0.199947 6.290452
v 0.786569 -0.277560 6.225698
v 0.820746 -0.282685 6.238631
v 0.815722 -0.275708 6.252061
v 0.787897 -0.268960 6.240999
v 0.800233 -0.358960 6.154072
v 0.812442 -0.360613 6.162353
v 0.820850 -0.353121 6.176708
v 0.826791 -0.361283 6.169395
v 0.844812 -0.360253 6.174937
v 0.830878 -0.418553 6.132416
v 0.848731 -0.418801 6.140446
v 0.841950 -0.403287 6.147236
v 0.824647 -0.403123 6.139564
v 0.838014 -0.435049 6.124200
v 0.855943 -0.435798 6.132572
v 0.851262 -0.467941 6.103388
v 0.865874 -0.480107 6.113136
v 0.866079 -0.465900 6.112623
v 0.873169 -0.590124 6.024430
v 0.864920 -0.581845 6.035689
v 0.883806 -0.258564 6.280940
v 0.728996 -0.124432 6.235138
v 0.712919 -0.143793 6.237069
v 0.700679 -0.131981 6.257330
v 0.716240 -0.110425 6.260578
v 0.918296 -0.271578 6.242258
v 0.920244 -0.337265 6.186489
v 0.917063 -0.327738 6.196002
v 0.950235 -0.473091 6.121374
v 0.952588 -0.452121 6.125352
v 0.864197 -0.545576 6.113146
v 0.863742 -0.534280 6.119356
v 0.837013 -0.140037 6.337619
v 0.706855 -0.236586 6.404224
v 0.682772 -0.229223 6.421466
v 0.662651 -0.233332 6.398701
v 0.687429 -0.241908 6.381464
v 0.666384 -0.169354 6.298163
v 0.665430 -0.189767 6.310314
v 0.647372 -0.179910 6.331760
v 0.650597 -0.157775 6.320998
v 0.631373 -0.151075 6.344575
v 0.626051 -0.171401 6.353926
v 0.603939 -0.162804 6.374331
v 0.611081 -0.142924 6.365625
v 0.750177 -0.223816 6.399836
v 0.718126 -0.182335 6.435335
v 0.702825 -0.209532 6.435220
v 0.726423 -0.216486 6.417670
v 0.742124 -0.188156 6.417797
v 0.768861 -0.092317 6.331659
v 0.683383 -0.177696 6.274852
v 0.696341 -0.187448 6.260161
v 0.665468 -0.118887 6.315114
v 0.678898 -0.099462 6.320771
v 0.696618 -0.103376 6.291796
v 0.681882 -0.125542 6.286869
v 0.731574 -0.105998 6.394667
v 0.733087 -0.127177 6.412621
v 0.757401 -0.129945 6.395694
v 0.754169 -0.107790 6.376678
v 0.752439 -0.158302 6.409773
v 0.728599 -0.153223 6.426529
v 0.668976 -0.171319 6.469642
v 0.651406 -0.195565 6.466983
v 0.677931 -0.203040 6.451872
v 0.693933 -0.176687 6.453087
v 0.682094 -0.144339 6.462200
v 0.705624 -0.148506 6.444459
v 0.710485 -0.124144 6.430046
v 0.687586 -0.121906 6.447654
v 0.686630 -0.104568 6.430190
v 0.708565 -0.105449 6.412446
v 0.701973 -0.090901 6.393420
v 0.681339 -0.091461 6.412363
v 0.691753 -0.084656 6.374952
v 0.676630 -0.087061 6.358159
v 0.659096 -0.086981 6.380156
v 0.672679 -0.085664 6.395897
v 0.631184 -0.107351 6.362285
v 0.644749 -0.094318 6.368649
v 0.661726 -0.096783 6.346157
v 0.648461 -0.113443 6.340736
v 0.576545 -0.086978 6.426372
v 0.591391 -0.087069 6.435260
v 0.599128 -0.089759 6.424582
v 0.583877 -0.091545 6.415619
v 0.605217 -0.087145 6.444328
v 0.616976 -0.086909 6.455969
v 0.623406 -0.091077 6.447718
v 0.611100 -0.090699 6.436194
v 0.632478 -0.102821 6.477972
v 0.631626 -0.094435 6.462032
v 0.624192 -0.089242 6.470143
v 0.623759 -0.095529 6.485574
v 0.621824 -0.102834 6.502039
v 0.631792 -0.113286 6.494617
v 0.609112 -0.113501 6.513360
v 0.622118 -0.127151 6.505624
v 0.604220 -0.144633 6.511444
v 0.589290 -0.125902 6.517964
v 0.551926 -0.124695 6.426124
v 0.540211 -0.110807 6.435489
v 0.549352 -0.100736 6.425002
v 0.559449 -0.112487 6.415347
v 0.545335 -0.152297 6.459062
v 0.547449 -0.168365 6.480316
v 0.534883 -0.140939 6.488236
v 0.535024 -0.127238 6.468046
v 0.659355 -0.140403 6.478483
v 0.644284 -0.165370 6.485640
v 0.665703 -0.104504 6.448180
v 0.665792 -0.120097 6.465292
v 0.613700 -0.101205 6.382327
v 0.627755 -0.091302 6.389975
v 0.583019 -0.151904 6.394004
v 0.591101 -0.133436 6.384648
v 0.580278 -0.189717 6.487576
v 0.604960 -0.200490 6.468691
v 0.624794 -0.187658 6.482378
v 0.600477 -0.178214 6.499923
v 0.638649 -0.135130 6.493534
v 0.646859 -0.117575 6.481524
v 0.647721 -0.104114 6.464659
v 0.645085 -0.094095 6.448742
v 0.636657 -0.089942 6.433952
v 0.625850 -0.089021 6.420131
v 0.613264 -0.089496 6.408184
v 0.597418 -0.095882 6.400191
v 0.573963 -0.123022 6.401626
v 0.566284 -0.139289 6.412452
v 0.548927 -0.145731 6.510015
v 0.560595 -0.173305 6.503270
v 0.582678 -0.163281 6.513902
v 0.571090 -0.138612 6.522203
v 0.540702 -0.115990 6.513228
v 0.528567 -0.114527 6.493199
v 0.601007 -0.075160 6.449009
v 0.611315 -0.075184 6.459453
v 0.618023 -0.076304 6.473346
v 0.615406 -0.085490 6.507049
v 0.597071 -0.092923 6.518496
v 0.576859 -0.100700 6.525266
v 0.560085 -0.113747 6.525450
v 0.543557 -0.064891 6.436059
v 0.545651 -0.086326 6.432321
v 0.535776 -0.094519 6.441609
v 0.532827 -0.070352 6.447073
v 0.570679 -0.056445 6.433283
v 0.586633 -0.053911 6.436430
v 0.587184 -0.076549 6.441260
v 0.573393 -0.076951 6.435065
v 0.600935 -0.052690 6.445514
v 0.611294 -0.052626 6.458992
v 0.618296 -0.054135 6.474098
v 0.609378 -0.060253 6.508958
v 0.620264 -0.080219 6.489810
v 0.619653 -0.056348 6.492009
v 0.586255 -0.066194 6.523390
v 0.553119 -0.039798 6.528793
v 0.559700 -0.071891 6.525340
v 0.580264 -0.035131 6.527777
v 0.512011 0.051106 6.509695
v 0.529831 0.053081 6.525818
v 0.520802 0.085944 6.520131
v 0.505301 0.085188 6.506097
v 0.528341 -0.042169 6.448653
v 0.539285 -0.037056 6.435730
v 0.568079 -0.029364 6.427655
v 0.585630 -0.026610 6.430869
v 0.600751 -0.000256 6.515051
v 0.604545 -0.031401 6.513082
v 0.617731 -0.027732 6.493077
v 0.615025 0.003512 6.493731
v 0.500034 0.049517 6.444407
v 0.511797 0.054332 6.429275
v 0.521391 0.022914 6.429815
v 0.508401 0.018149 6.444336
v 0.580131 0.003576 6.426554
v 0.561110 0.000361 6.423306
v 0.553162 0.031210 6.421336
v 0.572360 0.035153 6.424230
v 0.581769 0.065113 6.510921
v 0.593890 0.032248 6.514188
v 0.608527 0.036320 6.493963
v 0.596055 0.069842 6.492927
v 0.546215 -0.009141 6.529613
v 0.575912 -0.004776 6.529733
v 0.568135 0.026093 6.528057
v 0.539226 0.022224 6.529240
v 0.526307 -0.011650 6.513224
v 0.519831 0.019300 6.512405
v 0.498629 0.122423 6.441687
v 0.504443 0.087888 6.434657
v 0.494586 0.084315 6.448832
v 0.489699 0.120284 6.452830
v 0.562857 0.067554 6.424957
v 0.544022 0.063530 6.420400
v 0.534263 0.096420 6.426038
v 0.550991 0.099974 6.430875
v 0.550791 0.132641 6.505560
v 0.566697 0.098044 6.508614
v 0.579721 0.103263 6.492142
v 0.562367 0.136979 6.489288
v 0.511461 0.121654 6.514789
v 0.544679 0.090532 6.520817
v 0.532222 0.126722 6.516026
v 0.500258 0.155483 6.510822
v 0.487847 0.153165 6.500625
v 0.497427 0.120224 6.502759
v 0.485528 0.154029 6.456972
v 0.491942 0.156245 6.445788
v 0.509325 0.160279 6.439270
v 0.523527 0.163078 6.441589
v 0.537670 0.131624 6.437992
v 0.522465 0.128629 6.434159
v 0.560987 0.138506 6.459745
v 0.551196 0.135173 6.447123
v 0.536371 0.166459 6.449726
v 0.545092 0.169822 6.461433
v 0.544641 0.166635 6.487006
v 0.565305 0.138700 6.474498
v 0.547901 0.170485 6.471833
v 0.535591 0.164319 6.502045
v 0.518776 0.159870 6.512290
v 0.731851 -0.146478 6.213583
v 0.721368 -0.166324 6.222064
v 0.719097 -0.157071 6.227746
v 0.735158 -0.138781 6.221375
v 0.645710 -0.203015 6.350437
v 0.667582 -0.212201 6.330104
v 0.599756 -0.183670 6.389545
v 0.622052 -0.194553 6.370730
v 0.578819 -0.170987 6.408951
v 0.561280 -0.155379 6.428279
v 0.546955 -0.137254 6.442035
v 0.536379 -0.118659 6.450096
v 0.530743 -0.098310 6.457228
v 0.526097 -0.072765 6.463566
v 0.514191 -0.015538 6.466752
v 0.519309 -0.012403 6.447027
v 0.521927 -0.044374 6.466649
v 0.496447 0.047348 6.465854
v 0.504580 0.014855 6.465942
v 0.491347 0.083637 6.466625
v 0.486560 0.120298 6.468365
v 0.482807 0.153275 6.471788
v 0.756756 -0.258384 6.283781
v 0.738071 -0.243235 6.267826
v 0.750718 -0.247345 6.256037
v 0.772411 -0.260928 6.268250
v 0.722697 -0.190361 6.209377
v 0.723397 -0.202350 6.212038
v 0.724798 -0.197127 6.216715
v 0.723541 -0.186653 6.213085
v 0.622086 -0.157242 6.500294
v 0.661556 -0.092578 6.432094
v 0.652704 -0.087942 6.416209
v 0.640747 -0.088127 6.402331
v 0.558859 -0.174105 6.446004
v 0.578951 -0.189566 6.427497
v 0.587884 -0.201422 6.448353
v 0.564752 -0.188714 6.466187
v 0.531343 -0.038127 6.510605
v 0.517794 -0.013344 6.489471
v 0.522305 -0.042465 6.489226
v 0.534958 -0.065444 6.511547
v 0.612661 -0.025077 6.456277
v 0.619409 -0.025723 6.473433
v 0.597921 0.005319 6.437223
v 0.611399 0.005774 6.453350
v 0.600728 -0.025843 6.440838
v 0.624779 -0.213705 6.392302
v 0.637418 -0.223849 6.414704
v 0.611924 -0.213118 6.430584
v 0.601470 -0.202238 6.408710
v 0.980424 -0.353485 6.100374
v 0.982573 -0.348806 6.082543
v 0.927080 -0.505372 6.129581
v 0.936697 -0.491040 6.125971
v 0.922592 -0.484030 6.128278
v 0.915636 -0.497973 6.131704
v 0.946525 -0.501466 6.122710
v 0.935968 -0.515499 6.125731
v 0.943892 -0.527417 6.119793
v 0.954573 -0.513830 6.117897
v 0.977755 -0.574916 6.083411
v 0.979532 -0.585968 6.081559
v 0.845482 -0.451724 6.114179
v 0.829220 -0.448318 6.102514
v 0.835574 -0.463427 6.092851
v 0.813656 -0.345274 6.183371
v 0.802354 -0.292147 6.215045
v 0.768105 -0.277798 6.209498
v 0.782922 -0.292501 6.202787
v 0.728890 -0.235205 6.204095
v 0.989346 -0.386676 6.005089
v 0.995832 -0.408637 5.995049
v 1.002594 -0.549172 5.920588
v 0.984905 -0.542393 5.908482
v 1.000884 -0.568610 5.913439
v 0.998551 -0.577623 5.909446
v 0.981475 -0.571430 5.898523
v 0.982993 -0.562264 5.902086
v 0.968679 -0.633181 5.885923
v 0.973503 -0.618567 5.887796
v 0.724386 -0.173969 6.208274
v 0.723124 -0.182546 6.216465
v 0.725830 -0.165942 6.209182
v 0.712539 -0.218814 6.264019
v 0.707092 -0.198390 6.250255
v 0.716603 -0.205948 6.242560
v 0.724840 -0.224441 6.254575
v 0.839872 -0.219479 6.341969
v 0.856725 -0.188002 6.336751
v 0.791002 -0.086356 6.265981
v 0.981468 -0.682372 6.228422
v 0.992398 -0.686108 6.229348
v 0.995261 -0.670202 6.209309
v 0.984253 -0.667375 6.208103
v 1.017494 -0.476516 5.963144
v 1.014992 -0.457570 5.980364
v 0.967884 -0.646671 5.963927
v 1.002914 -0.670879 5.988360
v 0.980122 -0.671976 5.996671
v 0.979773 -0.665770 5.991184
v 1.002296 -0.665382 5.981719
v 1.051565 -0.615182 5.999478
v 1.048395 -0.629808 5.992124
v 1.049133 -0.621685 5.983957
v 1.052622 -0.605745 5.990491
v 0.886903 -0.118522 6.114760
v 0.907171 -0.119946 6.136115
v 0.957914 -0.316116 6.029663
v 0.968190 -0.316176 6.044672
v 0.975293 -0.339387 6.030034
v 0.965351 -0.339440 6.015055
v 1.029000 -0.477306 5.991569
v 1.028530 -0.470720 6.010679
v 0.837211 -0.534782 6.083136
v 0.841838 -0.551152 6.070396
v 0.851733 -0.558647 6.078385
v 0.846195 -0.544352 6.091065
v 1.020382 -0.666518 6.170171
v 1.017963 -0.648555 6.154638
v 1.006288 -0.644592 6.164665
v 1.007971 -0.658659 6.184106
v 0.866433 -0.151251 6.315788
v 0.850198 -0.115497 6.299568
v 0.992452 -0.397419 6.101857
v 0.999043 -0.392176 6.081051
v 0.989583 -0.372155 6.090574
v 0.983291 -0.377781 6.110535
v 1.002739 -0.452580 6.086975
v 1.000189 -0.436623 6.089254
v 1.007955 -0.469067 6.085070
v 1.020531 -0.583438 6.080452
v 1.016752 -0.580710 6.081849
v 1.009283 -0.594014 6.089583
v 0.722737 -0.237671 6.280129
v 0.764036 -0.254793 6.233847
v 0.760640 -0.260104 6.222422
v 0.722891 -0.180986 6.206560
v 0.945312 -0.662568 5.948278
v 0.931670 -0.661967 5.953594
v 0.989660 -0.625095 6.120572
v 0.984306 -0.634823 6.140694
v 1.015114 -0.551943 6.081059
v 1.003996 -0.557510 6.085670
v 1.002730 -0.568099 6.084350
v 1.012237 -0.563634 6.081630
v 1.019187 -0.562363 6.078006
v 1.023196 -0.549764 6.074554
v 0.935418 -0.625879 6.056823
v 0.930750 -0.624330 6.052838
v 0.937113 -0.637530 6.037902
v 0.941326 -0.639963 6.043688
v 0.925183 -0.619975 6.049803
v 0.917873 -0.615266 6.046352
v 0.927323 -0.627065 6.030119
v 0.933691 -0.632735 6.033914
v 0.948206 -0.643201 5.978417
v 0.927374 -0.638796 5.980031
v 0.909544 -0.632516 5.977775
v 0.894975 -0.628010 5.974550
v 0.978634 -0.605410 5.890737
v 0.978729 -0.592073 5.893031
v 0.992289 -0.598461 5.903651
v 0.992750 -0.612209 5.903141
v 0.923162 -0.652921 5.957393
v 0.910788 -0.648308 5.956119
v 0.900494 -0.637717 5.958064
v 0.981219 -0.739369 6.162318
v 0.983483 -0.729522 6.142199
v 0.967790 -0.664586 5.930009
v 0.957131 -0.663973 5.939944
v 0.998167 -0.727200 6.145665
v 0.995515 -0.736802 6.167163
v 0.958739 -0.653934 6.002913
v 0.977790 -0.659951 5.986854
v 0.961543 -0.658764 6.006529
v 0.917515 -0.662038 5.954751
v 0.905666 -0.657219 5.953125
v 0.876963 -0.205434 6.314793
v 0.860315 -0.230341 6.320382
v 0.933283 -0.377830 6.159827
v 0.950236 -0.372686 6.150173
v 0.815096 -0.416636 6.120512
v 0.810145 -0.400943 6.128335
v 0.884891 -0.658965 5.940321
v 0.815846 -0.372200 6.154736
v 0.801455 -0.368077 6.143066
v 0.806318 -0.384872 6.135418
v 0.819982 -0.387442 6.147266
v 0.790141 -0.354997 6.147394
v 0.785407 -0.351743 6.150309
v 0.747077 -0.265216 6.200995
v 0.739762 -0.264739 6.193165
v 0.965132 -0.690637 6.094546
v 0.965903 -0.684756 6.080290
v 0.975402 -0.698411 6.069309
v 0.975758 -0.702586 6.085079
v 0.831554 -0.373502 6.162320
v 0.850605 -0.371944 6.167245
v 0.963771 -0.573119 6.086029
v 0.976115 -0.563139 6.086475
v 0.834329 -0.481127 6.089810
v 0.856960 -0.552642 6.098651
v 0.862592 -0.564762 6.086678
v 0.873816 -0.569178 6.093217
v 0.868066 -0.558137 6.104450
v 0.725073 -0.172425 6.204533
v 1.039897 -0.667670 6.091045
v 1.043133 -0.658778 6.080443
v 1.040833 -0.652120 6.088908
v 1.038016 -0.661798 6.099292
v 0.708523 -0.177508 6.238152
v 0.700009 -0.167024 6.248465
v 0.744256 -0.122976 6.217180
v 0.735642 -0.135226 6.205529
v 0.696284 -0.241283 6.337183
v 0.718267 -0.248855 6.317646
v 0.673517 -0.231223 6.355515
v 0.649230 -0.223063 6.374591
v 0.528981 -0.102258 6.475737
v 0.525844 -0.074144 6.488270
v 0.511776 0.017403 6.488798
v 0.504689 0.049717 6.487456
v 0.497893 0.084495 6.485970
v 0.491330 0.120760 6.484497
v 0.483397 0.153061 6.486400
v 1.006981 -0.732057 6.176126
v 1.011794 -0.720539 6.154221
v 1.019872 -0.712034 6.166876
v 1.014443 -0.725323 6.188241
v 0.968271 -0.659288 6.176232
v 0.960850 -0.665374 6.167102
v 0.957414 -0.676488 6.187040
v 0.965265 -0.670783 6.195638
v 0.962454 -0.682873 6.216181
v 0.971879 -0.681027 6.223557
v 0.974461 -0.667486 6.202710
v 1.003180 -0.692041 6.224491
v 1.010822 -0.699918 6.217173
v 1.016136 -0.684162 6.196416
v 1.006054 -0.675498 6.205699
v 1.016745 -0.716385 6.199086
v 1.021800 -0.702048 6.178993
v 1.019942 -0.692835 6.188520
v 1.015021 -0.707988 6.209104
v 0.944884 -0.706092 6.188216
v 0.947676 -0.695875 6.198362
v 0.951280 -0.685655 6.177375
v 0.949045 -0.694624 6.167583
v 0.993130 -0.707748 6.061269
v 0.991365 -0.710998 6.079232
v 0.972475 -0.614304 6.077323
v 0.960646 -0.630237 6.073558
v 0.964365 -0.638587 6.077110
v 0.972074 -0.619675 6.079011
v 0.972140 -0.716118 6.121823
v 0.974991 -0.708248 6.102112
v 0.989154 -0.714205 6.099617
v 0.986056 -0.720191 6.121274
v 0.953128 -0.683512 6.147297
v 0.955342 -0.673823 6.157189
v 0.959407 -0.661485 6.137207
v 0.956655 -0.671877 6.128168
v 0.996255 -0.655297 6.188478
v 0.996255 -0.643233 6.167517
v 0.961484 -0.670240 6.090008
v 0.959836 -0.676519 6.103595
v 0.961120 -0.563078 6.093127
v 1.000206 -0.537934 6.089337
v 1.002827 -0.547940 6.087154
v 0.910889 -0.514908 6.132353
v 0.909034 -0.531257 6.129653
v 0.969275 -0.502605 6.113313
v 0.976668 -0.517562 6.106723
v 0.918918 -0.520625 6.130153
v 0.914917 -0.531733 6.128331
v 0.879043 -0.451086 6.128247
v 0.898815 -0.632430 5.964829
v 0.962963 -0.697375 6.110227
v 0.957342 -0.684145 6.119444
v 1.015391 -0.635898 6.140080
v 1.013010 -0.625442 6.125805
v 1.007466 -0.623200 6.126188
v 1.006664 -0.632525 6.144578
v 1.042326 -0.513396 6.013278
v 1.037104 -0.495204 6.002103
v 1.034249 -0.490276 6.017238
v 1.038236 -0.509013 6.024643
v 1.039157 -0.681419 6.081449
v 1.034435 -0.691192 6.080004
v 1.039055 -0.686018 6.062948
v 1.043267 -0.675279 6.067873
v 1.029875 -0.697639 6.059322
v 1.024447 -0.702559 6.079323
v 1.009563 -0.710995 6.078593
v 1.013245 -0.707325 6.058966
v 0.914802 -0.178103 6.265033
v 0.905093 -0.200162 6.281171
v 0.895981 -0.333576 6.199147
v 0.874421 -0.337557 6.197997
v 0.825796 -0.293718 6.229516
v 0.738905 -0.232375 6.235716
v 0.725518 -0.210349 6.227389
v 0.688629 -0.154935 6.264372
v 0.893419 -0.220812 6.292535
v 0.672227 -0.147203 6.290246
v 0.655768 -0.139562 6.316374
v 0.695402 -0.086531 6.334267
v 0.711008 -0.084001 6.353450
v 0.732974 -0.083680 6.329114
v 0.716692 -0.086882 6.306497
v 0.723413 -0.091040 6.374308
v 0.746301 -0.090886 6.352580
v 0.631363 -0.210157 6.451756
v 0.591133 0.037185 6.434940
v 0.593486 0.072969 6.451697
v 0.605333 0.038352 6.451847
v 0.580208 0.070704 6.435925
v 0.611666 0.038012 6.472317
v 0.617783 0.005232 6.472158
v 0.556554 0.057625 6.524788
v 0.566606 0.103234 6.441516
v 0.577631 0.105508 6.456223
v 0.599243 0.071984 6.472695
v 0.582569 0.105309 6.474240
v 0.715796 -0.184603 6.231416
v 0.819483 -0.245890 6.336090
v 0.838193 -0.253788 6.315099
v 0.807720 -0.271888 6.267346
v 0.782773 -0.264758 6.254675
v 0.874759 -0.384161 6.163205
v 0.893931 -0.383007 6.166386
v 0.906242 -0.415621 6.148446
v 0.926100 -0.415059 6.147360
v 0.919964 -0.397428 6.155908
v 0.899970 -0.398675 6.157434
v 0.964569 -0.409038 6.133281
v 0.981108 -0.403406 6.119511
v 0.972309 -0.384352 6.127773
v 0.956948 -0.390202 6.140941
v 0.964204 -0.366069 6.136687
v 0.973964 -0.358571 6.120244
v 0.989053 -0.364631 6.034135
v 0.992341 -0.366421 6.051928
v 1.000306 -0.388343 6.040470
v 0.996072 -0.387589 6.022380
v 0.754997 -0.264722 6.210496
v 0.723350 -0.193993 6.221626
v 0.738595 -0.254416 6.299993
v 0.778510 -0.265766 6.302015
v 0.802029 -0.261035 6.319865
v 0.983463 -0.629057 6.115035
v 1.039385 -0.556108 6.042993
v 1.037185 -0.549007 6.045447
v 1.018993 -0.705854 6.101799
v 1.005544 -0.713660 6.100147
v 0.959324 -0.662599 6.111712
v 0.974982 -0.695841 6.055633
v 0.964844 -0.681237 6.066820
v 0.962636 -0.678638 6.056437
v 0.845334 -0.284853 6.253517
v 0.861956 -0.272185 6.278362
v 0.841098 -0.276317 6.265311
v 0.730916 -0.144957 6.203297
v 0.759042 -0.252064 6.244710
v 0.637586 -0.132366 6.340427
v 0.618766 -0.124424 6.361350
v 0.601196 -0.115929 6.380198
v 0.584299 -0.108060 6.397351
v 0.569917 -0.100077 6.411937
v 0.561431 -0.090835 6.423010
v 0.557765 -0.079938 6.431747
v 0.555865 -0.060316 6.433182
v 0.531257 -0.006983 6.432313
v 0.544785 -0.003065 6.425573
v 0.551935 -0.032936 6.429263
v 0.536248 0.027998 6.423123
v 0.526885 0.059572 6.421969
v 0.519354 0.093025 6.426997
v 0.510928 0.126328 6.435452
v 0.500622 0.158625 6.440581
v 0.725047 -0.165412 6.203548
v 0.728013 -0.155139 6.203081
v 0.955086 -0.647653 5.999391
v 0.991394 -0.566109 6.086321
v 0.991599 -0.575052 6.084593
v 0.961616 -0.654363 6.096657
v 1.025200 -0.689026 6.160511
v 1.024009 -0.699736 6.147158
v 0.963636 -0.649653 6.118251
v 0.981457 -0.599577 6.080061
v 0.979745 -0.606182 6.080454
v 0.913445 -0.851805 6.227730
v 0.920592 -0.856103 6.236224
v 0.905988 -0.868214 6.233660
v 0.898935 -0.863359 6.226150
v 0.903575 -0.845471 6.224000
v 0.889953 -0.856628 6.223442
v 0.870672 -0.825734 6.263381
v 0.873288 -0.824899 6.251007
v 0.862388 -0.840386 6.251142
v 0.860194 -0.841877 6.263035
v 0.867723 -0.862278 6.225451
v 0.861110 -0.858011 6.231729
v 0.873137 -0.844841 6.231767
v 0.880740 -0.850516 6.225625
v 0.880491 -0.835304 6.285158
v 0.890534 -0.841324 6.289592
v 0.900209 -0.824570 6.292160
v 0.889711 -0.818680 6.286771
v 0.914582 -0.765389 6.255336
v 0.913407 -0.764035 6.268052
v 0.921580 -0.753261 6.263493
v 0.922515 -0.755531 6.250848
v 0.941435 -0.828133 6.229197
v 0.948878 -0.830214 6.240420
v 0.935294 -0.842959 6.238790
v 0.927835 -0.839613 6.228825
v 0.909496 -0.805639 6.228971
v 0.901182 -0.798926 6.237900
v 0.913421 -0.785386 6.237007
v 0.921222 -0.792931 6.228974
v 0.955014 -0.815041 6.231488
v 0.962150 -0.815940 6.242458
v 0.885381 -0.831804 6.230874
v 0.878434 -0.826915 6.240029
v 0.889534 -0.812694 6.238933
v 0.897097 -0.818969 6.229915
v 0.860792 -0.867141 6.278742
v 0.869839 -0.872486 6.281319
v 0.880509 -0.857263 6.285837
v 0.870860 -0.851729 6.282391
v 0.855914 -0.856019 6.240456
v 0.851799 -0.855706 6.250504
v 0.867388 -0.841558 6.240740
v 0.896473 -0.884421 6.253177
v 0.895353 -0.882677 6.241349
v 0.910035 -0.870068 6.245025
v 0.910976 -0.871265 6.257827
v 0.892108 -0.793655 6.261597
v 0.895363 -0.794845 6.249292
v 0.884060 -0.809581 6.250289
v 0.881078 -0.809516 6.262971
v 0.930976 -0.821518 6.223572
v 0.917406 -0.833611 6.223725
v 0.924587 -0.858073 6.262007
v 0.924226 -0.857316 6.248822
v 0.937938 -0.843932 6.251995
v 0.938096 -0.843250 6.266308
v 0.944612 -0.824707 6.283948
v 0.934030 -0.818950 6.292000
v 0.923745 -0.835678 6.288200
v 0.933134 -0.840748 6.279428
v 0.903813 -0.778654 6.259321
v 0.903209 -0.779167 6.272338
v 0.899113 -0.801075 6.286904
v 0.909611 -0.806790 6.293823
v 0.918809 -0.788578 6.293860
v 0.908200 -0.782973 6.285169
v 0.953440 -0.781893 6.219396
v 0.966041 -0.788636 6.222202
v 0.956953 -0.798236 6.223994
v 0.944294 -0.791122 6.221461
v 0.967806 -0.802157 6.231706
v 0.977224 -0.790271 6.232050
v 0.996014 -0.766167 6.236813
v 0.998111 -0.761184 6.248769
v 0.992614 -0.771963 6.254529
v 0.989673 -0.776960 6.241534
v 0.965606 -0.790485 6.293435
v 0.954114 -0.781573 6.299484
v 0.943734 -0.801149 6.296016
v 0.955211 -0.808491 6.289393
v 0.948160 -0.756139 6.297864
v 0.935595 -0.754016 6.289257
v 0.928130 -0.770339 6.292335
v 0.940923 -0.774773 6.298497
v 0.965859 -0.707907 6.258310
v 0.955605 -0.707778 6.252628
v 0.950776 -0.717954 6.263932
v 0.960608 -0.719375 6.271404
v 0.938326 -0.724729 6.242221
v 0.941516 -0.717394 6.232770
v 0.939993 -0.725765 6.222562
v 0.937811 -0.732533 6.231706
v 0.975215 -0.758953 6.198463
v 0.990171 -0.756939 6.203164
v 0.987098 -0.763458 6.209769
v 0.972162 -0.762787 6.205326
v 0.975242 -0.773935 6.294884
v 0.963497 -0.760459 6.302703
v 0.934302 -0.733313 6.249776
v 0.934122 -0.739113 6.238233
v 0.928807 -0.747516 6.245096
v 0.928932 -0.742803 6.257102
v 0.945451 -0.754110 6.219646
v 0.953908 -0.761419 6.213586
v 0.950206 -0.765839 6.217002
v 0.940334 -0.759109 6.223999
v 0.968497 -0.767172 6.208940
v 0.981390 -0.771128 6.213843
v 0.975268 -0.777988 6.217320
v 0.962036 -0.773464 6.213547
v 0.981369 -0.761966 6.292082
v 0.986513 -0.768138 6.279995
v 0.989996 -0.757623 6.276872
v 0.984409 -0.751852 6.287652
v 0.952591 -0.741869 6.291646
v 0.940989 -0.740006 6.283601
v 0.933850 -0.766449 6.231594
v 0.926200 -0.759663 6.239622
v 0.932375 -0.753341 6.233736
v 0.985401 -0.777977 6.227674
v 0.976040 -0.709260 6.262102
v 0.985847 -0.713361 6.263204
v 0.989771 -0.701275 6.248003
v 0.979554 -0.697443 6.247656
v 0.969197 -0.695732 6.244009
v 0.958937 -0.696957 6.237769
v 0.944781 -0.707739 6.218062
v 0.942247 -0.716571 6.208052
v 0.944475 -0.728472 6.197761
v 0.952173 -0.739626 6.188601
v 0.951886 -0.747617 6.204522
v 0.943574 -0.736290 6.212523
v 0.977819 -0.749989 6.182023
v 0.992559 -0.747097 6.187230
v 0.999570 -0.752826 6.211850
v 1.003062 -0.742964 6.196938
v 0.938513 -0.728989 6.262273
v 0.942902 -0.719761 6.253582
v 0.920742 -0.856127 6.274870
v 0.912261 -0.852296 6.283897
v 0.900082 -0.867167 6.278961
v 0.907784 -0.870336 6.269669
v 0.879227 -0.877378 6.279273
v 0.890659 -0.862634 6.284354
v 0.893999 -0.838404 6.225200
v 0.906700 -0.826043 6.224573
v 0.875932 -0.868109 6.222688
v 0.943053 -0.772804 6.223020
v 0.933849 -0.780750 6.226726
v 0.997129 -0.754306 6.260185
v 1.002754 -0.751111 6.242010
v 1.001089 -0.744805 6.252934
v 0.981277 -0.780690 6.280177
v 0.972999 -0.796131 6.278016
v 0.974484 -0.799202 6.259810
v 0.984892 -0.782435 6.262302
v 0.986654 -0.742750 6.281218
v 0.993385 -0.748492 6.271545
v 0.997257 -0.738844 6.262718
v 0.990416 -0.732206 6.271357
v 0.961070 -0.754970 6.199937
v 0.958169 -0.757573 6.208296
v 1.011477 -0.730735 6.218665
v 1.007226 -0.741777 6.232025
v 1.004901 -0.748061 6.222331
v 1.009332 -0.737931 6.208702
v 1.000926 -0.756679 6.230761
v 1.010663 -0.723539 6.227761
v 1.005899 -0.734983 6.241856
v 0.963802 -0.747033 6.182919
v 0.995001 -0.720316 6.258383
v 1.001923 -0.727978 6.250765
v 1.006488 -0.715864 6.236034
v 0.999202 -0.707905 6.243444
v 0.901720 -0.846900 6.288656
v 0.912071 -0.830457 6.292100
v 0.925557 -0.752282 6.277740
v 0.917693 -0.765546 6.282414
v 0.932601 -0.740531 6.270981
v 0.872958 -0.829926 6.276008
v 0.863080 -0.846171 6.274599
v 0.892590 -0.796035 6.275208
v 0.882843 -0.813081 6.276193
v 0.950505 -0.828336 6.270459
v 0.966707 -0.734248 6.286848
v 0.956174 -0.730774 6.282519
v 0.964242 -0.744564 6.296623
v 0.950224 -0.701103 6.227654
v 0.946969 -0.711358 6.243412
v 0.974771 -0.755289 6.299181
v 0.953290 -0.689116 6.207163
v 0.983318 -0.786854 6.244208
v 0.990620 -0.770092 6.224729
v 0.995959 -0.760751 6.219744
v 0.891442 -0.879754 6.230845
v 0.919317 -0.813457 6.223675
v 0.925008 -0.773602 6.235018
v 0.918801 -0.768133 6.244236
v 0.977172 -0.737747 6.287088
v 0.980886 -0.726289 6.276422
v 0.970721 -0.722653 6.275491
v 0.949571 -0.751292 6.213971
v 0.941046 -0.741493 6.222282
v 0.853615 -0.861771 6.272073
v 0.937468 -0.746742 6.227952
v 0.972759 -0.801960 6.244444
v 0.984002 -0.552483 5.905125
v 0.961468 -0.487560 6.118062
v 0.911696 -0.467353 6.124694
v 0.928717 -0.469516 6.125272
v 0.985660 -0.545062 6.092635
v 0.988207 -0.556529 6.088811
v 0.990140 -0.588698 6.083638
v 0.987823 -0.598252 6.084812
v 0.962214 -0.526869 6.111247
v 0.958571 -0.802211 5.912307
v 0.959419 -0.794392 5.912065
v 0.960503 -0.814035 5.910705
v 0.794260 -0.359451 6.140945
v 0.944225 -0.790119 5.923318
v 0.945738 -0.783456 5.924211
v 0.948785 -0.787395 5.925975
v 0.941942 -0.791311 5.922643
v 0.941229 -0.792138 5.923130
v 0.953646 -0.819168 5.915486
v 0.957869 -0.786027 5.913469
v 0.954496 -0.777844 5.915938
v 0.945156 -0.809520 5.921634
v 0.937803 -0.245755 6.073895
v 0.926103 -0.243590 6.056800
v 0.922017 -0.222235 6.066032
v 0.935724 -0.224164 6.084118
v 0.917368 -0.200081 6.075830
v 0.959661 -0.201069 6.188886
v 0.959713 -0.220840 6.205646
v 0.965108 -0.237759 6.190229
v 0.966521 -0.219694 6.173295
v 0.960172 -0.269127 6.192043
v 0.967432 -0.252757 6.175278
v 0.956159 -0.256587 6.205989
v 0.941562 -0.273090 6.218677
v 0.946237 -0.285160 6.205632
v 0.922752 -0.285291 6.227288
v 0.927712 -0.297755 6.214363
v 0.901354 -0.293471 6.231471
v 0.879116 -0.299964 6.230268
v 0.852926 -0.292306 6.236201
v 0.833782 -0.304799 6.217369
v 0.856216 -0.303680 6.225360
v 0.792512 -0.306850 6.197456
v 0.811916 -0.305748 6.207774
v 0.761877 -0.307850 6.176303
v 0.775892 -0.307661 6.187182
v 0.938739 -0.638577 6.013196
v 1.013721 -0.637949 5.938850
v 1.022476 -0.635793 5.947361
v 1.013011 -0.649071 5.957248
v 1.052438 -0.593273 5.977646
v 1.047907 -0.611025 5.973147
v 1.044824 -0.593857 5.958287
v 1.046367 -0.580524 5.962074
v 1.015162 -0.624380 5.930364
v 1.008783 -0.626678 5.924923
v 1.024292 -0.619261 5.937593
v 1.008266 -0.594273 5.915887
v 1.019456 -0.605107 5.926863
v 1.024513 -0.661316 5.985227
v 1.040847 -0.645862 5.986491
v 1.039224 -0.652999 5.994716
v 1.024434 -0.668911 5.993252
v 1.052079 -0.601843 6.006753
v 1.051205 -0.589302 6.013172
v 1.050537 -0.598812 6.021673
v 1.051554 -0.610580 6.014021
v 1.019314 -0.692506 6.017228
v 1.035362 -0.679165 6.018241
v 1.034093 -0.687148 6.029545
v 1.017883 -0.698496 6.028693
v 1.050112 -0.624674 6.006153
v 1.030259 -0.489493 5.976734
v 1.038332 -0.504686 5.989008
v 1.044499 -0.520121 6.002319
v 1.041521 -0.563728 6.040983
v 1.044089 -0.551836 6.027566
v 1.041404 -0.544139 6.032001
v 1.039043 -0.574940 6.054349
v 1.036440 -0.585573 6.065349
v 0.958752 -0.659763 6.067841
v 0.954447 -0.655971 6.062628
v 0.960884 -0.676171 6.045363
v 1.024782 -0.608723 6.089275
v 1.028570 -0.596154 6.079699
v 1.025054 -0.593979 6.081749
v 1.021043 -0.606275 6.091222
v 1.024122 -0.655924 5.977620
v 1.044303 -0.672768 6.034132
v 1.045028 -0.663541 6.022698
v 1.048651 -0.650601 6.030519
v 1.048015 -0.660030 6.042614
v 1.048962 -0.648996 6.050143
v 1.050048 -0.638536 6.038989
v 1.049189 -0.627322 6.047235
v 1.048228 -0.638402 6.057696
v 1.028531 -0.613044 6.087764
v 1.033161 -0.598113 6.075177
v 0.994708 -0.705038 6.046093
v 1.000972 -0.686457 6.002838
v 0.977775 -0.683981 6.010531
v 0.979014 -0.678172 6.003278
v 1.002335 -0.678564 5.995756
v 0.995681 -0.612245 6.100810
v 0.989078 -0.615109 6.096954
v 1.002059 -0.609979 6.104453
v 1.022616 -0.588745 6.080862
v 1.006062 -0.611082 6.107623
v 0.964449 -0.646465 6.084253
v 0.962030 -0.663777 6.077004
v 0.960557 -0.671236 6.024967
v 0.961538 -0.668129 6.017158
v 1.016149 -0.703385 6.042111
v 1.032493 -0.693096 6.043052
v 1.025194 -0.621979 6.102898
v 1.021557 -0.619993 6.106002
v 1.023298 -0.629863 6.117573
v 1.027840 -0.569975 6.071194
v 1.022204 -0.592439 6.082299
v 1.023011 -0.678739 5.999993
v 1.042454 -0.679519 6.047204
v 1.046361 -0.667070 6.055009
v 1.050958 -0.628176 6.029261
v 1.049757 -0.640600 6.020766
v 1.050500 -0.631557 6.012698
v 1.051384 -0.618949 6.021054
v 1.046697 -0.649104 6.068480
v 1.042945 -0.640924 6.078082
v 1.049401 -0.608892 6.029895
v 1.048894 -0.618228 6.038207
v 1.029682 -0.624775 6.099005
v 0.962694 -0.663930 6.011021
v 0.949656 -0.653560 6.027033
v 0.946785 -0.649655 6.022106
v 0.950195 -0.655805 6.042711
v 0.950066 -0.655313 6.033409
v 0.951176 -0.654951 6.054297
v 0.943650 -0.644516 6.018187
v 0.976062 -0.746885 6.295081
v 1.018935 -0.627810 6.122367
v 1.021475 -0.638502 6.133303
v 1.025362 -0.639747 6.126668
v 1.023947 -0.680018 6.166885
v 0.817203 -0.739530 5.945973
v 0.814821 -0.745039 5.945323
v 0.813136 -0.763806 5.940992
v 0.813636 -0.767365 5.939228
v 0.992894 -0.763888 6.265543
v 0.988176 -0.771287 6.269749
v 0.962491 -0.812177 6.274324
v 0.951194 -0.829491 6.254708
v 0.963717 -0.814369 6.256765
v 0.944395 -0.809375 6.223238
v 0.932532 -0.800859 6.222546
v 0.907231 -0.781446 6.247866
v 0.931173 -0.794367 6.297217
v 0.856572 -0.895990 6.217824
v 0.863171 -0.902241 6.222996
v 0.849741 -0.912885 6.218829
v 0.842813 -0.906464 6.214934
v 0.830357 -0.916527 6.211502
v 0.822748 -0.912164 6.214613
v 0.835308 -0.901455 6.216640
v 0.816556 -0.910269 6.220214
v 0.829175 -0.899165 6.221854
v 0.812380 -0.910296 6.227711
v 0.809935 -0.910828 6.235743
v 0.821199 -0.898069 6.237096
v 0.824377 -0.898008 6.228993
v 0.830840 -0.885525 6.247281
v 0.820096 -0.900200 6.245453
v 0.820990 -0.903457 6.253880
v 0.830659 -0.888075 6.256803
v 0.819753 -0.925514 6.261011
v 0.826324 -0.929332 6.261356
v 0.837300 -0.916186 6.266209
v 0.830032 -0.911713 6.265953
v 0.862448 -0.909459 6.262250
v 0.855948 -0.906080 6.268573
v 0.844460 -0.920251 6.262968
v 0.850970 -0.923043 6.257091
v 0.841105 -0.936010 6.253354
v 0.843974 -0.935197 6.244294
v 0.854080 -0.923458 6.248760
v 0.884259 -0.874746 6.224253
v 0.870362 -0.885457 6.221389
v 0.862198 -0.879157 6.220755
v 0.836457 -0.884410 6.230272
v 0.848890 -0.871140 6.231179
v 0.854779 -0.874173 6.224561
v 0.841670 -0.886371 6.223331
v 0.850438 -0.857581 6.261737
v 0.841439 -0.870767 6.249163
v 0.840515 -0.872949 6.259414
v 0.832856 -0.884274 6.238313
v 0.844544 -0.870301 6.239769
v 0.833956 -0.892082 6.265415
v 0.824329 -0.907277 6.261265
v 0.866884 -0.906249 6.232240
v 0.868249 -0.909015 6.242824
v 0.854323 -0.921311 6.238363
v 0.853339 -0.918106 6.227754
v 0.843713 -0.876942 6.268633
v 0.882184 -0.897145 6.247771
v 0.880955 -0.894547 6.236859
v 0.867273 -0.910250 6.253174
v 0.880224 -0.897300 6.258540
v 0.842049 -0.928611 6.223526
v 0.837655 -0.923095 6.214750
v 0.877659 -0.890782 6.226949
v 0.840169 -0.896889 6.270804
v 0.848178 -0.901849 6.271888
v 0.858978 -0.887382 6.276755
v 0.850476 -0.882179 6.274979
v 0.887366 -0.881487 6.273495
v 0.867663 -0.891661 6.274024
v 0.874699 -0.895406 6.267919
v 0.833918 -0.933240 6.258931
v 0.893558 -0.884193 6.264331
v 0.775368 -0.971280 6.209123
v 0.777576 -0.962831 6.212429
v 0.770486 -0.964651 6.207308
v 0.770405 -0.972063 6.202378
v 0.762910 -0.947295 6.215777
v 0.761761 -0.937373 6.211644
v 0.752843 -0.944372 6.204298
v 0.753071 -0.952577 6.208787
v 0.766571 -0.972784 6.196735
v 0.763928 -0.966107 6.202423
v 0.765624 -0.970750 6.193911
v 0.772501 -0.979133 6.186787
v 0.768327 -0.979611 6.190846
v 0.774101 -0.986692 6.182937
v 0.782575 -0.976757 6.186251
v 0.782268 -0.989035 6.183429
v 0.799681 -0.984370 6.204451
v 0.802260 -0.986648 6.214412
v 0.796724 -0.999490 6.210483
v 0.793355 -0.996359 6.200610
v 0.797229 -0.998504 6.230117
v 0.796336 -0.999577 6.219671
v 0.802627 -0.986854 6.222891
v 0.802744 -0.986236 6.231816
v 0.780028 -0.972265 6.222390
v 0.783424 -0.963884 6.225802
v 0.782540 -0.962841 6.219343
v 0.779182 -0.971295 6.216618
v 0.759631 -0.967282 6.188679
v 0.773175 -0.964968 6.187932
v 0.770189 -0.969965 6.189677
v 0.757483 -0.968413 6.191922
v 0.784440 -0.948423 6.246643
v 0.790341 -0.938766 6.248926
v 0.790209 -0.936168 6.241415
v 0.785166 -0.945001 6.240641
v 0.778883 -0.928778 6.221791
v 0.787070 -0.927220 6.225460
v 0.795332 -0.922332 6.216135
v 0.787285 -0.924222 6.211309
v 0.770161 -0.932520 6.217497
v 0.777258 -0.928029 6.207296
v 0.767126 -0.933045 6.203176
v 0.757313 -0.941751 6.196962
v 0.795060 -0.943488 6.257224
v 0.789499 -0.950502 6.257789
v 0.741286 -1.013250 6.182109
v 0.741469 -1.014345 6.187599
v 0.744365 -1.012940 6.187099
v 0.744472 -1.011813 6.181694
v 0.806820 -0.956436 6.258796
v 0.813662 -0.958522 6.253212
v 0.816346 -0.953277 6.254768
v 0.809066 -0.950666 6.258954
v 0.804160 -0.964309 6.258654
v 0.810913 -0.965745 6.251285
v 0.742738 -1.023502 6.175150
v 0.741655 -1.018881 6.175200
v 0.746897 -1.017918 6.174634
v 0.748679 -1.022704 6.174715
v 0.768030 -0.979361 6.197682
v 0.771645 -0.979188 6.205280
v 0.762955 -0.994358 6.193746
v 0.766983 -0.987988 6.200483
v 0.765797 -0.985777 6.192675
v 0.764387 -0.991578 6.188703
v 0.773217 -0.989809 6.219391
v 0.777269 -0.981210 6.222841
v 0.775368 -0.981628 6.215273
v 0.770420 -0.990490 6.211886
v 0.776890 -0.982492 6.234885
v 0.774056 -0.990828 6.231699
v 0.773844 -0.991332 6.238328
v 0.775815 -0.984026 6.240481
v 0.768882 -1.005572 6.220151
v 0.766589 -1.012408 6.217873
v 0.767189 -1.013186 6.222896
v 0.769409 -1.006084 6.225213
v 0.820478 -0.948624 6.255689
v 0.812789 -0.945756 6.259085
v 0.795843 -0.996204 6.249058
v 0.791829 -0.992328 6.256514
v 0.787369 -1.001876 6.257540
v 0.792600 -1.006040 6.249618
v 0.818322 -0.959714 6.245042
v 0.822013 -0.954596 6.246934
v 0.744129 -1.027702 6.178574
v 0.749781 -1.027594 6.177455
v 0.778534 -0.935088 6.195731
v 0.764376 -0.943233 6.190332
v 0.790173 -0.930557 6.201165
v 0.798267 -0.927971 6.205846
v 0.804825 -0.924793 6.209083
v 0.766175 -0.993778 6.202905
v 0.775992 -0.977465 6.212728
v 0.780133 -0.972539 6.227027
v 0.777638 -0.978723 6.254302
v 0.779868 -0.972562 6.256377
v 0.778077 -0.971488 6.247487
v 0.776767 -0.977831 6.247400
v 0.784535 -0.989201 6.260099
v 0.778461 -0.987183 6.257600
v 0.776388 -0.993713 6.256501
v 0.781388 -0.997134 6.259678
v 0.760277 -0.964943 6.183975
v 0.772888 -0.959037 6.185128
v 0.798053 -0.953784 6.261188
v 0.801227 -0.947378 6.260250
v 0.806128 -0.941822 6.258984
v 0.784495 -0.954430 6.233654
v 0.785214 -0.942741 6.236420
v 0.783115 -0.940954 6.231742
v 0.784607 -0.953588 6.229020
v 0.775589 -0.954611 6.218149
v 0.771170 -0.943415 6.222038
v 0.767310 -0.957442 6.213093
v 0.789503 -0.932429 6.234769
v 0.796812 -0.930324 6.241515
v 0.795819 -0.926770 6.234018
v 0.797873 -0.933648 6.249599
v 0.801167 -0.938223 6.256040
v 0.801978 -0.923710 6.241409
v 0.801760 -0.920429 6.234113
v 0.803613 -0.927603 6.249117
v 0.806502 -0.931500 6.255157
v 0.833315 -0.944057 6.250694
v 0.825286 -0.942019 6.257368
v 0.827546 -0.949667 6.248315
v 0.806430 -0.918262 6.217434
v 0.796045 -0.924335 6.225457
v 0.803181 -0.919410 6.225952
v 0.813524 -0.920472 6.211960
v 0.748747 -0.955426 6.202285
v 0.744477 -0.958470 6.196940
v 0.747716 -0.963995 6.198982
v 0.752274 -0.961835 6.202698
v 0.772076 -0.994006 6.180464
v 0.767100 -0.991523 6.183718
v 0.768965 -0.985554 6.186775
v 0.781474 -0.957564 6.248394
v 0.785532 -0.958964 6.257960
v 0.763081 -0.998137 6.197368
v 0.755013 -1.019194 6.174811
v 0.752433 -1.014244 6.174877
v 0.761780 -1.005224 6.177065
v 0.765226 -1.010429 6.176621
v 0.762943 -1.007012 6.197172
v 0.761013 -1.001688 6.194843
v 0.757056 -1.006121 6.193497
v 0.759369 -1.011802 6.194884
v 0.767282 -1.011195 6.230234
v 0.769254 -1.005233 6.232108
v 0.784290 -1.007468 6.197188
v 0.785900 -1.003580 6.185906
v 0.791030 -0.992527 6.189533
v 0.774064 -0.990201 6.225972
v 0.771113 -0.998223 6.223098
v 0.771425 -0.998806 6.228409
v 0.765742 -0.997433 6.203780
v 0.764372 -1.001481 6.200189
v 0.766065 -1.002319 6.205253
v 0.767553 -0.996764 6.209089
v 0.796668 -0.982618 6.257047
v 0.787131 -0.979207 6.261549
v 0.741224 -1.015143 6.177818
v 0.745260 -1.013903 6.177078
v 0.817120 -0.938314 6.259336
v 0.810699 -0.935059 6.258343
v 0.777544 -0.981420 6.228906
v 0.794887 -0.980704 6.193836
v 0.779848 -0.972820 6.231983
v 0.783653 -1.013733 6.235467
v 0.777345 -1.011545 6.240808
v 0.773244 -1.015705 6.237585
v 0.777728 -1.018943 6.234388
v 0.752357 -1.018936 6.191961
v 0.749793 -1.013860 6.191103
v 0.745588 -1.016630 6.190630
v 0.747325 -1.021883 6.191470
v 0.760765 -0.997583 6.191619
v 0.761565 -0.995465 6.186855
v 0.756752 -1.000712 6.185111
v 0.756047 -1.002466 6.189963
v 0.764239 -0.996040 6.182097
v 0.759136 -1.001992 6.180420
v 0.754858 -1.024428 6.189923
v 0.756260 -1.026286 6.184054
v 0.767035 -1.018192 6.186815
v 0.763228 -1.017113 6.192340
v 0.809040 -0.975415 6.233593
v 0.808398 -0.975501 6.242141
v 0.802080 -0.986219 6.240972
v 0.796142 -0.997629 6.240113
v 0.789653 -1.007557 6.239204
v 0.792749 -1.010242 6.228232
v 0.800808 -0.985154 6.248641
v 0.771371 -1.011403 6.199482
v 0.774819 -1.011944 6.191381
v 0.776598 -1.013805 6.199526
v 0.779243 -0.973798 6.239002
v 0.750280 -1.010330 6.177618
v 0.817019 -0.941864 6.208465
v 0.823175 -0.948165 6.216941
v 0.818241 -0.955345 6.215613
v 0.811348 -0.946684 6.205310
v 0.748404 -1.010246 6.187458
v 0.748496 -1.008389 6.182492
v 0.769294 -1.006010 6.238265
v 0.767511 -1.011744 6.235472
v 0.769018 -1.013717 6.239168
v 0.769685 -1.009068 6.242059
v 0.806695 -0.974956 6.249465
v 0.780209 -1.007214 6.258539
v 0.787140 -1.011525 6.251168
v 0.813940 -0.966547 6.243483
v 0.815062 -0.966184 6.234780
v 0.819799 -0.959170 6.235457
v 0.787675 -1.011937 6.216383
v 0.808986 -0.975840 6.225664
v 0.815005 -0.965850 6.227390
v 0.820495 -0.957762 6.227215
v 0.825101 -0.951832 6.227349
v 0.824416 -0.953696 6.236367
v 0.756731 -1.023930 6.177627
v 0.749780 -1.029270 6.183940
v 0.830168 -0.948057 6.237712
v 0.836601 -0.942969 6.241088
v 0.835658 -0.939749 6.231145
v 0.830404 -0.945470 6.228172
v 0.814301 -0.965279 6.219017
v 0.811724 -0.962743 6.210155
v 0.808451 -0.975347 6.217568
v 0.805757 -0.973627 6.208181
v 0.791050 -1.011493 6.206330
v 0.734956 -1.029330 6.189811
v 0.742952 -1.027383 6.189657
v 0.742657 -1.023356 6.192069
v 0.735232 -1.026164 6.192618
v 0.748652 -1.026453 6.189431
v 0.744627 -1.029279 6.184491
v 0.799602 -0.969235 6.197112
v 0.765042 -1.007805 6.202547
v 0.802171 -0.954557 6.198442
v 0.788396 -0.966436 6.187811
v 0.787884 -0.955849 6.188210
v 0.801701 -0.937016 6.199239
v 0.790937 -0.940920 6.192512
v 0.813848 -0.930376 6.207619
v 0.808319 -0.934274 6.204719
v 0.820648 -0.924558 6.210557
v 0.776704 -0.946490 6.186902
v 0.735408 -1.014812 6.183895
v 0.735896 -1.016504 6.189429
v 0.822029 -0.936804 6.210216
v 0.828946 -0.930962 6.212125
v 0.758474 -0.960394 6.207752
v 0.781120 -0.965143 6.240044
v 0.782440 -0.964571 6.234574
v 0.782459 -0.966663 6.257638
v 0.779619 -0.965258 6.247751
v 0.834299 -0.936420 6.220639
v 0.809701 -0.913785 6.243473
v 0.811347 -0.917598 6.251132
v 0.843406 -0.932231 6.234321
v 0.734718 -1.016513 6.179337
v 0.769145 -1.017738 6.217928
v 0.769872 -1.018130 6.219765
v 0.748567 -0.949768 6.197619
v 0.744724 -0.954526 6.192198
v 0.751530 -0.956749 6.182332
v 0.747031 -0.954609 6.187202
v 0.751876 -0.947961 6.190993
v 0.757123 -0.949923 6.185227
v 0.783427 -0.955509 6.237463
v 0.782417 -0.956947 6.241971
v 0.801066 -0.973258 6.257907
v 0.791621 -0.970345 6.262234
v 0.768419 -0.999174 6.178699
v 0.778446 -0.998384 6.180756
v 0.772618 -1.003823 6.179018
v 0.768223 -1.014964 6.180460
v 0.767321 -1.010644 6.199461
v 0.767324 -1.012127 6.195378
v 0.778235 -0.941397 6.226777
v 0.781833 -0.953456 6.223202
v 0.758339 -0.966237 6.199480
v 0.753542 -0.967489 6.197123
v 0.769813 -0.996939 6.216249
v 0.779286 -1.019703 6.211517
v 0.782038 -1.017850 6.204352
v 0.767825 -1.003739 6.212938
v 0.733940 -1.024580 6.176670
v 0.733910 -1.019886 6.176853
v 0.776951 -1.008846 6.183006
v 0.771593 -0.998708 6.235281
v 0.779808 -1.018115 6.219003
v 0.774333 -1.020143 6.215461
v 0.777774 -1.001083 6.258820
v 0.827969 -0.942585 6.218088
v 0.742086 -1.018107 6.191760
v 0.736024 -1.020558 6.193168
v 0.735275 -1.030225 6.185595
v 0.735325 -1.028447 6.180299
v 0.795201 -0.961872 6.261990
v 0.783133 -0.964237 6.230351
v 0.814903 -0.921499 6.257432
v 0.764935 -0.953604 6.183727
v 0.757228 -0.960566 6.180614
v 0.766017 -1.009127 6.210618
v 0.782962 -1.011829 6.244648
v 0.786288 -1.016878 6.227394
v 0.779810 -1.022674 6.227242
v 0.776294 -1.022702 6.220555
v 0.771452 -1.021578 6.219131
v 0.727945 -1.030642 6.186620
v 0.727951 -1.029053 6.181620
v 0.727066 -1.024543 6.178051
v 0.728175 -1.020072 6.178602
v 0.729743 -1.016991 6.181258
v 0.728175 -1.029684 6.190828
v 0.729041 -1.026468 6.193465
v 0.731251 -1.021361 6.194153
v 0.722255 -1.028764 6.191802
v 0.720323 -1.030052 6.187601
v 0.714284 -1.021443 6.180887
v 0.719457 -1.024056 6.179293
v 0.716414 -1.025411 6.181430
v 0.712780 -1.024298 6.182366
v 0.708511 -1.023725 6.183948
v 0.709832 -1.020482 6.183218
v 0.717520 -1.028030 6.183188
v 0.712998 -1.027770 6.184680
v 0.714023 -1.028629 6.188339
v 0.709712 -1.028269 6.189830
v 0.708387 -1.027098 6.186456
v 0.717343 -1.029102 6.186441
v 0.721126 -1.028597 6.182030
v 0.706141 -1.020863 6.186016
v 0.705644 -1.023480 6.185404
v 0.704630 -1.026124 6.187924
v 0.704438 -1.023491 6.189821
v 0.722692 -1.019457 6.179520
v 0.716420 -1.018596 6.181840
v 0.711468 -1.018006 6.184754
v 0.707728 -1.018779 6.187705
v 0.717911 -1.016548 6.184585
v 0.712913 -1.016790 6.187291
v 0.709870 -1.017944 6.189816
v 0.718839 -1.015986 6.188450
v 0.713777 -1.016906 6.190235
v 0.726488 -1.015696 6.186357
v 0.725231 -1.016714 6.182095
v 0.711331 -1.017924 6.191229
v 0.706199 -1.021477 6.191516
v 0.715713 -1.029046 6.190997
v 0.710892 -1.027931 6.192529
v 0.716903 -1.027778 6.193431
v 0.712030 -1.026636 6.194541
v 0.706604 -1.026669 6.192657
v 0.706194 -1.027932 6.190496
v 0.731142 -1.015656 6.185577
v 0.731737 -1.017705 6.190948
v 0.726970 -1.017509 6.191428
v 0.719656 -1.017853 6.192885
v 0.726085 -1.021250 6.194433
v 0.723629 -1.025772 6.194168
v 0.717903 -1.025203 6.195192
v 0.719277 -1.021562 6.195645
v 0.713227 -1.024261 6.195724
v 0.714120 -1.021516 6.195635
v 0.714128 -1.018576 6.193463
v 0.709951 -1.022790 6.194945
v 0.708043 -1.024837 6.194135
v 0.708714 -1.020375 6.192523
v 0.711450 -1.021274 6.194906
v 0.711094 -1.019470 6.193129
v 0.743289 -1.030073 6.203923
v 0.743059 -1.030387 6.209112
v 0.748750 -1.029782 6.208090
v 0.749171 -1.029033 6.203352
v 0.746093 -1.040823 6.197666
v 0.744339 -1.035229 6.198025
v 0.751505 -1.034874 6.196893
v 0.753835 -1.040507 6.196755
v 0.748173 -1.045017 6.202652
v 0.755988 -1.045030 6.201917
v 0.761225 -1.035161 6.196790
v 0.757945 -1.030233 6.196889
v 0.766272 -1.018993 6.198927
v 0.770703 -1.022508 6.198708
v 0.762633 -1.018679 6.214832
v 0.764724 -1.022896 6.216631
v 0.743576 -1.031595 6.200508
v 0.750014 -1.030846 6.199668
v 0.756940 -1.032346 6.214039
v 0.754910 -1.028467 6.212285
v 0.749362 -1.031796 6.212103
v 0.750401 -1.035845 6.214235
v 0.761503 -1.014346 6.203617
v 0.761613 -1.015847 6.209546
v 0.763443 -1.016201 6.200425
v 0.759607 -1.037057 6.213166
v 0.762411 -1.040199 6.208728
v 0.772920 -1.028598 6.209614
v 0.768977 -1.027218 6.214538
v 0.756057 -1.026863 6.199455
v 0.754037 -1.025907 6.207852
v 0.754459 -1.025115 6.202951
v 0.763967 -1.038987 6.201786
v 0.753951 -1.044388 6.209300
v 0.735168 -1.040950 6.214436
v 0.743974 -1.040396 6.213932
v 0.743621 -1.036275 6.215424
v 0.735119 -1.037157 6.216459
v 0.751690 -1.040140 6.213142
v 0.745836 -1.044206 6.209878
v 0.734352 -1.030410 6.206013
v 0.734800 -1.030874 6.211238
v 0.733925 -1.031968 6.202307
v 0.774537 -1.026782 6.202586
v 0.734785 -1.040572 6.199933
v 0.733999 -1.035398 6.200311
v 0.743461 -1.032152 6.213414
v 0.735199 -1.032813 6.215395
v 0.735678 -1.043762 6.210600
v 0.736387 -1.043909 6.204304
v 0.727955 -1.042814 6.211689
v 0.727687 -1.043362 6.206083
v 0.726585 -1.040095 6.201793
v 0.727478 -1.035159 6.201856
v 0.728736 -1.032098 6.203793
v 0.728166 -1.040440 6.215280
v 0.729128 -1.037166 6.217009
v 0.730229 -1.033256 6.216153
v 0.721510 -1.037353 6.217896
v 0.719817 -1.039754 6.214885
v 0.709426 -1.030861 6.209010
v 0.714242 -1.033364 6.206633
v 0.712800 -1.035162 6.208934
v 0.708023 -1.033423 6.210259
v 0.718914 -1.037053 6.205228
v 0.716084 -1.037169 6.208075
v 0.716628 -1.038613 6.210728
v 0.712543 -1.037660 6.212135
v 0.713326 -1.036922 6.215688
v 0.708341 -1.035726 6.217455
v 0.706959 -1.035865 6.213799
v 0.716728 -1.038325 6.213868
v 0.704382 -1.032225 6.211793
v 0.705044 -1.029819 6.212221
v 0.720200 -1.040798 6.208976
v 0.722112 -1.033283 6.203883
v 0.716213 -1.030593 6.206386
v 0.710967 -1.028375 6.209569
v 0.706809 -1.027583 6.213420
v 0.717853 -1.027929 6.208109
v 0.712451 -1.026425 6.211292
v 0.708936 -1.026451 6.214638
v 0.719257 -1.026325 6.211637
v 0.713576 -1.025616 6.214162
v 0.726146 -1.029271 6.208693
v 0.724508 -1.030533 6.205261
v 0.710686 -1.026098 6.215630
v 0.702580 -1.030880 6.216465
v 0.704780 -1.028739 6.217355
v 0.702175 -1.034010 6.215115
v 0.714697 -1.036053 6.217496
v 0.709540 -1.034185 6.219079
v 0.715717 -1.034891 6.219652
v 0.710351 -1.032951 6.220782
v 0.704798 -1.032918 6.219546
v 0.704301 -1.034657 6.218303
v 0.729726 -1.030915 6.207304
v 0.730338 -1.031288 6.212226
v 0.727070 -1.029701 6.213485
v 0.719905 -1.026906 6.216482
v 0.726433 -1.031407 6.217624
v 0.723681 -1.034487 6.218978
v 0.717509 -1.032590 6.220563
v 0.719284 -1.029471 6.219829
v 0.712056 -1.031064 6.221167
v 0.713860 -1.028598 6.220523
v 0.714280 -1.026294 6.217793
v 0.708602 -1.029224 6.220563
v 0.706360 -1.030839 6.220501
v 0.707613 -1.027328 6.217821
v 0.710763 -1.027973 6.220124
v 0.710484 -1.026630 6.218016
v 0.747507 -1.027507 6.225157
v 0.747126 -1.025384 6.230459
v 0.751563 -1.026470 6.230282
v 0.752071 -1.028052 6.225278
v 0.748635 -1.037422 6.223564
v 0.747634 -1.034585 6.222050
v 0.754228 -1.035079 6.221190
v 0.756251 -1.038463 6.222363
v 0.748772 -1.038945 6.228260
v 0.757092 -1.040880 6.227969
v 0.761817 -1.035825 6.221324
v 0.758846 -1.032251 6.220051
v 0.766911 -1.024945 6.220219
v 0.770607 -1.027946 6.221265
v 0.747241 -1.031002 6.222690
v 0.752913 -1.031096 6.222398
v 0.757108 -1.026338 6.237105
v 0.756241 -1.024445 6.234426
v 0.751459 -1.026870 6.234858
v 0.751813 -1.028937 6.237302
v 0.763749 -1.018065 6.225012
v 0.763611 -1.016605 6.229952
v 0.764826 -1.021161 6.221809
v 0.759347 -1.030696 6.237421
v 0.762431 -1.035772 6.234083
v 0.771380 -1.026448 6.234130
v 0.768126 -1.022229 6.237222
v 0.756795 -1.028420 6.221792
v 0.755176 -1.023531 6.229754
v 0.755764 -1.025115 6.224799
v 0.763983 -1.037215 6.227170
v 0.755393 -1.038212 6.234492
v 0.737275 -1.032096 6.237055
v 0.747250 -1.032683 6.237551
v 0.747192 -1.028143 6.237951
v 0.737907 -1.028071 6.237805
v 0.753363 -1.033075 6.237604
v 0.748287 -1.037046 6.234087
v 0.739307 -1.025872 6.225756
v 0.739385 -1.024387 6.230747
v 0.738517 -1.029353 6.223476
v 0.772879 -1.028916 6.227127
v 0.765059 -1.018462 6.237962
v 0.737606 -1.035967 6.224097
v 0.737887 -1.032811 6.222775
v 0.747129 -1.025725 6.235274
v 0.739005 -1.025151 6.235609
v 0.737389 -1.035987 6.233754
v 0.738002 -1.037700 6.228362
v 0.730308 -1.034401 6.233858
v 0.730270 -1.036157 6.228539
v 0.730328 -1.034461 6.224190
v 0.731686 -1.031162 6.223113
v 0.733189 -1.028130 6.223826
v 0.731130 -1.030131 6.236715
v 0.732785 -1.026702 6.236992
v 0.734509 -1.024595 6.234952
v 0.727237 -1.027362 6.237217
v 0.725335 -1.030358 6.233964
v 0.715091 -1.024294 6.224835
v 0.719307 -1.026989 6.224471
v 0.718521 -1.027522 6.226317
v 0.714247 -1.025581 6.226349
v 0.723722 -1.031038 6.224965
v 0.721326 -1.030016 6.226480
v 0.722000 -1.030845 6.229277
v 0.717938 -1.028960 6.229638
v 0.719743 -1.027545 6.233212
v 0.715509 -1.025795 6.233373
v 0.713658 -1.026891 6.229763
v 0.722322 -1.029983 6.232487
v 0.711282 -1.024462 6.226825
v 0.711478 -1.022778 6.226089
v 0.725231 -1.032681 6.229016
v 0.726298 -1.028459 6.223184
v 0.721223 -1.025051 6.223423
v 0.716643 -1.022184 6.224168
v 0.713384 -1.020368 6.226152
v 0.723366 -1.022590 6.224234
v 0.718773 -1.020134 6.225093
v 0.715844 -1.018786 6.226988
v 0.725114 -1.020540 6.226440
v 0.720345 -1.018751 6.227138
v 0.730902 -1.023842 6.226357
v 0.728694 -1.025795 6.223955
v 0.717717 -1.018299 6.228049
v 0.710161 -1.022343 6.230062
v 0.712144 -1.019879 6.230510
v 0.710080 -1.025060 6.229880
v 0.721104 -1.026633 6.235438
v 0.716752 -1.024271 6.235168
v 0.722638 -1.024473 6.236838
v 0.717993 -1.022421 6.236164
v 0.712655 -1.023277 6.233871
v 0.712144 -1.024774 6.233002
v 0.734440 -1.025666 6.226378
v 0.735157 -1.024245 6.230669
v 0.732034 -1.022447 6.230295
v 0.726101 -1.019236 6.230450
v 0.731747 -1.022528 6.234554
v 0.729152 -1.024289 6.236794
v 0.724233 -1.021867 6.236504
v 0.725811 -1.019762 6.234543
v 0.719477 -1.020693 6.235849
v 0.720876 -1.018931 6.234209
v 0.721095 -1.017919 6.230577
v 0.716328 -1.019308 6.233984
v 0.714325 -1.020995 6.234350
v 0.715030 -1.018395 6.230556
v 0.718089 -1.018323 6.233256
v 0.717600 -1.017858 6.230593
v 0.764304 -1.017138 6.234509
v 0.753791 -1.018381 6.251767
v 0.754337 -1.016374 6.255171
v 0.757117 -1.016576 6.254527
v 0.757043 -1.018396 6.250928
v 0.754017 -1.027154 6.253258
v 0.753368 -1.025037 6.250439
v 0.758980 -1.025551 6.248756
v 0.760096 -1.028226 6.251416
v 0.755390 -1.026099 6.258085
v 0.760720 -1.027902 6.256855
v 0.765816 -1.026048 6.249351
v 0.763799 -1.023304 6.246717
v 0.772428 -1.015845 6.244479
v 0.776295 -1.017482 6.246933
v 0.772570 -1.004176 6.258725
v 0.771648 -1.001463 6.255021
v 0.765281 -1.007489 6.256707
v 0.767572 -1.008879 6.260274
v 0.753385 -1.021656 6.250286
v 0.758067 -1.021799 6.248760
v 0.760857 -1.015550 6.261489
v 0.759662 -1.014204 6.257784
v 0.757363 -1.015656 6.258262
v 0.757753 -1.016125 6.261758
v 0.769750 -1.001248 6.250695
v 0.769494 -1.004208 6.246200
v 0.766263 -1.008983 6.248073
v 0.764474 -1.008322 6.252606
v 0.768357 -1.012474 6.246071
v 0.763386 -1.018651 6.262747
v 0.765214 -1.023168 6.260761
v 0.774865 -1.014114 6.260153
v 0.770609 -1.011116 6.261517
v 0.761309 -1.020249 6.247668
v 0.759919 -1.014738 6.253624
v 0.759587 -1.017196 6.249987
v 0.767279 -1.026257 6.254884
v 0.759995 -1.023701 6.261435
v 0.747734 -1.017184 6.265421
v 0.754397 -1.018401 6.264665
v 0.754452 -1.015267 6.263024
v 0.748400 -1.014658 6.264072
v 0.758051 -1.019347 6.263255
v 0.754361 -1.022531 6.263011
v 0.747647 -1.017356 6.252546
v 0.748839 -1.015023 6.255898
v 0.746717 -1.020428 6.251437
v 0.778455 -1.017566 6.252931
v 0.745849 -1.025516 6.254606
v 0.745862 -1.023398 6.251999
v 0.754474 -1.015384 6.259134
v 0.748887 -1.013977 6.260118
v 0.747213 -1.020742 6.263967
v 0.746861 -1.024355 6.259251
v 0.741489 -1.018734 6.264351
v 0.740480 -1.023417 6.260128
v 0.740694 -1.024028 6.255457
v 0.741576 -1.022391 6.252730
v 0.742871 -1.019753 6.252108
v 0.742365 -1.015033 6.265428
v 0.743742 -1.013066 6.263570
v 0.744547 -1.013395 6.260211
v 0.738362 -1.013306 6.264345
v 0.736427 -1.017003 6.263289
v 0.728772 -1.018421 6.252574
v 0.732257 -1.020262 6.253176
v 0.731387 -1.020148 6.255157
v 0.728203 -1.019010 6.254247
v 0.736304 -1.022304 6.255272
v 0.734146 -1.021376 6.256442
v 0.734907 -1.020331 6.259304
v 0.731127 -1.019460 6.258441
v 0.731458 -1.016706 6.261773
v 0.727729 -1.015506 6.260633
v 0.727373 -1.018785 6.257875
v 0.734240 -1.017982 6.261735
v 0.725585 -1.018320 6.254203
v 0.725470 -1.017045 6.252944
v 0.737426 -1.021293 6.259801
v 0.738159 -1.021339 6.252603
v 0.733385 -1.019310 6.251671
v 0.729133 -1.017026 6.251201
v 0.726080 -1.014926 6.252308
v 0.735013 -1.017438 6.251373
v 0.730544 -1.015242 6.251166
v 0.727756 -1.013474 6.252421
v 0.736549 -1.015024 6.252398
v 0.731947 -1.013491 6.252186
v 0.741487 -1.016263 6.252964
v 0.739999 -1.019130 6.252001
v 0.729291 -1.012693 6.252693
v 0.723784 -1.015230 6.256042
v 0.725002 -1.013166 6.255130
v 0.724145 -1.017553 6.257232
v 0.732238 -1.014513 6.262902
v 0.728011 -1.013352 6.261475
v 0.733789 -1.012308 6.262914
v 0.728962 -1.011578 6.260848
v 0.724893 -1.013589 6.259230
v 0.725081 -1.015402 6.259621
v 0.744279 -1.016645 6.253099
v 0.744811 -1.014510 6.256160
v 0.742197 -1.013581 6.255807
v 0.737217 -1.012439 6.254912
v 0.741471 -1.011984 6.259570
v 0.740295 -1.011537 6.262652
v 0.734957 -1.010950 6.261391
v 0.736421 -1.010725 6.258453
v 0.730327 -1.010477 6.259206
v 0.731727 -1.010386 6.256940
v 0.732374 -1.011554 6.254226
v 0.727625 -1.011099 6.256755
v 0.726000 -1.011840 6.258024
v 0.726884 -1.012093 6.254500
v 0.729124 -1.010860 6.255810
v 0.729011 -1.011658 6.254167
v 0.774404 -1.006996 6.259949
v 0.751510 -0.971891 6.181923
v 0.751612 -0.973820 6.186241
v 0.741824 -0.967842 6.196113
v 0.746292 -0.971909 6.194454
v 0.738444 -0.963072 6.193529
v 0.739707 -0.961186 6.183777
v 0.738110 -0.961102 6.188577
v 0.749588 -0.973788 6.190391
v 0.749283 -0.968723 6.178789
v 0.743972 -0.963588 6.179547
v 0.740554 -0.972991 6.177440
v 0.735102 -0.968825 6.177845
v 0.730838 -0.965342 6.183531
v 0.731296 -0.965499 6.188539
v 0.733592 -0.966834 6.193056
v 0.745328 -0.976307 6.180238
v 0.746494 -0.977942 6.183855
v 0.745486 -0.977323 6.188723
v 0.737895 -0.980902 6.178136
v 0.730316 -0.980731 6.175925
v 0.715672 -0.980836 6.183712
v 0.718715 -0.976939 6.184846
v 0.718676 -0.977962 6.180851
v 0.715742 -0.980866 6.179828
v 0.722858 -0.973313 6.183955
v 0.721347 -0.976459 6.180912
v 0.723592 -0.978421 6.177489
v 0.720688 -0.980235 6.176133
v 0.725807 -0.981168 6.175393
v 0.724162 -0.983773 6.173889
v 0.717210 -0.982697 6.174819
v 0.713728 -0.983612 6.178703
v 0.714718 -0.985811 6.175188
v 0.713997 -0.984926 6.181448
v 0.726592 -0.975922 6.178107
v 0.725049 -0.970817 6.189950
v 0.720110 -0.976615 6.189182
v 0.716945 -0.982106 6.187264
v 0.716264 -0.986665 6.184229
v 0.723354 -0.978658 6.192632
v 0.720348 -0.984394 6.189623
v 0.719625 -0.988094 6.186107
v 0.727930 -0.981975 6.192847
v 0.724021 -0.986670 6.189378
v 0.733839 -0.974672 6.195871
v 0.728843 -0.971476 6.194231
v 0.722345 -0.988619 6.186822
v 0.714848 -0.988996 6.177580
v 0.717927 -0.990420 6.180434
v 0.727782 -0.985850 6.174765
v 0.721142 -0.986168 6.172741
v 0.724135 -0.989032 6.173912
v 0.731761 -0.987048 6.177073
v 0.726749 -0.990826 6.176551
v 0.719570 -0.990412 6.174480
v 0.717900 -0.987693 6.172862
v 0.737771 -0.970568 6.195280
v 0.742257 -0.974725 6.193144
v 0.738710 -0.978413 6.192969
v 0.732328 -0.984692 6.189918
v 0.740993 -0.981509 6.188022
v 0.741386 -0.981940 6.181950
v 0.734212 -0.987840 6.180692
v 0.734593 -0.987133 6.185349
v 0.728536 -0.991303 6.180254
v 0.728869 -0.990343 6.183830
v 0.727048 -0.988748 6.187081
v 0.724144 -0.991972 6.180928
v 0.722004 -0.991983 6.177647
v 0.721110 -0.990659 6.183039
v 0.725484 -0.991194 6.183164
v 0.723761 -0.990198 6.184951
v 0.774262 -0.998094 6.255524
v 0.772002 -0.997606 6.250036
v 0.774457 -0.992761 6.251014
v 0.775538 -0.986018 6.252756
v 0.779958 -0.981164 6.258615
v 0.775149 -0.985064 6.246515
v 0.773690 -0.992268 6.244866
v 0.770773 -0.999576 6.242774
v 0.777086 -0.978454 6.242239
v 0.858203 -0.821405 5.938084
v 0.855051 -0.822245 5.936460
v 0.856202 -0.816065 5.939902
v 0.859112 -0.816531 5.940229
v 0.849153 -0.814880 5.936482
v 0.853041 -0.815500 5.938682
v 0.851490 -0.821989 5.933572
v 0.848072 -0.821003 5.928767
v 0.846334 -0.814139 5.924080
v 0.845335 -0.813147 5.923852
v 0.845366 -0.812614 5.924350
v 0.846260 -0.813060 5.925841
v 0.846568 -0.814178 5.928660
v 0.864346 -0.818121 5.939905
v 0.863233 -0.819185 5.939331
v 0.860938 -0.820538 5.938924
v 0.846742 -0.814469 5.932424
v 0.863192 -0.816860 5.939847
v 0.864342 -0.817527 5.940002
v 0.847367 -0.818487 5.924978
v 0.849073 -0.817896 5.936189
v 0.852947 -0.818161 5.938265
v 0.849615 -0.820900 5.934733
v 0.847129 -0.819558 5.930505
v 0.847654 -0.813956 5.925974
v 0.846482 -0.815876 5.928542
v 0.856196 -0.818168 5.939514
v 0.846555 -0.817027 5.931974
v 0.853371 -0.820647 5.937350
v 0.847753 -0.817306 5.927239
v 0.847182 -0.815281 5.925868
v 0.863869 -0.818011 5.939381
v 0.863860 -0.817586 5.939467
v 0.875576 -0.603928 5.992114
v 0.868464 -0.592943 6.005324
v 0.856518 -0.820265 5.938862
v 0.860874 -0.818123 5.939815
v 0.858909 -0.818166 5.939933
v 0.859120 -0.819677 5.939427
v 0.861037 -0.818995 5.939572
v 0.953698 -0.694561 6.137328
v 0.958854 -0.706644 6.128673
v 1.001565 -0.718687 6.123611
v 1.017404 -0.709013 6.128410
v 0.836427 -0.388670 6.154603
v 0.991934 -0.368607 6.071346
v 1.001363 -0.389391 6.060310
v 0.972991 -0.361943 6.001810
v 0.982633 -0.362800 6.017112
v 0.939096 -0.394876 6.150413
v 0.945672 -0.413032 6.142441
v 0.880852 -0.399597 6.155363
v 0.887041 -0.416154 6.147255
v 0.914317 -0.381939 6.165214
v 0.974947 -0.317141 6.061305
v 0.978351 -0.321131 6.077528
v 0.983087 -0.343306 6.064518
v 0.980800 -0.339849 6.047472
v 0.960725 -0.362419 5.989232
v 0.952340 -0.338811 6.003000
v 0.970383 -0.428379 6.125355
v 0.987037 -0.422543 6.111836
v 1.004273 -0.412215 6.074006
v 1.006795 -0.409997 6.053235
v 1.005506 -0.409611 6.033332
v 1.001601 -0.409561 6.014071
v 0.874384 -0.434976 6.137105
v 0.862194 -0.451633 6.122538
v 0.950639 -0.432330 6.134223
v 0.822155 -0.432011 6.112322
v 1.004614 -0.430044 5.986463
v 0.993853 -0.426357 5.968329
v 0.998093 -0.416909 6.094269
v 0.855876 -0.574246 6.045446
v 0.867257 -0.580108 6.053853
v 0.859068 -0.569947 6.065885
v 0.848305 -0.562951 6.057650
v 0.869883 -0.575268 6.073913
v 0.881190 -0.579058 6.080990
v 0.892215 -0.581526 6.086685
v 0.919983 -0.581592 6.094580
v 0.911535 -0.582421 6.093353
v 0.935772 -0.575325 6.096683
v 0.927525 -0.579801 6.095525
v 0.946122 -0.564988 6.099354
v 0.957093 -0.552033 6.101972
v 0.973956 -0.551588 6.093504
v 0.969073 -0.538999 6.103040
v 0.951228 -0.539745 6.111483
v 0.940718 -0.553354 6.109345
v 0.930352 -0.563363 6.107119
v 0.829495 -0.502797 6.083901
v 0.828114 -0.524925 6.074367
v 0.881190 -0.614298 5.979744
v 0.921976 -0.812887 6.294844
v 0.848649 -0.890179 6.218427
v 0.979861 -0.580540 5.895174
v 0.995077 -0.587072 5.905754
v 1.031473 -0.614959 5.946078
v 1.029894 -0.634542 5.956578
v 1.025911 -0.597912 5.932986
v 1.013584 -0.585286 5.920408
v 0.932151 -0.452382 6.130625
v 1.001808 -0.557690 5.917077
v 1.017508 -0.576797 5.924476
v 1.033028 -0.589394 5.938861
v 1.039914 -0.607528 5.954222
v 1.039111 -0.630991 5.967937
v 1.040372 -0.639529 5.978947
v 1.047852 -0.637079 5.998849
v 1.046612 -0.645231 6.005541
v 1.045897 -0.654188 6.013881
v 1.037309 -0.669908 6.008700
v 1.038176 -0.661268 6.001504
v 1.030087 -0.694898 6.098083
v 1.027753 -0.694862 6.117202
v 1.028796 -0.688465 6.132173
v 1.028438 -0.678706 6.144124
v 1.026461 -0.671490 6.149489
v 1.024404 -0.661967 6.150194
v 1.023349 -0.649921 6.142550
v 1.016528 -0.617994 6.110053
v 1.016685 -0.605180 6.094177
v 1.032416 -0.555797 6.058986
v 1.034749 -0.544060 6.050285
v 1.033753 -0.507545 6.037288
v 1.030129 -0.489617 6.032459
v 1.027150 -0.468991 6.030267
v 0.955214 -0.213698 6.126274
v 0.964013 -0.224211 6.141759
v 0.963632 -0.243701 6.127744
v 0.955374 -0.233757 6.112624
v 0.942861 -0.267866 6.061328
v 0.930155 -0.266891 6.046457
v 0.961512 -0.281435 6.177884
v 0.949402 -0.296210 6.192065
v 0.967942 -0.255595 6.143622
v 0.967256 -0.266923 6.161485
v 0.932337 -0.308692 6.201419
v 0.846449 -0.330920 6.202980
v 0.825518 -0.333591 6.197267
v 0.788008 -0.337776 6.180070
v 0.773923 -0.337377 6.167202
v 0.911937 -0.318065 6.207067
v 0.804840 -0.336875 6.190750
v 0.890553 -0.323407 6.208610
v 0.868220 -0.327412 6.206698
v 0.951703 -0.271324 6.076022
v 0.948133 -0.249393 6.087314
v 0.956392 -0.254120 6.101157
v 1.004151 -0.483051 5.937336
v 1.017626 -0.491525 5.951264
v 1.030268 -0.502408 5.965044
v 1.042507 -0.526717 5.972630
v 1.039855 -0.514745 5.978552
v 1.047094 -0.528752 5.993612
v 1.049568 -0.539721 5.988605
v 1.048327 -0.568314 6.022117
v 1.046601 -0.559374 6.024741
v 1.043983 -0.571161 6.037880
v 1.047076 -0.577896 6.033614
v 1.042955 -0.579937 6.049019
v 1.040635 -0.590571 6.059799
v 1.036775 -0.602962 6.070958
v 1.034439 -0.616440 6.082305
v 1.045135 -0.629287 6.066147
v 1.045462 -0.618673 6.055709
v 1.050356 -0.577217 6.018084
v 1.052389 -0.565711 6.003534
v 1.001780 -0.508720 5.931340
v 0.985737 -0.501949 5.921161
v 0.982276 -0.531699 6.099538
v 0.996234 -0.525131 6.094112
v 1.008277 -0.520543 6.085928
v 1.018151 -0.518031 6.076042
v 1.025460 -0.517669 6.065056
v 1.031482 -0.518551 6.052831
v 1.036008 -0.532524 6.044795
v 1.035917 -0.520818 6.040983
v 1.038982 -0.537203 6.037303
v 1.039680 -0.524608 6.030510
v 1.043370 -0.529598 6.021447
v 1.046560 -0.536222 6.013848
v 1.049191 -0.544604 6.008912
v 1.051244 -0.554272 6.005641
v 1.051777 -0.552020 5.986055
v 1.044730 -0.539397 5.969505
v 1.033728 -0.542219 5.950485
v 1.036171 -0.554884 5.948608
v 1.032834 -0.528654 5.954092
v 1.031431 -0.515396 5.958146
v 1.004829 -0.637238 5.927813
v 0.999495 -0.626329 5.914176
v 1.029312 -0.652622 6.126961
v 1.028482 -0.648424 6.127462
v 1.026545 -0.649187 6.133786
v 1.027650 -0.657105 6.136479
v 1.029115 -0.664034 6.134564
v 1.033227 -0.663966 6.118208
v 1.030609 -0.656844 6.124829
v 1.031107 -0.671137 6.129056
v 1.032600 -0.678899 6.119524
v 1.035607 -0.670477 6.109921
v 1.033536 -0.684282 6.107742
v 1.037314 -0.675802 6.100807
v 1.035502 -0.685217 6.094977
v 1.038393 -0.678718 6.093396
v 1.047365 -0.657956 6.061228
v 1.044773 -0.666748 6.072487
v 1.041239 -0.674088 6.084129
v 1.034001 -0.628855 6.094361
v 1.033545 -0.640377 6.104620
v 1.032106 -0.650323 6.114930
v 1.035460 -0.656133 6.107689
v 1.037473 -0.645690 6.097833
v 1.038792 -0.633980 6.087039
v 1.003736 -0.494034 5.934361
v 1.018103 -0.504941 5.944035
v 1.045778 -0.587963 6.043624
v 1.043971 -0.597510 6.052283
v 1.042160 -0.608553 6.061396
v 1.040327 -0.621898 6.073984
v 1.047318 -0.606776 6.045442
v 1.048311 -0.597127 6.036697
v 1.048865 -0.587562 6.028079
v 1.018281 -0.518771 5.941622
v 0.988815 -0.485563 5.924192
v 0.960159 -0.673843 6.034515
v 0.976342 -0.688527 6.019956
v 0.999027 -0.693026 6.011628
v 1.021424 -0.685486 6.007710
v 0.945785 -0.728608 6.274354
v 0.945476 -0.316307 6.016270
v 0.938169 -0.292186 6.030809
v 0.950429 -0.290749 6.045331
v 0.981259 -0.421726 5.953864
v 0.991698 -0.474183 5.924136
v 0.888455 -0.561104 6.112894
v 0.878213 -0.560581 6.109029
v 0.884500 -0.571467 6.098100
v 0.894964 -0.572029 6.102155
v 0.907748 -0.559253 6.116169
v 0.898622 -0.560422 6.115396
v 0.904679 -0.571327 6.104837
v 0.913828 -0.570146 6.106314
v 0.916549 -0.556524 6.116568
v 0.922242 -0.567791 6.106688
v 0.894001 -0.547516 6.124180
v 0.883932 -0.548169 6.122465
v 0.874186 -0.547729 6.119145
v 0.911690 -0.544528 6.124203
v 0.903249 -0.546433 6.124387
v 0.839026 -0.702711 5.946020
v 0.826936 -0.710663 5.952929
v 0.813985 -0.749511 5.944107
v 0.815944 -0.752683 5.941202
v 0.890548 -0.627558 5.959639
v 0.893609 -0.633840 5.951912
v 0.831641 -0.542298 6.062810
v 0.844777 -0.567406 6.038157
v 0.854195 -0.571426 6.028453
v 0.861585 -0.581004 6.017356
v 0.885633 -0.621587 5.969062
v 0.837550 -0.555633 6.050766
v 0.882281 -0.132974 6.282886
v 0.866563 -0.108489 6.275385
v 0.891409 -0.122716 6.261147
v 0.879940 -0.104700 6.254763
v 0.933670 -0.179103 6.235964
v 0.918171 -0.159774 6.247903
v 0.948283 -0.200215 6.221725
v 0.868739 -0.088990 6.239997
v 0.855710 -0.078192 6.219760
v 0.874955 -0.083329 6.202266
v 0.948243 -0.181797 6.204433
v 0.934205 -0.162191 6.218620
v 0.896707 -0.118346 6.248413
v 0.904202 -0.140335 6.257776
v 0.906533 -0.128210 6.241693
v 0.884541 -0.093893 6.223246
v 0.890890 -0.106999 6.239755
v 0.932615 -0.202963 6.095726
v 0.913176 -0.179159 6.086068
v 0.929246 -0.182597 6.107431
v 0.969029 -0.237315 6.158102
v 0.961932 -0.205333 6.156035
v 0.903281 -0.115625 6.226814
v 0.899745 -0.103214 6.208144
v 0.891520 -0.093031 6.185627
v 0.930708 -0.147165 6.147202
v 0.920632 -0.126926 6.158127
v 0.928158 -0.136424 6.179754
v 0.938980 -0.155991 6.167405
v 0.954759 -0.186685 6.171000
v 0.944706 -0.167264 6.185835
v 0.937729 -0.167358 6.136413
v 0.947392 -0.176041 6.154017
v 0.953365 -0.194924 6.139976
v 0.932142 -0.147590 6.200285
v 0.894003 -0.101460 6.147674
v 0.907427 -0.108058 6.170350
v 0.874575 -0.102394 6.126034
v 0.942382 -0.187562 6.123942
v 0.944629 -0.207254 6.111033
v 0.946165 -0.227671 6.098688
v 0.959993 -0.293009 6.060109
v 0.657428 -0.220790 6.437010
v 0.722396 -0.176040 6.218586
v 0.728114 -0.156307 6.210621
v 0.873036 -0.247439 6.302070
v 0.889907 -0.178091 6.297653
v 0.898577 -0.156458 6.277093
v 0.732295 -0.230154 6.245548
v 0.723338 -0.207613 6.235078
v 0.855061 -0.262945 6.293664
v 0.795296 -0.269272 6.284803
v 0.719234 -0.191365 6.225384
v 0.919406 -0.143945 6.231777
v 0.917329 -0.129365 6.214058
v 0.914902 -0.117367 6.193345
v 0.878536 -0.086779 6.161225
v 0.860024 -0.088147 6.139089
v 0.742732 -0.252429 6.208100
v 0.740586 -0.258369 6.202350
v 0.735543 -0.256619 6.196951
v 0.733594 -0.247073 6.201157
v 0.839188 -0.318967 6.209814
v 0.817964 -0.321954 6.203124
v 0.781850 -0.323759 6.183377
v 0.767628 -0.324008 6.171771
v 0.906774 -0.306093 6.218941
v 0.798820 -0.322785 6.193677
v 0.884570 -0.311439 6.219067
v 0.861356 -0.315339 6.215081
v 0.478097 0.182076 6.462959
v 0.466586 0.205658 6.468924
v 0.474842 0.210070 6.458477
v 0.484498 0.184925 6.452001
v 0.510266 0.192495 6.444056
v 0.497944 0.190006 6.442683
v 0.522632 0.195327 6.450684
v 0.509380 0.222204 6.451583
v 0.515557 0.222821 6.461691
v 0.530526 0.197492 6.461086
v 0.531857 0.196638 6.471672
v 0.517072 0.218975 6.483910
v 0.507823 0.213050 6.498038
v 0.520854 0.190069 6.499392
v 0.529596 0.194078 6.483998
v 0.504958 0.185369 6.508866
v 0.493470 0.206912 6.508307
v 0.487862 0.181308 6.509141
v 0.473742 0.180185 6.477091
v 0.460436 0.201151 6.483003
v 0.498001 0.219164 6.446264
v 0.486528 0.216042 6.447602
v 0.489690 0.187496 6.445858
v 0.481292 0.213139 6.452940
v 0.459052 0.233277 6.464986
v 0.447035 0.225940 6.472641
v 0.484977 0.246240 6.448545
v 0.475451 0.241622 6.454121
v 0.501037 0.247464 6.464548
v 0.496535 0.249005 6.452223
v 0.508313 0.243886 6.487543
v 0.517395 0.221295 6.472604
v 0.504897 0.245773 6.476047
v 0.499661 0.236406 6.500459
v 0.484247 0.226748 6.512883
v 0.445643 0.219464 6.490709
v 0.468328 0.238240 6.459933
v 0.426530 0.214993 6.661232
v 0.419833 0.213230 6.659569
v 0.423256 0.209879 6.657131
v 0.427233 0.211519 6.658358
v 0.392697 0.200558 6.652872
v 0.382585 0.200857 6.647274
v 0.387160 0.192771 6.645359
v 0.394404 0.192401 6.649741
v 0.406816 0.204755 6.660196
v 0.413858 0.206989 6.662962
v 0.411008 0.211239 6.661029
v 0.406825 0.209821 6.659248
v 0.452177 0.233147 6.646348
v 0.456932 0.236198 6.646827
v 0.455058 0.239586 6.646860
v 0.450849 0.237744 6.646454
v 0.435963 0.222813 6.656269
v 0.440947 0.225939 6.656846
v 0.438988 0.229110 6.656096
v 0.435188 0.228118 6.655541
v 0.403680 0.201922 6.631316
v 0.400006 0.195179 6.642380
v 0.388866 0.195789 6.636557
v 0.392418 0.199484 6.622841
v 0.380111 0.202921 6.634346
v 0.384851 0.210054 6.637815
v 0.386548 0.217755 6.626322
v 0.383281 0.209450 6.620765
v 0.394935 0.212004 6.644896
v 0.397659 0.218468 6.634546
v 0.406401 0.211317 6.637372
v 0.404237 0.204256 6.649187
v 0.421600 0.214570 6.646070
v 0.420542 0.210566 6.657461
v 0.417595 0.203962 6.653782
v 0.420028 0.207295 6.641659
v 0.410262 0.201685 6.651249
v 0.410272 0.204377 6.638618
v 0.404183 0.211385 6.640058
v 0.402603 0.205551 6.651611
v 0.405619 0.213113 6.653029
v 0.406669 0.218492 6.641700
v 0.414924 0.220054 6.644896
v 0.413716 0.215689 6.655904
v 0.435828 0.215181 6.643948
v 0.430533 0.213381 6.653750
v 0.423935 0.211464 6.651410
v 0.426225 0.212520 6.641568
v 0.417413 0.215737 6.652519
v 0.420614 0.220869 6.654787
v 0.422715 0.224955 6.645709
v 0.419439 0.218878 6.643710
v 0.431229 0.227021 6.648345
v 0.426970 0.222810 6.657345
v 0.437229 0.221552 6.648632
v 0.432683 0.218779 6.657729
v 0.452356 0.232134 6.644465
v 0.446304 0.229831 6.652461
v 0.446174 0.223844 6.649889
v 0.451915 0.225342 6.640779
v 0.441349 0.220789 6.648514
v 0.444133 0.222094 6.640368
v 0.435412 0.223008 6.649059
v 0.435144 0.230375 6.650876
v 0.438794 0.233323 6.644296
v 0.438860 0.225259 6.642973
v 0.441570 0.233309 6.652575
v 0.446336 0.236905 6.645054
v 0.467065 0.236738 6.633400
v 0.466187 0.243600 6.634585
v 0.462611 0.239627 6.642782
v 0.463099 0.234058 6.640928
v 0.457131 0.230966 6.640007
v 0.460411 0.232555 6.634025
v 0.452073 0.234005 6.640532
v 0.450843 0.240460 6.642095
v 0.453729 0.243369 6.637064
v 0.455972 0.235943 6.636523
v 0.456922 0.243308 6.643493
v 0.460366 0.246479 6.636248
v 0.396080 0.205089 6.610493
v 0.409697 0.209845 6.621963
v 0.384936 0.205553 6.645791
v 0.386818 0.216947 6.609106
v 0.390683 0.206496 6.649436
v 0.403597 0.225208 6.626478
v 0.390541 0.225190 6.615023
v 0.406429 0.214450 6.631954
v 0.414382 0.202868 6.659596
v 0.420959 0.219503 6.638159
v 0.420457 0.229861 6.633798
v 0.410277 0.201617 6.657960
v 0.425594 0.214103 6.628592
v 0.442440 0.223135 6.629989
v 0.420865 0.217783 6.659844
v 0.424449 0.218708 6.661101
v 0.437561 0.237083 6.636730
v 0.439728 0.225624 6.640943
v 0.442352 0.222566 6.654613
v 0.456094 0.235816 6.636648
v 0.452330 0.245379 6.634126
v 0.439682 0.220881 6.653685
v 0.459190 0.231709 6.627882
v 0.457730 0.233747 6.644163
v 0.471040 0.249011 6.625585
v 0.463081 0.252561 6.628777
v 0.455231 0.231470 6.644122
v 0.471194 0.239808 6.624386
v 0.472341 0.178923 6.490343
v 0.460571 0.198497 6.495936
v 0.477005 0.178894 6.501132
v 0.478044 0.201435 6.510859
v 0.467340 0.198168 6.505463
v 0.447385 0.213547 6.506166
v 0.468962 0.219491 6.517344
v 0.457153 0.212692 6.514831
v 0.502293 0.263425 6.489458
v 0.496600 0.256392 6.503076
v 0.496697 0.265474 6.476834
v 0.486769 0.271411 6.452028
v 0.493209 0.268914 6.464436
v 0.437404 0.222653 6.517667
v 0.435116 0.233004 6.500597
v 0.449939 0.220474 6.527794
v 0.464508 0.228714 6.529515
v 0.397665 0.209349 6.594028
v 0.402732 0.220290 6.577807
v 0.418324 0.212913 6.582353
v 0.414470 0.210605 6.602257
v 0.434379 0.218931 6.588365
v 0.429712 0.217937 6.608315
v 0.448790 0.229142 6.591416
v 0.445296 0.226349 6.610781
v 0.462707 0.239066 6.592928
v 0.460864 0.235077 6.611320
v 0.474802 0.250347 6.594162
v 0.474036 0.244533 6.611172
v 0.479026 0.261942 6.597486
v 0.476844 0.255131 6.614159
v 0.387451 0.224255 6.593764
v 0.395039 0.234566 6.578155
v 0.393217 0.236622 6.601118
v 0.399469 0.247809 6.585754
v 0.408082 0.240438 6.607848
v 0.413419 0.252061 6.591964
v 0.471363 0.270417 6.601872
v 0.467083 0.261911 6.617733
v 0.425140 0.245412 6.612542
v 0.430293 0.256287 6.596035
v 0.440640 0.252763 6.615989
v 0.445640 0.263106 6.599343
v 0.454564 0.258968 6.617565
v 0.459201 0.268973 6.601349
v 0.421018 0.218787 6.560989
v 0.439059 0.219104 6.566609
v 0.452937 0.230532 6.568865
v 0.465770 0.243333 6.570498
v 0.475739 0.257755 6.572697
v 0.481364 0.269312 6.577148
v 0.474922 0.248940 6.544861
v 0.478409 0.268606 6.549570
v 0.481293 0.279384 6.556321
v 0.482639 0.279994 6.528183
v 0.481971 0.290424 6.535086
v 0.487186 0.299654 6.493125
v 0.486285 0.312828 6.500072
v 0.484777 0.301706 6.515414
v 0.485792 0.290562 6.508442
v 0.483987 0.262631 6.523230
v 0.489460 0.273430 6.504018
v 0.491278 0.280408 6.488614
v 0.479926 0.323633 6.476011
v 0.485127 0.319745 6.488100
v 0.486655 0.305893 6.481211
v 0.484982 0.310337 6.468309
v 0.472711 0.312547 6.455837
v 0.466946 0.325727 6.465979
v 0.455716 0.307900 6.458035
v 0.450136 0.320859 6.466115
v 0.488263 0.289296 6.464877
v 0.489823 0.285624 6.476955
v 0.479925 0.291621 6.452724
v 0.465241 0.287155 6.453652
v 0.455769 0.279256 6.465132
v 0.445905 0.298137 6.470992
v 0.438418 0.311043 6.476217
v 0.410295 0.232822 6.559524
v 0.406823 0.245514 6.561224
v 0.459946 0.230155 6.547562
v 0.444225 0.219697 6.545233
v 0.427419 0.226423 6.534713
v 0.415377 0.243682 6.537701
v 0.415671 0.258452 6.542718
v 0.422467 0.271606 6.525693
v 0.421070 0.259015 6.518703
v 0.410790 0.256747 6.566755
v 0.421584 0.266586 6.547879
v 0.427550 0.279427 6.530770
v 0.426415 0.284193 6.509617
v 0.427387 0.271925 6.502960
v 0.430187 0.293968 6.496848
v 0.435063 0.281769 6.490717
v 0.440500 0.289570 6.481063
v 0.433173 0.302036 6.486430
v 0.442380 0.266648 6.482012
v 0.449228 0.272471 6.473619
v 0.433332 0.257278 6.494138
v 0.426854 0.243423 6.511228
v 0.474967 0.278074 6.581462
v 0.477435 0.286936 6.560634
v 0.477968 0.296421 6.539369
v 0.479184 0.309305 6.520629
v 0.478512 0.320010 6.505556
v 0.476239 0.325816 6.494824
v 0.461227 0.329220 6.476877
v 0.471765 0.329406 6.484587
v 0.449369 0.325483 6.476182
v 0.439775 0.318622 6.485220
v 0.434601 0.311978 6.494425
v 0.429723 0.293247 6.515288
v 0.431491 0.304055 6.503828
v 0.437057 0.243483 6.482244
v 0.447755 0.250939 6.471563
v 0.456525 0.256497 6.465063
v 0.474611 0.267695 6.451082
v 0.464766 0.261261 6.459161
v 0.422109 0.262993 6.572541
v 0.437781 0.267598 6.576623
v 0.452355 0.273409 6.579641
v 0.464345 0.277809 6.581497
v 0.468507 0.287504 6.560867
v 0.457622 0.284383 6.558824
v 0.443520 0.279721 6.556396
v 0.430554 0.273244 6.552401
v 0.469856 0.297920 6.540741
v 0.460170 0.295940 6.539580
v 0.447122 0.292659 6.536836
v 0.435408 0.286582 6.534869
v 0.437071 0.300218 6.519029
v 0.447508 0.305123 6.520018
v 0.460168 0.307683 6.522026
v 0.469523 0.309786 6.522072
v 0.468834 0.318804 6.507552
v 0.459640 0.316117 6.508036
v 0.448264 0.313442 6.506670
v 0.439225 0.309636 6.506590
v 0.467258 0.323791 6.498483
v 0.458483 0.327766 6.484679
v 0.464431 0.326962 6.490628
v 0.450714 0.325917 6.483940
v 0.445018 0.320932 6.490543
v 0.441586 0.315694 6.498170
v 0.449578 0.318100 6.499190
v 0.450931 0.321647 6.493188
v 0.459156 0.320365 6.499958
v 0.458532 0.323540 6.493656
v 0.452733 0.324432 6.488584
v 0.456771 0.325311 6.488966
v 0.480280 0.243087 6.521048
v 0.537835 -0.089657 6.512617
v 0.530983 -0.092161 6.499519
v 0.550996 -0.091657 6.522912
v 0.831385 -0.272129 6.281785
v 0.856517 -0.386321 6.159261
v 0.868413 -0.417400 6.144683
v 0.862053 -0.401130 6.151964
v 0.817994 -0.267783 6.298976
v 0.930481 -0.433580 6.138832
v 0.902427 -0.582777 6.090703
v 0.939322 -0.795981 5.928974
v 0.939563 -0.791830 5.928586
v 0.939976 -0.787827 5.928432
v 0.940820 -0.784509 5.927343
v 0.942678 -0.782950 5.926030
v 0.944331 -0.781951 5.925094
v 0.940480 -0.788437 5.926662
v 0.942955 -0.789648 5.922376
v 0.941054 -0.791399 5.922910
v 0.940196 -0.791230 5.927403
f 2 3 1
f 1 3 4
f 3 2 5
f 5 2 6
f 3 7 4
f 4 7 8
f 10 11 9
f 9 11 12
f 14 15 13
f 13 15 16
f 18 19 17
f 17 19 20
f 22 23 21
f 21 23 24
f 26 18 25
f 25 18 17
f 27 28 17
f 17 28 25
f 30 31 29
f 29 31 32
f 34 35 33
f 33 35 36
f 21 24 37
f 37 24 38
f 40 31 39
f 39 31 38
f 34 33 28
f 28 33 25
f 41 42 44
f 44 42 43
f 36 45 33
f 33 45 25
f 46 47 49
f 49 47 48
f 51 52 50
f 50 52 53
f 55 53 54
f 54 53 52
f 57 58 56
f 56 58 59
f 61 62 60
f 60 62 63
f 65 66 64
f 64 66 67
f 69 70 68
f 68 70 71
f 65 73 72
f 72 73 74
f 64 75 65
f 65 75 73
f 77 78 76
f 76 78 79
f 80 81 83
f 83 81 82
f 81 85 84
f 84 85 86
f 88 89 87
f 87 89 69
f 88 87 90
f 90 87 91
f 93 94 92
f 92 94 95
f 96 84 43
f 43 84 44
f 51 98 97
f 97 98 86
f 97 99 51
f 51 99 52
f 54 52 100
f 100 52 99
f 58 101 59
f 59 101 102
f 62 103 63
f 63 103 104
f 105 106 6
f 6 106 5
f 108 109 107
f 107 109 110
f 112 113 111
f 111 113 114
f 116 117 115
f 115 117 118
f 120 121 119
f 119 121 122
f 124 125 123
f 123 125 126
f 128 129 127
f 127 129 130
f 130 131 127
f 127 131 132
f 134 1 133
f 133 1 135
f 1 4 135
f 135 4 136
f 4 8 136
f 136 8 137
f 138 139 15
f 15 139 140
f 140 139 141
f 141 139 142
f 144 57 143
f 143 57 56
f 145 146 141
f 141 146 147
f 146 149 148
f 148 149 150
f 152 153 151
f 151 153 154
f 141 147 140
f 140 147 155
f 157 11 156
f 156 11 158
f 160 161 159
f 159 161 162
f 164 165 163
f 163 165 166
f 165 160 166
f 166 160 159
f 168 169 167
f 167 169 170
f 169 171 170
f 170 171 172
f 149 173 150
f 150 173 174
f 175 176 149
f 149 176 173
f 178 172 177
f 177 172 171
f 180 181 179
f 179 181 182
f 184 180 183
f 183 180 179
f 186 187 185
f 185 187 188
f 190 191 189
f 189 191 192
f 7 193 8
f 8 193 194
f 196 162 195
f 195 162 161
f 197 168 198
f 198 168 167
f 181 199 182
f 182 199 200
f 202 203 201
f 201 203 204
f 187 186 205
f 205 186 206
f 208 209 207
f 207 209 210
f 212 213 211
f 211 213 214
f 215 216 218
f 218 216 217
f 220 209 219
f 219 209 208
f 204 186 221
f 221 186 185
f 201 204 222
f 222 204 221
f 223 211 220
f 220 211 209
f 224 225 214
f 214 225 210
f 203 206 204
f 204 206 186
f 227 187 226
f 226 187 205
f 27 228 21
f 21 228 22
f 230 231 229
f 229 231 232
f 234 235 233
f 233 235 236
f 238 239 237
f 237 239 240
f 119 122 118
f 118 122 115
f 112 242 241
f 241 242 243
f 98 51 244
f 244 51 50
f 245 138 14
f 14 138 15
f 11 10 158
f 158 10 246
f 89 85 69
f 69 85 70
f 11 157 12
f 12 157 247
f 249 164 248
f 248 164 163
f 177 250 178
f 178 250 251
f 253 254 252
f 252 254 255
f 187 227 188
f 188 227 256
f 212 257 213
f 213 257 258
f 260 134 259
f 259 134 133
f 165 164 135
f 135 164 133
f 160 165 136
f 136 165 135
f 136 137 160
f 160 137 161
f 137 261 161
f 161 261 195
f 263 264 262
f 262 264 265
f 13 16 266
f 266 16 267
f 268 267 155
f 155 267 16
f 147 269 155
f 155 269 268
f 162 196 167
f 167 196 198
f 167 170 162
f 162 170 159
f 170 172 159
f 159 172 166
f 172 178 166
f 166 178 163
f 178 251 163
f 163 251 248
f 168 270 169
f 169 270 271
f 272 273 171
f 171 273 177
f 271 272 169
f 169 272 171
f 168 197 270
f 270 197 274
f 250 177 275
f 275 177 273
f 277 45 276
f 276 45 278
f 280 281 279
f 279 281 282
f 284 104 283
f 283 104 103
f 285 215 286
f 286 215 218
f 288 289 287
f 287 289 290
f 291 80 66
f 66 80 83
f 293 294 292
f 292 294 295
f 73 91 74
f 74 91 87
f 91 73 92
f 92 73 75
f 279 77 280
f 280 77 76
f 80 291 70
f 70 291 71
f 277 47 96
f 96 47 82
f 297 175 296
f 296 175 149
f 299 154 298
f 298 154 153
f 225 300 210
f 210 300 207
f 224 301 206
f 206 301 205
f 210 209 214
f 214 209 211
f 226 205 302
f 302 205 301
f 304 305 303
f 303 305 306
f 308 309 307
f 307 309 310
f 72 291 65
f 65 291 66
f 66 83 67
f 67 83 46
f 312 313 311
f 311 313 314
f 316 317 315
f 315 317 36
f 29 318 35
f 35 318 319
f 321 32 320
f 320 32 322
f 311 314 323
f 323 314 324
f 315 325 316
f 316 325 326
f 318 287 319
f 319 287 290
f 328 321 327
f 327 321 320
f 329 330 39
f 39 330 331
f 332 333 40
f 40 333 322
f 309 334 285
f 285 334 335
f 236 2 134
f 134 2 1
f 260 336 233
f 233 336 337
f 237 14 265
f 265 14 13
f 84 86 44
f 44 86 98
f 189 192 7
f 7 192 193
f 44 98 41
f 41 98 244
f 237 240 14
f 14 240 245
f 7 3 189
f 189 3 5
f 338 71 72
f 72 71 291
f 262 265 266
f 266 265 13
f 124 123 339
f 339 123 105
f 123 109 105
f 105 109 106
f 189 5 190
f 190 5 106
f 111 114 12
f 12 114 9
f 264 340 265
f 265 340 237
f 342 343 341
f 341 343 344
f 6 235 105
f 105 235 339
f 234 346 345
f 345 346 347
f 349 350 348
f 348 350 351
f 107 352 108
f 108 352 353
f 355 356 354
f 354 356 357
f 237 340 238
f 238 340 358
f 12 247 111
f 111 247 359
f 264 263 116
f 116 263 360
f 361 362 222
f 222 362 201
f 364 365 363
f 363 365 366
f 368 369 367
f 367 369 370
f 372 373 371
f 371 373 374
f 375 376 372
f 372 376 377
f 378 379 381
f 381 379 380
f 382 383 269
f 269 383 268
f 150 174 365
f 365 174 384
f 380 377 381
f 381 377 376
f 271 270 180
f 180 270 181
f 273 272 252
f 252 272 184
f 272 271 184
f 184 271 180
f 181 270 274
f 252 255 273
f 273 255 275
f 254 385 255
f 255 385 386
f 387 388 179
f 179 388 183
f 389 387 182
f 182 387 179
f 182 200 389
f 389 200 390
f 388 391 183
f 183 391 253
f 391 392 253
f 253 392 254
f 394 379 393
f 393 379 378
f 185 188 395
f 395 188 396
f 221 185 397
f 397 185 395
f 222 221 398
f 398 221 397
f 188 256 396
f 396 256 399
f 400 401 256
f 256 401 399
f 402 403 405
f 405 403 404
f 148 150 364
f 364 150 365
f 393 406 394
f 394 406 407
f 158 246 393
f 393 246 406
f 342 19 238
f 238 19 239
f 23 22 350
f 350 22 354
f 244 50 245
f 245 50 138
f 55 142 53
f 53 142 139
f 145 144 296
f 296 144 143
f 355 228 341
f 341 228 20
f 41 240 42
f 42 240 239
f 283 308 284
f 284 308 307
f 349 409 408
f 408 409 410
f 244 245 41
f 41 245 240
f 268 383 406
f 406 383 407
f 346 411 349
f 349 411 409
f 251 412 248
f 248 412 413
f 275 414 250
f 250 414 415
f 25 45 26
f 26 45 277
f 43 26 96
f 96 26 277
f 416 417 61
f 61 417 62
f 329 24 408
f 408 24 23
f 31 40 32
f 32 40 322
f 39 38 329
f 329 38 24
f 37 38 30
f 30 38 31
f 418 419 421
f 421 419 420
f 78 295 79
f 79 295 294
f 124 339 422
f 422 339 345
f 232 131 357
f 357 131 351
f 2 236 6
f 6 236 235
f 252 184 253
f 253 184 183
f 227 423 256
f 256 423 400
f 423 227 305
f 305 227 226
f 424 258 425
f 425 258 257
f 426 427 212
f 212 427 257
f 259 133 249
f 249 133 164
f 419 418 428
f 428 418 429
f 327 430 328
f 328 430 288
f 49 431 46
f 46 431 67
f 306 302 424
f 424 302 258
f 313 432 314
f 314 432 433
f 32 321 29
f 29 321 318
f 324 314 433
f 287 318 328
f 328 318 321
f 134 260 236
f 236 260 233
f 345 339 234
f 234 339 235
f 357 351 354
f 354 351 350
f 408 23 349
f 349 23 350
f 317 278 36
f 36 278 45
f 432 313 429
f 429 313 428
f 435 428 434
f 434 428 313
f 42 239 18
f 18 239 19
f 43 42 26
f 26 42 18
f 121 120 436
f 436 120 437
f 302 301 258
f 258 301 213
f 110 109 126
f 126 109 123
f 238 358 342
f 342 358 343
f 341 20 342
f 342 20 19
f 322 438 320
f 320 438 439
f 320 439 327
f 327 439 430
f 333 440 322
f 322 440 438
f 289 288 323
f 323 288 430
f 115 340 116
f 116 340 264
f 146 145 149
f 149 145 296
f 15 140 16
f 16 140 155
f 441 442 152
f 152 442 153
f 225 224 203
f 203 224 206
f 175 297 154
f 154 297 151
f 293 443 294
f 294 443 444
f 248 413 249
f 249 413 445
f 446 447 400
f 400 447 401
f 388 387 396
f 396 387 395
f 387 389 395
f 395 389 397
f 391 388 399
f 399 388 396
f 401 392 399
f 399 392 391
f 255 386 275
f 275 386 414
f 449 450 448
f 448 450 451
f 335 452 285
f 285 452 215
f 453 298 442
f 442 298 153
f 211 223 212
f 212 223 426
f 425 257 454
f 454 257 427
f 266 10 262
f 262 10 9
f 360 113 456
f 456 113 455
f 8 194 137
f 137 194 261
f 10 266 246
f 246 266 267
f 203 202 225
f 225 202 300
f 262 9 263
f 263 9 114
f 108 353 190
f 190 353 191
f 389 390 397
f 397 390 398
f 457 422 128
f 128 422 129
f 156 158 378
f 378 158 393
f 347 346 348
f 348 346 349
f 447 458 401
f 401 458 392
f 364 382 148
f 148 382 269
f 55 54 57
f 57 54 58
f 75 64 459
f 459 64 460
f 100 90 101
f 101 90 95
f 101 58 100
f 100 58 54
f 142 55 144
f 144 55 57
f 147 146 269
f 269 146 148
f 459 93 75
f 75 93 92
f 144 145 142
f 142 145 141
f 228 27 20
f 20 27 17
f 154 299 175
f 175 299 176
f 214 213 224
f 224 213 301
f 424 461 306
f 306 461 303
f 285 286 309
f 309 286 310
f 462 334 308
f 308 334 309
f 302 306 226
f 226 306 305
f 37 28 21
f 21 28 27
f 29 35 30
f 30 35 34
f 30 34 37
f 37 34 28
f 344 436 356
f 356 436 229
f 325 290 326
f 326 290 289
f 311 439 312
f 312 439 438
f 35 319 36
f 36 319 315
f 439 311 430
f 430 311 323
f 315 319 325
f 325 319 290
f 440 463 438
f 438 463 312
f 341 344 355
f 355 344 356
f 360 456 116
f 116 456 117
f 354 22 355
f 355 22 228
f 326 289 324
f 324 289 323
f 74 87 68
f 68 87 69
f 50 53 138
f 138 53 139
f 268 406 267
f 267 406 246
f 190 106 108
f 108 106 109
f 241 455 112
f 112 455 113
f 358 122 343
f 343 122 121
f 129 347 130
f 130 347 348
f 348 351 130
f 130 351 131
f 229 232 356
f 356 232 357
f 340 115 358
f 358 115 122
f 111 359 112
f 112 359 242
f 125 124 457
f 457 124 422
f 231 132 232
f 232 132 131
f 343 121 344
f 344 121 436
f 263 114 360
f 360 114 113
f 347 129 345
f 345 129 422
f 230 229 437
f 437 229 436
f 464 446 423
f 423 446 400
f 465 466 468
f 468 466 467
f 470 471 469
f 469 471 472
f 469 472 373
f 373 472 374
f 474 469 473
f 473 469 373
f 471 475 472
f 472 475 476
f 472 477 374
f 374 477 478
f 477 472 476
f 479 480 476
f 476 480 477
f 473 373 377
f 377 373 372
f 481 482 479
f 479 482 480
f 483 484 481
f 481 484 482
f 403 402 485
f 485 402 486
f 487 488 483
f 483 488 484
f 487 489 488
f 488 489 490
f 489 491 490
f 490 491 492
f 491 493 492
f 492 493 494
f 493 495 494
f 494 495 496
f 497 498 481
f 481 498 483
f 484 499 482
f 482 499 367
f 370 480 367
f 367 480 482
f 480 370 477
f 477 370 478
f 500 497 479
f 479 497 481
f 451 473 380
f 380 473 377
f 448 451 379
f 379 451 380
f 501 502 504
f 504 502 503
f 449 505 507
f 507 505 506
f 486 508 505
f 505 508 506
f 508 509 506
f 506 509 510
f 511 507 510
f 510 507 506
f 509 508 512
f 512 508 513
f 515 509 514
f 514 509 512
f 509 515 510
f 510 515 516
f 510 516 511
f 511 516 517
f 486 505 485
f 485 505 518
f 505 449 518
f 518 449 448
f 383 382 403
f 403 382 404
f 363 404 364
f 364 404 382
f 403 485 383
f 383 485 407
f 519 520 361
f 361 520 362
f 522 496 521
f 521 496 495
f 450 474 451
f 451 474 473
f 363 366 523
f 523 366 524
f 525 499 488
f 488 499 484
f 488 490 525
f 525 490 526
f 496 522 520
f 520 522 527
f 494 496 519
f 519 496 520
f 492 494 528
f 528 494 519
f 529 530 495
f 495 530 521
f 490 492 526
f 526 492 528
f 529 495 531
f 531 495 493
f 533 534 532
f 532 534 535
f 523 524 533
f 533 524 534
f 486 402 532
f 532 402 533
f 529 536 530
f 530 536 537
f 536 538 537
f 537 538 539
f 540 541 539
f 539 541 537
f 530 537 535
f 535 537 541
f 542 539 543
f 543 539 538
f 539 542 540
f 540 542 544
f 541 540 513
f 513 540 512
f 540 544 512
f 512 544 514
f 546 547 545
f 545 547 548
f 549 550 531
f 531 550 551
f 550 549 552
f 552 549 553
f 546 550 554
f 554 550 552
f 547 546 555
f 555 546 554
f 498 556 558
f 558 556 557
f 559 557 560
f 560 557 556
f 561 562 560
f 560 562 559
f 557 559 552
f 552 559 554
f 559 562 554
f 554 562 555
f 558 557 553
f 553 557 552
f 475 471 563
f 563 471 564
f 565 563 567
f 567 563 566
f 471 470 564
f 564 470 466
f 564 466 568
f 568 466 465
f 568 465 569
f 569 465 570
f 572 573 571
f 571 573 574
f 569 575 567
f 567 575 576
f 577 565 576
f 576 565 567
f 578 579 581
f 581 579 580
f 575 561 576
f 576 561 560
f 556 577 560
f 560 577 576
f 577 556 497
f 497 556 498
f 565 577 500
f 500 577 497
f 563 565 475
f 475 565 500
f 553 489 558
f 558 489 487
f 531 493 549
f 549 493 491
f 489 553 491
f 491 553 549
f 394 407 518
f 518 407 485
f 518 448 394
f 394 448 379
f 545 548 538
f 538 548 543
f 551 545 536
f 536 545 538
f 536 529 551
f 551 529 531
f 507 582 449
f 449 582 450
f 511 583 507
f 507 583 582
f 511 517 583
f 583 517 584
f 585 586 588
f 588 586 587
f 590 591 589
f 589 591 592
f 591 590 593
f 593 590 594
f 596 597 595
f 595 597 598
f 599 600 602
f 602 600 601
f 604 605 603
f 603 605 606
f 608 609 607
f 607 609 610
f 612 613 611
f 611 613 614
f 615 616 618
f 618 616 617
f 620 621 619
f 619 621 622
f 624 625 623
f 623 625 626
f 628 629 627
f 627 629 630
f 632 633 631
f 631 633 634
f 635 636 638
f 638 636 637
f 639 640 642
f 642 640 641
f 644 645 643
f 643 645 646
f 619 622 647
f 647 622 648
f 650 651 649
f 649 651 652
f 601 653 602
f 602 653 654
f 656 657 655
f 655 657 658
f 660 661 659
f 659 661 662
f 664 665 663
f 663 665 666
f 593 594 667
f 667 594 668
f 669 670 672
f 672 670 671
f 673 674 676
f 676 674 675
f 633 632 677
f 677 632 678
f 663 666 679
f 679 666 680
f 681 682 684
f 684 682 683
f 686 687 685
f 685 687 688
f 690 661 689
f 689 661 691
f 693 686 692
f 692 686 685
f 695 597 694
f 694 597 668
f 594 696 668
f 668 696 694
f 697 698 696
f 696 698 699
f 700 701 697
f 697 701 698
f 702 585 703
f 703 585 588
f 671 690 672
f 672 690 689
f 640 639 704
f 704 639 705
f 679 706 663
f 663 706 658
f 708 709 707
f 707 709 710
f 711 712 610
f 610 712 607
f 713 714 716
f 716 714 715
f 717 718 720
f 720 718 719
f 722 634 721
f 721 634 633
f 724 725 723
f 723 725 726
f 728 729 727
f 727 729 730
f 732 733 731
f 731 733 734
f 707 710 735
f 735 710 736
f 643 737 644
f 644 737 738
f 740 741 739
f 739 741 742
f 608 744 743
f 743 744 745
f 747 748 746
f 746 748 749
f 751 752 750
f 750 752 753
f 754 755 757
f 757 755 756
f 758 759 761
f 761 759 760
f 763 764 762
f 762 764 765
f 767 768 766
f 766 768 769
f 771 772 770
f 770 772 773
f 775 776 774
f 774 776 777
f 779 780 778
f 778 780 781
f 783 712 782
f 782 712 784
f 785 786 788
f 788 786 787
f 790 628 789
f 789 628 627
f 792 793 791
f 791 793 794
f 795 796 726
f 726 796 723
f 798 799 797
f 797 799 800
f 721 633 801
f 801 633 677
f 797 800 802
f 802 800 803
f 805 806 804
f 804 806 807
f 809 810 808
f 808 810 811
f 813 814 812
f 812 814 815
f 809 808 817
f 817 808 816
f 818 819 804
f 804 819 805
f 820 821 818
f 818 821 819
f 821 820 587
f 587 820 822
f 809 823 810
f 810 823 824
f 814 807 815
f 815 807 806
f 826 426 825
f 825 426 223
f 426 826 427
f 427 826 827
f 828 829 454
f 454 829 830
f 831 832 677
f 677 832 801
f 834 835 833
f 833 835 836
f 838 839 837
f 837 839 840
f 841 842 844
f 844 842 843
f 845 846 803
f 803 846 802
f 847 831 678
f 678 831 677
f 848 849 851
f 851 849 850
f 853 854 852
f 852 854 855
f 857 858 856
f 856 858 680
f 860 861 859
f 859 861 862
f 864 865 863
f 863 865 866
f 868 869 867
f 867 869 870
f 839 871 840
f 840 871 872
f 849 848 874
f 874 848 873
f 876 877 875
f 875 877 878
f 880 881 879
f 879 881 882
f 883 884 886
f 886 884 885
f 846 887 802
f 802 887 888
f 890 891 889
f 889 891 888
f 893 894 892
f 892 894 895
f 896 897 728
f 728 897 729
f 899 900 898
f 898 900 901
f 902 852 904
f 904 852 903
f 849 905 850
f 850 905 906
f 875 878 907
f 907 878 908
f 910 911 909
f 909 911 912
f 914 915 913
f 913 915 916
f 917 918 862
f 862 918 859
f 919 920 856
f 856 920 921
f 923 924 922
f 922 924 925
f 926 927 925
f 925 927 922
f 929 930 928
f 928 930 693
f 932 695 931
f 931 695 694
f 823 867 824
f 824 867 933
f 935 936 934
f 934 936 937
f 938 868 823
f 823 868 867
f 940 847 939
f 939 847 678
f 632 655 678
f 678 655 939
f 941 942 619
f 619 942 620
f 687 943 688
f 688 943 944
f 851 850 945
f 945 850 903
f 850 906 903
f 903 906 904
f 946 947 949
f 949 947 948
f 951 952 950
f 950 952 953
f 955 956 954
f 954 956 957
f 907 958 875
f 875 958 874
f 960 961 959
f 959 961 962
f 963 853 902
f 902 853 852
f 909 964 910
f 910 964 965
f 967 968 966
f 966 968 969
f 971 972 970
f 970 972 973
f 974 960 975
f 975 960 959
f 977 978 976
f 976 978 979
f 981 977 980
f 980 977 976
f 980 982 981
f 981 982 983
f 985 983 984
f 984 983 982
f 984 986 985
f 985 986 987
f 989 990 988
f 988 990 991
f 993 994 992
f 992 994 995
f 997 998 996
f 996 998 999
f 1001 1002 1000
f 1000 1002 1003
f 1005 1006 1004
f 1004 1006 1007
f 1004 1008 1005
f 1005 1008 1009
f 1008 1010 1009
f 1009 1010 1011
f 1013 1011 1012
f 1012 1011 1010
f 1014 1015 1017
f 1017 1015 1016
f 1019 1020 1018
f 1018 1020 1021
f 1022 1023 976
f 976 1023 980
f 1024 1025 982
f 982 1025 984
f 992 995 1026
f 1026 995 1027
f 956 955 1028
f 1028 955 1029
f 1030 1031 1033
f 1033 1031 1032
f 1010 1008 1034
f 1034 1008 1035
f 1008 1004 1035
f 1035 1004 1036
f 1037 1038 1002
f 1002 1038 1007
f 1002 1001 1037
f 1037 1001 1039
f 1040 1041 997
f 997 1041 998
f 1015 1014 1043
f 1043 1014 1042
f 1044 1045 1047
f 1047 1045 1046
f 1044 1020 1048
f 1048 1020 1049
f 1050 1051 1003
f 1003 1051 1000
f 1052 1050 1006
f 1006 1050 1003
f 1053 1054 1011
f 1011 1054 1009
f 1013 1045 1055
f 1055 1045 1056
f 1058 1059 1057
f 1057 1059 1060
f 1062 1063 1061
f 1061 1063 1064
f 1065 1066 1050
f 1050 1066 1051
f 1067 1065 1052
f 1052 1065 1050
f 1068 1069 1054
f 1054 1069 1070
f 1071 1068 1053
f 1053 1068 1054
f 1073 1071 1072
f 1072 1071 1074
f 1074 1071 1055
f 1055 1071 1053
f 1076 1077 1075
f 1075 1077 1078
f 1079 1080 1057
f 1057 1080 1058
f 1081 1082 1064
f 1064 1082 1061
f 1084 1085 1083
f 1083 1085 1086
f 1088 1089 1087
f 1087 1089 1090
f 1092 1093 1091
f 1091 1093 1094
f 1096 1097 1095
f 1095 1097 1098
f 1099 1100 1102
f 1102 1100 1101
f 1103 1104 1099
f 1099 1104 1100
f 1106 1107 1105
f 1105 1107 1108
f 1110 1111 1109
f 1109 1111 1112
f 1114 1115 1113
f 1113 1115 1116
f 1118 1119 1117
f 1117 1119 1077
f 1117 1120 1122
f 1122 1120 1121
f 1105 1123 1106
f 1106 1123 1124
f 1125 1126 1128
f 1128 1126 1127
f 1130 1131 1129
f 1129 1131 1132
f 1134 1135 1133
f 1133 1135 1114
f 1113 1136 1114
f 1114 1136 1133
f 1118 1137 1113
f 1113 1137 1136
f 1118 1117 1137
f 1137 1117 1122
f 1139 1140 1138
f 1138 1140 1141
f 1143 953 1142
f 1142 953 952
f 1145 957 1144
f 1144 957 956
f 1028 1146 956
f 956 1146 1144
f 1014 1147 1042
f 1042 1147 1148
f 1014 1017 1147
f 1147 1017 1149
f 1059 1058 1150
f 1150 1058 1151
f 1153 1080 1152
f 1152 1080 1154
f 1156 1088 1155
f 1155 1088 1087
f 1157 1158 1106
f 1106 1158 1107
f 1106 1124 1157
f 1157 1124 1159
f 1161 1162 1160
f 1160 1162 1163
f 1165 1166 1164
f 1164 1166 1167
f 1168 1031 1012
f 1012 1031 1046
f 1024 1023 1035
f 1035 1023 1034
f 1036 1038 1025
f 1025 1038 1169
f 1170 1171 1039
f 1039 1171 1037
f 1028 1029 1042
f 1042 1029 1043
f 1172 1173 1175
f 1175 1173 1174
f 1055 1053 1013
f 1013 1053 1011
f 1005 1009 1070
f 1070 1009 1054
f 996 999 1062
f 1062 999 1063
f 1016 1060 1017
f 1017 1060 1059
f 1017 1059 1149
f 1149 1059 1150
f 1177 1178 1176
f 1176 1178 1103
f 1176 1072 1179
f 1179 1072 1074
f 1073 1102 1086
f 1086 1102 1083
f 1180 1181 1067
f 1067 1181 1065
f 1182 1183 1184
f 1184 1183 1181
f 1186 1187 1185
f 1185 1187 1188
f 1189 1190 798
f 798 1190 799
f 1192 1193 1191
f 1191 1193 1194
f 1195 1196 1194
f 1194 1196 1191
f 1196 1195 1198
f 1198 1195 1197
f 1200 674 1199
f 1199 674 673
f 928 1201 1203
f 1203 1201 1202
f 861 1204 862
f 862 1204 921
f 1205 1206 913
f 913 1206 1207
f 882 1208 879
f 879 1208 1209
f 1210 1211 1167
f 1167 1211 1164
f 1212 769 1213
f 1213 769 768
f 727 1214 728
f 728 1214 1215
f 1217 1218 1216
f 1216 1218 1219
f 1220 813 1221
f 1221 813 812
f 827 828 427
f 427 828 454
f 1223 1224 1222
f 1222 1224 1165
f 1226 1227 1225
f 1225 1227 1228
f 851 1229 848
f 848 1229 1230
f 834 854 835
f 835 854 1231
f 1233 1234 1232
f 1232 1234 1235
f 1237 751 1236
f 1236 751 750
f 743 819 1238
f 1238 819 821
f 1240 1241 1239
f 1239 1241 1242
f 1244 1245 1243
f 1243 1245 1246
f 844 1247 841
f 841 1247 1248
f 1250 1251 1249
f 1249 1251 1252
f 1254 893 1253
f 1253 893 1237
f 1255 1256 1258
f 1258 1256 1257
f 1260 1261 1259
f 1259 1261 1262
f 945 903 855
f 855 903 852
f 855 1263 945
f 945 1263 1264
f 832 845 801
f 801 845 803
f 800 721 803
f 803 721 801
f 721 800 722
f 722 800 799
f 1266 1267 1265
f 1265 1267 1268
f 1270 795 1269
f 1269 795 726
f 725 1271 726
f 726 1271 1269
f 737 765 738
f 738 765 764
f 759 740 760
f 760 740 739
f 717 1272 1274
f 1274 1272 1273
f 1163 1226 1275
f 1275 1226 1225
f 1277 882 1276
f 1276 882 881
f 1041 1040 1027
f 1027 1040 1026
f 900 935 901
f 901 935 934
f 1164 1278 1165
f 1165 1278 1222
f 1211 1279 1164
f 1164 1279 1278
f 442 1280 453
f 453 1280 1281
f 788 1282 785
f 785 1282 1283
f 1285 1286 1284
f 1284 1286 1287
f 1284 1288 1285
f 1285 1288 1289
f 757 1289 754
f 754 1289 1288
f 605 604 675
f 675 604 676
f 1290 1291 1293
f 1293 1291 1292
f 1295 1296 1294
f 1294 1296 1297
f 696 699 694
f 694 699 931
f 1298 1299 592
f 592 1299 589
f 1299 1300 589
f 589 1300 700
f 1300 1301 700
f 700 1301 701
f 743 745 819
f 819 745 805
f 1303 1304 1302
f 1302 1304 1305
f 1306 1307 1305
f 1305 1307 1302
f 609 1298 610
f 610 1298 592
f 587 822 588
f 588 822 1308
f 703 588 1309
f 1309 588 1308
f 1310 703 571
f 571 703 1309
f 1311 1312 789
f 789 1312 790
f 825 223 1313
f 1313 223 220
f 219 1314 220
f 220 1314 1313
f 1315 1316 1311
f 1311 1316 1312
f 1317 1318 1319
f 1319 1318 1241
f 441 1320 442
f 442 1320 1280
f 1321 217 572
f 572 217 216
f 1323 1230 1322
f 1322 1230 1229
f 1324 1325 631
f 631 1325 656
f 1034 1168 1010
f 1010 1168 1012
f 1327 1328 1326
f 1326 1328 1329
f 1331 1202 1330
f 1330 1202 1201
f 571 1309 572
f 572 1309 1321
f 573 572 1332
f 1332 572 216
f 1334 1335 1333
f 1333 1335 1336
f 1337 1338 918
f 918 1338 859
f 1339 863 1340
f 1340 863 866
f 1341 1342 1344
f 1344 1342 1343
f 1345 1346 919
f 919 1346 920
f 1347 1348 673
f 673 1348 1199
f 693 1349 928
f 928 1349 1201
f 1351 1257 1350
f 1350 1257 1256
f 1350 1352 1351
f 1351 1352 1353
f 653 930 654
f 654 930 662
f 1279 1354 1278
f 1278 1354 1355
f 1357 1358 1356
f 1356 1358 1359
f 937 1360 1140
f 1140 1360 1361
f 1225 1228 909
f 909 1228 964
f 901 934 1362
f 1362 934 1139
f 1364 1365 1363
f 1363 1365 1362
f 1367 912 1366
f 1366 912 911
f 1143 1142 1368
f 1368 1142 1369
f 1144 1186 1145
f 1145 1186 1185
f 1146 1175 1144
f 1144 1175 1186
f 1175 1146 1172
f 1172 1146 1148
f 1147 1018 1148
f 1148 1018 1172
f 1018 1147 1019
f 1019 1147 1149
f 1149 1150 1019
f 1019 1150 1370
f 1150 1151 1370
f 1370 1151 1371
f 1151 1153 1371
f 1371 1153 1177
f 1152 1156 1178
f 1178 1156 1372
f 1155 1158 1373
f 1373 1158 1374
f 1157 1159 1376
f 1376 1159 1375
f 1378 1379 1377
f 1377 1379 1380
f 1382 1383 1381
f 1381 1383 1384
f 1382 1386 1385
f 1385 1386 1387
f 1386 1233 1387
f 1387 1233 1232
f 1389 1390 1388
f 1388 1390 1391
f 1393 1394 1392
f 1392 1394 1395
f 1397 1398 1396
f 1396 1398 1399
f 629 1397 630
f 630 1397 1396
f 1342 1400 1343
f 1343 1400 1401
f 1403 1404 1402
f 1402 1404 1405
f 1407 1408 1406
f 1406 1408 1409
f 1411 1412 1410
f 1410 1412 1413
f 793 1414 794
f 794 1414 1415
f 1417 1341 1416
f 1416 1341 1344
f 704 705 1347
f 1347 705 1418
f 741 1419 742
f 742 1419 1420
f 1422 669 1421
f 1421 669 672
f 645 1423 646
f 646 1423 1424
f 1196 1198 614
f 614 1198 611
f 613 1425 614
f 614 1425 1426
f 1427 616 659
f 659 616 660
f 614 1426 1196
f 1196 1426 1191
f 696 594 697
f 697 594 590
f 697 590 700
f 700 590 589
f 703 1310 702
f 702 1310 1428
f 1421 672 1192
f 1192 672 689
f 1271 648 1269
f 1269 648 622
f 621 1270 622
f 622 1270 1269
f 1429 1430 1417
f 1417 1430 1341
f 1431 1432 1434
f 1434 1432 1433
f 1436 1437 1435
f 1435 1437 1438
f 1440 1441 1439
f 1439 1441 1442
f 1443 1444 1446
f 1446 1444 1445
f 823 809 938
f 938 809 817
f 810 1447 811
f 811 1447 1448
f 1449 1450 679
f 679 1450 706
f 913 916 1205
f 1205 916 1451
f 1275 1225 912
f 912 1225 909
f 1452 1453 880
f 880 1453 881
f 1444 1401 1445
f 1445 1401 1400
f 936 1454 937
f 937 1454 1360
f 824 1455 810
f 810 1455 1447
f 631 656 632
f 632 656 655
f 966 1456 967
f 967 1456 1457
f 1459 1460 1458
f 1458 1460 1461
f 1460 1462 1461
f 1461 1462 1463
f 972 974 973
f 973 974 975
f 990 995 991
f 991 995 994
f 1464 1187 1033
f 1033 1187 1174
f 1018 1021 1172
f 1172 1021 1173
f 1000 999 1001
f 1001 999 998
f 976 979 1022
f 1022 979 1032
f 1023 1024 980
f 980 1024 982
f 989 986 1171
f 1171 986 1169
f 1171 1170 989
f 989 1170 990
f 1170 1027 990
f 990 1027 995
f 1041 1039 998
f 998 1039 1001
f 1051 1063 1000
f 1000 1063 999
f 1066 1064 1051
f 1051 1064 1063
f 1183 1081 1066
f 1066 1081 1064
f 1178 1372 1103
f 1103 1372 1104
f 1092 1091 1465
f 1465 1091 1182
f 1467 1465 1466
f 1466 1465 1468
f 1469 1470 1184
f 1184 1470 1468
f 1095 1098 1471
f 1471 1098 1101
f 1076 1374 1120
f 1120 1374 1376
f 1110 1472 1127
f 1127 1472 1132
f 1472 1473 1132
f 1132 1473 1129
f 1474 1475 1466
f 1466 1475 1473
f 1119 1118 1116
f 1116 1118 1113
f 1375 1121 1376
f 1376 1121 1120
f 1127 1132 1128
f 1128 1132 1131
f 1227 1476 1228
f 1228 1476 1361
f 1365 1477 1362
f 1362 1477 872
f 1478 1479 1323
f 1323 1479 1230
f 1480 1481 914
f 914 1481 915
f 913 1277 914
f 914 1277 1276
f 1168 1034 1022
f 1022 1034 1023
f 1035 1036 1024
f 1024 1036 1025
f 1039 1041 1170
f 1170 1041 1027
f 1042 1148 1028
f 1028 1148 1146
f 968 1459 969
f 969 1459 1458
f 1482 1483 664
f 664 1483 665
f 1485 1486 1484
f 1484 1486 1487
f 1489 1490 1488
f 1488 1490 1491
f 1492 1493 722
f 722 1493 634
f 1495 1496 1494
f 1494 1496 1497
f 1498 1207 1339
f 1339 1207 863
f 1224 1499 1165
f 1165 1499 1166
f 1160 1163 1500
f 1500 1163 1275
f 1500 877 1160
f 1160 877 1501
f 876 873 1502
f 1502 873 1479
f 945 1264 851
f 851 1264 1229
f 835 1231 839
f 839 1231 871
f 1503 1283 778
f 778 1283 1282
f 716 715 1505
f 1505 715 1504
f 1446 1445 1507
f 1507 1445 1506
f 779 792 1381
f 1381 792 791
f 1430 1409 1341
f 1341 1409 1342
f 1411 1429 1508
f 1508 1429 1417
f 635 1510 1509
f 1509 1510 1511
f 1377 1380 1315
f 1315 1380 1316
f 1445 1400 1506
f 1506 1400 1408
f 918 917 1336
f 1336 917 1333
f 1513 1514 1512
f 1512 1514 870
f 1515 1516 1363
f 1363 1516 1364
f 1453 1517 881
f 881 1517 1276
f 992 1518 993
f 993 1518 1519
f 1520 1029 1518
f 1518 1029 955
f 1520 1026 1521
f 1521 1026 1040
f 1522 1015 1521
f 1521 1015 1043
f 996 1523 997
f 997 1523 1522
f 1060 1016 1524
f 1524 1016 1523
f 1061 1525 1062
f 1062 1525 1524
f 1079 1527 1526
f 1526 1527 1528
f 1093 1529 1094
f 1094 1529 1528
f 1111 1530 1112
f 1112 1530 1531
f 1532 1533 1105
f 1105 1533 1123
f 934 937 1139
f 1139 937 1140
f 1138 1363 1139
f 1139 1363 1362
f 1534 1222 1355
f 1355 1222 1278
f 1535 1223 1534
f 1534 1223 1222
f 821 587 1238
f 1238 587 586
f 1319 711 1317
f 1317 711 1536
f 1538 1200 1537
f 1537 1200 1199
f 1508 1417 1539
f 1539 1417 1416
f 1540 1541 840
f 840 1541 837
f 1231 898 871
f 871 898 901
f 1500 1275 1367
f 1367 1275 912
f 1543 1379 1542
f 1542 1379 1395
f 1539 772 1508
f 1508 772 1544
f 1546 1403 1545
f 1545 1403 1402
f 1548 1549 1547
f 1547 1549 1550
f 1552 1548 1551
f 1551 1548 1547
f 1554 1555 1553
f 1553 1555 1556
f 1558 1559 1557
f 1557 1559 1560
f 1562 1563 1561
f 1561 1563 1564
f 1566 1567 1565
f 1565 1567 1568
f 1570 1571 1569
f 1569 1571 1572
f 1574 1575 1573
f 1573 1575 1576
f 1577 1578 1572
f 1572 1578 1569
f 1580 1581 1579
f 1579 1581 1582
f 1584 1585 1583
f 1583 1585 1586
f 1588 1555 1587
f 1587 1555 1589
f 1591 1592 1590
f 1590 1592 1593
f 1595 1596 1594
f 1594 1596 1597
f 1596 1581 1597
f 1597 1581 1576
f 1599 1570 1598
f 1598 1570 1569
f 1601 1602 1600
f 1600 1602 1603
f 1605 1606 1604
f 1604 1606 1607
f 1608 1609 1568
f 1568 1609 1565
f 1611 1612 1610
f 1610 1612 1613
f 1615 1616 1614
f 1614 1616 1617
f 1619 1617 1618
f 1618 1617 1616
f 1621 1622 1620
f 1620 1622 1623
f 1625 1626 1624
f 1624 1626 1627
f 1629 1630 1628
f 1628 1630 1631
f 1633 1634 1632
f 1632 1634 1635
f 1636 1637 1639
f 1639 1637 1638
f 1641 1642 1640
f 1640 1642 1643
f 1624 1627 1644
f 1644 1627 1645
f 1647 1648 1646
f 1646 1648 1649
f 1651 1652 1650
f 1650 1652 1653
f 1655 1656 1654
f 1654 1656 1657
f 1659 1660 1658
f 1658 1660 1661
f 1662 1663 1631
f 1631 1663 1628
f 1651 1665 1664
f 1664 1665 1666
f 1667 1656 1619
f 1619 1656 1617
f 1669 1670 1668
f 1668 1670 1671
f 1632 1635 1672
f 1672 1635 1673
f 1674 1675 1638
f 1638 1675 1639
f 1677 1678 1676
f 1676 1678 1679
f 1680 1640 1681
f 1681 1640 1643
f 1682 1683 1643
f 1643 1683 1681
f 1670 1669 1235
f 1235 1669 1232
f 1396 1399 1674
f 1674 1399 1675
f 627 630 1679
f 1679 630 1676
f 1681 1315 1680
f 1680 1315 1311
f 1683 1377 1681
f 1681 1377 1315
f 1672 1673 1387
f 1387 1673 1385
f 1636 1684 1646
f 1646 1684 1685
f 1687 1688 1686
f 1686 1688 1689
f 1585 1690 1586
f 1586 1690 1691
f 1599 1692 1551
f 1551 1692 1693
f 1552 1558 1694
f 1694 1558 1557
f 1696 1615 1695
f 1695 1615 1614
f 1698 1699 1697
f 1697 1699 1623
f 1700 1701 1703
f 1703 1701 1702
f 1705 1706 1704
f 1704 1706 1707
f 1708 1709 1640
f 1640 1709 1641
f 1710 1711 1713
f 1713 1711 1712
f 1652 1655 1653
f 1653 1655 1654
f 1714 1699 1712
f 1712 1699 1713
f 1715 1710 1716
f 1716 1710 1713
f 1717 1708 1680
f 1680 1708 1640
f 1393 1392 1715
f 1715 1392 1710
f 1719 1720 1718
f 1718 1720 1721
f 1680 1311 1717
f 1717 1311 789
f 1378 1711 1392
f 1392 1711 1710
f 1388 1391 1719
f 1719 1391 1720
f 1723 1606 1722
f 1722 1606 1689
f 1725 1568 1724
f 1724 1568 1567
f 1726 1647 1685
f 1685 1647 1646
f 1728 1554 1727
f 1727 1554 1553
f 1591 1687 1600
f 1600 1687 1686
f 1730 1595 1729
f 1729 1595 1594
f 1601 1605 1731
f 1731 1605 1604
f 1733 1663 1732
f 1732 1663 1734
f 1736 1639 1735
f 1735 1639 1675
f 1658 1644 1737
f 1737 1644 1645
f 1726 1662 1724
f 1724 1662 1631
f 1399 1738 1675
f 1675 1738 1735
f 1621 1667 1739
f 1739 1667 1619
f 1714 1740 1620
f 1620 1740 1741
f 1592 1549 1593
f 1593 1549 1742
f 1602 1571 1603
f 1603 1571 1550
f 1688 1690 1689
f 1689 1690 1722
f 1588 1559 1582
f 1582 1559 1579
f 1673 1735 1385
f 1385 1735 1738
f 1387 1232 1672
f 1672 1232 1669
f 1580 1692 1573
f 1573 1692 1743
f 1377 1683 1378
f 1378 1683 1711
f 1664 1666 1744
f 1744 1666 1745
f 1744 1696 1664
f 1664 1696 1695
f 1746 1747 1732
f 1732 1747 1748
f 1749 1750 1677
f 1677 1750 1678
f 1709 1708 1750
f 1750 1708 1678
f 1668 1632 1669
f 1669 1632 1672
f 1633 1746 1734
f 1734 1746 1732
f 1679 1678 1717
f 1717 1678 1708
f 789 627 1717
f 1717 627 1679
f 1563 1723 1564
f 1564 1723 1722
f 1728 1584 1751
f 1751 1584 1583
f 1674 1676 1396
f 1396 1676 630
f 1666 1566 1745
f 1745 1566 1565
f 1627 1629 1645
f 1645 1629 1628
f 1637 1749 1638
f 1638 1749 1677
f 1648 1665 1649
f 1649 1665 1752
f 1740 1642 1741
f 1741 1642 1657
f 1676 1674 1677
f 1677 1674 1638
f 1683 1682 1711
f 1711 1682 1712
f 1618 1753 1619
f 1619 1753 1739
f 1701 1739 1702
f 1702 1739 1753
f 1754 1214 1756
f 1756 1214 1755
f 647 1757 619
f 619 1757 941
f 1759 1193 1758
f 1758 1193 691
f 1419 1760 1420
f 1420 1760 1761
f 682 1762 683
f 683 1762 1763
f 1412 780 1413
f 1413 780 1384
f 1383 1398 1384
f 1384 1398 1413
f 1197 1424 1764
f 1764 1424 1423
f 1537 1287 1538
f 1538 1287 1286
f 1634 1684 1635
f 1635 1684 1736
f 1724 1631 1725
f 1725 1631 1630
f 1562 1730 1610
f 1610 1730 1729
f 1735 1673 1736
f 1736 1673 1635
f 1757 1195 941
f 941 1195 1194
f 1766 200 1765
f 1765 200 199
f 475 500 476
f 476 500 479
f 498 558 483
f 483 558 487
f 545 551 546
f 546 551 550
f 453 1281 219
f 219 1281 1314
f 298 453 208
f 208 453 219
f 368 1765 1767
f 1767 1765 199
f 523 405 363
f 363 405 404
f 523 533 405
f 405 533 402
f 298 208 299
f 299 208 207
f 299 207 176
f 176 207 300
f 176 300 173
f 173 300 202
f 173 202 174
f 174 202 201
f 1337 918 1768
f 1768 918 1336
f 1769 1770 1338
f 1338 1770 859
f 581 570 578
f 578 570 1771
f 555 562 580
f 580 562 561
f 504 1772 501
f 501 1772 548
f 517 542 584
f 584 542 543
f 515 514 516
f 516 514 544
f 542 517 544
f 544 517 516
f 561 575 580
f 580 575 581
f 575 569 581
f 581 569 570
f 501 548 1773
f 1773 548 547
f 1774 1775 570
f 570 1775 1771
f 369 368 1776
f 1776 368 1767
f 372 369 375
f 375 369 1776
f 822 1280 1308
f 1308 1280 1320
f 820 1281 822
f 822 1281 1280
f 818 1314 820
f 820 1314 1281
f 1314 818 1313
f 1313 818 804
f 807 814 825
f 825 814 826
f 814 813 826
f 826 813 827
f 813 1220 827
f 827 1220 828
f 580 579 555
f 555 579 547
f 1477 1540 872
f 872 1540 840
f 367 499 368
f 368 499 1765
f 1766 1765 525
f 525 1765 499
f 1777 1766 526
f 526 1766 525
f 520 527 362
f 362 527 384
f 361 1778 519
f 519 1778 528
f 371 1779 372
f 372 1779 369
f 369 1779 370
f 370 1779 478
f 1779 371 478
f 478 371 374
f 1778 1777 528
f 528 1777 526
f 1781 1782 1780
f 1780 1782 1783
f 431 460 67
f 67 460 64
f 68 338 74
f 74 338 72
f 1785 1782 1784
f 1784 1782 1786
f 1787 1788 1790
f 1790 1788 1789
f 1792 1789 1791
f 1791 1789 1793
f 1791 1794 1792
f 1792 1794 1795
f 1794 1796 1795
f 1795 1796 1797
f 1797 1798 938
f 938 1798 868
f 1798 1799 868
f 868 1799 869
f 1801 1802 1800
f 1800 1802 1451
f 1803 1804 1205
f 1205 1804 1206
f 1805 1806 864
f 864 1806 865
f 1806 1807 865
f 865 1807 1808
f 68 71 338
f 287 328 288
f 1320 1321 1308
f 1308 1321 1309
f 1320 441 1321
f 1321 441 217
f 441 152 217
f 217 152 218
f 151 286 152
f 152 286 218
f 297 310 151
f 151 310 286
f 296 307 297
f 297 307 310
f 296 143 307
f 307 143 284
f 143 56 284
f 284 56 104
f 56 59 104
f 104 59 63
f 59 102 63
f 63 102 60
f 102 94 60
f 60 94 282
f 93 459 279
f 279 459 77
f 459 460 77
f 77 460 78
f 460 431 78
f 78 431 295
f 431 49 295
f 295 49 292
f 48 421 49
f 49 421 292
f 276 278 418
f 418 278 429
f 317 432 278
f 278 432 429
f 432 317 433
f 433 317 316
f 326 324 316
f 316 324 433
f 1536 592 1809
f 1809 592 591
f 1810 744 1812
f 1812 744 1811
f 1814 1815 1813
f 1813 1815 1816
f 1817 748 1818
f 1818 748 747
f 1812 1819 1810
f 1810 1819 1817
f 1820 1821 748
f 748 1821 749
f 1823 1824 1822
f 1822 1824 1825
f 1827 1828 1826
f 1826 1828 1829
f 1831 1832 1830
f 1830 1832 1833
f 1834 1827 1243
f 1243 1827 1826
f 1313 804 825
f 825 804 807
f 1835 1253 1236
f 1236 1253 1237
f 1836 1837 1438
f 1438 1837 1435
f 1838 1505 1840
f 1840 1505 1839
f 1841 1842 716
f 716 1842 713
f 1843 1844 1510
f 1510 1844 1845
f 1847 1848 1846
f 1846 1848 1849
f 1850 1240 1822
f 1822 1240 1239
f 636 1831 637
f 637 1831 1830
f 1852 1853 1851
f 1851 1853 1854
f 1855 1856 1858
f 1858 1856 1857
f 1846 1849 1859
f 1859 1849 1860
f 1343 1401 1509
f 1509 1401 1861
f 1509 1861 635
f 635 1861 636
f 1863 1864 1862
f 1862 1864 1865
f 1283 1503 1867
f 1867 1503 1866
f 1868 1867 681
f 681 1867 682
f 1286 1285 683
f 683 1285 684
f 757 756 1274
f 1274 756 1869
f 1274 1869 717
f 717 1869 718
f 1434 1433 719
f 719 1433 720
f 1200 1538 1545
f 1545 1538 1763
f 1285 1289 684
f 684 1289 1273
f 684 1273 681
f 681 1273 1272
f 785 1283 1868
f 1868 1283 1867
f 786 785 1870
f 1870 785 1868
f 1289 757 1273
f 1273 757 1274
f 1539 1416 1871
f 1871 1416 1872
f 773 1871 1403
f 1403 1871 1404
f 675 674 1405
f 1405 674 1402
f 1864 1873 1865
f 1865 1873 1874
f 638 1843 635
f 635 1843 1510
f 1344 1343 1511
f 1511 1343 1509
f 772 1539 773
f 773 1539 1871
f 674 1200 1402
f 1402 1200 1545
f 1538 1286 1763
f 1763 1286 683
f 1444 1443 1875
f 1875 1443 1876
f 1875 1876 1831
f 1831 1876 1832
f 1416 1344 1872
f 1872 1344 1511
f 1877 1878 774
f 774 1878 1879
f 1878 1847 1879
f 1879 1847 1846
f 1880 714 1881
f 1881 714 1848
f 1401 1444 1861
f 1861 1444 1875
f 1861 1875 636
f 636 1875 1831
f 1823 1863 1882
f 1882 1863 1862
f 1441 1440 1884
f 1884 1440 1883
f 1883 1852 1884
f 1884 1852 1851
f 1886 1887 1885
f 1885 1887 1888
f 1358 1889 1359
f 1359 1889 1890
f 1891 1886 1892
f 1892 1886 1885
f 774 1879 775
f 775 1879 1893
f 1859 1893 1846
f 1846 1893 1879
f 713 1842 1849
f 1849 1842 1860
f 1318 1895 1894
f 1894 1895 1896
f 1873 1897 1874
f 1874 1897 1898
f 1898 605 1899
f 1899 605 675
f 1405 1844 675
f 675 1844 1899
f 1404 1845 1405
f 1405 1845 1844
f 593 1296 591
f 591 1296 1809
f 1295 1292 1900
f 1900 1292 1895
f 606 1897 1291
f 1291 1897 1896
f 1510 1845 1511
f 1511 1845 1872
f 1871 1872 1404
f 1404 1872 1845
f 1866 770 1762
f 1762 770 1546
f 1762 682 1866
f 1866 682 1867
f 1870 1868 1272
f 1272 1868 681
f 1272 717 1870
f 1870 717 720
f 1870 720 786
f 786 720 1433
f 786 1433 787
f 787 1433 1432
f 1261 1414 1432
f 1432 1414 787
f 1389 1234 1260
f 1260 1234 1415
f 1719 1670 1388
f 1388 1670 1235
f 1718 1671 1719
f 1719 1671 1670
f 1705 1747 1718
f 1718 1747 1671
f 1659 1901 1704
f 1704 1901 1748
f 1877 1903 1902
f 1902 1903 1904
f 1259 1905 1390
f 1390 1905 1394
f 1715 1720 1393
f 1393 1720 1391
f 1716 1721 1715
f 1715 1721 1720
f 1698 1706 1716
f 1716 1706 1721
f 277 276 47
f 47 276 48
f 84 96 81
f 81 96 82
f 80 70 81
f 81 70 85
f 99 97 88
f 88 97 89
f 90 100 88
f 88 100 99
f 101 95 102
f 102 95 94
f 1906 1907 280
f 280 1907 281
f 97 86 89
f 89 86 85
f 60 282 61
f 61 282 281
f 83 82 46
f 46 82 47
f 293 292 420
f 420 292 421
f 419 1908 420
f 420 1908 1909
f 92 95 91
f 91 95 90
f 279 282 93
f 93 282 94
f 276 418 48
f 48 418 421
f 1910 1660 1697
f 1697 1660 1707
f 1703 1624 1700
f 1700 1624 1644
f 1622 1910 1623
f 1623 1910 1697
f 1701 1700 1911
f 1911 1700 1661
f 1700 1644 1661
f 1661 1644 1658
f 1901 1737 1733
f 1733 1737 1645
f 1625 1912 1604
f 1604 1912 1731
f 1912 1913 1731
f 1731 1913 1914
f 1913 1577 1914
f 1914 1577 1572
f 1915 1578 1616
f 1616 1578 1618
f 1915 1916 1598
f 1598 1916 1743
f 1916 1574 1743
f 1743 1574 1573
f 1575 1917 1576
f 1576 1917 1597
f 1917 1609 1597
f 1597 1609 1594
f 1608 1611 1729
f 1729 1611 1610
f 1918 1612 1629
f 1629 1612 1630
f 1626 1918 1627
f 1627 1918 1629
f 1920 1921 1919
f 1919 1921 1922
f 1920 1924 1923
f 1923 1924 1925
f 1926 1927 1924
f 1924 1927 1925
f 1929 1930 1928
f 1928 1930 1931
f 1932 1933 1935
f 1935 1933 1934
f 1937 1938 1936
f 1936 1938 1939
f 1941 1942 1940
f 1940 1942 1943
f 1941 1945 1944
f 1944 1945 1946
f 1947 1948 1694
f 1694 1948 1949
f 1950 1951 1953
f 1953 1951 1952
f 1955 1956 1954
f 1954 1956 1589
f 1958 1956 1957
f 1957 1956 1932
f 1960 1934 1959
f 1959 1934 1933
f 1962 1963 1961
f 1961 1963 1964
f 1965 1955 1751
f 1751 1955 1954
f 1935 1930 1932
f 1932 1930 1957
f 1951 1950 1926
f 1926 1950 1929
f 1966 1967 1593
f 1593 1967 1590
f 1969 1967 1968
f 1968 1967 1964
f 1962 1921 1970
f 1970 1921 1971
f 1963 1945 1964
f 1964 1945 1968
f 1972 1948 1922
f 1922 1948 1919
f 1966 1972 1961
f 1961 1972 1922
f 1958 1953 1587
f 1587 1953 1560
f 1974 1975 1973
f 1973 1975 1976
f 1978 1979 1977
f 1977 1979 1691
f 1979 1975 1691
f 1691 1975 1586
f 1938 1942 1939
f 1939 1942 1980
f 1952 1947 1557
f 1557 1947 1694
f 1969 1978 1981
f 1981 1978 1977
f 1983 1984 1982
f 1982 1984 1985
f 1986 1987 1989
f 1989 1987 1988
f 1990 1991 1983
f 1983 1991 1984
f 1990 1993 1992
f 1992 1993 1994
f 1995 1996 1994
f 1994 1996 1997
f 1999 2000 1998
f 1998 2000 2001
f 2003 2004 2002
f 2002 2004 2005
f 2007 2008 2006
f 2006 2008 2009
f 2011 2012 2010
f 2010 2012 2013
f 2014 2015 2017
f 2017 2015 2016
f 2018 2019 2021
f 2021 2019 2020
f 2022 1989 2024
f 2024 1989 2023
f 1989 1988 2023
f 2023 1988 2025
f 2026 2027 2017
f 2017 2027 2014
f 2029 2030 2028
f 2028 2030 2031
f 2033 2034 2032
f 2032 2034 2035
f 2032 2035 2036
f 2036 2035 2037
f 2039 2040 2038
f 2038 2040 2041
f 1982 2042 1983
f 1983 2042 2043
f 2045 2046 2044
f 2044 2046 2047
f 2049 2050 2048
f 2048 2050 2051
f 2053 2054 2052
f 2052 2054 2055
f 2057 2058 2056
f 2056 2058 2059
f 2060 2061 2033
f 2033 2061 2034
f 2063 2064 2062
f 2062 2064 2065
f 2066 2035 2067
f 2067 2035 2034
f 2069 2039 2068
f 2068 2039 2038
f 2025 2070 2023
f 2023 2070 2071
f 2072 2024 2071
f 2071 2024 2023
f 2074 2020 2073
f 2073 2020 2019
f 2050 2049 2047
f 2047 2049 2075
f 1983 2043 1990
f 1990 2043 1993
f 2006 2050 2007
f 2007 2050 2076
f 2050 2006 2051
f 2051 2006 2077
f 2079 2080 2078
f 2078 2080 2081
f 2082 2083 2085
f 2085 2083 2084
f 2010 2013 2086
f 2086 2013 2087
f 2089 2033 2088
f 2088 2033 2032
f 2090 2060 2089
f 2089 2060 2033
f 2092 2093 2091
f 2091 2093 2094
f 2096 1986 2095
f 2095 1986 2097
f 2097 1986 2022
f 2022 1986 1989
f 2015 2094 2016
f 2016 2094 2098
f 2016 2098 2100
f 2100 2098 2099
f 2017 2016 2101
f 2101 2016 2100
f 2017 2101 2026
f 2026 2101 2102
f 2100 2099 2104
f 2104 2099 2103
f 2104 2105 2100
f 2100 2105 2101
f 2105 2106 2101
f 2101 2106 2102
f 2108 2061 2107
f 2107 2061 2109
f 2111 2112 2110
f 2110 2112 2020
f 2020 2074 2110
f 2110 2074 2113
f 2115 2116 2114
f 2114 2116 2117
f 2118 2119 1995
f 1995 2119 2120
f 2121 2122 2027
f 2027 2122 2014
f 2047 2075 2044
f 2044 2075 2123
f 2124 2125 2127
f 2127 2125 2126
f 2129 2130 2128
f 2128 2130 2131
f 2132 2133 2057
f 2057 2133 2058
f 2134 1999 2136
f 2136 1999 2135
f 2055 2138 2137
f 2137 2138 2139
f 2141 2142 2140
f 2140 2142 2143
f 2083 2082 2064
f 2064 2082 2065
f 2082 2144 2065
f 2065 2144 2145
f 2040 2146 2041
f 2041 2146 2147
f 2060 2090 2148
f 2148 2090 2149
f 2048 2051 2137
f 2137 2051 2150
f 2151 1997 2135
f 2135 1997 1996
f 2152 2150 2077
f 2077 2150 2051
f 2046 2045 2118
f 2118 2045 2119
f 2154 2155 2153
f 2153 2155 2156
f 2158 2159 2157
f 2157 2159 2160
f 2162 2163 2161
f 2161 2163 2164
f 2164 2163 2165
f 2165 2163 2166
f 2168 2169 2167
f 2167 2169 2170
f 2003 2172 2171
f 2171 2172 2173
f 2174 2175 2002
f 2002 2175 2176
f 2145 2177 2065
f 2065 2177 2062
f 2178 2179 2180
f 2180 2179 2134
f 2181 2052 2152
f 2152 2052 2150
f 2040 2127 2146
f 2146 2127 2182
f 2130 2162 2131
f 2131 2162 2161
f 2052 2055 2150
f 2150 2055 2137
f 2184 2185 2183
f 2183 2185 2186
f 2159 2030 2160
f 2160 2030 2187
f 2146 2182 2029
f 2029 2182 2188
f 2189 2190 2192
f 2192 2190 2191
f 2172 2003 2176
f 2176 2003 2002
f 1998 2151 1999
f 1999 2151 2135
f 2177 2172 2062
f 2062 2172 2176
f 2172 2177 2173
f 2173 2177 2193
f 2063 2194 2064
f 2064 2194 2195
f 2066 2197 2196
f 2196 2197 2198
f 2002 2005 2174
f 2174 2005 2199
f 2004 2003 2200
f 2200 2003 2171
f 2198 2201 2171
f 2171 2201 2200
f 2197 2202 2198
f 2198 2202 2201
f 2202 2197 2203
f 2203 2197 2204
f 2196 2198 2173
f 2173 2198 2171
f 2205 2069 2170
f 2170 2069 2206
f 2197 2066 2204
f 2204 2066 2067
f 2107 2207 2108
f 2108 2207 2208
f 2210 2208 2209
f 2209 2208 2207
f 2185 2211 2212
f 2213 2214 2211
f 2211 2214 2212
f 1998 2001 2213
f 2213 2001 2214
f 2134 2215 1999
f 1999 2215 2000
f 2216 2217 2219
f 2219 2217 2218
f 2206 2220 2170
f 2170 2220 2167
f 2069 2068 2206
f 2206 2068 2221
f 2151 1998 2222
f 2222 1998 2213
f 2124 2039 2205
f 2205 2039 2069
f 2142 2223 2143
f 2143 2223 2128
f 2203 2186 2202
f 2202 2186 2185
f 2185 2184 2211
f 2211 2184 2224
f 2224 2225 2222
f 2222 2225 2226
f 2071 2227 2072
f 2072 2227 2228
f 2229 2074 2230
f 2230 2074 2073
f 2074 2229 2113
f 2113 2229 2231
f 2232 2225 2227
f 2227 2225 2224
f 2233 2234 2031
f 2031 2234 2028
f 2236 2231 2235
f 2235 2231 2229
f 2230 2183 2229
f 2229 2183 2235
f 2237 1987 2096
f 2096 1987 1986
f 2152 2238 2181
f 2181 2238 2239
f 2080 2240 2081
f 2081 2240 2241
f 2236 2242 1971
f 1971 2242 1970
f 1925 2113 1923
f 1923 2113 2231
f 2110 1927 2111
f 2111 1927 1928
f 2103 2111 1931
f 1931 2111 1928
f 1931 2243 2103
f 2103 2243 2104
f 2105 2104 2244
f 2244 2104 2243
f 1939 1980 2148
f 2148 1980 2109
f 1980 1944 2109
f 2109 1944 2107
f 1946 2245 2207
f 2207 2245 2209
f 2245 1970 2209
f 2209 1970 2242
f 2231 2236 1923
f 1923 2236 1971
f 2113 1925 2110
f 2110 1925 1927
f 2234 2246 2028
f 2028 2246 2147
f 2247 2248 2058
f 2058 2248 2059
f 2114 2117 2249
f 2249 2117 2250
f 2252 2253 2251
f 2251 2253 2254
f 2094 2015 2091
f 2091 2015 2255
f 2256 2255 2014
f 2014 2255 2015
f 2257 2145 2258
f 2258 2145 2144
f 2131 2161 2123
f 2123 2161 2044
f 2045 2044 2164
f 2164 2044 2161
f 2045 2164 2119
f 2119 2164 2165
f 2259 2120 2165
f 2165 2120 2119
f 2260 2261 2259
f 2259 2261 2120
f 2205 2262 2124
f 2124 2262 2125
f 2180 2263 2178
f 2178 2263 2264
f 2265 2266 2092
f 2092 2266 2093
f 1992 2267 2268
f 2184 2228 2224
f 2224 2228 2227
f 2048 2269 2049
f 2049 2269 2141
f 2129 2168 2157
f 2157 2168 2167
f 2049 2141 2075
f 2075 2141 2140
f 2199 2215 2270
f 2270 2215 2271
f 2142 2141 2272
f 2272 2141 2269
f 2089 2026 2090
f 2090 2026 2102
f 2146 2029 2147
f 2147 2029 2028
f 2111 2103 2112
f 2112 2103 2099
f 2061 2060 2109
f 2109 2060 2148
f 2273 2274 2041
f 2041 2274 2038
f 2260 2275 2261
f 2261 2275 2136
f 2057 2138 2132
f 2132 2138 2276
f 2272 2269 2056
f 2056 2269 2139
f 2277 2278 2270
f 2270 2278 2199
f 2029 2188 2030
f 2030 2188 2187
f 2040 2039 2127
f 2127 2039 2124
f 2064 2195 2083
f 2083 2195 2279
f 2056 2139 2057
f 2057 2139 2138
f 2278 2277 2247
f 2247 2277 2248
f 2062 2176 2063
f 2063 2176 2175
f 2280 2210 2242
f 2242 2210 2209
f 2282 2233 2281
f 2281 2233 2031
f 2216 2219 2283
f 2283 2219 2221
f 2158 2220 2218
f 2218 2220 2219
f 2217 2282 2218
f 2218 2282 2281
f 2220 2158 2167
f 2167 2158 2157
f 2223 2264 2128
f 2128 2264 2263
f 2261 1996 2120
f 2120 1996 1995
f 2213 2211 2222
f 2222 2211 2224
f 2283 2221 2284
f 2284 2221 2068
f 2135 1996 2136
f 2136 1996 2261
f 2144 2081 2258
f 2258 2081 2241
f 2235 2280 2236
f 2236 2280 2242
f 2246 2273 2147
f 2147 2273 2041
f 2036 2285 2032
f 2032 2285 2088
f 2077 2286 2152
f 2152 2286 2238
f 1937 1960 1973
f 1973 1960 1959
f 2070 2232 2071
f 2071 2232 2227
f 2244 2287 2105
f 2105 2287 2106
f 1936 1939 2149
f 2149 1939 2148
f 1944 1946 2107
f 2107 1946 2207
f 2285 2121 2088
f 2088 2121 2027
f 2253 2249 2254
f 2254 2249 2250
f 2006 2009 2077
f 2077 2009 2286
f 2289 2086 2288
f 2288 2086 2087
f 2223 2142 2290
f 2290 2142 2272
f 2128 2131 2143
f 2143 2131 2123
f 2156 2291 2153
f 2153 2291 2175
f 2292 2293 2278
f 2278 2293 2294
f 2075 2140 2123
f 2123 2140 2143
f 2262 2169 2275
f 2275 2169 2180
f 2275 2180 2136
f 2136 2180 2134
f 2274 2284 2038
f 2038 2284 2068
f 2127 2126 2182
f 2182 2126 2166
f 2094 2093 2098
f 2098 2093 2021
f 2098 2021 2099
f 2099 2021 2112
f 2018 2021 2266
f 2266 2021 2093
f 2251 2289 2252
f 2252 2289 2288
f 1997 2151 2226
f 2226 2151 2222
f 2206 2221 2220
f 2220 2221 2219
f 2269 2048 2139
f 2139 2048 2137
f 2159 2158 2281
f 2281 2158 2218
f 2156 2155 2190
f 2190 2155 2191
f 1974 1965 1583
f 1583 1965 1751
f 2088 2027 2089
f 2089 2027 2026
f 2030 2159 2031
f 2031 2159 2281
f 2106 2149 2102
f 2102 2149 2090
f 2287 1936 2106
f 2106 1936 2149
f 2293 2154 2294
f 2294 2154 2153
f 2021 2020 2112
f 2247 2295 2278
f 2278 2295 2292
f 2284 2296 2283
f 2283 2296 2297
f 2298 2296 2274
f 2274 2296 2284
f 2273 2299 2274
f 2274 2299 2298
f 2246 2300 2273
f 2273 2300 2299
f 2283 2297 2216
f 2216 2297 2301
f 2216 2301 2217
f 2217 2301 2302
f 2302 2303 2217
f 2217 2303 2282
f 2304 2301 2305
f 2305 2301 2297
f 2307 2308 2306
f 2306 2308 2309
f 2306 2310 2307
f 2307 2310 2311
f 2307 2312 2308
f 2308 2312 2313
f 2314 2315 2312
f 2312 2315 2316
f 2316 2317 2312
f 2312 2317 2313
f 2317 2305 2313
f 2313 2305 2318
f 2314 2312 2311
f 2311 2312 2307
f 2319 2320 2322
f 2322 2320 2321
f 2322 2311 2319
f 2319 2311 2310
f 2313 2318 2308
f 2308 2318 2309
f 2296 2298 2318
f 2318 2298 2309
f 2309 2298 2323
f 2323 2298 2299
f 2306 2309 2324
f 2324 2309 2323
f 2310 2306 2325
f 2325 2306 2324
f 2296 2318 2297
f 2297 2318 2305
f 2319 2310 2326
f 2326 2310 2325
f 2328 2325 2327
f 2327 2325 2324
f 2325 2328 2326
f 2326 2328 2329
f 2331 2328 2330
f 2330 2328 2327
f 2332 2333 2327
f 2327 2333 2330
f 2328 2331 2329
f 2329 2331 2334
f 2324 2323 2327
f 2327 2323 2332
f 2300 2332 2299
f 2299 2332 2323
f 2326 2335 2319
f 2319 2335 2320
f 2305 2317 2336
f 2336 2317 2316
f 2336 2316 2337
f 2337 2316 2315
f 2338 2304 2336
f 2336 2304 2305
f 2337 2339 2336
f 2336 2339 2338
f 2337 2315 2341
f 2341 2315 2340
f 2342 2300 2234
f 2234 2300 2246
f 2303 2343 2282
f 2282 2343 2233
f 2234 2233 2342
f 2342 2233 2343
f 2342 2343 2333
f 2333 2343 2344
f 2333 2344 2330
f 2330 2344 2345
f 2346 2344 2303
f 2303 2344 2343
f 2332 2300 2333
f 2333 2300 2342
f 2347 2346 2302
f 2302 2346 2303
f 2301 2304 2302
f 2302 2304 2347
f 2304 2338 2347
f 2347 2338 2348
f 2348 2349 2347
f 2347 2349 2346
f 2350 2351 2348
f 2348 2351 2349
f 2349 2345 2346
f 2346 2345 2344
f 2345 2349 2352
f 2352 2349 2351
f 2338 2339 2348
f 2348 2339 2350
f 2350 2339 2353
f 2353 2339 2354
f 2356 2357 2355
f 2355 2357 2353
f 2351 2350 2357
f 2357 2350 2353
f 2353 2354 2355
f 2355 2354 2335
f 2320 2335 2341
f 2341 2335 2354
f 2339 2337 2354
f 2354 2337 2341
f 2352 2331 2345
f 2345 2331 2330
f 2356 2334 2352
f 2352 2334 2331
f 2356 2352 2357
f 2357 2352 2351
f 2355 2329 2356
f 2356 2329 2334
f 2335 2326 2355
f 2355 2326 2329
f 2321 2314 2322
f 2322 2314 2311
f 2321 2320 2340
f 2340 2320 2341
f 2315 2314 2340
f 2340 2314 2321
f 2125 2260 2126
f 2126 2260 2259
f 2157 2160 2129
f 2129 2160 2130
f 2188 2163 2187
f 2187 2163 2162
f 2182 2166 2188
f 2188 2166 2163
f 2180 2169 2263
f 2263 2169 2168
f 2160 2187 2130
f 2130 2187 2162
f 2275 2260 2262
f 2262 2260 2125
f 2128 2263 2129
f 2129 2263 2168
f 2262 2205 2169
f 2169 2205 2170
f 2165 2166 2259
f 2259 2166 2126
f 2359 2360 2358
f 2358 2360 2361
f 2363 2364 2362
f 2362 2364 2365
f 2367 2363 2366
f 2366 2363 2362
f 2368 2369 2371
f 2371 2369 2370
f 2372 2373 2248
f 2248 2373 2059
f 2364 2374 2365
f 2365 2374 2375
f 2377 2378 2376
f 2376 2378 2379
f 2290 2380 2223
f 2223 2380 2381
f 2223 2381 2264
f 2264 2381 2382
f 2384 2385 2383
f 2383 2385 2386
f 2364 2371 2374
f 2374 2371 2387
f 2059 2373 2290
f 2290 2373 2380
f 2378 2360 2379
f 2379 2360 2388
f 2374 2387 2359
f 2359 2387 2389
f 2390 2367 2386
f 2386 2367 2391
f 2393 2394 2392
f 2392 2394 2395
f 2386 2391 2383
f 2383 2391 2396
f 2367 2366 2391
f 2391 2366 2397
f 2363 2367 2368
f 2368 2367 2390
f 2398 2399 2361
f 2361 2399 2358
f 2399 2400 2358
f 2358 2400 2375
f 2390 2401 2368
f 2368 2401 2369
f 2372 2384 2376
f 2376 2384 2383
f 2374 2359 2375
f 2375 2359 2358
f 2402 2403 2365
f 2365 2403 2362
f 2359 2389 2360
f 2360 2389 2388
f 2364 2363 2371
f 2371 2363 2368
f 2405 2398 2404
f 2404 2398 2361
f 2392 2395 2406
f 2406 2395 2397
f 2377 2396 2394
f 2394 2396 2395
f 2394 2393 2404
f 2404 2393 2405
f 2396 2377 2383
f 2383 2377 2376
f 2406 2397 2407
f 2407 2397 2366
f 2400 2402 2375
f 2375 2402 2365
f 2385 2270 2401
f 2401 2270 2271
f 2403 2407 2362
f 2362 2407 2366
f 2371 2370 2387
f 2387 2370 2382
f 2391 2397 2396
f 2396 2397 2395
f 2378 2377 2404
f 2404 2377 2394
f 2360 2378 2361
f 2361 2378 2404
f 2407 2408 2406
f 2406 2408 2409
f 2410 2408 2403
f 2403 2408 2407
f 2411 2410 2402
f 2402 2410 2403
f 2412 2411 2400
f 2400 2411 2402
f 2406 2409 2392
f 2392 2409 2413
f 2392 2413 2393
f 2393 2413 2414
f 2415 2405 2414
f 2414 2405 2393
f 2416 2413 2417
f 2417 2413 2409
f 2419 2420 2418
f 2418 2420 2421
f 2420 2422 2421
f 2421 2422 2423
f 2420 2424 2422
f 2422 2424 2425
f 2426 2427 2424
f 2424 2427 2428
f 2428 2429 2424
f 2424 2429 2425
f 2426 2424 2419
f 2419 2424 2420
f 2419 2418 2431
f 2431 2418 2430
f 2425 2432 2422
f 2422 2432 2423
f 2408 2410 2432
f 2432 2410 2423
f 2423 2410 2433
f 2433 2410 2411
f 2421 2423 2434
f 2434 2423 2433
f 2435 2418 2434
f 2434 2418 2421
f 2429 2417 2425
f 2425 2417 2432
f 2408 2432 2409
f 2409 2432 2417
f 2418 2435 2430
f 2430 2435 2436
f 2438 2435 2437
f 2437 2435 2434
f 2435 2438 2436
f 2436 2438 2439
f 2441 2438 2440
f 2440 2438 2437
f 2442 2443 2437
f 2437 2443 2440
f 2439 2438 2444
f 2444 2438 2441
f 2433 2442 2434
f 2434 2442 2437
f 2412 2442 2411
f 2411 2442 2433
f 2436 2445 2430
f 2430 2445 2446
f 2430 2446 2431
f 2431 2446 2447
f 2417 2429 2448
f 2448 2429 2428
f 2427 2449 2428
f 2428 2449 2448
f 2450 2416 2448
f 2448 2416 2417
f 2451 2450 2449
f 2449 2450 2448
f 2427 2452 2449
f 2449 2452 2453
f 2447 2446 2452
f 2452 2446 2453
f 2454 2412 2399
f 2399 2412 2400
f 2415 2455 2405
f 2405 2455 2398
f 2399 2398 2454
f 2454 2398 2455
f 2454 2455 2443
f 2443 2455 2456
f 2443 2456 2440
f 2440 2456 2457
f 2458 2456 2415
f 2415 2456 2455
f 2443 2442 2454
f 2454 2442 2412
f 2459 2458 2414
f 2414 2458 2415
f 2413 2416 2414
f 2414 2416 2459
f 2459 2416 2460
f 2460 2416 2450
f 2460 2461 2459
f 2459 2461 2458
f 2462 2463 2460
f 2460 2463 2461
f 2461 2457 2458
f 2458 2457 2456
f 2457 2461 2464
f 2464 2461 2463
f 2451 2462 2450
f 2450 2462 2460
f 2462 2451 2465
f 2465 2451 2466
f 2468 2469 2467
f 2467 2469 2465
f 2463 2462 2469
f 2469 2462 2465
f 2465 2466 2467
f 2467 2466 2445
f 2446 2445 2453
f 2453 2445 2466
f 2451 2449 2466
f 2466 2449 2453
f 2464 2441 2457
f 2457 2441 2440
f 2468 2444 2464
f 2464 2444 2441
f 2468 2464 2469
f 2469 2464 2463
f 2467 2439 2468
f 2468 2439 2444
f 2445 2436 2467
f 2467 2436 2439
f 2447 2426 2431
f 2431 2426 2419
f 2427 2426 2452
f 2452 2426 2447
f 2369 2179 2370
f 2370 2179 2178
f 2376 2379 2372
f 2372 2379 2373
f 2389 2381 2388
f 2388 2381 2380
f 2387 2382 2389
f 2389 2382 2381
f 2270 2385 2277
f 2277 2385 2384
f 2379 2388 2373
f 2373 2388 2380
f 2401 2271 2369
f 2369 2271 2179
f 2248 2277 2372
f 2372 2277 2384
f 2401 2390 2385
f 2385 2390 2386
f 2264 2382 2178
f 2178 2382 2370
f 2215 2134 2271
f 2271 2134 2179
f 2005 2000 2199
f 2199 2000 2215
f 2004 2001 2005
f 2005 2001 2000
f 2200 2214 2004
f 2004 2214 2001
f 2470 2471 2473
f 2473 2471 2472
f 2475 2476 2474
f 2474 2476 2477
f 2479 2475 2478
f 2478 2475 2474
f 2481 2482 2480
f 2480 2482 2483
f 2476 2484 2477
f 2477 2484 2485
f 2487 2488 2486
f 2486 2488 2489
f 2133 2490 2058
f 2058 2490 2491
f 2058 2491 2247
f 2247 2491 2492
f 2494 2495 2493
f 2493 2495 2496
f 2476 2483 2484
f 2484 2483 2497
f 2472 2498 2488
f 2488 2498 2489
f 2484 2497 2471
f 2471 2497 2499
f 2500 2479 2496
f 2496 2479 2501
f 2502 2503 2505
f 2505 2503 2504
f 2496 2501 2493
f 2493 2501 2506
f 2479 2478 2501
f 2501 2478 2507
f 2475 2479 2480
f 2480 2479 2500
f 2508 2509 2473
f 2473 2509 2470
f 2509 2510 2470
f 2470 2510 2485
f 2511 2481 2500
f 2500 2481 2480
f 2512 2494 2486
f 2486 2494 2493
f 2485 2484 2470
f 2470 2484 2471
f 2513 2514 2477
f 2477 2514 2474
f 2471 2499 2472
f 2472 2499 2498
f 2476 2475 2483
f 2483 2475 2480
f 2516 2508 2515
f 2515 2508 2473
f 2502 2505 2517
f 2517 2505 2507
f 2504 2487 2505
f 2505 2487 2506
f 2503 2516 2504
f 2504 2516 2515
f 2506 2487 2493
f 2493 2487 2486
f 2517 2507 2518
f 2518 2507 2478
f 2510 2513 2485
f 2485 2513 2477
f 2511 2495 2293
f 2293 2495 2154
f 2514 2518 2474
f 2474 2518 2478
f 2483 2482 2497
f 2497 2482 2492
f 2501 2507 2506
f 2506 2507 2505
f 2488 2487 2515
f 2515 2487 2504
f 2472 2488 2473
f 2473 2488 2515
f 2518 2519 2517
f 2517 2519 2520
f 2521 2519 2514
f 2514 2519 2518
f 2522 2521 2513
f 2513 2521 2514
f 2523 2522 2510
f 2510 2522 2513
f 2517 2520 2502
f 2502 2520 2524
f 2502 2524 2503
f 2503 2524 2525
f 2525 2526 2503
f 2503 2526 2516
f 2527 2524 2528
f 2528 2524 2520
f 2530 2531 2529
f 2529 2531 2532
f 2531 2533 2532
f 2532 2533 2534
f 2531 2535 2533
f 2533 2535 2536
f 2537 2538 2535
f 2535 2538 2539
f 2539 2540 2535
f 2535 2540 2536
f 2537 2535 2530
f 2530 2535 2531
f 2529 2541 2530
f 2530 2541 2542
f 2543 2534 2536
f 2536 2534 2533
f 2519 2521 2543
f 2543 2521 2534
f 2534 2521 2544
f 2544 2521 2522
f 2532 2534 2545
f 2545 2534 2544
f 2529 2532 2546
f 2546 2532 2545
f 2536 2540 2543
f 2543 2540 2528
f 2519 2543 2520
f 2520 2543 2528
f 2541 2529 2547
f 2547 2529 2546
f 2548 2549 2545
f 2545 2549 2546
f 2549 2550 2546
f 2546 2550 2547
f 2551 2552 2548
f 2548 2552 2549
f 2548 2553 2551
f 2551 2553 2554
f 2550 2549 2555
f 2555 2549 2552
f 2545 2544 2548
f 2548 2544 2553
f 2523 2553 2522
f 2522 2553 2544
f 2547 2556 2541
f 2541 2556 2557
f 2541 2557 2542
f 2542 2557 2558
f 2528 2540 2559
f 2559 2540 2539
f 2538 2560 2539
f 2539 2560 2559
f 2561 2527 2559
f 2559 2527 2528
f 2560 2562 2559
f 2559 2562 2561
f 2560 2538 2564
f 2564 2538 2563
f 2558 2557 2563
f 2563 2557 2564
f 2565 2523 2509
f 2509 2523 2510
f 2526 2566 2516
f 2516 2566 2508
f 2509 2508 2565
f 2565 2508 2566
f 2565 2566 2554
f 2554 2566 2567
f 2554 2567 2551
f 2551 2567 2568
f 2569 2567 2526
f 2526 2567 2566
f 2553 2523 2554
f 2554 2523 2565
f 2570 2569 2525
f 2525 2569 2526
f 2524 2527 2525
f 2525 2527 2570
f 2527 2561 2570
f 2570 2561 2571
f 2571 2572 2570
f 2570 2572 2569
f 2573 2574 2571
f 2571 2574 2572
f 2572 2568 2569
f 2569 2568 2567
f 2568 2572 2575
f 2575 2572 2574
f 2562 2573 2561
f 2561 2573 2571
f 2573 2562 2576
f 2576 2562 2577
f 2579 2580 2578
f 2578 2580 2576
f 2574 2573 2580
f 2580 2573 2576
f 2576 2577 2578
f 2578 2577 2556
f 2557 2556 2564
f 2564 2556 2577
f 2562 2560 2577
f 2577 2560 2564
f 2575 2552 2568
f 2568 2552 2551
f 2579 2555 2575
f 2575 2555 2552
f 2579 2575 2580
f 2580 2575 2574
f 2550 2555 2578
f 2578 2555 2579
f 2556 2547 2578
f 2578 2547 2550
f 2558 2537 2542
f 2542 2537 2530
f 2538 2537 2563
f 2563 2537 2558
f 2292 2295 2481
f 2481 2295 2482
f 2486 2489 2512
f 2512 2489 2581
f 2499 2491 2498
f 2498 2491 2490
f 2497 2492 2499
f 2499 2492 2491
f 2155 2154 2494
f 2494 2154 2495
f 2581 2489 2490
f 2490 2489 2498
f 2293 2292 2511
f 2511 2292 2481
f 2191 2155 2512
f 2512 2155 2494
f 2500 2496 2511
f 2511 2496 2495
f 2247 2492 2295
f 2295 2492 2482
f 2583 2584 2582
f 2582 2584 2585
f 2587 2588 2586
f 2586 2588 2589
f 2591 2587 2590
f 2590 2587 2586
f 2593 2594 2592
f 2592 2594 2595
f 2596 2597 2599
f 2599 2597 2598
f 2588 2600 2589
f 2589 2600 2601
f 2602 2603 2605
f 2605 2603 2604
f 2606 2607 2609
f 2609 2607 2608
f 2609 2608 2190
f 2190 2608 2610
f 2611 2612 2614
f 2614 2612 2613
f 2600 2588 2615
f 2615 2588 2595
f 2599 2598 2606
f 2606 2598 2607
f 2584 2616 2604
f 2604 2616 2605
f 2600 2615 2583
f 2583 2615 2617
f 2591 2619 2618
f 2618 2619 2614
f 2621 2622 2620
f 2620 2622 2623
f 2619 2624 2614
f 2614 2624 2611
f 2591 2590 2619
f 2619 2590 2625
f 2587 2591 2592
f 2592 2591 2618
f 2626 2627 2585
f 2585 2627 2582
f 2627 2628 2582
f 2582 2628 2601
f 2629 2593 2618
f 2618 2593 2592
f 2602 2597 2611
f 2611 2597 2612
f 2600 2583 2601
f 2601 2583 2582
f 2630 2631 2589
f 2589 2631 2586
f 2583 2617 2584
f 2584 2617 2616
f 2588 2587 2595
f 2595 2587 2592
f 2633 2626 2632
f 2632 2626 2585
f 2620 2623 2634
f 2634 2623 2625
f 2622 2603 2623
f 2623 2603 2624
f 2621 2633 2622
f 2622 2633 2632
f 2611 2624 2602
f 2602 2624 2603
f 2634 2625 2635
f 2635 2625 2590
f 2628 2630 2601
f 2601 2630 2589
f 2613 2195 2629
f 2629 2195 2194
f 2631 2635 2586
f 2586 2635 2590
f 2595 2594 2615
f 2615 2594 2610
f 2619 2625 2624
f 2624 2625 2623
f 2632 2604 2622
f 2622 2604 2603
f 2585 2584 2632
f 2632 2584 2604
f 2635 2636 2634
f 2634 2636 2637
f 2638 2636 2631
f 2631 2636 2635
f 2639 2638 2630
f 2630 2638 2631
f 2640 2639 2628
f 2628 2639 2630
f 2634 2637 2620
f 2620 2637 2641
f 2620 2641 2621
f 2621 2641 2642
f 2642 2643 2621
f 2621 2643 2633
f 2641 2637 2644
f 2644 2637 2645
f 2646 2647 2649
f 2649 2647 2648
f 2648 2650 2649
f 2649 2650 2651
f 2648 2652 2650
f 2650 2652 2653
f 2652 2654 2656
f 2656 2654 2655
f 2656 2657 2652
f 2652 2657 2653
f 2654 2652 2647
f 2647 2652 2648
f 2647 2646 2659
f 2659 2646 2658
f 2660 2651 2653
f 2653 2651 2650
f 2636 2638 2660
f 2660 2638 2651
f 2651 2638 2661
f 2661 2638 2639
f 2651 2661 2649
f 2649 2661 2662
f 2663 2646 2662
f 2662 2646 2649
f 2653 2657 2660
f 2660 2657 2645
f 2636 2660 2637
f 2637 2660 2645
f 2646 2663 2658
f 2658 2663 2664
f 2665 2666 2662
f 2662 2666 2663
f 2666 2667 2663
f 2663 2667 2664
f 2668 2669 2665
f 2665 2669 2666
f 2665 2670 2668
f 2668 2670 2671
f 2667 2666 2672
f 2672 2666 2669
f 2662 2661 2665
f 2665 2661 2670
f 2640 2670 2639
f 2639 2670 2661
f 2673 2674 2664
f 2664 2674 2658
f 2658 2674 2659
f 2659 2674 2675
f 2645 2657 2676
f 2676 2657 2656
f 2677 2676 2655
f 2655 2676 2656
f 2676 2678 2645
f 2645 2678 2644
f 2677 2679 2676
f 2676 2679 2678
f 2655 2680 2677
f 2677 2680 2681
f 2675 2674 2680
f 2680 2674 2681
f 2682 2640 2627
f 2627 2640 2628
f 2643 2683 2633
f 2633 2683 2626
f 2682 2627 2683
f 2683 2627 2626
f 2683 2684 2682
f 2682 2684 2671
f 2684 2685 2671
f 2671 2685 2668
f 2686 2684 2643
f 2643 2684 2683
f 2670 2640 2671
f 2671 2640 2682
f 2687 2686 2642
f 2642 2686 2643
f 2642 2641 2687
f 2687 2641 2644
f 2687 2644 2688
f 2688 2644 2678
f 2688 2689 2687
f 2687 2689 2686
f 2690 2691 2688
f 2688 2691 2689
f 2689 2685 2686
f 2686 2685 2684
f 2685 2689 2692
f 2692 2689 2691
f 2679 2690 2678
f 2678 2690 2688
f 2690 2679 2693
f 2693 2679 2694
f 2696 2697 2695
f 2695 2697 2693
f 2691 2690 2697
f 2697 2690 2693
f 2693 2694 2695
f 2695 2694 2673
f 2674 2673 2681
f 2681 2673 2694
f 2679 2677 2694
f 2694 2677 2681
f 2685 2692 2668
f 2668 2692 2669
f 2696 2672 2692
f 2692 2672 2669
f 2696 2692 2697
f 2697 2692 2691
f 2695 2667 2696
f 2696 2667 2672
f 2673 2664 2695
f 2695 2664 2667
f 2675 2654 2659
f 2659 2654 2647
f 2655 2654 2680
f 2680 2654 2675
f 2291 2156 2593
f 2593 2156 2594
f 2597 2602 2598
f 2598 2602 2605
f 2616 2617 2607
f 2607 2617 2608
f 2615 2610 2617
f 2617 2610 2608
f 2597 2596 2612
f 2612 2596 2698
f 2598 2605 2607
f 2607 2605 2616
f 2194 2291 2629
f 2629 2291 2593
f 2629 2618 2613
f 2613 2618 2614
f 2190 2610 2156
f 2156 2610 2594
f 2700 2010 2699
f 2699 2010 2086
f 2267 2701 2116
f 2116 2701 2702
f 2116 2702 2117
f 2117 2702 2703
f 2704 2705 2250
f 2250 2705 2254
f 2011 2706 2267
f 2267 2706 2701
f 2699 2086 2707
f 2707 2086 2289
f 2010 2700 2011
f 2011 2700 2706
f 2708 2707 2251
f 2251 2707 2289
f 2703 2704 2117
f 2117 2704 2250
f 2705 2708 2254
f 2254 2708 2251
f 2709 2710 2708
f 2708 2710 2707
f 2711 2709 2705
f 2705 2709 2708
f 2712 2711 2704
f 2704 2711 2705
f 2713 2712 2703
f 2703 2712 2704
f 2707 2710 2699
f 2699 2710 2714
f 2699 2714 2700
f 2700 2714 2715
f 2716 2706 2715
f 2715 2706 2700
f 2714 2710 2717
f 2717 2710 2718
f 2720 2721 2719
f 2719 2721 2722
f 2721 2723 2722
f 2722 2723 2724
f 2721 2725 2723
f 2723 2725 2726
f 2727 2728 2725
f 2725 2728 2726
f 2729 2725 2720
f 2720 2725 2721
f 2731 2729 2730
f 2730 2729 2720
f 2719 2732 2720
f 2720 2732 2730
f 2726 2733 2723
f 2723 2733 2724
f 2709 2711 2733
f 2733 2711 2724
f 2724 2711 2734
f 2734 2711 2712
f 2722 2724 2735
f 2735 2724 2734
f 2719 2722 2736
f 2736 2722 2735
f 2726 2728 2733
f 2733 2728 2718
f 2709 2733 2710
f 2710 2733 2718
f 2732 2719 2737
f 2737 2719 2736
f 2738 2739 2735
f 2735 2739 2736
f 2739 2740 2736
f 2736 2740 2737
f 2741 2742 2738
f 2738 2742 2739
f 2738 2743 2741
f 2741 2743 2744
f 2740 2739 2745
f 2745 2739 2742
f 2735 2734 2738
f 2738 2734 2743
f 2713 2743 2712
f 2712 2743 2734
f 2737 2746 2732
f 2732 2746 2747
f 2732 2747 2730
f 2730 2747 2731
f 2718 2728 2748
f 2748 2728 2727
f 2749 2750 2727
f 2727 2750 2748
f 2748 2751 2718
f 2718 2751 2717
f 2750 2752 2748
f 2748 2752 2751
f 2750 2749 2754
f 2754 2749 2753
f 2731 2747 2753
f 2753 2747 2754
f 2727 2725 2749
f 2749 2725 2729
f 2749 2729 2753
f 2753 2729 2731
f 2702 2755 2703
f 2703 2755 2713
f 2706 2716 2701
f 2701 2716 2756
f 2755 2702 2756
f 2756 2702 2701
f 2756 2757 2755
f 2755 2757 2744
f 2757 2758 2744
f 2744 2758 2741
f 2759 2757 2716
f 2716 2757 2756
f 2743 2713 2744
f 2744 2713 2755
f 2760 2759 2715
f 2715 2759 2716
f 2715 2714 2760
f 2760 2714 2717
f 2760 2717 2761
f 2761 2717 2751
f 2761 2762 2760
f 2760 2762 2759
f 2763 2764 2761
f 2761 2764 2762
f 2762 2758 2759
f 2759 2758 2757
f 2758 2762 2765
f 2765 2762 2764
f 2752 2763 2751
f 2751 2763 2761
f 2763 2752 2766
f 2766 2752 2767
f 2768 2769 2766
f 2766 2769 2770
f 2764 2763 2770
f 2770 2763 2766
f 2766 2767 2768
f 2768 2767 2746
f 2747 2746 2754
f 2754 2746 2767
f 2752 2750 2767
f 2767 2750 2754
f 2758 2765 2741
f 2741 2765 2742
f 2769 2745 2765
f 2765 2745 2742
f 2769 2765 2770
f 2770 2765 2764
f 2768 2740 2769
f 2769 2740 2745
f 2746 2737 2768
f 2768 2737 2740
f 2201 2212 2200
f 2200 2212 2214
f 2201 2202 2212
f 2212 2202 2185
f 2512 2581 2191
f 2191 2581 2192
f 2059 2290 2056
f 2056 2290 2272
f 2174 2199 2294
f 2294 2199 2278
f 2063 2175 2194
f 2194 2175 2291
f 2192 2581 2133
f 2133 2581 2490
f 2133 2132 2192
f 2192 2132 2189
f 2054 2276 2055
f 2055 2276 2138
f 2083 2279 2084
f 2084 2279 2771
f 2771 2279 2599
f 2599 2279 2596
f 2606 2772 2599
f 2599 2772 2771
f 2772 2773 2771
f 2771 2773 2084
f 2773 2774 2084
f 2084 2774 2085
f 2085 2775 2082
f 2082 2775 2144
f 2774 2078 2085
f 2085 2078 2775
f 2078 2774 2079
f 2079 2774 2776
f 2774 2773 2776
f 2776 2773 2777
f 2773 2772 2777
f 2777 2772 2778
f 2190 2189 2609
f 2609 2189 2778
f 2053 2052 2779
f 2779 2052 2181
f 2144 2775 2081
f 2081 2775 2078
f 2294 2153 2174
f 2174 2153 2175
f 2132 2276 2189
f 2189 2276 2778
f 2606 2609 2772
f 2772 2609 2778
f 2195 2613 2698
f 2698 2613 2612
f 2596 2279 2698
f 2698 2279 2195
f 2054 2777 2276
f 2276 2777 2778
f 2777 2054 2776
f 2776 2054 2053
f 2053 2779 2776
f 2776 2779 2079
f 2779 2181 2079
f 2079 2181 2080
f 2181 2239 2080
f 2080 2239 2240
f 2122 2256 2014
f 2042 1982 2076
f 2076 1982 2007
f 1982 1985 2007
f 2007 1985 2008
f 2095 2097 2265
f 2265 2097 2266
f 2076 2050 2042
f 2042 2050 2047
f 2046 2043 2047
f 2047 2043 2042
f 2118 1993 2046
f 2046 1993 2043
f 1995 1994 2118
f 2118 1994 1993
f 2267 1992 2011
f 2011 1992 2012
f 1997 2012 1994
f 1994 2012 1992
f 2226 2013 1997
f 1997 2013 2012
f 2225 2087 2226
f 2226 2087 2013
f 2225 2232 2087
f 2087 2232 2288
f 2232 2070 2288
f 2288 2070 2252
f 2070 2025 2252
f 2252 2025 2253
f 1988 2249 2025
f 2025 2249 2253
f 2116 2115 2267
f 2267 2115 2268
f 2096 1984 2237
f 2237 1984 1991
f 2095 1985 2096
f 2096 1985 1984
f 2265 2008 2095
f 2095 2008 1985
f 2092 2009 2265
f 2265 2009 2008
f 2091 2286 2092
f 2092 2286 2009
f 2255 2238 2091
f 2091 2238 2286
f 2256 2239 2255
f 2255 2239 2238
f 2122 2240 2256
f 2256 2240 2239
f 2121 2241 2122
f 2122 2241 2240
f 2022 2018 2097
f 2097 2018 2266
f 2022 2024 2018
f 2018 2024 2019
f 2024 2072 2019
f 2019 2072 2073
f 2072 2228 2073
f 2073 2228 2230
f 2228 2184 2230
f 2230 2184 2183
f 2121 2285 2241
f 2241 2285 2258
f 2285 2036 2258
f 2258 2036 2257
f 2177 2145 2193
f 2193 2145 2257
f 2173 2193 2196
f 2196 2193 2037
f 2036 2037 2257
f 2257 2037 2193
f 2196 2037 2066
f 2066 2037 2035
f 2061 2108 2034
f 2034 2108 2067
f 2108 2208 2067
f 2067 2208 2204
f 2208 2210 2204
f 2204 2210 2203
f 2210 2280 2203
f 2203 2280 2186
f 2183 2186 2235
f 2235 2186 2280
f 1987 2114 1988
f 1988 2114 2249
f 2237 2115 1987
f 1987 2115 2114
f 1991 2268 2237
f 2237 2268 2115
f 1991 1990 2268
f 2268 1990 1992
f 107 110 2781
f 2781 110 2780
f 117 2782 118
f 118 2782 2783
f 119 2784 120
f 120 2784 2785
f 125 2786 126
f 126 2786 2787
f 127 2788 128
f 128 2788 2789
f 127 132 2788
f 2788 132 2790
f 231 230 2792
f 2792 230 2791
f 118 2783 119
f 119 2783 2784
f 241 243 2794
f 2794 243 2793
f 2781 2795 107
f 107 2795 352
f 120 2785 437
f 437 2785 2796
f 126 2787 110
f 110 2787 2780
f 455 2797 456
f 456 2797 2798
f 128 2789 457
f 457 2789 2799
f 456 2798 117
f 117 2798 2782
f 2794 2797 241
f 241 2797 455
f 457 2799 125
f 125 2799 2786
f 132 231 2790
f 2790 231 2792
f 230 437 2791
f 2791 437 2796
f 2792 2789 2790
f 2790 2789 2788
f 2785 2784 2801
f 2801 2784 2800
f 2786 2802 2787
f 2787 2802 2803
f 2792 2791 2805
f 2805 2791 2804
f 2784 2783 2800
f 2800 2783 2806
f 2785 2801 2796
f 2796 2801 2807
f 2787 2803 2780
f 2780 2803 2808
f 2789 2809 2799
f 2799 2809 2810
f 2799 2810 2786
f 2786 2810 2802
f 2791 2796 2804
f 2804 2796 2807
f 2789 2792 2809
f 2809 2792 2805
f 2812 2797 2811
f 2811 2797 2794
f 2809 2805 2810
f 2810 2805 2804
f 2810 2804 2802
f 2802 2804 2807
f 2802 2807 2803
f 2803 2807 2801
f 2808 2803 2800
f 2800 2803 2801
f 2814 699 2813
f 2813 699 698
f 2808 2815 2780
f 2780 2815 2781
f 2817 2782 2816
f 2816 2782 2798
f 2815 2818 2781
f 2781 2818 2795
f 2797 2812 2798
f 2798 2812 2816
f 2783 2782 2806
f 2806 2782 2817
f 2800 2806 2808
f 2808 2806 2815
f 2794 2793 2811
f 2811 2793 2819
f 174 201 384
f 384 201 362
f 200 1766 390
f 390 1766 1777
f 1777 1778 390
f 390 1778 398
f 1778 361 398
f 398 361 222
f 2820 2821 628
f 628 2821 629
f 1406 2820 790
f 790 2820 628
f 794 1415 1233
f 1233 1415 1234
f 1406 790 1407
f 1407 790 1312
f 1407 1312 2822
f 2822 1312 1316
f 2823 1380 1543
f 1543 1380 1379
f 1385 1738 1382
f 1382 1738 1383
f 1381 791 1382
f 1382 791 1386
f 791 794 1386
f 1386 794 1233
f 1259 1390 1260
f 1260 1390 1389
f 1905 1542 1394
f 1394 1542 1395
f 1410 1413 1397
f 1397 1413 1398
f 2821 1410 629
f 629 1410 1397
f 2823 2822 1380
f 1380 2822 1316
f 1392 1395 1378
f 1378 1395 1379
f 1738 1399 1383
f 1383 1399 1398
f 1388 1235 1389
f 1389 1235 1234
f 1393 1391 1394
f 1394 1391 1390
f 1381 1384 779
f 779 1384 780
f 1282 788 792
f 792 788 793
f 1431 1262 1432
f 1432 1262 1261
f 1400 1342 1408
f 1408 1342 1409
f 1508 1544 1411
f 1411 1544 1412
f 788 787 793
f 793 787 1414
f 2821 2820 1429
f 1429 2820 1430
f 2822 2823 1506
f 1506 2823 1507
f 778 1282 779
f 779 1282 792
f 2820 1406 1430
f 1430 1406 1409
f 1410 2821 1411
f 1411 2821 1429
f 1407 2822 1408
f 1408 2822 1506
f 1544 781 1412
f 1412 781 780
f 1260 1415 1261
f 1261 1415 1414
f 1334 2824 923
f 923 2824 924
f 2826 1268 2825
f 2825 1268 1267
f 769 1212 2827
f 2827 1212 2828
f 1492 1190 1266
f 1266 1190 1267
f 1488 2829 1489
f 1489 2829 2830
f 922 1329 923
f 923 1329 1328
f 1484 2831 1485
f 1485 2831 2832
f 1482 2833 1485
f 1485 2833 1486
f 1324 1493 1489
f 1489 1493 1490
f 1265 1491 1266
f 1266 1491 1490
f 2835 2836 2834
f 2834 2836 2837
f 1250 2838 2827
f 2827 2838 2839
f 1488 1491 2840
f 2840 1491 2841
f 1268 2826 2842
f 2842 2826 2843
f 2844 2845 1495
f 1495 2845 1496
f 1427 2847 2846
f 2846 2847 926
f 2829 1488 2848
f 2848 1488 2840
f 1329 922 2849
f 2849 922 927
f 2850 2851 768
f 768 2851 1213
f 1265 1268 2852
f 2852 1268 2842
f 1491 1265 2841
f 2841 1265 2852
f 2854 2855 2853
f 2853 2855 2856
f 2855 2857 2856
f 2856 2857 598
f 2857 2858 598
f 598 2858 595
f 2858 2859 595
f 595 2859 626
f 649 652 2860
f 2860 652 2861
f 639 642 2862
f 2862 642 2863
f 2864 705 2862
f 2862 705 639
f 2865 1418 2864
f 2864 1418 705
f 2866 2867 2865
f 2865 2867 1418
f 1760 1348 1761
f 1761 1348 2867
f 1764 2868 1197
f 1197 2868 1198
f 2869 611 2868
f 2868 611 1198
f 2870 612 2869
f 2869 612 611
f 1352 1350 944
f 944 1350 688
f 1350 1256 688
f 688 1256 685
f 1256 1255 685
f 685 1255 692
f 1255 2871 692
f 692 2871 2872
f 701 2873 698
f 698 2873 2813
f 2872 1349 692
f 692 1349 693
f 1696 1744 1574
f 1574 1744 1575
f 1753 1618 1577
f 1577 1618 1578
f 1729 1594 1608
f 1608 1594 1609
f 1725 1630 1611
f 1611 1630 1612
f 1604 1607 1625
f 1625 1607 1626
f 1624 1703 1625
f 1625 1703 1912
f 1703 1702 1912
f 1912 1702 1913
f 1702 1753 1913
f 1913 1753 1577
f 1598 1569 1915
f 1915 1569 1578
f 1616 1615 1915
f 1915 1615 1916
f 1615 1696 1916
f 1916 1696 1574
f 1744 1745 1575
f 1575 1745 1917
f 1745 1565 1917
f 1917 1565 1609
f 1568 1725 1608
f 1608 1725 1611
f 2874 1613 1918
f 1918 1613 1612
f 1607 2874 1626
f 1626 2874 1918
f 1610 1613 1562
f 1562 1613 1563
f 1547 1550 1570
f 1570 1550 1571
f 1573 1576 1580
f 1580 1576 1581
f 1553 1556 1595
f 1595 1556 1596
f 1556 1582 1596
f 1596 1582 1581
f 1551 1547 1599
f 1599 1547 1570
f 1731 1914 1601
f 1601 1914 1602
f 1686 1689 1605
f 1605 1689 1606
f 1598 1743 1599
f 1599 1743 1692
f 2874 1607 1723
f 1723 1607 1606
f 1727 1553 1730
f 1730 1553 1595
f 1600 1686 1601
f 1601 1686 1605
f 1914 1572 1602
f 1602 1572 1571
f 1579 1693 1580
f 1580 1693 1692
f 1613 2874 1563
f 1563 2874 1723
f 1561 1727 1562
f 1562 1727 1730
f 1949 1742 1548
f 1548 1742 1549
f 1694 1949 1552
f 1552 1949 1548
f 1954 1589 1554
f 1554 1589 1555
f 1693 1579 1558
f 1558 1579 1559
f 1561 1564 1584
f 1584 1564 1585
f 1582 1556 1588
f 1588 1556 1555
f 1600 1603 1591
f 1591 1603 1592
f 1981 1977 1687
f 1687 1977 1688
f 1564 1722 1585
f 1585 1722 1690
f 1551 1693 1552
f 1552 1693 1558
f 1751 1954 1728
f 1728 1954 1554
f 1590 1981 1591
f 1591 1981 1687
f 1603 1550 1592
f 1592 1550 1549
f 1977 1691 1688
f 1688 1691 1690
f 1587 1560 1588
f 1588 1560 1559
f 1727 1561 1728
f 1728 1561 1584
f 2875 1919 1947
f 1947 1919 1948
f 1557 1560 1952
f 1952 1560 1953
f 1933 1932 1955
f 1955 1932 1956
f 1587 1589 1958
f 1958 1589 1956
f 1959 1933 1965
f 1965 1933 1955
f 1961 1964 1966
f 1966 1964 1967
f 1981 1590 1969
f 1969 1590 1967
f 1742 1949 1972
f 1972 1949 1948
f 1593 1742 1966
f 1966 1742 1972
f 1957 1950 1958
f 1958 1950 1953
f 1583 1586 1974
f 1974 1586 1975
f 1940 1943 1978
f 1978 1943 1979
f 1943 1976 1979
f 1979 1976 1975
f 1951 2875 1952
f 1952 2875 1947
f 1968 1940 1969
f 1969 1940 1978
f 1973 1959 1974
f 1974 1959 1965
f 1923 1971 1920
f 1920 1971 1921
f 1919 2875 1920
f 1920 2875 1924
f 2875 1951 1924
f 1924 1951 1926
f 1950 1957 1929
f 1929 1957 1930
f 2244 2243 1934
f 1934 2243 1935
f 1973 1976 1937
f 1937 1976 1938
f 1944 1980 1941
f 1941 1980 1942
f 1940 1968 1941
f 1941 1968 1945
f 2287 2244 1960
f 1960 2244 1934
f 1970 2245 1962
f 1962 2245 1963
f 2243 1931 1935
f 1935 1931 1930
f 1927 1926 1928
f 1928 1926 1929
f 1961 1922 1962
f 1962 1922 1921
f 2245 1946 1963
f 1963 1946 1945
f 1976 1943 1938
f 1938 1943 1942
f 1936 2287 1937
f 1937 2287 1960
f 743 1238 608
f 608 1238 609
f 607 1811 608
f 608 1811 744
f 1304 2876 1305
f 1305 2876 2877
f 586 585 1298
f 1298 585 1299
f 585 702 1299
f 1299 702 1300
f 702 1428 1300
f 1300 1428 1301
f 1238 586 609
f 609 586 1298
f 2878 2879 1218
f 1218 2879 2877
f 2880 2881 1812
f 1812 2881 1819
f 2883 1821 2882
f 2882 1821 1820
f 2840 2841 620
f 620 2841 621
f 2842 2843 795
f 795 2843 796
f 892 895 2844
f 2844 895 2845
f 2848 2840 942
f 942 2840 620
f 2849 927 1202
f 1202 927 1203
f 2852 2842 1270
f 1270 2842 795
f 2841 2852 621
f 621 2852 1270
f 941 1759 942
f 942 1759 2884
f 659 929 1427
f 1427 929 2847
f 1237 2851 751
f 751 2851 2850
f 1216 2885 1217
f 1217 2885 1754
f 2887 734 2886
f 2886 734 733
f 2889 1816 2888
f 2888 1816 1815
f 2890 1245 2889
f 2889 1245 1816
f 1824 2891 1825
f 1825 2891 1246
f 2892 2893 2895
f 2895 2893 2894
f 1854 1833 1851
f 1851 1833 1832
f 1851 1832 1884
f 1884 1832 1876
f 1884 1876 1441
f 1441 1876 1443
f 1441 1443 1442
f 1442 1443 1446
f 1442 1446 2896
f 2896 1446 1507
f 2897 2823 2898
f 2898 2823 1543
f 1542 2899 1543
f 1543 2899 2898
f 1542 1905 2899
f 2899 1905 2900
f 1905 1259 2900
f 2900 1259 2901
f 1262 1431 2902
f 2902 1431 1904
f 1431 1434 1904
f 1904 1434 1902
f 1902 1434 2903
f 2903 1434 719
f 2903 719 2904
f 2904 719 718
f 1869 1881 718
f 718 1881 2904
f 1881 1869 1880
f 1880 1869 756
f 1880 756 2905
f 2905 756 755
f 2905 755 2906
f 2906 755 758
f 762 2907 763
f 763 2907 2908
f 724 723 2909
f 2909 723 894
f 796 895 723
f 723 895 894
f 2843 2845 796
f 796 2845 895
f 2826 1496 2843
f 2843 1496 2845
f 2825 1497 2826
f 2826 1497 1496
f 1189 2836 2825
f 2825 2836 1497
f 797 891 798
f 798 891 2837
f 802 888 797
f 797 888 891
f 2910 2911 2913
f 2913 2911 2912
f 1780 1783 2915
f 2915 1783 2914
f 2916 2917 831
f 831 2917 832
f 2918 2919 845
f 845 2919 846
f 2920 2916 847
f 847 2916 831
f 2921 2922 857
f 857 2922 858
f 2923 2924 860
f 860 2924 861
f 2919 2912 846
f 846 2912 887
f 2925 2920 940
f 940 2920 847
f 2924 2926 861
f 861 2926 1204
f 2917 2918 832
f 832 2918 845
f 2927 2928 1449
f 1449 2928 1450
f 2929 2930 889
f 889 2930 2931
f 2896 1507 2897
f 2897 1507 2823
f 2902 2901 1262
f 1262 2901 1259
f 2932 2933 750
f 750 2933 1236
f 2933 2934 1236
f 1236 2934 1835
f 2936 2937 2935
f 2935 2937 2938
f 2940 2941 2939
f 2939 2941 2942
f 2943 2944 1841
f 1841 2944 1842
f 2945 1860 2944
f 2944 1860 1842
f 2945 2946 1860
f 1860 2946 1859
f 1889 2947 1890
f 1890 2947 1856
f 1856 2947 1857
f 1857 2947 2948
f 2950 709 2949
f 2949 709 1829
f 2952 730 2951
f 2951 730 729
f 2866 2953 2867
f 2867 2953 1761
f 2953 2954 1761
f 1761 2954 1420
f 2954 2955 1420
f 1420 2955 742
f 2955 2956 742
f 742 2956 739
f 2956 2957 739
f 739 2957 760
f 2957 2958 760
f 760 2958 761
f 2958 2959 761
f 761 2959 2960
f 2959 2961 2960
f 2960 2961 2962
f 2963 2964 1839
f 1839 2964 1840
f 2964 2965 1840
f 1840 2965 2942
f 2966 2950 2939
f 2939 2950 2949
f 2935 2967 2936
f 2936 2967 2968
f 2969 2970 736
f 736 2970 735
f 734 2887 1815
f 1815 2887 2888
f 2887 2882 2888
f 2888 2882 2881
f 1819 1820 1817
f 1817 1820 748
f 1195 1757 1197
f 1197 1757 1424
f 1757 647 1424
f 1424 647 646
f 647 648 646
f 646 648 643
f 648 1271 643
f 643 1271 737
f 1271 725 737
f 737 725 765
f 725 724 765
f 765 724 762
f 762 724 2907
f 2907 724 2909
f 1254 1437 2909
f 2909 1437 2907
f 1438 1253 1836
f 1836 1253 1835
f 1836 1835 2938
f 2938 1835 2934
f 2971 2972 2935
f 2935 2972 2967
f 897 896 2969
f 2969 896 2970
f 1815 1814 734
f 734 1814 731
f 728 1215 896
f 896 1215 732
f 2885 1216 733
f 733 1216 2886
f 1216 1219 2886
f 2886 1219 2883
f 2876 1304 1821
f 1821 1304 749
f 1304 1303 749
f 749 1303 746
f 1818 2973 1817
f 1817 2973 1810
f 747 2974 1818
f 1818 2974 2973
f 747 746 2974
f 2974 746 1303
f 2976 2977 2975
f 2975 2977 2978
f 2976 2979 2901
f 2901 2979 2900
f 2980 2981 2982
f 2982 2981 2979
f 2981 2980 2983
f 2983 2980 2984
f 2985 2897 2983
f 2983 2897 2898
f 2987 2988 2986
f 2986 2988 2985
f 2896 2988 1442
f 1442 2988 1439
f 1903 2977 1904
f 1904 2977 2902
f 1856 1855 1890
f 1890 1855 2989
f 2989 2990 1890
f 1890 2990 1359
f 2990 2991 1359
f 1359 2991 1356
f 2946 2992 1859
f 1859 2992 1893
f 2992 2993 1893
f 1893 2993 775
f 2993 2994 775
f 775 2994 776
f 2986 1356 2987
f 2987 1356 2991
f 2975 2978 776
f 776 2978 777
f 2982 2994 2980
f 2980 2994 2995
f 1357 2984 2995
f 2995 2984 2980
f 2995 2996 1357
f 1357 2996 1358
f 2996 2997 1358
f 1358 2997 1889
f 2998 2999 2932
f 2932 2999 2933
f 2999 2971 2933
f 2933 2971 2934
f 1837 1836 2937
f 2937 1836 2938
f 2943 1841 2941
f 2941 1841 1838
f 3001 2944 3000
f 3000 2944 2943
f 3001 3002 2944
f 2944 3002 2945
f 3002 3003 2945
f 2945 3003 2946
f 2997 3003 1889
f 1889 3003 2947
f 2947 3003 2948
f 2948 3003 3002
f 3001 3004 3002
f 3002 3004 2948
f 3000 3005 3001
f 3001 3005 3004
f 2940 3006 3000
f 3000 3006 3005
f 2999 3007 2971
f 2971 3007 2972
f 2998 2951 2999
f 2999 2951 3007
f 3008 2952 2998
f 2998 2952 2951
f 2966 2965 2936
f 2936 2965 2937
f 2935 2938 2971
f 2971 2938 2934
f 3003 2997 2946
f 2946 2997 2992
f 2997 2996 2992
f 2992 2996 2993
f 2996 2995 2993
f 2993 2995 2994
f 1356 2986 1357
f 1357 2986 2984
f 2982 2975 2994
f 2994 2975 776
f 1844 1843 1899
f 1899 1843 3009
f 1843 638 3009
f 3009 638 3010
f 638 637 3010
f 3010 637 3011
f 637 1830 3011
f 3011 1830 3012
f 1830 1833 3012
f 3012 1833 2894
f 1833 1854 2894
f 2894 1854 2895
f 1854 1853 2895
f 2895 1853 1888
f 1858 1857 1885
f 1885 1857 1892
f 1899 3009 1898
f 1898 3009 1874
f 3009 3010 1874
f 1874 3010 1865
f 3010 3011 1865
f 1865 3011 1862
f 3011 3012 1862
f 1862 3012 1882
f 3012 2894 1882
f 1882 2894 2893
f 1850 2890 782
f 782 2890 2889
f 783 2880 1811
f 1811 2880 1812
f 744 1810 745
f 745 1810 2973
f 745 2973 805
f 805 2973 806
f 2973 2974 806
f 806 2974 815
f 1303 812 2974
f 2974 812 815
f 1303 1302 812
f 812 1302 1221
f 1307 3013 1302
f 1302 3013 1221
f 1734 3014 1633
f 1633 3014 1634
f 1646 1649 1636
f 1636 1649 1637
f 1654 1657 1641
f 1641 1657 1642
f 1639 1736 1636
f 1636 1736 1684
f 1716 1713 1698
f 1698 1713 1699
f 1718 1721 1705
f 1705 1721 1706
f 1653 1654 1709
f 1709 1654 1641
f 1620 1623 1714
f 1714 1623 1699
f 1712 1682 1714
f 1714 1682 1740
f 1668 1671 1746
f 1746 1671 1747
f 1752 1650 1749
f 1749 1650 1750
f 1750 1650 1709
f 1709 1650 1653
f 1632 1668 1633
f 1633 1668 1746
f 1649 1752 1637
f 1637 1752 1749
f 1682 1643 1740
f 1740 1643 1642
f 3014 1685 1634
f 1634 1685 1684
f 1704 1748 1705
f 1705 1748 1747
f 1697 1707 1698
f 1698 1707 1706
f 1739 1701 1621
f 1621 1701 1622
f 1567 1566 1647
f 1647 1566 1648
f 1664 1695 1651
f 1651 1695 1652
f 1614 1617 1655
f 1655 1617 1656
f 1704 1707 1659
f 1659 1707 1660
f 3014 1734 1662
f 1662 1734 1663
f 1650 1752 1651
f 1651 1752 1665
f 1741 1657 1667
f 1667 1657 1656
f 1695 1614 1652
f 1652 1614 1655
f 1724 1567 1726
f 1726 1567 1647
f 1645 1628 1733
f 1733 1628 1663
f 1685 3014 1726
f 1726 3014 1662
f 1620 1741 1621
f 1621 1741 1667
f 1566 1666 1648
f 1648 1666 1665
f 1658 1737 1659
f 1659 1737 1901
f 1911 1661 1910
f 1910 1661 1660
f 1701 1911 1622
f 1622 1911 1910
f 1732 1748 1733
f 1733 1748 1901
f 1857 2948 1892
f 1892 2948 3004
f 1892 3004 1891
f 1891 3004 3005
f 1828 3006 1829
f 1829 3006 2949
f 2967 736 2968
f 2968 736 710
f 2972 2969 2967
f 2967 2969 736
f 2969 2972 897
f 897 2972 3007
f 897 3007 729
f 729 3007 2951
f 3016 753 3015
f 3015 753 752
f 3018 767 3017
f 3017 767 766
f 3019 3020 1249
f 1249 3020 3021
f 2915 2914 3019
f 3019 2914 3020
f 3023 2914 3022
f 3022 2914 1783
f 2827 2839 769
f 769 2839 766
f 3025 2838 3024
f 3024 2838 3021
f 768 767 2850
f 2850 767 3026
f 2850 3026 751
f 751 3026 752
f 750 753 2932
f 2932 753 3027
f 3008 2998 3027
f 3027 2998 2932
f 3028 3029 3008
f 3008 3029 2952
f 3029 3030 2952
f 2952 3030 730
f 3032 3033 3031
f 3031 3033 3034
f 3036 3037 3035
f 3035 3037 3038
f 2870 3039 612
f 612 3039 3040
f 3041 3042 3031
f 3031 3042 3038
f 3034 1352 3043
f 3043 1352 944
f 612 3040 613
f 613 3040 3044
f 613 3044 1425
f 1425 3044 1422
f 3045 3042 669
f 669 3042 670
f 3041 3043 599
f 599 3043 600
f 772 771 1544
f 1544 771 781
f 1503 771 1866
f 1866 771 770
f 771 1503 781
f 781 1503 778
f 61 281 416
f 416 281 1907
f 283 103 3046
f 3046 103 3047
f 76 79 3048
f 3048 79 3049
f 280 76 1906
f 1906 76 3048
f 3051 335 3050
f 3050 335 334
f 3053 417 3052
f 3052 417 416
f 3055 435 3054
f 3054 435 434
f 428 435 419
f 419 435 1908
f 420 1909 293
f 293 1909 443
f 79 294 3049
f 3049 294 444
f 3057 444 3056
f 3056 444 443
f 3051 3058 335
f 335 3058 452
f 216 215 1332
f 1332 215 452
f 308 283 462
f 462 283 3046
f 3050 334 3059
f 3059 334 462
f 103 62 3047
f 3047 62 417
f 313 312 434
f 434 312 463
f 3061 574 3060
f 3060 574 573
f 1310 3062 1428
f 1428 3062 3063
f 1258 3064 1255
f 1255 3064 2871
f 932 3065 2853
f 2853 3065 3066
f 699 2814 931
f 931 2814 3067
f 3068 1301 3063
f 3063 1301 1428
f 571 574 1310
f 1310 574 3062
f 3060 573 3069
f 3069 573 1332
f 3070 3071 1906
f 1906 3071 1907
f 3072 3073 1908
f 1908 3073 1909
f 3075 2814 3074
f 3074 2814 2813
f 2854 3076 1258
f 1258 3076 3064
f 2871 3077 2872
f 2872 3077 3078
f 3074 2813 3079
f 3079 2813 2873
f 2872 3078 1349
f 1349 3078 3080
f 2873 701 3068
f 3068 701 1301
f 1330 1201 3080
f 3080 1201 1349
f 1264 1263 3081
f 3081 1263 3082
f 3083 3084 3082
f 3082 3084 3081
f 811 1448 3086
f 3086 1448 3085
f 808 811 3087
f 3087 811 3086
f 3088 3083 833
f 833 3083 3082
f 884 3089 885
f 885 3089 3090
f 3087 1790 808
f 808 1790 816
f 1790 3087 1787
f 1787 3087 3091
f 3092 3091 3086
f 3086 3091 3087
f 3093 3094 3084
f 3084 3094 3095
f 3089 3096 3090
f 3090 3096 3088
f 3097 3093 3083
f 3083 3093 3084
f 3099 3100 3098
f 3098 3100 1786
f 3101 1788 2913
f 2913 1788 3102
f 838 837 885
f 885 837 886
f 886 837 3103
f 3103 837 1541
f 3094 3093 3104
f 3104 3093 3097
f 3105 3106 3089
f 3089 3106 3096
f 3108 3109 3107
f 3107 3109 3110
f 3111 3112 3091
f 3091 3112 1787
f 3114 3108 3113
f 3113 3108 3107
f 3114 3115 3112
f 3112 3115 3102
f 3091 3092 3111
f 3111 3092 3116
f 839 838 835
f 835 838 836
f 885 3090 838
f 838 3090 836
f 3110 3117 1247
f 1247 3117 3118
f 1247 3118 1248
f 1248 3118 3119
f 3120 3121 3119
f 3119 3121 1248
f 1247 844 3110
f 3110 844 3107
f 844 843 3107
f 3107 843 3113
f 843 3099 3113
f 3113 3099 3122
f 1781 3123 3098
f 3098 3123 3124
f 2915 2931 1780
f 1780 2931 2930
f 3019 3125 2915
f 2915 3125 2931
f 890 3125 2834
f 2834 3125 1252
f 3125 3019 1252
f 1252 3019 1249
f 907 908 946
f 946 908 947
f 1185 1188 1369
f 1369 1188 948
f 954 957 951
f 951 957 952
f 910 965 953
f 953 965 950
f 905 958 960
f 960 958 961
f 3126 978 949
f 949 978 962
f 936 935 967
f 967 935 968
f 994 993 969
f 969 993 966
f 902 904 971
f 971 904 972
f 983 985 973
f 973 985 970
f 906 905 974
f 974 905 960
f 977 981 959
f 959 981 975
f 911 910 1143
f 1143 910 953
f 952 957 1142
f 1142 957 1145
f 911 1143 1366
f 1366 1143 1368
f 1185 1369 1145
f 1145 1369 1142
f 993 1519 966
f 966 1519 1456
f 965 1454 950
f 950 1454 1457
f 900 899 1459
f 1459 899 1460
f 988 991 1461
f 1461 991 1458
f 899 963 1460
f 1460 963 1462
f 985 987 970
f 970 987 1463
f 904 906 972
f 972 906 974
f 981 983 975
f 975 983 973
f 935 900 968
f 968 900 1459
f 991 994 1458
f 1458 994 969
f 1154 1526 1088
f 1088 1526 1089
f 1109 1112 1092
f 1092 1112 1093
f 1083 1098 1084
f 1084 1098 1097
f 1078 1471 1100
f 1100 1471 1101
f 1075 1078 1104
f 1104 1078 1100
f 1152 1154 1156
f 1156 1154 1088
f 1156 1155 1372
f 1372 1155 1373
f 1372 1373 1104
f 1104 1373 1075
f 1467 1109 1465
f 1465 1109 1092
f 1465 1182 1468
f 1468 1182 1184
f 1474 1470 1096
f 1096 1470 1097
f 1102 1101 1083
f 1083 1101 1098
f 1112 1531 1093
f 1093 1531 1529
f 1102 1073 1099
f 1099 1073 1072
f 1526 1154 1079
f 1079 1154 1080
f 1081 1091 1082
f 1082 1091 1094
f 1069 1068 1085
f 1085 1068 1086
f 1153 1151 1080
f 1080 1151 1058
f 1371 1177 1179
f 1179 1177 1176
f 1099 1072 1103
f 1103 1072 1176
f 1068 1071 1086
f 1086 1071 1073
f 1085 1084 1180
f 1180 1084 1469
f 1066 1065 1183
f 1183 1065 1181
f 1153 1152 1177
f 1177 1152 1178
f 1091 1081 1182
f 1182 1081 1183
f 1057 1525 1079
f 1079 1525 1527
f 1120 1117 1076
f 1076 1117 1077
f 1087 1090 1107
f 1107 1090 1108
f 1127 1126 1110
f 1110 1126 1111
f 1095 1116 1096
f 1096 1116 1115
f 1471 1078 1119
f 1119 1078 1077
f 1087 1107 1155
f 1155 1107 1158
f 1376 1374 1157
f 1157 1374 1158
f 1076 1075 1374
f 1374 1075 1373
f 1109 1467 1110
f 1110 1467 1472
f 1467 1466 1472
f 1472 1466 1473
f 1135 1475 1114
f 1114 1475 1115
f 1471 1119 1095
f 1095 1119 1116
f 1126 1532 1111
f 1111 1532 1530
f 914 1276 1480
f 1480 1276 1517
f 3127 3128 1223
f 1223 3128 1224
f 824 933 1455
f 1455 933 3129
f 3131 1448 3130
f 3130 1448 1447
f 3132 3133 1452
f 1452 3133 1453
f 3130 1447 1322
f 1322 1447 1455
f 933 1514 3129
f 3129 1514 3134
f 1161 3135 1480
f 1480 3135 1481
f 3128 3136 1224
f 1224 3136 1499
f 3133 1162 1453
f 1453 1162 1517
f 1515 3127 1535
f 1535 3127 1223
f 3095 3085 3131
f 3131 3085 1448
f 3137 3092 3085
f 3085 3092 3086
f 3138 3116 3137
f 3137 3116 3092
f 3110 3109 3117
f 3117 3109 3139
f 3105 3140 3117
f 3117 3140 3118
f 3140 3141 3118
f 3118 3141 3119
f 3142 3120 3141
f 3141 3120 3119
f 1498 3143 1277
f 1277 3143 882
f 3144 3145 1340
f 1340 3145 1339
f 1340 3146 3144
f 3144 3146 3147
f 3145 3144 3143
f 3143 3144 3148
f 871 901 872
f 872 901 1362
f 3149 3148 3147
f 3147 3148 3144
f 1208 3150 1209
f 3098 1786 1781
f 1781 1786 1782
f 2930 2929 3123
f 3123 2929 2911
f 1794 1791 2916
f 2916 1791 2917
f 1793 3101 2918
f 2918 3101 2919
f 1796 1794 2920
f 2920 1794 2916
f 3151 3152 2921
f 2921 3152 2922
f 3153 3154 2923
f 2923 3154 2924
f 2919 3101 2912
f 2912 3101 2913
f 3155 1796 2925
f 2925 1796 2920
f 3154 3156 2924
f 2924 3156 2926
f 1791 1793 2917
f 2917 1793 2918
f 3157 3158 2927
f 2927 3158 2928
f 1780 2930 1781
f 1781 2930 3123
f 2825 1267 1189
f 1189 1267 1190
f 2827 2828 1250
f 1250 2828 1251
f 1489 2830 1324
f 1324 2830 1325
f 923 1328 1334
f 1334 1328 1335
f 1485 2832 1482
f 1482 2832 1483
f 1266 1490 1492
f 1492 1490 1493
f 1333 1346 1334
f 1334 1346 2824
f 722 799 1492
f 1492 799 1190
f 664 657 1482
f 1482 657 2833
f 631 634 1324
f 1324 634 1493
f 2828 1494 1251
f 1251 1494 2835
f 1249 3021 1250
f 1250 3021 2838
f 798 2837 1189
f 1189 2837 2836
f 3100 842 3160
f 3160 842 3159
f 1788 3101 1789
f 1789 3101 1793
f 1792 816 1789
f 1789 816 1790
f 817 816 1795
f 1795 816 1792
f 938 817 1797
f 1797 817 1795
f 1796 3155 1797
f 1797 3155 1798
f 3155 3158 1798
f 1798 3158 1799
f 3157 3152 1801
f 1801 3152 1802
f 3151 3156 1803
f 1803 3156 1804
f 3154 3153 1805
f 1805 3153 1806
f 3153 3161 1806
f 1806 3161 1807
f 3099 843 3100
f 3100 843 842
f 1788 1787 3102
f 3102 1787 3112
f 2910 3115 3124
f 3124 3115 3122
f 3099 3098 3122
f 3122 3098 3124
f 416 1907 3052
f 3052 1907 3071
f 3046 3047 3163
f 3163 3047 3162
f 249 445 259
f 259 445 3164
f 425 3165 424
f 424 3165 461
f 408 410 329
f 329 410 330
f 39 331 40
f 40 331 332
f 305 304 423
f 423 304 464
f 385 254 458
f 458 254 392
f 250 415 251
f 251 415 412
f 233 337 234
f 234 337 3166
f 435 3055 1908
f 1908 3055 3072
f 443 1909 3056
f 3056 1909 3073
f 3167 3049 3057
f 3057 3049 444
f 452 3058 1332
f 1332 3058 3069
f 234 3166 346
f 346 3166 411
f 3046 3163 462
f 462 3163 3059
f 259 3164 260
f 260 3164 336
f 3047 417 3162
f 3162 417 3053
f 463 3168 434
f 434 3168 3054
f 454 830 425
f 425 830 3165
f 3062 3169 3063
f 3063 3169 3170
f 1355 1354 1534
f 1534 1354 3171
f 3063 3170 3068
f 3068 3170 3172
f 574 3061 3062
f 3062 3061 3169
f 1534 3171 1535
f 1535 3171 3173
f 3079 2873 3172
f 3172 2873 3068
f 2838 3025 2839
f 2839 3025 3174
f 3176 3177 3175
f 3175 3177 3178
f 3180 1125 3179
f 3179 1125 1128
f 3182 3183 3181
f 3181 3183 3184
f 1134 3185 1130
f 1130 3185 3182
f 3186 3187 3189
f 3189 3187 3188
f 3191 3189 3190
f 3190 3189 3188
f 1137 1122 3190
f 3190 1122 3192
f 3175 3178 3193
f 3193 3178 3194
f 3181 3184 3179
f 3179 3184 3195
f 3197 3198 3196
f 3196 3198 3180
f 3200 3178 3199
f 3199 3178 3177
f 3202 3196 3201
f 3201 3196 3195
f 3204 3184 3203
f 3203 3184 3183
f 3206 3207 3205
f 3205 3207 3186
f 3205 3186 3208
f 3208 3186 3189
f 3209 3208 3191
f 3191 3208 3189
f 3210 3194 3200
f 3200 3194 3178
f 3201 3195 3204
f 3204 3195 3184
f 3197 3211 3177
f 3177 3211 3199
f 3213 3214 3212
f 3212 3214 3215
f 3217 3218 3216
f 3216 3218 3219
f 3221 3222 3220
f 3220 3222 3223
f 3225 3226 3224
f 3224 3226 3227
f 3229 3230 3228
f 3228 3230 3231
f 3233 3234 3232
f 3232 3234 3235
f 3237 3238 3236
f 3236 3238 3239
f 3238 3240 3239
f 3239 3240 3241
f 3232 3235 3242
f 3242 3235 3243
f 3245 3246 3244
f 3244 3246 3247
f 3248 3249 3245
f 3245 3249 3246
f 3251 3252 3250
f 3250 3252 3253
f 3255 3252 3254
f 3254 3252 3251
f 3256 3257 3259
f 3259 3257 3258
f 3261 3262 3260
f 3260 3262 3263
f 3265 3263 3264
f 3264 3263 3262
f 3256 3259 3266
f 3266 3259 3267
f 3269 3270 3268
f 3268 3270 3271
f 3269 3272 3270
f 3270 3272 3273
f 3274 3275 3277
f 3277 3275 3276
f 3278 3279 3276
f 3276 3279 3277
f 3281 3282 3280
f 3280 3282 3283
f 3280 3284 3281
f 3281 3284 3285
f 3287 3288 3286
f 3286 3288 3289
f 3290 3291 3288
f 3288 3291 3289
f 3234 3218 3235
f 3235 3218 3217
f 3232 3292 3233
f 3233 3292 3293
f 3239 3294 3236
f 3236 3294 3219
f 3233 3293 3237
f 3237 3293 3295
f 3296 3294 3241
f 3241 3294 3239
f 3240 3238 3297
f 3297 3238 3298
f 3217 3216 3235
f 3235 3216 3243
f 3297 3299 3240
f 3240 3299 3242
f 3246 3300 3247
f 3247 3300 3223
f 3301 3302 3254
f 3254 3302 3244
f 3249 3303 3246
f 3246 3303 3300
f 3245 3304 3248
f 3248 3304 3292
f 3252 3221 3253
f 3253 3221 3220
f 3250 3248 3299
f 3299 3248 3292
f 3222 3221 3255
f 3255 3221 3252
f 3297 3301 3251
f 3251 3301 3254
f 3258 3214 3259
f 3259 3214 3213
f 3257 3256 3304
f 3304 3256 3305
f 3263 3306 3260
f 3260 3306 3215
f 3261 3257 3302
f 3302 3257 3304
f 3307 3306 3265
f 3265 3306 3263
f 3262 3301 3264
f 3264 3301 3308
f 3259 3213 3267
f 3267 3213 3212
f 3308 3309 3264
f 3264 3309 3266
f 3270 3310 3271
f 3271 3310 3231
f 3311 3312 3278
f 3278 3312 3268
f 3270 3273 3310
f 3310 3273 3313
f 3272 3269 3305
f 3305 3269 3314
f 3277 3229 3274
f 3274 3229 3228
f 3275 3272 3309
f 3309 3272 3305
f 3279 3230 3277
f 3277 3230 3229
f 3276 3308 3278
f 3278 3308 3311
f 3281 3315 3282
f 3282 3315 3227
f 3290 3316 3283
f 3283 3316 3317
f 3281 3285 3315
f 3315 3285 3318
f 3284 3280 3314
f 3314 3280 3319
f 3289 3225 3286
f 3286 3225 3224
f 3287 3284 3312
f 3284 3314 3312
f 3291 3226 3289
f 3289 3226 3225
f 3288 3311 3290
f 3290 3311 3316
f 3212 3215 3307
f 3307 3215 3306
f 3294 3296 3219
f 3219 3296 3216
f 3303 3220 3300
f 3300 3220 3223
f 3224 3227 3318
f 3318 3227 3315
f 3228 3231 3313
f 3313 3231 3310
f 3234 3233 3236
f 3236 3233 3237
f 3243 3241 3242
f 3242 3241 3240
f 3247 3255 3244
f 3244 3255 3254
f 3253 3249 3250
f 3250 3249 3248
f 3260 3258 3261
f 3261 3258 3257
f 3266 3267 3264
f 3264 3267 3265
f 3268 3271 3278
f 3278 3271 3279
f 3274 3273 3275
f 3275 3273 3272
f 3283 3282 3290
f 3290 3282 3291
f 3286 3285 3287
f 3287 3285 3284
f 3218 3234 3219
f 3219 3234 3236
f 3295 3298 3237
f 3237 3298 3238
f 3216 3296 3243
f 3243 3296 3241
f 3242 3299 3232
f 3232 3299 3292
f 3223 3222 3247
f 3247 3222 3255
f 3244 3302 3245
f 3245 3302 3304
f 3303 3249 3220
f 3220 3249 3253
f 3297 3251 3299
f 3299 3251 3250
f 3215 3214 3260
f 3260 3214 3258
f 3301 3262 3302
f 3302 3262 3261
f 3212 3307 3267
f 3267 3307 3265
f 3266 3309 3256
f 3256 3309 3305
f 3271 3231 3279
f 3279 3231 3230
f 3268 3312 3269
f 3269 3312 3314
f 3228 3313 3274
f 3274 3313 3273
f 3308 3276 3309
f 3309 3276 3275
f 3282 3227 3291
f 3291 3227 3226
f 3317 3319 3283
f 3283 3319 3280
f 3224 3318 3286
f 3286 3318 3285
f 3312 3311 3287
f 3311 3288 3287
f 3320 3321 3194
f 3194 3321 3193
f 1375 3321 1121
f 1121 3321 3322
f 3323 3324 3322
f 3322 3324 3192
f 3175 1124 3176
f 3176 1124 1123
f 3179 3195 3180
f 3180 3195 3196
f 3181 1131 3182
f 3182 1131 1130
f 3207 3185 3186
f 3186 3185 3187
f 1136 3188 1133
f 1133 3188 3187
f 3190 3188 1137
f 1137 3188 1136
f 3193 1159 3175
f 3175 1159 1124
f 3179 1128 3181
f 3181 1128 1131
f 1533 3198 1123
f 1123 3198 3176
f 3321 1375 3193
f 3193 1375 1159
f 3321 3320 3322
f 3322 3320 3323
f 1122 1121 3192
f 3192 1121 3322
f 3194 3210 3320
f 3320 3210 3325
f 3324 3323 3327
f 3327 3323 3326
f 3320 3325 3323
f 3323 3325 3326
f 3208 3328 3205
f 3205 3328 3329
f 3330 3206 3329
f 3329 3206 3205
f 3203 3331 3204
f 3204 3331 3332
f 3210 3333 3325
f 3325 3333 3334
f 3325 3334 3326
f 3326 3334 3335
f 3327 3326 3336
f 3336 3326 3335
f 3327 3209 3324
f 3324 3209 3191
f 3190 3192 3191
f 3191 3192 3324
f 3338 3339 3337
f 3337 3339 3340
f 3338 3341 3339
f 3339 3341 3342
f 3341 3343 3342
f 3342 3343 3344
f 3343 3345 3344
f 3344 3345 3346
f 3345 3347 3346
f 3346 3347 3348
f 3347 3349 3348
f 3348 3349 3350
f 3337 3340 3351
f 3351 3340 3352
f 3351 3352 3353
f 3353 3352 3354
f 3353 3354 3355
f 3355 3354 3356
f 3350 3349 3357
f 3357 3349 3358
f 3355 3356 3359
f 3359 3356 3360
f 3359 3360 3361
f 3361 3360 3362
f 3361 3362 3363
f 3363 3362 3364
f 3363 3364 3358
f 3358 3364 3357
f 3339 3342 3365
f 3365 3342 3366
f 3342 3344 3366
f 3366 3344 3367
f 3344 3346 3367
f 3367 3346 3368
f 3346 3348 3368
f 3368 3348 3369
f 3348 3350 3369
f 3369 3350 3370
f 3368 3369 3371
f 3371 3369 3372
f 3369 3370 3372
f 3372 3370 3373
f 3373 3374 3372
f 3372 3374 3375
f 3377 3378 3376
f 3376 3378 3379
f 3377 3375 3378
f 3378 3375 3374
f 3375 3380 3372
f 3372 3380 3371
f 3377 3381 3375
f 3375 3381 3380
f 3376 3382 3377
f 3377 3382 3381
f 3384 3385 3383
f 3383 3385 3386
f 3384 3383 3388
f 3388 3383 3387
f 3388 3387 3389
f 3389 3387 3390
f 3392 3385 3391
f 3391 3385 3384
f 3388 3393 3384
f 3384 3393 3391
f 3389 3394 3388
f 3388 3394 3393
f 3389 3395 3394
f 3394 3395 3396
f 3395 3389 3397
f 3397 3389 3390
f 3339 3365 3340
f 3340 3365 3398
f 3340 3398 3352
f 3352 3398 3399
f 3371 3400 3368
f 3368 3400 3367
f 3400 3401 3367
f 3367 3401 3366
f 3366 3401 3365
f 3365 3401 3402
f 3398 3365 3403
f 3403 3365 3402
f 3398 3403 3399
f 3399 3403 3404
f 3403 3405 3404
f 3404 3405 3406
f 3352 3399 3354
f 3354 3399 3407
f 3399 3404 3407
f 3407 3404 3408
f 3404 3406 3408
f 3408 3406 3409
f 3405 3410 3406
f 3406 3410 3411
f 3410 3412 3411
f 3411 3412 3413
f 3397 3414 3395
f 3395 3414 3415
f 3417 3415 3416
f 3416 3415 3412
f 3410 3418 3412
f 3412 3418 3416
f 3410 3405 3418
f 3418 3405 3419
f 3405 3403 3419
f 3419 3403 3402
f 3370 3350 3420
f 3420 3350 3357
f 3373 3370 3421
f 3421 3370 3420
f 3374 3373 3422
f 3422 3373 3421
f 3378 3374 3423
f 3423 3374 3422
f 3378 3423 3379
f 3379 3423 3424
f 3424 3425 3379
f 3379 3425 3386
f 3383 3426 3387
f 3387 3426 3427
f 3387 3427 3390
f 3390 3427 3428
f 3390 3428 3397
f 3397 3428 3429
f 3429 3430 3397
f 3397 3430 3414
f 3411 3413 3431
f 3431 3413 3432
f 3406 3411 3409
f 3409 3411 3431
f 3401 3400 3335
f 3335 3400 3336
f 3401 3335 3402
f 3402 3335 3334
f 3402 3334 3419
f 3419 3334 3333
f 3419 3333 3418
f 3418 3333 3433
f 3418 3433 3416
f 3416 3433 3434
f 3435 3417 3434
f 3434 3417 3416
f 3394 3396 3436
f 3436 3396 3437
f 3393 3394 3332
f 3332 3394 3436
f 3393 3332 3391
f 3391 3332 3331
f 3330 3392 3331
f 3331 3392 3391
f 3382 3329 3381
f 3381 3329 3328
f 3354 3407 3356
f 3356 3407 3438
f 3356 3438 3360
f 3360 3438 3439
f 3360 3439 3362
f 3362 3439 3440
f 3362 3440 3364
f 3364 3440 3441
f 3364 3441 3357
f 3357 3441 3420
f 3421 3420 3442
f 3442 3420 3441
f 3442 3441 3443
f 3443 3441 3440
f 3443 3440 3444
f 3444 3440 3439
f 3444 3439 3445
f 3445 3439 3438
f 3445 3438 3408
f 3408 3438 3407
f 3422 3421 3446
f 3446 3421 3442
f 3446 3442 3447
f 3447 3442 3443
f 3447 3443 3448
f 3448 3443 3444
f 3448 3444 3449
f 3449 3444 3445
f 3449 3445 3409
f 3409 3445 3408
f 3409 3431 3449
f 3449 3431 3450
f 3449 3450 3448
f 3448 3450 3451
f 3451 3452 3448
f 3448 3452 3447
f 3447 3452 3446
f 3446 3452 3453
f 3446 3453 3422
f 3422 3453 3423
f 3424 3423 3454
f 3454 3423 3453
f 3452 3455 3453
f 3453 3455 3454
f 3452 3451 3455
f 3455 3451 3456
f 3450 3457 3451
f 3451 3457 3456
f 3431 3432 3450
f 3450 3432 3457
f 3454 3458 3424
f 3424 3458 3425
f 3427 3426 3459
f 3459 3426 3460
f 3428 3427 3461
f 3461 3427 3459
f 3428 3461 3429
f 3429 3461 3462
f 3462 3463 3429
f 3429 3463 3430
f 3464 3465 3462
f 3462 3465 3463
f 3455 3466 3454
f 3454 3466 3458
f 3465 3464 3466
f 3466 3464 3467
f 3461 3459 3468
f 3468 3459 3469
f 3468 3469 3464
f 3464 3469 3467
f 3464 3462 3468
f 3468 3462 3461
f 3459 3460 3469
f 3469 3460 3467
f 3295 3351 3298
f 3298 3351 3353
f 3353 3355 3298
f 3298 3355 3297
f 3297 3355 3301
f 3301 3355 3359
f 3301 3359 3308
f 3308 3359 3361
f 3308 3361 3311
f 3311 3361 3363
f 3311 3363 3316
f 3316 3363 3358
f 3316 3358 3317
f 3317 3358 3349
f 3349 3347 3317
f 3317 3347 3319
f 3347 3345 3319
f 3319 3345 3314
f 3345 3343 3314
f 3314 3343 3305
f 3343 3341 3305
f 3305 3341 3304
f 3304 3341 3292
f 3292 3341 3338
f 3292 3338 3293
f 3293 3338 3337
f 3293 3337 3295
f 3295 3337 3351
f 3437 3202 3436
f 3436 3202 3201
f 3436 3201 3332
f 3332 3201 3204
f 3433 3200 3434
f 3434 3200 3199
f 3211 3435 3199
f 3199 3435 3434
f 3333 3210 3433
f 3433 3210 3200
f 3380 3470 3371
f 3400 3371 3336
f 3336 3371 3470
f 3381 3328 3380
f 3380 3328 3470
f 3470 3328 3209
f 3209 3328 3208
f 3336 3470 3327
f 3327 3470 3209
f 1545 1763 1546
f 1546 1763 1762
f 1403 1546 773
f 773 1546 770
f 1221 3013 1220
f 1220 3013 3471
f 1305 2877 1306
f 1306 2877 2879
f 1220 3471 828
f 828 3471 829
f 1217 1754 3472
f 3472 1754 1756
f 1049 3473 1048
f 1048 3473 3474
f 1371 1179 3473
f 3473 1179 3474
f 1074 3475 1179
f 1179 3475 3474
f 3474 3475 1048
f 1048 3475 1056
f 919 666 1345
f 1345 666 665
f 856 680 919
f 919 680 666
f 679 680 1449
f 1449 680 858
f 1367 878 1500
f 1500 878 877
f 1366 908 1367
f 1367 908 878
f 1512 916 1513
f 1513 916 915
f 947 1368 948
f 948 1368 1369
f 1047 1021 1044
f 1044 1021 1020
f 1370 1049 1019
f 1019 1049 1020
f 1173 1030 1174
f 1174 1030 1033
f 3126 1188 1464
f 1464 1188 1187
f 1800 1451 1512
f 1512 1451 916
f 1175 1174 1186
f 1186 1174 1187
f 1030 1173 1047
f 1047 1173 1021
f 1513 915 3476
f 3476 915 1481
f 1345 665 3477
f 3477 665 1483
f 1502 1501 876
f 876 1501 877
f 1205 1451 1803
f 1803 1451 1802
f 3479 2832 3478
f 3478 2832 2831
f 1449 858 2927
f 2927 858 2922
f 908 1366 947
f 947 1366 1368
f 949 948 3126
f 3126 948 1188
f 3480 3135 1502
f 1502 3135 1501
f 2927 2922 3157
f 3157 2922 3152
f 3477 1483 3479
f 3479 1483 2832
f 1803 1802 3151
f 3151 1802 3152
f 663 658 664
f 664 658 657
f 655 658 939
f 939 658 706
f 1512 870 1800
f 1800 870 869
f 875 874 876
f 876 874 873
f 849 874 905
f 905 874 958
f 949 962 946
f 946 962 961
f 978 3126 979
f 979 3126 1464
f 1031 1168 1032
f 1032 1168 1022
f 1045 1013 1046
f 1046 1013 1012
f 1045 1044 1056
f 1056 1044 1048
f 1047 1046 1030
f 1030 1046 1031
f 939 706 940
f 940 706 1450
f 979 1464 1032
f 1032 1464 1033
f 3480 1478 3476
f 3476 1478 3134
f 2829 1487 2830
f 2830 1487 1486
f 848 1230 873
f 873 1230 1479
f 867 870 933
f 933 870 1514
f 1800 869 1801
f 1801 869 1799
f 2830 1486 1325
f 1325 1486 2833
f 940 1450 2925
f 2925 1450 2928
f 946 961 907
f 907 961 958
f 959 962 977
f 977 962 978
f 3476 3134 1513
f 1513 3134 1514
f 2925 2928 3155
f 3155 2928 3158
f 1325 2833 656
f 656 2833 657
f 1801 1799 3157
f 3157 1799 3158
f 1074 1055 3475
f 3475 1055 1056
f 1371 3473 1370
f 1370 3473 1049
f 2884 615 3481
f 3481 615 618
f 3478 2831 2846
f 2846 2831 617
f 2831 1484 617
f 617 1484 618
f 1484 1487 618
f 618 1487 3481
f 2848 3481 2829
f 2829 3481 1487
f 1480 1517 1161
f 1161 1517 1162
f 3129 1323 1455
f 1455 1323 1322
f 3129 3134 1323
f 1323 3134 1478
f 1535 3173 1515
f 1515 3173 1516
f 3085 3095 3137
f 3137 3095 3094
f 3137 3094 3138
f 3138 3094 3104
f 3117 3139 3105
f 3105 3139 3106
f 1138 1141 3127
f 3127 1141 3128
f 3081 3131 1264
f 1264 3131 3130
f 1227 1226 3132
f 3132 1226 3133
f 1264 3130 1229
f 1229 3130 1322
f 1160 1501 1161
f 1161 1501 3135
f 1141 1476 3128
f 3128 1476 3136
f 1226 1163 3133
f 3133 1163 1162
f 1363 1138 1515
f 1515 1138 3127
f 3084 3095 3081
f 3081 3095 3131
f 3089 884 3105
f 3105 884 3140
f 884 883 3140
f 3140 883 3141
f 883 3482 3141
f 3141 3482 3142
f 3476 1481 3480
f 3480 1481 3135
f 1502 1479 3480
f 3480 1479 1478
f 3168 463 440
f 714 1880 715
f 715 1880 2905
f 896 732 2970
f 2970 732 731
f 1263 834 3082
f 3082 834 833
f 898 1231 853
f 853 1231 854
f 3125 890 2931
f 2931 890 889
f 1237 893 2851
f 2851 893 892
f 898 853 899
f 899 853 963
f 988 987 989
f 989 987 986
f 1002 1007 1003
f 1003 1007 1006
f 1038 1036 1007
f 1007 1036 1004
f 1070 1052 1005
f 1005 1052 1006
f 1069 1067 1070
f 1070 1067 1052
f 1130 1129 1134
f 1134 1129 1135
f 879 1167 880
f 880 1167 1166
f 1171 1169 1037
f 1037 1169 1038
f 1085 1180 1069
f 1069 1180 1067
f 1209 1210 879
f 879 1210 1167
f 2885 1215 1754
f 1754 1215 1214
f 1263 855 834
f 834 855 854
f 708 1244 1826
f 1826 1244 1243
f 2909 894 1254
f 1254 894 893
f 1228 1361 964
f 964 1361 1360
f 2908 2907 1436
f 1436 2907 1437
f 2990 1440 2991
f 2991 1440 1439
f 964 1360 965
f 965 1360 1454
f 950 1457 951
f 951 1457 1456
f 970 1463 971
f 971 1463 1462
f 1025 1169 984
f 984 1169 986
f 1084 1097 1469
f 1469 1097 1470
f 1096 1115 1474
f 1474 1115 1475
f 1140 1361 1141
f 1141 1361 1476
f 1212 1495 2828
f 2828 1495 1494
f 880 1166 1452
f 1452 1166 1499
f 715 2905 1504
f 1504 2905 2906
f 954 1519 955
f 955 1519 1518
f 1026 1520 992
f 992 1520 1518
f 1029 1520 1043
f 1043 1520 1521
f 997 1522 1040
f 1040 1522 1521
f 1015 1522 1016
f 1016 1522 1523
f 1523 996 1524
f 1524 996 1062
f 1057 1060 1525
f 1525 1060 1524
f 1094 1528 1082
f 1082 1528 1527
f 1526 1528 1089
f 1089 1528 1529
f 1090 1531 1108
f 1108 1531 1530
f 1125 1533 1126
f 1126 1533 1532
f 3483 1755 727
f 727 1755 1214
f 735 1814 707
f 707 1814 1813
f 2891 1834 1246
f 1246 1834 1243
f 2904 1881 1847
f 1847 1881 1848
f 1852 1855 1853
f 1853 1855 1858
f 1902 2903 1877
f 1877 2903 1878
f 2903 2904 1878
f 1878 2904 1847
f 714 713 1848
f 1848 713 1849
f 1440 2990 1883
f 1883 2990 2989
f 1883 2989 1852
f 1852 2989 1855
f 2895 1888 2892
f 2892 1888 1887
f 774 777 1877
f 1877 777 1903
f 1251 2835 1252
f 1252 2835 2834
f 1213 2844 1212
f 1212 2844 1495
f 2851 892 1213
f 1213 892 2844
f 3123 2911 3124
f 3124 2911 2910
f 887 2929 888
f 888 2929 889
f 1435 2963 1436
f 1436 2963 2961
f 1253 1438 1254
f 1254 1438 1437
f 2970 731 735
f 735 731 1814
f 733 732 2885
f 2885 732 1215
f 2901 2902 2976
f 2976 2902 2977
f 2975 2982 2976
f 2976 2982 2979
f 2899 2900 2981
f 2981 2900 2979
f 2899 2981 2898
f 2898 2981 2983
f 2986 2985 2984
f 2984 2985 2983
f 2897 2985 2896
f 2896 2985 2988
f 2991 1439 2987
f 2987 1439 2988
f 777 2978 1903
f 1903 2978 2977
f 1885 1888 1858
f 1858 1888 1853
f 3090 3088 836
f 836 3088 833
f 3083 3088 3097
f 3097 3088 3096
f 3097 3096 3104
f 3104 3096 3106
f 3111 3116 3108
f 3108 3116 3109
f 3112 3111 3114
f 3114 3111 3108
f 3113 3122 3114
f 3114 3122 3115
f 891 890 2837
f 2837 890 2834
f 951 1456 954
f 954 1456 1519
f 967 1457 936
f 936 1457 1454
f 971 1462 902
f 902 1462 963
f 1461 1463 988
f 988 1463 987
f 1466 1468 1474
f 1474 1468 1470
f 1089 1529 1090
f 1090 1529 1531
f 1184 1181 1469
f 1469 1181 1180
f 1082 1527 1061
f 1061 1527 1525
f 1129 1473 1135
f 1135 1473 1475
f 1108 1530 1105
f 1105 1530 1532
f 1452 1499 3132
f 3132 1499 3136
f 3109 3116 3139
f 3139 3116 3138
f 2912 2911 887
f 887 2911 2929
f 2836 2835 1497
f 1497 2835 1494
f 2913 3102 2910
f 2910 3102 3115
f 1133 3187 1134
f 1134 3187 3185
f 3177 3176 3197
f 3197 3176 3198
f 3203 3183 3206
f 3206 3183 3207
f 3196 3202 3197
f 3197 3202 3211
f 3183 3182 3207
f 3207 3182 3185
f 1125 3180 1533
f 1533 3180 3198
f 3331 3203 3330
f 3330 3203 3206
f 3376 3379 3385
f 3385 3379 3386
f 3382 3376 3392
f 3392 3376 3385
f 3412 3415 3413
f 3413 3415 3414
f 3417 3396 3415
f 3415 3396 3395
f 3383 3386 3426
f 3426 3386 3425
f 3413 3414 3432
f 3432 3414 3430
f 3437 3396 3435
f 3435 3396 3417
f 3329 3382 3330
f 3330 3382 3392
f 3426 3425 3460
f 3460 3425 3458
f 3432 3430 3457
f 3457 3430 3463
f 3457 3463 3456
f 3456 3463 3465
f 3460 3458 3467
f 3467 3458 3466
f 3466 3455 3465
f 3465 3455 3456
f 3202 3437 3211
f 3211 3437 3435
f 3104 3106 3138
f 3138 3106 3139
f 3132 3136 1227
f 1227 3136 1476
f 943 687 600
f 600 687 601
f 596 625 667
f 667 625 1297
f 687 686 601
f 601 686 653
f 1319 784 711
f 711 784 712
f 1811 607 783
f 783 607 712
f 862 921 917
f 917 921 920
f 3478 925 3479
f 3479 925 924
f 2846 926 3478
f 3478 926 925
f 659 662 929
f 929 662 930
f 856 921 857
f 857 921 1204
f 1206 864 1207
f 1207 864 863
f 2876 1219 2877
f 2877 1219 1218
f 667 1297 593
f 593 1297 1296
f 917 920 1333
f 1333 920 1346
f 686 693 653
f 653 693 930
f 1277 913 1498
f 1498 913 1207
f 592 1536 610
f 610 1536 711
f 864 1206 1805
f 1805 1206 1804
f 1317 1536 1900
f 1900 1536 1809
f 1900 1809 1295
f 1295 1809 1296
f 3479 924 3477
f 3477 924 2824
f 927 926 1203
f 1203 926 2847
f 3484 2859 3032
f 3032 2859 3033
f 3472 2878 1217
f 1217 2878 1218
f 2889 2888 2880
f 2880 2888 2881
f 2886 2883 2887
f 2887 2883 2882
f 929 928 2847
f 2847 928 1203
f 857 1204 2921
f 2921 1204 2926
f 1820 1819 2882
f 2882 1819 2881
f 1821 2883 2876
f 2876 2883 1219
f 782 2889 783
f 783 2889 2880
f 1352 3034 1353
f 1353 3034 3033
f 3031 3034 3041
f 3041 3034 3043
f 944 943 3043
f 3043 943 600
f 1339 3145 1498
f 1498 3145 3143
f 1208 882 3148
f 3148 882 3143
f 2921 2926 3151
f 3151 2926 3156
f 3477 2824 1345
f 1345 2824 1346
f 1805 1804 3154
f 3154 1804 3156
f 886 3103 883
f 883 3103 3482
f 841 1248 3485
f 3485 1248 3121
f 2811 2819 2812
f 2812 2819 2816
f 2818 2815 2817
f 2817 2815 2806
f 2817 2816 2818
f 2818 2816 2819
f 2793 2795 2819
f 2819 2795 2818
f 243 352 2793
f 2793 352 2795
f 242 353 243
f 243 353 352
f 359 191 242
f 242 191 353
f 247 192 359
f 359 192 191
f 157 193 247
f 247 193 192
f 156 194 157
f 157 194 193
f 378 261 156
f 156 261 194
f 378 381 261
f 261 381 195
f 195 381 196
f 196 381 376
f 196 376 198
f 198 376 375
f 375 1776 198
f 198 1776 197
f 1776 1767 197
f 197 1767 274
f 181 274 199
f 199 274 1767
f 568 566 564
f 564 566 563
f 568 569 566
f 566 569 567
f 501 1773 1771
f 1771 1773 578
f 547 579 1773
f 1773 579 578
f 3486 470 474
f 474 470 469
f 450 582 3487
f 3487 582 3488
f 582 583 3488
f 3488 583 3489
f 583 584 3489
f 3489 584 3490
f 3490 584 3491
f 3491 584 543
f 470 3486 466
f 466 3486 467
f 3489 3490 503
f 503 3490 504
f 503 3492 3489
f 3489 3492 3488
f 3492 503 3493
f 3493 503 502
f 3495 3492 3494
f 3494 3492 3493
f 3487 3488 3495
f 3495 3488 3492
f 468 1774 465
f 465 1774 570
f 3494 3493 1775
f 1775 3493 1771
f 3490 3491 504
f 504 3491 1772
f 3491 543 1772
f 1772 543 548
f 450 3487 474
f 474 3487 3486
f 3495 467 3487
f 3487 467 3486
f 3494 468 3495
f 3495 468 467
f 468 3494 1774
f 1774 3494 1775
f 501 1771 502
f 502 1771 3493
f 527 366 384
f 384 366 365
f 522 524 527
f 527 524 366
f 521 534 522
f 522 534 524
f 530 535 521
f 521 535 534
f 508 486 513
f 513 486 532
f 513 532 541
f 541 532 535
f 667 668 596
f 596 668 597
f 1294 1297 624
f 624 1297 625
f 603 641 604
f 604 641 640
f 1290 1293 650
f 650 1293 651
f 1758 691 660
f 660 691 661
f 602 671 599
f 599 671 670
f 654 662 690
f 690 662 661
f 2856 598 695
f 695 598 597
f 602 654 671
f 671 654 690
f 604 640 676
f 676 640 704
f 1826 1829 708
f 708 1829 709
f 1288 1284 740
f 740 1284 741
f 755 754 758
f 758 754 759
f 2853 2856 932
f 932 2856 695
f 689 691 1192
f 1192 691 1193
f 784 1319 1240
f 1240 1319 1241
f 1813 1816 1244
f 1244 1816 1245
f 754 1288 759
f 759 1288 740
f 1894 1242 1318
f 1318 1242 1241
f 2867 1348 1418
f 1418 1348 1347
f 676 704 673
f 673 704 1347
f 1284 1287 741
f 741 1287 1419
f 1421 1426 1422
f 1422 1426 1425
f 1758 660 615
f 615 660 616
f 1192 1191 1421
f 1421 1191 1426
f 2962 1839 1504
f 1504 1839 1505
f 941 1194 1759
f 1759 1194 1193
f 1287 1537 1419
f 1419 1537 1760
f 1882 2893 1823
f 1823 2893 1824
f 1886 1891 1827
f 1827 1891 1828
f 1887 1886 1834
f 1834 1886 1827
f 1841 716 1838
f 1838 716 1505
f 782 784 1850
f 1850 784 1240
f 1239 1242 1863
f 1863 1242 1864
f 1242 1894 1864
f 1864 1894 1873
f 1822 1239 1823
f 1823 1239 1863
f 1318 1317 1895
f 1895 1317 1900
f 1894 1896 1873
f 1873 1896 1897
f 1291 1896 1292
f 1292 1896 1895
f 605 1898 606
f 606 1898 1897
f 1258 1257 2854
f 2854 1257 2855
f 1257 1351 2855
f 2855 1351 2857
f 1351 1353 2857
f 2857 1353 2858
f 1353 3033 2858
f 2858 3033 2859
f 2860 2861 3036
f 3036 2861 3037
f 2862 2863 2870
f 2870 2863 3039
f 2870 2869 2862
f 2862 2869 2864
f 2868 2865 2869
f 2869 2865 2864
f 1764 2866 2868
f 2868 2866 2865
f 1537 1199 1760
f 1760 1199 1348
f 615 2884 1758
f 1758 2884 1759
f 1825 1246 2890
f 2890 1246 1245
f 2893 2892 1824
f 1824 2892 2891
f 761 2960 758
f 758 2960 2906
f 3000 2943 2940
f 2940 2943 2941
f 2968 710 2950
f 2950 710 709
f 1764 1423 2866
f 2866 1423 2953
f 1423 645 2953
f 2953 645 2954
f 645 644 2954
f 2954 644 2955
f 644 738 2955
f 2955 738 2956
f 738 764 2956
f 2956 764 2957
f 764 763 2957
f 2957 763 2958
f 763 2908 2958
f 2958 2908 2959
f 2908 1436 2959
f 2959 1436 2961
f 1837 2964 1435
f 1435 2964 2963
f 1837 2937 2964
f 2964 2937 2965
f 2936 2968 2966
f 2966 2968 2950
f 1840 2942 1838
f 1838 2942 2941
f 2939 2949 2940
f 2940 2949 3006
f 2939 2942 2966
f 2966 2942 2965
f 1822 1825 1850
f 1850 1825 2890
f 1891 3005 1828
f 1828 3005 3006
f 3035 3038 3045
f 3045 3038 3042
f 3045 3044 3035
f 3035 3044 3040
f 669 1422 3045
f 3045 1422 3044
f 599 670 3041
f 3041 670 3042
f 931 3067 932
f 932 3067 3065
f 2853 3066 2854
f 2854 3066 3076
f 3067 3496 3065
f 3065 3496 3497
f 3066 3498 3076
f 3076 3498 3499
f 707 1813 708
f 708 1813 1244
f 2960 2962 2906
f 2906 2962 1504
f 2892 1887 2891
f 2891 1887 1834
f 1839 2962 2963
f 2963 2962 2961
f 595 626 596
f 596 626 625
f 623 626 3484
f 3484 626 2859
f 1291 1290 606
f 606 1290 603
f 1290 650 603
f 603 650 641
f 641 650 642
f 642 650 649
f 2860 2863 649
f 649 2863 642
f 3036 3039 2860
f 2860 3039 2863
f 3035 3040 3036
f 3036 3040 3039
f 1294 1293 1295
f 1295 1293 1292
f 624 651 1294
f 1294 651 1293
f 623 652 624
f 624 652 651
f 3484 2861 623
f 623 2861 652
f 3032 3037 3484
f 3484 3037 2861
f 3031 3038 3032
f 3032 3038 3037
f 3481 2848 2884
f 2884 2848 942
f 2846 617 1427
f 1427 617 616
f 3049 3167 3048
f 3048 3167 3500
f 1906 3048 3070
f 3070 3048 3500
f 1337 1768 3501
f 3501 1768 3502
f 3020 3503 3021
f 3021 3503 3024
f 2914 3023 3020
f 3020 3023 3503
f 859 1770 860
f 860 1770 3504
f 1336 3505 1768
f 1768 3505 3502
f 3065 3497 3066
f 3066 3497 3498
f 2814 3075 3067
f 3067 3075 3496
f 2839 3174 766
f 766 3174 3017
f 1337 3501 1338
f 1338 3501 1769
f 767 3018 3026
f 3026 3018 3506
f 3076 3499 3064
f 3064 3499 3507
f 727 730 3483
f 3483 730 3030
f 3064 3507 2871
f 2871 3507 3077
f 3100 3160 1786
f 1786 3160 1784
f 3026 3506 752
f 752 3506 3015
f 860 3504 2923
f 2923 3504 3508
f 753 3016 3027
f 3027 3016 3509
f 3027 3509 3008
f 3008 3509 3028
f 1782 1785 1783
f 1783 1785 3022
f 2923 3508 3153
f 3153 3508 3161
f 3148 3149 1208
f 1208 3149 3150
f 1335 1328 3510
f 3510 1328 1327
f 1336 1335 3505
f 3505 1335 3510
f 866 3511 1340
f 1340 3511 3146
f 865 1808 866
f 866 1808 3511
f 842 841 3159
f 3159 841 3485
f 2849 3512 1329
f 1329 3512 1326
f 1202 1331 2849
f 2849 1331 3512
f 3514 3515 3513
f 3513 3515 3516
f 3518 3516 3517
f 3517 3516 3515
f 3519 3520 3514
f 3514 3520 3515
f 3522 3523 3521
f 3521 3523 3524
f 3526 3527 3525
f 3525 3527 3528
f 3530 3531 3529
f 3529 3531 3532
f 3534 3535 3533
f 3533 3535 3536
f 3529 3532 3537
f 3537 3532 3538
f 3537 3539 3529
f 3529 3539 3540
f 3542 3543 3541
f 3541 3543 3544
f 3546 3547 3545
f 3545 3547 3548
f 3550 3534 3549
f 3549 3534 3533
f 3550 3543 3551
f 3551 3543 3552
f 3537 3545 3539
f 3539 3545 3548
f 3553 3554 3556
f 3556 3554 3555
f 3537 3557 3545
f 3545 3557 3546
f 3558 3559 3561
f 3561 3559 3560
f 3563 3564 3562
f 3562 3564 3565
f 3564 3563 3566
f 3566 3563 3567
f 3569 3570 3568
f 3568 3570 3571
f 3573 3574 3572
f 3572 3574 3575
f 3577 3578 3576
f 3576 3578 3579
f 3581 3582 3580
f 3580 3582 3583
f 3585 3586 3584
f 3584 3586 3579
f 3586 3587 3579
f 3579 3587 3576
f 3589 3590 3588
f 3588 3590 3591
f 3592 3593 3595
f 3595 3593 3594
f 3597 3598 3596
f 3596 3598 3595
f 3583 3600 3599
f 3599 3600 3601
f 3603 3599 3602
f 3602 3599 3601
f 3605 3606 3604
f 3604 3606 3607
f 3608 3555 3596
f 3596 3555 3554
f 3597 3610 3609
f 3609 3610 3565
f 3564 3611 3565
f 3565 3611 3609
f 3611 3564 3612
f 3612 3564 3566
f 3613 3614 3569
f 3569 3614 3570
f 3615 3616 3573
f 3573 3616 3574
f 3517 3617 3518
f 3518 3617 3618
f 3620 3621 3619
f 3619 3621 3622
f 3624 3625 3623
f 3623 3625 3626
f 3628 3629 3627
f 3627 3629 3630
f 3632 3633 3631
f 3631 3633 3634
f 3636 3637 3635
f 3635 3637 3638
f 3640 3641 3639
f 3639 3641 3642
f 3643 3644 3639
f 3639 3644 3640
f 3646 3513 3645
f 3645 3513 3647
f 3648 3514 3646
f 3646 3514 3513
f 3649 3519 3648
f 3648 3519 3514
f 3650 3651 3527
f 3527 3651 3652
f 3654 3651 3653
f 3653 3651 3650
f 3568 3571 3655
f 3655 3571 3656
f 3657 3658 3653
f 3653 3658 3659
f 3661 3662 3660
f 3660 3662 3658
f 3664 3665 3663
f 3663 3665 3666
f 3667 3657 3650
f 3650 3657 3653
f 3669 3523 3668
f 3668 3523 3670
f 3672 3673 3671
f 3671 3673 3674
f 3676 3677 3675
f 3675 3677 3678
f 3671 3674 3676
f 3676 3674 3677
f 3680 3681 3679
f 3679 3681 3682
f 3683 3684 3680
f 3680 3684 3681
f 3685 3686 3661
f 3661 3686 3662
f 3686 3687 3662
f 3662 3687 3688
f 3684 3683 3689
f 3689 3683 3690
f 3692 3693 3691
f 3691 3693 3694
f 3691 3694 3695
f 3695 3694 3696
f 3698 3699 3697
f 3697 3699 3700
f 3702 3703 3701
f 3701 3703 3704
f 3705 3706 3519
f 3519 3706 3520
f 3673 3672 3707
f 3707 3672 3708
f 3709 3710 3682
f 3682 3710 3679
f 3711 3712 3692
f 3692 3712 3693
f 3714 3715 3713
f 3713 3715 3716
f 3718 3700 3717
f 3717 3700 3699
f 3720 3721 3719
f 3719 3721 3722
f 3724 3725 3723
f 3723 3725 3726
f 3727 3728 3730
f 3730 3728 3729
f 3722 3721 3731
f 3731 3721 3732
f 3697 3700 3733
f 3733 3700 3714
f 3733 3714 3734
f 3734 3714 3713
f 3721 3723 3732
f 3732 3723 3735
f 3720 3736 3724
f 3724 3736 3737
f 3700 3718 3714
f 3714 3718 3715
f 3717 3699 3738
f 3738 3699 3739
f 3536 3740 3533
f 3533 3740 3540
f 3742 3743 3741
f 3741 3743 3744
f 3746 3747 3745
f 3745 3747 3748
f 3750 3751 3749
f 3749 3751 3752
f 3627 3632 3628
f 3628 3632 3631
f 3754 3755 3753
f 3753 3755 3626
f 3562 3565 3756
f 3756 3565 3610
f 3527 3652 3528
f 3528 3652 3757
f 3758 3524 3669
f 3669 3524 3523
f 3582 3598 3583
f 3583 3598 3600
f 3759 3670 3522
f 3522 3670 3523
f 3675 3678 3760
f 3760 3678 3761
f 3762 3763 3690
f 3690 3763 3689
f 3765 3766 3764
f 3764 3766 3767
f 3768 3739 3698
f 3698 3739 3699
f 3726 3725 3770
f 3770 3725 3769
f 3645 3647 3771
f 3771 3647 3772
f 3645 3678 3646
f 3646 3678 3677
f 3646 3677 3648
f 3648 3677 3674
f 3673 3649 3674
f 3674 3649 3648
f 3707 3773 3673
f 3673 3773 3649
f 3775 3776 3774
f 3774 3776 3777
f 3779 3526 3778
f 3778 3526 3525
f 3526 3779 3667
f 3667 3779 3780
f 3780 3781 3667
f 3667 3781 3657
f 3672 3679 3708
f 3708 3679 3710
f 3671 3680 3672
f 3672 3680 3679
f 3676 3683 3671
f 3671 3683 3680
f 3675 3690 3676
f 3676 3690 3683
f 3760 3762 3675
f 3675 3762 3690
f 3682 3681 3783
f 3783 3681 3782
f 3689 3784 3684
f 3684 3784 3785
f 3684 3785 3681
f 3681 3785 3782
f 3786 3709 3783
f 3783 3709 3682
f 3784 3689 3787
f 3787 3689 3763
f 3789 3557 3788
f 3788 3557 3790
f 3792 3793 3791
f 3791 3793 3794
f 3616 3615 3795
f 3795 3615 3796
f 3797 3798 3727
f 3727 3798 3728
f 3800 3801 3799
f 3799 3801 3802
f 3803 3578 3592
f 3592 3578 3593
f 3805 3806 3804
f 3804 3806 3807
f 3599 3603 3585
f 3585 3603 3586
f 3587 3586 3604
f 3604 3586 3603
f 3588 3591 3794
f 3794 3591 3791
f 3581 3803 3582
f 3582 3803 3592
f 3594 3561 3608
f 3608 3561 3790
f 3662 3688 3808
f 3808 3688 3809
f 3665 3664 3810
f 3810 3664 3811
f 3719 3812 3720
f 3720 3812 3736
f 3717 3813 3718
f 3718 3813 3737
f 3723 3721 3724
f 3724 3721 3720
f 3813 3717 3814
f 3814 3717 3738
f 3815 3816 303
f 303 3816 304
f 3818 3819 3817
f 3817 3819 3820
f 3578 3803 3579
f 3579 3803 3584
f 3558 3593 3577
f 3577 3593 3578
f 3822 3823 3821
f 3821 3823 3824
f 3546 3826 3825
f 3825 3826 3827
f 3828 3829 3547
f 3547 3829 3541
f 3831 3542 3830
f 3830 3542 3832
f 3834 3822 3833
f 3833 3822 3821
f 3835 3836 3827
f 3827 3836 3825
f 3800 3799 3828
f 3828 3799 3829
f 3830 3832 3837
f 3837 3832 3838
f 331 330 3551
f 3551 330 3839
f 3831 333 3552
f 3552 333 332
f 3819 3797 3841
f 3841 3797 3840
f 3513 3516 3647
f 3647 3516 3746
f 337 336 3745
f 3745 336 3772
f 3525 3528 3775
f 3775 3528 3749
f 3610 3597 3554
f 3554 3597 3596
f 3706 3702 3520
f 3520 3702 3701
f 3756 3610 3553
f 3553 3610 3554
f 3757 3750 3528
f 3528 3750 3749
f 3517 3515 3701
f 3701 3515 3520
f 3842 3584 3581
f 3581 3584 3803
f 3525 3775 3778
f 3778 3775 3774
f 3638 3843 3635
f 3635 3843 3618
f 3617 3621 3618
f 3618 3621 3635
f 3617 3517 3704
f 3704 3517 3701
f 3521 3624 3522
f 3522 3624 3623
f 3749 3844 3775
f 3775 3844 3776
f 3846 3847 3845
f 3845 3847 3848
f 3843 3747 3618
f 3618 3747 3518
f 3850 3851 3849
f 3849 3851 3748
f 3853 3854 3852
f 3852 3854 3855
f 3856 3857 3622
f 3622 3857 3619
f 3859 3860 3858
f 3858 3860 3861
f 3862 3844 3752
f 3752 3844 3749
f 3863 3759 3623
f 3623 3759 3522
f 3864 3777 3630
f 3630 3777 3776
f 3713 3865 3734
f 3734 3865 3866
f 3868 3869 3867
f 3867 3869 3870
f 3872 3873 3871
f 3871 3873 3874
f 3876 3877 3875
f 3875 3877 3878
f 3879 3880 3878
f 3878 3880 3881
f 3882 3883 3885
f 3885 3883 3884
f 3780 3886 3781
f 3781 3886 3887
f 3888 3685 3869
f 3869 3685 3661
f 3880 3879 3883
f 3883 3879 3884
f 3693 3783 3694
f 3694 3783 3782
f 3696 3785 3764
f 3764 3785 3784
f 3694 3782 3696
f 3696 3782 3785
f 3693 3786 3783
f 3787 3765 3784
f 3784 3765 3764
f 386 385 3765
f 3765 385 3766
f 3695 3889 3691
f 3691 3889 3890
f 3691 3890 3692
f 3692 3890 3891
f 3892 3711 3891
f 3891 3711 3692
f 3767 3893 3695
f 3695 3893 3889
f 3766 3894 3767
f 3767 3894 3893
f 3882 3885 3895
f 3895 3885 3896
f 3898 3698 3897
f 3897 3698 3697
f 3897 3697 3899
f 3899 3697 3733
f 3899 3733 3900
f 3900 3733 3734
f 3901 3768 3898
f 3898 3768 3698
f 3901 3902 3768
f 3768 3902 3903
f 3904 3905 3907
f 3907 3905 3906
f 3869 3661 3870
f 3870 3661 3660
f 3908 3909 3896
f 3896 3909 3895
f 3909 3758 3895
f 3895 3758 3669
f 3751 3531 3752
f 3752 3531 3848
f 3858 3536 3854
f 3854 3536 3535
f 3652 3562 3757
f 3757 3562 3756
f 3651 3654 3563
f 3563 3654 3567
f 3655 3656 3808
f 3808 3656 3659
f 3530 3740 3845
f 3845 3740 3861
f 3751 3750 3556
f 3556 3750 3553
f 3817 3820 3796
f 3796 3820 3795
f 410 409 3910
f 3910 409 3855
f 3750 3757 3553
f 3553 3757 3756
f 3908 3886 3909
f 3909 3886 3780
f 409 411 3855
f 3855 411 3851
f 413 412 3760
f 3760 412 3762
f 415 414 3763
f 3763 414 3787
f 3790 3557 3538
f 3538 3557 3537
f 3555 3608 3538
f 3538 3608 3790
f 3574 3911 3575
f 3575 3911 3912
f 3535 3534 3910
f 3910 3534 3839
f 3831 3552 3542
f 3542 3552 3543
f 3534 3550 3839
f 3839 3550 3551
f 3543 3550 3544
f 3544 3550 3549
f 3913 3914 3916
f 3916 3914 3915
f 3806 3805 3589
f 3589 3805 3590
f 3849 3843 3917
f 3917 3843 3638
f 3853 3644 3859
f 3859 3644 3742
f 3747 3746 3518
f 3518 3746 3516
f 3695 3696 3767
f 3767 3696 3764
f 3903 3918 3768
f 3768 3918 3739
f 3738 3739 3816
f 3816 3739 3918
f 3919 3920 3769
f 3769 3920 3770
f 3921 3726 3922
f 3922 3726 3770
f 3678 3645 3761
f 3761 3645 3771
f 3924 3913 3923
f 3923 3913 3916
f 3802 3925 3838
f 3838 3925 3837
f 3577 3926 3558
f 3558 3926 3559
f 3815 3919 3814
f 3814 3919 3769
f 3927 3928 3822
f 3822 3928 3823
f 3829 3832 3541
f 3541 3832 3542
f 3834 3927 3822
f 3832 3829 3838
f 3838 3829 3799
f 3745 3772 3746
f 3746 3772 3647
f 3849 3748 3843
f 3843 3748 3747
f 3854 3853 3858
f 3858 3853 3859
f 3854 3535 3855
f 3855 3535 3910
f 3557 3789 3546
f 3546 3789 3826
f 3923 3823 3924
f 3924 3823 3928
f 3823 3923 3929
f 3929 3923 3930
f 3531 3751 3532
f 3532 3751 3556
f 3532 3556 3538
f 3538 3556 3555
f 3932 3634 3931
f 3931 3634 3633
f 3814 3769 3813
f 3813 3769 3725
f 3620 3636 3621
f 3621 3636 3635
f 3847 3862 3848
f 3848 3862 3752
f 3531 3530 3848
f 3848 3530 3845
f 3933 3934 3830
f 3830 3934 3831
f 3925 3933 3837
f 3837 3933 3830
f 3934 440 3831
f 3831 440 333
f 3925 3802 3833
f 3833 3802 3801
f 3776 3844 3630
f 3630 3844 3627
f 3808 3659 3662
f 3662 3659 3658
f 3667 3650 3526
f 3526 3650 3527
f 3935 3666 3936
f 3936 3666 3665
f 3718 3737 3715
f 3715 3737 3736
f 3663 3809 3664
f 3664 3809 3688
f 3807 3806 3938
f 3938 3806 3937
f 445 413 3761
f 3761 413 3760
f 3902 447 3903
f 3903 447 446
f 3897 3890 3898
f 3898 3890 3889
f 3899 3891 3897
f 3897 3891 3890
f 3898 3889 3901
f 3901 3889 3893
f 3893 3894 3901
f 3901 3894 3902
f 414 386 3787
f 3787 386 3765
f 3940 3941 3939
f 3939 3941 3942
f 3840 3797 3943
f 3943 3797 3727
f 3665 3810 3936
f 3936 3810 3944
f 3921 3735 3726
f 3726 3735 3723
f 3920 3945 3770
f 3770 3945 3922
f 3521 3524 3774
f 3774 3524 3778
f 3864 3946 3625
f 3625 3946 3947
f 3773 3705 3649
f 3649 3705 3519
f 3779 3778 3758
f 3758 3778 3524
f 3812 3716 3736
f 3736 3716 3715
f 3624 3521 3777
f 3777 3521 3774
f 3703 3856 3704
f 3704 3856 3622
f 3900 3892 3899
f 3899 3892 3891
f 3641 3917 3642
f 3642 3917 3948
f 3895 3669 3882
f 3882 3669 3668
f 3855 3851 3852
f 3852 3851 3850
f 3894 458 3902
f 3902 458 447
f 3781 3887 3660
f 3660 3887 3870
f 3570 3566 3571
f 3571 3566 3567
f 3950 3576 3949
f 3949 3576 3587
f 3605 3602 3614
f 3614 3602 3612
f 3614 3612 3570
f 3570 3612 3566
f 3571 3567 3656
f 3656 3567 3654
f 3660 3658 3781
f 3781 3658 3657
f 3604 3607 3587
f 3587 3607 3949
f 3653 3659 3654
f 3654 3659 3656
f 3529 3540 3530
f 3530 3540 3740
f 3687 3811 3688
f 3688 3811 3664
f 3813 3725 3737
f 3737 3725 3724
f 3919 3815 461
f 461 3815 303
f 3818 3798 3819
f 3819 3798 3797
f 3819 3841 3820
f 3820 3841 3951
f 3816 3815 3738
f 3738 3815 3814
f 3540 3539 3533
f 3533 3539 3549
f 3548 3547 3544
f 3544 3547 3541
f 3539 3548 3549
f 3549 3548 3544
f 3741 3931 3860
f 3860 3931 3846
f 3801 3800 3835
f 3835 3800 3836
f 3934 3933 3824
f 3824 3933 3821
f 3825 3828 3546
f 3546 3828 3547
f 3833 3821 3925
f 3925 3821 3933
f 3800 3828 3836
f 3836 3828 3825
f 3824 3952 3934
f 3934 3952 440
f 3860 3846 3861
f 3861 3846 3845
f 3629 3946 3630
f 3630 3946 3864
f 3740 3536 3861
f 3861 3536 3858
f 3833 3801 3834
f 3834 3801 3835
f 3583 3599 3580
f 3580 3599 3585
f 3651 3563 3652
f 3652 3563 3562
f 3758 3909 3779
f 3779 3909 3780
f 3621 3617 3622
f 3622 3617 3704
f 3625 3947 3626
f 3626 3947 3753
f 3633 3632 3847
f 3847 3632 3862
f 3852 3850 3640
f 3640 3850 3641
f 3644 3853 3640
f 3640 3853 3852
f 3859 3742 3860
f 3860 3742 3741
f 3632 3627 3862
f 3862 3627 3844
f 3755 3863 3626
f 3626 3863 3623
f 3917 3638 3948
f 3948 3638 3637
f 3644 3643 3742
f 3742 3643 3743
f 3931 3633 3846
f 3846 3633 3847
f 3625 3624 3864
f 3864 3624 3777
f 3917 3641 3849
f 3849 3641 3850
f 3744 3932 3741
f 3741 3932 3931
f 3903 446 3918
f 3918 446 464
f 3953 3954 3956
f 3956 3954 3955
f 3958 3959 3957
f 3957 3959 3960
f 3876 3958 3877
f 3877 3958 3957
f 3877 3957 3961
f 3961 3957 3962
f 3963 3964 3958
f 3958 3964 3959
f 3965 3966 3876
f 3876 3966 3958
f 3966 3963 3958
f 3966 3967 3963
f 3963 3967 3968
f 3878 3877 3879
f 3879 3877 3961
f 3967 3969 3968
f 3968 3969 3970
f 3969 3971 3970
f 3970 3971 3972
f 3974 3904 3973
f 3973 3904 3907
f 3971 3975 3972
f 3972 3975 3976
f 3976 3975 3978
f 3978 3975 3977
f 3979 3980 3977
f 3977 3980 3978
f 3981 3982 3979
f 3979 3982 3980
f 3983 3984 3981
f 3981 3984 3982
f 3972 3985 3970
f 3970 3985 3986
f 3871 3987 3969
f 3969 3987 3971
f 3872 3871 3967
f 3967 3871 3969
f 3965 3872 3966
f 3966 3872 3967
f 3970 3986 3968
f 3968 3986 3988
f 3879 3961 3884
f 3884 3961 3940
f 3884 3940 3885
f 3885 3940 3939
f 3989 3990 3992
f 3992 3990 3991
f 3942 3993 3995
f 3995 3993 3994
f 3994 3996 3995
f 3995 3996 3974
f 3997 3998 3994
f 3994 3998 3996
f 3999 3997 3993
f 3993 3997 3994
f 4001 3996 4000
f 4000 3996 3998
f 4000 3998 4002
f 4002 3998 4003
f 4004 4003 3997
f 3997 4003 3998
f 3997 3999 4004
f 4004 3999 4005
f 4006 3995 3973
f 3973 3995 3974
f 3939 3942 4006
f 4006 3942 3995
f 3906 3887 3907
f 3907 3887 3886
f 3887 3906 3870
f 3870 3906 3867
f 3908 3973 3886
f 3886 3973 3907
f 3865 4007 3866
f 3866 4007 4008
f 3984 3983 4009
f 4009 3983 4010
f 3961 3962 3940
f 3940 3962 3941
f 4012 3868 4011
f 4011 3868 3867
f 4013 3975 3987
f 3987 3975 3971
f 4014 3977 4013
f 4013 3977 3975
f 4015 4010 4007
f 4007 4010 3983
f 4007 3983 4008
f 4008 3983 3981
f 4008 3981 4016
f 4016 3981 3979
f 4017 3984 4018
f 4018 3984 4009
f 3977 4014 3979
f 3979 4014 4016
f 3982 3984 4019
f 4019 3984 4017
f 4021 4022 4020
f 4020 4022 4023
f 4022 4012 4023
f 4023 4012 4011
f 4023 3904 4020
f 4020 3904 3974
f 4024 4025 4018
f 4018 4025 4017
f 4026 4027 4024
f 4024 4027 4025
f 4028 4026 4029
f 4029 4026 4024
f 4018 4021 4024
f 4024 4021 4029
f 4030 4031 4026
f 4026 4031 4027
f 4032 4030 4028
f 4028 4030 4026
f 4029 4001 4028
f 4028 4001 4000
f 4028 4000 4032
f 4032 4000 4002
f 4034 4035 4033
f 4033 4035 4036
f 4037 4038 4019
f 4019 4038 4039
f 4041 4039 4040
f 4040 4039 4038
f 4040 4038 4042
f 4042 4038 4036
f 4042 4036 4043
f 4043 4036 4035
f 3985 4044 4046
f 4046 4044 4045
f 4047 4048 4045
f 4045 4048 4046
f 4047 4049 4048
f 4048 4049 4050
f 4042 4047 4040
f 4040 4047 4045
f 4043 4049 4042
f 4042 4049 4047
f 4040 4045 4041
f 4041 4045 4044
f 4052 3959 4051
f 4051 3959 3964
f 4053 4054 4051
f 4051 4054 4055
f 3956 3960 4052
f 4052 3960 3959
f 3953 3956 4056
f 4056 3956 4052
f 4058 3953 4057
f 4057 3953 4056
f 4060 4061 4059
f 4059 4061 4062
f 4063 4064 4054
f 4054 4064 4057
f 4054 4053 4063
f 4063 4053 4065
f 4066 4067 4069
f 4069 4067 4068
f 4048 4050 4063
f 4063 4050 4064
f 4063 4065 4048
f 4048 4065 4046
f 3985 4046 3986
f 3986 4046 4065
f 3986 4065 3988
f 3988 4065 4053
f 3988 4053 3964
f 3964 4053 4051
f 3976 3978 4044
f 4044 3978 4041
f 3980 3982 4039
f 4039 3982 4019
f 4039 4041 3980
f 3980 4041 3978
f 3973 3908 4006
f 4006 3908 3896
f 3885 3939 3896
f 3896 3939 4006
f 4031 4034 4027
f 4027 4034 4033
f 4027 4033 4025
f 4025 4033 4037
f 4019 4017 4037
f 4037 4017 4025
f 3993 3942 4070
f 4070 3942 3941
f 3999 3993 4071
f 4071 3993 4070
f 3999 4071 4005
f 4005 4071 4072
f 4073 4074 4076
f 4076 4074 4075
f 4078 4079 4077
f 4077 4079 4080
f 4082 4080 4081
f 4081 4080 4079
f 4084 4085 4083
f 4083 4085 4086
f 4087 4088 4090
f 4090 4088 4089
f 4092 4093 4091
f 4091 4093 4094
f 4096 4097 4095
f 4095 4097 4098
f 4100 4101 4099
f 4099 4101 4102
f 4103 4104 4106
f 4106 4104 4105
f 4108 4109 4107
f 4107 4109 4110
f 4112 4113 4111
f 4111 4113 4114
f 4116 4117 4115
f 4115 4117 4118
f 4120 4121 4119
f 4119 4121 4122
f 4123 4124 4126
f 4126 4124 4125
f 4127 4128 4130
f 4130 4128 4129
f 4132 4133 4131
f 4131 4133 4134
f 4136 4108 4135
f 4135 4108 4107
f 4138 4139 4137
f 4137 4139 4140
f 4141 4142 4088
f 4088 4142 4089
f 4144 4145 4143
f 4143 4145 4146
f 4148 4149 4147
f 4147 4149 4150
f 4152 4153 4151
f 4151 4153 4154
f 4156 4082 4155
f 4155 4082 4081
f 4157 4158 4160
f 4160 4158 4159
f 4161 4162 4164
f 4164 4162 4163
f 4166 4122 4165
f 4165 4122 4121
f 4168 4152 4167
f 4167 4152 4151
f 4169 4170 4172
f 4172 4170 4171
f 4174 4175 4173
f 4173 4175 4176
f 4178 4149 4177
f 4177 4149 4179
f 4173 4176 4180
f 4180 4176 4181
f 4156 4085 4182
f 4182 4085 4183
f 4182 4184 4156
f 4156 4184 4082
f 4185 4186 4184
f 4184 4186 4187
f 4186 4188 4187
f 4187 4188 4189
f 4190 4191 4073
f 4073 4191 4074
f 4177 4179 4158
f 4158 4179 4159
f 4193 4127 4192
f 4192 4127 4130
f 4144 4194 4151
f 4151 4194 4167
f 4196 4197 4195
f 4195 4197 4198
f 4095 4199 4096
f 4096 4199 4200
f 4201 4202 4204
f 4204 4202 4203
f 4205 4206 4208
f 4208 4206 4207
f 4121 4120 4209
f 4209 4120 4210
f 4212 4213 4211
f 4211 4213 4214
f 4216 4217 4215
f 4215 4217 4218
f 4220 4221 4219
f 4219 4221 4222
f 4224 4196 4223
f 4223 4196 4195
f 4225 4226 4134
f 4134 4226 4131
f 4228 4229 4227
f 4227 4229 4230
f 4232 4233 4231
f 4231 4233 4098
f 4235 4236 4234
f 4234 4236 4237
f 4239 4240 4238
f 4238 4240 4241
f 4242 4243 4245
f 4245 4243 4244
f 4246 4247 4249
f 4249 4247 4248
f 4251 4252 4250
f 4250 4252 4253
f 4255 4256 4254
f 4254 4256 4257
f 4259 4260 4258
f 4258 4260 4261
f 4263 4264 4262
f 4262 4264 4265
f 4267 4268 4266
f 4266 4268 4269
f 4271 4199 4270
f 4270 4199 4272
f 4273 4274 4276
f 4276 4274 4275
f 4115 4118 4277
f 4277 4118 4278
f 4280 4281 4279
f 4279 4281 4282
f 4211 4283 4212
f 4212 4283 4284
f 4286 4287 4285
f 4285 4287 4288
f 4165 4121 4289
f 4289 4121 4209
f 4291 4286 4290
f 4290 4286 4285
f 4293 4294 4292
f 4292 4294 4295
f 4297 4298 4296
f 4296 4298 4299
f 4301 4302 4300
f 4300 4302 4303
f 4299 4304 4296
f 4296 4304 4305
f 4306 4292 4307
f 4307 4292 4295
f 4307 4308 4306
f 4306 4308 4309
f 4310 4309 4075
f 4075 4309 4308
f 4299 4298 4312
f 4312 4298 4311
f 4302 4301 4293
f 4293 4301 4294
f 3735 3921 4313
f 4313 3921 4314
f 4315 4314 3922
f 3922 4314 3921
f 4316 3945 829
f 829 3945 830
f 4289 4317 4165
f 4165 4317 4318
f 4320 4321 4319
f 4319 4321 4322
f 4324 4325 4323
f 4323 4325 4326
f 4327 4328 4330
f 4330 4328 4329
f 4290 4331 4291
f 4291 4331 4332
f 4165 4318 4166
f 4166 4318 4333
f 4334 4335 4337
f 4337 4335 4336
f 4339 4340 4338
f 4338 4340 4341
f 4168 4343 4342
f 4342 4343 4344
f 4346 4347 4345
f 4345 4347 4348
f 4350 4351 4349
f 4349 4351 4352
f 4354 4355 4353
f 4353 4355 4356
f 4357 4358 4324
f 4324 4358 4325
f 4337 4359 4334
f 4334 4359 4360
f 4362 4363 4361
f 4361 4363 4364
f 4366 4367 4365
f 4365 4367 4368
f 4369 4370 4372
f 4372 4370 4371
f 4331 4290 4374
f 4374 4290 4373
f 4373 4376 4375
f 4375 4376 4377
f 4379 4380 4378
f 4378 4380 4381
f 4217 4382 4218
f 4218 4382 4383
f 4385 4386 4384
f 4384 4386 4387
f 4388 4389 4338
f 4338 4389 4390
f 4337 4336 4392
f 4392 4336 4391
f 4394 4362 4393
f 4393 4362 4361
f 4396 4397 4395
f 4395 4397 4398
f 4400 4401 4399
f 4399 4401 4402
f 4345 4403 4346
f 4346 4403 4404
f 4405 4406 4342
f 4342 4406 4407
f 4409 4410 4408
f 4408 4410 4411
f 4408 4412 4409
f 4409 4412 4413
f 4181 4415 4414
f 4414 4415 4416
f 4182 4183 4417
f 4417 4183 4418
f 4419 4353 4311
f 4311 4353 4312
f 4421 4422 4420
f 4420 4422 4423
f 4353 4356 4312
f 4312 4356 4424
f 4166 4333 4425
f 4425 4333 4426
f 4425 4143 4166
f 4166 4143 4122
f 4427 4107 4428
f 4428 4107 4110
f 4429 4430 4174
f 4174 4430 4175
f 4335 4431 4336
f 4336 4431 4390
f 4336 4390 4391
f 4391 4390 4389
f 4432 4433 4435
f 4435 4433 4434
f 4437 4438 4436
f 4436 4438 4439
f 4441 4442 4440
f 4440 4442 4443
f 4359 4444 4361
f 4361 4444 4393
f 4446 4447 4445
f 4445 4447 4448
f 4338 4341 4388
f 4388 4341 4449
f 4450 4451 4398
f 4398 4451 4395
f 4453 4454 4452
f 4452 4454 4455
f 4457 4458 4456
f 4456 4458 4459
f 4460 4461 4448
f 4448 4461 4445
f 4463 4464 4462
f 4462 4464 4465
f 4462 4465 4466
f 4466 4465 4467
f 4468 4469 4467
f 4467 4469 4466
f 4469 4468 4470
f 4470 4468 4471
f 4472 4473 4471
f 4471 4473 4470
f 4475 4476 4474
f 4474 4476 4477
f 4479 4480 4478
f 4478 4480 4481
f 4483 4484 4482
f 4482 4484 4485
f 4487 4488 4486
f 4486 4488 4489
f 4491 4492 4490
f 4490 4492 4493
f 4494 4495 4493
f 4493 4495 4490
f 4496 4497 4494
f 4494 4497 4495
f 4497 4496 4498
f 4498 4496 4499
f 4500 4501 4503
f 4503 4501 4502
f 4505 4506 4504
f 4504 4506 4507
f 4466 4508 4462
f 4462 4508 4509
f 4470 4510 4469
f 4469 4510 4511
f 4513 4479 4512
f 4512 4479 4478
f 4515 4443 4514
f 4514 4443 4442
f 4516 4517 4519
f 4519 4517 4518
f 4521 4495 4520
f 4520 4495 4497
f 4522 4490 4521
f 4521 4490 4495
f 4491 4523 4488
f 4488 4523 4524
f 4525 4489 4524
f 4524 4489 4488
f 4484 4526 4485
f 4485 4526 4527
f 4503 4528 4500
f 4500 4528 4529
f 4530 4531 4533
f 4533 4531 4532
f 4535 4506 4534
f 4534 4506 4530
f 4486 4536 4487
f 4487 4536 4537
f 4487 4537 4492
f 4492 4537 4538
f 4494 4539 4496
f 4496 4539 4540
f 4542 4533 4541
f 4541 4533 4499
f 4544 4545 4543
f 4543 4545 4546
f 4548 4549 4547
f 4547 4549 4550
f 4536 4551 4537
f 4537 4551 4552
f 4537 4552 4538
f 4538 4552 4553
f 4554 4539 4556
f 4556 4539 4555
f 4557 4540 4554
f 4554 4540 4539
f 4559 4557 4558
f 4558 4557 4560
f 4540 4557 4541
f 4541 4557 4559
f 4562 4563 4561
f 4561 4563 4564
f 4546 4565 4543
f 4543 4565 4566
f 4547 4567 4548
f 4548 4567 4568
f 4570 4571 4569
f 4569 4571 4572
f 4574 4575 4573
f 4573 4575 4576
f 4578 4579 4577
f 4577 4579 4580
f 4582 4583 4581
f 4581 4583 4584
f 4585 4586 4588
f 4588 4586 4587
f 4589 4585 4590
f 4590 4585 4588
f 4592 4593 4591
f 4591 4593 4594
f 4596 4597 4595
f 4595 4597 4598
f 4600 4601 4599
f 4599 4601 4602
f 4563 4604 4603
f 4603 4604 4605
f 4603 4606 4608
f 4608 4606 4607
f 4609 4610 4594
f 4594 4610 4591
f 4611 4612 4614
f 4614 4612 4613
f 4616 4617 4615
f 4615 4617 4618
f 4602 4620 4619
f 4619 4620 4621
f 4619 4622 4602
f 4602 4622 4599
f 4605 4599 4623
f 4623 4599 4622
f 4605 4623 4603
f 4603 4623 4606
f 4625 4626 4624
f 4624 4626 4627
f 4438 4437 4628
f 4628 4437 4629
f 4442 4441 4630
f 4630 4441 4631
f 4630 4632 4442
f 4442 4632 4514
f 4633 4634 4529
f 4529 4634 4500
f 4500 4634 4501
f 4501 4634 4635
f 4637 4546 4636
f 4636 4546 4545
f 4639 4565 4638
f 4638 4565 4640
f 4573 4576 4641
f 4641 4576 4642
f 4593 4643 4594
f 4594 4643 4644
f 4645 4609 4644
f 4644 4609 4594
f 4647 4648 4646
f 4646 4648 4649
f 4651 4652 4650
f 4650 4652 4653
f 4654 4498 4519
f 4519 4498 4532
f 4520 4508 4521
f 4521 4508 4511
f 4522 4510 4523
f 4523 4510 4655
f 4524 4656 4525
f 4525 4656 4657
f 4514 4529 4515
f 4515 4529 4528
f 4658 4659 4661
f 4661 4659 4660
f 4496 4540 4499
f 4499 4540 4541
f 4493 4555 4494
f 4494 4555 4539
f 4549 4483 4550
f 4550 4483 4482
f 4545 4544 4501
f 4501 4544 4502
f 4636 4545 4635
f 4635 4545 4501
f 4589 4663 4662
f 4662 4663 4664
f 4662 4665 4558
f 4558 4665 4559
f 4569 4586 4570
f 4570 4586 4560
f 4552 4666 4553
f 4553 4666 4667
f 4668 4669 4670
f 4670 4669 4666
f 4672 4673 4671
f 4671 4673 4674
f 4287 4675 4288
f 4288 4675 4676
f 4678 4679 4677
f 4677 4679 4680
f 4681 4678 4682
f 4682 4678 4677
f 4682 4683 4681
f 4681 4683 4684
f 4161 4164 4685
f 4685 4164 4686
f 4414 4687 4689
f 4689 4687 4688
f 4405 4690 4346
f 4346 4690 4347
f 4691 4399 4693
f 4693 4399 4692
f 1209 4694 4365
f 4365 4694 4366
f 4650 1211 4651
f 4651 1211 1210
f 4695 4696 4255
f 4255 4696 4256
f 4697 4698 4218
f 4218 4698 4215
f 4700 4701 4699
f 4699 4701 4702
f 4703 4704 4303
f 4303 4704 4300
f 4315 3922 4316
f 4316 3922 3945
f 4653 4706 4705
f 4705 4706 4707
f 4709 4710 4708
f 4708 4710 4711
f 4335 4334 4713
f 4713 4334 4712
f 4714 4340 4321
f 4321 4340 4322
f 4716 4717 4715
f 4715 4717 4718
f 4238 4241 4719
f 4719 4241 4720
f 4231 4721 4307
f 4307 4721 4308
f 4723 4724 4722
f 4722 4724 4725
f 4727 4728 4726
f 4726 4728 4729
f 4730 4731 4327
f 4327 4731 4328
f 4733 4734 4732
f 4732 4734 4735
f 4720 4381 4736
f 4736 4381 4737
f 4738 4739 4741
f 4741 4739 4740
f 4743 4744 4742
f 4742 4744 4745
f 4338 4390 4339
f 4339 4390 4431
f 4746 4747 4431
f 4431 4747 4339
f 4291 4332 4289
f 4289 4332 4317
f 4289 4209 4291
f 4291 4209 4286
f 4287 4286 4210
f 4210 4286 4209
f 4749 4750 4748
f 4748 4750 4751
f 4212 4284 4752
f 4752 4284 4753
f 4752 4754 4212
f 4212 4754 4213
f 4252 4251 4225
f 4225 4251 4226
f 4227 4230 4248
f 4248 4230 4249
f 4205 4755 4757
f 4757 4755 4756
f 4708 4711 4758
f 4758 4711 4647
f 4367 4366 4759
f 4759 4366 4760
f 4526 4513 4527
f 4527 4513 4512
f 4420 4423 4385
f 4385 4423 4386
f 4705 4761 4653
f 4653 4761 4650
f 4761 1279 4650
f 4650 1279 1211
f 4762 4763 3944
f 3944 4763 3936
f 4274 4273 4765
f 4765 4273 4764
f 4767 4768 4766
f 4766 4768 4769
f 4770 4771 4769
f 4769 4771 4766
f 4771 4770 4242
f 4242 4770 4243
f 4093 4163 4094
f 4094 4163 4162
f 4772 4773 4775
f 4775 4773 4774
f 4777 4778 4776
f 4776 4778 4779
f 4417 4185 4182
f 4182 4185 4184
f 4780 4078 4781
f 4781 4078 4077
f 4781 4077 4782
f 4782 4077 4189
f 4188 4783 4189
f 4189 4783 4782
f 4295 4232 4307
f 4307 4232 4231
f 4785 4786 4784
f 4784 4786 4787
f 4784 1307 4785
f 4785 1307 1306
f 4078 4780 4096
f 4096 4780 4097
f 4075 4074 4310
f 4310 4074 4788
f 4788 4074 4789
f 4789 4074 4191
f 4789 4191 4059
f 4059 4191 4790
f 4791 4277 4792
f 4792 4277 4278
f 3732 3735 4793
f 4793 3735 4313
f 4793 4794 3732
f 3732 4794 3731
f 4792 4795 4791
f 4791 4795 4796
f 4797 4798 4799
f 4799 4798 4724
f 4763 4800 3936
f 3936 4800 3935
f 4801 4062 3729
f 3729 4062 3730
f 4713 4712 4802
f 4802 4712 4803
f 4146 4804 4119
f 4119 4804 4805
f 4498 4654 4497
f 4497 4654 4520
f 4806 4807 1326
f 1326 4807 1327
f 4689 4688 1330
f 1330 4688 1331
f 4801 4789 4062
f 4062 4789 4059
f 3730 4062 4808
f 4808 4062 4061
f 4810 4811 4809
f 4809 4811 4812
f 4813 4403 4814
f 4814 4403 4345
f 4815 4816 4349
f 4349 4816 4350
f 4817 4818 4820
f 4820 4818 4819
f 4406 4821 4407
f 4407 4821 4822
f 4823 4161 4824
f 4824 4161 4685
f 4181 4414 4825
f 4825 4414 4689
f 4741 4740 4826
f 4826 4740 4827
f 4828 4829 4827
f 4827 4829 4826
f 4142 4141 4415
f 4415 4141 4148
f 4830 1354 4761
f 4761 1354 1279
f 4832 4833 4831
f 4831 4833 4834
f 4835 4836 4626
f 4626 4836 4421
f 4451 4709 4395
f 4395 4709 4708
f 4627 4420 4837
f 4837 4420 4385
f 4837 1365 4838
f 4838 1365 1364
f 4397 4396 4839
f 4839 4396 4840
f 4842 4628 4841
f 4841 4628 4629
f 4671 4674 4631
f 4631 4674 4630
f 4674 4659 4630
f 4630 4659 4632
f 4633 4632 4658
f 4658 4632 4659
f 4658 4504 4633
f 4633 4504 4634
f 4635 4634 4507
f 4507 4634 4504
f 4843 4636 4507
f 4507 4636 4635
f 4844 4637 4843
f 4843 4637 4636
f 4637 4844 4640
f 4640 4844 4664
f 4638 4663 4642
f 4642 4663 4845
f 4847 4643 4846
f 4846 4643 4641
f 4644 4848 4645
f 4645 4848 4849
f 4851 4852 4850
f 4850 4852 4853
f 4855 4856 4854
f 4854 4856 4857
f 4859 4860 4858
f 4858 4860 4857
f 4715 4718 4859
f 4859 4718 4860
f 4862 4863 4861
f 4861 4863 4864
f 4866 4867 4865
f 4865 4867 4868
f 4870 4871 4869
f 4869 4871 4872
f 4869 4872 4116
f 4116 4872 4117
f 4820 4819 4874
f 4874 4819 4873
f 4876 4877 4875
f 4875 4877 4878
f 4880 4881 4879
f 4879 4881 4882
f 4884 4885 4883
f 4883 4885 4886
f 4887 4888 4280
f 4280 4888 4281
f 4818 4817 4889
f 4889 4817 4890
f 4891 4193 4823
f 4823 4193 4192
f 4892 4893 4228
f 4228 4893 4229
f 4158 4157 4894
f 4894 4157 4895
f 4896 4897 4132
f 4132 4897 4133
f 4099 4683 4100
f 4100 4683 4682
f 4101 4100 4899
f 4899 4100 4898
f 4150 4106 4147
f 4147 4106 4900
f 4100 4682 4898
f 4898 4682 4677
f 4080 4082 4187
f 4187 4082 4184
f 4077 4080 4189
f 4189 4080 4187
f 4191 4190 4790
f 4790 4190 4901
f 4177 4158 4680
f 4680 4158 4894
f 4108 4136 4752
f 4752 4136 4754
f 4752 4753 4108
f 4108 4753 4109
f 4817 4902 4890
f 4890 4902 4903
f 4904 4905 4907
f 4907 4905 4906
f 4909 4910 4908
f 4908 4910 4911
f 4913 4914 4912
f 4912 4914 4915
f 4916 4917 4919
f 4919 4917 4918
f 4312 4424 4299
f 4299 4424 4304
f 4920 4921 4297
f 4297 4921 4298
f 4194 4922 4167
f 4167 4922 4923
f 4924 4400 4691
f 4691 4400 4399
f 4395 4708 4396
f 4396 4708 4758
f 4367 4925 4368
f 4368 4925 4926
f 4919 4918 4873
f 4873 4918 4874
f 4836 4927 4421
f 4421 4927 4422
f 4921 4928 4298
f 4298 4928 4311
f 4143 4146 4122
f 4122 4146 4119
f 4929 4930 4455
f 4455 4930 4452
f 4932 4933 4931
f 4931 4933 4934
f 4935 4936 4932
f 4932 4936 4933
f 4461 4460 4457
f 4457 4460 4458
f 4480 4479 4475
f 4475 4479 4476
f 4660 4673 4517
f 4517 4673 4937
f 4661 4505 4658
f 4658 4505 4504
f 4484 4483 4489
f 4489 4483 4486
f 4462 4509 4463
f 4463 4509 4518
f 4469 4511 4466
f 4466 4511 4508
f 4655 4473 4656
f 4656 4473 4477
f 4476 4657 4477
f 4477 4657 4656
f 4479 4513 4476
f 4476 4513 4657
f 4489 4525 4484
f 4484 4525 4526
f 4483 4549 4486
f 4486 4549 4536
f 4549 4548 4536
f 4536 4548 4551
f 4548 4568 4551
f 4551 4568 4670
f 4663 4589 4845
f 4845 4589 4590
f 4668 4577 4938
f 4938 4577 4580
f 4940 4938 4939
f 4939 4938 4941
f 4940 4942 4669
f 4669 4942 4943
f 4587 4582 4944
f 4944 4582 4581
f 4848 4847 4608
f 4608 4847 4564
f 4616 4945 4613
f 4613 4945 4598
f 4615 4946 4616
f 4616 4946 4945
f 4947 4939 4948
f 4948 4939 4946
f 4599 4605 4600
f 4600 4605 4604
f 4608 4607 4848
f 4848 4607 4849
f 4613 4612 4616
f 4616 4612 4617
f 4835 4949 4709
f 4709 4949 4710
f 4357 1477 4837
f 4837 1477 1365
f 4712 4950 4803
f 4803 4950 4951
f 4401 4952 4402
f 4402 4952 4953
f 4759 4760 4402
f 4402 4760 4399
f 4508 4520 4509
f 4509 4520 4654
f 4510 4522 4511
f 4511 4522 4521
f 4513 4526 4657
f 4657 4526 4525
f 4632 4633 4514
f 4514 4633 4529
f 4931 4934 4453
f 4453 4934 4454
f 4153 4954 4154
f 4154 4954 4955
f 4957 4958 4956
f 4956 4958 4959
f 4961 4962 4960
f 4960 4962 4963
f 4120 4964 4210
f 4210 4964 4965
f 4967 4968 4966
f 4966 4968 4969
f 4349 4692 4815
f 4815 4692 4970
f 4652 4971 4653
f 4653 4971 4706
f 4758 4647 4972
f 4972 4647 4646
f 4973 4363 4646
f 4646 4363 4972
f 4950 4360 4974
f 4974 4360 4364
f 4431 4335 4746
f 4746 4335 4713
f 4358 4714 4325
f 4325 4714 4321
f 4765 4764 4266
f 4266 4764 4975
f 4202 4976 4203
f 4203 4976 4977
f 4917 4978 4918
f 4918 4978 4979
f 4279 4282 4854
f 4854 4282 4269
f 4820 4880 4817
f 4817 4880 4902
f 4890 4903 4980
f 4980 4903 4886
f 4982 4983 4981
f 4981 4983 4123
f 4795 4851 4796
f 4796 4851 4850
f 4918 4979 4874
f 4874 4979 4881
f 4809 4404 4810
f 4810 4404 4403
f 4354 4985 4984
f 4984 4985 4986
f 1364 1516 4838
f 4838 1516 4987
f 4759 4988 4367
f 4367 4988 4925
f 4989 4990 4481
f 4481 4990 4478
f 4443 4515 4990
f 4990 4515 4991
f 4527 4512 4992
f 4992 4512 4991
f 4528 4503 4992
f 4992 4503 4993
f 4993 4994 4485
f 4485 4994 4482
f 4544 4995 4502
f 4502 4995 4994
f 4995 4996 4550
f 4550 4996 4547
f 4998 4999 4997
f 4997 4999 4566
f 4998 5000 4578
f 4578 5000 4579
f 5001 5002 4596
f 4596 5002 4597
f 5003 4591 5004
f 5004 4591 4610
f 4626 4421 4627
f 4627 4421 4420
f 4837 4838 4627
f 4627 4838 4624
f 4761 4705 4830
f 4830 4705 5005
f 4705 4707 5005
f 5005 4707 5006
f 4308 4721 4075
f 4075 4721 4076
f 5007 4200 4797
f 4797 4200 4798
f 4685 4686 5008
f 5008 4686 5009
f 4889 4890 5010
f 5010 4890 4980
f 4323 1541 4324
f 4324 1541 1540
f 4385 4384 4358
f 4358 4384 4714
f 4396 4758 4840
f 4840 4758 4972
f 4866 4852 5011
f 5011 4852 5012
f 5013 4260 4980
f 4980 4260 5010
f 4875 4878 5014
f 5014 4878 5015
f 5017 5018 5016
f 5016 5018 5019
f 5016 5019 5020
f 5020 5019 5021
f 5023 5024 5022
f 5022 5024 5025
f 5027 5028 5026
f 5026 5028 5029
f 5031 5032 5030
f 5030 5032 5033
f 5035 5036 5034
f 5034 5036 5037
f 5039 5040 5038
f 5038 5040 5041
f 5043 5044 5042
f 5042 5044 5045
f 5038 5046 5039
f 5039 5046 5047
f 5049 5050 5048
f 5048 5050 5051
f 5053 5054 5052
f 5052 5054 5055
f 5057 5024 5056
f 5056 5024 5058
f 5060 5061 5059
f 5059 5061 5062
f 5064 5065 5063
f 5063 5065 5066
f 5043 5050 5064
f 5064 5050 5065
f 5038 5041 5067
f 5067 5041 5068
f 5070 5071 5069
f 5069 5071 5072
f 5074 5075 5073
f 5073 5075 5076
f 5034 5077 5035
f 5035 5077 5078
f 5080 5081 5079
f 5079 5081 5082
f 5084 5085 5083
f 5083 5085 5086
f 5085 5084 5087
f 5087 5084 5088
f 5090 5091 5089
f 5089 5091 5092
f 5094 5095 5093
f 5093 5095 5096
f 5098 5099 5097
f 5097 5099 5100
f 5102 5103 5101
f 5101 5103 5104
f 5105 5106 5108
f 5108 5106 5107
f 5110 5111 5109
f 5109 5111 5112
f 5114 5094 5113
f 5113 5094 5093
f 5116 5117 5115
f 5115 5117 5118
f 5120 5121 5119
f 5119 5121 5122
f 5124 5125 5123
f 5123 5125 5126
f 5128 5129 5127
f 5127 5129 5130
f 5097 5131 5098
f 5098 5131 5132
f 5134 5135 5133
f 5133 5135 5122
f 5084 5125 5088
f 5088 5125 5136
f 5138 5139 5137
f 5137 5139 5140
f 5142 5102 5141
f 5141 5102 5101
f 5106 5143 5107
f 5107 5143 5144
f 5146 5147 5145
f 5145 5147 5148
f 5149 5150 5109
f 5109 5150 5110
f 5151 5110 5152
f 5152 5110 5150
f 4715 5140 4716
f 4716 5140 5139
f 5143 4870 5144
f 5144 4870 4869
f 4115 5146 4116
f 4116 5146 5145
f 4791 4796 5149
f 5149 4796 5150
f 4796 4850 5150
f 5150 4850 5152
f 4858 5142 4859
f 4859 5142 5141
f 5153 5154 5115
f 5115 5154 5105
f 5156 5157 5155
f 5155 5157 5158
f 5159 5160 5053
f 5053 5160 5054
f 5161 5162 5020
f 5020 5162 5068
f 5026 5029 5163
f 5163 5029 5021
f 5083 5086 5164
f 5164 5086 5165
f 5090 5167 5166
f 5166 5167 5168
f 5169 5170 5172
f 5172 5170 5171
f 5174 5175 5173
f 5173 5175 5176
f 5177 5109 5178
f 5178 5109 5112
f 5179 5180 5182
f 5182 5180 5181
f 5123 5126 5120
f 5120 5126 5121
f 5180 5167 5181
f 5181 5167 5183
f 5184 5185 5179
f 5179 5185 5180
f 5186 5149 5177
f 5177 5149 5109
f 4868 5184 4865
f 4865 5184 5179
f 5188 5189 5187
f 5187 5189 5190
f 4277 4791 5186
f 5186 4791 5149
f 5179 5182 4865
f 4865 5182 4853
f 5189 4862 5190
f 5190 4862 4861
f 5156 5075 5191
f 5191 5075 5192
f 5036 5035 5193
f 5193 5035 5194
f 5115 5118 5153
f 5153 5118 5195
f 5022 5025 5196
f 5196 5025 5197
f 5155 5158 5069
f 5069 5158 5062
f 5063 5066 5198
f 5198 5066 5199
f 5073 5076 5200
f 5200 5076 5072
f 5202 5131 5201
f 5201 5131 5203
f 5143 5106 5204
f 5204 5106 5205
f 5114 5113 5206
f 5206 5113 5127
f 5098 5132 5193
f 5193 5132 5195
f 5204 5207 5143
f 5143 5207 4870
f 5088 5136 5208
f 5208 5136 5092
f 5209 5210 5089
f 5089 5210 5183
f 5211 5018 5060
f 5060 5018 5061
f 5017 5040 5070
f 5070 5040 5071
f 5191 5160 5156
f 5156 5160 5157
f 5048 5028 5049
f 5049 5028 5058
f 5207 5204 4858
f 4858 5204 5142
f 4859 5141 4715
f 4715 5141 5140
f 5212 5162 5042
f 5042 5162 5051
f 5182 5152 4853
f 4853 5152 4850
f 5214 5134 5213
f 5213 5134 5133
f 5164 5165 5133
f 5133 5165 5213
f 5215 5216 5201
f 5201 5216 5217
f 5147 5218 5148
f 5148 5218 5219
f 5147 5177 5218
f 5218 5177 5178
f 5141 5101 5140
f 5140 5101 5137
f 5201 5217 5202
f 5202 5217 5104
f 5146 5186 5147
f 5147 5186 5177
f 4277 5186 4115
f 4115 5186 5146
f 5191 5192 5031
f 5031 5192 5032
f 5052 5055 5220
f 5220 5055 5197
f 4116 5145 4869
f 4869 5145 5144
f 5034 5037 5214
f 5214 5037 5134
f 5097 5100 5114
f 5114 5100 5094
f 5108 5107 5219
f 5219 5107 5148
f 5221 5135 5116
f 5116 5135 5117
f 5124 5111 5209
f 5209 5111 5210
f 5107 5144 5148
f 5148 5144 5145
f 5152 5182 5151
f 5151 5182 5181
f 5208 5222 5088
f 5088 5222 5087
f 5222 5208 5171
f 5171 5208 5172
f 5223 1756 4698
f 4698 1756 1755
f 4427 5224 4107
f 4107 5224 4135
f 4178 4679 5225
f 5225 4679 5226
f 5227 5228 4892
f 4892 5228 4893
f 5229 5230 4171
f 4171 5230 4172
f 4855 4268 4884
f 4884 4268 4885
f 4884 4871 4855
f 4855 4871 4856
f 4684 5231 4896
f 4896 5231 4897
f 4768 4767 5009
f 5009 4767 5008
f 5205 5154 5102
f 5102 5154 5103
f 5099 5098 5194
f 5194 5098 5193
f 5198 5199 5079
f 5079 5199 5033
f 5102 5142 5205
f 5205 5142 5204
f 5224 4427 4681
f 4681 4427 4678
f 3712 3711 5232
f 5232 3711 5233
f 3968 3988 3963
f 3963 3988 3964
f 3976 4044 3972
f 3972 4044 3985
f 4038 4037 4036
f 4036 4037 4033
f 4794 4762 3731
f 3731 4762 3944
f 3731 3944 3722
f 3722 3944 3810
f 3874 5234 5232
f 5232 5234 3712
f 3906 3905 3867
f 3867 3905 4011
f 3904 4023 3905
f 3905 4023 4011
f 3719 3722 3811
f 3811 3722 3810
f 3812 3719 3687
f 3687 3719 3811
f 3716 3812 3686
f 3686 3812 3687
f 3713 3716 3685
f 3685 3716 3686
f 4810 4403 5235
f 5235 4403 4813
f 4345 1770 4814
f 4814 1770 1769
f 4067 4066 4058
f 4058 4066 5236
f 4043 4068 4049
f 4049 4068 4050
f 4034 5237 3989
f 3989 5237 3990
f 4031 4030 4072
f 4072 4030 4005
f 4003 4004 4002
f 4002 4004 4032
f 4004 4005 4032
f 4032 4005 4030
f 4067 4064 4068
f 4068 4064 4050
f 4058 4057 4067
f 4067 4057 4064
f 4035 4034 5238
f 5238 4034 3989
f 5236 5239 4058
f 4058 5239 5240
f 5234 3874 5241
f 5241 3874 3873
f 5241 3873 3881
f 3881 3873 3878
f 4800 4763 4788
f 4788 4763 4310
f 4763 4762 4310
f 4310 4762 4309
f 4762 4794 4309
f 4309 4794 4306
f 4794 4793 4306
f 4306 4793 4292
f 4293 4313 4302
f 4302 4313 4314
f 4302 4314 4303
f 4303 4314 4315
f 4303 4315 4703
f 4703 4315 4316
f 4035 4069 4043
f 4043 4069 4068
f 4324 1540 4357
f 4357 1540 1477
f 5232 3987 3874
f 3874 3987 3871
f 3987 5232 4013
f 4013 5232 5233
f 4013 5233 4014
f 4014 5233 5242
f 3888 4015 3865
f 3865 4015 4007
f 3866 4008 5243
f 5243 4008 4016
f 3873 5244 3878
f 3878 5244 3875
f 3965 5244 3872
f 3872 5244 3873
f 3876 3875 3965
f 3965 3875 5244
f 5243 4016 5242
f 5242 4016 4014
f 5246 5247 5245
f 5245 5247 5248
f 3576 3950 3577
f 3577 3950 3926
f 3584 3842 3585
f 3585 3842 3580
f 5249 5247 1784
f 1784 5247 1785
f 5250 5251 5253
f 5253 5251 5252
f 5255 5252 5254
f 5254 5252 5256
f 5254 5256 5258
f 5258 5256 5257
f 5258 5257 5260
f 5260 5257 5259
f 4356 5261 4424
f 4424 5261 5259
f 4355 5262 4356
f 4356 5262 5261
f 4924 5264 5263
f 5263 5264 5265
f 4693 5266 4691
f 4691 5266 5267
f 4351 5268 4352
f 4352 5268 5269
f 1808 1807 4351
f 4351 1807 5268
f 3580 3842 3581
f 3799 3802 3838
f 4800 4788 4801
f 4801 4788 4789
f 3729 3935 4801
f 4801 3935 4800
f 3728 3666 3729
f 3729 3666 3935
f 3728 3798 3666
f 3666 3798 3663
f 3798 3818 3663
f 3663 3818 3809
f 3818 3817 3809
f 3809 3817 3808
f 3796 3655 3817
f 3817 3655 3808
f 3615 3568 3796
f 3796 3568 3655
f 3573 3569 3615
f 3615 3569 3568
f 3572 3613 3573
f 3573 3613 3569
f 3792 3606 3572
f 3572 3606 3613
f 3607 3791 3949
f 3949 3791 3591
f 3590 3950 3591
f 3591 3950 3949
f 3805 3926 3590
f 3590 3926 3950
f 3804 3559 3805
f 3805 3559 3926
f 3804 3914 3559
f 3559 3914 3560
f 3924 3789 3913
f 3913 3789 3788
f 3924 3928 3789
f 3789 3928 3826
f 3928 3927 3826
f 3826 3927 3827
f 3927 3834 3827
f 3827 3834 3835
f 4079 4078 5270
f 5270 4078 5007
f 5271 5272 4233
f 4233 5272 5273
f 5275 5276 5274
f 5274 5276 5277
f 5278 5279 4236
f 4236 5279 4237
f 5278 5280 5271
f 5271 5280 5272
f 4235 5281 4236
f 4236 5281 5282
f 5284 5285 5283
f 5283 5285 5286
f 5288 5289 5287
f 5287 5289 5290
f 5292 5293 5291
f 5291 5293 5294
f 5287 5290 4726
f 4726 5290 5295
f 4293 4292 4313
f 4313 4292 4793
f 4720 4736 4719
f 4719 4736 5296
f 5297 4909 5298
f 5298 4909 4908
f 5299 5300 4976
f 4976 5300 5301
f 5302 4202 5303
f 5303 4202 4201
f 5304 5305 4983
f 4983 5305 5306
f 5308 5309 5307
f 5307 5309 5310
f 4722 4725 5283
f 5283 4725 5311
f 5291 5294 4125
f 4125 5294 4126
f 5313 5314 5312
f 5312 5314 5315
f 5316 5317 5319
f 5319 5317 5318
f 5321 5308 5320
f 5320 5308 5307
f 4819 4981 4873
f 4873 4981 5322
f 4981 4123 5322
f 5322 4123 4126
f 5324 5325 5323
f 5323 5325 5326
f 4764 5327 4975
f 4975 5327 5328
f 4172 5327 4169
f 4169 5327 5329
f 4768 4171 4769
f 4769 4171 4170
f 4243 4755 4244
f 4244 4755 5330
f 4755 4205 5330
f 5330 4205 4208
f 4206 4906 4207
f 4207 4906 4905
f 4686 5014 5009
f 5009 5014 5229
f 4756 4770 4170
f 4170 4770 4769
f 4170 4169 4756
f 4756 4169 4757
f 4273 5329 4764
f 4764 5329 5327
f 4276 5331 4273
f 4273 5331 5329
f 4770 4756 4243
f 4243 4756 4755
f 5333 4889 5332
f 5332 4889 5010
f 4877 5332 4878
f 4878 5332 4259
f 4875 4164 4876
f 4876 4164 4163
f 5334 5335 5324
f 5324 5335 5325
f 4983 5306 4123
f 4123 5306 4124
f 4818 4982 4819
f 4819 4982 4981
f 5332 5010 4259
f 4259 5010 4260
f 5014 4686 4875
f 4875 4686 4164
f 4171 4768 5229
f 5229 4768 5009
f 5337 4916 5336
f 5336 4916 4919
f 5293 5337 5294
f 5294 5337 5336
f 4982 4818 5333
f 5333 4818 4889
f 5338 5339 4262
f 4262 5339 5340
f 5307 5310 5338
f 5338 5310 5339
f 5341 5342 4204
f 4204 5342 5309
f 5336 4919 5322
f 5322 4919 4873
f 5294 5336 4126
f 4126 5336 5322
f 5323 5326 5343
f 5343 5326 5286
f 4914 5344 4915
f 4915 5344 5345
f 5312 5315 5344
f 5344 5315 5345
f 5347 5348 5346
f 5346 5348 5349
f 5350 5351 4832
f 4832 5351 4833
f 5352 5353 5349
f 5349 5353 5346
f 5354 5338 4265
f 4265 5338 4262
f 5320 5307 5354
f 5354 5307 5338
f 4201 5308 5303
f 5303 5308 5321
f 5356 5357 5355
f 5355 5357 4799
f 5358 5359 5334
f 5334 5359 5335
f 5358 5360 4093
f 4093 5360 4163
f 5360 5305 4163
f 4163 5305 4876
f 5305 5304 4876
f 4876 5304 4877
f 5270 4778 4079
f 4079 4778 4081
f 4779 5361 4774
f 4774 5361 5357
f 5356 5359 4775
f 4775 5359 4092
f 5333 5304 4982
f 4982 5304 4983
f 5332 4877 5333
f 5333 4877 5304
f 5015 4258 5230
f 5230 4258 5328
f 5327 4172 5328
f 5328 4172 5230
f 4169 5329 4757
f 4757 5329 5331
f 4757 5331 4205
f 4205 5331 4206
f 5331 4276 4206
f 4206 4276 4906
f 4276 4275 4906
f 4906 4275 4907
f 4275 4888 4907
f 4907 4888 4744
f 4887 4717 4745
f 4745 4717 4864
f 4716 5139 4861
f 4861 5139 5190
f 5139 5138 5190
f 5190 5138 5187
f 5138 5216 5187
f 5187 5216 5176
f 5215 5362 5173
f 5173 5362 5130
f 5364 5365 5363
f 5363 5365 5340
f 4742 4863 5366
f 5366 4863 4867
f 4862 5189 4868
f 4868 5189 5184
f 5189 5188 5184
f 5184 5188 5185
f 5188 5175 5185
f 5185 5175 5168
f 3560 3788 3561
f 3561 3788 3790
f 3596 3595 3608
f 3608 3595 3594
f 3598 3582 3595
f 3595 3582 3592
f 3600 3609 3601
f 3601 3609 3611
f 3602 3601 3612
f 3612 3601 3611
f 3606 3605 3613
f 3613 3605 3614
f 3793 5367 3794
f 3794 5367 5368
f 3598 3597 3600
f 3600 3597 3609
f 3793 3792 3575
f 3575 3792 3572
f 3561 3594 3558
f 3558 3594 3593
f 3807 3915 3804
f 3804 3915 3914
f 3916 3915 5370
f 5370 3915 5369
f 3602 3605 3603
f 3603 3605 3604
f 3606 3792 3607
f 3607 3792 3791
f 3914 3913 3560
f 3560 3913 3788
f 5174 5129 5166
f 5166 5129 5371
f 5170 5169 5093
f 5093 5169 5113
f 5166 5371 5090
f 5090 5371 5091
f 5128 5169 5372
f 5372 5169 5172
f 5127 5113 5128
f 5128 5113 5169
f 5114 5206 5203
f 5203 5206 5362
f 5200 5373 5073
f 5073 5373 5096
f 5374 5375 5200
f 5200 5375 5373
f 5039 5047 5374
f 5374 5047 5375
f 5087 5046 5085
f 5085 5046 5376
f 5212 5377 5067
f 5067 5377 5376
f 5042 5045 5212
f 5212 5045 5377
f 5064 5378 5043
f 5043 5378 5044
f 5063 5077 5064
f 5064 5077 5378
f 5079 5082 5198
f 5198 5082 5078
f 5099 5081 5100
f 5100 5081 5379
f 5100 5379 5094
f 5094 5379 5095
f 5381 5382 5380
f 5380 5382 5383
f 5385 5386 5384
f 5384 5386 5383
f 5385 5387 5386
f 5386 5387 5388
f 5390 5391 5389
f 5389 5391 5392
f 5393 5394 5396
f 5396 5394 5395
f 5398 5399 5397
f 5397 5399 5400
f 5402 5403 5401
f 5401 5403 5404
f 5406 5407 5405
f 5405 5407 5404
f 5408 5409 5163
f 5163 5409 5410
f 5411 5412 5414
f 5414 5412 5413
f 5057 5416 5415
f 5415 5416 5417
f 5393 5416 5418
f 5418 5416 5419
f 5396 5395 5420
f 5420 5395 5421
f 5423 5424 5422
f 5422 5424 5425
f 5415 5417 5220
f 5220 5417 5426
f 5418 5391 5393
f 5393 5391 5394
f 5414 5388 5411
f 5411 5388 5392
f 5059 5427 5060
f 5060 5427 5428
f 5423 5427 5429
f 5429 5427 5430
f 5432 5382 5431
f 5431 5382 5425
f 5429 5407 5423
f 5423 5407 5424
f 5380 5409 5381
f 5381 5409 5433
f 5381 5433 5422
f 5422 5433 5428
f 5027 5412 5056
f 5056 5412 5419
f 5435 5436 5434
f 5434 5436 5437
f 5159 5439 5438
f 5438 5439 5440
f 5053 5436 5159
f 5159 5436 5439
f 5441 5403 5398
f 5398 5403 5399
f 5163 5410 5026
f 5026 5410 5413
f 5438 5440 5442
f 5442 5440 5430
f 5444 5445 5443
f 5443 5445 5446
f 5447 5448 5450
f 5450 5448 5449
f 5451 5446 5452
f 5452 5446 5445
f 5454 5455 5453
f 5453 5455 5451
f 5456 5454 5458
f 5458 5454 5457
f 5460 5461 5459
f 5459 5461 5462
f 5464 5465 5463
f 5463 5465 5466
f 5468 5469 5467
f 5467 5469 5470
f 5472 5473 5471
f 5471 5473 5474
f 5475 5476 5478
f 5478 5476 5477
f 5479 5480 5482
f 5482 5480 5481
f 5483 5484 5448
f 5448 5484 5485
f 5448 5485 5449
f 5449 5485 5486
f 5487 5476 5488
f 5488 5476 5475
f 5490 5491 5489
f 5489 5491 5492
f 5494 5495 5493
f 5493 5495 5496
f 5498 5494 5497
f 5497 5494 5493
f 5500 5501 5499
f 5499 5501 5502
f 5503 5504 5446
f 5446 5504 5443
f 5506 5507 5505
f 5505 5507 5508
f 5510 5511 5509
f 5509 5511 5512
f 5514 5515 5513
f 5513 5515 5516
f 5518 5519 5517
f 5517 5519 5520
f 5495 5521 5496
f 5496 5521 5522
f 5524 5525 5523
f 5523 5525 5526
f 5527 5528 5494
f 5494 5528 5495
f 5499 5502 5529
f 5529 5502 5530
f 5531 5532 5485
f 5485 5532 5486
f 5485 5484 5531
f 5531 5484 5533
f 5482 5481 5534
f 5534 5481 5535
f 5536 5512 5506
f 5506 5512 5511
f 5455 5503 5451
f 5451 5503 5446
f 5467 5470 5511
f 5511 5470 5537
f 5538 5467 5510
f 5510 5467 5511
f 5540 5541 5539
f 5539 5541 5542
f 5543 5544 5546
f 5546 5544 5545
f 5548 5472 5547
f 5547 5472 5471
f 5493 5496 5549
f 5549 5496 5550
f 5496 5522 5550
f 5550 5522 5551
f 5553 5554 5552
f 5552 5554 5555
f 5557 5447 5556
f 5556 5447 5558
f 5557 5483 5447
f 5447 5483 5448
f 5478 5477 5553
f 5553 5477 5559
f 5477 5560 5559
f 5559 5560 5561
f 5476 5562 5477
f 5477 5562 5560
f 5476 5487 5562
f 5562 5487 5563
f 5560 5564 5561
f 5561 5564 5565
f 5564 5560 5566
f 5566 5560 5562
f 5563 5567 5562
f 5562 5567 5566
f 5569 5521 5568
f 5568 5521 5570
f 5481 5572 5571
f 5571 5572 5573
f 5574 5535 5571
f 5571 5535 5481
f 5576 5577 5575
f 5575 5577 5578
f 5579 5580 5456
f 5456 5580 5581
f 5475 5582 5488
f 5488 5582 5583
f 5584 5536 5505
f 5505 5536 5506
f 5585 5586 5588
f 5588 5586 5587
f 5590 5591 5589
f 5589 5591 5592
f 5519 5593 5520
f 5520 5593 5594
f 5595 5596 5462
f 5462 5596 5597
f 5599 5600 5598
f 5598 5600 5514
f 5602 5603 5601
f 5601 5603 5604
f 5524 5543 5525
f 5525 5543 5546
f 5543 5524 5606
f 5606 5524 5605
f 5607 5608 5500
f 5500 5608 5501
f 5610 5551 5609
f 5609 5551 5522
f 5611 5510 5598
f 5598 5510 5509
f 5612 5597 5457
f 5457 5597 5458
f 5510 5611 5538
f 5538 5611 5613
f 5580 5508 5581
f 5581 5508 5507
f 5615 5616 5614
f 5614 5616 5617
f 5619 5620 5618
f 5618 5620 5621
f 5623 5624 5622
f 5622 5624 5625
f 5627 5624 5626
f 5626 5624 5623
f 5629 5630 5628
f 5628 5630 5631
f 5633 5634 5632
f 5632 5634 5466
f 5635 5636 5463
f 5463 5636 5637
f 5523 5638 5524
f 5524 5638 5605
f 5639 5640 5641
f 5641 5640 5595
f 5611 5513 5613
f 5613 5513 5642
f 5643 5586 5608
f 5608 5586 5501
f 5622 5625 5590
f 5590 5625 5591
f 5598 5514 5611
f 5611 5514 5513
f 5645 5646 5644
f 5644 5646 5647
f 5620 5619 5491
f 5491 5619 5648
f 5649 5643 5492
f 5492 5643 5608
f 5650 5651 5653
f 5653 5651 5652
f 5463 5466 5635
f 5635 5466 5634
f 5597 5612 5462
f 5462 5612 5459
f 5635 5634 5523
f 5523 5634 5638
f 5654 5638 5633
f 5633 5638 5634
f 5655 5656 5525
f 5525 5656 5526
f 5658 5659 5657
f 5657 5659 5527
f 5660 5464 5637
f 5637 5464 5463
f 5632 5466 5661
f 5661 5466 5465
f 5661 5662 5632
f 5632 5662 5658
f 5662 5663 5658
f 5658 5663 5659
f 5665 5659 5664
f 5664 5659 5663
f 5632 5658 5633
f 5633 5658 5657
f 5666 5629 5530
f 5530 5629 5667
f 5528 5527 5665
f 5665 5527 5659
f 5668 5669 5570
f 5570 5669 5568
f 5669 5668 5670
f 5670 5668 5671
f 5646 5672 5673
f 5672 5674 5673
f 5673 5674 5675
f 5674 5460 5675
f 5675 5460 5459
f 5461 5676 5462
f 5462 5676 5595
f 5677 5678 5680
f 5680 5678 5679
f 5628 5681 5629
f 5629 5681 5667
f 5682 5529 5667
f 5667 5529 5530
f 5675 5459 5683
f 5683 5459 5612
f 5585 5666 5502
f 5502 5666 5530
f 5589 5684 5602
f 5602 5684 5603
f 5646 5645 5663
f 5663 5645 5664
f 5685 5647 5673
f 5673 5647 5646
f 5686 5687 5683
f 5683 5687 5685
f 5688 5689 5533
f 5533 5689 5531
f 5690 5691 5535
f 5535 5691 5534
f 5692 5690 5574
f 5574 5690 5535
f 5685 5687 5689
f 5689 5687 5693
f 5489 5694 5490
f 5490 5694 5695
f 5690 5692 5696
f 5696 5692 5697
f 5696 5644 5690
f 5690 5644 5691
f 5447 5450 5558
f 5558 5450 5698
f 5699 5700 5642
f 5642 5700 5613
f 5701 5702 5540
f 5540 5702 5541
f 5431 5703 5432
f 5432 5703 5697
f 5385 5384 5574
f 5574 5384 5692
f 5389 5387 5573
f 5573 5387 5571
f 5565 5390 5573
f 5573 5390 5389
f 5390 5565 5704
f 5704 5565 5564
f 5566 5705 5564
f 5564 5705 5704
f 5569 5441 5609
f 5609 5441 5398
f 5568 5405 5569
f 5569 5405 5441
f 5670 5706 5669
f 5669 5706 5406
f 5703 5431 5670
f 5670 5431 5706
f 5432 5697 5384
f 5384 5697 5692
f 5574 5571 5385
f 5385 5571 5387
f 5607 5707 5489
f 5489 5707 5694
f 5518 5708 5519
f 5519 5708 5709
f 5711 5576 5710
f 5710 5576 5575
f 5713 5714 5712
f 5712 5714 5715
f 5553 5552 5478
f 5478 5552 5716
f 5717 5475 5716
f 5716 5475 5478
f 5718 5719 5605
f 5605 5719 5606
f 5505 5622 5584
f 5584 5622 5590
f 5508 5623 5505
f 5505 5623 5622
f 5626 5623 5580
f 5580 5623 5508
f 5580 5579 5626
f 5626 5579 5720
f 5579 5721 5720
f 5720 5721 5722
f 5666 5585 5723
f 5723 5585 5588
f 5724 5725 5639
f 5639 5725 5640
f 5554 5726 5555
f 5555 5726 5727
f 5453 5728 5729
f 5689 5688 5685
f 5685 5688 5647
f 5604 5730 5512
f 5512 5730 5509
f 5628 5631 5618
f 5618 5631 5592
f 5601 5604 5536
f 5536 5604 5512
f 5732 5676 5731
f 5731 5676 5660
f 5730 5604 5733
f 5733 5604 5603
f 5563 5487 5551
f 5551 5487 5550
f 5489 5492 5607
f 5607 5492 5608
f 5573 5572 5565
f 5565 5572 5561
f 5609 5522 5569
f 5569 5522 5521
f 5499 5734 5500
f 5500 5734 5735
f 5596 5736 5721
f 5721 5736 5722
f 5737 5600 5594
f 5594 5600 5520
f 5599 5730 5517
f 5517 5730 5733
f 5660 5738 5731
f 5731 5738 5739
f 5648 5649 5491
f 5491 5649 5492
f 5501 5586 5502
f 5502 5586 5585
f 5525 5546 5655
f 5655 5546 5740
f 5600 5599 5520
f 5520 5599 5517
f 5708 5739 5709
f 5709 5739 5738
f 5636 5635 5526
f 5526 5635 5523
f 5670 5671 5703
f 5703 5671 5741
f 5490 5695 5742
f 5742 5695 5743
f 5682 5678 5744
f 5744 5678 5677
f 5678 5681 5679
f 5679 5681 5621
f 5742 5743 5679
f 5679 5743 5680
f 5618 5621 5628
f 5628 5621 5681
f 5725 5724 5589
f 5589 5724 5684
f 5456 5458 5579
f 5579 5458 5721
f 5675 5683 5673
f 5673 5683 5685
f 5529 5682 5745
f 5745 5682 5744
f 5721 5458 5596
f 5596 5458 5597
f 5701 5540 5719
f 5719 5540 5606
f 5703 5741 5697
f 5697 5741 5696
f 5500 5735 5607
f 5607 5735 5707
f 5549 5746 5493
f 5493 5746 5497
f 5700 5747 5613
f 5613 5747 5538
f 5420 5421 5434
f 5434 5421 5400
f 5689 5693 5531
f 5531 5693 5532
f 5705 5566 5748
f 5748 5566 5567
f 5609 5398 5610
f 5610 5398 5397
f 5669 5406 5568
f 5568 5406 5405
f 5488 5583 5549
f 5549 5583 5746
f 5714 5713 5710
f 5710 5713 5711
f 5747 5468 5538
f 5538 5468 5467
f 5548 5547 5749
f 5749 5547 5750
f 5733 5603 5751
f 5751 5603 5684
f 5589 5602 5590
f 5590 5602 5584
f 5636 5752 5614
f 5614 5752 5615
f 5753 5754 5738
f 5738 5754 5755
f 5602 5601 5584
f 5584 5601 5536
f 5723 5736 5630
f 5630 5736 5640
f 5595 5640 5596
f 5596 5640 5736
f 5734 5499 5745
f 5745 5499 5529
f 5627 5587 5643
f 5643 5587 5586
f 5553 5559 5554
f 5554 5559 5480
f 5559 5561 5480
f 5480 5561 5572
f 5554 5480 5726
f 5726 5480 5479
f 5749 5750 5715
f 5715 5750 5712
f 5683 5612 5686
f 5686 5612 5457
f 5678 5682 5681
f 5681 5682 5667
f 5598 5509 5599
f 5599 5509 5730
f 5679 5621 5742
f 5742 5621 5620
f 5652 5616 5653
f 5653 5616 5615
f 5220 5426 5052
f 5052 5426 5437
f 5487 5488 5550
f 5550 5488 5549
f 5742 5620 5490
f 5490 5620 5491
f 5551 5610 5563
f 5563 5610 5567
f 5610 5397 5567
f 5567 5397 5748
f 5614 5617 5753
f 5753 5617 5754
f 5480 5572 5481
f 5755 5756 5738
f 5738 5756 5709
f 5745 5744 5758
f 5758 5744 5757
f 5745 5758 5734
f 5734 5758 5759
f 5735 5734 5760
f 5760 5734 5759
f 5707 5735 5761
f 5761 5735 5760
f 5744 5677 5757
f 5757 5677 5762
f 5677 5680 5762
f 5762 5680 5763
f 5763 5680 5764
f 5764 5680 5743
f 5765 5766 5762
f 5762 5766 5757
f 5768 5769 5767
f 5767 5769 5770
f 5771 5772 5770
f 5770 5772 5767
f 5770 5769 5774
f 5774 5769 5773
f 5775 5776 5774
f 5774 5776 5777
f 5773 5778 5774
f 5774 5778 5775
f 5779 5766 5773
f 5773 5766 5778
f 5777 5771 5774
f 5774 5771 5770
f 5780 5781 5783
f 5783 5781 5782
f 5781 5780 5771
f 5771 5780 5772
f 5773 5769 5779
f 5779 5769 5768
f 5768 5759 5779
f 5779 5759 5758
f 5768 5784 5759
f 5759 5784 5760
f 5767 5785 5768
f 5768 5785 5784
f 5785 5767 5786
f 5786 5767 5772
f 5766 5779 5757
f 5757 5779 5758
f 5780 5787 5772
f 5772 5787 5786
f 5785 5786 5788
f 5788 5786 5789
f 5786 5787 5789
f 5789 5787 5790
f 5788 5789 5791
f 5791 5789 5792
f 5791 5793 5788
f 5788 5793 5794
f 5795 5792 5790
f 5790 5792 5789
f 5785 5788 5784
f 5784 5788 5794
f 5784 5794 5760
f 5760 5794 5761
f 5787 5780 5796
f 5796 5780 5783
f 5775 5778 5797
f 5797 5778 5766
f 5797 5798 5775
f 5775 5798 5776
f 5766 5765 5797
f 5797 5765 5799
f 5798 5797 5800
f 5800 5797 5799
f 5798 5801 5776
f 5776 5801 5802
f 5707 5761 5694
f 5694 5761 5803
f 5695 5804 5743
f 5743 5804 5764
f 5804 5695 5803
f 5803 5695 5694
f 5803 5793 5804
f 5804 5793 5805
f 5793 5791 5805
f 5805 5791 5806
f 5804 5805 5764
f 5764 5805 5807
f 5803 5761 5793
f 5793 5761 5794
f 5808 5763 5807
f 5807 5763 5764
f 5808 5765 5763
f 5763 5765 5762
f 5809 5799 5808
f 5808 5799 5765
f 5809 5808 5810
f 5810 5808 5807
f 5811 5809 5812
f 5812 5809 5810
f 5805 5806 5807
f 5807 5806 5810
f 5806 5813 5810
f 5810 5813 5812
f 5799 5809 5800
f 5800 5809 5811
f 5815 5800 5814
f 5814 5800 5811
f 5814 5817 5816
f 5816 5817 5818
f 5814 5811 5817
f 5817 5811 5812
f 5814 5816 5815
f 5815 5816 5796
f 5815 5796 5801
f 5801 5796 5783
f 5801 5798 5815
f 5815 5798 5800
f 5791 5792 5806
f 5806 5792 5813
f 5818 5813 5795
f 5795 5813 5792
f 5818 5817 5813
f 5813 5817 5812
f 5816 5818 5790
f 5790 5818 5795
f 5790 5787 5816
f 5816 5787 5796
f 5771 5777 5781
f 5781 5777 5782
f 5782 5802 5783
f 5783 5802 5801
f 5782 5777 5802
f 5802 5777 5776
f 5588 5587 5722
f 5722 5587 5720
f 5591 5619 5592
f 5592 5619 5618
f 5625 5624 5648
f 5648 5624 5649
f 5624 5627 5649
f 5649 5627 5643
f 5631 5630 5725
f 5725 5630 5640
f 5625 5648 5591
f 5591 5648 5619
f 5588 5722 5723
f 5723 5722 5736
f 5631 5725 5592
f 5592 5725 5589
f 5723 5630 5666
f 5666 5630 5629
f 5587 5627 5720
f 5720 5627 5626
f 5820 5821 5819
f 5819 5821 5822
f 5824 5825 5823
f 5823 5825 5826
f 5823 5826 5827
f 5827 5826 5828
f 5829 5830 5832
f 5832 5830 5831
f 5518 5833 5708
f 5708 5833 5834
f 5835 5836 5824
f 5824 5836 5825
f 5838 5839 5837
f 5837 5839 5840
f 5751 5684 5842
f 5842 5684 5841
f 5843 5841 5724
f 5724 5841 5684
f 5845 5846 5844
f 5844 5846 5847
f 5848 5830 5836
f 5836 5830 5825
f 5518 5751 5833
f 5833 5751 5842
f 5839 5838 5821
f 5821 5838 5849
f 5850 5848 5822
f 5822 5848 5836
f 5851 5845 5828
f 5828 5845 5852
f 5854 5855 5853
f 5853 5855 5856
f 5845 5844 5852
f 5852 5844 5857
f 5858 5827 5852
f 5852 5827 5828
f 5851 5828 5829
f 5829 5828 5826
f 5819 5859 5820
f 5820 5859 5860
f 5835 5861 5819
f 5819 5861 5859
f 5851 5829 5862
f 5862 5829 5832
f 5844 5847 5837
f 5837 5847 5834
f 5819 5822 5835
f 5835 5822 5836
f 5823 5863 5824
f 5824 5863 5864
f 5849 5850 5821
f 5821 5850 5822
f 5825 5830 5826
f 5826 5830 5829
f 5820 5860 5865
f 5865 5860 5866
f 5858 5854 5867
f 5867 5854 5853
f 5854 5857 5855
f 5855 5857 5840
f 5855 5865 5856
f 5856 5865 5866
f 5837 5840 5844
f 5844 5840 5857
f 5827 5858 5868
f 5868 5858 5867
f 5824 5864 5835
f 5835 5864 5861
f 5732 5731 5862
f 5862 5731 5846
f 5863 5823 5868
f 5868 5823 5827
f 5843 5831 5848
f 5848 5831 5830
f 5854 5858 5857
f 5857 5858 5852
f 5855 5840 5865
f 5865 5840 5839
f 5865 5839 5820
f 5820 5839 5821
f 5868 5867 5870
f 5870 5867 5869
f 5868 5870 5863
f 5863 5870 5871
f 5863 5871 5864
f 5864 5871 5872
f 5864 5872 5861
f 5861 5872 5873
f 5867 5853 5869
f 5869 5853 5874
f 5853 5856 5874
f 5874 5856 5875
f 5856 5866 5875
f 5875 5866 5876
f 5877 5878 5874
f 5874 5878 5869
f 5880 5881 5879
f 5879 5881 5882
f 5883 5884 5880
f 5880 5884 5881
f 5881 5884 5886
f 5886 5884 5885
f 5887 5888 5886
f 5886 5888 5889
f 5885 5890 5886
f 5886 5890 5887
f 5889 5882 5886
f 5886 5882 5881
f 5882 5891 5879
f 5879 5891 5892
f 5885 5884 5893
f 5893 5884 5883
f 5883 5871 5893
f 5893 5871 5870
f 5883 5894 5871
f 5871 5894 5872
f 5880 5895 5883
f 5883 5895 5894
f 5896 5895 5879
f 5879 5895 5880
f 5893 5878 5885
f 5885 5878 5890
f 5878 5893 5869
f 5869 5893 5870
f 5897 5896 5892
f 5892 5896 5879
f 5895 5896 5898
f 5898 5896 5899
f 5896 5897 5899
f 5899 5897 5900
f 5898 5899 5901
f 5901 5899 5902
f 5901 5903 5898
f 5898 5903 5904
f 5900 5905 5899
f 5899 5905 5902
f 5898 5904 5895
f 5895 5904 5894
f 5894 5904 5872
f 5872 5904 5873
f 5897 5892 5907
f 5907 5892 5906
f 5892 5891 5906
f 5906 5891 5908
f 5887 5890 5909
f 5909 5890 5878
f 5888 5887 5910
f 5910 5887 5909
f 5878 5877 5909
f 5909 5877 5911
f 5909 5911 5910
f 5910 5911 5912
f 5913 5914 5910
f 5910 5914 5888
f 5908 5914 5906
f 5906 5914 5913
f 5861 5873 5859
f 5859 5873 5915
f 5860 5916 5866
f 5866 5916 5876
f 5916 5860 5915
f 5915 5860 5859
f 5915 5903 5916
f 5916 5903 5917
f 5903 5901 5917
f 5917 5901 5918
f 5916 5917 5876
f 5876 5917 5919
f 5903 5915 5904
f 5904 5915 5873
f 5920 5875 5919
f 5919 5875 5876
f 5920 5877 5875
f 5875 5877 5874
f 5920 5921 5877
f 5877 5921 5911
f 5921 5920 5922
f 5922 5920 5919
f 5923 5921 5924
f 5924 5921 5922
f 5917 5918 5919
f 5919 5918 5922
f 5918 5925 5922
f 5922 5925 5924
f 5921 5923 5911
f 5911 5923 5912
f 5927 5912 5926
f 5926 5912 5923
f 5926 5929 5928
f 5928 5929 5930
f 5926 5923 5929
f 5929 5923 5924
f 5926 5928 5927
f 5927 5928 5907
f 5927 5907 5913
f 5913 5907 5906
f 5913 5910 5927
f 5927 5910 5912
f 5901 5902 5918
f 5918 5902 5925
f 5930 5925 5905
f 5905 5925 5902
f 5930 5929 5925
f 5925 5929 5924
f 5928 5930 5900
f 5900 5930 5905
f 5900 5897 5928
f 5928 5897 5907
f 5882 5889 5891
f 5891 5889 5908
f 5908 5889 5914
f 5914 5889 5888
f 5832 5831 5641
f 5641 5831 5639
f 5833 5838 5834
f 5834 5838 5837
f 5842 5841 5849
f 5849 5841 5850
f 5841 5843 5850
f 5850 5843 5848
f 5847 5846 5739
f 5739 5846 5731
f 5842 5849 5833
f 5833 5849 5838
f 5862 5832 5732
f 5732 5832 5641
f 5847 5739 5834
f 5834 5739 5708
f 5862 5846 5851
f 5851 5846 5845
f 5831 5843 5639
f 5639 5843 5724
f 5676 5732 5595
f 5595 5732 5641
f 5676 5461 5660
f 5660 5461 5464
f 5461 5460 5464
f 5464 5460 5465
f 5460 5674 5465
f 5465 5674 5661
f 5931 5932 5934
f 5934 5932 5933
f 5936 5937 5935
f 5935 5937 5938
f 5935 5938 5939
f 5939 5938 5940
f 5942 5943 5941
f 5941 5943 5944
f 5945 5946 5936
f 5936 5946 5937
f 5948 5949 5947
f 5947 5949 5950
f 5951 5952 5519
f 5519 5952 5593
f 5953 5951 5709
f 5709 5951 5519
f 5955 5956 5954
f 5954 5956 5957
f 5958 5942 5946
f 5946 5942 5937
f 5948 5959 5949
f 5949 5959 5933
f 5960 5958 5934
f 5934 5958 5946
f 5961 5955 5940
f 5940 5955 5962
f 5963 5964 5966
f 5966 5964 5965
f 5955 5954 5962
f 5962 5954 5967
f 5968 5939 5962
f 5962 5939 5940
f 5961 5940 5941
f 5941 5940 5938
f 5931 5969 5932
f 5932 5969 5970
f 5945 5971 5931
f 5931 5971 5969
f 5941 5944 5961
f 5961 5944 5972
f 5954 5957 5947
f 5947 5957 5973
f 5945 5931 5946
f 5946 5931 5934
f 5935 5974 5936
f 5936 5974 5975
f 5959 5960 5933
f 5933 5960 5934
f 5937 5942 5938
f 5938 5942 5941
f 5932 5970 5976
f 5976 5970 5977
f 5968 5964 5978
f 5978 5964 5963
f 5965 5964 5950
f 5950 5964 5967
f 5976 5977 5965
f 5965 5977 5966
f 5947 5950 5954
f 5954 5950 5967
f 5939 5968 5979
f 5979 5968 5978
f 5936 5975 5945
f 5945 5975 5971
f 5972 5754 5956
f 5956 5754 5617
f 5974 5935 5979
f 5979 5935 5939
f 5953 5943 5958
f 5958 5943 5942
f 5964 5968 5967
f 5967 5968 5962
f 5965 5950 5976
f 5976 5950 5949
f 5976 5949 5932
f 5932 5949 5933
f 5979 5978 5981
f 5981 5978 5980
f 5979 5981 5974
f 5974 5981 5982
f 5974 5982 5975
f 5975 5982 5983
f 5975 5983 5971
f 5971 5983 5984
f 5978 5963 5980
f 5980 5963 5985
f 5963 5966 5985
f 5985 5966 5986
f 5986 5966 5987
f 5987 5966 5977
f 5988 5989 5985
f 5985 5989 5980
f 5991 5992 5990
f 5990 5992 5993
f 5994 5995 5991
f 5991 5995 5992
f 5992 5995 5997
f 5997 5995 5996
f 5998 5999 5997
f 5997 5999 6000
f 5996 6001 5997
f 5997 6001 5998
f 6000 5993 5997
f 5997 5993 5992
f 6002 6003 5993
f 5993 6003 5990
f 5995 5994 5996
f 5996 5994 6004
f 5994 5982 6004
f 6004 5982 5981
f 5994 6005 5982
f 5982 6005 5983
f 5991 6006 5994
f 5994 6006 6005
f 6006 5991 6007
f 6007 5991 5990
f 5996 6004 6001
f 6001 6004 5989
f 5989 6004 5980
f 5980 6004 5981
f 6003 6008 5990
f 5990 6008 6007
f 6009 6006 6010
f 6010 6006 6007
f 6008 6011 6007
f 6007 6011 6010
f 6012 6009 6013
f 6013 6009 6010
f 6009 6012 6015
f 6015 6012 6014
f 6011 6016 6010
f 6010 6016 6013
f 6006 6009 6005
f 6005 6009 6015
f 6005 6015 5983
f 5983 6015 5984
f 6008 6003 6018
f 6018 6003 6017
f 6003 6002 6017
f 6017 6002 6019
f 5998 6001 6020
f 6020 6001 5989
f 5999 5998 6021
f 6021 5998 6020
f 5989 5988 6020
f 6020 5988 6022
f 6021 6020 6023
f 6023 6020 6022
f 6021 6024 5999
f 5999 6024 6025
f 6019 6025 6017
f 6017 6025 6024
f 5971 5984 5969
f 5969 5984 6026
f 5970 6027 5977
f 5977 6027 5987
f 6027 5970 6026
f 6026 5970 5969
f 6026 6014 6027
f 6027 6014 6028
f 6014 6012 6028
f 6028 6012 6029
f 6027 6028 5987
f 5987 6028 6030
f 6026 5984 6014
f 6014 5984 6015
f 6031 5986 6030
f 6030 5986 5987
f 6031 5988 5986
f 5986 5988 5985
f 6032 6022 6031
f 6031 6022 5988
f 6032 6031 6033
f 6033 6031 6030
f 6034 6032 6035
f 6035 6032 6033
f 6028 6029 6030
f 6030 6029 6033
f 6029 6036 6033
f 6033 6036 6035
f 6032 6034 6022
f 6022 6034 6023
f 6038 6023 6037
f 6037 6023 6034
f 6037 6040 6039
f 6039 6040 6041
f 6037 6034 6040
f 6040 6034 6035
f 6037 6039 6038
f 6038 6039 6018
f 6038 6018 6024
f 6024 6018 6017
f 6024 6021 6038
f 6038 6021 6023
f 6012 6013 6029
f 6029 6013 6036
f 6041 6036 6016
f 6016 6036 6013
f 6041 6040 6036
f 6036 6040 6035
f 6041 6016 6039
f 6039 6016 6011
f 6011 6008 6039
f 6039 6008 6018
f 5993 6000 6002
f 6002 6000 6019
f 6019 6000 6025
f 6025 6000 5999
f 5943 5756 5944
f 5944 5756 5755
f 6042 5948 5973
f 5973 5948 5947
f 5952 5951 5959
f 5959 5951 5960
f 5951 5953 5960
f 5960 5953 5958
f 5616 5957 5617
f 5617 5957 5956
f 6042 5952 5948
f 5948 5952 5959
f 5944 5755 5972
f 5972 5755 5754
f 5957 5616 5973
f 5973 5616 5652
f 5956 5955 5972
f 5972 5955 5961
f 5943 5953 5756
f 5756 5953 5709
f 6044 6045 6043
f 6043 6045 6046
f 6048 6049 6047
f 6047 6049 6050
f 6047 6050 6051
f 6051 6050 6052
f 6054 6055 6053
f 6053 6055 6056
f 6057 6058 6060
f 6060 6058 6059
f 6061 6062 6048
f 6048 6062 6049
f 6063 6064 6066
f 6066 6064 6065
f 6067 6068 6070
f 6070 6068 6069
f 6071 6069 5653
f 5653 6069 6068
f 6072 6073 6075
f 6075 6073 6074
f 6062 6076 6049
f 6049 6076 6054
f 6058 6067 6059
f 6059 6067 6070
f 6064 6077 6065
f 6065 6077 6045
f 6078 6076 6046
f 6046 6076 6062
f 6073 6080 6079
f 6079 6080 6052
f 6082 6083 6081
f 6081 6083 6084
f 6072 6085 6073
f 6073 6085 6080
f 6086 6051 6080
f 6080 6051 6052
f 6079 6052 6053
f 6053 6052 6050
f 6043 6087 6044
f 6044 6087 6088
f 6061 6089 6043
f 6043 6089 6087
f 6053 6056 6079
f 6079 6056 6090
f 6063 6072 6060
f 6060 6072 6075
f 6043 6046 6061
f 6061 6046 6062
f 6047 6091 6048
f 6048 6091 6092
f 6077 6078 6045
f 6045 6078 6046
f 6049 6054 6050
f 6050 6054 6053
f 6044 6088 6093
f 6093 6088 6094
f 6086 6082 6095
f 6095 6082 6081
f 6083 6082 6066
f 6066 6082 6085
f 6093 6094 6083
f 6083 6094 6084
f 6072 6063 6085
f 6085 6063 6066
f 6051 6086 6096
f 6096 6086 6095
f 6048 6092 6061
f 6061 6092 6089
f 5656 5655 6090
f 6090 5655 6074
f 6091 6047 6096
f 6096 6047 6051
f 6071 6055 6076
f 6076 6055 6054
f 6082 6086 6085
f 6085 6086 6080
f 6093 6083 6065
f 6065 6083 6066
f 6044 6093 6045
f 6045 6093 6065
f 6096 6095 6098
f 6098 6095 6097
f 6096 6098 6091
f 6091 6098 6099
f 6091 6099 6092
f 6092 6099 6100
f 6092 6100 6089
f 6089 6100 6101
f 6095 6081 6097
f 6097 6081 6102
f 6081 6084 6102
f 6102 6084 6103
f 6103 6084 6104
f 6104 6084 6094
f 6106 6097 6105
f 6105 6097 6102
f 6107 6108 6110
f 6110 6108 6109
f 6111 6112 6108
f 6108 6112 6109
f 6109 6112 6114
f 6114 6112 6113
f 6114 6115 6117
f 6117 6115 6116
f 6113 6118 6114
f 6114 6118 6115
f 6117 6110 6114
f 6114 6110 6109
f 6110 6119 6107
f 6107 6119 6120
f 6112 6111 6113
f 6113 6111 6121
f 6111 6099 6121
f 6121 6099 6098
f 6111 6122 6099
f 6099 6122 6100
f 6123 6122 6108
f 6108 6122 6111
f 6124 6123 6107
f 6107 6123 6108
f 6113 6121 6118
f 6118 6121 6106
f 6106 6121 6097
f 6097 6121 6098
f 6125 6124 6120
f 6120 6124 6107
f 6126 6123 6127
f 6127 6123 6124
f 6125 6128 6124
f 6124 6128 6127
f 6129 6126 6130
f 6130 6126 6127
f 6126 6129 6132
f 6132 6129 6131
f 6128 6133 6127
f 6127 6133 6130
f 6123 6126 6122
f 6122 6126 6132
f 6122 6132 6100
f 6100 6132 6101
f 6120 6134 6125
f 6125 6134 6135
f 6120 6119 6134
f 6134 6119 6136
f 6115 6118 6137
f 6137 6118 6106
f 6115 6137 6116
f 6116 6137 6138
f 6137 6106 6139
f 6139 6106 6105
f 6138 6137 6140
f 6140 6137 6139
f 6141 6142 6138
f 6138 6142 6116
f 6136 6142 6134
f 6134 6142 6141
f 6089 6101 6087
f 6087 6101 6143
f 6088 6144 6094
f 6094 6144 6104
f 6143 6144 6087
f 6087 6144 6088
f 6131 6145 6143
f 6143 6145 6144
f 6129 6146 6131
f 6131 6146 6145
f 6144 6145 6104
f 6104 6145 6147
f 6143 6101 6131
f 6131 6101 6132
f 6148 6103 6147
f 6147 6103 6104
f 6103 6148 6102
f 6102 6148 6105
f 6148 6149 6105
f 6105 6149 6139
f 6149 6148 6150
f 6150 6148 6147
f 6151 6149 6152
f 6152 6149 6150
f 6145 6146 6147
f 6147 6146 6150
f 6146 6153 6150
f 6150 6153 6152
f 6149 6151 6139
f 6139 6151 6140
f 6155 6140 6154
f 6154 6140 6151
f 6154 6157 6156
f 6156 6157 6158
f 6154 6151 6157
f 6157 6151 6152
f 6154 6156 6155
f 6155 6156 6135
f 6155 6135 6141
f 6141 6135 6134
f 6141 6138 6155
f 6155 6138 6140
f 6146 6129 6153
f 6153 6129 6130
f 6158 6153 6133
f 6133 6153 6130
f 6158 6157 6153
f 6153 6157 6152
f 6156 6158 6128
f 6128 6158 6133
f 6128 6125 6156
f 6156 6125 6135
f 6110 6117 6119
f 6119 6117 6136
f 6136 6117 6142
f 6142 6117 6116
f 6055 5615 6056
f 6056 5615 5752
f 6060 6059 6063
f 6063 6059 6064
f 6077 6070 6078
f 6078 6070 6069
f 6069 6071 6078
f 6078 6071 6076
f 6159 6057 6075
f 6075 6057 6060
f 6059 6070 6064
f 6064 6070 6077
f 6056 5752 6090
f 6090 5752 5656
f 6090 6074 6079
f 6079 6074 6073
f 6055 6071 5615
f 5615 6071 5653
f 5547 5471 6160
f 6160 5471 6161
f 5729 5577 6163
f 6163 5577 6162
f 5577 5576 6162
f 6162 5576 6164
f 5713 6165 5711
f 5711 6165 6166
f 5474 5729 6167
f 6167 5729 6163
f 5750 5547 6168
f 6168 5547 6160
f 5471 5474 6161
f 6161 5474 6167
f 6169 5712 6168
f 6168 5712 5750
f 5711 6166 5576
f 5576 6166 6164
f 6165 5713 6169
f 6169 5713 5712
f 6168 6170 6169
f 6169 6170 6171
f 6169 6171 6165
f 6165 6171 6172
f 6165 6172 6166
f 6166 6172 6173
f 6166 6173 6164
f 6164 6173 6174
f 6168 6160 6170
f 6170 6160 6175
f 6160 6161 6175
f 6175 6161 6176
f 6161 6167 6176
f 6176 6167 6177
f 6179 6170 6178
f 6178 6170 6175
f 6181 6182 6180
f 6180 6182 6183
f 6184 6185 6181
f 6181 6185 6182
f 6186 6187 6185
f 6185 6187 6182
f 6186 6188 6187
f 6187 6188 6189
f 6190 6183 6187
f 6187 6183 6182
f 6183 6190 6191
f 6191 6190 6192
f 6191 6193 6183
f 6183 6193 6180
f 6186 6185 6194
f 6194 6185 6184
f 6184 6172 6194
f 6194 6172 6171
f 6184 6195 6172
f 6172 6195 6173
f 6181 6196 6184
f 6184 6196 6195
f 6196 6181 6197
f 6197 6181 6180
f 6186 6194 6188
f 6188 6194 6179
f 6179 6194 6170
f 6170 6194 6171
f 6193 6198 6180
f 6180 6198 6197
f 6199 6196 6200
f 6200 6196 6197
f 6198 6201 6197
f 6197 6201 6200
f 6202 6199 6203
f 6203 6199 6200
f 6199 6202 6205
f 6205 6202 6204
f 6201 6206 6200
f 6200 6206 6203
f 6196 6199 6195
f 6195 6199 6205
f 6195 6205 6173
f 6173 6205 6174
f 6198 6193 6208
f 6208 6193 6207
f 6193 6191 6207
f 6207 6191 6192
f 6189 6188 6209
f 6209 6188 6179
f 6210 6189 6211
f 6211 6189 6209
f 6209 6179 6212
f 6212 6179 6178
f 6211 6209 6213
f 6213 6209 6212
f 6211 6214 6210
f 6210 6214 6215
f 6192 6215 6207
f 6207 6215 6214
f 6190 6187 6210
f 6210 6187 6189
f 6192 6190 6215
f 6215 6190 6210
f 6162 6164 6216
f 6216 6164 6174
f 6167 6163 6177
f 6177 6163 6217
f 6216 6217 6162
f 6162 6217 6163
f 6204 6218 6216
f 6216 6218 6217
f 6202 6219 6204
f 6204 6219 6218
f 6217 6218 6177
f 6177 6218 6220
f 6216 6174 6204
f 6204 6174 6205
f 6221 6176 6220
f 6220 6176 6177
f 6176 6221 6175
f 6175 6221 6178
f 6221 6222 6178
f 6178 6222 6212
f 6222 6221 6223
f 6223 6221 6220
f 6224 6222 6225
f 6225 6222 6223
f 6218 6219 6220
f 6220 6219 6223
f 6219 6226 6223
f 6223 6226 6225
f 6222 6224 6212
f 6212 6224 6213
f 6228 6213 6227
f 6227 6213 6224
f 6229 6227 6231
f 6231 6227 6230
f 6227 6224 6230
f 6230 6224 6225
f 6227 6229 6228
f 6228 6229 6208
f 6228 6208 6214
f 6214 6208 6207
f 6214 6211 6228
f 6228 6211 6213
f 6219 6202 6226
f 6226 6202 6203
f 6231 6226 6206
f 6206 6226 6203
f 6231 6230 6226
f 6226 6230 6225
f 6229 6231 6201
f 6201 6231 6206
f 6201 6198 6229
f 6229 6198 6208
f 5674 5672 5661
f 5661 5672 5662
f 5662 5672 5663
f 5663 5672 5646
f 5651 6042 5652
f 5652 6042 5973
f 5518 5517 5751
f 5751 5517 5733
f 5738 5660 5753
f 5753 5660 5637
f 5752 5636 5656
f 5656 5636 5526
f 5952 6042 5593
f 5593 6042 5651
f 5593 5651 5594
f 5594 5651 5650
f 5600 5737 5514
f 5514 5737 5515
f 5546 5545 5740
f 5740 5545 6232
f 6232 6058 5740
f 5740 6058 6057
f 6067 6058 6233
f 6233 6058 6232
f 6233 6232 6234
f 6234 6232 5545
f 6234 5545 6235
f 6235 5545 5544
f 5606 6236 5543
f 5543 6236 5544
f 6235 5544 5539
f 5539 5544 6236
f 6237 6235 5542
f 5542 6235 5539
f 6235 6237 6234
f 6234 6237 6238
f 6234 6238 6233
f 6233 6238 6239
f 5653 6068 5650
f 5650 6068 6239
f 5642 5513 6240
f 6240 5513 5516
f 5539 6236 5540
f 5540 6236 5606
f 5636 5614 5637
f 5637 5614 5753
f 6239 5737 5650
f 5650 5737 5594
f 6239 6068 6233
f 6233 6068 6067
f 6075 6074 6159
f 6159 6074 5655
f 6057 6159 5740
f 5740 6159 5655
f 5515 5737 6238
f 6238 5737 6239
f 6238 6237 5515
f 5515 6237 5516
f 5542 6240 6237
f 6237 6240 5516
f 6240 5542 5642
f 5642 5542 5541
f 5702 5699 5541
f 5541 5699 5642
f 5582 5475 5717
f 5470 5443 5537
f 5537 5443 5504
f 5469 5444 5470
f 5470 5444 5443
f 5726 5557 5727
f 5727 5557 5556
f 5537 5504 5511
f 5511 5504 5506
f 5504 5503 5506
f 5506 5503 5507
f 5503 5455 5507
f 5507 5455 5581
f 5455 5454 5581
f 5581 5454 5456
f 5473 5453 5474
f 5474 5453 5729
f 5457 5454 5473
f 5473 5454 5453
f 5473 5472 5457
f 5457 5472 5686
f 5472 5548 5686
f 5686 5548 5687
f 5749 5693 5548
f 5548 5693 5687
f 5715 5532 5749
f 5749 5532 5693
f 5714 5486 5715
f 5715 5486 5532
f 5714 5710 5486
f 5486 5710 5449
f 5728 5578 5729
f 5729 5578 5577
f 5452 5445 5698
f 5698 5445 5558
f 5445 5444 5558
f 5558 5444 5556
f 5444 5469 5556
f 5556 5469 5727
f 5469 5468 5727
f 5727 5468 5555
f 5468 5747 5555
f 5555 5747 5552
f 5747 5700 5552
f 5552 5700 5716
f 5700 5699 5716
f 5716 5699 5717
f 5699 5702 5717
f 5717 5702 5582
f 5702 5701 5582
f 5582 5701 5583
f 5726 5479 5557
f 5557 5479 5483
f 5483 5479 5484
f 5484 5479 5482
f 5534 5533 5482
f 5482 5533 5484
f 5691 5688 5534
f 5534 5688 5533
f 5644 5647 5691
f 5691 5647 5688
f 5719 5746 5701
f 5701 5746 5583
f 5718 5497 5719
f 5719 5497 5746
f 5718 5605 5654
f 5654 5605 5638
f 5498 5654 5657
f 5657 5654 5633
f 5497 5718 5498
f 5498 5718 5654
f 5657 5527 5498
f 5498 5527 5494
f 5528 5570 5495
f 5495 5570 5521
f 5665 5668 5528
f 5528 5668 5570
f 5664 5671 5665
f 5665 5671 5668
f 5645 5741 5664
f 5664 5741 5671
f 5644 5696 5645
f 5645 5696 5741
f 5710 5575 5449
f 5449 5575 5450
f 5575 5578 5450
f 5450 5578 5698
f 5578 5728 5698
f 5698 5728 5452
f 5452 5728 5451
f 5451 5728 5453
f 3619 6241 3620
f 3620 6241 6242
f 6243 6244 3628
f 3628 6244 3629
f 6245 6246 3634
f 3634 6246 3631
f 6247 6248 3636
f 3636 6248 3637
f 6249 6250 3642
f 3642 6250 3639
f 3639 6250 3643
f 3643 6250 6251
f 3743 6252 3744
f 3744 6252 6253
f 6246 6243 3631
f 3631 6243 3628
f 3753 6254 3754
f 3754 6254 6255
f 3857 6256 3619
f 3619 6256 6241
f 6257 6245 3932
f 3932 6245 3634
f 6242 6247 3620
f 3620 6247 3636
f 6258 6259 3946
f 3946 6259 3947
f 6260 6249 3948
f 3948 6249 3642
f 6244 6258 3629
f 3629 6258 3946
f 3947 6259 3753
f 3753 6259 6254
f 6248 6260 3637
f 3637 6260 3948
f 3643 6251 3743
f 3743 6251 6252
f 3744 6253 3932
f 3932 6253 6257
f 6250 6249 6251
f 6251 6249 6252
f 6245 6261 6246
f 6246 6261 6262
f 6263 6264 6247
f 6247 6264 6248
f 6252 6265 6253
f 6253 6265 6266
f 6246 6262 6243
f 6243 6262 6267
f 6268 6261 6257
f 6257 6261 6245
f 6269 6263 6242
f 6242 6263 6247
f 6270 6271 6260
f 6260 6271 6249
f 6264 6270 6248
f 6248 6270 6260
f 6253 6266 6257
f 6257 6266 6268
f 6249 6271 6252
f 6252 6271 6265
f 6254 6259 6272
f 6272 6259 6273
f 6266 6265 6270
f 6270 6265 6271
f 6268 6266 6264
f 6264 6266 6270
f 6261 6268 6263
f 6263 6268 6264
f 6269 6262 6263
f 6263 6262 6261
f 4186 4185 6274
f 6274 4185 6275
f 6241 6276 6242
f 6242 6276 6269
f 6258 6244 6277
f 6277 6244 6278
f 6256 6279 6241
f 6241 6279 6276
f 6259 6258 6273
f 6273 6258 6277
f 6243 6267 6244
f 6244 6267 6278
f 6276 6267 6269
f 6269 6267 6262
f 6254 6272 6255
f 6255 6272 6280
f 3865 3713 3888
f 3888 3713 3685
f 5242 5233 3892
f 3892 5233 3711
f 3900 5243 3892
f 3892 5243 5242
f 3734 3866 3900
f 3900 3866 5243
f 4117 6281 4118
f 4118 6281 6282
f 4118 6282 4278
f 4278 6282 4879
f 4717 4887 4718
f 4718 4887 4280
f 4792 4278 4882
f 4882 4278 4879
f 4795 4792 6283
f 6283 4792 4882
f 4852 4851 5012
f 5012 4851 6284
f 4856 5207 4857
f 4857 5207 4858
f 4860 4279 4857
f 4857 4279 4854
f 4718 4280 4860
f 4860 4280 4279
f 4864 4863 4745
f 4745 4863 4742
f 5366 4867 5011
f 5011 4867 4866
f 4871 4884 4872
f 4872 4884 4883
f 4872 4883 4117
f 4117 4883 6281
f 6284 4851 6283
f 6283 4851 4795
f 4852 4866 4853
f 4853 4866 4865
f 4871 4870 4856
f 4856 4870 5207
f 4717 4716 4864
f 4864 4716 4861
f 4868 4867 4862
f 4862 4867 4863
f 4268 4855 4269
f 4269 4855 4854
f 4281 4274 4282
f 4282 4274 4765
f 4744 4743 4907
f 4907 4743 4904
f 4874 4881 4820
f 4820 4881 4880
f 4885 5013 4886
f 4886 5013 4980
f 4888 4275 4281
f 4281 4275 4274
f 4902 6282 4903
f 4903 6282 6281
f 6283 4979 6284
f 6284 4979 4978
f 4282 4765 4269
f 4269 4765 4266
f 4880 4879 4902
f 4902 4879 6282
f 4903 6281 4886
f 4886 6281 4883
f 4882 4881 6283
f 6283 4881 4979
f 5013 4885 4267
f 4267 4885 4268
f 4888 4887 4744
f 4744 4887 4745
f 4410 6285 4411
f 4411 6285 4812
f 4750 4749 6286
f 6286 4749 6287
f 6289 4695 6288
f 6288 4695 4255
f 4750 4675 4751
f 4751 4675 4965
f 6290 6291 4963
f 4963 6291 4960
f 4807 4806 4411
f 4411 4806 4408
f 6292 6293 4959
f 4959 6293 4956
f 4958 6294 4959
f 4959 6294 4955
f 4962 4964 4963
f 4963 4964 4805
f 4962 4961 4751
f 4751 4961 4748
f 6296 6297 6295
f 6295 6297 6298
f 6299 6300 6288
f 6288 6300 4735
f 6302 4961 6301
f 6301 4961 4960
f 6304 6287 6303
f 6303 6287 4749
f 4968 6305 4969
f 4969 6305 6306
f 4413 6308 6307
f 6307 6308 4900
f 6301 4960 6309
f 6309 4960 6291
f 4412 4408 6310
f 6310 4408 4806
f 4696 6311 4256
f 4256 6311 6312
f 6303 4749 6313
f 6313 4749 4748
f 6313 4748 6302
f 6302 4748 4961
f 6315 6316 6314
f 6314 6316 6317
f 4084 6318 6315
f 6315 6318 6316
f 4083 6319 4084
f 4084 6319 6318
f 4112 6320 4083
f 4083 6320 6319
f 6322 4138 6321
f 6321 4138 4137
f 6324 4128 6323
f 6323 4128 4127
f 4127 4193 6323
f 6323 4193 6325
f 4193 4891 6325
f 6325 4891 6326
f 4891 6327 6326
f 6326 6327 6328
f 6327 4824 5227
f 5227 4824 5228
f 5231 4684 6329
f 6329 4684 4683
f 4683 4099 6329
f 6329 4099 6330
f 4099 4102 6330
f 6330 4102 6331
f 4174 4826 4429
f 4429 4826 4829
f 4173 4741 4174
f 4174 4741 4826
f 4180 4738 4173
f 4173 4738 4741
f 6332 6333 4180
f 4180 6333 4738
f 6274 6334 4186
f 4186 6334 4188
f 4181 4825 4180
f 4180 4825 6332
f 5044 5213 5045
f 5045 5213 5165
f 5046 5087 5047
f 5047 5087 5222
f 5077 5063 5078
f 5078 5063 5198
f 5081 5099 5082
f 5082 5099 5194
f 5095 5074 5096
f 5096 5074 5073
f 5373 5170 5096
f 5096 5170 5093
f 5375 5171 5373
f 5373 5171 5170
f 5047 5222 5375
f 5375 5222 5171
f 5046 5038 5376
f 5376 5038 5067
f 5377 5086 5376
f 5376 5086 5085
f 5045 5165 5377
f 5377 5165 5086
f 5378 5214 5044
f 5044 5214 5213
f 5077 5034 5378
f 5378 5034 5214
f 5082 5194 5078
f 5078 5194 5035
f 5081 5080 5379
f 5379 5080 6335
f 5379 6335 5095
f 5095 6335 5074
f 5032 5080 5033
f 5033 5080 5079
f 5040 5017 5041
f 5041 5017 5016
f 5050 5043 5051
f 5051 5043 5042
f 5065 5023 5066
f 5066 5023 5022
f 5050 5049 5065
f 5065 5049 5023
f 5041 5016 5068
f 5068 5016 5020
f 5071 5374 5072
f 5072 5374 5200
f 5075 5156 5076
f 5076 5156 5155
f 5162 5212 5068
f 5068 5212 5067
f 5075 5074 5192
f 5192 5074 6335
f 5066 5022 5199
f 5199 5022 5196
f 5076 5155 5072
f 5072 5155 5069
f 5040 5039 5071
f 5071 5039 5374
f 5162 5161 5051
f 5051 5161 5048
f 5192 6335 5032
f 5032 6335 5080
f 5199 5196 5033
f 5033 5196 5030
f 5018 5211 5019
f 5019 5211 5408
f 5019 5408 5021
f 5021 5408 5163
f 5024 5057 5025
f 5025 5057 5415
f 5028 5048 5029
f 5029 5048 5161
f 5054 5031 5055
f 5055 5031 5030
f 5024 5023 5058
f 5058 5023 5049
f 5061 5070 5062
f 5062 5070 5069
f 5157 5438 5158
f 5158 5438 5442
f 5160 5191 5054
f 5054 5191 5031
f 5029 5161 5021
f 5021 5161 5020
f 5025 5415 5197
f 5197 5415 5220
f 5158 5442 5062
f 5062 5442 5059
f 5018 5017 5061
f 5061 5017 5070
f 5160 5159 5157
f 5157 5159 5438
f 5028 5027 5058
f 5058 5027 5056
f 5055 5030 5197
f 5197 5030 5196
f 5409 5380 5410
f 5410 5380 6336
f 5026 5413 5027
f 5027 5413 5412
f 5396 5417 5393
f 5393 5417 5416
f 5416 5057 5419
f 5419 5057 5056
f 5417 5396 5426
f 5426 5396 5420
f 5427 5423 5428
f 5428 5423 5422
f 5427 5059 5430
f 5430 5059 5442
f 5409 5408 5433
f 5433 5408 5211
f 5433 5211 5428
f 5428 5211 5060
f 5412 5411 5419
f 5419 5411 5418
f 5436 5053 5437
f 5437 5053 5052
f 5439 5402 5440
f 5440 5402 5401
f 5436 5435 5439
f 5439 5435 5402
f 5410 6336 5413
f 5413 6336 5414
f 5440 5401 5430
f 5430 5401 5429
f 5426 5420 5437
f 5437 5420 5434
f 5382 5432 5383
f 5383 5432 5384
f 5386 6336 5383
f 5383 6336 5380
f 6336 5386 5414
f 5414 5386 5388
f 5391 5418 5392
f 5392 5418 5411
f 5705 5395 5704
f 5704 5395 5394
f 5399 5435 5400
f 5400 5435 5434
f 5403 5441 5404
f 5404 5441 5405
f 5407 5429 5404
f 5404 5429 5401
f 5395 5705 5421
f 5421 5705 5748
f 5424 5706 5425
f 5425 5706 5431
f 5391 5390 5394
f 5394 5390 5704
f 5392 5388 5389
f 5389 5388 5387
f 5382 5381 5425
f 5425 5381 5422
f 5407 5406 5424
f 5424 5406 5706
f 5403 5402 5399
f 5399 5402 5435
f 5421 5748 5400
f 5400 5748 5397
f 4097 4721 4098
f 4098 4721 4231
f 4233 5273 4098
f 4098 5273 4095
f 6337 6338 4785
f 4785 6338 4786
f 4076 4780 4073
f 4073 4780 4781
f 4782 4190 4781
f 4781 4190 4073
f 4783 4901 4782
f 4782 4901 4190
f 4780 4076 4097
f 4097 4076 4721
f 6337 2879 4701
f 4701 2879 2878
f 5280 6339 5272
f 5272 6339 6340
f 5282 5281 6341
f 6341 5281 6342
f 4109 6302 4110
f 4110 6302 6301
f 4283 6304 4284
f 4284 6304 6303
f 6305 4379 6306
f 6306 4379 4378
f 4110 6301 4428
f 4428 6301 6309
f 6310 4688 4412
f 4412 4688 4687
f 4284 6303 4753
f 4753 6303 6313
f 4753 6313 4109
f 4109 6313 6302
f 6343 5226 4428
f 4428 5226 4427
f 4147 4900 4416
f 4416 4900 6308
f 6312 6311 4241
f 4241 6311 4720
f 5223 6344 4702
f 4702 6344 4699
f 4221 4220 6345
f 6345 4220 6346
f 5276 5275 6347
f 6347 5275 6348
f 5275 4728 6348
f 6348 4728 6349
f 4727 6350 5284
f 5284 6350 5285
f 6351 6352 6354
f 6354 6352 6353
f 5313 5312 5292
f 5292 5312 5293
f 5312 5344 5293
f 5293 5344 5337
f 5344 4914 5337
f 5337 4914 4916
f 4914 4913 4916
f 4916 4913 4917
f 4913 6355 4917
f 4917 6355 4978
f 6356 6357 6284
f 6284 6357 5012
f 6357 6358 5012
f 5012 6358 5011
f 5011 6358 5366
f 5366 6358 6359
f 6360 4742 6359
f 6359 4742 5366
f 4743 6361 4904
f 4904 6361 5364
f 5363 4905 5364
f 5364 4905 4904
f 5363 6362 4905
f 4905 6362 4207
f 6362 6363 4207
f 4207 6363 4208
f 6363 5342 4208
f 4208 5342 5330
f 5342 5341 5330
f 5330 5341 4244
f 5341 6364 4244
f 4244 6364 4245
f 6364 6365 4245
f 4245 6365 4246
f 6366 6367 4253
f 4253 6367 4250
f 4214 6368 4211
f 4211 6368 4380
f 4380 4379 4211
f 4211 4379 4283
f 4379 6305 4283
f 4283 6305 6304
f 6305 4968 6304
f 6304 4968 6287
f 4968 4967 6287
f 6287 4967 6286
f 4967 6297 6286
f 6286 6297 4676
f 6296 4376 4288
f 4288 4376 4285
f 4376 4373 4285
f 4285 4373 4290
f 6369 6370 6372
f 6372 6370 6371
f 5245 6373 5246
f 5246 6373 6374
f 4317 6375 4318
f 4318 6375 6376
f 4331 6377 4332
f 4332 6377 6378
f 6379 4333 6376
f 6376 4333 4318
f 4343 6380 4344
f 4344 6380 6381
f 4347 6382 4348
f 4348 6382 6383
f 4374 6371 4331
f 4331 6371 6377
f 4333 6379 4426
f 4426 6379 6384
f 4690 6385 4347
f 4347 6385 6382
f 4332 6378 4317
f 4317 6378 6375
f 4922 6386 4923
f 4923 6386 6387
f 6388 6389 4375
f 4375 6389 6390
f 6355 6356 4978
f 4978 6356 6284
f 4742 6360 4743
f 4743 6360 6361
f 6391 4238 6392
f 6392 4238 4719
f 6392 4719 6393
f 6393 4719 5296
f 6395 6396 6394
f 6394 6396 6397
f 6399 6400 6398
f 6398 6400 6401
f 6402 5302 6403
f 6403 5302 5303
f 5303 5321 6403
f 6403 5321 6404
f 5320 6405 5321
f 5321 6405 6404
f 5319 6406 5350
f 5350 6406 5351
f 5319 5318 6406
f 6406 5318 6407
f 5288 4197 6408
f 6408 4197 6409
f 4217 4216 6410
f 6410 4216 6411
f 5227 6412 6327
f 6327 6412 6328
f 4892 6413 5227
f 5227 6413 6412
f 4228 6414 4892
f 4892 6414 6413
f 4227 6415 4228
f 4228 6415 6414
f 4248 6416 4227
f 4227 6416 6415
f 4247 6417 4248
f 4248 6417 6416
f 6417 4247 6419
f 6419 4247 6418
f 6419 6418 6421
f 6421 6418 6420
f 6422 5301 6423
f 6423 5301 5300
f 6423 5300 6424
f 6424 5300 6399
f 6408 6409 6398
f 6398 6409 6425
f 6426 6427 6397
f 6397 6427 6394
f 6428 4224 6429
f 6429 4224 4223
f 6347 6346 5276
f 5276 6346 4220
f 6346 6347 6341
f 6341 6347 6339
f 5280 5278 5282
f 5282 5278 4236
f 4896 5224 4684
f 4684 5224 4681
f 4132 4135 4896
f 4896 4135 5224
f 4131 4136 4132
f 4132 4136 4135
f 4226 4754 4131
f 4131 4754 4136
f 4251 4213 4226
f 4226 4213 4754
f 4250 4214 4251
f 4251 4214 4213
f 4250 6367 4214
f 4214 6367 6368
f 6367 4910 6368
f 6368 4910 4737
f 4909 5297 4736
f 4736 5297 5296
f 5297 6395 5296
f 5296 6395 6393
f 6427 6430 6394
f 6394 6430 6431
f 6429 4383 6428
f 6428 4383 4382
f 4219 5277 4220
f 4220 5277 5276
f 4222 4697 4383
f 4383 4697 4218
f 6345 4699 4221
f 4221 4699 6344
f 6342 4700 6345
f 6345 4700 4699
f 4235 4786 5281
f 5281 4786 6338
f 4234 4787 4235
f 4235 4787 4786
f 5279 5278 6432
f 6432 5278 5271
f 4237 5279 6433
f 6433 5279 6432
f 4787 4234 6433
f 6433 4234 4237
f 6435 6436 6434
f 6434 6436 6437
f 6359 6438 6360
f 6360 6438 6437
f 6439 6440 6441
f 6441 6440 6438
f 6443 6439 6442
f 6442 6439 6441
f 6357 6356 6442
f 6442 6356 6444
f 6444 6446 6445
f 6445 6446 6447
f 4912 6446 4913
f 4913 6446 6355
f 6361 6436 5364
f 5364 6436 5365
f 5319 5350 5316
f 5316 5350 6448
f 4832 6449 5350
f 5350 6449 6448
f 4831 6450 4832
f 4832 6450 6449
f 5354 6451 5320
f 5320 6451 6405
f 4265 6452 5354
f 5354 6452 6451
f 4264 6453 4265
f 4265 6453 6452
f 6450 4831 6447
f 6447 4831 6445
f 4263 6435 4264
f 4264 6435 6434
f 6454 6453 6439
f 6439 6453 6440
f 6439 6443 6454
f 6454 6443 4834
f 4833 6455 4834
f 4834 6455 6454
f 5351 6456 4833
f 4833 6456 6455
f 6457 6391 6458
f 6458 6391 6392
f 6458 6392 6431
f 6431 6392 6393
f 5298 6396 5297
f 5297 6396 6395
f 6402 6400 5302
f 5302 6400 5299
f 6402 6403 6459
f 6459 6403 6460
f 6460 6403 6461
f 6461 6403 6404
f 6405 6462 6404
f 6404 6462 6461
f 6406 6462 5351
f 5351 6462 6456
f 6406 6407 6462
f 6462 6407 6461
f 6407 6463 6461
f 6461 6463 6460
f 6463 6464 6460
f 6460 6464 6459
f 6464 6465 6459
f 6459 6465 6401
f 6430 6466 6431
f 6431 6466 6458
f 6466 6410 6458
f 6458 6410 6457
f 6410 6411 6457
f 6457 6411 6467
f 6396 6424 6397
f 6397 6424 6425
f 6393 6395 6431
f 6431 6395 6394
f 6451 6456 6405
f 6405 6456 6462
f 6452 6455 6451
f 6451 6455 6456
f 6453 6454 6452
f 6452 6454 6455
f 6443 6445 4834
f 4834 6445 4831
f 6440 6453 6434
f 6434 6453 4264
f 6468 5306 5360
f 5360 5306 5305
f 6469 4124 6468
f 6468 4124 5306
f 6470 4125 6469
f 6469 4125 4124
f 6471 5291 6470
f 6470 5291 4125
f 6353 5292 6471
f 6471 5292 5291
f 5292 6353 5313
f 5313 6353 6352
f 5347 5314 6352
f 6352 5314 5313
f 5353 5318 5346
f 5346 5318 5317
f 5334 6468 5358
f 5358 6468 5360
f 5324 6469 5334
f 5334 6469 6468
f 5323 6470 5324
f 5324 6470 6469
f 5343 6471 5323
f 5323 6471 6470
f 6354 6353 5343
f 5343 6353 6471
f 6348 6349 4270
f 4270 6349 5311
f 5272 6340 5273
f 5273 6340 4272
f 6432 5271 4232
f 4232 5271 4233
f 4294 6432 4295
f 4295 6432 4232
f 6432 4294 6433
f 6433 4294 4301
f 4301 4300 6433
f 6433 4300 4787
f 4704 4784 4300
f 4300 4784 4787
f 4704 3013 4784
f 4784 3013 1307
f 5103 6472 5104
f 5104 6472 5202
f 5108 5116 5105
f 5105 5116 5115
f 5111 5124 5112
f 5112 5124 5123
f 5154 5205 5105
f 5105 5205 5106
f 5167 5180 5168
f 5168 5180 5185
f 5175 5188 5176
f 5176 5188 5187
f 5112 5123 5178
f 5178 5123 5120
f 5167 5090 5183
f 5183 5090 5089
f 5210 5151 5183
f 5183 5151 5181
f 5216 5138 5217
f 5217 5138 5137
f 5218 5119 5219
f 5219 5119 5221
f 5218 5178 5119
f 5119 5178 5120
f 5217 5137 5104
f 5104 5137 5101
f 5116 5108 5221
f 5221 5108 5219
f 5111 5110 5210
f 5210 5110 5151
f 5154 5153 5103
f 5103 5153 6472
f 5216 5215 5176
f 5176 5215 5173
f 5175 5174 5168
f 5168 5174 5166
f 5091 5172 5092
f 5092 5172 5208
f 5117 5037 5118
f 5118 5037 5036
f 5121 5164 5122
f 5122 5164 5133
f 5125 5084 5126
f 5126 5084 5083
f 5129 5174 5130
f 5130 5174 5173
f 5131 5202 5132
f 5132 5202 6472
f 5135 5221 5122
f 5122 5221 5119
f 5125 5124 5136
f 5136 5124 5209
f 5126 5083 5121
f 5121 5083 5164
f 5118 5036 5195
f 5195 5036 5193
f 5131 5097 5203
f 5203 5097 5114
f 5132 6472 5195
f 5195 6472 5153
f 5136 5209 5092
f 5092 5209 5089
f 5135 5134 5117
f 5117 5134 5037
f 5362 5206 5130
f 5130 5206 5127
f 5372 5371 5128
f 5128 5371 5129
f 5371 5372 5091
f 5091 5372 5172
f 5362 5215 5203
f 5203 5215 5201
f 6463 6407 5353
f 5353 6407 5318
f 6464 6463 5352
f 5352 6463 5353
f 6408 6465 5288
f 5288 6465 5289
f 4196 4224 6426
f 6426 4224 6427
f 6430 6427 6428
f 6428 6427 4224
f 6466 6430 4382
f 4382 6430 6428
f 6410 6466 4217
f 4217 6466 4382
f 4240 4239 3015
f 3015 4239 3016
f 4254 4257 3017
f 3017 4257 3018
f 6473 6474 4732
f 4732 6474 6475
f 6474 6374 6475
f 6475 6374 6373
f 5246 6374 3022
f 3022 6374 3023
f 4254 6299 4255
f 4255 6299 6288
f 6473 6300 3024
f 3024 6300 3025
f 6476 4257 6312
f 6312 4257 4256
f 4240 6476 4241
f 4241 6476 6312
f 6477 4239 6391
f 6391 4239 4238
f 6467 6477 6457
f 6457 6477 6391
f 6411 3029 6467
f 6467 3029 3028
f 4216 3030 6411
f 6411 3030 3029
f 6479 6480 6478
f 6478 6480 6481
f 6483 6484 6482
f 6482 6484 6485
f 6486 6487 4102
f 4102 6487 6331
f 6483 6488 6478
f 6478 6488 6489
f 4429 4829 6490
f 6490 4829 6479
f 6491 6486 4101
f 4101 6486 4102
f 4895 6491 4899
f 4899 6491 4101
f 4160 6488 4157
f 4157 6488 6492
f 6489 4087 6490
f 6490 4087 4090
f 4267 4261 5013
f 5013 4261 4260
f 4258 4261 5328
f 5328 4261 4975
f 4261 4267 4975
f 4975 4267 4266
f 5367 3793 3912
f 3912 3793 3575
f 6494 3616 6493
f 6493 3616 3795
f 6496 3589 6495
f 6495 3589 3588
f 6495 3588 5368
f 5368 3588 3794
f 3841 3840 3050
f 3050 3840 3051
f 3912 3911 3052
f 3052 3911 3053
f 3929 3930 3054
f 3054 3930 3055
f 5370 3930 3916
f 3916 3930 3923
f 3938 5369 3807
f 3807 5369 3915
f 3589 6496 3806
f 3806 6496 3937
f 3938 3937 3056
f 3056 3937 3057
f 3051 3840 3058
f 3058 3840 3943
f 3730 4808 3727
f 3727 4808 3943
f 3820 3951 3795
f 3795 3951 6493
f 3951 3841 3059
f 3059 3841 3050
f 3911 3574 6494
f 6494 3574 3616
f 3823 3929 3824
f 3824 3929 3952
f 4061 4060 3060
f 3060 4060 3061
f 6497 6498 4901
f 4901 6498 4790
f 6333 6499 4738
f 4738 6499 4739
f 6500 6501 6314
f 6314 6501 4418
f 6502 6275 4417
f 4417 6275 4185
f 6503 6497 4783
f 4783 6497 4901
f 6498 4060 4790
f 4790 4060 4059
f 4808 4061 3069
f 3069 4061 3060
f 5367 3071 5368
f 5368 3071 3070
f 5369 3073 5370
f 5370 3073 3072
f 6274 6275 3074
f 3074 6275 3075
f 6499 6504 4739
f 4739 6504 6317
f 6333 6332 3077
f 3077 6332 3078
f 6334 6274 3079
f 3079 6274 3074
f 6332 4825 3078
f 3078 4825 3080
f 6334 6503 4188
f 4188 6503 4783
f 4825 4689 3080
f 3080 4689 1330
f 6506 4747 6505
f 6505 4747 4746
f 6505 6507 6506
f 6506 6507 6508
f 4297 6509 4920
f 4920 6509 6510
f 4296 6511 4297
f 4297 6511 6509
f 6506 6508 4319
f 4319 6508 6512
f 4372 4371 6514
f 6514 4371 6513
f 6511 4296 5251
f 5251 4296 4305
f 5251 5250 6511
f 6511 5250 6515
f 6516 6509 6515
f 6515 6509 6511
f 6517 6507 6519
f 6519 6507 6518
f 6512 6520 6513
f 6513 6520 6514
f 6507 6517 6508
f 6508 6517 6521
f 5249 6523 6522
f 6522 6523 6524
f 6525 6370 5253
f 5253 6370 6526
f 4370 4323 4371
f 4371 4323 4326
f 4370 3103 4323
f 4323 3103 1541
f 6521 6517 6527
f 6527 6517 6519
f 6520 6528 6514
f 6514 6528 6529
f 6531 6532 6530
f 6530 6532 6533
f 5250 6534 6515
f 6515 6534 6535
f 6530 6533 6536
f 6536 6533 6537
f 6526 6538 6534
f 6534 6538 6537
f 6515 6535 6516
f 6516 6535 6539
f 4325 4321 4326
f 4326 4321 4320
f 4371 4326 6513
f 6513 4326 4320
f 6531 4731 6541
f 6541 4731 6540
f 4731 4730 6540
f 6540 4730 6542
f 4730 3121 6542
f 6542 3121 3120
f 6530 4328 6531
f 6531 4328 4731
f 4328 6530 4329
f 4329 6530 6536
f 4329 6536 6524
f 6524 6536 6543
f 6544 6545 6522
f 6522 6545 5248
f 6389 6388 5245
f 5245 6388 6373
f 6388 6546 6373
f 6373 6546 6475
f 4733 6546 6295
f 6295 6546 4377
f 4732 6475 4733
f 4733 6475 6546
f 4393 4432 4394
f 4394 4432 4435
f 4434 4672 4842
f 4842 4672 4671
f 4440 4439 4441
f 4441 4439 4438
f 4436 4450 4437
f 4437 4450 4398
f 4447 4444 4448
f 4448 4444 4392
f 4446 4464 4433
f 4433 4464 6547
f 4454 4423 4455
f 4455 4423 4422
f 4452 4481 4453
f 4453 4481 4480
f 4458 4389 4459
f 4459 4389 4388
f 4456 4471 4457
f 4457 4471 4468
f 4391 4460 4392
f 4392 4460 4448
f 4461 4467 4445
f 4445 4467 4465
f 4437 4398 4629
f 4629 4398 4397
f 4438 4628 4441
f 4441 4628 4631
f 4841 4629 4839
f 4839 4629 4397
f 4628 4842 4631
f 4631 4842 4671
f 4930 4989 4452
f 4452 4989 4481
f 4929 4927 4436
f 4436 4927 4450
f 4933 4387 4934
f 4934 4387 4386
f 4931 4475 4932
f 4932 4475 4474
f 4936 4449 4933
f 4933 4449 4387
f 4935 4472 4456
f 4456 4472 4471
f 4389 4458 4391
f 4391 4458 4460
f 4457 4468 4461
f 4461 4468 4467
f 4934 4386 4454
f 4454 4386 4423
f 4453 4480 4931
f 4931 4480 4475
f 4575 4997 4576
f 4576 4997 4639
f 4579 4596 4580
f 4580 4596 4595
f 4583 4582 4572
f 4572 4582 4569
f 4587 4944 4588
f 4588 4944 4562
f 4588 4562 4590
f 4590 4562 4561
f 4576 4639 4642
f 4642 4639 4638
f 4642 4845 4641
f 4641 4845 4846
f 4845 4590 4846
f 4846 4590 4561
f 4941 4938 4595
f 4595 4938 4580
f 4938 4940 4668
f 4668 4940 4669
f 4583 4942 4584
f 4584 4942 4947
f 4582 4587 4569
f 4569 4587 4586
f 5000 5001 4579
f 4579 5001 4596
f 4558 4560 4585
f 4585 4560 4586
f 4565 4639 4566
f 4566 4639 4997
f 4568 4567 4577
f 4577 4567 4578
f 4570 4554 4571
f 4571 4554 4556
f 4640 4565 4637
f 4637 4565 4546
f 4662 4664 4665
f 4665 4664 4844
f 4662 4558 4589
f 4589 4558 4585
f 4554 4570 4557
f 4557 4570 4560
f 4571 4667 4572
f 4572 4667 4943
f 4551 4670 4552
f 4552 4670 4666
f 4640 4664 4638
f 4638 4664 4663
f 4670 4568 4668
f 4668 4568 4577
f 4999 4996 4566
f 4566 4996 4543
f 4608 4564 4603
f 4603 4564 4563
f 4573 4593 4574
f 4574 4593 4592
f 4597 4614 4598
f 4598 4614 4613
f 4601 4600 4584
f 4584 4600 4581
f 4563 4562 4604
f 4604 4562 4944
f 4643 4593 4641
f 4641 4593 4573
f 4643 4847 4644
f 4644 4847 4848
f 4564 4847 4561
f 4561 4847 4846
f 4945 4941 4598
f 4598 4941 4595
f 4941 4945 4939
f 4939 4945 4946
f 4601 4948 4602
f 4602 4948 4620
f 4600 4604 4581
f 4581 4604 4944
f 5002 5003 4597
f 4597 5003 4614
f 4988 4759 4953
f 4953 4759 4402
f 4706 6548 4707
f 4707 6548 6549
f 4311 4928 4419
f 4419 4928 6550
f 4921 4920 6551
f 6551 4920 6552
f 4925 6553 4926
f 4926 6553 6554
f 4928 4921 4802
f 4802 4921 6551
f 6555 4985 6550
f 6550 4985 4419
f 4952 6556 4953
f 4953 6556 4649
f 4971 6557 4706
f 4706 6557 6548
f 4988 4648 4925
f 4925 4648 6553
f 4707 6549 5006
f 5006 6549 4987
f 4920 6510 6552
f 6552 6510 6518
f 6558 6510 6516
f 6516 6510 6509
f 6559 6558 6539
f 6539 6558 6516
f 6531 6541 6532
f 6532 6541 6560
f 6540 6561 6541
f 6541 6561 6529
f 6542 6562 6540
f 6540 6562 6561
f 6542 3120 6562
f 6562 3120 3142
f 4366 6563 4760
f 4760 6563 4970
f 4815 6564 4816
f 4816 6564 6565
f 3147 3146 6565
f 6565 3146 4816
f 6564 6563 6565
f 6565 6563 6566
f 4837 4385 4357
f 4357 4385 4358
f 6565 6566 3147
f 3147 6566 3149
f 4694 1209 3150
f 5247 5249 5248
f 5248 5249 6522
f 6372 6390 6545
f 6545 6390 6389
f 6375 5254 6376
f 6376 5254 5258
f 6377 6525 6378
f 6378 6525 5255
f 5260 6379 5258
f 5258 6379 6376
f 6380 6567 6381
f 6381 6567 6568
f 6382 6569 6383
f 6383 6569 6570
f 6377 6371 6525
f 6525 6371 6370
f 6379 5260 6384
f 6384 5260 6571
f 6385 6572 6382
f 6382 6572 6569
f 6378 5255 6375
f 6375 5255 5254
f 6386 6573 6387
f 6387 6573 6574
f 6545 6389 5248
f 5248 6389 5245
f 4675 4750 4676
f 4676 4750 6286
f 4734 6289 4735
f 4735 6289 6288
f 4804 6290 4805
f 4805 6290 4963
f 4811 4807 4812
f 4812 4807 4411
f 4954 6292 4955
f 4955 6292 4959
f 4964 4962 4965
f 4965 4962 4751
f 6285 4821 4812
f 4812 4821 4809
f 4675 4287 4965
f 4965 4287 4210
f 6294 4145 4955
f 4955 4145 4154
f 4964 4120 4805
f 4805 4120 4119
f 6298 4966 4734
f 4734 4966 6289
f 6300 6473 4735
f 4735 6473 4732
f 6297 6296 4676
f 4676 6296 4288
f 6523 3160 4330
f 4330 3160 3159
f 5253 5252 6525
f 6525 5252 5255
f 5256 5252 4305
f 4305 5252 5251
f 4304 5257 4305
f 4305 5257 5256
f 4424 5259 4304
f 4304 5259 5257
f 5261 6571 5259
f 5259 6571 5260
f 5262 6573 5261
f 5261 6573 6571
f 5264 6567 5265
f 5265 6567 6574
f 5266 6572 5267
f 5267 6572 6568
f 5268 6570 5269
f 5269 6570 6569
f 1807 3161 5268
f 5268 3161 6570
f 6524 6523 4329
f 4329 6523 4330
f 5253 6526 5250
f 5250 6526 6534
f 6543 6538 6544
f 6544 6538 6369
f 6524 6543 6522
f 6522 6543 6544
f 3071 5367 3052
f 3052 5367 3912
f 6493 3163 6494
f 6494 3163 3162
f 3164 445 3771
f 3771 445 3761
f 461 3165 3919
f 3919 3165 3920
f 330 410 3839
f 3839 410 3910
f 332 331 3552
f 3552 331 3551
f 464 304 3918
f 3918 304 3816
f 385 458 3766
f 3766 458 3894
f 412 415 3762
f 3762 415 3763
f 3166 337 3748
f 3748 337 3745
f 3072 3055 5370
f 5370 3055 3930
f 3073 5369 3056
f 3056 5369 3938
f 3167 3057 6496
f 6496 3057 3937
f 3069 3058 4808
f 4808 3058 3943
f 411 3166 3851
f 3851 3166 3748
f 3059 3163 3951
f 3951 3163 6493
f 336 3164 3772
f 3772 3164 3771
f 3053 3911 3162
f 3162 3911 6494
f 3054 3168 3929
f 3929 3168 3952
f 3165 830 3920
f 3920 830 3945
f 3170 3169 6497
f 6497 3169 6498
f 3171 1354 5005
f 5005 1354 4830
f 3172 3170 6503
f 6503 3170 6497
f 3169 3061 6498
f 6498 3061 4060
f 3173 3171 5006
f 5006 3171 5005
f 3079 3172 6334
f 6334 3172 6503
f 3174 3025 6299
f 6299 3025 6300
f 6576 6577 6575
f 6575 6577 6578
f 4612 4611 6579
f 6579 4611 6580
f 6582 6583 6581
f 6581 6583 6584
f 6584 6585 4618
f 4618 6585 4621
f 6586 6587 6589
f 6589 6587 6588
f 6588 6587 6590
f 6590 6587 6591
f 6592 4606 6590
f 6590 4606 4623
f 6594 6576 6593
f 6593 6576 6575
f 6595 6582 6579
f 6579 6582 6581
f 6580 6597 6596
f 6596 6597 6598
f 6577 6576 6599
f 6599 6576 6600
f 6595 6596 6601
f 6601 6596 6602
f 6583 6582 6603
f 6603 6582 6604
f 6586 6606 6605
f 6605 6606 6607
f 6587 6586 6608
f 6608 6586 6605
f 6587 6608 6591
f 6591 6608 6609
f 6576 6594 6600
f 6600 6594 6610
f 6582 6595 6604
f 6604 6595 6601
f 6599 6611 6577
f 6577 6611 6598
f 6613 6614 6612
f 6612 6614 6615
f 6617 6618 6616
f 6616 6618 6619
f 6621 6622 6620
f 6620 6622 6623
f 6625 6626 6624
f 6624 6626 6627
f 6629 6630 6628
f 6628 6630 6631
f 6633 6634 6632
f 6632 6634 6635
f 6637 6638 6636
f 6636 6638 6639
f 6640 6641 6637
f 6637 6641 6638
f 6643 6633 6642
f 6642 6633 6632
f 6645 6646 6644
f 6644 6646 6647
f 6646 6648 6647
f 6647 6648 6649
f 6651 6652 6650
f 6650 6652 6653
f 6653 6652 6654
f 6654 6652 6655
f 6656 6657 6659
f 6659 6657 6658
f 6661 6662 6660
f 6660 6662 6663
f 6662 6661 6664
f 6664 6661 6665
f 6667 6657 6666
f 6666 6657 6656
f 6669 6670 6668
f 6668 6670 6671
f 6672 6673 6670
f 6670 6673 6671
f 6674 6675 6677
f 6677 6675 6676
f 6675 6678 6676
f 6676 6678 6679
f 6681 6682 6680
f 6680 6682 6683
f 6684 6685 6683
f 6683 6685 6680
f 6687 6688 6686
f 6686 6688 6689
f 6687 6690 6688
f 6688 6690 6691
f 6619 6618 6633
f 6633 6618 6634
f 6632 6635 6693
f 6693 6635 6692
f 6617 6694 6636
f 6636 6694 6637
f 6695 6692 6639
f 6639 6692 6635
f 6637 6694 6640
f 6640 6694 6696
f 6698 6638 6697
f 6697 6638 6641
f 6643 6616 6633
f 6633 6616 6619
f 6642 6699 6641
f 6641 6699 6697
f 6646 6645 6700
f 6700 6645 6621
f 6644 6701 6654
f 6654 6701 6702
f 6700 6703 6646
f 6646 6703 6648
f 6693 6704 6649
f 6649 6704 6647
f 6620 6623 6651
f 6651 6623 6652
f 6693 6649 6699
f 6699 6649 6650
f 6652 6623 6655
f 6655 6623 6622
f 6654 6702 6653
f 6653 6702 6697
f 6615 6614 6657
f 6657 6614 6658
f 6705 6656 6704
f 6704 6656 6659
f 6613 6706 6660
f 6660 6706 6661
f 6704 6659 6701
f 6701 6659 6663
f 6661 6706 6665
f 6665 6706 6707
f 6708 6702 6664
f 6664 6702 6662
f 6612 6615 6667
f 6667 6615 6657
f 6666 6709 6664
f 6664 6709 6708
f 6629 6710 6669
f 6669 6710 6670
f 6668 6711 6679
f 6679 6711 6712
f 6713 6672 6710
f 6710 6672 6670
f 6714 6671 6705
f 6705 6671 6673
f 6628 6631 6674
f 6674 6631 6675
f 6705 6673 6709
f 6709 6673 6677
f 6631 6630 6675
f 6675 6630 6678
f 6712 6708 6679
f 6679 6708 6676
f 6625 6715 6682
f 6682 6715 6683
f 6716 6717 6681
f 6681 6717 6691
f 6718 6684 6715
f 6715 6684 6683
f 6719 6680 6714
f 6714 6680 6685
f 6624 6627 6686
f 6686 6627 6687
f 6689 6711 6685
f 6685 6711 6714
f 6627 6626 6687
f 6687 6626 6690
f 6717 6712 6691
f 6691 6712 6688
f 6612 6707 6613
f 6613 6707 6706
f 6616 6696 6617
f 6617 6696 6694
f 6703 6700 6620
f 6620 6700 6621
f 6715 6625 6718
f 6718 6625 6624
f 6710 6629 6713
f 6713 6629 6628
f 6639 6635 6636
f 6636 6635 6634
f 6641 6640 6642
f 6642 6640 6643
f 6654 6655 6644
f 6644 6655 6645
f 6651 6650 6648
f 6648 6650 6649
f 6659 6658 6663
f 6663 6658 6660
f 6665 6667 6664
f 6664 6667 6666
f 6678 6669 6679
f 6679 6669 6668
f 6673 6672 6677
f 6677 6672 6674
f 6690 6682 6691
f 6691 6682 6681
f 6685 6684 6689
f 6689 6684 6686
f 6636 6634 6617
f 6617 6634 6618
f 6638 6698 6639
f 6639 6698 6695
f 6640 6696 6643
f 6643 6696 6616
f 6693 6699 6632
f 6632 6699 6642
f 6655 6622 6645
f 6645 6622 6621
f 6704 6701 6647
f 6647 6701 6644
f 6651 6648 6620
f 6620 6648 6703
f 6650 6653 6699
f 6699 6653 6697
f 6613 6660 6614
f 6614 6660 6658
f 6663 6662 6701
f 6701 6662 6702
f 6665 6707 6667
f 6667 6707 6612
f 6705 6709 6656
f 6656 6709 6666
f 6630 6629 6678
f 6678 6629 6669
f 6714 6711 6671
f 6671 6711 6668
f 6672 6713 6674
f 6674 6713 6628
f 6677 6676 6709
f 6709 6676 6708
f 6626 6625 6690
f 6690 6625 6682
f 6680 6719 6681
f 6681 6719 6716
f 6684 6718 6686
f 6686 6718 6624
f 6711 6689 6712
f 6689 6688 6712
f 6593 6720 6594
f 6594 6720 6721
f 6722 6720 4607
f 4607 6720 4849
f 6592 6723 6722
f 6722 6723 6724
f 4610 4609 6578
f 6578 4609 6575
f 6596 6595 6580
f 6580 6595 6579
f 4618 4617 6584
f 6584 4617 6581
f 6589 6585 6586
f 6586 6585 6606
f 4622 4619 6588
f 6588 4619 6589
f 4622 6588 4623
f 4623 6588 6590
f 4609 4645 6575
f 6575 4645 6593
f 4617 4612 6581
f 6581 4612 6579
f 5004 4610 6597
f 6597 4610 6578
f 4645 4849 6593
f 6593 4849 6720
f 6724 6721 6722
f 6722 6721 6720
f 6722 4607 6592
f 6592 4607 4606
f 6725 6610 6721
f 6721 6610 6594
f 6723 6726 6724
f 6724 6726 6727
f 6727 6725 6724
f 6724 6725 6721
f 6728 6729 6605
f 6605 6729 6608
f 6605 6607 6728
f 6728 6607 6730
f 6731 6732 6604
f 6604 6732 6603
f 6733 6734 6725
f 6725 6734 6610
f 6735 6733 6727
f 6727 6733 6725
f 6735 6727 6736
f 6736 6727 6726
f 6591 6609 6723
f 6723 6609 6726
f 6723 6592 6591
f 6591 6592 6590
f 6738 6739 6737
f 6737 6739 6740
f 6740 6739 6742
f 6742 6739 6741
f 6743 6744 6741
f 6741 6744 6742
f 6745 6746 6743
f 6743 6746 6744
f 6747 6748 6745
f 6745 6748 6746
f 6749 6750 6747
f 6747 6750 6748
f 6752 6738 6751
f 6751 6738 6737
f 6754 6752 6753
f 6753 6752 6751
f 6756 6754 6755
f 6755 6754 6753
f 6758 6750 6757
f 6757 6750 6749
f 6760 6756 6759
f 6759 6756 6755
f 6762 6760 6761
f 6761 6760 6759
f 6764 6762 6763
f 6763 6762 6761
f 6757 6764 6758
f 6758 6764 6763
f 6766 6741 6765
f 6765 6741 6739
f 6767 6743 6766
f 6766 6743 6741
f 6768 6745 6767
f 6767 6745 6743
f 6769 6747 6768
f 6768 6747 6745
f 6770 6749 6769
f 6769 6749 6747
f 6772 6769 6771
f 6771 6769 6768
f 6773 6770 6772
f 6772 6770 6769
f 6774 6775 6772
f 6772 6775 6773
f 6777 6778 6776
f 6776 6778 6779
f 6775 6774 6778
f 6778 6774 6779
f 6771 6780 6772
f 6772 6780 6774
f 6780 6781 6774
f 6774 6781 6779
f 6781 6782 6779
f 6779 6782 6776
f 6784 6785 6783
f 6783 6785 6786
f 6786 6787 6783
f 6783 6787 6788
f 6790 6788 6789
f 6789 6788 6787
f 6786 6785 6791
f 6791 6785 6792
f 6791 6793 6786
f 6786 6793 6787
f 6793 6794 6787
f 6787 6794 6789
f 6795 6796 6794
f 6794 6796 6789
f 6790 6789 6797
f 6797 6789 6796
f 6798 6765 6738
f 6738 6765 6739
f 6799 6798 6752
f 6752 6798 6738
f 6767 6800 6768
f 6768 6800 6771
f 6766 6801 6767
f 6767 6801 6800
f 6802 6801 6765
f 6765 6801 6766
f 6798 6803 6765
f 6765 6803 6802
f 6804 6803 6799
f 6799 6803 6798
f 6805 6806 6804
f 6804 6806 6803
f 6807 6799 6754
f 6754 6799 6752
f 6808 6804 6807
f 6807 6804 6799
f 6809 6805 6808
f 6808 6805 6804
f 6810 6811 6805
f 6805 6811 6806
f 6812 6813 6810
f 6810 6813 6811
f 6814 6815 6796
f 6796 6815 6797
f 6813 6814 6816
f 6816 6814 6817
f 6816 6818 6813
f 6813 6818 6811
f 6819 6806 6818
f 6818 6806 6811
f 6802 6803 6819
f 6819 6803 6806
f 6757 6749 6820
f 6820 6749 6770
f 6820 6770 6821
f 6821 6770 6773
f 6821 6773 6822
f 6822 6773 6775
f 6822 6775 6823
f 6823 6775 6778
f 6824 6823 6777
f 6777 6823 6778
f 6784 6825 6777
f 6777 6825 6824
f 6826 6827 6788
f 6788 6827 6783
f 6828 6826 6790
f 6790 6826 6788
f 6829 6828 6797
f 6797 6828 6790
f 6815 6830 6797
f 6797 6830 6829
f 6832 6812 6831
f 6831 6812 6810
f 6831 6810 6809
f 6809 6810 6805
f 6736 6800 6735
f 6735 6800 6801
f 6733 6735 6802
f 6802 6735 6801
f 6734 6733 6819
f 6819 6733 6802
f 6833 6734 6818
f 6818 6734 6819
f 6834 6833 6816
f 6816 6833 6818
f 6816 6817 6834
f 6834 6817 6835
f 6837 6795 6836
f 6836 6795 6794
f 6836 6794 6731
f 6731 6794 6793
f 6732 6731 6791
f 6791 6731 6793
f 6791 6792 6732
f 6732 6792 6730
f 6729 6728 6781
f 6781 6728 6782
f 6838 6807 6756
f 6756 6807 6754
f 6839 6838 6760
f 6760 6838 6756
f 6840 6839 6762
f 6762 6839 6760
f 6841 6840 6764
f 6764 6840 6762
f 6820 6841 6757
f 6757 6841 6764
f 6841 6820 6842
f 6842 6820 6821
f 6840 6841 6843
f 6843 6841 6842
f 6839 6840 6844
f 6844 6840 6843
f 6838 6839 6845
f 6845 6839 6844
f 6807 6838 6808
f 6808 6838 6845
f 6842 6821 6846
f 6846 6821 6822
f 6843 6842 6847
f 6847 6842 6846
f 6844 6843 6848
f 6848 6843 6847
f 6845 6844 6849
f 6849 6844 6848
f 6808 6845 6809
f 6809 6845 6849
f 6850 6831 6849
f 6849 6831 6809
f 6851 6850 6848
f 6848 6850 6849
f 6847 6852 6848
f 6848 6852 6851
f 6853 6852 6846
f 6846 6852 6847
f 6846 6822 6853
f 6853 6822 6823
f 6853 6823 6854
f 6854 6823 6824
f 6854 6855 6853
f 6853 6855 6852
f 6856 6851 6855
f 6855 6851 6852
f 6856 6857 6851
f 6851 6857 6850
f 6857 6832 6850
f 6850 6832 6831
f 6825 6858 6824
f 6824 6858 6854
f 6860 6827 6859
f 6859 6827 6826
f 6859 6826 6861
f 6861 6826 6828
f 6862 6861 6829
f 6829 6861 6828
f 6830 6863 6829
f 6829 6863 6862
f 6863 6864 6862
f 6862 6864 6865
f 6858 6866 6854
f 6854 6866 6855
f 6867 6865 6866
f 6866 6865 6864
f 6869 6859 6868
f 6868 6859 6861
f 6867 6869 6865
f 6865 6869 6868
f 6861 6862 6868
f 6868 6862 6865
f 6867 6860 6869
f 6869 6860 6859
f 6753 6751 6698
f 6698 6751 6695
f 6697 6755 6698
f 6698 6755 6753
f 6759 6755 6702
f 6702 6755 6697
f 6761 6759 6708
f 6708 6759 6702
f 6763 6761 6712
f 6712 6761 6708
f 6758 6763 6717
f 6717 6763 6712
f 6750 6758 6716
f 6716 6758 6717
f 6719 6748 6716
f 6716 6748 6750
f 6714 6746 6719
f 6719 6746 6748
f 6705 6744 6714
f 6714 6744 6746
f 6704 6742 6705
f 6705 6742 6744
f 6740 6742 6693
f 6693 6742 6704
f 6737 6740 6692
f 6692 6740 6693
f 6751 6737 6695
f 6695 6737 6692
f 6601 6602 6836
f 6836 6602 6837
f 6604 6601 6731
f 6731 6601 6836
f 6599 6600 6834
f 6834 6600 6833
f 6834 6835 6599
f 6599 6835 6611
f 6600 6610 6833
f 6833 6610 6734
f 6780 6771 6870
f 6870 6771 6736
f 6736 6771 6800
f 6870 6729 6780
f 6780 6729 6781
f 6608 6729 6609
f 6609 6729 6870
f 6609 6870 6726
f 6726 6870 6736
f 5014 5015 5229
f 5229 5015 5230
f 4258 5015 4259
f 4259 5015 4878
f 3471 3013 4703
f 4703 3013 4704
f 2879 6337 1306
f 1306 6337 4785
f 829 3471 4316
f 4316 3471 4703
f 4702 3472 5223
f 5223 3472 1756
f 6871 6872 4534
f 4534 6872 4535
f 6871 4665 6872
f 6872 4665 4844
f 6871 6873 4665
f 4665 6873 4559
f 6871 4534 6873
f 6873 4534 4542
f 4153 4152 4822
f 4822 4152 4407
f 4152 4168 4407
f 4407 4168 4342
f 4343 4168 4923
f 4923 4168 4167
f 4363 4362 4972
f 4972 4362 4840
f 4362 4394 4840
f 4840 4394 4839
f 4401 4400 4986
f 4986 4400 4984
f 4435 4434 4841
f 4841 4434 4842
f 4506 4505 4530
f 4530 4505 4531
f 4506 4535 4507
f 4507 4535 4843
f 4661 4660 4516
f 4516 4660 4517
f 4673 4672 4937
f 4937 4672 6547
f 4400 4924 4984
f 4984 4924 5263
f 4673 4660 4674
f 4674 4660 4659
f 4505 4661 4531
f 4531 4661 4516
f 4952 4401 6874
f 6874 4401 4986
f 4954 4153 6875
f 6875 4153 4822
f 4363 4973 4364
f 4364 4973 4974
f 5264 4924 5267
f 5267 4924 4691
f 6293 6292 6876
f 6876 6292 6877
f 6380 4343 6387
f 6387 4343 4923
f 4394 4435 4839
f 4839 4435 4841
f 4672 4434 6547
f 6547 4434 4433
f 4973 6556 4974
f 4974 6556 6878
f 6567 6380 6574
f 6574 6380 6387
f 6292 4954 6877
f 6877 4954 6875
f 6567 5264 6568
f 6568 5264 5267
f 4145 4144 4154
f 4154 4144 4151
f 4194 4144 4425
f 4425 4144 4143
f 4355 4354 5263
f 5263 4354 4984
f 4360 4359 4364
f 4364 4359 4361
f 4444 4359 4392
f 4392 4359 4337
f 4447 4446 4432
f 4432 4446 4433
f 4464 4463 6547
f 6547 4463 4937
f 4519 4518 4654
f 4654 4518 4509
f 4533 4532 4499
f 4499 4532 4498
f 4533 4542 4530
f 4530 4542 4534
f 4519 4532 4516
f 4516 4532 4531
f 4922 4194 4426
f 4426 4194 4425
f 4463 4518 4937
f 4937 4518 4517
f 6555 4951 6874
f 6874 4951 6878
f 4958 4957 6290
f 6290 4957 6291
f 4334 4360 4712
f 4712 4360 4950
f 4985 4354 4419
f 4419 4354 4353
f 5262 4355 5265
f 5265 4355 5263
f 6294 4958 4804
f 4804 4958 6290
f 6386 4922 6384
f 6384 4922 4426
f 4444 4447 4393
f 4393 4447 4432
f 4464 4446 4465
f 4465 4446 4445
f 4985 6555 4986
f 4986 6555 6874
f 6573 6386 6571
f 6571 6386 6384
f 4145 6294 4146
f 4146 6294 4804
f 6573 5262 6574
f 6574 5262 5265
f 4542 4541 6873
f 6873 4541 4559
f 4535 6872 4843
f 4843 6872 4844
f 4104 4103 6879
f 6879 4103 6343
f 4105 6293 6307
f 6307 6293 6876
f 4104 4956 4105
f 4105 4956 6293
f 4956 4104 4957
f 4957 4104 6879
f 4957 6879 6291
f 6291 6879 6309
f 4648 4988 4649
f 4649 4988 4953
f 4802 4803 4928
f 4928 4803 6550
f 6550 4803 6555
f 6555 4803 4951
f 1516 3173 4987
f 4987 3173 5006
f 6519 6518 6558
f 6558 6518 6510
f 6527 6519 6559
f 6559 6519 6558
f 6528 6560 6529
f 6529 6560 6541
f 6548 4625 6549
f 6549 4625 4624
f 6551 6552 4746
f 4746 6552 6505
f 6553 4711 6554
f 6554 4711 4710
f 4802 6551 4713
f 4713 6551 4746
f 6556 4973 4649
f 4649 4973 4646
f 6557 4949 6548
f 6548 4949 4625
f 4648 4647 6553
f 6553 4647 4711
f 6549 4624 4987
f 4987 4624 4838
f 6552 6518 6505
f 6505 6518 6507
f 6561 4372 6529
f 6529 4372 6514
f 6562 4369 6561
f 6561 4369 4372
f 3142 3482 6562
f 6562 3482 4369
f 6556 4952 6878
f 6878 4952 6874
f 4951 4950 6878
f 6878 4950 4974
f 3168 440 3952
f 4204 4203 5341
f 5341 4203 6364
f 4219 4222 6429
f 6429 4222 4383
f 4319 4322 6506
f 6506 4322 4747
f 4340 4714 4341
f 4341 4714 4384
f 4375 4377 6388
f 6388 4377 6546
f 4378 4381 6311
f 6311 4381 4720
f 4449 4341 4387
f 4387 4341 4384
f 4473 4472 4477
f 4477 4472 4474
f 4492 4491 4487
f 4487 4491 4488
f 4523 4491 4522
f 4522 4491 4490
f 4492 4538 4493
f 4493 4538 4555
f 4538 4553 4555
f 4555 4553 4556
f 4620 4615 4621
f 4621 4615 4618
f 4652 4651 4368
f 4368 4651 4365
f 4523 4655 4524
f 4524 4655 4656
f 4553 4667 4556
f 4556 4667 4571
f 4651 1210 4365
f 4365 1210 1209
f 4698 4697 5223
f 5223 4697 6344
f 4340 4339 4322
f 4322 4339 4747
f 4726 4729 5287
f 5287 4729 4198
f 4381 4380 4737
f 4737 4380 6368
f 4836 4835 4451
f 4451 4835 4709
f 4910 6367 4911
f 4911 6367 6366
f 4912 4915 6450
f 6450 4915 6449
f 4927 4836 4450
f 4450 4836 4451
f 4930 4929 4439
f 4439 4929 4436
f 4936 4935 4459
f 4459 4935 4456
f 4473 4655 4470
f 4470 4655 4510
f 4942 4583 4943
f 4943 4583 4572
f 4948 4601 4947
f 4947 4601 4584
f 4949 4835 4625
f 4625 4835 4626
f 4966 4969 6289
f 6289 4969 4695
f 4971 4652 4926
f 4926 4652 4368
f 4203 4977 6364
f 6364 4977 6365
f 4990 4989 4443
f 4443 4989 4440
f 4990 4991 4478
f 4478 4991 4512
f 4992 4991 4528
f 4528 4991 4515
f 4992 4993 4527
f 4527 4993 4485
f 4994 4993 4502
f 4502 4993 4503
f 4994 4995 4482
f 4482 4995 4550
f 4543 4996 4544
f 4544 4996 4995
f 4999 4998 4567
f 4567 4998 4578
f 5000 4998 4575
f 4575 4998 4997
f 5002 5001 4592
f 4592 5001 4574
f 5003 5004 4614
f 4614 5004 4611
f 3483 4215 1755
f 1755 4215 4698
f 5274 5277 4195
f 4195 5277 4223
f 4726 5295 4727
f 4727 5295 6350
f 5309 5342 5310
f 5310 5342 6363
f 5315 5314 5316
f 5316 5314 5317
f 5339 6362 5340
f 5340 6362 5363
f 5310 6363 5339
f 5339 6363 6362
f 4204 5309 4201
f 4201 5309 5308
f 4915 5345 6449
f 6449 5345 6448
f 5345 5315 6448
f 6448 5315 5316
f 5348 5347 6351
f 6351 5347 6352
f 5365 4263 5340
f 5340 4263 4262
f 6295 6298 4733
f 4733 6298 4734
f 4969 6306 4695
f 4695 6306 4696
f 6306 4378 4696
f 4696 4378 6311
f 6369 6372 6544
f 6544 6372 6545
f 4375 6390 4373
f 4373 6390 4374
f 6421 6422 4911
f 4911 6422 4908
f 4910 4909 4737
f 4737 4909 4736
f 5277 4219 4223
f 4223 4219 6429
f 4697 4222 6344
f 6344 4222 4221
f 6436 6361 6437
f 6437 6361 6360
f 6438 6440 6437
f 6437 6440 6434
f 6438 6359 6441
f 6441 6359 6358
f 6442 6441 6357
f 6357 6441 6358
f 6442 6444 6443
f 6443 6444 6445
f 6446 6444 6355
f 6355 6444 6356
f 6446 4912 6447
f 6447 4912 6450
f 6436 6435 5365
f 5365 6435 4263
f 5314 5347 5317
f 5317 5347 5346
f 4319 6512 4320
f 4320 6512 6513
f 6520 6512 6521
f 6521 6512 6508
f 6528 6520 6527
f 6527 6520 6521
f 6532 6539 6533
f 6533 6539 6535
f 6533 6535 6537
f 6537 6535 6534
f 6538 6543 6537
f 6537 6543 6536
f 6295 4377 6296
f 6296 4377 4376
f 4989 4930 4440
f 4440 4930 4439
f 4927 4929 4422
f 4422 4929 4455
f 4449 4936 4388
f 4388 4936 4459
f 4472 4935 4474
f 4474 4935 4932
f 4942 4940 4947
f 4947 4940 4939
f 5001 5000 4574
f 4574 5000 4575
f 4669 4943 4666
f 4666 4943 4667
f 4996 4999 4547
f 4547 4999 4567
f 4948 4946 4620
f 4620 4946 4615
f 5003 5002 4591
f 4591 5002 4592
f 6557 4971 6554
f 6554 4971 4926
f 6532 6560 6539
f 6539 6560 6559
f 6390 6372 4374
f 4374 6372 6371
f 4966 6298 4967
f 4967 6298 6297
f 6538 6526 6369
f 6369 6526 6370
f 6585 6589 4621
f 4621 6589 4619
f 6597 6578 6598
f 6598 6578 6577
f 6606 6583 6607
f 6607 6583 6603
f 6611 6602 6598
f 6598 6602 6596
f 6585 6584 6606
f 6606 6584 6583
f 6597 6580 5004
f 5004 6580 4611
f 6607 6603 6730
f 6730 6603 6732
f 6776 6785 6777
f 6777 6785 6784
f 6785 6776 6792
f 6792 6776 6782
f 6815 6814 6812
f 6812 6814 6813
f 6817 6814 6795
f 6795 6814 6796
f 6825 6784 6827
f 6827 6784 6783
f 6830 6815 6832
f 6832 6815 6812
f 6817 6795 6835
f 6835 6795 6837
f 6792 6782 6730
f 6730 6782 6728
f 6858 6825 6860
f 6860 6825 6827
f 6863 6830 6857
f 6857 6830 6832
f 6864 6863 6856
f 6856 6863 6857
f 6866 6858 6867
f 6867 6858 6860
f 6866 6864 6855
f 6855 6864 6856
f 6835 6837 6611
f 6611 6837 6602
f 6560 6528 6559
f 6559 6528 6527
f 4949 6557 4710
f 4710 6557 6554
f 4430 4090 4175
f 4175 4090 4089
f 4777 4113 4155
f 4155 4113 4086
f 4175 4089 4176
f 4176 4089 4142
f 4199 4271 4200
f 4200 4271 4798
f 4199 4095 4272
f 4272 4095 5273
f 4406 4405 4404
f 4404 4405 4346
f 4410 4409 6877
f 6877 4409 6876
f 4409 4413 6876
f 6876 4413 6307
f 4415 4148 4416
f 4416 4148 4147
f 4690 4405 4344
f 4344 4405 4342
f 4693 4692 4352
f 4352 4692 4349
f 4701 4700 6337
f 6337 4700 6338
f 4778 4777 4081
f 4081 4777 4155
f 4821 4406 4809
f 4809 4406 4404
f 4176 4142 4181
f 4181 4142 4415
f 4760 4970 4399
f 4399 4970 4692
f 4200 5007 4096
f 4096 5007 4078
f 5266 4693 5269
f 5269 4693 4352
f 5270 5007 5361
f 5361 5007 4797
f 4778 5270 4779
f 4779 5270 5361
f 6285 4410 6875
f 6875 4410 6877
f 6308 4413 4687
f 4687 4413 4412
f 6480 6320 6481
f 6481 6320 6880
f 4701 2878 4702
f 4702 2878 3472
f 6339 6347 6340
f 6340 6347 6348
f 6341 6342 6346
f 6346 6342 6345
f 4416 6308 4414
f 4414 6308 4687
f 6385 4690 6381
f 6381 4690 4344
f 5282 6341 5280
f 5280 6341 6339
f 4700 6342 6338
f 6338 6342 5281
f 6340 6348 4272
f 4272 6348 4270
f 6480 6479 4828
f 4828 6479 4829
f 6490 6479 6489
f 6489 6479 6478
f 4090 4430 6490
f 6490 4430 4429
f 6563 6564 4970
f 4970 6564 4815
f 4694 6566 4366
f 4366 6566 6563
f 6572 6385 6568
f 6568 6385 6381
f 4821 6285 4822
f 4822 6285 6875
f 6572 5266 6569
f 6569 5266 5269
f 3482 3103 4369
f 4369 3103 4370
f 3121 4730 3485
f 3485 4730 4327
f 6277 6280 6273
f 6273 6280 6272
f 6267 6276 6278
f 6278 6276 6279
f 6278 6279 6277
f 6277 6279 6280
f 6279 6256 6280
f 6280 6256 6255
f 6256 3857 6255
f 6255 3857 3754
f 3857 3856 3754
f 3754 3856 3755
f 3856 3703 3755
f 3755 3703 3863
f 3703 3702 3863
f 3863 3702 3759
f 3702 3706 3759
f 3759 3706 3670
f 3706 3705 3670
f 3670 3705 3668
f 3705 3773 3668
f 3668 3773 3882
f 3882 3773 3883
f 3883 3773 3707
f 3707 3708 3883
f 3883 3708 3880
f 3708 3710 3880
f 3880 3710 3881
f 3709 5241 3710
f 3710 5241 3881
f 5241 3709 5234
f 5234 3709 3786
f 3693 3712 3786
f 3786 3712 5234
f 4051 4055 4052
f 4052 4055 4056
f 4056 4055 4057
f 4057 4055 4054
f 4066 5238 5236
f 5236 5238 3989
f 4066 4069 5238
f 5238 4069 4035
f 6881 3962 3960
f 3960 3962 3957
f 6883 4070 6882
f 6882 4070 3941
f 4070 6883 4071
f 4071 6883 6884
f 4071 6884 4072
f 4072 6884 6885
f 6885 6886 4072
f 4072 6886 4031
f 3955 6881 3956
f 3956 6881 3960
f 6884 3991 6885
f 6885 3991 3990
f 6883 6887 6884
f 6884 6887 3991
f 6887 6888 3991
f 3991 6888 3992
f 6888 6887 6889
f 6889 6887 6890
f 6887 6883 6890
f 6890 6883 6882
f 4058 5240 3953
f 3953 5240 3954
f 5236 6888 5239
f 5239 6888 6889
f 5237 6886 3990
f 3990 6886 6885
f 4034 4031 5237
f 5237 4031 6886
f 6881 6882 3962
f 3962 6882 3941
f 6881 3955 6882
f 6882 3955 6890
f 3955 3954 6890
f 6890 3954 6889
f 5239 6889 5240
f 5240 6889 3954
f 6888 5236 3992
f 3992 5236 3989
f 3869 3868 3888
f 3888 3868 4015
f 3868 4012 4015
f 4015 4012 4010
f 4012 4022 4010
f 4010 4022 4009
f 4022 4021 4009
f 4009 4021 4018
f 4020 3974 4001
f 4001 3974 3996
f 4021 4020 4029
f 4029 4020 4001
f 4085 4156 4086
f 4086 4156 4155
f 4113 4777 4114
f 4114 4777 4776
f 4130 4129 4094
f 4094 4129 4091
f 4139 4773 4140
f 4140 4773 4772
f 4149 4178 4150
f 4150 4178 5225
f 4160 4159 4087
f 4087 4159 4088
f 4149 4148 4179
f 4179 4148 4141
f 4085 4084 4183
f 4183 4084 6315
f 4179 4141 4159
f 4159 4141 4088
f 4192 4130 4162
f 4162 4130 4094
f 4197 5288 4198
f 4198 5288 5287
f 4229 4766 4230
f 4230 4766 4771
f 4245 4246 4242
f 4242 4246 4249
f 4183 6315 4418
f 4418 6315 6314
f 4679 4178 4680
f 4680 4178 4177
f 4724 4798 4725
f 4725 4798 4271
f 4728 5275 4729
f 4729 5275 5274
f 4230 4771 4249
f 4249 4771 4242
f 4724 4723 4799
f 4799 4723 5355
f 4823 4824 4891
f 4891 4824 6327
f 4823 4192 4161
f 4161 4192 4162
f 4893 4767 4229
f 4229 4767 4766
f 4894 4895 4898
f 4898 4895 4899
f 4106 4150 4103
f 4103 4150 5225
f 4680 4894 4677
f 4677 4894 4898
f 6420 4977 5301
f 5301 4977 4976
f 4679 4678 5226
f 5226 4678 4427
f 5228 5008 4893
f 4893 5008 4767
f 5285 6354 5286
f 5286 6354 5343
f 5289 5352 5290
f 5290 5352 5349
f 5290 5349 5295
f 5295 5349 5348
f 5302 5299 4202
f 4202 5299 4976
f 4725 4271 5311
f 5311 4271 4270
f 5325 4723 5326
f 5326 4723 4722
f 5335 5355 5325
f 5325 5355 4723
f 5326 4722 5286
f 5286 4722 5283
f 4799 5357 4797
f 4797 5357 5361
f 5359 5356 5335
f 5335 5356 5355
f 4775 4774 5356
f 5356 4774 5357
f 5359 5358 4092
f 4092 5358 4093
f 6316 4740 6317
f 6317 4740 4739
f 6318 4827 6316
f 6316 4827 4740
f 6319 4828 6318
f 6318 4828 4827
f 6320 6480 6319
f 6319 6480 4828
f 6484 6322 6485
f 6485 6322 6321
f 6487 6324 6331
f 6331 6324 6323
f 6331 6323 6330
f 6330 6323 6325
f 6325 6326 6330
f 6330 6326 6329
f 6326 6328 6329
f 6329 6328 5231
f 4824 4685 5228
f 5228 4685 5008
f 5226 6343 5225
f 5225 6343 4103
f 4728 4727 6349
f 6349 4727 5284
f 6350 6351 5285
f 5285 6351 6354
f 4247 4246 6418
f 6418 4246 6365
f 6400 6402 6401
f 6401 6402 6459
f 4197 4196 6409
f 6409 4196 6426
f 6412 4897 6328
f 6328 4897 5231
f 6413 4133 6412
f 6412 4133 4897
f 6414 4134 6413
f 6413 4134 4133
f 6415 4225 6414
f 6414 4225 4134
f 6416 4252 6415
f 6415 4252 4225
f 6417 4253 6416
f 6416 4253 4252
f 4253 6417 6366
f 6366 6417 6419
f 6366 6419 4911
f 4911 6419 6421
f 6422 6423 4908
f 4908 6423 5298
f 5298 6423 6396
f 6396 6423 6424
f 6409 6426 6425
f 6425 6426 6397
f 5300 5299 6399
f 6399 5299 6400
f 6465 6408 6401
f 6401 6408 6398
f 6424 6399 6425
f 6425 6399 6398
f 6349 5284 5311
f 5311 5284 5283
f 6465 6464 5289
f 5289 6464 5352
f 6488 6483 6492
f 6492 6483 6482
f 6486 6491 6482
f 6482 6491 6492
f 6491 4895 6492
f 6492 4895 4157
f 6488 4160 6489
f 6489 4160 4087
f 6501 6502 4418
f 4418 6502 4417
f 6504 6500 6317
f 6317 6500 6314
f 3497 3496 6501
f 6501 3496 6502
f 3499 3498 6504
f 6504 3498 6500
f 4729 5274 4198
f 4198 5274 4195
f 6418 6365 6420
f 6420 6365 4977
f 5295 5348 6350
f 6350 5348 6351
f 5301 6422 6420
f 6420 6422 6421
f 4113 4112 4086
f 4086 4112 4083
f 6320 4112 6880
f 6880 4112 4111
f 4091 4772 4092
f 4092 4772 4775
f 4129 4140 4091
f 4091 4140 4772
f 4137 4140 4128
f 4128 4140 4129
f 4128 6324 4137
f 4137 6324 6321
f 6324 6487 6321
f 6321 6487 6485
f 6487 6486 6485
f 6485 6486 6482
f 4774 4773 4779
f 4779 4773 4776
f 4773 4139 4776
f 4776 4139 4114
f 4139 4138 4114
f 4114 4138 4111
f 4138 6322 4111
f 4111 6322 6880
f 6322 6484 6880
f 6880 6484 6481
f 6484 6483 6481
f 6481 6483 6478
f 6879 6343 6309
f 6309 6343 4428
f 4106 4105 4900
f 4900 4105 6307
f 3500 3167 6495
f 6495 3167 6496
f 3500 6495 3070
f 3070 6495 5368
f 3502 5235 3501
f 3501 5235 4813
f 3024 3503 6473
f 6473 3503 6474
f 3503 3023 6474
f 6474 3023 6374
f 3504 1770 4348
f 4348 1770 4345
f 3502 3505 5235
f 5235 3505 4810
f 3498 3497 6500
f 6500 3497 6501
f 3496 3075 6502
f 6502 3075 6275
f 6299 4254 3174
f 3174 4254 3017
f 1769 3501 4814
f 4814 3501 4813
f 3506 3018 6476
f 6476 3018 4257
f 3507 3499 6499
f 6499 3499 6504
f 3030 4216 3483
f 3483 4216 4215
f 3077 3507 6333
f 6333 3507 6499
f 1784 3160 5249
f 5249 3160 6523
f 3015 3506 4240
f 4240 3506 6476
f 3508 3504 6383
f 6383 3504 4348
f 3509 3016 6477
f 6477 3016 4239
f 3028 3509 6467
f 6467 3509 6477
f 3022 1785 5246
f 5246 1785 5247
f 3161 3508 6570
f 6570 3508 6383
f 3150 3149 4694
f 4694 3149 6566
f 1327 4807 3510
f 3510 4807 4811
f 3510 4811 3505
f 3505 4811 4810
f 3146 3511 4816
f 4816 3511 4350
f 3511 1808 4350
f 4350 1808 4351
f 3485 4327 3159
f 3159 4327 4330
f 1326 3512 4806
f 4806 3512 6310
f 3512 1331 6310
f 6310 1331 4688
