ply
format ascii 1.0
element vertex 6890
property float x
property float y
property float z
end_header
-1.465234 1.858118 1.766823
-1.461132 1.852732 1.783426
-1.451502 1.846859 1.774743
-1.453688 1.848173 1.759233
-1.448696 1.843944 1.786122
-1.456557 1.846729 1.793554
-1.443438 1.837741 1.768610
-1.444915 1.835826 1.755182
-1.421367 1.809902 1.779036
-1.417128 1.801889 1.774029
-1.424053 1.809800 1.768460
-1.427292 1.815628 1.775148
-1.409268 1.791489 1.793110
-1.408789 1.789510 1.805628
-1.403948 1.777143 1.803944
-1.405723 1.777775 1.790914
-1.437081 1.806273 1.827929
-1.429603 1.802634 1.828038
-1.429982 1.807475 1.821895
-1.437599 1.810114 1.822137
-1.448660 1.814762 1.830531
-1.450896 1.816017 1.824648
-1.456117 1.820870 1.828157
-1.452920 1.820229 1.834500
-1.437643 1.802539 1.834300
-1.430418 1.798267 1.833935
-1.443125 1.810321 1.828038
-1.442359 1.808528 1.832974
-1.440027 1.812129 1.844557
-1.442722 1.813291 1.840561
-1.444667 1.818430 1.845527
-1.441711 1.815230 1.848805
-1.439159 1.805303 1.837705
-1.440472 1.808820 1.837728
-1.439251 1.808329 1.841968
-1.439436 1.804474 1.841869
-1.446689 1.813823 1.835612
-1.449424 1.819326 1.840073
-1.452771 1.823035 1.845544
-1.447280 1.821373 1.851656
-1.415833 1.792220 1.826453
-1.422221 1.798281 1.827502
-1.423350 1.794577 1.833316
-1.417567 1.789813 1.832085
-1.437665 1.799805 1.840981
-1.426427 1.788886 1.847286
-1.428730 1.791994 1.845525
-1.433278 1.793605 1.850061
-1.430851 1.790865 1.851615
-1.406827 1.778078 1.826068
-1.409929 1.778887 1.832195
-1.407608 1.773069 1.834223
-1.403999 1.770051 1.828722
-1.406292 1.767658 1.837909
-1.402613 1.762849 1.831988
-1.402628 1.750154 1.844575
-1.402136 1.755548 1.838295
-1.405817 1.763493 1.842934
-1.407049 1.760703 1.850067
-1.416347 1.767204 1.858192
-1.419781 1.766780 1.863204
-1.412108 1.756894 1.865292
-1.409165 1.758596 1.858655
-1.424814 1.781306 1.845805
-1.422600 1.780618 1.841855
-1.422514 1.783793 1.843776
-1.425344 1.785522 1.847709
-1.420066 1.780963 1.840005
-1.418236 1.780770 1.839674
-1.419083 1.781908 1.839298
-1.420136 1.780965 1.839793
-1.421559 1.780574 1.840392
-1.421249 1.781395 1.843068
-1.420774 1.780843 1.840078
-1.422680 1.782012 1.847199
-1.430255 1.781940 1.859770
-1.427632 1.782529 1.856766
-1.430976 1.782957 1.853621
-1.433276 1.782981 1.856259
-1.420480 1.784112 1.840770
-1.419973 1.785554 1.839152
-1.424049 1.788835 1.841928
-1.422729 1.786310 1.843171
-1.419199 1.787587 1.836352
-1.417871 1.783203 1.837988
-1.416130 1.784277 1.835425
-1.417704 1.779944 1.841193
-1.415202 1.778581 1.840035
-1.416352 1.780346 1.838578
-1.415089 1.776479 1.842816
-1.418177 1.779276 1.843827
-1.419636 1.778953 1.847871
-1.421866 1.778911 1.852752
-1.418729 1.774377 1.852669
-1.416538 1.774974 1.847509
-1.424619 1.792311 1.837934
-1.413237 1.779539 1.836307
-1.413629 1.785218 1.831346
-1.411656 1.776099 1.837955
-1.410948 1.772586 1.841126
-1.411463 1.770053 1.845704
-1.413567 1.768620 1.851784
-1.408857 1.745702 1.861800
-1.405075 1.747898 1.854303
-1.453953 1.840176 1.796380
-1.447421 1.839086 1.791845
-1.443493 1.831164 1.792296
-1.442686 1.833163 1.790303
-1.447579 1.834794 1.794378
-1.446886 1.832748 1.795317
-1.431179 1.819609 1.779937
-1.434601 1.822572 1.783698
-1.432737 1.819682 1.785040
-1.427217 1.815442 1.781923
-1.433357 1.818316 1.797837
-1.431513 1.817904 1.792932
-1.437648 1.822840 1.791959
-1.438332 1.823712 1.796086
-1.441095 1.824033 1.799105
-1.444414 1.824089 1.802038
-1.441232 1.819230 1.804805
-1.436914 1.818762 1.801851
-1.451995 1.834808 1.796862
-1.457088 1.832497 1.800278
-1.455530 1.830614 1.801044
-1.451418 1.832606 1.798121
-1.460595 1.822094 1.807587
-1.460724 1.823820 1.805733
-1.463237 1.824433 1.807775
-1.461877 1.821246 1.809748
-1.458742 1.819674 1.810069
-1.458457 1.821221 1.806805
-1.485207 1.866910 1.755910
-1.477936 1.864249 1.775909
-1.470631 1.858391 1.746602
-1.457932 1.846287 1.742098
-1.446607 1.832205 1.741311
-1.405094 1.777816 1.816886
-1.401073 1.767074 1.817473
-1.400226 1.765093 1.802610
-1.397997 1.753911 1.805951
-1.399187 1.756620 1.822342
-1.403613 1.736778 1.834945
-1.399371 1.745747 1.828054
-1.399090 1.740610 1.810094
-1.401381 1.741263 1.790946
-1.400622 1.753019 1.790276
-1.406682 1.744857 1.773731
-1.405570 1.727437 1.789534
-1.410089 1.738510 1.770401
-1.409424 1.689310 1.802811
-1.404454 1.676396 1.801877
-1.397156 1.682665 1.789620
-1.402691 1.694086 1.790441
-1.402410 1.764547 1.789410
-1.429863 1.811817 1.756852
-1.430944 1.818430 1.765871
-1.421757 1.801780 1.761252
-1.461850 1.833544 1.708796
-1.461391 1.842110 1.724921
-1.448610 1.829141 1.727768
-1.451003 1.823324 1.712261
-1.502061 1.853450 1.706316
-1.493505 1.863577 1.730502
-1.477690 1.855137 1.725948
-1.482856 1.847135 1.706102
-1.451806 1.814585 1.700920
-1.453535 1.801378 1.688576
-1.466284 1.805355 1.677243
-1.464376 1.822207 1.691627
-1.486998 1.808502 1.665357
-1.486090 1.829775 1.682583
-1.407547 1.723368 1.772044
-1.413490 1.735060 1.760124
-1.407190 1.708255 1.791960
-1.404485 1.709329 1.777245
-1.510898 1.807225 1.658397
-1.509776 1.834265 1.680064
-1.456922 1.750584 1.677134
-1.461924 1.767177 1.670690
-1.449215 1.773415 1.684741
-1.445511 1.758113 1.688483
-1.470977 1.740890 1.667688
-1.479012 1.759042 1.658974
-1.437452 1.722076 1.715293
-1.432113 1.715852 1.729259
-1.439415 1.707591 1.723726
-1.446764 1.711231 1.709288
-1.441727 1.838563 1.780090
-1.441912 1.836215 1.787248
-1.438072 1.831414 1.783139
-1.436964 1.831388 1.775867
-1.437274 1.828343 1.765960
-1.437745 1.823653 1.754909
-1.440677 1.816224 1.731417
-1.443353 1.812333 1.716423
-1.445408 1.795547 1.697262
-1.444570 1.806216 1.706738
-1.441252 1.772068 1.696771
-1.438960 1.762373 1.698876
-1.419604 1.733128 1.744236
-1.411335 1.719393 1.756621
-1.418344 1.713398 1.746792
-1.425818 1.724131 1.735234
-1.433135 1.699659 1.732982
-1.425718 1.706527 1.739632
-1.400074 1.694495 1.766587
-1.394863 1.682935 1.765731
-1.400046 1.680177 1.754535
-1.405524 1.689900 1.755433
-1.405598 1.675349 1.745536
-1.412436 1.670426 1.738722
-1.419851 1.679166 1.738617
-1.413071 1.684436 1.745705
-1.418466 1.664385 1.818323
-1.415305 1.652405 1.817160
-1.407948 1.658911 1.810941
-1.412278 1.670141 1.811304
-1.389468 1.674329 1.765963
-1.393321 1.673819 1.753934
-1.430218 1.732162 1.722381
-1.426095 1.739584 1.727343
-1.397600 1.669469 1.745121
-1.419324 1.695071 1.745382
-1.412107 1.700479 1.753540
-1.441397 1.693177 1.728610
-1.448710 1.698030 1.720267
-1.444608 1.812751 1.822511
-1.450435 1.820070 1.808271
-1.452633 1.822469 1.805548
-1.456346 1.821529 1.806321
-1.454757 1.819657 1.809579
-1.480606 1.853469 1.801173
-1.472676 1.841568 1.811545
-1.464480 1.846575 1.802010
-1.470874 1.855305 1.792407
-1.415922 1.802955 1.807321
-1.424760 1.808845 1.813076
-1.422267 1.803187 1.821051
-1.415139 1.796630 1.818972
-1.437408 1.824403 1.786750
-1.437245 1.825939 1.785089
-1.439108 1.826617 1.787864
-1.411325 1.785828 1.825917
-1.409683 1.787731 1.817528
-1.414917 1.791109 1.768316
-1.432503 1.822985 1.773999
-1.524482 1.855636 1.712680
-1.512743 1.868313 1.740311
-1.535231 1.804646 1.659443
-1.532638 1.835231 1.684761
-1.499353 1.749649 1.651835
-1.489385 1.728988 1.661996
-1.507738 1.718256 1.658628
-1.519549 1.739782 1.645070
-1.456895 1.699429 1.707417
-1.420776 1.665101 1.733932
-1.429152 1.674728 1.732790
-1.499591 1.869433 1.764812
-1.489241 1.863612 1.786475
-1.438974 1.818866 1.742980
-1.416829 1.805812 1.785915
-1.423293 1.812615 1.787426
-1.422126 1.811861 1.793781
-1.414369 1.803258 1.794008
-1.411973 1.795200 1.783119
-1.409981 1.782226 1.778813
-1.408069 1.767292 1.772687
-1.405749 1.754035 1.774073
-1.453569 1.787297 1.682327
-1.466323 1.785876 1.670026
-1.485286 1.784700 1.656651
-1.507225 1.777236 1.649051
-1.446459 1.784816 1.691105
-1.530664 1.770371 1.647302
-1.436096 1.796692 1.847663
-1.431240 1.795415 1.841381
-1.439801 1.799886 1.846309
-1.424555 1.778576 1.857536
-1.427476 1.777875 1.860822
-1.424620 1.772625 1.861078
-1.421355 1.773623 1.857299
-1.412503 1.730666 1.851182
-1.408219 1.732544 1.843677
-1.421090 1.677549 1.820823
-1.415607 1.682329 1.813415
-1.442668 1.810614 1.844751
-1.443866 1.811896 1.845628
-1.442914 1.809837 1.843020
-1.442387 1.808024 1.842530
-1.421109 1.782584 1.841507
-1.434646 1.791404 1.855493
-1.436909 1.791054 1.857723
-1.435122 1.787186 1.857808
-1.432641 1.787637 1.855689
-1.405289 1.724707 1.815677
-1.412096 1.702850 1.805793
-1.393875 1.683057 1.779037
-1.399068 1.695558 1.779012
-1.405716 1.706450 1.763759
-1.428065 1.689575 1.737302
-1.435509 1.684237 1.732179
-1.456688 1.671900 1.736475
-1.461912 1.676622 1.736343
-1.451815 1.684174 1.730971
-1.446221 1.677233 1.732179
-1.412905 1.716926 1.829722
-1.417354 1.716308 1.838242
-1.420019 1.697383 1.828545
-1.417864 1.695034 1.816983
-1.445144 1.807762 1.849805
-1.445364 1.807167 1.852623
-1.444843 1.803864 1.850943
-1.444198 1.806100 1.848287
-1.440877 1.805947 1.843772
-1.442471 1.805553 1.844226
-1.441690 1.803088 1.845225
-1.441179 1.810719 1.845561
-1.440786 1.807900 1.843591
-1.444365 1.812893 1.850809
-1.442532 1.812823 1.848431
-1.443799 1.815722 1.854392
-1.445901 1.807686 1.846842
-1.444443 1.806467 1.845633
-1.442822 1.806536 1.842583
-1.443923 1.805943 1.842680
-1.444790 1.812888 1.848823
-1.443547 1.812111 1.847051
-1.457373 1.824423 1.838791
-1.461534 1.825745 1.842658
-1.456901 1.824227 1.849878
-1.452056 1.822335 1.857150
-1.447937 1.815421 1.859396
-1.423396 1.695875 1.834901
-1.426046 1.673034 1.825560
-1.501278 1.860173 1.796415
-1.489807 1.849802 1.808565
-1.420773 1.780703 1.839746
-1.460260 1.837746 1.801654
-1.424767 1.812582 1.801536
-1.439627 1.813621 1.816419
-1.432517 1.811577 1.815138
-1.436646 1.815464 1.809382
-1.442566 1.816417 1.811596
-1.465508 1.833560 1.808637
-1.470273 1.831747 1.818574
-1.466236 1.828019 1.813053
-1.463697 1.823174 1.815753
-1.465251 1.825979 1.823901
-1.458379 1.820347 1.821504
-1.459135 1.819352 1.815272
-1.441012 1.829240 1.789971
-1.439617 1.829942 1.787405
-1.452485 1.816712 1.819077
-1.446300 1.814759 1.817489
-1.448318 1.816911 1.812890
-1.453797 1.817391 1.814070
-1.430420 1.814162 1.806440
-1.434602 1.825123 1.779949
-1.431428 1.818366 1.788271
-1.424256 1.747746 1.728174
-1.420708 1.743396 1.741324
-1.409354 1.748048 1.755767
-1.410949 1.747190 1.762955
-1.413597 1.745504 1.759621
-1.411835 1.746825 1.753785
-1.434426 1.776739 1.712564
-1.437204 1.779176 1.706523
-1.436695 1.785065 1.710710
-1.434450 1.779535 1.714149
-1.434531 1.786170 1.717214
-1.435234 1.789951 1.717566
-1.431147 1.786718 1.723607
-1.433318 1.783953 1.718275
-1.439141 1.797854 1.712099
-1.437340 1.801751 1.723221
-1.432815 1.791971 1.726161
-1.430163 1.803187 1.746209
-1.425402 1.788419 1.742695
-1.429846 1.791630 1.734587
-1.434892 1.803122 1.733990
-1.410226 1.753035 1.762231
-1.411479 1.761223 1.759916
-1.417032 1.743776 1.752851
-1.526756 1.708618 1.666243
-1.545900 1.728915 1.646004
-1.450089 1.738014 1.687400
-1.462631 1.727035 1.679625
-1.440665 1.746794 1.696916
-1.435091 1.753240 1.706033
-1.478704 1.715512 1.674062
-1.497147 1.705116 1.674620
-1.420183 1.791412 1.754460
-1.419563 1.780424 1.749481
-1.442440 1.728761 1.700750
-1.454479 1.717654 1.693715
-1.434862 1.737942 1.708922
-1.430504 1.745739 1.714792
-1.466909 1.705291 1.688573
-1.469450 1.690130 1.711468
-1.480699 1.695079 1.690375
-1.411908 1.756632 1.749804
-1.412884 1.756710 1.754470
-1.410589 1.750757 1.756622
-1.408410 1.752752 1.753613
-1.414099 1.779523 1.761770
-1.414914 1.770752 1.754873
-1.461048 1.825679 1.832004
-1.470322 1.828541 1.829023
-1.465992 1.827312 1.835782
-1.474991 1.832618 1.822816
-1.554616 1.831636 1.694494
-1.543814 1.852930 1.722949
-1.553807 1.764533 1.653808
-1.558002 1.799775 1.667985
-1.423032 1.766046 1.866490
-1.415882 1.755743 1.870033
-1.439811 1.797370 1.851580
-1.441704 1.796642 1.853882
-1.439180 1.793390 1.855712
-1.437128 1.794083 1.853574
-1.462030 1.828716 1.804386
-1.460372 1.689768 1.722837
-1.439947 1.669097 1.732711
-1.432054 1.659089 1.732518
-1.404258 1.663743 1.738142
-1.413160 1.656502 1.733187
-1.443680 1.799993 1.852614
-1.442047 1.800457 1.850190
-1.445243 1.812948 1.847934
-1.429182 1.787241 1.852068
-1.443044 1.803046 1.848750
-1.443155 1.805562 1.846682
-1.446159 1.803009 1.852929
-1.444847 1.799179 1.853673
-1.445921 1.819940 1.806790
-1.448559 1.823546 1.804018
-1.444764 1.810697 1.854251
-1.445734 1.810573 1.851279
-1.446836 1.809074 1.857055
-1.399767 1.665420 1.802511
-1.391975 1.670834 1.790651
-1.438519 1.790550 1.858885
-1.436831 1.786525 1.859058
-1.531527 1.865344 1.751535
-1.482591 1.683782 1.719183
-1.496589 1.688546 1.700454
-1.423202 1.779118 1.740232
-1.420719 1.773060 1.737519
-1.423182 1.777250 1.732709
-1.426808 1.783725 1.734416
-1.423675 1.659853 1.822796
-1.388777 1.673464 1.778783
-1.424504 1.649574 1.730196
-1.436756 1.823149 1.787179
-1.437141 1.822522 1.788874
-1.459190 1.827144 1.803497
-1.512489 1.698376 1.682518
-1.424709 1.782492 1.852078
-1.427961 1.782318 1.849891
-1.450286 1.664447 1.735675
-1.421197 1.715182 1.843693
-1.446245 1.806522 1.854461
-1.472479 1.684406 1.727965
-1.428556 1.778077 1.724000
-1.425445 1.780361 1.725891
-1.426876 1.775088 1.727810
-1.426957 1.775342 1.727506
-1.425814 1.784224 1.726537
-1.424375 1.780889 1.726122
-1.424959 1.783371 1.723384
-1.427322 1.786385 1.722721
-1.429036 1.785678 1.728723
-1.424633 1.781065 1.729568
-1.425302 1.783696 1.719674
-1.426799 1.786129 1.719076
-1.432713 1.785232 1.718653
-1.433682 1.781727 1.716904
-1.425509 1.784631 1.714251
-1.432191 1.783625 1.713780
-1.423824 1.780794 1.709432
-1.430121 1.779685 1.708749
-1.421840 1.775207 1.705787
-1.427722 1.773407 1.706445
-1.415278 1.763854 1.751040
-1.415745 1.761265 1.746390
-1.419113 1.769257 1.706538
-1.424837 1.766330 1.708148
-1.415388 1.762813 1.709017
-1.421035 1.759800 1.711081
-1.411821 1.757623 1.714028
-1.416860 1.754551 1.715985
-1.409247 1.753206 1.719952
-1.413248 1.750170 1.722210
-1.407288 1.750236 1.727266
-1.409821 1.746170 1.730876
-1.424706 1.779314 1.711408
-1.425072 1.772413 1.709423
-1.433223 1.772257 1.713474
-1.425708 1.782343 1.715311
-1.423910 1.766806 1.725247
-1.425999 1.768020 1.726769
-1.424863 1.767650 1.725994
-1.424611 1.764853 1.725430
-1.416922 1.767928 1.742210
-1.418518 1.765843 1.741261
-1.420180 1.769231 1.737142
-1.418244 1.762910 1.743936
-1.419392 1.763068 1.743569
-1.421280 1.764767 1.741225
-1.424459 1.767509 1.738034
-1.419820 1.758474 1.742467
-1.416164 1.760065 1.742063
-1.422282 1.759524 1.742243
-1.422971 1.759742 1.742773
-1.425875 1.761221 1.740774
-1.425349 1.764170 1.739299
-1.418856 1.772234 1.745963
-1.422181 1.753300 1.728586
-1.418360 1.748767 1.738570
-1.406090 1.749169 1.735361
-1.406255 1.744113 1.739949
-1.406269 1.748831 1.751605
-1.405376 1.745398 1.747415
-1.430644 1.767996 1.716074
-1.427798 1.762909 1.719217
-1.414645 1.747157 1.746743
-1.425167 1.758147 1.723012
-1.410389 1.753679 1.726875
-1.409909 1.753670 1.732579
-1.412065 1.755442 1.721263
-1.412647 1.758294 1.742804
-1.409328 1.753093 1.746309
-1.406835 1.750038 1.741862
-1.410652 1.755324 1.738036
-1.411639 1.758171 1.727750
-1.412406 1.757288 1.732361
-1.416318 1.758245 1.726710
-1.420083 1.758230 1.733922
-1.420128 1.758483 1.738575
-1.414291 1.758124 1.737603
-1.421213 1.760501 1.733809
-1.422729 1.761552 1.729209
-1.422375 1.760141 1.740030
-1.415707 1.760965 1.723706
-1.416205 1.764118 1.721474
-1.419290 1.766300 1.722501
-1.420649 1.762563 1.724439
-1.414898 1.758355 1.716529
-1.415092 1.761088 1.719271
-1.412380 1.759257 1.722617
-1.418522 1.764054 1.715986
-1.418692 1.762363 1.712497
-1.418504 1.766111 1.718076
-1.419542 1.768462 1.720377
-1.423934 1.772198 1.712909
-1.421745 1.767849 1.713840
-1.422347 1.767293 1.709670
-1.421035 1.768851 1.716730
-1.422877 1.772128 1.716107
-1.422288 1.771893 1.719018
-1.421003 1.769750 1.718134
-1.426336 1.782181 1.720663
-1.426251 1.781668 1.723345
-1.426934 1.779941 1.716513
-1.427979 1.780935 1.718239
-1.426141 1.778252 1.719020
-1.428170 1.780442 1.720033
-1.426204 1.776495 1.721854
-1.425874 1.774609 1.725320
-1.409034 1.630709 1.818448
-1.411939 1.640910 1.816804
-1.420197 1.633101 1.819300
-1.417789 1.622577 1.818775
-1.424007 1.774135 1.720810
-1.424443 1.775481 1.717243
-1.425689 1.776504 1.713659
-1.422557 1.770270 1.723899
-1.421456 1.769108 1.722916
-1.421844 1.770460 1.721486
-1.423539 1.772224 1.722994
-1.421846 1.771955 1.733673
-1.424505 1.768043 1.731405
-1.423443 1.765031 1.730932
-1.379833 1.634054 1.817956
-1.368443 1.646615 1.808954
-1.374056 1.650125 1.802142
-1.384164 1.640507 1.810761
-1.375255 1.620334 1.841991
-1.367903 1.605315 1.853652
-1.358768 1.618830 1.852678
-1.359878 1.638045 1.833359
-1.354392 1.602882 1.868245
-1.361611 1.590670 1.867457
-1.339156 1.560106 1.904912
-1.344337 1.573949 1.893863
-1.354385 1.564579 1.892747
-1.350147 1.551192 1.903703
-1.291282 1.497627 1.939456
-1.301156 1.494698 1.941522
-1.297829 1.476893 1.938771
-1.285200 1.478364 1.935805
-1.317827 1.611764 1.888892
-1.308138 1.607824 1.889912
-1.319327 1.626841 1.887543
-1.327990 1.629625 1.882842
-1.341731 1.671443 1.795357
-1.349716 1.670084 1.788442
-1.355073 1.657031 1.804543
-1.350362 1.658288 1.813295
-1.260806 1.531911 1.909429
-1.272731 1.537819 1.915463
-1.269140 1.524133 1.921184
-1.258198 1.516742 1.915657
-1.238129 1.434200 1.899408
-1.251363 1.428843 1.908146
-1.243289 1.411373 1.910515
-1.229725 1.415230 1.900053
-1.206232 1.469209 1.857932
-1.201223 1.448069 1.855211
-1.194277 1.449275 1.835717
-1.198525 1.471435 1.839464
-1.320810 1.572767 1.904033
-1.327552 1.587804 1.893850
-1.334870 1.581665 1.894145
-1.329264 1.567159 1.904980
-1.309264 1.726697 2.000493
-1.309607 1.716703 1.978302
-1.308943 1.704418 1.987081
-1.308618 1.714169 2.009128
-1.180794 1.344476 1.868348
-1.177166 1.328578 1.873503
-1.174426 1.325221 1.854220
-1.178149 1.342036 1.849226
-1.327146 1.699771 1.877058
-1.316242 1.714604 1.862639
-1.319080 1.711434 1.853547
-1.330746 1.696724 1.869236
-1.292217 1.579490 1.894419
-1.298972 1.593045 1.891442
-1.310039 1.596447 1.893127
-1.302457 1.581270 1.897884
-1.205275 1.512637 1.842618
-1.211356 1.532759 1.841721
-1.217396 1.530429 1.856600
-1.211878 1.510347 1.859179
-1.208145 1.489524 1.859657
-1.200986 1.491406 1.841687
-1.308353 1.579913 1.900280
-1.317663 1.596526 1.893665
-1.322444 1.592824 1.893639
-1.313888 1.576948 1.902350
-1.296778 1.460413 1.931600
-1.281316 1.461528 1.927985
-1.184123 1.330087 1.892767
-1.187677 1.345333 1.887450
-1.198263 1.344439 1.904131
-1.194624 1.329855 1.909779
-1.274527 1.438117 1.911644
-1.261386 1.443029 1.906305
-1.265527 1.453515 1.913257
-1.278439 1.448995 1.916721
-1.208456 1.328578 1.923654
-1.211839 1.342314 1.917247
-1.227284 1.339833 1.927219
-1.223955 1.326598 1.934772
-1.349282 1.588257 1.881820
-1.357751 1.577702 1.880729
-1.275353 1.505545 1.932173
-1.282245 1.501403 1.936335
-1.274773 1.482415 1.932026
-1.266696 1.487564 1.928015
-1.276961 1.590813 1.877732
-1.283058 1.605330 1.880208
-1.305339 1.621494 1.889600
-1.294081 1.600532 1.886977
-1.168097 1.311907 1.860063
-1.170369 1.315397 1.879901
-1.204036 1.316983 1.930629
-1.220181 1.315336 1.942312
-1.251943 1.618904 1.877385
-1.258866 1.618127 1.879795
-1.251441 1.607588 1.868274
-1.244497 1.608912 1.863157
-1.331835 1.480805 1.934840
-1.315228 1.465917 1.934127
-1.312981 1.482104 1.940070
-1.325561 1.495006 1.938428
-1.260860 1.471446 1.920190
-1.270266 1.465616 1.924276
-1.254744 1.460149 1.909786
-1.336493 1.466315 1.927716
-1.317004 1.447950 1.922932
-1.368039 1.566100 1.878766
-1.365203 1.554046 1.890329
-1.372602 1.579174 1.867041
-1.378484 1.592000 1.855612
-1.389511 1.580007 1.855570
-1.383347 1.567082 1.866537
-1.386165 1.605232 1.845957
-1.396665 1.592906 1.846922
-1.392982 1.622810 1.824559
-1.396173 1.630005 1.817765
-1.286258 1.586761 1.886673
-1.279536 1.574599 1.888905
-1.189017 1.317958 1.916753
-1.266459 1.632091 1.756502
-1.264202 1.642654 1.772007
-1.255526 1.630038 1.771953
-1.260589 1.618575 1.753576
-1.347269 1.663233 1.819419
-1.338742 1.675999 1.800001
-1.234837 1.616934 1.844840
-1.234659 1.610482 1.843771
-1.233224 1.601196 1.823073
-1.234145 1.608224 1.825159
-1.245806 1.624256 1.877518
-1.244563 1.629369 1.880875
-1.244411 1.642394 1.904510
-1.246397 1.638002 1.903292
-1.177091 1.321572 1.835100
-1.180971 1.337973 1.829864
-1.205572 1.480910 1.783139
-1.207854 1.505641 1.787993
-1.201620 1.499739 1.805215
-1.199006 1.476091 1.801708
-1.339721 1.557068 1.712921
-1.322522 1.570994 1.717164
-1.316566 1.558108 1.715989
-1.332851 1.544309 1.712035
-1.294233 1.615751 1.730580
-1.310634 1.598524 1.723038
-1.315979 1.608605 1.724918
-1.301621 1.625805 1.731684
-1.275544 1.618062 1.740668
-1.271024 1.604809 1.738597
-1.203831 1.516193 1.825075
-1.210269 1.536082 1.827083
-1.218402 1.565593 1.828108
-1.222339 1.575673 1.830727
-1.224470 1.574400 1.841923
-1.221146 1.564160 1.840508
-1.357614 1.669371 1.782923
-1.344873 1.673770 1.770234
-1.354903 1.671889 1.764389
-1.358426 1.635769 1.729923
-1.354011 1.644349 1.735539
-1.345152 1.641329 1.735324
-1.353237 1.630793 1.728593
-1.284721 1.501628 1.713449
-1.275072 1.480783 1.718357
-1.292991 1.470603 1.712224
-1.302303 1.489415 1.706426
-1.226982 1.587315 1.828156
-1.228957 1.590719 1.824015
-1.233496 1.601352 1.839634
-1.232322 1.597620 1.841726
-1.225986 1.581492 1.813382
-1.223077 1.577902 1.820888
-1.219022 1.568176 1.817200
-1.222154 1.571514 1.807362
-1.211861 1.527067 1.794215
-1.214723 1.545145 1.799726
-1.211349 1.540936 1.813747
-1.206330 1.521832 1.809325
-1.278120 1.397292 1.732506
-1.280639 1.420301 1.723223
-1.264470 1.426121 1.728217
-1.262051 1.399605 1.734761
-1.278176 1.636052 1.901497
-1.280314 1.644794 1.920565
-1.291319 1.648445 1.918885
-1.288577 1.641278 1.904524
-1.237246 1.660527 1.906622
-1.237193 1.664885 1.903012
-1.237154 1.673785 1.913286
-1.236213 1.669664 1.916343
-1.272042 1.650214 1.945887
-1.272136 1.658191 1.969018
-1.283141 1.661202 1.963424
-1.282241 1.652559 1.940668
-1.318662 1.685753 1.787067
-1.325995 1.682710 1.781378
-1.333623 1.681307 1.805959
-1.255297 1.640332 1.926347
-1.249517 1.642098 1.925962
-1.248111 1.649805 1.947282
-1.255088 1.647570 1.949005
-1.302297 1.738754 1.992514
-1.303570 1.729192 1.969987
-1.261411 1.665512 1.993590
-1.262859 1.656342 1.972481
-1.253766 1.657026 1.972315
-1.251076 1.666618 1.994143
-1.198655 1.452922 1.798382
-1.206345 1.456079 1.780482
-1.193143 1.309422 1.801309
-1.199966 1.329768 1.794782
-1.189648 1.334155 1.810347
-1.183528 1.315416 1.816787
-1.171806 1.305328 1.839859
-1.188349 1.290987 1.808459
-1.178448 1.298380 1.822793
-1.375769 1.669206 1.757020
-1.364257 1.670483 1.760406
-1.367944 1.662391 1.746153
-1.381085 1.662417 1.743603
-1.121235 1.210868 1.883828
-1.120452 1.224973 1.906449
-1.115662 1.205129 1.920507
-1.118725 1.188447 1.896227
-1.382268 1.638902 1.727322
-1.394149 1.642469 1.727655
-1.386845 1.652052 1.734670
-1.374077 1.650717 1.735376
-1.127217 1.233465 1.874906
-1.126886 1.244760 1.897408
-1.373708 1.667919 1.772175
-1.364765 1.668694 1.777399
-1.376474 1.661532 1.785125
-1.368112 1.659908 1.790383
-1.381182 1.655266 1.796901
-1.125719 1.233467 1.931086
-1.118129 1.217478 1.945988
-1.389724 1.666186 1.745474
-1.396443 1.658325 1.736684
-1.405592 1.648980 1.730844
-1.417609 1.640949 1.726522
-1.431152 1.634896 1.725814
-1.436685 1.642539 1.729785
-1.160773 1.298652 1.867119
-1.163099 1.290943 1.846655
-1.141590 1.063363 1.909508
-1.136441 1.060450 1.928242
-1.165237 1.044972 1.925086
-1.166920 1.049359 1.904684
-1.234915 1.041155 1.898564
-1.199342 1.042319 1.902223
-1.199799 1.039201 1.923918
-1.236622 1.041322 1.924566
-1.234474 1.134631 1.807982
-1.237590 1.157563 1.801269
-1.211289 1.161155 1.804675
-1.206575 1.138863 1.809768
-1.170218 1.281890 1.828174
-1.180404 1.273086 1.813569
-1.164849 1.304206 1.886840
-1.083117 1.140707 2.029387
-1.073793 1.117372 2.049620
-1.069332 1.098673 2.020914
-1.077153 1.120782 2.002586
-1.098553 1.055663 1.975368
-1.124144 1.039018 1.966529
-1.128524 1.052955 1.952756
-1.100823 1.073411 1.962235
-1.236818 1.313335 1.952606
-1.233827 1.302392 1.960890
-1.217272 1.304212 1.949577
-1.286028 1.305264 1.970483
-1.285810 1.294865 1.979557
-1.267937 1.297832 1.976137
-1.268258 1.308482 1.966892
-1.269918 1.210017 2.012897
-1.269560 1.229481 2.001643
-1.284508 1.228008 2.004028
-1.283359 1.210282 2.010126
-1.137726 1.242697 1.956268
-1.145137 1.254396 1.943898
-1.163285 1.255134 1.963083
-1.156233 1.243563 1.976595
-1.200758 1.039944 1.946713
-1.236450 1.046414 1.950324
-1.100225 1.155464 2.054759
-1.089129 1.133096 2.073702
-1.111483 1.141614 2.092258
-1.123424 1.162385 2.071830
-1.151441 1.159541 2.079822
-1.140915 1.138745 2.101905
-1.262278 1.129795 2.019860
-1.254489 1.121459 2.020002
-1.247242 1.148710 2.023478
-1.259394 1.157825 2.021939
-1.231798 1.058785 1.858027
-1.200818 1.059718 1.860559
-1.200275 1.048624 1.880794
-1.232925 1.048059 1.876331
-1.193200 1.264735 1.802780
-1.200400 1.284515 1.797732
-1.213729 1.277739 1.790888
-1.218621 1.299771 1.782012
-1.204062 1.304181 1.790452
-1.231753 1.460248 1.747816
-1.230533 1.486703 1.748901
-1.215988 1.482884 1.765242
-1.217049 1.458253 1.763269
-1.305964 1.586327 1.721191
-1.300729 1.573355 1.719824
-1.160632 1.030546 1.963923
-1.145401 1.015456 1.983363
-1.178522 1.015502 1.987646
-1.202682 1.036945 1.966804
-1.091513 1.038720 1.996211
-1.077863 1.077889 1.996565
-1.072458 1.057049 2.013557
-1.065365 1.096460 2.069068
-1.062789 1.077653 2.040549
-1.101345 1.119197 2.113585
-1.130663 1.116244 2.122292
-1.212195 1.089728 2.071021
-1.201330 1.069564 2.084705
-1.183920 1.087368 2.101605
-1.193894 1.108241 2.085830
-1.232035 1.211175 2.013785
-1.217293 1.197354 2.021601
-1.194755 1.214692 2.011078
-1.202725 1.228429 1.999871
-1.269913 1.319801 1.958306
-1.283597 1.315853 1.961458
-1.240168 1.324514 1.944725
-1.255994 1.322547 1.952866
-1.253363 1.311275 1.961045
-1.286955 1.382566 1.934275
-1.283290 1.366074 1.939478
-1.266418 1.368828 1.934731
-1.269613 1.386071 1.930023
-1.274188 1.404477 1.925719
-1.291610 1.400333 1.929174
-1.306888 1.432466 1.915405
-1.289978 1.435084 1.914804
-1.295086 1.446545 1.920094
-1.378292 1.553975 1.876869
-1.374815 1.542247 1.887531
-1.128739 1.224281 1.978800
-1.226331 1.044291 1.987934
-1.205351 1.021271 2.002642
-1.217729 1.030421 2.023528
-1.233788 1.050214 2.011106
-1.133026 1.250710 1.920341
-1.177502 1.317766 1.900025
-1.172760 1.306863 1.906395
-1.222225 1.469385 1.880497
-1.213400 1.447207 1.874413
-1.310838 1.494417 1.941351
-1.317518 1.505503 1.939306
-1.083130 1.098151 1.977348
-1.093407 1.096657 2.133423
-1.122509 1.093535 2.141253
-1.115644 1.069401 2.160207
-1.086272 1.073793 2.152856
-1.197249 1.033536 2.082166
-1.181271 1.011820 2.098468
-1.175507 1.026460 2.116504
-1.188891 1.047925 2.099577
-1.166163 0.991188 2.117317
-1.152824 0.970423 2.135266
-1.151502 0.980822 2.154572
-1.162421 1.004718 2.135668
-1.078829 1.111601 2.092494
-1.053278 1.054500 2.106933
-1.059795 1.075500 2.086314
-1.071424 1.089615 2.112444
-1.064006 1.067858 2.132427
-1.114310 1.023551 1.987867
-1.224325 1.073195 2.055375
-1.212029 1.054293 2.067048
-1.175607 0.989063 2.064505
-1.196186 1.009381 2.045702
-1.182768 0.999206 2.026296
-1.162305 0.979992 2.046870
-1.074505 1.005946 2.040863
-1.082017 1.022348 2.020224
-1.065632 1.039519 2.036430
-1.058998 1.022596 2.057540
-1.057662 1.058006 2.060773
-1.051833 1.038587 2.081243
-1.040977 1.012602 2.150920
-1.046773 1.033729 2.128415
-1.058248 1.045463 2.153606
-1.053697 1.021781 2.174853
-1.037687 0.999903 2.124406
-1.044707 1.019238 2.102306
-1.044507 0.987613 2.103363
-1.051871 1.004799 2.080165
-1.059448 0.976299 2.087716
-1.067233 0.991418 2.064475
-1.075772 0.964766 2.077460
-1.084810 0.977917 2.054699
-1.105316 0.968200 2.051884
-1.093855 0.955842 2.074157
-1.113062 0.950160 2.077317
-1.126483 0.962984 2.055201
-1.143296 0.952478 2.100383
-1.157776 0.970482 2.083220
-1.144907 0.963245 2.066077
-1.130350 0.948332 2.085712
-1.098640 0.903452 2.140990
-1.108523 0.909997 2.138097
-1.093820 0.916833 2.131518
-1.084807 0.911089 2.135746
-1.070822 0.918055 2.132501
-1.078844 0.923349 2.128659
-1.063000 0.929552 2.127100
-1.055607 0.924195 2.131568
-1.034537 0.939810 2.143391
-1.027500 0.929655 2.147815
-1.040293 0.928310 2.136523
-1.047329 0.935318 2.131326
-1.022405 0.944304 2.158338
-1.016609 0.930099 2.162960
-1.018422 0.945405 2.178260
-1.014622 0.926334 2.181409
-1.026665 0.944155 2.201518
-1.023546 0.919790 2.202163
-1.117957 0.914407 2.181678
-1.122437 0.911079 2.165738
-1.114670 0.895799 2.163812
-1.111988 0.895799 2.178996
-1.100999 0.921146 2.217472
-1.091708 0.895411 2.207260
-1.078051 0.900151 2.226640
-1.084922 0.929695 2.235937
-1.035265 0.990889 2.173511
-1.031483 0.981059 2.147053
-1.037134 0.971912 2.125663
-1.050539 0.961953 2.109571
-1.131145 0.934783 2.115258
-1.117144 0.933721 2.102918
-1.140059 0.956839 2.169605
-1.141960 0.948755 2.149757
-1.066154 0.968386 2.228442
-1.044561 0.971038 2.213566
-1.049464 0.997802 2.195143
-1.072484 0.996691 2.209846
-1.025235 0.963593 2.165411
-1.029542 0.957466 2.144746
-1.041551 0.949802 2.128540
-1.071833 0.936112 2.113947
-1.055489 0.942637 2.117540
-1.088235 0.930108 2.115583
-1.119147 0.919640 2.128043
-1.104538 0.923560 2.118729
-1.128009 0.934446 2.178599
-1.131318 0.928651 2.159700
-1.053808 0.908225 2.233011
-1.030840 0.915518 2.222087
-1.038087 0.943343 2.224612
-1.059334 0.938519 2.239277
-1.048769 0.880767 2.216959
-1.070508 0.876269 2.211849
-1.048426 0.915303 2.126893
-1.062675 0.910421 2.126422
-1.033764 0.917961 2.131845
-1.010715 0.903791 2.176769
-1.010234 0.914026 2.156687
-1.018034 0.893050 2.195142
-1.028402 0.890431 2.212289
-1.095661 0.868621 2.137829
-1.093785 0.861757 2.151700
-1.104088 0.880247 2.167502
-1.105152 0.883819 2.154331
-1.082260 0.883374 2.118030
-1.088169 0.895375 2.136231
-1.075814 0.903160 2.130911
-1.071475 0.892487 2.110356
-1.040076 0.903958 2.110108
-1.056594 0.899382 2.107751
-1.024188 0.906483 2.115943
-1.003505 0.894088 2.144090
-1.010199 0.903700 2.127126
-1.019601 0.918680 2.141912
-1.005225 0.878178 2.166273
-1.011038 0.836306 2.164179
-0.996060 0.852976 2.149750
-1.019603 0.861876 2.182906
-1.018015 0.755251 2.103260
-1.013428 0.729456 2.080532
-0.993705 0.736418 2.082533
-0.995970 0.761830 2.105016
-1.090090 0.848902 2.117290
-1.086460 0.841249 2.132049
-1.067270 0.877192 2.086695
-1.079728 0.867016 2.093860
-0.984290 0.849783 2.108160
-0.991311 0.863995 2.088168
-1.000347 0.885574 2.108581
-0.994033 0.872144 2.127747
-1.075896 0.765486 2.072068
-1.082113 0.790947 2.092150
-1.085543 0.801115 2.075042
-1.079539 0.775308 2.055427
-1.062564 0.856516 2.063211
-1.057312 0.832749 2.042291
-1.072230 0.821591 2.050556
-1.076542 0.845548 2.070902
-0.975801 0.796173 2.069414
-0.980466 0.808856 2.050083
-0.984440 0.838324 2.068185
-0.978526 0.824490 2.088218
-1.004803 0.811539 2.145298
-0.999106 0.787083 2.125354
-0.983090 0.805511 2.110737
-0.987709 0.830072 2.130383
-1.029393 0.803399 2.144211
-1.023091 0.779739 2.124372
-1.053512 0.720677 2.019829
-1.051053 0.711661 2.031393
-1.063692 0.738718 2.051970
-1.067075 0.748224 2.037504
-1.050037 0.805561 2.024268
-1.040422 0.775232 2.009963
-1.054103 0.766876 2.016106
-1.065501 0.795841 2.031167
-0.973269 0.733341 2.030870
-0.978109 0.743601 2.013994
-0.978441 0.776503 2.032133
-0.974299 0.765544 2.049980
-0.990787 0.708368 2.058186
-0.976636 0.720093 2.048069
-0.977838 0.750258 2.070627
-1.008417 0.702408 2.056756
-1.003140 0.675384 2.036120
-0.988317 0.679952 2.036748
-1.043072 0.693208 2.001935
-1.038752 0.685925 2.012734
-1.036042 0.706820 1.986680
-1.043636 0.736510 2.002060
-1.032067 0.744110 1.996543
-1.026041 0.714215 1.980940
-1.000280 0.750355 1.995691
-0.996946 0.719242 1.980317
-1.012076 0.718595 1.977166
-1.016929 0.748840 1.991823
-0.979747 0.712658 1.994943
-0.987651 0.717247 1.984841
-0.988357 0.748711 1.999520
-0.973191 0.703175 2.011136
-0.975535 0.690371 2.026415
-1.250298 1.067630 1.985962
-1.239027 1.063017 1.985103
-1.242736 1.066366 2.007676
-1.249581 1.076562 2.008365
-1.162219 1.042915 2.137479
-1.172942 1.065773 2.118820
-1.143604 0.993370 2.173925
-1.152737 1.018462 2.156782
-1.132587 0.966905 2.188875
-1.110375 0.916128 2.198461
-1.120567 0.940317 2.198374
-1.103711 0.894939 2.191168
-1.095649 0.875593 2.180177
-1.085187 0.854418 2.164882
-1.072468 0.809275 2.127424
-1.077113 0.833009 2.145584
-1.084496 0.816377 2.112180
-1.062400 0.757314 2.087717
-1.069038 0.783190 2.108031
-1.041460 0.703858 2.041736
-1.052383 0.730778 2.065179
-1.029120 0.679389 2.021677
-1.188213 1.162157 2.059020
-1.198052 1.177531 2.041116
-1.216231 1.156117 2.044501
-1.209257 1.142428 2.057092
-1.265148 1.103595 2.010092
-1.260172 1.097639 2.009286
-1.257600 1.107517 2.015122
-1.263452 1.113814 2.014843
-1.030883 0.967953 2.191256
-1.065484 0.953010 2.099330
-1.100291 0.938363 2.097653
-1.082660 0.944976 2.095327
-1.110811 0.949195 2.218426
-1.090882 0.961114 2.230591
-1.097899 0.990023 2.214540
-1.118927 0.978615 2.206456
-1.036274 0.823990 2.161143
-1.059119 0.825915 2.156329
-1.052868 0.804219 2.136611
-1.041239 0.843707 2.180789
-1.014256 0.890998 2.095056
-1.031583 0.890037 2.087746
-1.043988 0.865769 2.061526
-1.049902 0.885381 2.085329
-1.023607 0.871125 2.064577
-1.134510 1.031623 2.174262
-1.127627 1.006086 2.191047
-1.104544 1.017336 2.197222
-1.109998 1.043851 2.179229
-1.204753 1.351735 1.789921
-1.194527 1.353725 1.805164
-1.247544 1.491818 1.910951
-1.252574 1.479872 1.915515
-1.245985 1.468996 1.903964
-1.237196 1.481637 1.897707
-1.234966 1.496788 1.894240
-1.246010 1.506072 1.906778
-1.235766 1.513775 1.890266
-1.247490 1.522094 1.901362
-1.262947 1.587700 1.871730
-1.266980 1.598926 1.874623
-1.322349 1.424962 1.914556
-1.315363 1.411052 1.922053
-1.298450 1.416855 1.922808
-1.251539 1.299972 1.969951
-1.232957 1.237253 1.992980
-1.253072 1.232597 1.998169
-1.254690 1.212291 2.010409
-1.275823 1.152856 2.021262
-1.281132 1.137191 2.018254
-1.277452 1.117552 2.013861
-1.275527 1.105984 2.008766
-1.246047 1.401810 1.741252
-1.248284 1.430056 1.736709
-1.346188 1.568775 1.714282
-1.328136 1.582859 1.718737
-1.339667 1.601400 1.721373
-1.357389 1.588019 1.716456
-1.363635 1.596263 1.717114
-1.346681 1.608729 1.721837
-1.408765 1.634616 1.723700
-1.397948 1.627149 1.721292
-1.263194 1.088655 1.999620
-1.260382 1.081498 1.995833
-1.256466 1.092809 2.010427
-1.219687 1.108183 2.061356
-1.225345 1.121839 2.051874
-1.236559 1.103093 2.041690
-1.232050 1.089942 2.048517
-1.087188 1.144581 1.979043
-1.094543 1.164168 2.006168
-1.163674 1.041570 1.945930
-1.247727 1.692022 2.036670
-1.248787 1.678651 2.015122
-1.239729 1.685224 2.012666
-1.239441 1.698826 2.033388
-1.267109 1.514893 1.722670
-1.252318 1.493058 1.731891
-1.361037 1.658360 1.796576
-1.327180 1.690446 1.818573
-1.329857 1.685673 1.811817
-1.340625 1.674631 1.830349
-1.339040 1.679497 1.836279
-1.268965 1.661906 1.783943
-1.270452 1.654958 1.772529
-1.281127 1.668460 1.775332
-1.280842 1.675115 1.786561
-1.204444 1.115867 1.817163
-1.232655 1.112555 1.815862
-1.255386 1.318723 1.760142
-1.258467 1.343696 1.750767
-1.242337 1.346087 1.755348
-1.239098 1.321065 1.764717
-1.242153 1.518974 1.741528
-1.228647 1.511281 1.755275
-1.351085 1.486497 1.925340
-1.342912 1.498423 1.929829
-1.351035 1.514088 1.920934
-1.360021 1.503748 1.917680
-1.232989 1.690525 1.968991
-1.235238 1.679026 1.985454
-1.239022 1.665472 1.964790
-1.234674 1.672943 1.952912
-1.108043 1.086153 1.941501
-1.092185 1.122617 1.957218
-1.188107 1.401642 1.812858
-1.187272 1.378036 1.816909
-1.195084 1.375736 1.797551
-1.195178 1.400630 1.793018
-1.196498 1.473312 1.820572
-1.194363 1.449995 1.816748
-1.199061 1.494715 1.823192
-1.247414 1.620370 1.876544
-1.240771 1.611729 1.859544
-1.239946 1.615474 1.858014
-1.201788 1.127477 2.070351
-1.232668 1.176019 2.027072
-1.245231 1.184941 2.023183
-1.266851 1.094362 2.001305
-1.273929 1.096604 2.001319
-1.386677 1.662216 1.793086
-1.383102 1.666088 1.781387
-1.263255 1.648427 1.948696
-1.262540 1.640916 1.924977
-1.229268 1.583466 1.845638
-1.236315 1.593228 1.852924
-1.243122 1.593279 1.860832
-1.236666 1.583732 1.856452
-1.226414 1.584714 1.835833
-1.233105 1.594986 1.846335
-1.326297 1.612300 1.886636
-1.333693 1.628791 1.878475
-1.338259 1.624961 1.874995
-1.331166 1.609362 1.884906
-1.335153 1.603627 1.883013
-1.342721 1.619441 1.871222
-1.348050 1.612324 1.869230
-1.341280 1.596714 1.882418
-1.364749 1.644593 1.819419
-1.377813 1.631278 1.829481
-1.390350 1.617107 1.835325
-1.401670 1.605414 1.838719
-1.386876 1.618608 1.719838
-1.369047 1.632329 1.726498
-1.361606 1.621419 1.724020
-1.378043 1.610087 1.719358
-1.394417 1.599482 1.714692
-1.401858 1.608854 1.715680
-1.390006 1.649644 1.805891
-1.399528 1.639312 1.813655
-1.407039 1.620850 1.822540
-1.291475 1.745338 1.987898
-1.292297 1.736233 1.965121
-1.385659 1.670021 1.756094
-1.383290 1.668979 1.768441
-1.277332 1.747999 1.985767
-1.278100 1.739651 1.963979
-1.346722 1.653092 1.843248
-1.344008 1.658675 1.848345
-1.342973 1.669010 1.825232
-1.394925 1.657767 1.802738
-1.403398 1.648752 1.811234
-1.098585 1.172302 1.971233
-1.105889 1.187803 1.993756
-1.184496 1.362229 1.863439
-1.191202 1.362450 1.882298
-1.321912 1.373892 1.932768
-1.317871 1.358106 1.938758
-1.300106 1.362511 1.940385
-1.304314 1.378393 1.934673
-1.338635 1.417012 1.911469
-1.332351 1.403814 1.918021
-1.421532 1.645684 1.820848
-1.274578 1.333540 1.950564
-1.279298 1.349668 1.944266
-1.295861 1.345918 1.944788
-1.292074 1.327765 1.951686
-1.295170 1.311369 1.962643
-1.295247 1.305681 1.968164
-1.272477 1.194580 2.018876
-1.282874 1.194583 2.015118
-1.312775 1.693805 1.921727
-1.312519 1.709031 1.911662
-1.318471 1.705147 1.897432
-1.316201 1.688527 1.908761
-1.243315 1.338294 1.936921
-1.259523 1.336858 1.945247
-1.271238 1.579073 1.878346
-1.257637 1.575387 1.870093
-1.332258 1.438043 1.917346
-1.333040 1.509774 1.933053
-1.339974 1.523971 1.924294
-1.323625 1.519236 1.933939
-1.329524 1.532657 1.925435
-1.273271 1.088373 1.991972
-1.267851 1.088973 1.994363
-1.247247 1.699426 1.892364
-1.243737 1.693029 1.899317
-1.242335 1.685041 1.886291
-1.246152 1.692334 1.879234
-1.231525 1.060862 2.037878
-1.240340 1.075904 2.031996
-1.237571 1.054004 1.968134
-1.255450 1.061106 1.971749
-1.268907 1.060942 1.965248
-1.267727 1.057379 1.958007
-1.160509 1.103966 2.118361
-1.170546 1.126507 2.098931
-1.150960 1.079779 2.136969
-1.142165 1.055482 2.156568
-1.082826 0.872037 2.192645
-1.067219 0.848362 2.178031
-1.046716 0.780269 2.116042
-1.040560 0.755475 2.095428
-1.033524 0.729376 2.073500
-1.016462 0.675831 2.029638
-1.025398 0.702296 2.050384
-1.262729 1.747103 1.988197
-1.249715 1.742987 1.995157
-1.248842 1.733222 1.972425
-1.263204 1.738338 1.964586
-1.271599 1.666454 1.990088
-1.270700 1.676119 2.010449
-1.282714 1.679193 2.006260
-1.282913 1.670204 1.985180
-1.269414 1.686558 2.031920
-1.259223 1.675780 2.013309
-1.257969 1.687603 2.035121
-1.234020 1.708765 2.026780
-1.233686 1.694014 2.005656
-1.232068 1.705622 1.995487
-1.233116 1.718570 2.018517
-1.240883 1.736038 2.002966
-1.235415 1.727486 2.010793
-1.234509 1.715512 1.989012
-1.239403 1.725010 1.981678
-1.302487 1.702724 2.017273
-1.303074 1.693899 1.994945
-1.294384 1.685650 2.001524
-1.293772 1.694298 2.023786
-1.304725 1.722269 1.903157
-1.310254 1.719729 1.886475
-1.284888 1.621906 1.883357
-1.287750 1.628366 1.889382
-1.300551 1.642540 1.895515
-1.301491 1.631219 1.890070
-1.304930 1.720577 1.948003
-1.295150 1.729082 1.944122
-1.299227 1.724388 1.922029
-1.307679 1.714024 1.928251
-1.302007 1.684355 1.972591
-1.302017 1.674568 1.952121
-1.293718 1.666647 1.957884
-1.294063 1.676786 1.979688
-1.245369 1.660503 1.969417
-1.242247 1.672287 1.991383
-1.309881 1.673309 1.915140
-1.308046 1.679044 1.930067
-1.265700 1.567346 1.881418
-1.232773 1.573993 1.854373
-1.228820 1.563103 1.853284
-1.262233 1.494362 1.924502
-1.270349 1.509643 1.928005
-1.227262 1.528725 1.871188
-1.223297 1.509537 1.875347
-1.266775 1.513043 1.924283
-1.258899 1.503566 1.920495
-1.265669 1.424736 1.915232
-1.404353 1.613128 1.829684
-1.308018 1.685774 1.946185
-1.311022 1.699605 1.938404
-1.237506 1.660022 1.938927
-1.242067 1.654020 1.944828
-1.244932 1.645686 1.923924
-1.241141 1.649729 1.923071
-1.232698 1.560217 1.765812
-1.226531 1.554440 1.775668
-1.226230 1.534358 1.765758
-1.235988 1.541114 1.753953
-1.256144 1.711195 1.884399
-1.256397 1.707400 1.869224
-1.264702 1.716848 1.869641
-1.264077 1.719433 1.886611
-1.278124 1.724219 1.870417
-1.293956 1.727045 1.876544
-1.290357 1.728765 1.895103
-1.275741 1.726207 1.889426
-1.109325 1.183736 1.937561
-1.114323 1.164640 1.911480
-1.200441 1.305492 1.937290
-1.184887 1.306600 1.923293
-1.207060 1.243649 1.991965
-1.248793 1.116961 2.028046
-1.238807 1.141818 2.033427
-1.218275 1.040916 2.044977
-1.110169 1.195491 1.958518
-1.180955 1.000265 2.081246
-1.198957 1.020997 2.063917
-1.141235 0.977730 2.033561
-1.158570 0.994827 2.011138
-1.130394 0.997692 2.006269
-1.117392 0.981793 2.028539
-1.103906 1.007370 2.009340
-1.093909 0.991677 2.031013
-1.076745 1.023978 2.190589
-1.037882 0.841521 2.039898
-1.010889 0.816515 2.025646
-1.030756 0.812972 2.022189
-1.017059 0.846431 2.043478
-1.005506 0.871210 2.073118
-0.998218 0.845726 2.052851
-0.980210 0.778479 2.091976
-1.022987 0.781296 2.008221
-1.005106 0.783663 2.011145
-0.992783 0.815497 2.035868
-0.989427 0.782301 2.019335
-1.245396 1.087492 2.027923
-1.265567 1.049817 1.947191
-1.123238 1.198437 2.017080
-1.111522 1.177671 2.034169
-1.207018 1.188081 2.029386
-1.184712 1.203076 2.025288
-1.215286 1.358120 1.911617
-1.230716 1.355272 1.921010
-1.223639 1.395167 1.902389
-1.218993 1.375634 1.906424
-1.205736 1.379299 1.893666
-1.210033 1.399306 1.890018
-1.189750 1.403569 1.855744
-1.187225 1.382116 1.858792
-1.184575 1.380605 1.837944
-1.186266 1.403077 1.834118
-1.185779 1.356660 1.823465
-1.182185 1.360431 1.843330
-1.229709 1.373885 1.756578
-1.231290 1.402112 1.750950
-1.217897 1.401935 1.762344
-1.216897 1.374564 1.768274
-1.259759 1.192681 2.020730
-1.252646 1.102119 2.019774
-1.178645 1.145422 2.080026
-1.162649 1.177602 2.058795
-1.135934 1.183164 2.050300
-1.270565 1.642741 1.923000
-1.232257 1.591777 1.806903
-1.234651 1.599268 1.806324
-1.285614 1.729780 1.917183
-1.271709 1.727422 1.912668
-1.301897 1.665910 1.935112
-1.323519 1.702136 1.886565
-1.326418 1.679996 1.889467
-1.321517 1.684335 1.897277
-1.178653 1.237885 1.987062
-1.170587 1.226948 1.995793
-1.148015 1.230093 1.986462
-1.260635 1.068536 1.978176
-1.269628 1.068777 1.972648
-1.224917 1.167887 2.032958
-1.151347 0.959924 2.117194
-1.165246 0.979861 2.100260
-1.139615 0.940541 2.131277
-1.128521 0.923131 2.143199
-1.119358 0.908040 2.150313
-1.109461 0.896486 2.150840
-1.097507 0.887289 2.145339
-1.090374 0.875156 2.128272
-1.088490 0.825824 2.095618
-1.087313 0.857354 2.104942
-1.085242 0.835199 2.082592
-1.081869 0.810809 2.061622
-1.062845 0.757908 2.024593
-1.075172 0.785572 2.040708
-1.049872 0.729073 2.007454
-1.041105 0.700368 1.991004
-1.265658 1.082421 1.990007
-1.263951 1.075451 1.983384
-1.349348 1.646901 1.838695
-1.248636 1.585572 1.865616
-1.253784 1.595195 1.868823
-1.301389 1.658525 1.919343
-1.263351 1.049468 1.927017
-1.262388 1.049342 1.902564
-1.239306 1.713648 1.961034
-1.248046 1.723172 1.950909
-1.292400 1.656680 1.937078
-1.272627 1.613546 1.878702
-1.277332 1.619893 1.883836
-1.334244 1.835605 2.116325
-1.347785 1.843010 2.127284
-1.338734 1.847619 2.131561
-1.324274 1.839443 2.121356
-1.343196 1.827901 2.115551
-1.355652 1.835311 2.127059
-1.346707 1.789392 2.153379
-1.356817 1.802044 2.165407
-1.361121 1.804800 2.154545
-1.351245 1.792768 2.142350
-1.372855 1.834520 2.141904
-1.361137 1.826471 2.130189
-1.363665 1.817107 2.135897
-1.374583 1.826577 2.148031
-1.328582 1.794500 2.170108
-1.318908 1.780898 2.159333
-1.308374 1.787550 2.161377
-1.318661 1.801206 2.171339
-1.308952 1.746623 2.102136
-1.304096 1.740256 2.091318
-1.299051 1.734169 2.101856
-1.304409 1.741817 2.112730
-1.308002 1.819690 2.093651
-1.320935 1.827549 2.105005
-1.310186 1.830519 2.110594
-1.296913 1.820846 2.100006
-1.330626 1.790301 2.099874
-1.318999 1.781328 2.087356
-1.320456 1.770495 2.095970
-1.331428 1.779545 2.108070
-1.284093 1.810338 2.089726
-1.295470 1.810991 2.081948
-1.353070 1.808299 2.123610
-1.341910 1.799510 2.111742
-1.342491 1.789442 2.120241
-1.353194 1.799773 2.132653
-1.350235 1.820658 2.188793
-1.339084 1.807787 2.179964
-1.329884 1.814482 2.180259
-1.341986 1.827213 2.188543
-1.373662 1.821004 2.156626
-1.363193 1.810081 2.144566
-1.371497 1.816791 2.166254
-1.337781 1.855180 2.158382
-1.322514 1.845535 2.149429
-1.329735 1.847895 2.139531
-1.344707 1.856574 2.149131
-1.326995 1.766068 2.128525
-1.337027 1.777729 2.141366
-1.341152 1.781895 2.130273
-1.330340 1.771395 2.117889
-1.318711 1.812248 2.091177
-1.330857 1.819953 2.103579
-1.307716 1.835170 2.140644
-1.293243 1.823438 2.130898
-1.300893 1.827981 2.119336
-1.314845 1.838603 2.129596
-1.277366 1.802851 2.133329
-1.290426 1.815904 2.142093
-1.292794 1.806065 2.151612
-1.280993 1.792152 2.142452
-1.311533 1.752192 2.125935
-1.316807 1.755489 2.114955
-1.309479 1.767017 2.147453
-1.301370 1.753589 2.135563
-1.289140 1.759161 2.139528
-1.298250 1.773424 2.150614
-1.297991 1.781897 2.058926
-1.304253 1.786789 2.069221
-1.294584 1.797108 2.068132
-1.288161 1.791117 2.058514
-1.282978 1.802136 2.072181
-1.273212 1.793504 2.063425
-1.253628 1.773789 2.053147
-1.257132 1.780939 2.062921
-1.249364 1.771913 2.070016
-1.245894 1.766083 2.060786
-1.252809 1.774284 2.117727
-1.264487 1.788754 2.125186
-1.269614 1.777028 2.133697
-1.258438 1.761290 2.124894
-1.261476 1.737412 2.119674
-1.268327 1.751579 2.128414
-1.281255 1.745208 2.128333
-1.275745 1.733217 2.118714
-1.257691 1.709086 2.072162
-1.259278 1.716311 2.086082
-1.270113 1.712671 2.084028
-1.268441 1.706159 2.070673
-1.291978 1.716816 2.071640
-1.299201 1.724241 2.063735
-1.299625 1.719055 2.053539
-1.291237 1.710464 2.060417
-1.288262 1.761694 2.026719
-1.288158 1.764684 2.036068
-1.274418 1.771236 2.033591
-1.274205 1.765656 2.024400
-1.244222 1.761576 2.109707
-1.248379 1.745053 2.116340
-1.293412 1.722192 2.080885
-1.295749 1.727867 2.091492
-1.301132 1.734907 2.081627
-1.299634 1.729434 2.071765
-1.300503 1.748906 2.056483
-1.302219 1.753991 2.065982
-1.298807 1.764838 2.058847
-1.297215 1.759132 2.050244
-1.290004 1.770083 2.044137
-1.292868 1.775966 2.053592
-1.282032 1.784332 2.052228
-1.277781 1.777541 2.042686
-1.240342 1.753807 2.102375
-1.238851 1.747442 2.095746
-1.239859 1.755492 2.086218
-1.242024 1.762393 2.092239
-1.272911 1.723947 2.108730
-1.260129 1.728539 2.110023
-1.303905 1.758070 2.075194
-1.303572 1.743730 2.073050
-1.306620 1.748903 2.082965
-1.268319 1.786443 2.055650
-1.248490 1.713957 2.071765
-1.247825 1.705001 2.056828
-1.240060 1.711669 2.053772
-1.240991 1.720346 2.069133
-1.257296 1.700541 2.056297
-1.268477 1.698189 2.054272
-1.301254 1.711807 2.037719
-1.292416 1.703448 2.044847
-1.306589 1.723562 2.030046
-1.303944 1.730895 2.046406
-1.303629 1.744102 2.037875
-1.306963 1.736589 2.021817
-1.289747 1.754278 2.008084
-1.275331 1.757599 2.006737
-1.261598 1.765274 2.027266
-1.261578 1.756830 2.010761
-1.281615 1.712009 2.078254
-1.283468 1.717473 2.089191
-1.304019 1.828200 2.151377
-1.318753 1.839720 2.159767
-1.319041 1.831411 2.169027
-1.305409 1.819141 2.160617
-1.322989 1.822714 2.176196
-1.336015 1.834860 2.184265
-1.338064 1.810142 2.105939
-1.349682 1.818496 2.118150
-1.368521 1.842476 2.137850
-1.301395 1.769006 2.068550
-1.307825 1.773652 2.076918
-1.241155 1.757941 2.069109
-1.239476 1.752829 2.059151
-1.244101 1.760992 2.051487
-1.246658 1.772426 2.097495
-1.253493 1.778265 2.082009
-1.264715 1.792692 2.089812
-1.255233 1.784919 2.103937
-1.238684 1.741610 2.087268
-1.237826 1.735909 2.076182
-1.237066 1.744476 2.067803
-1.238289 1.749775 2.078191
-1.298403 1.753594 2.031602
-1.297192 1.755385 2.042089
-1.242276 1.746246 2.023958
-1.250446 1.753268 2.017897
-1.251063 1.761232 2.033452
-1.243235 1.755108 2.039721
-1.251848 1.767423 2.043935
-1.237139 1.738713 2.031223
-1.238339 1.747527 2.047424
-1.301032 1.746974 2.013534
-1.236494 1.729124 2.062878
-1.235349 1.720482 2.047276
-1.234731 1.730076 2.039199
-1.235781 1.738213 2.054778
-1.310666 1.809780 2.167511
-1.299320 1.796293 2.158010
-1.289121 1.731165 2.112578
-1.294360 1.740644 2.123446
-1.285522 1.723695 2.101585
-1.338971 1.790382 2.163871
-1.348912 1.803338 2.174918
-1.320232 1.764106 2.139222
-1.329168 1.776892 2.151619
-1.279942 1.811401 2.121619
-1.250833 1.727962 2.097717
-1.249308 1.733400 2.108310
-1.260322 1.722178 2.099081
-1.281155 1.698779 2.049955
-1.280564 1.706055 2.066627
-1.241642 1.744940 2.108200
-1.282337 1.688978 2.028556
-1.262614 1.788887 2.071011
-1.262215 1.771190 2.037445
-1.264702 1.778062 2.046328
-1.353066 1.855517 2.141221
-1.326723 1.801568 2.093502
-1.309533 1.762408 2.084856
-1.310457 1.753439 2.093092
-1.250418 1.722277 2.085911
-1.242592 1.728292 2.083272
-1.242984 1.733898 2.094688
-1.302661 1.734875 2.056265
-1.301374 1.747073 2.048013
-1.359252 1.816130 2.184807
-1.302074 1.738778 2.064168
-1.273049 1.799912 2.079849
-1.352009 1.578609 1.715203
-1.363222 1.557060 1.708832
-1.369435 1.567060 1.709670
-1.221646 1.489858 1.877918
-1.249520 1.449715 1.900343
-1.236860 1.457119 1.892949
-1.244796 1.575145 1.863589
-1.239425 1.562305 1.863495
-1.267411 1.616308 1.882253
-1.261240 1.607874 1.873757
-1.238964 1.530535 1.884620
-1.436451 1.772368 1.705539
-1.434448 1.765709 1.707882
-1.441224 1.781762 1.698924
-1.297962 1.317334 1.955798
-1.306879 1.302810 1.967469
-1.306121 1.299125 1.972375
-1.424692 1.770813 1.726341
-1.423336 1.762807 1.725229
-1.421969 1.767847 1.724000
-1.425924 1.774649 1.727226
-1.425637 1.772090 1.727456
-1.440401 1.790420 1.703889
-1.431712 1.759440 1.712674
-1.427579 1.753596 1.719143
-1.435120 1.784920 1.714789
-1.239033 1.247617 1.787881
-1.232233 1.226618 1.791968
-1.254210 1.223336 1.788851
-1.259076 1.245250 1.785294
-1.275830 1.199705 1.788939
-1.278971 1.222068 1.785196
-1.248701 1.201005 1.792907
-1.143519 1.199673 1.837823
-1.150941 1.220513 1.828570
-1.140894 1.235527 1.845320
-1.132896 1.217179 1.854284
-1.145750 1.263572 1.858696
-1.136025 1.249361 1.866337
-1.151793 1.251475 1.838393
-1.145501 1.273466 1.880831
-1.136186 1.259742 1.889061
-1.150624 1.279512 1.902491
-1.141834 1.265554 1.911212
-1.152696 1.268466 1.931291
-1.168864 1.268583 1.949354
-1.184852 1.252483 1.972562
-1.189445 1.265088 1.965474
-1.210671 1.259902 1.977303
-1.232538 1.255939 1.984156
-1.252287 1.252504 1.991784
-1.269552 1.249984 1.996291
-1.285457 1.247359 1.998478
-1.299734 1.245739 1.998081
-1.297351 1.226732 2.003936
-1.351929 1.629428 1.854114
-1.340456 1.664871 1.753439
-1.333048 1.678099 1.777263
-1.327261 1.671137 1.762391
-1.273703 1.643779 1.756886
-1.281693 1.630067 1.741895
-1.289994 1.642535 1.744999
-1.284293 1.658079 1.761631
-1.340445 1.652477 1.743217
-1.348756 1.651937 1.741637
-1.326019 1.657746 1.747815
-1.331908 1.642798 1.736007
-1.339284 1.628740 1.728225
-1.310568 1.692376 1.803259
-1.308112 1.698449 1.811889
-1.291353 1.691298 1.801343
-1.292971 1.685804 1.790706
-1.260046 1.649400 1.784907
-1.258552 1.656444 1.795321
-1.252008 1.644588 1.797874
-1.253355 1.636763 1.786054
-1.302479 1.715566 1.840232
-1.299520 1.720471 1.850131
-1.283247 1.716561 1.841531
-1.286048 1.710510 1.830189
-1.269536 1.669369 1.793972
-1.255002 1.533127 1.733135
-1.247153 1.550793 1.744013
-1.240700 1.567892 1.757120
-1.236474 1.607457 1.805654
-1.235091 1.588891 1.790565
-1.237821 1.597568 1.788477
-1.234996 1.616214 1.823116
-1.234799 1.623681 1.838799
-1.330855 1.675488 1.883543
-1.319036 1.652354 1.893080
-1.314618 1.659937 1.896320
-1.240254 1.639346 1.878296
-1.241771 1.635660 1.880072
-1.238785 1.626739 1.864458
-1.237003 1.629864 1.862076
-1.314021 1.688087 1.794786
-1.270105 1.707219 1.838316
-1.259442 1.696045 1.840638
-1.263746 1.689189 1.826888
-1.273503 1.699861 1.825064
-1.253216 1.685676 1.842114
-1.247504 1.676916 1.847963
-1.248774 1.667984 1.834425
-1.255206 1.677857 1.828159
-1.238700 1.643666 1.874463
-1.236640 1.633707 1.857136
-1.313653 1.717423 1.873017
-1.324818 1.701490 1.834721
-1.324801 1.696147 1.827238
-1.338797 1.683363 1.843617
-1.337084 1.688418 1.851940
-1.268766 1.632462 1.900176
-1.261328 1.631646 1.900127
-1.254930 1.631572 1.901548
-1.240585 1.620093 1.860437
-1.249594 1.633906 1.902681
-1.300344 1.651325 1.905272
-1.311172 1.666229 1.904053
-1.341327 1.665678 1.859668
-1.339163 1.668307 1.867732
-1.296781 1.724246 1.862258
-1.279895 1.721206 1.855257
-1.237858 1.657938 1.912493
-1.240444 1.648553 1.899307
-1.239163 1.651493 1.895165
-1.234316 1.605309 1.841787
-1.240622 1.623353 1.865097
-1.306939 1.705678 1.821020
-1.256600 1.701179 1.855430
-1.265803 1.712920 1.854364
-1.255656 1.671442 1.818343
-1.258327 1.664347 1.806672
-1.265822 1.676132 1.805378
-1.264311 1.682667 1.815553
-1.241271 1.674587 1.870254
-1.245330 1.683927 1.862540
-1.252548 1.652874 1.809535
-1.250514 1.660316 1.821601
-1.238545 1.655838 1.891337
-1.342366 1.663078 1.853708
-1.343385 1.642053 1.863063
-1.340671 1.646254 1.867538
-1.336789 1.647420 1.873624
-1.332467 1.648425 1.880098
-1.325709 1.649184 1.887653
-1.345875 1.636137 1.858094
-1.241533 1.739341 2.103249
-1.238540 1.653958 1.918867
-1.236051 1.667283 1.923104
-1.236051 1.664724 1.930454
-1.235428 1.703795 1.966732
-1.429799 1.777285 1.862500
-1.427398 1.771804 1.863223
-1.442802 1.795585 1.854827
-1.440469 1.792520 1.856962
-1.243360 1.763141 2.077240
-1.245666 1.767696 2.084148
-1.266932 1.798496 2.112767
-1.275545 1.805306 2.099480
-1.287531 1.817041 2.109226
-1.306665 1.804828 2.078712
-1.315227 1.793748 2.080562
-1.319697 1.761696 2.105317
-1.277972 1.767014 2.138342
-1.388886 1.864404 2.156075
-1.402551 1.870899 2.165478
-1.395124 1.877562 2.166923
-1.381328 1.870778 2.158556
-1.415254 1.877414 2.173188
-1.407235 1.864335 2.169038
-1.419361 1.871147 2.178121
-1.409107 1.859552 2.175105
-1.421037 1.866709 2.185041
-1.420378 1.864012 2.192704
-1.409017 1.855346 2.182559
-1.406969 1.852271 2.190522
-1.417593 1.861935 2.200458
-1.392579 1.840011 2.187916
-1.387649 1.839428 2.196313
-1.398180 1.852197 2.205400
-1.403381 1.851457 2.198345
-1.395542 1.870733 2.219589
-1.384337 1.858828 2.212883
-1.378740 1.864519 2.211045
-1.390329 1.875681 2.217420
-1.361015 1.865640 2.191891
-1.373505 1.876731 2.198951
-1.375374 1.870908 2.205958
-1.362306 1.859013 2.199102
-1.383795 1.887328 2.205211
-1.375636 1.880570 2.190989
-1.386370 1.889752 2.196320
-1.381519 1.849843 2.148123
-1.375128 1.857559 2.146736
-1.361533 1.850222 2.137342
-1.397550 1.845531 2.171324
-1.397053 1.850608 2.164095
-1.385065 1.842227 2.152924
-1.386059 1.836068 2.159844
-1.366857 1.814820 2.176590
-1.377163 1.827166 2.186723
-1.381970 1.828659 2.177263
-1.395898 1.842135 2.179322
-1.384778 1.831776 2.168207
-1.380694 1.841449 2.202631
-1.391320 1.854699 2.210662
-1.373838 1.873268 2.166004
-1.387488 1.881005 2.173364
-1.381044 1.881547 2.182029
-1.367499 1.873250 2.174701
-1.369986 1.828801 2.193853
-1.359426 1.865198 2.157825
-1.352948 1.864524 2.166812
-1.362720 1.870874 2.183805
-1.348794 1.860811 2.176192
-1.399336 1.888463 2.179484
-1.407700 1.884441 2.173548
-1.367188 1.863305 2.150120
-1.372819 1.846134 2.205554
-1.361570 1.833368 2.197297
-1.354179 1.839857 2.196481
-1.366206 1.852272 2.204139
-1.332898 1.842998 2.176680
-1.347389 1.854370 2.184480
-1.349243 1.847005 2.191542
-1.386230 1.881793 2.212570
-1.334121 1.850320 2.168308
-1.460461 1.920491 2.214438
-1.468655 1.922197 2.212042
-1.465728 1.913537 2.213494
-1.456883 1.911705 2.213226
-1.466664 1.893723 2.220559
-1.478441 1.898713 2.221407
-1.481086 1.891265 2.216096
-1.469748 1.884318 2.215763
-1.475017 1.923652 2.209450
-1.473791 1.915239 2.213816
-1.477325 1.921874 2.206459
-1.476841 1.931556 2.205548
-1.475746 1.932273 2.199249
-1.476350 1.940574 2.197496
-1.469179 1.943804 2.193202
-1.467711 1.931145 2.192053
-1.442618 1.936393 2.198510
-1.449818 1.948281 2.201733
-1.440869 1.949701 2.208023
-1.434531 1.936850 2.205125
-1.429024 1.944731 2.222713
-1.423999 1.933032 2.218379
-1.429390 1.935224 2.211779
-1.435855 1.947708 2.215414
-1.448463 1.918943 2.222031
-1.452826 1.919139 2.217926
-1.448598 1.910867 2.216072
-1.443956 1.910506 2.220961
-1.485390 1.918284 2.204546
-1.485010 1.918629 2.208814
-1.476297 1.922337 2.200048
-1.475003 1.917957 2.195402
-1.430771 1.891065 2.233410
-1.434150 1.888940 2.227658
-1.430045 1.880805 2.223425
-1.425183 1.881732 2.229665
-1.450552 1.875729 2.211977
-1.449859 1.874618 2.197921
-1.440953 1.873697 2.196810
-1.442068 1.874881 2.210412
-1.459743 1.879240 2.214439
-1.470171 1.882472 2.205193
-1.459994 1.877445 2.201323
-1.481488 1.890609 2.207228
-1.416176 1.884729 2.235114
-1.419927 1.891089 2.240138
-1.503063 1.961897 2.223154
-1.500392 1.961463 2.220392
-1.497095 1.961565 2.225220
-1.499949 1.961636 2.227871
-1.405422 1.898716 2.231789
-1.403700 1.893368 2.229801
-1.400529 1.898017 2.222850
-1.403306 1.902879 2.223887
-1.407673 1.906108 2.234543
-1.406737 1.909872 2.225276
-1.505152 1.974116 2.219102
-1.500378 1.974441 2.214557
-1.502212 1.969546 2.214597
-1.506502 1.969581 2.218583
-1.465487 1.928365 2.215474
-1.473125 1.929780 2.211557
-1.478537 1.944227 2.215149
-1.480683 1.942647 2.209753
-1.477679 1.936625 2.210529
-1.471613 1.937337 2.216287
-1.455031 1.935706 2.227395
-1.461800 1.937584 2.223623
-1.456293 1.928874 2.221460
-1.449942 1.927275 2.225807
-1.443198 1.926051 2.235412
-1.440913 1.926341 2.240839
-1.443525 1.933638 2.241891
-1.447095 1.934372 2.236456
-1.457292 1.950134 2.233886
-1.453863 1.949628 2.237625
-1.457067 1.956740 2.238527
-1.460345 1.957063 2.235089
-1.401082 1.889282 2.227309
-1.397188 1.894119 2.220732
-1.419525 1.938061 2.238000
-1.421382 1.947172 2.242211
-1.421200 1.941076 2.250684
-1.418394 1.932513 2.245577
-1.404642 1.906457 2.215202
-1.400746 1.902105 2.214108
-1.502236 1.978003 2.222226
-1.497550 1.978848 2.216947
-1.480092 1.894340 2.198223
-1.465796 1.887246 2.192863
-1.453177 1.882977 2.189546
-1.444227 1.881080 2.188500
-1.437690 1.879367 2.187060
-1.470554 1.942163 2.220058
-1.457605 1.925513 2.218294
-1.445368 1.918320 2.225457
-1.431355 1.918334 2.249559
-1.436260 1.918883 2.244579
-1.435132 1.912664 2.242573
-1.428255 1.912049 2.248649
-1.422142 1.928118 2.252039
-1.424871 1.935604 2.255318
-1.430844 1.932412 2.255044
-1.428658 1.926010 2.253378
-1.487404 1.916854 2.199970
-1.476690 1.912573 2.192216
-1.410968 1.894474 2.238200
-1.409157 1.888592 2.234696
-1.406562 1.884332 2.229891
-1.438590 1.899635 2.224657
-1.441235 1.899800 2.220825
-1.441170 1.886402 2.221189
-1.436760 1.887525 2.223966
-1.455302 1.902111 2.216530
-1.465023 1.904680 2.217986
-1.456380 1.889579 2.219721
-1.434642 1.878469 2.217758
-1.430288 1.874665 2.211985
-1.425091 1.876489 2.218437
-1.419346 1.877643 2.225179
-1.412692 1.880841 2.229671
-1.425459 1.869762 2.207036
-1.420909 1.871177 2.213634
-1.415185 1.873005 2.220064
-1.409119 1.875616 2.224467
-1.390855 1.894068 2.209550
-1.396219 1.898142 2.211663
-1.392875 1.889024 2.218260
-1.431197 1.871989 2.190908
-1.429255 1.870926 2.199842
-1.435354 1.874217 2.204854
-1.428950 1.876861 2.183368
-1.485730 1.902056 2.219730
-1.482825 1.908969 2.219400
-1.488438 1.910674 2.218978
-1.492269 1.905113 2.218301
-1.478545 1.938053 2.203588
-1.481216 1.943962 2.204063
-1.478950 1.947727 2.198847
-1.422751 1.898891 2.244185
-1.431753 1.899229 2.238450
-1.475983 1.947373 2.218795
-1.494837 1.971500 2.210018
-1.485420 1.963585 2.203868
-1.488527 1.958096 2.205440
-1.497228 1.966238 2.210787
-1.475837 1.956304 2.220934
-1.479972 1.960689 2.222228
-1.483152 1.955198 2.221481
-1.479301 1.951427 2.219202
-1.450014 1.947498 2.242870
-1.452883 1.953678 2.243733
-1.458528 1.958877 2.206998
-1.458161 1.946857 2.193801
-1.464044 1.957494 2.196963
-1.450420 1.934887 2.231914
-1.450764 1.942316 2.237218
-1.454235 1.942771 2.233321
-1.470167 1.945520 2.221671
-1.465482 1.943933 2.224406
-1.468641 1.949975 2.223490
-1.473196 1.950091 2.220867
-1.419301 1.918211 2.249808
-1.414508 1.923359 2.241268
-1.502397 1.964691 2.216430
-1.505471 1.964910 2.219891
-1.398134 1.883404 2.223458
-1.403786 1.879114 2.225587
-1.446081 1.926275 2.230242
-1.452996 1.934673 2.192310
-1.442592 1.917572 2.229473
-1.436368 1.956772 2.238659
-1.442378 1.961507 2.242487
-1.444189 1.957357 2.246949
-1.439093 1.952728 2.246143
-1.487235 1.967713 2.225156
-1.491771 1.970292 2.228656
-1.493885 1.964890 2.228017
-1.490179 1.962561 2.225284
-1.481381 1.948120 2.216274
-1.486343 1.952326 2.218555
-1.488590 1.951686 2.214057
-1.483322 1.946987 2.211615
-1.483964 1.948569 2.206588
-1.489172 1.953961 2.209221
-1.485907 1.973861 2.223150
-1.477743 1.966795 2.218618
-1.477434 1.969314 2.212002
-1.488001 1.977047 2.217855
-1.418209 1.922753 2.214004
-1.419576 1.930713 2.226118
-1.414129 1.920734 2.221354
-1.433445 1.955760 2.226729
-1.429570 1.950779 2.236150
-1.424385 1.941511 2.230960
-1.416209 1.927909 2.232817
-1.467667 1.961153 2.218204
-1.463262 1.964012 2.215157
-1.469022 1.963518 2.209838
-1.439160 1.916935 2.235528
-1.497772 1.961519 2.213600
-1.427944 1.896894 2.183016
-1.433958 1.900925 2.184077
-1.422058 1.908162 2.190319
-1.417886 1.902282 2.188042
-1.493687 1.959465 2.222621
-1.496547 1.958558 2.218281
-1.446491 1.947255 2.247711
-1.444538 1.949477 2.251088
-1.446977 1.954831 2.250298
-1.449854 1.953233 2.247846
-1.411150 1.918509 2.228100
-1.425148 1.951517 2.247865
-1.426756 1.945109 2.256965
-1.408931 1.912547 2.217436
-1.408977 1.908123 2.206393
-1.412949 1.914264 2.209710
-1.444246 1.959230 2.220637
-1.422898 1.924715 2.207876
-1.417234 1.915373 2.203692
-1.413275 1.908516 2.198904
-1.409872 1.903907 2.195764
-1.405116 1.903736 2.203921
-1.491424 1.975623 2.212264
-1.493471 1.979223 2.222677
-1.393984 1.895767 2.199163
-1.400340 1.899383 2.201094
-1.399973 1.895163 2.191080
-1.405839 1.899424 2.192827
-1.430157 1.915393 2.191383
-1.422869 1.916285 2.197495
-1.435906 1.925667 2.195584
-1.428111 1.925735 2.201872
-1.447508 1.961540 2.210711
-1.503071 1.974796 2.236330
-1.501622 1.970576 2.238106
-1.495884 1.969641 2.232481
-1.496410 1.974387 2.231142
-1.491347 1.975271 2.227265
-1.498460 1.977221 2.227875
-1.447799 1.923017 2.189415
-1.471095 1.955963 2.223256
-1.445098 1.908548 2.185553
-1.462684 1.910462 2.185740
-1.462504 1.921031 2.187588
-1.457972 1.895151 2.183784
-1.444975 1.891199 2.182747
-1.431565 1.886458 2.182392
-1.436935 1.888826 2.183462
-1.424585 1.882754 2.178909
-1.472881 1.899995 2.188841
-1.503665 1.962421 2.232594
-1.507041 1.961915 2.228190
-1.423530 1.893422 2.181230
-1.416854 1.889712 2.178154
-1.475110 1.907404 2.219825
-1.439365 1.909238 2.228366
-1.437097 1.908420 2.233495
-1.433621 1.906609 2.240593
-1.425403 1.906164 2.247179
-1.407335 1.893960 2.182979
-1.413516 1.862566 2.207711
-1.407733 1.864589 2.213859
-1.392250 1.889496 2.187769
-1.509915 1.964898 2.225374
-1.456757 1.962437 2.235712
-1.458335 1.962685 2.234675
-1.488228 1.897055 2.215049
-1.494990 1.901954 2.213687
-1.495966 1.907304 2.202188
-1.489203 1.900978 2.199879
-1.489535 1.897027 2.206971
-1.496412 1.903302 2.207950
-1.437073 1.899835 2.228230
-1.435019 1.900227 2.232581
-1.410637 1.914589 2.237555
-1.415399 1.909851 2.246076
-1.482383 1.952615 2.202084
-1.478226 1.957519 2.200316
-1.473002 1.952516 2.196397
-1.480364 1.967608 2.205769
-1.472860 1.961935 2.217806
-1.471127 1.959871 2.220479
-1.446931 1.900696 2.217365
-1.447899 1.887211 2.219823
-1.485103 1.915745 2.214870
-1.480046 1.915030 2.214337
-1.459386 1.942837 2.228584
-1.453581 1.967240 2.223973
-1.455781 1.967421 2.216287
-1.462412 1.949934 2.228519
-1.511834 1.968910 2.224669
-1.511819 1.973693 2.225667
-1.471995 1.962044 2.201729
-1.446707 1.940917 2.242493
-1.455586 1.966120 2.230374
-1.449065 1.963526 2.229295
-1.428441 1.939188 2.257431
-1.413878 1.898204 2.185331
-1.497127 1.964740 2.231237
-1.501580 1.965643 2.236319
-1.505710 1.976984 2.233474
-1.508628 1.976827 2.228530
-1.412695 1.901969 2.242182
-1.441322 1.909854 2.224689
-1.401491 1.867224 2.217996
-1.483478 1.906287 2.194782
-1.492050 1.912581 2.198449
-1.464934 1.955560 2.229030
-1.432449 1.952777 2.245407
-1.451278 1.967218 2.233390
-1.444788 1.966339 2.236474
-1.438974 1.961392 2.231721
-1.455925 1.965889 2.235014
-1.513736 1.975796 2.234133
-1.510757 1.975768 2.238816
-1.516467 1.972358 2.231013
-1.515534 1.967901 2.229292
-1.513017 1.964303 2.229573
-1.508002 1.973247 2.241712
-1.505768 1.969436 2.242536
-1.504513 1.965070 2.239903
-1.511201 1.971123 2.246122
-1.515574 1.973447 2.244352
-1.524362 1.965948 2.240279
-1.524661 1.968024 2.242982
-1.522360 1.969862 2.240496
-1.521187 1.969714 2.236842
-1.526584 1.963691 2.244332
-1.527203 1.966313 2.246557
-1.523191 1.970637 2.245643
-1.520502 1.972140 2.241900
-1.525964 1.968787 2.249575
-1.522937 1.969150 2.251818
-1.520270 1.970742 2.248109
-1.518698 1.972337 2.244873
-1.518213 1.973739 2.239103
-1.527969 1.962710 2.248722
-1.527115 1.963860 2.253458
-1.528109 1.966893 2.252614
-1.528710 1.965235 2.249290
-1.518680 1.965973 2.233889
-1.522191 1.963225 2.238974
-1.524397 1.961125 2.243886
-1.525553 1.960384 2.248527
-1.519511 1.960676 2.239809
-1.521719 1.959297 2.244737
-1.522565 1.959216 2.248702
-1.516474 1.959220 2.242193
-1.519210 1.958660 2.246568
-1.515396 1.962972 2.233576
-1.512067 1.961163 2.235630
-1.520501 1.958994 2.248960
-1.524861 1.961943 2.253302
-1.517472 1.970895 2.249478
-1.520414 1.968515 2.253142
-1.514824 1.969029 2.250359
-1.518430 1.967016 2.253593
-1.525147 1.967948 2.254274
-1.523479 1.966223 2.255346
-1.509613 1.961819 2.232084
-1.506133 1.962404 2.236532
-1.508500 1.961502 2.240202
-1.513126 1.959675 2.245928
-1.507489 1.964284 2.244248
-1.509488 1.968404 2.246765
-1.512954 1.966382 2.250403
-1.511951 1.962951 2.249214
-1.516429 1.964217 2.253184
-1.515700 1.961729 2.251843
-1.516982 1.959504 2.249340
-1.519361 1.962398 2.254002
-1.521330 1.964286 2.255040
-1.521780 1.960540 2.252184
-1.519535 1.959906 2.251051
-1.518212 1.961202 2.252706
-1.487403 1.972702 2.242665
-1.482939 1.973742 2.238494
-1.480407 1.973368 2.242466
-1.484544 1.971990 2.246865
-1.488596 1.985538 2.238709
-1.482629 1.987272 2.233162
-1.484507 1.981371 2.233512
-1.489896 1.979549 2.238782
-1.483650 1.988818 2.242135
-1.477659 1.991005 2.236681
-1.477074 1.983305 2.227376
-1.468866 1.971848 2.220590
-1.472289 1.967767 2.222962
-1.479665 1.977988 2.228577
-1.462624 1.967717 2.237967
-1.465461 1.963691 2.236865
-1.484293 1.976588 2.235563
-1.489125 1.975227 2.240307
-1.469978 1.976404 2.242720
-1.475132 1.978311 2.247595
-1.477509 1.974595 2.245759
-1.472853 1.972512 2.241776
-1.469414 1.962089 2.232774
-1.473426 1.961596 2.228066
-1.473879 1.964258 2.224963
-1.468102 1.981474 2.241390
-1.460394 1.972967 2.234815
-1.459932 1.975596 2.228848
-1.468551 1.985779 2.236898
-1.479912 1.973829 2.230966
-1.476321 1.970903 2.238400
-1.479135 1.971076 2.234218
-1.471717 1.986144 2.230393
-1.474869 1.988505 2.243448
-1.487466 1.980735 2.258174
-1.486562 1.976464 2.258961
-1.480103 1.976900 2.252753
-1.480514 1.981270 2.252173
-1.474708 1.982719 2.246912
-1.481241 1.986122 2.248770
-1.490139 1.971001 2.253722
-1.493518 1.971546 2.249635
-1.495878 1.973892 2.247393
-1.463156 1.975460 2.222147
-1.496848 1.977747 2.246481
-1.496174 1.982960 2.246838
-1.481809 1.973274 2.250767
-1.487540 1.972407 2.257538
-1.489042 1.984288 2.255432
-1.492162 1.985727 2.250034
-1.498409 1.984149 2.256971
-1.494608 1.982270 2.260931
-1.501602 1.981388 2.253146
-1.500999 1.976412 2.251449
-1.499137 1.973075 2.251559
-1.493035 1.979437 2.263458
-1.491743 1.975819 2.263708
-1.491380 1.971833 2.261224
-1.497792 1.975885 2.268530
-1.500748 1.978595 2.267722
-1.513011 1.969431 2.266192
-1.513463 1.971605 2.268681
-1.510123 1.974063 2.265309
-1.510133 1.972864 2.262189
-1.507699 1.976449 2.263227
-1.506738 1.977297 2.259302
-1.508331 1.975720 2.268602
-1.505529 1.977372 2.265333
-1.512326 1.973139 2.272841
-1.509052 1.972273 2.274981
-1.505534 1.974439 2.270660
-1.503507 1.976491 2.267681
-1.515044 1.967252 2.270974
-1.515777 1.969693 2.271667
-1.503155 1.980464 2.262485
-1.504604 1.974183 2.255296
-1.508733 1.970243 2.259879
-1.511526 1.966899 2.264999
-1.512992 1.964938 2.270248
-1.506271 1.967377 2.259493
-1.509299 1.964760 2.264828
-1.510397 1.963806 2.269620
-1.503149 1.965251 2.261145
-1.506676 1.963568 2.266340
-1.501909 1.971231 2.254374
-1.498750 1.969316 2.255977
-1.508358 1.963449 2.269393
-1.512450 1.965166 2.275034
-1.514830 1.967339 2.276216
-1.515854 1.970716 2.276235
-1.503409 1.973383 2.271153
-1.507270 1.970535 2.275178
-1.501496 1.971986 2.272058
-1.505782 1.969159 2.275662
-1.512119 1.970681 2.277768
-1.511075 1.968724 2.277999
-1.496541 1.971028 2.253538
-1.493340 1.970493 2.257181
-1.495385 1.968585 2.259566
-1.500001 1.965115 2.265070
-1.493568 1.969857 2.263690
-1.494992 1.972696 2.266877
-1.499673 1.969902 2.271231
-1.498645 1.967186 2.268907
-1.504353 1.967620 2.274700
-1.503166 1.965498 2.272534
-1.504195 1.963681 2.269314
-1.507668 1.965673 2.275663
-1.509517 1.966902 2.277309
-1.509915 1.964137 2.273476
-1.507358 1.963674 2.271754
-1.506038 1.964764 2.273780
-1.471915 1.965920 2.255678
-1.468690 1.967636 2.252839
-1.466151 1.965391 2.256489
-1.469029 1.963244 2.259377
-1.472624 1.975983 2.256070
-1.467518 1.978834 2.250476
-1.469682 1.975206 2.250144
-1.474168 1.973208 2.254912
-1.469717 1.976790 2.259661
-1.463364 1.980629 2.254409
-1.462594 1.978012 2.245297
-1.455603 1.971403 2.238457
-1.459104 1.968371 2.239219
-1.465641 1.974349 2.245389
-1.469929 1.971050 2.250934
-1.473893 1.969589 2.254817
-1.457566 1.965734 2.258603
-1.461704 1.966368 2.262604
-1.463632 1.964760 2.260293
-1.459623 1.964085 2.256721
-1.456191 1.958449 2.247052
-1.458818 1.960730 2.243376
-1.459771 1.964278 2.240955
-1.455529 1.970079 2.258251
-1.448674 1.963279 2.251230
-1.447853 1.968185 2.247540
-1.455029 1.975771 2.254792
-1.466053 1.970116 2.247107
-1.463010 1.963790 2.253355
-1.465193 1.966251 2.249448
-1.457703 1.978409 2.248787
-1.460740 1.976696 2.259838
-1.472878 1.967715 2.271505
-1.472030 1.963946 2.271283
-1.464368 1.965163 2.265727
-1.464788 1.969704 2.266315
-1.460153 1.970710 2.262410
-1.466411 1.974174 2.263863
-1.474812 1.961207 2.264180
-1.477887 1.963114 2.260753
-1.480162 1.966697 2.260249
-1.450595 1.971612 2.241772
-1.450729 1.959109 2.252890
-1.481247 1.969946 2.260881
-1.480972 1.972946 2.262706
-1.466008 1.963042 2.263100
-1.472248 1.961263 2.268425
-1.474912 1.971766 2.269751
-1.478034 1.974132 2.266069
-1.484230 1.971474 2.270157
-1.480792 1.969027 2.273618
-1.486798 1.970421 2.266257
-1.486333 1.967359 2.264307
-1.484576 1.964516 2.263335
-1.478287 1.964778 2.274353
-1.477533 1.962204 2.273735
-1.476699 1.960219 2.270605
-1.481579 1.961516 2.276277
-1.485261 1.965146 2.275709
-1.498423 1.958337 2.273247
-1.498452 1.959355 2.275196
-1.494981 1.962016 2.273129
-1.495198 1.961719 2.271060
-1.492627 1.964982 2.272087
-1.491480 1.966657 2.269751
-1.493764 1.963115 2.276441
-1.490612 1.965720 2.274017
-1.497218 1.960239 2.278742
-1.493567 1.958751 2.280087
-1.490077 1.961341 2.277667
-1.488279 1.964241 2.275895
-1.500795 1.955976 2.276052
-1.500677 1.957632 2.277117
-1.488205 1.968168 2.272412
-1.490278 1.964563 2.266435
-1.494135 1.960100 2.268819
-1.497388 1.956481 2.271460
-1.499060 1.953781 2.274551
-1.491915 1.957790 2.267785
-1.495135 1.954606 2.270709
-1.496589 1.952490 2.273585
-1.489326 1.955605 2.268080
-1.492827 1.953057 2.271141
-1.487949 1.961987 2.265189
-1.484986 1.959883 2.265482
-1.494452 1.952114 2.273279
-1.497909 1.952488 2.278879
-1.499960 1.954995 2.280274
-1.500130 1.957748 2.280624
-1.487635 1.960308 2.278369
-1.491595 1.957356 2.280615
-1.485446 1.958013 2.278265
-1.489895 1.955486 2.280259
-1.496716 1.957278 2.281844
-1.495807 1.955654 2.282036
-1.481667 1.962059 2.263999
-1.478560 1.960421 2.266646
-1.482026 1.958529 2.267934
-1.486550 1.954071 2.270741
-1.479789 1.958200 2.271507
-1.480168 1.958911 2.274362
-1.483921 1.956183 2.276573
-1.484176 1.954409 2.273945
-1.488703 1.953626 2.278672
-1.488389 1.952225 2.276231
-1.490305 1.951859 2.273175
-1.492331 1.952227 2.278828
-1.493899 1.953591 2.280686
-1.495281 1.951503 2.276723
-1.493140 1.951391 2.275214
-1.491276 1.951531 2.277053
-1.453263 1.958226 2.250387
-1.451757 1.952956 2.269646
-1.449833 1.954291 2.267196
-1.447595 1.951649 2.269680
-1.449239 1.950352 2.271661
-1.450834 1.961726 2.272280
-1.447084 1.964410 2.267733
-1.449535 1.962008 2.265823
-1.453110 1.959835 2.270017
-1.447236 1.960537 2.275465
-1.443300 1.963399 2.271583
-1.443141 1.963184 2.262393
-1.436823 1.956600 2.252603
-1.441230 1.955086 2.252860
-1.446065 1.960663 2.261074
-1.433361 1.941473 2.261096
-1.436398 1.945359 2.266282
-1.440197 1.944443 2.264623
-1.435752 1.939509 2.258386
-1.450317 1.958137 2.265532
-1.453021 1.956433 2.269360
-1.440236 1.950702 2.272681
-1.442800 1.950354 2.274980
-1.445157 1.950223 2.272314
-1.443251 1.949734 2.270226
-1.439845 1.940048 2.256118
-1.443123 1.945768 2.262159
-1.444261 1.947603 2.257926
-1.442430 1.944056 2.253379
-1.443774 1.951411 2.255800
-1.437625 1.953944 2.272804
-1.433172 1.947759 2.265738
-1.430808 1.951424 2.262800
-1.437237 1.958855 2.270795
-1.447577 1.957399 2.262647
-1.445335 1.950896 2.266986
-1.447567 1.953959 2.265030
-1.438982 1.962695 2.265684
-1.441365 1.958622 2.275060
-1.448646 1.949053 2.283968
-1.448804 1.946602 2.281908
-1.444566 1.948543 2.277607
-1.443660 1.951625 2.279540
-1.441441 1.953866 2.276492
-1.444754 1.956097 2.279001
-1.453208 1.948022 2.275206
-1.456087 1.950835 2.273809
-1.457571 1.953948 2.274007
-1.431829 1.955808 2.255729
-1.458139 1.956765 2.275391
-1.456660 1.958600 2.277901
-1.446831 1.948735 2.274509
-1.450619 1.946682 2.278403
-1.450035 1.953065 2.283868
-1.453085 1.957194 2.280887
-1.457825 1.955353 2.285168
-1.454826 1.950264 2.287366
-1.460792 1.956470 2.281540
-1.461393 1.955141 2.278480
-1.460569 1.952676 2.276778
-1.452811 1.945949 2.286553
-1.452813 1.944304 2.283917
-1.454040 1.945278 2.280840
-1.457521 1.944275 2.287824
-1.459931 1.947933 2.288712
-1.472296 1.948977 2.284811
-1.471807 1.949466 2.286490
-1.468669 1.950724 2.285433
-1.468983 1.951022 2.283432
-1.465673 1.952208 2.285113
-1.464546 1.953414 2.283230
-1.467217 1.950131 2.288365
-1.463661 1.951395 2.287055
-1.470700 1.948842 2.289906
-1.468676 1.945624 2.291470
-1.465074 1.947262 2.290521
-1.462757 1.948782 2.288942
-1.474952 1.947226 2.286911
-1.474127 1.948431 2.287987
-1.461297 1.952586 2.286383
-1.464502 1.952850 2.280002
-1.468877 1.950241 2.281498
-1.472843 1.947644 2.283328
-1.474780 1.945211 2.285780
-1.467755 1.948613 2.280082
-1.471574 1.946064 2.282234
-1.473195 1.944021 2.284644
-1.465860 1.946511 2.279675
-1.469799 1.944561 2.281998
-1.463255 1.951014 2.278184
-1.461350 1.948547 2.277677
-1.471693 1.943471 2.283827
-1.473954 1.943307 2.288344
-1.474490 1.945135 2.290027
-1.473568 1.947366 2.291083
-1.463672 1.945016 2.290463
-1.467919 1.943481 2.291496
-1.462251 1.942965 2.289215
-1.467406 1.941801 2.290084
-1.471382 1.945283 2.292112
-1.471656 1.943499 2.291534
-1.458798 1.949618 2.276229
-1.456253 1.947126 2.277770
-1.459038 1.945796 2.279072
-1.463800 1.944031 2.280857
-1.457376 1.943613 2.281969
-1.456691 1.942843 2.285108
-1.461882 1.941766 2.286910
-1.462332 1.941905 2.283717
-1.467085 1.941006 2.287884
-1.467180 1.941194 2.285319
-1.468216 1.942650 2.283037
-1.470784 1.941489 2.287762
-1.471439 1.941984 2.289755
-1.472710 1.942477 2.286615
-1.471049 1.942348 2.285012
-1.470038 1.941478 2.286116
-1.431110 1.944106 2.261206
-1.495824 1.922744 2.204994
-1.493002 1.923901 2.208784
-1.492075 1.919305 2.217668
-1.494859 1.914108 2.220688
-1.499321 1.909398 2.220120
-1.502623 1.908582 2.215801
-1.504496 1.910004 2.210829
-1.491827 1.922786 2.213227
-1.499651 1.919863 2.202866
-1.503646 1.913969 2.205620
-1.511472 1.918720 2.211184
-1.508106 1.923772 2.207894
-1.511598 1.913756 2.216933
-1.508182 1.912403 2.221136
-1.503630 1.912706 2.223918
-1.502507 1.926813 2.208532
-1.498847 1.927654 2.211231
-1.496443 1.925951 2.215526
-1.509690 1.931953 2.212360
-1.517674 1.930745 2.214579
-1.523586 1.925858 2.229926
-1.526681 1.926610 2.226776
-1.523435 1.924276 2.224886
-1.520475 1.922579 2.227770
-1.521050 1.923679 2.222982
-1.518063 1.920495 2.223601
-1.525158 1.928033 2.220452
-1.521749 1.926732 2.219423
-1.523811 1.933028 2.217515
-1.521657 1.930362 2.216943
-1.529026 1.930037 2.222348
-1.528817 1.929282 2.227957
-1.530378 1.932650 2.225118
-1.526591 1.929901 2.230085
-1.519321 1.924905 2.217238
-1.512389 1.916925 2.226568
-1.516409 1.921569 2.230537
-1.519859 1.926516 2.232367
-1.522765 1.931511 2.231743
-1.511291 1.923189 2.232028
-1.515534 1.928836 2.233034
-1.518543 1.933119 2.231597
-1.507243 1.927048 2.230478
-1.512356 1.931821 2.231553
-1.506327 1.916674 2.228177
-1.501271 1.919947 2.226926
-1.515558 1.934161 2.231151
-1.523957 1.936323 2.228502
-1.528493 1.935088 2.227592
-1.520128 1.935541 2.216803
-1.526846 1.934858 2.219377
-1.523358 1.937910 2.219427
-1.515182 1.937011 2.216687
-1.519336 1.939614 2.220531
-1.529225 1.935641 2.221939
-1.526675 1.938119 2.222924
-1.498787 1.916552 2.223815
-1.496329 1.921861 2.220376
-1.498996 1.925179 2.222871
-1.505821 1.931579 2.226277
-1.499952 1.930443 2.218152
-1.504033 1.932632 2.213717
-1.510646 1.937453 2.218390
-1.506898 1.935633 2.221691
-1.515562 1.939481 2.222460
-1.512799 1.937835 2.224715
-1.511936 1.935075 2.228108
-1.518615 1.938987 2.225706
-1.522473 1.939273 2.224497
-1.519551 1.936658 2.228858
-1.516143 1.936350 2.228735
-1.516063 1.938001 2.226412
-1.433171 1.936580 2.256469
-1.438045 1.937114 2.253353
-1.435675 1.932357 2.251855
-1.433976 1.925519 2.251173
-1.426925 1.920043 2.251997
-1.438053 1.925900 2.246294
-1.439928 1.933089 2.247390
-1.443143 1.940326 2.248939
-1.439122 1.920614 2.240368
-1.446512 1.830669 1.795397
-1.443977 1.829629 1.792795
-1.440404 1.824066 1.792175
-1.442006 1.826090 1.795579
-1.443913 1.826742 1.798682
-1.446520 1.827043 1.801962
-1.455609 1.830273 1.799792
-1.450332 1.830650 1.797960
-1.458640 1.821401 1.805428
-1.458395 1.822078 1.804247
-1.458169 1.821052 1.805503
-1.454673 1.824840 1.804183
-1.456679 1.821264 1.804239
-1.439744 1.826652 1.788742
-1.438845 1.825242 1.788086
-1.441766 1.827919 1.790380
-1.450790 1.826416 1.804227
-1.438653 1.824531 1.788463
-1.439436 1.824340 1.789936
-1.458766 1.827144 1.801102
-1.444660 1.828636 1.797378
-1.447659 1.829533 1.800758
-1.453960 1.829969 1.801352
-1.449457 1.831346 1.798944
-1.455381 1.826353 1.803391
-1.457245 1.824788 1.803326
-1.442708 1.827657 1.794607
-1.452202 1.828526 1.803121
-1.445991 1.830437 1.795804
-1.456818 1.823356 1.803093
-1.456159 1.825308 1.801939
-1.439554 1.825096 1.789016
-1.439567 1.824962 1.789099
-1.400022 1.569115 1.854982
-1.393914 1.555150 1.865686
-1.443737 1.829179 1.793262
-1.440178 1.824718 1.789995
-1.441786 1.826628 1.792220
-1.442462 1.827652 1.791353
-1.440564 1.825561 1.789434
-1.309906 1.706902 1.957063
-1.308300 1.694575 1.965686
-1.281389 1.733150 1.940498
-1.264208 1.729628 1.938467
-1.263140 1.352281 1.939342
-1.205269 1.375165 1.781716
-1.205655 1.401556 1.776140
-1.260126 1.372436 1.741560
-1.243975 1.373535 1.747010
-1.198050 1.402720 1.874767
-1.194756 1.381575 1.877968
-1.237676 1.391437 1.912921
-1.233935 1.372100 1.916495
-1.201578 1.360935 1.899141
-1.224303 1.324200 1.772287
-1.228484 1.347245 1.764125
-1.216378 1.349444 1.775700
-1.211549 1.326433 1.782106
-1.275172 1.344639 1.750965
-1.276499 1.372177 1.741014
-1.193930 1.426858 1.854683
-1.189593 1.426930 1.833481
-1.196942 1.426765 1.793406
-1.206605 1.428129 1.776382
-1.232887 1.430933 1.748703
-1.218669 1.429916 1.761735
-1.257891 1.407816 1.919372
-1.281340 1.420960 1.920274
-1.203315 1.425168 1.873877
-1.308956 1.394889 1.929051
-1.268661 1.452873 1.722169
-1.249895 1.459256 1.732667
-1.190640 1.426831 1.812915
-1.371968 1.530728 1.898319
-1.366499 1.517240 1.908430
-1.356462 1.528214 1.911406
-1.361115 1.541313 1.901075
-1.345654 1.537703 1.914177
-1.334653 1.546034 1.915379
-1.324305 1.552966 1.915225
-1.300043 1.564688 1.908157
-1.307007 1.561958 1.911275
-1.285610 1.566619 1.899956
-1.293746 1.566648 1.904341
-1.272900 1.561958 1.894033
-1.258491 1.554339 1.886930
-1.243698 1.546516 1.878257
-1.250984 1.561718 1.872159
-1.252223 1.538890 1.894768
-1.266494 1.547984 1.901729
-1.278606 1.552645 1.907928
-1.359238 1.474872 1.920784
-1.346358 1.455611 1.921402
-1.406691 1.582012 1.845093
-1.288420 1.782041 2.148352
-1.394484 1.857378 2.158372
-1.353131 1.616401 1.722574
-1.370112 1.604243 1.717382
-1.379751 1.585458 1.711736
-1.385067 1.593933 1.712606
-1.315535 1.672911 1.764642
-1.312800 1.656283 1.748272
-1.319977 1.640727 1.736045
-1.331339 1.623414 1.727208
-1.225270 1.440805 1.888665
-1.332929 1.591895 1.719480
-1.322219 1.616577 1.725642
-1.309149 1.633062 1.732574
-1.300542 1.652184 1.748245
-1.300309 1.673331 1.768886
-1.295269 1.680707 1.781399
-1.277274 1.679900 1.794701
-1.276450 1.686657 1.805679
-1.289192 1.697194 1.810947
-1.288683 1.703330 1.818871
-1.275513 1.692605 1.814196
-1.260793 1.720339 1.903745
-1.255039 1.718803 1.921238
-1.246354 1.712684 1.934047
-1.239479 1.703344 1.943535
-1.236661 1.696640 1.947659
-1.235354 1.688033 1.947781
-1.235185 1.676615 1.941145
-1.242369 1.645218 1.905551
-1.244178 1.633291 1.885310
-1.231408 1.595160 1.822451
-1.229229 1.585934 1.809323
-1.218578 1.530159 1.778329
-1.219823 1.549228 1.787089
-1.216573 1.507464 1.771028
-1.190038 1.217346 1.802915
-1.200531 1.237105 1.799666
-1.185837 1.246076 1.807154
-1.174646 1.227223 1.810479
-1.263493 1.268737 1.780350
-1.244970 1.270928 1.782278
-1.154188 1.286177 1.873787
-1.155243 1.276864 1.852174
-1.161940 1.266645 1.833328
-1.172633 1.256580 1.818124
-1.157969 1.292617 1.894815
-1.232131 1.289520 1.969029
-1.214365 1.291798 1.957856
-1.286041 1.282603 1.987122
-1.268089 1.285008 1.984471
-1.166829 1.295258 1.914466
-1.250144 1.287453 1.978252
-1.196908 1.294011 1.945465
-1.180321 1.295133 1.931301
-1.207137 1.256965 1.795995
-1.222494 1.251910 1.791118
-1.228576 1.274010 1.785609
-1.295331 1.518626 1.709104
-1.280181 1.531473 1.717562
-1.267127 1.545989 1.727692
-1.262771 1.575547 1.737075
-1.252386 1.591586 1.750311
-1.247266 1.578185 1.752240
-1.256349 1.562058 1.739113
-1.243435 1.616332 1.787922
-1.241752 1.623511 1.802358
-1.238766 1.615709 1.804543
-1.240058 1.606452 1.787528
-1.237112 1.622971 1.818852
-1.236094 1.630766 1.834643
-1.237460 1.638849 1.852555
-1.238566 1.649681 1.869727
-1.241669 1.666129 1.854760
-1.242278 1.657857 1.840529
-1.247456 1.625304 1.786504
-1.250315 1.616392 1.768431
-1.309835 1.544132 1.714682
-1.324625 1.529567 1.711594
-1.232781 1.546295 1.866982
-1.222739 1.547576 1.853750
-1.216577 1.549640 1.840397
-1.214913 1.552060 1.827223
-1.214895 1.556009 1.815084
-1.217951 1.560056 1.803109
-1.223274 1.564599 1.792694
-1.226318 1.575851 1.799525
-1.228634 1.569445 1.784327
-1.230981 1.581665 1.794397
-1.233531 1.575863 1.776738
-1.237888 1.583983 1.770941
-1.241985 1.594067 1.768231
-1.245879 1.605327 1.768286
-1.266223 1.590288 1.737272
-1.256104 1.604552 1.751176
-1.284504 1.589805 1.727840
-1.288327 1.603603 1.729376
-1.275726 1.559609 1.724954
-1.279818 1.574682 1.726291
-1.353560 1.661612 1.747585
-1.361731 1.647877 1.735593
-1.236830 1.680012 1.923318
-1.236096 1.683776 1.933436
-1.235525 1.676084 1.930163
-1.236132 1.675944 1.923271
-1.237737 1.690609 1.932602
-1.240232 1.691999 1.916317
-1.240674 1.697725 1.929508
-1.238154 1.684739 1.922950
-1.245505 1.705265 1.921153
-1.244092 1.698748 1.910249
-1.250949 1.711059 1.910720
-1.248160 1.704384 1.902055
-1.251238 1.707930 1.895118
-1.254689 1.713006 1.898869
-1.250154 1.692780 1.857878
-1.250499 1.699634 1.871575
-1.250767 1.704670 1.884756
-1.238101 1.660176 1.885393
-1.237807 1.670581 1.898734
-1.238044 1.678721 1.910538
-1.239857 1.685312 1.904621
-1.239395 1.676851 1.892372
-1.238949 1.666740 1.877832
-1.301677 1.529967 1.710791
-1.288819 1.545352 1.715907
-1.240309 1.631526 1.816313
-1.239736 1.638706 1.828863
-1.240106 1.646878 1.843062
-1.239578 1.656932 1.861064
-1.243678 1.648644 1.825480
-1.245039 1.641171 1.812794
-1.246413 1.633315 1.800394
-1.295649 1.558538 1.718205
-1.316389 1.515669 1.707077
-1.334762 1.672176 1.875530
-1.334173 1.693153 1.860564
-1.321798 1.707091 1.844710
-1.304399 1.710224 1.830302
-1.412045 1.618126 1.717596
-1.271423 1.717832 2.096622
-1.310158 1.460739 1.706760
-1.318205 1.478998 1.701536
-1.294550 1.396541 1.733053
-1.295635 1.415545 1.719723
-1.251165 1.295863 1.771490
-1.268307 1.294345 1.770375
-1.272653 1.318974 1.759786
-1.280669 1.242172 1.782386
-1.283341 1.266175 1.782020
-1.288784 1.319860 1.761947
-1.291328 1.345189 1.753653
-1.286066 1.445969 1.716460
-1.310853 1.504957 1.701931
-1.332944 1.504750 1.702674
-1.339976 1.515997 1.706136
-1.348044 1.531214 1.705884
-1.304863 1.530428 1.931802
-1.310058 1.544307 1.923292
-1.319692 1.539239 1.924857
-1.314388 1.525618 1.933379
-1.288573 1.537432 1.924669
-1.293887 1.550860 1.916759
-1.301424 1.548143 1.920357
-1.295860 1.534244 1.928732
-1.286647 1.552647 1.912531
-1.281127 1.538783 1.920112
-1.298679 1.515347 1.938090
-1.290086 1.519171 1.934800
-1.307834 1.510910 1.939733
-1.276207 1.524577 1.925819
-1.282895 1.522339 1.930658
-1.417162 1.729206 1.856027
-1.413781 1.743789 1.866752
-1.432269 1.781235 1.861369
-1.434889 1.782547 1.857896
-1.432067 1.683690 1.831498
-1.430694 1.669309 1.828499
-1.426226 1.765513 1.869131
-1.419949 1.754531 1.873650
-1.447026 1.802585 1.853881
-1.445846 1.798607 1.854392
-1.439963 1.790246 1.859798
-1.438141 1.785918 1.860035
-1.429464 1.654406 1.825391
-1.425716 1.712851 1.846835
-1.428233 1.625752 1.819087
-1.426880 1.615093 1.817429
-1.416008 1.611864 1.820318
-1.412977 1.602697 1.827380
-1.368878 1.492390 1.915256
-1.382530 1.528078 1.884461
-1.381417 1.520151 1.896936
-1.387479 1.540778 1.874876
-1.409431 1.594204 1.837557
-1.428482 1.638924 1.821936
-1.431818 1.776741 1.863953
-1.429631 1.771078 1.864938
-1.443999 1.795029 1.855534
-1.441869 1.792068 1.857747
-1.410627 1.560649 1.852743
-1.404899 1.546014 1.863239
-1.375943 1.506932 1.906597
-1.369266 1.466733 1.916795
-1.358056 1.445798 1.917434
-1.416147 1.574387 1.842917
-1.347480 1.429282 1.912239
-1.110034 1.113205 1.923043
-1.119355 1.087490 1.920630
-1.129923 1.085596 1.898865
-1.121260 1.105010 1.901958
-1.124009 1.146700 1.886796
-1.126183 1.170041 1.877064
-1.128241 1.193689 1.865880
-1.146339 1.069048 1.893518
-1.173575 1.067118 1.867277
-1.170227 1.057034 1.886470
-1.138459 1.177003 1.849769
-1.135310 1.153952 1.861537
-1.128118 1.102008 1.891974
-1.129580 1.113785 1.884086
-1.120596 1.126739 1.898330
-1.151250 1.077066 1.877209
-1.136332 1.090470 1.886423
-1.224652 1.204936 1.796064
-1.216750 1.183890 1.800162
-1.242392 1.179482 1.796686
-1.161210 1.240086 1.822688
-1.164254 1.207673 1.816631
-1.261883 1.053094 1.881321
-1.140704 1.101850 1.873556
-1.176156 1.081717 1.850274
-1.155805 1.090915 1.861889
-1.184084 1.144604 1.816139
-1.165577 1.152936 1.825451
-1.161029 1.130683 1.835780
-1.180252 1.123182 1.824480
-1.150886 1.163435 1.836424
-1.156712 1.186236 1.825448
-1.189494 1.167620 1.809503
-1.171775 1.176036 1.816322
-1.179843 1.197500 1.808649
-1.146782 1.140179 1.848391
-1.178914 1.099992 1.835411
-1.203121 1.094007 1.827883
-1.231543 1.091822 1.827147
-1.261978 1.088379 1.830281
-1.264483 1.107229 1.817348
-1.197124 1.189383 1.803719
-1.215033 1.231701 1.795730
-1.206616 1.210683 1.798908
-1.234575 1.296897 1.776220
-1.082040 1.048856 2.173401
-1.257216 1.074547 1.991561
-1.253859 1.086067 2.010791
-1.118427 1.209675 1.978908
-1.101419 1.155268 1.942634
-1.110471 1.139225 1.917657
-1.242330 1.111626 2.035280
-1.231162 1.132967 2.042967
-1.134708 1.214971 2.008796
-1.173593 1.191415 2.041254
-1.249635 1.095975 2.024396
-1.132956 1.131996 1.872867
-1.143716 1.118311 1.861378
-1.158480 1.108676 1.847291
-1.202327 1.075186 1.842848
-1.231025 1.073813 1.840766
-1.260924 1.073604 1.844703
-1.266741 1.176249 2.022552
-1.280869 1.182334 2.019566
-1.273743 1.184710 2.020467
-1.292101 1.193725 2.013271
-1.289281 1.181280 2.018723
-1.276915 1.169326 2.021959
-1.287772 1.168078 2.019687
-1.285021 1.153311 2.020318
-1.231566 1.273830 1.977110
-1.212576 1.276633 1.965656
-1.285659 1.266247 1.993754
-1.268787 1.268772 1.991082
-1.160238 1.282141 1.922413
-1.250809 1.271497 1.985420
-1.193403 1.280127 1.953514
-1.174667 1.282104 1.939440
-1.269380 1.152531 1.798444
-1.272597 1.175751 1.793443
-1.301292 1.263686 1.993387
-1.418622 1.741813 1.870761
-1.422189 1.727348 1.859580
-1.515696 1.866403 1.775656
-1.443338 1.652597 1.733529
-1.481393 1.840464 1.817033
-1.436402 1.782187 1.858987
-1.446985 1.805916 1.855128
-1.423284 1.603921 1.818183
-1.419889 1.594304 1.824914
-1.272224 1.080668 1.985181
-1.417905 1.586224 1.835309
-1.271146 1.074341 1.979353
-1.292536 1.373252 1.742944
-1.028235 0.661502 1.998084
-1.032519 0.668592 1.986514
-1.023801 0.644862 1.976763
-1.020910 0.637722 1.988122
-1.021181 0.687322 1.965318
-1.030369 0.679490 1.971504
-1.008585 0.691443 1.962734
-0.995201 0.691666 1.965732
-0.994667 0.665596 1.954039
-1.005965 0.666606 1.950374
-0.986694 0.689227 1.972488
-0.978484 0.659827 1.968181
-0.980131 0.685177 1.980822
-0.974754 0.676322 1.995932
-0.974674 0.652015 1.983413
-0.976836 0.664231 2.010358
-0.975282 0.641336 1.998141
-0.986688 0.654430 2.019523
-1.019479 0.655035 2.008505
-1.013454 0.630760 2.001251
-1.017979 0.662488 1.953598
-1.024259 0.655080 1.959609
-1.024229 0.649806 1.968491
-1.033509 0.673105 1.979427
-1.019582 0.619916 1.966780
-1.023020 0.611877 1.982720
-1.016497 0.638368 1.939379
-1.018248 0.630943 1.948796
-0.994360 0.640507 1.941991
-1.005839 0.643111 1.935456
-0.972270 0.636783 1.954729
-0.983001 0.638748 1.948255
-0.985695 0.663219 1.960479
-0.969507 0.629680 1.970012
-0.970115 0.618038 1.988554
-1.011155 0.606496 1.996631
-1.017679 0.625964 1.956379
-0.910898 0.489184 2.072436
-0.912971 0.492645 2.073887
-0.916681 0.491169 2.075777
-0.916321 0.486210 2.074888
-0.939273 0.477220 2.090762
-0.941858 0.483832 2.095983
-0.949743 0.480925 2.095576
-0.949955 0.473051 2.090777
-0.925452 0.480447 2.086084
-0.925238 0.478662 2.081334
-0.921003 0.479983 2.079742
-0.918794 0.482896 2.083532
-0.902932 0.506215 2.043646
-0.902974 0.503082 2.039850
-0.899643 0.505027 2.037594
-0.898838 0.507833 2.039779
-0.908248 0.494303 2.061053
-0.908276 0.491583 2.056854
-0.905436 0.493588 2.054879
-0.903483 0.496487 2.057182
-0.948216 0.495167 2.076767
-0.961926 0.493747 2.078640
-0.954696 0.485461 2.088390
-0.943503 0.490036 2.088399
-0.960727 0.477484 2.083821
-0.967722 0.484563 2.072083
-0.960636 0.479292 2.066381
-0.954297 0.475288 2.078103
-0.947296 0.481564 2.065975
-0.942257 0.477228 2.076579
-0.940706 0.489260 2.070714
-0.934198 0.485227 2.082405
-0.925061 0.493263 2.067663
-0.930501 0.498000 2.072526
-0.923705 0.491476 2.081052
-0.917818 0.488548 2.076344
-0.939146 0.494417 2.076315
-0.930318 0.488749 2.083833
-0.940949 0.485787 2.072618
-0.937028 0.483613 2.066599
-0.930107 0.479527 2.076424
-0.934402 0.481435 2.082894
-0.929342 0.486847 2.064358
-0.922428 0.482367 2.073256
-0.918263 0.503902 2.062320
-0.926307 0.499679 2.066030
-0.920370 0.493595 2.071717
-0.913998 0.496585 2.069160
-0.923223 0.486214 2.070469
-0.927857 0.490919 2.063522
-0.923453 0.489330 2.058410
-0.918832 0.485056 2.066368
-0.915963 0.492869 2.055542
-0.912481 0.487481 2.063957
-0.913101 0.499488 2.058431
-0.909304 0.493208 2.066031
-0.905193 0.507090 2.043864
-0.909073 0.511695 2.048202
-0.905673 0.504423 2.054573
-0.903033 0.500269 2.050769
-0.914618 0.508132 2.052646
-0.910541 0.502705 2.057919
-0.914167 0.497179 2.058113
-0.915837 0.501582 2.052668
-0.913482 0.497223 2.046357
-0.911664 0.492721 2.052817
-0.907572 0.500331 2.041560
-0.905337 0.495365 2.049271
-0.903060 0.520365 2.031354
-0.900058 0.515719 2.037665
-0.898377 0.511617 2.033850
-0.901827 0.515821 2.026203
-0.907414 0.517626 2.036855
-0.905387 0.513274 2.041446
-0.907837 0.508153 2.040595
-0.907862 0.511918 2.036196
-0.907689 0.506586 2.030854
-0.906206 0.503531 2.035995
-0.903867 0.509983 2.026200
-0.900473 0.506165 2.032180
-0.950492 0.500944 2.065217
-0.967667 0.501376 2.068625
-0.948871 0.473308 2.085386
-0.972622 0.490947 2.060791
-0.942264 0.474629 2.084607
-0.948752 0.486902 2.055278
-0.965011 0.485596 2.054906
-0.944671 0.490730 2.066139
-0.921339 0.486864 2.085550
-0.932301 0.491832 2.049825
-0.930609 0.494747 2.060269
-0.925366 0.485457 2.086994
-0.935476 0.505641 2.059541
-0.922866 0.511861 2.048158
-0.914950 0.484627 2.070749
-0.911571 0.486249 2.069643
-0.918875 0.498349 2.040408
-0.916334 0.503293 2.051192
-0.904583 0.500254 2.058594
-0.910540 0.505791 2.028341
-0.907856 0.511740 2.036313
-0.907858 0.499148 2.060738
-0.912841 0.520166 2.035574
-0.901337 0.510243 2.041108
-0.906821 0.512141 2.017112
-0.904363 0.520270 2.016598
-0.903450 0.509722 2.043859
-0.906371 0.525894 2.023898
-1.003272 0.627277 2.009890
-1.009678 0.650533 2.016999
-0.997903 0.650130 2.020540
-0.991727 0.627358 2.011938
-0.982953 0.631810 2.008485
-0.998216 0.603774 2.006974
-0.985298 0.605080 2.007334
-0.977045 0.608499 2.000551
-0.964303 0.613061 1.955757
-0.968985 0.620407 1.941655
-0.982464 0.622266 1.935706
-0.993784 0.625086 1.927792
-1.006069 0.627083 1.921652
-1.006854 0.587398 1.993355
-0.994344 0.584053 2.008188
-0.980204 0.585628 2.011379
-0.969081 0.589881 2.000512
-0.977544 0.510995 2.058693
-0.961168 0.515830 2.055951
-0.970250 0.530504 2.046517
-0.982577 0.520818 2.043624
-0.945760 0.518861 2.048407
-0.955143 0.534597 2.039773
-0.933228 0.523176 2.037830
-0.942702 0.536621 2.027987
-0.921903 0.528757 2.025904
-0.931260 0.539202 2.015476
-0.911959 0.532241 2.014565
-0.921167 0.539703 2.002574
-0.906500 0.526627 2.005789
-0.914825 0.534046 1.992685
-0.981805 0.498069 2.049868
-0.986520 0.508915 2.034421
-0.972225 0.490564 2.039744
-0.977047 0.499739 2.023705
-0.956809 0.493330 2.034056
-0.963441 0.501951 2.017335
-0.917146 0.522871 1.988841
-0.910168 0.515513 2.003349
-0.942153 0.499322 2.026957
-0.949626 0.508321 2.010789
-0.929066 0.504061 2.017655
-0.936758 0.512438 2.001453
-0.918744 0.509367 2.009352
-0.925974 0.516684 1.993295
-0.980112 0.545226 2.033553
-0.964663 0.552687 2.030365
-0.952436 0.554015 2.017426
-0.941629 0.553966 2.003093
-0.932645 0.550686 1.987974
-0.925490 0.544540 1.977291
-0.950262 0.574509 1.986059
-0.944291 0.562161 1.968987
-0.938352 0.553191 1.960313
-0.950989 0.562245 1.942649
-0.954346 0.573269 1.949406
-0.973507 0.588532 1.916723
-0.964489 0.582456 1.931459
-0.960772 0.571516 1.924487
-0.969906 0.577039 1.908451
-0.957317 0.587103 1.962288
-0.966515 0.596598 1.943845
-0.975042 0.603494 1.930700
-0.989581 0.583518 1.892211
-0.991351 0.597192 1.899317
-0.981800 0.592629 1.907194
-0.978418 0.580807 1.898531
-1.006161 0.581677 1.890460
-1.008646 0.596781 1.895883
-1.019320 0.588473 1.905746
-1.018079 0.574892 1.899884
-0.993174 0.611595 1.913617
-0.983901 0.607204 1.921281
-1.006995 0.612716 1.909218
-1.016686 0.605756 1.917208
-1.017791 0.579133 1.921955
-1.015499 0.596738 1.931843
-1.019994 0.566270 1.915894
-0.987761 0.532217 2.024447
-0.988902 0.522999 2.014313
-0.960359 0.572781 2.007764
-0.973209 0.570041 2.019839
-0.990616 0.563345 2.015505
-0.996950 0.545435 2.005391
-0.993523 0.535736 1.993014
-1.004962 0.554250 1.981807
-0.999873 0.545243 1.972956
-0.981699 0.516554 2.005801
-0.986223 0.532504 1.986114
-0.993201 0.541620 1.966185
-1.010869 0.561770 1.962883
-1.007446 0.551633 1.954738
-1.012699 0.569030 1.946689
-1.012502 0.557008 1.940348
-1.016927 0.561246 1.928646
-1.014588 0.573993 1.934604
-1.013309 0.585450 1.953685
-1.013924 0.591180 1.943195
-1.011241 0.577782 1.969110
-1.005318 0.569905 1.989801
-0.927257 0.533595 1.972655
-0.938517 0.544150 1.956248
-0.951659 0.553825 1.939710
-0.962573 0.560810 1.921381
-0.972760 0.565520 1.906503
-0.981187 0.568454 1.898270
-0.990746 0.570855 1.892704
-1.003429 0.570318 1.892693
-1.012467 0.565928 1.899385
-1.014118 0.558058 1.911531
-1.011616 0.552498 1.922361
-1.001530 0.545917 1.948018
-1.007689 0.548978 1.933634
-1.018779 0.593142 1.975084
-1.018888 0.601240 1.960609
-1.016818 0.607299 1.950454
-1.015410 0.621461 1.928179
-1.015885 0.612800 1.940928
-0.970281 0.516658 1.999052
-0.956972 0.521133 1.991744
-0.944865 0.524175 1.982794
-0.934695 0.527640 1.975815
-0.944912 0.538724 1.958081
-0.954077 0.535643 1.963230
-0.965681 0.532725 1.970769
-0.977206 0.531609 1.979342
-0.956817 0.547853 1.941010
-0.964626 0.544235 1.945097
-0.975821 0.540975 1.950953
-0.985174 0.539891 1.959094
-0.994293 0.543794 1.940702
-0.986422 0.545738 1.933413
-0.975722 0.549929 1.928104
-0.969006 0.554222 1.923756
-0.978850 0.559040 1.910566
-0.985233 0.554731 1.915604
-0.994560 0.550848 1.920760
-1.000936 0.548187 1.927146
-0.985743 0.561855 1.903648
-1.000751 0.564363 1.897737
-0.992693 0.564024 1.898960
-1.006955 0.561593 1.901349
-1.007232 0.556443 1.909683
-1.004781 0.552006 1.918121
-1.001409 0.557382 1.908151
-0.998518 0.554260 1.913753
-0.990946 0.557815 1.909070
-0.995367 0.560307 1.904401
-1.002832 0.560261 1.903567
-0.999576 0.561774 1.901750
-0.964098 0.598057 1.979597
-1.422231 1.627067 1.721409
-1.374825 1.576775 1.710600
-1.060117 0.861263 2.195266
-1.045357 0.861204 2.197769
-1.030442 0.869213 2.199167
-1.157448 1.213349 2.021491
-1.247303 1.355155 1.929673
-1.253186 1.389165 1.921614
-1.250092 1.371286 1.925371
-1.147095 1.199208 2.035453
-1.216133 1.420239 1.888651
-1.261995 1.061484 1.861697
-1.355974 1.544454 1.706674
-1.315852 1.558444 1.913531
-1.266351 1.130027 1.806162
-1.424629 1.777947 1.728236
-1.425735 1.775435 1.730147
-1.424700 1.771731 1.730884
-1.426091 1.767314 1.729503
-1.425003 1.765068 1.728273
-1.423468 1.762648 1.725958
-1.425199 1.771490 1.726891
-1.426071 1.770287 1.727193
-1.426237 1.772610 1.728041
-1.425451 1.773069 1.727584
-1.397719 1.530730 1.871611
-1.393012 1.519375 1.881958
-1.391730 1.512182 1.895791
-1.385669 1.499132 1.905065
-1.433863 1.780679 1.862632
-1.307387 1.307954 1.960889
-1.307673 1.313991 1.951667
-1.286207 1.294171 1.772405
-1.304403 1.292782 1.979132
-1.309792 1.324986 1.947810
-1.302201 1.439109 1.712364
-1.377998 1.484026 1.912836
-1.302905 1.279963 1.987136
-1.325644 1.495059 1.697407
-1.313431 1.341149 1.943206
-1.294579 1.209416 2.009348
-1.326838 1.388798 1.925503
-1.537443 1.831443 1.809060
-1.542309 1.816015 1.811955
-1.530353 1.818542 1.821197
-1.522872 1.830768 1.819132
-1.520552 1.818764 1.828562
-1.513079 1.827338 1.826821
-1.542766 1.801181 1.813879
-1.532993 1.806143 1.821703
-1.520365 1.777295 1.837923
-1.523650 1.783782 1.832285
-1.528073 1.775170 1.830417
-1.522487 1.767015 1.836491
-1.506076 1.759297 1.849679
-1.503785 1.745852 1.847746
-1.493789 1.748514 1.855868
-1.495656 1.761342 1.856322
-1.473872 1.794132 1.849393
-1.480109 1.796314 1.846895
-1.482131 1.790483 1.852439
-1.475029 1.787734 1.854674
-1.471286 1.807057 1.843130
-1.468654 1.814527 1.843226
-1.472752 1.814723 1.837668
-1.475418 1.807528 1.838852
-1.466697 1.792573 1.850828
-1.468225 1.785733 1.855633
-1.468446 1.799515 1.848432
-1.473236 1.800264 1.845463
-1.461660 1.804222 1.856872
-1.458947 1.808796 1.858659
-1.462475 1.812320 1.855747
-1.464714 1.805765 1.853388
-1.464470 1.796554 1.852225
-1.460697 1.796826 1.853983
-1.462308 1.799906 1.855101
-1.465547 1.800227 1.852367
-1.467265 1.806492 1.847756
-1.465232 1.813665 1.849181
-1.461538 1.820026 1.850505
-1.457904 1.818201 1.857749
-1.477201 1.772553 1.861964
-1.470887 1.772858 1.862950
-1.469787 1.779529 1.860018
-1.476450 1.780497 1.858949
-1.460151 1.792112 1.853889
-1.454802 1.780029 1.864121
-1.450349 1.784661 1.863231
-1.452235 1.787558 1.861017
-1.456915 1.782453 1.861774
-1.475270 1.756692 1.864954
-1.471299 1.749053 1.866734
-1.465384 1.755767 1.867513
-1.468550 1.760421 1.866165
-1.460293 1.751036 1.869186
-1.465938 1.742729 1.867803
-1.450536 1.734924 1.871358
-1.447894 1.747688 1.874261
-1.454741 1.748276 1.871717
-1.458661 1.737811 1.869361
-1.440181 1.759890 1.872622
-1.439820 1.748647 1.876698
-1.432183 1.750313 1.877189
-1.434375 1.762069 1.872101
-1.451110 1.772890 1.861820
-1.453082 1.776902 1.864633
-1.455983 1.773322 1.863831
-1.455089 1.770970 1.862334
-1.457937 1.768421 1.862326
-1.458396 1.769208 1.862725
-1.459812 1.769276 1.863232
-1.458959 1.767742 1.863384
-1.456883 1.769646 1.862169
-1.457078 1.768815 1.861536
-1.454846 1.770424 1.862573
-1.451343 1.772788 1.864548
-1.438100 1.779398 1.864437
-1.439822 1.780973 1.860115
-1.442698 1.779061 1.860706
-1.441842 1.777975 1.865531
-1.459261 1.772074 1.863555
-1.457800 1.775466 1.863737
-1.459884 1.777276 1.862487
-1.462097 1.772600 1.863573
-1.465838 1.773371 1.863431
-1.465962 1.768424 1.864675
-1.462409 1.769160 1.863932
-1.457578 1.767216 1.864201
-1.461142 1.766004 1.864712
-1.459303 1.764508 1.865627
-1.456315 1.763729 1.866658
-1.454985 1.767833 1.865211
-1.451177 1.769336 1.866616
-1.451522 1.764013 1.867794
-1.446362 1.765857 1.868999
-1.446221 1.771350 1.867658
-1.464567 1.779191 1.860870
-1.464074 1.763375 1.865986
-1.470479 1.766869 1.864709
-1.461569 1.760478 1.866941
-1.457645 1.758298 1.868136
-1.446874 1.758093 1.871185
-1.452795 1.757404 1.869795
-1.441402 1.736163 1.874155
-1.432377 1.738251 1.875494
-1.513613 1.816078 1.830715
-1.507822 1.820943 1.828320
-1.511109 1.808815 1.831988
-1.508600 1.812438 1.831291
-1.509390 1.813548 1.830146
-1.513222 1.809267 1.831624
-1.519941 1.790206 1.832224
-1.517812 1.785698 1.836130
-1.514997 1.792482 1.833583
-1.516465 1.795480 1.831962
-1.504255 1.794967 1.839984
-1.506045 1.801063 1.836552
-1.509272 1.799103 1.835143
-1.508814 1.792497 1.838880
-1.502452 1.803408 1.836077
-1.499770 1.797972 1.839628
-1.496017 1.801019 1.837639
-1.499059 1.805701 1.834943
-1.505563 1.816265 1.828179
-1.504240 1.815086 1.829060
-1.499481 1.815930 1.826361
-1.499720 1.817822 1.825043
-1.487897 1.812634 1.823315
-1.485351 1.813492 1.823081
-1.487389 1.815669 1.821436
-1.489882 1.813495 1.822557
-1.489016 1.811659 1.825240
-1.485765 1.810916 1.825800
-1.543837 1.846002 1.789531
-1.551953 1.828996 1.795077
-1.528043 1.845701 1.805602
-1.554618 1.811461 1.800681
-1.552529 1.794857 1.805167
-1.490795 1.736497 1.855153
-1.480267 1.742265 1.862273
-1.483382 1.752874 1.861749
-1.484910 1.726258 1.854991
-1.473616 1.732996 1.862976
-1.455392 1.719469 1.859479
-1.465099 1.724453 1.861858
-1.495500 1.721140 1.841970
-1.489091 1.711489 1.835638
-1.476223 1.714628 1.849563
-1.501704 1.711968 1.822272
-1.499939 1.704374 1.813091
-1.482880 1.698621 1.823317
-1.461854 1.663112 1.820498
-1.473274 1.660239 1.814268
-1.470859 1.642796 1.809725
-1.460915 1.645149 1.816634
-1.500723 1.732300 1.844888
-1.536707 1.775795 1.819787
-1.531457 1.765026 1.825630
-1.531187 1.784588 1.825142
-1.575788 1.793127 1.773051
-1.571321 1.779474 1.783055
-1.562557 1.787630 1.795163
-1.566133 1.803492 1.787162
-1.571656 1.828321 1.746306
-1.576325 1.811545 1.759256
-1.565613 1.822692 1.778524
-1.559711 1.839849 1.768717
-1.576409 1.768531 1.772207
-1.582542 1.779207 1.758845
-1.584894 1.761784 1.746232
-1.578562 1.755458 1.761532
-1.585040 1.793437 1.740457
-1.587865 1.771304 1.725114
-1.505420 1.698764 1.804885
-1.493331 1.687915 1.810142
-1.486826 1.673062 1.809486
-1.476843 1.678786 1.818196
-1.584775 1.779780 1.702836
-1.581618 1.808213 1.722847
-1.559960 1.712970 1.738376
-1.559279 1.716317 1.755421
-1.568720 1.729555 1.755642
-1.571792 1.726954 1.735952
-1.558350 1.709263 1.719928
-1.571760 1.725593 1.714154
-1.519780 1.689145 1.758335
-1.515456 1.684226 1.746048
-1.500758 1.682333 1.751976
-1.505570 1.685791 1.763791
-1.525101 1.809322 1.828975
-1.526480 1.800173 1.828728
-1.519830 1.803311 1.831342
-1.517820 1.809810 1.831721
-1.540127 1.788074 1.816026
-1.532867 1.794727 1.822513
-1.555844 1.774312 1.800524
-1.564597 1.767630 1.790476
-1.571826 1.749423 1.771205
-1.569738 1.760283 1.780365
-1.555947 1.719405 1.767213
-1.562046 1.728075 1.767763
-1.511931 1.696147 1.790463
-1.508646 1.690337 1.775633
-1.497280 1.680403 1.782106
-1.498550 1.683622 1.796469
-1.490140 1.677073 1.756897
-1.493479 1.678228 1.769138
-1.484614 1.654483 1.792045
-1.482720 1.653324 1.778885
-1.479444 1.640154 1.774301
-1.479235 1.639771 1.786547
-1.476028 1.639862 1.760231
-1.479609 1.653819 1.766308
-1.474318 1.653536 1.754163
-1.469009 1.641336 1.747429
-1.441090 1.650434 1.824960
-1.450163 1.648214 1.821267
-1.449283 1.633111 1.818235
-1.439474 1.636593 1.821376
-1.476538 1.625403 1.777948
-1.478144 1.626894 1.764656
-1.522579 1.695537 1.770380
-1.525725 1.701819 1.781751
-1.474824 1.627783 1.751186
-1.489285 1.667240 1.782205
-1.485503 1.666751 1.770085
-1.483799 1.676201 1.746252
-1.493732 1.680385 1.741917
-1.478039 1.801618 1.841984
-1.490224 1.806908 1.832013
-1.487754 1.809030 1.828840
-1.490422 1.810486 1.827020
-1.492882 1.809335 1.829984
-1.500608 1.846529 1.813785
-1.512718 1.840946 1.817237
-1.502880 1.833870 1.824835
-1.490074 1.835906 1.821785
-1.496829 1.776428 1.854927
-1.485716 1.773656 1.859743
-1.483979 1.782996 1.857069
-1.491867 1.786989 1.852500
-1.514011 1.799202 1.831875
-1.513579 1.802009 1.831936
-1.515970 1.799888 1.831584
-1.476876 1.764880 1.863512
-1.485368 1.763281 1.861083
-1.523231 1.755049 1.831628
-1.525862 1.791317 1.828660
-1.559817 1.842332 1.733225
-1.547782 1.855319 1.760004
-1.570409 1.821159 1.706712
-1.575270 1.790143 1.683323
-1.566527 1.725729 1.692352
-1.560065 1.726218 1.670028
-1.542245 1.705585 1.681067
-1.552212 1.706104 1.700339
-1.508297 1.681002 1.735234
-1.467584 1.656210 1.742682
-1.461129 1.644568 1.738904
-1.531931 1.858184 1.783576
-1.515372 1.854712 1.801780
-1.547926 1.780511 1.808503
-1.514894 1.773471 1.843404
-1.507614 1.772526 1.849000
-1.508934 1.783552 1.845145
-1.514032 1.783147 1.840967
-1.514946 1.761262 1.842859
-1.513367 1.747344 1.838425
-1.512164 1.732162 1.831576
-1.505940 1.720257 1.828396
-1.580769 1.744087 1.737829
-1.576378 1.742318 1.754531
-1.578768 1.750846 1.693086
-1.583691 1.747922 1.716296
-1.571010 1.739321 1.764368
-1.569188 1.756161 1.671513
-1.454200 1.790838 1.858160
-1.455248 1.794565 1.855256
-1.460695 1.785834 1.858290
-1.440820 1.773366 1.867553
-1.440529 1.767551 1.868699
-1.435613 1.769444 1.867818
-1.436463 1.775102 1.866593
-1.433834 1.723667 1.863028
-1.443975 1.720712 1.861718
-1.442846 1.665719 1.829417
-1.451107 1.663782 1.825908
-1.459765 1.804134 1.854616
-1.460269 1.801318 1.852889
-1.457384 1.802562 1.850712
-1.459304 1.806339 1.854518
-1.457591 1.771024 1.863192
-1.446145 1.787771 1.862310
-1.444719 1.783516 1.863110
-1.441827 1.784699 1.861825
-1.443194 1.788905 1.861585
-1.463274 1.703034 1.840979
-1.463718 1.679816 1.825123
-1.476195 1.640890 1.799370
-1.481167 1.656830 1.805082
-1.491192 1.669111 1.796491
-1.481417 1.666352 1.759008
-1.475595 1.667231 1.746820
-1.466899 1.668981 1.740475
-1.474016 1.676440 1.740126
-1.447721 1.704036 1.846414
-1.452826 1.677874 1.830510
-1.440331 1.687975 1.838239
-1.437137 1.708983 1.849191
-1.452900 1.804677 1.855078
-1.453460 1.802219 1.854224
-1.450392 1.801511 1.854515
-1.450200 1.805145 1.855578
-1.458886 1.799233 1.853987
-1.456292 1.797565 1.853908
-1.457135 1.799540 1.853722
-1.460034 1.800629 1.854456
-1.459754 1.803940 1.855696
-1.455445 1.809238 1.856961
-1.453731 1.812252 1.860349
-1.457985 1.807440 1.856725
-1.455487 1.804456 1.852608
-1.456138 1.802525 1.852592
-1.458171 1.801016 1.851431
-1.459158 1.800500 1.852479
-1.457119 1.808841 1.855804
-1.458482 1.806858 1.855435
-1.465557 1.821369 1.843553
-1.436215 1.667104 1.829791
-1.432808 1.691450 1.839809
-1.457747 1.768934 1.862091
-1.499888 1.824728 1.824981
-1.502516 1.787169 1.847482
-1.485208 1.798660 1.842849
-1.489232 1.801082 1.838977
-1.492583 1.797173 1.842667
-1.488179 1.793415 1.847966
-1.490461 1.824996 1.822807
-1.483841 1.821498 1.822632
-1.480250 1.828286 1.823958
-1.480475 1.816460 1.824913
-1.481178 1.811783 1.827847
-1.476757 1.813584 1.832019
-1.474986 1.822067 1.829352
-1.514919 1.804829 1.831837
-1.512662 1.805420 1.832120
-1.479473 1.807598 1.834697
-1.483379 1.807862 1.831172
-1.486423 1.804644 1.835188
-1.482312 1.802924 1.838477
-1.496982 1.792355 1.846053
-1.520622 1.796149 1.830853
-1.512428 1.791618 1.836295
-1.521364 1.705902 1.795047
-1.531412 1.709039 1.789823
-1.516518 1.713098 1.814487
-1.515592 1.713422 1.807582
-1.509704 1.710560 1.808106
-1.509124 1.713243 1.813183
-1.555244 1.734077 1.783713
-1.554910 1.737524 1.786455
-1.559060 1.740962 1.784610
-1.559348 1.734834 1.779232
-1.555627 1.743594 1.790978
-1.554375 1.744023 1.793461
-1.551700 1.744181 1.796927
-1.556192 1.746466 1.791808
-1.551283 1.749807 1.797505
-1.557114 1.758655 1.795898
-1.563568 1.753088 1.786515
-1.541345 1.763992 1.811550
-1.549647 1.762171 1.802551
-1.544459 1.750827 1.802043
-1.538106 1.748287 1.808637
-1.517601 1.725216 1.820830
-1.512567 1.717834 1.818682
-1.514399 1.707561 1.801747
-1.544770 1.697498 1.727996
-1.547546 1.702141 1.744517
-1.548377 1.706605 1.758654
-1.547303 1.711837 1.770550
-1.538969 1.694289 1.710041
-1.527155 1.694266 1.694188
-1.532449 1.753023 1.820289
-1.531419 1.741560 1.815129
-1.534157 1.693413 1.751293
-1.530280 1.689560 1.736500
-1.536077 1.698955 1.765088
-1.537666 1.705688 1.776224
-1.523875 1.687290 1.720350
-1.512389 1.686264 1.709426
-1.497933 1.680309 1.726539
-1.523632 1.718088 1.815703
-1.520440 1.713524 1.817029
-1.517740 1.714706 1.816064
-1.519973 1.719879 1.816003
-1.524469 1.733341 1.818885
-1.523164 1.742581 1.825192
-1.470177 1.822201 1.837161
-1.425779 1.752390 1.876018
-1.430028 1.763929 1.870660
-1.449720 1.793886 1.857528
-1.447991 1.790627 1.859950
-1.444991 1.791318 1.859286
-1.446861 1.794732 1.856975
-1.492702 1.817959 1.822032
-1.484305 1.681309 1.733981
-1.459397 1.659462 1.738022
-1.452474 1.648131 1.735190
-1.466683 1.630221 1.740774
-1.457077 1.633598 1.734455
-1.448474 1.798190 1.855479
-1.451271 1.797061 1.855722
-1.454912 1.806367 1.853188
-1.448887 1.780962 1.864351
-1.455012 1.800789 1.853980
-1.452909 1.799376 1.854701
-1.448185 1.802160 1.854244
-1.446926 1.798357 1.854963
-1.493038 1.804218 1.834846
-1.495920 1.807758 1.832609
-1.453373 1.807577 1.855775
-1.451089 1.808442 1.857949
-1.459680 1.629901 1.813099
-1.467977 1.626973 1.803983
-1.439914 1.785323 1.860926
-1.441507 1.789538 1.860728
-1.537148 1.738854 1.807285
-1.542354 1.742477 1.802555
-1.542133 1.734990 1.802347
-1.537547 1.731975 1.806662
-1.434242 1.653216 1.826425
-1.472877 1.625470 1.791251
-1.447503 1.638032 1.731648
-1.511649 1.797979 1.833545
-1.513278 1.797891 1.832618
-1.494061 1.815167 1.823530
-1.446693 1.775618 1.865456
-1.446772 1.776198 1.861394
-1.430119 1.711859 1.849220
-1.448173 1.805686 1.855633
-1.547600 1.736448 1.794862
-1.543262 1.734091 1.795279
-1.545594 1.734390 1.799028
-1.548099 1.737265 1.797870
-1.550069 1.740587 1.799692
-1.553700 1.742306 1.798412
-1.552722 1.738817 1.798794
-1.549481 1.737100 1.799155
-1.547650 1.743710 1.799277
-1.546394 1.738796 1.800654
-1.557118 1.741957 1.796651
-1.555944 1.739615 1.797607
-1.554661 1.740482 1.789576
-1.555308 1.743856 1.792498
-1.558289 1.740730 1.788635
-1.561342 1.738845 1.793923
-1.561386 1.734968 1.785157
-1.564370 1.733418 1.791250
-1.560911 1.727637 1.783922
-1.565268 1.726364 1.788944
-1.524868 1.726672 1.815113
-1.527515 1.722808 1.812024
-1.558009 1.721298 1.785512
-1.563139 1.719920 1.789492
-1.553751 1.715262 1.788815
-1.558841 1.713859 1.792176
-1.548785 1.710021 1.793238
-1.553029 1.709195 1.796283
-1.542702 1.706750 1.798047
-1.546815 1.706659 1.800918
-1.535375 1.705054 1.804593
-1.540068 1.706059 1.805908
-1.559787 1.726952 1.787845
-1.559981 1.732747 1.789176
-1.552170 1.730352 1.783293
-1.559175 1.737395 1.793567
-1.543032 1.724858 1.793210
-1.540828 1.725084 1.794960
-1.540546 1.726859 1.795056
-1.541935 1.727442 1.793468
-1.536543 1.727843 1.805553
-1.533183 1.725084 1.808704
-1.532526 1.727160 1.810984
-1.529253 1.721340 1.809686
-1.530904 1.725301 1.806802
-1.529002 1.724162 1.808310
-1.532375 1.728204 1.803498
-1.530266 1.720745 1.808202
-1.531100 1.720654 1.810287
-1.528378 1.721304 1.805135
-1.527622 1.722130 1.805520
-1.527336 1.723508 1.803208
-1.529896 1.725646 1.800029
-1.531254 1.733132 1.812150
-1.526964 1.711564 1.798856
-1.534871 1.713802 1.794271
-1.533543 1.706257 1.810511
-1.527985 1.704278 1.810704
-1.521374 1.710246 1.816467
-1.523254 1.706423 1.814424
-1.548818 1.726172 1.785405
-1.545666 1.721371 1.788096
-1.520796 1.712255 1.805561
-1.540594 1.717278 1.790142
-1.540975 1.709918 1.804803
-1.535908 1.711282 1.807733
-1.545888 1.710113 1.800630
-1.529864 1.718548 1.812341
-1.532552 1.714307 1.810941
-1.528992 1.709597 1.813495
-1.525873 1.714001 1.814948
-1.537208 1.714959 1.807318
-1.541818 1.713926 1.805575
-1.535207 1.716869 1.803969
-1.539550 1.715096 1.802068
-1.532447 1.719246 1.806483
-1.534112 1.717913 1.809266
-1.532960 1.718053 1.802166
-1.537534 1.719872 1.797993
-1.529317 1.720803 1.804365
-1.543984 1.716086 1.800300
-1.541372 1.720551 1.795211
-1.547237 1.721628 1.797849
-1.547826 1.718805 1.799512
-1.546108 1.713802 1.802781
-1.549702 1.715402 1.799264
-1.550426 1.712411 1.796550
-1.552904 1.718710 1.795599
-1.554401 1.716726 1.792378
-1.551389 1.721101 1.797860
-1.549299 1.723572 1.797613
-1.557841 1.721484 1.789044
-1.555053 1.722880 1.792475
-1.557216 1.727197 1.791114
-1.553397 1.724201 1.795191
-1.554245 1.727881 1.794013
-1.551340 1.725413 1.796558
-1.550687 1.728102 1.795868
-1.553431 1.738866 1.796223
-1.550686 1.738659 1.797485
-1.555355 1.736197 1.792575
-1.551861 1.734996 1.793886
-1.551503 1.737202 1.793382
-1.548612 1.737336 1.794358
-1.548324 1.734525 1.795322
-1.546621 1.731696 1.796300
-1.439829 1.608857 1.817496
-1.432951 1.611886 1.817819
-1.433204 1.624008 1.818957
-1.439808 1.621877 1.818370
-1.553294 1.731715 1.794136
-1.549345 1.731516 1.795873
-1.557371 1.732020 1.791527
-1.546641 1.726640 1.795997
-1.547531 1.728928 1.796408
-1.548214 1.726779 1.796878
-1.547760 1.725399 1.796736
-1.538678 1.730701 1.801985
-1.535437 1.729014 1.800399
-1.536042 1.724490 1.800245
-1.459972 1.578245 1.799126
-1.456511 1.589588 1.798130
-1.468033 1.585327 1.784402
-1.472031 1.574477 1.784224
-1.467976 1.558339 1.813281
-1.485760 1.553177 1.795064
-1.477909 1.539688 1.816590
-1.463794 1.543604 1.825566
-1.472295 1.526796 1.834367
-1.459934 1.529880 1.839841
-1.456230 1.488342 1.873098
-1.444659 1.494374 1.878681
-1.450464 1.505871 1.866719
-1.461907 1.500175 1.861226
-1.445222 1.419999 1.900090
-1.432928 1.407712 1.899172
-1.425794 1.415329 1.907291
-1.438599 1.425796 1.906896
-1.495672 1.481844 1.834539
-1.504518 1.495525 1.828210
-1.503670 1.484135 1.828063
-1.493817 1.470162 1.831627
-1.508055 1.562829 1.748716
-1.499348 1.560475 1.771810
-1.488691 1.565207 1.770047
-1.498887 1.569035 1.750946
-1.469480 1.412626 1.852074
-1.463679 1.406213 1.859955
-1.465549 1.414031 1.867484
-1.470539 1.421217 1.860774
-1.418799 1.366832 1.863487
-1.414503 1.353046 1.867556
-1.403981 1.357742 1.882468
-1.408792 1.370943 1.877533
-1.437789 1.366831 1.802222
-1.434583 1.363419 1.780526
-1.430513 1.354502 1.782235
-1.434706 1.356915 1.804042
-1.472884 1.476079 1.861597
-1.465641 1.482106 1.867292
-1.471399 1.494218 1.856106
-1.478630 1.488629 1.851451
-1.504691 1.378071 1.905429
-1.489659 1.373497 1.904686
-1.491284 1.391746 1.890362
-1.505850 1.396487 1.891101
-1.421301 1.289085 1.842501
-1.418343 1.286204 1.822501
-1.419311 1.272661 1.829856
-1.421406 1.276854 1.850174
-1.543940 1.489355 1.822275
-1.547163 1.502653 1.813917
-1.562206 1.504093 1.797801
-1.560961 1.490645 1.808447
-1.482370 1.449109 1.839351
-1.482089 1.458050 1.846060
-1.487980 1.469992 1.840066
-1.487363 1.458925 1.834557
-1.447531 1.376817 1.774338
-1.451502 1.378685 1.792908
-1.458538 1.387238 1.786855
-1.454776 1.385902 1.770403
-1.445125 1.371366 1.797764
-1.441058 1.368723 1.777477
-1.480782 1.464025 1.851326
-1.477733 1.469935 1.856252
-1.483658 1.483278 1.847250
-1.487095 1.478000 1.844207
-1.419755 1.399242 1.894579
-1.411128 1.408188 1.904328
-1.418353 1.281282 1.870917
-1.410493 1.285401 1.890091
-1.411739 1.296475 1.882714
-1.419130 1.292855 1.863422
-1.400916 1.387557 1.884648
-1.407994 1.394412 1.887020
-1.417905 1.389251 1.877738
-1.411165 1.382781 1.873958
-1.398761 1.289435 1.906523
-1.385336 1.293161 1.920618
-1.385772 1.304161 1.911730
-1.399528 1.300136 1.898808
-1.467323 1.513610 1.848962
-1.455754 1.517708 1.853901
-1.455826 1.413239 1.884201
-1.446249 1.401581 1.882322
-1.440082 1.403654 1.890463
-1.451171 1.416150 1.892191
-1.484107 1.441912 1.812561
-1.489449 1.455971 1.824731
-1.498368 1.468184 1.824751
-1.487790 1.448458 1.811974
-1.422093 1.261275 1.835620
-1.424138 1.266497 1.856452
-1.400099 1.280082 1.914596
-1.386597 1.283852 1.929222
-1.478337 1.422451 1.771449
-1.478820 1.419657 1.765252
-1.478351 1.424765 1.774513
-1.477482 1.428266 1.779282
-1.408718 1.442149 1.916972
-1.424582 1.443269 1.914055
-1.422151 1.427592 1.913334
-1.406140 1.422714 1.912851
-1.436419 1.391970 1.876586
-1.427336 1.385538 1.868371
-1.428445 1.394355 1.885217
-1.391172 1.440756 1.915647
-1.386397 1.417056 1.907621
-1.442080 1.521264 1.859316
-1.437307 1.510830 1.871901
-1.446332 1.533581 1.846941
-1.431987 1.537108 1.853802
-1.435367 1.551065 1.842806
-1.449321 1.547207 1.835069
-1.438797 1.565611 1.834211
-1.452384 1.561773 1.825209
-1.447734 1.583964 1.811570
-1.445981 1.594576 1.809044
-1.484529 1.446671 1.826655
-1.480731 1.438009 1.830676
-1.412442 1.275597 1.897643
-1.474633 1.489420 1.687383
-1.462495 1.480213 1.684890
-1.479312 1.471972 1.694794
-1.490530 1.481683 1.695752
-1.518563 1.557219 1.750260
-1.511448 1.554096 1.774023
-1.485049 1.419065 1.736647
-1.478541 1.422859 1.727342
-1.474245 1.420655 1.728275
-1.480672 1.417327 1.738185
-1.482138 1.416430 1.763078
-1.485293 1.406585 1.776238
-1.488714 1.405553 1.774324
-1.485765 1.415918 1.762239
-1.412154 1.269737 1.810062
-1.410056 1.284833 1.803133
-1.407661 1.378440 1.727055
-1.418126 1.369397 1.743439
-1.427689 1.377648 1.741346
-1.419101 1.387255 1.725561
-1.373199 1.536064 1.700443
-1.365248 1.523564 1.700335
-1.384312 1.516412 1.692944
-1.392474 1.527884 1.692964
-1.443841 1.518700 1.679916
-1.453035 1.528553 1.682177
-1.429453 1.538183 1.685274
-1.421487 1.528860 1.684762
-1.454767 1.498787 1.681067
-1.443171 1.489863 1.679487
-1.450735 1.388608 1.754594
-1.442451 1.379827 1.756935
-1.463147 1.400278 1.749148
-1.465866 1.399244 1.762626
-1.469909 1.404360 1.760806
-1.467656 1.405156 1.748180
-1.494419 1.577230 1.749213
-1.494555 1.580740 1.729821
-1.502687 1.570065 1.731549
-1.449801 1.582765 1.701621
-1.446259 1.576299 1.698394
-1.462594 1.571795 1.699607
-1.461388 1.580662 1.702813
-1.352786 1.463274 1.693891
-1.334251 1.470350 1.697175
-1.326621 1.451410 1.702572
-1.345468 1.444018 1.699319
-1.470347 1.411762 1.740018
-1.473921 1.413399 1.745052
-1.475194 1.415258 1.740527
-1.469920 1.415012 1.733972
-1.464718 1.413585 1.730132
-1.458457 1.410135 1.728057
-1.461019 1.404003 1.737818
-1.466110 1.408745 1.738102
-1.431436 1.396098 1.726573
-1.437495 1.386629 1.741073
-1.446578 1.395166 1.740361
-1.442371 1.403520 1.727789
-1.309678 1.386353 1.726235
-1.325429 1.378382 1.722222
-1.329474 1.400467 1.713905
-1.312410 1.407769 1.716496
-1.482128 1.436842 1.806157
-1.485952 1.444999 1.816216
-1.481500 1.436676 1.824800
-1.479187 1.425998 1.815670
-1.505198 1.397656 1.773013
-1.509537 1.390047 1.781208
-1.514349 1.392122 1.780471
-1.510618 1.399709 1.771731
-1.473988 1.401615 1.821778
-1.475212 1.412723 1.827633
-1.471733 1.397019 1.842493
-1.469785 1.385847 1.834916
-1.527588 1.544837 1.726758
-1.528275 1.551939 1.751416
-1.519580 1.552682 1.726378
-1.477678 1.401110 1.796551
-1.474088 1.386697 1.809081
-1.477693 1.382485 1.803369
-1.479708 1.396890 1.791363
-1.521093 1.377125 1.900307
-1.522170 1.395360 1.885971
-1.468032 1.359219 1.843214
-1.471580 1.351619 1.836292
-1.471123 1.368996 1.824135
-1.468699 1.375545 1.829800
-1.398422 1.370582 1.731894
-1.410532 1.361732 1.746431
-1.386715 1.265653 1.779354
-1.400589 1.266938 1.793045
-1.397248 1.284134 1.785615
-1.383626 1.285204 1.771890
-1.414193 1.255759 1.816298
-1.388094 1.249755 1.787648
-1.402526 1.252561 1.800580
-1.484589 1.601473 1.741102
-1.475338 1.606861 1.729090
-1.477746 1.596472 1.721505
-1.488298 1.592267 1.733049
-1.444160 1.158131 1.863174
-1.441909 1.134024 1.876258
-1.450392 1.148494 1.894047
-1.451067 1.171295 1.884685
-1.445231 1.604211 1.712071
-1.462525 1.600643 1.715314
-1.462056 1.610737 1.722560
-1.445587 1.614778 1.719766
-1.448565 1.192724 1.875159
-1.443572 1.181936 1.853067
-1.480311 1.600055 1.760168
-1.488314 1.587375 1.752100
-1.478105 1.585827 1.770504
-1.472968 1.597996 1.775952
-1.464796 1.599508 1.789972
-1.453394 1.163831 1.915653
-1.451684 1.181812 1.906095
-1.474639 1.617400 1.741281
-1.464372 1.621198 1.733030
-1.451836 1.624428 1.727799
-1.440365 1.628201 1.725994
-1.419662 1.241533 1.822566
-1.426834 1.248541 1.842702
-1.384599 1.023922 1.913563
-1.355729 1.016788 1.909766
-1.357976 1.014208 1.936334
-1.390988 1.022553 1.939054
-1.286854 1.030721 1.902068
-1.288480 1.032306 1.929873
-1.323601 1.018180 1.933766
-1.322610 1.018781 1.907877
-1.298528 1.124112 1.803763
-1.327759 1.119816 1.802701
-1.330285 1.142803 1.797403
-1.302282 1.146511 1.797575
-1.392955 1.232315 1.793968
-1.407929 1.236314 1.807096
-1.427490 1.255994 1.863994
-1.469272 1.118582 2.018268
-1.467583 1.087772 1.996421
-1.468750 1.074131 2.026528
-1.471377 1.103241 2.046997
-1.429604 1.025012 1.997743
-1.427326 1.034521 1.969629
-1.395499 1.018822 1.964359
-1.399841 1.012331 1.991537
-1.371999 1.288154 1.942929
-1.387248 1.273858 1.937727
-1.372661 1.277603 1.951980
-1.325543 1.298048 1.967372
-1.343251 1.295061 1.961974
-1.340619 1.285064 1.971882
-1.323055 1.288277 1.977148
-1.318631 1.205843 2.004530
-1.305350 1.207766 2.007844
-1.309823 1.224786 2.001268
-1.324085 1.222350 1.995704
-1.443569 1.193579 1.926952
-1.428713 1.203810 1.943035
-1.424383 1.214206 1.935557
-1.438918 1.206724 1.918524
-1.292822 1.039792 1.956397
-1.324974 1.022408 1.959680
-1.461977 1.130259 2.064377
-1.457794 1.144630 2.033835
-1.440133 1.149535 2.080344
-1.410504 1.156220 2.086459
-1.406388 1.167933 2.058846
-1.435807 1.162448 2.049529
-1.294645 1.130871 2.016012
-1.310254 1.158498 2.014679
-1.317266 1.151658 2.015361
-1.301239 1.127424 2.016367
-1.287703 1.047915 1.855664
-1.286385 1.036935 1.876046
-1.319556 1.025342 1.880311
-1.317888 1.038780 1.855696
-1.372206 1.248439 1.780251
-1.375646 1.229402 1.785337
-1.355926 1.248940 1.775465
-1.371037 1.267265 1.769906
-1.354640 1.269646 1.764542
-1.370607 1.395262 1.711065
-1.385224 1.381552 1.720082
-1.395721 1.391031 1.714363
-1.383186 1.407425 1.704829
-1.404228 1.509030 1.685787
-1.413026 1.519495 1.685574
-1.362082 1.009256 1.985304
-1.324195 1.025634 1.981374
-1.341447 1.009737 2.015123
-1.372754 1.001429 2.014000
-1.431595 1.015565 2.024404
-1.454435 1.034771 2.037090
-1.454261 1.047309 2.009040
-1.469615 1.062040 2.055935
-1.473519 1.091016 2.075454
-1.442395 1.135885 2.108153
-1.412487 1.142201 2.113064
-1.330780 1.116084 2.071643
-1.351556 1.133519 2.080135
-1.354580 1.119393 2.101605
-1.334004 1.101734 2.089880
-1.353410 1.201179 1.993351
-1.384201 1.206300 1.973638
-1.387537 1.197598 1.982157
-1.361349 1.190223 1.997738
-1.331117 1.306424 1.956815
-1.344206 1.304420 1.951736
-1.357491 1.291722 1.953993
-1.357290 1.301672 1.944462
-1.371364 1.297607 1.933546
-1.357878 1.362526 1.925815
-1.373302 1.355861 1.916432
-1.366828 1.342648 1.923458
-1.352006 1.348558 1.932542
-1.364502 1.377028 1.918249
-1.380152 1.369876 1.908614
-1.376017 1.404769 1.901264
-1.397357 1.402580 1.896804
-1.389093 1.395383 1.893944
-1.427289 1.524394 1.864789
-1.422757 1.513912 1.876362
-1.447623 1.180879 1.936559
-1.305097 1.045992 2.002771
-1.299368 1.061557 2.023779
-1.309083 1.045556 2.043127
-1.318517 1.026778 2.026577
-1.447834 1.200389 1.898365
-1.420828 1.271183 1.878379
-1.422907 1.262111 1.885298
-1.437443 1.373461 1.828019
-1.432597 1.360285 1.826052
-1.437015 1.442334 1.908835
-1.433030 1.431730 1.910548
-1.452503 1.058048 1.976772
-1.443390 1.120310 2.134655
-1.443943 1.106030 2.160683
-1.414295 1.110835 2.165941
-1.414422 1.126392 2.139697
-1.328937 1.068666 2.099882
-1.339561 1.085814 2.111468
-1.346767 1.069729 2.134395
-1.337794 1.050537 2.121747
-1.347039 1.035984 2.147082
-1.353056 1.053759 2.159986
-1.357507 1.037701 2.185070
-1.352963 1.020828 2.170850
-1.464791 1.117559 2.095083
-1.473621 1.065004 2.130198
-1.465755 1.088633 2.147832
-1.465402 1.102632 2.121562
-1.473287 1.078095 2.103460
-1.404787 1.004367 2.018346
-1.319465 1.083293 2.076860
-1.314512 1.097169 2.060482
-1.338420 1.015720 2.098282
-1.348796 0.997834 2.086289
-1.333865 1.010451 2.057787
-1.323468 1.030591 2.071698
-1.440645 0.999191 2.082085
-1.458988 1.017963 2.095103
-1.457731 1.027474 2.067725
-1.437570 1.008309 2.055486
-1.469731 1.052268 2.084989
-1.469517 1.040261 2.111525
-1.473138 1.040965 2.183855
-1.462008 1.061934 2.200899
-1.464979 1.075432 2.174429
-1.474008 1.052637 2.157086
-1.472180 1.017815 2.164243
-1.470937 1.028644 2.137785
-1.460914 1.007855 2.121012
-1.462787 0.998632 2.147426
-1.447243 0.983619 2.135390
-1.444374 0.991570 2.109551
-1.423612 0.978947 2.102169
-1.428576 0.972171 2.127721
-1.400562 0.974169 2.099545
-1.378891 0.977183 2.103931
-1.388390 0.969810 2.128578
-1.407980 0.967500 2.124928
-1.359566 0.988965 2.146574
-1.371499 0.976898 2.136045
-1.361189 0.986851 2.112192
-1.350427 1.002285 2.123633
-1.389708 0.938646 2.220689
-1.404883 0.938688 2.213974
-1.397004 0.948964 2.198834
-1.381804 0.951303 2.206665
-1.419188 0.939022 2.208044
-1.434693 0.939666 2.205375
-1.428643 0.949908 2.192459
-1.413312 0.949295 2.195457
-1.458241 0.962567 2.204432
-1.444326 0.953846 2.194570
-1.449639 0.942948 2.208235
-1.462814 0.950633 2.218616
-1.476495 0.960353 2.231643
-1.473149 0.973417 2.216468
-1.478687 0.972177 2.249562
-1.477586 0.987134 2.232707
-1.470211 1.003313 2.252815
-1.469891 0.985021 2.269392
-1.370699 0.981140 2.244793
-1.373489 0.962429 2.259377
-1.370657 0.952687 2.243685
-1.366083 0.969696 2.230282
-1.394144 1.007910 2.272638
-1.412476 1.025785 2.285704
-1.413280 0.998559 2.299190
-1.397147 0.982444 2.284319
-1.472967 1.008041 2.189408
-1.471435 1.029368 2.209685
-1.449863 0.976613 2.160882
-1.464938 0.990596 2.173082
-1.367103 0.976033 2.167972
-1.380186 0.966716 2.158385
-1.362254 1.019640 2.208600
-1.357998 1.003909 2.193543
-1.439236 1.046788 2.264578
-1.438326 1.060789 2.238146
-1.459116 1.048826 2.227289
-1.459997 1.036009 2.253385
-1.474935 0.997879 2.212373
-1.468642 0.982546 2.196588
-1.454020 0.969973 2.184102
-1.439130 0.960405 2.175214
-1.422271 0.956382 2.173103
-1.405698 0.956151 2.174459
-1.388889 0.957449 2.178656
-1.374337 0.963854 2.188285
-1.362528 0.986870 2.213334
-1.367231 1.000017 2.228087
-1.439636 1.004937 2.300070
-1.439501 1.030544 2.287094
-1.460457 1.020785 2.273495
-1.462803 0.998502 2.287580
-1.440510 0.977246 2.308740
-1.417459 0.972471 2.307182
-1.424962 0.922930 2.219061
-1.438780 0.924479 2.216952
-1.453735 0.927750 2.220104
-1.479869 0.942712 2.242915
-1.479286 0.953141 2.265423
-1.472463 0.962755 2.285964
-1.462605 0.975685 2.300018
-1.387532 0.910989 2.263700
-1.380187 0.933392 2.254676
-1.381266 0.942763 2.269448
-1.389310 0.918663 2.279085
-1.402156 0.901520 2.240559
-1.413441 0.899100 2.229712
-1.411767 0.923826 2.225868
-1.399627 0.923953 2.233331
-1.428181 0.899218 2.223773
-1.444402 0.901569 2.223450
-1.460656 0.905869 2.226824
-1.483454 0.920005 2.254644
-1.468660 0.934419 2.228837
-1.475602 0.911602 2.236091
-1.481856 0.930550 2.281656
-1.472113 0.909628 2.316251
-1.467357 0.937686 2.303858
-1.487390 0.904106 2.294500
-1.451379 0.822820 2.356867
-1.474751 0.823971 2.351921
-1.472164 0.792360 2.362828
-1.451453 0.790615 2.367112
-1.393142 0.891883 2.288400
-1.390514 0.883788 2.272732
-1.401104 0.874052 2.246291
-1.413410 0.871489 2.234425
-1.495189 0.866359 2.276460
-1.489702 0.894346 2.265974
-1.481779 0.885378 2.244140
-1.487227 0.856885 2.253376
-1.393541 0.806631 2.326502
-1.389341 0.797949 2.309493
-1.387930 0.826659 2.295799
-1.391135 0.835615 2.313652
-1.414003 0.842292 2.242216
-1.400653 0.845125 2.255347
-1.400802 0.815274 2.266522
-1.415326 0.812482 2.253874
-1.494183 0.806788 2.303986
-1.496706 0.836513 2.288404
-1.490084 0.826982 2.265843
-1.489293 0.797130 2.282911
-1.474145 0.882454 2.327950
-1.491997 0.875949 2.304369
-1.492579 0.847079 2.316097
-1.475645 0.853333 2.339493
-1.449462 0.880956 2.333733
-1.451424 0.853002 2.345442
-1.405283 0.738067 2.341055
-1.396785 0.768215 2.325135
-1.400672 0.775454 2.340456
-1.407907 0.743422 2.354541
-1.417724 0.783101 2.269246
-1.402236 0.785944 2.280657
-1.408697 0.757791 2.298868
-1.422541 0.755013 2.289063
-1.487092 0.743343 2.339592
-1.490941 0.775816 2.321540
-1.486571 0.766151 2.302296
-1.481541 0.734701 2.321393
-1.470016 0.758053 2.374904
-1.487435 0.786686 2.344890
-1.484088 0.752504 2.359870
-1.467020 0.726098 2.388731
-1.451496 0.726151 2.392096
-1.451559 0.757147 2.378667
-1.415917 0.714053 2.367322
-1.411647 0.708968 2.355745
-1.417594 0.702231 2.338260
-1.427829 0.699418 2.328842
-1.426375 0.727191 2.309779
-1.414416 0.729934 2.319188
-1.458734 0.725778 2.305210
-1.442153 0.725728 2.304851
-1.442473 0.698210 2.324132
-1.457706 0.698251 2.325299
-1.475883 0.706965 2.340320
-1.472359 0.728973 2.310461
-1.467355 0.700880 2.329739
-1.482224 0.714014 2.356348
-1.480152 0.721522 2.375479
-1.289827 1.069777 1.991059
-1.292835 1.086044 2.012772
-1.296005 1.076057 2.015561
-1.298093 1.062177 1.991524
-1.363472 1.088261 2.150050
-1.359063 1.104335 2.124691
-1.369147 1.054871 2.200378
-1.366420 1.072104 2.176146
-1.372026 1.036633 2.222336
-1.376657 1.015571 2.241956
-1.379938 0.993078 2.258128
-1.383218 0.971073 2.271576
-1.390865 0.949083 2.283246
-1.398387 0.925348 2.294451
-1.404707 0.872156 2.315361
-1.392854 0.864068 2.300516
-1.403615 0.898860 2.303723
-1.407455 0.814535 2.341661
-1.405024 0.844145 2.328471
-1.411998 0.781585 2.354265
-1.417929 0.748146 2.366599
-1.425386 0.718849 2.378573
-1.374272 1.170944 2.040424
-1.348711 1.155288 2.043821
-1.346650 1.162936 2.029455
-1.370928 1.178012 2.021084
-1.283897 1.105617 2.007425
-1.288033 1.116426 2.013693
-1.293828 1.114040 2.013872
-1.288666 1.104198 2.008904
-1.470900 1.017448 2.233016
-1.433749 0.966093 2.152828
-1.415783 0.962119 2.150743
-1.397286 0.962889 2.153275
-1.392010 1.032285 2.257808
-1.389139 1.052125 2.235742
-1.412069 1.062074 2.241000
-1.412420 1.046231 2.265397
-1.445716 0.905179 2.323777
-1.425500 0.876465 2.326124
-1.422539 0.903429 2.317354
-1.443669 0.929904 2.316690
-1.449823 0.874664 2.227735
-1.467321 0.878905 2.231910
-1.433277 0.842248 2.234874
-1.453734 0.845021 2.233514
-1.431044 0.872541 2.228504
-1.387041 1.087465 2.188420
-1.413064 1.094918 2.191590
-1.411529 1.078434 2.216605
-1.386805 1.070606 2.211705
-1.395101 1.302512 1.778162
-1.382056 1.305792 1.765343
-1.451954 1.393238 1.857816
-1.444808 1.384468 1.845248
-1.436491 1.383490 1.857280
-1.444061 1.390893 1.867442
-1.452155 1.388165 1.836766
-1.459028 1.397609 1.849818
-1.465452 1.403524 1.841979
-1.459018 1.393292 1.829288
-1.480447 1.431441 1.801008
-1.482364 1.437068 1.799107
-1.370697 1.391066 1.909776
-1.352547 1.398356 1.916028
-1.358245 1.411259 1.907859
-1.357074 1.281270 1.963729
-1.359472 1.219121 1.979358
-1.333205 1.203989 2.000490
-1.340504 1.221513 1.989054
-1.291937 1.153723 2.019311
-1.341758 1.370005 1.722281
-1.346344 1.391514 1.714481
-1.401274 1.538190 1.692984
-1.380791 1.547977 1.700859
-1.414218 1.557306 1.694615
-1.418717 1.567015 1.696432
-1.398008 1.576113 1.704290
-1.393272 1.566852 1.702865
-1.434859 1.620412 1.720555
-1.426826 1.610938 1.714584
-1.283154 1.092821 2.000485
-1.290950 1.101010 2.011119
-1.284434 1.086462 1.998095
-1.329265 1.128500 2.056599
-1.312939 1.110458 2.049005
-1.312542 1.119918 2.039043
-1.328681 1.137439 2.043458
-1.465398 1.134880 1.991292
-1.465717 1.105799 1.968531
-1.360773 1.014981 1.962414
-1.472676 1.315084 1.868446
-1.481529 1.309363 1.863545
-1.479440 1.327198 1.846362
-1.471424 1.333021 1.851728
-1.373329 1.454124 1.690025
-1.369383 1.430431 1.697368
-1.483610 1.574625 1.767940
-1.543255 1.540698 1.758269
-1.535714 1.540428 1.782323
-1.528755 1.544997 1.777857
-1.535790 1.546850 1.753691
-1.512319 1.488782 1.704998
-1.523069 1.503006 1.709031
-1.513241 1.507915 1.701948
-1.501584 1.493446 1.697459
-1.294163 1.102083 1.812348
-1.323617 1.096584 1.810117
-1.320522 1.304794 1.751423
-1.337502 1.297403 1.750991
-1.337641 1.321235 1.740794
-1.321203 1.329386 1.741536
-1.394104 1.431578 1.693620
-1.400183 1.414147 1.702074
-1.399303 1.461918 1.914887
-1.406303 1.478848 1.907815
-1.420827 1.475461 1.904958
-1.415065 1.460446 1.913092
-1.505460 1.350581 1.816663
-1.496852 1.366260 1.802440
-1.484034 1.363009 1.810489
-1.487677 1.344773 1.823605
-1.448627 1.074280 1.943811
-1.422555 1.041890 1.940660
-1.414760 1.330060 1.774128
-1.401653 1.334685 1.756224
-1.397311 1.317995 1.767313
-1.410005 1.315133 1.784767
-1.427251 1.364557 1.761088
-1.421811 1.355707 1.763933
-1.435093 1.371402 1.758196
-1.482531 1.417383 1.752882
-1.480248 1.417331 1.757453
-1.479187 1.418164 1.766158
-1.349834 1.145553 2.061098
-1.339183 1.174740 2.009876
-1.331200 1.181981 2.008215
-1.280622 1.096458 2.001405
-1.471148 1.611210 1.783503
-1.465107 1.613170 1.796986
-1.477704 1.407718 1.802322
-1.473068 1.393121 1.815139
-1.472877 1.409547 1.760279
-1.475151 1.413319 1.773811
-1.475504 1.419111 1.773484
-1.473844 1.414602 1.761874
-1.473521 1.412846 1.752540
-1.471274 1.409329 1.748843
-1.493788 1.491562 1.836892
-1.489902 1.497913 1.838314
-1.496823 1.511153 1.828194
-1.502188 1.504174 1.828328
-1.484347 1.502919 1.840377
-1.476741 1.507915 1.843826
-1.482158 1.521900 1.829714
-1.490315 1.516450 1.827378
-1.478802 1.566396 1.790452
-1.465649 1.570771 1.807385
-1.450775 1.574898 1.819410
-1.438498 1.579098 1.828654
-1.422199 1.600694 1.709749
-1.411794 1.591599 1.708494
-1.429205 1.584495 1.703199
-1.441496 1.592750 1.705369
-1.456421 1.605449 1.803178
-1.447498 1.606372 1.811278
-1.438191 1.598114 1.818199
-1.531677 1.371749 1.892098
-1.533407 1.388768 1.878196
-1.479303 1.614898 1.755025
-1.476765 1.612546 1.769853
-1.541191 1.379381 1.867794
-1.538248 1.361495 1.882167
-1.509781 1.540121 1.796818
-1.520455 1.549432 1.775190
-1.517578 1.535661 1.798342
-1.458428 1.618354 1.808569
-1.448750 1.619276 1.814973
-1.460975 1.127012 1.946053
-1.459462 1.149107 1.966610
-1.419705 1.305365 1.854636
-1.420913 1.302621 1.834353
-1.340201 1.368716 1.931775
-1.335548 1.353857 1.937202
-1.432871 1.638172 1.822438
-1.344365 1.317730 1.944246
-1.326813 1.319654 1.948580
-1.330921 1.337590 1.942005
-1.347517 1.333282 1.938118
-1.319831 1.306254 1.960520
-1.318163 1.301261 1.966319
-1.311274 1.192018 2.009595
-1.301714 1.193164 2.011895
-1.512897 1.444613 1.853479
-1.516055 1.458123 1.843907
-1.533627 1.462340 1.839542
-1.529760 1.446753 1.848828
-1.358493 1.314340 1.936384
-1.372409 1.309161 1.924457
-1.480058 1.434459 1.815743
-1.476769 1.424878 1.802843
-1.366897 1.423157 1.910492
-1.430016 1.457299 1.909250
-1.434721 1.470667 1.900670
-1.446379 1.465891 1.894821
-1.442186 1.454156 1.903502
-1.279470 1.090630 1.995858
-1.542056 1.413714 1.780539
-1.540253 1.422751 1.768331
-1.532691 1.415006 1.767965
-1.535053 1.406325 1.780063
-1.301140 1.092887 2.036108
-1.304784 1.079910 2.046412
-1.295989 1.049250 1.974381
-1.282444 1.060360 1.975415
-1.382879 1.135555 2.110835
-1.379533 1.149464 2.085615
-1.383801 1.119599 2.135296
-1.385874 1.103927 2.162296
-1.404396 0.957058 2.295060
-1.417956 0.932858 2.308893
-1.427621 0.848048 2.337164
-1.429234 0.818295 2.349380
-1.431015 0.786009 2.361275
-1.433797 0.752713 2.373128
-1.437692 0.723084 2.387119
-1.538694 1.348838 1.872862
-1.542581 1.366609 1.855568
-1.536701 1.352166 1.847165
-1.534674 1.335784 1.866124
-1.467283 1.368349 1.850153
-1.469085 1.379722 1.857479
-1.467539 1.362965 1.871636
-1.466532 1.352037 1.864160
-1.465417 1.334364 1.878708
-1.467703 1.323991 1.872663
-1.467803 1.342033 1.857361
-1.493804 1.308567 1.858876
-1.506384 1.311362 1.857164
-1.506228 1.328584 1.838134
-1.490532 1.325397 1.841335
-1.527163 1.324465 1.860409
-1.527478 1.340466 1.841917
-1.517079 1.333090 1.839147
-1.517094 1.316551 1.857743
-1.477268 1.365537 1.900431
-1.469186 1.355888 1.893986
-1.471767 1.374101 1.879250
-1.479913 1.383389 1.885382
-1.552110 1.461957 1.829477
-1.546460 1.444437 1.840053
-1.491281 1.453925 1.808815
-1.497785 1.465761 1.821066
-1.496067 1.462083 1.822594
-1.485791 1.453621 1.809255
-1.523886 1.413788 1.871795
-1.526773 1.431156 1.858827
-1.539993 1.426019 1.851190
-1.535478 1.407104 1.864312
-1.481767 1.400651 1.870595
-1.473574 1.391017 1.864734
-1.475613 1.408130 1.849767
-1.483189 1.417661 1.856725
-1.477530 1.345736 1.831105
-1.476376 1.364582 1.817324
-1.500701 1.452097 1.843200
-1.497398 1.439385 1.852089
-1.477333 1.426576 1.820142
-1.468771 1.401670 1.777896
-1.472755 1.407803 1.775289
-1.452151 1.400839 1.874606
-1.459143 1.411230 1.877432
-1.454454 1.385190 1.812113
-1.461469 1.392836 1.804877
-1.457639 1.402166 1.867636
-1.461008 1.409310 1.871867
-1.398223 1.376228 1.890075
-1.437891 1.588497 1.821490
-1.509724 1.430658 1.863562
-1.494672 1.425262 1.862035
-1.492031 1.379978 1.792273
-1.488549 1.393270 1.783425
-1.483936 1.394959 1.786819
-1.483312 1.380172 1.797733
-1.432996 1.432826 1.696393
-1.414059 1.432533 1.694187
-1.418097 1.419097 1.702926
-1.434386 1.423163 1.705154
-1.552856 1.423567 1.788226
-1.556889 1.426602 1.797673
-1.560142 1.441694 1.784400
-1.553950 1.435305 1.776087
-1.564559 1.448588 1.797027
-1.559493 1.430338 1.811698
-1.557102 1.436965 1.827237
-1.563615 1.455404 1.814836
-1.439368 1.110961 1.889300
-1.450786 1.128240 1.908741
-1.413804 1.266240 1.904878
-1.401037 1.269994 1.922057
-1.383250 1.219875 1.966149
-1.321930 1.147595 2.024886
-1.305259 1.126057 2.024485
-1.311460 1.064240 2.061836
-1.456395 1.144558 1.927574
-1.323508 1.049729 2.086153
-1.335846 1.034260 2.111135
-1.368272 0.985163 2.077082
-1.393017 0.981332 2.073612
-1.383301 0.990284 2.044079
-1.355500 0.995267 2.046206
-1.418170 0.986597 2.075500
-1.411193 0.994939 2.046686
-1.439592 1.075028 2.211552
-1.434722 0.811946 2.245730
-1.457253 0.784456 2.262003
-1.456012 0.814564 2.244526
-1.437090 0.782717 2.262660
-1.475189 0.819673 2.251227
-1.472043 0.849939 2.239174
-1.490358 0.818186 2.330786
-1.440211 0.754051 2.283403
-1.458453 0.755323 2.283537
-1.475980 0.790008 2.269195
-1.475035 0.759659 2.289973
-1.299887 1.101924 2.028475
-1.451660 1.159918 2.010815
-1.445044 1.172773 1.985873
-1.392368 1.192463 1.994273
-1.366662 1.184647 2.007012
-1.388199 1.316685 1.903988
-1.401990 1.312208 1.890639
-1.409154 1.338774 1.873996
-1.419161 1.334957 1.857047
-1.415265 1.321621 1.865290
-1.405031 1.325086 1.882317
-1.427225 1.329511 1.816473
-1.423668 1.328666 1.794331
-1.418960 1.314607 1.804343
-1.422466 1.316113 1.825210
-1.416586 1.300632 1.813948
-1.407857 1.299861 1.795327
-1.355268 1.337575 1.734460
-1.370205 1.330198 1.742004
-1.372908 1.351560 1.732065
-1.357802 1.360798 1.725732
-1.321893 1.189540 2.007763
-1.297289 1.111956 2.017814
-1.376925 1.161605 2.061713
-1.402366 1.178901 2.033025
-1.429974 1.175188 2.021836
-1.478758 1.416183 1.808396
-1.470010 1.427415 1.717354
-1.466241 1.423181 1.720218
-1.552318 1.411355 1.824484
-1.549506 1.418401 1.838983
-1.485330 1.432620 1.845795
-1.538584 1.476311 1.830867
-1.520872 1.471383 1.835903
-1.524997 1.482967 1.829832
-1.408434 1.207709 1.959131
-1.433610 1.192966 1.954741
-1.412769 1.198321 1.967438
-1.278558 1.068264 1.980729
-1.342725 1.168857 2.018486
-1.345521 1.019316 2.135960
-1.352930 1.004125 2.159172
-1.358971 0.989012 2.179904
-1.364994 0.974417 2.199667
-1.370210 0.959231 2.217618
-1.377327 0.943488 2.231524
-1.386195 0.927793 2.243327
-1.392899 0.905652 2.251973
-1.389168 0.854930 2.283185
-1.392328 0.849199 2.269004
-1.393753 0.878073 2.259193
-1.391738 0.819704 2.280758
-1.392917 0.790992 2.294394
-1.400211 0.762081 2.310623
-1.408123 0.733278 2.328831
-1.412926 0.705087 2.346099
-1.277726 1.084018 1.991492
-1.278352 1.076245 1.985983
-1.499297 1.544652 1.795411
-1.478231 1.421273 1.787571
-1.478175 1.426644 1.786059
-1.488181 1.445696 1.836138
-1.527012 1.356085 1.825418
-1.538079 1.367475 1.829784
-1.477976 1.424068 1.835787
-1.484239 1.443240 1.797118
-1.479413 1.445741 1.797023
-1.524669 1.314732 2.041382
-1.530066 1.303929 2.040266
-1.526672 1.307118 2.059261
-1.520632 1.316720 2.059889
-1.514667 1.321222 2.042447
-1.510811 1.322410 2.060288
-1.468297 1.293987 2.048064
-1.472942 1.305549 2.045670
-1.473649 1.304395 2.065097
-1.469787 1.293169 2.067621
-1.497042 1.323897 2.079057
-1.487902 1.319911 2.079969
-1.489429 1.320321 2.061573
-1.500110 1.323696 2.061099
-1.475305 1.269346 2.049830
-1.485102 1.262095 2.048279
-1.481803 1.260803 2.029217
-1.472177 1.269220 2.030900
-1.468731 1.303202 1.971969
-1.463197 1.292270 1.973072
-1.463951 1.296932 1.959433
-1.470138 1.307297 1.959130
-1.532194 1.311400 2.003721
-1.535817 1.298722 2.001243
-1.533337 1.301431 2.020603
-1.528463 1.313001 2.022353
-1.495388 1.322035 2.006045
-1.482958 1.316645 2.006289
-1.484755 1.316586 1.987109
-1.497707 1.321649 1.987451
-1.534971 1.308594 1.985336
-1.536863 1.295944 1.981246
-1.491506 1.321304 2.043125
-1.480952 1.314735 2.043853
-1.481681 1.316146 2.025048
-1.493558 1.322237 2.024871
-1.480703 1.273269 2.087186
-1.489964 1.268009 2.085675
-1.487851 1.264534 2.067024
-1.478285 1.270728 2.068708
-1.480569 1.312852 2.081727
-1.474757 1.304035 2.084027
-1.480817 1.313411 2.062707
-1.524040 1.287408 2.078173
-1.524865 1.298988 2.077502
-1.527754 1.294968 2.058300
-1.526040 1.282515 2.058753
-1.466384 1.297454 2.008884
-1.473222 1.308216 2.007118
-1.472514 1.306963 2.026405
-1.466732 1.295351 2.028687
-1.522197 1.320368 2.004772
-1.518522 1.320888 2.023641
-1.527618 1.278195 2.039790
-1.530296 1.291164 2.039137
-1.532450 1.287933 2.019640
-1.527920 1.273934 2.019724
-1.517130 1.259508 2.001611
-1.503857 1.255665 2.003843
-1.507159 1.258260 2.023224
-1.519205 1.263188 2.021146
-1.467505 1.299819 1.989315
-1.463187 1.287506 1.991083
-1.468881 1.270541 2.011340
-1.477939 1.260527 2.009719
-1.474036 1.261972 1.990159
-1.465415 1.273479 1.991926
-1.519034 1.325439 1.956386
-1.531249 1.318451 1.954147
-1.529651 1.318244 1.968476
-1.517169 1.323952 1.969751
-1.536621 1.306651 1.965117
-1.537287 1.306045 1.948996
-1.533181 1.298321 1.918931
-1.527356 1.287299 1.915602
-1.528517 1.283750 1.928104
-1.534526 1.295059 1.931862
-1.509518 1.252827 1.962546
-1.494023 1.251444 1.963507
-1.499346 1.253338 1.984199
-1.514222 1.255872 1.982343
-1.474799 1.257837 1.948897
-1.466406 1.268588 1.954441
-1.470169 1.264734 1.970828
-1.480603 1.255812 1.966656
-1.467181 1.292542 1.900641
-1.462704 1.301671 1.907183
-1.461656 1.291991 1.918105
-1.466870 1.281538 1.913645
-1.466283 1.316209 1.927517
-1.467090 1.324850 1.919152
-1.475367 1.333968 1.923897
-1.475570 1.325751 1.931179
-1.528058 1.340496 1.919569
-1.534205 1.330740 1.909838
-1.534583 1.325522 1.918995
-1.526332 1.335351 1.926608
-1.505570 1.252025 1.944809
-1.487333 1.250292 1.942790
-1.465923 1.309342 1.936830
-1.474364 1.319555 1.938775
-1.472849 1.313527 1.948542
-1.465075 1.302946 1.947073
-1.498276 1.331125 1.939254
-1.510231 1.333407 1.938689
-1.507584 1.328857 1.945664
-1.494591 1.326055 1.947322
-1.524374 1.331643 1.934000
-1.534559 1.323596 1.929009
-1.532339 1.320323 1.939683
-1.521433 1.328253 1.943892
-1.503082 1.253901 1.932308
-1.514147 1.262717 1.932177
-1.510624 1.264984 1.921974
-1.499838 1.257383 1.922543
-1.470429 1.263865 1.935827
-1.463104 1.274592 1.941048
-1.492207 1.320521 1.958149
-1.479183 1.315478 1.958632
-1.482622 1.321003 1.949407
-1.536140 1.307702 1.934465
-1.474113 1.285057 1.895865
-1.482759 1.280216 1.892088
-1.482471 1.292841 1.878859
-1.473717 1.297589 1.883455
-1.467443 1.305076 1.888862
-1.464204 1.314990 1.895562
-1.468664 1.338062 1.908313
-1.476220 1.347312 1.914189
-1.488537 1.355047 1.917842
-1.504288 1.359528 1.918389
-1.504140 1.344695 1.927703
-1.488363 1.340870 1.926752
-1.529489 1.354423 1.907133
-1.535505 1.344022 1.897195
-1.534372 1.320005 1.902351
-1.535457 1.331666 1.889095
-1.461240 1.296862 1.933087
-1.461473 1.304404 1.923008
-1.520234 1.267113 2.040960
-1.509380 1.261488 2.043202
-1.510274 1.265706 2.062450
-1.519959 1.271816 2.060220
-1.500536 1.267391 2.083578
-1.499154 1.263215 2.064814
-1.503179 1.323416 2.042967
-1.505952 1.323533 2.024596
-1.507327 1.323915 2.078399
-1.504858 1.324559 1.956585
-1.501157 1.321953 1.969070
-1.518438 1.277727 1.912642
-1.525854 1.291860 1.904032
-1.517398 1.282866 1.901861
-1.518200 1.262736 1.944718
-1.522489 1.264547 1.961336
-1.530845 1.280427 1.961281
-1.526921 1.277980 1.942004
-1.497083 1.262894 1.913639
-1.508466 1.269098 1.912296
-1.507353 1.275887 1.901498
-1.495546 1.270857 1.902594
-1.516107 1.344727 1.926005
-1.513048 1.337952 1.931684
-1.525696 1.309363 1.878577
-1.525569 1.299296 1.892350
-1.531185 1.308881 1.897189
-1.531952 1.319242 1.883726
-1.531824 1.302524 1.907652
-1.517342 1.301691 1.875406
-1.517373 1.290978 1.889570
-1.518379 1.359477 1.914521
-1.494707 1.280882 1.889662
-1.507036 1.284825 1.888923
-1.506678 1.296150 1.874541
-1.494075 1.292858 1.875667
-1.496996 1.259927 2.045629
-1.494244 1.257699 2.026423
-1.461542 1.282347 1.958176
-1.462814 1.277361 1.973088
-1.461277 1.288891 1.945104
-1.469216 1.280750 2.050082
-1.471597 1.280931 2.069130
-1.464417 1.283973 2.010937
-1.466714 1.281813 2.030490
-1.527584 1.270381 2.000241
-1.476369 1.264648 1.920925
-1.468227 1.272205 1.925012
-1.479124 1.256335 1.930712
-1.464387 1.327847 1.901665
-1.462929 1.313667 1.913209
-1.492504 1.250481 1.932145
-1.465829 1.345479 1.887826
-1.535383 1.293632 1.944318
-1.536402 1.310952 1.923522
-1.534955 1.313994 1.912244
-1.523043 1.310514 2.077699
-1.508678 1.323619 2.005921
-1.487627 1.317376 1.969624
-1.476720 1.311685 1.970369
-1.485637 1.260965 1.916784
-1.483624 1.269808 1.905412
-1.474638 1.274225 1.909396
-1.501640 1.335885 1.933744
-1.487020 1.332299 1.933598
-1.474127 1.282085 2.087533
-1.485657 1.326860 1.940257
-1.536505 1.294022 1.963196
-1.387842 1.556945 1.702312
-1.447457 1.378957 1.818887
-1.421456 1.379353 1.861805
-1.430278 1.376028 1.847760
-1.471581 1.408273 1.793763
-1.475795 1.415868 1.790468
-1.479332 1.433079 1.786553
-1.476624 1.435980 1.787971
-1.465759 1.400425 1.821424
-1.556992 1.728629 1.776316
-1.552183 1.722590 1.776714
-1.565294 1.736426 1.772488
-1.318957 1.313496 1.953290
-1.543450 1.729128 1.793601
-1.540656 1.722784 1.795022
-1.545851 1.723655 1.795334
-1.542527 1.731609 1.793470
-1.542788 1.732605 1.794061
-1.565760 1.744457 1.778502
-1.546123 1.717314 1.779607
-1.539840 1.712877 1.784237
-1.556200 1.742010 1.789137
-1.323895 1.230986 1.779198
-1.303116 1.234977 1.779656
-1.303746 1.214072 1.784230
-1.326247 1.209385 1.783202
-1.302810 1.191628 1.788422
-1.413647 1.155790 1.820481
-1.431428 1.168285 1.834045
-1.427717 1.187912 1.824689
-1.411175 1.177327 1.810149
-1.433704 1.214692 1.836704
-1.421658 1.205187 1.817583
-1.439006 1.199796 1.844591
-1.443584 1.210145 1.866724
-1.438378 1.224381 1.858594
-1.442315 1.217439 1.889324
-1.437184 1.232279 1.880947
-1.434894 1.222496 1.910633
-1.421391 1.226834 1.928834
-1.405348 1.217282 1.948927
-1.383480 1.232748 1.957530
-1.403000 1.230612 1.943766
-1.345260 1.237919 1.981453
-1.363821 1.235254 1.970604
-1.313734 1.243449 1.995416
-1.328916 1.240772 1.989696
-1.489570 1.535259 1.813125
-1.491904 1.571843 1.716977
-1.496799 1.559519 1.708866
-1.509845 1.560813 1.726491
-1.486156 1.500118 1.688823
-1.498718 1.514278 1.695082
-1.476233 1.520335 1.685738
-1.465689 1.509566 1.682914
-1.478084 1.570646 1.706769
-1.473110 1.579153 1.708419
-1.479553 1.558915 1.698042
-1.439281 1.569211 1.694738
-1.460022 1.562075 1.692911
-1.541685 1.532466 1.735526
-1.534233 1.517966 1.717686
-1.541571 1.513432 1.725816
-1.550665 1.526657 1.742439
-1.502234 1.476074 1.703508
-1.492241 1.465092 1.703012
-1.502419 1.460627 1.709649
-1.511477 1.472177 1.709822
-1.567611 1.499760 1.776082
-1.562664 1.491354 1.757451
-1.566280 1.479070 1.770849
-1.568545 1.486580 1.788537
-1.521836 1.485327 1.713009
-1.394771 1.449459 1.687650
-1.414493 1.446403 1.687719
-1.433416 1.443074 1.690090
-1.474594 1.431609 1.715369
-1.464280 1.436702 1.706239
-1.460337 1.430003 1.709648
-1.483876 1.426417 1.724650
-1.490666 1.423278 1.732525
-1.509541 1.474314 1.830412
-1.512541 1.481631 1.828364
-1.528629 1.494568 1.823212
-1.496658 1.416455 1.755998
-1.493378 1.419403 1.746534
-1.490258 1.418417 1.749246
-1.492522 1.415926 1.758548
-1.533818 1.538408 1.730619
-1.558408 1.469437 1.756879
-1.553250 1.480245 1.744386
-1.543688 1.468271 1.739506
-1.549481 1.457604 1.751856
-1.540890 1.449442 1.746858
-1.534547 1.457728 1.735165
-1.525750 1.447693 1.732629
-1.532417 1.441271 1.743263
-1.502015 1.417124 1.754446
-1.496984 1.421773 1.742110
-1.557063 1.477456 1.818717
-1.558348 1.527177 1.775154
-1.546336 1.526289 1.796826
-1.541875 1.534597 1.789331
-1.551942 1.534156 1.765981
-1.480798 1.420609 1.788886
-1.480889 1.428279 1.795605
-1.480961 1.413508 1.782579
-1.485776 1.417740 1.751340
-1.482132 1.408722 1.779163
-1.492720 1.455698 1.827469
-1.505238 1.464060 1.834569
-1.529217 1.515726 1.811908
-1.527273 1.524293 1.806823
-1.567245 1.472282 1.801219
-1.566972 1.464359 1.783929
-1.501296 1.406755 1.765612
-1.496854 1.405647 1.768555
-1.500107 1.395542 1.775939
-1.477951 1.415987 1.739119
-1.487411 1.418684 1.751306
-1.560223 1.520221 1.752100
-1.560502 1.456546 1.770339
-1.552238 1.446554 1.763417
-1.527113 1.463825 1.724753
-1.536323 1.475726 1.728230
-1.528805 1.481158 1.719007
-1.519390 1.468521 1.716491
-1.537926 1.432875 1.755244
-1.528810 1.424027 1.755338
-1.511208 1.457359 1.717308
-1.518862 1.453327 1.724890
-1.506579 1.408447 1.762571
-1.523391 1.530698 1.801579
-1.511744 1.518120 1.816187
-1.506140 1.523858 1.814861
-1.515385 1.501271 1.822355
-1.514553 1.510730 1.819026
-1.514416 1.490464 1.826242
-1.498650 1.529118 1.813489
-1.488649 1.253904 1.925043
-1.494466 1.393618 1.779470
-1.499394 1.383003 1.787474
-1.504670 1.386670 1.783520
-1.517688 1.351464 1.821667
-1.432295 1.770315 1.866208
-1.433950 1.776004 1.865186
-1.443234 1.791575 1.858606
-1.445221 1.794678 1.856268
-1.519889 1.274105 1.923319
-1.520206 1.271405 1.932387
-1.525406 1.266834 1.980431
-1.533278 1.284701 2.000079
-1.532973 1.282067 1.980441
-1.525913 1.319418 1.985810
-1.512191 1.323459 1.986787
-1.475166 1.309399 1.988355
-1.485666 1.255431 1.987154
-1.509533 1.326938 2.113123
-1.516762 1.319508 2.113490
-1.513766 1.324450 2.130470
-1.505592 1.330571 2.130363
-1.502527 1.334734 2.146411
-1.493369 1.333594 2.148193
-1.496529 1.331171 2.131565
-1.486425 1.329406 2.150476
-1.489480 1.327633 2.133475
-1.481885 1.322888 2.152732
-1.478395 1.315325 2.154936
-1.479323 1.314516 2.137518
-1.483640 1.321800 2.135375
-1.476907 1.305382 2.121289
-1.477496 1.306268 2.139933
-1.478067 1.297412 2.141710
-1.475835 1.295823 2.123318
-1.488770 1.286378 2.158965
-1.496201 1.284258 2.157396
-1.495156 1.280246 2.140531
-1.486873 1.282589 2.141946
-1.511402 1.280907 2.119151
-1.502789 1.276651 2.120735
-1.503972 1.281514 2.138970
-1.512131 1.285559 2.136827
-1.513540 1.288929 2.152602
-1.517185 1.297322 2.150220
-1.516617 1.292956 2.135110
-1.516922 1.319596 2.078192
-1.513223 1.322678 2.095827
-1.503657 1.326026 2.096212
-1.484785 1.320868 2.116954
-1.486335 1.320242 2.098403
-1.494210 1.324923 2.097058
-1.491470 1.326177 2.115294
-1.471919 1.293327 2.086292
-1.476108 1.304440 2.102646
-1.474030 1.294457 2.104855
-1.480070 1.313772 2.119052
-1.480653 1.313022 2.100311
-1.478419 1.286251 2.124248
-1.481045 1.288971 2.142326
-1.519296 1.308927 2.114076
-1.519477 1.298007 2.115236
-1.517572 1.303345 2.133433
-1.517381 1.314298 2.131793
-1.476287 1.284220 2.105901
-1.521968 1.292665 2.097201
-1.522026 1.303758 2.096004
-1.517305 1.287953 2.116815
-1.518089 1.282698 2.098572
-1.516185 1.318980 2.146979
-1.511359 1.328916 2.146117
-1.519978 1.314659 2.095303
-1.484554 1.278965 2.123917
-1.493420 1.275593 2.122512
-1.491767 1.271623 2.104280
-1.482725 1.275906 2.105659
-1.510571 1.270732 2.081630
-1.501530 1.271919 2.102057
-1.510719 1.275818 2.100474
-1.505010 1.285009 2.155307
-1.518848 1.277267 2.079885
-1.502197 1.333467 2.224846
-1.496700 1.331573 2.217291
-1.494521 1.337041 2.224032
-1.501093 1.340536 2.229321
-1.475304 1.332520 2.217781
-1.468203 1.338985 2.212201
-1.469546 1.345563 2.223960
-1.474568 1.339264 2.228968
-1.500654 1.346531 2.232750
-1.492634 1.342270 2.230129
-1.499472 1.350118 2.232574
-1.511141 1.354835 2.233200
-1.507915 1.350966 2.236367
-1.518347 1.356707 2.237207
-1.516207 1.354758 2.223837
-1.525359 1.354956 2.232445
-1.529085 1.333253 2.215036
-1.530459 1.322804 2.214087
-1.537015 1.324773 2.226833
-1.534244 1.335403 2.227948
-1.532359 1.305659 2.224834
-1.534816 1.315739 2.226717
-1.529069 1.314360 2.213532
-1.526834 1.305747 2.212580
-1.502921 1.319947 2.221164
-1.498302 1.317884 2.212785
-1.498487 1.324404 2.213111
-1.502945 1.325787 2.221574
-1.494366 1.356647 2.234886
-1.501469 1.356730 2.223102
-1.502827 1.354338 2.228722
-1.493180 1.353314 2.237150
-1.483160 1.300651 2.200489
-1.479452 1.299609 2.189360
-1.479110 1.307496 2.187910
-1.482456 1.307078 2.197729
-1.470602 1.329409 2.192321
-1.474077 1.325233 2.184662
-1.478920 1.334296 2.175447
-1.475660 1.339756 2.183215
-1.468528 1.333781 2.202093
-1.472505 1.344231 2.193832
-1.470776 1.347976 2.205700
-1.472349 1.353094 2.219341
-1.483922 1.290029 2.188857
-1.485298 1.288778 2.197737
-1.516455 1.354951 2.279268
-1.516451 1.349469 2.279605
-1.517196 1.349858 2.276542
-1.517410 1.355278 2.276089
-1.501173 1.284771 2.189087
-1.508777 1.288864 2.185693
-1.506287 1.288023 2.180346
-1.498298 1.285298 2.183661
-1.505304 1.283673 2.196261
-1.512702 1.289759 2.192421
-1.526155 1.360308 2.285574
-1.521971 1.360934 2.283201
-1.524808 1.361146 2.278728
-1.529545 1.360203 2.280536
-1.505923 1.344117 2.236079
-1.506366 1.336223 2.232958
-1.514052 1.345763 2.249820
-1.510682 1.339823 2.242413
-1.510097 1.348132 2.242206
-1.513937 1.351239 2.247299
-1.512071 1.320139 2.237899
-1.507556 1.318099 2.229060
-1.508284 1.325597 2.231221
-1.512409 1.327736 2.240820
-1.505625 1.306177 2.229569
-1.510697 1.307906 2.237241
-1.509451 1.301375 2.237448
-1.504858 1.300555 2.231137
-1.520570 1.316920 2.251308
-1.524761 1.318138 2.257564
-1.524499 1.313139 2.257351
-1.520129 1.311770 2.250953
-1.505586 1.287265 2.174376
-1.497182 1.285273 2.177691
-1.525369 1.287748 2.223656
-1.518354 1.281895 2.223830
-1.522202 1.279309 2.233133
-1.530245 1.285673 2.232375
-1.514584 1.296046 2.183403
-1.512991 1.294562 2.177418
-1.529634 1.356263 2.287232
-1.533449 1.356605 2.282702
-1.481416 1.354258 2.198636
-1.479332 1.359141 2.215280
-1.484664 1.348379 2.185975
-1.487376 1.343149 2.177821
-1.489124 1.339575 2.170582
-1.513939 1.336401 2.246571
-1.506230 1.328779 2.228239
-1.502177 1.315420 2.220927
-1.499290 1.287971 2.225549
-1.495757 1.287062 2.219793
-1.495647 1.296047 2.220845
-1.499478 1.294951 2.226018
-1.510482 1.279771 2.226946
-1.505535 1.283071 2.230229
-1.509320 1.283007 2.235941
-1.514433 1.278750 2.234302
-1.493904 1.361765 2.233100
-1.497576 1.360782 2.219512
-1.492691 1.283951 2.193609
-1.490141 1.285425 2.186991
-1.489698 1.286969 2.179677
-1.490388 1.312097 2.204981
-1.481793 1.311688 2.196254
-1.480162 1.316918 2.196822
-1.490906 1.316719 2.204588
-1.488007 1.327835 2.213012
-1.476122 1.326926 2.208407
-1.486070 1.332757 2.221472
-1.477354 1.314818 2.186091
-1.479274 1.307703 2.178897
-1.477808 1.315860 2.177337
-1.480612 1.299068 2.180083
-1.484490 1.291378 2.180768
-1.478856 1.308352 2.170316
-1.478323 1.316175 2.168159
-1.480856 1.299755 2.171697
-1.484187 1.292388 2.172401
-1.513219 1.291066 2.163070
-1.504585 1.285916 2.167077
-1.512974 1.293216 2.170315
-1.484113 1.332217 2.164010
-1.478307 1.324701 2.175762
-1.480578 1.324149 2.166456
-1.492136 1.336360 2.160926
-1.475397 1.345488 2.234730
-1.475867 1.350877 2.240111
-1.481784 1.347932 2.241076
-1.482336 1.343663 2.236209
-1.522767 1.358115 2.243554
-1.516884 1.355930 2.245456
-1.513238 1.353809 2.240136
-1.487531 1.297541 2.208842
-1.489030 1.287559 2.206347
-1.516285 1.341356 2.252009
-1.531147 1.360074 2.273429
-1.525706 1.361017 2.272201
-1.524884 1.359890 2.259123
-1.531168 1.359157 2.259884
-1.523148 1.340031 2.257990
-1.518395 1.343409 2.256272
-1.519220 1.344124 2.262156
-1.524657 1.341533 2.263966
-1.521496 1.306263 2.255512
-1.518145 1.305200 2.249943
-1.536851 1.337701 2.242170
-1.537714 1.349473 2.239042
-1.532374 1.347314 2.227681
-1.511461 1.313574 2.237152
-1.515978 1.315148 2.244733
-1.515488 1.309823 2.244572
-1.516043 1.334845 2.249217
-1.518898 1.337740 2.253040
-1.519524 1.332415 2.252069
-1.515595 1.329555 2.247216
-1.514322 1.282617 2.213814
-1.504446 1.280052 2.218494
-1.518524 1.358857 2.280822
-1.520314 1.359417 2.277167
-1.495803 1.285357 2.170029
-1.489043 1.287860 2.172058
-1.506631 1.312120 2.228628
-1.525566 1.345011 2.216691
-1.501095 1.310606 2.221045
-1.533019 1.299020 2.244507
-1.526307 1.294564 2.247318
-1.527307 1.297702 2.253451
-1.533275 1.299892 2.252492
-1.525949 1.343567 2.274030
-1.520599 1.345508 2.272738
-1.520196 1.345797 2.277788
-1.525134 1.343998 2.279897
-1.515756 1.347286 2.254098
-1.515625 1.352327 2.252352
-1.516562 1.353225 2.259534
-1.516454 1.348230 2.260861
-1.518821 1.356537 2.251051
-1.520009 1.357409 2.258829
-1.532121 1.344302 2.275887
-1.535592 1.349713 2.276423
-1.536273 1.347648 2.262867
-1.531780 1.342695 2.264676
-1.522556 1.305419 2.200845
-1.520260 1.297151 2.201045
-1.524205 1.296875 2.212767
-1.528627 1.296173 2.224707
-1.531510 1.295867 2.236007
-1.538152 1.305860 2.235924
-1.520893 1.289735 2.212718
-1.531251 1.335977 2.254617
-1.535612 1.343616 2.252667
-1.536348 1.334929 2.252213
-1.499916 1.303652 2.221861
-1.520832 1.359138 2.271129
-1.509629 1.335701 2.173590
-1.516381 1.325257 2.173076
-1.518255 1.325966 2.181474
-1.509713 1.338625 2.180994
-1.517577 1.349712 2.271779
-1.517196 1.354880 2.270877
-1.517568 1.298897 2.249917
-1.521068 1.300952 2.255287
-1.522815 1.296896 2.255240
-1.519340 1.294439 2.251385
-1.517058 1.290321 2.201662
-1.521382 1.277658 2.241565
-1.530579 1.283353 2.239585
-1.517000 1.296924 2.191097
-1.519508 1.305393 2.190349
-1.517538 1.305466 2.182277
-1.538399 1.317663 2.241462
-1.524601 1.313104 2.201478
-1.520899 1.312688 2.190412
-1.518867 1.313792 2.181084
-1.517916 1.314150 2.173925
-1.516729 1.304934 2.175390
-1.535412 1.356401 2.274937
-1.533556 1.350090 2.283501
-1.516524 1.303754 2.167631
-1.517284 1.300474 2.160212
-1.516587 1.310637 2.158758
-1.517104 1.313423 2.165881
-1.521827 1.321116 2.190867
-1.520160 1.330547 2.191446
-1.525693 1.321228 2.201869
-1.524621 1.331053 2.203144
-1.542652 1.327174 2.239245
-1.522938 1.345782 2.294681
-1.526832 1.345669 2.287320
-1.523231 1.343865 2.284643
-1.520309 1.343423 2.292154
-1.529787 1.345211 2.282147
-1.530246 1.350145 2.287605
-1.519685 1.343538 2.205301
-1.523650 1.334253 2.256588
-1.510589 1.345030 2.193341
-1.512281 1.354615 2.212355
-1.504297 1.356708 2.205568
-1.497561 1.347707 2.181760
-1.494589 1.355229 2.192932
-1.499740 1.338950 2.167988
-1.499055 1.341823 2.174814
-1.500272 1.336018 2.158962
-1.490470 1.361191 2.208165
-1.513447 1.353368 2.284675
-1.514131 1.347767 2.285227
-1.509299 1.334074 2.166561
-1.510070 1.332125 2.157706
-1.483924 1.338442 2.230041
-1.494560 1.304149 2.214615
-1.496192 1.309362 2.213478
-1.492808 1.286764 2.213836
-1.492004 1.296880 2.215532
-1.515777 1.322111 2.157599
-1.478060 1.307270 2.157418
-1.479846 1.298810 2.158968
-1.516994 1.307750 2.148554
-1.515019 1.357601 2.286592
-1.530367 1.316743 2.259326
-1.530506 1.315070 2.258870
-1.472213 1.351261 2.231373
-1.474074 1.356070 2.237731
-1.482017 1.365110 2.234588
-1.476659 1.360758 2.236318
-1.474586 1.357932 2.228007
-1.480516 1.363182 2.225542
-1.489603 1.308258 2.206415
-1.489040 1.303770 2.208054
-1.510065 1.283098 2.204421
-1.500592 1.280439 2.209352
-1.524655 1.358890 2.250048
-1.530141 1.356496 2.241585
-1.530732 1.357442 2.249887
-1.535939 1.354396 2.260290
-1.528043 1.336489 2.257136
-1.530101 1.340365 2.258180
-1.478314 1.322037 2.201138
-1.490208 1.322585 2.206951
-1.490134 1.345720 2.234645
-1.488760 1.348658 2.239209
-1.515595 1.322230 2.245306
-1.539892 1.321667 2.253333
-1.541934 1.328806 2.250463
-1.520013 1.324405 2.251340
-1.520927 1.359295 2.292889
-1.517365 1.359669 2.289632
-1.536587 1.352255 2.249573
-1.514185 1.303084 2.243922
-1.537167 1.314874 2.251362
-1.536088 1.318076 2.257267
-1.515325 1.278934 2.239328
-1.515722 1.324435 2.166060
-1.518965 1.344906 2.281498
-1.516584 1.343619 2.287706
-1.524552 1.349768 2.295343
-1.524156 1.355188 2.294403
-1.496644 1.282033 2.201052
-1.497385 1.313474 2.212892
-1.483397 1.291376 2.159395
-1.488704 1.363729 2.222079
-1.489062 1.366042 2.232820
-1.523489 1.325929 2.256211
-1.529311 1.290088 2.243152
-1.538754 1.306226 2.245135
-1.538911 1.306047 2.253841
-1.537921 1.312922 2.256898
-1.534099 1.314925 2.259913
-1.519941 1.349361 2.301026
-1.519540 1.354402 2.300187
-1.516297 1.358605 2.297884
-1.513553 1.358479 2.294038
-1.511830 1.356116 2.290626
-1.518588 1.345320 2.299970
-1.516320 1.343069 2.297040
-1.513833 1.342882 2.291853
-1.513878 1.344826 2.303631
-1.514358 1.348838 2.306059
-1.505339 1.357022 2.305159
-1.510919 1.357851 2.303034
-1.509533 1.355783 2.306128
-1.506146 1.355296 2.308101
-1.502626 1.354128 2.310876
-1.501279 1.355176 2.307804
-1.511849 1.353576 2.306956
-1.508394 1.352487 2.310101
-1.508987 1.348714 2.309756
-1.505664 1.347595 2.312651
-1.504557 1.351169 2.312994
-1.511876 1.350260 2.307648
-1.514854 1.354450 2.304730
-1.498660 1.352637 2.310714
-1.500348 1.352931 2.312804
-1.501143 1.350126 2.315181
-1.498783 1.348620 2.313568
-1.509560 1.358046 2.297610
-1.504497 1.356275 2.301669
-1.500287 1.353848 2.304915
-1.497840 1.351115 2.308140
-1.503446 1.353736 2.299086
-1.499885 1.351397 2.302934
-1.498245 1.348979 2.305903
-1.502908 1.349941 2.297840
-1.499973 1.348432 2.302226
-1.507986 1.351507 2.292005
-1.508701 1.355659 2.293791
-1.498929 1.347498 2.304707
-1.498147 1.347089 2.310871
-1.509917 1.345942 2.308695
-1.505659 1.344941 2.311540
-1.509309 1.343678 2.306918
-1.505098 1.343081 2.309787
-1.501915 1.345272 2.313950
-1.502942 1.347235 2.315140
-1.510998 1.351964 2.288462
-1.511976 1.346428 2.289161
-1.508709 1.346249 2.292650
-1.503935 1.345256 2.298273
-1.510335 1.342911 2.295700
-1.512099 1.342762 2.300553
-1.507781 1.342214 2.304424
-1.505909 1.342156 2.300969
-1.503947 1.342149 2.307310
-1.502538 1.342523 2.304817
-1.500796 1.345021 2.302937
-1.500861 1.343300 2.308850
-1.501252 1.343952 2.311640
-1.498735 1.346083 2.308280
-1.500753 1.343445 2.306708
-1.499544 1.345448 2.305852
-1.525427 1.330199 2.287956
-1.524436 1.325031 2.288076
-1.527858 1.325757 2.282977
-1.528599 1.330559 2.282527
-1.536711 1.334177 2.293571
-1.531318 1.335002 2.291074
-1.535861 1.335674 2.285228
-1.541606 1.334342 2.287268
-1.540185 1.328315 2.294519
-1.545422 1.328051 2.288301
-1.542666 1.334613 2.278282
-1.536712 1.335887 2.277429
-1.533507 1.335439 2.263734
-1.539133 1.334450 2.262826
-1.527337 1.319915 2.265075
-1.531403 1.316945 2.266163
-1.527511 1.333274 2.289005
-1.531250 1.333797 2.283392
-1.533810 1.318211 2.278220
-1.529957 1.321043 2.277266
-1.528932 1.321332 2.283612
-1.532238 1.318331 2.285450
-1.525877 1.332054 2.263847
-1.525777 1.325880 2.264329
-1.529242 1.334733 2.263856
-1.539452 1.317881 2.279451
-1.544734 1.321432 2.279811
-1.542822 1.321949 2.264391
-1.538011 1.317677 2.266027
-1.532333 1.334237 2.276345
-1.528454 1.326089 2.276551
-1.529211 1.331124 2.276086
-1.546374 1.328537 2.278375
-1.542041 1.321102 2.288874
-1.526080 1.318594 2.301017
-1.531710 1.318290 2.294021
-1.528024 1.317661 2.291398
-1.522736 1.317322 2.298373
-1.536609 1.318515 2.287574
-1.536613 1.321454 2.295364
-1.519249 1.328988 2.294654
-1.518807 1.323678 2.294431
-1.521043 1.332347 2.296278
-1.544047 1.329266 2.262502
-1.528667 1.333022 2.301668
-1.524153 1.333607 2.298664
-1.525227 1.320394 2.288812
-1.519721 1.319163 2.295350
-1.529448 1.321781 2.302766
-1.531358 1.327945 2.302611
-1.523083 1.321535 2.307806
-1.524593 1.327135 2.308560
-1.522324 1.331817 2.307332
-1.519154 1.332662 2.303339
-1.517238 1.331375 2.300185
-1.520580 1.318493 2.305870
-1.518348 1.317386 2.302853
-1.516318 1.318852 2.299354
-1.513309 1.317040 2.308439
-1.514764 1.319696 2.311311
-1.503083 1.328729 2.313251
-1.508516 1.329857 2.311390
-1.508389 1.327428 2.313554
-1.503788 1.327196 2.315914
-1.514534 1.329763 2.310505
-1.512145 1.327380 2.312477
-1.512909 1.324436 2.312943
-1.509249 1.323853 2.315232
-1.508291 1.320410 2.314032
-1.503872 1.319625 2.316896
-1.504019 1.323369 2.318155
-1.511955 1.321409 2.312537
-1.500243 1.326449 2.317797
-1.498802 1.326423 2.315726
-1.517224 1.325192 2.312021
-1.513962 1.331432 2.305847
-1.507721 1.330394 2.308172
-1.502056 1.328521 2.310492
-1.497946 1.325486 2.312946
-1.506316 1.329063 2.305188
-1.501112 1.327028 2.308100
-1.498122 1.324270 2.310611
-1.505082 1.325783 2.302946
-1.500498 1.324268 2.306632
-1.512194 1.327062 2.300069
-1.512997 1.330368 2.302258
-1.498706 1.323135 2.309042
-1.497016 1.322380 2.318080
-1.496527 1.321683 2.315042
-1.499397 1.323107 2.320466
-1.508097 1.318629 2.312435
-1.503100 1.318185 2.314988
-1.507367 1.316643 2.310899
-1.502263 1.316652 2.313565
-1.499078 1.318647 2.317690
-1.500350 1.319571 2.319172
-1.516128 1.328037 2.298450
-1.515733 1.323084 2.297985
-1.511934 1.322164 2.299459
-1.504725 1.320824 2.302673
-1.511987 1.317814 2.300932
-1.512270 1.316259 2.304934
-1.506570 1.315962 2.308083
-1.505514 1.317088 2.304741
-1.501834 1.316443 2.311065
-1.501303 1.317385 2.308144
-1.500541 1.320464 2.306384
-1.498507 1.317891 2.312383
-1.498347 1.317907 2.315095
-1.497158 1.321128 2.311983
-1.499039 1.318311 2.310005
-1.498388 1.320694 2.309415
-1.521810 1.309526 2.281226
-1.518995 1.304796 2.279865
-1.522456 1.304559 2.277207
-1.524976 1.309054 2.278141
-1.529990 1.309477 2.287540
-1.527546 1.311452 2.286222
-1.532357 1.311636 2.281612
-1.535919 1.309808 2.282461
-1.530292 1.304636 2.288430
-1.537100 1.303886 2.283196
-1.537825 1.311129 2.276549
-1.533369 1.313151 2.276425
-1.533285 1.313724 2.265491
-1.537962 1.311894 2.264598
-1.524622 1.311438 2.283967
-1.528341 1.311252 2.279755
-1.524654 1.297803 2.272698
-1.522965 1.300817 2.272211
-1.521895 1.300005 2.277389
-1.523406 1.297227 2.278668
-1.525102 1.310558 2.263031
-1.522946 1.305971 2.261838
-1.528716 1.313045 2.264461
-1.529409 1.296536 2.273980
-1.535908 1.298585 2.275253
-1.534909 1.299479 2.262173
-1.528889 1.297588 2.261647
-1.528743 1.312370 2.275287
-1.522480 1.305613 2.272689
-1.524977 1.310138 2.273641
-1.539285 1.305012 2.275458
-1.532922 1.298054 2.282464
-1.516058 1.298352 2.291974
-1.523073 1.296695 2.284993
-1.519708 1.297088 2.281755
-1.513451 1.298230 2.288603
-1.527401 1.296021 2.280474
-1.527544 1.299264 2.287390
-1.515092 1.310134 2.286181
-1.513139 1.305516 2.284985
-1.517475 1.311877 2.289257
-1.539129 1.305777 2.263146
-1.523862 1.297807 2.261419
-1.521482 1.310259 2.294620
-1.519652 1.312009 2.292184
-1.518389 1.300060 2.280061
-1.512488 1.300703 2.285711
-1.519544 1.300886 2.294718
-1.522187 1.305822 2.295538
-1.513411 1.301741 2.298800
-1.515754 1.306620 2.300103
-1.515507 1.311129 2.299066
-1.514221 1.312617 2.295700
-1.512889 1.312277 2.292401
-1.510305 1.299617 2.295207
-1.508838 1.299767 2.291655
-1.509022 1.301920 2.288740
-1.505683 1.300050 2.296514
-1.507468 1.303050 2.299789
-1.498298 1.314167 2.303599
-1.503104 1.313568 2.302305
-1.502545 1.311719 2.303254
-1.498332 1.312550 2.305146
-1.508802 1.311839 2.301841
-1.506180 1.310803 2.302901
-1.506687 1.307886 2.302865
-1.502474 1.308275 2.304704
-1.501809 1.304741 2.302370
-1.497630 1.305391 2.304297
-1.498094 1.309010 2.306488
-1.505481 1.304752 2.302125
-1.495452 1.312611 2.306610
-1.494517 1.313600 2.305286
-1.510143 1.307485 2.301588
-1.508968 1.313790 2.298122
-1.503153 1.314708 2.299527
-1.497918 1.314996 2.300987
-1.494015 1.313720 2.302162
-1.502559 1.314039 2.296242
-1.497597 1.314144 2.297945
-1.494274 1.312852 2.299172
-1.501692 1.312018 2.293459
-1.497127 1.312177 2.295756
-1.507780 1.310896 2.291311
-1.508404 1.313185 2.294466
-1.494889 1.311673 2.297390
-1.492482 1.309859 2.305880
-1.491791 1.309651 2.302692
-1.494376 1.309613 2.307884
-1.501576 1.302576 2.300621
-1.497040 1.303708 2.302228
-1.500678 1.301423 2.297935
-1.496265 1.302917 2.299958
-1.493770 1.305656 2.304647
-1.494748 1.306309 2.306097
-1.511492 1.310075 2.289619
-1.510128 1.306065 2.288059
-1.506675 1.307174 2.289505
-1.500466 1.308204 2.291751
-1.505634 1.303027 2.289772
-1.504780 1.300777 2.292961
-1.499883 1.301989 2.294919
-1.499758 1.304112 2.292276
-1.495919 1.303397 2.297629
-1.495874 1.305141 2.295336
-1.496200 1.308858 2.294528
-1.493380 1.305795 2.299052
-1.493216 1.305372 2.301731
-1.492657 1.309482 2.299459
-1.493958 1.306484 2.297035
-1.493918 1.309244 2.297140
-1.522952 1.301367 2.261349
-1.513859 1.284633 2.269057
-1.512034 1.281658 2.267059
-1.514215 1.281952 2.265259
-1.516271 1.285175 2.266793
-1.519976 1.281516 2.274989
-1.518650 1.284755 2.274090
-1.523182 1.285713 2.270436
-1.525284 1.282483 2.271355
-1.519223 1.277031 2.272690
-1.524378 1.277055 2.270435
-1.527839 1.284626 2.265183
-1.525042 1.287879 2.264998
-1.525624 1.290499 2.253714
-1.528789 1.287431 2.251749
-1.514127 1.278785 2.245341
-1.512375 1.282943 2.244314
-1.512128 1.280799 2.253196
-1.513989 1.276948 2.252173
-1.516250 1.285469 2.271714
-1.519853 1.286488 2.268511
-1.514162 1.275129 2.261452
-1.513154 1.279096 2.261635
-1.512945 1.278479 2.264253
-1.512825 1.274978 2.264018
-1.511938 1.287401 2.245763
-1.514911 1.291244 2.248107
-1.515882 1.288746 2.253669
-1.513202 1.284720 2.254485
-1.520230 1.289803 2.254479
-1.517880 1.273040 2.261575
-1.522840 1.273794 2.263395
-1.522992 1.275472 2.250345
-1.517255 1.274847 2.251429
-1.520927 1.287714 2.264825
-1.514640 1.283099 2.261958
-1.517021 1.286128 2.264022
-1.527791 1.278926 2.264087
-1.520036 1.273684 2.267426
-1.506119 1.272392 2.271939
-1.511485 1.271868 2.268178
-1.509627 1.274085 2.265980
-1.505030 1.274013 2.269852
-1.514994 1.272766 2.266082
-1.514801 1.272680 2.271218
-1.508890 1.284705 2.272873
-1.507276 1.281804 2.270231
-1.510674 1.285325 2.275730
-1.528976 1.281347 2.250027
-1.513120 1.281389 2.279846
-1.512136 1.284299 2.278442
-1.510599 1.277941 2.266128
-1.505636 1.277832 2.269311
-1.508673 1.273155 2.274850
-1.511980 1.276964 2.278083
-1.503447 1.273721 2.277955
-1.506893 1.276840 2.282169
-1.508440 1.281210 2.282560
-1.508373 1.284011 2.280760
-1.507474 1.285031 2.277944
-1.501093 1.273198 2.274723
-1.500927 1.275118 2.272478
-1.502354 1.278159 2.272110
-1.497532 1.275497 2.276654
-1.499232 1.276274 2.280486
-1.497331 1.287289 2.287711
-1.500824 1.285816 2.286175
-1.499772 1.284101 2.286808
-1.497039 1.285695 2.288554
-1.504563 1.282842 2.284281
-1.502243 1.282282 2.285379
-1.501502 1.279812 2.283906
-1.498490 1.281270 2.286380
-1.496029 1.278545 2.284245
-1.492875 1.280316 2.286485
-1.495616 1.282423 2.288956
-1.498856 1.277983 2.282843
-1.494824 1.286283 2.290141
-1.494086 1.287732 2.289407
-1.503695 1.278621 2.282609
-1.505554 1.285156 2.282278
-1.501174 1.287221 2.284632
-1.496843 1.288775 2.286504
-1.493080 1.288587 2.287545
-1.500941 1.287572 2.282150
-1.496490 1.288861 2.284272
-1.493107 1.288428 2.285311
-1.499961 1.286773 2.279381
-1.495917 1.287931 2.282058
-1.503955 1.285173 2.276429
-1.505272 1.285849 2.279417
-1.493484 1.288038 2.283609
-1.490989 1.285314 2.289532
-1.490494 1.286335 2.287244
-1.492650 1.283716 2.290760
-1.494696 1.277698 2.282212
-1.491317 1.279786 2.284890
-1.494085 1.277771 2.279584
-1.490725 1.280441 2.283073
-1.489827 1.282321 2.287584
-1.491213 1.281652 2.288584
-1.505994 1.284410 2.274738
-1.504189 1.281941 2.272805
-1.501867 1.282709 2.274205
-1.497988 1.284689 2.277216
-1.499497 1.279591 2.273669
-1.497881 1.277077 2.274045
-1.494101 1.279120 2.277937
-1.495514 1.281695 2.276752
-1.491162 1.282012 2.281312
-1.492497 1.283960 2.280196
-1.494345 1.286261 2.280464
-1.490374 1.284698 2.283860
-1.489565 1.283608 2.285596
-1.491089 1.286800 2.285088
-1.491381 1.285398 2.282561
-1.492239 1.286826 2.283163
-1.517078 1.276901 2.245811
-1.493616 1.363263 2.244305
-1.494477 1.358626 2.245228
-1.481380 1.350579 2.248006
-1.487786 1.351391 2.247313
-1.476057 1.353995 2.247678
-1.477345 1.363671 2.246214
-1.475436 1.359062 2.247038
-1.492373 1.354659 2.246458
-1.490221 1.367177 2.244246
-1.482654 1.367265 2.244869
-1.488043 1.368054 2.253491
-1.481113 1.368782 2.254625
-1.475040 1.363804 2.255057
-1.474330 1.358843 2.254698
-1.476060 1.354088 2.253621
-1.493189 1.364524 2.252060
-1.494466 1.360685 2.251949
-1.492311 1.356112 2.252034
-1.491971 1.366084 2.261026
-1.487194 1.368908 2.266456
-1.475766 1.362443 2.276434
-1.475084 1.361804 2.271464
-1.476408 1.365674 2.272527
-1.476455 1.366359 2.276779
-1.475412 1.362975 2.266044
-1.477166 1.365649 2.269607
-1.480644 1.368517 2.269733
-1.480180 1.369766 2.273090
-1.484453 1.369834 2.270157
-1.485386 1.371088 2.273228
-1.479577 1.370974 2.277486
-1.477130 1.367135 2.280201
-1.480000 1.370141 2.281281
-1.477753 1.364074 2.280623
-1.480764 1.368005 2.265678
-1.474148 1.357127 2.262254
-1.474999 1.357435 2.269848
-1.476927 1.358487 2.276079
-1.480077 1.360749 2.279923
-1.478014 1.353362 2.268544
-1.480434 1.355358 2.274983
-1.483066 1.358206 2.278392
-1.483431 1.352037 2.267537
-1.484574 1.354750 2.273944
-1.481498 1.349921 2.258126
-1.476374 1.352466 2.259645
-1.485185 1.357095 2.276738
-1.481862 1.367115 2.283150
-1.484426 1.363702 2.281594
-1.489152 1.369445 2.271935
-1.485093 1.371976 2.277128
-1.488956 1.370035 2.276821
-1.492357 1.366538 2.269649
-1.491530 1.366777 2.275921
-1.486649 1.369560 2.280996
-1.483901 1.371863 2.280535
-1.481045 1.351095 2.252923
-1.487493 1.352391 2.252437
-1.487815 1.351686 2.257429
-1.488802 1.353933 2.266502
-1.492402 1.355899 2.258306
-1.494383 1.361788 2.258851
-1.493923 1.362492 2.268126
-1.492806 1.357883 2.267018
-1.492417 1.362819 2.274576
-1.491375 1.359329 2.273426
-1.488474 1.356458 2.273375
-1.489691 1.362360 2.278156
-1.488799 1.365866 2.279996
-1.486318 1.360730 2.279250
-1.489703 1.360133 2.276450
-1.487533 1.358603 2.276883
-1.511386 1.283077 2.240322
-1.510677 1.288766 2.242033
-1.508481 1.288663 2.237084
-1.503762 1.288252 2.231877
-1.501823 1.283191 2.225180
-1.504102 1.294506 2.231929
-1.508853 1.294788 2.237737
-1.512842 1.295615 2.244583
-1.501263 1.299808 2.226426
-1.509813 1.807315 1.831262
-1.507516 1.810190 1.830608
-1.505536 1.805120 1.834886
-1.507984 1.803513 1.834350
-1.498723 1.809084 1.833687
-1.502561 1.806860 1.834654
-1.503924 1.812654 1.829234
-1.499366 1.814688 1.825472
-1.491930 1.811065 1.823721
-1.490491 1.811082 1.823974
-1.490391 1.810646 1.824536
-1.492091 1.810155 1.825322
-1.493938 1.810610 1.827032
-1.512485 1.800559 1.831605
-1.512125 1.802107 1.831366
-1.511526 1.804693 1.831306
-1.495459 1.810555 1.830521
-1.510859 1.800271 1.832329
-1.512168 1.800073 1.831846
-1.496051 1.813440 1.822511
-1.500488 1.811400 1.832867
-1.504050 1.808925 1.833785
-1.502309 1.813337 1.830778
-1.498345 1.814171 1.827644
-1.493394 1.809840 1.825008
-1.494918 1.811940 1.826626
-1.506743 1.806707 1.834125
-1.496806 1.812607 1.829666
-1.505633 1.810531 1.832339
-1.496157 1.812072 1.825557
-1.493931 1.811062 1.824886
-1.511935 1.800845 1.831227
-1.511694 1.800513 1.831393
-1.422188 1.555752 1.848938
-1.417538 1.541051 1.859562
-1.508092 1.808082 1.833028
-1.510101 1.803541 1.833198
-1.508785 1.804879 1.833816
-1.509730 1.805885 1.832997
-1.510692 1.804093 1.832762
-1.492670 1.409031 1.875541
-1.506695 1.414046 1.877170
-1.544509 1.398287 1.852520
-1.546793 1.387154 1.835791
-1.362155 1.329115 1.929784
-1.384794 1.323335 1.754396
-1.388137 1.342349 1.742669
-1.323354 1.353440 1.731327
-1.339774 1.345021 1.731073
-1.421735 1.318684 1.846561
-1.425827 1.331855 1.838135
-1.392782 1.329679 1.896687
-1.398067 1.343272 1.889015
-1.413475 1.308991 1.874188
-1.354721 1.290171 1.754911
-1.369788 1.286665 1.761796
-1.369160 1.308300 1.754445
-1.354688 1.312788 1.745979
-1.307630 1.362097 1.735593
-1.306059 1.335287 1.746856
-1.432089 1.343333 1.809123
-1.428149 1.342551 1.786968
-1.405892 1.350143 1.750010
-1.391907 1.358824 1.736294
-1.377785 1.369393 1.726665
-1.362884 1.380425 1.719647
-1.393174 1.363352 1.896124
-1.385986 1.382675 1.900839
-1.430213 1.345848 1.830966
-1.346890 1.383503 1.923755
-1.354771 1.410615 1.705501
-1.336584 1.421679 1.705547
-1.418853 1.344481 1.766949
-1.417803 1.505480 1.887602
-1.431768 1.500120 1.883324
-1.426404 1.488322 1.894466
-1.411548 1.492877 1.898250
-1.439388 1.482913 1.889914
-1.450942 1.477038 1.884246
-1.460460 1.470973 1.877958
-1.475970 1.452899 1.859431
-1.472733 1.458980 1.865420
-1.478591 1.440252 1.845813
-1.477993 1.447255 1.852875
-1.477392 1.429914 1.836438
-1.474500 1.419038 1.825756
-1.474185 1.417097 1.806695
-1.470368 1.408408 1.813352
-1.470515 1.410847 1.833617
-1.473849 1.421081 1.843751
-1.474763 1.430410 1.853358
-1.374762 1.442260 1.915321
-1.383279 1.462935 1.915776
-1.426035 1.570062 1.840024
-1.490479 1.256272 2.006802
-1.500070 1.328867 2.113828
-1.403095 1.584314 1.706669
-1.421390 1.576600 1.699423
-1.482637 1.547719 1.695101
-1.505148 1.547213 1.707956
-1.459015 1.552142 1.688115
-1.436781 1.558893 1.690416
-1.427272 1.363525 1.846399
-1.406583 1.547394 1.693883
-1.433586 1.549215 1.687582
-1.459638 1.539035 1.684969
-1.485412 1.532431 1.691436
-1.512637 1.530829 1.705740
-1.524833 1.524383 1.712125
-1.531050 1.498834 1.715702
-1.538781 1.494201 1.723803
-1.546578 1.487632 1.733820
-1.556700 1.500666 1.744478
-1.549658 1.507665 1.734317
-1.552072 1.410610 1.809208
-1.546384 1.393630 1.816029
-1.538550 1.379593 1.814763
-1.527810 1.369728 1.811462
-1.519712 1.365804 1.809820
-1.511439 1.366062 1.805080
-1.505290 1.373648 1.796203
-1.490916 1.404394 1.772277
-1.487968 1.415335 1.761902
-1.471516 1.417984 1.730667
-1.464726 1.418455 1.724731
-1.438281 1.413647 1.714962
-1.424622 1.408048 1.713639
-1.409782 1.399450 1.712352
-1.367252 1.187151 1.789731
-1.386793 1.191067 1.794478
-1.380777 1.210709 1.789830
-1.361704 1.208176 1.785262
-1.322273 1.252880 1.773121
-1.302521 1.258306 1.775878
-1.426003 1.228496 1.829441
-1.432255 1.237280 1.850775
-1.398000 1.215920 1.798205
-1.414306 1.220884 1.812051
-1.431461 1.245399 1.872579
-1.386442 1.261584 1.945960
-1.371445 1.265277 1.960514
-1.337546 1.273279 1.981063
-1.319722 1.276269 1.985329
-1.426043 1.251447 1.893923
-1.354854 1.269641 1.973385
-1.415744 1.254845 1.912755
-1.401293 1.258117 1.929924
-1.339834 1.250807 1.773826
-1.341300 1.228950 1.778559
-1.358336 1.228055 1.780670
-1.359182 1.480203 1.689881
-1.378222 1.472441 1.686762
-1.397896 1.465647 1.683746
-1.423852 1.471029 1.680364
-1.417169 1.460460 1.682633
-1.436099 1.454284 1.685405
-1.442139 1.463375 1.683542
-1.474939 1.448422 1.703472
-1.468671 1.442356 1.704025
-1.479806 1.436729 1.713434
-1.485760 1.442349 1.711019
-1.488514 1.431289 1.720705
-1.495974 1.427943 1.728840
-1.502014 1.425195 1.739521
-1.507792 1.419726 1.749846
-1.523633 1.432638 1.743335
-1.517623 1.439567 1.734006
-1.482554 1.455553 1.702541
-1.468496 1.463116 1.692892
-1.375422 1.502693 1.693183
-1.357378 1.509404 1.700409
-1.466813 1.400296 1.798522
-1.463842 1.394413 1.782104
-1.460526 1.392977 1.766049
-1.457488 1.394596 1.751769
-1.454341 1.399847 1.738948
-1.451174 1.406656 1.727181
-1.456980 1.416819 1.720236
-1.448509 1.414761 1.717084
-1.457486 1.423440 1.713835
-1.447444 1.423185 1.708752
-1.448006 1.432158 1.701676
-1.449893 1.440837 1.696201
-1.453795 1.448475 1.693223
-1.459859 1.455711 1.692173
-1.451365 1.471809 1.683429
-1.432555 1.480602 1.679276
-1.422946 1.501006 1.680774
-1.433975 1.509651 1.679768
-1.413621 1.489073 1.680840
-1.404676 1.478462 1.681472
-1.480464 1.583995 1.715456
-1.461004 1.590669 1.709293
-1.515659 1.384332 1.788647
-1.512152 1.384359 1.786855
-1.509400 1.379759 1.790663
-1.514612 1.376781 1.795704
-1.520894 1.377609 1.798582
-1.528577 1.390274 1.790958
-1.520123 1.386408 1.789925
-1.528737 1.381271 1.800287
-1.537785 1.389184 1.802269
-1.536720 1.397457 1.791868
-1.544938 1.399772 1.802422
-1.543580 1.405613 1.792031
-1.549897 1.411331 1.798265
-1.547945 1.412739 1.791180
-1.545310 1.440205 1.758480
-1.548183 1.430677 1.770623
-1.548806 1.420882 1.782579
-1.512631 1.411109 1.760008
-1.516917 1.402562 1.770459
-1.519573 1.393664 1.781505
-1.527696 1.398907 1.780914
-1.524500 1.407573 1.768949
-1.520248 1.416378 1.757143
-1.366585 1.490383 1.690740
-1.385303 1.486027 1.685041
-1.494926 1.438096 1.718342
-1.502296 1.434983 1.725882
-1.509180 1.432209 1.734507
-1.515709 1.425761 1.745530
-1.510026 1.443218 1.723935
-1.502399 1.446798 1.716540
-1.493366 1.450778 1.710056
-1.394922 1.496538 1.685666
-1.348622 1.496119 1.697260
-1.529776 1.505708 1.817405
-1.547812 1.515495 1.805292
-1.561573 1.517026 1.786322
-1.564572 1.511302 1.763500
-1.461707 1.283058 1.929360
-1.303824 1.310940 1.755388
-1.302703 1.285396 1.765688
-1.320782 1.277587 1.762696
-1.318454 1.430406 1.708453
-1.341257 1.486953 1.692904
-1.458337 1.444888 1.890731
-1.451315 1.450425 1.897065
-1.455708 1.460835 1.888295
-1.462930 1.454821 1.881882
-1.467961 1.434652 1.875744
-1.464041 1.439544 1.883165
-1.468310 1.449110 1.874726
-1.472272 1.443363 1.867739
-1.470236 1.428775 1.868158
-1.474439 1.437453 1.860629
-1.458838 1.429104 1.889735
-1.453373 1.433626 1.897352
-1.446613 1.438193 1.903773
-1.465076 1.420227 1.874525
-1.462642 1.424986 1.881898
-1.427036 1.726022 1.862161
-1.424894 1.740373 1.873664
-1.435718 1.780099 1.863443
-1.437856 1.781651 1.859710
-1.428392 1.592475 1.825892
-1.430069 1.602348 1.820312
-1.390957 1.480516 1.910571
-1.403947 1.508824 1.891636
-1.406624 1.515617 1.879566
-1.411790 1.526959 1.869016
-1.426592 1.583007 1.833541
-1.397421 1.494859 1.902218
-1.427663 1.063229 1.912164
-1.409621 1.040293 1.914449
-1.413720 1.058357 1.892176
-1.399077 1.041993 1.892767
-1.427898 1.120418 1.860144
-1.424721 1.098686 1.874202
-1.431351 1.144135 1.846740
-1.378385 1.030063 1.889572
-1.352077 1.024755 1.885350
-1.347399 1.037152 1.861666
-1.413813 1.132737 1.833328
-1.411488 1.109513 1.847038
-1.405184 1.057432 1.880571
-1.421065 1.076612 1.885044
-1.406970 1.069412 1.872200
-1.372439 1.041040 1.869264
-1.393229 1.049008 1.877386
-1.327629 1.187445 1.787908
-1.302905 1.169140 1.792383
-1.329464 1.165481 1.792683
-1.405566 1.196803 1.803246
-1.391944 1.170014 1.800625
-1.391409 1.061991 1.863545
-1.370514 1.056056 1.851749
-1.345754 1.053559 1.842150
-1.352639 1.119245 1.806065
-1.349437 1.096733 1.813996
-1.373079 1.098011 1.823319
-1.374674 1.120689 1.813474
-1.394095 1.148093 1.810826
-1.394428 1.125036 1.822157
-1.353559 1.142138 1.799694
-1.374652 1.144014 1.804334
-1.372431 1.165951 1.795677
-1.393229 1.101470 1.834900
-1.319102 1.075013 1.821110
-1.346278 1.074232 1.825550
-1.290767 1.082578 1.823334
-1.351859 1.165051 1.793199
-1.348007 1.186596 1.788115
-1.344369 1.207748 1.783569
-1.338397 1.273022 1.762952
-1.442102 1.091235 2.186319
-1.292338 1.095378 2.012262
-1.285691 1.078594 1.994841
-1.454873 1.167537 1.951250
-1.450626 1.103700 1.923288
-1.436126 1.088089 1.902789
-1.325725 1.143802 2.034356
-1.309925 1.124323 2.029715
-1.440211 1.183593 1.966465
-1.397610 1.187267 2.011389
-1.298801 1.109801 2.023020
-1.408797 1.087953 1.860701
-1.390520 1.079743 1.848672
-1.370241 1.075198 1.835616
-1.317098 1.055543 1.836287
-1.288746 1.063504 1.837312
-1.309654 1.175884 2.013821
-1.306852 1.183832 2.014138
-1.299136 1.182296 2.015708
-1.297457 1.169878 2.017374
-1.384889 1.248307 1.952771
-1.368069 1.252118 1.966759
-1.333368 1.258017 1.986241
-1.316689 1.261027 1.991275
-1.430463 1.237704 1.902243
-1.350571 1.254702 1.977834
-1.417963 1.240815 1.920907
-1.401356 1.244293 1.937435
-1.422267 0.690232 2.382766
-1.425004 0.670306 2.400304
-1.423045 0.663884 2.387387
-1.418377 0.684541 2.370845
-1.428596 0.674417 2.345734
-1.419926 0.677093 2.354744
-1.441891 0.673344 2.340940
-1.440835 0.650656 2.355934
-1.452477 0.652795 2.359266
-1.455174 0.674389 2.342287
-1.463936 0.677707 2.348134
-1.469462 0.660581 2.372349
-1.473289 0.668269 2.387036
-1.477021 0.689351 2.372156
-1.471113 0.682413 2.356947
-1.474670 0.696932 2.390380
-1.472672 0.676688 2.405071
-1.463968 0.701391 2.403751
-1.430272 0.695849 2.395154
-1.431388 0.677456 2.414319
-1.428666 0.651988 2.360238
-1.422466 0.655264 2.370537
-1.417178 0.680346 2.362980
-1.423262 0.659476 2.378601
-1.422732 0.642979 2.406726
-1.418753 0.650875 2.420791
-1.427640 0.628423 2.374403
-1.425793 0.633305 2.386446
-1.450673 0.631141 2.375888
-1.439059 0.627256 2.368623
-1.472669 0.638554 2.386321
-1.461712 0.656629 2.365362
-1.461848 0.634801 2.381223
-1.475725 0.647012 2.400283
-1.474139 0.657458 2.421504
-1.429979 0.659565 2.434777
-1.425116 0.637620 2.396476
-1.523239 0.651015 2.581550
-1.517088 0.652139 2.584324
-1.517876 0.655650 2.580794
-1.521762 0.654360 2.579080
-1.491496 0.662486 2.597599
-1.479888 0.661288 2.599727
-1.481732 0.669671 2.595838
-1.490338 0.670731 2.594713
-1.507184 0.659258 2.593877
-1.514141 0.657577 2.591424
-1.511295 0.653239 2.591364
-1.506869 0.654369 2.592811
-1.534137 0.635567 2.552330
-1.538237 0.632779 2.549156
-1.536900 0.629438 2.550349
-1.533772 0.630792 2.552864
-1.527283 0.643679 2.570958
-1.531861 0.641155 2.567775
-1.529796 0.637768 2.568368
-1.526585 0.638789 2.570696
-1.486212 0.662492 2.574240
-1.489911 0.668473 2.585248
-1.477468 0.667172 2.587532
-1.471855 0.664059 2.574766
-1.469929 0.659119 2.591184
-1.476016 0.652497 2.590332
-1.470387 0.645145 2.579560
-1.463757 0.653185 2.577939
-1.488202 0.651455 2.589188
-1.484417 0.645490 2.579107
-1.492388 0.653291 2.576234
-1.498077 0.659755 2.587183
-1.510038 0.651257 2.573032
-1.516217 0.654735 2.582610
-1.511090 0.661074 2.582273
-1.505228 0.658495 2.571263
-1.503863 0.662863 2.585280
-1.495894 0.660579 2.575268
-1.492420 0.653042 2.579813
-1.498140 0.658388 2.590079
-1.501900 0.651261 2.588587
-1.495765 0.646032 2.578782
-1.504184 0.645117 2.575866
-1.509971 0.649324 2.585378
-1.518731 0.651534 2.561942
-1.521038 0.652777 2.573080
-1.514614 0.654198 2.575919
-1.509918 0.653555 2.566661
-1.510566 0.649447 2.580574
-1.514568 0.644624 2.579589
-1.510504 0.640968 2.571015
-1.506529 0.646733 2.572110
-1.518652 0.639613 2.567491
-1.521378 0.643194 2.577410
-1.522955 0.645303 2.564395
-1.525559 0.647578 2.574407
-1.533002 0.636669 2.550750
-1.533394 0.638068 2.561054
-1.531333 0.643970 2.559668
-1.529892 0.643345 2.548694
-1.526376 0.646401 2.561579
-1.523520 0.645748 2.553562
-1.522355 0.643689 2.565815
-1.523609 0.636632 2.566787
-1.522632 0.634260 2.559268
-1.521334 0.642156 2.558955
-1.529687 0.634370 2.563902
-1.529187 0.631365 2.554830
-1.537614 0.633815 2.532437
-1.538163 0.627043 2.533309
-1.540374 0.630286 2.542449
-1.539304 0.635844 2.541172
-1.534052 0.638152 2.544363
-1.532592 0.637243 2.537591
-1.530597 0.634844 2.547944
-1.530975 0.628284 2.549432
-1.529868 0.625931 2.543418
-1.530799 0.633464 2.542192
-1.536630 0.626023 2.546360
-1.534589 0.623545 2.538271
-1.467108 0.659387 2.562264
-1.485182 0.655838 2.562531
-1.480930 0.656882 2.596659
-1.459946 0.646851 2.566416
-1.487627 0.656483 2.595751
-1.483942 0.639375 2.568201
-1.466805 0.638608 2.567647
-1.489101 0.650311 2.571639
-1.512557 0.661920 2.588872
-1.504473 0.646445 2.566795
-1.501820 0.636141 2.562874
-1.508194 0.662915 2.590426
-1.501548 0.652709 2.556774
-1.515718 0.645354 2.546602
-1.518138 0.647693 2.583702
-1.521671 0.647104 2.582323
-1.516950 0.630518 2.553766
-1.520705 0.641850 2.556318
-1.531536 0.644718 2.565639
-1.530945 0.633514 2.542025
-1.527001 0.623862 2.541715
-1.528207 0.646006 2.566582
-1.527594 0.638426 2.533683
-1.537039 0.635375 2.546796
-1.536580 0.623050 2.523037
-1.532388 0.618071 2.530016
-1.535003 0.637414 2.548579
-1.535268 0.631910 2.522612
-1.440001 0.700142 2.404650
-1.441221 0.682284 2.423296
-1.451803 0.702317 2.408393
-1.463745 0.681994 2.419448
-1.453134 0.683653 2.425666
-1.442628 0.666489 2.444388
-1.466278 0.663471 2.437173
-1.455570 0.667570 2.444646
-1.474216 0.619961 2.394361
-1.479734 0.627754 2.408086
-1.460825 0.616030 2.389275
-1.437058 0.607491 2.376056
-1.449777 0.611334 2.381952
-1.444242 0.654961 2.462151
-1.432011 0.644565 2.450516
-1.459728 0.657642 2.461955
-1.472346 0.652312 2.453079
-1.458174 0.655872 2.548296
-1.453144 0.646989 2.531960
-1.467351 0.655559 2.526048
-1.476252 0.656135 2.543850
-1.484417 0.651775 2.520534
-1.492322 0.650408 2.538541
-1.497870 0.643231 2.512885
-1.506118 0.643428 2.529876
-1.510046 0.634949 2.504406
-1.519255 0.636489 2.519945
-1.520639 0.625119 2.496881
-1.529655 0.628913 2.510894
-1.526578 0.613699 2.495686
-1.534734 0.618897 2.510615
-1.451092 0.640312 2.553314
-1.448082 0.631871 2.535827
-1.460896 0.628245 2.554444
-1.456986 0.618771 2.537926
-1.476750 0.625558 2.549963
-1.471805 0.615641 2.533523
-1.523659 0.603869 2.502617
-1.529475 0.610542 2.518357
-1.493019 0.622081 2.542386
-1.487352 0.613063 2.525380
-1.507430 0.616373 2.534622
-1.501530 0.607888 2.517689
-1.519374 0.611780 2.526357
-1.513615 0.603663 2.510046
-1.458064 0.652470 2.507665
-1.475232 0.654161 2.500355
-1.488174 0.644969 2.492337
-1.499480 0.633615 2.484529
-1.508861 0.619975 2.478866
-1.516479 0.608152 2.477444
-1.491317 0.631727 2.457669
-1.497356 0.611172 2.458085
-1.504208 0.599492 2.459982
-1.487936 0.601611 2.437410
-1.492007 0.590031 2.441710
-1.469918 0.583350 2.405164
-1.474541 0.570354 2.408755
-1.482581 0.580362 2.423295
-1.478272 0.591961 2.419152
-1.484638 0.619475 2.433436
-1.476639 0.609682 2.414622
-1.468070 0.602404 2.401215
-1.454541 0.560045 2.393687
-1.466104 0.564182 2.399399
-1.462023 0.577593 2.395637
-1.451995 0.573171 2.387107
-1.434633 0.569706 2.385049
-1.437920 0.556814 2.393714
-1.423266 0.572298 2.397372
-1.424876 0.559362 2.404389
-1.449987 0.592871 2.384305
-1.459161 0.596753 2.392778
-1.436039 0.589784 2.380503
-1.425242 0.592108 2.391125
-1.425912 0.598579 2.407549
-1.423655 0.579929 2.415378
-1.421943 0.566873 2.420929
-1.449000 0.636918 2.512020
-1.447820 0.623687 2.514309
-1.480569 0.648566 2.471029
-1.466285 0.656156 2.479913
-1.447437 0.648087 2.482328
-1.440973 0.628451 2.490954
-1.444788 0.613236 2.492918
-1.439752 0.601813 2.473583
-1.434215 0.614918 2.471153
-1.454925 0.612758 2.515277
-1.452439 0.605353 2.491987
-1.446833 0.594206 2.472898
-1.432837 0.590512 2.457330
-1.428821 0.603016 2.453662
-1.428327 0.581870 2.444233
-1.427501 0.594750 2.438868
-1.425723 0.587644 2.427757
-1.424301 0.574576 2.433376
-1.426846 0.610705 2.429893
-1.426656 0.605173 2.419087
-1.427470 0.618805 2.445335
-1.432968 0.631885 2.463568
-1.514536 0.597732 2.483801
-1.504264 0.590818 2.464763
-1.491837 0.582797 2.446416
-1.481356 0.571685 2.429399
-1.472126 0.562067 2.416406
-1.463900 0.556777 2.408883
-1.440890 0.552529 2.403955
-1.454060 0.553368 2.403665
-1.431118 0.554488 2.411273
-1.429350 0.559377 2.425009
-1.430503 0.564991 2.435963
-1.439224 0.581550 2.457729
-1.433891 0.571602 2.446051
-1.421040 0.633562 2.435387
-1.422135 0.626235 2.420036
-1.424416 0.620965 2.409259
-1.426632 0.610225 2.384611
-1.426026 0.616032 2.398741
-1.467098 0.607284 2.511540
-1.481595 0.604148 2.504088
-1.494878 0.599498 2.496679
-1.506026 0.596511 2.490583
-1.497106 0.588653 2.470418
-1.487037 0.590424 2.475936
-1.474713 0.594014 2.483075
-1.462097 0.599417 2.488931
-1.486231 0.579882 2.452135
-1.477693 0.580604 2.457454
-1.465720 0.582646 2.463581
-1.455530 0.587714 2.470048
-1.447174 0.575398 2.454740
-1.455780 0.571671 2.448281
-1.467236 0.570333 2.442131
-1.474874 0.569509 2.436059
-1.465873 0.561623 2.424086
-1.458477 0.563033 2.430186
-1.448891 0.564215 2.436540
-1.441274 0.567115 2.442340
-1.458955 0.557367 2.417188
-1.443600 0.553172 2.411430
-1.451807 0.554500 2.412432
-1.436768 0.553955 2.415711
-1.436243 0.557745 2.424747
-1.438131 0.561938 2.433556
-1.445030 0.560532 2.428985
-1.442497 0.557661 2.422984
-1.453529 0.559295 2.423731
-1.448842 0.556801 2.418523
-1.441111 0.555455 2.418001
-1.444644 0.555090 2.415786
-1.478356 0.639749 2.434524
-1.442151 0.952253 2.311778
-1.426842 0.951725 2.308627
-1.457720 0.955286 2.307181
-1.418407 1.192121 1.982920
-1.375867 1.322576 1.916824
-1.386415 1.349154 1.902849
-1.380463 1.335581 1.910056
-1.423890 1.185618 2.001165
-1.423678 1.349179 1.850709
-1.467679 1.464896 1.871753
-1.546328 1.735489 1.799918
-1.543891 1.732785 1.799930
-1.541604 1.729601 1.800252
-1.539675 1.726861 1.799289
-1.539159 1.724154 1.797918
-1.539190 1.722450 1.796533
-1.541689 1.729951 1.798225
-1.541977 1.729712 1.793111
-1.542076 1.732184 1.794000
-1.543490 1.732101 1.798665
