ply
format ascii 1.0
element vertex 6890
property float x
property float y
property float z
end_header
-0.301374 1.550719 1.673081
-0.315655 1.540708 1.677222
-0.304174 1.532871 1.679817
-0.289677 1.538583 1.675286
-0.314096 1.526601 1.683634
-0.324210 1.531233 1.680175
-0.295382 1.522736 1.680128
-0.282563 1.524674 1.675121
-0.296157 1.487131 1.686113
-0.289166 1.479296 1.683912
-0.286443 1.490541 1.681312
-0.294682 1.495549 1.683413
-0.303542 1.462438 1.688997
-0.315455 1.457253 1.690894
-0.310605 1.444799 1.688182
-0.298940 1.449320 1.684493
-0.347222 1.479449 1.680529
-0.344518 1.472660 1.684745
-0.339428 1.478540 1.685919
-0.342343 1.484476 1.681129
-0.354141 1.491233 1.676008
-0.349420 1.494814 1.673635
-0.354842 1.500487 1.672371
-0.359739 1.496627 1.676071
-0.352455 1.474738 1.678919
-0.349424 1.467815 1.682633
-0.349687 1.485693 1.677728
-0.353615 1.482407 1.678348
-0.363935 1.481233 1.684454
-0.361188 1.484517 1.682307
-0.367004 1.488486 1.684332
-0.368927 1.483680 1.685580
-0.356347 1.476735 1.680177
-0.357347 1.480367 1.681250
-0.360728 1.478156 1.682623
-0.360197 1.475065 1.680381
-0.357994 1.488170 1.678190
-0.363573 1.492925 1.679697
-0.369976 1.496378 1.680318
-0.373954 1.490721 1.685320
-0.337698 1.457776 1.690178
-0.341125 1.465600 1.688385
-0.346315 1.461631 1.686503
-0.343066 1.455358 1.688670
-0.358339 1.470731 1.679031
-0.359613 1.454989 1.685028
-0.358818 1.459020 1.684585
-0.364539 1.461314 1.682464
-0.365173 1.457525 1.683470
-0.333125 1.441768 1.690638
-0.340122 1.442321 1.689249
-0.340720 1.435804 1.688760
-0.333433 1.432941 1.689595
-0.343086 1.429791 1.687706
-0.334632 1.425332 1.687903
-0.344677 1.412131 1.684214
-0.339346 1.417708 1.685928
-0.346992 1.424778 1.687183
-0.353234 1.421169 1.686905
-0.364386 1.428879 1.684016
-0.370168 1.428795 1.681987
-0.368662 1.416636 1.684572
-0.361525 1.418276 1.686423
-0.357240 1.448384 1.680516
-0.353248 1.447572 1.681232
-0.355277 1.449565 1.684317
-0.359547 1.451414 1.684189
-0.350939 1.447067 1.683487
-0.350081 1.446212 1.684570
-0.350090 1.447587 1.684610
-0.350778 1.447138 1.683425
-0.351794 1.447338 1.681822
-0.354220 1.447374 1.683166
-0.351379 1.447290 1.682624
-0.358427 1.447486 1.683255
-0.372073 1.448086 1.679964
-0.368677 1.447835 1.681738
-0.366818 1.450694 1.678042
-0.369770 1.451176 1.676854
-0.352148 1.449737 1.685351
-0.350068 1.451308 1.686316
-0.353994 1.455141 1.685802
-0.354916 1.452061 1.685459
-0.347456 1.453235 1.687324
-0.348346 1.448464 1.686141
-0.345526 1.449029 1.687695
-0.351214 1.444990 1.684772
-0.349102 1.442829 1.685785
-0.348540 1.445044 1.685506
-0.351516 1.440331 1.685542
-0.353716 1.443987 1.684644
-0.357913 1.443400 1.684368
-0.363218 1.443143 1.683838
-0.361193 1.437557 1.684425
-0.355659 1.438420 1.685236
-0.350733 1.459235 1.685951
-0.344974 1.443433 1.687362
-0.340839 1.449637 1.689310
-0.345847 1.439451 1.687131
-0.348292 1.435340 1.686695
-0.352492 1.432306 1.686181
-0.358478 1.430490 1.685338
-0.362729 1.406845 1.681275
-0.354528 1.408888 1.683425
-0.325989 1.524055 1.679147
-0.319018 1.520948 1.682919
-0.318212 1.512326 1.681651
-0.316241 1.514185 1.682668
-0.321642 1.516999 1.680630
-0.322161 1.514769 1.680578
-0.301118 1.499747 1.683166
-0.306300 1.503071 1.682404
-0.306519 1.499637 1.682933
-0.301598 1.494052 1.684867
-0.319048 1.495767 1.684681
-0.313427 1.495818 1.684863
-0.315640 1.502546 1.682007
-0.319767 1.502672 1.682750
-0.323939 1.503312 1.681389
-0.327530 1.504567 1.679311
-0.328425 1.498430 1.680242
-0.324164 1.496851 1.682866
-0.325677 1.518473 1.677729
-0.330401 1.518115 1.672912
-0.330175 1.515758 1.673179
-0.326425 1.516178 1.677274
-0.337433 1.509081 1.665274
-0.335808 1.511075 1.665774
-0.338444 1.512332 1.663740
-0.339724 1.508410 1.663677
-0.339015 1.505709 1.665991
-0.336049 1.507928 1.667076
-0.297969 1.570380 1.658075
-0.314635 1.560213 1.667877
-0.283095 1.558103 1.663767
-0.273699 1.543213 1.667578
-0.268787 1.526222 1.669586
-0.323385 1.442724 1.690323
-0.321002 1.431776 1.688335
-0.306689 1.433196 1.684685
-0.307778 1.422127 1.680925
-0.323137 1.421165 1.685370
-0.333069 1.404202 1.675434
-0.326687 1.411202 1.680701
-0.310004 1.410940 1.672908
-0.293533 1.416918 1.665418
-0.293816 1.426315 1.674121
-0.279413 1.426137 1.659183
-0.290758 1.406316 1.652546
-0.275537 1.422064 1.650962
-0.299127 1.369097 1.643426
-0.293017 1.353610 1.638928
-0.280129 1.357085 1.635088
-0.284575 1.371728 1.640604
-0.294948 1.436937 1.679529
-0.277121 1.497536 1.674761
-0.287122 1.501410 1.679485
-0.278038 1.484499 1.677097
-0.241832 1.542595 1.650845
-0.257857 1.545439 1.659238
-0.255754 1.527821 1.663596
-0.240985 1.527709 1.655291
-0.253473 1.579337 1.626836
-0.275439 1.577304 1.644322
-0.265373 1.563875 1.652228
-0.246655 1.564766 1.640050
-0.229525 1.523595 1.647474
-0.217148 1.516220 1.636020
-0.210488 1.528564 1.625198
-0.225164 1.538413 1.638888
-0.205989 1.544308 1.607065
-0.223681 1.557750 1.623036
-0.273298 1.406298 1.644576
-0.266167 1.422583 1.644992
-0.289687 1.388302 1.646013
-0.275311 1.390252 1.641132
-0.206826 1.556720 1.585146
-0.229159 1.573815 1.605191
-0.204066 1.477225 1.602849
-0.200164 1.495346 1.606723
-0.210326 1.491175 1.623772
-0.211911 1.475496 1.619302
-0.198432 1.478081 1.584099
-0.193615 1.499736 1.586023
-0.234517 1.432559 1.606084
-0.248397 1.420202 1.606375
-0.247077 1.418020 1.594080
-0.231682 1.429755 1.591951
-0.306008 1.520027 1.684810
-0.312791 1.516741 1.684743
-0.307426 1.511873 1.684335
-0.299914 1.512703 1.683601
-0.290162 1.512167 1.679666
-0.278591 1.511156 1.674678
-0.255732 1.512301 1.664243
-0.241676 1.513798 1.656847
-0.222410 1.505224 1.641815
-0.232106 1.511588 1.650362
-0.218802 1.483702 1.632288
-0.219636 1.474017 1.629185
-0.255392 1.427391 1.632787
-0.263637 1.408082 1.632890
-0.259976 1.408223 1.618752
-0.251028 1.423851 1.618248
-0.257809 1.405440 1.592899
-0.258557 1.407011 1.606010
-0.265498 1.375424 1.623740
-0.263414 1.360504 1.615177
-0.258875 1.363264 1.603177
-0.261796 1.376235 1.611718
-0.258383 1.364027 1.588426
-0.262440 1.365040 1.575449
-0.263242 1.378355 1.584887
-0.261657 1.377648 1.596846
-0.316141 1.349155 1.641359
-0.311888 1.336736 1.637329
-0.300826 1.338396 1.636818
-0.305927 1.351388 1.640376
-0.258905 1.349106 1.605333
-0.254054 1.353569 1.593249
-0.238843 1.435891 1.619512
-0.242123 1.440304 1.630724
-0.254579 1.354692 1.578981
-0.263011 1.391868 1.603831
-0.263550 1.390968 1.616150
-0.258691 1.404928 1.581484
-0.248158 1.416699 1.580558
-0.345262 1.489781 1.676726
-0.335064 1.502581 1.673527
-0.333077 1.506540 1.672517
-0.334867 1.507243 1.668925
-0.337332 1.504032 1.669632
-0.339193 1.546682 1.665514
-0.346052 1.530604 1.667609
-0.334865 1.533101 1.675164
-0.327906 1.545532 1.672333
-0.320831 1.471892 1.692188
-0.329525 1.479497 1.689331
-0.335656 1.471445 1.689869
-0.330721 1.462951 1.691976
-0.310245 1.505216 1.681911
-0.308697 1.506800 1.682307
-0.312163 1.507446 1.681880
-0.335188 1.450249 1.690536
-0.326768 1.453107 1.691583
-0.282118 1.470708 1.678578
-0.295830 1.504229 1.682258
-0.267541 1.590758 1.611051
-0.291372 1.588587 1.633255
-0.215044 1.565986 1.564337
-0.240535 1.584093 1.588246
-0.192475 1.503460 1.562769
-0.197625 1.478174 1.561877
-0.200193 1.478837 1.540865
-0.192161 1.506694 1.539371
-0.232678 1.426218 1.578446
-0.268339 1.366139 1.566349
-0.267760 1.380748 1.573966
-0.311242 1.577748 1.649584
-0.328398 1.562820 1.660677
-0.266908 1.510853 1.668806
-0.301027 1.480073 1.688755
-0.305166 1.488715 1.687643
-0.310764 1.486041 1.689386
-0.307859 1.475004 1.690849
-0.295832 1.469377 1.686457
-0.289447 1.458190 1.680353
-0.281674 1.446166 1.672115
-0.280703 1.433446 1.666471
-0.210130 1.505942 1.627067
-0.202202 1.513806 1.613124
-0.195560 1.525127 1.594177
-0.194559 1.531491 1.570500
-0.216126 1.498056 1.633718
-0.200013 1.537481 1.547231
-0.363745 1.465807 1.680718
-0.356274 1.464134 1.682601
-0.364049 1.470452 1.678836
-0.368613 1.442995 1.682383
-0.372476 1.443156 1.680276
-0.371369 1.437011 1.680181
-0.366558 1.437120 1.682689
-0.352373 1.398251 1.670095
-0.343127 1.400037 1.672733
-0.320505 1.362096 1.647663
-0.311395 1.364427 1.645813
-0.364982 1.481053 1.681333
-0.366268 1.482523 1.681263
-0.363385 1.480960 1.680391
-0.362599 1.479275 1.679759
-0.352981 1.448435 1.684089
-0.369851 1.458638 1.681542
-0.372570 1.458768 1.679900
-0.372051 1.454693 1.679427
-0.369347 1.454499 1.681199
-0.314405 1.397962 1.661859
-0.304690 1.383221 1.649109
-0.271634 1.357490 1.626834
-0.273870 1.373314 1.634327
-0.266221 1.391039 1.630259
-0.263019 1.393262 1.590540
-0.264635 1.393494 1.580041
-0.278349 1.394997 1.563985
-0.273706 1.402662 1.564342
-0.264015 1.403299 1.571904
-0.270137 1.393783 1.570289
-0.329421 1.390766 1.661329
-0.340503 1.389949 1.660074
-0.329193 1.376894 1.652983
-0.316230 1.376944 1.652160
-0.370289 1.478640 1.679240
-0.373020 1.477624 1.679417
-0.370704 1.474964 1.677679
-0.368371 1.477232 1.678594
-0.362845 1.476507 1.680243
-0.363899 1.476855 1.678765
-0.363976 1.474301 1.678563
-0.365205 1.480300 1.682796
-0.362948 1.478160 1.681287
-0.371462 1.482349 1.682693
-0.368574 1.482026 1.683497
-0.375117 1.483560 1.685709
-0.367740 1.479696 1.677826
-0.366058 1.478246 1.677989
-0.362635 1.478216 1.678657
-0.363054 1.478182 1.677478
-0.369645 1.483045 1.681854
-0.367524 1.482171 1.681970
-0.365476 1.501322 1.675887
-0.370425 1.503576 1.674214
-0.375304 1.498256 1.678467
-0.380574 1.492352 1.683062
-0.381604 1.484148 1.683422
-0.337169 1.376067 1.651952
-0.327010 1.360704 1.646817
-0.340567 1.563598 1.650986
-0.348567 1.546285 1.657009
-0.350981 1.447196 1.682638
-0.332937 1.523837 1.673280
-0.319009 1.485868 1.689307
-0.338104 1.489767 1.680194
-0.334317 1.485023 1.684807
-0.330817 1.492009 1.682586
-0.334756 1.495001 1.678493
-0.340408 1.521200 1.667528
-0.351206 1.519270 1.664725
-0.344364 1.515570 1.664139
-0.345909 1.509346 1.664137
-0.354104 1.510497 1.666774
-0.349465 1.502905 1.668693
-0.343851 1.503982 1.666162
-0.315027 1.509979 1.682081
-0.312168 1.510678 1.682834
-0.344933 1.497732 1.671387
-0.341346 1.493652 1.675262
-0.337934 1.497732 1.674013
-0.340940 1.500327 1.669613
-0.325730 1.488689 1.686515
-0.302873 1.505885 1.682819
-0.309233 1.497156 1.684012
-0.242905 1.447394 1.639582
-0.252652 1.438435 1.641443
-0.264229 1.435248 1.657579
-0.271105 1.432989 1.654334
-0.267873 1.433021 1.650541
-0.263105 1.436153 1.654144
-0.232011 1.480794 1.644152
-0.227144 1.485427 1.641888
-0.231485 1.488973 1.646633
-0.233688 1.482642 1.646244
-0.237159 1.487380 1.650446
-0.238066 1.490831 1.651908
-0.242587 1.484973 1.654792
-0.237715 1.484848 1.650468
-0.234660 1.500662 1.651620
-0.245378 1.500410 1.657610
-0.246156 1.489341 1.656618
-0.265896 1.493077 1.668159
-0.259799 1.479415 1.663028
-0.253605 1.485842 1.659688
-0.255466 1.497972 1.662052
-0.270621 1.437712 1.659319
-0.270095 1.445829 1.663260
-0.261640 1.434336 1.646419
-0.211522 1.478753 1.522041
-0.200512 1.509952 1.513058
-0.211200 1.460488 1.602973
-0.206108 1.459296 1.585835
-0.217694 1.461370 1.617835
-0.224824 1.462676 1.628260
-0.205190 1.458837 1.565641
-0.209989 1.458600 1.545617
-0.270068 1.476764 1.671286
-0.264217 1.468292 1.664911
-0.221287 1.445131 1.604237
-0.217366 1.443154 1.587782
-0.227054 1.447847 1.619060
-0.231775 1.451654 1.629990
-0.217976 1.441431 1.569477
-0.240679 1.423996 1.565033
-0.223529 1.439016 1.554776
-0.260365 1.444970 1.658996
-0.265153 1.444558 1.658922
-0.265555 1.437904 1.657722
-0.261877 1.439042 1.660018
-0.274706 1.462145 1.671211
-0.267398 1.456762 1.664509
-0.360213 1.505912 1.671972
-0.360787 1.513995 1.665510
-0.365449 1.508810 1.669868
-0.357011 1.521334 1.662490
-0.256866 1.589281 1.570498
-0.283245 1.595188 1.596367
-0.212689 1.542413 1.526824
-0.230556 1.571120 1.544714
-0.374074 1.428949 1.679529
-0.374453 1.416275 1.681584
-0.368569 1.466975 1.678924
-0.371231 1.466616 1.677549
-0.371783 1.462388 1.678675
-0.369194 1.462609 1.680220
-0.335276 1.516326 1.666939
-0.254792 1.415457 1.568602
-0.274218 1.382404 1.566866
-0.276258 1.368079 1.561216
-0.259755 1.355287 1.566610
-0.267989 1.354950 1.557379
-0.371037 1.470798 1.677242
-0.368232 1.471061 1.678279
-0.368933 1.483529 1.681329
-0.365007 1.453549 1.682963
-0.367684 1.474070 1.678198
-0.366499 1.476700 1.678734
-0.372937 1.474344 1.676727
-0.372241 1.470302 1.676198
-0.332061 1.500636 1.677089
-0.330523 1.505903 1.676095
-0.374796 1.479843 1.682256
-0.372144 1.480996 1.680593
-0.378346 1.478858 1.680375
-0.288465 1.340538 1.634369
-0.276843 1.342769 1.627903
-0.374136 1.458797 1.678531
-0.373762 1.454602 1.677943
-0.307283 1.592824 1.619419
-0.254523 1.424221 1.551589
-0.238205 1.438833 1.541219
-0.256296 1.471251 1.659562
-0.252526 1.465620 1.657825
-0.248678 1.471776 1.657098
-0.251903 1.478179 1.658124
-0.323440 1.348246 1.641105
-0.267464 1.345472 1.617046
-0.277232 1.355655 1.552469
-0.310445 1.503716 1.681893
-0.312407 1.502925 1.681679
-0.333482 1.513732 1.668699
-0.222519 1.459319 1.530853
-0.363651 1.447503 1.682955
-0.362249 1.449711 1.679284
-0.282044 1.384377 1.561201
-0.347457 1.389736 1.657642
-0.375115 1.477049 1.678889
-0.264676 1.416483 1.558235
-0.241742 1.476900 1.652203
-0.242787 1.476788 1.656359
-0.244877 1.472938 1.652519
-0.244630 1.473252 1.652556
-0.243708 1.479725 1.658394
-0.242825 1.476744 1.657177
-0.240362 1.479419 1.658156
-0.240612 1.483141 1.657786
-0.246984 1.482063 1.656825
-0.246282 1.476248 1.657666
-0.236985 1.480852 1.657298
-0.236995 1.483706 1.657345
-0.238032 1.485580 1.651758
-0.236307 1.483505 1.648755
-0.231882 1.483184 1.656656
-0.233315 1.485298 1.650626
-0.226480 1.480273 1.655017
-0.227716 1.482475 1.648885
-0.221992 1.475426 1.652823
-0.224492 1.476483 1.646994
-0.263040 1.452163 1.660314
-0.258247 1.450832 1.658166
-0.221363 1.468935 1.652194
-0.224710 1.468970 1.646122
-0.222357 1.461155 1.652149
-0.226041 1.461055 1.646499
-0.225883 1.453777 1.653117
-0.229203 1.453493 1.648067
-0.230796 1.447528 1.653859
-0.234197 1.446786 1.649721
-0.237083 1.442655 1.655655
-0.241264 1.440157 1.652518
-0.228583 1.479024 1.653798
-0.226313 1.473796 1.649276
-0.232650 1.476446 1.642570
-0.232906 1.481102 1.655293
-0.240636 1.465077 1.649423
-0.242855 1.466859 1.648637
-0.241717 1.466121 1.649244
-0.240799 1.463790 1.647639
-0.255270 1.457991 1.659825
-0.254156 1.457021 1.657279
-0.251725 1.462090 1.656266
-0.256380 1.453757 1.656865
-0.256358 1.454569 1.655858
-0.255576 1.457855 1.653982
-0.253591 1.462625 1.652100
-0.255412 1.451545 1.652926
-0.254104 1.451301 1.656646
-0.256049 1.453563 1.651245
-0.256755 1.453893 1.650875
-0.255585 1.457289 1.648345
-0.254251 1.459863 1.650034
-0.260056 1.462024 1.660700
-0.243508 1.452185 1.644651
-0.251063 1.444592 1.646631
-0.244242 1.439530 1.657654
-0.248426 1.434857 1.655815
-0.258992 1.435487 1.659814
-0.254823 1.433434 1.658234
-0.233920 1.470934 1.643204
-0.235853 1.464649 1.643506
-0.258282 1.439893 1.650152
-0.238796 1.458592 1.643818
-0.237920 1.446856 1.654433
-0.243275 1.445465 1.655793
-0.233066 1.450397 1.652905
-0.254118 1.448393 1.658240
-0.255933 1.441898 1.659154
-0.250502 1.439204 1.658631
-0.248822 1.446130 1.657456
-0.239043 1.451043 1.655671
-0.243782 1.449890 1.655237
-0.239372 1.453373 1.651672
-0.247548 1.453949 1.649911
-0.252062 1.452806 1.651687
-0.249540 1.450379 1.655593
-0.247858 1.456176 1.650123
-0.244243 1.459017 1.648047
-0.253931 1.454916 1.650822
-0.237146 1.456137 1.653143
-0.235006 1.459651 1.653997
-0.237013 1.462763 1.652878
-0.238815 1.459808 1.649967
-0.229275 1.455267 1.651366
-0.232239 1.457116 1.653077
-0.234964 1.453400 1.654734
-0.230078 1.462060 1.651385
-0.226726 1.461536 1.649686
-0.232199 1.463295 1.652864
-0.235007 1.465231 1.653399
-0.229322 1.472276 1.650833
-0.229253 1.467272 1.650400
-0.225300 1.468127 1.649006
-0.231902 1.467088 1.651924
-0.232108 1.471025 1.652020
-0.234752 1.469794 1.652851
-0.233333 1.467501 1.652613
-0.238164 1.479975 1.655675
-0.240595 1.478804 1.656137
-0.234415 1.479424 1.652792
-0.236401 1.480428 1.652858
-0.236370 1.477093 1.653028
-0.238106 1.479705 1.652765
-0.238760 1.474942 1.652770
-0.241810 1.472396 1.652745
-0.303015 1.315033 1.630991
-0.307278 1.324888 1.633160
-0.315553 1.323677 1.631184
-0.311782 1.314107 1.628369
-0.237036 1.472241 1.653004
-0.233943 1.474377 1.652946
-0.231071 1.476583 1.651575
-0.239458 1.467493 1.652554
-0.238155 1.466148 1.652678
-0.236995 1.467777 1.652822
-0.239060 1.469803 1.652663
-0.248736 1.466291 1.655681
-0.247176 1.464947 1.650928
-0.246175 1.461880 1.649919
-0.266227 1.301865 1.621654
-0.249193 1.306992 1.612627
-0.257110 1.313969 1.610107
-0.273181 1.309809 1.618588
-0.256011 1.286054 1.637382
-0.257363 1.268256 1.646679
-0.239662 1.271171 1.643670
-0.231778 1.290602 1.627774
-0.244113 1.253934 1.656680
-0.259344 1.250416 1.657762
-0.253958 1.205256 1.688041
-0.250847 1.221227 1.678312
-0.265456 1.219754 1.678943
-0.268765 1.204157 1.688436
-0.240993 1.125981 1.716254
-0.251607 1.127961 1.719287
-0.257716 1.111785 1.714911
-0.245338 1.107787 1.710673
-0.199605 1.221280 1.665495
-0.194167 1.211421 1.663919
-0.190514 1.226741 1.661396
-0.195804 1.236839 1.661143
-0.203530 1.317000 1.593290
-0.214840 1.319105 1.590764
-0.226766 1.307807 1.606019
-0.216223 1.306325 1.611796
-0.197612 1.141688 1.680536
-0.203518 1.150228 1.688746
-0.207088 1.138040 1.693775
-0.202439 1.128902 1.686251
-0.225283 1.059216 1.666211
-0.239786 1.057468 1.675587
-0.240302 1.038254 1.674278
-0.225663 1.039626 1.663556
-0.188318 1.081018 1.619860
-0.189117 1.065634 1.617860
-0.184594 1.066800 1.597187
-0.182447 1.081069 1.599731
-0.229004 1.204265 1.684751
-0.226461 1.219823 1.675724
-0.237858 1.221059 1.677362
-0.240584 1.205245 1.686734
-0.135303 1.135445 1.729436
-0.141531 1.153703 1.716907
-0.151663 1.141534 1.712813
-0.145234 1.123351 1.725200
-0.194188 0.979022 1.618486
-0.193734 0.964912 1.620585
-0.190615 0.967720 1.600716
-0.191530 0.982072 1.598754
-0.149060 1.257539 1.664663
-0.132351 1.268066 1.655440
-0.136277 1.279780 1.647461
-0.151824 1.268532 1.659356
-0.197819 1.188645 1.670959
-0.195927 1.199661 1.667253
-0.202689 1.208531 1.670700
-0.204817 1.195307 1.675929
-0.173505 1.109087 1.601234
-0.170159 1.125293 1.600547
-0.174000 1.125389 1.616375
-0.177870 1.109183 1.618920
-0.182916 1.094268 1.620103
-0.177942 1.094107 1.600909
-0.211514 1.199329 1.679228
-0.209537 1.214569 1.672760
-0.217189 1.217791 1.674247
-0.219290 1.202325 1.682215
-0.265266 1.098140 1.705753
-0.250339 1.093145 1.700253
-0.202010 0.960992 1.639340
-0.202113 0.975307 1.637283
-0.214819 0.971358 1.652660
-0.214652 0.956702 1.654861
-0.256530 1.073103 1.680839
-0.242095 1.073430 1.675003
-0.240549 1.082776 1.682706
-0.254685 1.083287 1.687151
-0.230683 0.952468 1.666892
-0.230671 0.967350 1.664105
-0.247777 0.965257 1.672399
-0.247833 0.949992 1.675605
-0.247784 1.237532 1.668186
-0.262188 1.234895 1.668819
-0.221905 1.126279 1.706254
-0.230341 1.125495 1.711829
-0.233677 1.107271 1.705668
-0.223689 1.108764 1.700408
-0.182753 1.186314 1.647366
-0.181367 1.193768 1.645033
-0.185067 1.212390 1.657315
-0.188285 1.198800 1.658482
-0.186617 0.955166 1.602988
-0.190149 0.951817 1.623272
-0.228442 0.939473 1.670116
-0.246180 0.935859 1.679292
-0.165665 1.173580 1.604702
-0.170704 1.177851 1.611058
-0.168790 1.177486 1.607656
-0.162830 1.174015 1.599719
-0.287486 1.130928 1.715191
-0.279510 1.110419 1.711154
-0.268845 1.122563 1.718309
-0.274128 1.139384 1.719055
-0.226776 1.094431 1.689875
-0.238058 1.092637 1.694995
-0.227889 1.084502 1.678104
-0.300154 1.121430 1.706970
-0.290989 1.097205 1.697731
-0.278111 1.231935 1.669294
-0.281299 1.217769 1.678803
-0.276225 1.248059 1.660220
-0.275693 1.264257 1.650905
-0.292763 1.260249 1.653022
-0.293107 1.243841 1.661622
-0.276450 1.280284 1.643024
-0.293878 1.275790 1.645976
-0.283472 1.299618 1.628820
-0.288200 1.307377 1.624848
-0.189794 1.188969 1.660660
-0.190902 1.179428 1.663433
-0.211776 0.943067 1.658303
-0.179639 1.247664 1.520880
-0.166648 1.246353 1.534876
-0.170393 1.232346 1.529559
-0.184559 1.233455 1.515642
-0.203167 1.303747 1.617827
-0.192664 1.314484 1.597619
-0.150231 1.181014 1.572707
-0.153168 1.176863 1.573989
-0.157415 1.177841 1.564582
-0.155456 1.182260 1.562709
-0.156908 1.172455 1.596021
-0.152237 1.173545 1.595775
-0.145753 1.165191 1.606113
-0.150277 1.163736 1.606998
-0.192001 0.971048 1.580531
-0.194619 0.984832 1.578763
-0.189773 1.095521 1.543555
-0.181711 1.111232 1.547351
-0.177287 1.103084 1.564016
-0.183852 1.087687 1.561151
-0.281192 1.231378 1.498222
-0.260887 1.235471 1.498633
-0.260817 1.220774 1.496246
-0.280723 1.216297 1.495950
-0.216188 1.259067 1.504650
-0.238936 1.254752 1.501792
-0.237893 1.267911 1.504755
-0.212905 1.273446 1.510380
-0.197509 1.247283 1.509450
-0.201897 1.232525 1.504450
-0.172200 1.112669 1.583923
-0.168961 1.128384 1.585188
-0.162452 1.150931 1.584471
-0.161287 1.158580 1.584857
-0.163014 1.157421 1.596587
-0.164063 1.149553 1.597442
-0.224229 1.325905 1.586556
-0.209330 1.326376 1.571903
-0.220619 1.332777 1.567213
-0.247864 1.314649 1.522405
-0.238603 1.318366 1.528574
-0.232583 1.312273 1.526308
-0.247577 1.308431 1.518733
-0.258340 1.158613 1.492281
-0.257983 1.137139 1.495247
-0.278213 1.136843 1.491518
-0.278281 1.157328 1.488293
-0.159305 1.166413 1.577538
-0.158847 1.169621 1.571286
-0.157045 1.171901 1.577358
-0.158668 1.168862 1.581796
-0.161015 1.165971 1.566865
-0.160570 1.161500 1.575083
-0.161993 1.154207 1.573445
-0.162817 1.159183 1.563521
-0.175671 1.126146 1.552687
-0.169738 1.139370 1.556625
-0.168535 1.133181 1.570720
-0.172707 1.118709 1.568026
-0.284268 1.071460 1.503902
-0.282013 1.091793 1.498488
-0.264160 1.091062 1.501639
-0.267362 1.069069 1.504249
-0.172197 1.185214 1.631670
-0.170099 1.173387 1.640243
-0.174806 1.181864 1.649065
-0.174857 1.192116 1.641999
-0.127163 1.168305 1.608070
-0.123476 1.173030 1.608156
-0.117754 1.167871 1.616510
-0.120704 1.163486 1.615577
-0.161988 1.149047 1.644717
-0.158077 1.131238 1.656907
-0.163891 1.141337 1.663452
-0.167919 1.158131 1.651146
-0.172382 1.313169 1.577363
-0.182361 1.317751 1.575914
-0.181263 1.313031 1.600940
-0.156461 1.153067 1.622940
-0.151219 1.150937 1.618306
-0.145833 1.136991 1.627691
-0.152093 1.137706 1.632679
-0.120044 1.144377 1.728954
-0.126408 1.162244 1.716585
-0.146131 1.107290 1.662696
-0.152503 1.123914 1.650396
-0.145605 1.120742 1.644363
-0.138005 1.103364 1.656545
-0.190782 1.073757 1.558804
-0.198441 1.080908 1.542083
-0.208023 0.973748 1.544340
-0.212299 0.991408 1.542688
-0.201991 0.988744 1.558815
-0.198057 0.972523 1.561010
-0.189183 0.956487 1.581504
-0.206209 0.956942 1.546862
-0.195821 0.957120 1.562946
-0.240952 1.342501 1.572704
-0.229897 1.338179 1.567411
-0.236867 1.337597 1.551992
-0.246487 1.343940 1.557290
-0.147638 0.852537 1.586768
-0.147681 0.855467 1.613070
-0.146015 0.828196 1.611961
-0.146434 0.824516 1.587116
-0.262566 1.329133 1.530208
-0.265688 1.336863 1.538077
-0.254877 1.340677 1.546326
-0.248037 1.333507 1.540285
-0.151947 0.878946 1.587143
-0.152325 0.879195 1.612945
-0.243391 1.335403 1.590271
-0.232513 1.331117 1.586122
-0.254766 1.327573 1.602671
-0.244068 1.321128 1.599736
-0.266542 1.323003 1.613639
-0.153297 0.852806 1.638322
-0.149132 0.830288 1.643123
-0.250110 1.348680 1.569445
-0.257143 1.347683 1.557061
-0.268351 1.345198 1.547718
-0.279319 1.345130 1.542431
-0.290353 1.347214 1.539729
-0.288239 1.356863 1.547933
-0.181614 0.941986 1.605526
-0.183172 0.942825 1.583601
-0.183872 0.703625 1.545979
-0.184728 0.689434 1.565118
-0.213153 0.684773 1.551758
-0.208808 0.698897 1.532547
-0.273859 0.706174 1.519089
-0.239833 0.699511 1.524359
-0.245320 0.687327 1.543781
-0.279863 0.694506 1.541465
-0.264737 0.829363 1.480972
-0.266129 0.852228 1.485600
-0.239184 0.852692 1.490933
-0.236720 0.830243 1.485254
-0.189876 0.942088 1.563173
-0.200528 0.940891 1.546354
-0.185735 0.940031 1.625938
-0.158146 0.711927 1.704142
-0.163996 0.679803 1.715597
-0.151638 0.670275 1.682881
-0.144782 0.701708 1.670694
-0.170662 0.653753 1.617782
-0.194859 0.648856 1.596535
-0.188110 0.670939 1.584687
-0.161965 0.679017 1.607736
-0.263943 0.932506 1.687379
-0.262331 0.917510 1.690728
-0.244162 0.921683 1.682136
-0.314060 0.923703 1.699213
-0.315044 0.908165 1.703118
-0.297298 0.910673 1.701661
-0.296207 0.926456 1.697696
-0.306486 0.813264 1.691530
-0.303062 0.834215 1.691286
-0.318295 0.832114 1.692954
-0.319975 0.812712 1.689656
-0.166096 0.852881 1.663387
-0.172676 0.870166 1.656805
-0.191411 0.865543 1.672726
-0.186352 0.849670 1.679359
-0.252832 0.679000 1.565216
-0.285684 0.688782 1.566293
-0.181354 0.721939 1.730407
-0.185001 0.689499 1.742977
-0.212677 0.697159 1.757678
-0.209698 0.727604 1.745070
-0.239706 0.729367 1.744650
-0.243259 0.699958 1.756869
-0.314736 0.742563 1.658280
-0.311324 0.736626 1.657236
-0.300421 0.758062 1.673659
-0.306992 0.765518 1.675592
-0.266793 0.739291 1.490549
-0.235783 0.735690 1.494651
-0.236839 0.715546 1.507387
-0.269719 0.721620 1.501904
-0.214094 0.939079 1.533076
-0.219114 0.956566 1.534379
-0.234013 0.954814 1.526033
-0.236267 0.975156 1.524308
-0.221200 0.974324 1.532918
-0.223767 1.099462 1.515061
-0.213351 1.117032 1.515526
-0.199864 1.104761 1.528033
-0.209395 1.089400 1.527215
-0.240675 1.240401 1.498798
-0.241209 1.225616 1.496233
-0.225970 0.651481 1.582812
-0.225178 0.626480 1.598557
-0.256707 0.635244 1.594893
-0.263998 0.668794 1.580199
-0.176315 0.627822 1.633220
-0.153607 0.661509 1.649562
-0.161328 0.633285 1.662265
-0.170678 0.650602 1.728194
-0.160069 0.640974 1.694898
-0.217233 0.667041 1.768650
-0.247084 0.670401 1.766687
-0.306797 0.684638 1.693740
-0.306579 0.661072 1.698532
-0.293597 0.666332 1.724023
-0.292408 0.690998 1.718026
-0.270347 0.815255 1.693683
-0.262167 0.799753 1.695960
-0.235060 0.815394 1.697297
-0.237582 0.832831 1.691007
-0.295811 0.942545 1.694204
-0.309591 0.939284 1.695524
-0.265193 0.947411 1.683695
-0.281522 0.945195 1.690351
-0.280822 0.929503 1.693792
-0.293720 1.018945 1.694732
-0.295774 0.999234 1.693943
-0.278222 0.999465 1.689849
-0.275464 1.018636 1.690916
-0.272787 1.038738 1.691154
-0.291545 1.039638 1.694725
-0.290432 1.079767 1.687106
-0.272777 1.075512 1.684877
-0.271403 1.087239 1.692073
-0.294539 1.227772 1.669462
-0.296965 1.213636 1.677806
-0.163453 0.826943 1.669065
-0.293349 0.672934 1.598844
-0.285391 0.642886 1.605816
-0.303262 0.648142 1.625476
-0.308567 0.673510 1.620291
-0.159499 0.875160 1.635491
-0.198930 0.947001 1.643530
-0.195059 0.935953 1.644986
-0.199555 1.083806 1.644572
-0.199209 1.065361 1.638319
-0.260543 1.132284 1.720203
-0.261221 1.145181 1.719201
-0.145263 0.691207 1.636391
-0.221833 0.637628 1.777862
-0.250945 0.641424 1.775257
-0.256331 0.611774 1.783099
-0.226782 0.608890 1.786196
-0.308426 0.629015 1.680696
-0.303807 0.600326 1.688933
-0.302758 0.605637 1.711787
-0.305280 0.634142 1.704001
-0.299949 0.571905 1.699505
-0.297898 0.544306 1.708298
-0.301422 0.547727 1.729908
-0.301104 0.577079 1.721548
-0.189488 0.659647 1.753411
-0.184120 0.595465 1.747543
-0.177472 0.623089 1.737514
-0.195627 0.631057 1.762938
-0.200688 0.602511 1.772400
-0.196724 0.624040 1.615309
-0.314036 0.678446 1.670219
-0.311951 0.655854 1.673958
-0.288232 0.588544 1.652037
-0.296201 0.617886 1.638992
-0.277840 0.610411 1.621618
-0.271040 0.581412 1.636590
-0.184452 0.578379 1.664055
-0.179822 0.602491 1.651340
-0.168567 0.607975 1.677117
-0.174466 0.583466 1.689223
-0.168686 0.614719 1.706778
-0.175700 0.588575 1.717622
-0.196680 0.540966 1.770653
-0.190156 0.567973 1.758706
-0.207294 0.574338 1.782807
-0.214662 0.546424 1.792519
-0.186311 0.536214 1.741519
-0.180817 0.562332 1.728800
-0.185030 0.532836 1.714606
-0.179518 0.557866 1.701060
-0.193121 0.531239 1.691444
-0.188495 0.554741 1.677372
-0.205942 0.529327 1.673661
-0.203655 0.551672 1.659058
-0.223551 0.551366 1.649112
-0.223832 0.529606 1.664246
-0.243859 0.530800 1.660906
-0.245761 0.553209 1.645627
-0.278892 0.536187 1.674260
-0.282737 0.561594 1.663981
-0.266497 0.556299 1.650526
-0.262742 0.532800 1.663621
-0.267276 0.450663 1.695619
-0.271315 0.469040 1.693035
-0.254003 0.470082 1.691960
-0.250806 0.452512 1.696527
-0.234983 0.453437 1.699725
-0.237756 0.470682 1.695928
-0.222103 0.470334 1.700360
-0.220552 0.453597 1.705282
-0.201449 0.467701 1.729170
-0.200927 0.447848 1.734076
-0.208163 0.451630 1.716797
-0.208578 0.469266 1.710958
-0.195434 0.465479 1.750633
-0.197011 0.444748 1.754698
-0.198506 0.463041 1.773774
-0.203069 0.440720 1.775159
-0.215448 0.462437 1.795174
-0.220591 0.438273 1.793387
-0.298283 0.468193 1.736692
-0.295988 0.469337 1.717753
-0.293690 0.447706 1.714940
-0.298364 0.445955 1.733682
-0.291835 0.465871 1.782449
-0.289545 0.439653 1.772695
-0.282294 0.439348 1.797734
-0.281849 0.466674 1.807855
-0.203330 0.513912 1.782268
-0.192305 0.510637 1.754065
-0.190401 0.509441 1.728693
-0.197606 0.508752 1.705929
-0.276451 0.511952 1.682527
-0.259777 0.510138 1.675028
-0.301122 0.519320 1.735500
-0.297545 0.517475 1.713939
-0.254913 0.493399 1.817420
-0.230221 0.490967 1.810134
-0.223188 0.519038 1.800900
-0.248659 0.522767 1.808218
-0.195981 0.486847 1.765379
-0.193971 0.487029 1.740939
-0.200273 0.487772 1.718766
-0.223061 0.488333 1.691199
-0.208491 0.487467 1.700835
-0.239904 0.489184 1.686873
-0.274211 0.489418 1.688506
-0.256857 0.489337 1.684762
-0.299301 0.492709 1.737726
-0.296418 0.492289 1.717109
-0.260801 0.438572 1.812515
-0.235441 0.437391 1.810373
-0.234566 0.463751 1.815177
-0.259288 0.465339 1.821297
-0.261063 0.412746 1.799032
-0.279943 0.414723 1.786157
-0.219396 0.434280 1.705037
-0.232517 0.435087 1.698849
-0.207728 0.431429 1.716514
-0.207263 0.415726 1.772314
-0.196362 0.422678 1.751489
-0.223329 0.410956 1.788371
-0.238722 0.413342 1.801099
-0.283293 0.406436 1.704431
-0.288664 0.401567 1.720184
-0.293828 0.425738 1.727672
-0.288062 0.428205 1.711815
-0.260139 0.411392 1.687940
-0.263051 0.432495 1.697300
-0.247518 0.433643 1.697388
-0.245423 0.414298 1.684472
-0.214967 0.412610 1.696553
-0.229497 0.414484 1.687537
-0.202539 0.410060 1.708566
-0.195787 0.397412 1.745086
-0.194570 0.404939 1.724801
-0.199266 0.428323 1.732402
-0.209486 0.388229 1.768352
-0.231540 0.352938 1.769478
-0.208294 0.359255 1.759947
-0.233194 0.382172 1.779765
-0.258737 0.269888 1.721857
-0.260468 0.240148 1.706106
-0.241471 0.239228 1.713008
-0.237574 0.267947 1.729724
-0.282723 0.381362 1.692010
-0.287138 0.376342 1.709318
-0.244230 0.391511 1.669178
-0.260871 0.388609 1.672401
-0.191535 0.341676 1.725206
-0.187779 0.351843 1.701751
-0.190769 0.379737 1.714176
-0.193911 0.370031 1.736926
-0.295857 0.290716 1.671884
-0.294484 0.320296 1.684102
-0.289500 0.326173 1.665267
-0.291668 0.296411 1.653598
-0.244297 0.365048 1.653352
-0.245385 0.336779 1.639669
-0.264528 0.333961 1.643781
-0.262652 0.362175 1.657206
-0.197845 0.281368 1.698915
-0.191751 0.289431 1.677145
-0.187750 0.321600 1.689115
-0.192761 0.312242 1.712054
-0.232738 0.325159 1.757770
-0.233891 0.296627 1.744458
-0.209427 0.303191 1.733959
-0.207117 0.331467 1.747554
-0.256662 0.326415 1.749686
-0.257024 0.298563 1.736694
-0.285246 0.229301 1.636702
-0.289356 0.223757 1.650247
-0.292852 0.257659 1.661401
-0.289030 0.263354 1.644862
-0.246953 0.304982 1.629337
-0.248281 0.270735 1.623125
-0.265564 0.269858 1.625581
-0.265946 0.303593 1.632245
-0.213220 0.215261 1.671812
-0.208645 0.221589 1.652732
-0.199279 0.255463 1.665215
-0.204812 0.248910 1.685263
-0.245566 0.207645 1.695044
-0.225991 0.209753 1.688453
-0.219489 0.242554 1.704976
-0.262699 0.208779 1.689409
-0.266088 0.178089 1.675100
-0.250879 0.176754 1.680087
-0.284528 0.196429 1.627531
-0.286083 0.191832 1.640261
-0.269377 0.201464 1.612806
-0.266504 0.235027 1.620165
-0.251169 0.236376 1.617817
-0.255761 0.203005 1.609799
-0.220550 0.230502 1.626184
-0.227818 0.197684 1.617225
-0.240771 0.201716 1.610610
-0.235068 0.234481 1.618707
-0.219075 0.190937 1.639543
-0.221273 0.194789 1.626335
-0.211734 0.226843 1.635692
-0.221557 0.184686 1.658774
-0.232788 0.178898 1.673769
-0.307696 0.699424 1.603734
-0.297960 0.692573 1.602085
-0.310927 0.690864 1.622857
-0.314703 0.701471 1.626818
-0.294884 0.610024 1.739586
-0.293775 0.639016 1.731465
-0.298779 0.551014 1.754761
-0.296981 0.580200 1.748297
-0.298446 0.521157 1.759534
-0.296951 0.466222 1.757787
-0.297083 0.491906 1.761629
-0.296029 0.442798 1.751399
-0.292620 0.420103 1.745256
-0.288303 0.394647 1.738572
-0.286648 0.342208 1.716702
-0.285534 0.369070 1.727951
-0.290289 0.348603 1.696751
-0.290982 0.283219 1.692404
-0.289978 0.313343 1.704574
-0.286551 0.217045 1.664507
-0.289110 0.250480 1.678624
-0.282666 0.186140 1.652941
-0.264691 0.746608 1.720417
-0.261240 0.767430 1.709348
-0.283979 0.752240 1.699575
-0.287097 0.735095 1.705673
-0.319555 0.724124 1.638008
-0.317724 0.720327 1.636225
-0.315240 0.726249 1.646129
-0.317030 0.730465 1.647441
-0.209813 0.487756 1.791006
-0.207541 0.507861 1.688864
-0.241654 0.509294 1.675810
-0.223821 0.508433 1.678483
-0.293492 0.493306 1.786880
-0.278430 0.495132 1.808668
-0.273547 0.524471 1.802699
-0.290438 0.523102 1.784073
-0.257813 0.351097 1.759429
-0.275362 0.359237 1.746217
-0.274146 0.333660 1.733932
-0.258742 0.373634 1.772145
-0.197008 0.386123 1.696096
-0.209919 0.389650 1.683176
-0.224527 0.366045 1.657512
-0.226136 0.391989 1.673975
-0.205805 0.363829 1.667252
-0.284473 0.581066 1.774334
-0.288149 0.552406 1.779392
-0.268439 0.553070 1.796228
-0.262679 0.582159 1.789901
-0.216888 1.009364 1.543571
-0.207004 1.004810 1.558404
-0.206258 1.106712 1.679306
-0.216018 1.099047 1.684545
-0.215841 1.089205 1.671856
-0.204474 1.096617 1.664069
-0.196228 1.107047 1.659737
-0.198806 1.117313 1.674939
-0.189728 1.119929 1.655343
-0.193111 1.130236 1.669701
-0.179322 1.178707 1.634010
-0.178318 1.184733 1.630651
-0.309402 1.078228 1.687049
-0.309783 1.059751 1.691423
-0.290299 1.060005 1.692272
-0.280057 0.913565 1.697205
-0.264760 0.843172 1.686985
-0.285852 0.838426 1.689054
-0.291513 0.815740 1.688978
-0.321750 0.761075 1.670873
-0.327560 0.747263 1.661300
-0.325830 0.731625 1.649299
-0.324938 0.724880 1.639425
-0.250717 1.065259 1.508884
-0.246940 1.087360 1.507555
-0.281618 1.245987 1.501026
-0.260646 1.249846 1.501739
-0.261244 1.274870 1.506884
-0.282269 1.271112 1.506000
-0.283375 1.282054 1.508222
-0.262571 1.285863 1.508860
-0.281036 1.336915 1.534121
-0.280653 1.325046 1.525866
-0.318266 0.715840 1.623283
-0.316536 0.711112 1.617185
-0.317019 0.716035 1.635008
-0.305698 0.706172 1.691515
-0.303816 0.722362 1.689116
-0.313611 0.712633 1.668899
-0.314605 0.697554 1.669920
-0.140243 0.735522 1.657358
-0.154049 0.744574 1.690439
-0.220019 0.671046 1.568501
-0.119661 1.069736 1.685709
-0.128954 1.086743 1.670204
-0.117858 1.086756 1.666368
-0.108522 1.070392 1.682802
-0.236552 1.159753 1.497485
-0.231947 1.134508 1.503854
-0.234828 1.315054 1.600651
-0.163379 1.307821 1.611210
-0.171756 1.310576 1.605696
-0.182561 1.300912 1.625789
-0.175665 1.298846 1.631256
-0.154043 1.260751 1.550476
-0.162896 1.262288 1.539896
-0.160484 1.279284 1.548777
-0.152034 1.276680 1.559027
-0.235967 0.806282 1.481403
-0.264309 0.805824 1.477994
-0.271341 1.001163 1.511916
-0.271310 1.023384 1.509865
-0.255231 1.020750 1.512937
-0.254641 0.999121 1.515368
-0.210585 1.146236 1.508445
-0.200079 1.131363 1.519190
-0.303179 1.146489 1.708075
-0.288948 1.152355 1.712477
-0.288525 1.171219 1.705143
-0.302989 1.167035 1.702654
-0.106224 1.124084 1.645767
-0.118293 1.108403 1.647794
-0.129439 1.124407 1.634425
-0.119994 1.134060 1.630987
-0.157835 0.702763 1.588493
-0.140433 0.727383 1.619998
-0.192809 1.035714 1.572792
-0.196922 1.017536 1.573891
-0.204914 1.022059 1.555072
-0.200296 1.040591 1.553544
-0.181461 1.083128 1.579980
-0.185918 1.069093 1.577399
-0.176130 1.097041 1.581950
-0.160889 1.171572 1.598585
-0.158330 1.173373 1.593713
-0.154814 1.175232 1.589632
-0.289375 0.715630 1.711601
-0.283446 0.781172 1.688319
-0.290510 0.790542 1.687502
-0.319636 0.719631 1.627663
-0.323514 0.720841 1.628361
-0.272812 1.331982 1.619916
-0.262007 1.335101 1.609052
-0.156947 1.142018 1.638759
-0.160255 1.158730 1.628194
-0.163098 1.163556 1.596412
-0.164359 1.168020 1.596979
-0.169019 1.171530 1.607138
-0.167845 1.166363 1.608325
-0.160270 1.163882 1.585871
-0.160930 1.167481 1.588358
-0.206668 1.228356 1.666277
-0.202034 1.243612 1.659946
-0.209720 1.248258 1.659100
-0.214391 1.233244 1.666756
-0.223561 1.235869 1.666513
-0.218716 1.252060 1.656544
-0.230275 1.254142 1.656005
-0.234694 1.237346 1.667203
-0.241813 1.300884 1.621525
-0.260572 1.296209 1.631668
-0.279910 1.291896 1.637379
-0.296600 1.288477 1.640853
-0.280393 1.314984 1.518831
-0.257670 1.318183 1.522788
-0.259021 1.306486 1.516577
-0.280536 1.302930 1.514847
-0.300543 1.299673 1.513601
-0.299904 1.311562 1.517644
-0.280275 1.321213 1.622747
-0.292126 1.316850 1.627390
-0.300582 1.305801 1.630468
-0.106066 1.147952 1.723038
-0.111354 1.165596 1.710900
-0.248655 1.346030 1.584193
-0.253415 1.340200 1.597418
-0.092946 1.144686 1.714790
-0.097855 1.163097 1.702254
-0.202424 1.285680 1.636767
-0.192868 1.283859 1.640213
-0.191433 1.302367 1.621464
-0.284673 1.331051 1.629181
-0.295961 1.326792 1.632291
-0.142487 0.770702 1.654213
-0.154180 0.776707 1.683553
-0.195141 0.994260 1.616573
-0.202199 0.990797 1.635231
-0.330409 1.018653 1.690715
-0.331019 0.999222 1.691617
-0.313105 0.999116 1.693973
-0.312081 1.018872 1.694292
-0.328913 1.076629 1.684126
-0.329389 1.058223 1.686544
-0.319905 1.335038 1.636385
-0.297162 0.960334 1.691982
-0.297325 0.979624 1.692519
-0.314469 0.978905 1.692108
-0.315412 0.956836 1.691392
-0.321186 0.936333 1.694571
-0.322358 0.927575 1.697422
-0.311601 0.798492 1.688831
-0.321347 0.798172 1.686320
-0.154891 1.203092 1.682871
-0.140557 1.215158 1.683515
-0.144472 1.230806 1.676485
-0.157314 1.216511 1.674940
-0.264821 0.963960 1.680770
-0.281502 0.962935 1.688172
-0.184040 1.178113 1.649664
-0.179713 1.170796 1.635701
-0.310730 1.095150 1.692643
-0.273762 1.156814 1.714978
-0.272993 1.173112 1.707139
-0.260047 1.159977 1.714806
-0.258687 1.174823 1.706859
-0.321366 0.717379 1.617661
-0.318139 0.716474 1.619416
-0.102866 1.199476 1.623864
-0.105850 1.189971 1.621837
-0.110397 1.197110 1.610561
-0.107261 1.207350 1.612597
-0.314386 0.674548 1.647463
-0.316996 0.691995 1.647668
-0.290342 0.689144 1.586218
-0.306262 0.698333 1.589224
-0.313674 0.702446 1.582281
-0.311835 0.702316 1.574983
-0.273954 0.668889 1.750770
-0.270898 0.697590 1.741906
-0.276898 0.639415 1.758570
-0.280730 0.609534 1.767150
-0.285784 0.414379 1.763942
-0.278199 0.386497 1.759734
-0.274267 0.305587 1.720821
-0.275151 0.276184 1.707290
-0.275541 0.245021 1.692741
-0.275854 0.181545 1.664892
-0.275895 0.212589 1.677232
-0.082976 1.135816 1.705935
-0.077000 1.122416 1.698168
-0.082922 1.140076 1.681536
-0.087854 1.154910 1.691441
-0.152356 1.114725 1.668984
-0.145577 1.098488 1.681228
-0.152129 1.107047 1.688719
-0.157975 1.124018 1.676389
-0.138744 1.080941 1.694250
-0.138089 1.091658 1.674885
-0.129901 1.074076 1.689177
-0.096543 1.077203 1.682035
-0.106552 1.092612 1.663924
-0.094885 1.104005 1.664874
-0.087059 1.086903 1.683684
-0.076394 1.109245 1.691424
-0.080416 1.097192 1.686510
-0.087786 1.113433 1.668503
-0.083144 1.125419 1.673986
-0.150523 1.110662 1.717827
-0.156350 1.128740 1.705615
-0.156409 1.117067 1.697540
-0.150701 1.099209 1.709982
-0.124054 1.221861 1.680350
-0.127332 1.239900 1.672177
-0.177112 1.201078 1.639518
-0.179565 1.199418 1.635674
-0.176298 1.209215 1.649892
-0.179491 1.211328 1.651751
-0.132168 1.181459 1.703211
-0.117021 1.183675 1.699107
-0.121508 1.203589 1.688522
-0.136842 1.199225 1.692534
-0.161144 1.146585 1.692063
-0.167008 1.162983 1.679102
-0.167451 1.151801 1.671356
-0.161734 1.134548 1.684809
-0.137296 1.121326 1.638702
-0.128129 1.104043 1.651693
-0.168288 1.203587 1.669094
-0.165657 1.189353 1.677571
-0.185818 1.168999 1.652520
-0.168256 1.159750 1.609733
-0.168712 1.151250 1.611493
-0.216133 1.112666 1.695669
-0.215324 1.127753 1.700964
-0.179553 1.128011 1.633552
-0.184476 1.112897 1.637513
-0.210603 1.128844 1.696356
-0.208914 1.118855 1.691121
-0.254893 1.057287 1.683447
-0.298880 1.297634 1.634105
-0.162710 1.174911 1.686832
-0.152522 1.187486 1.692765
-0.130968 1.143675 1.621190
-0.138768 1.138710 1.623871
-0.145298 1.152414 1.615041
-0.139952 1.154115 1.613140
-0.182026 1.166999 1.523363
-0.177773 1.156416 1.532657
-0.187355 1.144025 1.525580
-0.194130 1.156512 1.515227
-0.100174 1.212981 1.633660
-0.103350 1.224764 1.623123
-0.101583 1.232096 1.632854
-0.098899 1.216503 1.643937
-0.103638 1.238787 1.645634
-0.111859 1.242762 1.660346
-0.109540 1.224292 1.669957
-0.101479 1.221231 1.656209
-0.143702 0.799535 1.619615
-0.146269 0.794155 1.588393
-0.225983 0.925597 1.672422
-0.208980 0.930391 1.660394
-0.239541 0.850130 1.687817
-0.312963 0.728914 1.663408
-0.300967 0.746285 1.680849
-0.310824 0.651271 1.648623
-0.145700 0.800431 1.650177
-0.298546 0.595273 1.669695
-0.305008 0.623834 1.659323
-0.247610 0.576320 1.629614
-0.251166 0.602968 1.612682
-0.223406 0.598502 1.616295
-0.223095 0.574104 1.632806
-0.198643 0.598691 1.630295
-0.201078 0.574928 1.644799
-0.240586 0.551597 1.800223
-0.224362 0.336760 1.642975
-0.208490 0.301100 1.641884
-0.226527 0.304299 1.632422
-0.205214 0.334366 1.652936
-0.192746 0.359626 1.681567
-0.192175 0.329260 1.668769
-0.214056 0.273557 1.720639
-0.229886 0.269523 1.626250
-0.213892 0.266082 1.634420
-0.195719 0.296187 1.658418
-0.202748 0.261368 1.648238
-0.317722 0.705231 1.648588
-0.308473 0.697274 1.563287
-0.178473 0.781620 1.705931
-0.178672 0.752749 1.717370
-0.259954 0.785886 1.701072
-0.233831 0.797995 1.707394
-0.229560 0.983559 1.662430
-0.246427 0.981824 1.671148
-0.227272 1.020019 1.661536
-0.228590 1.000788 1.661379
-0.213922 1.004427 1.649345
-0.212704 1.022878 1.649433
-0.192816 1.028787 1.615109
-0.195109 1.010911 1.615152
-0.193273 1.013953 1.594492
-0.190056 1.032052 1.593804
-0.198135 1.000338 1.576384
-0.193635 0.997471 1.596362
-0.238791 1.038290 1.518205
-0.235528 1.059890 1.516372
-0.222148 1.053840 1.525629
-0.226068 1.033214 1.528054
-0.301509 0.797382 1.688076
-0.316216 0.720975 1.647832
-0.267490 0.723989 1.732199
-0.236837 0.755935 1.730886
-0.207529 0.756883 1.730731
-0.164521 1.165480 1.634518
-0.161831 1.176664 1.556248
-0.161213 1.183224 1.553121
-0.107086 1.203134 1.679383
-0.099190 1.200243 1.666344
-0.172334 1.177705 1.668872
-0.147121 1.244423 1.670810
-0.162977 1.241331 1.665916
-0.160373 1.230270 1.669082
-0.210665 0.842314 1.685140
-0.207443 0.825965 1.690799
-0.181525 0.828846 1.685969
-0.311660 0.704750 1.595945
-0.315669 0.707331 1.590876
-0.282467 0.767109 1.693748
-0.291234 0.540111 1.689924
-0.294269 0.566866 1.680726
-0.289712 0.514778 1.696253
-0.288458 0.491054 1.700067
-0.286918 0.468861 1.701916
-0.282634 0.448542 1.702105
-0.276609 0.429098 1.702825
-0.272956 0.408929 1.694864
-0.285792 0.354323 1.678404
-0.273633 0.385121 1.680419
-0.276491 0.358601 1.666135
-0.279412 0.330244 1.652749
-0.279240 0.267413 1.632552
-0.280928 0.300869 1.640468
-0.276548 0.233270 1.625810
-0.277646 0.200250 1.617851
-0.317147 0.713711 1.611998
-0.314584 0.709091 1.603708
-0.214866 1.287260 1.633196
-0.173777 1.172383 1.620530
-0.174221 1.177612 1.618071
-0.174732 1.191390 1.660247
-0.304073 0.704121 1.545512
-0.300405 0.714326 1.524910
-0.091649 1.140612 1.658523
-0.089193 1.156086 1.665837
-0.172308 1.168000 1.658630
-0.177250 1.192007 1.627511
-0.180771 1.191717 1.623857
-0.135931 1.131551 1.818369
-0.148834 1.137212 1.829693
-0.140863 1.134101 1.836635
-0.127472 1.127034 1.825311
-0.146278 1.130649 1.812547
-0.158191 1.135456 1.824240
-0.175870 1.083348 1.818875
-0.183919 1.091121 1.834440
-0.182653 1.100819 1.827345
-0.174439 1.093961 1.812257
-0.177879 1.134690 1.833240
-0.166777 1.129873 1.821034
-0.173554 1.120857 1.820335
-0.183735 1.126265 1.833697
-0.163481 1.069770 1.836285
-0.156424 1.060449 1.821018
-0.144920 1.059537 1.827133
-0.152669 1.069514 1.841948
-0.143549 1.064670 1.760622
-0.138572 1.064606 1.752169
-0.138779 1.051908 1.754277
-0.143699 1.052718 1.764458
-0.111121 1.120823 1.794839
-0.123354 1.126081 1.806500
-0.114430 1.119979 1.813243
-0.102180 1.112282 1.801138
-0.145650 1.107173 1.780458
-0.135709 1.102497 1.768551
-0.144069 1.090921 1.767658
-0.152997 1.094922 1.780329
-0.091209 1.103907 1.788365
-0.099083 1.114248 1.783767
-0.164030 1.116037 1.806970
-0.154840 1.111740 1.793557
-0.161554 1.100036 1.793905
-0.170089 1.105200 1.808553
-0.179546 1.089797 1.863688
-0.171322 1.079618 1.850519
-0.160971 1.080113 1.855391
-0.170106 1.090870 1.868077
-0.187856 1.117249 1.837058
-0.178668 1.110875 1.822739
-0.191263 1.108162 1.842063
-0.146821 1.124507 1.862155
-0.133422 1.114985 1.850701
-0.135604 1.125698 1.843709
-0.149224 1.133964 1.855072
-0.159790 1.070923 1.787913
-0.167875 1.076797 1.803611
-0.166235 1.088022 1.797452
-0.157950 1.082650 1.782851
-0.123235 1.121797 1.788301
-0.134682 1.126128 1.800256
-0.120557 1.105115 1.839120
-0.108155 1.094621 1.826380
-0.109570 1.108357 1.819730
-0.122123 1.117250 1.831929
-0.101702 1.069800 1.816805
-0.111821 1.081420 1.830800
-0.120748 1.070566 1.831732
-0.111819 1.058880 1.817081
-0.150384 1.055124 1.778846
-0.150968 1.066815 1.772757
-0.149247 1.052185 1.803909
-0.143128 1.045443 1.786823
-0.130623 1.041174 1.793429
-0.137263 1.049642 1.810913
-0.105855 1.109990 1.754660
-0.113649 1.110569 1.761089
-0.099736 1.112969 1.766302
-0.092520 1.110762 1.758729
-0.088337 1.107385 1.771729
-0.080363 1.101812 1.761543
-0.068179 1.086413 1.744061
-0.070839 1.085958 1.752795
-0.068217 1.071776 1.750296
-0.066719 1.073240 1.741333
-0.083156 1.044395 1.786544
-0.091944 1.057217 1.802100
-0.103572 1.046432 1.801189
-0.095644 1.033312 1.783630
-0.107481 1.022664 1.762714
-0.110068 1.030631 1.779885
-0.125093 1.033858 1.775884
-0.122037 1.029297 1.760783
-0.116272 1.043665 1.715632
-0.113395 1.034084 1.726943
-0.124600 1.039820 1.728577
-0.126834 1.048495 1.719130
-0.137654 1.061018 1.735764
-0.136517 1.073083 1.740285
-0.139388 1.080430 1.736700
-0.140327 1.068703 1.729906
-0.096773 1.116229 1.743622
-0.096557 1.110853 1.745762
-0.081736 1.109789 1.742150
-0.083024 1.114599 1.736694
-0.076699 1.034534 1.771393
-0.090611 1.020772 1.765188
-0.135815 1.056146 1.740455
-0.136366 1.053062 1.746531
-0.135441 1.065792 1.746571
-0.134643 1.068532 1.742778
-0.120912 1.091054 1.747973
-0.123563 1.089338 1.749685
-0.112991 1.099999 1.750855
-0.110994 1.101017 1.748847
-0.096823 1.108632 1.749302
-0.099990 1.107616 1.752391
-0.086479 1.107697 1.753596
-0.082744 1.108159 1.748256
-0.074060 1.031908 1.758587
-0.075586 1.032155 1.747241
-0.070106 1.045202 1.747571
-0.068876 1.046155 1.758345
-0.121529 1.028944 1.748263
-0.108916 1.022628 1.748888
-0.127357 1.086827 1.752721
-0.130950 1.077993 1.747721
-0.135626 1.076731 1.752047
-0.075915 1.099579 1.753712
-0.105531 1.041458 1.713573
-0.110828 1.053253 1.701191
-0.099645 1.054623 1.699395
-0.094665 1.042917 1.712461
-0.121346 1.056575 1.704331
-0.131466 1.062081 1.708441
-0.144450 1.093445 1.729104
-0.144905 1.081887 1.721732
-0.138767 1.105696 1.735858
-0.133141 1.092365 1.742697
-0.122298 1.103642 1.747110
-0.128498 1.117546 1.740069
-0.100671 1.130532 1.734390
-0.087072 1.127618 1.726615
-0.074166 1.106311 1.731330
-0.077737 1.118215 1.719883
-0.133376 1.049436 1.731332
-0.131578 1.043915 1.738352
-0.122985 1.092330 1.843916
-0.135211 1.103469 1.855942
-0.141515 1.092990 1.857905
-0.130615 1.081861 1.845212
-0.150643 1.085014 1.857603
-0.160744 1.095854 1.869902
-0.145338 1.121064 1.795880
-0.156075 1.125247 1.808563
-0.170275 1.140790 1.835457
-0.118733 1.098551 1.753917
-0.126107 1.099206 1.758768
-0.068547 1.059925 1.739129
-0.069067 1.064317 1.729740
-0.066693 1.076870 1.732654
-0.070461 1.052096 1.770208
-0.070863 1.069921 1.762767
-0.078722 1.080229 1.778213
-0.076756 1.061546 1.783693
-0.078611 1.035237 1.736902
-0.081168 1.041337 1.725809
-0.073884 1.052268 1.727399
-0.072046 1.047103 1.737638
-0.111219 1.111394 1.747351
-0.111318 1.104308 1.748105
-0.071255 1.093642 1.708661
-0.072033 1.105262 1.714683
-0.069233 1.095030 1.727001
-0.067880 1.083637 1.722455
-0.068175 1.089479 1.735902
-0.074175 1.082366 1.704206
-0.070484 1.071744 1.718722
-0.115359 1.126542 1.739516
-0.084437 1.050175 1.713211
-0.089351 1.061611 1.699302
-0.080537 1.071717 1.701299
-0.076220 1.060560 1.715358
-0.141131 1.074106 1.844372
-0.132408 1.063388 1.830144
-0.133591 1.038695 1.757573
-0.137733 1.040643 1.770327
-0.131452 1.039879 1.747197
-0.172186 1.074572 1.828133
-0.179835 1.083321 1.843190
-0.157517 1.059952 1.795413
-0.164615 1.066683 1.811896
-0.097098 1.083881 1.813123
-0.099856 1.025071 1.737955
-0.096407 1.020144 1.749119
-0.111389 1.026703 1.737897
-0.140103 1.071430 1.714476
-0.135842 1.057237 1.724110
-0.081881 1.022685 1.756620
-0.146283 1.089046 1.702023
-0.074707 1.088296 1.761994
-0.073191 1.100995 1.738941
-0.073275 1.099181 1.746678
-0.153918 1.141286 1.847617
-0.135285 1.116735 1.783308
-0.134727 1.087240 1.757466
-0.140582 1.075910 1.758366
-0.102260 1.031951 1.726586
-0.091357 1.033646 1.726023
-0.088738 1.027096 1.737467
-0.130751 1.084585 1.745193
-0.120986 1.095917 1.748690
-0.187566 1.092471 1.857153
-0.129461 1.080252 1.745715
-0.082160 1.095880 1.775504
-0.281768 1.258982 1.503431
-0.300404 1.243830 1.499174
-0.301166 1.256831 1.501801
-0.191054 1.098761 1.640729
-0.228034 1.075621 1.668773
-0.214135 1.078058 1.659887
-0.174332 1.165359 1.622481
-0.174761 1.155121 1.625292
-0.176736 1.183457 1.616137
-0.174486 1.183464 1.616852
-0.184866 1.133990 1.650137
-0.225606 1.479844 1.638270
-0.226961 1.472700 1.636844
-0.221528 1.491187 1.638247
-0.322764 0.945389 1.690802
-0.333547 0.926372 1.695141
-0.333670 0.918870 1.697965
-0.242335 1.468578 1.651397
-0.240109 1.461381 1.647616
-0.239142 1.465161 1.651633
-0.243796 1.472115 1.653015
-0.243808 1.469855 1.651643
-0.226526 1.496878 1.644773
-0.230598 1.464905 1.636876
-0.235407 1.456342 1.638348
-0.234833 1.487167 1.648797
-0.261428 0.933827 1.512348
-0.256229 0.914598 1.507625
-0.277972 0.914795 1.502447
-0.281558 0.934178 1.508774
-0.301232 0.896512 1.492215
-0.302733 0.917089 1.498679
-0.274083 0.893915 1.497102
-0.168441 0.866677 1.537984
-0.174779 0.889738 1.538987
-0.164424 0.895313 1.560744
-0.157403 0.873745 1.561131
-0.168036 0.914997 1.584888
-0.159324 0.898630 1.585906
-0.174500 0.912886 1.561457
-0.168124 0.914699 1.609230
-0.160372 0.898344 1.611152
-0.174368 0.911715 1.631313
-0.167287 0.894487 1.633665
-0.179149 0.889332 1.652653
-0.196251 0.882785 1.667687
-0.213871 0.859969 1.678698
-0.217417 0.876452 1.679123
-0.239713 0.869699 1.685703
-0.262270 0.864537 1.688878
-0.282939 0.859229 1.692759
-0.300826 0.854914 1.695241
-0.317247 0.852458 1.696501
-0.331680 0.851756 1.695503
-0.331201 0.831353 1.692174
-0.224572 1.271524 1.644246
-0.210644 1.323662 1.554147
-0.194572 1.322374 1.573406
-0.198792 1.318388 1.550928
-0.176380 1.263169 1.526899
-0.194274 1.262207 1.514589
-0.191770 1.277653 1.521573
-0.173261 1.280061 1.536370
-0.219223 1.317431 1.538976
-0.227559 1.321693 1.537438
-0.210459 1.311551 1.533701
-0.227863 1.305799 1.520616
-0.242633 1.300575 1.514122
-0.155298 1.304911 1.589381
-0.146255 1.302410 1.597313
-0.144144 1.290540 1.578765
-0.151887 1.293210 1.570370
-0.156523 1.245469 1.545067
-0.148479 1.245243 1.553725
-0.151439 1.230749 1.550764
-0.160070 1.231233 1.541732
-0.124468 1.281209 1.629580
-0.119066 1.270590 1.639869
-0.113342 1.266410 1.622574
-0.120224 1.275920 1.611055
-0.146502 1.260179 1.559596
-0.217361 1.164644 1.501778
-0.200204 1.171191 1.507821
-0.185938 1.179470 1.516354
-0.159919 1.190014 1.550617
-0.167158 1.181209 1.543710
-0.167009 1.189875 1.540412
-0.152756 1.188591 1.560611
-0.146703 1.188165 1.569488
-0.165964 1.250427 1.663370
-0.174760 1.228990 1.661931
-0.171451 1.223240 1.660159
-0.141385 1.181042 1.592739
-0.145122 1.178001 1.593767
-0.146693 1.180269 1.585821
-0.143766 1.183070 1.583649
-0.163839 1.308321 1.582588
-0.112758 1.255973 1.608933
-0.114201 1.243418 1.601412
-0.121992 1.249975 1.590469
-0.120333 1.263705 1.597809
-0.116814 1.232686 1.594479
-0.119100 1.221911 1.590111
-0.126791 1.225996 1.579599
-0.124721 1.238283 1.583382
-0.136837 1.185071 1.591710
-0.141391 1.188051 1.581063
-0.129946 1.255147 1.663967
-0.147855 1.298679 1.629123
-0.155263 1.304661 1.618630
-0.169634 1.294425 1.639121
-0.163232 1.288778 1.646656
-0.168757 1.178554 1.623611
-0.164119 1.172287 1.617994
-0.160001 1.166500 1.612664
-0.151883 1.177418 1.587865
-0.155215 1.162819 1.610172
-0.174978 1.202216 1.653545
-0.169040 1.214238 1.662312
-0.181588 1.275922 1.649863
-0.176052 1.268557 1.654863
-0.114752 1.257578 1.650700
-0.107398 1.253741 1.634606
-0.130538 1.163519 1.609395
-0.137529 1.170423 1.602898
-0.133729 1.174134 1.601250
-0.155440 1.174211 1.575018
-0.150182 1.178436 1.587455
-0.137581 1.299221 1.607538
-0.107993 1.233871 1.612314
-0.105397 1.244362 1.621477
-0.132262 1.242131 1.572699
-0.140214 1.243479 1.563178
-0.138096 1.258691 1.568096
-0.130317 1.255639 1.578492
-0.116463 1.204088 1.598855
-0.112720 1.215403 1.600746
-0.143142 1.229828 1.560278
-0.134940 1.228569 1.569390
-0.129679 1.178886 1.600243
-0.186917 1.281105 1.644108
-0.202368 1.265561 1.650512
-0.195239 1.261778 1.652852
-0.189587 1.255126 1.656023
-0.184965 1.247585 1.659023
-0.180315 1.238255 1.661700
-0.212453 1.268339 1.647892
-0.084821 1.023004 1.747085
-0.134737 1.157917 1.611265
-0.123136 1.157371 1.617093
-0.125853 1.150934 1.619059
-0.096978 1.130889 1.653340
-0.374615 1.443436 1.678548
-0.373899 1.437303 1.678119
-0.372283 1.466017 1.676354
-0.373143 1.461863 1.677441
-0.067823 1.058151 1.748233
-0.068246 1.057492 1.756861
-0.086658 1.072940 1.798540
-0.087900 1.089637 1.793466
-0.097905 1.099090 1.806984
-0.111214 1.117492 1.777076
-0.124541 1.113157 1.771591
-0.148858 1.078518 1.769434
-0.116682 1.041595 1.797829
-0.186697 1.156628 1.860894
-0.199172 1.163245 1.871194
-0.191861 1.164027 1.877633
-0.179366 1.156516 1.867777
-0.210755 1.170414 1.880520
-0.205966 1.158482 1.868801
-0.217293 1.164539 1.878863
-0.210927 1.152308 1.869589
-0.222291 1.158046 1.880315
-0.225468 1.151373 1.883986
-0.214864 1.145174 1.872598
-0.217457 1.137654 1.876932
-0.227563 1.144083 1.888371
-0.208816 1.123283 1.869577
-0.208248 1.116071 1.876181
-0.216564 1.125169 1.889048
-0.218074 1.131013 1.882592
-0.214929 1.130314 1.911539
-0.205683 1.120127 1.900522
-0.198414 1.123029 1.903419
-0.208389 1.132944 1.914291
-0.175220 1.125551 1.892339
-0.185659 1.135587 1.903984
-0.191715 1.128761 1.904732
-0.181182 1.117763 1.893108
-0.194904 1.144831 1.915419
-0.184061 1.143696 1.900162
-0.193765 1.152689 1.910157
-0.182442 1.146654 1.846242
-0.174114 1.150173 1.850590
-0.161641 1.143477 1.840449
-0.204519 1.138573 1.859759
-0.200247 1.145964 1.857349
-0.189232 1.140144 1.845165
-0.194143 1.132346 1.846910
-0.191797 1.099132 1.849314
-0.199881 1.107574 1.863082
-0.199791 1.115793 1.856171
-0.207295 1.131047 1.863965
-0.197529 1.124213 1.850866
-0.204055 1.111196 1.883013
-0.212164 1.121066 1.895577
-0.175057 1.150965 1.875833
-0.187136 1.159582 1.885729
-0.185119 1.151953 1.893405
-0.172904 1.143246 1.883210
-0.195794 1.101867 1.870296
-0.162311 1.142511 1.865571
-0.160044 1.134081 1.872841
-0.172664 1.134313 1.889200
-0.160662 1.124465 1.878529
-0.197826 1.167841 1.895171
-0.203193 1.172049 1.887001
-0.166670 1.148843 1.857747
-0.196889 1.109718 1.888808
-0.188238 1.099795 1.876416
-0.179437 1.101590 1.880294
-0.188669 1.112068 1.892054
-0.152555 1.104135 1.869437
-0.164212 1.114944 1.880972
-0.170978 1.106951 1.881279
-0.201390 1.138081 1.916244
-0.148250 1.114030 1.867548
-0.266236 1.193264 1.928448
-0.272097 1.199008 1.925698
-0.270220 1.191843 1.920853
-0.262436 1.187178 1.922107
-0.276053 1.174750 1.910047
-0.286424 1.182057 1.910433
-0.286630 1.181821 1.900897
-0.276649 1.173184 1.899428
-0.276339 1.204003 1.923379
-0.277558 1.195732 1.919902
-0.276943 1.205384 1.919756
-0.275690 1.212219 1.926543
-0.271940 1.216196 1.923923
-0.271680 1.223342 1.928843
-0.263651 1.225448 1.931114
-0.261708 1.216969 1.921389
-0.243750 1.207188 1.936881
-0.251508 1.215708 1.945588
-0.247152 1.209359 1.953017
-0.240314 1.200141 1.943624
-0.244322 1.192015 1.961688
-0.237593 1.185127 1.951944
-0.239010 1.192934 1.947951
-0.246664 1.201292 1.957389
-0.260393 1.182723 1.935947
-0.261843 1.187111 1.932211
-0.257116 1.181322 1.926258
-0.255780 1.176237 1.930484
-0.283055 1.207574 1.913755
-0.284785 1.204834 1.916536
-0.272882 1.209013 1.917091
-0.269761 1.208799 1.911581
-0.251335 1.150357 1.927022
-0.251473 1.153887 1.921077
-0.245812 1.149637 1.913542
-0.244897 1.144412 1.919437
-0.257750 1.162191 1.897543
-0.250412 1.169927 1.888397
-0.242565 1.165997 1.889356
-0.249782 1.159005 1.898422
-0.267152 1.166689 1.898252
-0.271641 1.178815 1.891373
-0.260778 1.173930 1.889199
-0.282292 1.187264 1.894945
-0.239188 1.139931 1.927132
-0.244957 1.142355 1.934004
-0.305618 1.234496 1.952006
-0.302444 1.233830 1.950717
-0.302182 1.229484 1.954288
-0.305448 1.230063 1.955275
-0.227969 1.147162 1.939335
-0.225485 1.144226 1.934174
-0.219137 1.150223 1.934518
-0.222082 1.153947 1.938541
-0.231214 1.150942 1.946252
-0.225700 1.158945 1.944032
-0.305785 1.245842 1.957228
-0.299946 1.245919 1.955984
-0.301198 1.243579 1.952309
-0.306458 1.243626 1.953636
-0.271287 1.199650 1.933390
-0.275563 1.205924 1.929761
-0.281979 1.215850 1.941007
-0.281126 1.219012 1.936103
-0.278637 1.213077 1.932978
-0.277106 1.207371 1.938627
-0.269410 1.192784 1.949173
-0.272974 1.199052 1.946215
-0.266857 1.192612 1.940353
-0.263975 1.186360 1.943718
-0.263103 1.176735 1.950488
-0.263835 1.172520 1.954561
-0.266712 1.177703 1.959710
-0.267044 1.183109 1.955927
-0.274490 1.199304 1.963010
-0.273396 1.195354 1.965885
-0.276234 1.201232 1.970719
-0.277417 1.204761 1.967761
-0.221783 1.141817 1.929858
-0.215079 1.147390 1.930489
-0.243588 1.174024 1.968726
-0.247539 1.178141 1.977546
-0.251599 1.168499 1.977832
-0.246273 1.164978 1.969287
-0.218892 1.162243 1.935769
-0.214956 1.158315 1.932332
-0.305105 1.245110 1.962422
-0.298949 1.246305 1.961363
-0.276387 1.194826 1.892957
-0.261498 1.187923 1.889051
-0.248803 1.182131 1.888351
-0.240738 1.177817 1.888892
-0.234477 1.174603 1.888278
-0.278317 1.207863 1.944764
-0.266157 1.192861 1.935607
-0.259710 1.178993 1.938427
-0.259657 1.157907 1.956756
-0.261422 1.163385 1.952709
-0.259373 1.160148 1.947227
-0.256362 1.153329 1.952384
-0.252775 1.159287 1.968533
-0.256998 1.163052 1.975471
-0.262132 1.163419 1.970699
-0.259259 1.159386 1.965619
-0.282618 1.210886 1.909331
-0.269954 1.208545 1.904713
-0.236115 1.142338 1.938216
-0.232802 1.140157 1.931935
-0.227999 1.139015 1.926292
-0.253163 1.164725 1.926075
-0.253315 1.168337 1.923213
-0.253638 1.159443 1.913460
-0.251610 1.156421 1.917092
-0.263369 1.178347 1.917504
-0.272411 1.183117 1.917164
-0.266591 1.168385 1.909975
-0.246855 1.153607 1.907296
-0.240615 1.152531 1.901847
-0.239082 1.147724 1.908344
-0.237364 1.142296 1.915009
-0.233272 1.139263 1.921781
-0.235227 1.149537 1.896289
-0.234220 1.144698 1.902619
-0.231735 1.140169 1.909523
-0.228010 1.137045 1.915749
-0.203461 1.151037 1.923256
-0.209759 1.155105 1.928232
-0.209430 1.143501 1.925052
-0.232096 1.163815 1.886498
-0.234398 1.156653 1.891471
-0.241230 1.158940 1.895834
-0.226330 1.171021 1.885385
-0.291826 1.188150 1.909425
-0.288483 1.191485 1.915458
-0.293339 1.194975 1.915386
-0.296754 1.193689 1.909511
-0.276296 1.218652 1.929751
-0.278814 1.223677 1.933643
-0.274575 1.228652 1.934134
-0.249358 1.145797 1.941493
-0.254563 1.152832 1.935693
-0.281802 1.214631 1.946204
-0.293411 1.244204 1.953239
-0.282269 1.239281 1.946580
-0.285596 1.235711 1.942882
-0.295624 1.241250 1.949335
-0.282456 1.219463 1.953828
-0.286415 1.223194 1.956513
-0.288673 1.221366 1.951298
-0.284315 1.218731 1.948574
-0.272412 1.189272 1.968671
-0.275060 1.194252 1.973028
-0.261767 1.222861 1.953592
-0.254712 1.222952 1.937189
-0.261244 1.230787 1.944917
-0.267644 1.187620 1.952638
-0.270601 1.189347 1.961116
-0.271645 1.193397 1.958079
-0.278943 1.208915 1.948345
-0.276524 1.204224 1.950218
-0.278741 1.210125 1.953230
-0.280752 1.213889 1.950257
-0.249009 1.153321 1.960540
-0.240490 1.160328 1.961222
-0.302306 1.239201 1.950181
-0.306188 1.239532 1.951680
-0.216975 1.138723 1.923477
-0.223399 1.136675 1.920451
-0.263030 1.181359 1.946755
-0.249377 1.213869 1.928759
-0.259403 1.174818 1.941057
-0.258691 1.192838 1.977785
-0.265233 1.196366 1.981556
-0.269076 1.191329 1.980523
-0.264370 1.186479 1.978423
-0.294150 1.228755 1.961274
-0.299527 1.231288 1.963881
-0.300911 1.228853 1.959113
-0.296692 1.226453 1.956805
-0.284652 1.219177 1.943657
-0.289957 1.222545 1.946871
-0.289658 1.225914 1.943243
-0.284068 1.222122 1.939595
-0.282113 1.226788 1.937732
-0.287849 1.230764 1.941929
-0.292204 1.233469 1.964575
-0.282919 1.228678 1.959279
-0.279594 1.234592 1.957200
-0.291512 1.240033 1.963172
-0.230182 1.178989 1.943561
-0.237421 1.176942 1.956299
-0.230171 1.171384 1.947745
-0.250233 1.198606 1.971034
-0.251579 1.187603 1.974145
-0.244340 1.182744 1.965567
-0.237688 1.169456 1.959216
-0.274566 1.221276 1.958471
-0.269497 1.223256 1.960283
-0.271744 1.228512 1.954876
-0.259404 1.169092 1.945133
-0.297428 1.236448 1.947444
-0.223516 1.184938 1.902108
-0.229235 1.189419 1.904469
-0.221774 1.185894 1.917149
-0.217061 1.181521 1.911995
-0.298441 1.227416 1.952036
-0.298649 1.230958 1.948227
-0.271754 1.184597 1.972441
-0.271538 1.183242 1.976869
-0.272956 1.188684 1.979699
-0.274405 1.190148 1.976121
-0.230928 1.164465 1.950962
-0.253284 1.179174 1.983036
-0.258722 1.169741 1.983171
-0.223651 1.166534 1.940784
-0.218420 1.170516 1.930450
-0.223545 1.174066 1.936130
-0.256522 1.208986 1.966512
-0.231395 1.185929 1.939876
-0.224323 1.180299 1.932065
-0.218637 1.177036 1.924961
-0.214149 1.174389 1.919974
-0.213920 1.167343 1.926132
-0.291669 1.244311 1.958077
-0.298236 1.241778 1.965852
-0.201909 1.159288 1.916937
-0.208515 1.163835 1.921576
-0.203337 1.166499 1.910183
-0.209258 1.171139 1.915162
-0.229381 1.193003 1.920769
-0.226050 1.187093 1.927403
-0.236387 1.199454 1.929259
-0.232819 1.192507 1.935396
-0.254209 1.218203 1.961440
-0.313161 1.235800 1.967854
-0.312743 1.230697 1.966180
-0.304630 1.231703 1.964595
-0.304803 1.236028 1.966826
-0.298609 1.235533 1.966304
-0.304904 1.239798 1.965715
-0.243296 1.206091 1.920177
-0.280277 1.215637 1.956712
-0.239455 1.197792 1.907802
-0.254756 1.205570 1.903912
-0.255106 1.211288 1.913087
-0.249830 1.195426 1.892571
-0.238120 1.188624 1.892860
-0.226537 1.179811 1.892304
-0.231652 1.183175 1.893704
-0.219705 1.175986 1.887941
-0.265133 1.201242 1.894500
-0.310976 1.230031 1.957726
-0.311514 1.233525 1.953815
-0.218666 1.181782 1.898995
-0.211781 1.177871 1.894137
-0.281828 1.187672 1.917011
-0.255897 1.168818 1.935222
-0.256627 1.164013 1.938216
-0.257248 1.156868 1.941936
-0.253134 1.149422 1.947928
-0.205484 1.173884 1.902363
-0.227141 1.138640 1.894541
-0.224508 1.134216 1.901253
-0.195694 1.160116 1.903038
-0.312557 1.238150 1.953256
-0.274306 1.206996 1.973289
-0.275469 1.208213 1.972131
-0.292033 1.189325 1.902204
-0.297034 1.195993 1.903506
-0.291250 1.207202 1.900847
-0.284961 1.202054 1.896065
-0.289410 1.195144 1.897089
-0.295313 1.201254 1.900852
-0.253849 1.161876 1.928760
-0.254413 1.158466 1.932145
-0.235174 1.155635 1.953600
-0.243665 1.148815 1.953381
-0.278717 1.231850 1.938499
-0.274393 1.234699 1.942182
-0.268346 1.231634 1.937953
-0.278945 1.238714 1.951863
-0.278422 1.224165 1.956866
-0.278555 1.220330 1.957796
-0.256448 1.173277 1.919971
-0.258901 1.163398 1.911242
-0.287877 1.199268 1.917873
-0.283253 1.197434 1.918143
-0.273522 1.198485 1.953793
-0.266185 1.215963 1.970817
-0.263939 1.221867 1.965941
-0.276202 1.204404 1.958074
-0.313989 1.241922 1.954877
-0.314677 1.244372 1.958625
-0.269991 1.234288 1.948080
-0.269695 1.183535 1.964435
-0.270951 1.212170 1.972977
-0.264575 1.208625 1.973133
-0.260960 1.165715 1.978192
-0.212127 1.178437 1.907613
-0.304920 1.229581 1.960547
-0.311285 1.229208 1.962677
-0.314103 1.239192 1.966794
-0.313722 1.243623 1.963475
-0.239483 1.145193 1.945862
-0.255628 1.172417 1.932959
-0.220350 1.130849 1.907140
-0.277174 1.206280 1.899100
-0.285740 1.211195 1.904072
-0.278298 1.209266 1.961739
-0.258312 1.184420 1.980217
-0.267937 1.209898 1.977558
-0.264104 1.204667 1.980798
-0.257347 1.201605 1.976286
-0.272834 1.209693 1.975953
-0.321092 1.241542 1.964096
-0.321281 1.237364 1.967430
-0.321443 1.242609 1.959257
-0.319474 1.240195 1.955651
-0.317354 1.236599 1.954275
-0.320260 1.232982 1.968062
-0.318731 1.228977 1.966715
-0.315576 1.227869 1.963352
-0.325692 1.230396 1.968146
-0.328621 1.234820 1.967616
-0.333557 1.236566 1.957381
-0.335379 1.236409 1.960207
-0.332135 1.238249 1.961021
-0.329088 1.239893 1.959269
-0.337593 1.233432 1.957174
-0.339451 1.234074 1.959987
-0.335639 1.235893 1.964076
-0.331393 1.238026 1.964012
-0.340109 1.233344 1.963891
-0.338757 1.230921 1.966500
-0.334471 1.233047 1.966410
-0.331448 1.235378 1.966274
-0.327972 1.239654 1.964224
-0.341179 1.230586 1.958331
-0.343090 1.228023 1.962101
-0.343517 1.231016 1.963452
-0.342216 1.232252 1.960156
-0.325080 1.238035 1.955936
-0.330948 1.234656 1.955603
-0.335427 1.231140 1.955989
-0.338955 1.228187 1.957503
-0.328958 1.231327 1.955349
-0.333574 1.228330 1.956185
-0.336477 1.226150 1.957930
-0.327583 1.227605 1.956605
-0.332458 1.225762 1.957610
-0.321881 1.234706 1.954882
-0.319989 1.230908 1.955996
-0.334877 1.224998 1.958647
-0.340856 1.225877 1.961492
-0.332698 1.231018 1.968172
-0.337077 1.228606 1.967657
-0.331079 1.227924 1.968077
-0.335520 1.226539 1.967598
-0.341944 1.229476 1.966248
-0.341081 1.226962 1.966206
-0.315678 1.232046 1.955001
-0.315156 1.228227 1.958903
-0.319577 1.226480 1.959520
-0.326777 1.224059 1.959985
-0.321011 1.225210 1.963835
-0.324319 1.227242 1.967340
-0.329455 1.225329 1.966901
-0.327627 1.223464 1.964272
-0.333876 1.223966 1.965912
-0.332466 1.222859 1.963742
-0.332123 1.223594 1.960463
-0.336752 1.223542 1.964205
-0.339036 1.224977 1.965433
-0.337757 1.224485 1.961032
-0.335229 1.223899 1.960797
-0.335049 1.223135 1.963040
-0.303171 1.223764 1.976035
-0.297408 1.224329 1.974947
-0.297490 1.220201 1.977598
-0.302781 1.219249 1.978611
-0.302173 1.235156 1.982730
-0.294408 1.236528 1.981603
-0.296073 1.233411 1.977160
-0.303358 1.231933 1.978140
-0.299781 1.232851 1.987816
-0.292229 1.234533 1.987681
-0.286785 1.234769 1.977126
-0.276348 1.227884 1.967497
-0.280475 1.225030 1.964594
-0.289519 1.231606 1.972987
-0.280734 1.211091 1.976398
-0.282476 1.210374 1.971903
-0.296963 1.228773 1.974883
-0.303488 1.227735 1.976151
-0.289392 1.217004 1.983095
-0.295720 1.218001 1.985653
-0.296772 1.217533 1.981354
-0.291274 1.216225 1.978699
-0.283572 1.213562 1.967122
-0.284281 1.217970 1.962813
-0.282943 1.221974 1.962677
-0.287122 1.220724 1.986372
-0.277162 1.215734 1.979225
-0.273722 1.221483 1.977402
-0.285072 1.226779 1.986643
-0.291024 1.227324 1.971187
-0.292324 1.218797 1.974343
-0.292217 1.222996 1.971303
-0.284030 1.232638 1.982395
-0.293483 1.227405 1.990409
-0.310905 1.219082 1.989836
-0.310420 1.215386 1.987680
-0.301899 1.216674 1.986201
-0.302049 1.220238 1.988810
-0.294885 1.221405 1.988465
-0.301068 1.225868 1.990186
-0.310879 1.216799 1.980331
-0.311822 1.221275 1.977690
-0.312825 1.225361 1.977520
-0.272592 1.227104 1.972635
-0.313336 1.228987 1.979469
-0.313023 1.231946 1.983376
-0.302470 1.215889 1.982395
-0.310625 1.213726 1.984116
-0.311057 1.224015 1.990409
-0.311180 1.229908 1.987953
-0.319925 1.227036 1.989336
-0.318233 1.221811 1.990559
-0.320760 1.229280 1.984607
-0.319338 1.226812 1.980356
-0.317668 1.223619 1.978541
-0.318103 1.217293 1.990546
-0.317129 1.213904 1.988896
-0.315585 1.212867 1.984935
-0.324766 1.213351 1.989794
-0.326996 1.217000 1.990411
-0.337164 1.216876 1.979835
-0.338749 1.216872 1.982502
-0.334146 1.219422 1.983588
-0.332712 1.220718 1.981092
-0.331032 1.221522 1.984882
-0.328270 1.224327 1.983673
-0.334197 1.217744 1.986914
-0.330136 1.219949 1.987047
-0.339782 1.214847 1.986178
-0.337850 1.211661 1.987548
-0.332673 1.214534 1.987721
-0.329438 1.217065 1.988077
-0.341248 1.213124 1.980134
-0.342242 1.214572 1.981954
-0.326555 1.222974 1.988109
-0.324404 1.224057 1.980120
-0.330341 1.219912 1.978589
-0.335258 1.215375 1.977994
-0.339076 1.211289 1.978824
-0.327954 1.217286 1.977319
-0.333233 1.213246 1.977142
-0.336506 1.209976 1.978581
-0.325962 1.213668 1.977667
-0.331625 1.210515 1.977920
-0.321474 1.221624 1.978500
-0.319380 1.218118 1.979016
-0.334586 1.209125 1.978861
-0.340862 1.208211 1.981647
-0.343567 1.209776 1.983011
-0.344516 1.212381 1.985082
-0.330986 1.212722 1.987827
-0.336340 1.209731 1.987019
-0.329698 1.210449 1.987928
-0.335231 1.207909 1.986835
-0.341922 1.210021 1.987114
-0.341088 1.208184 1.986182
-0.316292 1.219904 1.979017
-0.315252 1.215819 1.981378
-0.318079 1.214092 1.981287
-0.324986 1.209964 1.980564
-0.318404 1.211545 1.984611
-0.321258 1.211867 1.987577
-0.327636 1.208910 1.986752
-0.325573 1.208261 1.984170
-0.333562 1.206679 1.985659
-0.331452 1.206197 1.983422
-0.330852 1.207745 1.980330
-0.336918 1.206334 1.983937
-0.339325 1.206838 1.985052
-0.337887 1.207575 1.980975
-0.334809 1.207404 1.980589
-0.334587 1.206255 1.982805
-0.296512 1.204952 1.984258
-0.292132 1.206052 1.984326
-0.291923 1.200874 1.985422
-0.295858 1.199468 1.985189
-0.296933 1.211696 1.991815
-0.289695 1.214704 1.991895
-0.291407 1.213619 1.988409
-0.297753 1.211356 1.988638
-0.296201 1.208431 1.995167
-0.288378 1.211114 1.996497
-0.283525 1.214407 1.989013
-0.274198 1.211284 1.982181
-0.277589 1.210133 1.979218
-0.286050 1.213369 1.985372
-0.292145 1.210274 1.985403
-0.297637 1.208955 1.985929
-0.286083 1.195533 1.989374
-0.291341 1.195228 1.990759
-0.291787 1.196627 1.987695
-0.287019 1.196114 1.986015
-0.279246 1.196983 1.977294
-0.279695 1.201923 1.975826
-0.279184 1.206416 1.976744
-0.284224 1.197740 1.992705
-0.274837 1.194690 1.985847
-0.272242 1.199977 1.987969
-0.282108 1.203475 1.994981
-0.287488 1.209338 1.982738
-0.288140 1.199604 1.982706
-0.287953 1.204764 1.981542
-0.281309 1.210217 1.992603
-0.288908 1.203742 1.997138
-0.305427 1.195765 1.994078
-0.304385 1.193207 1.991431
-0.294977 1.194366 1.991394
-0.295473 1.197074 1.994952
-0.289661 1.198096 1.994895
-0.295528 1.202374 1.996529
-0.303400 1.197489 1.984788
-0.304307 1.202391 1.983461
-0.305940 1.206074 1.985145
-0.271605 1.207319 1.985874
-0.277414 1.191760 1.983114
-0.307088 1.208150 1.987514
-0.307702 1.208626 1.990785
-0.295123 1.195541 1.987945
-0.303486 1.193063 1.987414
-0.306182 1.200398 1.995344
-0.306880 1.205679 1.994000
-0.314494 1.203717 1.992741
-0.313416 1.198062 1.993472
-0.314992 1.206761 1.989556
-0.313545 1.206118 1.986469
-0.311540 1.204264 1.984389
-0.311818 1.193589 1.991418
-0.310524 1.192233 1.989675
-0.308388 1.192960 1.986920
-0.315129 1.191777 1.989722
-0.318402 1.196078 1.991400
-0.329199 1.199464 1.982260
-0.330000 1.198714 1.984099
-0.325950 1.200378 1.985858
-0.325380 1.201774 1.984436
-0.323391 1.201941 1.988110
-0.321358 1.204115 1.988165
-0.326204 1.198274 1.988922
-0.322445 1.200192 1.990200
-0.330240 1.196386 1.987161
-0.327760 1.192903 1.988033
-0.323591 1.194722 1.989451
-0.321230 1.196998 1.990880
-0.332527 1.197069 1.981430
-0.332826 1.197264 1.983312
-0.319502 1.201601 1.991025
-0.318803 1.204647 1.985030
-0.323452 1.201849 1.982270
-0.327483 1.199117 1.980181
-0.330278 1.196001 1.979458
-0.320990 1.200140 1.980646
-0.325106 1.197510 1.979016
-0.327620 1.194796 1.978666
-0.318718 1.197410 1.979938
-0.323160 1.195205 1.978807
-0.316120 1.202811 1.983156
-0.313409 1.199957 1.982370
-0.325551 1.193853 1.978855
-0.330862 1.191824 1.981286
-0.333348 1.193270 1.983341
-0.333690 1.194797 1.985556
-0.321772 1.192470 1.989712
-0.326232 1.190809 1.987886
-0.319738 1.189912 1.988135
-0.324544 1.189041 1.986611
-0.331075 1.192237 1.986891
-0.330289 1.190713 1.986057
-0.309271 1.201091 1.983682
-0.307908 1.196971 1.984853
-0.311578 1.196324 1.983510
-0.317055 1.193528 1.980958
-0.311113 1.192811 1.985765
-0.313336 1.190727 1.987426
-0.317648 1.189656 1.986724
-0.316641 1.190439 1.983813
-0.322760 1.188439 1.984621
-0.321398 1.189211 1.982316
-0.321781 1.191981 1.979819
-0.326083 1.189163 1.982763
-0.328313 1.189431 1.984417
-0.327807 1.191480 1.980155
-0.325222 1.191504 1.979804
-0.324355 1.189501 1.981527
-0.278339 1.193559 1.980184
-0.285827 1.179072 1.989429
-0.282881 1.179898 1.989331
-0.282262 1.175634 1.989713
-0.284719 1.174921 1.989545
-0.286587 1.183057 1.997610
-0.281081 1.185702 1.998113
-0.282057 1.186253 1.994288
-0.287277 1.184085 1.994072
-0.285225 1.178446 1.999603
-0.280008 1.180650 2.000718
-0.275381 1.186335 1.994922
-0.265041 1.184956 1.986028
-0.268911 1.185487 1.983505
-0.277155 1.186598 1.991069
-0.266076 1.167068 1.980770
-0.271031 1.167787 1.985739
-0.273595 1.169706 1.982682
-0.267505 1.168350 1.976634
-0.282470 1.184062 1.991057
-0.286820 1.182223 1.991190
-0.277685 1.169224 1.992377
-0.281066 1.169026 1.993228
-0.281589 1.171764 1.990888
-0.278974 1.171496 1.989272
-0.269876 1.171841 1.974263
-0.274997 1.173427 1.981171
-0.274186 1.177633 1.979530
-0.270924 1.177185 1.974604
-0.272663 1.181569 1.981402
-0.275574 1.170348 1.995729
-0.267914 1.168651 1.988463
-0.264484 1.172381 1.990340
-0.274385 1.175054 1.998458
-0.279180 1.183714 1.988898
-0.279146 1.175394 1.987594
-0.280295 1.179568 1.987734
-0.273420 1.182013 1.997908
-0.280152 1.174066 1.999699
-0.290666 1.165753 1.995231
-0.289681 1.165550 1.992359
-0.283935 1.167687 1.992810
-0.284246 1.168094 1.996371
-0.280821 1.169689 1.996991
-0.284925 1.171948 1.998955
-0.290027 1.172765 1.988581
-0.291528 1.176791 1.988609
-0.292953 1.179391 1.990388
-0.262093 1.180456 1.989033
-0.294201 1.180639 1.992983
-0.294299 1.179711 1.996368
-0.284173 1.170790 1.990559
-0.289318 1.168611 1.989926
-0.291739 1.169475 1.998617
-0.292836 1.175355 1.998611
-0.298883 1.173361 1.998058
-0.297651 1.167468 1.997579
-0.299415 1.177840 1.995749
-0.298262 1.179034 1.992662
-0.296692 1.178083 1.990244
-0.295727 1.163750 1.993749
-0.294374 1.164356 1.991177
-0.293505 1.167700 1.989368
-0.300610 1.163256 1.992190
-0.303203 1.166319 1.995122
-0.311295 1.175411 1.989538
-0.311808 1.174408 1.991108
-0.308639 1.174745 1.992604
-0.307800 1.176436 1.991503
-0.305923 1.174781 1.994598
-0.303877 1.176417 1.994561
-0.308985 1.171698 1.994369
-0.305329 1.171904 1.995734
-0.312736 1.171202 1.993037
-0.311839 1.166796 1.991912
-0.308346 1.166990 1.993706
-0.305690 1.168116 1.995103
-0.314630 1.173793 1.988457
-0.314548 1.173615 1.990348
-0.302812 1.172102 1.996625
-0.302028 1.178066 1.992002
-0.306627 1.177090 1.989756
-0.310914 1.175629 1.987413
-0.313848 1.172994 1.986262
-0.304932 1.176319 1.988014
-0.309255 1.174602 1.985979
-0.311871 1.172176 1.985221
-0.303077 1.174255 1.986733
-0.307603 1.172907 1.985226
-0.299980 1.177334 1.989847
-0.298099 1.175120 1.988296
-0.310167 1.171672 1.984809
-0.314504 1.169529 1.986617
-0.315916 1.169955 1.988841
-0.315733 1.170511 1.991532
-0.307208 1.164642 1.992488
-0.311196 1.164805 1.990403
-0.305289 1.163340 1.990423
-0.309955 1.164311 1.988426
-0.314429 1.167347 1.991244
-0.314315 1.166530 1.989427
-0.294957 1.175678 1.988456
-0.293639 1.171863 1.988210
-0.296874 1.171196 1.987555
-0.301927 1.170759 1.986105
-0.297172 1.166830 1.988099
-0.298434 1.163745 1.989846
-0.303657 1.163965 1.988130
-0.302265 1.166503 1.986394
-0.308490 1.165131 1.986693
-0.307174 1.167132 1.985430
-0.306817 1.170181 1.984908
-0.311504 1.167238 1.985944
-0.313136 1.166542 1.987294
-0.312504 1.169542 1.985375
-0.310250 1.169809 1.984882
-0.309990 1.168031 1.985213
-0.264139 1.168190 1.983565
-0.292258 1.214498 1.914484
-0.291839 1.211342 1.918173
-0.295742 1.202390 1.920543
-0.300124 1.198246 1.917493
-0.303886 1.197753 1.911937
-0.304554 1.201486 1.907782
-0.303493 1.206562 1.905396
-0.293145 1.207233 1.920372
-0.294609 1.215917 1.910074
-0.299553 1.212039 1.906022
-0.308441 1.215320 1.910005
-0.303395 1.219621 1.912914
-0.311732 1.208481 1.909153
-0.311392 1.202965 1.911763
-0.308857 1.199422 1.915100
-0.299065 1.218735 1.917170
-0.297470 1.215319 1.920655
-0.297733 1.210162 1.922788
-0.306513 1.223346 1.920180
-0.314214 1.224567 1.918168
-0.327388 1.214016 1.921527
-0.328253 1.217848 1.919386
-0.324630 1.216028 1.917627
-0.323924 1.211780 1.918690
-0.321863 1.215871 1.916660
-0.319889 1.211954 1.915302
-0.323712 1.222140 1.917395
-0.320339 1.220426 1.917011
-0.320882 1.226653 1.919946
-0.318853 1.224396 1.918197
-0.327775 1.223990 1.918741
-0.330611 1.219875 1.921394
-0.330316 1.224531 1.921927
-0.329861 1.217894 1.923858
-0.317312 1.219374 1.915110
-0.316908 1.204879 1.915998
-0.322015 1.207507 1.920590
-0.325656 1.211184 1.924415
-0.327592 1.216131 1.927119
-0.318732 1.205050 1.924118
-0.322497 1.210249 1.927718
-0.324029 1.215411 1.929345
-0.314264 1.206867 1.927603
-0.318938 1.211945 1.929953
-0.312687 1.201010 1.918754
-0.307424 1.201886 1.922343
-0.321270 1.215192 1.930625
-0.326673 1.221878 1.928656
-0.329997 1.223678 1.925879
-0.317319 1.227184 1.922468
-0.324286 1.228034 1.921477
-0.321363 1.228515 1.924888
-0.313137 1.226120 1.924883
-0.318570 1.227119 1.927936
-0.327595 1.227988 1.922826
-0.325955 1.227807 1.926075
-0.304416 1.199775 1.919693
-0.300405 1.204163 1.922625
-0.303386 1.206783 1.924867
-0.310717 1.211674 1.928984
-0.301697 1.213870 1.925406
-0.302751 1.220163 1.923170
-0.310383 1.223203 1.927379
-0.309175 1.218109 1.928973
-0.316540 1.224033 1.930002
-0.315604 1.220299 1.930875
-0.316771 1.215927 1.930771
-0.320792 1.223000 1.930670
-0.323280 1.225734 1.929088
-0.323253 1.219921 1.930303
-0.320443 1.218259 1.930958
-0.319110 1.220772 1.931030
-0.264910 1.166295 1.973866
-0.267672 1.170568 1.970757
-0.264929 1.167363 1.967131
-0.262836 1.162643 1.962218
-0.256875 1.155849 1.960830
-0.264055 1.167618 1.958347
-0.266373 1.172387 1.963683
-0.269757 1.177597 1.968913
-0.261847 1.168378 1.950663
-0.321912 1.512687 1.679884
-0.318723 1.510749 1.680897
-0.316649 1.504937 1.680483
-0.320005 1.505917 1.681304
-0.323592 1.506594 1.680766
-0.327521 1.507258 1.679494
-0.328620 1.514988 1.673038
-0.325658 1.513901 1.677230
-0.334742 1.508403 1.666682
-0.333658 1.509181 1.667084
-0.334665 1.507942 1.666972
-0.331865 1.508702 1.671982
-0.332955 1.507677 1.668149
-0.313449 1.507465 1.681601
-0.312192 1.506171 1.681479
-0.315846 1.508912 1.681005
-0.330894 1.508183 1.676095
-0.312499 1.505421 1.681341
-0.314187 1.505275 1.680941
-0.330469 1.513463 1.669030
-0.322804 1.508930 1.680835
-0.327014 1.510272 1.679569
-0.329553 1.513527 1.674631
-0.326058 1.513174 1.678588
-0.331504 1.510556 1.671999
-0.331835 1.510117 1.669587
-0.319481 1.507863 1.681316
-0.330522 1.510974 1.675762
-0.321931 1.511535 1.680296
-0.332222 1.509802 1.668987
-0.330986 1.511281 1.670487
-0.313317 1.506141 1.681000
-0.313363 1.506029 1.680938
-0.308031 1.255940 1.653810
-0.309040 1.238767 1.661974
-0.318698 1.510022 1.680938
-0.314445 1.505916 1.680517
-0.316828 1.507147 1.680988
-0.316333 1.508583 1.680757
-0.314131 1.506828 1.680522
-0.148002 1.171013 1.703671
-0.157407 1.158607 1.699278
-0.103141 1.182486 1.690054
-0.093705 1.175258 1.675043
-0.280471 0.980917 1.688473
-0.215040 1.027657 1.540235
-0.210339 1.047273 1.537574
-0.269910 1.046835 1.506770
-0.253445 1.042915 1.510478
-0.200668 1.025974 1.634125
-0.202325 1.007688 1.634091
-0.242546 1.018267 1.672185
-0.244782 0.999318 1.671442
-0.214415 0.986580 1.651514
-0.237931 0.996871 1.521740
-0.240211 1.017118 1.520086
-0.227453 1.013523 1.530280
-0.224408 0.994019 1.530328
-0.288393 1.027216 1.511788
-0.286834 1.050313 1.507973
-0.189695 1.047843 1.616414
-0.186518 1.050483 1.594860
-0.195499 1.058428 1.555068
-0.205515 1.065197 1.539389
-0.231419 1.080675 1.516417
-0.217581 1.072924 1.526960
-0.255598 1.038057 1.683968
-0.271737 1.058226 1.689315
-0.198462 1.045635 1.636101
-0.310445 1.039341 1.693761
-0.260654 1.114016 1.498194
-0.240994 1.109425 1.505017
-0.188688 1.053707 1.574106
-0.300238 1.199881 1.686637
-0.302007 1.183659 1.694974
-0.286618 1.187088 1.696783
-0.284160 1.202431 1.687698
-0.271443 1.188820 1.697799
-0.256718 1.189795 1.697367
-0.243375 1.190084 1.695910
-0.213230 1.185087 1.686623
-0.221792 1.187600 1.690361
-0.199361 1.177157 1.675911
-0.206105 1.181990 1.681805
-0.192481 1.168693 1.667682
-0.187080 1.157980 1.657022
-0.181675 1.147273 1.644234
-0.180577 1.160483 1.638608
-0.189399 1.144574 1.663465
-0.194360 1.155923 1.673944
-0.200902 1.163864 1.682570
-0.316990 1.140624 1.702796
-0.314538 1.116384 1.700107
-0.307321 1.272647 1.645937
-0.124193 1.052541 1.814522
-0.194401 1.152960 1.857334
-0.263891 1.296699 1.510952
-0.284778 1.292971 1.510024
-0.302585 1.280653 1.506478
-0.302801 1.291328 1.509063
-0.185468 1.310791 1.554185
-0.200211 1.303233 1.532880
-0.220216 1.296715 1.517372
-0.241735 1.290595 1.510380
-0.211506 1.062305 1.654389
-0.261237 1.261945 1.504086
-0.239057 1.279651 1.507017
-0.214461 1.286215 1.514339
-0.192659 1.292055 1.529137
-0.172532 1.299484 1.551825
-0.160108 1.296001 1.562168
-0.145162 1.275851 1.566112
-0.137193 1.273168 1.576073
-0.135680 1.287072 1.588404
-0.127622 1.282163 1.599736
-0.129220 1.269336 1.587054
-0.096805 1.200445 1.651747
-0.094924 1.182418 1.655849
-0.094830 1.166445 1.652740
-0.098687 1.152992 1.646737
-0.102656 1.146141 1.642717
-0.108815 1.142999 1.636216
-0.117052 1.145306 1.627564
-0.142755 1.166194 1.604863
-0.149996 1.174576 1.595623
-0.158440 1.173787 1.567166
-0.161547 1.171021 1.560872
-0.180531 1.133463 1.538218
-0.173211 1.146817 1.543678
-0.189789 1.119698 1.531976
-0.214251 0.900366 1.514633
-0.222969 0.918602 1.519789
-0.207692 0.922220 1.530501
-0.198002 0.904469 1.525571
-0.285137 0.955282 1.513939
-0.265687 0.954593 1.516104
-0.175796 0.929178 1.607308
-0.176555 0.929147 1.584161
-0.183413 0.927878 1.562882
-0.194345 0.925612 1.544753
-0.180423 0.927315 1.628962
-0.260877 0.900678 1.692488
-0.241925 0.905736 1.684146
-0.316237 0.891230 1.704371
-0.298187 0.893096 1.703268
-0.190255 0.922753 1.647840
-0.279819 0.896454 1.699247
-0.223051 0.911123 1.674537
-0.204990 0.916878 1.662814
-0.229585 0.936177 1.523864
-0.244923 0.934930 1.517163
-0.249103 0.954652 1.520025
-0.259920 1.177415 1.489050
-0.240674 1.179836 1.493998
-0.221913 1.182598 1.497655
-0.205202 1.202928 1.502506
-0.189477 1.206286 1.510932
-0.188566 1.192693 1.512491
-0.204087 1.187820 1.503913
-0.165158 1.207106 1.538069
-0.156389 1.206328 1.548114
-0.158207 1.197590 1.549300
-0.166465 1.198207 1.538135
-0.150593 1.196399 1.558173
-0.143565 1.195753 1.567843
-0.138611 1.194639 1.579638
-0.132281 1.191196 1.590398
-0.122940 1.210624 1.588128
-0.130378 1.214873 1.577469
-0.163217 1.218158 1.538891
-0.174815 1.219440 1.525581
-0.260092 1.204480 1.494480
-0.279408 1.199388 1.494137
-0.176206 1.141837 1.629338
-0.170583 1.138677 1.613485
-0.166780 1.138255 1.598693
-0.165573 1.140264 1.584772
-0.164293 1.144316 1.572002
-0.165305 1.150125 1.560087
-0.167955 1.157518 1.549519
-0.164380 1.165321 1.554793
-0.171198 1.165802 1.540488
-0.166347 1.172682 1.548321
-0.173502 1.175480 1.533073
-0.175178 1.186118 1.527555
-0.176636 1.196883 1.524665
-0.176194 1.207887 1.524280
-0.203781 1.217788 1.502165
-0.187705 1.219515 1.512387
-0.220645 1.230394 1.498637
-0.217797 1.245213 1.501023
-0.223225 1.198824 1.495883
-0.221795 1.214404 1.497007
-0.226069 1.329210 1.546239
-0.242171 1.325257 1.532705
-0.113685 1.161643 1.623761
-0.111144 1.154001 1.629539
-0.116501 1.153987 1.624055
-0.116331 1.159723 1.621387
-0.106792 1.157708 1.633613
-0.105901 1.173035 1.628953
-0.102742 1.163597 1.637781
-0.111005 1.164506 1.626258
-0.098960 1.174836 1.641833
-0.102290 1.181858 1.632303
-0.097333 1.187670 1.643685
-0.099978 1.192161 1.634214
-0.099228 1.200472 1.634681
-0.097802 1.200209 1.641534
-0.110151 1.225237 1.605187
-0.104827 1.217379 1.616475
-0.101186 1.208228 1.626930
-0.125372 1.185116 1.599463
-0.119019 1.179173 1.608912
-0.114400 1.172702 1.618005
-0.109596 1.180707 1.619833
-0.114618 1.187366 1.609586
-0.120728 1.193892 1.598786
-0.259388 1.189424 1.490737
-0.241316 1.195184 1.492268
-0.147946 1.205772 1.557468
-0.141167 1.205508 1.566802
-0.134940 1.205003 1.577261
-0.127493 1.200627 1.588351
-0.137997 1.216599 1.567344
-0.145633 1.217199 1.557839
-0.154065 1.217543 1.548797
-0.241595 1.209568 1.494498
-0.278647 1.185158 1.489618
-0.170632 1.260126 1.658961
-0.157010 1.279579 1.653240
-0.141898 1.290449 1.639009
-0.131089 1.291210 1.618670
-0.298176 1.323667 1.522973
-0.122732 1.033263 1.737819
-0.297389 1.137134 1.488512
-0.297060 1.156566 1.485356
-0.301474 1.074358 1.506249
-0.299254 1.092186 1.496655
-0.269415 0.978605 1.514894
-0.287301 0.980263 1.514489
-0.288821 1.004226 1.513353
-0.303964 0.934945 1.504969
-0.305723 0.954541 1.515631
-0.305824 1.006434 1.516946
-0.304813 1.029419 1.515499
-0.280004 1.114829 1.494637
-0.278645 1.175251 1.485125
-0.297887 1.183655 1.487952
-0.298915 1.196320 1.492546
-0.299787 1.213418 1.494117
-0.236497 1.159925 1.710452
-0.234304 1.174586 1.702508
-0.245996 1.175484 1.705022
-0.247908 1.160809 1.713193
-0.217713 1.157834 1.701078
-0.215350 1.171560 1.694194
-0.224126 1.173263 1.698599
-0.226091 1.158803 1.706246
-0.207808 1.168666 1.688764
-0.210200 1.155280 1.695234
-0.238341 1.143797 1.716166
-0.228314 1.143123 1.711651
-0.249358 1.144704 1.718855
-0.212995 1.141546 1.699934
-0.220095 1.142763 1.706033
-0.358501 1.397747 1.667243
-0.369150 1.406080 1.677366
-0.374127 1.448062 1.678295
-0.371660 1.451159 1.675678
-0.336220 1.373104 1.648221
-0.331690 1.360797 1.644019
-0.377375 1.429481 1.677009
-0.379211 1.416257 1.677980
-0.374034 1.474120 1.676107
-0.373143 1.470080 1.675254
-0.375431 1.458990 1.677339
-0.375085 1.454443 1.676773
-0.328787 1.347946 1.638664
-0.350908 1.389566 1.654443
-0.321969 1.323140 1.628185
-0.319373 1.314574 1.624865
-0.309513 1.304886 1.627762
-0.308954 1.294943 1.632291
-0.317351 1.161713 1.699686
-0.312476 1.206335 1.675108
-0.315370 1.195958 1.685685
-0.310526 1.221623 1.668318
-0.308897 1.284317 1.640028
-0.325374 1.334305 1.633536
-0.376363 1.443662 1.677172
-0.376046 1.437479 1.676247
-0.373197 1.465935 1.675270
-0.374212 1.461880 1.676225
-0.322353 1.254299 1.652578
-0.324117 1.236689 1.660305
-0.316782 1.179417 1.693481
-0.330938 1.137265 1.698701
-0.330701 1.112959 1.695888
-0.320683 1.270682 1.644947
-0.329673 1.093647 1.687508
-0.148389 0.738171 1.581404
-0.161699 0.717142 1.564925
-0.166516 0.729724 1.545370
-0.155865 0.744764 1.556872
-0.152445 0.791438 1.561252
-0.152880 0.818373 1.562149
-0.154068 0.846388 1.561757
-0.183870 0.719922 1.530327
-0.208214 0.735711 1.503454
-0.208019 0.716316 1.516499
-0.164876 0.840215 1.538944
-0.163174 0.813642 1.539329
-0.162132 0.749639 1.542873
-0.161881 0.764555 1.539743
-0.153350 0.765751 1.557923
-0.186054 0.738202 1.518374
-0.170917 0.742849 1.532332
-0.250470 0.894322 1.502707
-0.243762 0.874144 1.496780
-0.269209 0.873375 1.490879
-0.184284 0.909476 1.541746
-0.189097 0.884398 1.522473
-0.298389 0.726979 1.507409
-0.173326 0.761421 1.524036
-0.209586 0.758323 1.495123
-0.188480 0.759117 1.508465
-0.213464 0.831513 1.494004
-0.194094 0.833015 1.506000
-0.191548 0.808152 1.504389
-0.211359 0.807692 1.491124
-0.178514 0.835835 1.520560
-0.182789 0.861301 1.520895
-0.217110 0.854737 1.498312
-0.198678 0.857573 1.508222
-0.205444 0.880138 1.510950
-0.175692 0.809456 1.520350
-0.210720 0.782229 1.490473
-0.235943 0.781730 1.480834
-0.264680 0.782431 1.478547
-0.295122 0.780620 1.478562
-0.295873 0.803636 1.476330
-0.223399 0.876706 1.502919
-0.238894 0.916469 1.513648
-0.231438 0.897321 1.508241
-0.252611 0.976419 1.518931
-0.234552 0.579415 1.794216
-0.313761 0.705476 1.610971
-0.316831 0.710133 1.632255
-0.157010 0.805896 1.675086
-0.140023 0.766217 1.620002
-0.143933 0.765624 1.588771
-0.312753 0.722452 1.666734
-0.301681 0.735297 1.685561
-0.179403 0.806912 1.700270
-0.234360 0.778818 1.719081
-0.317964 0.714874 1.648179
-0.161589 0.787820 1.540043
-0.173585 0.782965 1.522010
-0.189898 0.782534 1.504697
-0.236032 0.758007 1.485337
-0.265216 0.760116 1.482217
-0.295763 0.760929 1.484820
-0.310868 0.782251 1.682536
-0.322025 0.785946 1.683103
-0.314923 0.788988 1.684529
-0.330466 0.797083 1.684298
-0.329915 0.784906 1.683327
-0.321277 0.774701 1.679354
-0.330233 0.771675 1.677954
-0.329327 0.758976 1.671096
-0.260955 0.882386 1.691834
-0.240531 0.888187 1.684319
-0.316680 0.872590 1.701417
-0.299433 0.874656 1.700360
-0.185368 0.906669 1.650436
-0.280883 0.878311 1.697151
-0.220217 0.894403 1.676030
-0.200903 0.900695 1.665331
-0.298118 0.851713 1.480105
-0.299573 0.874112 1.485613
-0.332702 0.871389 1.700248
-0.374080 1.405684 1.673447
-0.362509 1.397495 1.664106
-0.326506 1.580837 1.638255
-0.286455 1.369466 1.555800
-0.353824 1.532416 1.660696
-0.373034 1.451278 1.674487
-0.376036 1.476741 1.678118
-0.318160 1.303546 1.623103
-0.319071 1.292655 1.628501
-0.319370 0.712908 1.608043
-0.321082 1.282677 1.638162
-0.317578 0.709208 1.600194
-0.303413 1.054022 1.511908
-0.284470 0.163272 1.633402
-0.282455 0.167188 1.620398
-0.282688 0.140213 1.617150
-0.286677 0.137950 1.630031
-0.260373 0.173097 1.601556
-0.273057 0.171063 1.605465
-0.246597 0.172416 1.602108
-0.235417 0.169163 1.608683
-0.243637 0.142246 1.601675
-0.252672 0.144227 1.594977
-0.230294 0.166558 1.618266
-0.234135 0.138197 1.621862
-0.228045 0.163826 1.629754
-0.230662 0.158444 1.647722
-0.237420 0.134689 1.639288
-0.241087 0.153357 1.662010
-0.246495 0.131884 1.654729
-0.256627 0.151121 1.668981
-0.282762 0.159204 1.647090
-0.286931 0.134829 1.645503
-0.265466 0.144672 1.595104
-0.275080 0.143386 1.600369
-0.278868 0.141586 1.608706
-0.280006 0.168716 1.612402
-0.287411 0.114376 1.614975
-0.298012 0.112949 1.628633
-0.269923 0.116914 1.587727
-0.276186 0.116012 1.597533
-0.250310 0.116154 1.596302
-0.258240 0.117180 1.586599
-0.234620 0.113658 1.616205
-0.242314 0.115059 1.606187
-0.237912 0.140853 1.611400
-0.238974 0.112107 1.632746
-0.249069 0.111214 1.651592
-0.293290 0.113079 1.646686
-0.280383 0.115453 1.605934
-0.248604 0.060285 1.799063
-0.250327 0.063987 1.797607
-0.254726 0.063622 1.798340
-0.255088 0.058935 1.800252
-0.285439 0.058567 1.808331
-0.288148 0.066779 1.808075
-0.295836 0.063966 1.806093
-0.295970 0.054795 1.806144
-0.268817 0.059789 1.808167
-0.267451 0.055766 1.805503
-0.262741 0.056164 1.805247
-0.261385 0.060703 1.807666
-0.227694 0.060305 1.771202
-0.227156 0.055633 1.769846
-0.222930 0.056145 1.768481
-0.222360 0.059726 1.769184
-0.241116 0.059091 1.788374
-0.240346 0.054571 1.786483
-0.236568 0.055154 1.785135
-0.234892 0.058948 1.786325
-0.284829 0.066170 1.784899
-0.298188 0.065656 1.781550
-0.296977 0.063910 1.796333
-0.285802 0.068020 1.798310
-0.302576 0.054515 1.794283
-0.303221 0.054347 1.778613
-0.295895 0.046951 1.779478
-0.295249 0.049875 1.793398
-0.283203 0.049127 1.783489
-0.283491 0.051239 1.796051
-0.277553 0.058233 1.786107
-0.276531 0.061140 1.799738
-0.259567 0.060813 1.787641
-0.265275 0.066957 1.786825
-0.263288 0.066573 1.799481
-0.256967 0.061718 1.799476
-0.275317 0.065681 1.788147
-0.270935 0.065426 1.800301
-0.277690 0.056644 1.789067
-0.272539 0.051510 1.786982
-0.270203 0.053707 1.799405
-0.275931 0.058660 1.801712
-0.263837 0.053344 1.786621
-0.261502 0.054677 1.798429
-0.248923 0.066941 1.780651
-0.258540 0.065225 1.782616
-0.256301 0.063408 1.792534
-0.249024 0.064882 1.791726
-0.260011 0.056443 1.794030
-0.260861 0.056499 1.784376
-0.255381 0.052500 1.782901
-0.254542 0.053213 1.793100
-0.246726 0.054243 1.781760
-0.247415 0.054210 1.792611
-0.243617 0.061387 1.781825
-0.244175 0.060328 1.792664
-0.229674 0.060725 1.769747
-0.233627 0.066619 1.769154
-0.234404 0.064427 1.779571
-0.231586 0.058794 1.779627
-0.241159 0.065777 1.772306
-0.240564 0.064382 1.780949
-0.244941 0.059715 1.782228
-0.243709 0.060359 1.775127
-0.240461 0.053355 1.773379
-0.241827 0.053163 1.781383
-0.232649 0.053652 1.770450
-0.234329 0.053737 1.779977
-0.220096 0.065257 1.754014
-0.221030 0.064898 1.763003
-0.218759 0.059458 1.762634
-0.218101 0.058424 1.752842
-0.226904 0.065743 1.758108
-0.227535 0.064791 1.764782
-0.230603 0.059920 1.765743
-0.228509 0.060710 1.760483
-0.227566 0.053370 1.759023
-0.228622 0.053693 1.765266
-0.221486 0.053657 1.755077
-0.221551 0.054126 1.763368
-0.281145 0.064514 1.771829
-0.298237 0.066397 1.767214
-0.293175 0.052105 1.802216
-0.302856 0.053557 1.764316
-0.286758 0.053156 1.803566
-0.279190 0.048010 1.771597
-0.294882 0.046163 1.765353
-0.278237 0.056956 1.779887
-0.263651 0.065122 1.806070
-0.260596 0.049922 1.771332
-0.261631 0.057814 1.778759
-0.268148 0.064583 1.806320
-0.263753 0.066138 1.770741
-0.246670 0.065433 1.763378
-0.252828 0.055353 1.798463
-0.248962 0.056196 1.798130
-0.243184 0.051004 1.765674
-0.243287 0.060646 1.772774
-0.235859 0.062980 1.785278
-0.229477 0.051138 1.755831
-0.228635 0.060496 1.760487
-0.239652 0.063021 1.785963
-0.230969 0.066477 1.753322
-0.224129 0.062199 1.767639
-0.220431 0.050275 1.745262
-0.216165 0.056569 1.741547
-0.226983 0.063132 1.768966
-0.219521 0.065363 1.743746
-0.281797 0.133050 1.656969
-0.278662 0.154949 1.658855
-0.269737 0.153074 1.665750
-0.272244 0.132554 1.662497
-0.260633 0.131069 1.662896
-0.285551 0.113679 1.660724
-0.273355 0.114445 1.665112
-0.262201 0.111380 1.662441
-0.236078 0.094286 1.626879
-0.233960 0.095262 1.610730
-0.243900 0.096469 1.600588
-0.251191 0.097028 1.589334
-0.259855 0.097221 1.579427
-0.295180 0.096163 1.651561
-0.288208 0.098820 1.669410
-0.275048 0.100352 1.676126
-0.260300 0.098427 1.670342
-0.302449 0.069035 1.750308
-0.284690 0.071725 1.752056
-0.288336 0.077083 1.734364
-0.301259 0.067439 1.732183
-0.267635 0.069833 1.751463
-0.270644 0.076422 1.732599
-0.251117 0.068067 1.745752
-0.254356 0.072274 1.726959
-0.234976 0.066966 1.737924
-0.238651 0.068584 1.720179
-0.220873 0.064097 1.730873
-0.224361 0.062690 1.713502
-0.213961 0.054578 1.728548
-0.216005 0.052998 1.710722
-0.306710 0.052514 1.748751
-0.303869 0.052356 1.729211
-0.295445 0.041943 1.747748
-0.293431 0.039969 1.729014
-0.278686 0.042178 1.748209
-0.277743 0.039759 1.727937
-0.219238 0.042639 1.712489
-0.218942 0.045020 1.731198
-0.260937 0.044040 1.745328
-0.260571 0.041848 1.724726
-0.244456 0.043524 1.740928
-0.244368 0.040970 1.720560
-0.230310 0.043517 1.735745
-0.230395 0.040279 1.716048
-0.290835 0.081029 1.712807
-0.273046 0.085202 1.712320
-0.257139 0.079520 1.705829
-0.242155 0.072187 1.698482
-0.228964 0.062725 1.691650
-0.219396 0.053215 1.688916
-0.241336 0.078803 1.671833
-0.232768 0.061817 1.666519
-0.225356 0.051303 1.666739
-0.229923 0.049392 1.643623
-0.233832 0.060940 1.642006
-0.238093 0.058195 1.602073
-0.235777 0.059882 1.619625
-0.231407 0.047603 1.620957
-0.233107 0.043959 1.602248
-0.237766 0.077627 1.644791
-0.238463 0.076809 1.622335
-0.240843 0.077267 1.605802
-0.245337 0.041303 1.578269
-0.246832 0.057167 1.576776
-0.241428 0.056765 1.589168
-0.236990 0.041860 1.589107
-0.261143 0.039163 1.572221
-0.262043 0.055903 1.568355
-0.277292 0.054085 1.576199
-0.277234 0.038419 1.578861
-0.250255 0.077845 1.582353
-0.245250 0.077179 1.593851
-0.261118 0.077650 1.573074
-0.274376 0.076755 1.579318
-0.283701 0.055152 1.594037
-0.280314 0.076607 1.594978
-0.286479 0.039725 1.594871
-0.297859 0.066213 1.709119
-0.297104 0.054338 1.705260
-0.258057 0.089072 1.686173
-0.274670 0.093186 1.692422
-0.291668 0.085707 1.685362
-0.297974 0.066110 1.683503
-0.292759 0.052992 1.680158
-0.296583 0.062968 1.657953
-0.290561 0.050659 1.657797
-0.288898 0.044266 1.704482
-0.283962 0.046674 1.679560
-0.282489 0.044226 1.657169
-0.294420 0.059985 1.637647
-0.290623 0.047130 1.637838
-0.289697 0.058642 1.620754
-0.289830 0.044490 1.621727
-0.289061 0.042289 1.608531
-0.286437 0.057237 1.607687
-0.288851 0.076818 1.618215
-0.284562 0.077003 1.606796
-0.293823 0.077589 1.634985
-0.296539 0.080657 1.656963
-0.221527 0.042536 1.690635
-0.225425 0.042159 1.668344
-0.230763 0.041483 1.645823
-0.233610 0.037547 1.623703
-0.237115 0.033465 1.605914
-0.241812 0.031455 1.594561
-0.248832 0.030585 1.585199
-0.261322 0.030293 1.580998
-0.273397 0.030071 1.585060
-0.280417 0.029962 1.598297
-0.283194 0.031132 1.610539
-0.283785 0.038494 1.637882
-0.284251 0.033971 1.622614
-0.298772 0.094138 1.630293
-0.291510 0.094722 1.615100
-0.284647 0.095403 1.605442
-0.271562 0.097083 1.583480
-0.278530 0.095802 1.596411
-0.275444 0.040955 1.703516
-0.258974 0.041340 1.700560
-0.243650 0.040404 1.696876
-0.231112 0.039658 1.693468
-0.233015 0.039110 1.670318
-0.244091 0.039242 1.672564
-0.258540 0.039603 1.675591
-0.272973 0.042514 1.678413
-0.237130 0.037475 1.648148
-0.246667 0.036795 1.650398
-0.260166 0.036682 1.652483
-0.272474 0.039200 1.655768
-0.274343 0.033495 1.636183
-0.263566 0.032032 1.632457
-0.250720 0.032800 1.630208
-0.241810 0.033797 1.626963
-0.245728 0.030839 1.610441
-0.254562 0.030468 1.614375
-0.266013 0.029761 1.616862
-0.275115 0.030327 1.620824
-0.249339 0.029366 1.600908
-0.261538 0.028101 1.589239
-0.254074 0.028494 1.593361
-0.269392 0.027672 1.591152
-0.273343 0.027989 1.600476
-0.274796 0.028856 1.610220
-0.266824 0.028330 1.601017
-0.266600 0.028901 1.608083
-0.257062 0.029487 1.605425
-0.259242 0.028812 1.598770
-0.266194 0.028022 1.595337
-0.262174 0.028355 1.594327
-0.246656 0.093895 1.652175
-0.294176 1.337621 1.531242
-0.302278 1.269040 1.504054
-0.271391 0.397528 1.776090
-0.259600 0.392950 1.784229
-0.244172 0.394748 1.789868
-0.206184 0.805545 1.708511
-0.262924 0.982410 1.680005
-0.257979 1.018564 1.682155
-0.260696 0.999921 1.680857
-0.206496 0.782756 1.719755
-0.211304 1.042475 1.651492
-0.296850 0.743196 1.493936
-0.300362 1.229425 1.496457
-0.231865 1.189582 1.693522
-0.296617 0.828309 1.476677
-0.244769 1.473996 1.655815
-0.246845 1.472071 1.653856
-0.246951 1.468262 1.652703
-0.245631 1.465544 1.648732
-0.244117 1.463344 1.648017
-0.241021 1.461082 1.647573
-0.243081 1.469272 1.651505
-0.243522 1.468678 1.650056
-0.244635 1.470444 1.651636
-0.243975 1.470533 1.652450
-0.325671 1.218318 1.665644
-0.327294 1.203629 1.672710
-0.329227 1.193572 1.684547
-0.330029 1.177041 1.691648
-0.375747 1.448044 1.676980
-0.333373 0.935429 1.691725
-0.332171 0.945739 1.685813
-0.306107 0.981734 1.518045
-0.333604 0.907288 1.701635
-0.332268 0.959402 1.687557
-0.298053 1.115292 1.491886
-0.330629 1.158374 1.696932
-0.333125 0.890029 1.702495
-0.296628 1.173811 1.481983
-0.331515 0.978949 1.690378
-0.330943 0.812656 1.688290
-0.329966 1.038499 1.689283
-0.361804 1.554229 1.609742
-0.363823 1.542728 1.597815
-0.369977 1.536421 1.610705
-0.366777 1.543801 1.622816
-0.374431 1.529720 1.620019
-0.371124 1.533776 1.630237
-0.364646 1.529465 1.590185
-0.370444 1.526908 1.602070
-0.378708 1.492320 1.601015
-0.375107 1.500636 1.600312
-0.373334 1.495991 1.592526
-0.377120 1.484932 1.593892
-0.383682 1.467275 1.606282
-0.379753 1.455155 1.601578
-0.384288 1.450447 1.612605
-0.386396 1.462040 1.617234
-0.376911 1.481021 1.649177
-0.376344 1.486191 1.644618
-0.381189 1.480783 1.641520
-0.381098 1.474796 1.646176
-0.372276 1.492383 1.656546
-0.372238 1.497603 1.662513
-0.368231 1.501124 1.658096
-0.369241 1.495801 1.652392
-0.375934 1.476087 1.654481
-0.379689 1.469582 1.650795
-0.375229 1.483416 1.656070
-0.373976 1.486942 1.651945
-0.381832 1.481918 1.665856
-0.383132 1.483862 1.670968
-0.381339 1.489553 1.669452
-0.379227 1.485675 1.663660
-0.377423 1.478065 1.658400
-0.377925 1.475996 1.662113
-0.379916 1.479083 1.662616
-0.378310 1.481639 1.659692
-0.374997 1.488921 1.660711
-0.376397 1.493797 1.666341
-0.377086 1.496995 1.672916
-0.382544 1.491536 1.676565
-0.386711 1.461243 1.638615
-0.385595 1.458423 1.643906
-0.383426 1.464084 1.647271
-0.384787 1.468341 1.642292
-0.376557 1.471554 1.660146
-0.382949 1.456551 1.661108
-0.381520 1.458613 1.666762
-0.380160 1.462292 1.666073
-0.382028 1.460222 1.659885
-0.387934 1.446372 1.632519
-0.387703 1.437582 1.632687
-0.387064 1.440186 1.640241
-0.387081 1.446028 1.639647
-0.386515 1.433560 1.642512
-0.386581 1.429407 1.634785
-0.384653 1.414519 1.645698
-0.386180 1.423675 1.652667
-0.386248 1.428044 1.646424
-0.385562 1.421383 1.639461
-0.383351 1.430763 1.663776
-0.386020 1.420111 1.660539
-0.384763 1.417738 1.667799
-0.381582 1.429844 1.669322
-0.378688 1.449709 1.658504
-0.382576 1.453084 1.661049
-0.383008 1.451616 1.656100
-0.381234 1.449637 1.655262
-0.381857 1.448756 1.650883
-0.382673 1.449606 1.651105
-0.383363 1.450230 1.650131
-0.382862 1.448436 1.649961
-0.381852 1.449395 1.652576
-0.380949 1.448842 1.651473
-0.381145 1.448833 1.653986
-0.381405 1.448641 1.658838
-0.378861 1.448243 1.673090
-0.375421 1.451528 1.670976
-0.376486 1.451229 1.667888
-0.380600 1.448452 1.669470
-0.383689 1.452120 1.652450
-0.383545 1.454166 1.655758
-0.383265 1.457087 1.654762
-0.384001 1.453819 1.650833
-0.384641 1.456211 1.648306
-0.385459 1.451930 1.645610
-0.384200 1.451057 1.648588
-0.382868 1.447213 1.650925
-0.384062 1.447538 1.648098
-0.384003 1.445260 1.648929
-0.383830 1.442998 1.651061
-0.382798 1.446250 1.653479
-0.382792 1.445325 1.657754
-0.383697 1.441058 1.654929
-0.383525 1.439659 1.660472
-0.382698 1.444477 1.663239
-0.382962 1.461127 1.651517
-0.385632 1.446490 1.644707
-0.386581 1.452815 1.641324
-0.385565 1.442634 1.645304
-0.385200 1.438681 1.647564
-0.384603 1.432673 1.656873
-0.385118 1.435225 1.651206
-0.383886 1.410464 1.654265
-0.382139 1.407781 1.662462
-0.374084 1.523675 1.624401
-0.370423 1.525704 1.631263
-0.373547 1.515486 1.622973
-0.372497 1.517347 1.626710
-0.372265 1.519455 1.626348
-0.374215 1.517261 1.621369
-0.374984 1.504190 1.606530
-0.376973 1.498431 1.606771
-0.374756 1.503543 1.612001
-0.374254 1.507126 1.611909
-0.377182 1.498482 1.622997
-0.375158 1.505099 1.624105
-0.374580 1.505447 1.620207
-0.377172 1.499065 1.618040
-0.374105 1.505479 1.628151
-0.375724 1.498903 1.627974
-0.373304 1.500150 1.632249
-0.372102 1.506225 1.631656
-0.369442 1.520431 1.630480
-0.369245 1.517965 1.630964
-0.365388 1.517304 1.634676
-0.364919 1.519620 1.635204
-0.359312 1.509783 1.642020
-0.358416 1.509181 1.644461
-0.358129 1.512863 1.643446
-0.359308 1.511784 1.640606
-0.360894 1.508559 1.641113
-0.360633 1.506303 1.643242
-0.345898 1.573852 1.607737
-0.351752 1.562312 1.593433
-0.357161 1.562340 1.624057
-0.356135 1.547566 1.583586
-0.358887 1.531491 1.577484
-0.382073 1.439055 1.609344
-0.385890 1.437091 1.622239
-0.386943 1.447612 1.623890
-0.380196 1.427505 1.609538
-0.384396 1.425983 1.624442
-0.376080 1.406117 1.636031
-0.381419 1.414762 1.628740
-0.372332 1.431571 1.595546
-0.366898 1.421669 1.595582
-0.374550 1.414858 1.612319
-0.358309 1.431304 1.581872
-0.351402 1.427226 1.580628
-0.357417 1.411707 1.596140
-0.350382 1.376307 1.611645
-0.354356 1.380857 1.597822
-0.357214 1.367343 1.594620
-0.352164 1.362625 1.608005
-0.375874 1.442865 1.597097
-0.365981 1.503372 1.584002
-0.369136 1.490221 1.583555
-0.370504 1.506780 1.593612
-0.335438 1.549589 1.550467
-0.342029 1.533517 1.549325
-0.351696 1.533232 1.563426
-0.346647 1.550432 1.566641
-0.312113 1.583285 1.566444
-0.324972 1.568658 1.556252
-0.339837 1.568233 1.575490
-0.330535 1.582104 1.587077
-0.332565 1.529232 1.537089
-0.322935 1.544398 1.534757
-0.310194 1.533895 1.520872
-0.321955 1.521804 1.526195
-0.307695 1.562096 1.535635
-0.291996 1.548513 1.518030
-0.344519 1.428525 1.572449
-0.349133 1.412441 1.580818
-0.352307 1.397937 1.585362
-0.354477 1.395589 1.600880
-0.270270 1.559408 1.520086
-0.290718 1.576860 1.542131
-0.292309 1.482448 1.513461
-0.308315 1.481099 1.519708
-0.311775 1.496621 1.518896
-0.294167 1.500651 1.510665
-0.273813 1.482789 1.508973
-0.273440 1.504644 1.505165
-0.305691 1.439342 1.539906
-0.291842 1.435828 1.536713
-0.300403 1.425292 1.548149
-0.312012 1.427939 1.551151
-0.375407 1.523834 1.611754
-0.374705 1.516696 1.605521
-0.375448 1.515524 1.612973
-0.375779 1.520104 1.617957
-0.364904 1.516306 1.586320
-0.370067 1.516752 1.596318
-0.353560 1.516936 1.563027
-0.346093 1.518074 1.550337
-0.328843 1.510972 1.530453
-0.337466 1.516882 1.539980
-0.318549 1.479374 1.527000
-0.321020 1.489207 1.526491
-0.334355 1.433705 1.560859
-0.322783 1.430540 1.555016
-0.328429 1.414758 1.562543
-0.339792 1.414723 1.568673
-0.307636 1.413551 1.556134
-0.317331 1.413845 1.559039
-0.348599 1.385047 1.572857
-0.337838 1.385883 1.564555
-0.341839 1.374171 1.562055
-0.350794 1.372360 1.570631
-0.332162 1.373389 1.555148
-0.325867 1.386233 1.559532
-0.315671 1.384881 1.554862
-0.322604 1.371816 1.550018
-0.339950 1.353975 1.628031
-0.345626 1.358345 1.619234
-0.346882 1.346189 1.616556
-0.339545 1.342044 1.625098
-0.354632 1.360881 1.566783
-0.347799 1.363943 1.556314
-0.318117 1.442738 1.544363
-0.326576 1.446506 1.548149
-0.339521 1.363214 1.548317
-0.334252 1.399541 1.565890
-0.322280 1.399483 1.561786
-0.296841 1.411492 1.554146
-0.288707 1.422533 1.547849
-0.372160 1.491057 1.647867
-0.367053 1.503443 1.639052
-0.363738 1.504815 1.641412
-0.362854 1.507874 1.639675
-0.365801 1.507381 1.637524
-0.356260 1.547257 1.647535
-0.362554 1.547746 1.635967
-0.366645 1.534922 1.641678
-0.360318 1.531316 1.652614
-0.386962 1.475859 1.623287
-0.387741 1.466755 1.631975
-0.385403 1.474396 1.637385
-0.383735 1.482478 1.632097
-0.373509 1.508928 1.615539
-0.373728 1.511077 1.617333
-0.374084 1.510696 1.614355
-0.387539 1.454315 1.635124
-0.387831 1.457466 1.627267
-0.371711 1.476282 1.586241
-0.373770 1.508979 1.601604
-0.297088 1.591921 1.580324
-0.319475 1.590724 1.603138
-0.273070 1.585597 1.554550
-0.249535 1.567861 1.528969
-0.250906 1.507236 1.504661
-0.227789 1.509325 1.505305
-0.231152 1.480560 1.511611
-0.252765 1.481678 1.508317
-0.277534 1.431346 1.537752
-0.304944 1.385262 1.552387
-0.311935 1.370987 1.548529
-0.337769 1.579876 1.622613
-0.350074 1.564510 1.638191
-0.359094 1.515962 1.574495
-0.382251 1.485313 1.604610
-0.385352 1.479541 1.611033
-0.382571 1.490282 1.614878
-0.380283 1.493435 1.609676
-0.380306 1.474833 1.598726
-0.374268 1.463315 1.592192
-0.366993 1.451643 1.584357
-0.363450 1.438887 1.582775
-0.299515 1.519054 1.512867
-0.313695 1.511415 1.519349
-0.257114 1.534101 1.507715
-0.280445 1.528728 1.507294
-0.321159 1.503861 1.524249
-0.234094 1.538990 1.513600
-0.378372 1.466603 1.665495
-0.376490 1.470886 1.665880
-0.379953 1.465395 1.657545
-0.381899 1.443860 1.668459
-0.382440 1.438514 1.665812
-0.380195 1.437899 1.670876
-0.379875 1.443521 1.672851
-0.369802 1.399244 1.654218
-0.372536 1.401446 1.646025
-0.341732 1.366577 1.633309
-0.346004 1.370333 1.623965
-0.379100 1.481199 1.667004
-0.377403 1.479567 1.664704
-0.374589 1.479626 1.667165
-0.379034 1.482815 1.668524
-0.383137 1.450624 1.652965
-0.379649 1.459321 1.671455
-0.379540 1.455048 1.670838
-0.377730 1.454901 1.673479
-0.378005 1.459037 1.674249
-0.363752 1.401428 1.619844
-0.352257 1.388951 1.616469
-0.356658 1.369967 1.581936
-0.354635 1.383381 1.584321
-0.345421 1.399048 1.572969
-0.311998 1.398847 1.558707
-0.300935 1.398645 1.555484
-0.290426 1.396765 1.557733
-0.284842 1.408180 1.557223
-0.359360 1.393224 1.635535
-0.348341 1.381306 1.629571
-0.347699 1.379868 1.638585
-0.357517 1.391613 1.645037
-0.377577 1.478181 1.672806
-0.376689 1.476712 1.670871
-0.375682 1.474657 1.673008
-0.377384 1.477372 1.675207
-0.377883 1.477004 1.664802
-0.376133 1.474334 1.666267
-0.376987 1.476508 1.666427
-0.378811 1.478528 1.664789
-0.380141 1.480793 1.667096
-0.380322 1.482729 1.673690
-0.383524 1.483778 1.677320
-0.380855 1.482450 1.670622
-0.375972 1.479839 1.670128
-0.376071 1.478567 1.668591
-0.375348 1.478568 1.665910
-0.376605 1.478445 1.665056
-0.379686 1.483435 1.671907
-0.379707 1.482532 1.669643
-0.372201 1.501755 1.668818
-0.336851 1.363225 1.639332
-0.344598 1.377622 1.644586
-0.381862 1.449191 1.651354
-0.365550 1.525625 1.638969
-0.382741 1.489416 1.622524
-0.374590 1.491394 1.640747
-0.372316 1.496489 1.638264
-0.376356 1.493856 1.633886
-0.379067 1.487159 1.636975
-0.360847 1.522070 1.646214
-0.358691 1.516072 1.649538
-0.359303 1.519641 1.656516
-0.359161 1.509436 1.650174
-0.361345 1.504647 1.647886
-0.364052 1.503370 1.653130
-0.362028 1.510577 1.658330
-0.374474 1.514229 1.617689
-0.374054 1.513398 1.619921
-0.366531 1.498660 1.648279
-0.364383 1.501244 1.644843
-0.368183 1.498833 1.641935
-0.370092 1.494891 1.644512
-0.380058 1.491154 1.628866
-0.374631 1.510017 1.608836
-0.376169 1.500820 1.614133
-0.336431 1.445028 1.558392
-0.331933 1.452649 1.548524
-0.350615 1.441825 1.568536
-0.348123 1.443748 1.569065
-0.348002 1.438537 1.573157
-0.351950 1.438461 1.574752
-0.333388 1.486784 1.538851
-0.336106 1.488737 1.541457
-0.336345 1.494192 1.539390
-0.330975 1.490581 1.534831
-0.341068 1.492901 1.545020
-0.342802 1.491871 1.546827
-0.345352 1.489907 1.549957
-0.342346 1.495416 1.546305
-0.346952 1.494468 1.553095
-0.347709 1.505198 1.552997
-0.340774 1.506089 1.542615
-0.358924 1.498080 1.571960
-0.352635 1.503021 1.562140
-0.350316 1.490796 1.559868
-0.354404 1.484124 1.565408
-0.357459 1.450919 1.574295
-0.355437 1.442699 1.575056
-0.342506 1.440722 1.567237
-0.277022 1.464060 1.515200
-0.294897 1.466021 1.519253
-0.308964 1.467060 1.524834
-0.319527 1.468137 1.531488
-0.257934 1.462531 1.514707
-0.238684 1.460542 1.520683
-0.363443 1.481979 1.575171
-0.356961 1.473212 1.569690
-0.300238 1.451501 1.527859
-0.283854 1.448829 1.524438
-0.312737 1.453515 1.533042
-0.322133 1.456780 1.537989
-0.266677 1.446991 1.523970
-0.251429 1.442727 1.530855
-0.265461 1.427722 1.543282
-0.352695 1.448837 1.565012
-0.353570 1.443510 1.566307
-0.352254 1.443368 1.568854
-0.352503 1.448606 1.569127
-0.357453 1.461775 1.572256
-0.364550 1.467399 1.578740
-0.367704 1.506352 1.663992
-0.382368 1.416714 1.673456
-0.379497 1.429611 1.673418
-0.376745 1.467129 1.670603
-0.378150 1.463062 1.670981
-0.376697 1.462367 1.673673
-0.375489 1.466603 1.673229
-0.360309 1.517213 1.640425
-0.276729 1.419992 1.551094
-0.294317 1.384363 1.555360
-0.298993 1.370449 1.550440
-0.329247 1.360956 1.543273
-0.317114 1.358651 1.541948
-0.375055 1.470690 1.673196
-0.376007 1.471016 1.670422
-0.376358 1.481016 1.671794
-0.381340 1.454586 1.666578
-0.376693 1.476383 1.668912
-0.376150 1.474039 1.669970
-0.374742 1.474207 1.675063
-0.373998 1.470231 1.674415
-0.370251 1.501982 1.635926
-0.369031 1.506973 1.634817
-0.378452 1.480654 1.674242
-0.380080 1.479832 1.676866
-0.354393 1.350452 1.605399
-0.359719 1.354176 1.591731
-0.376386 1.454638 1.675197
-0.376743 1.458932 1.675859
-0.350951 1.475643 1.561637
-0.348917 1.482455 1.557624
-0.346735 1.475916 1.554814
-0.348950 1.469947 1.558108
-0.334825 1.351123 1.634172
-0.359661 1.357734 1.578513
-0.303298 1.357864 1.543975
-0.373815 1.506186 1.617271
-0.373677 1.507253 1.615680
-0.361356 1.514900 1.638102
-0.381421 1.448648 1.664248
-0.377734 1.450651 1.663359
-0.354924 1.390552 1.650778
-0.376873 1.476942 1.677165
-0.341158 1.481365 1.548987
-0.340164 1.477169 1.551644
-0.344300 1.477931 1.551029
-0.344459 1.481918 1.550122
-0.346932 1.485398 1.550290
-0.346570 1.488710 1.547760
-0.346446 1.485266 1.546902
-0.346037 1.482221 1.549224
-0.346512 1.486964 1.553483
-0.346843 1.481651 1.552816
-0.346047 1.490471 1.544418
-0.346353 1.487691 1.544414
-0.339175 1.490137 1.543808
-0.342116 1.492410 1.545772
-0.339236 1.492062 1.540946
-0.345155 1.490625 1.538650
-0.336775 1.489477 1.534115
-0.343040 1.488088 1.532355
-0.335039 1.483260 1.530687
-0.340839 1.483059 1.527476
-0.352857 1.457020 1.567934
-0.350031 1.455708 1.562744
-0.334658 1.475938 1.529987
-0.339980 1.476288 1.525942
-0.335643 1.467847 1.531189
-0.340633 1.468387 1.527000
-0.337916 1.459871 1.533567
-0.342354 1.460616 1.530291
-0.340816 1.452971 1.538167
-0.344821 1.454290 1.535255
-0.344581 1.446141 1.544959
-0.347409 1.449170 1.541726
-0.338139 1.480959 1.532318
-0.340022 1.485664 1.535584
-0.332643 1.482431 1.539382
-0.344106 1.488377 1.539855
-0.337628 1.469465 1.546320
-0.338417 1.467952 1.549265
-0.338634 1.469459 1.550256
-0.337905 1.471113 1.548599
-0.347229 1.466103 1.556591
-0.348686 1.461467 1.558758
-0.350663 1.462441 1.560864
-0.348338 1.455842 1.559898
-0.346143 1.460938 1.560218
-0.346824 1.458652 1.561398
-0.344126 1.464542 1.559469
-0.347112 1.456085 1.558401
-0.349077 1.455706 1.558212
-0.343812 1.456475 1.559386
-0.343797 1.456776 1.560552
-0.341623 1.458246 1.561023
-0.339710 1.461608 1.559788
-0.352289 1.466518 1.565130
-0.340083 1.450098 1.555372
-0.336319 1.456794 1.548178
-0.350208 1.445159 1.548833
-0.348879 1.440664 1.552713
-0.353427 1.441374 1.563688
-0.352108 1.439476 1.559467
-0.333524 1.476636 1.540334
-0.334425 1.470252 1.541260
-0.344951 1.446053 1.562752
-0.334544 1.463918 1.544146
-0.346339 1.453250 1.543051
-0.347789 1.451113 1.548609
-0.344015 1.456879 1.538067
-0.350785 1.452784 1.558782
-0.349851 1.450981 1.553827
-0.351662 1.444888 1.555436
-0.352351 1.446702 1.560962
-0.348024 1.454880 1.549515
-0.347439 1.456464 1.544628
-0.344541 1.456187 1.551087
-0.343837 1.457073 1.546263
-0.346134 1.455981 1.555306
-0.349028 1.454976 1.553956
-0.342217 1.456681 1.553165
-0.339805 1.461175 1.549919
-0.343523 1.456620 1.558072
-0.343575 1.460694 1.542789
-0.338504 1.464346 1.546222
-0.342198 1.467736 1.542106
-0.343933 1.465263 1.540654
-0.346317 1.459364 1.540433
-0.344181 1.463456 1.537422
-0.341794 1.461965 1.534418
-0.341942 1.468620 1.535554
-0.339613 1.468492 1.532354
-0.343477 1.469316 1.538572
-0.342554 1.470481 1.541278
-0.338016 1.475036 1.531077
-0.340200 1.473978 1.534946
-0.340261 1.479117 1.535295
-0.342127 1.473620 1.537847
-0.341835 1.477508 1.538841
-0.342642 1.473323 1.540417
-0.342141 1.475506 1.542091
-0.344325 1.486099 1.545714
-0.344516 1.484374 1.548120
-0.341983 1.485446 1.542093
-0.341648 1.482379 1.544439
-0.341414 1.484243 1.545819
-0.340844 1.482735 1.548289
-0.341351 1.479844 1.547376
-0.341972 1.476495 1.547407
-0.340031 1.319591 1.618830
-0.329547 1.316539 1.622619
-0.330868 1.326289 1.625862
-0.339948 1.330229 1.620974
-0.342359 1.480357 1.541651
-0.342052 1.477728 1.544966
-0.341227 1.483171 1.537932
-0.341060 1.472229 1.544681
-0.341990 1.474576 1.545192
-0.342133 1.472921 1.543617
-0.341677 1.471523 1.543260
-0.344614 1.470455 1.555420
-0.342164 1.467229 1.557100
-0.341514 1.463845 1.554283
-0.370244 1.308160 1.602281
-0.364694 1.317524 1.598858
-0.375061 1.323164 1.585813
-0.382265 1.314368 1.587737
-0.380148 1.285783 1.619222
-0.399547 1.291874 1.602102
-0.398314 1.271494 1.619848
-0.382471 1.267642 1.628780
-0.398804 1.253946 1.633153
-0.384657 1.250670 1.639747
-0.400561 1.205174 1.664986
-0.386890 1.204035 1.669637
-0.386409 1.219737 1.660662
-0.400292 1.220870 1.655270
-0.423397 1.129494 1.687275
-0.417260 1.111703 1.683316
-0.406686 1.115072 1.691137
-0.413851 1.130970 1.693446
-0.444858 1.224872 1.628510
-0.446123 1.241496 1.623228
-0.452177 1.231342 1.621683
-0.450307 1.214674 1.625071
-0.414223 1.320034 1.557663
-0.408873 1.309800 1.579361
-0.398638 1.315197 1.574537
-0.402913 1.325881 1.556290
-0.452113 1.144742 1.641209
-0.449065 1.132927 1.647528
-0.447165 1.141028 1.656429
-0.448972 1.152439 1.650990
-0.423228 1.063121 1.635792
-0.422723 1.043873 1.633857
-0.411338 1.042138 1.647917
-0.412134 1.060653 1.648867
-0.443294 1.086921 1.581554
-0.442550 1.086890 1.560294
-0.440522 1.072860 1.558545
-0.442672 1.071707 1.579575
-0.423311 1.204432 1.655046
-0.412939 1.205366 1.659921
-0.412597 1.220875 1.650289
-0.422802 1.219798 1.645817
-0.553798 1.133446 1.632585
-0.544293 1.120054 1.630836
-0.530008 1.137869 1.627562
-0.539579 1.150980 1.629170
-0.442186 0.977344 1.583032
-0.438938 0.980519 1.563949
-0.440742 0.963766 1.564069
-0.443327 0.960659 1.583532
-0.493037 1.260919 1.610952
-0.484610 1.274748 1.608854
-0.493437 1.288769 1.592910
-0.502509 1.275955 1.596802
-0.449020 1.189531 1.633073
-0.443837 1.196034 1.639844
-0.443839 1.210240 1.634015
-0.449633 1.201410 1.628412
-0.451455 1.113381 1.559141
-0.452727 1.113620 1.577634
-0.455787 1.128676 1.573733
-0.454819 1.128497 1.557156
-0.448983 1.099527 1.580047
-0.447915 1.099217 1.560019
-0.438730 1.199845 1.645354
-0.431848 1.202522 1.650122
-0.431207 1.218229 1.641740
-0.437956 1.215885 1.638222
-0.409095 1.097399 1.675222
-0.396676 1.101569 1.684759
-0.441135 0.957205 1.603469
-0.434042 0.953133 1.622187
-0.433335 0.969641 1.621432
-0.440491 0.973229 1.603331
-0.397754 1.076073 1.659090
-0.401032 1.087442 1.664724
-0.412907 1.087672 1.655980
-0.409890 1.077218 1.649404
-0.423258 0.950082 1.638166
-0.409730 0.947095 1.652095
-0.407670 0.963916 1.649552
-0.421759 0.966403 1.636818
-0.399689 1.237303 1.644873
-0.385883 1.235265 1.651020
-0.437640 1.130255 1.671825
-0.433699 1.113601 1.667117
-0.426345 1.111794 1.674931
-0.431343 1.129461 1.679588
-0.456106 1.189260 1.605231
-0.454374 1.201599 1.617556
-0.457985 1.215763 1.615907
-0.457257 1.196878 1.602480
-0.445709 0.949010 1.563395
-0.448645 0.945878 1.583851
-0.426135 0.934922 1.640745
-0.412551 0.931565 1.655052
-0.462850 1.178401 1.552939
-0.463505 1.177402 1.551237
-0.460026 1.180073 1.561068
-0.459600 1.181416 1.561738
-0.378671 1.132270 1.700968
-0.392181 1.141430 1.700201
-0.397630 1.124944 1.697942
-0.385211 1.112645 1.694422
-0.428735 1.099546 1.658048
-0.423645 1.089858 1.647327
-0.419887 1.097399 1.666259
-0.363573 1.122566 1.697192
-0.370171 1.098942 1.685402
-0.370862 1.231472 1.656164
-0.371574 1.217269 1.665554
-0.369320 1.247140 1.646933
-0.353720 1.242992 1.653211
-0.350680 1.259412 1.645056
-0.366288 1.263353 1.637971
-0.347361 1.275732 1.638450
-0.363011 1.280110 1.630522
-0.355959 1.304062 1.614862
-0.352437 1.313291 1.610408
-0.453691 1.190709 1.620207
-0.453236 1.180557 1.623979
-0.437790 0.938407 1.623675
-0.419419 1.252702 1.484330
-0.414445 1.237820 1.480091
-0.431521 1.238537 1.489228
-0.435748 1.253214 1.492940
-0.425321 1.318630 1.559923
-0.421443 1.307999 1.583184
-0.465618 1.190227 1.520314
-0.457652 1.190160 1.514115
-0.456756 1.184537 1.516390
-0.463826 1.185058 1.522928
-0.469596 1.179168 1.541327
-0.480716 1.172581 1.544035
-0.483573 1.175472 1.540762
-0.472654 1.182182 1.538631
-0.433922 0.966911 1.545374
-0.430976 0.984026 1.545968
-0.418173 1.100589 1.508184
-0.429276 1.093557 1.523968
-0.436312 1.108067 1.524310
-0.426582 1.116021 1.509010
-0.318798 1.231711 1.492527
-0.317380 1.216437 1.490390
-0.336413 1.221218 1.484468
-0.337461 1.236315 1.486696
-0.382931 1.262234 1.479843
-0.383412 1.275667 1.482712
-0.362131 1.270145 1.485804
-0.359783 1.256822 1.482768
-0.399520 1.250689 1.478346
-0.395291 1.235872 1.475083
-0.451202 1.131658 1.541985
-0.447325 1.116655 1.542037
-0.458342 1.153457 1.538937
-0.460348 1.151802 1.552228
-0.461794 1.159551 1.550503
-0.460368 1.161191 1.538064
-0.394682 1.331944 1.555978
-0.390589 1.336552 1.537813
-0.402624 1.330412 1.536874
-0.353473 1.315517 1.507821
-0.353973 1.309091 1.503667
-0.367683 1.313344 1.505882
-0.363820 1.319541 1.510425
-0.335833 1.159277 1.479327
-0.315699 1.157292 1.481872
-0.316442 1.137074 1.484997
-0.337131 1.138265 1.482385
-0.459307 1.170370 1.529896
-0.461453 1.173780 1.533147
-0.461414 1.177607 1.528038
-0.457354 1.174547 1.523624
-0.454308 1.169852 1.520842
-0.451204 1.162890 1.518449
-0.455565 1.157193 1.527912
-0.457581 1.164858 1.528608
-0.433925 1.130967 1.512423
-0.441925 1.123055 1.526367
-0.446258 1.137535 1.528073
-0.440390 1.144496 1.515351
-0.317863 1.072277 1.498554
-0.334559 1.070939 1.494297
-0.334679 1.092638 1.490385
-0.316676 1.092666 1.492928
-0.467111 1.186728 1.582082
-0.468667 1.192862 1.593323
-0.473863 1.181511 1.595755
-0.475318 1.174620 1.584036
-0.501079 1.183028 1.533271
-0.510766 1.179167 1.535168
-0.513074 1.184072 1.535133
-0.503870 1.188528 1.532518
-0.488189 1.152352 1.577330
-0.484246 1.159065 1.587314
-0.496228 1.142262 1.591478
-0.499823 1.135131 1.580583
-0.436802 1.318669 1.536430
-0.435240 1.318596 1.561994
-0.427157 1.322308 1.536160
-0.484140 1.159838 1.557904
-0.494263 1.145112 1.559849
-0.497259 1.146574 1.552160
-0.486718 1.159540 1.550820
-0.565785 1.145552 1.626740
-0.551434 1.163082 1.623001
-0.517266 1.113924 1.574022
-0.522271 1.113098 1.564099
-0.506949 1.128220 1.562419
-0.503319 1.128892 1.570735
-0.409386 1.085734 1.509932
-0.422145 1.079508 1.523936
-0.408292 0.970419 1.515875
-0.422424 0.968776 1.528919
-0.418116 0.987128 1.529456
-0.403993 0.990131 1.517075
-0.437057 0.950454 1.544085
-0.411323 0.953134 1.516601
-0.425901 0.952617 1.529329
-0.369433 1.348605 1.543438
-0.355971 1.348401 1.533462
-0.366957 1.340854 1.528905
-0.379590 1.342030 1.540021
-0.475085 0.840713 1.537122
-0.475836 0.811111 1.538521
-0.484471 0.815586 1.560828
-0.481720 0.842887 1.561587
-0.334962 1.330563 1.519277
-0.350798 1.336118 1.522867
-0.341091 1.344057 1.529379
-0.325367 1.338452 1.527054
-0.477372 0.866984 1.563009
-0.471617 0.867219 1.538521
-0.371143 1.344450 1.558842
-0.384212 1.337948 1.556735
-0.380575 1.330462 1.571370
-0.370901 1.338189 1.572537
-0.367717 1.333342 1.586850
-0.488865 0.812747 1.590336
-0.483324 0.839486 1.587602
-0.348444 1.354932 1.540987
-0.334700 1.352165 1.536132
-0.320588 1.348070 1.534301
-0.305252 1.345891 1.535040
-0.443534 0.934377 1.542261
-0.451793 0.933262 1.562638
-0.422234 0.691915 1.521284
-0.393699 0.687719 1.514850
-0.395934 0.672058 1.534573
-0.428280 0.677296 1.540199
-0.325431 0.701615 1.514996
-0.327991 0.690658 1.539253
-0.362165 0.676816 1.534937
-0.360512 0.690141 1.513171
-0.328796 0.826974 1.471586
-0.357742 0.826284 1.467553
-0.358632 0.848980 1.472881
-0.330693 0.850246 1.475865
-0.416210 0.934906 1.513424
-0.431373 0.935091 1.526780
-0.453846 0.931609 1.584484
-0.507472 0.703835 1.656306
-0.506737 0.690554 1.624078
-0.506067 0.664240 1.638151
-0.509014 0.676603 1.669354
-0.465341 0.644922 1.588830
-0.464939 0.667465 1.571241
-0.432376 0.659616 1.558816
-0.435389 0.639167 1.576883
-0.397959 0.927878 1.669028
-0.414674 0.916025 1.657317
-0.399928 0.912737 1.671053
-0.352997 0.922776 1.694096
-0.370167 0.923648 1.688109
-0.369088 0.907865 1.691998
-0.352045 0.906673 1.698157
-0.354194 0.811053 1.682312
-0.341936 0.811838 1.686124
-0.343692 0.830748 1.688969
-0.357935 0.831218 1.683113
-0.477553 0.834042 1.614090
-0.464385 0.832183 1.633955
-0.457376 0.850365 1.630622
-0.469743 0.856036 1.609081
-0.332988 0.684732 1.564597
-0.362951 0.668581 1.557548
-0.499844 0.692367 1.695462
-0.495197 0.723346 1.677031
-0.479081 0.701089 1.719767
-0.450466 0.706072 1.729777
-0.446131 0.735135 1.711032
-0.474381 0.733934 1.699381
-0.339152 0.740611 1.655808
-0.351649 0.762700 1.669403
-0.358979 0.755528 1.667021
-0.343438 0.734960 1.656407
-0.324309 0.736493 1.482767
-0.324298 0.718139 1.495600
-0.357239 0.708621 1.493056
-0.355246 0.730382 1.478570
-0.394863 0.952263 1.508861
-0.399050 0.933615 1.504165
-0.378508 0.952299 1.504654
-0.393380 0.972940 1.508049
-0.376730 0.974372 1.503770
-0.376567 1.102474 1.491126
-0.394287 1.093353 1.498887
-0.403220 1.109079 1.495952
-0.386102 1.120557 1.487720
-0.355517 1.227525 1.478206
-0.356919 1.242642 1.480376
-0.397731 0.642884 1.569478
-0.361570 0.661358 1.576479
-0.375708 0.628214 1.595877
-0.407332 0.619664 1.589631
-0.465502 0.623482 1.604443
-0.489116 0.630453 1.624000
-0.491261 0.653434 1.610399
-0.506465 0.638163 1.653938
-0.510493 0.650169 1.685245
-0.481805 0.672798 1.736968
-0.452045 0.677820 1.746670
-0.369589 0.688352 1.697483
-0.391338 0.697345 1.713124
-0.393589 0.670673 1.725207
-0.371526 0.664628 1.705837
-0.391338 0.808106 1.673200
-0.421496 0.821801 1.659505
-0.426109 0.807842 1.660847
-0.400654 0.794860 1.669209
-0.356734 0.938687 1.688661
-0.369277 0.940796 1.683750
-0.383798 0.925760 1.680020
-0.381903 0.942298 1.676616
-0.395561 0.944112 1.665480
-0.366763 1.019538 1.683642
-0.382744 1.019713 1.673938
-0.380593 0.999590 1.674874
-0.365560 0.999457 1.684249
-0.368148 1.040602 1.681903
-0.384555 1.040960 1.672506
-0.367840 1.080878 1.675678
-0.387138 1.090216 1.674126
-0.383546 1.077485 1.667938
-0.355625 1.226996 1.660902
-0.356730 1.212995 1.669424
-0.484902 0.811626 1.618815
-0.342860 0.668160 1.605477
-0.336726 0.669704 1.631276
-0.344435 0.644154 1.638637
-0.353848 0.637177 1.614918
-0.476937 0.862154 1.587409
-0.445303 0.942304 1.604733
-0.450357 0.928268 1.606141
-0.439820 1.089643 1.607674
-0.439523 1.070793 1.601357
-0.404133 1.147063 1.696624
-0.405460 1.134690 1.697239
-0.490858 0.680516 1.590263
-0.483379 0.645680 1.751791
-0.483635 0.616753 1.767219
-0.453888 0.619153 1.776329
-0.454198 0.648902 1.761644
-0.363759 0.628470 1.698560
-0.376075 0.636218 1.717038
-0.381588 0.607818 1.728330
-0.371921 0.599267 1.708767
-0.379908 0.570473 1.722590
-0.387262 0.577582 1.742402
-0.390832 0.546700 1.755908
-0.384604 0.541688 1.735418
-0.502587 0.661659 1.715525
-0.511174 0.597852 1.716313
-0.504179 0.608056 1.744293
-0.503372 0.635063 1.729829
-0.510543 0.623863 1.701175
-0.438955 0.618625 1.593911
-0.355870 0.657403 1.685763
-0.352251 0.679606 1.679712
-0.370930 0.583735 1.670603
-0.380889 0.575572 1.650869
-0.367135 0.603574 1.633635
-0.357386 0.612459 1.656629
-0.474829 0.574122 1.644006
-0.494555 0.580132 1.662622
-0.493657 0.604163 1.645759
-0.471691 0.597611 1.626916
-0.506487 0.613362 1.672187
-0.506655 0.588204 1.687380
-0.511179 0.543286 1.749777
-0.501434 0.550618 1.776855
-0.503750 0.580279 1.760402
-0.511760 0.570940 1.732690
-0.510088 0.536273 1.721012
-0.508523 0.562336 1.703677
-0.496687 0.555751 1.679904
-0.499378 0.531525 1.698183
-0.482294 0.527971 1.681753
-0.478697 0.550701 1.663444
-0.456786 0.546822 1.652807
-0.462478 0.525007 1.671804
-0.433237 0.546092 1.649480
-0.410730 0.547362 1.655203
-0.420394 0.525194 1.673304
-0.441206 0.524371 1.668567
-0.390339 0.530805 1.698066
-0.402725 0.527136 1.683253
-0.392762 0.550607 1.667119
-0.382309 0.556691 1.684732
-0.416339 0.473081 1.735855
-0.433593 0.477761 1.731884
-0.427671 0.478806 1.726493
-0.410109 0.474849 1.731972
-0.450825 0.481217 1.728521
-0.468359 0.482035 1.725489
-0.463779 0.482896 1.721494
-0.446171 0.481527 1.724829
-0.494546 0.479162 1.730190
-0.480588 0.482157 1.722526
-0.483995 0.479643 1.725648
-0.495402 0.474312 1.730920
-0.504893 0.466652 1.738484
-0.506705 0.475781 1.740531
-0.503220 0.456958 1.751100
-0.507465 0.471444 1.755539
-0.500194 0.464679 1.775604
-0.492957 0.445416 1.766330
-0.401368 0.471088 1.768597
-0.399740 0.459602 1.763373
-0.396999 0.464981 1.753976
-0.396113 0.473034 1.756905
-0.419676 0.459698 1.796087
-0.438765 0.456279 1.809479
-0.433389 0.434923 1.789586
-0.418501 0.443477 1.777302
-0.511238 0.511716 1.737632
-0.509822 0.515192 1.765393
-0.487002 0.506867 1.701273
-0.503178 0.508849 1.716230
-0.396614 0.506402 1.710340
-0.411296 0.504777 1.698283
-0.394797 0.515628 1.766510
-0.388603 0.513309 1.746498
-0.472770 0.488796 1.816009
-0.475399 0.522584 1.807657
-0.498650 0.519618 1.791622
-0.495165 0.488107 1.800485
-0.510486 0.489654 1.750006
-0.506521 0.489704 1.731710
-0.491871 0.489966 1.717980
-0.475759 0.490206 1.709391
-0.457437 0.490045 1.707951
-0.438884 0.489525 1.709685
-0.420060 0.487808 1.712714
-0.403413 0.486487 1.722119
-0.393088 0.489757 1.753492
-0.399516 0.489805 1.770260
-0.459351 0.431330 1.791670
-0.466926 0.455247 1.811166
-0.489510 0.458436 1.797301
-0.483546 0.435409 1.781044
-0.451964 0.416027 1.765679
-0.429768 0.421456 1.766866
-0.452606 0.483265 1.721608
-0.468230 0.483545 1.718884
-0.483601 0.479745 1.717875
-0.503150 0.460678 1.726142
-0.496794 0.443600 1.736088
-0.486950 0.426759 1.746299
-0.475630 0.419839 1.761170
-0.396400 0.462829 1.721128
-0.399318 0.462783 1.742730
-0.399714 0.455003 1.749775
-0.397053 0.449916 1.727164
-0.416828 0.480136 1.709405
-0.432241 0.487203 1.704125
-0.436333 0.479674 1.725833
-0.420894 0.474755 1.729280
-0.450889 0.490449 1.699779
-0.467884 0.488353 1.697244
-0.484008 0.483348 1.696750
-0.498374 0.454253 1.703197
-0.496916 0.472942 1.720408
-0.496404 0.471973 1.698175
-0.488735 0.429934 1.710988
-0.463734 0.402158 1.687369
-0.470473 0.411117 1.719760
-0.483780 0.420312 1.679219
-0.412652 0.385888 1.598470
-0.437030 0.385423 1.594563
-0.423697 0.382421 1.562256
-0.402031 0.382988 1.564146
-0.390162 0.445457 1.698593
-0.390209 0.461888 1.692828
-0.409331 0.485616 1.680342
-0.426378 0.493352 1.675131
-0.490333 0.441849 1.641967
-0.493825 0.446827 1.673771
-0.491802 0.469122 1.669576
-0.487697 0.466442 1.637485
-0.358932 0.429639 1.605537
-0.358759 0.449138 1.599760
-0.368474 0.455078 1.631520
-0.367340 0.435239 1.637451
-0.416268 0.494500 1.644411
-0.399220 0.485338 1.650276
-0.389078 0.481590 1.619349
-0.406354 0.491610 1.613397
-0.468464 0.429771 1.577484
-0.482238 0.436444 1.609076
-0.480485 0.461100 1.604402
-0.467234 0.453060 1.572363
-0.456405 0.395379 1.655665
-0.479718 0.414698 1.647819
-0.470790 0.409988 1.617267
-0.448775 0.390238 1.624271
-0.429728 0.395465 1.660605
-0.422455 0.390102 1.629800
-0.353042 0.429466 1.531021
-0.354163 0.439653 1.566025
-0.355973 0.421638 1.569742
-0.353548 0.415023 1.532972
-0.396817 0.485192 1.580915
-0.379128 0.476425 1.587135
-0.372552 0.465861 1.554230
-0.388849 0.472722 1.549102
-0.434427 0.412747 1.513185
-0.452283 0.421543 1.546387
-0.451021 0.442717 1.540739
-0.432730 0.432795 1.508456
-0.410051 0.379222 1.526739
-0.442815 0.397851 1.555485
-0.427076 0.392158 1.520038
-0.395063 0.373131 1.492701
-0.379092 0.373387 1.496413
-0.390688 0.379374 1.529253
-0.350403 0.407686 1.498026
-0.348415 0.420657 1.495907
-0.358742 0.437404 1.492834
-0.371023 0.444405 1.488865
-0.381101 0.457422 1.518551
-0.367073 0.450884 1.522867
-0.412925 0.454656 1.508847
-0.397394 0.458717 1.513609
-0.386148 0.446033 1.484024
-0.400144 0.441858 1.479475
-0.415447 0.422074 1.480720
-0.425204 0.445901 1.507574
-0.407429 0.435423 1.476286
-0.416685 0.404607 1.481605
-0.410584 0.384925 1.487118
-0.330430 0.696555 1.608109
-0.332802 0.698967 1.633796
-0.334568 0.687847 1.631293
-0.338066 0.688521 1.604673
-0.399767 0.613168 1.751269
-0.396583 0.643512 1.737134
-0.404153 0.550255 1.777232
-0.402462 0.581741 1.765946
-0.405762 0.517919 1.785182
-0.408430 0.487790 1.787239
-0.408834 0.466035 1.780934
-0.407605 0.453312 1.769131
-0.406878 0.443703 1.752456
-0.403241 0.435139 1.727806
-0.388154 0.421622 1.671247
-0.379308 0.440507 1.668375
-0.397470 0.428176 1.699655
-0.370125 0.409925 1.606870
-0.378029 0.415470 1.640323
-0.365513 0.405677 1.569153
-0.360444 0.400501 1.531798
-0.357050 0.393923 1.498435
-0.414652 0.750003 1.696864
-0.389361 0.737653 1.692339
-0.387469 0.753704 1.682589
-0.411365 0.767606 1.683359
-0.330315 0.723904 1.638195
-0.334543 0.730442 1.646202
-0.337394 0.725515 1.647413
-0.332558 0.719658 1.638662
-0.506874 0.488476 1.774996
-0.469247 0.504852 1.691012
-0.449564 0.504484 1.689412
-0.429840 0.504501 1.692286
-0.422211 0.485601 1.806130
-0.423291 0.519844 1.803304
-0.447268 0.522536 1.812430
-0.443371 0.488134 1.818426
-0.433861 0.400991 1.687978
-0.406510 0.407349 1.665589
-0.412985 0.411825 1.695042
-0.440568 0.404533 1.716205
-0.465384 0.493391 1.668758
-0.481529 0.484982 1.668132
-0.438059 0.497940 1.640115
-0.459525 0.495068 1.637212
-0.445782 0.495960 1.672065
-0.424804 0.585224 1.784074
-0.452173 0.588903 1.790179
-0.449169 0.556703 1.802454
-0.423076 0.554148 1.794606
-0.414101 1.006263 1.529965
-0.400458 1.010898 1.517928
-0.443536 1.112135 1.641913
-0.441191 1.102058 1.627213
-0.433528 1.094147 1.637563
-0.436519 1.104143 1.649839
-0.446980 1.112287 1.620796
-0.448802 1.122451 1.635740
-0.452603 1.134483 1.629582
-0.451690 1.124261 1.615263
-0.455638 1.181389 1.591644
-0.454900 1.187750 1.588681
-0.368835 1.061365 1.679514
-0.349891 1.060442 1.685154
-0.349368 1.079120 1.681561
-0.384831 0.909401 1.683010
-0.394941 0.834564 1.669165
-0.369705 0.809171 1.679184
-0.375321 0.832016 1.678032
-0.336038 0.760083 1.668735
-0.352446 1.068023 1.494051
-0.353277 1.089836 1.491150
-0.339949 1.251371 1.489277
-0.319902 1.246421 1.494857
-0.341407 1.275952 1.494303
-0.340771 1.287284 1.497545
-0.321012 1.282146 1.502296
-0.321320 1.271209 1.499821
-0.309817 1.336075 1.527578
-0.314951 1.325941 1.520470
-0.327338 0.714711 1.625937
-0.333296 0.714765 1.638988
-0.326975 0.709374 1.621172
-0.368976 0.708464 1.690742
-0.351665 0.698488 1.675970
-0.351772 0.713129 1.671974
-0.368380 0.724355 1.683687
-0.504406 0.731386 1.644422
-0.506070 0.720515 1.612201
-0.397774 0.659012 1.555290
-0.556246 1.080602 1.573197
-0.565015 1.083816 1.565782
-0.546751 1.099761 1.559537
-0.538854 1.096843 1.567679
-0.358609 1.161504 1.477029
-0.364570 1.136968 1.481809
-0.389814 1.322778 1.571720
-0.453422 1.315592 1.568813
-0.449171 1.306369 1.591847
-0.440944 1.307395 1.587710
-0.444647 1.317493 1.565096
-0.450585 1.268829 1.505807
-0.452271 1.284909 1.513607
-0.442205 1.285857 1.506341
-0.439273 1.268786 1.498211
-0.326768 0.803977 1.469147
-0.355851 0.802106 1.464441
-0.338036 1.001876 1.503146
-0.355805 0.999038 1.501002
-0.353743 1.021633 1.498870
-0.336367 1.024822 1.500773
-0.386904 1.149814 1.479808
-0.399821 1.135316 1.486619
-0.361206 1.147064 1.699061
-0.359589 1.167367 1.693762
-0.374254 1.171278 1.692030
-0.375649 1.153308 1.698941
-0.541790 1.141526 1.544367
-0.521406 1.149526 1.541250
-0.515746 1.137112 1.546666
-0.534509 1.123786 1.548155
-0.489964 0.711627 1.573580
-0.463446 0.686983 1.554954
-0.429285 1.040784 1.539706
-0.416486 1.045502 1.522897
-0.414179 1.025092 1.526533
-0.427147 1.020667 1.542445
-0.437447 1.088909 1.541069
-0.433267 1.075539 1.540951
-0.443319 1.102307 1.541194
-0.467920 1.180742 1.537346
-0.465753 1.177937 1.542876
-0.465974 1.177256 1.545854
-0.390561 0.718745 1.702585
-0.379963 0.776207 1.673057
-0.371094 0.784040 1.676364
-0.327421 0.719610 1.628045
-0.364404 1.346670 1.575314
-0.363145 1.342854 1.588617
-0.481699 1.163406 1.565830
-0.491449 1.147233 1.568237
-0.461934 1.166402 1.549875
-0.460936 1.168650 1.563250
-0.458995 1.174520 1.562177
-0.460424 1.171608 1.550411
-0.461220 1.171580 1.540734
-0.461148 1.167185 1.538556
-0.437810 1.231396 1.631262
-0.430436 1.234844 1.633410
-0.431436 1.251188 1.625420
-0.439537 1.247551 1.624283
-0.421858 1.236339 1.635835
-0.411792 1.237192 1.639531
-0.411118 1.254564 1.627999
-0.421876 1.253481 1.625525
-0.390763 1.307278 1.594264
-0.377233 1.301250 1.611175
-0.360793 1.295083 1.623495
-0.345929 1.290346 1.632892
-0.319822 1.315113 1.514153
-0.318614 1.302065 1.510076
-0.335853 1.306054 1.506466
-0.340712 1.319234 1.511269
-0.360266 1.330555 1.599745
-0.350430 1.324080 1.610215
-0.340506 1.309323 1.619498
-0.575075 1.152055 1.616165
-0.561890 1.169317 1.612649
-0.357195 1.355483 1.550257
-0.361865 1.351656 1.562267
-0.569629 1.171251 1.598693
-0.583118 1.153045 1.602298
-0.428245 1.290125 1.602660
-0.431978 1.307492 1.585346
-0.437421 1.289580 1.604156
-0.357180 1.340947 1.601419
-0.348749 1.334765 1.612407
-0.501380 0.754761 1.601746
-0.498763 0.763093 1.627971
-0.439151 0.991481 1.601748
-0.440383 0.995040 1.582380
-0.349146 1.019323 1.689015
-0.349022 0.998922 1.689453
-0.332900 1.337780 1.630277
-0.366456 0.959379 1.682657
-0.349622 0.956366 1.686871
-0.349136 0.978974 1.687874
-0.365418 0.979698 1.683399
-0.345552 0.935905 1.691256
-0.344941 0.927166 1.694440
-0.348447 0.796188 1.680384
-0.338926 0.796517 1.683161
-0.504985 1.200884 1.618412
-0.496587 1.215341 1.616074
-0.506891 1.230994 1.613776
-0.516009 1.215197 1.614763
-0.380254 0.960961 1.674908
-0.394070 0.962595 1.662521
-0.455232 1.180227 1.608216
-0.455862 1.172894 1.593953
-0.350157 1.096100 1.686592
-0.390621 1.158195 1.696399
-0.388860 1.174159 1.688907
-0.401967 1.176009 1.684275
-0.403400 1.161638 1.692082
-0.325272 0.716640 1.620396
-0.524451 1.217988 1.540310
-0.515462 1.225645 1.534589
-0.513277 1.215303 1.532357
-0.522457 1.208276 1.537820
-0.339649 0.690735 1.656742
-0.341595 0.673097 1.658978
-0.337332 0.686311 1.584769
-0.325261 0.697387 1.590543
-0.422232 0.676194 1.741802
-0.419798 0.704542 1.725943
-0.422399 0.646814 1.755295
-0.424424 0.616129 1.770451
-0.416880 0.431212 1.754636
-0.418977 0.417174 1.726798
-0.399463 0.403024 1.634556
-0.391980 0.398877 1.601928
-0.383350 0.394463 1.566750
-0.374117 0.389455 1.529643
-0.366785 0.382210 1.497746
-0.588767 1.148104 1.588559
-0.575225 1.167392 1.582140
-0.576560 1.156347 1.568487
-0.592004 1.138425 1.576533
-0.512880 1.117851 1.583833
-0.509567 1.124567 1.595270
-0.523554 1.107778 1.599038
-0.527147 1.102083 1.587713
-0.542294 1.085138 1.591671
-0.548768 1.081554 1.581696
-0.532104 1.098286 1.577066
-0.573996 1.092703 1.560754
-0.581624 1.103740 1.560172
-0.563730 1.120995 1.551686
-0.554840 1.107509 1.553763
-0.591066 1.126759 1.567132
-0.574227 1.143318 1.558755
-0.569737 1.131690 1.553576
-0.587225 1.114687 1.562130
-0.538058 1.107570 1.623976
-0.535962 1.097231 1.614322
-0.522399 1.115530 1.611155
-0.524669 1.125594 1.620425
-0.519082 1.245116 1.603690
-0.528192 1.227468 1.605506
-0.459870 1.203742 1.596941
-0.462077 1.213488 1.609780
-0.467074 1.209931 1.605919
-0.458875 1.200553 1.593142
-0.537628 1.181256 1.619484
-0.526096 1.199064 1.616711
-0.537371 1.207581 1.607066
-0.548490 1.187528 1.609510
-0.510973 1.143055 1.615995
-0.508523 1.132536 1.606661
-0.494779 1.149968 1.602441
-0.497572 1.159976 1.612167
-0.528191 1.115310 1.555379
-0.511295 1.130814 1.553900
-0.487115 1.200967 1.614723
-0.494809 1.186686 1.616867
-0.455501 1.170473 1.612038
-0.460368 1.152867 1.567367
-0.461162 1.161465 1.565046
-0.439894 1.117498 1.659975
-0.442055 1.131630 1.665029
-0.451609 1.117387 1.597199
-0.455331 1.131668 1.591806
-0.444775 1.123542 1.653782
-0.444868 1.132549 1.659408
-0.399561 1.060016 1.660370
-0.342637 1.300353 1.624797
-0.514305 1.185373 1.621457
-0.504086 1.172127 1.619028
-0.505921 1.158293 1.540298
-0.493089 1.166253 1.540619
-0.489816 1.162626 1.545080
-0.501062 1.150785 1.545596
-0.419073 1.172200 1.485539
-0.404529 1.160379 1.481179
-0.413996 1.148782 1.489062
-0.425387 1.162063 1.493383
-0.530057 1.230142 1.549992
-0.534124 1.232783 1.559138
-0.524661 1.248545 1.554406
-0.521224 1.241822 1.545060
-0.527352 1.252994 1.567975
-0.537451 1.234220 1.572691
-0.536570 1.232988 1.589634
-0.526734 1.252351 1.586197
-0.476303 0.782233 1.540451
-0.489062 0.784730 1.567283
-0.441902 0.923848 1.625470
-0.429183 0.919637 1.642447
-0.418417 0.837045 1.660055
-0.363287 0.747306 1.672432
-0.346459 0.729268 1.662199
-0.346371 0.650074 1.663761
-0.494453 0.788771 1.590329
-0.357547 0.620657 1.678146
-0.368980 0.591906 1.691037
-0.400689 0.570462 1.635877
-0.425399 0.568272 1.630189
-0.416340 0.593764 1.608778
-0.388721 0.597651 1.614194
-0.451058 0.569557 1.633344
-0.444311 0.594829 1.612772
-0.478906 0.556060 1.795392
-0.427940 0.495334 1.607975
-0.437664 0.483653 1.571133
-0.450325 0.491815 1.604414
-0.417297 0.487686 1.575622
-0.468480 0.480201 1.603341
-0.476342 0.484601 1.636337
-0.457492 0.403822 1.587604
-0.407724 0.474142 1.543988
-0.425725 0.469324 1.539950
-0.456326 0.471272 1.570848
-0.441170 0.458417 1.539175
-0.339329 0.703728 1.655126
-0.490855 0.743273 1.671153
-0.484285 0.770342 1.655880
-0.432182 0.793202 1.668792
-0.407377 0.782218 1.675010
-0.407170 0.981124 1.649158
-0.421372 0.983151 1.636297
-0.421380 1.022890 1.633816
-0.431832 1.026519 1.617861
-0.431594 1.006351 1.618834
-0.421045 1.002550 1.635020
-0.441138 1.033628 1.579556
-0.437957 1.037000 1.558599
-0.436363 1.017114 1.560927
-0.439679 1.013921 1.580923
-0.436401 0.998604 1.563053
-0.427093 1.001600 1.545156
-0.369781 1.040729 1.498911
-0.385704 1.036128 1.505301
-0.386069 1.058127 1.502007
-0.369724 1.063554 1.496892
-0.360228 0.791821 1.679150
-0.338434 0.720055 1.650352
-0.417253 0.729734 1.710964
-0.442004 0.759224 1.693843
-0.468316 0.759443 1.681966
-0.478930 1.169040 1.574332
-0.449440 1.189552 1.507081
-0.449767 1.182253 1.510486
-0.547035 1.213001 1.575735
-0.545836 1.211921 1.592148
-0.486724 1.175630 1.609814
-0.499655 1.245911 1.613008
-0.489063 1.229327 1.615831
-0.482888 1.242014 1.616215
-0.445487 0.825347 1.650438
-0.472216 0.811966 1.640200
-0.450849 0.812777 1.651183
-0.322794 0.702804 1.597921
-0.384446 0.767502 1.675125
-0.377892 0.563522 1.704284
-0.383431 0.535692 1.716687
-0.388038 0.509796 1.727162
-0.393480 0.488049 1.736789
-0.398394 0.473086 1.743380
-0.403191 0.466083 1.743340
-0.407126 0.466505 1.736272
-0.404766 0.470721 1.716220
-0.379472 0.459403 1.661803
-0.386772 0.473195 1.656016
-0.396968 0.474105 1.687307
-0.376294 0.469702 1.624237
-0.365879 0.464387 1.592788
-0.360946 0.455473 1.558123
-0.358380 0.442524 1.524699
-0.351761 0.430464 1.492923
-0.323743 0.712910 1.612875
-0.322943 0.707957 1.605711
-0.416624 1.289992 1.600511
-0.458295 1.174426 1.577202
-0.456641 1.179895 1.574755
-0.478043 1.189739 1.608020
-0.557622 1.157910 1.552687
-0.561688 1.172344 1.561138
-0.482325 1.166697 1.598588
-0.456241 1.194761 1.584929
-0.454069 1.193133 1.581913
-0.619338 1.085067 1.726979
-0.631278 1.082524 1.725189
-0.626645 1.079947 1.743603
-0.615047 1.081551 1.744615
-0.607022 1.082002 1.727929
-0.603881 1.077952 1.744522
-0.595297 1.027211 1.726050
-0.590247 1.038992 1.725419
-0.591906 1.037070 1.743283
-0.597531 1.026259 1.744295
-0.593317 1.066386 1.760957
-0.590255 1.056818 1.760242
-0.590876 1.059875 1.743367
-0.595576 1.070084 1.744493
-0.619193 1.016495 1.724999
-0.631438 1.019277 1.723493
-0.629718 1.017522 1.704541
-0.616441 1.015342 1.706899
-0.585777 1.043290 1.657876
-0.590321 1.030728 1.655465
-0.586805 1.036557 1.644858
-0.583189 1.049236 1.648287
-0.626487 1.092468 1.691948
-0.638817 1.087096 1.687693
-0.635612 1.084986 1.706070
-0.623022 1.088823 1.709008
-0.591834 1.072442 1.693290
-0.586831 1.059011 1.691772
-0.587315 1.063339 1.675020
-0.593066 1.076075 1.676645
-0.629359 1.094834 1.672236
-0.640751 1.088508 1.668019
-0.591133 1.063979 1.726607
-0.589000 1.051495 1.725460
-0.587495 1.054878 1.708566
-0.591159 1.068011 1.710284
-0.620810 1.019930 1.761561
-0.630926 1.023647 1.760502
-0.631748 1.021397 1.742082
-0.620632 1.018127 1.743586
-0.590797 1.046481 1.760180
-0.593393 1.035921 1.760988
-0.590348 1.048622 1.742756
-0.640170 1.062824 1.759555
-0.631689 1.071502 1.760498
-0.636693 1.072992 1.741364
-0.645056 1.063048 1.740040
-0.589950 1.032265 1.689806
-0.586340 1.044921 1.690575
-0.588158 1.041627 1.707835
-0.592711 1.029355 1.707722
-0.612623 1.091047 1.693498
-0.609726 1.086628 1.710826
-0.649138 1.063140 1.721206
-0.641530 1.074057 1.722298
-0.645245 1.075062 1.703428
-0.652283 1.062762 1.700895
-0.655445 1.046648 1.679868
-0.649338 1.033141 1.680493
-0.649793 1.035552 1.700234
-0.654605 1.048767 1.700060
-0.587852 1.036995 1.672319
-0.594448 1.025304 1.671089
-0.612546 1.015680 1.687807
-0.626619 1.016336 1.685045
-0.621783 1.016369 1.665593
-0.606735 1.017576 1.668926
-0.604943 1.098081 1.651720
-0.618422 1.102058 1.647876
-0.618489 1.098639 1.660203
-0.604602 1.093315 1.663602
-0.631402 1.097086 1.655097
-0.631039 1.098560 1.639153
-0.629728 1.097155 1.607964
-0.633130 1.085722 1.601175
-0.639697 1.081325 1.611310
-0.635309 1.092778 1.619817
-0.654611 1.039638 1.638188
-0.644593 1.026769 1.637473
-0.647540 1.029868 1.659948
-0.656280 1.042884 1.659758
-0.622369 1.019312 1.622858
-0.608244 1.020671 1.631448
-0.615696 1.017893 1.646724
-0.630464 1.019586 1.640903
-0.578572 1.051412 1.590935
-0.569744 1.053063 1.599934
-0.579534 1.042683 1.606128
-0.589936 1.039855 1.597835
-0.567841 1.059161 1.623887
-0.560410 1.067328 1.620878
-0.562297 1.077843 1.628836
-0.569360 1.070501 1.631164
-0.597716 1.121738 1.624633
-0.606460 1.122711 1.611273
-0.610796 1.117789 1.616040
-0.600162 1.116015 1.627506
-0.651483 1.038324 1.618263
-0.638846 1.023212 1.614551
-0.574766 1.052121 1.629034
-0.574132 1.064117 1.634976
-0.579147 1.056354 1.641843
-0.581262 1.044284 1.636147
-0.583421 1.089956 1.638731
-0.590896 1.101346 1.638775
-0.591919 1.096579 1.644212
-0.584760 1.083826 1.645500
-0.601706 1.112605 1.632859
-0.614345 1.113620 1.625286
-0.615850 1.108608 1.634408
-0.602996 1.106205 1.641286
-0.646240 1.040088 1.604735
-0.647845 1.055258 1.608244
-0.640420 1.056335 1.598326
-0.637858 1.042186 1.595903
-0.612070 1.023419 1.611578
-0.599587 1.025648 1.620406
-0.587574 1.075149 1.651292
-0.582725 1.062114 1.651062
-0.580143 1.070017 1.644558
-0.626497 1.103466 1.625560
-0.587500 1.051816 1.582848
-0.596793 1.054954 1.577158
-0.583103 1.067987 1.571058
-0.574370 1.064400 1.577495
-0.566039 1.064045 1.585678
-0.558163 1.066195 1.596218
-0.550148 1.080266 1.617715
-0.551549 1.090430 1.626396
-0.558115 1.102916 1.632969
-0.567827 1.116432 1.634632
-0.578649 1.103677 1.635579
-0.568597 1.090439 1.633943
-0.587627 1.134926 1.621008
-0.595759 1.135703 1.606824
-0.612604 1.117159 1.600450
-0.602169 1.129783 1.594349
-0.579909 1.041336 1.621056
-0.571496 1.049312 1.615170
-0.652674 1.050215 1.720133
-0.649111 1.037670 1.720441
-0.646900 1.039297 1.739870
-0.649054 1.051444 1.739634
-0.638774 1.031170 1.759529
-0.640583 1.029089 1.740845
-0.597363 1.074723 1.727571
-0.598808 1.079129 1.710859
-0.600634 1.073969 1.761633
-0.593428 1.088487 1.651350
-0.593533 1.081882 1.661874
-0.633592 1.072983 1.594780
-0.626006 1.090661 1.591880
-0.625846 1.078340 1.587013
-0.652781 1.055991 1.621808
-0.655128 1.057859 1.639961
-0.648558 1.075151 1.643903
-0.646338 1.073734 1.623464
-0.628462 1.045887 1.590164
-0.632506 1.059347 1.591159
-0.623180 1.065939 1.584259
-0.617760 1.053453 1.583196
-0.587579 1.113484 1.633277
-0.589706 1.106239 1.634388
-0.606807 1.109809 1.575878
-0.617732 1.098545 1.584068
-0.616679 1.108281 1.591759
-0.606641 1.119960 1.584398
-0.623592 1.101600 1.598888
-0.604229 1.099170 1.570695
-0.616345 1.087307 1.579038
-0.577971 1.127734 1.630453
-0.605261 1.064335 1.575270
-0.612112 1.075812 1.576484
-0.598798 1.088082 1.568517
-0.591426 1.076792 1.568134
-0.641345 1.027126 1.721563
-0.640848 1.025136 1.702310
-0.595077 1.025898 1.639031
-0.600831 1.020605 1.651720
-0.588222 1.032916 1.629286
-0.606129 1.019057 1.726229
-0.608342 1.019470 1.744411
-0.598996 1.021387 1.689305
-0.602982 1.019516 1.707758
-0.654358 1.061819 1.681041
-0.612400 1.030924 1.598152
-0.601456 1.030524 1.604874
-0.624089 1.024635 1.603948
-0.551744 1.072776 1.607515
-0.563214 1.058288 1.611216
-0.640525 1.029527 1.603248
-0.537230 1.090548 1.603414
-0.638671 1.089736 1.631031
-0.623640 1.107176 1.616138
-0.618578 1.111057 1.606693
-0.621895 1.077511 1.761581
-0.600281 1.083629 1.694192
-0.587569 1.068522 1.660997
-0.584804 1.055950 1.659306
-0.621535 1.035441 1.592707
-0.609735 1.043499 1.585360
-0.600353 1.039932 1.591029
-0.582533 1.095456 1.636227
-0.574259 1.082533 1.635402
-0.609648 1.020623 1.762013
-0.577598 1.076721 1.638947
-0.640973 1.088370 1.649940
-0.319967 1.259192 1.497388
-0.446899 1.104046 1.601843
-0.420959 1.080280 1.638936
-0.430879 1.083534 1.625994
-0.457974 1.156818 1.582920
-0.458336 1.166585 1.579955
-0.456667 1.185268 1.572821
-0.455827 1.185610 1.571156
-0.455092 1.137491 1.608949
-0.327503 1.485212 1.532924
-0.326531 1.477805 1.534023
-0.326816 1.496636 1.529249
-0.343042 0.946256 1.687739
-0.338701 1.473331 1.548055
-0.338353 1.465903 1.548019
-0.339858 1.469365 1.543710
-0.338665 1.475080 1.550102
-0.339307 1.475971 1.550621
-0.333577 1.502092 1.534335
-0.327065 1.469784 1.537040
-0.329556 1.461484 1.541756
-0.339440 1.492366 1.543302
-0.347023 0.931785 1.498070
-0.325849 0.932999 1.499858
-0.327266 0.913290 1.494231
-0.349932 0.911948 1.491743
-0.328198 0.892308 1.487968
-0.442221 0.856736 1.497481
-0.459562 0.862827 1.515130
-0.452365 0.884460 1.516739
-0.436303 0.880159 1.499669
-0.458641 0.903816 1.538854
-0.445615 0.902794 1.518055
-0.464400 0.886746 1.539020
-0.470288 0.886449 1.563445
-0.464897 0.903301 1.563104
-0.469762 0.882782 1.586765
-0.464911 0.900592 1.586733
-0.463805 0.877114 1.608212
-0.452842 0.871759 1.628094
-0.439704 0.848975 1.642634
-0.416384 0.859399 1.656911
-0.435864 0.865001 1.644041
-0.378347 0.853858 1.678421
-0.396659 0.855335 1.668410
-0.345956 0.851460 1.692370
-0.361715 0.852145 1.686506
-0.412151 1.272622 1.615271
-0.389183 1.326352 1.519144
-0.406597 1.321647 1.519663
-0.415789 1.325061 1.537011
-0.423716 1.268223 1.489358
-0.427927 1.285739 1.498164
-0.406435 1.280679 1.488119
-0.402790 1.265689 1.482618
-0.377145 1.318843 1.509570
-0.369841 1.323160 1.512603
-0.392710 1.314618 1.506772
-0.355303 1.301583 1.497405
-0.375562 1.307964 1.498987
-0.455412 1.312992 1.545465
-0.454799 1.300836 1.525938
-0.463575 1.299224 1.532343
-0.465780 1.311289 1.551281
-0.448748 1.253224 1.500666
-0.445910 1.238617 1.497706
-0.456317 1.239605 1.503543
-0.458138 1.253989 1.506531
-0.496399 1.294140 1.571806
-0.494738 1.289390 1.552475
-0.506254 1.280449 1.558418
-0.507150 1.282420 1.577196
-0.458857 1.269961 1.512395
-0.378892 1.167710 1.475066
-0.397431 1.175284 1.476225
-0.413555 1.183487 1.480364
-0.449442 1.197019 1.504805
-0.439887 1.195559 1.497424
-0.441003 1.186105 1.500353
-0.459237 1.197413 1.511347
-0.467246 1.198268 1.516923
-0.473585 1.224624 1.615240
-0.467875 1.232789 1.618073
-0.474502 1.254284 1.616107
-0.479836 1.192895 1.532045
-0.474092 1.194019 1.527119
-0.472800 1.190249 1.529766
-0.477477 1.188974 1.534262
-0.445720 1.315310 1.540628
-0.503064 1.271623 1.544264
-0.490963 1.278221 1.538627
-0.488601 1.265440 1.530499
-0.500648 1.259450 1.535503
-0.498067 1.248443 1.529159
-0.486703 1.252814 1.523761
-0.484440 1.240409 1.519251
-0.495330 1.237627 1.524481
-0.483505 1.197450 1.530216
-0.474846 1.199596 1.523654
-0.510832 1.260958 1.601162
-0.473121 1.309791 1.581633
-0.466347 1.297345 1.602203
-0.457439 1.303638 1.597234
-0.462957 1.313884 1.574544
-0.471571 1.177450 1.562594
-0.468486 1.182277 1.570693
-0.474683 1.173331 1.554637
-0.470563 1.184637 1.533758
-0.477692 1.171293 1.548689
-0.471743 1.202218 1.605631
-0.479731 1.213895 1.612898
-0.458688 1.275190 1.612593
-0.451412 1.283017 1.609828
-0.517045 1.268788 1.582316
-0.517229 1.268088 1.563598
-0.491151 1.187606 1.532863
-0.488789 1.183135 1.535058
-0.498612 1.177708 1.534587
-0.462933 1.181056 1.525089
-0.470962 1.187723 1.532202
-0.475521 1.310069 1.557496
-0.513962 1.261699 1.549453
-0.510786 1.251254 1.539813
-0.476077 1.254758 1.517714
-0.477608 1.268398 1.524076
-0.467983 1.269331 1.517860
-0.466748 1.254800 1.511889
-0.505722 1.232917 1.529284
-0.503125 1.220947 1.527490
-0.465807 1.241089 1.509084
-0.474803 1.241758 1.514338
-0.494151 1.193067 1.530805
-0.444633 1.287818 1.606453
-0.441590 1.267039 1.616050
-0.433957 1.269898 1.615966
-0.454126 1.252697 1.618277
-0.447664 1.261281 1.617122
-0.461324 1.241793 1.619513
-0.424231 1.271307 1.614985
-0.631761 1.030637 1.597484
-0.496213 1.171942 1.536871
-0.508531 1.166290 1.537231
-0.509410 1.173201 1.535723
-0.552881 1.149181 1.548241
-0.377911 1.437664 1.673855
-0.378011 1.443581 1.675181
-0.375450 1.461894 1.675069
-0.374254 1.466008 1.674322
-0.640558 1.069496 1.603315
-0.645461 1.065976 1.611346
-0.655073 1.060391 1.660382
-0.647648 1.075973 1.683451
-0.648387 1.076479 1.663742
-0.615119 1.095492 1.676355
-0.601993 1.088655 1.677284
-0.586108 1.049453 1.674167
-0.635586 1.021020 1.662024
-0.600940 1.074062 1.795851
-0.611488 1.074518 1.797021
-0.606276 1.073771 1.814379
-0.596353 1.072096 1.812680
-0.591408 1.070926 1.828931
-0.585915 1.063542 1.827588
-0.589641 1.066171 1.811443
-0.584414 1.055401 1.827352
-0.587271 1.058362 1.811335
-0.586200 1.047187 1.827624
-0.589257 1.039153 1.827580
-0.590452 1.041473 1.811750
-0.587800 1.049792 1.811496
-0.595124 1.034916 1.795512
-0.595390 1.034209 1.812700
-0.602383 1.028432 1.813692
-0.601551 1.027365 1.796455
-0.618020 1.027860 1.831510
-0.624334 1.032612 1.832027
-0.626667 1.030808 1.814686
-0.619583 1.025624 1.814478
-0.637310 1.044863 1.797460
-0.634163 1.035707 1.796788
-0.631949 1.038321 1.815429
-0.634920 1.046986 1.815960
-0.633430 1.048441 1.833359
-0.629206 1.056959 1.833425
-0.632231 1.055179 1.816547
-0.610779 1.078142 1.762289
-0.605855 1.075941 1.779036
-0.596578 1.071296 1.778226
-0.588641 1.051901 1.794196
-0.589600 1.054256 1.777086
-0.591167 1.063429 1.777383
-0.589092 1.060730 1.794297
-0.599599 1.026281 1.761795
-0.594702 1.035366 1.778266
-0.600743 1.026829 1.779230
-0.590911 1.043295 1.794741
-0.591533 1.044688 1.777373
-0.610699 1.023097 1.796909
-0.610934 1.025015 1.814196
-0.621207 1.070135 1.797362
-0.629708 1.063160 1.797441
-0.624990 1.062956 1.816519
-0.616282 1.069849 1.815899
-0.610036 1.022018 1.779560
-0.634831 1.063066 1.778943
-0.626411 1.070650 1.778995
-0.635730 1.054785 1.797267
-0.639831 1.053540 1.778591
-0.611800 1.070239 1.832579
-0.601379 1.073250 1.830960
-0.616605 1.076112 1.778866
-0.620228 1.023204 1.796881
-0.628570 1.027889 1.796669
-0.629930 1.025680 1.778788
-0.620657 1.021530 1.779285
-0.643769 1.041005 1.759202
-0.636486 1.033330 1.777975
-0.640237 1.042715 1.778312
-0.630201 1.039623 1.832720
-0.644498 1.052181 1.759626
-0.573405 1.039312 1.899500
-0.574138 1.038455 1.890246
-0.566649 1.036781 1.895061
-0.565808 1.040191 1.903076
-0.561523 1.025311 1.878813
-0.554607 1.027652 1.870765
-0.546392 1.026774 1.881024
-0.552213 1.023572 1.887596
-0.559797 1.041582 1.906041
-0.559707 1.035528 1.899249
-0.556824 1.043311 1.904915
-0.559258 1.053399 1.912334
-0.559460 1.047440 1.912885
-0.559978 1.057080 1.919800
-0.564438 1.061452 1.907782
-0.566448 1.062905 1.919905
-0.590733 1.061049 1.906446
-0.599956 1.055826 1.905566
-0.597834 1.054909 1.920098
-0.587867 1.059345 1.920198
-0.611221 1.041378 1.914415
-0.603871 1.048148 1.918053
-0.606109 1.050167 1.903679
-0.612270 1.044089 1.901072
-0.585506 1.033506 1.896136
-0.587374 1.033675 1.886657
-0.582165 1.037409 1.887383
-0.580878 1.036924 1.896774
-0.548146 1.042963 1.904202
-0.555388 1.053613 1.898851
-0.556731 1.049887 1.903783
-0.549607 1.038968 1.905104
-0.596513 1.019383 1.867372
-0.598287 1.021362 1.856353
-0.592285 1.026493 1.855516
-0.591819 1.024102 1.865303
-0.569781 1.032805 1.856369
-0.576708 1.035610 1.851876
-0.573975 1.047942 1.846784
-0.566592 1.046127 1.852053
-0.562266 1.029628 1.863062
-0.558760 1.042188 1.859001
-0.551160 1.037802 1.867385
-0.543555 1.035486 1.879272
-0.608533 1.018932 1.857389
-0.607932 1.015341 1.865535
-0.546443 1.035330 1.953938
-0.550627 1.031525 1.953614
-0.551864 1.033836 1.951103
-0.547864 1.037752 1.951494
-0.622580 1.026734 1.865997
-0.624631 1.035563 1.867211
-0.625329 1.035931 1.860861
-0.621884 1.027858 1.859735
-0.623517 1.025050 1.874229
-0.624044 1.035307 1.875316
-0.545767 1.041541 1.965193
-0.543727 1.040622 1.960970
-0.546574 1.044685 1.958744
-0.549375 1.046055 1.962797
-0.563582 1.042138 1.911274
-0.570920 1.039358 1.908543
-0.562218 1.041543 1.927092
-0.567451 1.039529 1.918811
-0.560977 1.044304 1.918740
-0.558853 1.045946 1.925280
-0.584491 1.030583 1.914747
-0.586761 1.031080 1.905049
-0.580773 1.035038 1.907658
-0.578053 1.033846 1.917752
-0.594851 1.022346 1.903591
-0.593556 1.022668 1.912757
-0.598227 1.017936 1.911788
-0.598470 1.017607 1.904005
-0.587211 1.027264 1.930376
-0.586737 1.027713 1.937799
-0.590407 1.024880 1.937191
-0.591029 1.024223 1.929478
-0.626838 1.037537 1.854558
-0.622645 1.029724 1.853512
-0.622691 1.026637 1.908306
-0.623757 1.018364 1.904072
-0.624474 1.014629 1.913870
-0.623985 1.024021 1.918198
-0.622733 1.044769 1.868798
-0.624627 1.045509 1.862184
-0.550165 1.040213 1.968161
-0.553512 1.045124 1.966493
-0.554260 1.051532 1.867810
-0.544117 1.045334 1.880308
-0.564112 1.055995 1.858973
-0.571516 1.058090 1.853273
-0.576553 1.059669 1.847834
-0.570236 1.037081 1.923823
-0.578214 1.037332 1.904215
-0.588713 1.030357 1.895299
-0.607735 1.009288 1.895406
-0.608507 1.009481 1.888726
-0.600730 1.014297 1.890168
-0.601921 1.013387 1.896405
-0.620089 1.010440 1.902188
-0.613491 1.007798 1.902402
-0.613510 1.007355 1.909216
-0.620283 1.008742 1.910477
-0.544310 1.047057 1.903100
-0.551233 1.055299 1.893987
-0.617128 1.018884 1.865526
-0.616138 1.021375 1.858704
-0.616619 1.024842 1.851836
-0.590172 1.029000 1.875771
-0.588300 1.027129 1.864108
-0.583349 1.029042 1.864114
-0.586956 1.032271 1.875991
-0.573629 1.032603 1.881897
-0.569614 1.027037 1.871782
-0.565919 1.030290 1.887848
-0.586124 1.030648 1.853813
-0.594292 1.030206 1.847907
-0.587365 1.034949 1.846692
-0.601592 1.025425 1.849036
-0.609875 1.023459 1.850664
-0.594184 1.032339 1.840461
-0.587930 1.037451 1.839221
-0.602140 1.028435 1.841869
-0.609683 1.026193 1.843204
-0.630266 1.048392 1.845827
-0.628343 1.038085 1.845689
-0.627224 1.047455 1.854866
-0.579969 1.053199 1.839247
-0.581210 1.041462 1.846256
-0.583598 1.044862 1.839471
-0.582034 1.062153 1.840151
-0.546245 1.025304 1.892804
-0.541201 1.025869 1.898058
-0.546726 1.026762 1.902043
-0.551168 1.027371 1.897974
-0.559245 1.057581 1.927605
-0.557404 1.051548 1.925677
-0.558898 1.050658 1.919097
-0.598944 1.016196 1.876239
-0.608593 1.012534 1.874335
-0.565975 1.039190 1.929881
-0.552689 1.050558 1.957242
-0.549477 1.048465 1.953269
-0.554332 1.053212 1.941852
-0.557778 1.056301 1.946074
-0.568678 1.039468 1.938483
-0.564260 1.039718 1.934539
-0.562386 1.037990 1.939843
-0.566498 1.038700 1.944240
-0.595010 1.020009 1.933693
-0.595625 1.019742 1.927152
-0.583105 1.055195 1.933712
-0.575227 1.064520 1.932274
-0.577468 1.065384 1.919727
-0.589484 1.026623 1.913439
-0.588239 1.026592 1.922276
-0.592248 1.023317 1.921523
-0.571668 1.036137 1.927186
-0.569747 1.037913 1.932111
-0.574469 1.035493 1.931395
-0.576254 1.033856 1.924920
-0.624029 1.021215 1.893678
-0.619261 1.011102 1.891867
-0.544063 1.038403 1.956841
-0.545963 1.041675 1.954560
-0.622541 1.030795 1.844873
-0.616149 1.026905 1.844348
-0.590925 1.027011 1.903790
-0.579115 1.064935 1.906639
-0.591996 1.026712 1.894499
-0.610609 1.028184 1.930953
-0.609493 1.019982 1.929156
-0.605714 1.019474 1.934990
-0.607535 1.024943 1.937770
-0.562331 1.036137 1.953258
-0.558542 1.034668 1.949259
-0.556180 1.032309 1.953565
-0.559440 1.033238 1.958123
-0.560698 1.041721 1.931495
-0.557244 1.045578 1.930358
-0.555026 1.043576 1.936849
-0.558331 1.039670 1.937514
-0.556179 1.050931 1.931442
-0.553913 1.048774 1.938640
-0.564244 1.039701 1.958404
-0.561843 1.045086 1.961408
-0.568049 1.050435 1.950485
-0.568924 1.043562 1.948961
-0.614105 1.047037 1.888863
-0.619424 1.040284 1.887190
-0.617963 1.036827 1.899166
-0.616970 1.033281 1.911566
-0.615304 1.029520 1.922764
-0.610562 1.039663 1.927055
-0.622101 1.030310 1.896803
-0.577303 1.044085 1.939998
-0.574236 1.052406 1.941670
-0.581532 1.047873 1.940881
-0.596465 1.021183 1.893972
-0.548750 1.044768 1.949277
-0.590867 1.069413 1.860348
-0.603040 1.067875 1.862485
-0.601232 1.065971 1.871274
-0.586632 1.068223 1.867260
-0.554104 1.036121 1.946993
-0.550269 1.039878 1.946573
-0.600470 1.015828 1.926540
-0.599085 1.016764 1.933051
-0.603329 1.015410 1.933842
-0.604418 1.013527 1.928505
-0.623073 1.033801 1.885543
-0.622516 1.009243 1.920524
-0.623199 1.019425 1.924351
-0.621148 1.043113 1.876943
-0.615903 1.050260 1.878196
-0.617220 1.052830 1.869945
-0.599879 1.044464 1.932723
-0.608634 1.052608 1.891020
-0.610638 1.055575 1.879574
-0.611460 1.059214 1.870270
-0.612651 1.061703 1.862924
-0.619003 1.054849 1.862889
-0.557306 1.050153 1.960689
-0.558211 1.040507 1.966674
-0.621425 1.056737 1.854766
-0.625493 1.057083 1.845355
-0.617396 1.063301 1.845350
-0.614350 1.063607 1.854546
-0.604147 1.061011 1.881155
-0.595519 1.065281 1.881419
-0.602538 1.057919 1.892577
-0.593780 1.062580 1.893846
-0.595120 1.053785 1.933768
-0.552221 1.025645 1.969132
-0.556608 1.031423 1.965413
-0.556920 1.029400 1.961045
-0.553389 1.023802 1.965420
-0.560270 1.035733 1.962866
-0.555247 1.036620 1.968240
-0.580688 1.066027 1.893804
-0.573959 1.037030 1.937299
-0.578499 1.066756 1.878807
-0.565875 1.064657 1.896246
-0.562262 1.063901 1.886294
-0.572845 1.065659 1.862164
-0.562356 1.062916 1.870405
-0.583852 1.066883 1.850638
-0.579821 1.065936 1.856541
-0.587666 1.068323 1.841832
-0.550936 1.056648 1.880916
-0.544497 1.030104 1.956550
-0.548994 1.026473 1.956787
-0.593594 1.070588 1.853415
-0.597133 1.072449 1.843982
-0.557872 1.028062 1.893946
-0.595562 1.021795 1.885270
-0.592695 1.026734 1.885604
-0.608960 1.010426 1.882341
-0.599822 1.015215 1.884008
-0.608337 1.070068 1.845104
-0.595015 1.033363 1.828681
-0.602639 1.029084 1.829901
-0.621068 1.063543 1.833175
-0.541366 1.032779 1.959400
-0.590074 1.029663 1.942199
-0.591754 1.029244 1.941954
-0.541116 1.028564 1.888821
-0.536728 1.029406 1.895491
-0.534815 1.041499 1.898171
-0.534759 1.034654 1.896221
-0.538099 1.035758 1.887896
-0.538119 1.043847 1.889635
-0.592321 1.025473 1.876229
-0.595065 1.021393 1.876886
-0.624064 1.023569 1.883586
-0.619538 1.013644 1.882362
-0.557739 1.056538 1.934159
-0.565070 1.062483 1.930283
-0.562064 1.059602 1.937599
-0.563678 1.055937 1.948777
-0.574329 1.041059 1.940222
-0.572047 1.043998 1.942708
-0.577100 1.028841 1.866909
-0.581109 1.033862 1.877947
-0.554420 1.033818 1.901479
-0.550477 1.032175 1.904374
-0.582541 1.030457 1.922942
-0.593304 1.041581 1.943088
-0.589754 1.048590 1.942290
-0.581219 1.031447 1.930571
-0.541475 1.034275 1.968020
-0.540150 1.034032 1.963441
-0.569067 1.060125 1.940361
-0.597148 1.018790 1.919835
-0.597967 1.037067 1.939817
-0.592659 1.035182 1.943808
-0.618779 1.007173 1.915225
-0.604940 1.069140 1.855021
-0.554889 1.029087 1.956178
-0.552698 1.023940 1.959792
-0.549856 1.028961 1.970995
-0.545837 1.032814 1.970632
-0.618722 1.016252 1.873630
-0.590289 1.030313 1.886030
-0.610793 1.026816 1.830753
-0.543271 1.050727 1.891403
-0.538558 1.047052 1.900661
-0.580539 1.032162 1.936476
-0.615978 1.021143 1.927119
-0.607690 1.035822 1.935138
-0.605228 1.031590 1.942469
-0.598261 1.033934 1.944842
-0.593663 1.031284 1.945111
-0.546135 1.023058 1.972979
-0.542308 1.026742 1.972664
-0.538111 1.028726 1.969547
-0.537811 1.029056 1.964847
-0.539651 1.028132 1.960863
-0.548800 1.020109 1.970954
-0.550250 1.018767 1.967093
-0.550591 1.019904 1.961584
-0.545712 1.015205 1.971210
-0.542006 1.016937 1.973898
-0.530819 1.017611 1.968650
-0.533909 1.022426 1.970444
-0.533817 1.018752 1.971872
-0.531712 1.015514 1.971357
-0.529825 1.011355 1.971342
-0.529190 1.012803 1.968145
-0.536568 1.018224 1.973688
-0.534607 1.014079 1.974053
-0.538025 1.012055 1.973731
-0.536114 1.008005 1.974082
-0.532503 1.009431 1.974053
-0.539009 1.015718 1.973939
-0.538298 1.021605 1.973732
-0.528760 1.008128 1.968705
-0.528789 1.008202 1.971468
-0.530730 1.005709 1.973605
-0.531103 1.004214 1.970669
-0.534814 1.024585 1.965314
-0.531998 1.018461 1.965240
-0.530585 1.012888 1.965045
-0.530453 1.008164 1.965908
-0.534276 1.017560 1.962315
-0.532976 1.012138 1.963009
-0.533112 1.008225 1.964149
-0.537431 1.015466 1.960639
-0.535661 1.010707 1.962207
-0.540923 1.022290 1.959229
-0.537488 1.024538 1.961545
-0.535076 1.008298 1.963469
-0.532842 1.004260 1.967967
-0.541080 1.011307 1.973121
-0.538734 1.006907 1.972739
-0.543130 1.010370 1.971042
-0.540455 1.006302 1.970737
-0.535685 1.003915 1.972432
-0.534300 1.005156 1.974259
-0.543175 1.026077 1.958179
-0.547743 1.022600 1.958735
-0.545208 1.018923 1.959586
-0.541723 1.013048 1.961156
-0.547718 1.016061 1.962571
-0.547295 1.014432 1.967417
-0.544187 1.009809 1.967914
-0.544304 1.010546 1.964084
-0.541318 1.006353 1.967955
-0.541020 1.007082 1.965200
-0.538650 1.008649 1.962927
-0.538270 1.004695 1.967471
-0.537103 1.003901 1.970009
-0.535030 1.005536 1.966056
-0.538736 1.005774 1.965724
-0.536734 1.006798 1.964530
-0.568117 1.022551 1.963560
-0.571498 1.018524 1.962537
-0.573773 1.022623 1.960208
-0.570688 1.026460 1.960533
-0.569430 1.028936 1.974745
-0.566737 1.027522 1.969844
-0.570027 1.032952 1.967199
-0.573178 1.034648 1.972020
-0.575233 1.026753 1.976903
-0.579498 1.032508 1.974752
-0.576283 1.039509 1.965228
-0.572534 1.036895 1.961213
-0.575904 1.040999 1.948203
-0.579877 1.044446 1.950551
-0.584055 1.027149 1.945274
-0.587997 1.027245 1.948268
-0.566619 1.025254 1.965946
-0.569509 1.029812 1.962999
-0.584159 1.023725 1.959619
-0.580217 1.023426 1.956677
-0.577633 1.020273 1.961219
-0.581093 1.019576 1.964504
-0.574429 1.034067 1.943889
-0.578998 1.030105 1.944072
-0.574083 1.037810 1.945862
-0.586907 1.026510 1.963773
-0.586800 1.031830 1.967122
-0.590685 1.038325 1.953429
-0.590855 1.031876 1.951897
-0.571714 1.033580 1.957811
-0.575642 1.025867 1.955402
-0.572302 1.029723 1.955612
-0.582772 1.037965 1.967185
-0.582869 1.025779 1.972963
-0.573547 1.009144 1.973945
-0.578704 1.015505 1.971059
-0.577984 1.014235 1.966738
-0.573501 1.007770 1.969748
-0.582590 1.021423 1.968681
-0.578412 1.019746 1.975136
-0.563877 1.015106 1.966049
-0.567776 1.011559 1.964923
-0.561751 1.017467 1.968741
-0.586440 1.044505 1.952868
-0.563708 1.019604 1.977394
-0.561675 1.018902 1.972542
-0.575231 1.015637 1.963252
-0.571429 1.008720 1.965756
-0.572370 1.012284 1.977610
-0.568720 1.017499 1.979135
-0.567894 1.005883 1.978848
-0.564113 1.010019 1.980685
-0.559702 1.012397 1.979216
-0.558456 1.013041 1.974077
-0.559447 1.012652 1.970174
-0.569509 1.003435 1.975461
-0.570085 1.002989 1.971518
-0.568851 1.004609 1.967566
-0.566332 0.996788 1.974511
-0.564174 0.997805 1.978223
-0.550412 0.994949 1.974407
-0.552745 1.000014 1.975995
-0.554099 0.997389 1.977545
-0.551319 0.993102 1.976889
-0.556162 1.004356 1.978458
-0.556371 1.000326 1.978729
-0.559017 0.998742 1.979258
-0.557123 0.995006 1.979174
-0.559766 0.992906 1.977277
-0.557429 0.988327 1.977094
-0.554037 0.989936 1.978532
-0.561124 0.996487 1.978095
-0.549594 0.989490 1.976394
-0.549468 0.989638 1.973874
-0.560768 1.002468 1.980571
-0.555905 1.007574 1.974090
-0.552819 1.001553 1.972811
-0.550887 0.995626 1.971484
-0.550605 0.990070 1.970970
-0.554077 1.001479 1.969357
-0.552274 0.995479 1.968759
-0.552362 0.990732 1.968992
-0.556769 1.000045 1.966499
-0.554634 0.994306 1.966922
-0.560256 1.007006 1.967636
-0.557359 1.008268 1.970298
-0.554028 0.991268 1.967888
-0.551173 0.984863 1.974546
-0.552488 0.985955 1.971643
-0.551101 0.985531 1.977892
-0.561505 0.992500 1.975586
-0.558716 0.987975 1.974868
-0.563157 0.991652 1.973599
-0.559978 0.987323 1.973060
-0.555626 0.984449 1.974977
-0.555043 0.984958 1.977010
-0.561956 1.010888 1.967722
-0.565689 1.007672 1.966450
-0.564311 1.004341 1.966494
-0.560739 0.997091 1.965573
-0.567074 1.000547 1.967274
-0.567364 0.997520 1.970815
-0.563976 0.992274 1.970654
-0.563481 0.994145 1.967358
-0.560535 0.988237 1.970699
-0.560302 0.990029 1.968030
-0.557839 0.992209 1.966464
-0.557260 0.986255 1.970236
-0.556446 0.984693 1.972456
-0.554028 0.987507 1.969438
-0.557843 0.988094 1.968528
-0.555725 0.989393 1.967884
-0.584861 1.011030 1.955871
-0.587645 1.006918 1.952698
-0.590276 1.009726 1.952251
-0.587667 1.013727 1.954900
-0.587632 1.012722 1.965948
-0.584987 1.013211 1.963616
-0.588660 1.018308 1.962586
-0.591899 1.018811 1.965160
-0.591458 1.009297 1.966420
-0.597106 1.015383 1.965912
-0.593714 1.023370 1.960917
-0.589756 1.022054 1.958446
-0.592407 1.027438 1.949220
-0.596679 1.029544 1.951113
-0.584049 1.012584 1.959994
-0.587294 1.016465 1.958547
-0.598477 1.008648 1.949245
-0.595188 1.009623 1.947910
-0.593626 1.006492 1.951825
-0.596376 1.005104 1.953642
-0.591201 1.021297 1.942035
-0.594208 1.017735 1.939619
-0.590739 1.024552 1.945544
-0.601612 1.010155 1.953021
-0.603002 1.014761 1.957957
-0.605801 1.020867 1.946674
-0.604322 1.016212 1.942577
-0.588062 1.019152 1.954558
-0.590873 1.012122 1.948227
-0.588277 1.016090 1.950769
-0.599607 1.020787 1.960431
-0.599682 1.009523 1.962490
-0.588011 0.994955 1.960578
-0.594906 1.001585 1.958748
-0.593782 1.001495 1.954136
-0.587702 0.995081 1.956357
-0.598926 1.005863 1.957425
-0.594609 1.004684 1.963572
-0.579667 1.004800 1.956106
-0.582759 1.001345 1.953599
-0.578653 1.005769 1.960238
-0.602698 1.027007 1.950273
-0.601453 1.013464 1.939474
-0.580592 1.004549 1.966945
-0.578803 1.005759 1.963972
-0.591163 1.003479 1.952140
-0.586095 0.997552 1.953521
-0.587061 0.997271 1.965054
-0.584273 1.001652 1.967659
-0.582057 0.991852 1.965369
-0.579033 0.995814 1.968162
-0.575716 0.998888 1.967733
-0.574836 1.000754 1.964295
-0.575333 1.001470 1.960684
-0.583186 0.990409 1.960432
-0.583346 0.991383 1.956792
-0.582615 0.994537 1.954571
-0.580149 0.986829 1.959081
-0.577711 0.987711 1.962979
-0.563245 0.987201 1.962455
-0.566616 0.990512 1.964064
-0.567522 0.988611 1.964297
-0.564131 0.985554 1.963466
-0.571150 0.993337 1.966552
-0.570293 0.990515 1.965924
-0.572793 0.988894 1.965716
-0.569854 0.985839 1.965043
-0.572949 0.984461 1.962354
-0.569819 0.981545 1.961612
-0.566489 0.982790 1.963981
-0.574859 0.986764 1.964180
-0.562151 0.983144 1.962977
-0.561239 0.983791 1.961518
-0.575151 0.991356 1.966393
-0.570795 0.996507 1.963777
-0.566575 0.992632 1.961962
-0.563168 0.988797 1.960204
-0.561810 0.985078 1.958785
-0.567792 0.993582 1.958841
-0.564568 0.989655 1.957486
-0.563474 0.986205 1.956482
-0.569757 0.993321 1.955884
-0.566529 0.989339 1.955282
-0.574372 0.997770 1.957135
-0.572050 0.997740 1.960393
-0.565269 0.986804 1.955309
-0.562918 0.979970 1.960525
-0.563803 0.981182 1.957522
-0.563646 0.980188 1.963060
-0.574936 0.983736 1.960610
-0.571227 0.980882 1.959521
-0.576143 0.983890 1.957770
-0.572105 0.981106 1.957184
-0.567518 0.979205 1.959766
-0.567062 0.979512 1.961481
-0.577077 1.000800 1.957180
-0.580069 0.998242 1.954838
-0.577257 0.995677 1.954736
-0.572627 0.991179 1.953489
-0.579859 0.992264 1.953960
-0.580175 0.988571 1.955828
-0.576154 0.985284 1.954990
-0.575227 0.987933 1.953079
-0.572485 0.982716 1.955205
-0.571722 0.984909 1.953555
-0.569036 0.987466 1.953516
-0.568655 0.981600 1.955221
-0.568111 0.979860 1.957225
-0.565219 0.983087 1.955490
-0.569007 0.983394 1.954012
-0.566754 0.984923 1.954338
-0.598082 1.015212 1.939067
-0.604759 0.996750 1.940022
-0.606997 0.994564 1.937245
-0.608277 0.996838 1.936835
-0.606152 0.999462 1.939402
-0.608365 0.995986 1.948616
-0.605383 0.997679 1.947093
-0.608053 1.002635 1.946609
-0.611443 1.001446 1.948574
-0.612314 0.993060 1.946246
-0.615568 0.997685 1.947108
-0.613055 1.006850 1.944869
-0.608998 1.007308 1.943195
-0.610452 1.014408 1.933975
-0.615199 1.015350 1.934001
-0.616651 1.003655 1.919639
-0.612452 1.005467 1.917947
-0.611767 1.000132 1.925071
-0.616424 0.999496 1.925098
-0.604291 0.997700 1.943680
-0.606261 1.001909 1.943036
-0.615336 0.994249 1.933062
-0.611470 0.996021 1.932812
-0.610851 0.994250 1.935134
-0.613745 0.991913 1.934826
-0.608209 1.007323 1.919166
-0.605747 1.010386 1.922981
-0.606616 1.006910 1.927989
-0.608700 1.002643 1.926934
-0.607716 1.010056 1.931272
-0.618844 0.995188 1.935149
-0.619856 0.997832 1.939782
-0.623035 1.005051 1.928827
-0.619868 1.000626 1.926410
-0.607008 1.004678 1.940457
-0.608778 0.999246 1.934197
-0.606605 1.001538 1.937332
-0.618069 1.003755 1.943654
-0.617211 0.993808 1.941916
-0.609971 0.982252 1.937883
-0.613869 0.987199 1.937780
-0.611939 0.988498 1.934880
-0.608857 0.983789 1.935549
-0.615739 0.990867 1.937715
-0.613888 0.988477 1.942283
-0.601031 0.991827 1.940250
-0.603494 0.990030 1.937026
-0.600432 0.992138 1.943763
-0.620927 1.012559 1.932444
-0.603564 0.989292 1.948620
-0.601084 0.991260 1.946879
-0.609622 0.991730 1.935518
-0.606103 0.986835 1.935317
-0.609574 0.982926 1.941783
-0.607214 0.986308 1.946611
-0.605467 0.978517 1.941298
-0.603418 0.981217 1.947015
-0.600401 0.984986 1.948454
-0.598671 0.987689 1.946964
-0.598384 0.988966 1.944104
-0.605950 0.978419 1.937306
-0.605131 0.980820 1.935495
-0.603507 0.983962 1.936054
-0.601837 0.976295 1.936970
-0.600697 0.975724 1.941175
-0.588893 0.978382 1.946459
-0.592242 0.980555 1.947228
-0.592960 0.978460 1.947045
-0.589813 0.976726 1.946943
-0.596883 0.981979 1.947753
-0.595991 0.979508 1.947271
-0.597922 0.977735 1.945418
-0.594626 0.975653 1.945792
-0.596277 0.973263 1.942460
-0.592732 0.971416 1.942614
-0.591632 0.973354 1.946366
-0.598413 0.975340 1.942925
-0.587785 0.974823 1.946976
-0.586481 0.975645 1.945933
-0.600127 0.979159 1.945471
-0.596081 0.985320 1.946752
-0.591713 0.982453 1.946207
-0.587812 0.979621 1.945202
-0.585885 0.976502 1.943806
-0.592132 0.983763 1.943997
-0.588299 0.980573 1.943125
-0.586733 0.977547 1.941971
-0.593186 0.984028 1.941132
-0.589494 0.980739 1.940937
-0.597174 0.987241 1.940889
-0.596263 0.987011 1.944197
-0.587758 0.978416 1.940785
-0.586943 0.972048 1.944164
-0.586593 0.973578 1.942000
-0.588663 0.971469 1.946168
-0.596973 0.972992 1.939980
-0.592951 0.970985 1.940404
-0.597522 0.974065 1.937508
-0.592800 0.972174 1.938634
-0.589446 0.970454 1.941869
-0.590311 0.970260 1.943472
-0.599195 0.989108 1.940526
-0.601048 0.987104 1.937577
-0.598887 0.985492 1.937696
-0.594611 0.982585 1.938076
-0.600568 0.982177 1.935846
-0.601533 0.978882 1.935075
-0.597036 0.976127 1.936312
-0.596013 0.979338 1.936174
-0.592276 0.974329 1.937459
-0.591650 0.977016 1.937302
-0.590604 0.979486 1.938656
-0.588931 0.974202 1.939097
-0.588900 0.972124 1.940083
-0.587155 0.975357 1.940553
-0.589226 0.975967 1.938596
-0.588256 0.977109 1.939614
-0.619562 1.004028 1.921594
-0.539718 1.041929 1.912250
-0.543628 1.038863 1.913021
-0.542352 1.024305 1.907660
-0.545733 1.028780 1.910835
-0.536470 1.023710 1.904459
-0.529985 1.031670 1.904875
-0.532160 1.027027 1.903956
-0.545627 1.034174 1.912690
-0.535054 1.042350 1.910747
-0.530468 1.037810 1.907057
-0.529755 1.037380 1.916767
-0.525388 1.032948 1.914265
-0.525580 1.026076 1.910768
-0.529251 1.022590 1.909600
-0.534381 1.021114 1.909273
-0.535974 1.038954 1.918118
-0.540007 1.037208 1.918476
-0.542961 1.032863 1.917121
-0.530836 1.035906 1.924425
-0.524234 1.031955 1.926509
-0.519996 1.016488 1.928374
-0.521426 1.017687 1.923823
-0.518903 1.020430 1.925582
-0.517164 1.019086 1.929171
-0.522460 1.020969 1.919650
-0.520194 1.022184 1.923601
-0.519950 1.026198 1.925712
-0.517760 1.025202 1.928371
-0.520864 1.029260 1.928202
-0.519618 1.029330 1.931329
-0.515316 1.023723 1.931701
-0.516155 1.018507 1.932500
-0.515047 1.021771 1.935065
-0.518791 1.016926 1.933065
-0.521783 1.027566 1.922485
-0.527484 1.018263 1.915557
-0.525372 1.015679 1.922254
-0.523864 1.015103 1.928549
-0.522865 1.016910 1.933545
-0.530671 1.015882 1.922711
-0.528542 1.016112 1.929385
-0.526884 1.018040 1.933695
-0.534999 1.019106 1.924566
-0.531492 1.019017 1.930636
-0.538743 1.020341 1.915763
-0.533302 1.017954 1.914381
-0.529301 1.019577 1.933374
-0.518080 1.020387 1.937403
-0.522543 1.020743 1.937400
-0.523274 1.031354 1.932203
-0.517677 1.028108 1.934476
-0.521381 1.029554 1.936113
-0.527927 1.032739 1.931810
-0.525508 1.029715 1.936562
-0.519373 1.025967 1.938316
-0.516180 1.025765 1.936555
-0.539987 1.022568 1.911285
-0.543056 1.027173 1.914568
-0.541328 1.025863 1.918670
-0.536761 1.024345 1.926554
-0.540028 1.031208 1.921947
-0.536166 1.035897 1.923585
-0.532397 1.032116 1.931075
-0.535765 1.029285 1.929323
-0.529448 1.028552 1.935722
-0.531992 1.026269 1.933941
-0.532592 1.022736 1.932245
-0.527357 1.024961 1.937225
-0.523662 1.025598 1.938486
-0.526507 1.021241 1.936306
-0.529607 1.024326 1.935678
-0.529468 1.021842 1.934826
-0.612986 1.006760 1.913970
-0.607535 1.008965 1.915312
-0.608005 1.009606 1.910044
-0.607667 1.008990 1.903127
-0.613132 1.008016 1.896167
-0.602650 1.012985 1.903772
-0.603107 1.013391 1.911185
-0.602393 1.013350 1.919101
-0.598716 1.017252 1.898089
-0.372386 1.513790 1.623175
-0.371495 1.515247 1.626400
-0.372921 1.508639 1.624444
-0.372595 1.508532 1.621508
-0.371161 1.509120 1.632141
-0.372434 1.508789 1.627833
-0.369098 1.515768 1.630182
-0.364306 1.516119 1.633635
-0.360089 1.510077 1.638023
-0.360064 1.509295 1.639222
-0.360386 1.508683 1.639185
-0.361425 1.508660 1.637877
-0.364130 1.509723 1.636449
-0.372674 1.509328 1.617379
-0.372360 1.510585 1.618417
-0.372556 1.512224 1.620520
-0.367757 1.509583 1.635404
-0.372567 1.508026 1.618770
-0.372696 1.508667 1.617489
-0.360639 1.514179 1.635638
-0.371078 1.512120 1.631674
-0.372211 1.511457 1.627479
-0.369725 1.515115 1.630877
-0.366121 1.514697 1.634438
-0.361557 1.509380 1.636490
-0.364144 1.511417 1.636217
-0.372674 1.510739 1.624116
-0.367523 1.512171 1.635166
-0.371380 1.513908 1.626782
-0.362869 1.512492 1.635648
-0.361566 1.510773 1.636750
-0.372179 1.509371 1.617890
-0.372223 1.508923 1.617973
-0.336512 1.256418 1.649496
-0.338897 1.239049 1.657505
-0.372097 1.512801 1.623535
-0.371883 1.509813 1.619605
-0.372454 1.510200 1.621441
-0.372008 1.511693 1.621051
-0.371665 1.510663 1.619329
-0.515969 1.155380 1.622827
-0.525498 1.168135 1.625273
-0.556932 1.191312 1.594897
-0.559438 1.189907 1.574714
-0.380042 0.980828 1.674984
-0.400410 1.030309 1.514388
-0.401692 1.051636 1.510185
-0.335154 1.047708 1.497358
-0.352721 1.044331 1.495815
-0.438064 1.010324 1.600756
-0.438978 1.030217 1.599738
-0.408206 1.000580 1.648262
-0.409304 1.021238 1.647327
-0.432684 0.987240 1.620502
-0.373645 0.995818 1.502397
-0.389273 0.993039 1.507879
-0.386033 1.014191 1.507851
-0.370550 1.017431 1.501360
-0.318774 1.050749 1.502700
-0.319763 1.026782 1.506751
-0.443349 1.053414 1.578875
-0.440100 1.056126 1.557477
-0.418507 1.064013 1.522393
-0.403827 1.070240 1.509880
-0.388136 1.077293 1.501449
-0.371279 1.084084 1.495386
-0.398659 1.041146 1.660789
-0.385012 1.060559 1.670660
-0.440218 1.050605 1.599975
-0.349879 1.039729 1.687698
-0.356855 1.111647 1.486218
-0.335768 1.114879 1.485688
-0.431321 1.059378 1.538608
-0.356744 1.200235 1.677828
-0.372174 1.202415 1.674016
-0.373085 1.187181 1.683027
-0.358014 1.183959 1.685808
-0.387478 1.189090 1.679529
-0.400963 1.190190 1.674805
-0.413126 1.190561 1.669614
-0.439469 1.186105 1.652527
-0.432256 1.188416 1.658614
-0.449187 1.178150 1.638601
-0.444659 1.183026 1.646088
-0.453306 1.169830 1.628658
-0.455488 1.159779 1.616678
-0.456491 1.162598 1.597146
-0.456482 1.149965 1.602747
-0.454785 1.147436 1.622815
-0.453189 1.157624 1.634622
-0.449435 1.165477 1.644886
-0.347694 1.117428 1.694983
-0.345691 1.141148 1.698058
-0.333720 1.272685 1.642368
-0.638985 1.023240 1.682410
-0.592792 1.068901 1.794869
-0.320117 1.292291 1.505258
-0.338573 1.296708 1.500576
-0.400210 1.306303 1.501633
-0.417771 1.315161 1.516153
-0.380533 1.298961 1.494023
-0.359158 1.291853 1.493035
-0.432544 1.066995 1.620219
-0.340376 1.263127 1.491757
-0.360627 1.281515 1.489165
-0.384146 1.288550 1.487692
-0.408078 1.295549 1.496122
-0.430609 1.305427 1.512352
-0.444662 1.302999 1.519869
-0.460916 1.284362 1.519674
-0.469657 1.283614 1.526160
-0.480148 1.281612 1.532577
-0.483482 1.294798 1.545380
-0.473062 1.297520 1.538903
-0.542834 1.215390 1.562196
-0.549039 1.198357 1.561000
-0.549786 1.183864 1.554482
-0.545599 1.170942 1.547888
-0.540815 1.163167 1.545122
-0.532462 1.158687 1.542175
-0.520759 1.161963 1.538989
-0.485225 1.177836 1.537784
-0.474198 1.184824 1.536512
-0.456692 1.179179 1.519647
-0.451358 1.175471 1.515083
-0.432539 1.153626 1.502870
-0.424055 1.139997 1.499562
-0.413994 1.124625 1.496292
-0.391934 0.894027 1.487456
-0.410841 0.897250 1.492835
-0.404432 0.915638 1.498398
-0.386073 0.913364 1.493510
-0.344376 0.953024 1.502805
-0.324548 0.953677 1.507040
-0.450992 0.919765 1.540535
-0.458676 0.919115 1.562824
-0.422392 0.918573 1.508420
-0.438084 0.919139 1.521838
-0.459714 0.917046 1.585858
-0.416338 0.897797 1.659392
-0.400716 0.894784 1.672875
-0.367618 0.889278 1.694553
-0.350178 0.889080 1.699540
-0.455279 0.913079 1.607950
-0.384404 0.890611 1.686448
-0.445968 0.907919 1.627047
-0.432131 0.902849 1.644022
-0.362091 0.952681 1.503441
-0.364653 0.932225 1.497737
-0.381616 0.932434 1.499416
-0.334070 1.177652 1.476777
-0.354144 1.180752 1.474822
-0.374245 1.184696 1.472372
-0.391051 1.205567 1.471764
-0.392415 1.190466 1.472702
-0.409840 1.196468 1.477185
-0.408805 1.209869 1.476306
-0.440157 1.214034 1.495085
-0.439430 1.204339 1.495600
-0.450141 1.205332 1.503052
-0.451498 1.214630 1.501955
-0.459715 1.205387 1.508712
-0.468388 1.206431 1.514330
-0.476672 1.206774 1.521671
-0.486548 1.204633 1.526642
-0.492327 1.225993 1.522421
-0.481749 1.228592 1.518319
-0.442576 1.225336 1.495588
-0.427657 1.224845 1.486288
-0.336027 1.204418 1.482664
-0.317107 1.199749 1.488421
-0.457187 1.144694 1.586821
-0.458059 1.141379 1.570230
-0.457418 1.141125 1.554506
-0.455627 1.143094 1.540115
-0.451424 1.148274 1.527789
-0.446415 1.154611 1.516333
-0.446266 1.169744 1.510787
-0.440570 1.162475 1.506714
-0.442912 1.177529 1.504560
-0.435346 1.171344 1.498787
-0.431249 1.180883 1.492338
-0.428084 1.190959 1.487695
-0.425758 1.201705 1.485556
-0.425442 1.212879 1.485100
-0.410467 1.223858 1.477460
-0.392264 1.220693 1.472699
-0.374377 1.232524 1.474427
-0.378244 1.248122 1.476668
-0.373454 1.216355 1.472429
-0.372987 1.201061 1.471453
-0.375639 1.331470 1.522562
-0.356496 1.327139 1.515602
-0.520688 1.177894 1.537520
-0.517496 1.175818 1.536531
-0.519054 1.170007 1.537577
-0.526398 1.170249 1.539682
-0.531410 1.174156 1.541845
-0.528054 1.189921 1.540814
-0.523409 1.181809 1.538774
-0.536097 1.181780 1.544242
-0.539767 1.192717 1.548421
-0.531357 1.200230 1.543158
-0.540171 1.204812 1.552211
-0.532901 1.210314 1.545874
-0.536917 1.217036 1.553322
-0.532830 1.218152 1.547832
-0.508203 1.242631 1.533851
-0.518135 1.235247 1.539069
-0.526819 1.226202 1.544302
-0.497268 1.199924 1.528915
-0.507215 1.195220 1.531883
-0.516271 1.188503 1.535967
-0.519828 1.197624 1.536850
-0.510676 1.204170 1.531739
-0.500429 1.209569 1.527484
-0.335583 1.189740 1.478826
-0.353462 1.196259 1.473959
-0.461304 1.215739 1.507451
-0.469828 1.216573 1.512868
-0.478759 1.217414 1.518914
-0.489616 1.215020 1.523896
-0.472299 1.228530 1.512435
-0.463350 1.227561 1.507302
-0.453605 1.226330 1.502151
-0.354829 1.211034 1.476202
-0.316668 1.184976 1.483955
-0.466268 1.265590 1.614713
-0.475304 1.287223 1.605956
-0.483429 1.300838 1.588147
-0.485726 1.303336 1.564919
-0.589754 1.033418 1.612903
-0.320928 1.004079 1.508458
-0.322502 0.979743 1.508815
-0.340608 0.977174 1.503585
-0.316151 1.114998 1.488260
-0.314693 1.175061 1.478670
-0.424331 1.162286 1.680979
-0.414212 1.162750 1.686834
-0.413462 1.176698 1.678939
-0.423936 1.176135 1.673195
-0.439192 1.160228 1.666855
-0.432596 1.161312 1.674059
-0.432426 1.174837 1.666845
-0.439505 1.172980 1.660051
-0.444820 1.157590 1.659142
-0.445125 1.170202 1.652783
-0.432418 1.146724 1.678908
-0.424673 1.147176 1.686374
-0.415398 1.147561 1.692374
-0.443826 1.144909 1.663662
-0.438802 1.146341 1.671245
-0.366545 1.398242 1.660130
-0.378428 1.406553 1.668674
-0.377136 1.448110 1.675271
-0.374273 1.451313 1.673046
-0.330942 1.296395 1.627561
-0.329623 1.306809 1.621828
-0.344657 1.161638 1.695162
-0.342166 1.196681 1.681241
-0.341718 1.206595 1.671424
-0.340489 1.221499 1.664095
-0.333088 1.286131 1.635687
-0.343429 1.179226 1.688907
-0.466895 0.724611 1.538243
-0.448251 0.703917 1.529832
-0.451973 0.733106 1.519711
-0.437057 0.718760 1.512671
-0.461822 0.806573 1.517023
-0.461042 0.778942 1.520368
-0.462198 0.835184 1.515585
-0.415932 0.709648 1.504562
-0.389687 0.706102 1.497658
-0.384973 0.727846 1.483152
-0.444905 0.830239 1.498474
-0.445034 0.803047 1.500162
-0.442631 0.738760 1.508699
-0.458701 0.753592 1.521098
-0.444072 0.753612 1.506186
-0.410126 0.728602 1.491537
-0.430624 0.732387 1.502388
-0.353086 0.891114 1.486058
-0.330397 0.871531 1.481391
-0.357184 0.870581 1.479527
-0.429528 0.900424 1.502424
-0.417865 0.876613 1.488186
-0.428009 0.750583 1.495222
-0.407161 0.750235 1.482382
-0.382285 0.750840 1.473396
-0.383264 0.826134 1.469371
-0.382222 0.802183 1.467017
-0.405746 0.801206 1.474653
-0.405710 0.826066 1.475896
-0.422823 0.853304 1.485882
-0.425608 0.827579 1.485384
-0.382389 0.849355 1.473822
-0.403401 0.850828 1.478380
-0.398674 0.873559 1.481865
-0.426670 0.800541 1.486147
-0.354114 0.778007 1.464653
-0.381290 0.776867 1.467480
-0.325177 0.781119 1.469975
-0.378883 0.871787 1.479320
-0.373358 0.892398 1.485703
-0.368492 0.912795 1.491313
-0.359253 0.975912 1.502845
-0.481995 0.587753 1.782272
-0.332668 0.708483 1.637488
-0.327156 0.703194 1.615415
-0.494560 0.786949 1.627543
-0.491344 0.751757 1.569891
-0.475247 0.750838 1.543375
-0.366686 0.736909 1.678754
-0.349703 0.722536 1.666347
-0.479485 0.795128 1.645225
-0.437588 0.776514 1.680250
-0.338392 0.714159 1.654044
-0.444831 0.776678 1.503130
-0.426599 0.773831 1.489363
-0.405791 0.774787 1.476057
-0.353092 0.753402 1.469387
-0.324456 0.758025 1.474314
-0.349384 0.777775 1.677829
-0.345466 0.784769 1.681397
-0.338364 0.783583 1.682137
-0.338350 0.772334 1.677641
-0.416656 0.878283 1.660120
-0.399551 0.874236 1.673439
-0.364654 0.871561 1.691233
-0.348096 0.870814 1.697181
-0.459410 0.895724 1.608177
-0.381796 0.873453 1.683098
-0.448822 0.890162 1.627247
-0.433223 0.883798 1.644230
-0.346403 0.397293 1.470751
-0.339299 0.385230 1.447683
-0.339446 0.399337 1.443507
-0.344768 0.410445 1.468134
-0.360830 0.433241 1.460009
-0.349926 0.426492 1.462702
-0.374734 0.435502 1.455886
-0.364143 0.426117 1.429806
-0.374760 0.421182 1.427839
-0.386874 0.431741 1.451675
-0.393688 0.423853 1.451403
-0.387351 0.403343 1.429887
-0.387896 0.386957 1.435088
-0.401031 0.395661 1.456900
-0.399110 0.412882 1.453512
-0.394247 0.377065 1.462291
-0.383069 0.368833 1.441227
-0.381455 0.365879 1.467211
-0.351403 0.382926 1.471751
-0.342611 0.369513 1.451249
-0.351718 0.423876 1.434108
-0.342620 0.415829 1.437812
-0.345064 0.418858 1.465182
-0.341162 0.408148 1.440455
-0.329188 0.385902 1.421176
-0.323577 0.372532 1.428120
-0.341681 0.415663 1.409218
-0.335633 0.405273 1.413405
-0.364060 0.410567 1.404786
-0.353887 0.418820 1.405266
-0.381204 0.393782 1.405864
-0.382058 0.412882 1.428375
-0.373074 0.402329 1.405087
-0.381367 0.378204 1.412150
-0.375442 0.357521 1.420597
-0.331795 0.355283 1.432793
-0.333276 0.395835 1.416180
-0.368190 0.191266 1.396687
-0.361752 0.189919 1.399158
-0.364524 0.192764 1.402509
-0.368410 0.193316 1.400450
-0.336286 0.183793 1.414754
-0.325051 0.185606 1.416410
-0.329751 0.187276 1.424415
-0.337937 0.185590 1.423229
-0.350874 0.183001 1.407840
-0.358011 0.183706 1.404656
-0.354223 0.185349 1.401295
-0.350044 0.185222 1.403344
-0.384501 0.216835 1.381054
-0.388675 0.218450 1.377951
-0.386442 0.218648 1.374532
-0.382759 0.217528 1.377010
-0.374356 0.201122 1.390099
-0.378833 0.202732 1.386615
-0.376253 0.203559 1.383841
-0.372513 0.202109 1.384873
-0.339392 0.207858 1.416953
-0.340350 0.195034 1.421615
-0.328056 0.196730 1.423019
-0.326959 0.211112 1.422256
-0.318608 0.197148 1.417065
-0.322924 0.196951 1.409223
-0.320082 0.209368 1.404311
-0.316851 0.211633 1.413921
-0.334213 0.194176 1.405231
-0.332652 0.205959 1.400756
-0.342478 0.205093 1.406511
-0.345332 0.192149 1.410961
-0.358648 0.203042 1.400319
-0.361981 0.191525 1.401829
-0.358909 0.192624 1.409248
-0.356504 0.205074 1.408494
-0.351467 0.191869 1.412529
-0.347350 0.203947 1.412679
-0.340958 0.201913 1.406133
-0.344047 0.189669 1.409501
-0.346420 0.190824 1.401677
-0.342966 0.202762 1.398648
-0.351456 0.203058 1.395863
-0.354414 0.191514 1.397974
-0.371270 0.210145 1.399549
-0.369865 0.199027 1.399612
-0.362985 0.198605 1.402068
-0.361896 0.208630 1.402921
-0.356706 0.196246 1.398247
-0.359723 0.196088 1.392865
-0.358211 0.205966 1.390689
-0.355340 0.205419 1.397079
-0.366648 0.206894 1.387615
-0.366239 0.196627 1.390131
-0.373096 0.207752 1.392192
-0.372122 0.197294 1.393348
-0.384503 0.218856 1.382385
-0.381429 0.208784 1.383218
-0.381447 0.209939 1.389450
-0.383648 0.220350 1.389635
-0.376951 0.208938 1.393189
-0.376656 0.217494 1.393288
-0.371364 0.207412 1.391488
-0.370742 0.206980 1.384218
-0.371596 0.214691 1.382249
-0.372023 0.214027 1.390035
-0.376676 0.207834 1.380281
-0.378427 0.217335 1.377879
-0.393873 0.234466 1.379825
-0.392431 0.234368 1.373361
-0.392509 0.225603 1.375268
-0.393206 0.226327 1.380923
-0.387554 0.224362 1.384604
-0.388326 0.230756 1.383994
-0.382558 0.222806 1.381744
-0.380984 0.222190 1.375224
-0.381600 0.227915 1.373195
-0.384507 0.227776 1.380253
-0.386790 0.223693 1.371854
-0.387097 0.231562 1.370137
-0.326221 0.224522 1.419992
-0.340983 0.219968 1.411480
-0.326241 0.188821 1.412006
-0.315784 0.224807 1.409297
-0.332491 0.187557 1.410076
-0.334824 0.216706 1.396280
-0.319641 0.222280 1.399692
-0.340387 0.210597 1.404796
-0.358078 0.185949 1.409263
-0.354953 0.211050 1.397451
-0.351813 0.216727 1.388699
-0.353686 0.185719 1.411275
-0.356937 0.220263 1.404402
-0.371576 0.226527 1.394350
-0.362125 0.191382 1.394778
-0.365731 0.191691 1.393419
-0.367572 0.221496 1.380036
-0.372387 0.216085 1.389991
-0.379729 0.204460 1.390291
-0.384723 0.227500 1.380382
-0.379243 0.230457 1.371964
-0.377169 0.203762 1.392125
-0.385486 0.235925 1.386071
-0.388999 0.220649 1.380839
-0.393709 0.245267 1.370366
-0.386604 0.240270 1.366248
-0.386914 0.219420 1.383157
-0.394575 0.244639 1.379118
-0.358489 0.371074 1.472294
-0.349938 0.358259 1.452689
-0.368659 0.364633 1.470927
-0.372149 0.356634 1.446934
-0.360784 0.353758 1.450779
-0.341775 0.342467 1.436713
-0.364828 0.344183 1.427299
-0.354060 0.339539 1.435324
-0.375944 0.388609 1.386774
-0.378047 0.373283 1.391841
-0.365690 0.397609 1.386308
-0.345551 0.415347 1.385270
-0.356897 0.407167 1.385198
-0.335468 0.327810 1.425078
-0.325421 0.343403 1.417163
-0.350823 0.323577 1.425060
-0.363934 0.329426 1.415419
-0.322086 0.240764 1.419785
-0.320480 0.259244 1.412636
-0.337483 0.259231 1.418546
-0.339906 0.239464 1.415628
-0.353737 0.261311 1.410954
-0.354708 0.240693 1.406142
-0.366600 0.265639 1.399796
-0.368628 0.245480 1.396774
-0.378927 0.271082 1.389402
-0.382329 0.252768 1.387943
-0.388820 0.276112 1.377538
-0.393100 0.258757 1.378347
-0.392154 0.276187 1.364735
-0.395487 0.258890 1.367195
-0.310760 0.240007 1.405972
-0.311409 0.258700 1.399122
-0.316294 0.237709 1.391750
-0.316006 0.255836 1.383993
-0.331302 0.237515 1.385421
-0.329961 0.255881 1.377446
-0.384948 0.270882 1.355642
-0.386244 0.253337 1.360116
-0.347663 0.240132 1.378414
-0.346269 0.258923 1.371732
-0.362036 0.243881 1.369810
-0.360626 0.262688 1.363799
-0.374690 0.248525 1.363223
-0.373291 0.266778 1.357381
-0.333773 0.281443 1.418883
-0.352363 0.283301 1.417194
-0.364761 0.288325 1.404992
-0.375590 0.293665 1.391393
-0.383003 0.297590 1.375867
-0.387521 0.297152 1.362571
-0.376093 0.321911 1.392022
-0.377394 0.321863 1.370108
-0.379871 0.318567 1.357607
-0.372698 0.345315 1.363577
-0.372280 0.340357 1.351515
-0.361245 0.382434 1.351241
-0.361648 0.377864 1.337238
-0.367135 0.361544 1.344668
-0.366868 0.366532 1.357100
-0.374653 0.348267 1.381661
-0.370196 0.369855 1.374876
-0.365188 0.385613 1.370447
-0.345913 0.398605 1.332382
-0.355487 0.389216 1.333395
-0.355520 0.393528 1.347913
-0.348449 0.404437 1.346421
-0.332685 0.411517 1.347222
-0.330459 0.403257 1.333269
-0.318899 0.402952 1.351872
-0.315671 0.396564 1.338368
-0.351645 0.406155 1.366608
-0.358446 0.395901 1.367623
-0.339268 0.413663 1.367031
-0.326708 0.406563 1.371437
-0.323128 0.390792 1.376892
-0.315357 0.385742 1.358398
-0.309327 0.381300 1.345641
-0.320216 0.280813 1.404920
-0.315958 0.280509 1.391780
-0.365196 0.310341 1.410198
-0.351162 0.304974 1.422388
-0.331012 0.308890 1.418009
-0.317978 0.304891 1.400285
-0.318020 0.303621 1.384191
-0.317477 0.324448 1.374835
-0.315320 0.326946 1.388887
-0.319876 0.279141 1.379196
-0.323962 0.303040 1.374649
-0.322503 0.323714 1.365602
-0.313296 0.342724 1.365062
-0.313332 0.345909 1.378290
-0.310985 0.357220 1.357849
-0.314912 0.361558 1.370828
-0.315216 0.373119 1.364806
-0.309039 0.368757 1.352053
-0.319988 0.368568 1.386817
-0.321747 0.379289 1.382233
-0.317799 0.352350 1.394171
-0.320149 0.332470 1.405573
-0.381465 0.292625 1.352914
-0.376162 0.314736 1.349417
-0.368605 0.336225 1.344856
-0.362260 0.356131 1.336419
-0.355593 0.371785 1.329250
-0.349187 0.381637 1.326106
-0.328767 0.393233 1.327428
-0.341028 0.389876 1.325156
-0.317929 0.388970 1.331372
-0.312945 0.376355 1.336039
-0.311800 0.364913 1.340647
-0.317045 0.341056 1.354618
-0.313350 0.353538 1.346603
-0.317790 0.362040 1.409746
-0.321297 0.376919 1.403641
-0.325473 0.387282 1.398432
-0.333714 0.410117 1.389311
-0.328798 0.396947 1.394428
-0.331195 0.279156 1.371220
-0.346303 0.281871 1.365260
-0.359961 0.285366 1.358280
-0.371442 0.288808 1.353166
-0.367751 0.311369 1.348717
-0.357451 0.308912 1.352426
-0.344839 0.305786 1.358849
-0.332452 0.303544 1.366446
-0.361285 0.332495 1.343231
-0.352228 0.329860 1.345523
-0.339826 0.327391 1.349781
-0.329698 0.324252 1.357022
-0.323665 0.341807 1.346534
-0.332735 0.345202 1.340779
-0.344952 0.348284 1.337623
-0.353686 0.351664 1.335471
-0.347310 0.366582 1.329859
-0.338964 0.362393 1.332262
-0.328400 0.359175 1.335492
-0.320212 0.355378 1.339836
-0.342111 0.375168 1.327127
-0.328905 0.385226 1.326773
-0.336406 0.381713 1.326077
-0.321562 0.382671 1.328894
-0.318958 0.373982 1.332218
-0.318882 0.364813 1.335624
-0.326314 0.367210 1.332578
-0.325219 0.373815 1.330601
-0.335543 0.370303 1.329930
-0.332268 0.376347 1.328492
-0.325103 0.379045 1.329068
-0.328956 0.380259 1.328008
-0.372912 0.346734 1.402321
-0.446402 0.409102 1.740462
-0.432591 0.414361 1.744139
-0.464244 0.411075 1.740893
-0.457532 0.798054 1.659840
-0.394058 0.981063 1.661363
-0.396718 1.020161 1.660636
-0.394978 0.999908 1.661089
-0.463333 0.780283 1.671659
-0.432655 1.047060 1.618255
-0.423758 1.190109 1.664266
-0.345576 1.479065 1.551173
-0.344600 1.475471 1.551741
-0.343814 1.471546 1.551982
-0.342242 1.468257 1.551760
-0.340410 1.465591 1.551001
-0.339139 1.464487 1.549672
-0.342125 1.472235 1.551612
-0.337950 1.473232 1.549457
-0.339018 1.475269 1.550920
-0.343245 1.474916 1.551385
