ply
format ascii 1.0
element vertex 6890
property float x
property float y
property float z
end_header
-0.967535 1.654679 1.597524
-0.960164 1.656521 1.613805
-0.955648 1.643913 1.608407
-0.961931 1.638801 1.595092
-0.950368 1.645888 1.619502
-0.954617 1.654650 1.625358
-0.952658 1.630745 1.607252
-0.958623 1.623507 1.596962
-0.936994 1.604751 1.628460
-0.936652 1.594384 1.627924
-0.942622 1.600918 1.619731
-0.942022 1.609937 1.622803
-0.927123 1.591218 1.648858
-0.923802 1.595047 1.660542
-0.923553 1.582279 1.665018
-0.928570 1.577640 1.653657
-0.938697 1.629741 1.673629
-0.932809 1.623834 1.674934
-0.933402 1.625262 1.667282
-0.939684 1.630559 1.666752
-0.946190 1.642228 1.672726
-0.949621 1.641521 1.667315
-0.952003 1.648920 1.668394
-0.947447 1.650057 1.673901
-0.938723 1.629605 1.680992
-0.933302 1.623143 1.682195
-0.942993 1.635469 1.672266
-0.941578 1.635785 1.677313
-0.935107 1.642866 1.685213
-0.938466 1.643081 1.681356
-0.937261 1.650183 1.683215
-0.934500 1.647935 1.687373
-0.938392 1.634012 1.682649
-0.938589 1.637350 1.680943
-0.936329 1.638340 1.684801
-0.937690 1.635277 1.686612
-0.943268 1.642871 1.677319
-0.942903 1.650339 1.678622
-0.943303 1.657086 1.681630
-0.936898 1.656407 1.687158
-0.923786 1.609341 1.677636
-0.927554 1.617110 1.675971
-0.928024 1.617159 1.682967
-0.924434 1.610648 1.683801
-0.937693 1.630425 1.688021
-0.928483 1.620129 1.697870
-0.930395 1.622585 1.694993
-0.932814 1.627666 1.698379
-0.930757 1.625348 1.700832
-0.919582 1.594305 1.683835
-0.920603 1.599046 1.688773
-0.919489 1.594324 1.693363
-0.918686 1.587747 1.689967
-0.918714 1.591003 1.699233
-0.918811 1.582417 1.696249
-0.919403 1.577072 1.713311
-0.918922 1.578716 1.705263
-0.918053 1.589562 1.705551
-0.918067 1.590646 1.713040
-0.922240 1.603455 1.717436
-0.924190 1.606606 1.722175
-0.919539 1.596073 1.728271
-0.918143 1.593437 1.721543
-0.929654 1.612858 1.700770
-0.928715 1.609812 1.697590
-0.927204 1.613108 1.697271
-0.928309 1.617241 1.699846
-0.926768 1.608291 1.695448
-0.925303 1.607222 1.695086
-0.925850 1.608320 1.694241
-0.926869 1.608223 1.695273
-0.928061 1.608797 1.696259
-0.926784 1.610546 1.698019
-0.927396 1.608555 1.695686
-0.926765 1.613425 1.701315
-0.930252 1.621636 1.712795
-0.928493 1.619819 1.709645
-0.932326 1.619984 1.707269
-0.933801 1.622032 1.709669
-0.926013 1.611280 1.694482
-0.925931 1.611429 1.692201
-0.927984 1.616760 1.693179
-0.926856 1.614917 1.695509
-0.925389 1.611466 1.688717
-0.925087 1.608185 1.692230
-0.923914 1.607200 1.689304
-0.924656 1.607053 1.696780
-0.923241 1.604413 1.696172
-0.924349 1.605523 1.694012
-0.922797 1.603967 1.699669
-0.924425 1.607909 1.699466
-0.924607 1.610013 1.703238
-0.925218 1.612951 1.707591
-0.923939 1.607872 1.709458
-0.923272 1.605318 1.704506
-0.928731 1.617915 1.688052
-0.922409 1.602658 1.692195
-0.922410 1.605211 1.685152
-0.921266 1.600088 1.695308
-0.920583 1.598445 1.699798
-0.920412 1.598651 1.705025
-0.920994 1.600838 1.711081
-0.921195 1.583917 1.730501
-0.919422 1.580747 1.722794
-0.953162 1.649668 1.630867
-0.948912 1.644211 1.626938
-0.947399 1.636372 1.631149
-0.946535 1.636857 1.628275
-0.949615 1.641926 1.631378
-0.949300 1.640299 1.633170
-0.943036 1.616792 1.625259
-0.944008 1.622209 1.627315
-0.942790 1.619742 1.629779
-0.939980 1.612821 1.628696
-0.940186 1.624718 1.641440
-0.939960 1.621413 1.637293
-0.944337 1.627357 1.634508
-0.943810 1.630149 1.637656
-0.945224 1.632798 1.640427
-0.947638 1.635425 1.643221
-0.945155 1.631656 1.647712
-0.942162 1.628279 1.644989
-0.952900 1.644802 1.633895
-0.957293 1.646464 1.638469
-0.956323 1.644574 1.639938
-0.952761 1.643239 1.636010
-0.961485 1.642706 1.650540
-0.961605 1.643296 1.648035
-0.963148 1.645721 1.649775
-0.962524 1.643448 1.652960
-0.959889 1.641150 1.653734
-0.959951 1.640778 1.650117
-0.986229 1.664397 1.586342
-0.974515 1.668812 1.603419
-0.978466 1.647416 1.581285
-0.971441 1.630692 1.582039
-0.964717 1.615041 1.587514
-0.920838 1.589098 1.675802
-0.920095 1.578802 1.681585
-0.923945 1.570371 1.669780
-0.924491 1.561556 1.678219
-0.920366 1.571148 1.691125
-0.928590 1.560681 1.712245
-0.922839 1.564249 1.701609
-0.929442 1.551758 1.688868
-0.936042 1.545543 1.672504
-0.931459 1.554975 1.665703
-0.943998 1.543378 1.656565
-0.945214 1.534234 1.678527
-0.949708 1.537771 1.657340
-0.962261 1.504330 1.705324
-0.963537 1.489400 1.708077
-0.956596 1.488101 1.694269
-0.956499 1.501740 1.691947
-0.929727 1.564887 1.659061
-0.950725 1.599615 1.609386
-0.947386 1.609352 1.613851
-0.944666 1.590344 1.617472
-0.987003 1.607442 1.561155
-0.979775 1.621145 1.570095
-0.971058 1.607279 1.577832
-0.979168 1.596565 1.568024
-1.019248 1.637506 1.553192
-1.001750 1.653205 1.567653
-0.991054 1.638220 1.566379
-1.003436 1.625005 1.554052
-0.985590 1.584777 1.563030
-0.994578 1.569260 1.559798
-1.008204 1.572358 1.549557
-0.997611 1.591533 1.552751
-1.029653 1.577525 1.539848
-1.017729 1.601971 1.543506
-0.952229 1.524738 1.665538
-0.956445 1.532277 1.650572
-0.954152 1.517693 1.688783
-0.953750 1.512651 1.675312
-1.053735 1.582593 1.537035
-1.038713 1.613679 1.541461
-1.015282 1.524608 1.577018
-1.016967 1.536860 1.563355
-0.999560 1.543315 1.570666
-0.999326 1.531315 1.581436
-1.033643 1.517982 1.575494
-1.038360 1.531643 1.559390
-0.993538 1.512356 1.621313
-0.986787 1.511855 1.634689
-0.997148 1.506209 1.634448
-1.006812 1.504500 1.622536
-0.947492 1.635928 1.616546
-0.946206 1.637444 1.623880
-0.945191 1.630214 1.622559
-0.946319 1.626472 1.616368
-0.950569 1.619634 1.609328
-0.955516 1.611088 1.602471
-0.966446 1.595664 1.586851
-0.974027 1.586727 1.576432
-0.986429 1.565309 1.569273
-0.979761 1.577902 1.571529
-0.989485 1.544558 1.580570
-0.989309 1.536929 1.587157
-0.966444 1.526669 1.638406
-0.960235 1.516940 1.654266
-0.970885 1.511261 1.649008
-0.976767 1.518433 1.635424
-0.991879 1.501745 1.643406
-0.981364 1.506243 1.646260
-0.958489 1.493714 1.670249
-0.959390 1.480584 1.672304
-0.967413 1.477504 1.663456
-0.967296 1.489027 1.662473
-0.976042 1.473015 1.656583
-0.985657 1.470009 1.652241
-0.988326 1.481057 1.651468
-0.978487 1.484485 1.655901
-0.977789 1.490188 1.728845
-0.980366 1.477590 1.730663
-0.972322 1.477842 1.721920
-0.971192 1.490258 1.719661
-0.958833 1.469614 1.673745
-0.964743 1.467726 1.662891
-0.981975 1.520947 1.621693
-0.975050 1.527261 1.621843
-0.971965 1.463324 1.655793
-0.978990 1.496292 1.654012
-0.968626 1.500218 1.658374
-1.002691 1.498312 1.642355
-1.009114 1.501189 1.636501
-0.945344 1.635579 1.666457
-0.952447 1.637482 1.651148
-0.954705 1.638863 1.647803
-0.958205 1.639933 1.649293
-0.956332 1.639404 1.652879
-0.972624 1.672743 1.630745
-0.965626 1.664805 1.645005
-0.959479 1.661427 1.633435
-0.965845 1.666512 1.621188
-0.925731 1.609650 1.655799
-0.930738 1.620428 1.658447
-0.927830 1.618364 1.667959
-0.923843 1.609322 1.668853
-0.945288 1.626122 1.629261
-0.945148 1.626562 1.627021
-0.946038 1.629046 1.629283
-0.921688 1.602245 1.680019
-0.921947 1.599253 1.671665
-0.939154 1.582306 1.628437
-0.945095 1.617275 1.618550
-1.036808 1.650928 1.559812
-1.014977 1.669049 1.575226
-1.076565 1.590360 1.541803
-1.058530 1.625095 1.547210
-1.061463 1.528782 1.560092
-1.055588 1.512524 1.578774
-1.076153 1.509912 1.583362
-1.084722 1.525753 1.561591
-1.019925 1.497938 1.628153
-0.996424 1.468317 1.650075
-0.999700 1.480171 1.648212
-0.995662 1.676242 1.593910
-0.981966 1.677517 1.613834
-0.960960 1.602451 1.595030
-0.931811 1.602767 1.636045
-0.935493 1.611463 1.634536
-0.932697 1.613225 1.640327
-0.927871 1.603411 1.644163
-0.931116 1.590991 1.638750
-0.934435 1.577819 1.641557
-0.938604 1.562288 1.644212
-0.940053 1.551047 1.652050
-1.000527 1.555030 1.561832
-1.016066 1.553376 1.553558
-1.037411 1.553749 1.544835
-1.061609 1.552758 1.544418
-0.992063 1.554256 1.569803
-1.085231 1.555608 1.548987
-0.935198 1.630217 1.695078
-0.933005 1.624484 1.689926
-0.937970 1.633707 1.692738
-0.926445 1.615797 1.712050
-0.928393 1.617810 1.715514
-0.927258 1.612504 1.718148
-0.924965 1.610433 1.714090
-0.933735 1.566811 1.729336
-0.931779 1.562898 1.721874
-0.973929 1.504319 1.726973
-0.968506 1.503945 1.718015
-0.937955 1.642753 1.686397
-0.938422 1.644638 1.686582
-0.938908 1.641456 1.685353
-0.939073 1.639573 1.685832
-0.926781 1.610656 1.695935
-0.933028 1.628984 1.704172
-0.934524 1.630586 1.706488
-0.933878 1.626850 1.708373
-0.932096 1.625304 1.706116
-0.939710 1.542082 1.701981
-0.957980 1.519411 1.703385
-0.955306 1.483930 1.684257
-0.954673 1.497846 1.680881
-0.958466 1.506075 1.664587
-0.990719 1.493046 1.649409
-1.000599 1.490051 1.646902
-1.022725 1.490969 1.658003
-1.024175 1.496384 1.659550
-1.013781 1.496087 1.650131
-1.012683 1.489042 1.650477
-0.945879 1.543745 1.718122
-0.947659 1.549025 1.725882
-0.960709 1.527424 1.726161
-0.964274 1.517821 1.716830
-0.939280 1.643761 1.692371
-0.938833 1.644624 1.695190
-0.939895 1.640999 1.695368
-0.939341 1.641364 1.691844
-0.937916 1.637834 1.687757
-0.939292 1.638361 1.688526
-0.939017 1.636562 1.690454
-0.936307 1.642637 1.686900
-0.937333 1.639318 1.686636
-0.936909 1.648021 1.690526
-0.936073 1.646142 1.688360
-0.934380 1.651767 1.692094
-0.941001 1.642637 1.689923
-0.940377 1.640537 1.689418
-0.939852 1.638568 1.686671
-0.940996 1.638594 1.687126
-0.937955 1.647263 1.688867
-0.937634 1.645341 1.687641
-0.949101 1.657013 1.675771
-0.951443 1.661402 1.678662
-0.945355 1.661666 1.685116
-0.939222 1.661551 1.691888
-0.936601 1.655444 1.697083
-0.962077 1.530893 1.732574
-0.979420 1.503831 1.733433
-0.991256 1.683744 1.625354
-0.979995 1.676471 1.640007
-0.927514 1.608272 1.695468
-0.958272 1.652613 1.637251
-0.932925 1.618263 1.646725
-0.942207 1.631662 1.660310
-0.936542 1.626601 1.659560
-0.940916 1.628853 1.653039
-0.945297 1.632922 1.655078
-0.962380 1.654323 1.645988
-0.964331 1.659202 1.655918
-0.963441 1.652127 1.652726
-0.961873 1.648335 1.657296
-0.960060 1.654794 1.662994
-0.956174 1.646450 1.663185
-0.959006 1.643249 1.658432
-0.946337 1.632834 1.629921
-0.945568 1.631787 1.627142
-0.952436 1.640223 1.662372
-0.947735 1.635614 1.661325
-0.950204 1.636117 1.656482
-0.954906 1.639141 1.657818
-0.936451 1.623993 1.650545
-0.944347 1.622573 1.622819
-0.941071 1.619647 1.633129
-0.971311 1.533268 1.618183
-0.965513 1.534112 1.631180
-0.949595 1.539924 1.640271
-0.949635 1.542525 1.646796
-0.953353 1.540781 1.645062
-0.952695 1.539078 1.639347
-0.977342 1.553001 1.590846
-0.980987 1.553123 1.584715
-0.977618 1.559631 1.585188
-0.976156 1.555880 1.590691
-0.973538 1.562724 1.589781
-0.972968 1.566221 1.588150
-0.968321 1.564823 1.594450
-0.972757 1.560970 1.591628
-0.975705 1.571550 1.579820
-0.969686 1.579096 1.587023
-0.967474 1.570864 1.594066
-0.956456 1.587960 1.604776
-0.957095 1.572632 1.609184
-0.962448 1.573312 1.601113
-0.963992 1.584115 1.595173
-0.947661 1.547001 1.643116
-0.946805 1.553377 1.636966
-0.958907 1.537970 1.640419
-1.094390 1.513345 1.596825
-1.111431 1.527800 1.570749
-1.009301 1.516743 1.591562
-1.026535 1.509222 1.591971
-0.995372 1.524467 1.594021
-0.986062 1.531641 1.597697
-1.045879 1.503659 1.594761
-1.065215 1.502956 1.602149
-0.948064 1.578333 1.616942
-0.951849 1.567189 1.618564
-1.000395 1.512920 1.606502
-1.016913 1.505168 1.607205
-0.988964 1.520807 1.608134
-0.981424 1.527935 1.608645
-1.032837 1.498457 1.610200
-1.032769 1.496633 1.637243
-1.047985 1.496200 1.618310
-0.951176 1.545334 1.630874
-0.950712 1.547890 1.634809
-0.949701 1.542990 1.639797
-0.948094 1.542317 1.635989
-0.943463 1.569912 1.628900
-0.948627 1.560234 1.627895
-0.954048 1.656428 1.669727
-0.962378 1.661125 1.666595
-0.956983 1.661306 1.672532
-0.967198 1.663541 1.659593
-1.076558 1.635029 1.559685
-1.052274 1.660765 1.571904
-1.106335 1.562780 1.559762
-1.095895 1.599239 1.554039
-0.926585 1.608675 1.725575
-0.921950 1.598804 1.733177
-0.937207 1.633971 1.698454
-0.938484 1.635164 1.700969
-0.936574 1.632349 1.703858
-0.935129 1.631160 1.701480
-0.961702 1.647298 1.644452
-1.021427 1.500525 1.643692
-1.011206 1.480412 1.651359
-1.008701 1.468768 1.652519
-0.981846 1.459829 1.651587
-0.993895 1.456880 1.650065
-0.939556 1.638141 1.698457
-0.938644 1.636791 1.696000
-0.938646 1.647064 1.688113
-0.930030 1.622061 1.702957
-0.939187 1.638628 1.693658
-0.939029 1.639787 1.690682
-0.940770 1.641707 1.697602
-0.940580 1.638398 1.699870
-0.948692 1.634952 1.649528
-0.951167 1.637392 1.645544
-0.936768 1.647970 1.694690
-0.938630 1.646901 1.692249
-0.938236 1.648726 1.698230
-0.963671 1.477225 1.711329
-0.956748 1.474940 1.698097
-0.935773 1.631305 1.707888
-0.935226 1.627556 1.709938
-1.029898 1.678807 1.588084
-1.045032 1.500298 1.647709
-1.061754 1.501452 1.631417
-0.958054 1.563371 1.611920
-0.958156 1.556472 1.612746
-0.960934 1.558517 1.606481
-0.961889 1.565681 1.604792
-0.983359 1.489907 1.735104
-0.955040 1.472197 1.685859
-1.007137 1.456212 1.651081
-0.944944 1.625071 1.630207
-0.944931 1.625508 1.632035
-0.959942 1.644332 1.644146
-1.079245 1.506401 1.613442
-0.927067 1.616694 1.705409
-0.930913 1.616645 1.704121
-1.021255 1.482078 1.657350
-0.949637 1.552338 1.731254
-0.939287 1.645274 1.697228
-1.033120 1.502584 1.651774
-0.968398 1.557177 1.598983
-0.964184 1.558719 1.599159
-0.966386 1.555948 1.603622
-0.966474 1.556033 1.603238
-0.963186 1.562096 1.597685
-0.962857 1.558876 1.598958
-0.963515 1.559661 1.595399
-0.965062 1.562654 1.593507
-0.965057 1.565488 1.599088
-0.961965 1.560654 1.601842
-0.964687 1.558385 1.592120
-0.965581 1.560662 1.590512
-0.971681 1.561972 1.591187
-0.974074 1.558638 1.591732
-0.966112 1.556861 1.587076
-0.972902 1.558365 1.587907
-0.967162 1.550948 1.584826
-0.973528 1.552264 1.585502
-0.968266 1.544113 1.584409
-0.973704 1.545267 1.586564
-0.951946 1.553024 1.628450
-0.954725 1.548948 1.626039
-0.967251 1.538645 1.587780
-0.972914 1.539312 1.591340
-0.964870 1.533169 1.592900
-0.970373 1.533960 1.596867
-0.961489 1.529919 1.599597
-0.966398 1.530351 1.603370
-0.958386 1.528097 1.606700
-0.962152 1.528251 1.610603
-0.955276 1.528333 1.614294
-0.957572 1.527714 1.619701
-0.967851 1.550996 1.587327
-0.970770 1.544726 1.589252
-0.977126 1.549585 1.593846
-0.966740 1.555569 1.589178
-0.966970 1.546942 1.605407
-0.968047 1.549445 1.606282
-0.967363 1.548337 1.605696
-0.968157 1.545746 1.606659
-0.954836 1.552886 1.619079
-0.957469 1.551267 1.619480
-0.958725 1.553004 1.614440
-0.957478 1.550007 1.623250
-0.958583 1.550367 1.622951
-0.959885 1.551659 1.620339
-0.962985 1.553684 1.616466
-0.960602 1.546368 1.624396
-0.956883 1.546008 1.622866
-0.962515 1.548090 1.623961
-0.962912 1.548775 1.624374
-0.965612 1.550310 1.622062
-0.964681 1.551848 1.619240
-0.954207 1.558892 1.620109
-0.967806 1.537022 1.615394
-0.962820 1.536438 1.625706
-0.952120 1.530657 1.621646
-0.952334 1.528878 1.628162
-0.947822 1.537501 1.635879
-0.949134 1.532637 1.633924
-0.975420 1.546353 1.598016
-0.973482 1.542675 1.603044
-0.956884 1.537587 1.633386
-0.971209 1.539613 1.608508
-0.957236 1.531975 1.612562
-0.955210 1.534340 1.617403
-0.960014 1.531496 1.607004
-0.953456 1.543731 1.624090
-0.950824 1.539871 1.629386
-0.950676 1.534481 1.626844
-0.953832 1.538396 1.621248
-0.957295 1.536249 1.610906
-0.956732 1.538018 1.615523
-0.962240 1.537487 1.610281
-0.963271 1.542458 1.617123
-0.961899 1.544752 1.621176
-0.956744 1.541857 1.619832
-0.963534 1.544726 1.615992
-0.965942 1.544127 1.611657
-0.962979 1.547688 1.621697
-0.961234 1.538278 1.606476
-0.961372 1.540089 1.602958
-0.963524 1.543478 1.602932
-0.965516 1.541738 1.606580
-0.963352 1.532802 1.601693
-0.961836 1.536274 1.602541
-0.958631 1.535270 1.606222
-0.965346 1.538510 1.598456
-0.967039 1.535647 1.596428
-0.964045 1.541090 1.599133
-0.963601 1.544405 1.600031
-0.968814 1.545708 1.592219
-0.967814 1.541832 1.595018
-0.969793 1.539720 1.591786
-0.965946 1.543670 1.596877
-0.966743 1.546710 1.594863
-0.965461 1.547623 1.597377
-0.965127 1.545025 1.597601
-0.965874 1.558083 1.593854
-0.965272 1.558838 1.596385
-0.968305 1.554723 1.591561
-0.968517 1.556681 1.592597
-0.967415 1.554149 1.594456
-0.968312 1.557150 1.594379
-0.967368 1.554018 1.597746
-0.966640 1.553957 1.601612
-0.982864 1.455598 1.736567
-0.982082 1.465410 1.732909
-0.991864 1.463574 1.738712
-0.993759 1.453321 1.740878
-0.966141 1.550835 1.597858
-0.966909 1.550515 1.594206
-0.968889 1.550224 1.590830
-0.965013 1.548580 1.602340
-0.964615 1.546776 1.602014
-0.964912 1.547396 1.600153
-0.965592 1.550142 1.600669
-0.960958 1.554247 1.610017
-0.965058 1.551139 1.610300
-0.965124 1.548041 1.611386
-0.954552 1.443424 1.731851
-0.941137 1.445965 1.718233
-0.946556 1.449869 1.711418
-0.957687 1.449376 1.723664
-0.950442 1.435258 1.758065
-0.948236 1.422638 1.773842
-0.934048 1.428260 1.767497
-0.930702 1.438734 1.742676
-0.933827 1.417304 1.787319
-0.946066 1.411318 1.791578
-0.930968 1.384431 1.836082
-0.931788 1.395361 1.820854
-0.945092 1.393039 1.824238
-0.944786 1.382738 1.839082
-0.911484 1.319949 1.889935
-0.921257 1.322732 1.893455
-0.927055 1.305604 1.897006
-0.915774 1.300169 1.893043
-0.891623 1.407826 1.800894
-0.884772 1.399518 1.802497
-0.885668 1.418056 1.795214
-0.893023 1.424456 1.790408
-0.909407 1.446532 1.694943
-0.918304 1.448422 1.689306
-0.925041 1.445638 1.709140
-0.918694 1.445585 1.717020
-0.874760 1.324356 1.845743
-0.880758 1.336081 1.849728
-0.882799 1.325371 1.860452
-0.878189 1.313271 1.857476
-0.900622 1.237056 1.870833
-0.913786 1.239802 1.881363
-0.913415 1.224149 1.889646
-0.900436 1.219866 1.878034
-0.865417 1.240451 1.817200
-0.868207 1.223355 1.822251
-0.864848 1.215888 1.802705
-0.861360 1.233355 1.798316
-0.909211 1.384968 1.829243
-0.910628 1.397548 1.814459
-0.919851 1.396672 1.817486
-0.919111 1.385057 1.832767
-0.790660 1.486485 1.876548
-0.802927 1.478989 1.857559
-0.806391 1.468902 1.868269
-0.794145 1.476163 1.887035
-0.878109 1.143563 1.874672
-0.878110 1.132234 1.886384
-0.876660 1.122505 1.868767
-0.877020 1.134939 1.856959
-0.857020 1.473893 1.764875
-0.844844 1.478335 1.745289
-0.851902 1.476685 1.736765
-0.864213 1.473479 1.757243
-0.882853 1.371799 1.815675
-0.883249 1.384649 1.808657
-0.890882 1.393743 1.809777
-0.890071 1.379685 1.819124
-0.852644 1.264705 1.785840
-0.850165 1.281906 1.777727
-0.852362 1.287188 1.792854
-0.855145 1.270836 1.802740
-0.859270 1.255194 1.811203
-0.856554 1.248233 1.792997
-0.895475 1.382813 1.822319
-0.897714 1.398315 1.810672
-0.903768 1.398535 1.812255
-0.901458 1.384228 1.825684
-0.935434 1.289332 1.895490
-0.921785 1.282168 1.890717
-0.883857 1.141306 1.904082
-0.883693 1.151898 1.892508
-0.893860 1.158898 1.908164
-0.893965 1.148943 1.919961
-0.930082 1.256244 1.881969
-0.916680 1.253757 1.874887
-0.914322 1.265253 1.877959
-0.927434 1.267684 1.883258
-0.908027 1.155364 1.932980
-0.907671 1.164315 1.920837
-0.923560 1.168746 1.930129
-0.923937 1.160311 1.942828
-0.932722 1.406386 1.804776
-0.945244 1.402406 1.808432
-0.895157 1.317100 1.879102
-0.902489 1.318013 1.885057
-0.905397 1.297695 1.887456
-0.896679 1.297246 1.881192
-0.868895 1.366832 1.794762
-0.867192 1.380285 1.792760
-0.875829 1.406230 1.798072
-0.876663 1.385625 1.801322
-0.874247 1.112686 1.880237
-0.874831 1.122881 1.898150
-0.906783 1.148068 1.944758
-0.923304 1.153362 1.955081
-0.837859 1.365963 1.778409
-0.843364 1.370333 1.781996
-0.844427 1.358163 1.775068
-0.839071 1.353692 1.769029
-0.955590 1.324122 1.893800
-0.948405 1.303437 1.897231
-0.937361 1.317521 1.897203
-0.942558 1.333950 1.891784
-0.900400 1.279739 1.878631
-0.910548 1.279890 1.885052
-0.902133 1.265532 1.872013
-0.968707 1.312204 1.892416
-0.961231 1.285897 1.892100
-0.959639 1.397879 1.811702
-0.959699 1.389623 1.826623
-0.960627 1.407631 1.796363
-0.963008 1.417954 1.781458
-0.977785 1.413833 1.786866
-0.975419 1.403323 1.801255
-0.966134 1.429791 1.768288
-0.980608 1.425687 1.774962
-0.969658 1.442163 1.742804
-0.971344 1.448256 1.734574
-0.876218 1.371652 1.805459
-0.875627 1.359682 1.811246
-0.892045 1.141202 1.932104
-0.873830 1.362273 1.667745
-0.862171 1.372706 1.677938
-0.861516 1.358099 1.682016
-0.876303 1.347876 1.669425
-0.910771 1.449112 1.720577
-0.902330 1.449105 1.697262
-0.832373 1.351043 1.748082
-0.835439 1.345889 1.749598
-0.843385 1.335084 1.735044
-0.840423 1.341204 1.734498
-0.829859 1.365443 1.774929
-0.825581 1.369283 1.775377
-0.812528 1.380606 1.791370
-0.816533 1.378051 1.792544
-0.881438 1.113839 1.851357
-0.881769 1.126284 1.839512
-0.876803 1.226932 1.741722
-0.869771 1.246073 1.737409
-0.862248 1.244250 1.755554
-0.868420 1.226090 1.760801
-0.981976 1.332459 1.659280
-0.960386 1.335366 1.656224
-0.961079 1.321700 1.659404
-0.981774 1.318424 1.662407
-0.912752 1.358688 1.651248
-0.936902 1.351900 1.650989
-0.936367 1.363445 1.649443
-0.913857 1.370909 1.649452
-0.892770 1.352748 1.658799
-0.895600 1.339630 1.661095
-0.854263 1.262016 1.768088
-0.851451 1.279837 1.762768
-0.845450 1.304462 1.752415
-0.843612 1.314055 1.751136
-0.843338 1.317232 1.762042
-0.845156 1.308196 1.764725
-0.927634 1.450582 1.684749
-0.917082 1.444179 1.670678
-0.928910 1.446699 1.666241
-0.958008 1.410074 1.646824
-0.948728 1.416240 1.648732
-0.942248 1.409013 1.649285
-0.956119 1.402919 1.647272
-0.955617 1.261885 1.675617
-0.953060 1.242800 1.686664
-0.974526 1.241079 1.685402
-0.977322 1.258622 1.674387
-0.843003 1.323192 1.744323
-0.844097 1.325376 1.739404
-0.839489 1.337593 1.749565
-0.839727 1.334938 1.752646
-0.848096 1.315359 1.733498
-0.845476 1.313336 1.741278
-0.847352 1.303606 1.741451
-0.850789 1.304962 1.731422
-0.863802 1.264747 1.735661
-0.857477 1.280556 1.733974
-0.853391 1.279987 1.748360
-0.857632 1.262799 1.751480
-0.975063 1.178973 1.724398
-0.974096 1.197382 1.709604
-0.955734 1.197540 1.711866
-0.958186 1.176014 1.725592
-0.843654 1.397197 1.797390
-0.835437 1.404862 1.812414
-0.842817 1.414626 1.811979
-0.848572 1.408295 1.800180
-0.796198 1.391946 1.786316
-0.794941 1.395397 1.781864
-0.787081 1.402826 1.788501
-0.787685 1.399050 1.792179
-0.818092 1.404163 1.832373
-0.806527 1.411142 1.851260
-0.815678 1.419710 1.847899
-0.826616 1.411840 1.829183
-0.883436 1.441605 1.680267
-0.892985 1.442621 1.676573
-0.893468 1.451413 1.700490
-0.815722 1.385964 1.814018
-0.810253 1.384000 1.811735
-0.798488 1.390370 1.827827
-0.804685 1.392363 1.831828
-0.781208 1.492643 1.864491
-0.793855 1.485409 1.845361
-0.785487 1.411767 1.869480
-0.798854 1.404589 1.852217
-0.791315 1.400190 1.849547
-0.776373 1.406942 1.867163
-0.875282 1.209231 1.766029
-0.885040 1.209834 1.748275
-0.901350 1.096335 1.821479
-0.904685 1.113487 1.807430
-0.892928 1.119285 1.821662
-0.890029 1.104154 1.835163
-0.880250 1.101058 1.862515
-0.899995 1.081686 1.835717
-0.888507 1.090697 1.847853
-0.950346 1.454359 1.662825
-0.939125 1.450019 1.663862
-0.949702 1.441870 1.653707
-0.961424 1.448350 1.652985
-0.854190 1.024580 1.938890
-0.851121 1.044802 1.955568
-0.852397 1.030957 1.969018
-0.857622 1.008180 1.954531
-0.977654 1.425376 1.645738
-0.985686 1.434839 1.646170
-0.973297 1.440522 1.648794
-0.963077 1.432961 1.648252
-0.854125 1.042866 1.923744
-0.852158 1.060615 1.941702
-0.946044 1.456422 1.677466
-0.936099 1.453010 1.680497
-0.948196 1.456137 1.692500
-0.939899 1.451369 1.696435
-0.952024 1.457138 1.706259
-0.855358 1.062755 1.974315
-0.852858 1.052720 1.988216
-0.966219 1.455808 1.655103
-0.977940 1.450550 1.650059
-0.991295 1.445840 1.648799
-1.006159 1.444427 1.648782
-1.020381 1.445944 1.651898
-1.020748 1.456421 1.654644
-0.870933 1.103085 1.892661
-0.874786 1.089982 1.875131
-0.897799 0.900530 2.000505
-0.890410 0.904240 2.016707
-0.921545 0.892074 2.020393
-0.924655 0.889072 2.001295
-0.994264 0.889402 1.997513
-0.957726 0.886037 2.001365
-0.957232 0.890319 2.022453
-0.994526 0.897565 2.022059
-0.977417 0.950352 1.882248
-0.975524 0.970076 1.868974
-0.948303 0.969553 1.872948
-0.949124 0.949289 1.884746
-0.884031 1.077275 1.859660
-0.895812 1.066739 1.847659
-0.874009 1.115471 1.909737
-0.819786 1.011655 2.074665
-0.809048 0.995455 2.099835
-0.809065 0.967412 2.079394
-0.818550 0.982224 2.055876
-0.846181 0.912814 2.056059
-0.874107 0.896883 2.055465
-0.881258 0.905422 2.038630
-0.851065 0.924998 2.037537
-0.940326 1.157748 1.964017
-0.940745 1.150581 1.976244
-0.923830 1.146052 1.966479
-0.990403 1.166146 1.979541
-0.993398 1.159648 1.991941
-0.975248 1.157730 1.989131
-0.972356 1.164044 1.976450
-0.997590 1.089205 2.052150
-0.993161 1.103325 2.036385
-1.007937 1.105246 2.037781
-1.010825 1.090000 2.049402
-0.866359 1.081618 1.992674
-0.869174 1.088519 1.980021
-0.887039 1.098854 1.995410
-0.884613 1.093292 2.008182
-0.955529 0.899204 2.043460
-0.992413 0.909966 2.044617
-0.832998 1.036028 2.094529
-0.820188 1.019953 2.118903
-0.839801 1.034736 2.136260
-0.852912 1.049824 2.110888
-0.879562 1.050929 2.122667
-0.867812 1.037653 2.148891
-1.005894 1.013230 2.086131
-0.996258 1.004616 2.089617
-0.985331 1.030611 2.084972
-0.997309 1.040094 2.080125
-0.989647 0.893939 1.953244
-0.958822 0.889838 1.957297
-0.959348 0.885640 1.979583
-0.992206 0.889171 1.974120
-0.909950 1.058471 1.839105
-0.913278 1.075208 1.826522
-0.927558 1.070057 1.820788
-0.928620 1.088085 1.804117
-0.913468 1.090824 1.811651
-0.913551 1.215595 1.717668
-0.904266 1.234279 1.709713
-0.889230 1.228792 1.725107
-0.897689 1.211625 1.731956
-0.938685 1.339495 1.653245
-0.940025 1.326262 1.656283
-0.911845 0.891825 2.059728
-0.893185 0.882419 2.080779
-0.925912 0.887070 2.087154
-0.954305 0.903121 2.062131
-0.836395 0.903489 2.079862
-0.821864 0.939374 2.064890
-0.814196 0.925484 2.087610
-0.798762 0.981608 2.123878
-0.800446 0.953688 2.103902
-0.828340 1.019635 2.162374
-0.856336 1.022013 2.174208
-0.944542 0.987015 2.143818
-0.932614 0.971715 2.161593
-0.911872 0.992648 2.169937
-0.923440 1.007721 2.150048
-0.961981 1.085282 2.053655
-0.949684 1.073242 2.064255
-0.926218 1.083803 2.048269
-0.931697 1.093082 2.035362
-0.970392 1.171333 1.964409
-0.984683 1.171733 1.967449
-0.940230 1.164901 1.952018
-0.956135 1.169093 1.959438
-0.957085 1.161823 1.971439
-0.965473 1.222747 1.921574
-0.968304 1.208809 1.931527
-0.951235 1.204752 1.926310
-0.947467 1.218693 1.916535
-0.944120 1.233760 1.906646
-0.962506 1.237803 1.911223
-0.962094 1.266106 1.888281
-0.945349 1.260778 1.886353
-0.943022 1.273769 1.888302
-0.974387 1.393045 1.815261
-0.974043 1.384587 1.829131
-0.862829 1.073693 2.009899
-0.974426 0.918681 2.081445
-0.951016 0.899855 2.101574
-0.959963 0.916355 2.118851
-0.977994 0.932406 2.101672
-0.857188 1.074702 1.961498
-0.881101 1.132976 1.916845
-0.880743 1.125872 1.927283
-0.875008 1.252256 1.839231
-0.876518 1.231450 1.841215
-0.929288 1.326994 1.893778
-0.930234 1.338864 1.888049
-0.829347 0.951851 2.041678
-0.819469 1.003813 2.187688
-0.847265 1.005788 2.198646
-0.839508 0.988599 2.223550
-0.811391 0.988020 2.212444
-0.930695 0.936608 2.170391
-0.913531 0.919915 2.190972
-0.904975 0.939232 2.202601
-0.919213 0.955209 2.181210
-0.897002 0.905210 2.213332
-0.882491 0.890132 2.234706
-0.878487 0.906415 2.249162
-0.890719 0.923565 2.225956
-0.808675 1.003821 2.143257
-0.784626 0.952368 2.173207
-0.791993 0.966289 2.147524
-0.800312 0.988716 2.168586
-0.791921 0.974016 2.193660
-0.860947 0.889042 2.079577
-0.959689 0.967432 2.135438
-0.945975 0.952598 2.150983
-0.913144 0.886736 2.166255
-0.935953 0.901496 2.144180
-0.925298 0.884411 2.128381
-0.902447 0.871163 2.151576
-0.814073 0.886827 2.129123
-0.823970 0.896113 2.105841
-0.804816 0.916887 2.113196
-0.796609 0.906916 2.137762
-0.793236 0.941758 2.128601
-0.786500 0.929137 2.153815
-0.769404 0.927055 2.226170
-0.776785 0.939385 2.199361
-0.784824 0.959671 2.219961
-0.778792 0.945125 2.246448
-0.769572 0.905784 2.204902
-0.778004 0.917088 2.178963
-0.778524 0.887397 2.189219
-0.787566 0.896825 2.163218
-0.794880 0.871786 2.179405
-0.804449 0.879541 2.154301
-0.812525 0.858486 2.175067
-0.823522 0.864826 2.151277
-0.844633 0.856682 2.153924
-0.831421 0.850780 2.176781
-0.850320 0.848590 2.183496
-0.865791 0.854760 2.160903
-0.877242 0.861358 2.206986
-0.893324 0.873801 2.187365
-0.882834 0.860350 2.172649
-0.866325 0.851527 2.193553
-0.827554 0.813752 2.258881
-0.839374 0.824632 2.252165
-0.825436 0.826463 2.242176
-0.814187 0.817368 2.250143
-0.800474 0.821519 2.243361
-0.810703 0.830084 2.236014
-0.795342 0.834169 2.231193
-0.785322 0.826692 2.239361
-0.764966 0.850780 2.241463
-0.755364 0.839919 2.251623
-0.769489 0.833015 2.241883
-0.779213 0.841155 2.232185
-0.750605 0.861782 2.253627
-0.742684 0.848969 2.265812
-0.744130 0.872281 2.272321
-0.738975 0.855569 2.285214
-0.750614 0.882055 2.295675
-0.746702 0.860293 2.308085
-0.844337 0.847929 2.294254
-0.850548 0.837899 2.279749
-0.841651 0.818814 2.285601
-0.837581 0.826417 2.301170
-0.823258 0.870269 2.324597
-0.813965 0.841219 2.327300
-0.798963 0.855729 2.342472
-0.805730 0.886458 2.337546
-0.761959 0.914929 2.252990
-0.761373 0.895777 2.230855
-0.769665 0.879386 2.214156
-0.784941 0.864649 2.203361
-0.863664 0.848460 2.224694
-0.851758 0.841820 2.212281
-0.866420 0.887623 2.269152
-0.870718 0.873047 2.253509
-0.787644 0.917601 2.314216
-0.768087 0.912307 2.298078
-0.774088 0.929103 2.272650
-0.794817 0.935795 2.288061
-0.753066 0.884927 2.253499
-0.760254 0.871136 2.236056
-0.774686 0.857942 2.224288
-0.806158 0.840052 2.216919
-0.789609 0.846981 2.216958
-0.822263 0.836493 2.221764
-0.851135 0.835575 2.239859
-0.838103 0.833692 2.228508
-0.854306 0.867869 2.283950
-0.859799 0.855467 2.268288
-0.774706 0.866106 2.343284
-0.753176 0.866779 2.328700
-0.760628 0.892355 2.318520
-0.780327 0.895234 2.335232
-0.769473 0.835029 2.343092
-0.791039 0.827414 2.341704
-0.775608 0.813064 2.242815
-0.789890 0.808226 2.245152
-0.760537 0.818695 2.246176
-0.733596 0.833189 2.294090
-0.734649 0.830551 2.270488
-0.740029 0.834275 2.316335
-0.749815 0.840667 2.333098
-0.817835 0.777719 2.282572
-0.815321 0.780059 2.298725
-0.827761 0.804774 2.300682
-0.830025 0.800500 2.285725
-0.806212 0.778645 2.256662
-0.814777 0.800358 2.262065
-0.802566 0.804054 2.253127
-0.796201 0.782216 2.244971
-0.765319 0.792934 2.238324
-0.781821 0.787026 2.238711
-0.749438 0.799133 2.242111
-0.726251 0.806813 2.272428
-0.734655 0.804235 2.252848
-0.745910 0.825293 2.255008
-0.726512 0.807050 2.300491
-0.729781 0.772412 2.323439
-0.715933 0.778401 2.301913
-0.740037 0.802598 2.323869
-0.730855 0.672002 2.323308
-0.724308 0.638446 2.320598
-0.705562 0.645935 2.317399
-0.709868 0.679369 2.320270
-0.810160 0.749692 2.278587
-0.805963 0.752554 2.295524
-0.789779 0.755752 2.236767
-0.801239 0.751192 2.248882
-0.704368 0.751674 2.270498
-0.712706 0.750536 2.246098
-0.723315 0.779192 2.249261
-0.715346 0.780413 2.272651
-0.788202 0.658049 2.293283
-0.796524 0.689653 2.294040
-0.800669 0.687264 2.274466
-0.792671 0.655581 2.274420
-0.783018 0.725616 2.230942
-0.775571 0.694614 2.228584
-0.789336 0.689711 2.242288
-0.795768 0.720801 2.244078
-0.692207 0.686494 2.271266
-0.697564 0.684866 2.248422
-0.703826 0.718846 2.245382
-0.696978 0.720163 2.269495
-0.722202 0.742458 2.322933
-0.714936 0.711497 2.321649
-0.700231 0.718296 2.298911
-0.706408 0.749252 2.299955
-0.745617 0.734007 2.327260
-0.737718 0.703839 2.325639
-0.762606 0.592528 2.278335
-0.759817 0.592425 2.293039
-0.773930 0.625663 2.293151
-0.777897 0.624320 2.276156
-0.765833 0.662698 2.230743
-0.753864 0.630622 2.237487
-0.766733 0.626927 2.247847
-0.780383 0.658185 2.242453
-0.684779 0.613488 2.277750
-0.690186 0.611472 2.258253
-0.693117 0.648478 2.253255
-0.688404 0.650639 2.273928
-0.700417 0.609312 2.314762
-0.687265 0.613170 2.299470
-0.690830 0.650622 2.299480
-0.717259 0.603108 2.317682
-0.709971 0.569519 2.317495
-0.695637 0.574300 2.314616
-0.750591 0.560656 2.280526
-0.745903 0.561647 2.293440
-0.744623 0.562541 2.259904
-0.754201 0.594885 2.254553
-0.743322 0.598258 2.245060
-0.735167 0.565546 2.250457
-0.712272 0.604576 2.239761
-0.706835 0.570853 2.246079
-0.721673 0.568088 2.244497
-0.728659 0.600787 2.238268
-0.689299 0.576216 2.261758
-0.697269 0.573294 2.250947
-0.700358 0.607192 2.243872
-0.682318 0.578704 2.280268
-0.683820 0.577596 2.300025
-0.999461 0.942444 2.072792
-0.987994 0.936593 2.073242
-0.987518 0.947373 2.093796
-0.993796 0.958014 2.091401
-0.888841 0.960157 2.215575
-0.900389 0.976802 2.191897
-0.868143 0.924071 2.262508
-0.878121 0.942699 2.240030
-0.856517 0.903503 2.283252
-0.834742 0.856694 2.309243
-0.844201 0.881142 2.299914
-0.827738 0.831877 2.313422
-0.818107 0.808479 2.315005
-0.805405 0.782515 2.314342
-0.788770 0.725632 2.310621
-0.795479 0.754799 2.311282
-0.801267 0.721366 2.294557
-0.774131 0.662003 2.310126
-0.782965 0.693982 2.310703
-0.749763 0.593392 2.305689
-0.762416 0.627994 2.308227
-0.735948 0.562727 2.304358
-0.918494 1.049593 2.107438
-0.929557 1.058507 2.087970
-0.949375 1.040930 2.099319
-0.941227 1.032078 2.114344
-1.013547 0.984899 2.084568
-1.006171 0.978985 2.085999
-1.001649 0.990002 2.088962
-1.009948 0.996195 2.086348
-0.756094 0.900267 2.276925
-0.800929 0.853004 2.197825
-0.835898 0.842238 2.204290
-0.818674 0.845457 2.198180
-0.832554 0.897486 2.314614
-0.811998 0.912469 2.320467
-0.819351 0.932773 2.296520
-0.840936 0.920239 2.294507
-0.753941 0.759803 2.328501
-0.776668 0.756863 2.323837
-0.768658 0.728703 2.320812
-0.760328 0.785925 2.332775
-0.737707 0.774867 2.235325
-0.755031 0.768760 2.230201
-0.765181 0.733097 2.223917
-0.773046 0.762522 2.230778
-0.745251 0.740312 2.223211
-0.857763 0.959747 2.250134
-0.849992 0.941098 2.272626
-0.826435 0.951936 2.272761
-0.832771 0.970697 2.248514
-0.904925 1.131798 1.794149
-0.893628 1.135028 1.808788
-0.881337 1.288015 1.861925
-0.890116 1.281770 1.870804
-0.891486 1.267507 1.863165
-0.879529 1.272328 1.852363
-0.871824 1.281729 1.843034
-0.874704 1.297403 1.852493
-0.866179 1.293550 1.832603
-0.870008 1.308792 1.841199
-0.861235 1.354957 1.788466
-0.859604 1.364845 1.786390
-0.980388 1.266290 1.890321
-0.980593 1.253670 1.901295
-0.961377 1.252030 1.899832
-0.958461 1.154686 1.984252
-0.957865 1.101692 2.028173
-0.977451 1.102277 2.033216
-0.982945 1.087001 2.049932
-1.015706 1.036828 2.081227
-1.026469 1.021147 2.083517
-1.026887 1.000575 2.084630
-1.027185 0.987549 2.082667
-0.940968 1.173959 1.730639
-0.937862 1.196640 1.717650
-0.982427 1.345329 1.656845
-0.959836 1.347976 1.653905
-0.960869 1.369836 1.650350
-0.983312 1.367148 1.652446
-0.984663 1.377239 1.650546
-0.963319 1.379607 1.648612
-1.002297 1.434668 1.646860
-0.997146 1.421762 1.646656
-1.011425 0.967623 2.079358
-1.008570 0.959523 2.077946
-1.000784 0.974562 2.088693
-0.952811 1.002120 2.129643
-0.959528 1.012444 2.117466
-0.973772 0.992430 2.114458
-0.968188 0.981893 2.124350
-0.829306 0.997238 2.029881
-0.832303 1.026531 2.047653
-0.917612 0.896609 2.039535
-0.746488 1.425792 1.900530
-0.761510 1.415542 1.883452
-0.751461 1.415410 1.877555
-0.736882 1.426297 1.894254
-0.932385 1.265688 1.677702
-0.925141 1.245023 1.693023
-0.932295 1.448085 1.701758
-0.878978 1.457671 1.708633
-0.885924 1.454008 1.704122
-0.895715 1.456544 1.726189
-0.890072 1.460918 1.730178
-0.853200 1.393748 1.682197
-0.860975 1.386429 1.674530
-0.862860 1.403722 1.672835
-0.856354 1.410973 1.680290
-0.952041 0.929938 1.898804
-0.980574 0.931784 1.896655
-0.962643 1.108599 1.775114
-0.961697 1.130068 1.757753
-0.945517 1.128293 1.761868
-0.945997 1.107358 1.779414
-0.904522 1.261002 1.691827
-0.892279 1.252261 1.706339
-0.971702 1.335693 1.884131
-0.957555 1.342945 1.883377
-0.958873 1.357713 1.869610
-0.972467 1.352822 1.871199
-0.757316 1.415102 1.833849
-0.760660 1.407557 1.851764
-0.777711 1.398390 1.836638
-0.773752 1.401725 1.823575
-0.860304 0.929354 2.016367
-0.839989 0.967327 2.017277
-0.875689 1.172935 1.798629
-0.880378 1.155481 1.811347
-0.890139 1.150492 1.793183
-0.885211 1.168780 1.779787
-0.863104 1.228417 1.779526
-0.868537 1.210863 1.784202
-0.857920 1.244603 1.774197
-0.833280 1.363607 1.775679
-0.835781 1.352722 1.764027
-0.833532 1.354405 1.760829
-0.932653 1.021332 2.130501
-0.967310 1.056234 2.077165
-0.978817 1.065231 2.070808
-1.017100 0.973625 2.079138
-1.027094 0.976221 2.077953
-0.954736 1.464983 1.701739
-0.952706 1.462833 1.689106
-0.810984 1.397616 1.833357
-0.821707 1.390813 1.814334
-0.842516 1.326507 1.762230
-0.842240 1.337341 1.765311
-0.846228 1.343524 1.773200
-0.846105 1.333547 1.772657
-0.841781 1.323219 1.752382
-0.840425 1.334844 1.758044
-0.899406 1.412735 1.799359
-0.899661 1.426719 1.786868
-0.906636 1.426523 1.785030
-0.905713 1.413304 1.799126
-0.912516 1.410968 1.799503
-0.914335 1.424101 1.783669
-0.923201 1.421183 1.784518
-0.921418 1.408850 1.801648
-0.935552 1.444757 1.728130
-0.950733 1.442903 1.743062
-0.966882 1.439236 1.754600
-0.981018 1.436636 1.763242
-0.992618 1.408895 1.647078
-0.969649 1.412596 1.645823
-0.968844 1.399096 1.647061
-0.989177 1.397074 1.649143
-1.008694 1.395226 1.650862
-1.010406 1.407366 1.648563
-0.960479 1.459230 1.717458
-0.971726 1.457009 1.728665
-0.983695 1.447260 1.743114
-0.770675 1.492601 1.855527
-0.782293 1.485847 1.836156
-0.958519 1.459852 1.663697
-0.954681 1.461239 1.675778
-0.757937 1.487827 1.849362
-0.769722 1.481285 1.829854
-0.908306 1.446054 1.746239
-0.901709 1.450056 1.748824
-0.902378 1.452332 1.723499
-0.962295 1.467939 1.713077
-0.972133 1.466449 1.724423
-0.839983 1.021009 2.015200
-0.843822 1.045083 2.030589
-0.877842 1.156317 1.862654
-0.882897 1.163850 1.880589
-1.003189 1.225159 1.921782
-1.004445 1.211217 1.932442
-0.985905 1.210731 1.933071
-0.984088 1.224559 1.922912
-1.000317 1.265295 1.890260
-1.001016 1.252340 1.899953
-0.987727 1.475889 1.736963
-0.970776 1.181534 1.952454
-0.970253 1.194818 1.941308
-0.987638 1.196059 1.942369
-0.989377 1.180841 1.954219
-0.996642 1.170501 1.969074
-0.998512 1.167491 1.976228
-1.003167 1.076292 2.062506
-1.013519 1.076579 2.059002
-0.835038 1.463220 1.808263
-0.829316 1.474491 1.795067
-0.840301 1.474060 1.783235
-0.844303 1.460673 1.797307
-0.939438 1.174147 1.939160
-0.955215 1.179492 1.947113
-0.869045 1.355438 1.799240
-0.861979 1.343312 1.791322
-0.981177 1.282881 1.890315
-0.942945 1.348137 1.881512
-0.943977 1.360882 1.868298
-0.930303 1.351404 1.878208
-0.930816 1.362942 1.865329
-1.027286 0.965810 2.071444
-1.019141 0.966401 2.074655
-0.788308 1.427964 1.764331
-0.786826 1.421139 1.771539
-0.793826 1.413269 1.761685
-0.794976 1.420725 1.754001
-0.970836 0.950839 2.123593
-0.980145 0.964052 2.113760
-0.991160 0.922875 2.059688
-1.009293 0.932583 2.060431
-1.026038 0.932405 2.053070
-1.025035 0.927129 2.046944
-0.886291 1.011977 2.177634
-0.897767 1.027727 2.153588
-0.875978 0.994663 2.201761
-0.866164 0.977535 2.226750
-0.804056 0.813245 2.327363
-0.786550 0.786847 2.328404
-0.760643 0.698105 2.318773
-0.752686 0.666377 2.317286
-0.743821 0.632827 2.315401
-0.723273 0.565506 2.312667
-0.733878 0.597970 2.313070
-0.745604 1.479437 1.847679
-0.734560 1.469051 1.851468
-0.746574 1.459701 1.831157
-0.757840 1.471951 1.826637
-0.794323 1.418286 1.868549
-0.781801 1.425745 1.885055
-0.791431 1.434411 1.883909
-0.803224 1.427294 1.866156
-0.768506 1.433336 1.902747
-0.771947 1.419149 1.884957
-0.757597 1.427955 1.902511
-0.729601 1.431433 1.884118
-0.743986 1.418813 1.867449
-0.739499 1.427345 1.854760
-0.726051 1.439093 1.874017
-0.728407 1.458170 1.857398
-0.725725 1.447828 1.865287
-0.738462 1.436758 1.846751
-0.740278 1.447419 1.838795
-0.792656 1.463869 1.895168
-0.804790 1.457171 1.876141
-0.799718 1.445708 1.881292
-0.787689 1.452268 1.900347
-0.818320 1.480024 1.782144
-0.829202 1.480654 1.767440
-0.860455 1.392775 1.788472
-0.858397 1.397971 1.790506
-0.859816 1.417314 1.794885
-0.867374 1.410387 1.794621
-0.806318 1.479456 1.826358
-0.794875 1.481259 1.817834
-0.807405 1.479569 1.798679
-0.818107 1.475918 1.809239
-0.815942 1.448941 1.856834
-0.827628 1.441295 1.839474
-0.823175 1.430042 1.844308
-0.811138 1.438373 1.862532
-0.783904 1.398150 1.843722
-0.767767 1.406226 1.860618
-0.846064 1.445325 1.806643
-0.837269 1.449265 1.818830
-0.869212 1.344936 1.805777
-0.847298 1.324655 1.774244
-0.848563 1.314876 1.777489
-0.890194 1.299859 1.874841
-0.889571 1.316795 1.873024
-0.857665 1.294976 1.807913
-0.861145 1.280362 1.818958
-0.885419 1.316632 1.867686
-0.883910 1.304637 1.867266
-0.927766 1.243532 1.889823
-0.982571 1.441597 1.752243
-0.828565 1.453734 1.832834
-0.825655 1.466446 1.822982
-0.787433 1.392646 1.814664
-0.792388 1.390437 1.822691
-0.805275 1.384346 1.807649
-0.800568 1.385759 1.804417
-0.874230 1.292548 1.698223
-0.869140 1.287043 1.708939
-0.879005 1.269987 1.707319
-0.887275 1.276874 1.694746
-0.790635 1.442573 1.756980
-0.797418 1.438347 1.743744
-0.800094 1.450905 1.743009
-0.792482 1.453576 1.758330
-0.806368 1.464239 1.744560
-0.815607 1.476580 1.753329
-0.806045 1.477042 1.770126
-0.797465 1.465831 1.761955
-0.851010 1.017827 1.986139
-0.858811 0.991148 1.971828
-0.906863 1.140258 1.955732
-0.891814 1.133529 1.943017
-0.932158 1.105442 2.022630
-0.988572 1.002241 2.098569
-0.975723 1.025884 2.095553
-0.956742 0.933243 2.135681
-0.848751 1.037847 2.003539
-0.915647 0.903258 2.178709
-0.935426 0.918874 2.157733
-0.882844 0.862672 2.138198
-0.902858 0.872959 2.113962
-0.875026 0.871709 2.106078
-0.859270 0.862942 2.129945
-0.847593 0.879897 2.103223
-0.835083 0.871453 2.126653
-0.799732 0.954312 2.261895
-0.756875 0.701269 2.221021
-0.727949 0.674597 2.224633
-0.747294 0.668534 2.224180
-0.736554 0.708565 2.220940
-0.727280 0.746544 2.229790
-0.717906 0.714784 2.228877
-0.695401 0.685698 2.299823
-0.737060 0.635374 2.231914
-0.719595 0.640072 2.232415
-0.710046 0.680930 2.233285
-0.704107 0.644914 2.239604
-0.985174 0.974241 2.106665
-1.023903 0.916733 2.038821
-0.857895 1.064978 2.049902
-0.845588 1.050652 2.070486
-0.939268 1.065714 2.074027
-0.916661 1.077573 2.062272
-0.906525 1.175283 1.909018
-0.922434 1.179535 1.918115
-0.902048 1.203169 1.887280
-0.904360 1.188093 1.897934
-0.891062 1.183742 1.884877
-0.888786 1.199002 1.874042
-0.872059 1.186700 1.839441
-0.875697 1.170680 1.850582
-0.875371 1.162771 1.830986
-0.871229 1.179439 1.818743
-0.883280 1.140422 1.825974
-0.877523 1.148454 1.843976
-0.928187 1.148994 1.753994
-0.924988 1.171555 1.739269
-0.910522 1.169559 1.749896
-0.914226 1.148388 1.764853
-0.991391 1.073126 2.065082
-0.994544 0.986077 2.094871
-0.907321 1.040378 2.130398
-0.891889 1.062563 2.098674
-0.866627 1.062985 2.085986
-0.828141 1.397599 1.813894
-0.850392 1.324648 1.724152
-0.849266 1.331335 1.721247
-0.794855 1.475987 1.789311
-0.786362 1.465743 1.782282
-0.837971 1.435040 1.825230
-0.849406 1.473895 1.773820
-0.863149 1.459353 1.782357
-0.854239 1.459762 1.788571
-0.907387 1.094744 2.020592
-0.902174 1.087203 2.030696
-0.879964 1.084478 2.019901
-1.013435 0.941848 2.064272
-1.025788 0.941660 2.057932
-0.959143 1.048908 2.086268
-0.883212 0.874290 2.221129
-0.898308 0.888866 2.201048
-0.870354 0.859277 2.238696
-0.858608 0.844478 2.253938
-0.848981 0.828844 2.265594
-0.837718 0.813676 2.271861
-0.823553 0.798544 2.274339
-0.813466 0.777450 2.269902
-0.805830 0.718772 2.275674
-0.807929 0.749455 2.263328
-0.803426 0.718818 2.259628
-0.797827 0.687211 2.257917
-0.774599 0.624637 2.260200
-0.789116 0.655585 2.256753
-0.759859 0.592749 2.263764
-0.749198 0.560720 2.267755
-1.017410 0.958685 2.071702
-1.016151 0.950011 2.067584
-0.915793 1.441740 1.744546
-0.852795 1.343850 1.781388
-0.852268 1.352945 1.780675
-0.846232 1.429178 1.811900
-1.021928 0.909958 2.020292
-1.020922 0.902924 1.996831
-0.752874 1.437388 1.822024
-0.758009 1.450238 1.812829
-0.834108 1.421600 1.827065
-0.856499 1.377946 1.784733
-0.856115 1.383830 1.786940
-0.740779 1.589480 1.965969
-0.746598 1.602156 1.978482
-0.735605 1.603625 1.978788
-0.728841 1.589994 1.966732
-0.751316 1.585313 1.969757
-0.755895 1.597624 1.982387
-0.751564 1.553454 2.015766
-0.752281 1.569565 2.026555
-0.758989 1.572843 2.017036
-0.758345 1.557472 2.005865
-0.765554 1.603833 2.001405
-0.762038 1.591418 1.988943
-0.764386 1.583939 1.997545
-0.766604 1.597373 2.009728
-0.728142 1.553279 2.024210
-0.727817 1.536271 2.015057
-0.715698 1.539057 2.011815
-0.716994 1.556235 2.020515
-0.751283 1.497403 1.967267
-0.752897 1.489388 1.957387
-0.747128 1.482870 1.967473
-0.745069 1.492089 1.977172
-0.730219 1.563116 1.941056
-0.735422 1.576248 1.953441
-0.722729 1.575589 1.954686
-0.717341 1.560557 1.943292
-0.757323 1.544509 1.960585
-0.754007 1.530843 1.947833
-0.755797 1.522296 1.958764
-0.758448 1.535440 1.971189
-0.712573 1.544353 1.933051
-0.724646 1.548486 1.929004
-0.762325 1.571012 1.985144
-0.760011 1.557964 1.972791
-0.760362 1.549577 1.983105
-0.761754 1.563832 1.995255
-0.732472 1.586433 2.041080
-0.729795 1.570035 2.032958
-0.719643 1.573193 2.028644
-0.723476 1.589813 2.036630
-0.764162 1.592380 2.018527
-0.762804 1.577793 2.007033
-0.760271 1.588318 2.027775
-0.722519 1.612629 2.001653
-0.715018 1.597254 1.990855
-0.724512 1.601336 1.983328
-0.731778 1.615716 1.994952
-0.751073 1.523123 1.992284
-0.751407 1.538352 2.004284
-0.757620 1.542853 1.994171
-0.756370 1.528402 1.982041
-0.743091 1.559803 1.943790
-0.747158 1.572580 1.956934
-0.708080 1.581436 1.980715
-0.702227 1.564251 1.970265
-0.711834 1.570497 1.960710
-0.717521 1.586471 1.971757
-0.693589 1.539110 1.973055
-0.698002 1.557003 1.981778
-0.699869 1.549605 1.993569
-0.697073 1.531473 1.985160
-0.742992 1.504773 1.989030
-0.750652 1.508940 1.979328
-0.728144 1.519025 2.005148
-0.730049 1.502811 1.994816
-0.715991 1.503868 1.993259
-0.715201 1.521230 2.002583
-0.743427 1.520081 1.916008
-0.744995 1.528736 1.925349
-0.733041 1.533882 1.919547
-0.731189 1.523825 1.911132
-0.719672 1.534172 1.918831
-0.716439 1.520929 1.910881
-0.708714 1.496565 1.900946
-0.706348 1.503634 1.909111
-0.699589 1.493572 1.915090
-0.701871 1.487411 1.907135
-0.686279 1.501681 1.958282
-0.689135 1.520452 1.965334
-0.695043 1.512387 1.977383
-0.693665 1.492700 1.969821
-0.707066 1.472112 1.971562
-0.704489 1.488079 1.978562
-0.718042 1.487242 1.984269
-0.721032 1.473586 1.976562
-0.733154 1.444474 1.933102
-0.726099 1.450218 1.945052
-0.738159 1.452664 1.946635
-0.743998 1.447783 1.935337
-0.759139 1.466710 1.940803
-0.764056 1.476129 1.934377
-0.770433 1.473822 1.925477
-0.764921 1.462733 1.931465
-0.749317 1.503386 1.889570
-0.746503 1.504899 1.897820
-0.732775 1.504122 1.890237
-0.736758 1.500239 1.882399
-0.685257 1.485579 1.951708
-0.693888 1.473470 1.962420
-0.754776 1.470333 1.949210
-0.750660 1.475773 1.958608
-0.755980 1.483204 1.949433
-0.760085 1.478916 1.941152
-0.757921 1.495825 1.923458
-0.755560 1.499647 1.930668
-0.751213 1.507429 1.920730
-0.753623 1.503020 1.914396
-0.744670 1.508938 1.904353
-0.742941 1.513963 1.911571
-0.730383 1.515982 1.905660
-0.731373 1.509413 1.898041
-0.686741 1.475881 1.945524
-0.690588 1.468819 1.940281
-0.691518 1.476175 1.930428
-0.688183 1.483613 1.935131
-0.725827 1.463726 1.968327
-0.712691 1.462505 1.964299
-0.752836 1.503873 1.937955
-0.757792 1.491606 1.939845
-0.754659 1.496728 1.948202
-0.716515 1.512140 1.904513
-0.723209 1.443632 1.929304
-0.732503 1.436233 1.916814
-0.723652 1.437441 1.910623
-0.714681 1.445195 1.923278
-0.742959 1.437665 1.919727
-0.753887 1.441651 1.921407
-0.780366 1.469860 1.912255
-0.774719 1.458665 1.918298
-0.781272 1.482203 1.904405
-0.770427 1.485787 1.917719
-0.766167 1.496394 1.907367
-0.777519 1.493037 1.894072
-0.758913 1.498716 1.873337
-0.745903 1.494325 1.867225
-0.725745 1.493928 1.881308
-0.734078 1.487125 1.867034
-0.749658 1.458132 1.945291
-0.744911 1.462439 1.955375
-0.702936 1.574405 1.991217
-0.709419 1.591272 2.000582
-0.708830 1.584389 2.011072
-0.703665 1.567261 2.002248
-0.712612 1.578151 2.020777
-0.717462 1.594756 2.029007
-0.755551 1.566232 1.963617
-0.758788 1.578912 1.976349
-0.761110 1.609865 1.994506
-0.749362 1.511935 1.928740
-0.750816 1.519176 1.936624
-0.697794 1.478549 1.914688
-0.701697 1.473215 1.906240
-0.705492 1.482409 1.898788
-0.687245 1.495477 1.938581
-0.696827 1.501785 1.925171
-0.699900 1.519953 1.932026
-0.688666 1.511019 1.944229
-0.696044 1.463147 1.933960
-0.701943 1.457252 1.925140
-0.700417 1.464713 1.915342
-0.695572 1.470254 1.923956
-0.759781 1.501745 1.898657
-0.756266 1.501667 1.907898
-0.717718 1.468245 1.875877
-0.723632 1.478433 1.871098
-0.716814 1.485659 1.884481
-0.710595 1.476804 1.888780
-0.712206 1.491107 1.893358
-0.714660 1.458869 1.882579
-0.707190 1.467659 1.895810
-0.769824 1.498287 1.882954
-0.708769 1.450430 1.914092
-0.717549 1.442307 1.901119
-0.714583 1.450119 1.891187
-0.706362 1.458162 1.904428
-0.708807 1.560974 2.012392
-0.706345 1.543516 2.003776
-0.735755 1.476716 1.975502
-0.732813 1.487817 1.984758
-0.739845 1.468549 1.965993
-0.740801 1.552348 2.022764
-0.741562 1.568768 2.032484
-0.741574 1.519654 2.001194
-0.740761 1.535581 2.012301
-0.697398 1.546990 1.960869
-0.709194 1.456784 1.950714
-0.702181 1.462486 1.958062
-0.719289 1.456060 1.956094
-0.765764 1.448789 1.920657
-0.755541 1.453922 1.935133
-0.690054 1.469206 1.953076
-0.778844 1.441890 1.902855
-0.706200 1.513264 1.915560
-0.721349 1.498594 1.890026
-0.718589 1.504415 1.897407
-0.742404 1.617017 1.990387
-0.752611 1.553029 1.950961
-0.753064 1.510281 1.947147
-0.753741 1.503294 1.957482
-0.715898 1.451147 1.940816
-0.707443 1.452782 1.934610
-0.700940 1.458399 1.943761
-0.764539 1.486510 1.926208
-0.760787 1.496714 1.916130
-0.743173 1.584875 2.041363
-0.760847 1.487952 1.932614
-0.708747 1.528575 1.923678
-0.983115 1.356485 1.654503
-1.003319 1.343648 1.658165
-1.004185 1.354905 1.655923
-0.866721 1.266387 1.829015
-0.903864 1.252988 1.866581
-0.890732 1.252118 1.856183
-0.853980 1.334476 1.783534
-0.854664 1.322752 1.788382
-0.850222 1.374513 1.785262
-0.851121 1.365608 1.780725
-0.863094 1.306104 1.820931
-0.982444 1.547034 1.587315
-0.981880 1.542080 1.592596
-0.986014 1.553310 1.577454
-0.997660 1.174111 1.960788
-1.010261 1.167385 1.975898
-1.011271 1.165491 1.982080
-0.966138 1.550950 1.604314
-0.967703 1.543437 1.607406
-0.965179 1.546447 1.603627
-0.966013 1.554916 1.603237
-0.966288 1.552885 1.604723
-0.981603 1.562274 1.577127
-0.979686 1.538328 1.599749
-0.975561 1.535138 1.607909
-0.975088 1.560784 1.588482
-0.958941 1.048247 1.827089
-0.956046 1.029011 1.838661
-0.978535 1.029818 1.835422
-0.979412 1.049600 1.824043
-1.004705 1.012528 1.842043
-1.003572 1.032898 1.830672
-0.977272 1.009391 1.847276
-0.875690 1.002680 1.897782
-0.878133 1.019999 1.881916
-0.865888 1.037368 1.894028
-0.862678 1.022289 1.908854
-0.864949 1.067843 1.897676
-0.858638 1.055946 1.910177
-0.872661 1.051297 1.881467
-0.863058 1.084012 1.915844
-0.857065 1.073042 1.928697
-0.866873 1.097571 1.934355
-0.861717 1.086478 1.947608
-0.872030 1.097388 1.965121
-0.888119 1.106418 1.980805
-0.908799 1.102511 2.005231
-0.908867 1.112491 1.995017
-0.930456 1.115059 2.006182
-0.952271 1.116438 2.013446
-0.971837 1.118661 2.020475
-0.988744 1.120488 2.024617
-1.004572 1.121622 2.026042
-1.018819 1.122816 2.025304
-1.020777 1.106321 2.037373
-0.922207 1.432661 1.765317
-0.921736 1.430636 1.658125
-0.903038 1.442242 1.674968
-0.906020 1.429418 1.662905
-0.873523 1.376389 1.664616
-0.891200 1.366031 1.656454
-0.891738 1.381311 1.655318
-0.874523 1.394445 1.664311
-0.930527 1.417884 1.652847
-0.938965 1.421596 1.651730
-0.915764 1.414417 1.653697
-0.931233 1.402614 1.648412
-0.946191 1.393552 1.646233
-0.868324 1.445515 1.692216
-0.860705 1.451113 1.697872
-0.853499 1.433145 1.689087
-0.859827 1.427713 1.681883
-0.851448 1.379117 1.686975
-0.844196 1.386255 1.693582
-0.843622 1.373720 1.699561
-0.851460 1.365803 1.692024
-0.839819 1.467990 1.720122
-0.832002 1.471897 1.728700
-0.823481 1.457790 1.719115
-0.832199 1.452588 1.710021
-0.847488 1.401900 1.688200
-0.912237 1.275333 1.679668
-0.895562 1.287580 1.682906
-0.880165 1.300466 1.688368
-0.847307 1.338193 1.718112
-0.858020 1.320561 1.710867
-0.857024 1.328205 1.706233
-0.837827 1.347272 1.730322
-0.830420 1.355434 1.740621
-0.871088 1.459121 1.777219
-0.870378 1.436405 1.792261
-0.862219 1.438430 1.793242
-0.817909 1.375497 1.769212
-0.820342 1.373359 1.772013
-0.826068 1.363626 1.761804
-0.823890 1.364967 1.758586
-0.875961 1.442231 1.686136
-0.817301 1.441643 1.716588
-0.813849 1.427050 1.720564
-0.824418 1.421272 1.710393
-0.828068 1.435820 1.706992
-0.813534 1.415084 1.724224
-0.812729 1.405284 1.731133
-0.821649 1.397113 1.722091
-0.822693 1.407791 1.714444
-0.814932 1.377912 1.764539
-0.822791 1.367212 1.753146
-0.837733 1.479861 1.755467
-0.866635 1.469129 1.720098
-0.871618 1.463090 1.714893
-0.885806 1.465853 1.735599
-0.879465 1.469768 1.742536
-0.838436 1.388159 1.796023
-0.832657 1.382215 1.795406
-0.826931 1.377885 1.795491
-0.831214 1.358788 1.761476
-0.821478 1.376960 1.795122
-0.852648 1.423433 1.800900
-0.853807 1.441253 1.797774
-0.892085 1.456045 1.757138
-0.886482 1.457670 1.763693
-0.823889 1.474859 1.739920
-0.814199 1.461740 1.730865
-0.796920 1.390201 1.791923
-0.807626 1.383540 1.783942
-0.806145 1.385100 1.779313
-0.837918 1.341598 1.750088
-0.828944 1.361872 1.763667
-0.853873 1.458424 1.703875
-0.804734 1.432153 1.732211
-0.807457 1.446589 1.729629
-0.829327 1.400881 1.707612
-0.837945 1.394175 1.700277
-0.839079 1.407460 1.695518
-0.831714 1.413992 1.702348
-0.802275 1.403383 1.750836
-0.802200 1.412319 1.742162
-0.837471 1.382334 1.706419
-0.829784 1.389583 1.713820
-0.804373 1.388186 1.774465
-0.896769 1.453698 1.752070
-0.905308 1.439491 1.768417
-0.899387 1.441532 1.770769
-0.893698 1.441449 1.775549
-0.887636 1.440107 1.781823
-0.879412 1.437604 1.788842
-0.912260 1.435639 1.765887
-0.694189 1.463430 1.949758
-0.797530 1.387630 1.798822
-0.786984 1.397195 1.798629
-0.786297 1.395363 1.805741
-0.752752 1.427228 1.828907
-0.930228 1.618930 1.717496
-0.929490 1.613784 1.720655
-0.939506 1.635137 1.702414
-0.937626 1.632694 1.705504
-0.694435 1.484006 1.921710
-0.692430 1.489512 1.927318
-0.692616 1.529248 1.952253
-0.703145 1.537242 1.941042
-0.706779 1.554106 1.950244
-0.738236 1.547068 1.930727
-0.748929 1.540263 1.937500
-0.754719 1.515017 1.969358
-0.703922 1.506863 1.986794
-0.765330 1.639549 2.013229
-0.771578 1.652032 2.024935
-0.762850 1.656243 2.023168
-0.756111 1.643222 2.012185
-0.778273 1.664661 2.035380
-0.776368 1.647016 2.030162
-0.781874 1.658957 2.041346
-0.777177 1.642508 2.036678
-0.781965 1.654382 2.048142
-0.778976 1.650984 2.055058
-0.775251 1.638512 2.044128
-0.771655 1.634998 2.051620
-0.774859 1.647696 2.062059
-0.763886 1.618260 2.048230
-0.756879 1.616318 2.055002
-0.759065 1.631828 2.063502
-0.766216 1.632810 2.058343
-0.746780 1.649693 2.071787
-0.742440 1.634500 2.064510
-0.736663 1.638556 2.059690
-0.741742 1.653669 2.067315
-0.727240 1.633311 2.036831
-0.732506 1.649110 2.045259
-0.733415 1.643957 2.052995
-0.727918 1.627537 2.045017
-0.736503 1.664126 2.053308
-0.736600 1.653334 2.038486
-0.741603 1.667565 2.046214
-0.766328 1.622122 2.006351
-0.759090 1.627205 2.001685
-0.752914 1.614769 1.990336
-0.772359 1.624779 2.032897
-0.773415 1.629259 2.025245
-0.769640 1.616393 2.013375
-0.769468 1.611260 2.021323
-0.753261 1.585658 2.036400
-0.754868 1.601103 2.045826
-0.761910 1.603618 2.037935
-0.768993 1.621217 2.040493
-0.766541 1.607143 2.029471
-0.747926 1.616285 2.058283
-0.750478 1.632215 2.065956
-0.746214 1.643489 2.016275
-0.753063 1.657353 2.026230
-0.744214 1.655955 2.032069
-0.737513 1.641865 2.022149
-0.745478 1.600708 2.049804
-0.739005 1.629727 2.005743
-0.730099 1.627489 2.012081
-0.730533 1.638348 2.029297
-0.723833 1.623188 2.020090
-0.759188 1.670831 2.035264
-0.769582 1.669430 2.032860
-0.749188 1.630062 2.001398
-0.738681 1.618520 2.057235
-0.735578 1.602562 2.049239
-0.727602 1.606277 2.044520
-0.731711 1.622374 2.052265
-0.714789 1.600819 2.019583
-0.721267 1.617205 2.028405
-0.722860 1.611101 2.036929
-0.737811 1.658956 2.061090
-0.716743 1.607552 2.010638
-0.798616 1.710786 2.097260
-0.806775 1.713687 2.098449
-0.804874 1.705233 2.096754
-0.797118 1.702666 2.092785
-0.806838 1.684794 2.099944
-0.816728 1.690261 2.106122
-0.822197 1.684731 2.100824
-0.812907 1.677238 2.094932
-0.813197 1.716276 2.098801
-0.811976 1.707432 2.100657
-0.816460 1.715351 2.096631
-0.814783 1.724935 2.097528
-0.815591 1.727127 2.091626
-0.815213 1.735697 2.092119
-0.809343 1.739194 2.086470
-0.810537 1.727054 2.081939
-0.784247 1.728307 2.079940
-0.787854 1.739712 2.088102
-0.777328 1.738548 2.091096
-0.774510 1.726286 2.083246
-0.762477 1.728817 2.099300
-0.761070 1.718304 2.090710
-0.767873 1.722560 2.087101
-0.770734 1.734123 2.095749
-0.785361 1.706325 2.100105
-0.790637 1.707937 2.097748
-0.788655 1.700261 2.092556
-0.782880 1.698302 2.095547
-0.825034 1.712912 2.097289
-0.823442 1.712081 2.100985
-0.817209 1.717155 2.090541
-0.818294 1.713904 2.085030
-0.770321 1.675496 2.098348
-0.775617 1.675123 2.093912
-0.774690 1.667627 2.086890
-0.768212 1.666700 2.091275
-0.797777 1.668101 2.082909
-0.801982 1.669595 2.069827
-0.794541 1.667220 2.065555
-0.790857 1.666561 2.078402
-0.804859 1.671919 2.089229
-0.817026 1.677566 2.085284
-0.809719 1.672961 2.077173
-0.825448 1.685956 2.093101
-0.757778 1.667334 2.092931
-0.758403 1.672823 2.100303
-0.828469 1.752397 2.128897
-0.826764 1.752327 2.125699
-0.822174 1.750694 2.128900
-0.824044 1.750561 2.131899
-0.746214 1.680424 2.088683
-0.746152 1.675213 2.084980
-0.744289 1.680627 2.078185
-0.745570 1.685864 2.081389
-0.745976 1.687104 2.093748
-0.746964 1.692782 2.085560
-0.829521 1.765271 2.128721
-0.826258 1.766100 2.123194
-0.828858 1.761718 2.122796
-0.831669 1.761339 2.127726
-0.801747 1.718385 2.101905
-0.809855 1.721373 2.101360
-0.811147 1.734983 2.109565
-0.815043 1.735011 2.105145
-0.813156 1.728694 2.103419
-0.805679 1.727310 2.106870
-0.787080 1.721360 2.111200
-0.794197 1.724771 2.110373
-0.791190 1.716582 2.104469
-0.784235 1.713328 2.106056
-0.775210 1.708999 2.112350
-0.771282 1.707633 2.116579
-0.772080 1.714490 2.120044
-0.777012 1.716957 2.116441
-0.784540 1.733661 2.121012
-0.780179 1.731808 2.123170
-0.781643 1.738712 2.126653
-0.785876 1.740263 2.124487
-0.745229 1.670778 2.080684
-0.742611 1.675962 2.073905
-0.750061 1.717515 2.108539
-0.748807 1.725200 2.115295
-0.747003 1.717221 2.121625
-0.747542 1.710234 2.113785
-0.748599 1.691344 2.074513
-0.746125 1.686346 2.070910
-0.825020 1.767895 2.131115
-0.822131 1.769237 2.125274
-0.826519 1.691309 2.085001
-0.816250 1.684350 2.073293
-0.806347 1.679787 2.064768
-0.798794 1.676854 2.060171
-0.793607 1.673924 2.055993
-0.802625 1.730889 2.111025
-0.793955 1.714312 2.101133
-0.781569 1.704594 2.102155
-0.760841 1.697035 2.119169
-0.766906 1.699277 2.116556
-0.767570 1.693871 2.112927
-0.759338 1.691065 2.115727
-0.749734 1.704740 2.120200
-0.749813 1.711177 2.126010
-0.756068 1.708798 2.127134
-0.755710 1.703019 2.123371
-0.828592 1.712582 2.093781
-0.822047 1.709721 2.081746
-0.750175 1.675554 2.095846
-0.750764 1.670439 2.090650
-0.750448 1.666192 2.084307
-0.778663 1.686601 2.094699
-0.782207 1.688044 2.091948
-0.784371 1.675257 2.089581
-0.779356 1.674958 2.090940
-0.796106 1.692880 2.093346
-0.804239 1.695789 2.099008
-0.798212 1.680286 2.094447
-0.781013 1.667418 2.082854
-0.779629 1.663641 2.075482
-0.772570 1.663116 2.079757
-0.765017 1.662364 2.084117
-0.756772 1.663551 2.085808
-0.777896 1.657523 2.069595
-0.771391 1.656972 2.074257
-0.763642 1.657001 2.078045
-0.756064 1.657983 2.079922
-0.740129 1.674545 2.060343
-0.743575 1.681303 2.065811
-0.740263 1.669166 2.068736
-0.787925 1.663460 2.056604
-0.783121 1.660428 2.063543
-0.786648 1.665277 2.070508
-0.787499 1.668924 2.049346
-0.823695 1.694088 2.108008
-0.819772 1.700434 2.107947
-0.824949 1.702473 2.109945
-0.829703 1.697851 2.109553
-0.815897 1.731882 2.097868
-0.816984 1.737767 2.100604
-0.815820 1.742519 2.095929
-0.758218 1.679451 2.106738
-0.768174 1.682013 2.104975
-0.807106 1.736616 2.112852
-0.822802 1.763885 2.116895
-0.817351 1.757039 2.106270
-0.820626 1.751896 2.107502
-0.825722 1.759093 2.117177
-0.804610 1.744458 2.116657
-0.807258 1.748694 2.120207
-0.811368 1.744071 2.119435
-0.809123 1.740617 2.115178
-0.775234 1.728022 2.126110
-0.776503 1.733993 2.129243
-0.792664 1.749327 2.098644
-0.798465 1.741012 2.083669
-0.801045 1.750992 2.091153
-0.781443 1.718982 2.113501
-0.778735 1.724655 2.120102
-0.783099 1.726490 2.117773
-0.801180 1.733609 2.113158
-0.796259 1.730968 2.113760
-0.798463 1.737250 2.115358
-0.803448 1.738399 2.114384
-0.749649 1.695740 2.114869
-0.746992 1.702374 2.106267
-0.829231 1.756517 2.123548
-0.831131 1.756201 2.127547
-0.744674 1.664107 2.075171
-0.750009 1.660491 2.079079
-0.779473 1.710847 2.108652
-0.796162 1.729244 2.077423
-0.777907 1.702572 2.104803
-0.762281 1.736629 2.119481
-0.765655 1.740826 2.125853
-0.766680 1.735856 2.129699
-0.763011 1.731165 2.126328
-0.811901 1.755252 2.126998
-0.814601 1.757341 2.131739
-0.817720 1.752643 2.130878
-0.815444 1.750713 2.126995
-0.812558 1.738598 2.112487
-0.815613 1.742426 2.117253
-0.819130 1.743311 2.113801
-0.815960 1.738938 2.108713
-0.817698 1.741924 2.104713
-0.820731 1.747040 2.110173
-0.810248 1.761448 2.125997
-0.805303 1.755117 2.117583
-0.806657 1.759265 2.112019
-0.813300 1.766167 2.122585
-0.758704 1.709035 2.082133
-0.754981 1.713668 2.095801
-0.752986 1.704875 2.087037
-0.763402 1.738701 2.107190
-0.757731 1.731004 2.113440
-0.756204 1.723067 2.104583
-0.750248 1.708992 2.100086
-0.797227 1.749125 2.112509
-0.793594 1.752246 2.108941
-0.800519 1.753563 2.106014
-0.772889 1.700080 2.108960
-0.826110 1.753890 2.118887
-0.782365 1.690930 2.051728
-0.786767 1.695921 2.055884
-0.772370 1.700325 2.058448
-0.770419 1.693815 2.053527
-0.819991 1.748892 2.125190
-0.824099 1.749638 2.122016
-0.770394 1.726189 2.129192
-0.767071 1.727258 2.131998
-0.768543 1.732954 2.133158
-0.772382 1.732242 2.131708
-0.748638 1.700801 2.091744
-0.749551 1.728131 2.122926
-0.749369 1.719752 2.130175
-0.750716 1.697443 2.079576
-0.755012 1.695352 2.068301
-0.756508 1.701339 2.074213
-0.774989 1.744575 2.106277
-0.764735 1.712831 2.078687
-0.762290 1.704243 2.070548
-0.761437 1.697750 2.063253
-0.760166 1.692678 2.057964
-0.753047 1.690438 2.063482
-0.818393 1.766765 2.118507
-0.816568 1.767527 2.128844
-0.746179 1.677819 2.052422
-0.750410 1.684942 2.057982
-0.754307 1.679698 2.047329
-0.758186 1.687121 2.052677
-0.778452 1.708359 2.064075
-0.769427 1.707145 2.067178
-0.780675 1.718030 2.072391
-0.771340 1.715820 2.075248
-0.780685 1.749859 2.098727
-0.822139 1.761231 2.143525
-0.820828 1.756678 2.143667
-0.817344 1.756393 2.136198
-0.817679 1.761423 2.136393
-0.813882 1.762287 2.131353
-0.819968 1.765035 2.134775
-0.794095 1.718073 2.070435
-0.799743 1.743186 2.117202
-0.795398 1.704475 2.062975
-0.811413 1.707978 2.070468
-0.808785 1.717874 2.073903
-0.810253 1.693126 2.063621
-0.799329 1.688000 2.056930
-0.788043 1.680692 2.050418
-0.792163 1.684273 2.054079
-0.783627 1.674614 2.044137
-0.821767 1.698229 2.074772
-0.825791 1.750489 2.137512
-0.830512 1.751518 2.134779
-0.779409 1.686252 2.047554
-0.774991 1.679637 2.041016
-0.812591 1.698702 2.105027
-0.776615 1.694761 2.100729
-0.773012 1.692452 2.104429
-0.767885 1.688575 2.109236
-0.758313 1.685688 2.112044
-0.763848 1.681059 2.042366
-0.768813 1.646708 2.067621
-0.761166 1.646837 2.071284
-0.749910 1.669422 2.040689
-0.833625 1.755576 2.133992
-0.781301 1.744830 2.125105
-0.783163 1.745376 2.124696
-0.828382 1.690823 2.103715
-0.834176 1.696399 2.105654
-0.837465 1.704473 2.097008
-0.833230 1.698244 2.091187
-0.832232 1.692885 2.096944
-0.836958 1.699295 2.101299
-0.776100 1.685732 2.097642
-0.772796 1.684785 2.101028
-0.746130 1.694664 2.099444
-0.748738 1.688478 2.108120
-0.816928 1.746836 2.100971
-0.812818 1.751502 2.099108
-0.810244 1.747166 2.092745
-0.811475 1.759735 2.107094
-0.801806 1.750330 2.114043
-0.799915 1.747587 2.115443
-0.788383 1.690325 2.090823
-0.790800 1.677154 2.090889
-0.822148 1.707918 2.106032
-0.817659 1.707324 2.103448
-0.789448 1.728283 2.115252
-0.781462 1.752038 2.114328
-0.785723 1.754528 2.108102
-0.791076 1.735357 2.117783
-0.834891 1.759797 2.134913
-0.833704 1.764069 2.136753
-0.805835 1.754716 2.099223
-0.773511 1.721544 2.123224
-0.781411 1.749432 2.120597
-0.776016 1.746708 2.116847
-0.751823 1.714248 2.129999
-0.768182 1.688524 2.048497
-0.819632 1.752148 2.134429
-0.821992 1.752406 2.140667
-0.824840 1.764262 2.142263
-0.829103 1.765705 2.138799
-0.749075 1.681859 2.101803
-0.779465 1.696484 2.098083
-0.753431 1.647510 2.073018
-0.828612 1.703697 2.085521
-0.834047 1.709882 2.093379
-0.792378 1.740807 2.120262
-0.756979 1.730704 2.123469
-0.775861 1.749444 2.122051
-0.768966 1.747270 2.122300
-0.766075 1.743173 2.115024
-0.779945 1.748194 2.124921
-0.832275 1.764053 2.145514
-0.827886 1.762550 2.148591
-0.836366 1.762216 2.142860
-0.836925 1.758184 2.140053
-0.835156 1.754202 2.138646
-0.825016 1.759225 2.149725
-0.823295 1.755211 2.148854
-0.823654 1.751478 2.144780
-0.826766 1.756750 2.154876
-0.830840 1.759843 2.155337
-0.841794 1.755046 2.153403
-0.840789 1.756382 2.156408
-0.839172 1.758461 2.153667
-0.839338 1.759052 2.149839
-0.842906 1.752161 2.157470
-0.842250 1.754158 2.160283
-0.838041 1.758022 2.158833
-0.836523 1.760007 2.154721
-0.839615 1.755607 2.163101
-0.835954 1.755023 2.164076
-0.834443 1.757148 2.159985
-0.833811 1.759263 2.156759
-0.835011 1.761710 2.151596
-0.842879 1.750279 2.161800
-0.840230 1.750081 2.166066
-0.840892 1.753294 2.166292
-0.842929 1.752623 2.163132
-0.838656 1.755937 2.145299
-0.840732 1.752543 2.150852
-0.841512 1.749612 2.155717
-0.841143 1.747848 2.160228
-0.838401 1.749655 2.149991
-0.839064 1.747400 2.155119
-0.838515 1.746402 2.159031
-0.835025 1.747373 2.150643
-0.836253 1.746055 2.155720
-0.836221 1.752757 2.143039
-0.832740 1.750084 2.143123
-0.836561 1.745904 2.158449
-0.838409 1.748044 2.164454
-0.831242 1.756589 2.160004
-0.833110 1.753781 2.163926
-0.828956 1.754325 2.159591
-0.831371 1.752037 2.163172
-0.837366 1.753534 2.166923
-0.835745 1.751436 2.166912
-0.831671 1.750912 2.139114
-0.826767 1.750046 2.141836
-0.827829 1.748993 2.146042
-0.830531 1.746528 2.152815
-0.824969 1.750498 2.149881
-0.825190 1.754006 2.153898
-0.827705 1.751679 2.158408
-0.827686 1.748656 2.155975
-0.830392 1.749337 2.161825
-0.830639 1.747260 2.159839
-0.833081 1.745919 2.157591
-0.833132 1.747712 2.163314
-0.834250 1.749444 2.165376
-0.836344 1.746678 2.162177
-0.834773 1.746121 2.160185
-0.832751 1.746798 2.161463
-0.805606 1.756482 2.143708
-0.802914 1.757753 2.138755
-0.799460 1.756039 2.141477
-0.801773 1.754430 2.146318
-0.805630 1.769877 2.142986
-0.802066 1.772094 2.136659
-0.804617 1.766575 2.136281
-0.807887 1.764330 2.142378
-0.799506 1.771434 2.145093
-0.795792 1.774264 2.139053
-0.799503 1.769154 2.128788
-0.795848 1.759021 2.117320
-0.799006 1.754797 2.119684
-0.802422 1.763978 2.129565
-0.785145 1.749818 2.130174
-0.788845 1.746523 2.129236
-0.804575 1.761425 2.137094
-0.807452 1.759721 2.142662
-0.789188 1.757766 2.138882
-0.792118 1.758894 2.145327
-0.795470 1.756133 2.143722
-0.792816 1.754517 2.138163
-0.794166 1.746426 2.126467
-0.799531 1.747570 2.123410
-0.800456 1.750993 2.121298
-0.787152 1.762756 2.138153
-0.783258 1.755510 2.127656
-0.784427 1.759551 2.122623
-0.788269 1.768149 2.135113
-0.802589 1.759347 2.130904
-0.797460 1.754108 2.135881
-0.801323 1.755742 2.133030
-0.793116 1.770620 2.130298
-0.791539 1.769759 2.143681
-0.799546 1.760538 2.159466
-0.799211 1.756159 2.158973
-0.794978 1.757123 2.151031
-0.794811 1.761548 2.151592
-0.791169 1.763243 2.145370
-0.795657 1.767017 2.149638
-0.805102 1.752687 2.154465
-0.809392 1.754613 2.152094
-0.811849 1.757741 2.151388
-0.789434 1.761617 2.117529
-0.812357 1.761802 2.151668
-0.810712 1.766635 2.152775
-0.797690 1.754500 2.149142
-0.801164 1.752923 2.157259
-0.801211 1.764840 2.158273
-0.805485 1.767986 2.154804
-0.809272 1.765707 2.162992
-0.804859 1.762353 2.164727
-0.813877 1.764530 2.160231
-0.814842 1.760055 2.157500
-0.813718 1.756489 2.156256
-0.803120 1.758853 2.165763
-0.802456 1.755297 2.164762
-0.803664 1.752043 2.161715
-0.806226 1.754638 2.171303
-0.808660 1.757745 2.172463
-0.822007 1.750614 2.174420
-0.821220 1.752080 2.177214
-0.818850 1.754969 2.173425
-0.820111 1.754650 2.170465
-0.816920 1.757544 2.171129
-0.817225 1.759373 2.167410
-0.815833 1.755482 2.175975
-0.814089 1.757593 2.172316
-0.818515 1.752351 2.180658
-0.814927 1.750590 2.180948
-0.812823 1.753401 2.176309
-0.811640 1.755889 2.173327
-0.822665 1.747475 2.178927
-0.822691 1.749699 2.180320
-0.812376 1.761111 2.169357
-0.817190 1.757358 2.162232
-0.820083 1.752664 2.167339
-0.821518 1.748362 2.172260
-0.821447 1.745247 2.176991
-0.818468 1.749797 2.165395
-0.819934 1.746156 2.170764
-0.819492 1.744061 2.175137
-0.815445 1.747031 2.165032
-0.817219 1.744357 2.170686
-0.815534 1.754525 2.159654
-0.812496 1.751910 2.159297
-0.817743 1.743592 2.173988
-0.819260 1.744148 2.180868
-0.820677 1.746149 2.183325
-0.821036 1.749470 2.184474
-0.810898 1.752028 2.175573
-0.813506 1.748688 2.179944
-0.809100 1.750226 2.175176
-0.812238 1.747092 2.179390
-0.817063 1.748670 2.184220
-0.816348 1.746639 2.183549
-0.811060 1.753724 2.156646
-0.807072 1.751883 2.158625
-0.808401 1.749890 2.160907
-0.811256 1.745566 2.166954
-0.805143 1.749743 2.164038
-0.804840 1.751634 2.168029
-0.808030 1.748305 2.173168
-0.808353 1.746314 2.170111
-0.811494 1.745771 2.177647
-0.811508 1.744208 2.174859
-0.813891 1.743448 2.172185
-0.814544 1.744001 2.179454
-0.815467 1.744921 2.181886
-0.817656 1.743320 2.178258
-0.815968 1.743079 2.175602
-0.813855 1.743478 2.176969
-0.787705 1.745163 2.148729
-0.785260 1.746856 2.145575
-0.782163 1.743445 2.147714
-0.784342 1.741300 2.150581
-0.786668 1.754858 2.151254
-0.783099 1.758207 2.145125
-0.785833 1.755065 2.144693
-0.788895 1.752673 2.150075
-0.782761 1.754420 2.153885
-0.777572 1.758393 2.148040
-0.780276 1.757859 2.139365
-0.777335 1.752547 2.129232
-0.780929 1.749805 2.130514
-0.783720 1.754663 2.139656
-0.786467 1.750819 2.144766
-0.789229 1.749182 2.149212
-0.773544 1.742291 2.146993
-0.775911 1.742691 2.151925
-0.778663 1.741712 2.150168
-0.776440 1.741337 2.145711
-0.777569 1.738047 2.134410
-0.780863 1.741390 2.132509
-0.781839 1.745510 2.131413
-0.771029 1.746266 2.146889
-0.768230 1.740927 2.136496
-0.767710 1.746392 2.134019
-0.770592 1.752537 2.144862
-0.784410 1.750175 2.140590
-0.780778 1.742184 2.143809
-0.783603 1.745767 2.141576
-0.774564 1.756848 2.140930
-0.774153 1.753055 2.151188
-0.783657 1.743107 2.164619
-0.783378 1.739480 2.162940
-0.777832 1.741060 2.155374
-0.777354 1.745369 2.157100
-0.773920 1.746622 2.152180
-0.778870 1.750482 2.156271
-0.788554 1.738901 2.156600
-0.792126 1.741960 2.154824
-0.793809 1.745847 2.155802
-0.771541 1.751494 2.130460
-0.770367 1.736765 2.137821
-0.794130 1.748934 2.157372
-0.792828 1.751322 2.159638
-0.780458 1.739845 2.152982
-0.784885 1.737675 2.159845
-0.785444 1.747580 2.164297
-0.788954 1.751271 2.162156
-0.793938 1.748499 2.167719
-0.790148 1.744899 2.169655
-0.797660 1.748761 2.164624
-0.798214 1.746328 2.161849
-0.797266 1.743609 2.159809
-0.788256 1.740247 2.168737
-0.787858 1.738162 2.166907
-0.788389 1.736765 2.163212
-0.791101 1.737268 2.171039
-0.794285 1.741338 2.172651
-0.808592 1.737192 2.173033
-0.807860 1.737689 2.175080
-0.804648 1.740355 2.172457
-0.805552 1.740583 2.170548
-0.802197 1.743145 2.171318
-0.801543 1.745096 2.169029
-0.802305 1.740488 2.175340
-0.799656 1.743055 2.172770
-0.805399 1.737599 2.177976
-0.801864 1.735395 2.178082
-0.798821 1.738005 2.175267
-0.797174 1.740900 2.173647
-0.810465 1.734544 2.175991
-0.809745 1.735844 2.177283
-0.797537 1.745278 2.170810
-0.801745 1.743716 2.165083
-0.805495 1.739426 2.167829
-0.808484 1.735723 2.170670
-0.809657 1.732603 2.173598
-0.804094 1.737200 2.165724
-0.806900 1.733863 2.168900
-0.807819 1.731305 2.171657
-0.801923 1.734715 2.164755
-0.804849 1.731999 2.168282
-0.800316 1.741253 2.162690
-0.797798 1.738711 2.161484
-0.805949 1.730762 2.170616
-0.807404 1.730269 2.176772
-0.808517 1.732558 2.179238
-0.808090 1.735109 2.180183
-0.796531 1.736431 2.174978
-0.800090 1.733696 2.177684
-0.794827 1.734053 2.173717
-0.798905 1.731778 2.176395
-0.804517 1.733985 2.180096
-0.803871 1.732297 2.179616
-0.794744 1.740680 2.158922
-0.791308 1.738071 2.160003
-0.794335 1.736532 2.162195
-0.798644 1.732328 2.165696
-0.791207 1.735108 2.164799
-0.790809 1.735090 2.168543
-0.794217 1.732533 2.171263
-0.795496 1.731540 2.168369
-0.798566 1.730219 2.174144
-0.799252 1.729451 2.171465
-0.802049 1.730061 2.169154
-0.802246 1.729266 2.175184
-0.802946 1.730333 2.177716
-0.805814 1.729445 2.173995
-0.804244 1.729425 2.171862
-0.801899 1.728912 2.173034
-0.773717 1.736794 2.136301
-0.767045 1.727419 2.151692
-0.765782 1.728902 2.149087
-0.763438 1.725356 2.149940
-0.764580 1.723988 2.152012
-0.763311 1.734972 2.155707
-0.760826 1.738177 2.150890
-0.764304 1.736760 2.149460
-0.766639 1.734120 2.154072
-0.759106 1.732394 2.157031
-0.756226 1.735497 2.152882
-0.759389 1.737531 2.144621
-0.757982 1.733075 2.131923
-0.762352 1.732100 2.133212
-0.763075 1.735889 2.143745
-0.755005 1.715838 2.135142
-0.755477 1.718553 2.141616
-0.759790 1.718565 2.141138
-0.758363 1.714907 2.133364
-0.765973 1.733253 2.148582
-0.767580 1.731040 2.152663
-0.755970 1.722238 2.150149
-0.757411 1.721813 2.152889
-0.760562 1.722813 2.151195
-0.759766 1.722445 2.148615
-0.762781 1.716500 2.132785
-0.763062 1.720879 2.140156
-0.765081 1.723730 2.137362
-0.765276 1.721285 2.132154
-0.764558 1.727955 2.136055
-0.752827 1.724980 2.150203
-0.752046 1.720656 2.140649
-0.749986 1.724731 2.138055
-0.752073 1.730184 2.149422
-0.764684 1.732490 2.144894
-0.762530 1.724787 2.146595
-0.764653 1.728484 2.146257
-0.754546 1.735564 2.146174
-0.754295 1.729499 2.154357
-0.760095 1.719109 2.162630
-0.761478 1.717390 2.160288
-0.758553 1.719879 2.155317
-0.756391 1.722161 2.157428
-0.754941 1.724415 2.154738
-0.756601 1.726734 2.158319
-0.767594 1.721246 2.156192
-0.770156 1.724716 2.156483
-0.770786 1.727875 2.157912
-0.752386 1.730949 2.132902
-0.770187 1.730247 2.160018
-0.767556 1.731090 2.162147
-0.761703 1.721260 2.153358
-0.764340 1.718660 2.157761
-0.760597 1.723297 2.164055
-0.763504 1.728461 2.163333
-0.766942 1.726018 2.168417
-0.764510 1.720388 2.168514
-0.770641 1.728545 2.166314
-0.772548 1.728243 2.163479
-0.772916 1.726260 2.161109
-0.763777 1.716146 2.166202
-0.765018 1.715352 2.163452
-0.767005 1.717152 2.160944
-0.768106 1.714811 2.169070
-0.769221 1.718483 2.171620
-0.781562 1.722085 2.172346
-0.780455 1.722011 2.173789
-0.777634 1.723109 2.171947
-0.778481 1.724016 2.170292
-0.774645 1.724258 2.170845
-0.773976 1.725771 2.168914
-0.775482 1.721507 2.173988
-0.772370 1.722676 2.171811
-0.778510 1.720267 2.176367
-0.776920 1.716424 2.176437
-0.773492 1.717812 2.174643
-0.771533 1.719572 2.172915
-0.783765 1.720135 2.174883
-0.782367 1.720884 2.175796
-0.770199 1.723699 2.170593
-0.775157 1.726116 2.165790
-0.779199 1.723796 2.168331
-0.782861 1.721296 2.170938
-0.784458 1.718488 2.173388
-0.779070 1.722478 2.166293
-0.782464 1.719881 2.169152
-0.783674 1.717414 2.171530
-0.777997 1.720276 2.164773
-0.781305 1.718250 2.167971
-0.775065 1.724676 2.163257
-0.774079 1.722158 2.161541
-0.782698 1.716913 2.170121
-0.783338 1.715788 2.175042
-0.782860 1.717132 2.177132
-0.781125 1.718874 2.178179
-0.772784 1.715550 2.173803
-0.776731 1.714234 2.175780
-0.772361 1.713694 2.171678
-0.777115 1.712941 2.173972
-0.779299 1.716269 2.177926
-0.780161 1.714737 2.177156
-0.772123 1.723247 2.159304
-0.769742 1.720047 2.159316
-0.772096 1.718812 2.161393
-0.776303 1.717231 2.164594
-0.770026 1.715684 2.163174
-0.768545 1.714098 2.165972
-0.773050 1.713086 2.169058
-0.774463 1.714162 2.166290
-0.777725 1.712754 2.171673
-0.778611 1.713670 2.169381
-0.779973 1.715874 2.167958
-0.781059 1.713750 2.172995
-0.780895 1.713753 2.175151
-0.782953 1.715303 2.172847
-0.781989 1.715398 2.170747
-0.780912 1.714104 2.171215
-0.752437 1.718054 2.135103
-0.833778 1.718133 2.102538
-0.829893 1.717890 2.105004
-0.827116 1.711311 2.111817
-0.829639 1.705863 2.114599
-0.834837 1.702054 2.114585
-0.839345 1.702757 2.111719
-0.842183 1.705659 2.108212
-0.827636 1.715612 2.108353
-0.838281 1.716316 2.101582
-0.842153 1.710706 2.104209
-0.847217 1.714564 2.112516
-0.844232 1.720028 2.109394
-0.846527 1.708241 2.116628
-0.842187 1.705464 2.119081
-0.837115 1.704493 2.120091
-0.838233 1.722119 2.108288
-0.833879 1.721630 2.109607
-0.830650 1.718566 2.112419
-0.842991 1.727348 2.115093
-0.849910 1.726379 2.119933
-0.851244 1.718440 2.134897
-0.855086 1.720217 2.133348
-0.853115 1.718054 2.130069
-0.849808 1.715310 2.131274
-0.851792 1.717635 2.127490
-0.849399 1.713975 2.126312
-0.855627 1.723014 2.127464
-0.853003 1.721645 2.125109
-0.854440 1.728459 2.125251
-0.853068 1.725772 2.123501
-0.858263 1.724878 2.130849
-0.856174 1.722800 2.135658
-0.857942 1.726907 2.134276
-0.853095 1.722671 2.136863
-0.851636 1.720102 2.121996
-0.843616 1.709099 2.126209
-0.845258 1.713148 2.132044
-0.846875 1.717947 2.135837
-0.848624 1.723372 2.137167
-0.839614 1.713755 2.131830
-0.842065 1.719521 2.135215
-0.844432 1.724420 2.135771
-0.835605 1.717515 2.129582
-0.839171 1.722451 2.133240
-0.837452 1.707774 2.125404
-0.832517 1.710774 2.122963
-0.841802 1.725218 2.134476
-0.849837 1.728936 2.135591
-0.854612 1.728480 2.136235
-0.850667 1.730747 2.123652
-0.856297 1.730047 2.128282
-0.852316 1.732661 2.127575
-0.845731 1.731662 2.121934
-0.847765 1.733617 2.127379
-0.857339 1.730423 2.131535
-0.854027 1.732297 2.131932
-0.831899 1.707759 2.119039
-0.829711 1.713458 2.116095
-0.830712 1.716574 2.119384
-0.834722 1.722774 2.125998
-0.832297 1.722974 2.116394
-0.837163 1.726760 2.114347
-0.840833 1.731026 2.121802
-0.836580 1.727963 2.123038
-0.843551 1.732527 2.127669
-0.840483 1.730071 2.128391
-0.839114 1.726390 2.130540
-0.845343 1.731585 2.131598
-0.849315 1.732601 2.131985
-0.845570 1.728661 2.134321
-0.842510 1.727983 2.132921
-0.842898 1.730171 2.131129
-0.757024 1.712548 2.130152
-0.762513 1.714263 2.129229
-0.761733 1.709969 2.126042
-0.761518 1.703588 2.123262
-0.755624 1.697602 2.120121
-0.766908 1.705534 2.120441
-0.766990 1.712204 2.123635
-0.768118 1.718952 2.127696
-0.770690 1.702234 2.114205
-0.949497 1.638510 1.634311
-0.948281 1.635439 1.632420
-0.946875 1.629333 1.634334
-0.946719 1.633128 1.636360
-0.947394 1.635822 1.638869
-0.948754 1.638585 1.641782
-0.956851 1.643769 1.639040
-0.952451 1.641130 1.636838
-0.960457 1.640432 1.648911
-0.960340 1.640326 1.647507
-0.960075 1.639953 1.649100
-0.956186 1.640979 1.645624
-0.959130 1.638884 1.647711
-0.946169 1.629711 1.630210
-0.946059 1.627946 1.630187
-0.947242 1.632217 1.631161
-0.952185 1.640771 1.644465
-0.945946 1.627491 1.630847
-0.946462 1.628229 1.632198
-0.960212 1.643044 1.642123
-0.947946 1.637063 1.636808
-0.949477 1.640510 1.639528
-0.954968 1.643592 1.640394
-0.951162 1.641861 1.637167
-0.956657 1.642127 1.644203
-0.958808 1.641545 1.645150
-0.947221 1.634237 1.634754
-0.953231 1.642539 1.642523
-0.949137 1.638332 1.634618
-0.958843 1.640128 1.645660
-0.957994 1.640916 1.643585
-0.946522 1.628503 1.631153
-0.946576 1.628433 1.631282
-0.991670 1.410110 1.791284
-0.989967 1.398727 1.805785
-0.948144 1.635264 1.632882
-0.947024 1.628824 1.632223
-0.947346 1.631944 1.633154
-0.947940 1.632648 1.631926
-0.947237 1.629404 1.631393
-0.815066 1.471437 1.839406
-0.817860 1.460840 1.849913
-0.782642 1.477087 1.809587
-0.770831 1.464423 1.804006
-0.953955 1.191313 1.935991
-0.901710 1.148628 1.777759
-0.897168 1.168276 1.763176
-0.960551 1.153535 1.740140
-0.943700 1.150615 1.745059
-0.877953 1.193685 1.858036
-0.881208 1.177719 1.868994
-0.915832 1.207362 1.898591
-0.919767 1.192191 1.907765
-0.892706 1.170303 1.896917
-0.931170 1.107922 1.786128
-0.931233 1.127420 1.770132
-0.918179 1.128835 1.780852
-0.917356 1.109568 1.795534
-0.978327 1.135999 1.756838
-0.977191 1.158510 1.739566
-0.868658 1.205087 1.829682
-0.867446 1.198118 1.809123
-0.880880 1.189069 1.770810
-0.892372 1.188957 1.754194
-0.920998 1.194220 1.728035
-0.905771 1.191228 1.740166
-0.927614 1.228758 1.899463
-0.943582 1.247904 1.895957
-0.875390 1.211852 1.848935
-0.981696 1.239024 1.912614
-0.953596 1.219407 1.698388
-0.932708 1.218806 1.704734
-0.871686 1.192469 1.789387
-0.974274 1.376339 1.843539
-0.973442 1.364879 1.857762
-0.959001 1.369406 1.855608
-0.959345 1.379778 1.841206
-0.944659 1.372262 1.853787
-0.931122 1.373669 1.850930
-0.919075 1.373987 1.847422
-0.893727 1.368966 1.834775
-0.900575 1.371309 1.839157
-0.881952 1.360204 1.825188
-0.887920 1.365952 1.829958
-0.874720 1.348460 1.820350
-0.867919 1.333545 1.815494
-0.861330 1.318079 1.809052
-0.862073 1.330927 1.797982
-0.867823 1.321449 1.828500
-0.873845 1.336970 1.832456
-0.880628 1.348229 1.837311
-0.985653 1.328413 1.884331
-0.984121 1.305482 1.890382
-0.994266 1.421727 1.778126
-0.704638 1.525431 1.995218
-0.771425 1.634599 2.018184
-0.965219 1.389790 1.646872
-0.986416 1.387197 1.648354
-1.004695 1.375663 1.651740
-1.005030 1.385608 1.649893
-0.893668 1.424629 1.664043
-0.904755 1.405662 1.654931
-0.921799 1.394008 1.648365
-0.942047 1.384472 1.647086
-0.887766 1.234964 1.857873
-0.959578 1.358076 1.651506
-0.937735 1.373706 1.647700
-0.916660 1.381302 1.648291
-0.895727 1.395619 1.655435
-0.878833 1.416989 1.666624
-0.867313 1.422802 1.675213
-0.848935 1.415160 1.685903
-0.842539 1.422022 1.692967
-0.846660 1.438890 1.695445
-0.840873 1.446002 1.701394
-0.835597 1.428499 1.699353
-0.783371 1.453742 1.773769
-0.774027 1.450191 1.788726
-0.766444 1.440614 1.799749
-0.763129 1.429148 1.808713
-0.763683 1.421763 1.813494
-0.767962 1.413850 1.815017
-0.776207 1.404458 1.811818
-0.809477 1.381976 1.790429
-0.822502 1.372618 1.777315
-0.844592 1.329734 1.736476
-0.849849 1.319399 1.728136
-0.871558 1.265954 1.720386
-0.863081 1.282663 1.721054
-0.879857 1.247263 1.721643
-0.915819 1.016096 1.855293
-0.922206 1.034634 1.844964
-0.906154 1.042161 1.850403
-0.899102 1.024482 1.860381
-0.979549 1.070401 1.810895
-0.960983 1.068494 1.812759
-0.868254 1.094003 1.903957
-0.870734 1.078926 1.886175
-0.878998 1.064730 1.870705
-0.891459 1.052507 1.858390
-0.870914 1.107511 1.921803
-0.942740 1.141476 1.988762
-0.924974 1.137016 1.978857
-0.997063 1.150890 2.003525
-0.978824 1.148769 2.001753
-0.878679 1.118225 1.939694
-0.960689 1.145741 1.996733
-0.907478 1.132221 1.967717
-0.891352 1.126013 1.955171
-0.924964 1.052082 1.833714
-0.941457 1.049246 1.829674
-0.943826 1.068406 1.815974
-0.959729 1.278764 1.666447
-0.939080 1.283495 1.667821
-0.919034 1.290357 1.670659
-0.901196 1.312600 1.668826
-0.882416 1.322577 1.675058
-0.882947 1.310545 1.680708
-0.900431 1.299445 1.674469
-0.853313 1.344605 1.699963
-0.844167 1.352415 1.710206
-0.845535 1.345543 1.714618
-0.855220 1.335656 1.702637
-0.836766 1.352685 1.724449
-0.828636 1.361079 1.734912
-0.821768 1.371082 1.747174
-0.812966 1.381998 1.758237
-0.811230 1.395055 1.739874
-0.820024 1.386858 1.730345
-0.852056 1.353479 1.696044
-0.864516 1.344544 1.683375
-0.961252 1.306990 1.663019
-0.980826 1.302476 1.666709
-0.855409 1.308959 1.797507
-0.850005 1.301039 1.783884
-0.847620 1.295784 1.770169
-0.848672 1.293031 1.756841
-0.849768 1.292477 1.744047
-0.853210 1.293703 1.731684
-0.858308 1.296907 1.720788
-0.854256 1.308288 1.722821
-0.862761 1.301073 1.711382
-0.856959 1.313701 1.716462
-0.866137 1.307076 1.702598
-0.867715 1.314393 1.695164
-0.867727 1.323424 1.689672
-0.866084 1.333631 1.686567
-0.898177 1.325671 1.664277
-0.879562 1.334369 1.671869
-0.916863 1.332404 1.656432
-0.913743 1.345630 1.653381
-0.921994 1.304335 1.663893
-0.919597 1.318001 1.660151
-0.936996 1.433628 1.653861
-0.953840 1.423762 1.648013
-0.780451 1.407915 1.795750
-0.774675 1.410756 1.803719
-0.779513 1.404129 1.802670
-0.782144 1.404242 1.796749
-0.772502 1.417177 1.801398
-0.778746 1.419360 1.787104
-0.771650 1.424778 1.797462
-0.779225 1.412363 1.794157
-0.773807 1.433604 1.789412
-0.779735 1.426986 1.780827
-0.778279 1.440917 1.779982
-0.782319 1.433618 1.772959
-0.784989 1.437904 1.766502
-0.783981 1.444127 1.769435
-0.803106 1.421698 1.735924
-0.795787 1.428940 1.746835
-0.789469 1.434344 1.757877
-0.802925 1.391384 1.768157
-0.793512 1.400075 1.776575
-0.786047 1.407171 1.784753
-0.785597 1.413382 1.778132
-0.793331 1.405784 1.769464
-0.802323 1.396566 1.759626
-0.960310 1.290853 1.663990
-0.941797 1.297695 1.661793
-0.835757 1.360553 1.719260
-0.828951 1.368340 1.727507
-0.822130 1.377567 1.736777
-0.812379 1.387496 1.748497
-0.828434 1.377733 1.721074
-0.835881 1.370121 1.713014
-0.843675 1.362096 1.705271
-0.941913 1.311631 1.659786
-0.979631 1.286039 1.666723
-0.878730 1.458242 1.770664
-0.871947 1.472170 1.749782
-0.859214 1.473636 1.729113
-0.847367 1.463176 1.711834
-1.013781 1.420568 1.647424
-0.731959 1.457437 1.958028
-0.994746 1.238346 1.683380
-0.996689 1.255826 1.673487
-0.992050 1.183854 1.724679
-0.992051 1.197656 1.707676
-0.962953 1.089313 1.793405
-0.979675 1.092485 1.792561
-0.979549 1.113941 1.773993
-1.000468 1.051079 1.821185
-0.998943 1.073511 1.812176
-0.995784 1.119787 1.774662
-0.994565 1.141845 1.758317
-0.973905 1.219189 1.696437
-0.979614 1.273673 1.665301
-0.999557 1.283954 1.667332
-1.000282 1.298067 1.667763
-1.001228 1.314376 1.662887
-0.909439 1.350770 1.870838
-0.909097 1.362081 1.857603
-0.919432 1.363258 1.861559
-0.919536 1.352039 1.874695
-0.893297 1.346419 1.860219
-0.893095 1.357450 1.847673
-0.900401 1.360010 1.852722
-0.900451 1.348656 1.865858
-0.886710 1.353879 1.842401
-0.886858 1.342530 1.854716
-0.909943 1.337309 1.882457
-0.901285 1.335397 1.877405
-0.919534 1.338616 1.886065
-0.888056 1.330594 1.865514
-0.894133 1.333447 1.871643
-0.936845 1.569669 1.734461
-0.924992 1.586396 1.735993
-0.931872 1.622489 1.714707
-0.934962 1.622970 1.711418
-0.977973 1.519349 1.735179
-0.984409 1.503651 1.737877
-0.929041 1.610597 1.728332
-0.924804 1.601222 1.737209
-0.941433 1.642115 1.698710
-0.941457 1.638645 1.700861
-0.936899 1.632010 1.708958
-0.936280 1.628027 1.711208
-0.990132 1.488994 1.739593
-0.953525 1.553623 1.735426
-1.001539 1.461028 1.741420
-1.004527 1.451477 1.742856
-0.995824 1.443873 1.745078
-0.995014 1.436861 1.754541
-0.986616 1.346745 1.873699
-0.988006 1.376908 1.832224
-0.987946 1.372162 1.846838
-0.988790 1.386579 1.818939
-0.992815 1.431365 1.766820
-0.996355 1.473685 1.740499
-0.931901 1.619857 1.719190
-0.931232 1.614776 1.722697
-0.940538 1.635458 1.703411
-0.938790 1.633201 1.706561
-1.005032 1.408146 1.793043
-1.004128 1.396209 1.807594
-0.987171 1.360225 1.860741
-1.000020 1.324378 1.883677
-1.000602 1.301256 1.890221
-1.006124 1.419476 1.779601
-1.000945 1.280262 1.888814
-0.860878 0.947708 1.994958
-0.873600 0.923625 2.000062
-0.884569 0.915651 1.985234
-0.873348 0.933445 1.982295
-0.869386 0.967472 1.958598
-0.866883 0.985931 1.943700
-0.863579 1.004219 1.926933
-0.903217 0.900536 1.985172
-0.930546 0.894155 1.962056
-0.928381 0.890406 1.982499
-0.875908 0.985007 1.916030
-0.877815 0.967095 1.933954
-0.880711 0.927426 1.975142
-0.880257 0.935884 1.964920
-0.870055 0.951340 1.971926
-0.907263 0.903391 1.968859
-0.890558 0.916160 1.973252
-0.952741 1.009068 1.850360
-0.949155 0.989519 1.861396
-0.975457 0.989501 1.857856
-0.884044 1.037125 1.868812
-0.893116 1.006889 1.873361
-1.019836 0.901063 1.974828
-0.892673 0.922779 1.958818
-0.930955 0.902697 1.942367
-0.909113 0.911386 1.950923
-0.925496 0.952620 1.890598
-0.905879 0.959725 1.898329
-0.906681 0.941096 1.915097
-0.926988 0.934002 1.905432
-0.890005 0.970252 1.906776
-0.890457 0.988730 1.889025
-0.925654 0.972687 1.876972
-0.906789 0.979183 1.882223
-0.910025 0.997870 1.867762
-0.890969 0.951864 1.925083
-0.929978 0.915947 1.922853
-0.955521 0.912362 1.915704
-0.983935 0.915752 1.913645
-1.013806 0.919759 1.915322
-1.011864 0.933886 1.896692
-0.928305 0.992233 1.864280
-0.937756 1.031151 1.841694
-0.933319 1.011802 1.852452
-0.945490 1.087646 1.798615
-0.805719 0.972039 2.238507
-1.005563 0.951430 2.076118
-0.997538 0.968154 2.090830
-0.854736 1.060035 2.015037
-0.846333 0.993952 1.998180
-0.857997 0.970272 1.984356
-0.980165 0.999039 2.106245
-0.966550 1.020223 2.106288
-0.868745 1.078767 2.037870
-0.904463 1.071237 2.078657
-0.989758 0.981504 2.100502
-0.879632 0.950018 1.950907
-0.892420 0.935276 1.943609
-0.908481 0.923702 1.932619
-0.957999 0.899278 1.935684
-0.986755 0.902728 1.932179
-1.015873 0.910110 1.933826
-1.001130 1.059027 2.072919
-1.014453 1.065662 2.068055
-1.006443 1.067307 2.067415
-1.023207 1.076334 2.058450
-1.024098 1.065590 2.068754
-1.013571 1.053575 2.075607
-1.026677 1.052529 2.075267
-1.027475 1.038019 2.080745
-0.946775 1.129798 2.001373
-0.927486 1.125613 1.991098
-1.000597 1.137479 2.014857
-0.983762 1.135859 2.013052
-0.875693 1.108004 1.951975
-0.965729 1.133421 2.008585
-0.908110 1.121931 1.980208
-0.889581 1.115975 1.967365
-1.007794 0.970956 1.865356
-1.006194 0.991244 1.853943
-1.016587 1.138223 2.014114
-0.928875 1.588424 1.740814
-0.941142 1.571512 1.738756
-1.008071 1.685054 1.606540
-1.020688 1.468907 1.657115
-0.972425 1.669637 1.651216
-0.936164 1.623692 1.712670
-0.939922 1.645375 1.698200
-1.005761 1.440393 1.746563
-1.005036 1.432502 1.755746
-1.027045 0.956510 2.067013
-1.003962 1.428302 1.768272
-1.026681 0.948963 2.063048
-0.993282 1.165086 1.740493
-0.733933 0.534427 2.296404
-0.738444 0.532865 2.283027
-0.728205 0.508554 2.289362
-0.725260 0.510063 2.302882
-0.728598 0.535527 2.254338
-0.737084 0.532498 2.264392
-0.716640 0.538080 2.249202
-0.703366 0.540730 2.251175
-0.701261 0.512755 2.257695
-0.712340 0.510312 2.254559
-0.694704 0.543486 2.257802
-0.684624 0.518323 2.271679
-0.687919 0.546023 2.266662
-0.681719 0.548432 2.283906
-0.679753 0.521695 2.288329
-0.682715 0.547402 2.302423
-0.679649 0.521968 2.306874
-0.692185 0.544162 2.316606
-0.725070 0.536196 2.308626
-0.717561 0.512637 2.317654
-0.723751 0.508184 2.260046
-0.729558 0.506006 2.269820
-0.728835 0.507290 2.279732
-0.739661 0.531816 2.274565
-0.722675 0.482603 2.297478
-0.725298 0.485860 2.314604
-0.720614 0.480481 2.263695
-0.721482 0.480724 2.275825
-0.699351 0.485390 2.263706
-0.710685 0.482448 2.257221
-0.677013 0.492251 2.274872
-0.687922 0.488975 2.269033
-0.692188 0.515840 2.263812
-0.673318 0.496212 2.291163
-0.673137 0.498452 2.312724
-0.713184 0.491179 2.328372
-0.721578 0.480708 2.286197
-0.597186 0.461590 2.451038
-0.599679 0.464866 2.450054
-0.603107 0.464722 2.452808
-0.602098 0.460520 2.455380
-0.623791 0.461683 2.475762
-0.627189 0.469741 2.475531
-0.634650 0.466571 2.477937
-0.633837 0.457504 2.479545
-0.610219 0.462789 2.468421
-0.609824 0.458348 2.466062
-0.605844 0.458703 2.463558
-0.603951 0.463566 2.464331
-0.591833 0.455508 2.417377
-0.591513 0.450719 2.416652
-0.588566 0.450890 2.413443
-0.588038 0.454494 2.413171
-0.595210 0.458041 2.438772
-0.594960 0.453239 2.437428
-0.592507 0.453591 2.434352
-0.590852 0.457457 2.434019
-0.635155 0.464816 2.454263
-0.648539 0.463554 2.457823
-0.640179 0.464685 2.470047
-0.629725 0.469154 2.465930
-0.645127 0.455100 2.472405
-0.653115 0.451862 2.459332
-0.645658 0.444911 2.457888
-0.638528 0.450401 2.468931
-0.632622 0.447738 2.455005
-0.626820 0.452130 2.465423
-0.627100 0.457244 2.452980
-0.619837 0.462650 2.463707
-0.611760 0.460000 2.446134
-0.617821 0.466015 2.447201
-0.609980 0.467760 2.457193
-0.603975 0.463013 2.455009
-0.626010 0.464902 2.453300
-0.616294 0.466822 2.461772
-0.626618 0.456128 2.456508
-0.622501 0.450749 2.452990
-0.614863 0.455180 2.462329
-0.619311 0.460492 2.466344
-0.615293 0.452524 2.448362
-0.607768 0.455949 2.457282
-0.606598 0.464777 2.434340
-0.613940 0.463415 2.440764
-0.607150 0.463435 2.448544
-0.601326 0.464478 2.444166
-0.608953 0.457005 2.452629
-0.614395 0.455254 2.444794
-0.609896 0.451090 2.441516
-0.604571 0.453740 2.449818
-0.602971 0.452492 2.436229
-0.598682 0.454541 2.445873
-0.601010 0.459540 2.433749
-0.596381 0.460387 2.443415
-0.594110 0.456309 2.416931
-0.598637 0.462055 2.417508
-0.594360 0.461165 2.427165
-0.590995 0.456003 2.426644
-0.603601 0.461888 2.423827
-0.598705 0.461898 2.431031
-0.601519 0.457674 2.435111
-0.603909 0.457037 2.428299
-0.601091 0.449902 2.426222
-0.598503 0.451093 2.433865
-0.595696 0.449564 2.419962
-0.592758 0.451168 2.429039
-0.593860 0.457835 2.398521
-0.590036 0.459029 2.406224
-0.587870 0.453627 2.405809
-0.592027 0.451187 2.397599
-0.597780 0.459129 2.404939
-0.594981 0.459240 2.411003
-0.596674 0.454685 2.413969
-0.597531 0.454482 2.408347
-0.596714 0.447036 2.407808
-0.594618 0.448422 2.413524
-0.593376 0.446730 2.401642
-0.589524 0.448149 2.408662
-0.638336 0.461016 2.441801
-0.655435 0.461835 2.445588
-0.632824 0.454229 2.475238
-0.659077 0.448586 2.446994
-0.626364 0.455483 2.473150
-0.634956 0.444418 2.443410
-0.650961 0.441569 2.445395
-0.631359 0.454763 2.448726
-0.607171 0.467559 2.463377
-0.619200 0.446282 2.434300
-0.617763 0.455467 2.440090
-0.610891 0.467090 2.465777
-0.624061 0.462349 2.432837
-0.612553 0.460493 2.418830
-0.600671 0.456718 2.453192
-0.597590 0.457489 2.450981
-0.606924 0.446168 2.421387
-0.604900 0.457074 2.426085
-0.592552 0.460989 2.432869
-0.599624 0.444475 2.406548
-0.597503 0.454422 2.408489
-0.595512 0.461405 2.435295
-0.603743 0.459405 2.402838
-0.590541 0.457142 2.412291
-0.596736 0.441977 2.393585
-0.595299 0.447899 2.387810
-0.592666 0.458282 2.414822
-0.598105 0.456613 2.389745
-0.707250 0.515771 2.325937
-0.714833 0.538209 2.317977
-0.703283 0.540814 2.320310
-0.695725 0.518192 2.326586
-0.686946 0.520259 2.321120
-0.699959 0.496327 2.337220
-0.686899 0.499211 2.335372
-0.679259 0.497962 2.328317
-0.666866 0.475087 2.289587
-0.672403 0.471639 2.274145
-0.686165 0.468504 2.269130
-0.697811 0.464633 2.261946
-0.710102 0.461060 2.256499
-0.706518 0.474923 2.337166
-0.693554 0.482384 2.349876
-0.679289 0.486697 2.349956
-0.668978 0.484586 2.338416
-0.666961 0.461264 2.432617
-0.651444 0.464444 2.425846
-0.661890 0.468100 2.410594
-0.672827 0.458054 2.415713
-0.635909 0.463291 2.417096
-0.647505 0.468029 2.401493
-0.624110 0.460711 2.405064
-0.635508 0.463134 2.390136
-0.613652 0.458353 2.391373
-0.624479 0.458379 2.377977
-0.604176 0.454623 2.379693
-0.614316 0.451652 2.366812
-0.598026 0.445208 2.376196
-0.607194 0.441839 2.362124
-0.668987 0.445488 2.435146
-0.675339 0.442825 2.416721
-0.659119 0.434543 2.431130
-0.664924 0.430328 2.413635
-0.643990 0.434714 2.423771
-0.652086 0.429440 2.405962
-0.608589 0.430637 2.366470
-0.600408 0.435313 2.381680
-0.630287 0.435879 2.412993
-0.639509 0.430951 2.395449
-0.617859 0.434623 2.401603
-0.627059 0.429258 2.384596
-0.608338 0.433874 2.390846
-0.616775 0.428153 2.374658
-0.673970 0.469890 2.392323
-0.659401 0.474696 2.383767
-0.647529 0.468709 2.372053
-0.636900 0.460711 2.360227
-0.627405 0.449892 2.349754
-0.619460 0.439430 2.344410
-0.648246 0.465190 2.335058
-0.640825 0.445934 2.328915
-0.633537 0.434248 2.327013
-0.647307 0.428973 2.308715
-0.652366 0.441314 2.307776
-0.673493 0.430819 2.274259
-0.663628 0.436309 2.288786
-0.658364 0.423773 2.289563
-0.668207 0.416941 2.274195
-0.657096 0.459643 2.309690
-0.667207 0.454950 2.289906
-0.676429 0.451474 2.275736
-0.688879 0.409857 2.259104
-0.692194 0.424930 2.256272
-0.682114 0.427202 2.264546
-0.677288 0.412641 2.264755
-0.705252 0.405928 2.260516
-0.709309 0.421024 2.255378
-0.719031 0.419953 2.269171
-0.716384 0.405721 2.273245
-0.695780 0.445130 2.258886
-0.686021 0.447472 2.267014
-0.709575 0.442006 2.255691
-0.718457 0.440845 2.267391
-0.716572 0.423162 2.287827
-0.716088 0.443328 2.284181
-0.717303 0.409177 2.291361
-0.679921 0.453810 2.394321
-0.680021 0.440669 2.392281
-0.657981 0.476643 2.353591
-0.670276 0.480630 2.365525
-0.687140 0.471395 2.367973
-0.691020 0.450543 2.372085
-0.686628 0.436113 2.368333
-0.700387 0.442263 2.348886
-0.694269 0.430271 2.347470
-0.672264 0.430904 2.389395
-0.679047 0.429948 2.364546
-0.687338 0.423970 2.344032
-0.707295 0.435806 2.330136
-0.702727 0.423385 2.330106
-0.710283 0.431238 2.313458
-0.708634 0.418120 2.315915
-0.713614 0.413699 2.304319
-0.712823 0.427358 2.300916
-0.712809 0.448202 2.308518
-0.714090 0.446161 2.296569
-0.709792 0.452042 2.325247
-0.702657 0.459500 2.345423
-0.619762 0.427863 2.347947
-0.632317 0.424754 2.329550
-0.646779 0.420627 2.311717
-0.658679 0.413361 2.293926
-0.669568 0.406522 2.280205
-0.678480 0.402689 2.272638
-0.688500 0.400167 2.267649
-0.701236 0.398737 2.269206
-0.709819 0.398804 2.278071
-0.710394 0.400490 2.292716
-0.707250 0.403422 2.304583
-0.696209 0.415305 2.328055
-0.702936 0.408146 2.315355
-0.719193 0.467128 2.320551
-0.719836 0.464644 2.303819
-0.718526 0.463122 2.292086
-0.718327 0.460616 2.265605
-0.717839 0.461673 2.280981
-0.661194 0.427544 2.383169
-0.648634 0.427339 2.373430
-0.636733 0.425430 2.363468
-0.626739 0.424737 2.354968
-0.638255 0.421214 2.335005
-0.647278 0.421253 2.341823
-0.658619 0.422317 2.350695
-0.669974 0.425742 2.359148
-0.651274 0.416475 2.316992
-0.658759 0.415611 2.323235
-0.669699 0.415767 2.330925
-0.679113 0.418928 2.338913
-0.688645 0.409947 2.322915
-0.680923 0.407772 2.315118
-0.670630 0.408415 2.307405
-0.664361 0.409436 2.300586
-0.674926 0.403877 2.288081
-0.680875 0.403478 2.295381
-0.689801 0.403014 2.302700
-0.695901 0.404274 2.310072
-0.682245 0.400934 2.281475
-0.697778 0.397711 2.276669
-0.689575 0.398933 2.277058
-0.703701 0.397386 2.281836
-0.703270 0.398894 2.291641
-0.700255 0.401152 2.300840
-0.697506 0.399268 2.289243
-0.694201 0.400796 2.295354
-0.687031 0.401180 2.288743
-0.691809 0.399620 2.283899
-0.699334 0.398285 2.284006
-0.696254 0.398566 2.281312
-0.665126 0.478356 2.317110
-1.017384 1.434649 1.648606
-1.004440 1.365732 1.653488
-0.780186 0.806918 2.335152
-0.765431 0.809098 2.337125
-0.751063 0.816778 2.333528
-0.890211 1.083805 2.051148
-0.938167 1.186670 1.926384
-0.931151 1.213218 1.907698
-0.935295 1.199110 1.916702
-0.879157 1.074553 2.067153
-0.887189 1.216307 1.865076
-1.018204 0.903889 1.953360
-1.002379 1.329417 1.659569
-0.909618 1.373463 1.843066
-1.009488 0.951634 1.879293
-0.963345 1.557597 1.602365
-0.964550 1.556936 1.605446
-0.964413 1.553942 1.607993
-0.967368 1.550252 1.609164
-0.967317 1.547456 1.609212
-0.967533 1.543712 1.608183
-0.966232 1.551955 1.604492
-0.967295 1.551479 1.605465
-0.966500 1.553821 1.605020
-0.965785 1.553662 1.604312
-1.002710 1.382318 1.820155
-1.001497 1.373093 1.833350
-1.000844 1.369675 1.849322
-1.000140 1.357701 1.862449
-0.933157 1.623165 1.716213
-1.009213 1.169630 1.967358
-1.007769 1.171852 1.956843
-0.996967 1.097771 1.793368
-1.012280 1.161382 1.991022
-1.006868 1.181288 1.950513
-0.993243 1.218640 1.694754
-0.999607 1.343036 1.874608
-1.014311 1.151657 2.002902
-0.998292 1.270975 1.665052
-1.005458 1.195839 1.941894
-1.022063 1.090765 2.048720
-1.002017 1.238277 1.910869
-1.028958 1.680082 1.654461
-1.036654 1.670860 1.665402
-1.022487 1.672602 1.670840
-1.012778 1.678811 1.662035
-1.011184 1.672481 1.675892
-1.002428 1.675782 1.669330
-1.041036 1.659926 1.674766
-1.028252 1.663892 1.677918
-1.020075 1.643168 1.705642
-1.022770 1.647098 1.697684
-1.030089 1.641027 1.700975
-1.025390 1.635129 1.710093
-1.008755 1.628273 1.723802
-1.011266 1.615441 1.728615
-0.998937 1.617238 1.733119
-0.996848 1.628690 1.727146
-0.969598 1.643767 1.701932
-0.975486 1.646657 1.699262
-0.977412 1.645134 1.707153
-0.971037 1.641205 1.709761
-0.965241 1.650481 1.689850
-0.960728 1.655587 1.685704
-0.966083 1.654757 1.681259
-0.970261 1.650485 1.686204
-0.962961 1.640427 1.703265
-0.965050 1.637413 1.710903
-0.963294 1.645633 1.697937
-0.968391 1.646784 1.695481
-0.953246 1.650550 1.701833
-0.949010 1.653953 1.700817
-0.952252 1.656824 1.696809
-0.956713 1.651365 1.698402
-0.959367 1.643469 1.702217
-0.955413 1.642955 1.703145
-0.955599 1.646572 1.702654
-0.959296 1.646835 1.700510
-0.960413 1.650452 1.693618
-0.956152 1.656145 1.690878
-0.950587 1.660393 1.688281
-0.945777 1.660733 1.695012
-0.975345 1.632790 1.723841
-0.969233 1.631112 1.723860
-0.967000 1.634827 1.717874
-0.973142 1.637752 1.717195
-0.956291 1.638793 1.705302
-0.952239 1.631468 1.719527
-0.946940 1.633190 1.715933
-0.948480 1.635139 1.712703
-0.953896 1.633299 1.716482
-0.976976 1.620577 1.734456
-0.974969 1.613511 1.739530
-0.967474 1.617090 1.736047
-0.969508 1.621557 1.732791
-0.963636 1.611891 1.739499
-0.971784 1.606497 1.743019
-0.959576 1.595032 1.748102
-0.952389 1.606258 1.744078
-0.958987 1.608446 1.742381
-0.966425 1.599967 1.745942
-0.942257 1.612751 1.735672
-0.944148 1.604862 1.744823
-0.936528 1.603473 1.743617
-0.936526 1.612076 1.733450
-0.951520 1.622744 1.721290
-0.951503 1.628438 1.721374
-0.954957 1.626449 1.723000
-0.955184 1.623534 1.722908
-0.958225 1.622522 1.724659
-0.958334 1.623532 1.724618
-0.959585 1.624282 1.725077
-0.959165 1.622727 1.725932
-0.956974 1.623145 1.723773
-0.957551 1.622154 1.723769
-0.954831 1.622953 1.723634
-0.950875 1.624187 1.723607
-0.936707 1.624510 1.718922
-0.939171 1.624548 1.714598
-0.942166 1.624265 1.716442
-0.940332 1.625253 1.720926
-0.958263 1.626566 1.723778
-0.956062 1.628833 1.721983
-0.957795 1.630625 1.720121
-0.960974 1.627932 1.723708
-0.964368 1.629894 1.723483
-0.965379 1.626458 1.727139
-0.962009 1.625354 1.725825
-0.957909 1.622066 1.726732
-0.961525 1.622597 1.727961
-0.960038 1.621043 1.729334
-0.957240 1.619675 1.730351
-0.955130 1.621951 1.727055
-0.951003 1.622213 1.727086
-0.952255 1.618683 1.730829
-0.946843 1.618586 1.730382
-0.945628 1.622421 1.726482
-0.962038 1.633104 1.718177
-0.964669 1.622141 1.730661
-0.969996 1.626920 1.728370
-0.962808 1.619236 1.732771
-0.959466 1.616453 1.734577
-0.948864 1.613414 1.736205
-0.954797 1.614632 1.735962
-0.950341 1.593690 1.748774
-0.941018 1.592715 1.748075
-1.005044 1.668613 1.678382
-0.999040 1.669256 1.673373
-1.004400 1.662298 1.683038
-1.001254 1.663912 1.680350
-1.001936 1.664722 1.678894
-1.006410 1.663343 1.682709
-1.017539 1.650806 1.693812
-1.015811 1.648028 1.699415
-1.011969 1.651367 1.693409
-1.013064 1.653642 1.690473
-0.999765 1.652009 1.696501
-1.000731 1.656076 1.690465
-1.004678 1.655127 1.690574
-1.005000 1.651297 1.697277
-0.996821 1.656353 1.688519
-0.994960 1.652554 1.694172
-0.991188 1.652712 1.690465
-0.993420 1.656326 1.685956
-0.998234 1.664539 1.675474
-0.997122 1.663349 1.676693
-0.993309 1.660902 1.673583
-0.993354 1.662109 1.671472
-0.984573 1.652503 1.671496
-0.982097 1.652006 1.670763
-0.983678 1.654038 1.668392
-0.986315 1.653665 1.670663
-0.985345 1.652853 1.673718
-0.982432 1.651323 1.674435
-1.035879 1.685135 1.631367
-1.046606 1.677092 1.645558
-1.017195 1.686575 1.643428
-1.052603 1.666760 1.659676
-1.054152 1.654652 1.671844
-1.000006 1.605864 1.738233
-0.986641 1.609366 1.740090
-0.986376 1.619342 1.734683
-0.997982 1.594854 1.742346
-0.983517 1.599004 1.744417
-0.973448 1.577825 1.745182
-0.979261 1.587559 1.746421
-1.012872 1.589334 1.734880
-1.012205 1.575652 1.732669
-0.996189 1.578400 1.741505
-1.027107 1.575611 1.722517
-1.030991 1.564638 1.717073
-1.015274 1.556496 1.725900
-1.015766 1.512177 1.732887
-1.028031 1.513643 1.729191
-1.035003 1.495570 1.730069
-1.023990 1.494461 1.734982
-1.013313 1.601917 1.732644
-1.041070 1.640013 1.692337
-1.037498 1.632001 1.702526
-1.031758 1.647405 1.691736
-1.084392 1.647681 1.647720
-1.081574 1.639475 1.662492
-1.067903 1.648146 1.667623
-1.068949 1.658735 1.653206
-1.078360 1.662485 1.606828
-1.083211 1.656584 1.626661
-1.065566 1.670054 1.636188
-1.058038 1.677263 1.618412
-1.092363 1.627855 1.659630
-1.098383 1.632741 1.643516
-1.109169 1.614122 1.642176
-1.101005 1.613398 1.657657
-1.101867 1.636928 1.621019
-1.115212 1.613449 1.619845
-1.039930 1.559199 1.713254
-1.032338 1.546998 1.720264
-1.034106 1.530654 1.723028
-1.021327 1.533470 1.726948
-1.116351 1.609022 1.596399
-1.099817 1.639399 1.598233
-1.102225 1.562024 1.658380
-1.096031 1.572008 1.671014
-1.100896 1.586265 1.665229
-1.109808 1.576620 1.650271
-1.106962 1.550198 1.644552
-1.116274 1.565753 1.632671
-1.067659 1.537126 1.681034
-1.068382 1.525813 1.673199
-1.054838 1.521968 1.674851
-1.055248 1.531679 1.683716
-1.018147 1.666708 1.681612
-1.021977 1.659772 1.686094
-1.014311 1.660909 1.686111
-1.010545 1.665539 1.682860
-1.041771 1.649477 1.683252
-1.031097 1.654973 1.684382
-1.064312 1.637410 1.678629
-1.076798 1.630751 1.674314
-1.093800 1.610369 1.668345
-1.086322 1.622309 1.670094
-1.088822 1.578477 1.678843
-1.091815 1.587944 1.675465
-1.050362 1.553804 1.702283
-1.053052 1.541795 1.692018
-1.045766 1.531555 1.699355
-1.042004 1.540352 1.710891
-1.047068 1.516012 1.677439
-1.046225 1.523230 1.688712
-1.045152 1.507418 1.712526
-1.045626 1.502060 1.701862
-1.050538 1.487985 1.699671
-1.048178 1.490890 1.710684
-1.050757 1.481670 1.686337
-1.046817 1.496474 1.689426
-1.044522 1.489828 1.678037
-1.046395 1.475510 1.673461
-1.002719 1.491348 1.740657
-1.012411 1.492963 1.737917
-1.018550 1.478581 1.739436
-1.007736 1.477577 1.741107
-1.053421 1.475191 1.706293
-1.056789 1.473659 1.693601
-1.065169 1.548722 1.688262
-1.062626 1.559980 1.695542
-1.056397 1.468731 1.680352
-1.044782 1.517231 1.701812
-1.044254 1.510980 1.691220
-1.043909 1.508750 1.667383
-1.051571 1.513115 1.666424
-0.973459 1.648064 1.692174
-0.985901 1.652636 1.682050
-0.983942 1.651918 1.678105
-0.986334 1.653298 1.675961
-0.988187 1.654631 1.679296
-0.989265 1.680459 1.647167
-1.001147 1.682192 1.654192
-0.991932 1.676120 1.663280
-0.980433 1.671379 1.658442
-0.994039 1.640836 1.718162
-0.983335 1.636260 1.722469
-0.979855 1.641939 1.715149
-0.987283 1.646166 1.709965
-1.009748 1.655641 1.688339
-1.008600 1.657745 1.686811
-1.011561 1.656820 1.687809
-0.976704 1.627132 1.729062
-0.985515 1.628272 1.728938
-1.031018 1.623441 1.712131
-1.023640 1.652398 1.690650
-1.067048 1.663161 1.587471
-1.045221 1.680907 1.601981
-1.090548 1.638357 1.576848
-1.110356 1.604900 1.573623
-1.117909 1.553942 1.613652
-1.118180 1.541769 1.593915
-1.104303 1.523592 1.612133
-1.107703 1.536378 1.629091
-1.066197 1.514758 1.665928
-1.039424 1.485262 1.666348
-1.039823 1.471752 1.664022
-1.023577 1.687672 1.618703
-1.004075 1.687329 1.634260
-1.053338 1.642982 1.681494
-1.014518 1.640520 1.711844
-1.006274 1.639447 1.716517
-1.005625 1.646953 1.707425
-1.011595 1.646771 1.704571
-1.018474 1.630242 1.717672
-1.022283 1.616352 1.720735
-1.027520 1.600484 1.722469
-1.026404 1.586947 1.724819
-1.112831 1.594585 1.643867
-1.104665 1.598935 1.658408
-1.121887 1.579059 1.602396
-1.120435 1.589055 1.623989
-1.097842 1.598863 1.667762
-1.117712 1.569996 1.580510
-0.950075 1.637243 1.708889
-0.950869 1.639410 1.704669
-0.957368 1.635758 1.712217
-0.939979 1.622076 1.724922
-0.940941 1.617746 1.728783
-0.936341 1.616910 1.726487
-0.935919 1.621345 1.722691
-0.951606 1.574522 1.744286
-0.962293 1.575218 1.745365
-0.996784 1.507151 1.739935
-1.005440 1.508732 1.737330
-0.952284 1.648641 1.699755
-0.954057 1.645846 1.699807
-0.951739 1.644782 1.697054
-0.951249 1.650170 1.698501
-0.956954 1.624998 1.723941
-0.942437 1.633625 1.713008
-0.942223 1.629975 1.715770
-0.939513 1.629277 1.713758
-0.939728 1.633015 1.711466
-0.991793 1.558725 1.737164
-1.008452 1.530008 1.731430
-1.042520 1.493921 1.721789
-1.038312 1.511864 1.723071
-1.042629 1.524616 1.713617
-1.043453 1.504847 1.680989
-1.040288 1.498708 1.669381
-1.032737 1.494129 1.663066
-1.034849 1.502850 1.663055
-0.976707 1.554740 1.740236
-0.999686 1.523834 1.736722
-0.980221 1.532354 1.739368
-0.964272 1.556097 1.739869
-0.945885 1.646592 1.699292
-0.947308 1.644466 1.699877
-0.944646 1.642819 1.700133
-0.943006 1.646164 1.699275
-0.953019 1.644173 1.701767
-0.951335 1.641693 1.702191
-0.951509 1.643547 1.701229
-0.953555 1.645925 1.701474
-0.951991 1.648984 1.700770
-0.946373 1.652042 1.698752
-0.942801 1.655466 1.700032
-0.949092 1.651547 1.699702
-0.948931 1.646394 1.697528
-0.950125 1.645054 1.698529
-0.952671 1.644173 1.698542
-0.953383 1.644589 1.699797
-0.948310 1.651854 1.698098
-0.950085 1.650686 1.698946
-0.955948 1.659992 1.682148
-0.990251 1.504872 1.739903
-0.970955 1.533063 1.739311
-0.957988 1.622799 1.724187
-0.991553 1.667790 1.667941
-0.998246 1.648334 1.706699
-0.980586 1.648728 1.695109
-0.984808 1.650555 1.690886
-0.987802 1.650354 1.696427
-0.983458 1.647843 1.702413
-0.983509 1.663381 1.664993
-0.978459 1.657973 1.666027
-0.973027 1.662518 1.663235
-0.976124 1.653502 1.670227
-0.977365 1.651219 1.675264
-0.971644 1.652852 1.677402
-0.968352 1.657859 1.670618
-1.009208 1.660510 1.685324
-1.006745 1.660277 1.685009
-0.975128 1.650226 1.683072
-0.979751 1.650268 1.680257
-0.982534 1.650536 1.685489
-0.978085 1.649116 1.688934
-0.992246 1.649642 1.702184
-1.017097 1.655280 1.689427
-1.009134 1.650882 1.695933
-1.053805 1.567315 1.703998
-1.063289 1.571300 1.700079
-1.041882 1.579082 1.717787
-1.042785 1.576492 1.711322
-1.038332 1.572152 1.712217
-1.035738 1.575963 1.715381
-1.079559 1.597245 1.684963
-1.077546 1.601091 1.685518
-1.080826 1.604594 1.682702
-1.084244 1.597426 1.681357
-1.075303 1.608274 1.686245
-1.073384 1.609300 1.688030
-1.069915 1.610061 1.690663
-1.074759 1.611171 1.685531
-1.067743 1.614723 1.688177
-1.071012 1.623179 1.682841
-1.081030 1.616901 1.678496
-1.050804 1.628887 1.691925
-1.061527 1.626431 1.685954
-1.059965 1.615173 1.691006
-1.052862 1.613711 1.697435
-1.037514 1.592291 1.717356
-1.035915 1.583291 1.718277
-1.045302 1.569046 1.708252
-1.095789 1.539164 1.655998
-1.092412 1.551427 1.667769
-1.088034 1.561663 1.677270
-1.082240 1.570684 1.684407
-1.096492 1.526374 1.641930
-1.090344 1.514851 1.627374
-1.043506 1.620275 1.704273
-1.047133 1.608278 1.705743
-1.080904 1.542786 1.675610
-1.082434 1.531538 1.664791
-1.077255 1.553876 1.684832
-1.073736 1.564680 1.691271
-1.081670 1.520104 1.651823
-1.074372 1.510094 1.641972
-1.059175 1.506336 1.657571
-1.046502 1.586378 1.717238
-1.044693 1.582047 1.720122
-1.042125 1.581517 1.718440
-1.042605 1.586556 1.716132
-1.041947 1.600598 1.712398
-1.036398 1.610405 1.712930
-0.961735 1.659556 1.676739
-0.930419 1.602352 1.740890
-0.932457 1.611361 1.730821
-0.945366 1.637699 1.706305
-0.944085 1.635456 1.709764
-0.941356 1.634549 1.708539
-0.942732 1.637019 1.705097
-0.987786 1.658236 1.668182
-1.043817 1.506620 1.659203
-1.030994 1.482882 1.661553
-1.030950 1.469753 1.659770
-1.050502 1.463478 1.669247
-1.042121 1.459624 1.661723
-0.943634 1.639842 1.702307
-0.946406 1.640146 1.703390
-0.947760 1.647917 1.696979
-0.946616 1.629979 1.718600
-0.949226 1.643789 1.700558
-0.947508 1.642154 1.701593
-0.942528 1.642372 1.699350
-0.942334 1.639127 1.701593
-0.988387 1.652897 1.686085
-0.990688 1.655677 1.682575
-0.945340 1.649380 1.698428
-0.942249 1.650200 1.699722
-1.030093 1.479698 1.736231
-1.040396 1.478893 1.729086
-0.937826 1.628636 1.712464
-0.938236 1.632473 1.710255
-1.055292 1.604836 1.700999
-1.060129 1.607785 1.695759
-1.062291 1.601368 1.699030
-1.057754 1.599117 1.703968
-0.995078 1.490675 1.741255
-1.047856 1.476907 1.718341
-1.032286 1.457839 1.657728
-1.007614 1.654438 1.690063
-1.009331 1.654609 1.689510
-0.989426 1.657007 1.671020
-0.945555 1.625131 1.722523
-0.946598 1.623673 1.718918
-0.956819 1.555806 1.738131
-0.940933 1.645854 1.698867
-1.068866 1.601229 1.692368
-1.065399 1.597864 1.693485
-1.066418 1.600805 1.696840
-1.068246 1.603492 1.694541
-1.068622 1.607777 1.694594
-1.071915 1.609917 1.693035
-1.071769 1.606970 1.694990
-1.069199 1.604471 1.695825
-1.065737 1.609230 1.692581
-1.065534 1.605288 1.695957
-1.075634 1.610147 1.691983
-1.074943 1.608241 1.693898
-1.075626 1.604785 1.686580
-1.074541 1.609071 1.687339
-1.079245 1.606023 1.685899
-1.080999 1.608167 1.691621
-1.084566 1.601218 1.686298
-1.086046 1.603835 1.692507
-1.086564 1.594716 1.688905
-1.089490 1.597593 1.694161
-1.045264 1.593601 1.712574
-1.049619 1.590054 1.712168
-1.085235 1.589146 1.693237
-1.089131 1.591845 1.697786
-1.082227 1.584006 1.698731
-1.086314 1.586416 1.702830
-1.077929 1.579855 1.704696
-1.081192 1.582239 1.708180
-1.071883 1.577170 1.709892
-1.074888 1.579909 1.712839
-1.063825 1.575871 1.715749
-1.067458 1.579089 1.716873
-1.084599 1.595478 1.692457
-1.082859 1.600760 1.690642
-1.077806 1.593065 1.686169
-1.079582 1.606064 1.691858
-1.068139 1.589532 1.696399
-1.065681 1.589744 1.697726
-1.064771 1.591133 1.696877
-1.066169 1.591373 1.695273
-1.058300 1.594792 1.705074
-1.054991 1.592805 1.708850
-1.053129 1.595229 1.709682
-1.052274 1.588654 1.711162
-1.053388 1.591230 1.706923
-1.051512 1.590241 1.708601
-1.054901 1.592546 1.702721
-1.053718 1.588029 1.710361
-1.053838 1.589218 1.712317
-1.052769 1.586334 1.707233
-1.051680 1.586889 1.707088
-1.051678 1.586941 1.704371
-1.054276 1.588304 1.701023
-1.050087 1.599915 1.707374
-1.056079 1.575557 1.705823
-1.063771 1.578319 1.702045
-1.060220 1.578781 1.719953
-1.055645 1.575132 1.720495
-1.046655 1.579600 1.721391
-1.050018 1.576474 1.721771
-1.075529 1.589326 1.689706
-1.073315 1.585499 1.694164
-1.048369 1.576651 1.710718
-1.069216 1.581263 1.697420
-1.067359 1.581980 1.713860
-1.061570 1.582466 1.715326
-1.072942 1.582134 1.710631
-1.052850 1.587821 1.714929
-1.056779 1.585004 1.716284
-1.054230 1.580948 1.720335
-1.049898 1.583757 1.718923
-1.061785 1.585762 1.713196
-1.066795 1.585865 1.712709
-1.060427 1.585142 1.709316
-1.065405 1.584406 1.708990
-1.056649 1.586985 1.709846
-1.057701 1.587771 1.713103
-1.058584 1.584450 1.706993
-1.063365 1.585664 1.702827
-1.054003 1.585973 1.706939
-1.069632 1.586108 1.707262
-1.067338 1.586449 1.700371
-1.071736 1.590572 1.702516
-1.072579 1.589301 1.705417
-1.071512 1.586142 1.710648
-1.075258 1.587173 1.707054
-1.077624 1.583875 1.706404
-1.078320 1.589395 1.702542
-1.081301 1.587034 1.701078
-1.075604 1.591737 1.703155
-1.073139 1.592767 1.701484
-1.083960 1.590798 1.696099
-1.079904 1.592315 1.697999
-1.081269 1.596058 1.694837
-1.077330 1.593852 1.699432
-1.077487 1.596682 1.696599
-1.074765 1.594634 1.699830
-1.073645 1.596246 1.697782
-1.073171 1.606079 1.692845
-1.070329 1.605416 1.693756
-1.076700 1.603142 1.691252
-1.073480 1.601296 1.692662
-1.072641 1.602744 1.691061
-1.069652 1.602119 1.691583
-1.069923 1.600152 1.693815
-1.068596 1.597810 1.695895
-1.018715 1.453045 1.746078
-1.011188 1.451997 1.744980
-1.006953 1.462525 1.742433
-1.014214 1.464106 1.742653
-1.075585 1.599458 1.694639
-1.071488 1.598446 1.695896
-1.079994 1.600167 1.692723
-1.070169 1.593572 1.698226
-1.070198 1.595974 1.697497
-1.071378 1.594658 1.699083
-1.071406 1.593287 1.699624
-1.060349 1.596395 1.700694
-1.058275 1.593150 1.700021
-1.060107 1.589769 1.702243
-1.050353 1.434516 1.740980
-1.044313 1.441529 1.735474
-1.058851 1.441546 1.725004
-1.065276 1.435482 1.729140
-1.060694 1.426483 1.761782
-1.079744 1.428586 1.747448
-1.075378 1.419100 1.772303
-1.061774 1.415650 1.778260
-1.073811 1.409328 1.792789
-1.062311 1.405440 1.795722
-1.071092 1.376393 1.840169
-1.057453 1.376749 1.842492
-1.059617 1.386769 1.828020
-1.072684 1.387068 1.825765
-1.091122 1.316479 1.887331
-1.086735 1.298709 1.889424
-1.075132 1.304237 1.894393
-1.081238 1.319926 1.891650
-1.112902 1.392358 1.808985
-1.111998 1.408775 1.799400
-1.118531 1.400465 1.803906
-1.118863 1.381850 1.810535
-1.103552 1.439031 1.701853
-1.091494 1.437349 1.723885
-1.083857 1.434668 1.720552
-1.094886 1.438869 1.701943
-1.123377 1.315084 1.846183
-1.120371 1.306492 1.854710
-1.116264 1.317051 1.859994
-1.118093 1.325611 1.851944
-1.101102 1.239706 1.862301
-1.102700 1.223394 1.868704
-1.089555 1.227302 1.881137
-1.088490 1.242333 1.873950
-1.127603 1.239427 1.808238
-1.130156 1.230893 1.789192
-1.128804 1.216715 1.790789
-1.127793 1.224792 1.810225
-1.093024 1.373758 1.834583
-1.083035 1.375329 1.837384
-1.084151 1.386614 1.823246
-1.093343 1.386082 1.821102
-1.186546 1.398104 1.919119
-1.179802 1.384886 1.923894
-1.171211 1.388619 1.902352
-1.177643 1.401729 1.897442
-1.127611 1.147139 1.858212
-1.126677 1.138576 1.840367
-1.129379 1.126052 1.850436
-1.129899 1.135797 1.868047
-1.147798 1.445863 1.792929
-1.141858 1.450929 1.780998
-1.156149 1.457328 1.763660
-1.162290 1.454101 1.777003
-1.118920 1.355536 1.823152
-1.112562 1.364305 1.826442
-1.112435 1.377837 1.817341
-1.119265 1.367162 1.815870
-1.139004 1.256170 1.783779
-1.137491 1.263115 1.800419
-1.141387 1.275518 1.793756
-1.142557 1.269538 1.778728
-1.134019 1.250635 1.805040
-1.135711 1.242748 1.787067
-1.107417 1.368716 1.829350
-1.100950 1.371403 1.831811
-1.100715 1.385322 1.819358
-1.106630 1.383921 1.818428
-1.080602 1.282394 1.886427
-1.066767 1.289247 1.892604
-1.125176 1.144841 1.886277
-1.115977 1.152045 1.903380
-1.114724 1.162243 1.893948
-1.123481 1.155653 1.876807
-1.072739 1.257571 1.876716
-1.074618 1.269045 1.878741
-1.087614 1.266662 1.871997
-1.085667 1.255301 1.868592
-1.103286 1.157823 1.917981
-1.088956 1.162255 1.930707
-1.086657 1.170992 1.919575
-1.101592 1.167125 1.908263
-1.073371 1.398516 1.810099
-1.061529 1.396382 1.812448
-1.106339 1.312349 1.874649
-1.104597 1.295566 1.875515
-1.096655 1.296171 1.882553
-1.099639 1.314079 1.881180
-1.131470 1.347363 1.801342
-1.125412 1.366113 1.808503
-1.125997 1.385335 1.806463
-1.132555 1.358554 1.800258
-1.132696 1.116331 1.858587
-1.133680 1.127275 1.876554
-1.107295 1.151057 1.927944
-1.093076 1.155779 1.941380
-1.155746 1.332721 1.781765
-1.156509 1.324366 1.773695
-1.151059 1.329087 1.779610
-1.149974 1.337507 1.786176
-1.045343 1.322487 1.894060
-1.058246 1.330708 1.891884
-1.064491 1.315291 1.896214
-1.053505 1.302588 1.896157
-1.102152 1.279363 1.871777
-1.099229 1.266121 1.864685
-1.092373 1.279766 1.879168
-1.031807 1.311903 1.892274
-1.040626 1.286146 1.890935
-1.047637 1.393410 1.815223
-1.045398 1.385165 1.829919
-1.048467 1.402849 1.799972
-1.033508 1.399941 1.803943
-1.032685 1.410356 1.789342
-1.047289 1.412833 1.784823
-1.030896 1.421483 1.776663
-1.045134 1.423492 1.770801
-1.035400 1.435263 1.750038
-1.030987 1.442544 1.743679
-1.125313 1.353176 1.812296
-1.125269 1.342936 1.818626
-1.120686 1.144557 1.912755
-1.134727 1.352546 1.670554
-1.130907 1.337552 1.670996
-1.145976 1.346467 1.684683
-1.147908 1.360685 1.682429
-1.111336 1.442192 1.705420
-1.100263 1.440944 1.728329
-1.167866 1.325481 1.749050
-1.161403 1.318898 1.736039
-1.157846 1.312530 1.736462
-1.164393 1.320239 1.750569
-1.164712 1.331567 1.777825
-1.174015 1.336950 1.796298
-1.178247 1.338987 1.795165
-1.168706 1.334937 1.777997
-1.122343 1.116537 1.833263
-1.118732 1.130268 1.823191
-1.111809 1.223257 1.734367
-1.120797 1.223191 1.752595
-1.127861 1.238003 1.750624
-1.120289 1.239438 1.732715
-1.023371 1.330186 1.658348
-1.021738 1.315807 1.661831
-1.043501 1.318449 1.658891
-1.045700 1.332017 1.656092
-1.096446 1.351057 1.650155
-1.098180 1.364332 1.649936
-1.073023 1.357871 1.647137
-1.071374 1.346431 1.649311
-1.115668 1.344205 1.659798
-1.111118 1.330020 1.660975
-1.141642 1.266584 1.763502
-1.137022 1.252983 1.766660
-1.150500 1.285415 1.756772
-1.149939 1.288765 1.769592
-1.152575 1.296427 1.767532
-1.153687 1.293530 1.755823
-1.089273 1.441699 1.696350
-1.092492 1.439578 1.677075
-1.102300 1.437901 1.683477
-1.063851 1.408275 1.647449
-1.064776 1.400589 1.646457
-1.078890 1.406825 1.650578
-1.073588 1.413425 1.650260
-1.037232 1.258461 1.672818
-1.015354 1.255444 1.672509
-1.013934 1.237448 1.682621
-1.036080 1.240147 1.682862
-1.155205 1.301117 1.747828
-1.157836 1.309243 1.755028
-1.159137 1.311697 1.751248
-1.154721 1.303227 1.741702
-1.150600 1.295481 1.736110
-1.146819 1.286945 1.733796
-1.149495 1.285064 1.744862
-1.152312 1.293325 1.744779
-1.127575 1.255882 1.732774
-1.133359 1.253370 1.749509
-1.138540 1.267116 1.747927
-1.134605 1.269538 1.733592
-1.009836 1.178695 1.721046
-1.027594 1.176353 1.720031
-1.028663 1.196854 1.706591
-1.009978 1.196855 1.706406
-1.146667 1.361737 1.807845
-1.142276 1.372846 1.812723
-1.144693 1.372296 1.825884
-1.151795 1.361019 1.822949
-1.196470 1.348609 1.795181
-1.204079 1.352131 1.804803
-1.205789 1.356530 1.802223
-1.198945 1.353390 1.792204
-1.164553 1.348851 1.841430
-1.157027 1.358199 1.840978
-1.163702 1.355533 1.861960
-1.171730 1.345324 1.860879
-1.130704 1.434253 1.688641
-1.119224 1.444387 1.708899
-1.122172 1.435053 1.684930
-1.170348 1.338124 1.818541
-1.177550 1.335844 1.837305
-1.184200 1.333971 1.833631
-1.175962 1.335806 1.815809
-1.199100 1.407058 1.911645
-1.190278 1.410661 1.890110
-1.189221 1.336112 1.880074
-1.198378 1.331894 1.876924
-1.186813 1.333928 1.858863
-1.179524 1.336991 1.861289
-1.102062 1.207484 1.737521
-1.113607 1.207749 1.754476
-1.099721 1.098242 1.806219
-1.112281 1.106628 1.818382
-1.107048 1.121771 1.807080
-1.094239 1.115541 1.794035
-1.125954 1.104227 1.842484
-1.104186 1.084556 1.818414
-1.117023 1.094216 1.829264
-1.075117 1.451682 1.679166
-1.068281 1.447656 1.665694
-1.075619 1.438884 1.662794
-1.082672 1.444033 1.675583
-1.172033 1.029886 1.908864
-1.173347 1.011480 1.925037
-1.178221 1.032468 1.936499
-1.175384 1.049976 1.924955
-1.048597 1.425307 1.648801
-1.063474 1.432416 1.654483
-1.057472 1.442017 1.657419
-1.043624 1.435736 1.652929
-1.170504 1.066424 1.911492
-1.167828 1.048616 1.893927
-1.068912 1.452932 1.698060
-1.080381 1.446066 1.694873
-1.070282 1.443798 1.712813
-1.060883 1.451771 1.713195
-1.050464 1.452049 1.725019
-1.179116 1.053798 1.953128
-1.174416 1.066710 1.942212
-1.062559 1.457618 1.673742
-1.053992 1.452895 1.664208
-1.042902 1.447715 1.657784
-1.031439 1.444229 1.654489
-1.133947 1.092601 1.851493
-1.139155 1.106321 1.868042
-1.147365 0.905139 1.986473
-1.121294 0.892268 1.991553
-1.126731 0.896074 2.012685
-1.157036 0.910338 2.003692
-1.049721 0.890318 1.996530
-1.052409 0.899220 2.021881
-1.091738 0.893239 2.019041
-1.088169 0.887346 1.996454
-1.041730 0.951558 1.876191
-1.070837 0.952373 1.873576
-1.068750 0.972649 1.861811
-1.040607 0.971353 1.863396
-1.113404 1.069770 1.828502
-1.126963 1.080561 1.838938
-1.138389 1.119397 1.885949
-1.227522 1.030625 2.033372
-1.227682 0.998122 2.018873
-1.241122 0.988330 2.043196
-1.242808 1.019439 2.058197
-1.207387 0.929233 2.035983
-1.195622 0.934163 2.013687
-1.167583 0.911958 2.021365
-1.180403 0.910412 2.042408
-1.077888 1.160682 1.954197
-1.096530 1.148821 1.952321
-1.081365 1.153307 1.965395
-1.030397 1.167123 1.976570
-1.048258 1.166435 1.971601
-1.048682 1.159518 1.983993
-1.031106 1.160533 1.989329
-1.046578 1.089910 2.044469
-1.032961 1.090738 2.047104
-1.033309 1.105851 2.034946
-1.047473 1.104288 2.030326
-1.163699 1.082803 1.960502
-1.147502 1.093800 1.975810
-1.142518 1.100248 1.966896
-1.157716 1.090807 1.950238
-1.057683 0.913489 2.044023
-1.095524 0.903247 2.040352
-1.232697 1.045765 2.073735
-1.214454 1.054774 2.047016
-1.214069 1.063015 2.094208
-1.187659 1.065675 2.110151
-1.170506 1.071920 2.084794
-1.195782 1.070093 2.066045
-1.045623 1.015763 2.082083
-1.055109 1.044437 2.073438
-1.066779 1.038165 2.075458
-1.057770 1.012155 2.083854
-1.046612 0.894012 1.948546
-1.047736 0.889437 1.970773
-1.081906 0.885873 1.972040
-1.077827 0.891340 1.946937
-1.090832 1.077111 1.811962
-1.097291 1.060623 1.822160
-1.074930 1.072232 1.807865
-1.085535 1.092949 1.797201
-1.069455 1.089314 1.791741
-1.071650 1.211600 1.708978
-1.088260 1.208256 1.722227
-1.098983 1.224722 1.717486
-1.083735 1.230198 1.702624
-1.065946 1.321551 1.655818
-1.068803 1.334487 1.652827
-1.141960 0.900406 2.050678
-1.099891 0.910163 2.057816
-1.132807 0.902210 2.082822
-1.164490 0.898920 2.071324
-1.219107 0.923637 2.058184
-1.240228 0.948532 2.059370
-1.228320 0.957475 2.035559
-1.254045 0.980230 2.068338
-1.257002 1.011350 2.082255
-1.229599 1.054215 2.119902
-1.202806 1.056416 2.135025
-1.116810 1.011404 2.127799
-1.135237 1.032845 2.126531
-1.149387 1.022685 2.147002
-1.130180 1.000466 2.144876
-1.082982 1.088126 2.035785
-1.108355 1.094067 2.011276
-1.115180 1.087178 2.020025
-1.095613 1.078498 2.041646
-1.032939 1.172512 1.963344
-1.046097 1.172226 1.958812
-1.062950 1.164151 1.964303
-1.059597 1.170644 1.952391
-1.074307 1.166974 1.942587
-1.040575 1.224175 1.918437
-1.057973 1.220687 1.911530
-1.056137 1.206799 1.921150
-1.039836 1.210320 1.928332
-1.041297 1.239034 1.907931
-1.059412 1.235826 1.901289
-1.039577 1.267307 1.886319
-1.059408 1.274537 1.885152
-1.056681 1.262085 1.882571
-1.032610 1.389802 1.818052
-1.030867 1.381343 1.831860
-1.169675 1.074575 1.969622
-1.083571 0.930553 2.080158
-1.081706 0.946995 2.099467
-1.103047 0.935509 2.115751
-1.110617 0.916776 2.099247
-1.168259 1.080425 1.931482
-1.130277 1.136811 1.895569
-1.132818 1.130248 1.904647
-1.119941 1.251823 1.830916
-1.120949 1.232850 1.830128
-1.070290 1.334733 1.888043
-1.071906 1.323815 1.893064
-1.215284 0.963014 2.009510
-1.243222 1.044019 2.145566
-1.256142 1.034364 2.171037
-1.229923 1.034470 2.186534
-1.217241 1.045952 2.160532
-1.137336 0.968702 2.159376
-1.147358 0.988804 2.164573
-1.166238 0.977392 2.184755
-1.157883 0.955447 2.177954
-1.178367 0.946251 2.199438
-1.184550 0.966464 2.207672
-1.200973 0.954684 2.230644
-1.195789 0.935346 2.220368
-1.249819 1.038011 2.101246
-1.281856 0.994215 2.134448
-1.275198 1.018575 2.152077
-1.262670 1.027905 2.126743
-1.269600 1.002788 2.108798
-1.195024 0.907495 2.063293
-1.116273 0.978360 2.139558
-1.101874 0.988877 2.124903
-1.158248 0.918179 2.158650
-1.167980 0.901017 2.144954
-1.140364 0.907192 2.123945
-1.131003 0.926947 2.138847
-1.250445 0.917934 2.106835
-1.267635 0.941135 2.110291
-1.255113 0.946288 2.085113
-1.236376 0.922409 2.083238
-1.266494 0.974647 2.094544
-1.277984 0.966742 2.120001
-1.305586 0.978997 2.187150
-1.297029 1.000234 2.205813
-1.286873 1.009808 2.178529
-1.294142 0.986444 2.160602
-1.303807 0.953473 2.170303
-1.290803 0.959739 2.144998
-1.280782 0.935604 2.134544
-1.294105 0.931073 2.159238
-1.278940 0.912052 2.154871
-1.265466 0.915543 2.131275
-1.246523 0.898929 2.133390
-1.261660 0.896971 2.155738
-1.225626 0.889785 2.139821
-1.206143 0.889504 2.151682
-1.225339 0.887614 2.171500
-1.242937 0.888465 2.161230
-1.200598 0.902723 2.197413
-1.210748 0.892079 2.184070
-1.190523 0.896266 2.165110
-1.180967 0.910601 2.178696
-1.264036 0.870386 2.252847
-1.276033 0.873288 2.240993
-1.262142 0.879121 2.232112
-1.250028 0.878727 2.244983
-1.287617 0.876333 2.230170
-1.301255 0.880163 2.222083
-1.289454 0.886245 2.214400
-1.276237 0.882574 2.222811
-1.318243 0.905184 2.214628
-1.304096 0.893538 2.210667
-1.315699 0.886733 2.219504
-1.329518 0.896991 2.224438
-1.344344 0.909499 2.232532
-1.333613 0.919637 2.220696
-1.349354 0.921680 2.249042
-1.339625 0.934743 2.234440
-1.335706 0.950052 2.256029
-1.344565 0.932392 2.271312
-1.246652 0.907780 2.281934
-1.257886 0.890442 2.292718
-1.252176 0.880412 2.279884
-1.240180 0.895351 2.271172
-1.270316 0.938910 2.300169
-1.287857 0.960835 2.306525
-1.298975 0.933144 2.317268
-1.283334 0.913698 2.308051
-1.316000 0.948210 2.194443
-1.316272 0.971575 2.213265
-1.292681 0.909826 2.177919
-1.307178 0.927655 2.182995
-1.217898 0.894461 2.215234
-1.228963 0.886923 2.202144
-1.217598 0.940644 2.252033
-1.212224 0.922804 2.240601
-1.302015 0.987701 2.276419
-1.288984 0.998989 2.250414
-1.307326 0.990472 2.233148
-1.319835 0.980214 2.258840
-1.328069 0.942272 2.216096
-1.320987 0.924499 2.203965
-1.306166 0.908069 2.197976
-1.291461 0.895185 2.195764
-1.276109 0.887801 2.200239
-1.260727 0.884317 2.207823
-1.246044 0.882441 2.217718
-1.234644 0.886732 2.231529
-1.227236 0.909398 2.257497
-1.233253 0.924395 2.268523
-1.322166 0.945285 2.310614
-1.312526 0.971812 2.298853
-1.329637 0.966129 2.278982
-1.340598 0.943925 2.291363
-1.331487 0.916804 2.316853
-1.310833 0.907495 2.321908
-1.299325 0.863522 2.234962
-1.311573 0.867804 2.227963
-1.326109 0.874304 2.225808
-1.354373 0.893997 2.239731
-1.358857 0.903256 2.261912
-1.357150 0.910479 2.284475
-1.349546 0.920600 2.301661
-1.280467 0.842607 2.285985
-1.267141 0.863985 2.283869
-1.271322 0.872605 2.296799
-1.285980 0.849801 2.299963
-1.288504 0.837468 2.258893
-1.296282 0.838028 2.244647
-1.288847 0.861536 2.246305
-1.279574 0.858931 2.257611
-1.308270 0.841546 2.233598
-1.322992 0.847322 2.227923
-1.338381 0.854862 2.225865
-1.365761 0.872061 2.246540
-1.341337 0.883859 2.229208
-1.354278 0.863275 2.230380
-1.370501 0.880236 2.273738
-1.376423 0.854995 2.306616
-1.362811 0.882915 2.300049
-1.384783 0.854202 2.280588
-1.387495 0.762076 2.339107
-1.407402 0.768861 2.327445
-1.414587 0.736421 2.334057
-1.397014 0.729581 2.343983
-1.297436 0.823181 2.303605
-1.291235 0.815738 2.289140
-1.294905 0.809831 2.259337
-1.303517 0.810794 2.243891
-1.393490 0.820376 2.256016
-1.379622 0.847359 2.251874
-1.367216 0.838390 2.232516
-1.380736 0.811132 2.235321
-1.326321 0.736250 2.326198
-1.318458 0.728035 2.310306
-1.307173 0.757004 2.302456
-1.314400 0.765181 2.319280
-1.311882 0.781530 2.246414
-1.302843 0.780713 2.263333
-1.312154 0.750816 2.269366
-1.322281 0.752117 2.252253
-1.413040 0.759771 2.273614
-1.404499 0.790620 2.262654
-1.393235 0.781577 2.241932
-1.403602 0.750865 2.253867
-1.387580 0.827679 2.313365
-1.397558 0.826946 2.284832
-1.407463 0.797929 2.291487
-1.398557 0.798630 2.319620
-1.366505 0.820346 2.326190
-1.377969 0.792510 2.332551
-1.355427 0.671060 2.325968
-1.336427 0.699673 2.318139
-1.343785 0.706548 2.332221
-1.361276 0.675598 2.338477
-1.334995 0.722779 2.261289
-1.323820 0.721321 2.277338
-1.341206 0.694062 2.288084
-1.351284 0.695055 2.274228
-1.429715 0.693390 2.300400
-1.421325 0.727466 2.286824
-1.412829 0.718568 2.268661
-1.420309 0.685266 2.283746
-1.422959 0.701199 2.341133
-1.423589 0.735596 2.311687
-1.432001 0.700078 2.321822
-1.430980 0.667836 2.350468
-1.417725 0.664233 2.358252
-1.407275 0.695782 2.350056
-1.378380 0.647501 2.343839
-1.371598 0.642753 2.333488
-1.372881 0.639422 2.314213
-1.379771 0.639538 2.301933
-1.366733 0.667361 2.288556
-1.358401 0.666853 2.301387
-1.395690 0.673226 2.274375
-1.380077 0.669683 2.278937
-1.392134 0.641759 2.292993
-1.406689 0.644809 2.289655
-1.426677 0.655573 2.299407
-1.409232 0.678723 2.275640
-1.416328 0.648513 2.291121
-1.436239 0.662118 2.313321
-1.439468 0.667439 2.333169
-1.056289 0.949181 2.070967
-1.063707 0.968628 2.088372
-1.070539 0.959653 2.091446
-1.067618 0.943165 2.070282
-1.182726 1.000823 2.191916
-1.165490 1.012276 2.168227
-1.213069 0.975545 2.239605
-1.198334 0.989164 2.216563
-1.227759 0.960002 2.260055
-1.243642 0.941389 2.277355
-1.257083 0.920396 2.290701
-1.268819 0.899993 2.300490
-1.283459 0.880202 2.306612
-1.298284 0.856876 2.311488
-1.320590 0.804002 2.321980
-1.306195 0.794638 2.310852
-1.310882 0.830900 2.315127
-1.342879 0.745880 2.337089
-1.330447 0.775519 2.330150
-1.357728 0.713566 2.342443
-1.373543 0.681081 2.347515
-1.389945 0.653128 2.352360
-1.132638 1.066813 2.079151
-1.112787 1.048504 2.092485
-1.102275 1.053725 2.079194
-1.119834 1.070376 2.062227
-1.040186 0.987173 2.080795
-1.042310 1.000038 2.083285
-1.053195 0.997295 2.084614
-1.049250 0.985858 2.082501
-1.326941 0.962792 2.236551
-1.276750 0.895577 2.177072
-1.260219 0.888473 2.182316
-1.243945 0.886176 2.191386
-1.258275 0.962792 2.287125
-1.244286 0.980505 2.266002
-1.265162 0.995517 2.262623
-1.277171 0.981861 2.287084
-1.355240 0.844115 2.321124
-1.342613 0.811393 2.325673
-1.332027 0.838080 2.322058
-1.346352 0.869005 2.318534
-1.334283 0.822130 2.225766
-1.351181 0.829832 2.224537
-1.327189 0.786391 2.233173
-1.345286 0.793638 2.225444
-1.317655 0.815782 2.232589
-1.218236 1.009606 2.219553
-1.241571 1.022331 2.212473
-1.252628 1.009104 2.238054
-1.230131 0.995631 2.242757
-1.103604 1.138775 1.795354
-1.092164 1.134862 1.781851
-1.118239 1.285397 1.854836
-1.118675 1.270537 1.844753
-1.109923 1.267026 1.855429
-1.110781 1.280761 1.863872
-1.124701 1.277687 1.837007
-1.123427 1.292630 1.846974
-1.127199 1.301560 1.838917
-1.129265 1.286857 1.829835
-1.137070 1.334451 1.794619
-1.137733 1.342386 1.792769
-1.041048 1.253413 1.896755
-1.021440 1.254557 1.899963
-1.020444 1.267210 1.889428
-1.065449 1.156951 1.976410
-1.082151 1.104018 2.015789
-1.062855 1.089399 2.042294
-1.064446 1.104948 2.025398
-1.035400 1.038830 2.079182
-1.045786 1.174940 1.723075
-1.047462 1.196136 1.710555
-1.047926 1.344516 1.652906
-1.024358 1.343561 1.655479
-1.048895 1.366496 1.648731
-1.047561 1.377001 1.647109
-1.025447 1.375349 1.649922
-1.025995 1.365249 1.651774
-1.031625 1.434715 1.651058
-1.030372 1.421613 1.648015
-1.043539 0.972419 2.077431
-1.055585 0.982977 2.084867
-1.047074 0.965775 2.076217
-1.106019 1.021302 2.113275
-1.091756 1.000261 2.113480
-1.084568 1.008236 2.103413
-1.097743 1.028081 2.100463
-1.211251 1.042444 2.011496
-1.213631 1.011350 1.996127
-1.133905 0.902254 2.032264
-1.221058 1.330454 1.919720
-1.232022 1.331859 1.916301
-1.220274 1.330759 1.894495
-1.209682 1.330086 1.898160
-1.060739 1.261325 1.673820
-1.064065 1.240976 1.687399
-1.078033 1.438007 1.714419
-1.132260 1.449176 1.720067
-1.119450 1.450740 1.741487
-1.113801 1.447206 1.735708
-1.125569 1.446541 1.713394
-1.157129 1.383240 1.688982
-1.155345 1.400448 1.687837
-1.147908 1.394710 1.679302
-1.148782 1.376361 1.679915
-1.042205 0.933020 1.891088
-1.071699 0.932252 1.887671
-1.031755 1.110610 1.768799
-1.049163 1.108262 1.770862
-1.046482 1.129511 1.753942
-1.029128 1.132228 1.751763
-1.087820 1.255411 1.686916
-1.098082 1.246126 1.700624
-1.028419 1.334552 1.885005
-1.027081 1.350887 1.872669
-1.041193 1.354593 1.871958
-1.042117 1.340661 1.884555
-1.224959 1.347059 1.853050
-1.209781 1.340981 1.835981
-1.202546 1.334114 1.847321
-1.216504 1.334739 1.865455
-1.200365 0.973222 1.985390
-1.183608 0.935956 1.993883
-1.120527 1.176980 1.785450
-1.108710 1.172428 1.767105
-1.105708 1.154587 1.781099
-1.117091 1.160040 1.798429
-1.127059 1.225466 1.770782
-1.123878 1.211511 1.773244
-1.132879 1.238609 1.768116
-1.163553 1.324357 1.764448
-1.160536 1.322674 1.767838
-1.160440 1.330147 1.779273
-1.123253 1.041703 2.108703
-1.081491 1.062774 2.061296
-1.069503 1.068897 2.058796
-1.037332 0.976336 2.077466
-1.053657 1.462563 1.715416
-1.044796 1.464423 1.726758
-1.164652 1.343751 1.820465
-1.171038 1.340721 1.839770
-1.153754 1.303796 1.766708
-1.150131 1.310955 1.777513
-1.149472 1.318525 1.777861
-1.153465 1.311932 1.769401
-1.156318 1.309399 1.761825
-1.155276 1.300766 1.756550
-1.105295 1.398701 1.807372
-1.099182 1.400333 1.806645
-1.098390 1.413946 1.793218
-1.105643 1.412958 1.795792
-1.092652 1.399506 1.806474
-1.084209 1.398587 1.807714
-1.083968 1.410911 1.790747
-1.092326 1.412130 1.790606
-1.070560 1.434727 1.738378
-1.054834 1.433817 1.751997
-1.039063 1.431707 1.760795
-1.025556 1.431216 1.766950
-1.031765 1.409775 1.646920
-1.028129 1.396652 1.648687
-1.046843 1.398687 1.647372
-1.051951 1.412360 1.646790
-1.038016 1.455784 1.734914
-1.027934 1.453722 1.741778
-1.021006 1.443641 1.750585
-1.211412 1.408969 1.904803
-1.203550 1.413035 1.884296
-1.064535 1.461947 1.687908
-1.060423 1.462862 1.702555
-1.217612 1.410597 1.877586
-1.225338 1.405487 1.899550
-1.099646 1.435573 1.754313
-1.107332 1.443595 1.731404
-1.105753 1.438435 1.757511
-1.034576 1.468273 1.735686
-1.024205 1.465735 1.740785
-1.198018 1.027279 1.977479
-1.193642 1.051694 1.992010
-1.122237 1.167703 1.866024
-1.125519 1.160296 1.847702
-1.022027 1.225838 1.922058
-1.022684 1.211732 1.931832
-1.000633 1.475786 1.741666
-1.042204 1.182125 1.947844
-1.024784 1.180952 1.952085
-1.023513 1.196857 1.940924
-1.040460 1.195966 1.937824
-1.021646 1.170813 1.967225
-1.021590 1.168022 1.974642
-1.043516 1.076599 2.055351
-1.033177 1.077163 2.056930
-1.155711 1.415017 1.841753
-1.149336 1.419595 1.827583
-1.158477 1.433694 1.818846
-1.165733 1.427545 1.833835
-1.056931 1.180499 1.941130
-1.071969 1.175817 1.930712
-1.130428 1.337406 1.805976
-1.135959 1.324832 1.797628
-1.020364 1.283544 1.889849
-1.056926 1.344613 1.882820
-1.056021 1.356474 1.870434
-1.069289 1.356915 1.867368
-1.069959 1.346537 1.879223
-1.036599 0.969141 2.074022
-1.209972 1.388484 1.787091
-1.204660 1.386739 1.773337
-1.204476 1.376760 1.777976
-1.210238 1.379189 1.791377
-1.079809 0.979530 2.107281
-1.090573 0.968778 2.117002
-1.061471 0.927500 2.057747
-1.044051 0.936461 2.059691
-1.175634 1.044847 2.144719
-1.159438 1.053950 2.120947
-1.189647 1.032814 2.168246
-1.204609 1.021785 2.194116
-1.297837 0.889472 2.313794
-1.319482 0.866980 2.319422
-1.353762 0.783234 2.331362
-1.365250 0.753543 2.337864
-1.376978 0.721224 2.343903
-1.389770 0.688152 2.349535
-1.403713 0.658988 2.357300
-1.236962 1.397107 1.896897
-1.230471 1.400615 1.872399
-1.239027 1.385906 1.872658
-1.245864 1.385445 1.897115
-1.180830 1.342553 1.882086
-1.172158 1.352452 1.883173
-1.180881 1.349394 1.903350
-1.190033 1.340551 1.901579
-1.199753 1.337565 1.922220
-1.210248 1.332076 1.920943
-1.199555 1.333969 1.899758
-1.241553 1.338621 1.910329
-1.247926 1.348780 1.905262
-1.238362 1.347128 1.881310
-1.229958 1.335818 1.888727
-1.250666 1.372596 1.898464
-1.242841 1.371710 1.874696
-1.242232 1.358948 1.877554
-1.250865 1.359933 1.901435
-1.178364 1.370403 1.926278
-1.182118 1.356883 1.926208
-1.173334 1.361489 1.904728
-1.170479 1.374131 1.904327
-1.173155 1.442867 1.806356
-1.180222 1.435380 1.823783
-1.135764 1.368420 1.798132
-1.130323 1.386015 1.805861
-1.134201 1.388512 1.810179
-1.135197 1.369989 1.800968
-1.181359 1.415425 1.868926
-1.173374 1.421339 1.849537
-1.187129 1.426336 1.842474
-1.194873 1.418254 1.863236
-1.162522 1.377589 1.882954
-1.165196 1.364342 1.883864
-1.157124 1.366977 1.862527
-1.154261 1.380513 1.862709
-1.207799 1.330890 1.873806
-1.194955 1.332380 1.854057
-1.143868 1.403837 1.832188
-1.149525 1.399525 1.845994
-1.130865 1.328469 1.812621
-1.147082 1.295289 1.782649
-1.149084 1.303478 1.779225
-1.111176 1.296643 1.868796
-1.111011 1.311517 1.869074
-1.133001 1.273782 1.816149
-1.137080 1.285087 1.808438
-1.116113 1.300112 1.862307
-1.114182 1.310449 1.864757
-1.074721 1.245861 1.883714
-1.023237 1.436496 1.757067
-1.161747 1.409992 1.857024
-1.155668 1.395277 1.861441
-1.198075 1.338796 1.822444
-1.186948 1.338148 1.809426
-1.181539 1.336579 1.812183
-1.191029 1.334663 1.828842
-1.122065 1.282164 1.695297
-1.105479 1.269217 1.690437
-1.112079 1.262289 1.702725
-1.124939 1.276909 1.706093
-1.209363 1.405031 1.786728
-1.208254 1.414086 1.792456
-1.202782 1.418721 1.774277
-1.204456 1.406923 1.771230
-1.198203 1.431211 1.781312
-1.204708 1.424780 1.802298
-1.195226 1.433665 1.813493
-1.188812 1.441478 1.794115
-1.176020 0.992892 1.940315
-1.183378 1.017220 1.951347
-1.123732 1.137992 1.922390
-1.110828 1.143705 1.938057
-1.103351 1.105848 2.000655
-1.077663 1.035890 2.083782
-1.067193 1.012102 2.090489
-1.107222 0.956561 2.130449
-1.185243 1.038818 1.963272
-1.131711 0.947532 2.150473
-1.156119 0.937721 2.170051
-1.185124 0.891543 2.130626
-1.207715 0.891631 2.118490
-1.186843 0.894360 2.094789
-1.160535 0.894711 2.106631
-1.230345 0.901195 2.110354
-1.212480 0.903757 2.086445
-1.277619 1.010540 2.223341
-1.337501 0.756222 2.238333
-1.369182 0.732887 2.242045
-1.356538 0.763430 2.230518
-1.350915 0.727014 2.248991
-1.375720 0.772203 2.231586
-1.363311 0.802012 2.225656
-1.415837 0.768082 2.301705
-1.365904 0.698268 2.263331
-1.382722 0.703394 2.258074
-1.388032 0.741949 2.243793
-1.399330 0.710695 2.259670
-1.073447 0.987274 2.099412
-1.197538 1.065831 2.029814
-1.178827 1.073468 2.009413
-1.125952 1.084219 2.030167
-1.107335 1.074746 2.050017
-1.085707 1.182584 1.909386
-1.101121 1.178759 1.898082
-1.102425 1.207069 1.877627
-1.114487 1.202903 1.862693
-1.113827 1.187651 1.872793
-1.101696 1.192083 1.887757
-1.127734 1.190984 1.825784
-1.127090 1.183542 1.805088
-1.124248 1.167142 1.817157
-1.125254 1.174756 1.836457
-1.123503 1.152251 1.829215
-1.116386 1.144250 1.811888
-1.063246 1.150729 1.743732
-1.078405 1.150905 1.753532
-1.079462 1.171975 1.738753
-1.063207 1.173323 1.729602
-1.056795 1.075078 2.055818
-1.061772 0.995615 2.088534
-1.145752 1.061336 2.098364
-1.154579 1.077900 2.061690
-1.176627 1.077369 2.042694
-1.158769 1.351892 1.821471
-1.153047 1.311293 1.722052
-1.150499 1.304634 1.725110
-1.210883 1.415984 1.823111
-1.201255 1.424233 1.833279
-1.147171 1.383983 1.845753
-1.152617 1.439673 1.805531
-1.143182 1.424413 1.815466
-1.137752 1.429433 1.805510
-1.128761 1.096969 1.994040
-1.154876 1.087137 1.986579
-1.136038 1.089909 2.001048
-1.039451 0.944265 2.063603
-1.090666 1.058337 2.068689
-1.176904 0.928100 2.190742
-1.195230 0.917812 2.210592
-1.211697 0.906907 2.228521
-1.227507 0.896481 2.244912
-1.241728 0.885051 2.258730
-1.255772 0.872883 2.267197
-1.270368 0.859985 2.271570
-1.282881 0.839268 2.273018
-1.298768 0.786136 2.294785
-1.298424 0.782095 2.279580
-1.290891 0.811635 2.274772
-1.307191 0.752109 2.286196
-1.318328 0.722959 2.293836
-1.336294 0.695289 2.302201
-1.355051 0.667762 2.312665
-1.370373 0.640168 2.323287
-1.035812 0.961655 2.070699
-1.037691 0.952972 2.067271
-1.092232 1.431232 1.751607
-1.144419 1.321980 1.786600
-1.143941 1.328558 1.785400
-1.141365 1.387027 1.830946
-1.233937 1.370692 1.853435
-1.232000 1.386577 1.850147
-1.149830 1.369392 1.842370
-1.139212 1.352255 1.791621
-1.137255 1.355445 1.793918
-1.210982 1.425187 2.072137
-1.223319 1.425114 2.074416
-1.214077 1.428076 2.091723
-1.202518 1.427354 2.089455
-1.200000 1.419771 2.071532
-1.192683 1.421204 2.088400
-1.198095 1.366788 2.088535
-1.191601 1.376055 2.082298
-1.188387 1.380574 2.100436
-1.195110 1.372235 2.106563
-1.180431 1.413753 2.106328
-1.179337 1.403827 2.108724
-1.183757 1.401255 2.091321
-1.186229 1.412163 2.089335
-1.221713 1.361958 2.097413
-1.233068 1.366842 2.097591
-1.236740 1.358974 2.080820
-1.224501 1.354429 2.080571
-1.207874 1.356175 2.015442
-1.213426 1.345534 2.021308
-1.213023 1.346160 2.007720
-1.208301 1.356970 2.002390
-1.227782 1.419911 2.037101
-1.240950 1.416587 2.038800
-1.232369 1.420968 2.056384
-1.219411 1.422441 2.054354
-1.198680 1.395052 2.038060
-1.196588 1.381872 2.041126
-1.202477 1.379449 2.022832
-1.205539 1.393002 2.020136
-1.236739 1.415395 2.020000
-1.248748 1.410312 2.020531
-1.188254 1.399332 2.073664
-1.188483 1.387155 2.077113
-1.191994 1.384213 2.059082
-1.193007 1.397324 2.056058
-1.213025 1.376775 2.129893
-1.222348 1.382338 2.129654
-1.228279 1.374655 2.113830
-1.217890 1.369489 2.113998
-1.181223 1.394409 2.112690
-1.185087 1.385386 2.117804
-1.185203 1.390558 2.095026
-1.225054 1.420820 2.116249
-1.215577 1.426897 2.112002
-1.225297 1.423137 2.094753
-1.234943 1.415673 2.099231
-1.203104 1.358567 2.051414
-1.198238 1.369226 2.045642
-1.194548 1.372242 2.064015
-1.200497 1.362306 2.070300
-1.214849 1.415991 2.035667
-1.207237 1.417855 2.053629
-1.244013 1.410129 2.082599
-1.234792 1.419032 2.077606
-1.243648 1.413782 2.060167
-1.252491 1.403508 2.064902
-1.263215 1.382696 2.053377
-1.258792 1.369415 2.057832
-1.253822 1.378183 2.074613
-1.256495 1.391030 2.070313
-1.206218 1.356555 2.032481
-1.213590 1.347190 2.038788
-1.226082 1.347962 2.062474
-1.239403 1.351104 2.063365
-1.240402 1.343904 2.045655
-1.226053 1.342437 2.044197
-1.222905 1.401457 1.987801
-1.235453 1.406263 1.987342
-1.231130 1.410120 2.000827
-1.219312 1.403734 2.001354
-1.244415 1.409588 2.001505
-1.249680 1.404592 1.986096
-1.259580 1.388664 1.962528
-1.266320 1.378561 1.964582
-1.267680 1.381610 1.976477
-1.260517 1.392015 1.974831
-1.273932 1.362796 2.020283
-1.265756 1.349560 2.023137
-1.262795 1.359935 2.040789
-1.269671 1.373326 2.037051
-1.252188 1.333664 2.010782
-1.238091 1.332561 2.013341
-1.240180 1.337214 2.028279
-1.253964 1.340904 2.026246
-1.228794 1.329639 1.958192
-1.217551 1.332736 1.961038
-1.222747 1.331485 1.974303
-1.235083 1.328623 1.973581
-1.204020 1.349629 1.972538
-1.199202 1.351314 1.961700
-1.195567 1.363673 1.960660
-1.201104 1.361646 1.970597
-1.223859 1.403547 1.945633
-1.237221 1.400599 1.940394
-1.238644 1.401558 1.951164
-1.224477 1.402650 1.955276
-1.276138 1.354198 2.005255
-1.266691 1.339293 2.005647
-1.207828 1.348790 1.983230
-1.204173 1.360308 1.979850
-1.206914 1.359102 1.990830
-1.211028 1.347507 1.994762
-1.208212 1.383972 1.972252
-1.213550 1.394237 1.969171
-1.213591 1.392487 1.976915
-1.208546 1.381230 1.981375
-1.223962 1.402261 1.963443
-1.237519 1.403778 1.961343
-1.236191 1.404273 1.972214
-1.222924 1.401723 1.974127
-1.275768 1.349605 1.994276
-1.275300 1.362355 1.989593
-1.273244 1.357785 1.980649
-1.272660 1.346003 1.985249
-1.247483 1.330154 1.998139
-1.233841 1.330409 2.000231
-1.211018 1.379857 1.993108
-1.207045 1.367958 1.997534
-1.206445 1.370597 1.986485
-1.249502 1.399856 1.971722
-1.239793 1.329036 1.955733
-1.249699 1.331787 1.953088
-1.242196 1.331969 1.936412
-1.232144 1.329779 1.939903
-1.221483 1.330867 1.942627
-1.210471 1.334967 1.945237
-1.192202 1.354007 1.946515
-1.188228 1.366472 1.946513
-1.189255 1.381166 1.944150
-1.196218 1.394636 1.939402
-1.204323 1.390934 1.954597
-1.197179 1.377373 1.958164
-1.218493 1.405922 1.927037
-1.232154 1.402098 1.921871
-1.247285 1.393437 1.938356
-1.243220 1.394022 1.920339
-1.215927 1.337693 1.985701
-1.211730 1.339070 1.973841
-1.249092 1.398602 2.087571
-1.247804 1.386705 2.092000
-1.240362 1.394129 2.108560
-1.240497 1.405334 2.104258
-1.228802 1.390952 2.127661
-1.235778 1.383461 2.111705
-1.192132 1.410769 2.071971
-1.198101 1.408996 2.054365
-1.185597 1.422765 2.105461
-1.214393 1.391358 1.988977
-1.211792 1.391088 2.002300
-1.269641 1.366886 1.966783
-1.263966 1.375945 1.952581
-1.266924 1.364590 1.955249
-1.275153 1.369499 1.999990
-1.272409 1.378799 2.013931
-1.263731 1.392586 2.007508
-1.268372 1.382641 1.991001
-1.268134 1.343748 1.976033
-1.270418 1.355008 1.971101
-1.266480 1.353242 1.959259
-1.263031 1.341876 1.963786
-1.211955 1.399119 1.951068
-1.213247 1.395943 1.960691
-1.256814 1.373166 1.921938
-1.260838 1.374496 1.939057
-1.255321 1.384362 1.938770
-1.251741 1.383905 1.921523
-1.257819 1.385955 1.951100
-1.258312 1.361766 1.923541
-1.263152 1.363189 1.941144
-1.206240 1.402825 1.933085
-1.257191 1.340531 1.948713
-1.261892 1.351797 1.944589
-1.255971 1.350466 1.926942
-1.250307 1.339684 1.931499
-1.241779 1.375644 2.095190
-1.246572 1.367688 2.078406
-1.223449 1.336470 2.012364
-1.225337 1.337445 2.026831
-1.220310 1.336907 1.998948
-1.209074 1.361837 2.094477
-1.205956 1.368273 2.111624
-1.212704 1.350571 2.057986
-1.211325 1.355545 2.076556
-1.260026 1.396407 2.047579
-1.252843 1.330955 1.984199
-1.241518 1.329127 1.986430
-1.259024 1.332927 1.994699
-1.199105 1.343489 1.945317
-1.206976 1.340558 1.961894
-1.271821 1.340229 1.996237
-1.189499 1.346978 1.925310
-1.258994 1.396116 1.986731
-1.250422 1.397657 1.961291
-1.249580 1.394608 1.950127
-1.204829 1.430600 2.108581
-1.204365 1.407085 2.036401
-1.207770 1.378270 2.005891
-1.205989 1.366814 2.009865
-1.261955 1.335078 1.980792
-1.255900 1.333050 1.968403
-1.246154 1.329868 1.971434
-1.207432 1.386911 1.964640
-1.201935 1.373973 1.967899
-1.202265 1.375005 2.127872
-1.204558 1.372258 1.976582
-1.254923 1.403346 2.003959
-1.025996 1.354495 1.654418
-1.128242 1.262862 1.822796
-1.097235 1.254826 1.858976
-1.108667 1.253537 1.847492
-1.141862 1.304918 1.795312
-1.143119 1.314608 1.790623
-1.144329 1.338334 1.787602
-1.143052 1.343915 1.791137
-1.133069 1.296712 1.821448
-1.084586 1.590339 1.681753
-1.081880 1.583848 1.684672
-1.091153 1.597985 1.675569
-1.018706 1.174766 1.958259
-1.067018 1.593364 1.694650
-1.066128 1.587860 1.698972
-1.070555 1.590539 1.699129
-1.065484 1.594974 1.693221
-1.065370 1.596118 1.693219
-1.087596 1.607323 1.676537
-1.077075 1.578598 1.689244
-1.071489 1.574852 1.694632
-1.076757 1.606358 1.685589
-1.045873 1.049025 1.818985
-1.023685 1.048673 1.819905
-1.029163 1.030480 1.830866
-1.051956 1.030549 1.829850
-1.032770 1.010354 1.842116
-1.146198 1.008087 1.872683
-1.159501 1.027704 1.880654
-1.152148 1.042720 1.867124
-1.139113 1.025104 1.857653
-1.152560 1.072734 1.870594
-1.143169 1.055759 1.856067
-1.160203 1.061980 1.881875
-1.162991 1.079126 1.899720
-1.155542 1.089307 1.888462
-1.160481 1.092256 1.919314
-1.153037 1.102909 1.907735
-1.152267 1.101888 1.938844
-1.138864 1.109514 1.956489
-1.123407 1.102783 1.980973
-1.100841 1.116017 1.986769
-1.120262 1.113975 1.972153
-1.063465 1.119298 2.010640
-1.081522 1.117465 2.000311
-1.032790 1.122508 2.023083
-1.047748 1.121019 2.018155
-1.085753 1.422052 1.771446
-1.098137 1.428048 1.669706
-1.108332 1.420348 1.666001
-1.112277 1.434399 1.681913
-1.135831 1.367753 1.668474
-1.136437 1.387324 1.669583
-1.118867 1.374281 1.657749
-1.117968 1.359529 1.658289
-1.090587 1.416279 1.659926
-1.082966 1.419438 1.657923
-1.098430 1.406422 1.655279
-1.064577 1.389535 1.646348
-1.083908 1.395896 1.648031
-1.143190 1.437804 1.702042
-1.151248 1.419577 1.690805
-1.157205 1.423846 1.699713
-1.150368 1.442235 1.710392
-1.157106 1.367781 1.692037
-1.156069 1.353246 1.695353
-1.164032 1.359903 1.703858
-1.164138 1.373828 1.699589
-1.168640 1.451278 1.745458
-1.176263 1.436662 1.732391
-1.183942 1.437785 1.747100
-1.175436 1.450315 1.759592
-1.163662 1.389954 1.697567
-1.083014 1.269191 1.676121
-1.101653 1.279539 1.680575
-1.119726 1.289189 1.686441
-1.156118 1.318632 1.719779
-1.146501 1.311072 1.707261
-1.144874 1.302958 1.712167
-1.164860 1.325714 1.732354
-1.171106 1.331758 1.743023
-1.132864 1.410064 1.811983
-1.128528 1.412260 1.806845
-1.131856 1.433963 1.795273
-1.177762 1.342510 1.771772
-1.173569 1.336448 1.759771
-1.171241 1.333776 1.763047
-1.174874 1.339711 1.774714
-1.136470 1.435059 1.694855
-1.188089 1.421481 1.739954
-1.180046 1.419061 1.725858
-1.182215 1.403474 1.726899
-1.190768 1.406012 1.741210
-1.190660 1.393447 1.741863
-1.183136 1.389323 1.728500
-1.183475 1.375821 1.731852
-1.190370 1.380909 1.744128
-1.181710 1.346993 1.769523
-1.175809 1.339710 1.754066
-1.167129 1.449464 1.790533
-1.144670 1.457782 1.738762
-1.129934 1.455465 1.758433
-1.124434 1.454227 1.749605
-1.139177 1.453804 1.729157
-1.158433 1.343531 1.800614
-1.152582 1.350442 1.802799
-1.164369 1.337855 1.798295
-1.167171 1.328398 1.764249
-1.169392 1.336108 1.797882
-1.137636 1.388844 1.818348
-1.138345 1.406808 1.819925
-1.120541 1.440277 1.776403
-1.115731 1.441594 1.768785
-1.181861 1.447283 1.775539
-1.191396 1.436007 1.763664
-1.187970 1.346371 1.785229
-1.185296 1.343319 1.788929
-1.194417 1.344993 1.799694
-1.162231 1.315693 1.751345
-1.168640 1.332058 1.765064
-1.157442 1.447992 1.720842
-1.195474 1.421309 1.756032
-1.197863 1.406489 1.755610
-1.176557 1.383979 1.716725
-1.174989 1.398798 1.714407
-1.168755 1.394020 1.704310
-1.170194 1.378959 1.707230
-1.197701 1.385134 1.757581
-1.197278 1.373454 1.763653
-1.171206 1.366520 1.712827
-1.177435 1.371739 1.721949
-1.190715 1.350121 1.780709
-1.111207 1.440805 1.762022
-1.107038 1.427391 1.779730
-1.100600 1.426677 1.776530
-1.117168 1.422046 1.792685
-1.111874 1.425598 1.785332
-1.123061 1.416317 1.801123
-1.094287 1.424322 1.773533
-1.267606 1.336998 1.989973
-1.191496 1.341241 1.804756
-1.201568 1.343775 1.815435
-1.202658 1.347570 1.809097
-1.231948 1.359426 1.854393
-0.933511 1.615698 1.724397
-0.933737 1.620553 1.720806
-0.939895 1.633739 1.707663
-0.941504 1.635990 1.704346
-1.271449 1.369711 1.977173
-1.272165 1.371418 1.985767
-1.266702 1.387894 2.030411
-1.251382 1.408050 2.042322
-1.257966 1.400704 2.024647
-1.222795 1.413569 2.017657
-1.211643 1.405272 2.017886
-1.202878 1.367565 2.027542
-1.252910 1.349966 2.043955
-1.176187 1.434637 2.138449
-1.185801 1.437673 2.141208
-1.176058 1.441602 2.157326
-1.167280 1.437225 2.154824
-1.158139 1.440174 2.170593
-1.154488 1.431574 2.170632
-1.162198 1.429659 2.154547
-1.154851 1.423244 2.172288
-1.161771 1.421441 2.156405
-1.158419 1.415846 2.175241
-1.162591 1.409037 2.178425
-1.167578 1.406206 2.163069
-1.163978 1.413401 2.159398
-1.177279 1.395602 2.151033
-1.172956 1.400493 2.167304
-1.180139 1.396571 2.171404
-1.184171 1.390097 2.155802
-1.191012 1.404959 2.190114
-1.196081 1.411393 2.190009
-1.202996 1.404956 2.175668
-1.197006 1.398101 2.176071
-1.215114 1.415763 2.156841
-1.213889 1.406005 2.158978
-1.206373 1.413690 2.174568
-1.207311 1.422831 2.172447
-1.201102 1.429209 2.187605
-1.195728 1.436179 2.184374
-1.203107 1.430094 2.169702
-1.194064 1.429286 2.106408
-1.185424 1.431730 2.122571
-1.177822 1.424957 2.121830
-1.169062 1.409986 2.142658
-1.174294 1.406856 2.125748
-1.174228 1.415999 2.122974
-1.167911 1.418535 2.139769
-1.192067 1.378011 2.123388
-1.181483 1.390508 2.134559
-1.188230 1.384089 2.139768
-1.172345 1.402447 2.146565
-1.177199 1.398278 2.129737
-1.193321 1.388192 2.159433
-1.188722 1.395338 2.174486
-1.195676 1.435204 2.144975
-1.204806 1.430548 2.149074
-1.195084 1.435836 2.165955
-1.185926 1.440368 2.161597
-1.197743 1.381746 2.143696
-1.214891 1.425787 2.132960
-1.205672 1.430860 2.128565
-1.212072 1.424053 2.153063
-1.221331 1.417929 2.137184
-1.177233 1.445063 2.176936
-1.166733 1.445213 2.173126
-1.195525 1.433758 2.124583
-1.202555 1.390593 2.161095
-1.209892 1.397117 2.160692
-1.216215 1.389728 2.145424
-1.207950 1.383671 2.145673
-1.232013 1.401376 2.124861
-1.221412 1.398372 2.143261
-1.223423 1.408400 2.140893
-1.199788 1.419869 2.189304
-1.230847 1.411689 2.121156
-1.135337 1.422070 2.247807
-1.137309 1.420044 2.238943
-1.129773 1.417724 2.243036
-1.127357 1.422271 2.250362
-1.129413 1.403025 2.229068
-1.123171 1.402315 2.220205
-1.114164 1.401116 2.229779
-1.119784 1.400586 2.237346
-1.120882 1.422918 2.252409
-1.122779 1.415683 2.246828
-1.117556 1.423450 2.250980
-1.116927 1.435124 2.256570
-1.118386 1.429576 2.258338
-1.116494 1.440490 2.263315
-1.121285 1.443104 2.250615
-1.121695 1.447413 2.262593
-1.147381 1.448014 2.251085
-1.157603 1.445006 2.251935
-1.154223 1.446040 2.266263
-1.143435 1.448143 2.264836
-1.170395 1.434574 2.264487
-1.161595 1.440176 2.266106
-1.164856 1.440320 2.251741
-1.172174 1.435190 2.250896
-1.148660 1.418369 2.246645
-1.151411 1.417349 2.237564
-1.145570 1.420092 2.237085
-1.143410 1.420763 2.246237
-1.109478 1.421090 2.249561
-1.115160 1.431556 2.242596
-1.116070 1.429461 2.248529
-1.111312 1.417789 2.251418
-1.165068 1.402304 2.222542
-1.167712 1.402379 2.211674
-1.161125 1.405994 2.209098
-1.159914 1.405602 2.219086
-1.138090 1.407600 2.206552
-1.144818 1.410844 2.202077
-1.140786 1.420175 2.193729
-1.133029 1.418306 2.198960
-1.131008 1.404479 2.212961
-1.125537 1.414514 2.206228
-1.118100 1.410473 2.214549
-1.109868 1.408184 2.226169
-1.177812 1.402410 2.214179
-1.176904 1.400178 2.222521
-1.104822 1.421968 2.299021
-1.109725 1.419558 2.299930
-1.110234 1.421446 2.297712
-1.105535 1.424180 2.296756
-1.188562 1.414404 2.221602
-1.188909 1.423536 2.220898
-1.190364 1.422748 2.214986
-1.188655 1.414039 2.215484
-1.188937 1.414660 2.229817
-1.187491 1.424662 2.228599
-1.101608 1.429959 2.308671
-1.100288 1.427648 2.304541
-1.102178 1.431827 2.301980
-1.104216 1.434586 2.305911
-1.123839 1.425111 2.258045
-1.131915 1.423369 2.256482
-1.121094 1.427352 2.273616
-1.127383 1.424737 2.266335
-1.119954 1.427970 2.264863
-1.117058 1.430684 2.270770
-1.146523 1.419078 2.265299
-1.149438 1.417985 2.255864
-1.142484 1.421003 2.257158
-1.139094 1.421469 2.267097
-1.159144 1.411043 2.256879
-1.157104 1.412933 2.265581
-1.162540 1.409068 2.265916
-1.163528 1.407350 2.258480
-1.148276 1.419250 2.281295
-1.146703 1.420421 2.288485
-1.151480 1.418121 2.288709
-1.152882 1.416803 2.281348
-1.192580 1.423173 2.208946
-1.190086 1.414495 2.209461
-1.184434 1.421454 2.262388
-1.187446 1.413192 2.260188
-1.188119 1.411369 2.270325
-1.185442 1.420959 2.272585
-1.185522 1.432184 2.220124
-1.188048 1.431859 2.213863
-1.105988 1.430487 2.312150
-1.108198 1.435388 2.309996
-1.118051 1.424059 2.212248
-1.108015 1.417882 2.225259
-1.127833 1.428563 2.203390
-1.135389 1.430774 2.197607
-1.141053 1.432056 2.191913
-1.130195 1.424268 2.271797
-1.139908 1.422023 2.253181
-1.152440 1.415890 2.246721
-1.174715 1.399689 2.252448
-1.176147 1.398870 2.245938
-1.167618 1.402133 2.245939
-1.168300 1.402550 2.252217
-1.185645 1.404602 2.259587
-1.179897 1.400617 2.259863
-1.179467 1.401297 2.266510
-1.185646 1.404229 2.267905
-1.105378 1.423608 2.247194
-1.111399 1.431466 2.237124
-1.184966 1.405513 2.222487
-1.184492 1.406385 2.215519
-1.185332 1.408319 2.208432
-1.156206 1.411813 2.228094
-1.156081 1.407770 2.216908
-1.150870 1.408646 2.216052
-1.152406 1.414399 2.227333
-1.139115 1.413319 2.231746
-1.137592 1.405332 2.222656
-1.131515 1.410127 2.237298
-1.154667 1.408712 2.205960
-1.163542 1.407984 2.201013
-1.156351 1.411140 2.198094
-1.171217 1.405057 2.204055
-1.179340 1.405239 2.206991
-1.164940 1.407554 2.193305
-1.158493 1.411029 2.189933
-1.172940 1.405514 2.196694
-1.180423 1.405242 2.199433
-1.195753 1.431825 2.198587
-1.195470 1.421768 2.200831
-1.191259 1.432556 2.206824
-1.147660 1.424320 2.184733
-1.149147 1.415442 2.195355
-1.153096 1.417045 2.187327
-1.147776 1.433515 2.183576
-1.112798 1.401267 2.241853
-1.106418 1.401840 2.246347
-1.110948 1.404784 2.250338
-1.116333 1.405348 2.246822
-1.114941 1.442241 2.270810
-1.114555 1.435789 2.270003
-1.116641 1.433835 2.263850
-1.167005 1.401288 2.231929
-1.177069 1.399226 2.231509
-1.124969 1.426204 2.277049
-1.107110 1.438429 2.300657
-1.104610 1.434915 2.296873
-1.109407 1.438835 2.285197
-1.112001 1.443283 2.288940
-1.126676 1.428769 2.285677
-1.122647 1.427216 2.281486
-1.120505 1.425921 2.286963
-1.124083 1.428461 2.291437
-1.157334 1.413497 2.286461
-1.158444 1.412739 2.280305
-1.138133 1.445362 2.278617
-1.128884 1.452531 2.274865
-1.132199 1.451817 2.262465
-1.152316 1.416000 2.265168
-1.150341 1.417557 2.273627
-1.154938 1.414899 2.273884
-1.131449 1.424254 2.275279
-1.128660 1.426306 2.279617
-1.133889 1.424922 2.279722
-1.136647 1.422463 2.273946
-1.188109 1.414471 2.249389
-1.185717 1.403338 2.249405
-1.101538 1.424775 2.300985
-1.102556 1.427972 2.298658
-1.191488 1.413271 2.201371
-1.186370 1.407758 2.201140
-1.154490 1.414821 2.255797
-1.135176 1.449606 2.249711
-1.156313 1.412862 2.246976
-1.170727 1.423992 2.283106
-1.171443 1.415600 2.282924
-1.167588 1.415346 2.288365
-1.168111 1.421592 2.290053
-1.119702 1.426583 2.300590
-1.116549 1.423519 2.296715
-1.114604 1.421656 2.300714
-1.117296 1.424279 2.305069
-1.119032 1.427720 2.277874
-1.115119 1.430438 2.275712
-1.112342 1.428935 2.282330
-1.116324 1.426113 2.284019
-1.112862 1.435388 2.275587
-1.110033 1.433876 2.282887
-1.120650 1.431301 2.305029
-1.116951 1.436288 2.306499
-1.123099 1.441051 2.295296
-1.125315 1.434507 2.295313
-1.174643 1.436390 2.238424
-1.181136 1.430753 2.238675
-1.179102 1.429043 2.251010
-1.177535 1.427311 2.263770
-1.175545 1.424930 2.275202
-1.168934 1.434677 2.277102
-1.184420 1.423275 2.250419
-1.134104 1.434819 2.286901
-1.129371 1.442628 2.286479
-1.137460 1.439528 2.287276
-1.161848 1.408488 2.247944
-1.104905 1.430545 2.293853
-1.151351 1.447357 2.203164
-1.163156 1.448554 2.206702
-1.160589 1.448699 2.215801
-1.146389 1.446978 2.210239
-1.112036 1.423379 2.293912
-1.107533 1.425782 2.292363
-1.163849 1.409481 2.280723
-1.161972 1.410969 2.286695
-1.166316 1.410591 2.287950
-1.168011 1.408285 2.283299
-1.185825 1.424938 2.238784
-1.186621 1.406614 2.277353
-1.185199 1.417250 2.279327
-1.183308 1.431955 2.228203
-1.176935 1.438027 2.227432
-1.178681 1.439183 2.218893
-1.156774 1.437824 2.280779
-1.168172 1.441045 2.238943
-1.170776 1.442306 2.227169
-1.171942 1.444150 2.217195
-1.173478 1.445040 2.209504
-1.180921 1.440001 2.211748
-1.111426 1.439512 2.304277
-1.113864 1.432505 2.311387
-1.184020 1.440382 2.203769
-1.189569 1.439165 2.195252
-1.180660 1.443296 2.192350
-1.176075 1.445019 2.201079
-1.163293 1.446426 2.226991
-1.154003 1.448803 2.225745
-1.161073 1.445233 2.238862
-1.151471 1.448147 2.238503
-1.150392 1.446599 2.279746
-1.111207 1.417675 2.316677
-1.114626 1.423698 2.312048
-1.115722 1.420990 2.308176
-1.113125 1.415464 2.313422
-1.117245 1.427877 2.309011
-1.111710 1.427273 2.313036
-1.137915 1.448408 2.236902
-1.132278 1.427103 2.285373
-1.137243 1.446014 2.221664
-1.123586 1.444012 2.238578
-1.121262 1.440781 2.228590
-1.134036 1.440096 2.204955
-1.123328 1.437021 2.213063
-1.146437 1.441157 2.193402
-1.141654 1.440669 2.199476
-1.151945 1.440712 2.184385
-1.112061 1.430413 2.223872
-1.103864 1.416654 2.302405
-1.109031 1.414723 2.303879
-1.154912 1.447250 2.196110
-1.159969 1.447190 2.186202
-1.123286 1.407094 2.242932
-1.161855 1.407517 2.239297
-1.158031 1.411614 2.238420
-1.177059 1.398796 2.239655
-1.167273 1.401899 2.239674
-1.170968 1.447778 2.189148
-1.168584 1.404754 2.182236
-1.176215 1.402415 2.185849
-1.186918 1.440786 2.180947
-1.099983 1.419058 2.304466
-1.149509 1.423613 2.292595
-1.151401 1.423214 2.292456
-1.107693 1.402463 2.236727
-1.101990 1.403768 2.242877
-1.097916 1.415299 2.242802
-1.099308 1.408420 2.242297
-1.103709 1.408510 2.234184
-1.101814 1.416426 2.234249
-1.158937 1.408847 2.229524
-1.162278 1.405622 2.231224
-1.188774 1.415027 2.239133
-1.186598 1.404162 2.239744
-1.112994 1.441490 2.277134
-1.119372 1.448327 2.272668
-1.116355 1.445993 2.280123
-1.117777 1.444776 2.292094
-1.131725 1.431434 2.287561
-1.128729 1.434556 2.289104
-1.144616 1.407708 2.218259
-1.146277 1.415368 2.228345
-1.117640 1.413043 2.249089
-1.113306 1.411409 2.251855
-1.143748 1.420049 2.273141
-1.150208 1.436039 2.291280
-1.145396 1.442046 2.288940
-1.141454 1.422182 2.280202
-1.098756 1.422362 2.312741
-1.098132 1.420759 2.308121
-1.123029 1.448491 2.283175
-1.160694 1.411088 2.273475
-1.156056 1.431499 2.289040
-1.150981 1.429749 2.293186
-1.184081 1.402962 2.272568
-1.165956 1.448663 2.199118
-1.114223 1.419014 2.303283
-1.112952 1.414099 2.307670
-1.107923 1.420403 2.317568
-1.103133 1.422706 2.315967
-1.186153 1.405030 2.230771
-1.154951 1.414605 2.237882
-1.184274 1.402064 2.188544
-1.105137 1.424525 2.234962
-1.100151 1.421831 2.244324
-1.139730 1.423534 2.285883
-1.177589 1.417810 2.281157
-1.166178 1.431561 2.285520
-1.164092 1.428318 2.293018
-1.156650 1.429214 2.294354
-1.152597 1.425748 2.295010
-1.105207 1.414468 2.320417
-1.100749 1.416407 2.319034
-1.096622 1.416206 2.315072
-1.096822 1.415407 2.310418
-1.099184 1.414255 2.306795
-1.108681 1.412125 2.319323
-1.110686 1.410565 2.315869
-1.111448 1.410155 2.310160
-1.106393 1.407073 2.320487
-1.102229 1.407927 2.322412
-1.092005 1.403476 2.316733
-1.093786 1.409221 2.317208
-1.094277 1.406201 2.319584
-1.092980 1.402483 2.319899
-1.092048 1.398108 2.320906
-1.091504 1.398479 2.317470
-1.096833 1.407084 2.321590
-1.095758 1.402638 2.322936
-1.099480 1.402004 2.323328
-1.098456 1.397491 2.324584
-1.094731 1.397738 2.324029
-1.099640 1.405737 2.322606
-1.097733 1.410760 2.320850
-1.092016 1.394217 2.319234
-1.091727 1.394944 2.321810
-1.093881 1.393666 2.324558
-1.094888 1.391751 2.322237
-1.094734 1.410208 2.311770
-1.093351 1.403780 2.313315
-1.093194 1.398219 2.314581
-1.093927 1.394065 2.316620
-1.095966 1.402908 2.310771
-1.095786 1.397726 2.312845
-1.096611 1.394448 2.314993
-1.099532 1.401603 2.309798
-1.098694 1.397017 2.312525
-1.101625 1.408709 2.306727
-1.097653 1.410068 2.308218
-1.098516 1.394924 2.314357
-1.096801 1.391689 2.319729
-1.102615 1.402243 2.323081
-1.101312 1.397251 2.323751
-1.104960 1.401660 2.321488
-1.103274 1.396833 2.322106
-1.099102 1.393301 2.324108
-1.097329 1.394395 2.325417
-1.103288 1.412642 2.304797
-1.108406 1.411021 2.306535
-1.106327 1.407192 2.308177
-1.104012 1.400677 2.311044
-1.108998 1.406343 2.311985
-1.108418 1.406103 2.317164
-1.106368 1.400825 2.318724
-1.106692 1.400449 2.314801
-1.104351 1.396452 2.319495
-1.104200 1.396257 2.316611
-1.101862 1.396291 2.313886
-1.101885 1.393662 2.319317
-1.100699 1.393186 2.321885
-1.098777 1.393028 2.317599
-1.102271 1.394371 2.317367
-1.100282 1.394343 2.315851
-1.127512 1.415022 2.313775
-1.131792 1.411913 2.313833
-1.133610 1.416481 2.311318
-1.129708 1.419451 2.310834
-1.126719 1.423827 2.323748
-1.124603 1.420743 2.318997
-1.127233 1.426764 2.316199
-1.129983 1.430144 2.320731
-1.132978 1.423718 2.326676
-1.136659 1.430060 2.323908
-1.132715 1.434640 2.313286
-1.129583 1.430706 2.309825
-1.132863 1.433056 2.296083
-1.136117 1.437645 2.297920
-1.143875 1.420379 2.295938
-1.147701 1.421969 2.299021
-1.125230 1.417691 2.315456
-1.127603 1.422816 2.312588
-1.143878 1.419944 2.310715
-1.140130 1.418298 2.307837
-1.137849 1.415208 2.312720
-1.141233 1.416027 2.316168
-1.132952 1.425174 2.293019
-1.138251 1.422143 2.293991
-1.131802 1.429147 2.294310
-1.146013 1.423956 2.314362
-1.144686 1.429703 2.316670
-1.148114 1.434337 2.302130
-1.149643 1.427792 2.301813
-1.129587 1.426721 2.307024
-1.135269 1.419688 2.306121
-1.131148 1.422727 2.305589
-1.139446 1.434822 2.315528
-1.141428 1.423984 2.323429
-1.134849 1.405636 2.326779
-1.138938 1.412761 2.323174
-1.138859 1.410491 2.319197
-1.135450 1.403394 2.322952
-1.142138 1.418968 2.319955
-1.137572 1.417575 2.326361
-1.124584 1.406833 2.317003
-1.129321 1.404324 2.317025
-1.121744 1.409131 2.319067
-1.142630 1.439444 2.300345
-1.122477 1.413567 2.327394
-1.121100 1.411297 2.322590
-1.136062 1.410302 2.315290
-1.133493 1.402834 2.318686
-1.132715 1.409007 2.329605
-1.127845 1.413213 2.329766
-1.129172 1.401858 2.331150
-1.124580 1.405047 2.332159
-1.119744 1.405571 2.329620
-1.118963 1.405026 2.324633
-1.120311 1.404151 2.321010
-1.131516 1.399439 2.328503
-1.132488 1.398400 2.324886
-1.131425 1.398636 2.320771
-1.129423 1.391906 2.327439
-1.126801 1.392798 2.330554
-1.113980 1.386079 2.326339
-1.115305 1.391690 2.327161
-1.116941 1.389646 2.329131
-1.114966 1.384854 2.329122
-1.117714 1.396871 2.329105
-1.118566 1.393119 2.329890
-1.121419 1.392368 2.330848
-1.120129 1.388187 2.331170
-1.123288 1.386580 2.329896
-1.121767 1.381515 2.330297
-1.118020 1.382560 2.331343
-1.123978 1.390603 2.330253
-1.113953 1.380929 2.329130
-1.114006 1.380643 2.326594
-1.122458 1.396638 2.331944
-1.117208 1.399193 2.324581
-1.115306 1.392699 2.323885
-1.114473 1.386376 2.323371
-1.115237 1.380805 2.323697
-1.116775 1.392327 2.320566
-1.116104 1.386060 2.320801
-1.116990 1.381465 2.321718
-1.119890 1.390981 2.318105
-1.118778 1.385088 2.319302
-1.122023 1.398533 2.318715
-1.118767 1.399580 2.320923
-1.118619 1.382160 2.320635
-1.116482 1.376411 2.328099
-1.117749 1.377241 2.325023
-1.116021 1.377600 2.331319
-1.125236 1.386436 2.328444
-1.123303 1.381155 2.328295
-1.127169 1.385811 2.326811
-1.124768 1.380556 2.326626
-1.120826 1.376972 2.328673
-1.120008 1.377700 2.330633
-1.123356 1.402538 2.319120
-1.127833 1.400345 2.318959
-1.126506 1.396608 2.318198
-1.124358 1.388871 2.317904
-1.130034 1.394416 2.320022
-1.130571 1.392363 2.323853
-1.128107 1.386175 2.323928
-1.127514 1.387172 2.320333
-1.125354 1.381186 2.324201
-1.124975 1.382387 2.321275
-1.122294 1.383599 2.319283
-1.122508 1.378266 2.323807
-1.121802 1.376948 2.326198
-1.119158 1.378686 2.322688
-1.122871 1.379918 2.321889
-1.120605 1.380632 2.320969
-1.146879 1.404866 2.308648
-1.150629 1.401033 2.306728
-1.152861 1.404741 2.305898
-1.149359 1.408420 2.307385
-1.147967 1.409211 2.318029
-1.145646 1.408557 2.315523
-1.148506 1.414322 2.313610
-1.151194 1.416152 2.316171
-1.152241 1.407075 2.319566
-1.156783 1.414328 2.318071
-1.152501 1.420617 2.311650
-1.149118 1.417827 2.309243
-1.151828 1.422413 2.299667
-1.155400 1.425802 2.301222
-1.145310 1.406973 2.312150
-1.148030 1.411548 2.310148
-1.161152 1.405428 2.303867
-1.157967 1.405515 2.302296
-1.156714 1.402318 2.306428
-1.159349 1.401946 2.308719
-1.152531 1.415234 2.294178
-1.156314 1.411954 2.292706
-1.151112 1.418729 2.296776
-1.163576 1.408371 2.307389
-1.163602 1.414153 2.311232
-1.166306 1.418859 2.299282
-1.166057 1.413248 2.296298
-1.148586 1.414177 2.306286
-1.153311 1.406977 2.301866
-1.149799 1.410699 2.303367
-1.158909 1.419600 2.312120
-1.160801 1.408746 2.316342
-1.152104 1.391408 2.317006
-1.157939 1.399071 2.314297
-1.157400 1.397632 2.309746
-1.152286 1.390456 2.312775
-1.161287 1.404068 2.312342
-1.156467 1.402931 2.318157
-1.142635 1.397747 2.309803
-1.146557 1.394586 2.308379
-1.140978 1.399317 2.313478
-1.161772 1.424664 2.301230
-1.164114 1.409304 2.293751
-1.142310 1.399905 2.320286
-1.140767 1.400075 2.317114
-1.154686 1.398444 2.307186
-1.150538 1.391734 2.309340
-1.150191 1.394299 2.320704
-1.146384 1.398213 2.321959
-1.146131 1.388350 2.321459
-1.142099 1.391792 2.323035
-1.138184 1.393966 2.321288
-1.137347 1.394787 2.317567
-1.138142 1.394744 2.314047
-1.148074 1.386259 2.317128
-1.148446 1.386507 2.313168
-1.147374 1.388500 2.310389
-1.145593 1.382210 2.315606
-1.142586 1.383217 2.318841
-1.128202 1.379249 2.316786
-1.130738 1.383505 2.317910
-1.131948 1.381903 2.318633
-1.129246 1.378080 2.318255
-1.134404 1.387735 2.320272
-1.134116 1.384679 2.320060
-1.136976 1.383651 2.320457
-1.134645 1.379863 2.320129
-1.138308 1.378755 2.318092
-1.135822 1.374992 2.317671
-1.132021 1.375976 2.319562
-1.139582 1.381849 2.319663
-1.127822 1.375212 2.318149
-1.126990 1.375329 2.316472
-1.138961 1.386699 2.321157
-1.133767 1.390148 2.316868
-1.130534 1.385100 2.315357
-1.128098 1.380283 2.314206
-1.127604 1.376107 2.313482
-1.131882 1.385607 2.312171
-1.129624 1.380829 2.311416
-1.129297 1.377034 2.311054
-1.134208 1.385109 2.309484
-1.131848 1.380445 2.309403
-1.138028 1.390505 2.310697
-1.135188 1.390832 2.313390
-1.131067 1.377728 2.309851
-1.129461 1.371720 2.316428
-1.130422 1.372483 2.313197
-1.129841 1.372653 2.318972
-1.140653 1.378236 2.316772
-1.137633 1.374314 2.315909
-1.142145 1.378050 2.314131
-1.138724 1.374194 2.313644
-1.134203 1.371833 2.316118
-1.133520 1.372371 2.317791
-1.140495 1.393583 2.311229
-1.144144 1.391356 2.309709
-1.141527 1.388726 2.308992
-1.137714 1.383105 2.307802
-1.144844 1.386019 2.309288
-1.145612 1.383133 2.311919
-1.142218 1.378794 2.311074
-1.141006 1.380603 2.308450
-1.138925 1.375253 2.311182
-1.137972 1.376845 2.308996
-1.134862 1.378735 2.308199
-1.135392 1.373346 2.311171
-1.134973 1.371988 2.313494
-1.131706 1.374154 2.310862
-1.135533 1.374903 2.309599
-1.132999 1.375995 2.309412
-1.160592 1.410139 2.292820
-1.169605 1.392456 2.296407
-1.172367 1.390497 2.294081
-1.173385 1.393079 2.293677
-1.170666 1.395529 2.295702
-1.172888 1.393825 2.305130
-1.169684 1.394415 2.303228
-1.171419 1.400032 2.302247
-1.174857 1.400068 2.304509
-1.177583 1.391489 2.303079
-1.179892 1.397443 2.304024
-1.175743 1.405605 2.300131
-1.171860 1.404670 2.298185
-1.172897 1.410895 2.288420
-1.177354 1.413042 2.288584
-1.182025 1.399868 2.277083
-1.177859 1.400575 2.274970
-1.177302 1.396056 2.282833
-1.181811 1.395955 2.282991
-1.168842 1.393717 2.299850
-1.170087 1.398388 2.298803
-1.180818 1.391592 2.291311
-1.176733 1.392531 2.290581
-1.176535 1.390891 2.292554
-1.179872 1.389193 2.292669
-1.173269 1.401630 2.275522
-1.170148 1.404694 2.278625
-1.171107 1.402235 2.284135
-1.173684 1.398052 2.283913
-1.171426 1.405855 2.286740
-1.184027 1.393518 2.293378
-1.184461 1.397685 2.297569
-1.186758 1.402871 2.285586
-1.185057 1.398316 2.284446
-1.170573 1.401339 2.296110
-1.173487 1.395275 2.291121
-1.170929 1.397805 2.293792
-1.181267 1.403628 2.299837
-1.182612 1.392796 2.299263
-1.177767 1.379407 2.296522
-1.180884 1.385621 2.296354
-1.178823 1.385883 2.293123
-1.176457 1.380277 2.293957
-1.182060 1.389517 2.296204
-1.180384 1.387484 2.300586
-1.166967 1.386875 2.297320
-1.169918 1.385374 2.294563
-1.166155 1.387470 2.300708
-1.183556 1.411296 2.287885
-1.169447 1.386079 2.306016
-1.166818 1.387163 2.303953
-1.175611 1.388151 2.292948
-1.173278 1.382781 2.293467
-1.177112 1.380486 2.300287
-1.173700 1.383632 2.304406
-1.174019 1.375243 2.300292
-1.170936 1.377887 2.305532
-1.167297 1.381228 2.306183
-1.165162 1.383171 2.304195
-1.164698 1.383991 2.301131
-1.174584 1.374551 2.296324
-1.173327 1.376376 2.294050
-1.171109 1.379125 2.294101
-1.170735 1.371846 2.296257
-1.169691 1.371814 2.300372
-1.157092 1.372589 2.304875
-1.159964 1.375500 2.305371
-1.161059 1.373640 2.305550
-1.158281 1.371318 2.305595
-1.164414 1.377946 2.305818
-1.163922 1.375349 2.305638
-1.166379 1.373833 2.304167
-1.163409 1.371186 2.304762
-1.165592 1.368745 2.301894
-1.162330 1.366194 2.302228
-1.160746 1.368464 2.305544
-1.167423 1.371239 2.302087
-1.156622 1.369097 2.305864
-1.155213 1.369394 2.304725
-1.168519 1.375598 2.304261
-1.163037 1.380732 2.304339
-1.159130 1.377038 2.304056
-1.155839 1.373335 2.303439
-1.154526 1.369713 2.302526
-1.159299 1.378037 2.301708
-1.156147 1.374019 2.301279
-1.155195 1.370591 2.300593
-1.160333 1.378040 2.298834
-1.157314 1.374064 2.299129
-1.163879 1.381813 2.298306
-1.162958 1.381974 2.301585
-1.156053 1.371443 2.299299
-1.156336 1.365741 2.303543
-1.155782 1.366750 2.301204
-1.158093 1.365952 2.305592
-1.166403 1.368190 2.299517
-1.162650 1.365412 2.300125
-1.166712 1.368938 2.296941
-1.162224 1.366179 2.298212
-1.159145 1.364344 2.301549
-1.160017 1.364696 2.303162
-1.165696 1.383787 2.297595
-1.168057 1.381895 2.295222
-1.166062 1.379915 2.295442
-1.162093 1.376418 2.296127
-1.168241 1.376847 2.294199
-1.170002 1.373866 2.294007
-1.165772 1.370497 2.295463
-1.164131 1.373290 2.294840
-1.161339 1.367926 2.296734
-1.160244 1.370328 2.296207
-1.158679 1.372732 2.297079
-1.158031 1.367362 2.298325
-1.158351 1.365520 2.299561
-1.156054 1.368334 2.299558
-1.158015 1.369020 2.297591
-1.156846 1.370089 2.298402
-1.184656 1.401351 2.279194
-1.100601 1.419692 2.256629
-1.104660 1.417959 2.258309
-1.106340 1.402690 2.255816
-1.108148 1.408531 2.258026
-1.101384 1.400154 2.252661
-1.093926 1.406354 2.250946
-1.096857 1.402331 2.251201
-1.107109 1.414056 2.258915
-1.096232 1.418629 2.254676
-1.093184 1.412687 2.251866
-1.091721 1.413510 2.261484
-1.088081 1.408432 2.259387
-1.090080 1.400893 2.257525
-1.094159 1.398191 2.257230
-1.099439 1.397831 2.257618
-1.097026 1.416792 2.262857
-1.100841 1.416610 2.263758
-1.104208 1.412794 2.263397
-1.092868 1.413185 2.270200
-1.086858 1.408600 2.272508
-1.085546 1.392546 2.276948
-1.087158 1.393436 2.272283
-1.083832 1.395882 2.273424
-1.082054 1.394717 2.277153
-1.087694 1.396191 2.267566
-1.084914 1.397579 2.271208
-1.083754 1.401916 2.272629
-1.081383 1.400802 2.275230
-1.083893 1.405493 2.274528
-1.082244 1.405726 2.277549
-1.078829 1.399241 2.278711
-1.080710 1.394364 2.280490
-1.078746 1.397755 2.282413
-1.083707 1.393353 2.281441
-1.085528 1.402982 2.269177
-1.093682 1.393987 2.264271
-1.091652 1.392092 2.271286
-1.089764 1.391994 2.277558
-1.087902 1.394241 2.282139
-1.096903 1.393474 2.271923
-1.094282 1.394070 2.278420
-1.091795 1.396266 2.282335
-1.100565 1.397866 2.273548
-1.096734 1.397737 2.279377
-1.104275 1.398912 2.264677
-1.099537 1.394942 2.263482
-1.094065 1.398234 2.281879
-1.081850 1.397287 2.285215
-1.086484 1.398569 2.285334
-1.085561 1.408654 2.278231
-1.080179 1.404536 2.280788
-1.083656 1.407021 2.282407
-1.090116 1.410895 2.277894
-1.087875 1.408120 2.283057
-1.082060 1.403296 2.285141
-1.078922 1.402165 2.283245
-1.104243 1.400777 2.259619
-1.105591 1.406819 2.262020
-1.105209 1.405355 2.266614
-1.101198 1.403635 2.274764
-1.102860 1.411014 2.269006
-1.098195 1.414255 2.269603
-1.094818 1.411086 2.277563
-1.098945 1.408631 2.276495
-1.092166 1.407617 2.282572
-1.095289 1.405658 2.281420
-1.096874 1.401951 2.280408
-1.090609 1.403778 2.284632
-1.086596 1.403864 2.285591
-1.090552 1.399752 2.284350
-1.093094 1.403450 2.283322
-1.093572 1.400787 2.282922
-1.178734 1.401274 2.271187
-1.172830 1.402617 2.271719
-1.173699 1.402587 2.266542
-1.174050 1.400713 2.259943
-1.180040 1.399869 2.253773
-1.168500 1.403769 2.259446
-1.168206 1.405569 2.266553
-1.166705 1.406455 2.274224
-1.164406 1.405966 2.252826
-1.003848 1.660211 1.683005
-1.001067 1.661349 1.680688
-0.999745 1.658432 1.686771
-1.002603 1.657815 1.687432
-0.992709 1.658520 1.682924
-0.996586 1.658610 1.685334
-0.997471 1.661288 1.677886
-0.994181 1.659575 1.673074
-0.988634 1.652881 1.672968
-0.987204 1.652475 1.673019
-0.987089 1.652307 1.673691
-0.988581 1.652776 1.674864
-0.989789 1.654925 1.675967
-1.008127 1.655951 1.687172
-1.007507 1.656894 1.686041
-1.006105 1.658710 1.684659
-0.990204 1.657039 1.679114
-1.006649 1.655292 1.687706
-1.007921 1.655528 1.687612
-0.992298 1.655965 1.670872
-0.993962 1.660692 1.681195
-0.997664 1.660453 1.683666
-0.995736 1.662002 1.678597
-0.992744 1.659755 1.675076
-0.989976 1.652955 1.674756
-0.990457 1.656192 1.675024
-1.000659 1.659828 1.685418
-0.991150 1.658825 1.677448
-0.999121 1.661695 1.681763
-0.991793 1.656060 1.674338
-0.990221 1.654095 1.674099
-1.007630 1.655769 1.686635
-1.007451 1.655473 1.686940
-1.018157 1.409079 1.792228
-1.018178 1.397507 1.806881
-1.001858 1.660954 1.683908
-1.004892 1.658115 1.686670
-1.003133 1.658981 1.686344
-1.003977 1.659781 1.685221
-1.005419 1.658587 1.686073
-1.163052 1.391762 1.881021
-1.168841 1.405421 1.876805
-1.209330 1.416010 1.855009
-1.222104 1.404754 1.844697
-1.055939 1.193656 1.930573
-1.093115 1.151749 1.766822
-1.094901 1.170956 1.751422
-1.028010 1.153560 1.735122
-1.046120 1.151133 1.737761
-1.121939 1.181707 1.855656
-1.123494 1.197611 1.845468
-1.086784 1.195962 1.899431
-1.088605 1.210939 1.889890
-1.113912 1.174299 1.883283
-1.065099 1.107650 1.776680
-1.079984 1.110393 1.784127
-1.076944 1.130464 1.770665
-1.062444 1.128105 1.761363
-1.009936 1.157866 1.736634
-1.010381 1.135173 1.755048
-1.129182 1.208136 1.816669
-1.128931 1.200588 1.795949
-1.110621 1.190886 1.758471
-1.096979 1.190221 1.742431
-1.081820 1.191938 1.729559
-1.065350 1.194066 1.719063
-1.075391 1.231632 1.891901
-1.059014 1.249707 1.891295
-1.123768 1.214945 1.836636
-1.022306 1.239996 1.911031
-1.052853 1.216326 1.698144
-1.031439 1.217275 1.693564
-1.122166 1.194544 1.776524
-1.027880 1.374434 1.844904
-1.043035 1.376052 1.843790
-1.041562 1.366003 1.857872
-1.026616 1.363134 1.858952
-1.055981 1.366959 1.856462
-1.069598 1.366604 1.853960
-1.081788 1.365224 1.850762
-1.107233 1.356827 1.840312
-1.100379 1.360162 1.843856
-1.118604 1.345751 1.831926
-1.113105 1.352499 1.836298
-1.125007 1.333643 1.826823
-1.130771 1.319713 1.820491
-1.136555 1.315324 1.803591
-1.135593 1.305520 1.812138
-1.129439 1.310697 1.829622
-1.124832 1.324317 1.836453
-1.118535 1.335627 1.842227
-1.016744 1.305356 1.890113
-1.013697 1.327882 1.884399
-1.017186 1.420492 1.779433
-1.250284 1.359197 2.061155
-1.169857 1.427445 2.138046
-1.025364 1.385252 1.649505
-1.045535 1.386895 1.646844
-1.107646 1.399736 1.657771
-1.120089 1.416920 1.670229
-1.089294 1.386893 1.647670
-1.068079 1.379392 1.645846
-1.111993 1.236935 1.847692
-1.048185 1.354575 1.651090
-1.070907 1.369449 1.646304
-1.096786 1.377036 1.649458
-1.117809 1.390361 1.659314
-1.134206 1.409919 1.674071
-1.144013 1.415672 1.683054
-1.161041 1.405215 1.695326
-1.166704 1.410163 1.703986
-1.173382 1.414804 1.714560
-1.169292 1.432896 1.719079
-1.163274 1.428470 1.708842
-1.213635 1.408153 1.809619
-1.220636 1.398305 1.823999
-1.225736 1.385106 1.830832
-1.226660 1.370893 1.834895
-1.224324 1.361895 1.836707
-1.219088 1.353616 1.834743
-1.211058 1.347626 1.825666
-1.181502 1.339864 1.793937
-1.171643 1.337471 1.778895
-1.155689 1.307260 1.738657
-1.149900 1.299413 1.730369
-1.130154 1.273420 1.718123
-1.119641 1.259747 1.716081
-1.109891 1.241405 1.715604
-1.096118 1.019623 1.839135
-1.113535 1.028702 1.840879
-1.105554 1.045246 1.831467
-1.087410 1.037252 1.829309
-1.039074 1.067768 1.806519
-1.019100 1.069020 1.808295
-1.142348 1.082713 1.860616
-1.146605 1.098366 1.877875
-1.120400 1.056122 1.836868
-1.132881 1.068144 1.847142
-1.144562 1.112213 1.896349
-1.098695 1.139919 1.964529
-1.083218 1.144039 1.977671
-1.049323 1.150452 1.996730
-1.031448 1.151080 2.001133
-1.138329 1.122977 1.915401
-1.066763 1.148322 1.989354
-1.128271 1.129751 1.933089
-1.113883 1.134896 1.949422
-1.058449 1.069662 1.806464
-1.063402 1.050753 1.818041
-1.080532 1.054171 1.819224
-1.037567 1.274468 1.664815
-1.058457 1.277859 1.666061
-1.079737 1.283693 1.667790
-1.101864 1.303449 1.667140
-1.099408 1.291371 1.672060
-1.118714 1.299207 1.678681
-1.121636 1.310466 1.674238
-1.152075 1.328974 1.701580
-1.149016 1.319123 1.703826
-1.158920 1.326848 1.716466
-1.161057 1.334964 1.711989
-1.166704 1.331935 1.726477
-1.173119 1.338204 1.737168
-1.178231 1.345321 1.750088
-1.184846 1.351339 1.763245
-1.189454 1.369017 1.749458
-1.182528 1.365193 1.737766
-1.154158 1.339300 1.698144
-1.142342 1.332044 1.685446
-1.041489 1.302314 1.662517
-1.021117 1.300229 1.665730
-1.140085 1.294816 1.801250
-1.144508 1.285645 1.788280
-1.146364 1.279648 1.773909
-1.146615 1.276963 1.759936
-1.144741 1.276768 1.746550
-1.141989 1.278386 1.733345
-1.144603 1.290657 1.725020
-1.138549 1.281863 1.721434
-1.143868 1.295981 1.717466
-1.136075 1.286870 1.711158
-1.134539 1.293222 1.701868
-1.134148 1.300622 1.694275
-1.135738 1.309343 1.689565
-1.138657 1.319782 1.686784
-1.126184 1.323405 1.671833
-1.106247 1.316248 1.663526
-1.087678 1.325463 1.656212
-1.092962 1.338323 1.652810
-1.084554 1.310966 1.659505
-1.081057 1.297141 1.662835
-1.083690 1.429639 1.662722
-1.067818 1.422154 1.653458
-1.210949 1.357253 1.811998
-1.208754 1.353713 1.811221
-1.209721 1.351152 1.817104
-1.214767 1.356007 1.821500
-1.217790 1.362921 1.821880
-1.214857 1.371219 1.808278
-1.212429 1.362618 1.810940
-1.220178 1.371627 1.820068
-1.220209 1.382958 1.816230
-1.215365 1.381153 1.804129
-1.217457 1.393631 1.810104
-1.214263 1.390428 1.799237
-1.213441 1.401313 1.800428
-1.212610 1.397152 1.794449
-1.197878 1.396033 1.755613
-1.204130 1.397928 1.769695
-1.209132 1.398193 1.783845
-1.193510 1.355409 1.776232
-1.201357 1.359116 1.788420
-1.207705 1.362003 1.800744
-1.209448 1.370281 1.796331
-1.203332 1.366880 1.783452
-1.195807 1.363227 1.770039
-1.039437 1.286626 1.663373
-1.059550 1.292125 1.660972
-1.168632 1.341458 1.721674
-1.174640 1.347483 1.730863
-1.180057 1.353872 1.741347
-1.187512 1.359553 1.755525
-1.176126 1.358289 1.725698
-1.169879 1.352689 1.716428
-1.162644 1.346553 1.707931
-1.063275 1.306190 1.659080
-1.019143 1.283427 1.666149
-1.125982 1.437510 1.785692
-1.135579 1.454229 1.769037
-1.150004 1.458736 1.750556
-1.162491 1.450131 1.732148
-1.228238 1.330597 1.987393
-1.011838 1.113765 1.771459
-1.014688 1.091765 1.789429
-1.033837 1.087763 1.788521
-1.011510 1.217320 1.693324
-1.017058 1.271342 1.664093
-1.090641 1.343916 1.871227
-1.080842 1.346181 1.875080
-1.080764 1.355966 1.863504
-1.091013 1.353661 1.859897
-1.106651 1.337672 1.861202
-1.099636 1.340895 1.866339
-1.099828 1.350446 1.855573
-1.107284 1.346852 1.851162
-1.112804 1.332881 1.856240
-1.113371 1.342242 1.846614
-1.099508 1.329613 1.875330
-1.091363 1.332283 1.880817
-1.082028 1.334286 1.885136
-1.111594 1.323011 1.864274
-1.106050 1.326676 1.869647
-0.944930 1.573540 1.741894
-0.934310 1.590816 1.744605
-0.934708 1.623747 1.717428
-0.937378 1.624149 1.713701
-1.012957 1.436172 1.758870
-1.011848 1.443704 1.750497
-1.012749 1.345690 1.873958
-1.013560 1.371366 1.846778
-1.015537 1.375336 1.833229
-1.017176 1.385221 1.820075
-1.013230 1.430000 1.768993
-1.012786 1.359107 1.861369
-1.178097 0.950544 1.969192
-1.167222 0.925591 1.978602
-1.165534 0.938097 1.958387
-1.155236 0.919986 1.964455
-1.164440 0.989948 1.916522
-1.165989 0.973645 1.933688
-1.163285 1.008915 1.898375
-1.138228 0.904208 1.968437
-1.114194 0.893091 1.970634
-1.106839 0.896952 1.948848
-1.150285 0.990352 1.890881
-1.152582 0.972116 1.909802
-1.157674 0.932216 1.952099
-1.167892 0.955005 1.947802
-1.156941 0.941333 1.942197
-1.130174 0.907453 1.950951
-1.148025 0.921434 1.952904
-1.057814 1.011321 1.840800
-1.037461 0.990727 1.852258
-1.064259 0.992158 1.851114
-1.129536 1.040689 1.845905
-1.122932 1.011463 1.852110
-1.143929 0.929017 1.938979
-1.125327 0.915721 1.932822
-1.102022 0.906021 1.927686
-1.095651 0.956952 1.874484
-1.097332 0.937752 1.889225
-1.119377 0.946139 1.895488
-1.116860 0.964659 1.879100
-1.129884 0.993828 1.867247
-1.134562 0.975438 1.884432
-1.091897 0.976594 1.861798
-1.112127 0.983863 1.863787
-1.105188 1.002057 1.849941
-1.137857 0.956824 1.903131
-1.071983 0.914609 1.904792
-1.098762 0.919736 1.906835
-1.043105 0.917285 1.907626
-1.085587 0.995956 1.849544
-1.077425 1.014460 1.839272
-1.068998 1.032595 1.829305
-1.052008 1.087673 1.789659
-1.267107 1.023451 2.197062
-1.060203 0.977643 2.086882
-1.050854 0.957541 2.074259
-1.181693 1.065524 1.980941
-1.191088 0.997480 1.966027
-1.179523 0.974528 1.955940
-1.088225 1.033308 2.092016
-1.077443 1.010858 2.095106
-1.166342 1.080729 1.994449
-1.139210 1.081938 2.044218
-1.068038 0.994202 2.093614
-1.154532 0.955543 1.927682
-1.139946 0.940760 1.921556
-1.121600 0.928010 1.913492
-1.073905 0.900500 1.924896
-1.044942 0.903545 1.926700
-1.048917 1.061535 2.067119
-1.043161 1.069238 2.063700
-1.035194 1.067099 2.066039
-1.037569 1.054803 2.072747
-1.100000 1.129285 1.976537
-1.082931 1.133037 1.989872
-1.048523 1.136857 2.007489
-1.032017 1.137988 2.012293
-1.145519 1.112916 1.927031
-1.065426 1.134873 1.999713
-1.133418 1.119403 1.944939
-1.116824 1.124615 1.961327
-1.393782 0.624496 2.352973
-1.405880 0.604455 2.365417
-1.400796 0.598950 2.352892
-1.387267 0.619345 2.342105
-1.390951 0.614030 2.313454
-1.385096 0.614065 2.325007
-1.402072 0.616107 2.304914
-1.410304 0.592589 2.315571
-1.421875 0.596528 2.315903
-1.414650 0.619422 2.302590
-1.423908 0.623657 2.306084
-1.440036 0.605816 2.325021
-1.446580 0.612814 2.338717
-1.441196 0.635549 2.326489
-1.432345 0.628893 2.312965
-1.443749 0.640662 2.345529
-1.450804 0.618800 2.357145
-1.437479 0.641504 2.361907
-1.404450 0.630357 2.362897
-1.415260 0.611228 2.377824
-1.399940 0.591336 2.323531
-1.396567 0.592354 2.335733
-1.384401 0.615835 2.334416
-1.398929 0.595610 2.343881
-1.409971 0.577383 2.367851
-1.409352 0.583150 2.383415
-1.406837 0.567247 2.333400
-1.407844 0.570295 2.346281
-1.429090 0.573657 2.328434
-1.416387 0.568458 2.324251
-1.451679 0.582964 2.334088
-1.431686 0.601199 2.319807
-1.440673 0.578385 2.331292
-1.457420 0.590630 2.347516
-1.461248 0.598075 2.369421
-1.423078 0.592002 2.394940
-1.409759 0.573461 2.356682
-1.552454 0.573729 2.511532
-1.547118 0.574102 2.516043
-1.546921 0.578116 2.512779
-1.550280 0.577244 2.509994
-1.525926 0.581636 2.536919
-1.515259 0.579434 2.541742
-1.515648 0.588310 2.538663
-1.523723 0.590104 2.535405
-1.539989 0.579772 2.528597
-1.546134 0.578828 2.524183
-1.543555 0.574306 2.524325
-1.539698 0.574990 2.526968
-1.555703 0.561534 2.479235
-1.558937 0.559454 2.475046
-1.558050 0.555828 2.476026
-1.555686 0.556965 2.479385
-1.553792 0.567992 2.499890
-1.557452 0.565845 2.495408
-1.555764 0.562510 2.496135
-1.553254 0.562969 2.499122
-1.514472 0.583535 2.515485
-1.520838 0.588639 2.526130
-1.509445 0.586055 2.531260
-1.500566 0.584157 2.519968
-1.503236 0.577559 2.535697
-1.509199 0.571398 2.532629
-1.500976 0.564856 2.522951
-1.493804 0.572609 2.523966
-1.520886 0.571201 2.528398
-1.514646 0.566052 2.518813
-1.521465 0.574536 2.514945
-1.529571 0.580476 2.524860
-1.537640 0.573913 2.506805
-1.545956 0.576985 2.514930
-1.540715 0.582944 2.516605
-1.532369 0.580912 2.507133
-1.534531 0.583819 2.521424
-1.524201 0.582050 2.513663
-1.522410 0.573908 2.518103
-1.530445 0.578646 2.527073
-1.533841 0.571918 2.523946
-1.525488 0.567258 2.515530
-1.532876 0.567158 2.510468
-1.540856 0.570765 2.518592
-1.542863 0.575796 2.494351
-1.548050 0.576148 2.504415
-1.542652 0.576907 2.508759
-1.535620 0.576730 2.501124
-1.540101 0.571443 2.513720
-1.543765 0.566850 2.511427
-1.537757 0.563739 2.503819
-1.534020 0.569183 2.506434
-1.544796 0.563171 2.498211
-1.549897 0.566185 2.507363
-1.547828 0.569535 2.494840
-1.552931 0.571047 2.503921
-1.554168 0.562864 2.478221
-1.557360 0.563498 2.488057
-1.554797 0.569400 2.487890
-1.550388 0.569470 2.477789
-1.550333 0.571249 2.491532
-1.545409 0.571058 2.484349
-1.547706 0.568153 2.496230
-1.549485 0.560898 2.495935
-1.546644 0.559128 2.488615
-1.545076 0.567003 2.489558
-1.554669 0.559178 2.491309
-1.551854 0.557016 2.482344
-1.553879 0.562081 2.459193
-1.554793 0.555381 2.459170
-1.559382 0.557866 2.467530
-1.557881 0.563444 2.467165
-1.553582 0.565211 2.471927
-1.550349 0.564677 2.465749
-1.551292 0.561239 2.475761
-1.552226 0.554615 2.476415
-1.549565 0.552649 2.470738
-1.549931 0.560283 2.470132
-1.556903 0.553029 2.471790
-1.552844 0.551075 2.464326
-1.492706 0.580592 2.508707
-1.510597 0.578119 2.503733
-1.515478 0.575465 2.538054
-1.487427 0.567317 2.512838
-1.521888 0.575563 2.535461
-1.511328 0.561045 2.507866
-1.494516 0.559355 2.511612
-1.516958 0.571822 2.511028
-1.543778 0.583354 2.522598
-1.530607 0.569286 2.501842
-1.527358 0.559307 2.497735
-1.540064 0.583768 2.525214
-1.524827 0.576228 2.493759
-1.536061 0.570735 2.479584
-1.548246 0.569834 2.514585
-1.551290 0.569580 2.512290
-1.539703 0.555442 2.484487
-1.543600 0.566702 2.487372
-1.556601 0.569667 2.493690
-1.550045 0.560431 2.470051
-1.546447 0.550582 2.469646
-1.553379 0.570515 2.495889
-1.544301 0.565876 2.463436
-1.557085 0.562182 2.473364
-1.550719 0.552498 2.449104
-1.548716 0.546415 2.456475
-1.555526 0.563886 2.475766
-1.549022 0.561107 2.450201
-1.415913 0.635409 2.369299
-1.426733 0.616640 2.384012
-1.428071 0.639323 2.369734
-1.446481 0.620613 2.373856
-1.438874 0.619522 2.382848
-1.437286 0.599507 2.401309
-1.457756 0.600561 2.387285
-1.449760 0.602157 2.397958
-1.458164 0.563305 2.338659
-1.466617 0.570399 2.351298
-1.444555 0.558574 2.336380
-1.418628 0.548195 2.329021
-1.432367 0.553289 2.331532
-1.445088 0.586509 2.416371
-1.431174 0.576005 2.406846
-1.459782 0.590900 2.412647
-1.469751 0.588083 2.399785
-1.480601 0.577954 2.497056
-1.471880 0.570356 2.481373
-1.483709 0.580403 2.473234
-1.496952 0.579747 2.488238
-1.499199 0.578814 2.462721
-1.511364 0.575618 2.478178
-1.510453 0.572118 2.450931
-1.522536 0.570395 2.465675
-1.520301 0.565752 2.438576
-1.532984 0.565459 2.451781
-1.529023 0.557575 2.427332
-1.540819 0.559444 2.439546
-1.534709 0.546819 2.423353
-1.545997 0.550094 2.436614
-1.475608 0.561589 2.501832
-1.468551 0.554679 2.484554
-1.485718 0.550021 2.499065
-1.478197 0.541986 2.482674
-1.499985 0.548763 2.490566
-1.491438 0.540273 2.474350
-1.534027 0.535511 2.429921
-1.543193 0.540264 2.444818
-1.513867 0.546993 2.478722
-1.504322 0.539482 2.462408
-1.525985 0.542951 2.466859
-1.516247 0.536135 2.450671
-1.535477 0.539945 2.455351
-1.526145 0.533608 2.439695
-1.470395 0.579431 2.456982
-1.484946 0.583444 2.445868
-1.495876 0.576474 2.433475
-1.505458 0.567090 2.421342
-1.513734 0.554774 2.411723
-1.520862 0.543526 2.407220
-1.491030 0.568667 2.396714
-1.498204 0.548214 2.392915
-1.505434 0.536443 2.391970
-1.484462 0.540665 2.373935
-1.489540 0.528410 2.376078
-1.459617 0.524617 2.345284
-1.465111 0.511476 2.346355
-1.476371 0.520357 2.359339
-1.470939 0.532420 2.357550
-1.479111 0.559063 2.373395
-1.467151 0.550884 2.355917
-1.455944 0.544191 2.344209
-1.442638 0.501513 2.335709
-1.454772 0.505737 2.338922
-1.449732 0.519250 2.337626
-1.438349 0.514946 2.331618
-1.421278 0.510312 2.333590
-1.426919 0.497172 2.339518
-1.413244 0.510740 2.348489
-1.417006 0.497598 2.353279
-1.434659 0.534598 2.331555
-1.445517 0.538662 2.337735
-1.420251 0.530494 2.331333
-1.412405 0.530451 2.344606
-1.417065 0.534874 2.361004
-1.418058 0.516084 2.366467
-1.418183 0.502728 2.370695
-1.463142 0.562375 2.461824
-1.463350 0.548848 2.462512
-1.482973 0.582486 2.414948
-1.470963 0.587731 2.428553
-1.453876 0.577765 2.434434
-1.450870 0.556422 2.441976
-1.455899 0.541387 2.440673
-1.446840 0.532385 2.421465
-1.440346 0.544982 2.422463
-1.470969 0.538307 2.460023
-1.463317 0.534250 2.436738
-1.453626 0.525485 2.418017
-1.436552 0.522525 2.405902
-1.431039 0.534824 2.405247
-1.429396 0.515205 2.393253
-1.426867 0.528286 2.390024
-1.422925 0.522377 2.378803
-1.423237 0.508943 2.382904
-1.423115 0.544657 2.383816
-1.420555 0.540270 2.372758
-1.427028 0.551000 2.399670
-1.436463 0.562451 2.417656
-1.520928 0.531748 2.412718
-1.506888 0.526898 2.395714
-1.490563 0.520355 2.380050
-1.476852 0.510683 2.364773
-1.464730 0.502066 2.353419
-1.455112 0.497129 2.347616
-1.432138 0.491915 2.347991
-1.444681 0.493735 2.344527
-1.424646 0.492300 2.357614
-1.426001 0.495499 2.371785
-1.429961 0.499549 2.382735
-1.442846 0.514098 2.403656
-1.435101 0.505249 2.392641
-1.417531 0.565623 2.393796
-1.414999 0.560044 2.377932
-1.414643 0.555948 2.366199
-1.410700 0.548285 2.340467
-1.413476 0.552197 2.355099
-1.481795 0.533987 2.452879
-1.493891 0.532684 2.441791
-1.504983 0.529997 2.430713
-1.514407 0.528899 2.421302
-1.501190 0.523399 2.402836
-1.492752 0.523759 2.410864
-1.482819 0.525596 2.421198
-1.471999 0.529291 2.430625
-1.486503 0.516315 2.386748
-1.479545 0.515739 2.394096
-1.469514 0.516199 2.403134
-1.461356 0.519894 2.412375
-1.449995 0.508761 2.398098
-1.456827 0.506345 2.389336
-1.466242 0.506721 2.380413
-1.471967 0.507191 2.372677
-1.460613 0.500336 2.362201
-1.455100 0.500264 2.370126
-1.447327 0.500202 2.378704
-1.441661 0.501599 2.386537
-1.452474 0.496322 2.356805
-1.436556 0.491846 2.354523
-1.444699 0.493578 2.353645
-1.431217 0.491576 2.360374
-1.432747 0.494130 2.369672
-1.436670 0.497356 2.378186
-1.442061 0.496969 2.371971
-1.438233 0.494696 2.366454
-1.448757 0.497207 2.364611
-1.443239 0.494841 2.360502
-1.435797 0.493059 2.361716
-1.438599 0.493265 2.358665
-1.471569 0.578874 2.378594
-1.338948 0.891564 2.317137
-1.323888 0.887988 2.318919
-1.351383 0.898479 2.308284
-1.147203 1.086802 2.012964
-1.071297 1.187801 1.919718
-1.073888 1.215564 1.900790
-1.071979 1.200845 1.910156
-1.161597 1.083771 2.026560
-1.114439 1.219678 1.854137
-1.091994 1.363173 1.847429
-1.066517 1.602346 1.697058
-1.065114 1.599195 1.698195
-1.063798 1.595902 1.699906
-1.063010 1.592493 1.700260
-1.063660 1.589650 1.700601
-1.064541 1.587706 1.700344
-1.064324 1.595318 1.697967
-1.065543 1.593072 1.693835
-1.064808 1.595503 1.693338
-1.065279 1.597934 1.697429
