ply
format ascii 1.0
element vertex 6890
property float x
property float y
property float z
end_header
0.090174 0.227639 5.180489
0.078831 0.218798 5.191308
0.075746 0.232976 5.192236
0.085285 0.243193 5.185411
0.067819 0.226242 5.199199
0.070534 0.215204 5.200489
0.073019 0.245169 5.197298
0.081396 0.255804 5.193901
0.052375 0.258828 5.224545
0.052184 0.268008 5.229401
0.060112 0.265638 5.220572
0.058728 0.256595 5.218426
0.037430 0.261268 5.246237
0.031137 0.252591 5.253259
0.029756 0.261451 5.263517
0.037502 0.270521 5.257520
0.042548 0.214360 5.249572
0.036551 0.219481 5.252481
0.039025 0.222016 5.245514
0.045237 0.216935 5.243660
0.050074 0.203003 5.244127
0.054782 0.205872 5.240747
0.056858 0.198696 5.238459
0.051020 0.195498 5.241385
0.040699 0.210811 5.255733
0.035143 0.216394 5.258945
0.047058 0.209499 5.246420
0.044371 0.206961 5.250121
0.036120 0.197673 5.251699
0.040372 0.199066 5.249095
0.038746 0.192126 5.246816
0.035054 0.192294 5.250780
0.039964 0.206193 5.254765
0.040590 0.204210 5.251686
0.037397 0.201612 5.253905
0.038274 0.203174 5.257246
0.046018 0.200575 5.246941
0.045348 0.193539 5.244167
0.044993 0.186180 5.243368
0.037426 0.184825 5.246882
0.027066 0.231606 5.260310
0.031199 0.225376 5.255739
0.029827 0.221740 5.261581
0.026081 0.227287 5.264824
0.037901 0.206674 5.260883
0.026177 0.211569 5.272395
0.028857 0.210614 5.269126
0.030380 0.204408 5.269834
0.027632 0.205296 5.272698
0.021258 0.241817 5.272165
0.021051 0.235189 5.274018
0.018730 0.237087 5.280032
0.018794 0.244565 5.280430
0.016438 0.237150 5.286479
0.017405 0.246129 5.288457
0.013695 0.242611 5.305390
0.015242 0.245078 5.297828
0.014102 0.235403 5.292304
0.012098 0.230873 5.298057
0.014896 0.217131 5.296133
0.015610 0.211905 5.298842
0.009559 0.218769 5.308325
0.009906 0.224354 5.303805
0.026456 0.216246 5.279035
0.026383 0.220553 5.277665
0.025081 0.218025 5.275205
0.025468 0.213066 5.275465
0.025055 0.223151 5.276066
0.023750 0.224416 5.276000
0.024537 0.223815 5.274874
0.025195 0.223277 5.275983
0.026101 0.222155 5.276865
0.024370 0.219944 5.277098
0.025618 0.222716 5.276309
0.023428 0.215878 5.278389
0.023825 0.202717 5.284610
0.022923 0.206078 5.282512
0.027341 0.206618 5.281398
0.028123 0.203452 5.282656
0.024665 0.221120 5.273596
0.025229 0.222122 5.271601
0.026974 0.216770 5.270118
0.025229 0.217399 5.272751
0.025665 0.223937 5.268614
0.024394 0.225074 5.273120
0.024062 0.227528 5.270960
0.022665 0.223820 5.277334
0.021509 0.226628 5.277915
0.023223 0.226640 5.275788
0.020089 0.225316 5.280939
0.021702 0.221820 5.279106
0.020859 0.218158 5.281268
0.020280 0.213455 5.283562
0.018600 0.217009 5.287524
0.019214 0.221686 5.284462
0.029130 0.218294 5.265468
0.021869 0.230225 5.275369
0.023736 0.231460 5.268262
0.019894 0.231005 5.279014
0.017995 0.230252 5.283438
0.016400 0.227522 5.287610
0.015387 0.222629 5.291742
0.010832 0.228040 5.316514
0.011171 0.234735 5.311320
0.067730 0.216947 5.207236
0.064629 0.224114 5.205887
0.061956 0.228937 5.213028
0.061948 0.230133 5.210247
0.064162 0.223758 5.210905
0.063266 0.224282 5.213114
0.059212 0.249358 5.217175
0.059661 0.243558 5.216341
0.057794 0.244577 5.219320
0.055295 0.251519 5.221283
0.052187 0.234628 5.225808
0.053059 0.239637 5.224018
0.058055 0.235449 5.219699
0.056738 0.231405 5.220789
0.057432 0.227680 5.222062
0.059115 0.223689 5.223492
0.055353 0.224786 5.228552
0.053168 0.229501 5.227355
0.066663 0.219647 5.212215
0.069770 0.215399 5.216116
0.068430 0.216399 5.218076
0.065952 0.220012 5.214721
0.070755 0.211946 5.228961
0.071492 0.212691 5.226606
0.072622 0.209490 5.227152
0.071191 0.209995 5.230809
0.068362 0.211924 5.232002
0.069334 0.214028 5.229237
0.111196 0.222574 5.170638
0.095550 0.211721 5.179684
0.104843 0.240650 5.173403
0.097475 0.255503 5.180803
0.089575 0.267026 5.191854
0.024444 0.250338 5.268425
0.022255 0.256596 5.278385
0.028920 0.269410 5.273669
0.027525 0.272856 5.285405
0.020295 0.258602 5.290384
0.023749 0.256563 5.315049
0.020463 0.259261 5.303230
0.030349 0.275770 5.300696
0.040875 0.288067 5.291699
0.037507 0.283763 5.279952
0.052373 0.296731 5.281220
0.049143 0.293984 5.304691
0.057833 0.300709 5.286113
0.060474 0.306560 5.346813
0.061784 0.319737 5.357039
0.059065 0.328395 5.344480
0.058440 0.316201 5.335505
0.037308 0.278747 5.268849
0.070609 0.270994 5.214517
0.066263 0.260806 5.212504
0.062718 0.275540 5.224594
0.117892 0.284045 5.178903
0.108645 0.268633 5.177766
0.098099 0.277698 5.189203
0.108430 0.290811 5.188376
0.151335 0.258038 5.164191
0.130762 0.239630 5.164496
0.120698 0.254447 5.168595
0.135693 0.270344 5.167710
0.115975 0.302515 5.191777
0.125519 0.316183 5.199203
0.141371 0.316918 5.192192
0.130352 0.300335 5.182550
0.164693 0.314584 5.186259
0.152270 0.293466 5.174017
0.058740 0.307805 5.300132
0.065832 0.307821 5.284808
0.056055 0.302917 5.324249
0.058677 0.313902 5.315174
0.188714 0.308573 5.186563
0.173118 0.281817 5.170840
0.141036 0.343320 5.241280
0.146181 0.339291 5.223960
0.127459 0.332453 5.222698
0.124439 0.337475 5.237825
0.159207 0.347396 5.247558
0.167990 0.343030 5.228038
0.109174 0.334791 5.279263
0.099931 0.329349 5.289015
0.110259 0.332545 5.293772
0.121733 0.338915 5.287164
0.065801 0.236594 5.201254
0.062777 0.231759 5.206262
0.062123 0.238783 5.208647
0.064691 0.244900 5.205697
0.070503 0.253841 5.204233
0.076933 0.264007 5.204057
0.091282 0.283647 5.201491
0.101284 0.295670 5.199168
0.115235 0.315951 5.207180
0.108151 0.304924 5.200996
0.115184 0.327692 5.227919
0.113317 0.331103 5.237278
0.078759 0.317479 5.280040
0.069368 0.318787 5.296619
0.081546 0.324637 5.297575
0.089759 0.324754 5.284095
0.104077 0.332496 5.302218
0.092671 0.328732 5.300093
0.066612 0.332760 5.321503
0.069023 0.343859 5.330242
0.079398 0.348642 5.325687
0.077474 0.338423 5.319193
0.090603 0.353625 5.323646
0.101929 0.355875 5.323151
0.102102 0.346142 5.318233
0.090800 0.343104 5.318330
0.068916 0.306449 5.377432
0.071744 0.317491 5.385744
0.066866 0.323140 5.376372
0.065607 0.312062 5.368118
0.070274 0.353983 5.336228
0.079325 0.358704 5.328667
0.097745 0.328777 5.272650
0.090684 0.323988 5.267920
0.089360 0.363683 5.325517
0.089725 0.333504 5.311115
0.078210 0.330062 5.310544
0.115234 0.334232 5.305060
0.121598 0.333951 5.300401
0.050844 0.212016 5.242062
0.061671 0.217255 5.230094
0.064815 0.217555 5.227083
0.067857 0.215500 5.228607
0.065070 0.214250 5.231411
0.086622 0.194701 5.199784
0.076134 0.195194 5.214004
0.073251 0.204747 5.204793
0.082553 0.205763 5.193494
0.034390 0.242142 5.242271
0.038637 0.230932 5.240020
0.033443 0.228257 5.248425
0.029241 0.235990 5.252922
0.060356 0.239011 5.216242
0.060842 0.239813 5.214147
0.061093 0.236376 5.214936
0.024380 0.236737 5.265409
0.026608 0.243485 5.259989
0.054356 0.277657 5.236516
0.062898 0.251967 5.211857
0.166574 0.240991 5.166708
0.141707 0.220657 5.165237
0.209476 0.296543 5.191543
0.190623 0.266426 5.174302
0.190180 0.342291 5.235097
0.179714 0.348027 5.257968
0.198350 0.345118 5.267687
0.212285 0.341177 5.243007
0.132896 0.339999 5.297995
0.113300 0.355899 5.324287
0.114224 0.346418 5.317904
0.118369 0.207512 5.172840
0.100028 0.198044 5.185408
0.084048 0.274509 5.203540
0.045403 0.257338 5.230723
0.049392 0.250219 5.225796
0.045142 0.246086 5.229118
0.039509 0.253149 5.236260
0.043942 0.266106 5.238844
0.046348 0.275536 5.248605
0.049757 0.287125 5.259814
0.049329 0.292673 5.272455
0.130718 0.326650 5.209481
0.147909 0.330098 5.207030
0.170809 0.331316 5.204438
0.194329 0.329404 5.209806
0.120486 0.324473 5.214577
0.215899 0.321613 5.217354
0.033627 0.203620 5.266290
0.032813 0.211390 5.264470
0.036945 0.201439 5.263191
0.020360 0.208678 5.286097
0.021358 0.204931 5.288396
0.019646 0.208408 5.293088
0.018421 0.212495 5.290253
0.024042 0.242412 5.326760
0.024275 0.249688 5.322312
0.065065 0.294519 5.367771
0.062700 0.299977 5.359171
0.038640 0.196856 5.253357
0.039055 0.195100 5.252645
0.039833 0.198391 5.253367
0.039849 0.199751 5.254759
0.025022 0.220828 5.275277
0.028992 0.200244 5.274091
0.029866 0.197521 5.275511
0.028711 0.199852 5.278864
0.027558 0.202535 5.277392
0.037882 0.276624 5.318907
0.056046 0.293941 5.336508
0.061192 0.336754 5.337844
0.059692 0.325143 5.327631
0.066219 0.323986 5.310461
0.102642 0.336610 5.311229
0.113289 0.338825 5.312398
0.131403 0.329204 5.325545
0.130955 0.324244 5.324647
0.123534 0.330964 5.314736
0.123903 0.336081 5.318116
0.039270 0.266774 5.332477
0.038733 0.258188 5.336296
0.051606 0.275590 5.351342
0.058260 0.288272 5.350064
0.038331 0.192756 5.258035
0.037107 0.190624 5.259871
0.038076 0.193514 5.262085
0.038517 0.195074 5.258832
0.038191 0.200401 5.256961
0.039348 0.199409 5.257626
0.038534 0.199952 5.260073
0.036906 0.196877 5.253459
0.037939 0.199753 5.255158
0.036572 0.190346 5.253856
0.036336 0.193150 5.252846
0.033714 0.186615 5.252660
0.040667 0.194817 5.256951
0.040196 0.196928 5.257475
0.040374 0.200108 5.256118
0.041378 0.199715 5.256712
0.038019 0.191719 5.253103
0.038023 0.194031 5.252997
0.052159 0.188376 5.239768
0.053730 0.182913 5.240512
0.046099 0.180267 5.244429
0.038472 0.177842 5.248663
0.034566 0.180685 5.255399
0.050787 0.269034 5.354856
0.068394 0.291006 5.374634
0.105906 0.185702 5.193829
0.091422 0.185994 5.207244
0.025775 0.223058 5.276294
0.071154 0.210561 5.212162
0.043714 0.238455 5.231853
0.049347 0.218854 5.238289
0.043988 0.224319 5.239049
0.049900 0.225104 5.233391
0.053640 0.219990 5.234022
0.072856 0.204093 5.219485
0.072167 0.194600 5.225607
0.072142 0.202391 5.226404
0.069454 0.203587 5.231772
0.066142 0.195338 5.232753
0.062300 0.202941 5.236308
0.066302 0.207798 5.234618
0.061236 0.232747 5.213597
0.061282 0.235196 5.211677
0.058793 0.209182 5.237932
0.054490 0.214290 5.238331
0.058131 0.215984 5.234649
0.062412 0.212175 5.235260
0.046190 0.231146 5.232836
0.061171 0.245457 5.212529
0.055266 0.243194 5.221713
0.087809 0.320884 5.260811
0.079061 0.314558 5.269941
0.061443 0.306883 5.270511
0.060175 0.301568 5.274673
0.064134 0.303452 5.275052
0.064652 0.307737 5.270823
0.100916 0.316990 5.229241
0.105962 0.319418 5.224950
0.102576 0.314103 5.221149
0.099788 0.314726 5.227358
0.097441 0.309651 5.222394
0.097305 0.307528 5.219115
0.091282 0.306030 5.224016
0.096214 0.310305 5.224636
0.102098 0.306780 5.210151
0.094401 0.297378 5.210861
0.090518 0.301145 5.220392
0.077317 0.282473 5.217956
0.076754 0.293312 5.229597
0.083946 0.296124 5.223831
0.086933 0.289652 5.213789
0.059095 0.299716 5.268784
0.059591 0.297309 5.260159
0.070511 0.307415 5.273958
0.212670 0.332928 5.281192
0.235529 0.331241 5.255603
0.131622 0.343684 5.256073
0.148165 0.347624 5.264303
0.117492 0.337748 5.250889
0.107522 0.330917 5.248007
0.166189 0.348736 5.273718
0.182808 0.343076 5.284375
0.066129 0.285617 5.231047
0.069266 0.293936 5.238931
0.119383 0.340884 5.268262
0.135282 0.344861 5.276664
0.107730 0.334672 5.263022
0.100130 0.329084 5.258010
0.149777 0.346932 5.285877
0.142678 0.334930 5.309110
0.162204 0.342567 5.296904
0.065349 0.306642 5.260179
0.063906 0.302542 5.262006
0.061698 0.304476 5.268574
0.061137 0.307208 5.265364
0.058471 0.287520 5.244190
0.063710 0.295732 5.249455
0.058525 0.191258 5.236248
0.067435 0.187751 5.233007
0.060623 0.185322 5.236729
0.074024 0.188646 5.227066
0.204776 0.249391 5.183680
0.178322 0.224438 5.175243
0.233518 0.307411 5.227273
0.224906 0.280418 5.201481
0.017096 0.208184 5.301113
0.010630 0.213722 5.311450
0.034738 0.198438 5.267663
0.035348 0.196011 5.269398
0.032676 0.197198 5.272812
0.031878 0.199601 5.271122
0.072576 0.211032 5.221596
0.131399 0.329195 5.309419
0.124140 0.342552 5.322618
0.123579 0.351717 5.328872
0.101192 0.365986 5.325551
0.113651 0.366205 5.328332
0.036977 0.194504 5.266026
0.036736 0.197019 5.264503
0.038881 0.192190 5.252727
0.026361 0.207147 5.275975
0.037854 0.196519 5.261710
0.038525 0.197058 5.258623
0.038338 0.191669 5.263771
0.037593 0.193443 5.267291
0.058366 0.220622 5.229199
0.061983 0.220406 5.225154
0.035281 0.188270 5.257285
0.037755 0.190239 5.256200
0.035749 0.185650 5.260203
0.061793 0.330330 5.365724
0.059650 0.339622 5.354197
0.030721 0.196037 5.276587
0.029624 0.198281 5.280094
0.152688 0.203869 5.174519
0.152537 0.324353 5.318532
0.172333 0.329555 5.308211
0.077029 0.299731 5.236797
0.076954 0.305278 5.241091
0.081131 0.306273 5.235466
0.082524 0.300810 5.230614
0.072176 0.302565 5.384072
0.062510 0.347677 5.344671
0.125210 0.363102 5.332891
0.059797 0.239492 5.217461
0.059296 0.238206 5.218706
0.070866 0.214030 5.222498
0.193616 0.332329 5.294740
0.022637 0.211057 5.280236
0.026813 0.211224 5.280185
0.131720 0.336694 5.328933
0.039034 0.252358 5.339321
0.037014 0.188982 5.261347
0.140755 0.321926 5.317663
0.090189 0.310137 5.231647
0.086074 0.309357 5.230062
0.087078 0.309179 5.235645
0.087263 0.309282 5.235307
0.085480 0.307322 5.226927
0.084868 0.309540 5.229509
0.086327 0.310527 5.226354
0.088346 0.308748 5.223628
0.086953 0.303465 5.226746
0.083254 0.306679 5.230764
0.088254 0.313167 5.224547
0.089546 0.311962 5.222259
0.095300 0.309750 5.223505
0.097489 0.312098 5.226273
0.090829 0.316937 5.221427
0.097229 0.314363 5.222856
0.092345 0.323049 5.222790
0.098425 0.320803 5.224082
0.093538 0.328994 5.226203
0.098282 0.326174 5.228615
0.066836 0.301154 5.254469
0.070220 0.305391 5.255266
0.091724 0.332137 5.231611
0.096291 0.329036 5.235464
0.088142 0.334575 5.238161
0.092456 0.331180 5.242265
0.083257 0.334378 5.244678
0.086973 0.331444 5.248663
0.078480 0.332735 5.250791
0.081029 0.330111 5.254739
0.073470 0.329043 5.256153
0.074187 0.326488 5.261334
0.092420 0.321562 5.225064
0.094847 0.325518 5.230506
0.099960 0.318573 5.233454
0.090958 0.316837 5.224010
0.087124 0.315888 5.241901
0.088006 0.313200 5.241557
0.087459 0.314510 5.241502
0.087955 0.316139 5.243804
0.072068 0.305542 5.247448
0.074523 0.306337 5.249218
0.077063 0.307358 5.244409
0.073548 0.305430 5.253014
0.074704 0.305152 5.252820
0.076652 0.305351 5.250234
0.080652 0.305159 5.246707
0.076279 0.307607 5.256530
0.073007 0.309207 5.254622
0.078237 0.306115 5.255701
0.078514 0.305267 5.255779
0.081745 0.304821 5.253627
0.081603 0.305068 5.250330
0.071185 0.300004 5.245010
0.085232 0.319410 5.255631
0.077851 0.315363 5.263401
0.068572 0.323762 5.260270
0.067097 0.321918 5.266502
0.060869 0.311396 5.267581
0.062584 0.316312 5.268735
0.097163 0.319329 5.238173
0.093943 0.320204 5.243780
0.070173 0.311462 5.267600
0.090333 0.320356 5.249379
0.075838 0.326623 5.253292
0.072713 0.322398 5.255632
0.079943 0.329456 5.249598
0.069372 0.311132 5.255930
0.065350 0.312155 5.261556
0.065872 0.318100 5.262225
0.070409 0.317148 5.256371
0.076414 0.323745 5.249813
0.074714 0.319972 5.252580
0.081384 0.322389 5.249769
0.080731 0.314413 5.253089
0.078355 0.310492 5.254941
0.073694 0.314432 5.254147
0.081307 0.313016 5.251077
0.084740 0.315412 5.248326
0.079267 0.307579 5.254101
0.081352 0.323662 5.246003
0.082323 0.323797 5.242177
0.084395 0.320554 5.240898
0.085435 0.320029 5.245252
0.084488 0.330579 5.245293
0.082844 0.327336 5.243869
0.078852 0.326723 5.246743
0.087253 0.327047 5.240126
0.089379 0.330331 5.240289
0.085849 0.324619 5.239074
0.085216 0.321232 5.238022
0.092214 0.323455 5.232049
0.090500 0.325580 5.236120
0.093211 0.328782 5.234943
0.088274 0.323246 5.236315
0.089558 0.321459 5.233252
0.087711 0.319570 5.234584
0.087326 0.321780 5.236032
0.088997 0.312349 5.226379
0.087786 0.310499 5.227968
0.091991 0.316085 5.226828
0.091941 0.313842 5.226700
0.090389 0.315166 5.229273
0.091293 0.312525 5.227867
0.089471 0.313578 5.232013
0.087811 0.311789 5.235094
0.073181 0.336491 5.401033
0.073243 0.328272 5.393745
0.080032 0.324910 5.401949
0.081440 0.333633 5.408654
0.088298 0.316428 5.233483
0.089922 0.318478 5.230814
0.092688 0.320257 5.228645
0.086035 0.316275 5.238102
0.085715 0.318033 5.238678
0.086490 0.318412 5.236882
0.087065 0.315702 5.236046
0.080282 0.308171 5.240592
0.084134 0.310217 5.243330
0.084015 0.312334 5.245887
0.048288 0.359159 5.393636
0.040493 0.366155 5.377189
0.048640 0.362833 5.371730
0.054805 0.355256 5.385699
0.032934 0.361118 5.416489
0.026989 0.367877 5.434569
0.014298 0.371491 5.422878
0.019045 0.371198 5.396703
0.008689 0.374105 5.444133
0.020100 0.372284 5.453687
-0.007680 0.384878 5.498588
-0.002492 0.381103 5.481265
0.008920 0.376811 5.489015
0.004065 0.380347 5.505952
-0.037290 0.426912 5.564311
-0.030185 0.420079 5.569292
-0.023697 0.431943 5.581298
-0.031542 0.441569 5.576400
-0.037529 0.399165 5.449692
-0.042876 0.408587 5.452845
-0.043415 0.398130 5.439770
-0.036185 0.390538 5.434699
0.018304 0.386307 5.347164
0.029368 0.382329 5.344630
0.027653 0.375900 5.364766
0.016874 0.376701 5.369116
-0.052239 0.453111 5.513927
-0.051018 0.439986 5.514617
-0.051664 0.444066 5.528319
-0.052251 0.456575 5.528985
-0.027307 0.507588 5.578010
-0.019775 0.497924 5.590274
-0.021526 0.508033 5.603648
-0.028620 0.519183 5.591212
-0.034762 0.535247 5.520465
-0.033841 0.545828 5.531806
-0.027454 0.560824 5.517520
-0.029109 0.550167 5.506521
-0.025784 0.395409 5.486368
-0.021228 0.390448 5.469343
-0.012916 0.385781 5.474620
-0.017586 0.390032 5.492044
-0.178935 0.414911 5.462811
-0.158043 0.412247 5.452296
-0.154889 0.418252 5.465905
-0.175644 0.421158 5.476186
-0.045274 0.589151 5.611501
-0.049613 0.593557 5.625868
-0.044417 0.609692 5.615349
-0.039302 0.604124 5.600162
-0.073622 0.381928 5.386392
-0.075958 0.386965 5.363870
-0.065194 0.384488 5.358360
-0.063649 0.378085 5.380948
-0.043388 0.423633 5.473707
-0.043230 0.416852 5.463177
-0.038764 0.406022 5.462518
-0.040111 0.413113 5.475501
-0.033671 0.533502 5.482031
-0.034487 0.523685 5.468154
-0.040247 0.512671 5.478993
-0.040029 0.520899 5.494117
-0.038709 0.528506 5.508085
-0.031903 0.542365 5.495183
-0.036743 0.406437 5.478140
-0.033471 0.398718 5.463194
-0.027885 0.394172 5.465592
-0.032086 0.400839 5.481709
-0.012900 0.444331 5.589387
-0.022363 0.456397 5.583637
-0.050977 0.577151 5.637949
-0.046943 0.573621 5.624425
-0.043440 0.559311 5.637633
-0.047327 0.562074 5.650642
-0.007490 0.479593 5.589400
-0.016437 0.488001 5.579884
-0.021207 0.477767 5.576976
-0.011812 0.470058 5.584917
-0.038938 0.548494 5.662837
-0.035362 0.546819 5.650325
-0.024154 0.536081 5.661344
-0.027634 0.537182 5.673742
0.003002 0.377249 5.463249
0.014070 0.374151 5.471656
-0.047013 0.438924 5.550821
-0.043054 0.433341 5.557921
-0.038267 0.448893 5.569205
-0.043362 0.454350 5.561074
-0.044879 0.443109 5.454616
-0.048319 0.436913 5.447853
-0.050503 0.412050 5.444752
-0.046333 0.423452 5.455174
-0.050599 0.613197 5.628111
-0.056527 0.596303 5.637997
-0.043800 0.548654 5.673730
-0.032030 0.536648 5.684823
-0.052387 0.476975 5.431154
-0.051590 0.468892 5.434542
-0.047418 0.475848 5.434239
-0.047511 0.484558 5.429159
0.000663 0.408353 5.580462
-0.004027 0.427552 5.589545
-0.016419 0.418556 5.580050
-0.012092 0.404550 5.570333
-0.036265 0.469527 5.566957
-0.029902 0.464012 5.575847
-0.029741 0.483427 5.567715
0.015489 0.415212 5.588518
0.012714 0.441014 5.596548
0.026542 0.371436 5.480753
0.021721 0.373540 5.496973
0.032153 0.367827 5.463773
0.038865 0.362981 5.447402
0.050834 0.358943 5.458489
0.044325 0.364147 5.474528
0.045250 0.355900 5.432189
0.056762 0.351444 5.444204
0.058444 0.351134 5.407506
0.063532 0.347927 5.398924
-0.045062 0.431261 5.463606
-0.044968 0.437792 5.472611
-0.052801 0.562799 5.662100
0.024245 0.484271 5.348769
0.006521 0.478721 5.349920
0.008977 0.490389 5.358941
0.028976 0.495602 5.357275
0.004628 0.376951 5.368585
0.008358 0.387064 5.346282
-0.039994 0.497543 5.407398
-0.038039 0.499448 5.412353
-0.025648 0.505999 5.407966
-0.027579 0.503392 5.403467
-0.055395 0.484050 5.424736
-0.058827 0.483689 5.421113
-0.076303 0.482460 5.425090
-0.073989 0.481902 5.429294
-0.033546 0.624123 5.606472
-0.028313 0.617920 5.590952
0.010929 0.572901 5.467271
0.004931 0.561534 5.454454
-0.009583 0.558375 5.467764
-0.005027 0.568908 5.480697
0.124524 0.472935 5.387834
0.107425 0.478545 5.376963
0.108502 0.489709 5.385864
0.124863 0.484741 5.396517
0.065498 0.475027 5.347989
0.087569 0.472639 5.357896
0.085537 0.462318 5.351335
0.063462 0.464097 5.341830
0.046231 0.486653 5.351172
0.050696 0.497082 5.359289
-0.024078 0.541828 5.469023
-0.026346 0.530739 5.456980
-0.030302 0.517887 5.437265
-0.032228 0.512262 5.431823
-0.037992 0.505668 5.439616
-0.036970 0.510434 5.445933
0.040688 0.378432 5.342071
0.037694 0.392015 5.329320
0.051004 0.387241 5.327455
0.095051 0.415739 5.333853
0.084500 0.412826 5.330035
0.079896 0.420507 5.331580
0.094690 0.422210 5.336889
0.104315 0.538619 5.423147
0.099318 0.552565 5.439471
0.118815 0.548182 5.445982
0.123563 0.535587 5.430447
-0.030197 0.509802 5.421894
-0.027005 0.510221 5.416848
-0.035280 0.502311 5.418563
-0.036478 0.502438 5.422747
-0.020857 0.516558 5.417600
-0.026269 0.515898 5.424328
-0.023613 0.522006 5.429008
-0.016523 0.523504 5.420949
-0.001563 0.548969 5.444103
-0.008140 0.539186 5.434507
-0.018022 0.535760 5.445516
-0.013836 0.546594 5.456104
0.104935 0.592784 5.504105
0.110138 0.581013 5.484283
0.092627 0.584658 5.479884
0.089235 0.599045 5.500541
-0.066006 0.446740 5.437610
-0.079788 0.447240 5.445064
-0.078708 0.434504 5.444482
-0.068032 0.434248 5.437906
-0.089827 0.484359 5.410247
-0.090429 0.482741 5.404683
-0.101618 0.481826 5.405087
-0.100966 0.484136 5.409798
-0.099148 0.460243 5.455987
-0.118153 0.462905 5.465955
-0.114294 0.450112 5.464229
-0.095527 0.448584 5.454515
0.001985 0.406768 5.329228
0.011914 0.402568 5.328598
-0.002155 0.387988 5.345190
-0.085901 0.475774 5.444847
-0.087437 0.481195 5.440986
-0.104133 0.483913 5.447814
-0.102644 0.478484 5.453473
-0.183630 0.415508 5.446758
-0.162796 0.412994 5.436342
-0.141331 0.476180 5.473497
-0.120534 0.473151 5.465459
-0.122535 0.481236 5.461196
-0.144463 0.485434 5.469151
-0.000859 0.578212 5.493480
0.015727 0.581487 5.481663
-0.004298 0.648927 5.596438
0.004959 0.638441 5.577506
-0.011302 0.629840 5.582998
-0.019751 0.638378 5.600533
-0.038859 0.630881 5.621390
-0.011464 0.656052 5.615076
-0.026281 0.644912 5.617069
0.070052 0.374735 5.328034
0.060967 0.381500 5.326978
0.076776 0.388655 5.324297
0.085685 0.380062 5.324636
-0.096353 0.663485 5.713001
-0.103581 0.638245 5.714299
-0.106752 0.642190 5.732173
-0.099462 0.668727 5.735226
0.109416 0.396970 5.332598
0.113500 0.386977 5.331457
0.099996 0.385102 5.327558
0.093287 0.394148 5.327105
-0.089436 0.655205 5.691535
-0.096566 0.631525 5.695817
0.059932 0.369000 5.339667
0.050286 0.374371 5.340004
0.056661 0.363202 5.354054
0.047719 0.369110 5.356176
0.055304 0.355648 5.366671
-0.104848 0.613066 5.720076
-0.111728 0.612953 5.734652
0.086561 0.372257 5.325747
0.100612 0.375648 5.326478
0.114446 0.376464 5.331078
0.127960 0.373747 5.335966
0.139350 0.367627 5.341562
0.136447 0.358314 5.338938
-0.058152 0.616075 5.641289
-0.048795 0.634674 5.634829
-0.083975 0.718864 5.845040
-0.098366 0.704859 5.853585
-0.071280 0.710011 5.873187
-0.059977 0.725370 5.860256
0.007720 0.719862 5.879737
-0.029461 0.724351 5.873119
-0.038397 0.707074 5.887523
-0.001500 0.697317 5.894717
0.040081 0.733912 5.746303
0.043561 0.724188 5.724231
0.015931 0.726725 5.719400
0.012347 0.737486 5.740121
-0.035222 0.651629 5.631778
-0.020498 0.664248 5.630958
-0.061273 0.597625 5.649997
-0.172550 0.586819 5.804382
-0.192829 0.581484 5.827166
-0.190185 0.616186 5.831762
-0.171726 0.621582 5.810678
-0.154516 0.672236 5.861849
-0.130541 0.683291 5.880750
-0.116696 0.688287 5.866793
-0.142823 0.675197 5.843978
-0.019442 0.526027 5.695402
-0.023128 0.524788 5.706983
-0.035524 0.536100 5.695979
0.022032 0.502533 5.719280
0.020705 0.500115 5.731170
0.004575 0.506403 5.724472
0.005986 0.509082 5.712465
0.002751 0.525870 5.811301
0.004747 0.524307 5.790376
0.017457 0.519431 5.796021
0.015942 0.525122 5.813957
-0.099161 0.585341 5.727007
-0.092216 0.586242 5.715663
-0.080078 0.566517 5.727174
-0.085854 0.563607 5.737353
-0.047744 0.686160 5.898472
-0.010840 0.673775 5.903731
-0.162522 0.553726 5.806044
-0.184395 0.549036 5.827794
-0.167470 0.525375 5.836653
-0.145457 0.531028 5.814487
-0.123342 0.521201 5.830762
-0.144547 0.513606 5.852761
-0.001889 0.565010 5.878297
-0.012767 0.570494 5.880972
-0.018618 0.555043 5.858678
-0.006079 0.549436 5.855514
0.022476 0.742937 5.838906
-0.008583 0.748048 5.834277
-0.018018 0.738366 5.855721
0.016052 0.734659 5.859674
-0.004568 0.672909 5.632338
0.004183 0.663298 5.614485
0.019695 0.667819 5.616737
0.027798 0.658082 5.594181
0.010999 0.655178 5.594490
0.053905 0.578674 5.462980
0.048273 0.568717 5.446040
0.028920 0.573110 5.456383
0.034050 0.581935 5.471428
0.090111 0.483332 5.365705
0.091866 0.494172 5.374328
-0.097809 0.682397 5.901052
-0.124463 0.675584 5.914004
-0.094880 0.666412 5.926826
-0.056198 0.669680 5.909812
-0.173831 0.662236 5.880828
-0.177886 0.646274 5.844025
-0.194984 0.641237 5.864820
-0.212486 0.574393 5.848001
-0.209003 0.608906 5.853363
-0.188814 0.519192 5.859781
-0.165721 0.508223 5.875871
-0.079424 0.551386 5.906938
-0.099315 0.550865 5.924740
-0.117738 0.530852 5.910050
-0.097955 0.532595 5.890864
-0.028453 0.533038 5.799881
-0.042083 0.538437 5.807745
-0.058255 0.542502 5.782508
-0.049990 0.541718 5.771958
0.007763 0.509718 5.701288
0.020224 0.505385 5.707745
-0.015989 0.526302 5.684530
-0.003964 0.516421 5.693867
-0.006615 0.515985 5.704721
0.013890 0.483691 5.648776
0.014061 0.491417 5.663266
0.000344 0.500873 5.654886
-0.000523 0.493504 5.640171
-0.001274 0.485344 5.624690
0.013546 0.475277 5.633047
0.018039 0.459709 5.601632
0.004126 0.469754 5.596466
-0.000514 0.458389 5.592064
0.039191 0.368772 5.490483
0.034552 0.371801 5.505779
-0.107020 0.581222 5.742064
-0.041855 0.643507 5.919318
-0.074006 0.645172 5.936925
-0.068635 0.620179 5.940904
-0.043432 0.618798 5.925126
-0.097950 0.609275 5.705257
-0.057448 0.578341 5.650283
-0.061249 0.579459 5.661053
-0.037452 0.514748 5.537072
-0.035460 0.530187 5.547280
-0.023851 0.413915 5.570479
-0.022503 0.405339 5.561054
-0.161015 0.653564 5.823230
-0.207839 0.513896 5.884187
-0.184684 0.503648 5.899835
-0.203107 0.499123 5.925446
-0.226292 0.508551 5.908482
-0.110169 0.570082 5.953145
-0.136201 0.568326 5.972380
-0.144382 0.546780 5.965033
-0.121193 0.549646 5.944470
-0.161745 0.563663 5.992303
-0.185025 0.559939 6.012369
-0.190520 0.538379 6.010230
-0.168151 0.541770 5.986911
-0.204930 0.544325 5.850332
-0.246964 0.562323 5.895157
-0.229273 0.569303 5.871319
-0.223113 0.538572 5.874031
-0.241828 0.532478 5.897822
-0.153854 0.671980 5.898321
-0.065883 0.570626 5.919101
-0.086387 0.571515 5.934431
-0.134285 0.610004 5.977242
-0.102709 0.613881 5.960361
-0.110474 0.638528 5.957047
-0.142320 0.632510 5.973617
-0.216044 0.638793 5.917820
-0.197262 0.648437 5.899611
-0.214738 0.628526 5.884305
-0.232507 0.618496 5.904910
-0.226591 0.599929 5.874581
-0.243462 0.592064 5.897560
-0.282859 0.545357 5.943218
-0.265177 0.554344 5.918826
-0.259526 0.525194 5.922790
-0.276664 0.517824 5.948871
-0.280409 0.574835 5.942356
-0.261893 0.584061 5.919715
-0.269930 0.598044 5.946962
-0.251252 0.608738 5.925764
-0.253919 0.614896 5.955884
-0.235009 0.626386 5.936813
-0.238088 0.626680 5.967451
-0.218541 0.638750 5.950659
-0.200743 0.642643 5.964947
-0.221841 0.630785 5.980044
-0.206281 0.627274 5.992748
-0.183077 0.638667 5.978206
-0.185913 0.600630 6.010113
-0.162176 0.604975 5.993546
-0.169691 0.625727 5.988404
-0.193686 0.617718 6.003357
-0.252505 0.597541 6.054121
-0.240620 0.594819 6.050231
-0.250597 0.600102 6.036858
-0.262123 0.600879 6.040769
-0.272820 0.602715 6.028647
-0.262582 0.601957 6.024914
-0.275290 0.603086 6.013540
-0.285398 0.602732 6.017414
-0.304944 0.587973 6.000388
-0.315922 0.589642 6.008791
-0.300585 0.598426 6.010394
-0.290130 0.599061 6.004490
-0.319763 0.573770 5.998023
-0.330679 0.576873 6.010117
-0.329987 0.555655 6.002874
-0.339651 0.561798 6.019455
-0.330517 0.533805 6.015575
-0.339385 0.544761 6.036261
-0.246474 0.551716 6.065458
-0.237570 0.566999 6.064255
-0.247510 0.577331 6.074752
-0.255632 0.563370 6.079345
-0.272282 0.518737 6.068054
-0.284094 0.541200 6.083306
-0.301381 0.524561 6.080962
-0.290624 0.501400 6.061848
-0.300817 0.536348 5.967642
-0.298248 0.564622 5.964369
-0.287885 0.587060 5.966530
-0.272881 0.603920 5.973509
-0.206731 0.597857 6.026597
-0.215424 0.611619 6.017842
-0.211955 0.538656 6.032288
-0.205202 0.559673 6.032581
-0.296183 0.492455 6.019187
-0.310692 0.507888 6.004092
-0.292829 0.511919 5.976695
-0.276903 0.495364 5.990499
-0.314635 0.557613 5.984945
-0.304825 0.578440 5.983738
-0.290332 0.594646 5.988256
-0.260653 0.609549 6.005300
-0.275624 0.605802 5.995300
-0.247033 0.608275 6.016586
-0.225026 0.596311 6.040438
-0.234471 0.605619 6.028936
-0.231692 0.543426 6.050409
-0.223406 0.562356 6.049627
-0.323543 0.518657 6.068180
-0.339067 0.528272 6.050382
-0.327096 0.511711 6.029460
-0.312927 0.498345 6.046556
-0.330439 0.546237 6.084348
-0.310265 0.549685 6.094000
-0.293087 0.612193 6.021430
-0.280734 0.612573 6.030479
-0.308223 0.608200 6.016015
-0.348031 0.577012 6.036140
-0.339282 0.590724 6.019813
-0.349546 0.564257 6.054935
-0.344962 0.548943 6.067448
-0.265450 0.615081 6.083123
-0.273977 0.605682 6.093362
-0.263813 0.581715 6.086391
-0.256920 0.592513 6.078887
-0.267125 0.629095 6.058634
-0.262815 0.607023 6.056081
-0.271505 0.610114 6.043267
-0.272479 0.633723 6.043954
-0.299331 0.633169 6.023015
-0.283998 0.635166 6.031767
-0.315490 0.628956 6.017709
-0.347640 0.611839 6.030303
-0.332871 0.622006 6.018894
-0.324190 0.600955 6.014227
-0.356931 0.598879 6.052650
-0.362008 0.618574 6.089596
-0.367101 0.626373 6.064826
-0.352975 0.589162 6.077926
-0.358832 0.707695 6.139019
-0.363116 0.740008 6.150863
-0.379234 0.738320 6.138506
-0.377358 0.706763 6.125986
-0.270135 0.643036 6.091091
-0.280621 0.633163 6.101925
-0.274074 0.661883 6.047370
-0.267612 0.657813 6.063442
-0.366004 0.666737 6.048546
-0.349144 0.677444 6.031893
-0.341260 0.648190 6.024421
-0.357288 0.637707 6.040073
-0.293763 0.721656 6.141054
-0.287293 0.691640 6.128911
-0.276077 0.701988 6.115381
-0.282404 0.731709 6.128252
-0.277152 0.692432 6.055218
-0.282222 0.722042 6.066205
-0.274672 0.717083 6.084306
-0.270064 0.687935 6.072583
-0.375883 0.726444 6.076649
-0.362033 0.737460 6.060408
-0.356125 0.707750 6.043543
-0.371720 0.696701 6.060513
-0.368536 0.647458 6.101530
-0.374201 0.676954 6.113051
-0.379261 0.684338 6.086325
-0.374671 0.655197 6.074361
-0.348057 0.648127 6.117123
-0.354223 0.677254 6.127793
-0.310399 0.791390 6.152042
-0.318790 0.785307 6.162848
-0.306235 0.753136 6.151812
-0.295660 0.761483 6.140192
-0.290865 0.751213 6.080100
-0.303685 0.778680 6.097066
-0.295451 0.774657 6.111670
-0.281875 0.746708 6.096689
-0.382864 0.788855 6.114944
-0.370626 0.798582 6.101816
-0.366989 0.767889 6.080619
-0.379271 0.757470 6.094852
-0.381968 0.772806 6.152291
-0.388353 0.778862 6.133562
-0.386017 0.745330 6.116635
-0.367557 0.773819 6.163354
-0.373159 0.804701 6.177106
-0.385413 0.804613 6.167686
-0.321702 0.821067 6.165277
-0.331004 0.815300 6.173429
-0.319450 0.830101 6.145564
-0.309158 0.802192 6.128485
-0.315818 0.805701 6.115471
-0.324701 0.833616 6.133296
-0.342526 0.808756 6.097798
-0.349163 0.836716 6.117508
-0.334929 0.837163 6.122739
-0.326803 0.809979 6.104059
-0.371462 0.828760 6.121723
-0.359824 0.834650 6.117084
-0.355035 0.807617 6.095984
-0.384849 0.819363 6.133346
-0.390808 0.811037 6.150401
-0.012111 0.628606 5.907678
-0.023844 0.633754 5.907875
-0.029795 0.611956 5.914104
-0.021589 0.604945 5.908132
-0.159635 0.522940 5.955301
-0.138359 0.527162 5.931884
-0.200921 0.516969 6.004639
-0.180780 0.518593 5.979938
-0.222535 0.518214 6.028904
-0.258541 0.536698 6.068052
-0.243788 0.523965 6.050618
-0.267726 0.553785 6.081826
-0.277319 0.573354 6.092158
-0.288596 0.598491 6.101149
-0.301685 0.653574 6.122263
-0.296303 0.626184 6.110179
-0.283784 0.662259 6.115257
-0.313433 0.713434 6.148105
-0.306416 0.682942 6.136003
-0.332853 0.781247 6.169112
-0.322888 0.746830 6.158674
-0.344202 0.811734 6.178349
-0.082700 0.530814 5.834766
-0.065178 0.537043 5.820801
-0.052895 0.541129 5.846474
-0.066238 0.538082 5.858367
0.003353 0.586647 5.896008
-0.005135 0.591098 5.897302
-0.009086 0.581229 5.891160
0.000277 0.577376 5.889622
-0.316949 0.531375 5.992560
-0.257956 0.614805 5.982802
-0.228263 0.617181 6.006467
-0.241862 0.619509 5.993701
-0.256251 0.503766 6.047289
-0.275278 0.490416 6.035432
-0.256583 0.490152 6.006986
-0.237546 0.499376 6.021000
-0.341166 0.622893 6.108264
-0.318435 0.622668 6.113385
-0.324277 0.650692 6.122579
-0.337189 0.595878 6.100672
-0.322764 0.655855 6.019747
-0.304583 0.660321 6.024167
-0.291205 0.692724 6.039710
-0.287783 0.662070 6.033573
-0.309923 0.690619 6.028960
-0.199973 0.500481 5.968964
-0.217961 0.498601 5.994463
-0.238257 0.492001 5.979422
-0.220737 0.494996 5.952007
0.011563 0.626070 5.557717
-0.004512 0.619751 5.565060
-0.047299 0.474492 5.543442
-0.042361 0.473616 5.556157
-0.035793 0.488228 5.555873
-0.042170 0.491772 5.541305
-0.046039 0.490337 5.527511
-0.050430 0.472452 5.529862
-0.048079 0.486665 5.512593
-0.051512 0.469014 5.514685
-0.043702 0.458928 5.451687
-0.045069 0.455096 5.445521
0.034212 0.453683 5.609478
0.032210 0.460515 5.624131
0.014882 0.467608 5.617153
-0.009717 0.514185 5.716940
-0.023489 0.536068 5.771952
-0.007704 0.529453 5.782384
-0.008380 0.531510 5.804602
0.010014 0.549471 5.865294
0.018249 0.558841 5.879647
0.017007 0.573774 5.892301
0.016981 0.584665 5.898385
0.071665 0.603208 5.499562
0.074470 0.588166 5.478813
0.124316 0.461907 5.380227
0.106241 0.467637 5.369329
0.104996 0.447939 5.356703
0.123766 0.442853 5.366878
0.123944 0.433931 5.361114
0.105998 0.438867 5.351409
0.127884 0.382562 5.337241
0.126648 0.394843 5.341475
0.000463 0.603504 5.901667
-0.002913 0.611067 5.904193
-0.011744 0.593339 5.899354
-0.065008 0.548978 5.891194
-0.053355 0.548886 5.879478
-0.042077 0.565015 5.894828
-0.052214 0.566703 5.905670
-0.151112 0.629082 5.787461
-0.150564 0.594395 5.781408
-0.083227 0.692985 5.885128
-0.189847 0.490447 5.483001
-0.166466 0.488438 5.475876
-0.170927 0.494725 5.467029
-0.194625 0.496136 5.474024
0.083236 0.542892 5.415502
0.072454 0.558126 5.434524
0.038278 0.372914 5.359491
-0.021579 0.388021 5.345576
-0.011907 0.388465 5.345030
-0.015067 0.376635 5.366056
-0.023677 0.374915 5.366470
-0.009253 0.463761 5.342633
0.002997 0.467921 5.340991
0.000050 0.452039 5.332733
-0.011053 0.447359 5.334727
0.009434 0.746034 5.762761
0.037283 0.741775 5.769114
0.071357 0.643209 5.571433
0.077904 0.629505 5.547226
0.061645 0.633042 5.545764
0.054333 0.646171 5.569921
0.053701 0.552896 5.420143
0.037438 0.559534 5.432251
0.017728 0.396612 5.572634
0.003696 0.394849 5.564395
0.008103 0.386302 5.546888
0.020861 0.385576 5.554737
-0.147504 0.490970 5.430156
-0.148580 0.494867 5.449170
-0.125289 0.490874 5.444623
-0.124577 0.490619 5.431012
-0.125160 0.686864 5.828987
-0.140552 0.658995 5.800618
-0.015759 0.594557 5.534957
-0.016939 0.603406 5.554472
-0.000620 0.612579 5.544374
0.001023 0.603141 5.523925
-0.018354 0.561221 5.493575
-0.015287 0.571475 5.505423
-0.021690 0.552253 5.481630
-0.053371 0.482845 5.427793
-0.046974 0.489100 5.423825
-0.047191 0.490520 5.419196
-0.080944 0.535403 5.872704
-0.030575 0.541511 5.832302
-0.018352 0.536458 5.828399
0.006948 0.598320 5.900340
0.017489 0.595998 5.901722
0.058184 0.348686 5.360985
0.060919 0.356430 5.350533
-0.101581 0.470084 5.455985
-0.084380 0.467655 5.446072
-0.039328 0.500119 5.435727
-0.041452 0.493688 5.433697
-0.043284 0.483612 5.439025
-0.042471 0.489075 5.442640
-0.034925 0.506903 5.428497
-0.038785 0.499686 5.427889
-0.030907 0.392010 5.448382
-0.028961 0.385852 5.432174
-0.021484 0.382255 5.432168
-0.024377 0.387659 5.449298
-0.016612 0.384975 5.451859
-0.012088 0.380166 5.433517
-0.002131 0.377320 5.437427
-0.007558 0.381412 5.456583
0.029745 0.366244 5.384236
0.038823 0.357459 5.401896
0.050663 0.350904 5.417685
0.061028 0.345133 5.430165
0.125656 0.405717 5.345913
0.105461 0.409827 5.335555
0.107088 0.420758 5.342366
0.124327 0.415722 5.352059
0.140648 0.410983 5.361246
0.140853 0.401029 5.354215
0.058962 0.346716 5.377674
0.065642 0.341495 5.390879
0.071802 0.341983 5.409972
-0.187328 0.421677 5.434329
-0.167640 0.419539 5.422971
0.075086 0.367545 5.330060
0.067162 0.362638 5.339825
-0.191945 0.433095 5.425280
-0.171336 0.430460 5.413369
-0.008863 0.374887 5.391165
-0.017897 0.374305 5.390024
-0.005904 0.377378 5.367196
0.060876 0.339051 5.371150
0.066638 0.333480 5.383698
-0.134391 0.620515 5.767209
-0.133171 0.591036 5.763586
-0.040582 0.583391 5.596182
-0.043183 0.568831 5.609692
0.049456 0.472979 5.660232
0.047808 0.481504 5.674778
0.030144 0.485305 5.669406
0.030808 0.477301 5.655293
0.053160 0.449223 5.616453
0.052253 0.457225 5.630323
0.076393 0.314313 5.393695
0.011403 0.506404 5.689856
0.013570 0.499296 5.676680
0.029776 0.494324 5.682394
0.028427 0.502794 5.697062
0.030749 0.503963 5.713800
0.030375 0.502313 5.720032
0.004722 0.530334 5.827013
0.015043 0.530659 5.828493
-0.105275 0.403001 5.423289
-0.109331 0.398684 5.405856
-0.095632 0.392345 5.398629
-0.092452 0.399241 5.416663
-0.013030 0.524449 5.671735
-0.001431 0.513304 5.681216
-0.044225 0.449145 5.462614
-0.042794 0.465001 5.458737
0.032096 0.438868 5.602773
-0.009546 0.395522 5.555866
-0.005290 0.388927 5.539683
-0.020264 0.397955 5.547596
-0.016395 0.392630 5.532112
0.018807 0.608096 5.903372
0.009597 0.607064 5.902195
-0.102407 0.461726 5.376200
-0.103185 0.467945 5.383940
-0.090992 0.470091 5.380555
-0.090412 0.463672 5.372098
-0.054867 0.589697 5.926464
-0.040697 0.586126 5.914479
-0.016368 0.654265 5.907417
0.001345 0.643648 5.908443
0.021346 0.647314 5.908572
0.022109 0.655358 5.906767
-0.140846 0.512043 5.894525
-0.119535 0.516623 5.871975
-0.161274 0.508228 5.918830
-0.181531 0.503652 5.943845
-0.294456 0.566226 6.095396
-0.311136 0.592221 6.104731
-0.330277 0.680523 6.132961
-0.336280 0.710914 6.144066
-0.342980 0.743128 6.155602
-0.358843 0.808129 6.179670
-0.350170 0.776957 6.167445
-0.195893 0.447426 5.421236
-0.200175 0.462573 5.423216
-0.177286 0.462483 5.411563
-0.174005 0.445638 5.408594
-0.138084 0.465324 5.474422
-0.158028 0.467829 5.482229
-0.154986 0.455001 5.482720
-0.135144 0.452575 5.473470
-0.179085 0.470759 5.491058
-0.161643 0.479082 5.480256
-0.183994 0.481742 5.488290
-0.197810 0.496514 5.460644
-0.173687 0.496788 5.454350
-0.175906 0.492980 5.438873
-0.200175 0.492475 5.448201
-0.201316 0.475535 5.428926
-0.201284 0.485739 5.437833
-0.177880 0.486353 5.428592
-0.178556 0.476494 5.419304
-0.173505 0.431729 5.485963
-0.153173 0.428694 5.475458
-0.153112 0.441104 5.480857
-0.173400 0.444144 5.491418
-0.114810 0.401713 5.388522
-0.100115 0.394346 5.378756
-0.053092 0.434797 5.437130
-0.054417 0.435143 5.436234
-0.062727 0.418542 5.433613
-0.056410 0.416641 5.438093
-0.142405 0.409218 5.425278
-0.148132 0.414998 5.412237
-0.129865 0.408358 5.399892
-0.124590 0.404377 5.414849
-0.132764 0.427220 5.464725
-0.112852 0.424879 5.455786
-0.112472 0.436942 5.461341
-0.133068 0.438982 5.470570
-0.124141 0.487135 5.453616
-0.146935 0.491363 5.460211
-0.087913 0.408685 5.431166
-0.101185 0.411425 5.438008
-0.044302 0.454404 5.471881
-0.041594 0.493657 5.447777
-0.041197 0.498815 5.454721
-0.046947 0.457064 5.552352
-0.049429 0.443642 5.543974
-0.044033 0.498235 5.489601
-0.043776 0.504566 5.505145
-0.050838 0.447536 5.538359
-0.049983 0.458077 5.542142
-0.011009 0.487825 5.600655
0.066981 0.343913 5.419435
-0.115649 0.414655 5.446486
-0.120139 0.406894 5.432715
-0.106844 0.488803 5.430914
-0.105816 0.487519 5.440520
-0.088959 0.484104 5.434958
-0.090785 0.485893 5.429324
0.021741 0.535517 5.403859
0.012816 0.538599 5.414010
0.023912 0.549466 5.422051
0.036068 0.545059 5.410872
-0.105441 0.449137 5.366889
-0.092918 0.448704 5.359287
-0.095711 0.436315 5.355699
-0.109809 0.439075 5.365636
-0.098690 0.422343 5.355638
-0.101704 0.406304 5.362803
-0.116584 0.411485 5.374293
-0.113714 0.426176 5.367258
-0.115331 0.641294 5.752482
-0.104930 0.671685 5.758984
-0.047419 0.549124 5.684983
-0.056711 0.563567 5.673373
-0.045351 0.538839 5.757862
-0.022470 0.566599 5.885018
-0.030238 0.552334 5.863943
-0.074289 0.596034 5.940289
-0.122033 0.615776 5.753132
-0.133006 0.589071 5.975634
-0.104526 0.591641 5.957812
-0.157912 0.649108 5.963135
-0.128826 0.658563 5.946757
-0.152803 0.665841 5.932485
-0.177631 0.655255 5.949214
-0.176562 0.662037 5.915933
-0.198034 0.651535 5.933181
-0.259832 0.499342 5.961090
-0.296783 0.723516 6.050330
-0.323961 0.751380 6.056333
-0.305556 0.752943 6.065627
-0.315974 0.721384 6.039697
-0.329381 0.685622 6.025364
-0.336659 0.716111 6.036728
-0.383099 0.713396 6.101351
-0.317325 0.780435 6.084553
-0.333786 0.779595 6.076884
-0.344440 0.745341 6.054151
-0.351186 0.775171 6.075113
-0.032254 0.582993 5.905127
0.023559 0.668918 5.905954
-0.121625 0.561745 5.767366
-0.141276 0.559062 5.785073
-0.052826 0.540163 5.812291
-0.070053 0.539407 5.789904
-0.032373 0.542983 5.636600
-0.021414 0.532339 5.647775
-0.029477 0.529247 5.606353
-0.030716 0.537192 5.621929
-0.037725 0.548791 5.608267
-0.036059 0.540760 5.592382
-0.036224 0.568091 5.562556
-0.037457 0.576452 5.579625
-0.029591 0.590737 5.566314
-0.028324 0.582245 5.547767
-0.020771 0.610448 5.573967
-0.033243 0.597524 5.583804
0.049840 0.620523 5.524693
0.053778 0.606391 5.502125
0.036382 0.607834 5.506896
0.032783 0.620192 5.529205
-0.005456 0.532328 5.825470
-0.017788 0.581027 5.894291
-0.101680 0.522700 5.851842
-0.102598 0.528569 5.811338
-0.123092 0.538027 5.794055
-0.082511 0.457635 5.445800
-0.014976 0.512777 5.405794
-0.014663 0.509362 5.399850
-0.133015 0.419210 5.387570
-0.130650 0.432825 5.380837
-0.096261 0.422035 5.448430
-0.084306 0.386930 5.392647
-0.070658 0.387761 5.408484
-0.080679 0.393498 5.412049
-0.067799 0.552794 5.752415
-0.073992 0.553709 5.759476
-0.093249 0.565114 5.747198
0.004698 0.632989 5.907593
0.019952 0.636200 5.907231
-0.039681 0.542896 5.837749
-0.182820 0.580989 6.013645
-0.159491 0.584137 5.995028
-0.203045 0.579899 6.031439
-0.221174 0.579821 6.047201
-0.235371 0.582684 6.060318
-0.247473 0.589838 6.067401
-0.259622 0.600380 6.069972
-0.265137 0.621954 6.072247
-0.272551 0.672479 6.102657
-0.266727 0.650980 6.078341
-0.268790 0.680624 6.088722
-0.272677 0.710327 6.100925
-0.292681 0.769534 6.125638
-0.279122 0.740973 6.112529
-0.307419 0.799323 6.139002
-0.318133 0.827721 6.154598
0.007971 0.614598 5.904236
0.007094 0.624273 5.906005
0.001969 0.374793 5.393433
-0.043395 0.474567 5.447514
-0.044132 0.470456 5.443134
-0.082500 0.420300 5.440925
0.027993 0.685378 5.895523
0.035406 0.705870 5.880414
-0.156823 0.476384 5.411665
-0.156037 0.462763 5.401783
-0.093550 0.435486 5.452564
-0.048731 0.449943 5.437923
-0.049033 0.448625 5.437553
-0.290897 0.359180 5.504457
-0.296335 0.345296 5.515627
-0.306002 0.348988 5.511690
-0.301137 0.364216 5.500763
-0.282200 0.358173 5.512575
-0.288500 0.345188 5.523342
-0.287720 0.386872 5.560950
-0.297866 0.372442 5.567837
-0.290047 0.366348 5.560832
-0.280027 0.380073 5.553355
-0.290745 0.335581 5.542869
-0.283661 0.348081 5.532625
-0.282502 0.353744 5.542694
-0.290900 0.340952 5.552048
-0.309937 0.398073 5.560101
-0.299644 0.413253 5.555145
-0.309317 0.416213 5.546973
-0.318747 0.400427 5.551992
-0.245541 0.435674 5.527153
-0.237362 0.441662 5.520511
-0.243152 0.450051 5.528845
-0.252192 0.443463 5.535172
-0.278908 0.387551 5.483015
-0.284904 0.373329 5.493606
-0.295540 0.379851 5.490191
-0.289311 0.395905 5.480712
-0.257020 0.391513 5.514181
-0.249312 0.405309 5.504235
-0.248396 0.411952 5.516404
-0.256701 0.399069 5.526046
-0.282581 0.412910 5.472879
-0.273107 0.403866 5.473352
-0.273893 0.366087 5.533205
-0.265268 0.378546 5.523679
-0.265777 0.385962 5.534723
-0.275460 0.372987 5.543440
-0.326515 0.366760 5.570439
-0.318839 0.382475 5.565331
-0.326665 0.384162 5.557001
-0.333416 0.367683 5.562395
-0.294336 0.346738 5.560124
-0.285039 0.360114 5.551947
-0.299420 0.352250 5.568056
-0.329593 0.347119 5.526023
-0.325094 0.364327 5.516309
-0.315916 0.356242 5.512177
-0.320557 0.340006 5.522799
-0.265994 0.413758 5.545163
-0.276863 0.400389 5.553240
-0.269776 0.393330 5.545230
-0.259760 0.406483 5.536596
-0.268259 0.384564 5.490976
-0.275287 0.371267 5.501835
-0.320269 0.381610 5.507489
-0.314064 0.399637 5.499146
-0.304993 0.389545 5.492704
-0.311004 0.372670 5.501832
-0.311938 0.426291 5.503564
-0.319152 0.408204 5.509642
-0.319262 0.413968 5.522467
-0.310809 0.431458 5.517364
-0.263709 0.433637 5.542943
-0.255358 0.426187 5.535881
-0.288407 0.428104 5.549696
-0.275767 0.441567 5.543993
-0.287020 0.447127 5.537117
-0.298756 0.432244 5.541978
-0.241692 0.421978 5.474300
-0.246924 0.412186 5.480678
-0.256370 0.413361 5.470253
-0.250983 0.424733 5.464798
-0.266818 0.419570 5.464796
-0.260947 0.433120 5.458990
-0.253152 0.457455 5.452286
-0.261113 0.452728 5.457220
-0.264709 0.464434 5.462102
-0.256905 0.468249 5.457110
-0.296274 0.463243 5.494611
-0.304902 0.444886 5.498489
-0.301440 0.449399 5.513283
-0.291043 0.467567 5.509750
-0.271725 0.478684 5.520194
-0.283757 0.466349 5.522610
-0.274715 0.460676 5.532981
-0.263387 0.470795 5.529627
-0.223297 0.485625 5.502334
-0.236271 0.486516 5.508904
-0.229124 0.477467 5.513948
-0.218114 0.476272 5.507341
-0.218087 0.453518 5.513241
-0.216726 0.442757 5.507098
-0.207601 0.439706 5.501967
-0.208602 0.451631 5.507972
-0.222887 0.427822 5.455029
-0.228601 0.429098 5.461129
-0.235121 0.437187 5.449681
-0.227380 0.437547 5.444786
-0.287582 0.478339 5.491559
-0.279446 0.484160 5.506972
-0.225910 0.454750 5.518349
-0.234333 0.453715 5.523756
-0.229930 0.444543 5.515885
-0.222735 0.444697 5.511132
-0.225512 0.431168 5.490545
-0.229939 0.431043 5.495132
-0.232636 0.426798 5.482942
-0.227932 0.428019 5.479098
-0.233407 0.427957 5.465470
-0.238200 0.425891 5.470193
-0.246478 0.430744 5.460065
-0.241004 0.434572 5.455005
-0.279374 0.486465 5.488392
-0.270402 0.490814 5.486614
-0.269225 0.483669 5.476565
-0.277784 0.478772 5.477970
-0.252171 0.476543 5.525930
-0.259976 0.484196 5.517753
-0.235314 0.429703 5.499568
-0.228263 0.436986 5.505849
-0.235396 0.434827 5.511648
-0.255005 0.440987 5.455098
-0.228518 0.492463 5.495673
-0.212460 0.491833 5.489846
-0.216855 0.496278 5.480665
-0.232999 0.496110 5.486595
-0.207179 0.484158 5.496009
-0.202087 0.474243 5.500347
-0.192979 0.435754 5.494973
-0.193870 0.447765 5.500859
-0.195275 0.425378 5.485271
-0.210195 0.430075 5.491978
-0.214464 0.424018 5.478861
-0.198909 0.418760 5.471863
-0.206758 0.424850 5.444865
-0.211450 0.436073 5.435644
-0.231716 0.449102 5.441180
-0.216163 0.448970 5.432712
-0.223152 0.465767 5.515722
-0.232408 0.466409 5.521843
-0.325863 0.390393 5.516578
-0.331209 0.372384 5.524219
-0.333091 0.378885 5.534824
-0.326755 0.396488 5.528231
-0.331236 0.382832 5.546273
-0.337342 0.365759 5.552284
-0.268581 0.373258 5.512129
-0.276202 0.360599 5.522445
-0.294018 0.331883 5.533952
-0.238049 0.423804 5.488367
-0.242395 0.417003 5.494617
-0.258921 0.478024 5.464179
-0.249835 0.480137 5.459193
-0.248127 0.470387 5.451826
-0.285163 0.468643 5.478180
-0.274841 0.458621 5.468163
-0.282744 0.441342 5.472075
-0.293091 0.453845 5.480865
-0.260696 0.492530 5.484299
-0.249497 0.493923 5.480193
-0.250356 0.488184 5.468987
-0.260438 0.486358 5.473585
-0.218233 0.423078 5.467465
-0.224040 0.426174 5.474502
-0.222682 0.474291 5.439096
-0.221345 0.462383 5.434464
-0.235445 0.461007 5.442507
-0.237345 0.471910 5.445939
-0.245117 0.459419 5.447749
-0.222762 0.483969 5.446289
-0.238118 0.481710 5.453070
-0.202609 0.418861 5.457747
-0.236077 0.495127 5.474669
-0.219642 0.495890 5.468456
-0.221763 0.491258 5.456293
-0.237930 0.489872 5.463096
-0.324018 0.399814 5.540604
-0.315517 0.416448 5.535322
-0.252721 0.460912 5.533436
-0.263286 0.453080 5.538697
-0.242563 0.465188 5.527979
-0.298603 0.393178 5.563644
-0.308505 0.378303 5.569472
-0.276066 0.421285 5.550747
-0.287822 0.407649 5.557568
-0.307282 0.417399 5.492249
-0.254567 0.490968 5.506056
-0.265832 0.489653 5.508466
-0.248656 0.486025 5.514507
-0.196530 0.461277 5.501953
-0.212780 0.464343 5.509887
-0.276765 0.490276 5.497966
-0.175905 0.457785 5.492836
-0.267727 0.444736 5.460885
-0.240644 0.448165 5.446600
-0.247993 0.445434 5.451001
-0.310576 0.333951 5.522314
-0.260664 0.386094 5.502198
-0.241178 0.423521 5.506835
-0.242033 0.429233 5.517948
-0.242293 0.491707 5.501104
-0.246823 0.494932 5.491870
-0.258606 0.494141 5.496144
-0.218119 0.434142 5.497388
-0.221854 0.427586 5.484807
-0.317230 0.363339 5.574949
-0.223027 0.436565 5.501480
-0.275448 0.429810 5.466437
0.124375 0.452073 5.373536
0.141456 0.456257 5.389118
0.141541 0.446426 5.382532
-0.041730 0.509962 5.520350
-0.024756 0.495351 5.568783
-0.031500 0.503801 5.555985
-0.042721 0.479155 5.453392
-0.042991 0.485339 5.462251
-0.049397 0.460376 5.437716
-0.046839 0.464230 5.437706
-0.047623 0.481868 5.497135
0.106698 0.323197 5.230567
0.104760 0.324872 5.237381
0.112674 0.322235 5.219987
0.034361 0.504561 5.707111
0.041572 0.500423 5.723297
0.040841 0.497866 5.727408
0.086644 0.313121 5.238750
0.087324 0.317831 5.245522
0.085835 0.317433 5.240299
0.086798 0.310264 5.235795
0.086680 0.311260 5.238113
0.108560 0.315278 5.214098
0.100756 0.324783 5.244777
0.094643 0.323999 5.252249
0.099274 0.311802 5.222682
0.046103 0.679478 5.642813
0.038142 0.692001 5.661601
0.060652 0.688841 5.665627
0.066639 0.675764 5.645951
0.082228 0.696406 5.688699
0.086137 0.683771 5.667592
0.054143 0.701310 5.686192
-0.062102 0.698780 5.698873
-0.053009 0.691402 5.677893
-0.067906 0.672529 5.674616
-0.077493 0.678885 5.693332
-0.067894 0.644738 5.661379
-0.079262 0.649811 5.675544
-0.056056 0.665603 5.659215
-0.075163 0.622449 5.666903
-0.086141 0.626392 5.680903
-0.077447 0.601294 5.675862
-0.087817 0.604959 5.690219
-0.083754 0.585814 5.701308
-0.073461 0.568253 5.713498
-0.061988 0.555612 5.738919
-0.058862 0.552417 5.727474
-0.042518 0.540904 5.741261
-0.024775 0.532524 5.752945
-0.009186 0.523536 5.763652
0.004892 0.517128 5.771760
0.018834 0.512725 5.777743
0.032182 0.509647 5.781353
0.029353 0.516581 5.799587
0.001568 0.374349 5.416473
0.050922 0.405382 5.324874
0.023111 0.398473 5.329937
0.036136 0.411795 5.324952
0.020763 0.473099 5.340254
0.042106 0.476319 5.343219
0.039147 0.462648 5.335584
0.016734 0.456501 5.332361
0.064964 0.415194 5.327700
0.072834 0.409888 5.327523
0.053646 0.423560 5.325945
0.072920 0.429909 5.330954
0.089297 0.432908 5.337329
-0.018039 0.407735 5.333591
-0.029248 0.405672 5.334391
-0.024373 0.426807 5.332488
-0.014606 0.430354 5.330074
-0.008067 0.476160 5.351902
-0.018848 0.472106 5.352628
-0.018078 0.482419 5.362184
-0.006341 0.487044 5.361457
-0.063461 0.400475 5.343004
-0.075288 0.401113 5.347316
-0.071096 0.418407 5.340841
-0.058091 0.418625 5.337389
-0.019092 0.458121 5.342930
0.064335 0.542186 5.406466
0.046882 0.536992 5.398969
0.030227 0.529693 5.393880
-0.015118 0.505886 5.393400
-0.002253 0.516104 5.398559
-0.001354 0.511839 5.391013
-0.028408 0.500856 5.396395
-0.039339 0.496117 5.398718
-0.061519 0.382685 5.405412
-0.060580 0.397083 5.426366
-0.067911 0.402016 5.425128
-0.062943 0.483369 5.409614
-0.061818 0.483833 5.413866
-0.052535 0.488681 5.411449
-0.052718 0.489089 5.407188
-0.007497 0.408217 5.331761
-0.068607 0.436110 5.342392
-0.066377 0.449673 5.349425
-0.052538 0.449873 5.346972
-0.053913 0.435894 5.340211
-0.063968 0.460045 5.356640
-0.062925 0.467510 5.365201
-0.050099 0.470147 5.363899
-0.050853 0.462021 5.354579
-0.064366 0.483962 5.403814
-0.051862 0.488403 5.401390
-0.087519 0.389854 5.370883
-0.042864 0.383853 5.349324
-0.032766 0.385875 5.347217
-0.032443 0.372486 5.368748
-0.042575 0.371964 5.372155
-0.065574 0.457755 5.437732
-0.067333 0.466930 5.437315
-0.069379 0.474786 5.436728
-0.049471 0.489237 5.416337
-0.071925 0.479173 5.434240
-0.071694 0.419744 5.434928
-0.077017 0.406096 5.426183
-0.033186 0.373738 5.393063
-0.041720 0.375269 5.397047
-0.088356 0.402991 5.353995
-0.085195 0.419736 5.346887
-0.090230 0.484851 5.415775
-0.077670 0.483378 5.415453
-0.077704 0.483276 5.410380
-0.036572 0.500861 5.416120
-0.051179 0.488208 5.415124
-0.040510 0.402306 5.335196
-0.080003 0.449806 5.354002
-0.082648 0.436041 5.348197
-0.040054 0.464360 5.353470
-0.028530 0.467320 5.352937
-0.029513 0.455513 5.344152
-0.040483 0.452634 5.345348
-0.077379 0.473487 5.378083
-0.078002 0.467013 5.367970
-0.028244 0.476916 5.362373
-0.038694 0.473250 5.362865
-0.078334 0.482189 5.404320
-0.025191 0.373350 5.390348
-0.019809 0.377263 5.412400
-0.027048 0.378881 5.412202
-0.034337 0.381462 5.414971
-0.042429 0.384954 5.419941
-0.051932 0.390306 5.425331
-0.010175 0.376685 5.413384
-0.269000 0.493336 5.497803
-0.091282 0.486422 5.422630
-0.102883 0.485850 5.415570
-0.105313 0.487527 5.422018
-0.154794 0.484704 5.420612
0.022610 0.202736 5.289907
0.021116 0.205777 5.295017
0.035957 0.195192 5.270835
0.033242 0.195914 5.274247
-0.267218 0.475215 5.468189
-0.273706 0.471411 5.471190
-0.300405 0.435492 5.486008
-0.290774 0.423791 5.478144
-0.298355 0.406666 5.484513
-0.262026 0.398736 5.479933
-0.253321 0.399571 5.491213
-0.250489 0.418837 5.526838
-0.295604 0.450090 5.526155
-0.310451 0.303291 5.547253
-0.315331 0.289072 5.557971
-0.323622 0.289021 5.552649
-0.319113 0.304128 5.542457
-0.319238 0.274503 5.567962
-0.311050 0.291794 5.565157
-0.315861 0.278724 5.575357
-0.310945 0.296112 5.572024
-0.316336 0.283447 5.582082
-0.320150 0.288482 5.587718
-0.313893 0.300995 5.578670
-0.318326 0.306001 5.584888
-0.324791 0.293704 5.593330
-0.316584 0.324461 5.582317
-0.324218 0.329546 5.586451
-0.332059 0.315123 5.592038
-0.324534 0.310787 5.589615
-0.352630 0.304558 5.591660
-0.347196 0.319921 5.586210
-0.351668 0.318470 5.578874
-0.356761 0.302629 5.585090
-0.348434 0.326696 5.555724
-0.354155 0.309955 5.562617
-0.354147 0.314644 5.570717
-0.348566 0.331849 5.564438
-0.360443 0.294368 5.569198
-0.349778 0.303945 5.557529
-0.354931 0.288389 5.564376
-0.299503 0.318616 5.544355
-0.305676 0.317236 5.536711
-0.301038 0.331152 5.526389
-0.306318 0.314283 5.569970
-0.304194 0.309384 5.562699
-0.297320 0.322474 5.552877
-0.298648 0.327446 5.560930
-0.307310 0.358007 5.573997
-0.316015 0.343750 5.580178
-0.308176 0.338184 5.574937
-0.310601 0.319287 5.576350
-0.302535 0.332723 5.568063
-0.332851 0.333660 5.586141
-0.340284 0.318660 5.591156
-0.328896 0.308454 5.542540
-0.333287 0.292468 5.551747
-0.342227 0.297900 5.554098
-0.337660 0.313935 5.544939
-0.325124 0.348380 5.580447
-0.324725 0.324219 5.532783
-0.333648 0.330384 5.535604
-0.344738 0.320498 5.549387
-0.340281 0.337256 5.541276
-0.337701 0.277034 5.560263
-0.327655 0.273636 5.562058
-0.314848 0.319253 5.532500
-0.340860 0.335665 5.581271
-0.333741 0.351107 5.575915
-0.339836 0.351207 5.567910
-0.346116 0.335071 5.573378
-0.338374 0.361443 5.541661
-0.343285 0.343932 5.548883
-0.342720 0.348854 5.558371
-0.360046 0.299085 5.577313
-0.335946 0.354463 5.532951
-0.342667 0.230833 5.630893
-0.337275 0.225324 5.635023
-0.335042 0.233350 5.632768
-0.339176 0.238036 5.626156
-0.326125 0.251594 5.636691
-0.322082 0.243973 5.646081
-0.313369 0.246064 5.643060
-0.316224 0.255322 5.634193
-0.333023 0.220615 5.637812
-0.331223 0.229306 5.639094
-0.329177 0.219911 5.637179
-0.334760 0.211998 5.637133
-0.333056 0.208845 5.632075
-0.337176 0.201270 5.632323
-0.341853 0.199449 5.624950
-0.334315 0.209398 5.621210
-0.356633 0.217994 5.609951
-0.360980 0.207353 5.618839
-0.370484 0.212955 5.617995
-0.365201 0.224036 5.609564
-0.381678 0.228698 5.620389
-0.375763 0.237513 5.611687
-0.370566 0.230518 5.610753
-0.375747 0.220183 5.619990
-0.353106 0.240388 5.629021
-0.348501 0.236542 5.628589
-0.345348 0.243483 5.622976
-0.350485 0.247887 5.623781
-0.321314 0.218821 5.640944
-0.323432 0.220771 5.643814
-0.327428 0.217177 5.631783
-0.323467 0.218876 5.627121
-0.352674 0.273643 5.622180
-0.346586 0.271363 5.619909
-0.341888 0.277553 5.613068
-0.348467 0.281422 5.614976
-0.321541 0.267365 5.617411
-0.314142 0.262788 5.606908
-0.317759 0.267476 5.600562
-0.325097 0.270864 5.610846
-0.319042 0.261954 5.625826
-0.309591 0.251878 5.626718
-0.311392 0.257476 5.616364
-0.308447 0.242378 5.637133
-0.357973 0.285161 5.612659
-0.362204 0.280838 5.619656
-0.344887 0.185932 5.670875
-0.345112 0.186445 5.667453
-0.349279 0.190234 5.668785
-0.348789 0.189831 5.672028
-0.371903 0.277117 5.604365
-0.368509 0.281550 5.600942
-0.370153 0.276622 5.593811
-0.372374 0.271560 5.597220
-0.376525 0.271836 5.609035
-0.375529 0.265234 5.601617
-0.349300 0.173813 5.671248
-0.350432 0.173887 5.665134
-0.346366 0.176704 5.665589
-0.345539 0.176433 5.671037
-0.344629 0.223460 5.636373
-0.338762 0.217639 5.638803
-0.346082 0.205945 5.646868
-0.341351 0.203794 5.644129
-0.339696 0.210032 5.641860
-0.346544 0.214643 5.642467
-0.361291 0.227794 5.640146
-0.356396 0.221881 5.641829
-0.353739 0.229498 5.635113
-0.358780 0.235389 5.634304
-0.366685 0.243731 5.637068
-0.370840 0.247104 5.639563
-0.374020 0.241135 5.643169
-0.369687 0.236479 5.641571
-0.371595 0.219100 5.648612
-0.375215 0.222770 5.649037
-0.378049 0.216290 5.652860
-0.374398 0.213032 5.652289
-0.365969 0.285770 5.596728
-0.368068 0.281403 5.589329
-0.390570 0.245096 5.624499
-0.396940 0.239651 5.630560
-0.397189 0.248497 5.635778
-0.391390 0.253439 5.628437
-0.369947 0.264545 5.591723
-0.368658 0.269861 5.587515
-0.354843 0.173700 5.671834
-0.355846 0.172911 5.665691
-0.307156 0.235893 5.629941
-0.309029 0.244361 5.615205
-0.312784 0.251174 5.603549
-0.316382 0.256273 5.596594
-0.317978 0.260698 5.590991
-0.351964 0.213244 5.645439
-0.349387 0.230000 5.632938
-0.356269 0.243702 5.629670
-0.376199 0.260999 5.638238
-0.371140 0.256306 5.637961
-0.367208 0.260357 5.634833
-0.373961 0.266478 5.634438
-0.389233 0.258485 5.635240
-0.393662 0.253507 5.640818
-0.387609 0.253437 5.644063
-0.384389 0.258190 5.640306
-0.317099 0.217248 5.639220
-0.317430 0.220568 5.625428
-0.368856 0.280940 5.612534
-0.364501 0.284731 5.607965
-0.360827 0.288306 5.602195
-0.349005 0.259913 5.621449
-0.345697 0.256833 5.620020
-0.337879 0.267084 5.618572
-0.342396 0.269597 5.618256
-0.336318 0.247318 5.626429
-0.332601 0.242482 5.634797
-0.329771 0.257978 5.628188
-0.335200 0.274600 5.611432
-0.332099 0.277958 5.604504
-0.339233 0.281849 5.605992
-0.346839 0.285956 5.607408
-0.354852 0.288458 5.605965
-0.328969 0.283976 5.599632
-0.335887 0.287683 5.601661
-0.343800 0.291184 5.602225
-0.351283 0.293539 5.601016
-0.364534 0.282954 5.575962
-0.366717 0.275244 5.582008
-0.365265 0.288594 5.583986
-0.318399 0.272930 5.590669
-0.323521 0.278582 5.595434
-0.325080 0.273069 5.602262
-0.318472 0.267247 5.583405
-0.318122 0.237992 5.650313
-0.324058 0.233778 5.648841
-0.321119 0.229926 5.652643
-0.315117 0.232180 5.653947
-0.336718 0.205297 5.637924
-0.339334 0.199886 5.640759
-0.340890 0.195358 5.635996
-0.367219 0.275919 5.625639
-0.359268 0.269598 5.627622
-0.351231 0.206578 5.648602
-0.350488 0.176286 5.658178
-0.348993 0.182997 5.646282
-0.344503 0.186595 5.648457
-0.346125 0.179531 5.659362
-0.357791 0.201009 5.651296
-0.358479 0.196710 5.655530
-0.352852 0.199172 5.656164
-0.352016 0.202577 5.651438
-0.378848 0.228511 5.649931
-0.381383 0.222947 5.653363
-0.364205 0.198409 5.630603
-0.350952 0.201503 5.618521
-0.355366 0.192606 5.626533
-0.365836 0.232500 5.640337
-0.372513 0.229409 5.645656
-0.368840 0.225738 5.644996
-0.354969 0.211710 5.647043
-0.358229 0.216051 5.645878
-0.359421 0.209761 5.648232
-0.355482 0.206618 5.648926
-0.383839 0.265774 5.630142
-0.386155 0.259545 5.621116
-0.344115 0.181484 5.666506
-0.343831 0.181352 5.670795
-0.361756 0.291960 5.591856
-0.357147 0.293580 5.597729
-0.362642 0.239865 5.635101
-0.346038 0.212174 5.611757
-0.359395 0.247340 5.630923
-0.391478 0.224648 5.639354
-0.392511 0.220325 5.646355
-0.390712 0.225042 5.650317
-0.390733 0.230292 5.645914
-0.359331 0.190002 5.663564
-0.359305 0.187581 5.668819
-0.354482 0.190539 5.669097
-0.354445 0.192751 5.664749
-0.347419 0.202601 5.649971
-0.347902 0.198747 5.655655
-0.344173 0.196063 5.653717
-0.343435 0.200434 5.647687
-0.341934 0.196426 5.644638
-0.343220 0.191388 5.650871
-0.362921 0.184922 5.662150
-0.361959 0.191204 5.652520
-0.360742 0.185991 5.647897
-0.361199 0.178832 5.660109
-0.371235 0.245508 5.602590
-0.380711 0.244762 5.614208
-0.375979 0.252183 5.605132
-0.387522 0.220533 5.628213
-0.391174 0.230631 5.632046
-0.386358 0.237107 5.623047
-0.384197 0.251443 5.616488
-0.364481 0.198864 5.645084
-0.367746 0.196878 5.640570
-0.361645 0.192684 5.640233
-0.363977 0.252143 5.633007
-0.344202 0.184410 5.661052
-0.333317 0.249083 5.582650
-0.333165 0.243193 5.588166
-0.348111 0.245156 5.585359
-0.345279 0.251404 5.579986
-0.349264 0.192359 5.664667
-0.345073 0.189552 5.663173
-0.383144 0.232494 5.651171
-0.387373 0.233127 5.652655
-0.389009 0.227518 5.654130
-0.384958 0.226504 5.654167
-0.379495 0.258200 5.608007
-0.399934 0.237780 5.638036
-0.398981 0.246561 5.644639
-0.372406 0.258757 5.597238
-0.364131 0.257620 5.588158
-0.367363 0.252257 5.594245
-0.379764 0.210635 5.631515
-0.366515 0.239309 5.601570
-0.362406 0.246902 5.592927
-0.357944 0.252315 5.585816
-0.355022 0.257043 5.580459
-0.362014 0.262514 5.583014
-0.355882 0.175592 5.658152
-0.360987 0.177042 5.666955
-0.358003 0.276702 5.570842
-0.359920 0.268277 5.577093
-0.350327 0.271006 5.568924
-0.352471 0.262628 5.574956
-0.348114 0.236073 5.592854
-0.356389 0.241069 5.592433
-0.352954 0.227591 5.601491
-0.360976 0.233600 5.600781
-0.374676 0.202628 5.626575
-0.358547 0.182184 5.682337
-0.357792 0.187029 5.681907
-0.358232 0.187546 5.673689
-0.360060 0.182789 5.674169
-0.361842 0.183169 5.668246
-0.359144 0.178647 5.673495
-0.340937 0.222163 5.604493
-0.361414 0.204047 5.650311
-0.331741 0.232976 5.597968
-0.322061 0.224538 5.610827
-0.329482 0.217199 5.613099
-0.314709 0.237616 5.604067
-0.319568 0.245589 5.593782
-0.323662 0.256194 5.583641
-0.323022 0.251465 5.588417
-0.322420 0.263233 5.576849
-0.310734 0.230045 5.618627
-0.349147 0.189835 5.677854
-0.344740 0.186677 5.677065
-0.332374 0.254417 5.577803
-0.330733 0.262029 5.570474
-0.328654 0.237632 5.643389
-0.356014 0.254271 5.626619
-0.359305 0.258282 5.628843
-0.363591 0.264446 5.631520
-0.371442 0.271143 5.630679
-0.341137 0.265472 5.567708
-0.331490 0.297652 5.596445
-0.339273 0.301104 5.597083
-0.346815 0.282633 5.562173
-0.343571 0.181603 5.677450
-0.380482 0.210560 5.651288
-0.378943 0.209350 5.651577
-0.311477 0.238404 5.648005
-0.309563 0.231224 5.651921
-0.307338 0.221153 5.645013
-0.306350 0.227842 5.638256
-0.306952 0.234133 5.643203
-0.307099 0.227061 5.648894
-0.351775 0.262146 5.623525
-0.355243 0.264766 5.625603
-0.381472 0.265848 5.614391
-0.379435 0.271686 5.623500
-0.343449 0.191636 5.640985
-0.348315 0.188676 5.637911
-0.346585 0.192708 5.631104
-0.355309 0.182933 5.645028
-0.361762 0.196343 5.647991
-0.362487 0.199707 5.648704
-0.340980 0.252289 5.621202
-0.333656 0.263081 5.622081
-0.324507 0.225680 5.648024
-0.327233 0.227731 5.643892
-0.363385 0.221282 5.644880
-0.379865 0.202473 5.641387
-0.375235 0.197717 5.637085
-0.365687 0.214649 5.647937
-0.344552 0.177435 5.678799
-0.347859 0.174315 5.680099
-0.355569 0.188495 5.635673
-0.376658 0.234675 5.646699
-0.380830 0.205678 5.647179
-0.383197 0.209632 5.641716
-0.394433 0.250595 5.645377
-0.343146 0.257001 5.574613
-0.353977 0.190494 5.672905
-0.354117 0.190046 5.679398
-0.357097 0.178620 5.682227
-0.353046 0.175057 5.680491
-0.374337 0.276510 5.617716
-0.353456 0.251212 5.625058
-0.346717 0.303955 5.595754
-0.310725 0.223885 5.631402
-0.311280 0.217127 5.640458
-0.367717 0.209435 5.650573
-0.394773 0.232598 5.641170
-0.386269 0.207918 5.646467
-0.391305 0.212622 5.644230
-0.389604 0.216506 5.636503
-0.383132 0.207965 5.650608
-0.351933 0.176083 5.687841
-0.356037 0.179675 5.689115
-0.346961 0.175458 5.686651
-0.343905 0.178647 5.684241
-0.343239 0.182888 5.682340
-0.357468 0.183775 5.689000
-0.357017 0.187967 5.687549
-0.353802 0.190595 5.683702
-0.356817 0.185785 5.694566
-0.354769 0.181556 5.696506
-0.342926 0.180924 5.698678
-0.345316 0.180569 5.701084
-0.346625 0.178939 5.697946
-0.345458 0.177759 5.694423
-0.342147 0.183681 5.702893
-0.344456 0.182549 5.705249
-0.349135 0.180540 5.702312
-0.349863 0.178793 5.697944
-0.348237 0.182699 5.706887
-0.351425 0.184858 5.706447
-0.352188 0.182992 5.702047
-0.352510 0.180887 5.698803
-0.350785 0.177551 5.694574
-0.342836 0.186032 5.706932
-0.346443 0.187903 5.709934
-0.347288 0.184756 5.710340
-0.344199 0.184080 5.708168
-0.343281 0.180284 5.689925
-0.341956 0.183243 5.695963
-0.341725 0.186275 5.700791
-0.342788 0.188689 5.704868
-0.342464 0.186671 5.694293
-0.342698 0.189153 5.699367
-0.344043 0.190853 5.702810
-0.344588 0.190209 5.693628
-0.344713 0.191584 5.698913
-0.343286 0.183898 5.686903
-0.345151 0.187787 5.685660
-0.345300 0.191994 5.701563
-0.346622 0.190279 5.707685
-0.354685 0.184857 5.700803
-0.353292 0.187152 5.705141
-0.355527 0.187786 5.699677
-0.353805 0.189314 5.703785
-0.350597 0.186046 5.709637
-0.351104 0.188594 5.709051
-0.344909 0.187286 5.681392
-0.349573 0.190419 5.682082
-0.349765 0.191234 5.686538
-0.348762 0.193150 5.693950
-0.354079 0.191610 5.689017
-0.356694 0.188910 5.692847
-0.355115 0.190521 5.698152
-0.353092 0.192910 5.695771
-0.353052 0.191944 5.702367
-0.351322 0.193410 5.700646
-0.347968 0.193269 5.699483
-0.350571 0.192474 5.704796
-0.351027 0.190764 5.707098
-0.347040 0.191949 5.704935
-0.347490 0.192774 5.702517
-0.349899 0.193174 5.702948
-0.370748 0.193034 5.676942
-0.371517 0.192558 5.671476
-0.374655 0.195920 5.672835
-0.374045 0.196822 5.677934
-0.376047 0.180817 5.676423
-0.377511 0.179507 5.669310
-0.372963 0.183435 5.669781
-0.371660 0.184796 5.676635
-0.382509 0.182221 5.676252
-0.384505 0.180381 5.669419
-0.375918 0.182134 5.661075
-0.371209 0.191099 5.649075
-0.367481 0.194051 5.652319
-0.371509 0.185810 5.662776
-0.380717 0.205571 5.657428
-0.375921 0.206942 5.657774
-0.371088 0.188292 5.670507
-0.370180 0.189203 5.676685
-0.383261 0.198097 5.667006
-0.383429 0.196690 5.673868
-0.378878 0.197762 5.673530
-0.378568 0.199570 5.667591
-0.370480 0.204508 5.656950
-0.365335 0.200965 5.655954
-0.365181 0.197199 5.654316
-0.386860 0.194135 5.665636
-0.383862 0.200740 5.654427
-0.382924 0.195713 5.650162
-0.387155 0.188352 5.663181
-0.369782 0.190189 5.664084
-0.373665 0.197761 5.667007
-0.370081 0.194307 5.665647
-0.382491 0.183494 5.660306
-0.387820 0.186801 5.672242
-0.383045 0.193918 5.689486
-0.381314 0.197957 5.688776
-0.382550 0.197742 5.679907
-0.384811 0.193846 5.680474
-0.386131 0.193062 5.673578
-0.385616 0.188364 5.679068
-0.373364 0.198058 5.686682
-0.369730 0.194246 5.686097
-0.368676 0.190313 5.686404
-0.377883 0.191170 5.647101
-0.370068 0.186425 5.686952
-0.373868 0.182853 5.687481
-0.378487 0.198937 5.679042
-0.377704 0.199965 5.687805
-0.383049 0.189160 5.689094
-0.379558 0.184049 5.687476
-0.378109 0.185776 5.696396
-0.381066 0.190755 5.696341
-0.372842 0.184398 5.695546
-0.369245 0.187727 5.693298
-0.368310 0.191325 5.691648
-0.381389 0.194919 5.696542
-0.380113 0.198337 5.695274
-0.376741 0.200312 5.692879
-0.378965 0.198393 5.702745
-0.378594 0.194693 5.704811
-0.365122 0.195976 5.711786
-0.367335 0.195410 5.714072
-0.369260 0.193111 5.709701
-0.367067 0.192403 5.707452
-0.371201 0.191158 5.706878
-0.370453 0.188738 5.703557
-0.372872 0.194284 5.710918
-0.374004 0.192470 5.706901
-0.370867 0.196813 5.716190
-0.373223 0.199937 5.715029
-0.374634 0.197467 5.710030
-0.375673 0.195189 5.706865
-0.364767 0.199310 5.716146
-0.366138 0.197497 5.717464
-0.375884 0.189477 5.703511
-0.367827 0.189764 5.698690
-0.365198 0.193718 5.704539
-0.363862 0.197876 5.709588
-0.364199 0.201511 5.713862
-0.364732 0.196690 5.702085
-0.363758 0.200284 5.707572
-0.364707 0.203081 5.711384
-0.365961 0.200389 5.700516
-0.365228 0.203019 5.706402
-0.367191 0.192654 5.695597
-0.368526 0.196218 5.694043
-0.365577 0.204042 5.709629
-0.366861 0.204039 5.716525
-0.367334 0.202049 5.719378
-0.368817 0.199059 5.720619
-0.375425 0.199387 5.708564
-0.373291 0.202095 5.713500
-0.376058 0.201716 5.707448
-0.373495 0.203978 5.712447
-0.371724 0.201350 5.718820
-0.371250 0.203393 5.717884
-0.369568 0.194940 5.690978
-0.372819 0.198506 5.691310
-0.371641 0.199969 5.693922
-0.369476 0.203727 5.700585
-0.375374 0.201924 5.695563
-0.377815 0.201011 5.699177
-0.375465 0.203603 5.705103
-0.373291 0.204769 5.702359
-0.372947 0.205271 5.710518
-0.371326 0.206216 5.707948
-0.368124 0.205454 5.706441
-0.370258 0.205862 5.713350
-0.370701 0.205049 5.715962
-0.366964 0.205019 5.713484
-0.367378 0.205501 5.710384
-0.369774 0.206223 5.710798
-0.383069 0.210643 5.675535
-0.384754 0.209920 5.671699
-0.386644 0.214709 5.672547
-0.384897 0.215802 5.676032
-0.389078 0.202652 5.677587
-0.391459 0.200227 5.670607
-0.387610 0.201899 5.671140
-0.385811 0.203566 5.677231
-0.393130 0.205002 5.678715
-0.397226 0.202832 5.671360
-0.391757 0.201272 5.664169
-0.388668 0.205726 5.653703
-0.384816 0.207031 5.656162
-0.387556 0.202802 5.665654
-0.385221 0.205622 5.671399
-0.383716 0.206446 5.676519
-0.393247 0.219315 5.668714
-0.393109 0.218541 5.674354
-0.389725 0.218138 5.673610
-0.389874 0.218918 5.668591
-0.383864 0.219635 5.658529
-0.381755 0.215056 5.658011
-0.382414 0.210752 5.657328
-0.397108 0.216632 5.667773
-0.393802 0.220888 5.657096
-0.395875 0.215718 5.654673
-0.399518 0.210764 5.665777
-0.385257 0.206879 5.666760
-0.385891 0.216124 5.668381
-0.384264 0.211391 5.667364
-0.396684 0.204695 5.663576
-0.398872 0.209571 5.673088
-0.391088 0.216573 5.689173
-0.389179 0.219721 5.687306
-0.391981 0.219363 5.678267
-0.394855 0.215891 5.679750
-0.396696 0.215508 5.673945
-0.395548 0.210492 5.679569
-0.382381 0.217173 5.683137
-0.380086 0.212684 5.682768
-0.380626 0.208645 5.684291
-0.393597 0.209084 5.652742
-0.390611 0.224042 5.659066
-0.382220 0.206003 5.685892
-0.385110 0.204746 5.687598
-0.388394 0.219054 5.676912
-0.386032 0.220392 5.684925
-0.391346 0.211812 5.689530
-0.389208 0.206788 5.688623
-0.385652 0.208184 5.695751
-0.387990 0.213313 5.696349
-0.381660 0.205984 5.694241
-0.379250 0.207462 5.691688
-0.378209 0.209946 5.689385
-0.387284 0.218242 5.694854
-0.386043 0.220029 5.692665
-0.383864 0.220365 5.689397
-0.384470 0.220072 5.697716
-0.384025 0.215383 5.700570
-0.370481 0.213080 5.705907
-0.371948 0.213334 5.707514
-0.374927 0.211828 5.703938
-0.373662 0.210897 5.702553
-0.377786 0.210165 5.702054
-0.378373 0.208340 5.699776
-0.377871 0.213189 5.705723
-0.380343 0.211549 5.702540
-0.374882 0.214943 5.709177
-0.376989 0.218411 5.708085
-0.379765 0.216824 5.704469
-0.381850 0.214617 5.702478
-0.368722 0.215199 5.709251
-0.370284 0.214578 5.710196
-0.382301 0.210234 5.700052
-0.376310 0.208807 5.696146
-0.372312 0.211475 5.700000
-0.369173 0.214027 5.703644
-0.367811 0.216838 5.706706
-0.371846 0.213698 5.697492
-0.369106 0.216043 5.701377
-0.368158 0.218425 5.704209
-0.372283 0.216682 5.695760
-0.369837 0.218475 5.700025
-0.375669 0.211203 5.693352
-0.376260 0.214373 5.691267
-0.369146 0.219515 5.702554
-0.369711 0.220406 5.708637
-0.370529 0.218343 5.711381
-0.372276 0.216419 5.712164
-0.380917 0.219166 5.703407
-0.377631 0.220590 5.707056
-0.380905 0.221847 5.701537
-0.377371 0.222597 5.705379
-0.374770 0.218900 5.710720
-0.374443 0.220584 5.709991
-0.378790 0.213450 5.687588
-0.380934 0.217370 5.687373
-0.378443 0.217867 5.690463
-0.374305 0.220356 5.695251
-0.381324 0.220825 5.691725
-0.382957 0.221761 5.695369
-0.379966 0.222916 5.699045
-0.377491 0.222830 5.696740
-0.376254 0.223731 5.703138
-0.374486 0.223630 5.700898
-0.371648 0.221524 5.699781
-0.373104 0.223185 5.705411
-0.373800 0.222383 5.708036
-0.369808 0.221325 5.705610
-0.370417 0.221638 5.703062
-0.372547 0.223269 5.703293
-0.387271 0.222532 5.658878
-0.394345 0.235530 5.670690
-0.395116 0.234435 5.667858
-0.395937 0.238777 5.667818
-0.395099 0.239743 5.670087
-0.402122 0.230651 5.673240
-0.403975 0.228095 5.667923
-0.399883 0.227804 5.667760
-0.398324 0.229874 5.672851
-0.405051 0.234998 5.672976
-0.407406 0.232780 5.668195
-0.402533 0.228222 5.661631
-0.397689 0.231113 5.649280
-0.393938 0.230468 5.652012
-0.398379 0.228154 5.662096
-0.394088 0.248739 5.651144
-0.396922 0.247006 5.657213
-0.393057 0.245216 5.658326
-0.390094 0.247928 5.650822
-0.396645 0.230225 5.667472
-0.395712 0.232122 5.671816
-0.400785 0.244668 5.665375
-0.400573 0.245000 5.668502
-0.397736 0.242508 5.667994
-0.397154 0.242702 5.665282
-0.386795 0.244646 5.651789
-0.390887 0.241631 5.658605
-0.389379 0.237889 5.656845
-0.386382 0.239276 5.652128
-0.391173 0.233975 5.655442
-0.404578 0.243348 5.664334
-0.400458 0.246269 5.655099
-0.403071 0.242904 5.651999
-0.407165 0.238710 5.663395
-0.395891 0.230862 5.663698
-0.395123 0.239097 5.664401
-0.394682 0.234819 5.664927
-0.406316 0.232235 5.661329
-0.406919 0.239350 5.668859
-0.400326 0.247734 5.678336
-0.397662 0.248378 5.676607
-0.399572 0.246557 5.671035
-0.403083 0.245652 5.672284
-0.404324 0.243841 5.669395
-0.405135 0.241476 5.673225
-0.392774 0.241742 5.674991
-0.392077 0.237494 5.676160
-0.393328 0.234540 5.677747
-0.401926 0.235443 5.648160
-0.395557 0.232931 5.679541
-0.398895 0.233524 5.680625
-0.396838 0.243672 5.670321
-0.394901 0.245659 5.675261
-0.402201 0.243658 5.679840
-0.401669 0.237687 5.680269
-0.399336 0.239340 5.686164
-0.399184 0.245390 5.685400
-0.396582 0.235205 5.685554
-0.393863 0.234253 5.683516
-0.391948 0.235595 5.681409
-0.397218 0.249386 5.682951
-0.394957 0.249198 5.680819
-0.393120 0.246418 5.679148
-0.394011 0.249398 5.687228
-0.395454 0.245868 5.690098
-0.386737 0.237593 5.695283
-0.388097 0.238366 5.696259
-0.390372 0.238220 5.693514
-0.389528 0.236754 5.692268
-0.393056 0.238212 5.691416
-0.393632 0.236791 5.689369
-0.392175 0.240923 5.694656
-0.394614 0.240772 5.691502
-0.389824 0.241188 5.697980
-0.389544 0.245446 5.697383
-0.392476 0.245318 5.694489
-0.394366 0.244117 5.692176
-0.384832 0.238910 5.698437
-0.386630 0.238943 5.698823
-0.396462 0.240503 5.689534
-0.391744 0.235466 5.686822
-0.388207 0.236315 5.690660
-0.384852 0.237551 5.694384
-0.383079 0.239896 5.697217
-0.387104 0.237266 5.688641
-0.384025 0.238743 5.692513
-0.382688 0.240917 5.695147
-0.386575 0.239538 5.686749
-0.383930 0.240544 5.690933
-0.390371 0.236469 5.684347
-0.389564 0.238969 5.682314
-0.382854 0.241558 5.693448
-0.383409 0.243119 5.698334
-0.385038 0.242419 5.700188
-0.387574 0.241697 5.700600
-0.391859 0.247513 5.693385
-0.388564 0.247466 5.696654
-0.390748 0.249116 5.691191
-0.387121 0.248202 5.695042
-0.387936 0.244817 5.699648
-0.386313 0.245757 5.699194
-0.390784 0.238420 5.679429
-0.391418 0.242379 5.678584
-0.389746 0.242889 5.681439
-0.386642 0.243066 5.685917
-0.390825 0.246959 5.682367
-0.392342 0.249380 5.684443
-0.389069 0.249012 5.688947
-0.387448 0.246967 5.686830
-0.385802 0.247739 5.693074
-0.384709 0.246135 5.691226
-0.384038 0.243302 5.690401
-0.383819 0.245618 5.695530
-0.384644 0.246031 5.697520
-0.382828 0.243376 5.696096
-0.383014 0.243355 5.693759
-0.383528 0.245070 5.693794
-0.397299 0.247615 5.650183
-0.317810 0.211593 5.649122
-0.321743 0.213726 5.650018
-0.323606 0.221680 5.655396
-0.320142 0.225982 5.658831
-0.314132 0.227366 5.660590
-0.309719 0.224534 5.659501
-0.307428 0.220358 5.657238
-0.323831 0.217141 5.652320
-0.313128 0.211377 5.649877
-0.308331 0.215058 5.653453
-0.308048 0.210643 5.662867
-0.312020 0.206374 5.658916
-0.307258 0.217311 5.666550
-0.310656 0.222037 5.667346
-0.314899 0.225181 5.666544
-0.317609 0.206922 5.655821
-0.321561 0.209367 5.655492
-0.323872 0.213900 5.656998
-0.317935 0.201000 5.663557
-0.313352 0.199705 5.670531
-0.313859 0.208361 5.684966
-0.310901 0.205056 5.684846
-0.310555 0.207354 5.681177
-0.312556 0.211292 5.681170
-0.310566 0.207874 5.678358
-0.310629 0.211960 5.676455
-0.309656 0.201530 5.679617
-0.310467 0.203427 5.676520
-0.312249 0.196828 5.677078
-0.311674 0.199508 5.674998
-0.309372 0.199272 5.683585
-0.311842 0.202564 5.687310
-0.311639 0.198000 5.686604
-0.314810 0.204061 5.687320
-0.309890 0.204995 5.673224
-0.313353 0.218760 5.674356
-0.315683 0.215174 5.680292
-0.317585 0.210670 5.684300
-0.318941 0.205250 5.685966
-0.320574 0.216885 5.678119
-0.322074 0.211124 5.681940
-0.322373 0.205810 5.683153
-0.324908 0.214755 5.674502
-0.325090 0.209322 5.679060
-0.317782 0.222419 5.671430
-0.322470 0.221231 5.667292
-0.324401 0.205927 5.681048
-0.319783 0.199574 5.684829
-0.315840 0.198161 5.687161
-0.315821 0.196026 5.674184
-0.312347 0.195038 5.680477
-0.316564 0.194176 5.678335
-0.319736 0.196965 5.670775
-0.320683 0.195118 5.676486
-0.312740 0.194706 5.683790
-0.316482 0.194393 5.682931
-0.320406 0.224085 5.663689
-0.323728 0.219488 5.660205
-0.325243 0.216269 5.663212
-0.326627 0.209930 5.670639
-0.325510 0.209423 5.660952
-0.322300 0.203791 5.660777
-0.323474 0.199496 5.668863
-0.326153 0.204127 5.668480
-0.323832 0.197834 5.675249
-0.325642 0.201315 5.674888
-0.325909 0.205466 5.676384
-0.323264 0.198475 5.679513
-0.320544 0.195994 5.681284
-0.322740 0.201353 5.682118
-0.324529 0.203003 5.679770
-0.324544 0.200644 5.678234
-0.389252 0.250142 5.647280
-0.384916 0.246344 5.648365
-0.382835 0.250069 5.645111
-0.379618 0.255451 5.642284
-0.381201 0.262581 5.637172
-0.374922 0.251262 5.641609
-0.378526 0.245705 5.644729
-0.381586 0.239740 5.648944
-0.368398 0.251851 5.637105
0.063168 0.225259 5.214958
0.062503 0.228958 5.214736
0.060575 0.233466 5.219155
0.059872 0.229005 5.218888
0.059879 0.225378 5.219757
0.060437 0.221407 5.221081
0.068952 0.217359 5.218012
0.065444 0.221447 5.216393
0.070121 0.214835 5.228556
0.070336 0.215649 5.227396
0.069693 0.215227 5.228852
0.066578 0.216536 5.224723
0.069125 0.217042 5.228043
0.060970 0.235328 5.215417
0.060854 0.236841 5.216253
0.061804 0.232557 5.215149
0.063041 0.217785 5.222969
0.060564 0.236909 5.216994
0.060711 0.235538 5.217826
0.071369 0.216026 5.221686
0.060954 0.225280 5.217548
0.061731 0.220802 5.218405
0.066790 0.217068 5.218800
0.063972 0.220619 5.216146
0.067407 0.216208 5.223073
0.069221 0.215967 5.224634
0.060779 0.228799 5.217111
0.064561 0.217118 5.220705
0.062676 0.225143 5.215361
0.069330 0.216966 5.225645
0.069003 0.217481 5.223339
0.061036 0.235788 5.216874
0.061052 0.235770 5.217025
0.062227 0.355820 5.468306
0.056380 0.361551 5.485002
0.062160 0.228743 5.215248
0.061258 0.234905 5.217715
0.061305 0.231533 5.216971
0.062201 0.231473 5.215732
0.061691 0.234818 5.216781
-0.137460 0.410007 5.442493
-0.134416 0.416590 5.455957
-0.151296 0.425948 5.401042
-0.150764 0.443584 5.394799
0.000397 0.508026 5.668293
0.016203 0.617739 5.535862
0.018847 0.607173 5.514125
0.085013 0.613961 5.522211
0.067616 0.618790 5.521942
-0.038934 0.553857 5.577440
-0.040117 0.562232 5.594052
-0.021402 0.518278 5.618894
-0.020559 0.526387 5.633735
-0.040289 0.554882 5.623790
0.037836 0.646533 5.570593
0.044976 0.634149 5.548426
0.028804 0.631652 5.552490
0.021244 0.644156 5.573414
0.093747 0.620867 5.549333
0.100576 0.605951 5.525241
-0.035807 0.557709 5.545780
-0.027828 0.571694 5.530907
0.001509 0.590711 5.506999
0.019046 0.594139 5.496975
0.055357 0.591475 5.482644
0.036934 0.593779 5.488830
-0.013006 0.496771 5.615054
0.000431 0.477408 5.609622
-0.038418 0.543066 5.561542
0.030821 0.468950 5.640154
0.095463 0.569866 5.459165
0.075130 0.574381 5.457594
-0.015114 0.583059 5.518071
0.030110 0.373986 5.521691
0.025312 0.379518 5.538436
0.012240 0.381080 5.530123
0.016926 0.377117 5.513509
-0.000579 0.384073 5.522842
-0.012002 0.388602 5.515595
-0.021693 0.393927 5.508805
-0.039947 0.412877 5.493172
-0.035437 0.406295 5.497639
-0.045322 0.429157 5.485595
-0.043099 0.420015 5.488881
-0.046813 0.443229 5.483927
-0.047055 0.459847 5.483645
-0.046257 0.477362 5.482418
-0.043257 0.471328 5.468784
-0.050134 0.464632 5.498783
-0.050029 0.448314 5.497937
-0.048633 0.434743 5.499714
0.031809 0.398916 5.580407
0.031484 0.417895 5.594803
0.068270 0.349087 5.452790
-0.306095 0.433321 5.530387
-0.305199 0.305216 5.554720
0.106834 0.429770 5.345629
0.124597 0.425360 5.355389
0.141015 0.428240 5.369678
0.140359 0.419786 5.363863
0.024273 0.420933 5.325038
0.044494 0.435497 5.328085
0.066464 0.440828 5.332098
0.087304 0.442154 5.341118
-0.033257 0.517630 5.563684
0.105345 0.459426 5.362657
0.085472 0.453274 5.345502
0.064037 0.454038 5.336724
0.038831 0.448064 5.330274
0.012457 0.433993 5.325963
-0.003381 0.432410 5.328146
-0.020810 0.445796 5.335781
-0.030875 0.441562 5.337559
-0.034716 0.424231 5.333844
-0.045127 0.421118 5.335084
-0.042203 0.439304 5.338762
-0.123466 0.444560 5.375689
-0.134851 0.453044 5.386333
-0.140025 0.465343 5.395876
-0.140006 0.476534 5.405902
-0.137580 0.481877 5.412540
-0.130726 0.484991 5.417684
-0.118909 0.486913 5.420685
-0.077614 0.483250 5.421940
-0.061358 0.482913 5.419355
-0.025533 0.508336 5.412286
-0.017188 0.515158 5.411530
0.011446 0.550855 5.433052
0.002457 0.540246 5.424433
0.020506 0.562710 5.443606
-0.007739 0.701791 5.670100
0.002966 0.689730 5.653813
-0.013894 0.683021 5.649271
-0.025130 0.694822 5.664474
0.072615 0.662114 5.624452
0.054306 0.666719 5.621256
-0.065246 0.619105 5.653659
-0.057452 0.639911 5.648121
-0.045069 0.658089 5.645559
-0.029671 0.672467 5.645597
-0.068596 0.598667 5.661932
-0.025637 0.525567 5.720680
-0.038488 0.537405 5.709457
0.020154 0.500483 5.744427
0.003475 0.506426 5.738687
-0.067540 0.579764 5.673429
-0.011801 0.514675 5.730594
-0.050607 0.549961 5.697738
-0.061142 0.563842 5.685857
0.011480 0.678476 5.635831
0.028519 0.680363 5.639039
0.036929 0.668626 5.618659
0.109610 0.525695 5.409779
0.091090 0.528621 5.401882
0.072066 0.529641 5.394419
0.055710 0.517432 5.378473
0.035671 0.514019 5.374554
0.034930 0.522451 5.384152
0.054052 0.527660 5.388204
-0.002842 0.502116 5.377172
-0.016437 0.498323 5.379632
-0.015801 0.501856 5.386545
-0.001476 0.507726 5.384044
-0.027983 0.498650 5.388877
-0.039655 0.493811 5.391052
-0.051272 0.487077 5.394560
-0.064739 0.482678 5.396239
-0.063653 0.475481 5.375345
-0.050727 0.477653 5.373746
-0.004322 0.496635 5.369901
0.013617 0.500649 5.367081
0.108692 0.501743 5.395444
0.124373 0.497712 5.406688
-0.043912 0.492121 5.475278
-0.040709 0.506242 5.465816
-0.035453 0.516828 5.455944
-0.027972 0.523838 5.446387
-0.021131 0.528710 5.436265
-0.012881 0.531016 5.426456
-0.004064 0.530652 5.417415
-0.009966 0.522999 5.413208
0.003817 0.529026 5.408824
-0.005161 0.520209 5.406164
0.010106 0.525520 5.399691
0.014262 0.521009 5.390762
0.016253 0.515274 5.382206
0.015405 0.508423 5.374723
0.053914 0.508049 5.368428
0.033275 0.505647 5.366139
0.071987 0.496923 5.364315
0.068465 0.486407 5.355357
0.076018 0.518676 5.383832
0.074568 0.508284 5.374316
0.067429 0.399506 5.323875
0.087889 0.404696 5.327753
-0.111497 0.481983 5.407317
-0.120201 0.483347 5.411304
-0.113172 0.485322 5.414242
-0.109020 0.483668 5.410032
-0.123912 0.479871 5.406457
-0.114706 0.474491 5.395442
-0.126628 0.474618 5.400199
-0.113413 0.479452 5.403839
-0.126546 0.466396 5.391312
-0.115370 0.468020 5.387897
-0.123186 0.457941 5.382709
-0.113735 0.461294 5.380095
-0.111352 0.456242 5.374333
-0.116259 0.451848 5.374703
-0.078584 0.459177 5.360008
-0.091463 0.457222 5.364190
-0.103070 0.456454 5.369663
-0.078578 0.481272 5.397307
-0.091491 0.480284 5.397932
-0.102709 0.479309 5.399872
-0.103528 0.474989 5.391896
-0.091498 0.476276 5.389743
-0.077960 0.478177 5.387963
0.109201 0.516058 5.402975
0.094100 0.517419 5.391678
-0.028420 0.493880 5.380885
-0.038804 0.489013 5.382329
-0.049734 0.483302 5.383849
-0.063739 0.479867 5.385884
-0.039054 0.482668 5.372908
-0.028431 0.486965 5.371949
-0.017145 0.491473 5.371415
0.093396 0.505887 5.384190
0.125157 0.513195 5.413448
-0.051377 0.379041 5.401373
-0.053095 0.374581 5.376340
-0.054275 0.383060 5.354090
-0.051197 0.400945 5.339096
0.141528 0.390005 5.348071
-0.240571 0.477945 5.520507
0.137542 0.546299 5.451774
0.141287 0.533022 5.436765
0.120505 0.584207 5.507770
0.127806 0.576702 5.488289
0.064120 0.654636 5.595652
0.080093 0.648714 5.598762
0.087480 0.635336 5.573552
0.087474 0.671968 5.649172
0.090431 0.655445 5.629811
0.102820 0.626687 5.576635
0.108308 0.611940 5.553325
0.114549 0.565302 5.464424
0.127189 0.524937 5.417337
0.142396 0.508894 5.421025
0.140683 0.495740 5.415911
0.141581 0.482401 5.405214
-0.036306 0.408365 5.535080
-0.033126 0.403812 5.519240
-0.025446 0.397623 5.525227
-0.028920 0.402311 5.540954
-0.045904 0.421991 5.522977
-0.043122 0.417572 5.508058
-0.038842 0.410602 5.513383
-0.042044 0.415233 5.528912
-0.046306 0.425287 5.503336
-0.048810 0.429951 5.518005
-0.038466 0.415415 5.550555
-0.043892 0.421939 5.544312
-0.031396 0.409682 5.556097
-0.050024 0.435516 5.532104
-0.047586 0.428427 5.537933
0.025584 0.237102 5.330121
0.013113 0.222901 5.320526
0.024904 0.200828 5.286153
0.028807 0.201656 5.283885
0.065705 0.275601 5.367327
0.072060 0.288324 5.379278
0.018805 0.204893 5.302942
0.012307 0.209162 5.314105
0.038692 0.190669 5.264643
0.038186 0.192633 5.268173
0.031549 0.194763 5.277358
0.030324 0.197096 5.281135
0.077255 0.299931 5.389606
0.041552 0.248830 5.342890
0.087806 0.323693 5.407838
0.090398 0.331457 5.413747
0.082077 0.340350 5.416434
0.077898 0.343271 5.426995
0.034062 0.385883 5.563975
0.047350 0.372476 5.516083
0.042182 0.372165 5.530677
0.051912 0.368109 5.500896
0.071373 0.344458 5.438887
0.083153 0.312781 5.399765
0.023763 0.200865 5.291231
0.022259 0.203713 5.296588
0.036686 0.194288 5.271726
0.034088 0.194774 5.275140
0.073947 0.352346 5.474921
0.068933 0.358432 5.492098
0.037574 0.378257 5.547456
0.046207 0.398887 5.586342
0.047451 0.417079 5.601718
0.078928 0.346652 5.458890
0.051572 0.436212 5.609417
-0.114148 0.689206 5.802521
-0.105671 0.702843 5.824139
-0.089237 0.719162 5.819843
-0.097608 0.708686 5.803981
-0.091782 0.697604 5.764690
-0.088283 0.691569 5.741748
-0.084371 0.685229 5.717321
-0.072460 0.729048 5.833885
-0.037101 0.745688 5.826520
-0.048107 0.736193 5.845226
-0.069387 0.704671 5.722797
-0.074637 0.710101 5.747301
-0.087586 0.717470 5.803353
-0.083708 0.717365 5.790111
-0.095434 0.701877 5.784669
-0.061394 0.736880 5.819600
-0.078181 0.726067 5.811196
0.029762 0.704199 5.681102
0.021631 0.715734 5.699478
0.047825 0.713541 5.704910
-0.041483 0.682269 5.659428
-0.036079 0.704220 5.682530
0.043206 0.721640 5.862700
-0.070085 0.729448 5.796015
-0.027974 0.749388 5.805809
-0.051828 0.740872 5.800836
-0.012530 0.735395 5.735624
-0.034210 0.728941 5.731733
-0.039260 0.735698 5.755111
-0.016456 0.743054 5.757971
-0.052624 0.718911 5.727772
-0.045151 0.712231 5.703928
-0.007131 0.725642 5.713931
-0.027102 0.720746 5.708691
-0.018210 0.711828 5.688056
-0.058690 0.724633 5.752333
-0.020963 0.748702 5.782711
0.006004 0.751688 5.787011
0.033715 0.746065 5.792403
0.061354 0.737801 5.800881
0.066430 0.735686 5.777614
0.000514 0.715291 5.693764
0.019426 0.691698 5.657303
0.009972 0.704021 5.675293
0.045634 0.657625 5.595146
-0.243232 0.502327 5.934547
-0.006291 0.618920 5.906657
-0.016540 0.597218 5.903098
-0.116777 0.589904 5.748382
-0.125132 0.653179 5.773212
-0.111468 0.680147 5.780045
-0.032942 0.564773 5.888335
-0.042303 0.550155 5.870273
-0.108568 0.557524 5.757469
-0.085437 0.534498 5.798430
-0.024450 0.581481 5.897891
-0.079569 0.714621 5.771264
-0.064656 0.728180 5.777139
-0.044813 0.740718 5.779236
-0.000115 0.752083 5.811105
0.028718 0.747279 5.815540
0.056373 0.736365 5.821432
0.000412 0.538222 5.842103
0.013347 0.534418 5.840875
0.006454 0.534390 5.836376
0.024268 0.529842 5.831795
0.021604 0.532411 5.844970
0.010439 0.539746 5.851824
0.021915 0.539173 5.856755
0.020472 0.547484 5.868662
-0.025697 0.528817 5.736458
-0.040071 0.540905 5.724552
0.019534 0.505905 5.760088
0.004436 0.511054 5.754238
-0.074769 0.582725 5.687304
-0.010818 0.518591 5.746325
-0.054142 0.552744 5.712129
-0.066885 0.566687 5.699669
0.075363 0.720297 5.730947
0.078524 0.708961 5.710443
0.034768 0.502798 5.764344
0.015603 0.218212 5.324322
0.028497 0.232875 5.333662
0.127032 0.192042 5.181576
0.133279 0.347337 5.334993
0.081225 0.187038 5.218300
0.029661 0.200286 5.284825
0.037394 0.188332 5.262254
0.090982 0.339809 5.421869
0.087336 0.343494 5.432820
0.019258 0.618452 5.905519
0.081503 0.342975 5.444939
0.019634 0.627135 5.906937
0.115127 0.596156 5.528546
-0.342169 0.840683 6.185060
-0.333047 0.847263 6.176745
-0.344110 0.867939 6.190238
-0.351696 0.861084 6.199419
-0.331698 0.859908 6.149176
-0.327538 0.856368 6.161522
-0.340612 0.862567 6.139881
-0.353408 0.861945 6.135284
-0.357270 0.884065 6.153476
-0.346193 0.885247 6.156346
-0.363841 0.858214 6.136295
-0.377725 0.875777 6.156500
-0.373623 0.853285 6.140134
-0.385849 0.844407 6.150969
-0.388479 0.866065 6.166654
-0.391675 0.836510 6.166721
-0.395138 0.857129 6.181396
-0.388427 0.830933 6.182816
-0.354750 0.835404 6.191400
-0.364163 0.853433 6.207373
-0.338009 0.882251 6.165709
-0.336002 0.878946 6.176590
-0.340153 0.873407 6.183401
-0.328813 0.851707 6.170893
-0.351747 0.888088 6.208113
-0.355995 0.876805 6.220267
-0.342396 0.905905 6.181419
-0.345611 0.900099 6.191262
-0.361308 0.905877 6.171166
-0.348883 0.909036 6.171920
-0.385504 0.898200 6.169137
-0.373486 0.902038 6.169775
-0.367779 0.880243 6.153878
-0.394776 0.887769 6.179005
-0.402449 0.875444 6.194646
-0.372119 0.867875 6.224087
-0.348709 0.895082 6.200076
-0.527534 0.845058 6.289387
-0.524591 0.842446 6.287882
-0.522512 0.840726 6.291361
-0.524769 0.843156 6.295133
-0.512658 0.829550 6.318334
-0.508741 0.822269 6.315306
-0.503062 0.822820 6.321575
-0.505242 0.829933 6.327073
-0.522144 0.833719 6.307093
-0.522004 0.838782 6.307364
-0.524670 0.840257 6.303758
-0.526269 0.835956 6.301198
-0.520182 0.867931 6.264723
-0.520600 0.872417 6.266498
-0.522050 0.874261 6.262864
-0.522121 0.871391 6.260615
-0.525052 0.854483 6.281057
-0.525174 0.859315 6.282370
-0.526212 0.860895 6.278888
-0.527281 0.858017 6.276064
-0.493847 0.836080 6.304258
-0.483065 0.833692 6.312554
-0.495209 0.827697 6.318431
-0.502863 0.827261 6.309119
-0.492458 0.834084 6.326914
-0.480462 0.842324 6.321342
-0.487378 0.849898 6.320973
-0.497653 0.840689 6.324212
-0.498014 0.850657 6.312595
-0.506923 0.842503 6.316333
-0.501441 0.844252 6.304184
-0.511711 0.835236 6.307043
-0.512580 0.847049 6.291698
-0.506872 0.840663 6.291756
-0.517673 0.835138 6.295692
-0.522726 0.841155 6.294161
-0.501730 0.837479 6.300117
-0.513649 0.832854 6.302105
-0.503179 0.843284 6.307335
-0.506127 0.850196 6.305766
-0.516253 0.842736 6.307941
-0.513192 0.835557 6.310033
-0.510805 0.851877 6.298575
-0.520728 0.845552 6.300963
-0.512393 0.849568 6.278235
-0.508205 0.846544 6.286643
-0.517312 0.843466 6.290193
-0.520887 0.845545 6.284181
-0.517778 0.846658 6.297244
-0.509997 0.851390 6.294078
-0.513256 0.857182 6.291952
-0.521028 0.851406 6.295064
-0.517497 0.859524 6.284571
-0.524871 0.853445 6.289423
-0.517734 0.855026 6.278272
-0.525595 0.850005 6.283690
-0.517982 0.867127 6.264462
-0.513512 0.861391 6.263684
-0.521083 0.857852 6.270243
-0.524513 0.862927 6.271097
-0.511381 0.857704 6.270483
-0.518569 0.854752 6.274311
-0.517908 0.855839 6.280639
-0.513215 0.859517 6.276533
-0.515622 0.867001 6.277512
-0.520783 0.862465 6.281924
-0.518244 0.871151 6.270869
-0.524177 0.865601 6.276095
-0.511023 0.875164 6.249478
-0.517398 0.870795 6.253491
-0.519676 0.875867 6.255117
-0.512917 0.881591 6.251578
-0.509769 0.870319 6.255182
-0.514639 0.867514 6.258806
-0.514617 0.869648 6.264058
-0.511716 0.872608 6.260139
-0.512881 0.879312 6.263240
-0.516860 0.875541 6.266234
-0.513604 0.883093 6.257406
-0.519615 0.878873 6.260838
-0.486459 0.845191 6.297716
-0.472198 0.840445 6.306433
-0.504882 0.835016 6.325032
-0.470579 0.850638 6.315570
-0.509902 0.835820 6.320415
-0.491661 0.858853 6.306098
-0.478052 0.858389 6.314914
-0.496039 0.847830 6.303710
-0.522517 0.832676 6.299566
-0.502462 0.863756 6.292269
-0.505115 0.853178 6.291555
-0.520077 0.831362 6.303061
-0.496029 0.850257 6.284772
-0.501389 0.860384 6.270653
-0.525544 0.847761 6.294823
-0.527437 0.848613 6.291588
-0.508802 0.871918 6.277816
-0.511471 0.860501 6.275112
-0.524945 0.855378 6.274098
-0.509963 0.881736 6.264561
-0.511805 0.872562 6.260161
-0.523135 0.853350 6.276739
-0.503440 0.870469 6.255640
-0.519365 0.869214 6.259255
-0.507863 0.890775 6.254821
-0.506387 0.888950 6.246943
-0.518280 0.866690 6.261412
-0.503813 0.880183 6.245002
-0.376539 0.848532 6.208743
-0.367764 0.831219 6.194593
-0.379024 0.829940 6.191156
-0.387003 0.847896 6.203772
-0.393579 0.850373 6.195768
-0.387114 0.860978 6.223869
-0.398203 0.861091 6.215868
-0.402728 0.867041 6.208842
-0.400166 0.907249 6.185602
-0.389614 0.916871 6.177015
-0.375629 0.919822 6.179186
-0.362589 0.924607 6.179865
-0.349678 0.928151 6.182162
-0.381989 0.878100 6.236247
-0.398184 0.867049 6.237449
-0.411196 0.864717 6.229592
-0.416292 0.874319 6.218390
-0.456620 0.846198 6.300961
-0.467987 0.848725 6.288432
-0.452316 0.851862 6.278657
-0.445133 0.856622 6.291670
-0.479133 0.855920 6.276566
-0.461965 0.858278 6.266481
-0.485532 0.865660 6.264288
-0.469025 0.869715 6.255819
-0.490077 0.875854 6.251100
-0.474877 0.881475 6.244835
-0.494598 0.886176 6.240562
-0.480539 0.894172 6.235777
-0.499748 0.896807 6.240345
-0.486125 0.905811 6.234465
-0.457302 0.857886 6.311589
-0.444581 0.868614 6.301119
-0.465715 0.870654 6.310472
-0.454132 0.882256 6.301360
-0.476906 0.876005 6.299270
-0.463059 0.888509 6.291196
-0.487595 0.912956 6.244100
-0.500576 0.902224 6.250482
-0.485292 0.882118 6.285371
-0.470399 0.894011 6.277712
-0.492411 0.890494 6.272614
-0.477822 0.902507 6.265635
-0.497014 0.897717 6.261176
-0.483502 0.909801 6.254736
-0.433824 0.858135 6.268238
-0.443510 0.860034 6.253831
-0.450420 0.872709 6.243473
-0.456310 0.887074 6.234501
-0.461869 0.902963 6.228457
-0.468026 0.915437 6.226617
-0.435564 0.894966 6.217373
-0.441676 0.915328 6.219519
-0.448885 0.926814 6.221083
-0.429639 0.938832 6.214850
-0.423198 0.928498 6.210112
-0.391966 0.951239 6.197435
-0.405995 0.940733 6.202170
-0.412523 0.951528 6.206955
-0.398358 0.963852 6.202271
-0.417894 0.911532 6.204276
-0.401417 0.923954 6.195261
-0.388020 0.932486 6.189346
-0.374091 0.975013 6.201931
-0.368460 0.962889 6.193420
-0.380788 0.958084 6.194927
-0.386820 0.971226 6.200571
-0.359951 0.975618 6.211240
-0.352664 0.964459 6.201053
-0.349243 0.957308 6.215852
-0.354765 0.968011 6.225387
-0.364446 0.943436 6.186713
-0.376247 0.938849 6.188278
-0.350772 0.945890 6.190801
-0.347137 0.939901 6.203788
-0.358375 0.945471 6.227728
-0.355476 0.929747 6.214667
-0.360622 0.955775 6.237919
-0.430507 0.870083 6.280181
-0.430828 0.882449 6.285294
-0.432880 0.874382 6.229304
-0.425865 0.862755 6.240844
-0.411895 0.867560 6.253981
-0.411892 0.882695 6.269019
-0.415823 0.897589 6.271737
-0.394968 0.900512 6.258907
-0.401386 0.912121 6.261512
-0.437847 0.893055 6.285113
-0.422072 0.905607 6.269065
-0.407158 0.920223 6.259403
-0.382059 0.914533 6.250396
-0.387605 0.925882 6.254896
-0.373116 0.926603 6.241229
-0.377177 0.936805 6.248953
-0.368636 0.945824 6.244107
-0.366315 0.935890 6.234448
-0.367081 0.914255 6.230055
-0.361589 0.921669 6.222229
-0.376046 0.903115 6.239783
-0.389801 0.887473 6.248672
-0.470332 0.923155 6.235215
-0.451958 0.933519 6.227288
-0.432234 0.944257 6.221089
-0.415115 0.958015 6.215606
-0.400597 0.969491 6.212609
-0.389856 0.975580 6.212101
-0.378874 0.979087 6.213337
-0.367912 0.978008 6.220116
-0.363432 0.972427 6.230190
-0.368509 0.963489 6.240850
-0.375704 0.955322 6.247281
-0.393728 0.934590 6.254963
-0.383356 0.946341 6.251485
-0.364415 0.891279 6.232130
-0.357668 0.901387 6.220662
-0.354503 0.908445 6.211953
-0.345656 0.923243 6.192262
-0.351372 0.915029 6.203653
-0.445970 0.900375 6.277915
-0.453806 0.907082 6.265895
-0.461110 0.915250 6.254788
-0.467042 0.921449 6.244848
-0.449067 0.933066 6.235482
-0.443458 0.928482 6.244081
-0.436357 0.921587 6.254593
-0.428812 0.912969 6.263618
-0.430651 0.944605 6.228919
-0.426320 0.941264 6.236939
-0.419234 0.935950 6.246912
-0.413294 0.928065 6.254915
-0.399305 0.942687 6.250900
-0.403676 0.949447 6.243150
-0.410070 0.953988 6.232928
-0.413035 0.957320 6.224827
-0.399058 0.967124 6.222031
-0.396539 0.963095 6.230115
-0.391213 0.958759 6.239419
-0.388278 0.953191 6.246763
-0.390078 0.972139 6.221232
-0.374185 0.975528 6.225106
-0.381784 0.975244 6.221641
-0.370768 0.972485 6.231520
-0.374897 0.966278 6.238154
-0.381010 0.960058 6.242944
-0.379281 0.967865 6.233924
-0.384546 0.963874 6.236590
-0.388527 0.967705 6.228554
-0.382380 0.970935 6.227439
-0.375621 0.971141 6.231074
-0.377374 0.972622 6.227676
-0.412187 0.891132 6.203948
0.140901 0.377845 5.343038
0.141440 0.437080 5.375584
-0.319271 0.572320 6.097740
-0.333668 0.572250 6.093458
-0.345379 0.569806 6.081583
-0.090820 0.543045 5.769994
-0.010510 0.519250 5.657075
-0.011365 0.505774 5.629483
-0.010287 0.513152 5.643832
-0.105610 0.540781 5.780316
-0.035182 0.530193 5.577116
0.050493 0.731742 5.841790
0.141821 0.469415 5.396158
-0.028739 0.399646 5.502540
0.071327 0.729577 5.753153
0.084460 0.308839 5.233092
0.084832 0.307677 5.236223
0.084064 0.309030 5.239825
0.086682 0.311227 5.243383
0.086642 0.313613 5.244866
0.087012 0.317268 5.245991
0.086693 0.312169 5.238395
0.087499 0.311966 5.239670
0.086811 0.310286 5.237916
0.086285 0.310864 5.237263
0.064827 0.367441 5.508326
0.059994 0.372043 5.523161
0.053401 0.369836 5.537953
0.049441 0.376293 5.553974
0.025762 0.199335 5.287369
0.043224 0.503474 5.716687
0.045122 0.506684 5.708580
0.096245 0.640468 5.602244
0.039048 0.495486 5.734938
0.046129 0.501210 5.700123
0.133102 0.561022 5.469261
0.046653 0.385310 5.570412
0.036769 0.497233 5.748750
0.144284 0.521788 5.424029
0.046648 0.491667 5.688248
0.026543 0.523137 5.816680
0.050759 0.465613 5.645707
0.134994 0.169335 5.228137
0.139779 0.171053 5.243581
0.124616 0.168319 5.244174
0.117381 0.168493 5.231447
0.112235 0.167286 5.245880
0.105517 0.168881 5.236846
0.141535 0.175135 5.257974
0.128274 0.171498 5.255800
0.113096 0.176704 5.287499
0.117784 0.176886 5.279479
0.123871 0.179415 5.286901
0.116984 0.180530 5.296479
0.097240 0.181458 5.307804
0.098347 0.189741 5.318876
0.085152 0.187476 5.318980
0.084768 0.180897 5.307681
0.065180 0.184124 5.272821
0.071606 0.182308 5.270503
0.071382 0.179445 5.278254
0.064526 0.182343 5.280921
0.064172 0.184940 5.258454
0.060882 0.183169 5.251342
0.067226 0.185416 5.249245
0.069970 0.186111 5.256460
0.058367 0.187158 5.274033
0.058383 0.185798 5.282455
0.060127 0.185280 5.267115
0.065705 0.184864 5.265678
0.049395 0.180424 5.265536
0.045542 0.178567 5.262029
0.049763 0.177652 5.258029
0.053661 0.180977 5.263110
0.055208 0.185494 5.270831
0.051165 0.185967 5.270993
0.051470 0.183075 5.268796
0.055611 0.183482 5.267714
0.058467 0.183669 5.260506
0.055080 0.180708 5.254354
0.050356 0.179146 5.248835
0.043971 0.176121 5.253109
0.064839 0.181991 5.298003
0.058869 0.184147 5.297485
0.058398 0.184336 5.290074
0.064588 0.181387 5.289398
0.051408 0.188449 5.275048
0.043590 0.187974 5.289875
0.039463 0.188992 5.284790
0.041903 0.188911 5.281396
0.046020 0.187821 5.286716
0.063577 0.187026 5.313323
0.060200 0.190852 5.320769
0.053944 0.190483 5.314361
0.056814 0.187968 5.309803
0.049227 0.193718 5.319154
0.056157 0.195598 5.326627
0.043095 0.204727 5.334010
0.037092 0.197873 5.323351
0.043919 0.195913 5.322252
0.050227 0.200557 5.331242
0.029545 0.197645 5.310847
0.028931 0.199828 5.322942
0.021899 0.202684 5.321003
0.024595 0.200136 5.308021
0.042210 0.194958 5.295993
0.042387 0.189716 5.292788
0.045266 0.190235 5.295919
0.045498 0.192793 5.297346
0.047931 0.192547 5.300094
0.048074 0.191635 5.299543
0.049159 0.190584 5.299818
0.048508 0.191574 5.301258
0.046993 0.192536 5.298687
0.047497 0.193441 5.299420
0.044873 0.193192 5.298380
0.040997 0.192581 5.296953
0.028494 0.196440 5.289745
0.032083 0.198240 5.286644
0.034472 0.197268 5.289017
0.031511 0.194356 5.291854
0.048234 0.189355 5.297269
0.046612 0.188559 5.294101
0.048772 0.187789 5.291999
0.050863 0.187858 5.297201
0.054230 0.185909 5.296731
0.054214 0.186933 5.301733
0.051271 0.188936 5.300522
0.047084 0.191915 5.301981
0.050232 0.190309 5.303609
0.048427 0.191171 5.305226
0.045452 0.192235 5.306196
0.044296 0.192229 5.301779
0.040240 0.192491 5.300867
0.040471 0.193587 5.305924
0.035392 0.194552 5.304534
0.035189 0.193331 5.299123
0.053464 0.186213 5.290051
0.052607 0.189005 5.306723
0.058370 0.185360 5.303495
0.050272 0.190743 5.309632
0.046533 0.192697 5.311878
0.035860 0.195946 5.312481
0.041646 0.194176 5.312918
0.034043 0.206811 5.333102
0.025241 0.209156 5.331053
0.105710 0.170201 5.248503
0.101198 0.172842 5.242725
0.103843 0.173447 5.255383
0.101510 0.173842 5.251645
0.102539 0.173663 5.250240
0.105897 0.172448 5.255067
0.113735 0.176205 5.273206
0.110651 0.176172 5.278908
0.108389 0.176572 5.271338
0.110247 0.175948 5.267966
0.095872 0.176152 5.270831
0.098329 0.175563 5.263906
0.102130 0.175817 5.265375
0.100683 0.175680 5.273022
0.095072 0.176788 5.261293
0.091812 0.177423 5.267534
0.089068 0.179549 5.263588
0.092428 0.178533 5.258428
0.099830 0.175932 5.246706
0.098469 0.176667 5.248010
0.095573 0.180789 5.245829
0.096165 0.180654 5.243545
0.087574 0.189979 5.246500
0.085409 0.190994 5.245635
0.087541 0.190208 5.242935
0.089477 0.189135 5.245596
0.087717 0.188543 5.248388
0.084788 0.189822 5.249088
0.147447 0.175924 5.208082
0.154171 0.174436 5.226258
0.126410 0.170900 5.213027
0.156420 0.175464 5.244497
0.154773 0.179244 5.261298
0.084804 0.194626 5.329237
0.071322 0.192528 5.326015
0.072599 0.186573 5.316321
0.081813 0.202477 5.337688
0.067122 0.199843 5.334229
0.057427 0.219885 5.343039
0.062504 0.209576 5.340614
0.098172 0.208653 5.337735
0.098123 0.221670 5.342581
0.080349 0.217582 5.344979
0.115216 0.224675 5.337495
0.120253 0.236195 5.338937
0.102952 0.241012 5.346922
0.103717 0.276109 5.375617
0.116571 0.273794 5.374378
0.124377 0.287531 5.386151
0.111966 0.288955 5.388541
0.099194 0.199026 5.329566
0.136682 0.183169 5.282707
0.130585 0.185480 5.294459
0.127921 0.178216 5.276400
0.189987 0.193409 5.251652
0.183510 0.193472 5.267375
0.169095 0.185202 5.264093
0.173829 0.183181 5.247075
0.194590 0.201890 5.208869
0.194273 0.196599 5.229383
0.174780 0.182539 5.226408
0.172162 0.186191 5.206305
0.194593 0.203560 5.273269
0.204517 0.206668 5.258842
0.215274 0.221842 5.269601
0.203463 0.215690 5.280971
0.213648 0.213936 5.238784
0.226853 0.232844 5.252861
0.130054 0.241372 5.340339
0.121239 0.249050 5.350661
0.123029 0.260735 5.361835
0.109433 0.258781 5.361010
0.233930 0.248213 5.236025
0.217589 0.223433 5.218208
0.204261 0.259105 5.308246
0.195057 0.245032 5.312191
0.201324 0.235136 5.301145
0.213708 0.249761 5.295674
0.212249 0.275554 5.303931
0.224583 0.267061 5.288259
0.165551 0.272489 5.331586
0.168202 0.286251 5.331197
0.155610 0.289792 5.331000
0.153554 0.276884 5.333481
0.117555 0.168435 5.255178
0.120052 0.171713 5.263217
0.112671 0.171738 5.260949
0.109896 0.169880 5.255026
0.139883 0.179479 5.270669
0.129331 0.175572 5.266330
0.162719 0.189422 5.277861
0.175802 0.195741 5.280492
0.193804 0.213832 5.289733
0.186102 0.203809 5.283387
0.186220 0.236455 5.313668
0.190034 0.229696 5.306727
0.143345 0.250094 5.336407
0.148984 0.264653 5.334684
0.140739 0.270611 5.344326
0.133624 0.258025 5.348583
0.148472 0.293901 5.334354
0.144337 0.282534 5.339840
0.138155 0.283391 5.367747
0.141692 0.293307 5.361137
0.148265 0.303981 5.367873
0.142991 0.296904 5.375387
0.152914 0.314764 5.360192
0.146913 0.302977 5.354094
0.148460 0.314333 5.347368
0.153399 0.326694 5.351703
0.089568 0.294135 5.390982
0.099759 0.291686 5.389527
0.105912 0.302541 5.399771
0.094923 0.305380 5.399680
0.150020 0.310145 5.381455
0.157167 0.315918 5.372290
0.161118 0.259226 5.330961
0.156492 0.246679 5.330666
0.161439 0.325542 5.363727
0.139965 0.280882 5.353384
0.142648 0.291274 5.347540
0.148500 0.305682 5.328816
0.155011 0.302343 5.328066
0.071497 0.184838 5.263414
0.086128 0.184435 5.255554
0.085286 0.187298 5.252163
0.088062 0.186928 5.250245
0.089078 0.183999 5.252654
0.098621 0.177770 5.213243
0.108213 0.171136 5.220737
0.097016 0.172864 5.229413
0.087058 0.180750 5.225285
0.084519 0.175424 5.293295
0.073001 0.178601 5.296834
0.071618 0.177890 5.287046
0.080175 0.175883 5.282243
0.107624 0.175834 5.264359
0.106921 0.174922 5.261783
0.109496 0.174760 5.263793
0.064756 0.184142 5.305447
0.073351 0.181899 5.306783
0.121852 0.188824 5.305419
0.120435 0.175591 5.271114
0.188695 0.212570 5.190047
0.163901 0.193070 5.188109
0.214064 0.236185 5.199011
0.233837 0.263891 5.217991
0.230803 0.286468 5.278923
0.236074 0.306799 5.268966
0.217894 0.314919 5.290365
0.216734 0.295135 5.298451
0.167785 0.299961 5.330486
0.147211 0.325420 5.338482
0.150317 0.336207 5.343858
0.138833 0.181826 5.193776
0.116125 0.176540 5.202228
0.151426 0.184556 5.274952
0.106029 0.176352 5.292769
0.096855 0.175984 5.295425
0.098575 0.174211 5.283863
0.105114 0.175082 5.282907
0.108282 0.181720 5.303767
0.111137 0.191631 5.314224
0.115619 0.203600 5.324923
0.113917 0.213931 5.333585
0.218328 0.237271 5.281811
0.206745 0.227278 5.289799
0.237849 0.270229 5.257567
0.230834 0.251081 5.269972
0.197838 0.223451 5.296112
0.239327 0.289449 5.243142
0.044466 0.188799 5.277480
0.046351 0.188943 5.273029
0.050633 0.187513 5.282651
0.030150 0.195170 5.296661
0.030097 0.196913 5.302260
0.026209 0.199326 5.299775
0.026788 0.197341 5.294301
0.036936 0.226189 5.338910
0.046832 0.223717 5.341849
0.083617 0.281404 5.380779
0.092657 0.279399 5.379203
0.048928 0.183248 5.264580
0.050627 0.185349 5.266420
0.049113 0.187882 5.264166
0.048251 0.182706 5.262530
0.046944 0.190829 5.297875
0.035877 0.190643 5.281118
0.034935 0.192435 5.285216
0.032817 0.194374 5.283307
0.033656 0.192293 5.279525
0.077484 0.237665 5.349961
0.095962 0.262237 5.363699
0.134336 0.290450 5.381898
0.128498 0.275831 5.372710
0.134253 0.269255 5.359071
0.145002 0.301598 5.341928
0.145572 0.313270 5.334550
0.139990 0.321793 5.330253
0.140606 0.314916 5.326391
0.062324 0.242410 5.351020
0.086314 0.267135 5.369660
0.066551 0.261728 5.363011
0.050573 0.243112 5.347343
0.042910 0.185970 5.263838
0.044159 0.187388 5.265691
0.041484 0.189003 5.266148
0.040100 0.186720 5.263415
0.049176 0.185908 5.268675
0.047454 0.188099 5.269925
0.047869 0.186915 5.268236
0.049741 0.184510 5.267658
0.048400 0.182486 5.265177
0.043480 0.181493 5.260756
0.039740 0.178380 5.259246
0.045863 0.181202 5.262364
0.046297 0.186655 5.263117
0.047207 0.187153 5.264885
0.049624 0.187551 5.265910
0.049985 0.186494 5.266895
0.045512 0.181776 5.260724
0.047008 0.182189 5.262393
0.057192 0.181819 5.245104
0.077267 0.284911 5.381112
0.057539 0.262700 5.360876
0.047839 0.192537 5.299484
0.095352 0.177709 5.237373
0.091587 0.174255 5.280863
0.077655 0.181987 5.267129
0.082770 0.181899 5.263687
0.084320 0.179050 5.268961
0.078490 0.178734 5.274296
0.088326 0.183962 5.235384
0.083133 0.188654 5.237804
0.078658 0.186878 5.231977
0.079768 0.190673 5.243056
0.079649 0.190010 5.248712
0.073606 0.188272 5.248262
0.072186 0.187804 5.239351
0.107904 0.173212 5.259294
0.105578 0.173818 5.258629
0.075495 0.187303 5.255131
0.080691 0.188133 5.253855
0.081961 0.184836 5.258761
0.076816 0.184976 5.261277
0.087067 0.176219 5.275085
0.114393 0.174498 5.267154
0.105014 0.176131 5.273055
0.145703 0.237581 5.331805
0.155803 0.234996 5.328973
0.130626 0.222495 5.335296
0.133169 0.227196 5.331308
0.128625 0.230979 5.332996
0.125374 0.226587 5.333373
0.175765 0.218602 5.307073
0.173693 0.215259 5.305145
0.177614 0.213282 5.301696
0.181262 0.219634 5.305061
0.171358 0.209165 5.301512
0.169014 0.207698 5.302075
0.164936 0.206100 5.303059
0.171012 0.207121 5.299286
0.163489 0.203640 5.298075
0.168034 0.198703 5.290079
0.178860 0.204883 5.291905
0.146110 0.191693 5.290041
0.158048 0.195445 5.288832
0.155306 0.202834 5.298468
0.146716 0.201719 5.302914
0.126598 0.211888 5.327121
0.124765 0.219114 5.332137
0.136374 0.234688 5.332654
0.198564 0.280651 5.316626
0.192424 0.264570 5.319293
0.185701 0.251531 5.320820
0.178299 0.240994 5.320721
0.202717 0.298563 5.311595
0.200352 0.316437 5.304036
0.135894 0.193893 5.303196
0.138924 0.202863 5.311368
0.179399 0.269002 5.327417
0.183515 0.284120 5.324643
0.173364 0.255467 5.328540
0.168207 0.243626 5.327563
0.186076 0.300411 5.319562
0.181446 0.314919 5.315073
0.163334 0.312326 5.326623
0.135364 0.216146 5.332042
0.132785 0.218562 5.336246
0.130665 0.220067 5.334630
0.131844 0.216924 5.330223
0.132207 0.206937 5.319611
0.126808 0.198934 5.313871
0.064172 0.184144 5.242135
0.016735 0.205780 5.317886
0.021398 0.202588 5.305322
0.040595 0.190306 5.274035
0.038425 0.190615 5.277833
0.036082 0.192293 5.276684
0.038370 0.191821 5.272787
0.091639 0.186258 5.241537
0.149456 0.313090 5.323969
0.140332 0.331708 5.333992
0.142816 0.342409 5.339131
0.160260 0.336148 5.355672
0.155208 0.345251 5.348985
0.039953 0.190630 5.269244
0.042364 0.189515 5.270609
0.045293 0.185733 5.261657
0.038450 0.190450 5.288551
0.045838 0.187372 5.267031
0.043911 0.188540 5.268333
0.039608 0.190010 5.265273
0.038848 0.191744 5.268727
0.087455 0.181866 5.259298
0.090654 0.181141 5.255360
0.042580 0.184018 5.261620
0.039240 0.183060 5.261592
0.118149 0.299866 5.398858
0.130748 0.300762 5.395551
0.031506 0.195765 5.282199
0.032513 0.193545 5.278484
0.148072 0.207247 5.311017
0.154247 0.206777 5.306311
0.155396 0.210293 5.312754
0.149648 0.210466 5.316985
0.081918 0.296238 5.390693
0.141443 0.304637 5.389565
0.147019 0.351913 5.343967
0.105116 0.176287 5.265930
0.106918 0.176180 5.265783
0.092455 0.185771 5.244870
0.036150 0.193004 5.294399
0.038093 0.196024 5.292395
0.043939 0.245168 5.344606
0.038194 0.187460 5.262784
0.163504 0.212851 5.308867
0.159829 0.215477 5.310814
0.159976 0.211230 5.312234
0.162307 0.209825 5.309350
0.162663 0.206162 5.307180
0.166308 0.204820 5.305598
0.165660 0.206393 5.308643
0.162887 0.208242 5.310079
0.160409 0.206366 5.304115
0.159320 0.208033 5.308871
0.170181 0.204611 5.305459
0.169013 0.205363 5.307887
0.171562 0.211883 5.303710
0.170336 0.208059 5.301897
0.175226 0.210546 5.303352
0.175454 0.205660 5.307376
0.180312 0.213834 5.307320
0.180163 0.208355 5.311441
0.181520 0.217561 5.313345
0.183050 0.212253 5.316859
0.135340 0.212552 5.324083
0.139568 0.215480 5.326481
0.179138 0.220528 5.319447
0.181721 0.215447 5.322727
0.174760 0.222573 5.325962
0.177677 0.217876 5.329049
0.169009 0.223695 5.332085
0.171313 0.219421 5.334470
0.161765 0.224112 5.336440
0.163974 0.219843 5.338130
0.152460 0.223491 5.340183
0.155715 0.219572 5.340226
0.178661 0.215497 5.315434
0.177482 0.212099 5.310824
0.173674 0.221569 5.309811
0.173982 0.207428 5.308350
0.161759 0.220814 5.318041
0.158938 0.220209 5.318538
0.158309 0.219566 5.316946
0.160124 0.220053 5.315764
0.149869 0.213603 5.320228
0.145571 0.213773 5.323627
0.143533 0.211461 5.322685
0.142385 0.216771 5.327011
0.144508 0.216229 5.322550
0.142250 0.216549 5.324027
0.147148 0.217144 5.318760
0.143969 0.217401 5.327078
0.143607 0.215312 5.328164
0.143902 0.220498 5.325115
0.142863 0.220143 5.324524
0.143527 0.221359 5.322308
0.146865 0.221517 5.319455
0.141268 0.209161 5.317567
0.147454 0.229334 5.330175
0.155851 0.228071 5.327394
0.147895 0.219236 5.341293
0.143298 0.222680 5.342626
0.134389 0.219794 5.338955
0.137553 0.221764 5.341626
0.170553 0.223292 5.314075
0.167158 0.224610 5.319228
0.138741 0.226976 5.332015
0.162304 0.227040 5.323223
0.156335 0.218703 5.336111
0.150347 0.218311 5.335814
0.162594 0.219406 5.334646
0.142079 0.215434 5.330757
0.145462 0.216406 5.334281
0.141959 0.218084 5.339144
0.138188 0.217161 5.335485
0.151064 0.216536 5.332386
0.156087 0.216157 5.333058
0.150796 0.219255 5.329236
0.155687 0.219323 5.330475
0.146977 0.218241 5.327858
0.147185 0.215699 5.330398
0.149616 0.221249 5.327328
0.155333 0.221496 5.324357
0.145203 0.220822 5.325320
0.160258 0.218220 5.329059
0.159861 0.221627 5.322707
0.163541 0.216598 5.323278
0.163585 0.216048 5.326521
0.161202 0.216242 5.332274
0.165774 0.216611 5.329621
0.168241 0.219472 5.331298
0.169926 0.216678 5.325422
0.173212 0.218968 5.326126
0.167105 0.214797 5.324057
0.165167 0.215107 5.321593
0.177121 0.217913 5.320688
0.172677 0.216307 5.320535
0.174867 0.214312 5.316333
0.169793 0.214584 5.320266
0.170713 0.213459 5.316559
0.167189 0.214098 5.319603
0.166682 0.213865 5.316845
0.167581 0.208010 5.307700
0.164604 0.208568 5.308129
0.171360 0.210593 5.308762
0.167901 0.212042 5.310094
0.167506 0.211677 5.307871
0.164517 0.212548 5.307895
0.164163 0.212954 5.310830
0.162328 0.214032 5.313494
0.103653 0.323761 5.418953
0.096391 0.327660 5.416940
0.093164 0.319502 5.408979
0.100702 0.315697 5.409507
0.169419 0.212243 5.313148
0.165138 0.213178 5.313727
0.174154 0.211956 5.312210
0.163206 0.216316 5.317899
0.163432 0.214627 5.316076
0.164131 0.214861 5.318288
0.164010 0.215761 5.319440
0.153029 0.214015 5.316296
0.151070 0.217415 5.316949
0.152292 0.218882 5.320991
0.134820 0.331055 5.433111
0.132319 0.328454 5.422705
0.149159 0.327440 5.417997
0.152600 0.329030 5.426906
0.134222 0.329134 5.458588
0.156235 0.325610 5.451643
0.144034 0.327889 5.475623
0.130360 0.333705 5.477747
0.136168 0.330792 5.496550
0.125468 0.337345 5.497011
0.119521 0.345707 5.549942
0.106317 0.348876 5.547347
0.112498 0.344171 5.531420
0.125027 0.340419 5.533556
0.128031 0.378414 5.622721
0.125647 0.395506 5.630519
0.112390 0.392129 5.628489
0.116837 0.376913 5.621547
0.167885 0.325169 5.528990
0.167571 0.313831 5.513093
0.173145 0.316170 5.522759
0.174439 0.330871 5.536941
0.193419 0.324344 5.415083
0.174502 0.322063 5.431171
0.171167 0.327008 5.426188
0.187282 0.326390 5.411616
0.173931 0.382861 5.597975
0.169155 0.389662 5.608343
0.161530 0.378883 5.606848
0.165123 0.372579 5.596613
0.158563 0.458433 5.636816
0.159828 0.472156 5.649548
0.142835 0.467291 5.653947
0.142412 0.455146 5.641342
0.203868 0.467638 5.600016
0.215071 0.480515 5.588267
0.214202 0.495926 5.595088
0.204437 0.482919 5.607702
0.142099 0.342355 5.553377
0.131632 0.343561 5.551847
0.136572 0.337799 5.535281
0.145977 0.335527 5.536631
0.213429 0.227380 5.623318
0.207683 0.237249 5.633804
0.204784 0.248732 5.613155
0.210354 0.238920 5.602681
0.192399 0.547514 5.676918
0.197678 0.562104 5.665539
0.196876 0.570550 5.679348
0.191568 0.554826 5.689594
0.198409 0.266315 5.493415
0.194533 0.270129 5.481146
0.212734 0.267588 5.466108
0.215678 0.262270 5.478095
0.173168 0.352025 5.559012
0.164792 0.345469 5.556246
0.166506 0.335754 5.542571
0.174941 0.343008 5.548006
0.222721 0.452062 5.574676
0.213400 0.441237 5.585529
0.217900 0.429155 5.575375
0.226124 0.438820 5.565336
0.209953 0.454165 5.594141
0.220006 0.466176 5.582626
0.158274 0.342784 5.555363
0.150869 0.342318 5.554420
0.153668 0.333701 5.537729
0.159869 0.332668 5.539191
0.123752 0.413627 5.632962
0.107858 0.409005 5.630575
0.181165 0.540204 5.698946
0.166874 0.528313 5.706732
0.168214 0.522380 5.695899
0.182184 0.533487 5.687248
0.124937 0.442962 5.632323
0.123693 0.430624 5.630167
0.138490 0.431685 5.629845
0.140113 0.444507 5.630709
0.150070 0.519209 5.711964
0.132079 0.512509 5.715625
0.133041 0.509200 5.704253
0.151089 0.514526 5.701427
0.130411 0.335255 5.515570
0.119225 0.340377 5.514761
0.147635 0.382109 5.618736
0.148068 0.398170 5.626084
0.137792 0.397392 5.629166
0.138638 0.380272 5.621391
0.195143 0.360569 5.547614
0.184005 0.342836 5.544053
0.182415 0.324456 5.534057
0.195694 0.348485 5.542562
0.196981 0.576587 5.690577
0.192096 0.559259 5.700358
0.150884 0.520008 5.722554
0.132865 0.512347 5.726431
0.229888 0.364681 5.545599
0.234031 0.377291 5.542754
0.226232 0.373170 5.544237
0.222501 0.360941 5.545895
0.083204 0.384169 5.610552
0.094187 0.373621 5.609514
0.100433 0.384416 5.621776
0.092522 0.399327 5.623447
0.149718 0.415659 5.629009
0.152011 0.431477 5.627622
0.137702 0.415283 5.631944
0.073506 0.398325 5.609150
0.085647 0.419738 5.621719
0.105986 0.346090 5.513913
0.099345 0.349397 5.529188
0.111550 0.342171 5.497214
0.096681 0.347645 5.496937
0.100377 0.343172 5.479856
0.115097 0.338224 5.479772
0.102429 0.337989 5.463726
0.117262 0.333722 5.462535
0.117556 0.332356 5.436068
0.116513 0.329670 5.425437
0.183937 0.354735 5.552598
0.182604 0.362876 5.562277
0.168464 0.530434 5.717598
0.249553 0.399002 5.433471
0.249097 0.413420 5.439319
0.255061 0.395204 5.450922
0.254041 0.383124 5.443377
0.197374 0.318099 5.418997
0.178793 0.314868 5.436077
0.252562 0.381400 5.522408
0.252486 0.395540 5.512276
0.250176 0.402789 5.515059
0.249779 0.386876 5.525808
0.239665 0.363389 5.544344
0.242399 0.345760 5.558206
0.246347 0.342871 5.556558
0.242807 0.358678 5.543352
0.196009 0.587026 5.667231
0.196172 0.577463 5.652423
0.222594 0.508422 5.538300
0.222729 0.500562 5.556767
0.228550 0.483646 5.550842
0.229291 0.489681 5.532464
0.160801 0.461784 5.401385
0.159919 0.474206 5.409846
0.179868 0.465570 5.412680
0.180633 0.453380 5.405373
0.224012 0.420463 5.406506
0.222988 0.408485 5.401523
0.203337 0.423528 5.394434
0.203304 0.433966 5.400724
0.238476 0.416816 5.423126
0.236722 0.430720 5.428867
0.231848 0.446310 5.553299
0.228301 0.460760 5.560731
0.240106 0.425827 5.541845
0.233832 0.418856 5.551163
0.235909 0.411075 5.547146
0.242114 0.417139 5.538640
0.184513 0.328196 5.403256
0.195315 0.336064 5.388728
0.201129 0.331373 5.397900
0.187514 0.383414 5.369620
0.189808 0.389769 5.372598
0.199122 0.378221 5.377483
0.193883 0.374548 5.372755
0.178183 0.517888 5.447070
0.158569 0.528168 5.441746
0.154984 0.542013 5.457436
0.174951 0.532207 5.462952
0.245349 0.411431 5.529445
0.243702 0.398972 5.533368
0.245982 0.397160 5.529521
0.246946 0.411458 5.523173
0.246710 0.422726 5.520151
0.245737 0.433148 5.520385
0.244010 0.430388 5.531404
0.245210 0.421372 5.528976
0.233513 0.471221 5.527517
0.231934 0.466773 5.544707
0.235451 0.451712 5.538778
0.237729 0.455203 5.524445
0.137702 0.586075 5.512484
0.153680 0.584212 5.518514
0.160242 0.568740 5.499185
0.143952 0.573639 5.492857
0.210023 0.329872 5.550232
0.202880 0.319798 5.547504
0.202051 0.311367 5.558414
0.211001 0.319853 5.563452
0.261750 0.329068 5.553311
0.265946 0.319030 5.560028
0.267425 0.316397 5.555551
0.264061 0.325867 5.548476
0.219782 0.315605 5.586796
0.211519 0.310680 5.580183
0.212901 0.299322 5.599174
0.222131 0.305623 5.605460
0.221485 0.323558 5.412938
0.201624 0.312326 5.422998
0.216131 0.326870 5.407107
0.232919 0.334495 5.575349
0.235151 0.324048 5.592687
0.242691 0.325325 5.591383
0.239288 0.335811 5.575058
0.225802 0.220697 5.613882
0.222669 0.231991 5.593384
0.234686 0.297873 5.627899
0.244855 0.300070 5.628890
0.238301 0.311654 5.611760
0.230627 0.310177 5.611506
0.212915 0.528109 5.544861
0.215992 0.519408 5.562973
0.184657 0.617465 5.646582
0.191922 0.603271 5.656597
0.191243 0.593018 5.639228
0.184264 0.605576 5.627159
0.195845 0.595138 5.681182
0.184494 0.624962 5.664125
0.192440 0.609986 5.672267
0.179528 0.332357 5.377916
0.179094 0.343492 5.366652
0.187160 0.348448 5.371499
0.187322 0.336912 5.382205
0.215511 0.623499 5.785966
0.210713 0.631834 5.808475
0.211667 0.607472 5.807587
0.213292 0.598220 5.789058
0.171112 0.374560 5.357791
0.180900 0.361536 5.363884
0.173160 0.355261 5.359211
0.163741 0.366479 5.354225
0.213520 0.591209 5.768739
0.216945 0.615264 5.763294
0.167462 0.325924 5.391706
0.177791 0.328628 5.396694
0.163693 0.326951 5.409968
0.155509 0.323223 5.402779
0.142108 0.321209 5.409821
0.206891 0.581250 5.808274
0.206643 0.576072 5.792982
0.170723 0.334486 5.366195
0.166713 0.345435 5.358025
0.159390 0.355961 5.352026
0.149933 0.364723 5.347751
0.199967 0.601156 5.696117
0.199620 0.581338 5.704413
0.160708 0.691512 5.906072
0.134320 0.703530 5.909273
0.132334 0.687174 5.925839
0.164458 0.675729 5.919609
0.064083 0.712518 5.894210
0.057937 0.689308 5.910216
0.096719 0.690849 5.922260
0.101132 0.709579 5.906466
0.102509 0.726279 5.760602
0.130630 0.722495 5.767073
0.133712 0.711305 5.746231
0.106699 0.715884 5.739293
0.189255 0.632981 5.682436
0.198198 0.617018 5.689694
0.193369 0.562174 5.712399
0.225963 0.549777 5.891655
0.229447 0.584512 5.899897
0.234814 0.575866 5.927143
0.232755 0.542052 5.920770
0.203132 0.633828 5.947062
0.198366 0.644857 5.923988
0.169023 0.663037 5.934987
0.175143 0.649980 5.955951
0.114031 0.504832 5.729298
0.132483 0.511984 5.737800
0.113531 0.504479 5.740975
0.061041 0.496159 5.728851
0.079760 0.496387 5.731024
0.076077 0.495193 5.742420
0.057420 0.494283 5.740525
0.050692 0.522020 5.821260
0.037157 0.522178 5.819095
0.041841 0.516523 5.801900
0.056838 0.517938 5.803249
0.190872 0.554635 5.794965
0.170571 0.539614 5.795447
0.169109 0.539299 5.785037
0.188731 0.553699 5.782024
0.055862 0.663958 5.921249
0.093497 0.669803 5.935190
0.219516 0.512985 5.914350
0.210410 0.524560 5.884112
0.196009 0.489655 5.914635
0.166218 0.482274 5.918114
0.157612 0.494902 5.890764
0.187287 0.503671 5.884259
0.036727 0.560981 5.888191
0.049009 0.542244 5.868660
0.059909 0.543822 5.876815
0.047707 0.561022 5.895371
0.079315 0.737143 5.852140
0.072117 0.728580 5.873045
0.103861 0.725556 5.885835
0.109780 0.735129 5.861010
0.174804 0.636280 5.658414
0.176686 0.646358 5.677001
0.161732 0.645069 5.652342
0.175425 0.627577 5.636975
0.162844 0.635748 5.628975
0.197502 0.541890 5.509054
0.207073 0.536271 5.527008
0.218372 0.516612 5.519104
0.210579 0.520913 5.499245
0.200429 0.456505 5.415151
0.201835 0.444791 5.408058
0.135647 0.659422 5.958001
0.092459 0.653435 5.946688
0.117571 0.640609 5.978991
0.151921 0.644992 5.980196
0.208117 0.622794 5.970300
0.228080 0.598753 5.962158
0.223842 0.607223 5.936132
0.239817 0.565057 5.954457
0.239219 0.531259 5.947516
0.203194 0.478885 5.943293
0.173148 0.472472 5.946476
0.092040 0.527342 5.944734
0.110740 0.507624 5.936005
0.117734 0.501862 5.961218
0.099348 0.524060 5.967773
0.088232 0.522598 5.824703
0.120788 0.526945 5.809879
0.124473 0.527591 5.821134
0.098613 0.526197 5.836712
0.067385 0.498191 5.719102
0.081521 0.498490 5.720157
0.096258 0.499615 5.731013
0.096706 0.500534 5.720020
0.114084 0.505647 5.718385
0.085114 0.467951 5.670222
0.103825 0.470273 5.671409
0.100578 0.480210 5.683858
0.082576 0.477260 5.683316
0.087645 0.457670 5.655681
0.106853 0.459059 5.657335
0.089700 0.439014 5.625447
0.106570 0.427356 5.628056
0.107283 0.440955 5.630008
0.091757 0.352616 5.512965
0.086004 0.356384 5.527785
0.193066 0.556391 5.806756
0.071129 0.626090 5.947196
0.064544 0.602126 5.951283
0.080169 0.599052 5.976257
0.091697 0.622535 5.976828
0.204485 0.570164 5.776298
0.183047 0.543232 5.710425
0.182212 0.545019 5.720402
0.186014 0.450419 5.611417
0.189279 0.470167 5.618786
0.105881 0.367622 5.608511
0.106937 0.375437 5.617928
0.219197 0.620523 5.909770
0.208533 0.469427 5.972200
0.212840 0.460081 6.000743
0.182948 0.455369 6.005766
0.179017 0.463600 5.975696
0.100928 0.540014 5.999872
0.109693 0.518961 5.994391
0.121154 0.513201 6.021823
0.114728 0.536578 6.027097
0.127301 0.527311 6.054924
0.131319 0.505186 6.050744
0.139672 0.498172 6.079914
0.137230 0.520598 6.082263
0.227316 0.499709 5.944096
0.246979 0.509775 6.003660
0.236095 0.480873 6.000837
0.231694 0.490479 5.972788
0.242998 0.520220 5.975832
0.183582 0.637148 5.977096
0.087068 0.547364 5.973092
0.077870 0.550056 5.951576
0.119728 0.578024 6.034551
0.132935 0.598186 6.036475
0.112846 0.610569 6.009558
0.099784 0.587407 6.007057
0.223435 0.592219 6.019236
0.239512 0.568764 6.013041
0.235315 0.581964 5.987077
0.217320 0.605394 5.994830
0.244009 0.551591 5.980659
0.247323 0.540975 6.007823
0.253740 0.486887 6.059370
0.240508 0.460120 6.058901
0.239283 0.470260 6.029355
0.250909 0.498494 6.031475
0.256469 0.517515 6.061128
0.251912 0.529669 6.034487
0.244521 0.556641 6.038415
0.249532 0.543468 6.063600
0.235715 0.563670 6.067513
0.230049 0.577018 6.043603
0.210753 0.592598 6.049680
0.218273 0.578226 6.072198
0.188992 0.599915 6.054295
0.166626 0.596730 6.058582
0.178683 0.583183 6.080131
0.198844 0.585127 6.076197
0.147587 0.560090 6.084790
0.161007 0.574747 6.083345
0.147909 0.586074 6.060789
0.135025 0.568162 6.060548
0.188366 0.541203 6.161922
0.203373 0.543930 6.153953
0.194118 0.546841 6.141529
0.178688 0.541764 6.148645
0.218058 0.545806 6.146667
0.233985 0.545337 6.141649
0.226128 0.546827 6.130589
0.210550 0.547001 6.136158
0.254818 0.527531 6.127222
0.241772 0.541067 6.127319
0.249015 0.539449 6.139582
0.261235 0.526643 6.141094
0.273574 0.510366 6.143977
0.267803 0.510370 6.127416
0.274281 0.490785 6.151291
0.270051 0.489365 6.130632
0.261428 0.465093 6.136989
0.264146 0.470405 6.161158
0.166708 0.497775 6.159071
0.173275 0.503467 6.179734
0.170679 0.519705 6.174212
0.162957 0.514940 6.156360
0.185490 0.458768 6.160893
0.201564 0.435658 6.157730
0.208184 0.451204 6.184824
0.194678 0.473040 6.185187
0.260617 0.505426 6.086147
0.256176 0.475593 6.086768
0.242035 0.549677 6.090301
0.254692 0.530071 6.087462
0.158366 0.552897 6.108228
0.172751 0.564651 6.105365
0.148596 0.493931 6.109201
0.146233 0.515976 6.109709
0.224665 0.427986 6.123134
0.219736 0.436178 6.092346
0.242291 0.450104 6.088698
0.246807 0.441248 6.118261
0.265120 0.495537 6.109542
0.261294 0.518208 6.109058
0.248816 0.537152 6.110116
0.234717 0.550852 6.112192
0.218238 0.556524 6.115853
0.200823 0.557832 6.119505
0.183750 0.556105 6.124259
0.168895 0.546127 6.129720
0.155200 0.514218 6.134465
0.158428 0.494569 6.135555
0.232231 0.441830 6.178867
0.227590 0.426933 6.152122
0.249616 0.439943 6.144275
0.255120 0.450768 6.169408
0.237971 0.461127 6.202624
0.216582 0.468349 6.206178
0.226166 0.552503 6.159342
0.240501 0.551199 6.154564
0.255427 0.545310 6.152995
0.279641 0.518578 6.160484
0.278502 0.498648 6.173938
0.271058 0.480607 6.187261
0.259236 0.463975 6.193095
0.192069 0.544011 6.205725
0.181816 0.528593 6.189444
0.183195 0.513789 6.195684
0.194462 0.529650 6.214202
0.205974 0.562681 6.189236
0.217639 0.569329 6.179524
0.212373 0.549172 6.166749
0.200002 0.546000 6.174733
0.233201 0.571002 6.171613
0.249400 0.567799 6.167778
0.265116 0.560980 6.166125
0.286870 0.532822 6.180403
0.269529 0.533843 6.154299
0.279549 0.549877 6.169456
0.284597 0.511396 6.198952
0.279607 0.515204 6.240449
0.270406 0.495682 6.216465
0.294515 0.529224 6.222163
0.274406 0.576790 6.319146
0.297498 0.575825 6.310943
0.299833 0.599476 6.335232
0.280141 0.601368 6.342482
0.202307 0.549390 6.234561
0.199143 0.564276 6.225403
0.210193 0.585609 6.205514
0.223162 0.592367 6.194768
0.306921 0.570442 6.222908
0.296875 0.550290 6.201656
0.289242 0.569188 6.187847
0.299213 0.590215 6.208007
0.216631 0.609484 6.306935
0.212403 0.625644 6.296390
0.206063 0.606067 6.271693
0.209474 0.589372 6.282854
0.227571 0.615071 6.214742
0.213997 0.607399 6.226416
0.219034 0.628682 6.249595
0.233243 0.635924 6.237659
0.316398 0.611634 6.273764
0.313392 0.591637 6.246751
0.307124 0.611153 6.232053
0.311396 0.630362 6.260237
0.286707 0.534470 6.263402
0.303577 0.549389 6.243573
0.309059 0.570034 6.266774
0.293552 0.555241 6.286656
0.262336 0.535293 6.272369
0.269573 0.554977 6.295183
0.239309 0.663107 6.348906
0.225174 0.644250 6.322509
0.229577 0.630407 6.331978
0.242532 0.652223 6.358034
0.240626 0.655227 6.263648
0.225633 0.648659 6.274594
0.237053 0.664979 6.302287
0.250486 0.670856 6.293052
0.319725 0.652911 6.334663
0.318200 0.631639 6.303542
0.313668 0.649328 6.291601
0.314231 0.669205 6.323312
0.303282 0.625290 6.361598
0.314178 0.611399 6.319793
0.316730 0.635849 6.348843
0.306095 0.648240 6.388771
0.290995 0.647998 6.393938
0.285658 0.626228 6.367945
0.255340 0.672216 6.381721
0.250679 0.682183 6.374303
0.256157 0.695168 6.360808
0.266092 0.701081 6.352445
0.259579 0.685550 6.323324
0.248022 0.679776 6.331921
0.291343 0.686121 6.316071
0.274999 0.687741 6.317714
0.280453 0.703173 6.347097
0.295515 0.701543 6.346284
0.313783 0.685773 6.353264
0.304749 0.679770 6.317548
0.305047 0.697158 6.347872
0.319993 0.672408 6.363294
0.318430 0.657236 6.377168
0.047645 0.619147 5.921763
0.051358 0.592761 5.925401
0.056393 0.597260 5.935146
0.058347 0.623094 5.928143
0.135219 0.487527 6.017600
0.126333 0.495021 5.988015
0.149249 0.474193 6.077509
0.142469 0.479380 6.047626
0.156682 0.471857 6.106718
0.166466 0.473795 6.135374
0.174878 0.480491 6.161374
0.182034 0.489663 6.183264
0.192608 0.501018 6.202427
0.203819 0.516733 6.222824
0.218330 0.554109 6.265728
0.206307 0.569307 6.258107
0.212923 0.535589 6.243244
0.230787 0.594348 6.314630
0.223262 0.573371 6.290122
0.241306 0.618169 6.339904
0.252690 0.642074 6.365460
0.264895 0.662244 6.388434
0.123138 0.508537 5.879428
0.099778 0.518609 5.895091
0.093622 0.523923 5.879362
0.115943 0.517654 5.861550
0.030508 0.584536 5.901827
0.032610 0.572497 5.896940
0.042484 0.572743 5.903050
0.038938 0.583634 5.906962
0.259337 0.467196 6.112757
0.226544 0.563875 6.093868
0.208716 0.569472 6.097557
0.190343 0.568845 6.101613
0.178212 0.448896 6.133925
0.171366 0.449171 6.103429
0.192963 0.435555 6.097621
0.197346 0.430556 6.128148
0.254521 0.518327 6.252628
0.238886 0.544343 6.270636
0.231733 0.524382 6.250587
0.248469 0.498969 6.234806
0.258378 0.589527 6.182267
0.275425 0.582124 6.181720
0.246315 0.616805 6.205374
0.266381 0.613237 6.200035
0.239804 0.592801 6.186735
0.161270 0.457974 6.043098
0.185979 0.447805 6.036125
0.188549 0.441218 6.066775
0.165263 0.453217 6.072589
0.192481 0.580330 5.621292
0.187487 0.590450 5.607771
0.170399 0.410855 5.617167
0.177033 0.428230 5.614812
0.165275 0.430736 5.622678
0.160554 0.414503 5.624397
0.184691 0.421579 5.606956
0.177251 0.404746 5.608900
0.182577 0.397144 5.599084
0.190352 0.412915 5.598054
0.204974 0.372585 5.548931
0.205815 0.364212 5.544716
0.089478 0.448049 5.640257
0.070499 0.450476 5.636000
0.071404 0.442828 5.621622
0.094645 0.498600 5.742838
0.094944 0.519860 5.801283
0.066758 0.521051 5.824133
0.074711 0.516926 5.803389
0.028675 0.546436 5.870020
0.168864 0.580199 5.527660
0.175455 0.563247 5.509009
0.181708 0.442412 5.398089
0.160662 0.450129 5.393493
0.180396 0.423565 5.385413
0.178289 0.415284 5.378987
0.158955 0.422708 5.375185
0.160182 0.431021 5.381406
0.153459 0.372722 5.349683
0.156025 0.383737 5.353096
0.034261 0.597993 5.909314
0.044759 0.583985 5.912176
0.037966 0.603755 5.913360
0.086427 0.529389 5.924991
0.071910 0.548573 5.933678
0.068242 0.548991 5.919425
0.082498 0.532928 5.909063
0.217806 0.555163 5.864553
0.223637 0.588780 5.871970
0.132780 0.669940 5.940478
0.255006 0.272221 5.666122
0.266119 0.269796 5.663970
0.261152 0.285241 5.646018
0.250292 0.287054 5.648112
0.198322 0.507747 5.453953
0.198122 0.521522 5.475381
0.169024 0.328611 5.416951
0.207060 0.299790 5.433400
0.187437 0.295253 5.447242
0.185651 0.302483 5.442979
0.204583 0.306696 5.427529
0.254380 0.358218 5.441700
0.249682 0.344492 5.432988
0.247918 0.354887 5.426452
0.252276 0.370286 5.434875
0.097407 0.734307 5.782672
0.125995 0.732305 5.789271
0.137343 0.630031 5.587895
0.152094 0.628381 5.596463
0.156581 0.613901 5.572143
0.141962 0.615568 5.563349
0.217923 0.500497 5.476169
0.222428 0.501304 5.495246
0.070047 0.381258 5.592166
0.071237 0.371191 5.574234
0.083512 0.363925 5.576719
0.081364 0.371957 5.593722
0.273743 0.292654 5.603972
0.265147 0.310505 5.592067
0.256256 0.312393 5.604194
0.264538 0.298360 5.619968
0.213234 0.628180 5.882147
0.193674 0.656340 5.904899
0.211493 0.541068 5.603552
0.208087 0.553923 5.586129
0.200175 0.568184 5.603677
0.203737 0.555138 5.619776
0.220310 0.491608 5.573656
0.217719 0.506668 5.580473
0.225610 0.476604 5.567193
0.243622 0.377797 5.536315
0.239923 0.379430 5.539296
0.235496 0.365860 5.545522
0.104867 0.512963 5.914092
0.078663 0.530021 5.856270
0.067688 0.528123 5.848477
0.027990 0.595141 5.904885
0.148257 0.315957 5.396596
0.136368 0.312161 5.402971
0.226102 0.331019 5.573114
0.227655 0.320906 5.591150
0.236433 0.403271 5.544157
0.227739 0.394517 5.549150
0.226405 0.385962 5.546663
0.234226 0.393252 5.543497
0.239883 0.397103 5.538722
0.242163 0.408858 5.537123
0.160745 0.323431 5.522706
0.155217 0.324815 5.519921
0.157425 0.317044 5.502373
0.162930 0.314390 5.506494
0.149301 0.328452 5.518256
0.141221 0.332158 5.517014
0.145845 0.326347 5.497417
0.153176 0.321966 5.499341
0.152439 0.324966 5.437425
0.133325 0.326458 5.444714
0.116006 0.330723 5.448301
0.101308 0.333538 5.449448
0.159587 0.393432 5.358562
0.158181 0.404255 5.364989
0.174511 0.396826 5.368743
0.176813 0.384431 5.363370
0.126875 0.318228 5.412884
0.114463 0.321385 5.417098
0.104047 0.330030 5.428078
0.238996 0.219445 5.609028
0.236095 0.229236 5.589046
0.167199 0.324547 5.376265
0.158430 0.319294 5.387178
0.251062 0.231097 5.586842
0.253860 0.221168 5.608751
0.169231 0.310837 5.460380
0.182771 0.309375 5.439576
0.172321 0.304971 5.463264
0.123179 0.308637 5.405757
0.111252 0.312070 5.409033
0.215481 0.588408 5.844952
0.207731 0.560834 5.840755
0.183765 0.525333 5.674266
0.193436 0.538134 5.663105
0.066834 0.468561 5.666440
0.065260 0.477818 5.679960
0.087499 0.308610 5.400149
0.080766 0.495290 5.708522
0.062875 0.497470 5.706508
0.064371 0.487799 5.692334
0.081338 0.486899 5.696019
0.055016 0.500201 5.719849
0.052708 0.498655 5.725729
0.043807 0.528220 5.835463
0.033541 0.528548 5.833498
0.201824 0.264249 5.547911
0.198041 0.269877 5.533810
0.206126 0.259481 5.519988
0.210810 0.254477 5.535624
0.097147 0.496942 5.708513
0.115127 0.502878 5.706663
0.193444 0.369667 5.555201
0.203844 0.381920 5.555125
0.068143 0.427898 5.615029
0.094624 0.364467 5.595287
0.097005 0.358196 5.579400
0.110069 0.354665 5.581040
0.107485 0.359899 5.595795
0.027878 0.603293 5.906389
0.271216 0.296614 5.526093
0.270091 0.305950 5.515726
0.270005 0.311914 5.524911
0.271570 0.301971 5.534751
0.061610 0.570827 5.938030
0.068755 0.572532 5.954587
0.054984 0.644372 5.924966
0.037799 0.637287 5.916783
0.143843 0.480768 5.953537
0.135800 0.489983 5.925605
0.150201 0.474309 5.982428
0.156301 0.465537 6.012739
0.205171 0.488347 6.207055
0.222659 0.502296 6.229505
0.245826 0.564738 6.292976
0.252811 0.586053 6.316804
0.260139 0.609764 6.341824
0.268272 0.634121 6.367298
0.277207 0.653853 6.392709
0.266836 0.225838 5.612629
0.266072 0.238044 5.590061
0.276229 0.247139 5.599642
0.276824 0.233046 5.620482
0.225326 0.294485 5.624894
0.215628 0.288301 5.618906
0.219022 0.277242 5.637911
0.229232 0.282852 5.642770
0.233480 0.271179 5.662076
0.244501 0.273343 5.665430
0.239731 0.286351 5.646212
0.275752 0.264575 5.656838
0.281565 0.257389 5.647916
0.278975 0.274076 5.628427
0.270930 0.281402 5.639679
0.282234 0.241152 5.629527
0.280880 0.256476 5.609796
0.281469 0.265426 5.619196
0.283658 0.249668 5.639049
0.207772 0.247983 5.643679
0.213230 0.258048 5.651890
0.210031 0.268398 5.630942
0.205635 0.259523 5.623075
0.221687 0.253818 5.506850
0.225521 0.248800 5.525081
0.199396 0.336869 5.537477
0.188149 0.320127 5.534321
0.192046 0.312484 5.536495
0.199303 0.332079 5.538594
0.218923 0.241907 5.572531
0.215309 0.249206 5.552624
0.229100 0.244516 5.545614
0.232511 0.238455 5.567901
0.203340 0.270614 5.602811
0.207609 0.279993 5.611560
0.205081 0.291961 5.592192
0.200323 0.281750 5.584041
0.254759 0.299856 5.627970
0.247590 0.312735 5.609750
0.194597 0.282677 5.545617
0.197368 0.276881 5.559421
0.192372 0.376560 5.564873
0.224747 0.409919 5.558496
0.226896 0.402105 5.553075
0.156621 0.397482 5.621968
0.154217 0.383299 5.615688
0.201368 0.428119 5.593113
0.206511 0.417534 5.582634
0.163239 0.394813 5.616365
0.158891 0.384554 5.613264
0.125723 0.451867 5.643483
0.103271 0.333050 5.437766
0.204586 0.258539 5.563620
0.200002 0.269974 5.574658
0.257976 0.322642 5.581040
0.250964 0.333271 5.569633
0.245426 0.335022 5.572263
0.250337 0.324901 5.587833
0.240433 0.460238 5.482717
0.230010 0.479996 5.478953
0.231697 0.480353 5.494502
0.239422 0.460572 5.494995
0.268290 0.283818 5.516230
0.264241 0.273891 5.515402
0.263026 0.280304 5.498111
0.267421 0.290981 5.502529
0.254497 0.268082 5.496252
0.256243 0.261205 5.516673
0.242706 0.251112 5.519529
0.240141 0.256400 5.499657
0.207215 0.639587 5.830765
0.210660 0.612135 5.827984
0.168075 0.531215 5.728052
0.150847 0.520750 5.733704
0.120605 0.522725 5.795327
0.067558 0.538871 5.886978
0.054691 0.555471 5.902930
0.080451 0.572320 5.976417
0.208939 0.587746 5.825586
0.097550 0.563707 6.004039
0.114757 0.555700 6.031352
0.153180 0.611416 6.035623
0.178383 0.614378 6.032141
0.166000 0.630290 6.006806
0.137252 0.627667 6.008719
0.202655 0.607325 6.026257
0.193222 0.622919 6.001683
0.216951 0.444670 6.061121
0.252041 0.638928 6.228179
0.279390 0.654682 6.251510
0.273220 0.635521 6.222916
0.259405 0.657169 6.255575
0.292230 0.625987 6.224151
0.284322 0.604557 6.200501
0.312030 0.589559 6.292714
0.267744 0.672906 6.286236
0.285812 0.670151 6.283485
0.298173 0.644503 6.252881
0.302089 0.661768 6.285146
0.058297 0.570611 5.925219
0.200089 0.527784 5.860668
0.189037 0.535478 5.836895
0.131800 0.523303 5.832124
0.107645 0.522964 5.847256
0.134482 0.501891 5.692301
0.152852 0.507020 5.689462
0.158125 0.485608 5.663098
0.174812 0.492117 5.656237
0.172189 0.504466 5.669990
0.155478 0.497300 5.676686
0.201391 0.513023 5.634103
0.209382 0.527025 5.619537
0.202904 0.540772 5.634932
0.196296 0.526880 5.648396
0.198378 0.552268 5.650300
0.198132 0.567181 5.636968
0.176110 0.593145 5.560365
0.185932 0.586495 5.573349
0.192894 0.570306 5.553007
0.181868 0.575730 5.539507
0.056202 0.526999 5.839961
0.049904 0.571008 5.909321
0.129797 0.499501 5.900659
0.149527 0.506093 5.865639
0.176438 0.514460 5.857528
0.219067 0.325844 5.568521
0.251635 0.411322 5.501368
0.249354 0.417536 5.506484
0.258156 0.255965 5.538937
0.245236 0.246683 5.541321
0.197640 0.290238 5.567663
0.201864 0.263317 5.506448
0.193174 0.274534 5.522005
0.188334 0.277771 5.511353
0.146821 0.530010 5.801655
0.173787 0.538965 5.807921
0.150723 0.532327 5.811436
0.032720 0.629070 5.913973
0.085846 0.527705 5.866230
0.127933 0.547465 6.058703
0.138960 0.540740 6.084988
0.148831 0.536166 6.109597
0.158520 0.531861 6.132619
0.167388 0.530133 6.153232
0.177084 0.532532 6.169659
0.188030 0.538431 6.182983
0.197140 0.553826 6.197975
0.202389 0.585981 6.247848
0.205634 0.597796 6.237677
0.201919 0.575737 6.216176
0.210134 0.619133 6.261142
0.216157 0.638874 6.285820
0.228880 0.656775 6.311885
0.242128 0.673300 6.339745
0.251752 0.689971 6.367107
0.027899 0.610929 5.908251
0.030150 0.619965 5.911270
0.165051 0.317923 5.457902
0.217043 0.383752 5.550078
0.216750 0.376749 5.546669
0.195443 0.297849 5.553830
0.278311 0.271233 5.592027
0.275079 0.260054 5.580067
0.203012 0.303273 5.573894
0.207521 0.352413 5.540330
0.205510 0.346944 5.540753
0.216406 0.111273 5.749026
0.228690 0.109645 5.752086
0.218075 0.099401 5.765280
0.206461 0.101601 5.762558
0.205274 0.117060 5.749921
0.196716 0.108214 5.763646
0.202056 0.157156 5.788928
0.196098 0.151866 5.778683
0.191443 0.139892 5.792153
0.197658 0.144469 5.801913
0.182990 0.107343 5.781891
0.181829 0.115346 5.788370
0.187436 0.125422 5.774526
0.189991 0.116386 5.768080
0.224868 0.157106 5.800991
0.236201 0.152321 5.799870
0.241108 0.166594 5.789038
0.228965 0.171199 5.790035
0.218095 0.200076 5.730226
0.223012 0.206273 5.741189
0.223932 0.212390 5.728873
0.219975 0.205831 5.718320
0.235999 0.131664 5.722173
0.249100 0.133254 5.726348
0.239276 0.121667 5.738999
0.226376 0.121777 5.735378
0.206735 0.155179 5.731512
0.204422 0.165728 5.740083
0.212171 0.176038 5.725494
0.215155 0.165508 5.716921
0.246029 0.144117 5.709401
0.258222 0.146954 5.713929
0.193222 0.135116 5.760223
0.193311 0.144444 5.768799
0.198276 0.155336 5.754576
0.199381 0.144997 5.746037
0.213953 0.129726 5.822084
0.223270 0.124495 5.820144
0.230252 0.138148 5.810166
0.219865 0.143089 5.811787
0.183397 0.122168 5.796116
0.186889 0.127936 5.805013
0.188692 0.133315 5.782755
0.227321 0.094573 5.791331
0.218150 0.091087 5.784052
0.229297 0.101924 5.771200
0.238492 0.106558 5.779332
0.210099 0.181164 5.760487
0.205684 0.174646 5.750114
0.200485 0.163547 5.764611
0.205881 0.169465 5.775023
0.223151 0.136540 5.721462
0.214115 0.126668 5.735837
0.248686 0.118958 5.767919
0.239991 0.113272 5.758613
0.250091 0.125797 5.746533
0.258314 0.132618 5.755983
0.269620 0.156030 5.756264
0.264810 0.166230 5.766018
0.258575 0.151392 5.776269
0.261669 0.141393 5.766820
0.214767 0.191635 5.744991
0.221615 0.196473 5.755582
0.232012 0.184770 5.777314
0.245103 0.181112 5.777600
0.247645 0.195155 5.765665
0.233562 0.197838 5.763799
0.235532 0.173766 5.686903
0.247598 0.168605 5.685668
0.242143 0.159188 5.694879
0.230524 0.164753 5.697416
0.255376 0.157085 5.697148
0.261721 0.168969 5.686139
0.275433 0.192602 5.674688
0.282358 0.198831 5.682400
0.281642 0.190884 5.691121
0.274520 0.183661 5.683735
0.282856 0.187287 5.737571
0.274610 0.197986 5.745514
0.270094 0.181713 5.755750
0.277177 0.171251 5.746879
0.263069 0.217557 5.741439
0.248999 0.218980 5.743223
0.249197 0.208563 5.753973
0.262874 0.205064 5.751438
0.252489 0.249185 5.698101
0.240661 0.248258 5.697164
0.242066 0.240879 5.709130
0.254586 0.240849 5.711399
0.221738 0.231469 5.695826
0.220252 0.237934 5.685400
0.215302 0.229400 5.677264
0.217933 0.223620 5.687526
0.241577 0.197827 5.647521
0.256219 0.199340 5.646573
0.255195 0.192498 5.655587
0.240182 0.192576 5.656804
0.286779 0.200684 5.729104
0.277489 0.213680 5.735209
0.222635 0.224925 5.705688
0.218570 0.217678 5.696472
0.219391 0.211164 5.706885
0.223632 0.218356 5.716571
0.222395 0.201505 5.678426
0.227513 0.193392 5.671631
0.227399 0.189021 5.679631
0.222289 0.196301 5.688396
0.238596 0.187432 5.664426
0.251996 0.185220 5.663616
0.249912 0.178300 5.672926
0.236625 0.181389 5.674138
0.288168 0.208624 5.722290
0.287705 0.200433 5.712171
0.287460 0.207685 5.706948
0.286859 0.215169 5.716426
0.260720 0.225888 5.732008
0.246894 0.226746 5.732547
0.223836 0.190566 5.699707
0.219360 0.198601 5.708708
0.219599 0.203340 5.697410
0.263718 0.180139 5.675964
0.263635 0.248509 5.697862
0.273777 0.245433 5.695752
0.270775 0.255454 5.681470
0.260467 0.258022 5.684084
0.249447 0.258718 5.684403
0.237946 0.257598 5.682806
0.217529 0.246436 5.670876
0.211979 0.237473 5.663283
0.211609 0.226309 5.653395
0.217642 0.216259 5.642901
0.222057 0.208599 5.658607
0.215668 0.219382 5.668032
0.240552 0.207742 5.629716
0.255381 0.209865 5.629536
0.267444 0.203670 5.649982
0.267666 0.213919 5.634234
0.231562 0.231051 5.714573
0.230387 0.237473 5.703460
0.253089 0.127222 5.777917
0.251339 0.136330 5.787137
0.242828 0.122397 5.797741
0.243506 0.113725 5.788911
0.229935 0.117376 5.815081
0.237964 0.131014 5.804954
0.197242 0.125504 5.753695
0.204704 0.135017 5.739491
0.188217 0.099412 5.777566
0.227372 0.182495 5.691247
0.223598 0.175579 5.702889
0.285930 0.206492 5.690647
0.282492 0.206796 5.673436
0.285972 0.214107 5.682017
0.286078 0.190099 5.717312
0.282105 0.176133 5.724618
0.273725 0.167861 5.711888
0.280233 0.183392 5.702847
0.284697 0.221213 5.709682
0.286941 0.214019 5.700287
0.286003 0.221426 5.691206
0.282902 0.229268 5.700407
0.229437 0.201838 5.652353
0.228760 0.197806 5.662998
0.282671 0.226258 5.649039
0.282498 0.215228 5.662692
0.276195 0.209025 5.656254
0.276830 0.219417 5.641942
0.275890 0.200666 5.666103
0.285400 0.234069 5.656886
0.285612 0.222771 5.670866
0.227701 0.210400 5.634455
0.281183 0.238847 5.688538
0.285226 0.230646 5.679732
0.284040 0.242013 5.665584
0.279027 0.249743 5.674426
0.245087 0.145118 5.794446
0.251121 0.159567 5.783752
0.234216 0.217574 5.738791
0.234654 0.210111 5.751134
0.233080 0.223989 5.726619
0.212530 0.158980 5.797307
0.208153 0.145755 5.809227
0.219080 0.184996 5.770799
0.216207 0.172346 5.784759
0.266944 0.146794 5.744623
0.268967 0.230576 5.720710
0.257531 0.232802 5.722259
0.272312 0.223611 5.728680
0.226017 0.253627 5.676538
0.229235 0.244413 5.692487
0.284186 0.215909 5.727842
0.221853 0.264664 5.657397
0.271417 0.174945 5.691859
0.265599 0.187575 5.668178
0.267069 0.195912 5.659809
0.207488 0.089919 5.778419
0.212595 0.144818 5.725033
0.219386 0.185035 5.711501
0.217122 0.193201 5.720154
0.278409 0.227395 5.717156
0.275791 0.235722 5.707860
0.265660 0.238566 5.710434
0.223159 0.204899 5.669895
0.218096 0.215027 5.678790
0.203278 0.132627 5.820169
0.218774 0.209530 5.687715
0.265490 0.160861 5.702971
0.160455 0.440033 5.388590
0.195600 0.439043 5.602443
0.153846 0.445405 5.626740
0.168860 0.447250 5.621428
0.212932 0.399528 5.563494
0.214778 0.390867 5.556010
0.215850 0.364534 5.545094
0.213542 0.356067 5.545521
0.195613 0.404438 5.587549
0.181477 0.225442 5.309018
0.178036 0.229777 5.314120
0.189402 0.221120 5.301553
0.054969 0.501401 5.711520
0.161130 0.218586 5.314422
0.159051 0.221184 5.320594
0.163340 0.218411 5.320264
0.160013 0.218124 5.312085
0.159899 0.217163 5.311463
0.185684 0.213138 5.296628
0.172095 0.232526 5.319521
0.165128 0.233594 5.324605
0.172930 0.210913 5.302279
0.130252 0.666732 5.663657
0.109009 0.670605 5.657491
0.109575 0.681616 5.677766
0.131168 0.678153 5.684377
0.108341 0.693752 5.699172
0.204132 0.663402 5.761011
0.213878 0.640708 5.761334
0.211724 0.635217 5.740203
0.202905 0.656865 5.737697
0.211058 0.607811 5.727448
0.207202 0.630553 5.721435
0.214141 0.610440 5.744630
0.210575 0.586849 5.750846
0.207903 0.584590 5.734143
0.201626 0.566616 5.758783
0.199051 0.564068 5.741937
0.187570 0.550216 5.766505
0.169222 0.536926 5.771766
0.146015 0.532790 5.788218
0.123128 0.522116 5.779568
0.146603 0.528130 5.775565
0.079559 0.513323 5.785080
0.100156 0.517263 5.783298
0.046109 0.508859 5.784208
0.062059 0.510378 5.785599
0.153146 0.321967 5.477089
0.204659 0.347137 5.389904
0.214920 0.350337 5.393897
0.209382 0.331854 5.402203
0.247275 0.386485 5.425607
0.243879 0.368469 5.418159
0.235618 0.389742 5.409406
0.237955 0.402603 5.415836
0.203745 0.363324 5.384977
0.197666 0.364359 5.379564
0.213109 0.369566 5.388113
0.191473 0.398827 5.377928
0.205775 0.385994 5.382218
0.225980 0.312289 5.425687
0.240528 0.328827 5.426188
0.241991 0.320374 5.433002
0.228116 0.303371 5.432313
0.256111 0.370645 5.450800
0.257082 0.382577 5.459558
0.258993 0.370784 5.465718
0.257932 0.360226 5.456073
0.231473 0.276032 5.456417
0.245829 0.291204 5.454566
0.248707 0.281997 5.465521
0.234283 0.268726 5.467853
0.255241 0.346957 5.446826
0.216201 0.492479 5.459381
0.228807 0.474678 5.464696
0.240581 0.457340 5.471166
0.254056 0.404095 5.496630
0.251822 0.419396 5.486788
0.249663 0.425908 5.494226
0.255834 0.389597 5.506243
0.256679 0.377113 5.514554
0.185757 0.293540 5.526712
0.180831 0.297430 5.521204
0.183427 0.281728 5.500400
0.251327 0.351792 5.535019
0.252396 0.364833 5.527324
0.249839 0.366445 5.531512
0.248554 0.353785 5.538739
0.223701 0.319268 5.419148
0.257639 0.297211 5.468956
0.254569 0.307416 5.458663
0.259342 0.319651 5.466981
0.262681 0.309306 5.477790
0.264527 0.319336 5.485011
0.262339 0.330405 5.475566
0.263751 0.339973 5.485380
0.265561 0.328495 5.493799
0.254881 0.347713 5.531273
0.255447 0.363698 5.520915
0.218290 0.258196 5.490717
0.209394 0.281161 5.446314
0.189371 0.280541 5.460216
0.187878 0.287170 5.453096
0.208601 0.290110 5.439820
0.225638 0.344528 5.556358
0.218524 0.339914 5.553430
0.232817 0.348013 5.558188
0.246564 0.372648 5.534897
0.237783 0.347539 5.559393
0.194319 0.305261 5.542892
0.191076 0.289088 5.534646
0.177461 0.289944 5.480280
0.175788 0.294051 5.472615
0.236958 0.262470 5.481793
0.251517 0.274209 5.479477
0.256784 0.338329 5.545599
0.253890 0.339979 5.549963
0.259379 0.330288 5.558835
0.248089 0.391935 5.528358
0.247105 0.367874 5.533941
0.229171 0.291888 5.439015
0.260401 0.288780 5.481822
0.265402 0.300706 5.489678
0.261123 0.341409 5.467776
0.257618 0.330525 5.458494
0.256347 0.340137 5.451670
0.259523 0.351153 5.461287
0.267902 0.317158 5.503061
0.267426 0.323491 5.514451
0.261360 0.358799 5.471756
0.262815 0.348825 5.478194
0.259735 0.336781 5.540005
0.174605 0.299109 5.466734
0.167362 0.306214 5.486773
0.163202 0.310381 5.483181
0.171944 0.301075 5.502413
0.169477 0.303659 5.493230
0.175822 0.299538 5.513752
0.159431 0.315888 5.480215
0.281670 0.220921 5.724065
0.256017 0.331728 5.564674
0.262312 0.321230 5.573104
0.264158 0.321295 5.565716
0.278220 0.279723 5.599157
0.024012 0.201781 5.298017
0.025144 0.199227 5.292641
0.034869 0.193607 5.276037
0.037378 0.193241 5.272434
0.285520 0.199653 5.698040
0.284841 0.194825 5.704265
0.275153 0.161298 5.734137
0.258924 0.139077 5.733957
0.266780 0.153426 5.722505
0.232549 0.147030 5.707397
0.221585 0.155074 5.710144
0.211884 0.184492 5.735265
0.260146 0.189896 5.762301
0.176463 0.073788 5.801127
0.185874 0.069481 5.803225
0.174969 0.058714 5.815579
0.166464 0.064084 5.814181
0.156151 0.054376 5.826558
0.152611 0.062451 5.829331
0.161431 0.071363 5.816345
0.153048 0.069627 5.833920
0.161018 0.078377 5.821282
0.156616 0.075382 5.839863
0.160603 0.080267 5.845689
0.166606 0.089526 5.834059
0.163218 0.084563 5.827493
0.177022 0.104461 5.829069
0.171614 0.092903 5.840722
0.178373 0.094730 5.846826
0.183455 0.107324 5.836405
0.187962 0.078618 5.860749
0.192839 0.072388 5.858595
0.200905 0.084280 5.849279
0.194971 0.090717 5.851991
0.214157 0.081998 5.829025
0.212852 0.090227 5.834992
0.204280 0.076495 5.844996
0.205152 0.068796 5.839432
0.197681 0.056438 5.850234
0.192506 0.051253 5.844218
0.201049 0.063138 5.833690
0.196608 0.092701 5.776189
0.186715 0.083474 5.788770
0.179207 0.090244 5.790392
0.169339 0.095054 5.814673
0.175698 0.105342 5.801598
0.175753 0.098166 5.795118
0.168300 0.088359 5.808335
0.193448 0.132098 5.813897
0.182229 0.116267 5.817221
0.188533 0.119684 5.825337
0.172379 0.100256 5.821659
0.178323 0.111463 5.809229
0.192312 0.107190 5.841303
0.186737 0.094303 5.850968
0.195631 0.069334 5.808620
0.204600 0.071382 5.815034
0.193370 0.059488 5.827353
0.184459 0.057567 5.820834
0.197751 0.119732 5.830671
0.215933 0.082819 5.803336
0.206921 0.080402 5.796417
0.211585 0.075545 5.821957
0.222092 0.088010 5.811096
0.174503 0.046492 5.832500
0.164541 0.048545 5.827884
0.196925 0.080064 5.790738
0.201486 0.103929 5.842535
0.208803 0.097860 5.839976
0.216081 0.111139 5.830225
0.207829 0.116826 5.832432
0.233489 0.108875 5.808228
0.221508 0.103824 5.824932
0.223718 0.095529 5.818643
0.196398 0.064561 5.855053
0.232776 0.100650 5.800303
0.125045 0.049079 5.902177
0.128231 0.053040 5.894414
0.120328 0.054952 5.898028
0.116794 0.049049 5.903707
0.122587 0.072502 5.888601
0.117822 0.075849 5.879647
0.107494 0.075700 5.887766
0.111964 0.073785 5.895851
0.110154 0.048563 5.904768
0.113029 0.056708 5.901449
0.107287 0.048735 5.902634
0.105577 0.036019 5.904903
0.106759 0.040762 5.908251
0.103956 0.029020 5.909889
0.110370 0.029556 5.897673
0.108953 0.022138 5.908056
0.135666 0.022895 5.899981
0.145762 0.024782 5.902788
0.140463 0.020329 5.915893
0.129969 0.019307 5.912658
0.157054 0.030452 5.919118
0.147939 0.025415 5.918162
0.153108 0.028657 5.904680
0.160711 0.033107 5.906118
0.138580 0.051757 5.903716
0.142561 0.054717 5.895710
0.136695 0.052781 5.893776
0.133345 0.049973 5.901964
0.099755 0.052303 5.900739
0.105930 0.043336 5.892178
0.106177 0.043773 5.898518
0.101397 0.054846 5.903583
0.158648 0.071803 5.887409
0.162641 0.074314 5.877571
0.156398 0.072037 5.873314
0.153896 0.069949 5.882671
0.134211 0.072780 5.867589
0.141169 0.070316 5.863468
0.137736 0.064690 5.852466
0.129750 0.065388 5.857008
0.126558 0.074745 5.873311
0.121787 0.067628 5.863764
0.113382 0.070002 5.871476
0.103529 0.070173 5.881878
0.172293 0.072649 5.880957
0.170375 0.072758 5.889322
0.088143 0.038791 5.947869
0.092927 0.040448 5.949831
0.093649 0.039065 5.947195
0.089073 0.037028 5.945148
0.181513 0.058788 5.885727
0.181709 0.050370 5.882450
0.183972 0.052574 5.877162
0.182471 0.060670 5.880010
0.180717 0.056444 5.893485
0.179265 0.047452 5.889401
0.083511 0.028943 5.954699
0.082830 0.032270 5.951260
0.084872 0.028669 5.947939
0.086297 0.024874 5.951223
0.112261 0.044643 5.909846
0.120507 0.045958 5.909737
0.107378 0.038663 5.923816
0.114726 0.042511 5.918264
0.107517 0.040406 5.915129
0.103794 0.036410 5.919763
0.133863 0.046700 5.921041
0.138092 0.049810 5.912728
0.130974 0.047128 5.912264
0.126250 0.044605 5.921229
0.147705 0.055574 5.916819
0.144437 0.051769 5.924311
0.149857 0.055051 5.926342
0.151952 0.058447 5.919855
0.133325 0.042605 5.936582
0.130811 0.039807 5.942911
0.135520 0.041694 5.944366
0.137906 0.044547 5.937835
0.186963 0.053820 5.871500
0.184704 0.061874 5.874328
0.171717 0.042441 5.922316
0.175356 0.050745 5.922903
0.174526 0.050031 5.933027
0.171294 0.040372 5.932341
0.178373 0.042576 5.878862
0.181733 0.044457 5.873203
0.087333 0.027210 5.958288
0.089659 0.022785 5.955334
0.113229 0.057777 5.865736
0.101708 0.061192 5.878416
0.123752 0.055136 5.857419
0.131664 0.054164 5.852268
0.137640 0.054216 5.847121
0.116758 0.041466 5.923949
0.128913 0.047356 5.907870
0.142388 0.053831 5.904992
0.164091 0.066552 5.917567
0.166566 0.068695 5.911706
0.157950 0.066257 5.909903
0.157677 0.064363 5.915815
0.173896 0.059341 5.924378
0.168239 0.063558 5.924996
0.166802 0.061394 5.931070
0.172709 0.057780 5.932395
0.095958 0.050652 5.897393
0.102996 0.045120 5.886573
0.178192 0.067204 5.888753
0.178545 0.068019 5.881807
0.180240 0.068210 5.874660
0.148840 0.061918 5.888899
0.150398 0.068647 5.879502
0.145400 0.068357 5.877767
0.145090 0.059950 5.886956
0.131335 0.060994 5.889524
0.131583 0.070937 5.882986
0.123121 0.063484 5.894699
0.150388 0.070602 5.868814
0.159673 0.072386 5.865536
0.152868 0.070659 5.861032
0.166947 0.073677 5.870186
0.174649 0.071996 5.873652
0.161693 0.075663 5.859242
0.155623 0.073796 5.854279
0.169282 0.075998 5.863894
0.176577 0.074946 5.867176
0.191373 0.049269 5.859141
0.191168 0.058057 5.864341
0.185712 0.045777 5.866558
0.145035 0.063680 5.843829
0.145992 0.067928 5.856379
0.150390 0.069366 5.849237
0.144853 0.055485 5.839765
0.104420 0.072825 5.898730
0.097650 0.071632 5.902031
0.101549 0.067591 5.905698
0.107117 0.067302 5.902896
0.101399 0.025441 5.916593
0.101290 0.031880 5.917420
0.104262 0.035282 5.912200
0.159373 0.070363 5.896766
0.169474 0.071648 5.898093
0.110719 0.038644 5.927750
0.089595 0.022146 5.945328
0.087732 0.026635 5.942302
0.093840 0.025430 5.930598
0.095789 0.020065 5.933389
0.111149 0.033876 5.935441
0.107760 0.036703 5.931297
0.104998 0.036698 5.936668
0.107894 0.032829 5.940738
0.141808 0.046255 5.944108
0.143651 0.048370 5.938598
0.123046 0.018742 5.926033
0.114235 0.013481 5.919446
0.119167 0.017303 5.908136
0.139678 0.049253 5.922477
0.136507 0.045848 5.929911
0.141047 0.048037 5.931440
0.117527 0.040472 5.927416
0.114053 0.037558 5.930631
0.119276 0.038530 5.931806
0.122885 0.042100 5.927230
0.177416 0.051983 5.912169
0.175397 0.062901 5.914980
0.084580 0.035828 5.948733
0.085794 0.033126 5.945737
0.187377 0.066135 5.867258
0.182393 0.071714 5.868460
0.143149 0.052542 5.914181
0.123849 0.022645 5.896847
0.146252 0.056421 5.906607
0.155281 0.035965 5.939878
0.156141 0.044112 5.941995
0.151777 0.043390 5.946755
0.151932 0.036916 5.946809
0.102494 0.032734 5.949547
0.099935 0.036912 5.946242
0.097549 0.037750 5.950503
0.099574 0.033908 5.954303
0.104646 0.037358 5.927307
0.100978 0.035504 5.924180
0.097427 0.035544 5.930585
0.101242 0.037574 5.933333
0.098584 0.030887 5.922572
0.094936 0.030765 5.929687
0.102678 0.026965 5.952722
0.098657 0.022042 5.952538
0.105993 0.019789 5.941219
0.108398 0.025953 5.943092
0.164864 0.034806 5.894051
0.171424 0.039598 5.896612
0.167722 0.038370 5.908710
0.164529 0.036943 5.921235
0.161168 0.036405 5.932636
0.153919 0.027334 5.931040
0.173286 0.043613 5.910354
0.118221 0.027207 5.936112
0.113389 0.020114 5.933105
0.121326 0.022298 5.935648
0.151689 0.060037 5.909399
0.088548 0.031592 5.940468
0.145981 0.035902 5.854278
0.157273 0.032959 5.858712
0.153507 0.030329 5.867153
0.140257 0.034662 5.860788
0.095831 0.038106 5.943052
0.091505 0.036413 5.940484
0.148950 0.051139 5.940574
0.146443 0.048372 5.945569
0.150674 0.048218 5.947374
0.152796 0.051391 5.943813
0.176210 0.044765 5.898890
0.172220 0.052922 5.940728
0.170169 0.042270 5.939709
0.175008 0.040881 5.886417
0.168652 0.035819 5.883231
0.171538 0.036847 5.874813
0.141334 0.024172 5.932284
0.158180 0.030855 5.892532
0.162370 0.032400 5.881096
0.164817 0.033295 5.871011
0.167300 0.034700 5.863451
0.174644 0.038049 5.867895
0.093373 0.020014 5.949076
0.095136 0.024767 5.957919
0.178647 0.040051 5.860461
0.185124 0.044142 5.853019
0.176676 0.041819 5.848069
0.170969 0.037113 5.855765
0.154779 0.029257 5.878966
0.145650 0.028090 5.876100
0.150972 0.027620 5.890545
0.141426 0.025694 5.888339
0.134877 0.016469 5.928228
0.092278 0.037881 5.966289
0.096015 0.032899 5.960719
0.097712 0.036387 5.957871
0.094678 0.040667 5.963959
0.098898 0.029463 5.957157
0.092939 0.029830 5.960797
0.128304 0.026892 5.885190
0.116825 0.035092 5.936469
0.129863 0.033250 5.871163
0.114220 0.031769 5.886270
0.113545 0.037659 5.877337
0.129128 0.043509 5.856377
0.117874 0.045013 5.863776
0.142453 0.044948 5.846349
0.137139 0.043971 5.851787
0.148633 0.048152 5.838581
0.105580 0.049315 5.874401
0.086977 0.043264 5.952284
0.091930 0.044242 5.954678
0.150320 0.037896 5.847935
0.156374 0.041223 5.839023
0.114334 0.065944 5.899938
0.152992 0.062980 5.901473
0.149173 0.059491 5.899023
0.168367 0.070214 5.905949
0.158547 0.067928 5.903971
0.167039 0.039116 5.842699
0.166238 0.082707 5.851329
0.173468 0.083311 5.856321
0.183983 0.048514 5.838660
0.082804 0.040645 5.953280
0.132899 0.035521 5.946252
0.134914 0.035902 5.946622
0.100038 0.073331 5.892896
0.093655 0.070928 5.897728
0.089361 0.060036 5.894461
0.090892 0.066782 5.895748
0.096257 0.068432 5.888460
0.094263 0.060842 5.886415
0.151429 0.064221 5.891459
0.154618 0.066688 5.894370
0.179350 0.053868 5.902287
0.177568 0.064322 5.905656
0.098328 0.024621 5.922626
0.105295 0.018758 5.917354
0.101141 0.019271 5.924722
0.101024 0.017430 5.936673
0.115832 0.030440 5.937312
0.112572 0.027279 5.937531
0.139014 0.069212 5.879253
0.138831 0.059298 5.886821
0.107852 0.059213 5.903508
0.103476 0.060665 5.905821
0.130032 0.044060 5.927970
0.133460 0.023740 5.941846
0.128849 0.018845 5.937503
0.126733 0.040465 5.933891
0.080388 0.035464 5.960134
0.080469 0.038220 5.956141
0.107275 0.015633 5.927751
0.146852 0.051466 5.932784
0.139740 0.028365 5.941801
0.134082 0.029324 5.945306
0.170405 0.058037 5.936913
0.160911 0.034973 5.851531
0.096948 0.039696 5.953612
0.095319 0.043488 5.958833
0.088830 0.035348 5.966108
0.084252 0.033971 5.963532
0.178288 0.065595 5.896863
0.146126 0.056981 5.897259
0.181370 0.082276 5.859741
0.097268 0.052614 5.885499
0.091240 0.053270 5.894543
0.124220 0.037825 5.938775
0.162338 0.041815 5.940439
0.150232 0.028387 5.939646
0.147381 0.030028 5.947458
0.139863 0.029402 5.947682
0.135837 0.032825 5.948715
0.086078 0.040636 5.969939
0.081771 0.039527 5.967728
0.078274 0.041146 5.963472
0.079108 0.043040 5.959342
0.081908 0.044856 5.956498
0.089723 0.042834 5.969896
0.092184 0.045028 5.967178
0.093687 0.046886 5.961975
0.087396 0.047543 5.971993
0.082997 0.046701 5.973169
0.073853 0.053495 5.967731
0.075332 0.047712 5.966951
0.075601 0.049963 5.970047
0.074436 0.053567 5.971115
0.073551 0.057582 5.973050
0.073452 0.058136 5.969608
0.077813 0.048332 5.972013
0.076767 0.052428 5.974296
0.080393 0.052515 5.975221
0.079341 0.056778 5.977531
0.075753 0.056974 5.976505
0.080492 0.049063 5.973639
0.078684 0.044865 5.970480
0.073833 0.061759 5.972452
0.073183 0.060441 5.974710
0.074973 0.060813 5.977930
0.076329 0.063157 5.976292
0.077001 0.048076 5.961594
0.075614 0.053971 5.964526
0.075500 0.058987 5.967097
0.076097 0.062395 5.970141
0.078557 0.055266 5.962602
0.078274 0.059721 5.965828
0.078931 0.062235 5.968789
0.082241 0.056485 5.962361
0.081212 0.060261 5.966027
0.084546 0.050181 5.957882
0.080384 0.048885 5.958562
0.080871 0.061797 5.968285
0.078526 0.063709 5.974124
0.083488 0.052001 5.975281
0.082327 0.056829 5.977000
0.086021 0.052697 5.974150
0.084475 0.057443 5.975748
0.080271 0.060790 5.978065
0.078317 0.059567 5.978858
0.086272 0.046648 5.955425
0.091147 0.047296 5.957974
0.089001 0.050786 5.960142
0.086534 0.056710 5.964306
0.091142 0.050241 5.964295
0.089854 0.049088 5.969250
0.087784 0.054061 5.971852
0.088660 0.055463 5.968225
0.085875 0.058383 5.973453
0.086123 0.059372 5.970737
0.084185 0.060307 5.967864
0.083599 0.061408 5.973699
0.082124 0.061323 5.976144
0.080786 0.062746 5.971876
0.084202 0.061203 5.971712
0.082448 0.061816 5.970051
0.108666 0.039950 5.966105
0.113006 0.042503 5.967355
0.114806 0.038780 5.964158
0.110906 0.036341 5.962492
0.106372 0.029180 5.973452
0.104943 0.033453 5.969472
0.107655 0.028085 5.965539
0.109745 0.023532 5.969241
0.112175 0.028068 5.976863
0.115925 0.022406 5.972960
0.113349 0.020930 5.961197
0.110782 0.025724 5.958613
0.115817 0.026687 5.945178
0.118667 0.021565 5.946057
0.126871 0.038043 5.949601
0.130184 0.035551 5.952510
0.106089 0.037177 5.966856
0.108531 0.032764 5.963114
0.124920 0.034884 5.963828
0.121632 0.037452 5.961139
0.118876 0.039333 5.966247
0.121759 0.037434 5.969648
0.116461 0.034943 5.944349
0.121594 0.037205 5.946663
0.115060 0.030949 5.944392
0.126460 0.030002 5.966426
0.124716 0.024068 5.966941
0.129915 0.022875 5.952187
0.131603 0.029133 5.953801
0.111199 0.030267 5.957006
0.117045 0.036897 5.958618
0.112952 0.034398 5.956844
0.119646 0.019795 5.963968
0.120813 0.028023 5.974545
0.114887 0.045143 5.981553
0.118895 0.038803 5.976695
0.119400 0.041939 5.973455
0.116037 0.048136 5.978493
0.122077 0.033578 5.972541
0.116965 0.033633 5.978487
0.105855 0.047316 5.971007
0.110629 0.049245 5.972086
0.102709 0.044877 5.972176
0.124681 0.018745 5.948589
0.102279 0.038640 5.979142
0.101542 0.042035 5.974981
0.117121 0.043294 5.969538
0.114620 0.049878 5.974399
0.112303 0.041511 5.983253
0.107314 0.037938 5.981981
0.108994 0.048188 5.986148
0.104241 0.045465 5.985992
0.099701 0.046056 5.982935
0.099581 0.047748 5.978230
0.101389 0.049309 5.975110
0.111736 0.050830 5.984413
0.113181 0.052580 5.981301
0.112594 0.053478 5.977247
0.110077 0.058321 5.985244
0.107004 0.057145 5.987862
0.095247 0.066236 5.984362
0.096108 0.060453 5.983835
0.097599 0.061843 5.986425
0.095940 0.066719 5.987459
0.097941 0.054725 5.984581
0.098892 0.058117 5.986424
0.101647 0.058268 5.987827
0.100594 0.062473 5.989094
0.103993 0.063877 5.988605
0.102747 0.068941 5.990100
0.098816 0.068123 5.990470
0.104365 0.059754 5.987986
0.095169 0.070621 5.988375
0.095582 0.071464 5.986013
0.102332 0.053710 5.987762
0.097979 0.053499 5.979507
0.096498 0.060171 5.980413
0.096126 0.066537 5.981477
0.097183 0.071808 5.983288
0.098442 0.061105 5.977426
0.098116 0.067237 5.979224
0.099161 0.071416 5.981381
0.101942 0.062633 5.975708
0.101039 0.068245 5.978287
0.103570 0.054952 5.974425
0.100017 0.053767 5.975992
0.100881 0.070813 5.980316
0.098066 0.075013 5.988860
0.099728 0.074709 5.985726
0.097100 0.073177 5.991593
0.106115 0.064072 5.987411
0.104559 0.069530 5.988408
0.108298 0.064746 5.986126
0.106279 0.070281 5.987062
0.102317 0.073841 5.989582
0.101181 0.072782 5.991221
0.104674 0.051012 5.973974
0.109186 0.052669 5.974791
0.108143 0.056490 5.974860
0.106511 0.064205 5.976453
0.111483 0.057558 5.977466
0.111659 0.058507 5.981761
0.109570 0.064896 5.983314
0.109395 0.064865 5.979543
0.107129 0.070131 5.984628
0.107071 0.069705 5.981464
0.104593 0.069346 5.979021
0.104511 0.073504 5.984818
0.103572 0.074353 5.987411
0.101321 0.073700 5.983306
0.105035 0.072288 5.982562
0.102871 0.072038 5.981270
0.128985 0.050103 5.966561
0.133139 0.053950 5.966109
0.135465 0.050559 5.964580
0.131603 0.046903 5.964708
0.128992 0.043445 5.974541
0.126908 0.044907 5.972093
0.129809 0.039656 5.969114
0.132201 0.037029 5.971373
0.133205 0.044693 5.977000
0.137640 0.037882 5.974255
0.133981 0.033772 5.966038
0.130970 0.037283 5.964039
0.134676 0.034932 5.953992
0.137963 0.031145 5.955039
0.126969 0.047322 5.969219
0.129825 0.043261 5.966446
0.143948 0.049757 5.963310
0.140971 0.050231 5.961474
0.139303 0.052432 5.966114
0.141633 0.051933 5.968621
0.136167 0.043125 5.950552
0.140209 0.046372 5.950419
0.134369 0.039234 5.952029
0.145815 0.045873 5.966175
0.145186 0.039364 5.968423
0.149140 0.037546 5.956106
0.149453 0.043698 5.954663
0.130915 0.041509 5.962065
0.136365 0.049274 5.960147
0.132570 0.045511 5.960258
0.140285 0.034218 5.967435
0.142014 0.043339 5.974380
0.134006 0.060339 5.978501
0.139783 0.053137 5.974473
0.139776 0.055775 5.970440
0.134661 0.062348 5.974717
0.143088 0.048755 5.971721
0.137737 0.048615 5.977080
0.124963 0.056975 5.969074
0.129169 0.060061 5.968875
0.122857 0.054674 5.972029
0.144269 0.031822 5.956008
0.147921 0.048223 5.953013
0.123471 0.052301 5.978512
0.122236 0.053037 5.975302
0.137248 0.055928 5.967566
0.133180 0.062173 5.970924
0.131556 0.056808 5.981112
0.127460 0.053108 5.980947
0.127528 0.062685 5.983138
0.123183 0.059362 5.983312
0.119337 0.058163 5.980611
0.118900 0.058366 5.976761
0.120076 0.059211 5.973475
0.130069 0.065610 5.979730
0.130853 0.066376 5.975873
0.129985 0.065273 5.972555
0.127915 0.070181 5.978907
0.124450 0.068694 5.981634
0.110714 0.074312 5.978939
0.112898 0.069711 5.979145
0.114073 0.070976 5.980384
0.111649 0.074979 5.980719
0.116045 0.064755 5.980661
0.115921 0.067765 5.981243
0.118719 0.068413 5.982286
0.116656 0.072358 5.982618
0.120568 0.073597 5.981301
0.118357 0.077540 5.981565
0.114328 0.076436 5.982767
0.121486 0.070093 5.982163
0.110383 0.077874 5.981191
0.109750 0.078261 5.979482
0.120423 0.065125 5.982529
0.115721 0.063358 5.976691
0.112935 0.068840 5.976216
0.110870 0.073976 5.976141
0.110659 0.078232 5.976478
0.114614 0.069053 5.973114
0.112673 0.074045 5.973439
0.112559 0.077831 5.974078
0.117240 0.070038 5.970892
0.115120 0.074753 5.971823
0.120581 0.064241 5.971213
0.117488 0.063464 5.973298
0.114409 0.077330 5.972901
0.112312 0.081602 5.980676
0.113660 0.081557 5.977391
0.112391 0.079961 5.982822
0.123049 0.074229 5.980469
0.120331 0.078526 5.980340
0.124862 0.074942 5.978140
0.121679 0.079127 5.978314
0.117091 0.081111 5.980714
0.116189 0.080215 5.982093
0.122797 0.060809 5.971317
0.126697 0.063022 5.970784
0.124343 0.066038 5.970385
0.120975 0.072111 5.970188
0.127726 0.068221 5.971752
0.128308 0.070220 5.975082
0.125246 0.074984 5.974996
0.124252 0.074017 5.971858
0.122170 0.078731 5.975603
0.121394 0.077792 5.972975
0.118296 0.076470 5.971444
0.118708 0.080904 5.975803
0.118087 0.081657 5.978353
0.115077 0.080482 5.974907
0.118962 0.079777 5.973897
0.116442 0.078963 5.973157
0.144484 0.047824 5.951486
0.153480 0.063635 5.960415
0.156611 0.065836 5.959044
0.157485 0.063380 5.958045
0.154424 0.060758 5.959004
0.155629 0.059713 5.968803
0.152667 0.060033 5.966444
0.154201 0.054667 5.964152
0.157321 0.053622 5.966701
0.160558 0.061907 5.968351
0.162418 0.055624 5.967453
0.158570 0.049226 5.961428
0.154940 0.051029 5.959326
0.156913 0.047228 5.948548
0.161306 0.044670 5.948716
0.168018 0.059834 5.941662
0.163906 0.060069 5.938975
0.162803 0.062469 5.947580
0.167311 0.062261 5.948412
0.152239 0.061627 5.963286
0.153322 0.057247 5.961135
0.165495 0.064600 5.957297
0.161434 0.064258 5.955803
0.160866 0.065478 5.957916
0.164245 0.066701 5.958968
0.159187 0.059352 5.938715
0.155541 0.055852 5.940548
0.155991 0.056818 5.946489
0.158893 0.060705 5.947656
0.155829 0.052666 5.948068
0.168375 0.061946 5.959225
0.168033 0.056609 5.962019
0.171650 0.054754 5.949819
0.170278 0.059171 5.949439
0.154037 0.054864 5.958034
0.157975 0.061771 5.955210
0.154897 0.058815 5.956787
0.164260 0.050636 5.962295
0.165883 0.061154 5.964798
0.162176 0.075186 5.965225
0.164970 0.068725 5.963475
0.163311 0.069584 5.960083
0.161167 0.075172 5.962292
0.166044 0.065064 5.962439
0.163838 0.065891 5.966937
0.151104 0.069044 5.962506
0.154450 0.070855 5.960617
0.149853 0.067691 5.965506
0.167743 0.045920 5.949233
0.152514 0.067339 5.971386
0.150118 0.067098 5.968770
0.160057 0.068045 5.958938
0.158010 0.073182 5.960660
0.160996 0.073251 5.968495
0.157043 0.069610 5.971124
0.158262 0.078673 5.969571
0.154403 0.075121 5.973390
0.150514 0.072171 5.972600
0.148590 0.071036 5.969869
0.148477 0.071053 5.966686
0.159372 0.080259 5.965974
0.158342 0.079239 5.963071
0.155975 0.076823 5.962047
0.155889 0.083377 5.966145
0.154296 0.082462 5.970107
0.141228 0.081758 5.972393
0.143784 0.078574 5.972454
0.144972 0.080234 5.973252
0.142396 0.082707 5.973581
0.147918 0.075731 5.972864
0.147653 0.078302 5.973306
0.150369 0.079892 5.972790
0.147543 0.082555 5.973616
0.150260 0.085409 5.971813
0.147191 0.088097 5.972315
0.145009 0.085245 5.974666
0.151852 0.082801 5.971650
0.140885 0.084926 5.974226
0.139628 0.085048 5.972866
0.152325 0.077975 5.972699
0.146587 0.073564 5.970421
0.143026 0.077487 5.970635
0.140140 0.081499 5.970624
0.139254 0.085338 5.970546
0.143449 0.077091 5.968073
0.140703 0.081346 5.968360
0.140108 0.084911 5.968499
0.144851 0.077718 5.965389
0.142138 0.081736 5.966381
0.148131 0.073942 5.964357
0.146779 0.073060 5.967391
0.141062 0.084334 5.967107
0.141154 0.088767 5.972832
0.140875 0.088410 5.970211
0.142581 0.087891 5.974989
0.151436 0.086440 5.969736
0.147851 0.089358 5.970490
0.152048 0.086357 5.967013
0.147647 0.089143 5.968273
0.144290 0.090354 5.971617
0.144896 0.089523 5.973230
0.149887 0.072032 5.963460
0.152680 0.074217 5.962000
0.150795 0.076280 5.962421
0.147073 0.079811 5.963423
0.153354 0.079369 5.962290
0.155301 0.082082 5.963317
0.151209 0.085349 5.964897
0.149480 0.082978 5.963279
0.146864 0.087908 5.966245
0.145689 0.085822 5.964922
0.143853 0.083413 5.964905
0.143444 0.088339 5.967523
0.143709 0.089770 5.969267
0.141255 0.087273 5.968204
0.143407 0.086933 5.966342
0.142058 0.085798 5.966690
0.170353 0.057550 5.943597
0.090069 0.052651 5.906909
0.093858 0.053788 5.909411
0.096323 0.068829 5.910985
0.097651 0.062595 5.911871
0.091893 0.072293 5.907989
0.084555 0.067111 5.903978
0.087542 0.070753 5.905509
0.096336 0.057174 5.911242
0.086061 0.054259 5.904837
0.083609 0.060781 5.903292
0.080765 0.057618 5.912208
0.077657 0.063422 5.910921
0.079942 0.071026 5.911200
0.084130 0.073543 5.912018
0.089328 0.073508 5.913036
0.085841 0.054017 5.913244
0.089508 0.053851 5.914437
0.093027 0.057393 5.915405
0.081086 0.055568 5.920612
0.074812 0.059577 5.923248
0.073497 0.074159 5.931596
0.075516 0.074533 5.927076
0.072099 0.072035 5.927141
0.070020 0.072193 5.930818
0.076490 0.073095 5.921916
0.073381 0.070902 5.924678
0.072069 0.066334 5.924778
0.069460 0.066844 5.927301
0.071871 0.062278 5.925667
0.069959 0.061376 5.928304
0.066593 0.067559 5.930750
0.068312 0.071702 5.933970
0.066101 0.068012 5.934700
0.071203 0.072231 5.935471
0.074059 0.066109 5.921481
0.082814 0.075786 5.919992
0.080082 0.075863 5.926966
0.077550 0.074303 5.932755
0.075246 0.070952 5.936334
0.085158 0.074046 5.927768
0.081888 0.071818 5.933495
0.079022 0.068742 5.936379
0.088549 0.069180 5.928535
0.084137 0.067864 5.933676
0.093078 0.070081 5.920031
0.088668 0.074742 5.919581
0.081245 0.066837 5.935641
0.068889 0.067520 5.937819
0.073438 0.065974 5.938045
0.073048 0.058133 5.928541
0.067566 0.061773 5.931462
0.070820 0.058761 5.932705
0.077527 0.055841 5.928078
0.074885 0.057322 5.933449
0.069027 0.061725 5.936117
0.066110 0.063493 5.934303
0.093786 0.069864 5.914740
0.094689 0.063464 5.915729
0.093666 0.063308 5.920263
0.088904 0.063195 5.928129
0.091008 0.057217 5.920735
0.086346 0.054487 5.920225
0.082160 0.055537 5.928149
0.086449 0.058000 5.928159
0.079152 0.057760 5.933532
0.082352 0.059762 5.933272
0.084129 0.063514 5.933524
0.077478 0.060949 5.936381
0.073445 0.060800 5.936872
0.077528 0.064896 5.937231
0.080042 0.061498 5.935464
0.080610 0.064127 5.935884
0.165308 0.060351 5.935390
0.159326 0.059298 5.934796
0.160962 0.060552 5.930056
0.162367 0.063866 5.924316
0.169239 0.065658 5.919423
0.156809 0.061427 5.922337
0.155421 0.058030 5.928575
0.152798 0.055386 5.935457
0.153644 0.061155 5.914968
0.103311 0.175303 5.256340
0.101207 0.175798 5.253211
0.098512 0.175376 5.259390
0.101105 0.175268 5.260881
0.092632 0.177984 5.254631
0.095805 0.176283 5.257420
0.098444 0.177766 5.250131
0.096516 0.181913 5.246265
0.091076 0.188476 5.248438
0.089674 0.188984 5.248375
0.089387 0.188837 5.249005
0.090547 0.187692 5.250116
0.091410 0.184875 5.250116
0.106367 0.176407 5.262845
0.106064 0.176257 5.261282
0.105060 0.175552 5.258977
0.091097 0.181436 5.251707
0.104777 0.176893 5.263306
0.106043 0.176570 5.263384
0.095129 0.186304 5.245914
0.094335 0.176874 5.252344
0.097314 0.175442 5.255318
0.096734 0.176885 5.249904
0.094633 0.180896 5.247510
0.091913 0.187409 5.250192
0.092327 0.184202 5.248823
0.099771 0.174774 5.257745
0.092476 0.180656 5.249606
0.099230 0.175191 5.253418
0.093814 0.184711 5.248666
0.092346 0.186708 5.249117
0.106032 0.176923 5.262377
0.105769 0.177049 5.262746
0.086311 0.347515 5.478084
0.081979 0.353109 5.495517
0.101338 0.174450 5.256174
0.103523 0.175156 5.260596
0.101921 0.174768 5.259491
0.103038 0.174565 5.258331
0.104194 0.175000 5.259972
0.202317 0.260128 5.592971
0.206922 0.249651 5.582698
0.248279 0.240403 5.564593
0.264676 0.251202 5.564095
0.098517 0.488994 5.695922
0.194332 0.578307 5.588658
0.201829 0.563646 5.569007
0.147795 0.600948 5.540422
0.163021 0.598394 5.549685
0.186110 0.514366 5.660623
0.189761 0.500949 5.646642
0.137382 0.492278 5.679931
0.140639 0.480565 5.667245
0.170020 0.514322 5.683087
0.164111 0.624155 5.606869
0.174836 0.616353 5.616603
0.177279 0.601872 5.595664
0.167656 0.609996 5.584346
0.131182 0.600391 5.533852
0.123540 0.615746 5.558840
0.204742 0.497796 5.620133
0.213551 0.511691 5.605845
0.212570 0.537037 5.572242
0.206963 0.546129 5.554516
0.198578 0.552508 5.537952
0.188061 0.558080 5.522830
0.125307 0.462790 5.656418
0.107962 0.449216 5.643121
0.191506 0.485902 5.632545
0.069053 0.459719 5.651758
0.184717 0.545991 5.491918
0.167249 0.552747 5.480773
0.215579 0.525045 5.589731
0.079237 0.359297 5.540944
0.093036 0.353576 5.544159
0.087619 0.358349 5.559960
0.074569 0.365039 5.557425
0.100876 0.353476 5.563052
0.114117 0.350327 5.565501
0.126624 0.348708 5.567303
0.155413 0.350635 5.569836
0.147127 0.349091 5.569465
0.170729 0.359109 5.570572
0.162961 0.353562 5.569948
0.180390 0.369788 5.573335
0.190377 0.383130 5.575774
0.203220 0.389815 5.564594
0.200354 0.397463 5.576271
0.186951 0.389996 5.587484
0.177724 0.376164 5.585796
0.167976 0.365718 5.583854
0.061641 0.409121 5.604972
0.057920 0.391564 5.589649
0.089229 0.341914 5.461946
0.256130 0.174460 5.772845
0.170165 0.080691 5.803185
0.157536 0.414401 5.370285
0.175608 0.407217 5.373671
0.221408 0.371172 5.395810
0.223572 0.347859 5.402049
0.212147 0.391549 5.387568
0.196240 0.406241 5.382888
0.174043 0.463111 5.629204
0.181210 0.433834 5.392361
0.200097 0.413984 5.388385
0.219210 0.397616 5.395335
0.230834 0.375301 5.403463
0.235174 0.348001 5.411627
0.238847 0.337114 5.419785
0.250613 0.336173 5.438264
0.251304 0.327235 5.444043
0.252785 0.317509 5.451178
0.244077 0.301941 5.445738
0.242806 0.311265 5.439365
0.265633 0.268906 5.532507
0.269861 0.267998 5.550457
0.274580 0.273770 5.564147
0.276578 0.282894 5.575904
0.275138 0.289986 5.581980
0.271779 0.298920 5.584376
0.267929 0.310081 5.580126
0.249589 0.341546 5.555218
0.244823 0.354622 5.542884
0.248315 0.408101 5.519064
0.247618 0.421097 5.513308
0.239591 0.458001 5.508104
0.232984 0.475536 5.508935
0.227003 0.496945 5.513755
0.169147 0.676759 5.711843
0.184740 0.665503 5.713746
0.180912 0.655147 5.694915
0.164827 0.666287 5.691654
0.128832 0.655874 5.641759
0.110015 0.657228 5.636044
0.205179 0.605111 5.710825
0.203578 0.583167 5.718284
0.192889 0.641107 5.698127
0.200665 0.625065 5.704373
0.195836 0.562849 5.725630
0.130004 0.513167 5.751226
0.110786 0.505871 5.754589
0.072234 0.495803 5.755912
0.053645 0.495895 5.753420
0.183555 0.545504 5.733701
0.091385 0.498764 5.756442
0.168223 0.532543 5.741217
0.149465 0.522245 5.746966
0.147078 0.650853 5.647044
0.146767 0.662625 5.667820
0.162203 0.656149 5.672559
0.179556 0.505574 5.433861
0.197159 0.495589 5.439777
0.214430 0.482775 5.445193
0.230708 0.456734 5.443043
0.228427 0.467189 5.451879
0.241323 0.450775 5.459917
0.244136 0.440469 5.451731
0.256428 0.402663 5.474813
0.254335 0.412097 5.480675
0.256481 0.396658 5.490437
0.258159 0.390824 5.483154
0.258126 0.386018 5.498426
0.258869 0.373673 5.506384
0.257722 0.359769 5.514966
0.258663 0.346211 5.523983
0.264861 0.336233 5.504174
0.262936 0.346360 5.495656
0.257192 0.394558 5.467685
0.254338 0.409161 5.456928
0.179333 0.479894 5.421837
0.160211 0.487037 5.419319
0.210548 0.408512 5.572623
0.221441 0.418971 5.566720
0.229998 0.428186 5.557566
0.236369 0.435228 5.546606
0.240325 0.439881 5.535064
0.243012 0.443448 5.522233
0.246506 0.433253 5.510672
0.244098 0.445201 5.509575
0.247826 0.430890 5.501666
0.245063 0.444720 5.497866
0.246535 0.442635 5.486904
0.248166 0.438440 5.477033
0.250294 0.431255 5.469381
0.252558 0.421284 5.462802
0.247134 0.427702 5.445016
0.233836 0.444366 5.435605
0.218803 0.445004 5.420059
0.222302 0.432534 5.413194
0.217325 0.458431 5.427850
0.215259 0.471382 5.435671
0.194738 0.353027 5.379030
0.186408 0.368413 5.369820
0.269699 0.309797 5.563328
0.268357 0.313663 5.564489
0.268183 0.312416 5.570795
0.271108 0.304798 5.572210
0.272636 0.298361 5.568767
0.272241 0.299540 5.552662
0.270762 0.305900 5.559585
0.274120 0.291400 5.562649
0.273682 0.284288 5.553009
0.272806 0.293524 5.543871
0.271267 0.279600 5.541573
0.271821 0.288807 5.534589
0.268915 0.279526 5.528981
0.270603 0.286185 5.526855
0.267075 0.309162 5.495445
0.268864 0.299468 5.506233
0.269857 0.291302 5.517735
0.262715 0.333825 5.533699
0.266434 0.322615 5.542387
0.268638 0.312860 5.550909
0.270267 0.307868 5.542983
0.268602 0.318114 5.534385
0.265546 0.329589 5.524783
0.179524 0.494671 5.428702
0.197808 0.483735 5.429936
0.259776 0.378618 5.490279
0.260808 0.367372 5.496727
0.260920 0.355485 5.503757
0.262376 0.341947 5.513855
0.262015 0.359614 5.487534
0.260751 0.370264 5.480921
0.258940 0.381534 5.474798
0.199363 0.470203 5.423483
0.160692 0.503318 5.426271
0.179829 0.285899 5.490101
0.191477 0.275053 5.469592
0.210534 0.273937 5.455222
0.230009 0.284455 5.446804
0.244153 0.233554 5.721000
0.118193 0.629900 5.582262
0.113624 0.643831 5.608027
0.131095 0.644712 5.615581
0.149935 0.558086 5.474132
0.161587 0.515707 5.428701
0.129908 0.358627 5.597076
0.119018 0.358321 5.596274
0.122070 0.353196 5.581995
0.133217 0.353191 5.583121
0.149319 0.362517 5.596183
0.140457 0.360184 5.597087
0.143417 0.354610 5.583636
0.152505 0.356756 5.583606
0.157576 0.366380 5.595763
0.160526 0.360210 5.583399
0.138557 0.367842 5.609777
0.128522 0.365968 5.610657
0.117868 0.365595 5.610271
0.154850 0.373716 5.606676
0.147207 0.370366 5.608206
0.031207 0.229057 5.335980
0.019801 0.213565 5.327471
0.026948 0.198059 5.288436
0.030572 0.199237 5.285709
0.093285 0.336127 5.436277
0.095368 0.332847 5.425413
0.058617 0.379527 5.572895
0.065879 0.365784 5.539268
0.072558 0.365887 5.526733
0.077604 0.360522 5.511783
0.089827 0.337661 5.447722
0.061521 0.371863 5.556450
0.197291 0.659102 5.876513
0.182895 0.676195 5.894451
0.189067 0.677458 5.871308
0.176593 0.690572 5.882785
0.205385 0.655146 5.810963
0.199855 0.660289 5.833541
0.210793 0.647818 5.786273
0.158641 0.703974 5.889488
0.135094 0.715721 5.890108
0.136434 0.724999 5.868151
0.201112 0.669239 5.786079
0.196344 0.675208 5.811257
0.183874 0.686803 5.867199
0.195884 0.668495 5.854764
0.187306 0.684468 5.854391
0.157849 0.711784 5.871363
0.174044 0.696652 5.870890
0.132378 0.689373 5.705440
0.108792 0.705096 5.719251
0.134485 0.700128 5.726029
0.197913 0.650399 5.716568
0.189730 0.673600 5.735118
0.175633 0.698312 5.854566
0.160130 0.714947 5.850976
0.139602 0.729341 5.844997
0.154188 0.714141 5.773080
0.149910 0.722752 5.795752
0.168794 0.709252 5.803177
0.173100 0.701915 5.779436
0.190542 0.680503 5.758772
0.188360 0.687223 5.783655
0.155957 0.704119 5.751528
0.174637 0.693638 5.755677
0.173497 0.685700 5.732783
0.184351 0.693574 5.809226
0.119937 0.738359 5.812499
0.144555 0.728865 5.819767
0.091888 0.739239 5.804615
0.155074 0.694350 5.729389
0.151699 0.684199 5.708703
0.147460 0.673845 5.688311
0.147398 0.641277 5.622174
0.215235 0.451512 6.030224
0.048543 0.586769 5.918133
0.042080 0.611211 5.917734
0.200242 0.556246 5.822165
0.211875 0.620046 5.851559
0.203953 0.646512 5.853665
0.075494 0.534720 5.897347
0.063845 0.553073 5.909669
0.181554 0.539593 5.818890
0.140327 0.515218 5.846566
0.054934 0.568482 5.916211
0.191230 0.680083 5.834881
0.179130 0.697535 5.833435
0.164223 0.715092 5.827611
0.114098 0.739775 5.837174
0.086267 0.740671 5.828182
0.044949 0.533133 5.853317
0.040480 0.529815 5.845395
0.032385 0.531423 5.845886
0.032471 0.537266 5.857574
0.126579 0.515870 5.765396
0.105926 0.508819 5.768537
0.067275 0.502299 5.770041
0.049898 0.501465 5.768161
0.185550 0.547593 5.749847
0.085969 0.505276 5.770072
0.168451 0.534984 5.756678
0.147525 0.524829 5.761461
0.265721 0.686201 6.405309
0.272641 0.696132 6.429027
0.270095 0.707713 6.420776
0.261554 0.696600 6.397841
0.271309 0.716039 6.378620
0.262923 0.710287 6.386367
0.284288 0.718202 6.373184
0.287058 0.732215 6.396641
0.298621 0.728505 6.396972
0.297370 0.716185 6.372332
0.306045 0.710315 6.374922
0.315196 0.714662 6.403301
0.319305 0.700671 6.412069
0.319204 0.687810 6.389139
0.313297 0.701462 6.379696
0.317305 0.673373 6.402204
0.318979 0.685749 6.424325
0.307284 0.664394 6.413341
0.274110 0.675439 6.412622
0.279315 0.683315 6.437263
0.275342 0.729384 6.401505
0.269287 0.722310 6.409870
0.260150 0.703793 6.392910
0.270038 0.715252 6.414992
0.273641 0.717227 6.446836
0.270400 0.704072 6.455996
0.277342 0.744066 6.424609
0.275743 0.734599 6.433120
0.300266 0.740865 6.421099
0.288290 0.747731 6.418537
0.321491 0.728725 6.425200
0.307693 0.722057 6.399637
0.311168 0.734733 6.423109
0.324933 0.714490 6.433168
0.324292 0.696407 6.446653
0.282113 0.689675 6.462787
0.275831 0.726605 6.439806
0.394304 0.629089 6.583822
0.388283 0.626435 6.586495
0.388788 0.624978 6.581522
0.392478 0.627139 6.580253
0.364828 0.609200 6.596111
0.353532 0.608806 6.599731
0.354651 0.603213 6.592112
0.363184 0.603166 6.589645
0.379767 0.615044 6.592372
0.386544 0.618070 6.590204
0.383643 0.621763 6.592664
0.379493 0.619893 6.593870
0.401567 0.657428 6.565269
0.405153 0.661254 6.563585
0.404154 0.663795 6.566304
0.401145 0.660993 6.568149
0.397278 0.640239 6.577893
0.401337 0.644402 6.576026
0.399549 0.646791 6.578323
0.396695 0.644838 6.580142
0.356512 0.620537 6.576196
0.361593 0.609888 6.582587
0.349510 0.609605 6.586660
0.342147 0.618235 6.577450
0.342373 0.614395 6.594298
0.348535 0.620921 6.596221
0.341390 0.632158 6.591060
0.334471 0.625646 6.586318
0.360748 0.623006 6.594511
0.355559 0.632882 6.588986
0.363241 0.627874 6.581913
0.370109 0.616844 6.587594
0.380241 0.632331 6.577959
0.387508 0.624786 6.583865
0.382339 0.619236 6.580940
0.375357 0.626770 6.573357
0.375515 0.616050 6.583481
0.366307 0.622471 6.576828
0.363670 0.626666 6.584877
0.370583 0.617353 6.590466
0.374083 0.624443 6.592373
0.366811 0.633339 6.587087
0.374822 0.635959 6.584084
0.381768 0.628141 6.589677
0.387341 0.637719 6.567330
0.391071 0.631410 6.575985
0.385143 0.628522 6.578357
0.379273 0.633389 6.571275
0.381746 0.630263 6.585164
0.385501 0.635242 6.586428
0.380552 0.642416 6.581264
0.376611 0.636625 6.579706
0.388345 0.645769 6.578048
0.392029 0.637778 6.584488
0.392095 0.642302 6.572043
0.395833 0.635590 6.579243
0.400307 0.656968 6.563496
0.402166 0.650482 6.571548
0.399844 0.645879 6.567628
0.396771 0.651960 6.558813
0.395017 0.642559 6.568758
0.391002 0.647076 6.562459
0.391705 0.642523 6.574028
0.393243 0.648641 6.578216
0.391293 0.654334 6.573000
0.389955 0.647388 6.569014
0.399014 0.652414 6.576212
0.397216 0.659428 6.569903
0.402359 0.668551 6.548689
0.403015 0.674004 6.552666
0.406583 0.666931 6.558555
0.405377 0.662677 6.554846
0.400443 0.658623 6.557109
0.398163 0.662808 6.551951
0.397617 0.659860 6.562117
0.398195 0.664829 6.566582
0.396358 0.669849 6.562730
0.397130 0.663964 6.557878
0.403406 0.668554 6.564420
0.400406 0.674657 6.558949
0.335615 0.628082 6.569275
0.353948 0.632163 6.569353
0.354163 0.614243 6.599067
0.329313 0.636676 6.579585
0.360927 0.615364 6.597824
0.353613 0.643412 6.582510
0.336209 0.643453 6.584212
0.359147 0.632636 6.579632
0.384475 0.615327 6.586036
0.373796 0.639291 6.575561
0.370795 0.649864 6.577557
0.380459 0.613704 6.587374
0.369427 0.638667 6.564250
0.382371 0.650750 6.557584
0.389533 0.630757 6.587961
0.392870 0.632159 6.586662
0.384821 0.660081 6.570755
0.388615 0.649034 6.567183
0.400759 0.642249 6.572413
0.397188 0.663824 6.557792
0.393353 0.672298 6.562605
0.397521 0.640534 6.573052
0.392567 0.663630 6.548531
0.403665 0.660107 6.560404
0.400205 0.682539 6.545649
0.397126 0.683185 6.554782
0.401861 0.657435 6.561133
0.398715 0.674923 6.541364
0.283933 0.667083 6.417761
0.289390 0.674902 6.441605
0.295727 0.662891 6.418524
0.311230 0.675635 6.435399
0.301556 0.672304 6.441141
0.294860 0.679014 6.466353
0.317514 0.684678 6.458280
0.307738 0.677697 6.464082
0.324731 0.742516 6.440703
0.331176 0.729205 6.448217
0.311697 0.748319 6.439041
0.287192 0.762139 6.434554
0.300508 0.755942 6.435949
0.299388 0.680276 6.486459
0.286793 0.695184 6.482648
0.314772 0.677842 6.483000
0.326424 0.687268 6.476101
0.324945 0.637527 6.559677
0.317882 0.653351 6.550490
0.331090 0.649383 6.539746
0.342514 0.640506 6.553940
0.347569 0.656120 6.534745
0.357949 0.648983 6.550420
0.360122 0.667869 6.530696
0.370553 0.659869 6.544893
0.371360 0.679760 6.525825
0.382534 0.671373 6.538188
0.381402 0.692488 6.522574
0.391870 0.683072 6.532659
0.387298 0.703295 6.526120
0.396941 0.692184 6.536359
0.318697 0.648326 6.572371
0.313652 0.664371 6.561684
0.328749 0.658690 6.578317
0.323090 0.675115 6.568844
0.344062 0.663866 6.574089
0.337317 0.680589 6.564929
0.385462 0.708565 6.537823
0.392805 0.695403 6.548288
0.359389 0.671438 6.567453
0.351726 0.687602 6.557560
0.372890 0.681015 6.562007
0.365081 0.696591 6.551695
0.383771 0.689763 6.555864
0.376296 0.704652 6.545686
0.319249 0.660298 6.525891
0.335351 0.662957 6.516721
0.347607 0.675372 6.512438
0.358591 0.689573 6.509517
0.367957 0.704713 6.509994
0.375368 0.716045 6.513595
0.347314 0.703480 6.487682
0.354610 0.721812 6.497160
0.361692 0.731385 6.503922
0.343338 0.739670 6.484869
0.347846 0.748029 6.494019
0.322567 0.770539 6.467944
0.327406 0.780506 6.477089
0.336950 0.765024 6.483762
0.332166 0.756501 6.474790
0.338631 0.725408 6.473353
0.329511 0.742627 6.462523
0.320098 0.755256 6.455338
0.306403 0.796206 6.471176
0.318104 0.790225 6.473006
0.313802 0.780027 6.463487
0.303420 0.787798 6.459363
0.286083 0.791236 6.461191
0.290118 0.798198 6.474648
0.275973 0.782482 6.471807
0.278407 0.790049 6.484139
0.301039 0.771564 6.447273
0.310825 0.764027 6.451704
0.286722 0.775886 6.447178
0.277062 0.768560 6.456460
0.279061 0.755292 6.467455
0.278350 0.767353 6.483470
0.277291 0.775574 6.495115
0.311228 0.671765 6.538497
0.311067 0.682244 6.546909
0.337219 0.682179 6.492842
0.323671 0.670360 6.498733
0.305452 0.675992 6.506848
0.300986 0.688874 6.524884
0.305829 0.701381 6.533348
0.299215 0.720372 6.522257
0.292654 0.710151 6.514769
0.318660 0.691716 6.552093
0.313814 0.709012 6.535320
0.306482 0.727517 6.524493
0.291095 0.737978 6.514208
0.285878 0.728917 6.505531
0.285497 0.751662 6.507415
0.283810 0.743335 6.496609
0.281409 0.754862 6.490327
0.280738 0.763105 6.501911
0.281537 0.734117 6.481189
0.280607 0.744141 6.474329
0.283030 0.719551 6.490842
0.290057 0.699273 6.500007
0.374535 0.722310 6.524666
0.362540 0.736798 6.512488
0.348188 0.752079 6.501836
0.336534 0.769660 6.493601
0.325797 0.783942 6.488048
0.316885 0.791887 6.485042
0.293936 0.796937 6.485365
0.306880 0.797045 6.483197
0.285237 0.791219 6.491791
0.284710 0.780153 6.501400
0.287321 0.770272 6.508341
0.297525 0.745655 6.518258
0.291086 0.759682 6.513572
0.275329 0.711966 6.475899
0.275348 0.725620 6.465913
0.276947 0.735600 6.458531
0.277849 0.756255 6.441902
0.277783 0.744736 6.451615
0.330334 0.698900 6.550330
0.343924 0.705893 6.543789
0.356421 0.713882 6.537753
0.366857 0.719787 6.532191
0.355989 0.735695 6.519194
0.346608 0.731067 6.524214
0.335317 0.724085 6.530478
0.323307 0.716170 6.534477
0.343320 0.751579 6.508815
0.335516 0.748042 6.514020
0.324364 0.742897 6.519838
0.314945 0.734922 6.524275
0.305418 0.752783 6.517884
0.313399 0.759495 6.513003
0.323880 0.763993 6.506836
0.330486 0.767956 6.501144
0.320412 0.780177 6.495492
0.313987 0.775791 6.501037
0.305087 0.771147 6.506909
0.298569 0.765739 6.511675
0.313016 0.787059 6.492496
0.297428 0.792789 6.491203
0.305722 0.791569 6.490578
0.291437 0.789810 6.495285
0.291798 0.782133 6.501426
0.294623 0.774315 6.506830
0.300786 0.777992 6.502762
0.297666 0.783290 6.499224
0.308265 0.781834 6.497654
0.303393 0.786479 6.495057
0.295845 0.787563 6.496088
0.299000 0.789086 6.493910
0.331363 0.706761 6.465405
0.243423 0.481180 6.219227
0.228407 0.484488 6.218791
0.258072 0.479009 6.211421
0.157488 0.527446 5.823495
0.117119 0.495808 5.694106
0.122803 0.475541 5.669593
0.119529 0.486753 5.682172
0.166915 0.520681 5.838046
0.176205 0.477779 5.642532
0.137585 0.348146 5.568569
0.160000 0.209818 5.311603
0.158380 0.212238 5.313816
0.156643 0.214320 5.316681
0.155768 0.217109 5.318611
0.156210 0.219161 5.320554
0.157134 0.220818 5.321507
0.157681 0.215671 5.315540
0.159909 0.219417 5.313590
0.159340 0.217705 5.311769
0.158755 0.213650 5.313915
