v -0.979004 1.723119 1.944376
v -0.978176 1.706708 1.950814
v -0.970618 1.706640 1.938781
v -0.970900 1.719364 1.929954
v -0.969547 1.695760 1.943796
v -0.976524 1.693953 1.952619
v -0.965565 1.703222 1.926671
v -0.966497 1.712105 1.916952
v -0.955318 1.672169 1.909701
v -0.953531 1.669901 1.899608
v -0.956821 1.680984 1.902794
v -0.958605 1.680280 1.912066
v -0.951246 1.647948 1.903194
v -0.952575 1.637053 1.910380
v -0.952011 1.629483 1.899177
v -0.952276 1.639861 1.891291
v -0.975411 1.638510 1.942824
v -0.969343 1.634133 1.939069
v -0.967536 1.641731 1.938636
v -0.974010 1.645413 1.941905
v -0.983702 1.645010 1.952719
v -0.984781 1.650748 1.950054
v -0.988432 1.652602 1.956860
v -0.986222 1.646615 1.959927
v -0.978000 1.631778 1.944112
v -0.972207 1.627474 1.939700
v -0.979828 1.642637 1.946860
v -0.980280 1.637603 1.948526
v -0.977659 1.630347 1.958458
v -0.979521 1.634856 1.957122
v -0.979946 1.634925 1.964577
v -0.978480 1.629541 1.963960
v -0.978794 1.631060 1.948596
v -0.978748 1.633535 1.951514
v -0.978078 1.629737 1.953768
v -0.979550 1.627516 1.951000
v -0.982632 1.640225 1.955034
v -0.983714 1.641019 1.962482
v -0.985892 1.640261 1.969475
v -0.981729 1.632880 1.971382
v -0.959515 1.625215 1.927808
v -0.963643 1.629952 1.934160
v -0.966458 1.623727 1.935402
v -0.962335 1.620127 1.930092
v -0.979409 1.625017 1.946511
v -0.972467 1.611089 1.941166
v -0.973329 1.614935 1.942618
v -0.977584 1.613669 1.947651
v -0.976345 1.610205 1.946429
v -0.955572 1.614527 1.915501
v -0.958702 1.611003 1.920852
v -0.958498 1.605466 1.917552
v -0.955721 1.607106 1.910836
v -0.959343 1.599271 1.915772
v -0.956876 1.600249 1.907668
v -0.961481 1.583257 1.907534
v -0.959067 1.591123 1.906902
v -0.960521 1.592995 1.915959
v -0.962831 1.586617 1.919104
v -0.970307 1.586918 1.930676
v -0.974151 1.583890 1.934204
v -0.969756 1.574266 1.927720
v -0.965905 1.579671 1.923930
v -0.973313 1.607244 1.934208
v -0.971217 1.608619 1.930807
v -0.970313 1.609016 1.934460
v -0.972607 1.608348 1.938924
v -0.968643 1.609165 1.929359
v -0.966977 1.608833 1.928605
v -0.967359 1.610012 1.929355
v -0.968702 1.609335 1.929254
v -0.970200 1.609092 1.929632
v -0.969840 1.607548 1.931809
v -0.969388 1.609216 1.929466
v -0.971241 1.605323 1.935183
v -0.979110 1.598515 1.945186
v -0.976267 1.600190 1.943032
v -0.979221 1.603738 1.941903
v -0.981541 1.602578 1.944065
v -0.968054 1.610602 1.932274
v -0.966694 1.613143 1.931969
v -0.969648 1.614281 1.937011
v -0.969594 1.611074 1.935840
v -0.964966 1.616069 1.931553
v -0.965504 1.611640 1.929059
v -0.963127 1.613593 1.927896
v -0.966842 1.607074 1.928838
v -0.964781 1.606388 1.926544
v -0.965290 1.608606 1.927099
v -0.965524 1.603040 1.926858
v -0.967673 1.604908 1.930093
v -0.969381 1.602202 1.932837
v -0.971794 1.599177 1.936531
v -0.970068 1.595806 1.932518
v -0.967427 1.599603 1.929007
v -0.968671 1.619452 1.937020
v -0.962089 1.609262 1.924507
v -0.959959 1.616629 1.925463
v -0.961893 1.605479 1.922883
v -0.962554 1.600842 1.922280
v -0.964180 1.596030 1.923475
v -0.967021 1.591368 1.926913
v -0.969712 1.568906 1.916949
v -0.965052 1.575034 1.912726
v -0.976710 1.686937 1.949394
v -0.970545 1.688046 1.943965
v -0.969978 1.681491 1.937948
v -0.968474 1.683965 1.937992
v -0.972725 1.683563 1.942629
v -0.972769 1.681388 1.941761
v -0.961512 1.680112 1.918980
v -0.964173 1.680115 1.924255
v -0.963405 1.676989 1.922701
v -0.959306 1.674726 1.916818
v -0.965422 1.667022 1.930339
v -0.963399 1.669979 1.926446
v -0.967503 1.674854 1.930342
v -0.968119 1.672883 1.933899
v -0.970868 1.671151 1.936839
v -0.974152 1.670157 1.939450
v -0.973057 1.664797 1.937030
v -0.968972 1.665384 1.933887
v -0.977074 1.682800 1.945339
v -0.983025 1.680283 1.946973
v -0.982263 1.678179 1.945713
v -0.977448 1.680284 1.944407
v -0.990610 1.669592 1.944772
v -0.990006 1.672042 1.944876
v -0.992585 1.671731 1.946997
v -0.992558 1.667781 1.945667
v -0.990101 1.665821 1.944159
v -0.988662 1.669133 1.943441
v -0.993441 1.742070 1.948134
v -0.989349 1.723593 1.957643
v -0.982245 1.740047 1.932272
v -0.974023 1.732550 1.918249
v -0.968065 1.721032 1.905548
v -0.953503 1.620727 1.908729
v -0.953183 1.612954 1.900788
v -0.952453 1.622078 1.888917
v -0.954138 1.612368 1.883013
v -0.955000 1.603002 1.896616
v -0.964051 1.582491 1.893359
v -0.958457 1.592434 1.893284
v -0.958847 1.601863 1.877800
v -0.960045 1.616128 1.864556
v -0.955682 1.623778 1.872153
v -0.962822 1.631997 1.855851
v -0.967420 1.609081 1.854916
v -0.967806 1.631139 1.848966
v -0.979414 1.574937 1.847155
v -0.978787 1.565939 1.838715
v -0.974081 1.574895 1.828567
v -0.974375 1.584055 1.836695
v -0.953509 1.631855 1.880152
v -0.960620 1.692359 1.897692
v -0.960262 1.689832 1.908684
v -0.956707 1.680857 1.891761
v -0.979090 1.750181 1.888086
v -0.976959 1.743459 1.904616
v -0.969756 1.729891 1.894739
v -0.972829 1.738408 1.880777
v -1.009875 1.775568 1.908406
v -1.000475 1.761070 1.930254
v -0.988136 1.754958 1.917952
v -0.993916 1.766579 1.900115
v -0.975636 1.741704 1.867093
v -0.980827 1.743296 1.850055
v -0.990436 1.757753 1.847860
v -0.984074 1.756747 1.868945
v -1.007963 1.774315 1.846394
v -1.001079 1.774364 1.872727
v -0.970871 1.619156 1.839660
v -0.971588 1.637552 1.840348
v -0.973604 1.594989 1.846298
v -0.972879 1.604373 1.834395
v -1.030439 1.785331 1.845805
v -1.021631 1.785705 1.879021
v -1.001119 1.721009 1.807187
v -0.999355 1.737460 1.815724
v -0.986226 1.727529 1.826965
v -0.988491 1.714275 1.817813
v -1.016937 1.725958 1.796960
v -1.017330 1.745897 1.805801
v -0.998634 1.667521 1.806619
v -0.998655 1.649558 1.810789
v -1.008195 1.649416 1.803221
v -1.010405 1.667757 1.797338
v -0.964659 1.694903 1.934449
v -0.966345 1.688096 1.937750
v -0.964228 1.687065 1.930788
v -0.962388 1.692151 1.925381
v -0.962712 1.697433 1.917023
v -0.963844 1.703112 1.906523
v -0.966968 1.717265 1.886164
v -0.969769 1.726541 1.873915
v -0.975863 1.730963 1.850037
v -0.972131 1.730239 1.863518
v -0.979982 1.716072 1.832134
v -0.981520 1.707816 1.826180
v -0.978944 1.648962 1.829740
v -0.977173 1.627530 1.827231
v -0.987195 1.631136 1.818104
v -0.989229 1.649779 1.818917
v -1.007172 1.632361 1.803141
v -0.997479 1.632148 1.810553
v -0.976805 1.597734 1.815741
v -0.977134 1.586822 1.806491
v -0.984144 1.591653 1.796933
v -0.984567 1.601569 1.806243
v -0.992861 1.593219 1.787178
v -1.002585 1.593695 1.780218
v -1.004332 1.605020 1.790051
v -0.994928 1.604070 1.797019
v -0.992829 1.552274 1.852227
v -0.992733 1.545009 1.845719
v -0.984876 1.550887 1.840103
v -0.985934 1.558365 1.846680
v -0.975820 1.578663 1.796875
v -0.981703 1.584365 1.786885
v -0.988464 1.666846 1.816561
v -0.981082 1.667800 1.824786
v -0.989485 1.584754 1.776965
v -0.996012 1.616392 1.805651
v -0.986439 1.613913 1.812919
v -1.017415 1.631926 1.797093
v -1.020073 1.647652 1.795830
v -0.979840 1.648521 1.945145
v -0.981819 1.664999 1.941791
v -0.982679 1.669060 1.942304
v -0.986556 1.668998 1.942841
v -0.986183 1.665211 1.943069
v -0.997548 1.699187 1.967552
v -0.995094 1.682099 1.964318
v -0.984871 1.689745 1.959859
v -0.987242 1.704115 1.960776
v -0.954992 1.646025 1.922584
v -0.961469 1.647746 1.932533
v -0.961502 1.637727 1.933447
v -0.956823 1.633447 1.925864
v -0.966351 1.679928 1.928037
v -0.965597 1.682037 1.928034
v -0.967253 1.680821 1.930726
v -0.957272 1.620337 1.921873
v -0.954648 1.627470 1.917318
v -0.954421 1.667019 1.887521
v -0.960966 1.687162 1.917405
v -1.031009 1.777742 1.918697
v -1.017757 1.762145 1.944028
v -1.054131 1.790061 1.849582
v -1.043085 1.789483 1.887200
v -1.039129 1.751220 1.798493
v -1.037833 1.727842 1.789118
v -1.058316 1.728804 1.783496
v -1.061217 1.755692 1.791521
v -1.023428 1.664948 1.790238
v -1.012886 1.593058 1.777275
v -1.015520 1.605847 1.785781
v -1.006608 1.741070 1.959043
v -1.001007 1.718593 1.966619
v -0.965601 1.709589 1.895416
v -0.953058 1.663512 1.910533
v -0.957006 1.668238 1.917700
v -0.956737 1.663026 1.921067
v -0.952411 1.655487 1.913532
v -0.951673 1.657829 1.900033
v -0.953710 1.652525 1.887197
v -0.956375 1.647173 1.871995
v -0.958852 1.637334 1.862776
v -0.985283 1.739247 1.835866
v -0.996788 1.750967 1.829251
v -1.013959 1.765379 1.823407
v -1.036604 1.772438 1.817616
v -0.980029 1.729186 1.838606
v -1.060916 1.776141 1.816525
v -0.979246 1.617843 1.948660
v -0.974567 1.620442 1.942602
v -0.981645 1.621656 1.950716
v -0.974877 1.596148 1.940028
v -0.978130 1.594175 1.942415
v -0.977110 1.590039 1.938079
v -0.973292 1.592530 1.935443
v -0.975552 1.566885 1.901365
v -0.969924 1.573264 1.897016
v -0.991895 1.559508 1.860695
v -0.985874 1.565534 1.854948
v -0.980647 1.629759 1.957976
v -0.981391 1.630254 1.959728
v -0.981008 1.630609 1.956279
v -0.981092 1.629683 1.954531
v -0.969285 1.609236 1.931832
v -0.979946 1.608662 1.950188
v -0.982344 1.607422 1.951907
v -0.981992 1.604357 1.949059
v -0.979368 1.605619 1.947409
v -0.967445 1.588872 1.873051
v -0.978010 1.583204 1.856581
v -0.973897 1.579934 1.818111
v -0.973414 1.591077 1.826596
v -0.977057 1.610876 1.822627
v -1.006968 1.618639 1.798574
v -1.016507 1.618466 1.793074
v -1.039165 1.613339 1.794359
v -1.040871 1.622165 1.796970
v -1.029276 1.627773 1.795267
v -1.028412 1.616314 1.791698
v -0.976256 1.574976 1.880360
v -0.981988 1.568425 1.886201
v -0.987401 1.565689 1.872211
v -0.984244 1.572440 1.864065
v -0.984205 1.624935 1.959982
v -0.984816 1.622620 1.961523
v -0.985290 1.621751 1.957871
v -0.983823 1.624795 1.957591
v -0.980491 1.627194 1.953645
v -0.982155 1.626955 1.954001
v -0.982252 1.624882 1.952777
v -0.979262 1.628870 1.958338
v -0.979707 1.628457 1.954894
v -0.981860 1.627206 1.964159
v -0.979993 1.628415 1.962113
v -0.980627 1.626126 1.968533
v -0.984812 1.627200 1.958000
v -0.983767 1.626918 1.956039
v -0.982002 1.628814 1.953583
v -0.983254 1.628591 1.953449
v -0.982118 1.628815 1.962868
v -0.981106 1.629242 1.960821
v -0.989196 1.647340 1.966781
v -0.992836 1.646476 1.971339
v -0.989676 1.638975 1.974029
v -0.986327 1.630718 1.976766
v -0.985000 1.623222 1.972692
v -0.991899 1.560993 1.876164
v -0.997412 1.555470 1.864110
v -1.014155 1.713141 1.973102
v -1.008100 1.694263 1.971383
v -0.969388 1.609372 1.929186
v -0.984154 1.683296 1.952334
v -0.959487 1.658616 1.927234
v -0.974247 1.652288 1.940799
v -0.968047 1.650086 1.937368
v -0.970350 1.657828 1.936662
v -0.975781 1.658639 1.939866
v -0.991270 1.677382 1.954795
v -0.997028 1.670155 1.961231
v -0.994473 1.670949 1.953796
v -0.994043 1.665224 1.951609
v -0.994844 1.661496 1.959594
v -0.990264 1.657800 1.952582
v -0.990939 1.661844 1.947542
v -0.968197 1.681340 1.934455
v -0.966592 1.683316 1.933033
v -0.985697 1.655799 1.947117
v -0.980380 1.654056 1.943460
v -0.981269 1.659457 1.942077
v -0.986486 1.660203 1.944271
v -0.964592 1.657484 1.932725
v -0.962934 1.684378 1.923486
v -0.962909 1.673315 1.923721
v -0.975596 1.672645 1.831504
v -0.974562 1.659296 1.835786
v -0.962744 1.649441 1.847539
v -0.965887 1.642568 1.851149
v -0.968480 1.644751 1.847809
v -0.965541 1.650510 1.845759
v -0.973097 1.705541 1.844486
v -0.974306 1.712170 1.842829
v -0.972182 1.712274 1.849672
v -0.972213 1.706068 1.847649
v -0.970238 1.707620 1.854191
v -0.969609 1.709825 1.857168
v -0.967434 1.702488 1.858000
v -0.969938 1.705348 1.853065
v -0.970190 1.719663 1.859963
v -0.968010 1.713530 1.869607
v -0.967303 1.704132 1.863635
v -0.962770 1.695461 1.884509
v -0.963417 1.687805 1.870621
v -0.965859 1.696990 1.868317
v -0.966136 1.705894 1.877233
v -0.962801 1.646804 1.854729
v -0.960734 1.653784 1.859720
v -0.971330 1.649840 1.842511
v -1.079854 1.723326 1.785035
v -1.089634 1.756363 1.789828
v -1.000229 1.703382 1.803285
v -1.015189 1.706297 1.793274
v -0.988941 1.699399 1.813671
v -0.981954 1.695565 1.823068
v -1.033646 1.708141 1.784931
v -1.054209 1.706899 1.782596
v -0.958218 1.679337 1.879305
v -0.961089 1.675876 1.868070
v -0.998610 1.684826 1.802909
v -1.013119 1.686652 1.793549
v -0.988332 1.683190 1.813488
v -0.981340 1.682966 1.822758
v -1.029178 1.686126 1.785023
v -1.038663 1.660051 1.789703
v -1.045153 1.682942 1.782470
v -0.961861 1.659013 1.850231
v -0.963262 1.655784 1.853436
v -0.963197 1.650499 1.850089
v -0.960109 1.653281 1.849049
v -0.957067 1.664445 1.874695
v -0.960523 1.664291 1.864044
v -0.991565 1.654201 1.963858
v -0.998943 1.660803 1.966129
v -0.995911 1.653862 1.968829
v -1.001472 1.668880 1.965940
v -1.065584 1.786059 1.895958
v -1.050637 1.774301 1.927967
v -1.085208 1.774538 1.821530
v -1.078098 1.787111 1.856621
v -0.977767 1.582040 1.936450
v -0.974273 1.570755 1.930652
v -0.982684 1.616274 1.952575
v -0.984805 1.614560 1.953960
v -0.983595 1.610859 1.952571
v -0.981321 1.612312 1.951183
v -0.989510 1.676482 1.947757
v -1.033784 1.643666 1.794307
v -1.026712 1.604625 1.786278
v -1.024624 1.592535 1.778470
v -0.999174 1.584390 1.770803
v -1.010576 1.582276 1.767943
v -0.985489 1.618075 1.955979
v -0.983672 1.619808 1.954324
v -0.982457 1.629635 1.962395
v -0.976023 1.607120 1.943942
v -0.983736 1.622589 1.955402
v -0.982933 1.625391 1.955935
v -0.986915 1.620076 1.958893
v -0.986877 1.617102 1.956322
v -0.977378 1.664950 1.939843
v -0.978385 1.669712 1.941232
v -0.983169 1.623378 1.965060
v -0.983958 1.625785 1.963143
v -0.985931 1.620754 1.966321
v -0.977937 1.557947 1.831774
v -0.973589 1.565523 1.820837
v -0.984134 1.606648 1.952687
v -0.983920 1.603376 1.949806
v -1.036842 1.758028 1.953510
v -1.054625 1.652852 1.793494
v -1.062780 1.675398 1.787807
v -0.964297 1.682896 1.861921
v -0.963935 1.680358 1.855319
v -0.964544 1.687694 1.855549
v -0.965666 1.691369 1.862138
v -0.998643 1.548394 1.855635
v -0.973257 1.572332 1.808563
v -1.022917 1.581106 1.768721
v -0.966220 1.678520 1.927329
v -0.966913 1.676795 1.928142
v -0.987126 1.675187 1.945580
v -1.071210 1.701649 1.786371
v -0.973307 1.602539 1.939212
v -0.976295 1.605503 1.938327
v -1.037328 1.602799 1.789227
v -0.987080 1.564614 1.889866
v -0.985974 1.621047 1.962518
v -1.047339 1.639569 1.797256
v -0.968463 1.696544 1.851572
v -0.964863 1.695534 1.853902
v -0.968179 1.691213 1.851629
v -0.968150 1.691628 1.851610
v -0.963800 1.697455 1.857146
v -0.963736 1.695261 1.853978
v -0.963101 1.699090 1.854327
v -0.964126 1.702035 1.856461
v -0.966406 1.697523 1.860217
v -0.964227 1.692818 1.856433
v -0.963041 1.702091 1.852070
v -0.963458 1.704388 1.853679
v -0.969005 1.705727 1.853997
v -0.970982 1.705131 1.850786
v -0.962382 1.706673 1.849035
v -0.968875 1.708299 1.849495
v -0.961812 1.707416 1.842746
v -0.968056 1.708957 1.842747
v -0.961744 1.706209 1.835862
v -0.967942 1.706185 1.836078
v -0.962801 1.663216 1.856679
v -0.963631 1.665383 1.851786
v -0.961105 1.701263 1.831691
v -0.967821 1.699817 1.831801
v -0.959944 1.694205 1.828239
v -0.966573 1.692435 1.828657
v -0.958805 1.686177 1.827379
v -0.964561 1.684439 1.827553
v -0.958363 1.678107 1.827664
v -0.963045 1.675896 1.828052
v -0.958002 1.670427 1.830269
v -0.961756 1.666248 1.830630
v -0.963345 1.705276 1.843194
v -0.965911 1.702619 1.836844
v -0.973796 1.701519 1.841730
v -0.963554 1.704491 1.848213
v -0.967917 1.687279 1.843394
v -0.969612 1.687454 1.845696
v -0.968598 1.687506 1.844679
v -0.969280 1.686134 1.842255
v -0.962228 1.672627 1.854032
v -0.964300 1.672752 1.852078
v -0.964589 1.677992 1.852228
v -0.965156 1.669039 1.851869
v -0.966148 1.669744 1.851941
v -0.967329 1.672605 1.852071
v -0.969185 1.677829 1.852453
v -0.967945 1.667861 1.848258
v -0.963904 1.668270 1.848407
v -0.969945 1.669334 1.849264
v -0.970575 1.669268 1.849892
v -0.972653 1.672718 1.850111
v -0.971061 1.675530 1.851093
v -0.962972 1.672949 1.859950
v -0.971539 1.675594 1.835503
v -0.970232 1.664637 1.838157
v -0.957789 1.663607 1.834638
v -0.959882 1.657440 1.834369
v -0.958962 1.651931 1.844837
v -0.959102 1.652602 1.839640
v -0.973076 1.696666 1.839732
v -0.972598 1.690530 1.837374
v -0.967982 1.656151 1.841910
v -0.972222 1.683853 1.835848
v -0.959747 1.673429 1.832693
v -0.959687 1.669159 1.836413
v -0.960265 1.679240 1.830490
v -0.961342 1.665423 1.846848
v -0.960209 1.658854 1.844948
v -0.958501 1.659670 1.839507
v -0.959984 1.666513 1.841402
v -0.959360 1.676233 1.836365
v -0.960685 1.672495 1.839138
v -0.963731 1.678270 1.836552
v -0.967806 1.674259 1.842288
v -0.967967 1.670737 1.845715
v -0.962471 1.669692 1.843568
v -0.968081 1.676005 1.844152
v -0.968886 1.680412 1.842175
v -0.969621 1.671510 1.848234
v -0.961981 1.681814 1.836678
v -0.961116 1.685879 1.837597
v -0.963357 1.687499 1.840459
v -0.966125 1.684064 1.839187
v -0.961656 1.685506 1.830074
v -0.960990 1.685202 1.833650
v -0.959327 1.680546 1.834179
v -0.962998 1.690592 1.834239
v -0.963630 1.692132 1.830803
v -0.962346 1.690355 1.837111
v -0.962659 1.690541 1.840666
v -0.965136 1.699520 1.839016
v -0.964631 1.695465 1.836265
v -0.965096 1.698467 1.833059
v -0.963722 1.693803 1.838764
v -0.964331 1.696919 1.840901
v -0.964006 1.694425 1.842711
v -0.963421 1.693353 1.840370
v -0.964650 1.700790 1.851767
v -0.964939 1.698532 1.853318
v -0.965823 1.702410 1.847553
v -0.966557 1.702141 1.849588
v -0.965794 1.699514 1.847791
v -0.967035 1.700682 1.850402
v -0.966625 1.696601 1.848450
v -0.967103 1.692793 1.849477
v -0.990673 1.531562 1.836003
v -0.991819 1.537931 1.839241
v -1.000823 1.534114 1.841485
v -1.000471 1.527763 1.837719
v -0.965139 1.695170 1.845705
v -0.964798 1.698596 1.844398
v -0.965493 1.701977 1.843018
v -0.965279 1.689955 1.844804
v -0.964519 1.689623 1.843149
v -0.964297 1.691580 1.843295
v -0.965502 1.692073 1.845836
v -0.965068 1.683315 1.852127
v -0.968630 1.683332 1.848535
v -0.968553 1.681527 1.845891
v -0.966181 1.530342 1.817593
v -0.956502 1.540771 1.804290
v -0.962244 1.545003 1.803578
v -0.970508 1.536819 1.816339
v -0.957168 1.515432 1.833152
v -0.949657 1.499108 1.842225
v -0.940749 1.510445 1.837694
v -0.944672 1.530195 1.819035
v -0.933745 1.492690 1.851110
v -0.941792 1.482458 1.852922
v -0.915555 1.441951 1.877057
v -0.920807 1.458179 1.869674
v -0.932039 1.452210 1.872793
v -0.927813 1.436582 1.880239
v -0.878165 1.369178 1.888786
v -0.886752 1.368325 1.894627
v -0.889626 1.351023 1.890656
v -0.879288 1.350052 1.882910
v -0.894928 1.492859 1.854877
v -0.886571 1.486746 1.851107
v -0.895502 1.508574 1.853860
v -0.904535 1.513752 1.853804
v -0.935600 1.564132 1.777633
v -0.942717 1.563552 1.775370
v -0.945178 1.549652 1.792438
v -0.939712 1.550037 1.797629
v -0.853732 1.397138 1.848681
v -0.860450 1.404550 1.858867
v -0.858809 1.390424 1.862779
v -0.853327 1.381981 1.853495
v -0.861171 1.303400 1.832113
v -0.871521 1.300216 1.845036
v -0.866992 1.282231 1.844555
v -0.857164 1.284302 1.829869
v -0.838936 1.333302 1.781128
v -0.839501 1.313144 1.776654
v -0.839847 1.314409 1.755658
v -0.838306 1.335631 1.760950
v -0.897123 1.450242 1.869106
v -0.904067 1.468238 1.863214
v -0.911093 1.463304 1.866237
v -0.905264 1.446463 1.873308
v -0.854402 1.599541 1.963543
v -0.860582 1.591260 1.941281
v -0.859517 1.578751 1.948956
v -0.853438 1.586697 1.971161
v -0.835472 1.212714 1.787520
v -0.833018 1.197637 1.793043
v -0.837052 1.194126 1.773956
v -0.839703 1.210507 1.768701
v -0.900759 1.584215 1.846585
v -0.892938 1.599708 1.830119
v -0.898027 1.598288 1.822058
v -0.905987 1.583178 1.839800
v -0.874621 1.452318 1.848236
v -0.879319 1.468570 1.848629
v -0.888087 1.474403 1.855049
v -0.882137 1.456191 1.855934
v -0.834090 1.374240 1.765953
v -0.834476 1.394773 1.767560
v -0.834407 1.392123 1.783585
v -0.833914 1.371634 1.783885
v -0.835293 1.351800 1.783212
v -0.835480 1.353884 1.763713
v -0.886724 1.455644 1.860641
v -0.894874 1.475807 1.858986
v -0.899337 1.472684 1.860881
v -0.891175 1.453274 1.864797
v -0.896066 1.336179 1.883407
v -0.883508 1.334408 1.873972
v -0.833145 1.200022 1.813477
v -0.835470 1.214174 1.807703
v -0.840184 1.214736 1.827092
v -0.837673 1.201314 1.833191
v -0.889669 1.312918 1.856342
v -0.878085 1.315231 1.847043
v -0.876903 1.325430 1.854725
v -0.888396 1.323314 1.862493
v -0.846619 1.202416 1.851241
v -0.849078 1.214796 1.844440
v -0.860647 1.214614 1.859277
v -0.857900 1.202687 1.866917
v -0.926780 1.475190 1.861288
v -0.936267 1.467284 1.863514
v -0.865060 1.373889 1.875653
v -0.870577 1.371132 1.882219
v -0.870578 1.351991 1.875279
v -0.863856 1.355679 1.868442
v -0.864743 1.462958 1.827240
v -0.867461 1.479844 1.833085
v -0.883206 1.500276 1.849883
v -0.875761 1.476355 1.842454
v -0.831200 1.180924 1.779293
v -0.826852 1.185013 1.798875
v -0.842678 1.192028 1.858203
v -0.854346 1.192891 1.874647
v -0.841261 1.492142 1.821637
v -0.846815 1.491741 1.826035
v -0.843833 1.478860 1.810684
v -0.839289 1.479974 1.803517
v -0.920010 1.362625 1.900469
v -0.909811 1.345078 1.893191
v -0.901015 1.359061 1.897890
v -0.909260 1.374116 1.901510
v -0.865897 1.340740 1.859287
v -0.874014 1.336565 1.866508
v -0.866895 1.329950 1.847637
v -0.931102 1.350965 1.895552
v -0.920768 1.329928 1.882828
v -0.948321 1.458756 1.865124
v -0.944816 1.445182 1.874346
v -0.953596 1.473592 1.856036
v -0.960139 1.488350 1.848060
v -0.972293 1.479417 1.851912
v -0.966005 1.464557 1.859440
v -0.967478 1.503182 1.841935
v -0.978699 1.493995 1.847265
v -0.977491 1.521930 1.828791
v -0.980636 1.529326 1.827141
v -0.870816 1.459550 1.838779
v -0.866394 1.444695 1.837671
v -0.832783 1.190608 1.839983
v -0.888912 1.517626 1.712728
v -0.878956 1.527526 1.726698
v -0.874136 1.512953 1.723660
v -0.887467 1.503411 1.707980
v -0.936068 1.555189 1.800998
v -0.931598 1.568152 1.779453
v -0.835349 1.491524 1.785749
v -0.836830 1.484257 1.783890
v -0.843806 1.475008 1.762434
v -0.842295 1.483405 1.766080
v -0.834633 1.497563 1.820697
v -0.831918 1.502962 1.823836
v -0.823693 1.515380 1.847946
v -0.826639 1.510882 1.846939
v -0.846210 1.190977 1.756836
v -0.849496 1.207659 1.751756
v -0.864602 1.351875 1.711233
v -0.859322 1.374901 1.716383
v -0.848281 1.365970 1.730162
v -0.852597 1.343962 1.726225
v -0.991185 1.465434 1.701795
v -0.970124 1.473447 1.698280
v -0.968684 1.460640 1.694440
v -0.989091 1.452385 1.697590
v -0.926958 1.507550 1.697928
v -0.949157 1.495009 1.697829
v -0.950753 1.505216 1.701499
v -0.929934 1.519680 1.701979
v -0.905436 1.506657 1.700790
v -0.905588 1.492473 1.697363
v -0.838935 1.379174 1.749221
v -0.838300 1.399471 1.753613
v -0.837423 1.430063 1.757487
v -0.837412 1.441282 1.761820
v -0.835324 1.438650 1.772885
v -0.835158 1.427542 1.770028
v -0.950351 1.564286 1.775115
v -0.943312 1.569061 1.756818
v -0.953201 1.569612 1.757578
v -0.978274 1.542480 1.726865
v -0.970172 1.548797 1.729869
v -0.963562 1.543981 1.724800
v -0.975804 1.536175 1.722720
v -0.957110 1.398793 1.677662
v -0.951690 1.375233 1.677840
v -0.973634 1.370802 1.679136
v -0.979010 1.392070 1.677893
v -0.840001 1.455655 1.762174
v -0.842487 1.460944 1.759639
v -0.838700 1.472747 1.777624
v -0.837852 1.467707 1.778159
v -0.845828 1.450630 1.747857
v -0.841449 1.445120 1.753087
v -0.841566 1.434416 1.747766
v -0.847277 1.439889 1.740113
v -0.854825 1.395436 1.723725
v -0.850297 1.413167 1.730059
v -0.843222 1.406322 1.741778
v -0.845664 1.387159 1.735703
v -0.966640 1.290422 1.690935
v -0.968471 1.315517 1.683491
v -0.950113 1.316915 1.681951
v -0.950005 1.289145 1.687265
v -0.856728 1.512054 1.854224
v -0.853605 1.520535 1.873741
v -0.863957 1.525948 1.875369
v -0.865271 1.518688 1.860485
v -0.813828 1.533738 1.849282
v -0.814239 1.538572 1.845993
v -0.810371 1.547109 1.856646
v -0.809344 1.542511 1.859159
v -0.839449 1.523652 1.896223
v -0.833496 1.530757 1.918835
v -0.844721 1.535335 1.916396
v -0.849921 1.527792 1.894098
v -0.917575 1.575949 1.757872
v -0.924648 1.575012 1.757052
v -0.926134 1.571627 1.781307
v -0.829297 1.512693 1.872132
v -0.823794 1.514217 1.870282
v -0.816624 1.521220 1.891249
v -0.823081 1.519134 1.894577
v -0.848119 1.611278 1.954642
v -0.854922 1.603379 1.932619
v -0.817160 1.536361 1.940517
v -0.824027 1.527855 1.919753
v -0.815550 1.527911 1.917274
v -0.807254 1.536511 1.938475
v -0.857765 1.322582 1.722921
v -0.871066 1.329058 1.709032
v -0.874167 1.181911 1.730548
v -0.880346 1.203421 1.725312
v -0.864749 1.205423 1.736341
v -0.859135 1.185921 1.741874
v -0.841666 1.174371 1.761373
v -0.869080 1.162866 1.737331
v -0.854203 1.168507 1.747588
v -0.971172 1.573029 1.767337
v -0.961710 1.571183 1.760695
v -0.971476 1.568113 1.749623
v -0.981707 1.572455 1.757153
v -0.791752 1.077343 1.800432
v -0.783255 1.092002 1.820650
v -0.775402 1.070742 1.831987
v -0.787609 1.053883 1.813056
v -0.997074 1.553940 1.738411
v -1.003802 1.562577 1.746876
v -0.992548 1.568153 1.751311
v -0.983505 1.561695 1.742713
v -0.797069 1.101069 1.790870
v -0.789803 1.112678 1.811868
v -0.964970 1.567619 1.781483
v -0.957013 1.565708 1.776502
v -0.965506 1.559047 1.794792
v -0.957697 1.555331 1.790880
v -0.968244 1.551367 1.807720
v -0.780319 1.103236 1.843932
v -0.770918 1.086225 1.855166
v -0.985313 1.578276 1.767975
v -0.996069 1.576462 1.761710
v -1.008786 1.572398 1.757972
v -1.022368 1.570806 1.758249
v -1.035540 1.569841 1.761774
v -1.035928 1.578250 1.770241
v -0.823774 1.167805 1.785718
v -0.832842 1.160220 1.767092
v -0.821815 0.934434 1.850152
v -0.812220 0.932028 1.869798
v -0.842382 0.920500 1.874699
v -0.848813 0.923600 1.852952
v -0.916365 0.925540 1.862234
v -0.881134 0.921161 1.858548
v -0.875691 0.919687 1.881268
v -0.910118 0.927080 1.888380
v -0.931504 1.016106 1.765214
v -0.933592 1.039385 1.757821
v -0.906730 1.039779 1.753059
v -0.903855 1.016567 1.758652
v -0.846355 1.151683 1.752053
v -0.861635 1.144489 1.741565
v -0.821113 1.174002 1.805512
v -0.725033 1.020072 1.938559
v -0.714150 1.000117 1.962259
v -0.720529 0.975013 1.938251
v -0.729749 0.994176 1.914856
v -0.764551 0.928594 1.911855
v -0.793392 0.914570 1.912010
v -0.800222 0.926913 1.893659
v -0.769932 0.944565 1.892255
v -0.866879 1.193296 1.889701
v -0.864105 1.183719 1.898240
v -0.851650 1.183180 1.882261
v -0.909265 1.193473 1.921542
v -0.908718 1.184856 1.931165
v -0.892497 1.184643 1.922639
v -0.893049 1.193592 1.912844
v -0.895003 1.105635 1.963581
v -0.895084 1.122258 1.951977
v -0.908636 1.122186 1.959394
v -0.908266 1.105073 1.966136
v -0.783762 1.114784 1.868195
v -0.793410 1.127151 1.859097
v -0.804673 1.132616 1.880127
v -0.795251 1.122339 1.889658
v -0.870301 0.922550 1.904982
v -0.902593 0.933434 1.912653
v -0.733209 1.042754 1.963725
v -0.720909 1.023068 1.985398
v -0.737578 1.037428 2.007149
v -0.750897 1.056057 1.985012
v -0.776437 1.058403 2.000487
v -0.763986 1.041042 2.023295
v -0.896992 1.027114 1.978560
v -0.891500 1.020406 1.978161
v -0.879865 1.046437 1.976166
v -0.890307 1.054641 1.976243
v -0.923158 0.941490 1.818866
v -0.892991 0.937882 1.813826
v -0.887393 0.927103 1.835444
v -0.920342 0.931227 1.838434
v -0.878338 1.138406 1.735641
v -0.885000 1.158847 1.731153
v -0.901004 1.154677 1.729244
v -0.906147 1.177611 1.720680
v -0.889427 1.179173 1.723983
v -0.905452 1.342069 1.688347
v -0.898065 1.367239 1.689388
v -0.879987 1.358195 1.698774
v -0.886791 1.335175 1.697079
v -0.948981 1.483129 1.694390
v -0.948259 1.470535 1.691139
v -0.829204 0.911261 1.918471
v -0.812802 0.898119 1.938603
v -0.843118 0.903914 1.949177
v -0.867466 0.923035 1.926992
v -0.754836 0.914681 1.935156
v -0.737588 0.951027 1.921538
v -0.731034 0.933483 1.943059
v -0.704021 0.982781 1.984972
v -0.711853 0.957610 1.962112
v -0.725646 1.018313 2.030245
v -0.752231 1.021815 2.045130
v -0.845804 0.997357 2.022156
v -0.834965 0.980047 2.036315
v -0.811704 0.998273 2.044792
v -0.822465 1.015813 2.028533
v -0.859938 1.104648 1.950884
v -0.846359 1.091887 1.955139
v -0.825562 1.104977 1.936146
v -0.834268 1.116403 1.926902
v -0.894523 1.203188 1.904069
v -0.907051 1.201710 1.911269
v -0.869990 1.202925 1.881761
v -0.882588 1.203520 1.894612
v -0.880164 1.193947 1.902920
v -0.905173 1.263086 1.883545
v -0.903309 1.246955 1.887753
v -0.888879 1.246650 1.877188
v -0.889831 1.263176 1.873276
v -0.891564 1.280942 1.870277
v -0.907536 1.280447 1.879887
v -0.919462 1.314222 1.871150
v -0.903658 1.313063 1.864549
v -0.902782 1.324168 1.871671
v -0.961087 1.449817 1.866959
v -0.957320 1.436573 1.875186
v -0.770196 1.101155 1.881872
v -0.884161 0.937362 1.952109
v -0.864344 0.916034 1.968247
v -0.869912 0.931051 1.989297
v -0.885155 0.949471 1.975839
v -0.788634 1.119905 1.835556
v -0.827146 1.188550 1.820248
v -0.822424 1.178257 1.826616
v -0.845441 1.334394 1.807912
v -0.844039 1.312709 1.799119
v -0.895221 1.369880 1.898181
v -0.898650 1.381976 1.899021
v -0.745881 0.968461 1.897446
v -0.716067 0.999148 2.052187
v -0.742536 1.002267 2.065963
v -0.734363 0.982259 2.087662
v -0.707519 0.980184 2.073847
v -0.836305 0.944440 2.040117
v -0.819563 0.924845 2.056503
v -0.807746 0.941812 2.069669
v -0.822297 0.960925 2.051789
v -0.802655 0.907044 2.075639
v -0.788169 0.889280 2.094458
v -0.780626 0.903472 2.109688
v -0.792973 0.923136 2.089612
v -0.709285 1.003683 2.007408
v -0.688728 0.947280 2.029272
v -0.697054 0.964580 2.006180
v -0.700247 0.984795 2.029840
v -0.691369 0.966743 2.051948
v -0.781325 0.902466 1.934917
v -0.863040 0.979837 2.013014
v -0.851319 0.963050 2.024864
v -0.825373 0.894637 2.028497
v -0.847446 0.912979 2.010151
v -0.840417 0.896951 1.991072
v -0.818188 0.880027 2.011039
v -0.732545 0.889918 1.982096
v -0.742692 0.902635 1.960052
v -0.721108 0.920354 1.968516
v -0.711670 0.907076 1.991645
v -0.704402 0.942100 1.985764
v -0.696506 0.926378 2.008693
v -0.672172 0.914698 2.076302
v -0.680197 0.930637 2.052453
v -0.683743 0.949058 2.075193
v -0.677338 0.931229 2.098954
v -0.678327 0.895772 2.053934
v -0.687398 0.910754 2.031142
v -0.691639 0.880185 2.038335
v -0.701723 0.893326 2.015020
v -0.710932 0.867684 2.029135
v -0.721548 0.879010 2.006150
v -0.730364 0.856701 2.025225
v -0.742369 0.866439 2.003110
v -0.763902 0.859850 2.006495
v -0.749472 0.850431 2.027655
v -0.767433 0.849608 2.036188
v -0.784132 0.859852 2.015004
v -0.789630 0.862921 2.064001
v -0.805833 0.878380 2.046821
v -0.798912 0.866048 2.029172
v -0.781561 0.853528 2.048379
v -0.742963 0.805638 2.111892
v -0.752939 0.818945 2.104742
v -0.740449 0.819663 2.093053
v -0.730906 0.807662 2.101056
v -0.718545 0.809327 2.091850
v -0.726926 0.821494 2.084775
v -0.712384 0.823531 2.077624
v -0.703866 0.811767 2.085450
v -0.679782 0.834818 2.083917
v -0.671826 0.820145 2.093094
v -0.687585 0.815402 2.085412
v -0.695950 0.827889 2.076556
v -0.662463 0.842971 2.094181
v -0.655699 0.826689 2.105242
v -0.651898 0.851372 2.112147
v -0.647726 0.832520 2.123714
v -0.652642 0.861200 2.136601
v -0.649994 0.838677 2.148139
v -0.750284 0.840215 2.149457
v -0.759415 0.831683 2.134849
v -0.752695 0.811593 2.141063
v -0.745386 0.818294 2.156652
v -0.721136 0.859429 2.176957
v -0.715494 0.830470 2.179849
v -0.695870 0.842535 2.192418
v -0.699163 0.872698 2.187549
v -0.664487 0.898773 2.100029
v -0.669345 0.881673 2.076779
v -0.681819 0.868216 2.060178
v -0.700118 0.856666 2.050446
v -0.776311 0.847567 2.079275
v -0.766813 0.840875 2.064848
v -0.769110 0.882813 2.126965
v -0.776960 0.870176 2.110829
v -0.681098 0.900881 2.162952
v -0.664488 0.894063 2.143832
v -0.671522 0.913177 2.121540
v -0.689429 0.920806 2.140328
v -0.660665 0.867521 2.096112
v -0.671993 0.856143 2.079058
v -0.689361 0.846068 2.068714
v -0.722977 0.833032 2.064189
v -0.706072 0.837669 2.062953
v -0.738195 0.830912 2.071096
v -0.764278 0.832252 2.092889
v -0.752965 0.829917 2.079508
v -0.758400 0.861535 2.139961
v -0.767379 0.850876 2.123989
v -0.670445 0.848981 2.188940
v -0.651543 0.846323 2.170150
v -0.656725 0.872420 2.161506
v -0.673219 0.877876 2.181887
v -0.670114 0.818814 2.188540
v -0.692761 0.814609 2.191442
v -0.697712 0.795151 2.089363
v -0.711645 0.792874 2.094595
v -0.681995 0.798258 2.089704
v -0.645053 0.809316 2.132978
v -0.650977 0.806111 2.109594
v -0.646706 0.812350 2.156367
v -0.651881 0.820465 2.174857
v -0.737265 0.768763 2.140856
v -0.731464 0.771235 2.156252
v -0.739149 0.796795 2.157349
v -0.744521 0.792339 2.142124
v -0.731044 0.766938 2.113038
v -0.733052 0.789673 2.116257
v -0.722922 0.791501 2.105239
v -0.722919 0.768089 2.099455
v -0.693118 0.772712 2.086041
v -0.709717 0.769882 2.090023
v -0.676149 0.776125 2.086453
v -0.647207 0.780932 2.112118
v -0.659234 0.778992 2.094186
v -0.665282 0.802341 2.096180
v -0.641858 0.782680 2.139977
v -0.646135 0.751093 2.166958
v -0.636382 0.753075 2.142416
v -0.650771 0.782097 2.166100
v -0.663845 0.654024 2.179628
v -0.663756 0.619943 2.180001
v -0.645120 0.623181 2.171981
v -0.643098 0.656808 2.171324
v -0.735698 0.740223 2.139332
v -0.727885 0.743361 2.154902
v -0.723694 0.740528 2.094315
v -0.733273 0.739033 2.108741
v -0.636294 0.722745 2.112620
v -0.649418 0.721645 2.090425
v -0.653687 0.751894 2.091767
v -0.641432 0.753010 2.113312
v -0.727427 0.649172 2.161175
v -0.729984 0.681314 2.159482
v -0.738893 0.678427 2.141598
v -0.736194 0.646482 2.144038
v -0.724012 0.709721 2.091370
v -0.722855 0.677934 2.091588
v -0.734281 0.676680 2.107920
v -0.734645 0.708378 2.107020
v -0.635292 0.657032 2.119189
v -0.645894 0.654822 2.098224
v -0.646670 0.689085 2.092138
v -0.634566 0.690641 2.114147
v -0.643864 0.720777 2.168530
v -0.642354 0.689170 2.169578
v -0.631679 0.691340 2.143708
v -0.632397 0.722802 2.142192
v -0.666829 0.717331 2.178357
v -0.664653 0.686498 2.179149
v -0.717484 0.579662 2.150519
v -0.711590 0.579991 2.164318
v -0.719521 0.614983 2.162774
v -0.726913 0.613467 2.147047
v -0.718470 0.645304 2.096134
v -0.711085 0.612275 2.104601
v -0.721712 0.611972 2.117588
v -0.730806 0.644498 2.110655
v -0.639061 0.584660 2.133224
v -0.649452 0.582529 2.115471
v -0.646926 0.618889 2.106486
v -0.637140 0.621546 2.125541
v -0.646717 0.586293 2.173043
v -0.636573 0.586290 2.154867
v -0.633708 0.623590 2.150949
v -0.663521 0.583923 2.180295
v -0.662261 0.549422 2.183083
v -0.648230 0.551065 2.176600
v -0.710644 0.546633 2.154564
v -0.703354 0.547449 2.166393
v -0.709105 0.546085 2.133322
v -0.714035 0.578866 2.125882
v -0.705073 0.579229 2.114112
v -0.701630 0.546465 2.121999
v -0.675339 0.579031 2.102548
v -0.674208 0.545825 2.112096
v -0.689398 0.546036 2.113656
v -0.691971 0.578598 2.104668
v -0.653406 0.548438 2.123433
v -0.663785 0.546558 2.114887
v -0.662686 0.579790 2.104070
v -0.642083 0.550568 2.139618
v -0.639213 0.550999 2.159348
v -0.903789 0.961908 1.950120
v -0.894210 0.955848 1.947798
v -0.892220 0.964965 1.971213
v -0.896883 0.975663 1.971472
v -0.787629 0.959770 2.082825
v -0.799803 0.979399 2.062860
v -0.766629 0.918697 2.123021
v -0.776619 0.939341 2.103705
v -0.755456 0.896403 2.140716
v -0.736989 0.847771 2.163580
v -0.744516 0.872786 2.155044
v -0.732824 0.822933 2.168113
v -0.726624 0.799442 2.170122
v -0.718701 0.773166 2.170328
v -0.712933 0.715673 2.169935
v -0.714337 0.744996 2.168541
v -0.729028 0.712682 2.157020
v -0.709944 0.651517 2.174707
v -0.712749 0.684144 2.172759
v -0.699053 0.580017 2.175187
v -0.704931 0.616120 2.175287
v -0.691283 0.547359 2.175626
v -0.815864 1.061744 1.990895
v -0.826714 1.073242 1.974052
v -0.845994 1.055437 1.985790
v -0.838614 1.044585 1.998121
v -0.906411 1.000460 1.971713
v -0.902987 0.995893 1.971045
v -0.897703 1.006203 1.975453
v -0.901902 1.010752 1.975399
v -0.658155 0.881400 2.120533
v -0.717936 0.847530 2.045841
v -0.752366 0.840015 2.054884
v -0.735798 0.841607 2.047153
v -0.728111 0.886690 2.168748
v -0.704737 0.898559 2.171868
v -0.713029 0.920048 2.151226
v -0.736321 0.910330 2.150976
v -0.670030 0.743965 2.177899
v -0.693482 0.744767 2.177589
v -0.691168 0.715994 2.176360
v -0.671134 0.770251 2.180006
v -0.671084 0.749477 2.081154
v -0.689641 0.746407 2.079973
v -0.706947 0.713005 2.080545
v -0.707801 0.743668 2.084611
v -0.686935 0.716331 2.075160
v -0.753339 0.953179 2.112679
v -0.745459 0.932496 2.132313
v -0.720777 0.940807 2.130646
v -0.727395 0.961598 2.109557
v -0.883317 1.226627 1.720898
v -0.868217 1.225993 1.731695
v -0.852206 1.357661 1.845454
v -0.858139 1.346898 1.851577
v -0.859015 1.336595 1.838565
v -0.850002 1.347348 1.829538
v -0.845187 1.360914 1.825186
v -0.848549 1.370804 1.840820
v -0.842800 1.376952 1.821674
v -0.847390 1.386284 1.836358
v -0.854871 1.457483 1.816576
v -0.855934 1.470587 1.821562
v -0.935678 1.310365 1.876236
v -0.929866 1.295525 1.880953
v -0.912626 1.297417 1.875576
v -0.878202 1.184360 1.912376
v -0.862731 1.125376 1.931397
v -0.880485 1.123704 1.942693
v -0.881290 1.104606 1.956188
v -0.905928 1.049543 1.980946
v -0.914041 1.032753 1.981903
v -0.914466 1.012668 1.978073
v -0.915807 1.001086 1.972879
v -0.931990 1.287623 1.687565
v -0.931026 1.316605 1.683747
v -0.993324 1.477103 1.705944
v -0.971159 1.484958 1.702023
v -0.975576 1.503776 1.709374
v -0.996984 1.496467 1.712927
v -1.000060 1.505460 1.716521
v -0.979655 1.512089 1.713108
v -1.019657 1.560849 1.748275
v -1.015168 1.549024 1.739411
v -0.909223 0.985509 1.963099
v -0.908614 0.978195 1.959908
v -0.900091 0.991963 1.972373
v -0.852320 1.014023 2.011013
v -0.857735 1.025661 2.000870
v -0.873627 1.007277 1.996766
v -0.869478 0.995458 2.004705
v -0.741935 1.014993 1.890435
v -0.738269 1.040025 1.914216
v -0.835420 0.919399 1.897382
v -0.792080 1.558009 1.979410
v -0.799258 1.546664 1.958486
v -0.790405 1.552269 1.954073
v -0.784189 1.564152 1.974404
v -0.933684 1.406257 1.679457
v -0.922693 1.380515 1.681922
v -0.951312 1.552186 1.789625
v -0.915868 1.579357 1.790919
v -0.920815 1.575194 1.785339
v -0.927541 1.564812 1.807223
v -0.923628 1.569393 1.812520
v -0.877007 1.546345 1.738415
v -0.883484 1.539430 1.728171
v -0.889972 1.554351 1.733763
v -0.884165 1.561512 1.744753
v -0.902553 0.993545 1.767092
v -0.930127 0.993896 1.774117
v -0.946316 1.204468 1.710909
v -0.948750 1.231319 1.702275
v -0.931627 1.230101 1.701150
v -0.928860 1.203389 1.709868
v -0.902977 1.401984 1.687452
v -0.888046 1.389473 1.694500
v -0.938888 1.373378 1.899275
v -0.926507 1.382177 1.900374
v -0.932397 1.399673 1.895515
v -0.944439 1.392594 1.895798
v -0.792595 1.559818 1.910540
v -0.792701 1.547452 1.926379
v -0.802086 1.535588 1.906875
v -0.799535 1.543353 1.894500
v -0.780787 0.955108 1.869054
v -0.757221 0.990494 1.871858
v -0.851081 1.270448 1.733636
v -0.853106 1.247457 1.738341
v -0.867623 1.247844 1.723083
v -0.865130 1.272165 1.717579
v -0.843557 1.338828 1.742704
v -0.847147 1.316649 1.738054
v -0.840329 1.358638 1.745957
v -0.837100 1.493518 1.819557
v -0.837052 1.483132 1.799221
v -0.836106 1.487601 1.798091
v -0.830837 1.031934 2.012040
v -0.862208 1.072649 1.969366
v -0.873167 1.080894 1.968067
v -0.911425 0.990361 1.964284
v -0.917609 0.991418 1.965253
v -0.971654 1.558149 1.813543
v -0.970315 1.564787 1.800826
v -0.830618 1.520585 1.896431
v -0.836261 1.513945 1.872812
v -0.836161 1.449296 1.778841
v -0.837862 1.461510 1.789418
v -0.840905 1.461615 1.799304
v -0.838501 1.449563 1.791774
v -0.837105 1.451606 1.768720
v -0.837222 1.463916 1.782334
v -0.903526 1.495351 1.856590
v -0.911274 1.514427 1.852184
v -0.917466 1.511619 1.850507
v -0.908631 1.493007 1.857088
v -0.912704 1.487496 1.856976
v -0.922089 1.506952 1.848846
v -0.927263 1.500648 1.849348
v -0.918534 1.481549 1.858695
v -0.951147 1.537518 1.810495
v -0.961205 1.526012 1.825138
v -0.972564 1.514926 1.835464
v -0.983537 1.506859 1.843068
v -1.009882 1.536160 1.731230
v -0.988820 1.543001 1.729510
v -0.986716 1.530717 1.722754
v -1.005700 1.524833 1.725391
v -1.025231 1.519188 1.727756
v -1.027888 1.530953 1.732933
v -0.974183 1.545488 1.820557
v -0.981971 1.537428 1.829323
v -0.989922 1.523618 1.835522
v -0.838444 1.617232 1.947665
v -0.845203 1.610152 1.925263
v -0.977403 1.577112 1.777737
v -0.972536 1.571637 1.788775
v -0.825381 1.619564 1.942092
v -0.831575 1.612778 1.920225
v -0.930785 1.543397 1.823132
v -0.927386 1.548424 1.826151
v -0.931595 1.559809 1.803314
v -0.976349 1.552177 1.825499
v -0.983278 1.543973 1.833423
v -0.751431 1.042907 1.877506
v -0.750158 1.062745 1.898760
v -0.837422 1.229808 1.782452
v -0.837181 1.230330 1.802405
v -0.939764 1.261653 1.894295
v -0.936995 1.245467 1.899521
v -0.919212 1.246616 1.894574
v -0.921940 1.262427 1.889999
v -0.953616 1.306684 1.879369
v -0.948609 1.292298 1.883516
v -0.999943 1.540742 1.848067
v -0.898162 1.215575 1.897379
v -0.901302 1.231035 1.891914
v -0.917383 1.230325 1.898035
v -0.915259 1.213097 1.904054
v -0.917704 1.199029 1.916378
v -0.917547 1.194532 1.922224
v -0.898006 1.091345 1.971188
v -0.908533 1.090565 1.971782
v -0.879210 1.573436 1.886267
v -0.879194 1.588831 1.876888
v -0.888294 1.586562 1.864436
v -0.886020 1.569425 1.874352
v -0.872492 1.215364 1.873984
v -0.885131 1.216529 1.887407
v -0.861741 1.448776 1.825010
v -0.853102 1.443038 1.812349
v -0.939720 1.324574 1.882844
v -0.913320 1.390097 1.899552
v -0.918707 1.405991 1.894415
v -0.902248 1.396851 1.896664
v -0.906792 1.411667 1.891432
v -0.920286 0.982581 1.956145
v -0.914500 0.983718 1.958673
v -0.822402 1.575034 1.840262
v -0.817887 1.567872 1.845698
v -0.821054 1.560570 1.832145
v -0.825645 1.568765 1.826670
v -0.875249 0.965019 2.000393
v -0.882923 0.979364 1.993238
v -0.897962 0.943169 1.929574
v -0.912571 0.953308 1.935635
v -0.926017 0.953504 1.930147
v -0.927249 0.949865 1.922484
v -0.783245 1.014184 2.050815
v -0.794389 1.033106 2.030540
v -0.772501 0.993584 2.071092
v -0.762290 0.973384 2.092586
v -0.709937 0.803085 2.180082
v -0.697038 0.775457 2.180584
v -0.689151 0.684749 2.176677
v -0.687259 0.652257 2.177999
v -0.684750 0.617809 2.178928
v -0.676814 0.548039 2.181342
v -0.681400 0.581803 2.179460
v -0.811461 1.617376 1.940252
v -0.798264 1.611585 1.942856
v -0.802668 1.603497 1.919811
v -0.817073 1.610485 1.916689
v -0.827200 1.538332 1.939490
v -0.820887 1.546486 1.959454
v -0.832663 1.550742 1.958654
v -0.838529 1.543301 1.937780
v -0.813873 1.554792 1.980424
v -0.809644 1.544860 1.959203
v -0.802352 1.554469 1.980423
v -0.779413 1.573421 1.966760
v -0.785199 1.560610 1.946003
v -0.784640 1.572724 1.936312
v -0.779298 1.583631 1.959072
v -0.788795 1.603133 1.946986
v -0.782494 1.593330 1.952592
v -0.787456 1.583216 1.931013
v -0.792722 1.593529 1.925491
v -0.847064 1.574663 1.976587
v -0.853276 1.567662 1.954331
v -0.844225 1.558449 1.957632
v -0.837958 1.565069 1.979763
v -0.872185 1.601893 1.867000
v -0.881323 1.601574 1.851881
v -0.866895 1.497896 1.837364
v -0.868685 1.505803 1.845142
v -0.877685 1.521490 1.855756
v -0.879619 1.510116 1.849663
v -0.861901 1.596432 1.910899
v -0.852729 1.604507 1.904955
v -0.862221 1.601915 1.884232
v -0.869970 1.591842 1.892060
v -0.858103 1.559488 1.931757
v -0.863856 1.551288 1.911459
v -0.855319 1.542255 1.914089
v -0.849632 1.551042 1.935808
v -0.807668 1.530748 1.912394
v -0.798664 1.541192 1.933628
v -0.880223 1.553166 1.879107
v -0.874566 1.557997 1.892413
v -0.858477 1.435101 1.825278
v -0.837696 1.438522 1.787810
v -0.836649 1.426611 1.784982
v -0.859712 1.361761 1.863741
v -0.861380 1.377099 1.869958
v -0.838063 1.391068 1.800989
v -0.838186 1.371904 1.803400
v -0.858705 1.379652 1.864968
v -0.855903 1.369864 1.858613
v -0.883244 1.298523 1.856741
v -0.987373 1.515248 1.837857
v -0.869897 1.563398 1.908376
v -0.872878 1.577620 1.902317
v -0.806844 1.531473 1.881029
v -0.810797 1.525313 1.887618
v -0.819364 1.517770 1.867302
v -0.815290 1.522092 1.866010
v -0.873972 1.437486 1.706979
v -0.866699 1.428670 1.712923
v -0.875759 1.410219 1.703498
v -0.886866 1.420704 1.697064
v -0.832014 1.588548 1.836102
v -0.836416 1.585799 1.821154
v -0.842731 1.595602 1.823721
v -0.837153 1.597113 1.840706
v -0.853357 1.604309 1.828832
v -0.867320 1.607984 1.838830
v -0.859452 1.607798 1.856086
v -0.846507 1.604579 1.846967
v -0.768797 1.050643 1.846244
v -0.782385 1.031025 1.827394
v -0.839428 1.181682 1.865104
v -0.828828 1.180154 1.846703
v -0.838076 1.131830 1.918919
v -0.885361 1.017760 1.985051
v -0.871376 1.041324 1.984129
v -0.864054 0.945855 2.008210
v -0.763162 1.065940 1.865296
v -0.824929 0.909975 2.042818
v -0.844158 0.928696 2.025784
v -0.801702 0.871335 1.994676
v -0.821527 0.885888 1.972955
v -0.795415 0.883207 1.962137
v -0.779397 0.870179 1.984118
v -0.767959 0.889193 1.957520
v -0.755196 0.876880 1.979677
v -0.695473 0.940965 2.117684
v -0.705326 0.680362 2.080229
v -0.681531 0.649057 2.081745
v -0.701090 0.646946 2.085726
v -0.684713 0.683549 2.075424
v -0.667375 0.719531 2.077631
v -0.664255 0.686633 2.078962
v -0.632223 0.658602 2.147619
v -0.695509 0.613152 2.095479
v -0.677887 0.614364 2.092128
v -0.661711 0.652268 2.086137
v -0.660897 0.616575 2.095733
v -0.886791 0.990380 1.988401
v -0.929144 0.940954 1.912239
v -0.759169 1.079431 1.924817
v -0.746360 1.061260 1.942311
v -0.836374 1.082887 1.962165
v -0.814568 1.095754 1.947399
v -0.851057 1.229257 1.838459
v -0.862993 1.228807 1.852810
v -0.854478 1.264592 1.830442
v -0.852615 1.245877 1.833668
v -0.843476 1.247624 1.816867
v -0.845090 1.266896 1.813881
v -0.837430 1.269557 1.774497
v -0.838120 1.248884 1.777556
v -0.843033 1.248171 1.757086
v -0.841763 1.270002 1.752939
v -0.853317 1.226441 1.745696
v -0.842588 1.228611 1.762891
v -0.915088 1.255556 1.696713
v -0.914266 1.284234 1.691297
v -0.897426 1.280342 1.697024
v -0.898631 1.252886 1.703101
v -0.886078 1.088244 1.968801
v -0.893027 1.002595 1.979639
v -0.804104 1.049201 2.010512
v -0.789434 1.073416 1.979869
v -0.765155 1.073272 1.963393
v -0.844297 1.516968 1.873269
v -0.850583 1.465398 1.745623
v -0.850648 1.474719 1.747071
v -0.849721 1.606597 1.875995
v -0.837774 1.603511 1.867819
v -0.868749 1.543869 1.894526
v -0.895581 1.585147 1.854911
v -0.899522 1.563087 1.858249
v -0.893140 1.566142 1.864915
v -0.813572 1.121481 1.907081
v -0.804595 1.109827 1.914901
v -0.785981 1.109342 1.897673
v -0.914689 0.962138 1.942571
v -0.923987 0.961821 1.936998
v -0.854759 1.064696 1.975355
v -0.792571 0.875086 2.079441
v -0.807396 0.892368 2.062212
v -0.780221 0.857956 2.094602
v -0.769029 0.840851 2.108906
v -0.760444 0.823249 2.119782
v -0.751243 0.806270 2.125993
v -0.740271 0.789149 2.129483
v -0.735601 0.767190 2.127280
v -0.738009 0.709837 2.139758
v -0.737010 0.739133 2.123986
v -0.739144 0.708560 2.123625
v -0.739712 0.676794 2.124990
v -0.726911 0.612314 2.131447
v -0.736658 0.644726 2.126646
v -0.717936 0.578661 2.136281
v -0.712103 0.545806 2.142048
v -0.914614 0.977123 1.953801
v -0.915433 0.969428 1.947975
v -0.933948 1.537157 1.820817
v -0.845003 1.452818 1.805182
v -0.847082 1.464526 1.810862
v -0.872637 1.537115 1.879164
v -0.933183 0.939407 1.892862
v -0.939581 0.938238 1.869776
v -0.797724 1.583987 1.905185
v -0.807131 1.595131 1.898288
v -0.859991 1.533360 1.893173
v -0.858260 1.487306 1.828651
v -0.861512 1.495889 1.836335
v -0.819283 1.701241 2.094787
v -0.822675 1.709390 2.111667
v -0.812170 1.712855 2.109748
v -0.807648 1.703879 2.092955
v -0.827951 1.694384 2.099405
v -0.830098 1.702370 2.116140
v -0.812451 1.653791 2.132574
v -0.811671 1.666601 2.147641
v -0.821310 1.670341 2.141559
v -0.822201 1.658280 2.126271
v -0.834909 1.702160 2.138170
v -0.833730 1.693688 2.121910
v -0.833129 1.684166 2.128104
v -0.833231 1.693912 2.144070
v -0.787526 1.656316 2.135076
v -0.787958 1.642491 2.121554
v -0.777681 1.648214 2.116696
v -0.778203 1.662169 2.129982
v -0.818341 1.609600 2.068565
v -0.821234 1.602931 2.055378
v -0.812714 1.596288 2.063159
v -0.809616 1.604213 2.075862
v -0.812959 1.683751 2.060795
v -0.816073 1.692436 2.077758
v -0.803583 1.694062 2.076057
v -0.800069 1.683650 2.059511
v -0.830996 1.656104 2.078835
v -0.828752 1.646416 2.061050
v -0.826875 1.635257 2.069028
v -0.828161 1.644756 2.086383
v -0.796217 1.671985 2.043725
v -0.809178 1.674326 2.043026
v -0.833217 1.675047 2.112002
v -0.832379 1.665739 2.095655
v -0.829000 1.655338 2.103010
v -0.829027 1.665934 2.119339
v -0.790147 1.683288 2.161391
v -0.788257 1.669943 2.148461
v -0.780121 1.675940 2.143097
v -0.783099 1.689267 2.156147
v -0.827942 1.687615 2.150204
v -0.828336 1.676516 2.134743
v -0.820986 1.682520 2.156497
v -0.794517 1.719074 2.130225
v -0.788807 1.708323 2.114133
v -0.800182 1.711945 2.110637
v -0.805332 1.721639 2.127207
v -0.814767 1.630034 2.101265
v -0.813660 1.641914 2.117453
v -0.822897 1.647028 2.110733
v -0.822993 1.636058 2.094189
v -0.823955 1.677540 2.064790
v -0.826015 1.685920 2.082350
v -0.783512 1.697005 2.098622
v -0.778967 1.684390 2.082829
v -0.791156 1.690340 2.077782
v -0.795291 1.701771 2.093988
v -0.767523 1.662021 2.076621
v -0.771120 1.675830 2.090492
v -0.768831 1.665663 2.099639
v -0.766614 1.651258 2.086315
v -0.805873 1.615069 2.090872
v -0.816047 1.619031 2.084183
v -0.789289 1.628631 2.107242
v -0.792033 1.615138 2.093411
v -0.779327 1.619540 2.089842
v -0.777825 1.633889 2.103107
v -0.824694 1.643784 2.021781
v -0.825904 1.650090 2.036176
v -0.817515 1.659778 2.030310
v -0.815712 1.652509 2.016668
v -0.805081 1.663946 2.027397
v -0.800913 1.654136 2.014678
v -0.787789 1.635517 1.998688
v -0.787279 1.641313 2.007965
v -0.779227 1.632131 2.011645
v -0.779337 1.627501 2.002624
v -0.761054 1.632656 2.052241
v -0.763769 1.647557 2.063539
v -0.764873 1.635929 2.073705
v -0.763786 1.620133 2.061765
v -0.772205 1.597289 2.060689
v -0.770619 1.610981 2.070456
v -0.781506 1.605376 2.077645
v -0.784257 1.593328 2.067358
v -0.790664 1.572494 2.016711
v -0.787046 1.577902 2.030453
v -0.797923 1.575368 2.032559
v -0.801274 1.570887 2.018862
v -0.821942 1.582559 2.028788
v -0.830309 1.591110 2.024156
v -0.834192 1.587402 2.012974
v -0.825196 1.577994 2.016568
v -0.826628 1.629680 1.986881
v -0.824574 1.631469 1.996979
v -0.811937 1.637176 1.989996
v -0.813838 1.632838 1.980508
v -0.760384 1.620006 2.042480
v -0.763370 1.604714 2.050390
v -0.818938 1.586224 2.039735
v -0.815882 1.590217 2.051439
v -0.823764 1.597515 2.044388
v -0.827263 1.594346 2.033613
v -0.830642 1.614730 2.020132
v -0.827857 1.617011 2.029749
v -0.826904 1.627465 2.022097
v -0.829006 1.623931 2.013317
v -0.823596 1.634561 2.005388
v -0.823052 1.637984 2.014832
v -0.813313 1.645696 2.008846
v -0.812353 1.641052 1.999270
v -0.761774 1.612606 2.035614
v -0.763654 1.606550 2.030092
v -0.767137 1.614730 2.022262
v -0.766064 1.621112 2.027462
v -0.788499 1.584401 2.057313
v -0.776947 1.588736 2.052287
v -0.825541 1.620633 2.039535
v -0.828118 1.606749 2.036772
v -0.825357 1.611737 2.047969
v -0.799378 1.647143 2.005684
v -0.781891 1.576451 2.013299
v -0.785907 1.569150 1.998970
v -0.778581 1.574846 1.994065
v -0.774931 1.582008 2.008595
v -0.795373 1.565495 2.001227
v -0.806433 1.564595 2.002706
v -0.840228 1.582016 1.997170
v -0.830818 1.572741 2.000829
v -0.846027 1.594463 1.991970
v -0.839110 1.599915 2.007931
v -0.839294 1.613558 2.000376
v -0.846813 1.607959 1.984551
v -0.832217 1.624370 1.967976
v -0.818773 1.626662 1.962890
v -0.801880 1.631079 1.978681
v -0.805507 1.624441 1.962364
v -0.810439 1.576643 2.031450
v -0.807190 1.580343 2.043689
v -0.775074 1.689058 2.105137
v -0.780273 1.701576 2.120053
v -0.776094 1.692677 2.127630
v -0.771935 1.679522 2.113454
v -0.776191 1.683835 2.135664
v -0.780095 1.696932 2.149109
v -0.831575 1.676471 2.088447
v -0.832776 1.685298 2.105360
v -0.832884 1.710317 2.132370
v -0.825097 1.631358 2.033133
v -0.826164 1.637194 2.044774
v -0.773294 1.618720 2.007989
v -0.774449 1.614560 1.998801
v -0.780545 1.623447 1.993872
v -0.766565 1.630921 2.033134
v -0.778405 1.637581 2.023299
v -0.782272 1.652420 2.034089
v -0.768452 1.643784 2.041784
v -0.766416 1.601152 2.023097
v -0.768912 1.596170 2.013518
v -0.770239 1.605370 2.005770
v -0.768472 1.609859 2.015029
v -0.835336 1.622503 1.993617
v -0.831853 1.622822 2.004941
v -0.785152 1.611678 1.967950
v -0.793861 1.619552 1.965282
v -0.791152 1.625729 1.980398
v -0.782552 1.618787 1.983045
v -0.789171 1.630614 1.990369
v -0.778768 1.603133 1.972847
v -0.776210 1.610230 1.988100
v -0.841971 1.617972 1.975719
v -0.771516 1.590617 2.001559
v -0.774770 1.583495 1.986897
v -0.775197 1.593621 1.979324
v -0.772347 1.600278 1.993993
v -0.773200 1.670227 2.122114
v -0.771453 1.656242 2.108599
v -0.799073 1.592143 2.068393
v -0.795564 1.601861 2.080270
v -0.802881 1.585012 2.056542
v -0.800004 1.653413 2.136325
v -0.799607 1.666610 2.150381
v -0.803190 1.627100 2.106546
v -0.801132 1.639920 2.121411
v -0.775211 1.671514 2.068215
v -0.774728 1.588140 2.037302
v -0.768905 1.593552 2.045365
v -0.782568 1.582834 2.042859
v -0.819340 1.566613 2.002196
v -0.813806 1.572341 2.018941
v -0.761507 1.604388 2.041155
v -0.826464 1.558754 1.981034
v -0.788888 1.648969 2.016711
v -0.799789 1.635728 1.988615
v -0.799261 1.640722 1.997122
v -0.816860 1.721658 2.126047
v -0.830220 1.667316 2.071348
v -0.824896 1.625838 2.052574
v -0.823111 1.616781 2.060850
v -0.778887 1.583196 2.026759
v -0.772024 1.588494 2.021504
v -0.768516 1.593399 2.031257
v -0.834606 1.602268 2.018589
v -0.834398 1.615077 2.010873
v -0.800250 1.679695 2.163684
v -0.830968 1.604318 2.027199
v -0.792712 1.660647 2.028948
v -0.995147 1.487199 1.709501
v -1.014185 1.471609 1.708064
v -1.016390 1.481802 1.711827
v -0.840627 1.353312 1.805318
v -0.867725 1.319659 1.837179
v -0.857211 1.325068 1.825195
v -0.844161 1.441123 1.801358
v -0.842069 1.427005 1.798876
v -0.853738 1.490933 1.830894
v -0.850670 1.480227 1.819436
v -0.843146 1.393958 1.817915
v -0.976031 1.708577 1.837093
v -0.976778 1.702220 1.833491
v -0.976674 1.720240 1.840445
v -0.921045 1.204481 1.910504
v -0.928718 1.193795 1.925992
v -0.928061 1.191093 1.930467
v -0.967371 1.689153 1.847133
v -0.968742 1.684571 1.840374
v -0.965546 1.688234 1.843007
v -0.967321 1.691284 1.850790
v -0.967933 1.689332 1.848994
v -0.973363 1.721575 1.849739
v -0.976883 1.693886 1.831722
v -0.975882 1.684206 1.830673
v -0.971066 1.708800 1.851926
v -0.929517 1.129047 1.736840
v -0.923663 1.107039 1.740413
v -0.945864 1.107256 1.745016
v -0.949774 1.129857 1.740987
v -0.968815 1.086654 1.754206
v -0.970757 1.109752 1.749974
v -0.941519 1.084040 1.749216
v -0.826588 1.068681 1.762338
v -0.834008 1.090152 1.753392
v -0.817954 1.104207 1.765560
v -0.809823 1.084859 1.773784
v -0.815776 1.132728 1.777359
v -0.806084 1.117950 1.783526
v -0.828650 1.120930 1.760294
v -0.808372 1.143048 1.798113
v -0.799112 1.128967 1.804956
v -0.806973 1.150238 1.819973
v -0.798273 1.135795 1.827318
v -0.802488 1.140406 1.849336
v -0.812115 1.143898 1.870509
v -0.821709 1.132526 1.896471
v -0.827057 1.145222 1.890352
v -0.843827 1.144352 1.907386
v -0.862606 1.142713 1.921355
v -0.879330 1.142202 1.934637
v -0.894428 1.141531 1.944802
v -0.908939 1.140752 1.952433
v -0.922631 1.140694 1.956954
v -0.920937 1.122157 1.963677
v -0.933555 1.519376 1.836354
v -0.946575 1.563327 1.740069
v -0.931829 1.571445 1.756854
v -0.933411 1.563495 1.739215
v -0.893738 1.529675 1.714993
v -0.908128 1.518518 1.703845
v -0.912182 1.531649 1.709537
v -0.898917 1.545112 1.722473
v -0.953172 1.553375 1.730286
v -0.960829 1.554718 1.733377
v -0.940170 1.551203 1.726113
v -0.952977 1.539119 1.718513
v -0.965589 1.528504 1.715451
v -0.904737 1.580469 1.770133
v -0.899058 1.586165 1.777594
v -0.887818 1.577545 1.761561
v -0.893638 1.572620 1.752173
v -0.871173 1.532334 1.736516
v -0.865531 1.538995 1.745712
v -0.860460 1.525991 1.746224
v -0.866681 1.518766 1.735702
v -0.885579 1.601895 1.804261
v -0.879910 1.605031 1.813451
v -0.867127 1.599768 1.800809
v -0.873562 1.595283 1.789912
v -0.872829 1.554527 1.748341
v -0.913513 1.419801 1.685014
v -0.897697 1.433920 1.692784
v -0.882067 1.447835 1.702560
v -0.850368 1.484276 1.748039
v -0.858954 1.464515 1.730978
v -0.859676 1.474869 1.730976
v -0.842107 1.492640 1.765456
v -0.835776 1.499316 1.780524
v -0.904607 1.560348 1.853360
v -0.893647 1.534544 1.858507
v -0.889363 1.541129 1.861488
v -0.827064 1.513629 1.820869
v -0.828598 1.509605 1.822778
v -0.831851 1.500690 1.806136
v -0.830505 1.504290 1.803673
v -0.911041 1.577217 1.763167
v -0.857047 1.589401 1.793563
v -0.847479 1.576950 1.792894
v -0.855294 1.572243 1.780217
v -0.864145 1.584110 1.781606
v -0.842169 1.565789 1.792645
v -0.836136 1.555538 1.795900
v -0.842140 1.548024 1.782003
v -0.848816 1.559392 1.778650
v -0.826199 1.518347 1.817018
v -0.830793 1.508776 1.799174
v -0.887858 1.600888 1.839859
v -0.907527 1.591361 1.806233
v -0.910912 1.584870 1.798588
v -0.920478 1.574169 1.819567
v -0.916659 1.578085 1.826440
v -0.848918 1.506976 1.850144
v -0.841913 1.504798 1.847781
v -0.835688 1.504158 1.846928
v -0.835296 1.492695 1.801108
v -0.830680 1.506432 1.846853
v -0.875363 1.530187 1.865791
v -0.884562 1.547007 1.868218
v -0.920958 1.555252 1.835859
v -0.916406 1.557025 1.842114
v -0.873806 1.607028 1.824927
v -0.860010 1.602736 1.813752
v -0.813114 1.530780 1.855141
v -0.820105 1.521832 1.842118
v -0.819544 1.524979 1.837758
v -0.837995 1.477762 1.780808
v -0.833711 1.497063 1.806663
v -0.894699 1.593430 1.786092
v -0.840862 1.580827 1.806819
v -0.848436 1.593173 1.808434
v -0.853548 1.552873 1.767199
v -0.859563 1.546985 1.756695
v -0.865828 1.559305 1.757452
v -0.860629 1.565465 1.767593
v -0.825916 1.550833 1.815589
v -0.830853 1.561496 1.810120
v -0.855144 1.534721 1.757853
v -0.848410 1.541291 1.769300
v -0.819326 1.529965 1.834112
v -0.923914 1.552882 1.830449
v -0.924007 1.530686 1.840589
v -0.919545 1.534424 1.843740
v -0.914328 1.534886 1.847663
v -0.908020 1.534101 1.851872
v -0.899709 1.532426 1.855960
v -0.927350 1.525066 1.837616
v -0.763920 1.598803 2.037773
v -0.813045 1.526489 1.861488
v -0.807859 1.539722 1.865726
v -0.806527 1.536633 1.872767
v -0.794096 1.573405 1.909353
v -0.980603 1.593365 1.943608
v -0.980122 1.589132 1.939430
v -0.986250 1.613542 1.954072
v -0.985152 1.609814 1.953061
v -0.772444 1.622969 2.015623
v -0.771927 1.626822 2.021968
v -0.771532 1.657856 2.054453
v -0.784533 1.665822 2.048038
v -0.787448 1.678551 2.062206
v -0.821361 1.669104 2.046879
v -0.828319 1.658698 2.053302
v -0.822872 1.625965 2.077142
v -0.770107 1.626444 2.082504
v -0.835094 1.733662 2.159361
v -0.839204 1.741499 2.175410
v -0.831847 1.747525 2.172744
v -0.826805 1.739079 2.157168
v -0.844239 1.749281 2.190549
v -0.841777 1.734581 2.180118
v -0.845154 1.741915 2.195617
v -0.840109 1.728709 2.185299
v -0.842463 1.736202 2.200755
v -0.837095 1.732230 2.205439
v -0.835638 1.723609 2.190598
v -0.829434 1.719472 2.195390
v -0.830405 1.728580 2.209564
v -0.821408 1.705957 2.185169
v -0.812412 1.704288 2.188780
v -0.813313 1.716954 2.201627
v -0.821822 1.717286 2.199302
v -0.801008 1.734806 2.211107
v -0.797490 1.722618 2.199112
v -0.793927 1.728666 2.194436
v -0.798120 1.740510 2.206782
v -0.791485 1.730197 2.169623
v -0.795977 1.742654 2.182898
v -0.793719 1.735892 2.188903
v -0.788921 1.722820 2.175704
v -0.799296 1.754542 2.195182
v -0.802123 1.747404 2.178777
v -0.806537 1.758439 2.190721
v -0.835975 1.718440 2.148223
v -0.830756 1.725669 2.143640
v -0.826647 1.717462 2.127944
v -0.834803 1.713604 2.175362
v -0.838385 1.719464 2.169692
v -0.836721 1.710652 2.153910
v -0.833959 1.703906 2.159791
v -0.811460 1.679511 2.161836
v -0.811777 1.691991 2.175430
v -0.821129 1.694530 2.170923
v -0.828984 1.709245 2.180456
v -0.828411 1.698721 2.165422
v -0.802825 1.705321 2.189503
v -0.804510 1.718582 2.201658
v -0.816243 1.740609 2.158339
v -0.821723 1.750010 2.173189
v -0.811445 1.749642 2.175565
v -0.806121 1.739701 2.160959
v -0.801532 1.692614 2.176643
v -0.810703 1.731311 2.142942
v -0.800356 1.729596 2.145908
v -0.797219 1.736158 2.164871
v -0.791832 1.724822 2.150555
v -0.826967 1.759322 2.186835
v -0.837379 1.756327 2.187065
v -0.821699 1.730389 2.141686
v -0.794496 1.709434 2.186995
v -0.792311 1.696366 2.174310
v -0.786367 1.702518 2.169177
v -0.789683 1.715575 2.181878
v -0.780966 1.705204 2.141469
v -0.786401 1.717673 2.155942
v -0.784670 1.709769 2.162416
v -0.797288 1.747682 2.201388
v -0.786084 1.713310 2.135700
v -0.849211 1.773901 2.266654
v -0.856521 1.774214 2.271032
v -0.853720 1.766858 2.266611
v -0.847857 1.767345 2.259967
v -0.850229 1.746755 2.263984
v -0.857553 1.747892 2.274297
v -0.863287 1.742174 2.269591
v -0.856046 1.738930 2.259248
v -0.862621 1.774796 2.274056
v -0.858997 1.766318 2.272852
v -0.866145 1.773408 2.272845
v -0.866288 1.782892 2.275685
v -0.869808 1.785752 2.271094
v -0.871204 1.793898 2.273680
v -0.869079 1.799850 2.267484
v -0.869481 1.788863 2.260586
v -0.846643 1.797777 2.250435
v -0.849040 1.805866 2.262065
v -0.838222 1.807214 2.261080
v -0.836141 1.797945 2.249776
v -0.819825 1.800718 2.261238
v -0.819624 1.792667 2.250258
v -0.827924 1.795570 2.250186
v -0.829611 1.804095 2.262022
v -0.835566 1.773064 2.263521
v -0.841431 1.773488 2.263574
v -0.840110 1.767645 2.256358
v -0.833501 1.766927 2.256568
v -0.873053 1.768157 2.275537
v -0.869871 1.767425 2.278235
v -0.869765 1.775919 2.267949
v -0.872196 1.773517 2.262487
v -0.816731 1.748395 2.248820
v -0.823160 1.747558 2.246342
v -0.823482 1.742014 2.237884
v -0.815797 1.742016 2.239482
v -0.845629 1.736826 2.241559
v -0.854803 1.739572 2.231303
v -0.849392 1.740464 2.224392
v -0.841129 1.738213 2.234944
v -0.850178 1.737185 2.250358
v -0.863526 1.739875 2.252049
v -0.859279 1.738960 2.241291
v -0.869445 1.743929 2.264113
v -0.805659 1.744997 2.238086
v -0.804542 1.748776 2.246208
v -0.871830 1.799566 2.315837
v -0.871560 1.800607 2.312433
v -0.866022 1.799946 2.313489
v -0.866452 1.798726 2.316780
v -0.799029 1.761110 2.233837
v -0.799363 1.756842 2.229220
v -0.801146 1.763662 2.223817
v -0.802290 1.767705 2.228406
v -0.798297 1.766720 2.239986
v -0.803462 1.773226 2.234363
v -0.875659 1.810913 2.319424
v -0.875176 1.814032 2.313743
v -0.876612 1.809155 2.312968
v -0.877101 1.806917 2.318076
v -0.851781 1.779546 2.273697
v -0.859767 1.780235 2.276666
v -0.860728 1.791333 2.288091
v -0.865960 1.791088 2.285341
v -0.863480 1.785930 2.281497
v -0.855282 1.786090 2.281761
v -0.835961 1.784962 2.277987
v -0.843277 1.786375 2.280442
v -0.841123 1.780374 2.272085
v -0.833785 1.778968 2.270370
v -0.822503 1.776383 2.271879
v -0.817135 1.775451 2.274077
v -0.817984 1.781132 2.279304
v -0.824240 1.782681 2.278348
v -0.832584 1.795587 2.289343
v -0.827650 1.794676 2.289473
v -0.828957 1.800218 2.294886
v -0.833721 1.800861 2.294708
v -0.799218 1.753695 2.224010
v -0.800097 1.760552 2.218302
v -0.802711 1.792130 2.262572
v -0.800852 1.798503 2.270298
v -0.795237 1.790443 2.273340
v -0.796976 1.785086 2.264591
v -0.808739 1.773295 2.224517
v -0.806666 1.769859 2.219199
v -0.871572 1.814508 2.320999
v -0.871321 1.817839 2.315215
v -0.874610 1.750130 2.258679
v -0.868843 1.748597 2.242894
v -0.862501 1.748674 2.230771
v -0.856916 1.749114 2.223361
v -0.853155 1.748843 2.217183
v -0.851784 1.789688 2.285406
v -0.844345 1.777982 2.269402
v -0.831132 1.772118 2.263662
v -0.804560 1.767923 2.270191
v -0.811494 1.768770 2.270406
v -0.812350 1.764075 2.265892
v -0.803247 1.763193 2.265114
v -0.795662 1.778093 2.269705
v -0.795049 1.783149 2.276630
v -0.799777 1.779042 2.279025
v -0.799578 1.774312 2.273966
v -0.877441 1.767639 2.273401
v -0.875630 1.768941 2.259598
v -0.799096 1.754233 2.240342
v -0.800617 1.750101 2.234591
v -0.801913 1.747458 2.227717
v -0.827818 1.757289 2.251240
v -0.832270 1.758105 2.250400
v -0.832630 1.745934 2.245547
v -0.827607 1.746927 2.244930
v -0.844836 1.758364 2.257290
v -0.850520 1.757818 2.265522
v -0.843902 1.745924 2.255385
v -0.830713 1.740734 2.236235
v -0.831571 1.739169 2.228048
v -0.823387 1.739794 2.229605
v -0.814803 1.740206 2.230947
v -0.806782 1.743205 2.230345
v -0.831567 1.735429 2.220310
v -0.823724 1.735659 2.222363
v -0.815222 1.736817 2.223512
v -0.807756 1.739137 2.223298
v -0.802015 1.762220 2.204962
v -0.804900 1.766739 2.212516
v -0.798436 1.755384 2.211415
v -0.846147 1.740972 2.212985
v -0.838959 1.738130 2.217284
v -0.840069 1.739947 2.226152
v -0.849117 1.747602 2.207602
v -0.863469 1.749264 2.279643
v -0.861391 1.756451 2.280252
v -0.865444 1.756252 2.284662
v -0.868835 1.750359 2.284502
v -0.868696 1.789194 2.278089
v -0.870082 1.793974 2.282483
v -0.871817 1.799591 2.279110
v -0.803187 1.753997 2.253595
v -0.813554 1.754022 2.255813
v -0.856265 1.793581 2.290083
v -0.874370 1.814312 2.306211
v -0.872240 1.811124 2.292998
v -0.873630 1.805032 2.293760
v -0.875724 1.808791 2.306169
v -0.854189 1.801084 2.294864
v -0.856031 1.803946 2.300089
v -0.859026 1.798469 2.299487
v -0.858015 1.796461 2.293862
v -0.821420 1.791938 2.289626
v -0.822544 1.796525 2.294496
v -0.851320 1.811797 2.275658
v -0.860677 1.805096 2.261746
v -0.862185 1.812457 2.272039
v -0.829668 1.783817 2.277707
v -0.826000 1.788847 2.284313
v -0.831082 1.789752 2.284094
v -0.850255 1.792355 2.287556
v -0.845124 1.791094 2.285813
v -0.847770 1.796140 2.289652
v -0.852745 1.796032 2.290752
v -0.795691 1.770461 2.262440
v -0.797593 1.779015 2.255587
v -0.875447 1.804164 2.312303
v -0.875457 1.802440 2.316305
v -0.799662 1.748291 2.217299
v -0.802832 1.742964 2.221463
v -0.828090 1.777534 2.270467
v -0.858640 1.795769 2.252288
v -0.826470 1.770831 2.264209
v -0.813955 1.804680 2.281543
v -0.815000 1.806247 2.289597
v -0.813675 1.800642 2.292164
v -0.811022 1.798095 2.286591
v -0.858909 1.807790 2.309506
v -0.859652 1.807958 2.315505
v -0.861744 1.802790 2.314407
v -0.861100 1.802457 2.309448
v -0.861719 1.793900 2.292151
v -0.863335 1.796010 2.298397
v -0.867995 1.796332 2.296651
v -0.866368 1.793906 2.289930
v -0.870059 1.796960 2.287643
v -0.871639 1.799946 2.294937
v -0.859168 1.814280 2.309797
v -0.856592 1.811054 2.298814
v -0.860800 1.815382 2.295394
v -0.864129 1.818303 2.309009
v -0.818834 1.785981 2.239331
v -0.811186 1.789216 2.251641
v -0.810899 1.782865 2.240787
v -0.819898 1.808439 2.271217
v -0.810955 1.801702 2.273082
v -0.810941 1.796272 2.262460
v -0.804312 1.785366 2.252810
v -0.850040 1.808252 2.289886
v -0.848754 1.812819 2.286177
v -0.856504 1.812587 2.286181
v -0.819885 1.769170 2.265623
v -0.874271 1.803515 2.306415
v -0.847673 1.768358 2.214208
v -0.851305 1.770921 2.220715
v -0.838117 1.778419 2.219717
v -0.836652 1.773854 2.212882
v -0.865470 1.799682 2.308788
v -0.870414 1.799608 2.307475
v -0.815538 1.791001 2.290343
v -0.811718 1.792300 2.292122
v -0.813563 1.796662 2.295228
v -0.817524 1.795462 2.294987
v -0.804338 1.779389 2.242584
v -0.799755 1.799616 2.278226
v -0.795151 1.790512 2.282606
v -0.810134 1.777591 2.231399
v -0.817684 1.776493 2.221915
v -0.818213 1.780614 2.229438
v -0.831704 1.811023 2.275653
v -0.826341 1.788628 2.239068
v -0.825432 1.782497 2.228709
v -0.825920 1.777965 2.220020
v -0.825456 1.774649 2.213373
v -0.816496 1.773319 2.215579
v -0.870264 1.817980 2.307143
v -0.864533 1.817127 2.316359
v -0.810804 1.765629 2.200100
v -0.814724 1.769865 2.208296
v -0.820404 1.766330 2.198422
v -0.824202 1.771018 2.206441
v -0.843237 1.783248 2.229049
v -0.833698 1.784009 2.228599
v -0.844192 1.790364 2.239799
v -0.834207 1.790281 2.238843
v -0.840663 1.815608 2.272018
v -0.862356 1.806459 2.329763
v -0.860420 1.802903 2.328305
v -0.859889 1.804982 2.320328
v -0.861200 1.809369 2.321933
v -0.860044 1.812648 2.316396
v -0.864895 1.812524 2.322119
v -0.857189 1.787085 2.242278
v -0.849410 1.801062 2.293470
v -0.858347 1.775297 2.232289
v -0.870684 1.772604 2.245190
v -0.869086 1.782128 2.250221
v -0.869138 1.760304 2.234521
v -0.860761 1.759864 2.223576
v -0.851276 1.757740 2.212074
v -0.854531 1.759084 2.217687
v -0.848185 1.754832 2.203180
v -0.876062 1.759767 2.249841
v -0.865634 1.796871 2.322349
v -0.871115 1.796909 2.321508
v -0.845420 1.765740 2.208200
v -0.841932 1.762365 2.199013
v -0.856083 1.757123 2.274509
v -0.825316 1.764479 2.258044
v -0.820215 1.762638 2.259586
v -0.812965 1.759557 2.261293
v -0.802605 1.759028 2.260001
v -0.831259 1.766127 2.197296
v -0.822634 1.728002 2.212551
v -0.814212 1.729146 2.213679
v -0.816302 1.759400 2.188449
v -0.875141 1.799806 2.322799
v -0.830284 1.806441 2.294939
v -0.832108 1.806463 2.295249
v -0.868607 1.745527 2.276201
v -0.873964 1.748254 2.281875
v -0.882161 1.756553 2.277079
v -0.879503 1.753454 2.268364
v -0.874882 1.747505 2.271619
v -0.878636 1.750917 2.279316
v -0.824275 1.756620 2.252710
v -0.819801 1.755995 2.254441
v -0.797899 1.772949 2.247176
v -0.795880 1.764901 2.254210
v -0.871812 1.802454 2.285335
v -0.869807 1.808322 2.283532
v -0.869209 1.806134 2.275548
v -0.867171 1.815216 2.292587
v -0.853866 1.807920 2.293151
v -0.851025 1.805554 2.293098
v -0.838589 1.758684 2.252051
v -0.838137 1.745699 2.249273
v -0.865763 1.763062 2.281437
v -0.862868 1.764271 2.277208
v -0.837964 1.790172 2.284264
v -0.835734 1.815021 2.286997
v -0.842480 1.817213 2.283419
v -0.839913 1.795927 2.289000
v -0.876912 1.803091 2.325138
v -0.876131 1.807100 2.327668
v -0.864195 1.813313 2.282206
v -0.819563 1.786870 2.284572
v -0.832798 1.811508 2.291977
v -0.829036 1.811019 2.286142
v -0.796118 1.784790 2.281790
v -0.835165 1.770496 2.206216
v -0.861767 1.800953 2.318142
v -0.861443 1.799153 2.324629
v -0.866415 1.809166 2.330150
v -0.871673 1.809669 2.328569
v -0.797062 1.759501 2.246909
v -0.829164 1.765760 2.257139
v -0.806615 1.731162 2.213307
v -0.878729 1.760709 2.263381
v -0.881893 1.763337 2.273985
v -0.841225 1.800231 2.293212
v -0.806663 1.799827 2.281822
v -0.827344 1.812769 2.291644
v -0.820489 1.812261 2.289060
v -0.820187 1.810584 2.280380
v -0.829815 1.810061 2.295276
v -0.871706 1.805920 2.335304
v -0.866561 1.805444 2.336496
v -0.875971 1.803423 2.333591
v -0.876430 1.800039 2.330035
v -0.874378 1.797236 2.327120
v -0.862636 1.802778 2.335873
v -0.860624 1.799816 2.333475
v -0.861122 1.796830 2.328718
v -0.862212 1.798733 2.340259
v -0.866484 1.800406 2.342588
v -0.875712 1.792478 2.342413
v -0.874062 1.793387 2.345275
v -0.874004 1.796506 2.342908
v -0.875640 1.797901 2.339665
v -0.874664 1.788475 2.345616
v -0.873554 1.789968 2.348561
v -0.871115 1.795296 2.347188
v -0.871648 1.798626 2.343592
v -0.870535 1.791585 2.350810
v -0.866768 1.791977 2.350542
v -0.867332 1.795395 2.347032
v -0.868396 1.798386 2.344537
v -0.871826 1.801569 2.340840
v -0.872737 1.785760 2.349025
v -0.868841 1.785516 2.352114
v -0.870065 1.788299 2.353404
v -0.872843 1.787689 2.350906
v -0.875864 1.796229 2.334477
v -0.875054 1.791067 2.339091
v -0.873423 1.786902 2.342917
v -0.871155 1.784340 2.346440
v -0.872589 1.789305 2.336835
v -0.870954 1.785688 2.341072
v -0.868892 1.784034 2.344214
v -0.868854 1.788049 2.335870
v -0.867921 1.785141 2.340451
v -0.873704 1.794583 2.330916
v -0.869872 1.793158 2.329341
v -0.867222 1.784286 2.343000
v -0.867305 1.784514 2.349593
v -0.864395 1.795987 2.346055
v -0.863996 1.791767 2.349319
v -0.862067 1.794753 2.344467
v -0.862277 1.790832 2.347684
v -0.866733 1.789519 2.353081
v -0.864822 1.788028 2.352056
v -0.870388 1.795185 2.325678
v -0.864924 1.795450 2.326533
v -0.864494 1.793201 2.330295
v -0.863957 1.788224 2.336385
v -0.861065 1.794736 2.333424
v -0.860754 1.797087 2.338130
v -0.860779 1.792851 2.342265
v -0.860869 1.790537 2.339114
v -0.861348 1.788898 2.345403
v -0.861761 1.787242 2.343032
v -0.864406 1.785627 2.341247
v -0.862863 1.786077 2.347034
v -0.863517 1.786912 2.349730
v -0.865901 1.784308 2.346580
v -0.865061 1.784694 2.344156
v -0.862959 1.785727 2.344958
v -0.846703 1.807117 2.323057
v -0.846275 1.810181 2.317888
v -0.841708 1.809080 2.318679
v -0.841763 1.805806 2.323635
v -0.849740 1.820041 2.325999
v -0.849118 1.824393 2.319482
v -0.850591 1.818460 2.318606
v -0.850922 1.814143 2.324671
v -0.843446 1.822973 2.326327
v -0.842805 1.827801 2.320018
v -0.849367 1.823777 2.310643
v -0.848772 1.817255 2.296409
v -0.849923 1.811902 2.298591
v -0.850746 1.817909 2.311047
v -0.832487 1.809122 2.302036
v -0.835558 1.805051 2.301669
v -0.849168 1.813467 2.317958
v -0.849493 1.809844 2.323550
v -0.833959 1.813946 2.313270
v -0.833892 1.813110 2.320414
v -0.837238 1.809838 2.319364
v -0.836949 1.810050 2.313024
v -0.841401 1.803889 2.301011
v -0.847521 1.804088 2.300353
v -0.849805 1.807574 2.299611
v -0.833083 1.819435 2.313198
v -0.832772 1.815485 2.300542
v -0.836263 1.819885 2.297480
v -0.836324 1.824794 2.312251
v -0.849460 1.813273 2.311108
v -0.841966 1.808851 2.312458
v -0.846840 1.809777 2.311661
v -0.843171 1.826633 2.310205
v -0.836107 1.823895 2.321584
v -0.835661 1.809795 2.336333
v -0.834717 1.805802 2.334600
v -0.834088 1.809454 2.326422
v -0.834541 1.813624 2.328077
v -0.833771 1.817533 2.321368
v -0.837252 1.818933 2.328017
v -0.841255 1.801562 2.331420
v -0.846478 1.802560 2.331169
v -0.849597 1.804912 2.332124
v -0.843246 1.821299 2.295144
v -0.850742 1.808513 2.333579
v -0.849785 1.813394 2.335392
v -0.837153 1.806574 2.324855
v -0.836793 1.802505 2.332737
v -0.838582 1.813536 2.336885
v -0.844513 1.815887 2.335981
v -0.844443 1.811014 2.343752
v -0.838907 1.808711 2.343085
v -0.849293 1.808873 2.342281
v -0.850337 1.804909 2.338977
v -0.849168 1.802153 2.336630
v -0.836380 1.805907 2.342594
v -0.835561 1.803006 2.340554
v -0.837148 1.800087 2.337303
v -0.836447 1.800010 2.347307
v -0.838866 1.801963 2.349741
v -0.848811 1.790999 2.353414
v -0.847375 1.792133 2.356060
v -0.847164 1.796152 2.352716
v -0.849309 1.796013 2.350361
v -0.846740 1.799515 2.350772
v -0.848671 1.801760 2.348038
v -0.843595 1.797040 2.354243
v -0.843709 1.800163 2.351053
v -0.843710 1.792560 2.358438
v -0.839969 1.791876 2.357259
v -0.840279 1.795863 2.353215
v -0.840763 1.799077 2.350845
v -0.847122 1.787104 2.356856
v -0.847086 1.788965 2.358686
v -0.843810 1.804429 2.348904
v -0.850053 1.800718 2.342944
v -0.849938 1.794662 2.347059
v -0.848674 1.789355 2.350753
v -0.846259 1.785658 2.354185
v -0.848621 1.792686 2.344125
v -0.847322 1.787928 2.348385
v -0.844913 1.785374 2.351664
v -0.845439 1.790937 2.342212
v -0.844515 1.786994 2.347079
v -0.848943 1.798956 2.339455
v -0.845793 1.797412 2.337593
v -0.843646 1.785591 2.350003
v -0.842639 1.784603 2.356792
v -0.843424 1.785690 2.359922
v -0.844001 1.788525 2.361882
v -0.838510 1.795247 2.351675
v -0.838676 1.790658 2.355489
v -0.836654 1.794154 2.350366
v -0.837373 1.789600 2.354222
v -0.840335 1.788923 2.360315
v -0.839526 1.787321 2.359011
v -0.846056 1.800241 2.335419
v -0.841284 1.799359 2.335491
v -0.841039 1.796438 2.337324
v -0.840619 1.790447 2.342386
v -0.836842 1.796728 2.339158
v -0.835493 1.797918 2.343173
v -0.836024 1.792973 2.347784
v -0.836954 1.791459 2.344591
v -0.837125 1.788907 2.352125
v -0.837810 1.787856 2.349206
v -0.840760 1.786846 2.347263
v -0.838821 1.785977 2.354127
v -0.838968 1.786214 2.356831
v -0.841955 1.784676 2.353764
v -0.841331 1.785342 2.350828
v -0.838996 1.786078 2.351561
v -0.826788 1.800716 2.318614
v -0.826323 1.803664 2.315477
v -0.822147 1.800781 2.315385
v -0.822351 1.797503 2.317959
v -0.826305 1.809712 2.323211
v -0.826288 1.815070 2.317377
v -0.828424 1.811478 2.317150
v -0.828503 1.807324 2.322366
v -0.821526 1.809702 2.323970
v -0.820295 1.816171 2.318010
v -0.826528 1.816778 2.310826
v -0.826696 1.814280 2.299330
v -0.829031 1.810479 2.301038
v -0.828944 1.812741 2.311527
v -0.828361 1.807313 2.316277
v -0.828604 1.804077 2.320720
v -0.814542 1.801949 2.311440
v -0.814732 1.800863 2.316764
v -0.817772 1.799586 2.315961
v -0.817555 1.800604 2.311137
v -0.822214 1.799157 2.300593
v -0.826517 1.801981 2.300772
v -0.828652 1.805917 2.301125
v -0.812848 1.806478 2.311553
v -0.813204 1.803718 2.300004
v -0.814693 1.809526 2.298866
v -0.814443 1.813040 2.311176
v -0.828439 1.808119 2.311439
v -0.822359 1.800747 2.311096
v -0.826450 1.803908 2.310952
v -0.820438 1.816963 2.310054
v -0.814920 1.811344 2.318255
v -0.816122 1.796521 2.330263
v -0.816023 1.793519 2.327730
v -0.814301 1.797878 2.319613
v -0.813835 1.801728 2.322150
v -0.813129 1.804784 2.317196
v -0.816318 1.806395 2.323485
v -0.823278 1.792933 2.323989
v -0.827723 1.795245 2.324613
v -0.829440 1.798367 2.327234
v -0.820590 1.814343 2.298250
v -0.813951 1.798894 2.300917
v -0.829588 1.800951 2.329631
v -0.827891 1.803137 2.331843
v -0.817549 1.796571 2.318229
v -0.818516 1.792184 2.325192
v -0.818503 1.800452 2.332024
v -0.823303 1.803639 2.332639
v -0.825073 1.798418 2.338466
v -0.820329 1.795566 2.337636
v -0.829798 1.798105 2.337228
v -0.831073 1.796265 2.334345
v -0.830630 1.794348 2.331397
v -0.818302 1.791922 2.334818
v -0.818612 1.790461 2.332525
v -0.820305 1.789748 2.329142
v -0.819491 1.787655 2.336879
v -0.822397 1.790307 2.340460
v -0.834320 1.782533 2.345006
v -0.832891 1.782834 2.346601
v -0.831654 1.786650 2.343870
v -0.833289 1.786980 2.342685
v -0.830476 1.790140 2.342733
v -0.831159 1.792578 2.341169
v -0.828387 1.786899 2.345472
v -0.827529 1.790442 2.342959
v -0.829477 1.782894 2.348135
v -0.825954 1.781767 2.346133
v -0.824912 1.785491 2.343247
v -0.824574 1.788891 2.342058
v -0.834240 1.779041 2.347511
v -0.833279 1.780218 2.348683
v -0.826678 1.793505 2.341335
v -0.832692 1.791946 2.337497
v -0.834152 1.786413 2.340003
v -0.834951 1.781628 2.342539
v -0.834178 1.777875 2.344594
v -0.833377 1.785086 2.337004
v -0.833950 1.780628 2.339848
v -0.833141 1.777510 2.341850
v -0.831438 1.783525 2.334601
v -0.832058 1.779562 2.337981
v -0.831995 1.790469 2.334171
v -0.829822 1.789048 2.331496
v -0.831820 1.777707 2.340083
v -0.830415 1.775730 2.345835
v -0.830755 1.777137 2.349018
v -0.830444 1.779448 2.350376
v -0.822646 1.784726 2.341684
v -0.824266 1.780755 2.344620
v -0.821321 1.783299 2.339490
v -0.823403 1.779559 2.342625
v -0.827126 1.779377 2.348603
v -0.826464 1.778076 2.347468
v -0.828275 1.792478 2.328814
v -0.824341 1.790725 2.327745
v -0.826100 1.787785 2.330217
v -0.827731 1.782023 2.333552
v -0.821959 1.786740 2.330838
v -0.820077 1.786284 2.333931
v -0.821551 1.782325 2.336600
v -0.823742 1.781667 2.334353
v -0.823755 1.778600 2.340148
v -0.825341 1.778163 2.337877
v -0.828884 1.778371 2.337103
v -0.826390 1.776499 2.342147
v -0.826138 1.776849 2.344866
v -0.830058 1.775891 2.342561
v -0.829564 1.776696 2.340126
v -0.826909 1.776643 2.340074
v -0.817747 1.798452 2.300719
v -0.803651 1.788353 2.309503
v -0.803981 1.790580 2.307279
v -0.800768 1.787922 2.306363
v -0.800510 1.785999 2.308193
v -0.800698 1.796031 2.313900
v -0.801120 1.800524 2.309503
v -0.804335 1.798281 2.309021
v -0.804016 1.794367 2.313231
v -0.795906 1.794915 2.313209
v -0.795729 1.799339 2.309219
v -0.802149 1.801844 2.303408
v -0.804901 1.800277 2.290439
v -0.808019 1.797862 2.292892
v -0.805329 1.799279 2.303555
v -0.797378 1.784367 2.288072
v -0.795730 1.785584 2.294832
v -0.799757 1.784455 2.295867
v -0.800964 1.783048 2.287246
v -0.805291 1.794580 2.307904
v -0.804644 1.791392 2.311471
v -0.793618 1.787647 2.303578
v -0.793638 1.786276 2.306244
v -0.797225 1.786418 2.305983
v -0.797574 1.786872 2.303529
v -0.805450 1.783346 2.288615
v -0.803536 1.785852 2.296667
v -0.807132 1.788654 2.295451
v -0.808925 1.787225 2.290125
v -0.807985 1.792892 2.295187
v -0.791425 1.791231 2.303226
v -0.793558 1.788731 2.293280
v -0.793711 1.793609 2.291169
v -0.792271 1.796519 2.303487
v -0.805552 1.795431 2.304354
v -0.801319 1.788473 2.303213
v -0.804164 1.791473 2.304593
v -0.796892 1.801331 2.302682
v -0.792130 1.794251 2.308467
v -0.791485 1.781616 2.315406
v -0.793149 1.779913 2.313267
v -0.793062 1.783816 2.308397
v -0.790920 1.786319 2.310213
v -0.791443 1.789258 2.307754
v -0.791880 1.790359 2.312230
v -0.800859 1.781970 2.312209
v -0.803904 1.784275 2.314267
v -0.804701 1.786769 2.316559
v -0.799173 1.799680 2.288860
v -0.803977 1.788867 2.318886
v -0.801071 1.790218 2.320217
v -0.796856 1.784294 2.307900
v -0.796860 1.780494 2.312157
v -0.792401 1.784960 2.317674
v -0.796431 1.788927 2.319316
v -0.796998 1.784907 2.324445
v -0.793600 1.780453 2.322115
v -0.801701 1.786239 2.324370
v -0.804296 1.785701 2.322337
v -0.805044 1.784099 2.319805
v -0.792807 1.777209 2.318972
v -0.794719 1.776447 2.316664
v -0.797738 1.777837 2.315539
v -0.795066 1.774164 2.322493
v -0.795946 1.776718 2.326011
v -0.807129 1.775544 2.331659
v -0.805602 1.775684 2.332574
v -0.804154 1.777954 2.330276
v -0.805777 1.778689 2.329312
v -0.802296 1.780197 2.328612
v -0.802891 1.782109 2.327052
v -0.801118 1.776978 2.330975
v -0.799550 1.779431 2.328323
v -0.802455 1.774450 2.333783
v -0.800057 1.771518 2.332342
v -0.798182 1.774232 2.330024
v -0.797662 1.776714 2.328216
v -0.807522 1.772666 2.334122
v -0.806163 1.773722 2.334689
v -0.798494 1.781315 2.326792
v -0.805205 1.782420 2.324712
v -0.807082 1.778487 2.327718
v -0.808565 1.774547 2.330588
v -0.808252 1.771110 2.332549
v -0.807391 1.777637 2.325483
v -0.808537 1.773684 2.328479
v -0.808005 1.770683 2.330343
v -0.806502 1.776263 2.323184
v -0.807569 1.772786 2.326592
v -0.805754 1.781499 2.322040
v -0.804919 1.779819 2.319538
v -0.807594 1.770776 2.328619
v -0.805947 1.768819 2.332931
v -0.805079 1.769954 2.335026
v -0.803637 1.772012 2.335873
v -0.797330 1.772516 2.328407
v -0.799598 1.769683 2.331115
v -0.797346 1.771308 2.325907
v -0.800295 1.768617 2.329244
v -0.801469 1.770319 2.334353
v -0.802123 1.768719 2.333521
v -0.804298 1.781848 2.317153
v -0.801364 1.779783 2.315591
v -0.802430 1.777495 2.317932
v -0.804341 1.774159 2.321683
v -0.799193 1.775189 2.318135
v -0.796477 1.773803 2.319675
v -0.798797 1.770901 2.323634
v -0.801352 1.771791 2.321876
v -0.801666 1.768537 2.327305
v -0.803539 1.769382 2.325749
v -0.805816 1.771114 2.325499
v -0.804255 1.768057 2.329786
v -0.803277 1.767820 2.331678
v -0.806341 1.768813 2.330704
v -0.806342 1.769557 2.328541
v -0.804911 1.768694 2.328239
v -0.795447 1.787139 2.287649
v -0.879971 1.769507 2.284537
v -0.875430 1.769945 2.285589
v -0.868717 1.763517 2.289349
v -0.868685 1.757174 2.291275
v -0.872493 1.751880 2.291859
v -0.877771 1.751663 2.290815
v -0.882346 1.754160 2.289216
v -0.871548 1.767948 2.287363
v -0.883941 1.766664 2.284705
v -0.885113 1.759668 2.286880
v -0.887379 1.760610 2.296906
v -0.887140 1.767218 2.294514
v -0.883743 1.754287 2.298796
v -0.878336 1.752380 2.298901
v -0.873099 1.752780 2.297963
v -0.882693 1.771030 2.292274
v -0.878123 1.771496 2.292054
v -0.873438 1.769104 2.292738
v -0.885446 1.773203 2.301217
v -0.889713 1.769617 2.307415
v -0.883941 1.758951 2.319519
v -0.888329 1.759938 2.319744
v -0.887315 1.759033 2.315565
v -0.883254 1.757120 2.314924
v -0.886923 1.759462 2.312608
v -0.884230 1.756985 2.309855
v -0.891508 1.763517 2.315185
v -0.889667 1.763368 2.311815
v -0.892302 1.769359 2.314165
v -0.891155 1.767548 2.311423
v -0.892965 1.763924 2.319650
v -0.889004 1.761571 2.322876
v -0.891901 1.765198 2.323195
v -0.885796 1.762040 2.322966
v -0.889130 1.762897 2.308228
v -0.877958 1.754072 2.306722
v -0.878314 1.756258 2.313645
v -0.879470 1.759679 2.318893
v -0.881751 1.763950 2.322092
v -0.873421 1.758630 2.311794
v -0.875630 1.762659 2.317236
v -0.878642 1.766436 2.319795
v -0.871457 1.763497 2.309517
v -0.874406 1.766469 2.315318
v -0.872397 1.754767 2.303725
v -0.869500 1.759278 2.300839
v -0.876872 1.768098 2.318015
v -0.884608 1.769157 2.322436
v -0.888608 1.767215 2.324304
v -0.889990 1.772773 2.312174
v -0.893190 1.769775 2.318020
v -0.890440 1.773441 2.316825
v -0.886363 1.775199 2.309386
v -0.886634 1.775596 2.315517
v -0.893074 1.769206 2.321419
v -0.890379 1.771851 2.321235
v -0.869499 1.757523 2.296347
v -0.870031 1.764016 2.294471
v -0.870474 1.765840 2.298595
v -0.873282 1.769205 2.307354
v -0.874439 1.771841 2.297994
v -0.880346 1.774472 2.298629
v -0.881837 1.776009 2.307639
v -0.876982 1.774065 2.306647
v -0.882483 1.775718 2.314223
v -0.879009 1.774087 2.313285
v -0.876246 1.770661 2.313845
v -0.882463 1.773688 2.318155
v -0.886159 1.773453 2.319962
v -0.881095 1.770358 2.319952
v -0.878720 1.770823 2.317512
v -0.880159 1.773085 2.316578
v -0.800328 1.781729 2.283185
v -0.806000 1.781949 2.284605
v -0.805540 1.778798 2.280103
v -0.805018 1.773301 2.275795
v -0.799567 1.769724 2.269547
v -0.811326 1.774083 2.275548
v -0.811648 1.779773 2.280321
v -0.812580 1.785103 2.286240
v -0.816376 1.770907 2.270285
v -0.973047 1.679843 1.940311
v -0.970881 1.680176 1.937371
v -0.969520 1.676463 1.932062
v -0.970302 1.675596 1.936602
v -0.972111 1.674238 1.939515
v -0.974707 1.672730 1.942434
v -0.982024 1.678824 1.945089
v -0.976937 1.678848 1.942714
v -0.988614 1.670294 1.942662
v -0.988051 1.671473 1.942399
v -0.988307 1.669904 1.942414
v -0.983247 1.672021 1.943942
v -0.986735 1.670519 1.941435
v -0.967828 1.680125 1.931627
v -0.967461 1.679772 1.929847
v -0.969326 1.680118 1.934109
v -0.979090 1.671868 1.944335
v -0.967548 1.678981 1.929564
v -0.968412 1.678007 1.930537
v -0.986109 1.676831 1.944343
v -0.972096 1.676560 1.940150
v -0.974872 1.675450 1.943640
v -0.980691 1.677031 1.945588
v -0.975833 1.678391 1.944081
v -0.983359 1.673723 1.944636
v -0.985616 1.673336 1.943838
v -0.970376 1.677462 1.937215
v -0.979644 1.674359 1.945388
v -0.972642 1.679186 1.940653
v -0.985968 1.672628 1.942404
v -0.984516 1.674408 1.942890
v -0.968172 1.679208 1.930533
v -0.968232 1.679104 1.930478
v -0.984040 1.472147 1.855450
v -0.978366 1.456177 1.862815
v -0.970745 1.679666 1.937610
v -0.968928 1.678472 1.931071
v -0.969669 1.678337 1.934702
v -0.969904 1.679787 1.934992
v -0.968921 1.679377 1.931433
v -0.866771 1.583267 1.920345
v -0.864745 1.570640 1.927547
v -0.840111 1.608056 1.897696
v -0.824639 1.603973 1.890793
v -0.887439 1.230963 1.881658
v -0.882936 1.250197 1.711756
v -0.881009 1.276227 1.705369
v -0.949973 1.261036 1.693306
v -0.932376 1.258371 1.692781
v -0.838652 1.268894 1.795223
v -0.838419 1.248647 1.798105
v -0.864606 1.262944 1.845651
v -0.864207 1.244615 1.848316
v -0.841719 1.230085 1.821890
v -0.911867 1.202940 1.711916
v -0.915068 1.227798 1.704683
v -0.899427 1.226821 1.711547
v -0.895961 1.202516 1.717137
v -0.964553 1.235585 1.708007
v -0.966053 1.264518 1.698658
v -0.837265 1.292135 1.774076
v -0.840408 1.293051 1.752494
v -0.862496 1.297433 1.717672
v -0.877704 1.302167 1.705118
v -0.911975 1.312969 1.689151
v -0.894128 1.307749 1.695943
v -0.878039 1.281036 1.858218
v -0.896763 1.297635 1.866985
v -0.839707 1.290596 1.795510
v -0.924855 1.278661 1.885833
v -0.950908 1.345125 1.677983
v -0.928136 1.346342 1.680488
v -0.849024 1.294682 1.733553
v -0.954304 1.423694 1.883741
v -0.949670 1.408195 1.890401
v -0.936644 1.415474 1.889292
v -0.940851 1.430518 1.882128
v -0.923552 1.421258 1.887571
v -0.911352 1.426425 1.884454
v -0.900688 1.430650 1.880257
v -0.879919 1.437384 1.863974
v -0.885240 1.435899 1.869630
v -0.869884 1.437086 1.850341
v -0.875446 1.438496 1.857884
v -0.862027 1.429996 1.839487
v -0.853601 1.420169 1.827302
v -0.845200 1.410622 1.813679
v -0.849531 1.427653 1.811233
v -0.849317 1.403351 1.832007
v -0.857304 1.414248 1.843818
v -0.864588 1.420769 1.854408
v -0.951220 1.364703 1.897691
v -0.945675 1.343462 1.892847
v -0.990088 1.487294 1.849608
v -0.770353 1.641690 2.095289
v -0.839015 1.726591 2.164087
v -0.983268 1.520446 1.717184
v -1.003611 1.514239 1.720225
v -1.019541 1.500082 1.718780
v -1.021359 1.509254 1.722199
v -0.921832 1.564868 1.737630
v -0.928818 1.548513 1.721669
v -0.943298 1.534396 1.713151
v -0.960630 1.521204 1.710601
v -0.851443 1.307999 1.817245
v -0.972919 1.493456 1.704826
v -0.954555 1.513060 1.704851
v -0.935380 1.527377 1.705673
v -0.918852 1.542591 1.716382
v -0.908254 1.561908 1.734518
v -0.899036 1.568095 1.744020
v -0.878901 1.564753 1.750568
v -0.873862 1.571275 1.761041
v -0.882204 1.582964 1.770350
v -0.878707 1.589812 1.779535
v -0.870784 1.577525 1.770256
v -0.830734 1.596676 1.856446
v -0.821219 1.593675 1.871552
v -0.810446 1.586176 1.881127
v -0.802872 1.575601 1.887912
v -0.799761 1.567858 1.891024
v -0.798969 1.559082 1.890308
v -0.801560 1.548041 1.883370
v -0.820884 1.518518 1.848840
v -0.829595 1.507249 1.828560
v -0.843950 1.467067 1.759863
v -0.848926 1.457338 1.745762
v -0.865941 1.402001 1.711623
v -0.858235 1.420275 1.720575
v -0.872586 1.380996 1.704266
v -0.879799 1.091847 1.739563
v -0.888926 1.112659 1.737042
v -0.871353 1.119187 1.739222
v -0.861593 1.099609 1.741362
v -0.953513 1.154469 1.735607
v -0.934793 1.153219 1.731281
v -0.816752 1.155538 1.792070
v -0.824919 1.146144 1.771798
v -0.838019 1.136464 1.756156
v -0.854087 1.127548 1.745191
v -0.813965 1.162953 1.813134
v -0.862263 1.172354 1.906521
v -0.848712 1.171818 1.890411
v -0.908632 1.174150 1.939708
v -0.892189 1.173614 1.931907
v -0.816767 1.167341 1.834641
v -0.876755 1.173108 1.920746
v -0.835843 1.171012 1.873201
v -0.824439 1.169574 1.854772
v -0.895126 1.133304 1.733710
v -0.912114 1.130565 1.734123
v -0.917632 1.153513 1.728964
v -0.963480 1.418478 1.678490
v -0.942821 1.426200 1.680184
v -0.923125 1.435961 1.684749
v -0.906321 1.462891 1.692834
v -0.887885 1.474949 1.701514
v -0.886655 1.460266 1.700852
v -0.903981 1.447906 1.692072
v -0.860458 1.496367 1.734367
v -0.853048 1.502804 1.747617
v -0.851245 1.493990 1.748744
v -0.859620 1.485237 1.731993
v -0.843868 1.500415 1.762169
v -0.837130 1.507092 1.777221
v -0.831724 1.514673 1.795121
v -0.826408 1.524812 1.812636
v -0.831366 1.543029 1.799786
v -0.836936 1.535668 1.785353
v -0.862954 1.506299 1.734361
v -0.873527 1.498715 1.718375
v -0.967162 1.446313 1.690044
v -0.985931 1.436887 1.693110
v -0.839398 1.409497 1.799212
v -0.835245 1.410135 1.783072
v -0.834869 1.412390 1.768209
v -0.838347 1.416038 1.755383
v -0.842057 1.421578 1.744166
v -0.848049 1.427945 1.734346
v -0.855347 1.435252 1.727002
v -0.852533 1.446708 1.734821
v -0.861536 1.442955 1.721646
v -0.856536 1.455045 1.732391
v -0.866643 1.451833 1.717130
v -0.869963 1.462010 1.714053
v -0.871303 1.473955 1.714072
v -0.871724 1.486701 1.716366
v -0.905454 1.477689 1.694641
v -0.887318 1.489005 1.704090
v -0.925564 1.481730 1.692118
v -0.924960 1.495147 1.694848
v -0.927548 1.451769 1.685960
v -0.926076 1.466958 1.689071
v -0.960769 1.562844 1.740959
v -0.975427 1.554320 1.734454
v -0.806960 1.552795 1.866616
v -0.803470 1.555838 1.876418
v -0.804654 1.548163 1.872754
v -0.806852 1.548591 1.866232
v -0.804460 1.562895 1.876167
v -0.810531 1.565497 1.861518
v -0.807318 1.571075 1.874441
v -0.807610 1.557797 1.866781
v -0.813287 1.579528 1.868195
v -0.815364 1.573293 1.856935
v -0.820592 1.586218 1.860137
v -0.820924 1.579953 1.850559
v -0.825302 1.584226 1.844855
v -0.827016 1.589348 1.849608
v -0.835451 1.571222 1.807242
v -0.831429 1.577302 1.821321
v -0.827801 1.581507 1.834533
v -0.820404 1.534793 1.828522
v -0.815264 1.544688 1.842286
v -0.811365 1.552391 1.854369
v -0.814057 1.559479 1.849498
v -0.817837 1.551592 1.836901
v -0.822593 1.542041 1.821864
v -0.965556 1.430791 1.682805
v -0.947360 1.442064 1.682299
v -0.846141 1.509880 1.760555
v -0.840762 1.516361 1.772644
v -0.835689 1.523784 1.786740
v -0.828935 1.532906 1.804822
v -0.843757 1.527474 1.770465
v -0.850074 1.520751 1.758371
v -0.856216 1.513617 1.746893
v -0.948351 1.456153 1.687336
v -0.984225 1.421458 1.685079
v -0.910038 1.558597 1.847615
v -0.911293 1.581184 1.833269
v -0.902681 1.595274 1.814589
v -0.890153 1.597585 1.794922
v -1.031509 1.544452 1.740547
v -0.793463 1.579104 2.045336
v -0.993629 1.365723 1.680418
v -0.998198 1.386685 1.679471
v -0.982934 1.293842 1.697450
v -0.985657 1.315293 1.686323
v -0.941538 1.179477 1.721042
v -0.958578 1.181448 1.725906
v -0.962775 1.208348 1.716195
v -0.971399 1.131058 1.745781
v -0.971932 1.155941 1.744145
v -0.977482 1.212792 1.723963
v -0.979304 1.239613 1.716137
v -0.970925 1.343250 1.679575
v -0.984295 1.409880 1.677673
v -1.004041 1.415978 1.687433
v -1.005821 1.428277 1.694347
v -1.009155 1.443903 1.698346
v -0.883975 1.403601 1.887333
v -0.887877 1.418568 1.881662
v -0.896836 1.415773 1.886921
v -0.892778 1.401027 1.892515
v -0.870872 1.407132 1.874024
v -0.874839 1.421772 1.869005
v -0.880643 1.420509 1.875418
v -0.876368 1.405437 1.880841
v -0.869842 1.422247 1.862111
v -0.865804 1.407043 1.866731
v -0.880352 1.387465 1.890503
v -0.873187 1.389428 1.884021
v -0.888699 1.385054 1.895601
v -0.863087 1.392048 1.869975
v -0.867633 1.391099 1.877217
v -0.980963 1.563408 1.904506
v -0.975452 1.564909 1.919674
v -0.981387 1.597480 1.946171
v -0.983286 1.601610 1.945177
v -1.001226 1.559369 1.873129
v -1.002455 1.552841 1.866295
v -0.981246 1.580744 1.938435
v -0.979039 1.568224 1.932797
v -0.987886 1.619338 1.959420
v -0.988055 1.616472 1.956572
v -0.985682 1.606144 1.953391
v -0.985424 1.602543 1.950327
v -1.004839 1.545687 1.857546
v -0.992247 1.562552 1.891461
v -1.009334 1.531804 1.842341
v -1.010037 1.525196 1.838621
v -1.000447 1.519611 1.836004
v -0.997661 1.509784 1.838753
v -0.956633 1.384120 1.896549
v -0.969313 1.425760 1.875401
v -0.966167 1.416533 1.886004
v -0.973334 1.439926 1.868697
v -0.993325 1.499502 1.845056
v -1.007251 1.538471 1.848948
v -0.982700 1.592778 1.944613
v -0.982633 1.588216 1.940462
v -0.987604 1.613021 1.954401
v -0.986656 1.609358 1.953558
v -0.996124 1.467131 1.857658
v -0.991254 1.450563 1.864852
v -0.961604 1.400810 1.892093
v -0.964465 1.359937 1.897576
v -0.960371 1.337481 1.893263
v -1.000828 1.482863 1.851346
v -0.957663 1.319782 1.883625
v -0.783673 0.980538 1.846173
v -0.796382 0.956331 1.849746
v -0.812373 0.955496 1.832111
v -0.800784 0.973608 1.830078
v -0.801021 1.013660 1.811332
v -0.802318 1.036749 1.799250
v -0.804710 1.060555 1.786479
v -0.830873 0.940720 1.832364
v -0.863855 0.941613 1.812960
v -0.856128 0.931144 1.833163
v -0.821297 1.045821 1.774827
v -0.818073 1.022857 1.787788
v -0.810081 0.971438 1.821441
v -0.811534 0.983046 1.812765
v -0.796466 0.993139 1.822623
v -0.839591 0.949801 1.815670
v -0.820878 0.960848 1.819426
v -0.917298 1.084537 1.744263
v -0.910712 1.062690 1.748143
v -0.936906 1.061767 1.752960
v -0.843609 1.109976 1.748581
v -0.851925 1.079214 1.746644
v -0.945039 0.941552 1.849028
v -0.826664 0.972187 1.806562
v -0.870005 0.956412 1.795037
v -0.845768 0.963331 1.800038
v -0.879523 1.020079 1.757931
v -0.857936 1.025994 1.760975
v -0.853792 1.003110 1.771825
v -0.876311 0.997794 1.766986
v -0.839142 1.034445 1.766600
v -0.844678 1.057374 1.755303
v -0.883582 1.043407 1.750806
v -0.863329 1.049374 1.751634
v -0.870630 1.071309 1.744252
v -0.834999 1.011279 1.779132
v -0.874548 0.975500 1.779346
v -0.900751 0.971879 1.779003
v -0.928311 0.973399 1.786314
v -0.956527 0.975020 1.797978
v -0.960182 0.993557 1.784927
v -0.889889 1.065636 1.745275
v -0.905364 1.109165 1.738306
v -0.898152 1.087523 1.741150
v -0.923649 1.177410 1.720236
v -0.701569 0.960945 2.097116
v -0.907716 0.970492 1.956112
v -0.898734 0.985686 1.973240
v -0.762989 1.082593 1.885945
v -0.763781 1.022267 1.855878
v -0.781744 1.006094 1.837228
v -0.878649 1.014309 1.990782
v -0.863544 1.034644 1.992000
v -0.770323 1.097065 1.913974
v -0.802078 1.086103 1.961854
v -0.890490 0.998585 1.984287
v -0.815511 1.001059 1.801331
v -0.831298 0.989683 1.793693
v -0.850778 0.981087 1.784730
v -0.897908 0.953287 1.795086
v -0.925825 0.955919 1.800660
v -0.952995 0.960763 1.812812
v -0.894101 1.073248 1.975297
v -0.906956 1.078616 1.977054
v -0.899771 1.081040 1.974693
v -0.917568 1.089704 1.974097
v -0.915750 1.078033 1.979976
v -0.904884 1.066375 1.979777
v -0.916228 1.064106 1.982588
v -0.915431 1.049104 1.983885
v -0.861767 1.158527 1.914265
v -0.847021 1.157861 1.897853
v -0.908511 1.158675 1.946452
v -0.893202 1.158858 1.938677
v -0.810412 1.154445 1.841488
v -0.877557 1.158826 1.927955
v -0.832353 1.157852 1.880987
v -0.819002 1.156758 1.861852
v -0.965067 1.038991 1.764937
v -0.966913 1.062348 1.759227
v -0.923690 1.158097 1.951153
v -0.980857 1.562261 1.921898
v -0.986338 1.561721 1.906457
v -1.023608 1.735893 1.967627
v -1.036820 1.589200 1.779827
v -1.004102 1.679919 1.968889
v -0.984881 1.601047 1.945955
v -0.986918 1.620320 1.962730
v -1.009348 1.515369 1.835690
v -1.006753 1.504771 1.838494
v -0.921856 0.974374 1.949643
v -1.003588 1.494894 1.846043
v -0.923061 0.967701 1.943942
v -0.980919 1.269367 1.706712
v -0.695821 0.518806 2.170947
v -0.703176 0.517543 2.158576
v -0.696171 0.492372 2.165847
v -0.690204 0.493885 2.178610
v -0.699526 0.516756 2.128240
v -0.706031 0.516033 2.139950
v -0.688057 0.516646 2.120792
v -0.674456 0.516660 2.120240
v -0.675621 0.489992 2.129468
v -0.687635 0.489874 2.128065
v -0.664341 0.517828 2.124859
v -0.655885 0.492321 2.139540
v -0.655635 0.519509 2.131709
v -0.645635 0.521444 2.146756
v -0.647631 0.495231 2.154318
v -0.642831 0.521664 2.165693
v -0.643410 0.496147 2.172905
v -0.649701 0.520933 2.181850
v -0.684278 0.519645 2.181247
v -0.679468 0.495439 2.191525
v -0.698299 0.490305 2.135441
v -0.701811 0.489950 2.146565
v -0.698919 0.491145 2.156329
v -0.706256 0.516468 2.150387
v -0.693791 0.466952 2.174387
v -0.693275 0.470472 2.192205
v -0.699386 0.463909 2.140586
v -0.697695 0.464422 2.153096
v -0.677361 0.464017 2.137320
v -0.690313 0.463569 2.132442
v -0.652446 0.465599 2.144164
v -0.664611 0.464797 2.140682
v -0.665104 0.491034 2.133770
v -0.645292 0.468987 2.158961
v -0.640452 0.471191 2.180681
v -0.678063 0.473035 2.203686
v -0.694766 0.465120 2.162310
v -0.561998 0.399154 2.311994
v -0.563418 0.403190 2.311515
v -0.566487 0.403832 2.314633
v -0.566652 0.399253 2.316793
v -0.585246 0.405585 2.339422
v -0.585858 0.414332 2.340221
v -0.593691 0.413410 2.343256
v -0.595645 0.404352 2.344062
v -0.572580 0.402633 2.330554
v -0.573859 0.398550 2.327873
v -0.570218 0.397847 2.324965
v -0.566862 0.401806 2.325803
v -0.561729 0.395629 2.277632
v -0.563045 0.391062 2.276502
v -0.560437 0.390705 2.272931
v -0.558878 0.394087 2.272858
v -0.562541 0.396543 2.299444
v -0.563896 0.392045 2.297738
v -0.561674 0.391949 2.294420
v -0.559036 0.395195 2.294185
v -0.596659 0.414356 2.319688
v -0.609383 0.416858 2.324776
v -0.600218 0.414226 2.335968
v -0.589184 0.415570 2.330992
v -0.607673 0.406360 2.338223
v -0.617221 0.406884 2.326065
v -0.612260 0.398014 2.323146
v -0.603172 0.400116 2.333612
v -0.599524 0.397119 2.318851
v -0.592011 0.398513 2.328885
v -0.591567 0.404707 2.316908
v -0.582261 0.406530 2.327146
v -0.576757 0.402841 2.308588
v -0.580339 0.410480 2.310747
v -0.571734 0.408462 2.319819
v -0.567736 0.402226 2.316529
v -0.587819 0.411356 2.317592
v -0.577497 0.409120 2.324902
v -0.591009 0.402844 2.320147
v -0.589092 0.396917 2.315887
v -0.579870 0.397625 2.324532
v -0.582008 0.403618 2.329380
v -0.582160 0.396702 2.310643
v -0.573364 0.396537 2.318720
v -0.571197 0.406967 2.296826
v -0.578051 0.407313 2.303886
v -0.571086 0.404393 2.310760
v -0.565560 0.404062 2.305774
v -0.574481 0.398324 2.314598
v -0.580665 0.399153 2.307318
v -0.577988 0.394161 2.303289
v -0.571465 0.394044 2.311150
v -0.571439 0.393874 2.297425
v -0.565961 0.393397 2.306569
v -0.567569 0.400168 2.295204
v -0.562058 0.398534 2.304191
v -0.563641 0.396857 2.277626
v -0.565946 0.403669 2.279111
v -0.561368 0.400663 2.287915
v -0.560094 0.394678 2.286820
v -0.570213 0.404433 2.285931
v -0.565191 0.402197 2.292370
v -0.568794 0.398443 2.296584
v -0.571710 0.399355 2.290061
v -0.571476 0.391928 2.287146
v -0.568144 0.391422 2.294512
v -0.567003 0.390635 2.280264
v -0.563052 0.390344 2.289005
v -0.564418 0.400372 2.259432
v -0.560126 0.399631 2.266706
v -0.559754 0.393839 2.265693
v -0.564831 0.393793 2.257702
v -0.567196 0.402067 2.266360
v -0.564169 0.400684 2.272178
v -0.567004 0.396543 2.274993
v -0.568176 0.397180 2.269338
v -0.569799 0.389901 2.268168
v -0.567100 0.390005 2.273751
v -0.567205 0.389309 2.261631
v -0.562657 0.388899 2.268173
v -0.601632 0.412909 2.307385
v -0.617220 0.418483 2.313374
v -0.596064 0.401354 2.339435
v -0.624745 0.406798 2.314432
v -0.589936 0.400803 2.336691
v -0.603480 0.395666 2.307434
v -0.619285 0.397734 2.311294
v -0.596397 0.403832 2.312912
v -0.568575 0.406635 2.325425
v -0.588875 0.393378 2.296786
v -0.584112 0.400982 2.302987
v -0.572034 0.407174 2.328218
v -0.588450 0.410425 2.297060
v -0.579244 0.406577 2.281774
v -0.566656 0.395401 2.314146
v -0.563693 0.395320 2.311629
v -0.578288 0.390702 2.282712
v -0.572569 0.399897 2.287930
v -0.559479 0.399317 2.293360
v -0.573236 0.388480 2.267073
v -0.568122 0.397069 2.269483
v -0.561967 0.400208 2.296318
v -0.572673 0.404464 2.264813
v -0.560585 0.397182 2.272836
v -0.572361 0.386799 2.253680
v -0.569628 0.393016 2.247992
v -0.561876 0.398514 2.275678
v -0.569410 0.401688 2.250862
v -0.667224 0.496338 2.197953
v -0.672248 0.519836 2.188346
v -0.659863 0.519902 2.188605
v -0.655499 0.495676 2.196990
v -0.647847 0.496047 2.189014
v -0.662709 0.474788 2.210171
v -0.650259 0.473801 2.207034
v -0.643778 0.471706 2.197787
v -0.643027 0.446710 2.158003
v -0.652037 0.444926 2.144220
v -0.666752 0.445018 2.141484
v -0.679816 0.444301 2.135844
v -0.693477 0.444069 2.132175
v -0.674570 0.454440 2.212278
v -0.658602 0.458087 2.222887
v -0.644106 0.458185 2.221035
v -0.636231 0.454528 2.208003
v -0.629120 0.422469 2.301865
v -0.613852 0.421671 2.293425
v -0.625021 0.430362 2.279377
v -0.638099 0.423106 2.285393
v -0.601066 0.417226 2.282636
v -0.612228 0.427087 2.268395
v -0.591729 0.412530 2.269097
v -0.603332 0.420110 2.255316
v -0.583863 0.408527 2.254045
v -0.595541 0.413569 2.241638
v -0.577161 0.403527 2.240992
v -0.589132 0.405250 2.229051
v -0.574433 0.393276 2.236274
v -0.585765 0.394189 2.223259
v -0.636330 0.408174 2.303562
v -0.644931 0.408981 2.285947
v -0.630109 0.394726 2.297836
v -0.638963 0.394239 2.281003
v -0.616786 0.391248 2.288509
v -0.627479 0.390171 2.271766
v -0.589523 0.382953 2.227411
v -0.579093 0.383477 2.241761
v -0.604385 0.389227 2.276257
v -0.615767 0.388760 2.259812
v -0.594078 0.385558 2.263510
v -0.605629 0.384732 2.247485
v -0.586131 0.383074 2.251726
v -0.597160 0.381791 2.236362
v -0.638162 0.436937 2.262525
v -0.623887 0.438379 2.252274
v -0.615517 0.430506 2.238795
v -0.608956 0.420956 2.225443
v -0.604213 0.408655 2.213727
v -0.600026 0.396506 2.207251
v -0.621895 0.430175 2.201909
v -0.620686 0.409696 2.194797
v -0.617251 0.396362 2.191800
v -0.634062 0.395953 2.175280
v -0.635415 0.409508 2.175080
v -0.662733 0.406200 2.144641
v -0.649938 0.408318 2.157794
v -0.648269 0.394803 2.157605
v -0.661469 0.391702 2.143664
v -0.635187 0.428501 2.177807
v -0.648607 0.427100 2.159600
v -0.660484 0.426283 2.147076
v -0.684943 0.391128 2.131786
v -0.684603 0.406195 2.129843
v -0.673348 0.405452 2.136443
v -0.672436 0.390638 2.135567
v -0.701314 0.391502 2.135211
v -0.702079 0.406793 2.131381
v -0.709860 0.407518 2.146326
v -0.710474 0.393277 2.149132
v -0.682668 0.425801 2.132825
v -0.671645 0.425295 2.139482
v -0.697037 0.426468 2.131880
v -0.704309 0.427013 2.144624
v -0.704445 0.408705 2.164397
v -0.699162 0.427757 2.161155
v -0.708383 0.395461 2.167275
v -0.648298 0.422693 2.264792
v -0.652263 0.409795 2.262641
v -0.625680 0.442551 2.221901
v -0.635019 0.448492 2.235475
v -0.653219 0.443915 2.240006
v -0.662350 0.424182 2.244121
v -0.662451 0.408784 2.239683
v -0.676303 0.419674 2.222775
v -0.673919 0.406291 2.219921
v -0.647949 0.398426 2.258238
v -0.657434 0.400852 2.234631
v -0.669406 0.398488 2.215312
v -0.687048 0.416183 2.204927
v -0.686079 0.402926 2.203734
v -0.693087 0.413600 2.188685
v -0.694870 0.400226 2.190526
v -0.702193 0.397922 2.179766
v -0.698137 0.411141 2.176813
v -0.691423 0.431039 2.184574
v -0.694748 0.429671 2.173125
v -0.685357 0.433318 2.200627
v -0.674071 0.437687 2.219924
v -0.603318 0.384902 2.210440
v -0.618609 0.386681 2.193887
v -0.635675 0.387483 2.177994
v -0.651009 0.384610 2.161664
v -0.664871 0.381794 2.149299
v -0.675293 0.380987 2.142982
v -0.686096 0.381499 2.139494
v -0.698402 0.383282 2.142680
v -0.705474 0.384861 2.152528
v -0.704004 0.385519 2.167011
v -0.698899 0.386546 2.178449
v -0.682389 0.393566 2.200377
v -0.692244 0.389192 2.188630
v -0.690733 0.450716 2.197524
v -0.694715 0.448585 2.181394
v -0.695456 0.447071 2.169322
v -0.700564 0.445043 2.142972
v -0.697140 0.445566 2.158232
v -0.638848 0.392457 2.250406
v -0.627829 0.389522 2.239112
v -0.618195 0.385446 2.227704
v -0.609970 0.383031 2.218101
v -0.624435 0.384176 2.199818
v -0.632097 0.385871 2.207652
v -0.641582 0.389096 2.217903
v -0.650553 0.394779 2.227872
v -0.640468 0.384197 2.183610
v -0.647057 0.384789 2.190632
v -0.656536 0.387047 2.199696
v -0.663571 0.391849 2.208935
v -0.677269 0.386793 2.194108
v -0.671429 0.383361 2.185300
v -0.662327 0.382004 2.176295
v -0.656836 0.381853 2.168839
v -0.669861 0.380076 2.157654
v -0.674859 0.380700 2.165595
v -0.682641 0.381947 2.174038
v -0.687255 0.384106 2.182213
v -0.678393 0.379619 2.152034
v -0.694590 0.380824 2.149363
v -0.686402 0.379903 2.148666
v -0.699720 0.381591 2.155228
v -0.697849 0.382193 2.164810
v -0.693304 0.382868 2.173606
v -0.692542 0.381299 2.161663
v -0.688278 0.381471 2.167306
v -0.682100 0.380510 2.159818
v -0.687614 0.380604 2.155651
v -0.695122 0.381225 2.156732
v -0.692415 0.380914 2.153681
v -0.637209 0.448542 2.185872
v -1.034026 1.559020 1.751038
v -1.018202 1.491254 1.715493
v -0.686473 0.793696 2.184141
v -0.671509 0.793360 2.183139
v -0.656996 0.798048 2.176559
v -0.788756 1.101373 1.932761
v -0.875180 1.230999 1.866870
v -0.876453 1.263073 1.859505
v -0.876316 1.246094 1.862368
v -0.777361 1.088662 1.946813
v -0.847337 1.287406 1.814315
v -0.949851 0.949480 1.830022
v -1.012053 1.458308 1.702942
v -0.892843 1.434290 1.875295
v -0.962796 1.016201 1.773096
v -0.965195 1.691938 1.853424
v -0.967252 1.689276 1.853192
v -0.967584 1.686083 1.850813
v -0.970171 1.684914 1.846987
v -0.969790 1.683992 1.844465
v -0.968967 1.683847 1.840826
v -0.967669 1.689284 1.848091
v -0.968934 1.688552 1.847613
v -0.968371 1.689356 1.849893
v -0.967439 1.689776 1.849746
v -0.986108 1.433096 1.869333
v -0.981626 1.420007 1.876472
v -0.977792 1.411304 1.888618
v -0.973014 1.396220 1.894179
v -0.983185 1.596666 1.946950
v -0.929969 1.197938 1.919180
v -0.931650 1.202873 1.910326
v -0.974626 1.185273 1.734186
v -0.926589 1.185576 1.936928
v -0.933062 1.212902 1.906194
v -0.989451 1.341349 1.682090
v -0.968143 1.378945 1.897881
v -0.924964 1.173922 1.944805
v -1.002345 1.404696 1.679318
v -0.934760 1.228446 1.902839
v -0.919102 1.105144 1.969276
v -0.943813 1.276531 1.888969
v -1.058223 1.696205 1.968698
v -1.068453 1.685683 1.960755
v -1.057167 1.677188 1.966148
v -1.045953 1.684055 1.971967
v -1.048983 1.668909 1.969199
v -1.038804 1.673256 1.972622
v -1.074276 1.675455 1.951874
v -1.064214 1.669808 1.958427
v -1.063434 1.636513 1.946009
v -1.063848 1.645544 1.947332
v -1.070807 1.643180 1.941105
v -1.068915 1.631672 1.938296
v -1.057075 1.612761 1.938237
v -1.058993 1.605311 1.927122
v -1.049338 1.598321 1.932255
v -1.047175 1.606334 1.941928
v -1.015388 1.625345 1.955799
v -1.020286 1.630310 1.956957
v -1.024524 1.623201 1.957211
v -1.019011 1.617932 1.955238
v -1.008166 1.636975 1.960362
v -1.003349 1.641014 1.965119
v -1.006597 1.646460 1.962434
v -1.011595 1.641834 1.958572
v -1.009291 1.621388 1.953993
v -1.013365 1.614083 1.952908
v -1.008399 1.627920 1.957689
v -1.012426 1.631816 1.957279
v -1.001303 1.622185 1.965685
v -0.997380 1.622814 1.969657
v -0.999138 1.628743 1.970738
v -1.003223 1.627015 1.964909
v -1.006051 1.621948 1.957380
v -1.002484 1.619666 1.958138
v -1.003157 1.621115 1.961475
v -1.005790 1.624458 1.960413
v -1.004853 1.632339 1.962139
v -1.000769 1.635262 1.967830
v -0.995355 1.637210 1.972557
v -0.993138 1.629442 1.975383
v -1.026784 1.603842 1.949953
v -1.020872 1.601622 1.949444
v -1.017378 1.607470 1.951953
v -1.023180 1.610635 1.953449
v -1.003545 1.616842 1.954316
v -1.003247 1.601341 1.951875
v -0.997561 1.603303 1.953759
v -0.998147 1.606929 1.954545
v -1.004411 1.604570 1.952348
v -1.030639 1.590881 1.939974
v -1.029232 1.584110 1.935102
v -1.021677 1.585671 1.939072
v -1.023105 1.590397 1.942232
v -1.018435 1.580516 1.935834
v -1.025826 1.578134 1.930652
v -1.013165 1.566331 1.925035
v -1.007522 1.572335 1.934020
v -1.013991 1.576099 1.934136
v -1.020155 1.571898 1.927229
v -0.996359 1.578991 1.939467
v -0.999461 1.569132 1.934857
v -0.991669 1.567484 1.934980
v -0.990271 1.578958 1.939482
v -1.001993 1.597583 1.944184
v -1.002668 1.598803 1.949780
v -1.006789 1.597250 1.947235
v -1.006607 1.596547 1.944470
v -1.010248 1.595201 1.942892
v -1.010522 1.595555 1.943976
v -1.011898 1.595613 1.944610
v -1.011546 1.594324 1.943310
v -1.008897 1.595892 1.943687
v -1.009207 1.595754 1.942459
v -1.006657 1.595502 1.943572
v -1.002464 1.595270 1.945674
v -0.987797 1.595376 1.948146
v -0.988790 1.600133 1.946485
v -0.992129 1.599417 1.946143
v -0.991821 1.594866 1.948467
v -1.010400 1.597136 1.946783
v -1.007783 1.599030 1.949005
v -1.009126 1.601545 1.949784
v -1.012735 1.598501 1.947816
v -1.015983 1.600226 1.948999
v -1.017953 1.596051 1.946362
v -1.014311 1.595906 1.945666
v -1.010385 1.593197 1.943026
v -1.014128 1.592944 1.943613
v -1.012867 1.590968 1.942654
v -1.010280 1.589071 1.941971
v -1.007714 1.592398 1.943452
v -1.003606 1.591660 1.944564
v -1.005915 1.587393 1.941565
v -1.000343 1.586310 1.942733
v -0.998261 1.590790 1.945815
v -1.012713 1.605118 1.951032
v -1.017854 1.591317 1.943287
v -1.022745 1.596346 1.946209
v -1.016432 1.588023 1.941319
v -1.013443 1.584855 1.939577
v -1.003271 1.579828 1.938922
v -1.009208 1.581836 1.938727
v -1.004186 1.562885 1.925337
v -0.995003 1.561050 1.925542
v -1.043658 1.663763 1.967191
v -1.036270 1.666838 1.967889
v -1.043713 1.657527 1.962132
v -1.040072 1.659497 1.963759
v -1.040516 1.661283 1.964097
v -1.045526 1.658849 1.962784
v -1.058167 1.648346 1.950919
v -1.057955 1.642272 1.949957
v -1.052964 1.647434 1.952293
v -1.053184 1.651012 1.953606
v -1.042637 1.641368 1.955798
v -1.041983 1.648198 1.958144
v -1.045495 1.648998 1.956582
v -1.047586 1.642091 1.954414
v -1.037867 1.648872 1.958770
v -1.037480 1.642340 1.956592
v -1.032890 1.644541 1.956596
v -1.033891 1.650291 1.959029
v -1.035816 1.663255 1.963880
v -1.034964 1.661477 1.963228
v -1.030036 1.662732 1.961054
v -1.029583 1.664755 1.961644
v -1.020188 1.659608 1.954111
v -1.017548 1.659611 1.954125
v -1.018627 1.662678 1.955085
v -1.021674 1.661283 1.954695
v -1.021708 1.657836 1.954739
v -1.019078 1.656109 1.953827
v -1.057929 1.721397 1.967325
v -1.071781 1.709345 1.960571
v -1.044358 1.704493 1.974938
v -1.080668 1.695312 1.952681
v -1.084578 1.681436 1.943784
v -1.050134 1.590539 1.923043
v -1.039024 1.585917 1.929783
v -1.038971 1.593556 1.937038
v -1.047845 1.582162 1.915290
v -1.035236 1.577818 1.923405
v -1.021134 1.564197 1.910878
v -1.029553 1.569957 1.916429
v -1.059251 1.590804 1.905739
v -1.056679 1.585672 1.895372
v -1.042966 1.574893 1.905052
v -1.067972 1.598890 1.888103
v -1.067641 1.599004 1.878419
v -1.053795 1.581979 1.881511
v -1.037739 1.555669 1.865882
v -1.050144 1.559568 1.860993
v -1.051815 1.548831 1.852054
v -1.040311 1.545641 1.857195
v -1.060430 1.597824 1.915665
v -1.077991 1.653588 1.936377
v -1.077275 1.640956 1.931439
v -1.070184 1.653641 1.944991
v -1.104308 1.710774 1.926056
v -1.105430 1.694077 1.921837
v -1.095428 1.687575 1.933811
v -1.092954 1.704103 1.940530
v -1.086636 1.750629 1.932098
v -1.097878 1.731912 1.929785
v -1.085270 1.722121 1.948283
v -1.073119 1.737967 1.952883
v -1.113434 1.696714 1.908229
v -1.114506 1.714532 1.908171
v -1.122009 1.713797 1.888079
v -1.119373 1.697044 1.892518
v -1.110888 1.737451 1.906300
v -1.120014 1.736063 1.881088
v -1.072939 1.604015 1.870193
v -1.064324 1.588608 1.867529
v -1.061188 1.576055 1.861888
v -1.050585 1.570976 1.871413
v -1.112530 1.756912 1.871677
v -1.101177 1.758559 1.903967
v -1.115034 1.681919 1.843553
v -1.114641 1.671403 1.857135
v -1.118701 1.682350 1.868423
v -1.121274 1.695928 1.854151
v -1.113315 1.692796 1.828320
v -1.119719 1.711092 1.838665
v -1.087801 1.637658 1.833281
v -1.084751 1.642605 1.820498
v -1.073321 1.628710 1.821778
v -1.076330 1.624706 1.833289
v -1.056352 1.664251 1.963788
v -1.060886 1.659220 1.957155
v -1.053718 1.657543 1.959564
v -1.049771 1.660654 1.964120
v -1.076535 1.665199 1.943605
v -1.068231 1.662114 1.950796
v -1.094588 1.673240 1.926628
v -1.103962 1.679293 1.917025
v -1.115904 1.684005 1.893305
v -1.110604 1.683614 1.906425
v -1.111324 1.663520 1.866177
v -1.113852 1.670507 1.874033
v -1.079382 1.614634 1.859871
v -1.077831 1.620212 1.845572
v -1.070398 1.603561 1.842459
v -1.070378 1.596668 1.855163
v -1.065920 1.614831 1.821023
v -1.067724 1.609842 1.830824
v -1.065131 1.570190 1.841287
v -1.065241 1.576026 1.828992
v -1.066672 1.566209 1.821518
v -1.065143 1.559602 1.832568
v -1.065706 1.571594 1.808153
v -1.063332 1.583563 1.817754
v -1.060338 1.587893 1.806088
v -1.061995 1.576049 1.795218
v -1.017923 1.543553 1.859882
v -1.028263 1.544289 1.859331
v -1.030993 1.535575 1.853009
v -1.019928 1.535667 1.853436
v -1.068278 1.550217 1.821358
v -1.070941 1.556934 1.809794
v -1.089027 1.633668 1.846430
v -1.090368 1.631210 1.858618
v -1.070328 1.561646 1.797090
v -1.066772 1.588846 1.836771
v -1.064362 1.595186 1.825648
v -1.061401 1.618522 1.810837
v -1.068146 1.632363 1.811268
v -1.016262 1.636562 1.956918
v -1.025019 1.650510 1.955843
v -1.021784 1.653341 1.954766
v -1.023583 1.656204 1.955329
v -1.026394 1.654317 1.956975
v -1.019493 1.691312 1.974890
v -1.032859 1.688918 1.975660
v -1.026854 1.676108 1.973786
v -1.013978 1.676012 1.970738
v -1.043232 1.617060 1.951759
v -1.034175 1.608460 1.951006
v -1.029183 1.615669 1.955469
v -1.034787 1.623788 1.956655
v -1.049690 1.652658 1.955737
v -1.048370 1.654130 1.957743
v -1.051251 1.654003 1.956433
v -1.029322 1.597537 1.945297
v -1.037435 1.600947 1.944401
v -1.073618 1.627693 1.926614
v -1.063215 1.653233 1.950776
v -1.069757 1.765177 1.930720
v -1.056012 1.750383 1.955419
v -1.085163 1.774925 1.899892
v -1.098819 1.774787 1.863724
v -1.113215 1.725976 1.822972
v -1.105661 1.740779 1.806821
v -1.096673 1.714914 1.796079
v -1.107082 1.703699 1.811810
v -1.078551 1.647376 1.808718
v -1.055413 1.593420 1.795877
v -1.055716 1.580417 1.787003
v -1.042094 1.729956 1.969949
v -1.029184 1.709273 1.976005
v -1.085767 1.668717 1.934842
v -1.060252 1.628418 1.945869
v -1.054240 1.621556 1.947403
v -1.051374 1.631951 1.952667
v -1.055925 1.635962 1.950738
v -1.064321 1.621258 1.936870
v -1.067225 1.615307 1.923742
v -1.071014 1.610143 1.908707
v -1.069321 1.602186 1.897582
v -1.123760 1.708003 1.869155
v -1.121442 1.693401 1.878155
v -1.116273 1.744304 1.843214
v -1.123530 1.726884 1.857870
v -1.118035 1.682699 1.881491
v -1.103937 1.760637 1.830572
v -0.998594 1.611463 1.955225
v -0.998164 1.615987 1.955981
v -1.006420 1.610030 1.953116
v -0.992649 1.590311 1.946180
v -0.994509 1.585552 1.942554
v -0.989021 1.586356 1.942398
v -0.987819 1.590994 1.946042
v -0.999353 1.559360 1.909344
v -1.009640 1.560605 1.909777
v -1.015923 1.551304 1.869057
v -1.025676 1.552179 1.868088
v -0.999317 1.623163 1.963736
v -1.000572 1.622858 1.960629
v -0.997257 1.624293 1.959427
v -0.998149 1.624457 1.965137
v -1.009220 1.596201 1.945470
v -0.992572 1.604505 1.954544
v -0.992566 1.601182 1.951942
v -0.989412 1.601748 1.951372
v -0.989364 1.605029 1.954231
v -1.033049 1.567726 1.893118
v -1.036728 1.564280 1.875974
v -1.059926 1.553414 1.843341
v -1.059619 1.564212 1.852778
v -1.066931 1.582349 1.849692
v -1.061703 1.600297 1.815820
v -1.057594 1.605876 1.805139
v -1.049766 1.609858 1.798789
v -1.052454 1.621186 1.803040
v -1.016276 1.561599 1.893158
v -1.024235 1.559087 1.877239
v -1.010838 1.557472 1.880304
v -1.004931 1.560476 1.894059
v -0.992810 1.621119 1.962926
v -0.994048 1.620389 1.960665
v -0.991438 1.619056 1.959661
v -0.990267 1.620310 1.963079
v -1.000070 1.620371 1.959625
v -0.998037 1.619053 1.957572
v -0.998251 1.620341 1.959280
v -1.000732 1.621187 1.961184
v -0.999490 1.622224 1.964346
v -0.993765 1.623446 1.967971
v -0.991506 1.622277 1.972165
v -0.996742 1.623002 1.967149
v -0.994987 1.623528 1.961622
v -0.996261 1.622488 1.960409
v -0.998547 1.623067 1.958989
v -0.999759 1.622320 1.959547
v -0.995355 1.624477 1.967267
v -0.997284 1.623784 1.965947
v -0.998164 1.644269 1.969667
v -1.008554 1.551513 1.867954
v -1.002739 1.557310 1.879630
v -1.009912 1.595677 1.943208
v -1.027350 1.669152 1.966671
v -1.044333 1.630705 1.955333
v -1.024005 1.635958 1.956847
v -1.026578 1.641773 1.956429
v -1.031363 1.637474 1.956875
v -1.028829 1.630103 1.957274
v -1.018392 1.668361 1.963564
v -1.013528 1.664432 1.959664
v -1.007938 1.666667 1.964777
v -1.012223 1.658692 1.956740
v -1.014666 1.653854 1.955255
v -1.010230 1.650905 1.958695
v -1.005584 1.657614 1.962736
v -1.048643 1.656483 1.960006
v -1.046432 1.655673 1.960077
v -1.015043 1.646029 1.956576
v -1.018263 1.649779 1.954882
v -1.022355 1.646010 1.955851
v -1.019471 1.641223 1.956327
v -1.037281 1.633338 1.956816
v -1.056717 1.653561 1.954242
v -1.051129 1.644177 1.952938
v -1.085475 1.622458 1.869388
v -1.093765 1.632854 1.868757
v -1.080236 1.612250 1.885131
v -1.078772 1.615055 1.881265
v -1.074439 1.610400 1.879212
v -1.073665 1.608509 1.883828
v -1.106295 1.660860 1.887158
v -1.104956 1.660802 1.891188
v -1.107363 1.665424 1.893310
v -1.109591 1.665626 1.885823
v -1.103678 1.661458 1.898203
v -1.102602 1.659513 1.899735
v -1.100504 1.656046 1.901367
v -1.103266 1.662766 1.900902
v -1.098481 1.658691 1.905729
v -1.100483 1.667414 1.912547
v -1.107749 1.672660 1.904087
v -1.085984 1.653609 1.923523
v -1.093376 1.662182 1.917863
v -1.092742 1.653163 1.908181
v -1.088363 1.644666 1.909678
v -1.077697 1.615003 1.897371
v -1.075231 1.609949 1.890648
v -1.078972 1.614783 1.873724
v -1.105533 1.675642 1.822743
v -1.107952 1.666724 1.837646
v -1.108178 1.659373 1.850405
v -1.106222 1.653600 1.861441
v -1.099806 1.685126 1.807181
v -1.087502 1.693871 1.794086
v -1.082161 1.637823 1.919550
v -1.084622 1.634219 1.907793
v -1.099200 1.651292 1.833964
v -1.095842 1.658808 1.820232
v -1.099786 1.645762 1.846996
v -1.099785 1.642730 1.859014
v -1.089448 1.667317 1.806444
v -1.078060 1.671962 1.795655
v -1.068792 1.651119 1.800231
v -1.084905 1.616687 1.890192
v -1.083771 1.611907 1.887994
v -1.080843 1.612478 1.887517
v -1.080960 1.616363 1.891072
v -1.080974 1.624017 1.903151
v -1.077577 1.624390 1.913643
v -1.001692 1.650806 1.966929
v -0.985053 1.567508 1.934244
v -0.985495 1.579756 1.939038
v -0.993359 1.612415 1.956104
v -0.993008 1.608412 1.955221
v -0.989916 1.608518 1.954724
v -0.990392 1.612520 1.955768
v -1.022788 1.665182 1.958207
v -1.059445 1.636175 1.802881
v -1.047758 1.597848 1.791158
v -1.047110 1.584916 1.782366
v -1.065279 1.565737 1.786093
v -1.057184 1.569539 1.778834
v -0.990675 1.616063 1.957516
v -0.993678 1.616004 1.957372
v -0.993817 1.624250 1.963255
v -0.997298 1.600354 1.951706
v -0.995883 1.620246 1.959823
v -0.994435 1.618479 1.958709
v -0.989128 1.619085 1.959550
v -0.989157 1.616181 1.957003
v -1.028805 1.647636 1.956369
v -1.030025 1.652368 1.958303
v -0.992236 1.622696 1.965593
v -0.990135 1.620908 1.967277
v -1.043122 1.536604 1.850016
v -1.054227 1.539233 1.843172
v -0.987344 1.602116 1.950847
v -0.987471 1.605487 1.953810
v -1.090214 1.639767 1.901661
v -1.093390 1.647127 1.902045
v -1.095452 1.642774 1.896282
v -1.092415 1.636262 1.896030
v -1.010072 1.544269 1.859501
v -1.062785 1.544151 1.832585
v -1.047544 1.574214 1.774681
v -1.047989 1.650155 1.955311
v -1.049473 1.651226 1.955045
v -1.025039 1.662709 1.957499
v -0.997176 1.594942 1.947477
v -0.996903 1.598502 1.945359
v -0.997356 1.561005 1.893507
v -0.988162 1.620098 1.963138
v -1.099284 1.651460 1.893745
v -1.096153 1.648155 1.891290
v -1.098394 1.646366 1.894570
v -1.099635 1.649784 1.896368
v -1.100466 1.651232 1.900164
v -1.102949 1.654673 1.901496
v -1.103265 1.651797 1.899140
v -1.101039 1.649179 1.897357
v -1.097280 1.652606 1.901643
v -1.097910 1.647925 1.898842
v -1.106209 1.656646 1.900678
v -1.105945 1.654179 1.899494
v -1.103836 1.660150 1.895040
v -1.103440 1.660423 1.899147
v -1.107206 1.661968 1.894643
v -1.111212 1.657514 1.897432
v -1.111887 1.661527 1.888890
v -1.115563 1.657167 1.892438
v -1.114052 1.657528 1.882389
v -1.118702 1.654560 1.885888
v -1.083018 1.622714 1.895804
v -1.086617 1.623848 1.891633
v -1.113474 1.651706 1.878369
v -1.119058 1.649374 1.881226
v -1.111690 1.644393 1.875451
v -1.117323 1.642406 1.877855
v -1.109338 1.636252 1.873864
v -1.113809 1.634735 1.876224
v -1.105266 1.628666 1.873760
v -1.109257 1.627829 1.876466
v -1.099473 1.620623 1.875704
v -1.103560 1.621840 1.878201
v -1.113469 1.653868 1.884456
v -1.111868 1.656584 1.889442
v -1.105126 1.657338 1.883306
v -1.109730 1.656204 1.895637
v -1.099185 1.643675 1.883189
v -1.096982 1.642162 1.884204
v -1.096087 1.642991 1.885432
v -1.097235 1.644725 1.885050
v -1.092752 1.634258 1.892119
v -1.090715 1.629595 1.891927
v -1.089460 1.629139 1.894822
v -1.088615 1.625198 1.889359
v -1.088348 1.630599 1.890351
v -1.087142 1.628207 1.890171
v -1.088739 1.634753 1.890054
v -1.089608 1.626373 1.888108
v -1.090521 1.625132 1.889599
v -1.087425 1.628355 1.885856
v -1.086394 1.628553 1.886548
v -1.085457 1.631181 1.885876
v -1.087013 1.635644 1.885590
v -1.086662 1.631173 1.899688
v -1.089458 1.625376 1.875566
v -1.095672 1.633635 1.875112
v -1.097754 1.616526 1.880551
v -1.093336 1.613296 1.878295
v -1.085718 1.610485 1.885706
v -1.088556 1.609982 1.881976
v -1.104019 1.651952 1.880625
v -1.102960 1.646172 1.878326
v -1.083740 1.618636 1.879425
v -1.099648 1.640560 1.875974
v -1.102834 1.625529 1.880368
v -1.097911 1.622729 1.882433
v -1.107053 1.630052 1.878481
v -1.090238 1.621643 1.889322
v -1.094094 1.621156 1.886006
v -1.092675 1.615014 1.884076
v -1.088365 1.615597 1.887589
v -1.097880 1.625691 1.885002
v -1.102455 1.627853 1.883827
v -1.095153 1.628649 1.883359
v -1.099729 1.630305 1.881682
v -1.092022 1.627288 1.886235
v -1.094220 1.624962 1.887618
v -1.092439 1.630176 1.882434
v -1.095791 1.635796 1.881903
v -1.088513 1.628723 1.885052
v -1.103525 1.633585 1.881986
v -1.099158 1.639302 1.881297
v -1.104423 1.640044 1.884767
v -1.106053 1.637067 1.884014
v -1.106333 1.630920 1.882563
v -1.108665 1.635520 1.881969
v -1.110070 1.635863 1.878205
v -1.110139 1.641320 1.882508
v -1.111996 1.642817 1.879301
v -1.108232 1.640816 1.885362
v -1.105607 1.642126 1.886372
v -1.113463 1.649110 1.881122
v -1.110587 1.646691 1.883827
v -1.111289 1.650856 1.886263
v -1.108907 1.645038 1.886066
v -1.108542 1.648309 1.887990
v -1.106803 1.644362 1.887427
v -1.105345 1.646291 1.888703
v -1.103813 1.653913 1.897551
v -1.101348 1.652115 1.897799
v -1.106676 1.655003 1.893272
v -1.103817 1.652389 1.892784
v -1.102726 1.654023 1.893840
v -1.099785 1.652982 1.894216
v -1.100660 1.650223 1.892848
v -1.100355 1.646998 1.890922
v -1.025975 1.519979 1.842989
v -1.017445 1.522300 1.840867
v -1.015574 1.529493 1.844363
v -1.023504 1.527595 1.846647
v -1.106490 1.650280 1.890698
v -1.102883 1.648073 1.891028
v -1.109906 1.653612 1.889970
v -1.102110 1.644134 1.886971
v -1.102212 1.645502 1.889062
v -1.103555 1.644186 1.887949
v -1.103575 1.643323 1.886774
v -1.093577 1.639376 1.892141
v -1.091055 1.638659 1.889197
v -1.093031 1.636626 1.886247
v -1.056860 1.504273 1.831411
v -1.053108 1.511835 1.830198
v -1.068981 1.513976 1.821652
v -1.074290 1.506944 1.822548
v -1.059238 1.487891 1.847379
v -1.082661 1.491805 1.838650
v -1.071519 1.474463 1.855453
v -1.055368 1.470987 1.856781
v -1.064376 1.456987 1.868262
v -1.051059 1.454050 1.867291
v -1.048113 1.408009 1.893807
v -1.034520 1.409546 1.893676
v -1.040204 1.424111 1.886394
v -1.053491 1.423012 1.886632
v -1.049707 1.335894 1.910205
v -1.043038 1.320805 1.904222
v -1.031769 1.325500 1.909173
v -1.040091 1.338922 1.914088
v -1.098186 1.427512 1.880807
v -1.102192 1.446728 1.879657
v -1.105884 1.435680 1.879928
v -1.101847 1.416021 1.877289
v -1.118229 1.512606 1.804573
v -1.101952 1.504900 1.821453
v -1.095552 1.506689 1.815103
v -1.110183 1.515842 1.801648
v -1.089624 1.342511 1.877725
v -1.083714 1.333165 1.881685
v -1.079817 1.340583 1.889877
v -1.084411 1.350194 1.886629
v -1.054575 1.280256 1.865951
v -1.052321 1.264450 1.868345
v -1.036510 1.265121 1.878071
v -1.039420 1.280534 1.874572
v -1.096251 1.292603 1.819513
v -1.102486 1.291381 1.798976
v -1.100064 1.279547 1.797951
v -1.094662 1.280355 1.818993
v -1.070146 1.404068 1.891160
v -1.060142 1.406205 1.892839
v -1.065311 1.421897 1.886331
v -1.074853 1.420753 1.885741
v -1.128669 1.385251 1.997723
v -1.118246 1.373984 1.995894
v -1.117835 1.385351 1.975289
v -1.127574 1.396690 1.977114
v -1.077561 1.200824 1.847431
v -1.082026 1.198209 1.828104
v -1.081832 1.183426 1.834630
v -1.076925 1.187520 1.853957
v -1.141474 1.473399 1.893062
v -1.141229 1.483536 1.883671
v -1.160770 1.491481 1.873019
v -1.161463 1.482197 1.884837
v -1.095172 1.387069 1.876215
v -1.089461 1.395070 1.882535
v -1.093544 1.411053 1.881088
v -1.098787 1.400422 1.875377
v -1.113734 1.311369 1.800798
v -1.109541 1.311476 1.818756
v -1.115733 1.323546 1.817408
v -1.119195 1.323859 1.801353
v -1.103712 1.300726 1.819311
v -1.108621 1.300059 1.799814
v -1.084301 1.398871 1.886386
v -1.078024 1.401605 1.888874
v -1.082511 1.419553 1.884912
v -1.088430 1.417453 1.884399
v -1.035655 1.309696 1.894699
v -1.022063 1.315320 1.900483
v -1.067043 1.190919 1.872540
v -1.053192 1.193296 1.888259
v -1.054433 1.205034 1.881667
v -1.068163 1.203480 1.866147
v -1.025638 1.294482 1.877885
v -1.029256 1.302737 1.882793
v -1.042722 1.301074 1.878359
v -1.039732 1.293348 1.872423
v -1.036528 1.195258 1.899954
v -1.018749 1.196385 1.908701
v -1.019858 1.207335 1.900027
v -1.037481 1.206140 1.892630
v -1.058740 1.439805 1.878333
v -1.045949 1.438910 1.877719
v -1.066217 1.334294 1.899817
v -1.062274 1.320389 1.893765
v -1.053453 1.319643 1.898774
v -1.058701 1.334746 1.905225
v -1.110610 1.385364 1.855214
v -1.105613 1.401050 1.868955
v -1.109158 1.419312 1.875817
v -1.112810 1.395421 1.859686
v -1.083917 1.171584 1.840722
v -1.079086 1.176726 1.860834
v -1.037228 1.186023 1.907951
v -1.019310 1.187475 1.917281
v -1.133810 1.373776 1.837415
v -1.136642 1.369426 1.825381
v -1.130947 1.372466 1.831913
v -1.128045 1.377879 1.842302
v -1.005726 1.346009 1.911988
v -1.019975 1.351215 1.915629
v -1.022827 1.335766 1.913673
v -1.010487 1.327248 1.906839
v -1.058667 1.308830 1.884619
v -1.055593 1.300946 1.873846
v -1.047868 1.308132 1.889357
v -0.991552 1.340594 1.904140
v -0.996730 1.317738 1.894052
v -1.031500 1.437245 1.876520
v -1.025868 1.424409 1.885372
v -1.036032 1.451829 1.867377
v -1.020427 1.450123 1.867184
v -1.023413 1.465900 1.859251
v -1.038975 1.467627 1.858480
v -1.025457 1.481921 1.853396
v -1.041054 1.483919 1.851235
v -1.039866 1.503810 1.837647
v -1.038134 1.511693 1.836387
v -1.103137 1.387822 1.866504
v -1.100620 1.376201 1.867146
v -1.054702 1.183582 1.895814
v -1.142669 1.439964 1.739727
v -1.136826 1.428038 1.732817
v -1.149648 1.425609 1.751277
v -1.154709 1.438066 1.755834
v -1.126836 1.511639 1.808904
v -1.111031 1.504948 1.827519
v -1.153145 1.375700 1.805002
v -1.149808 1.377282 1.788646
v -1.145765 1.372837 1.785595
v -1.149064 1.371745 1.803311
v -1.142261 1.371639 1.835028
v -1.144833 1.367458 1.857306
v -1.149079 1.368218 1.858094
v -1.146070 1.373359 1.837517
v -1.081488 1.179977 1.814098
v -1.080719 1.196280 1.807446
v -1.094661 1.307293 1.741031
v -1.099991 1.298679 1.759761
v -1.107634 1.310835 1.762693
v -1.103403 1.320544 1.745222
v -1.032578 1.455251 1.705074
v -1.028756 1.442133 1.700867
v -1.050506 1.440744 1.701955
v -1.054649 1.453251 1.705888
v -1.108845 1.457256 1.717957
v -1.111686 1.469296 1.722592
v -1.087394 1.470900 1.715691
v -1.083712 1.460658 1.711226
v -1.124973 1.442647 1.723801
v -1.118562 1.431216 1.718022
v -1.120523 1.327469 1.786078
v -1.114642 1.315648 1.783333
v -1.131539 1.344613 1.789766
v -1.129067 1.342535 1.802771
v -1.132485 1.349034 1.804653
v -1.135283 1.350929 1.792763
v -1.104260 1.521569 1.799333
v -1.109834 1.526695 1.781990
v -1.120027 1.519904 1.784678
v -1.081405 1.517656 1.739416
v -1.081819 1.510939 1.734892
v -1.096247 1.511324 1.741392
v -1.091329 1.518781 1.745192
v -1.037203 1.380754 1.687569
v -1.016460 1.382474 1.682779
v -1.012447 1.360878 1.683899
v -1.033486 1.358735 1.688980
v -1.139455 1.359954 1.789865
v -1.141185 1.362849 1.801189
v -1.143486 1.366004 1.799244
v -1.140477 1.364089 1.785372
v -1.136699 1.361232 1.776015
v -1.132423 1.356077 1.769491
v -1.132775 1.349378 1.778805
v -1.136391 1.355666 1.782978
v -1.111380 1.333268 1.752207
v -1.113987 1.323400 1.767293
v -1.120368 1.334733 1.771986
v -1.119261 1.343219 1.759403
v -1.000985 1.287280 1.697889
v -1.018289 1.282861 1.700796
v -1.021651 1.307897 1.694949
v -1.003662 1.311327 1.690355
v -1.120046 1.392164 1.872133
v -1.116434 1.401894 1.879951
v -1.114042 1.397255 1.892668
v -1.119121 1.385775 1.887250
v -1.167068 1.370606 1.865987
v -1.171113 1.368349 1.878237
v -1.174523 1.372556 1.877926
v -1.171278 1.375057 1.865415
v -1.121950 1.366203 1.902468
v -1.117423 1.377033 1.904157
v -1.115951 1.367138 1.923969
v -1.120525 1.355608 1.921233
v -1.148365 1.506499 1.792117
v -1.134790 1.510702 1.813297
v -1.139929 1.510885 1.789096
v -1.133505 1.362117 1.878073
v -1.132010 1.352102 1.896693
v -1.138773 1.349527 1.893943
v -1.138759 1.359306 1.876025
v -1.144325 1.391375 1.996622
v -1.143100 1.402853 1.976184
v -1.126439 1.336160 1.939506
v -1.134668 1.330303 1.936822
v -1.131525 1.340688 1.918570
v -1.125120 1.345693 1.920256
v -1.085147 1.294065 1.739700
v -1.092817 1.286338 1.757738
v -1.068183 1.172515 1.777431
v -1.076597 1.175756 1.794644
v -1.074559 1.194153 1.786761
v -1.066093 1.193404 1.769301
v -1.082989 1.165245 1.820473
v -1.068306 1.155035 1.785782
v -1.077487 1.160026 1.802154
v -1.090613 1.540427 1.788567
v -1.084545 1.545949 1.775010
v -1.092983 1.536756 1.768893
v -1.099617 1.533768 1.783090
v -1.107250 1.070518 1.876375
v -1.104434 1.047155 1.888793
v -1.105177 1.062963 1.907854
v -1.105149 1.085024 1.898432
v -1.065974 1.538092 1.748486
v -1.080695 1.538253 1.757922
v -1.073568 1.547999 1.764958
v -1.059325 1.549209 1.757261
v -1.104137 1.105617 1.887919
v -1.107615 1.093659 1.865476
v -1.082969 1.534057 1.804454
v -1.095217 1.527614 1.799970
v -1.082090 1.519647 1.812772
v -1.073439 1.527052 1.815893
v -1.062024 1.522599 1.826041
v -1.101076 1.077699 1.931258
v -1.098829 1.095880 1.919965
v -1.076771 1.553118 1.786889
v -1.068744 1.557374 1.776926
v -1.058082 1.559890 1.768455
v -1.047064 1.564387 1.763801
v -1.088017 1.150872 1.828185
v -1.087569 1.158894 1.849063
v -1.056019 0.927703 1.906601
v -1.030250 0.917688 1.896646
v -1.025297 0.914248 1.919421
v -1.055370 0.925166 1.928954
v -0.964584 0.923608 1.873743
v -0.957667 0.924927 1.899641
v -0.992485 0.914886 1.910102
v -0.998554 0.916302 1.886753
v -0.994380 1.014433 1.780320
v -1.022652 1.014097 1.787253
v -1.023635 1.037216 1.781622
v -0.996641 1.037290 1.774024
v -1.073349 1.137095 1.793420
v -1.083038 1.143420 1.810070
v -1.081039 1.166356 1.869040
v -1.101268 1.015468 2.027287
v -1.109038 0.988855 2.003799
v -1.105257 0.969753 2.029498
v -1.099092 0.995144 2.052849
v -1.078822 0.923223 1.988598
v -1.082282 0.936669 1.964951
v -1.054112 0.918999 1.951397
v -1.052325 0.909549 1.975144
v -1.000564 1.189349 1.925130
v -1.018906 1.178031 1.925795
v -1.000109 1.179577 1.934136
v -0.947778 1.192579 1.932051
v -0.966352 1.191950 1.932943
v -0.963027 1.182750 1.941987
v -0.944753 1.183708 1.941189
v -0.943338 1.102818 1.973445
v -0.929936 1.104195 1.971226
v -0.933588 1.121350 1.965671
v -0.948727 1.120265 1.965660
v -1.083856 1.106766 1.937756
v -1.064567 1.114528 1.950052
v -1.060924 1.125206 1.939896
v -1.080057 1.119552 1.926816
v -0.952991 0.932275 1.924809
v -0.985289 0.917894 1.932538
v -1.082157 1.017658 2.069727
v -1.082439 1.037221 2.042350
v -1.055611 1.032312 2.082425
v -1.024771 1.036048 2.083022
v -1.024928 1.052322 2.057162
v -1.056093 1.050333 2.053890
v -0.928397 1.024663 1.984240
v -0.940216 1.052541 1.987406
v -0.947870 1.044137 1.991298
v -0.935815 1.018260 1.987449
v -0.977637 0.939760 1.830799
v -0.971466 0.929599 1.849717
v -1.002704 0.922277 1.861482
v -1.007114 0.934826 1.838406
v -1.056384 1.151044 1.773817
v -1.060038 1.131421 1.780234
v -1.042699 1.149045 1.764063
v -1.056354 1.171427 1.763352
v -1.042737 1.171156 1.752655
v -1.061991 1.313963 1.709623
v -1.074995 1.302937 1.723561
v -1.085919 1.317769 1.724405
v -1.074479 1.331792 1.710496
v -1.073786 1.439047 1.703750
v -1.078793 1.450660 1.707501
v -1.016407 0.905141 1.960525
v -0.978441 0.919639 1.950914
v -0.989454 0.899966 1.982572
v -1.021459 0.893874 1.986884
v -1.075140 0.909453 2.010813
v -1.093131 0.928142 2.030490
v -1.097872 0.945225 2.006805
v -1.100817 0.952575 2.054457
v -1.096176 0.977833 2.077173
v -1.053858 1.014149 2.107661
v -1.023119 1.017727 2.107183
v -0.954921 0.994782 2.046279
v -0.971483 1.012022 2.061192
v -0.971666 0.994304 2.080684
v -0.955747 0.977443 2.062511
v -0.981613 1.100582 1.978625
v -1.015158 1.110044 1.968714
v -1.017518 1.099161 1.979019
v -0.989763 1.087643 1.986908
v -0.953985 1.200446 1.923303
v -0.968092 1.200315 1.923192
v -0.982755 1.190605 1.930388
v -0.983225 1.199629 1.921012
v -1.000679 1.198137 1.915778
v -0.977617 1.257380 1.901070
v -0.996540 1.254413 1.897991
v -0.990477 1.240246 1.902528
v -0.972450 1.242793 1.905715
v -0.983641 1.272865 1.896137
v -1.002958 1.269604 1.892972
v -0.993232 1.303984 1.883396
v -1.014122 1.307310 1.887851
v -1.009735 1.298622 1.881559
v -1.016070 1.435430 1.875113
v -1.011099 1.422749 1.883154
v -1.087526 1.092774 1.949287
v -0.952800 0.935771 1.968218
v -0.940843 0.947252 1.987507
v -0.948084 0.928503 2.005713
v -0.962754 0.913311 1.990256
v -1.095564 1.113711 1.910213
v -1.068990 1.180685 1.880301
v -1.069758 1.171657 1.887690
v -1.083675 1.296471 1.842449
v -1.083385 1.281255 1.838014
v -1.032789 1.354083 1.915793
v -1.031802 1.342774 1.915568
v -1.102477 0.961209 1.979740
v -1.050992 0.994979 2.131265
v -1.047774 0.976841 2.154118
v -1.017569 0.978704 2.153551
v -1.021311 0.998465 2.130838
v -0.952405 0.942546 2.065965
v -0.958610 0.958315 2.081559
v -0.962652 0.939073 2.102637
v -0.958790 0.921573 2.085791
v -0.964020 0.903946 2.109888
v -0.965243 0.919418 2.126355
v -0.966306 0.899973 2.148860
v -0.966695 0.885373 2.131856
v -1.080464 0.999464 2.097424
v -1.087436 0.943133 2.125544
v -1.073175 0.962847 2.143746
v -1.076952 0.980736 2.120786
v -1.091683 0.960249 2.101934
v -1.051492 0.897838 1.997658
v -0.946394 0.960629 2.043908
v -0.943693 0.976863 2.029609
v -0.968085 0.891352 2.059092
v -0.982819 0.876493 2.047395
v -0.972728 0.892862 2.019893
v -0.957403 0.909531 2.033318
v -1.072905 0.884656 2.063261
v -1.086238 0.902076 2.082257
v -1.090065 0.915702 2.057498
v -1.074673 0.897688 2.038987
v -1.095845 0.937772 2.079978
v -1.091080 0.921719 2.103491
v -1.078283 0.910823 2.172904
v -1.062034 0.928052 2.189789
v -1.068420 0.945589 2.167067
v -1.083254 0.926595 2.149385
v -1.084595 0.891380 2.150901
v -1.087819 0.906211 2.127104
v -1.083663 0.888167 2.106077
v -1.080958 0.875004 2.130243
v -1.069648 0.861369 2.113320
v -1.071714 0.873232 2.089250
v -1.054353 0.860785 2.076085
v -1.054408 0.850225 2.100508
v -1.033083 0.854827 2.067665
v -1.010555 0.855714 2.067724
v -1.015584 0.844951 2.092148
v -1.035680 0.844430 2.092554
v -0.981868 0.859013 2.105918
v -0.996972 0.849626 2.096744
v -0.990608 0.862389 2.073074
v -0.975994 0.874938 2.083693
v -1.000059 0.798047 2.176394
v -1.016432 0.800101 2.173481
v -1.011101 0.812808 2.158134
v -0.994202 0.812860 2.162503
v -1.031731 0.802000 2.170529
v -1.047509 0.803829 2.170960
v -1.043244 0.816825 2.158614
v -1.027691 0.814759 2.158295
v -1.068468 0.829094 2.177665
v -1.057965 0.821458 2.164349
v -1.061580 0.807781 2.176905
v -1.071386 0.814305 2.190909
v -1.081194 0.822266 2.207773
v -1.079739 0.838397 2.194049
v -1.078495 0.830983 2.227693
v -1.079338 0.848886 2.212841
v -1.066129 0.860676 2.233118
v -1.064387 0.839963 2.247035
v -0.972383 0.835663 2.200192
v -0.974342 0.814035 2.212328
v -0.975782 0.806687 2.195624
v -0.972214 0.826394 2.183675
v -0.987367 0.858400 2.235858
v -1.000651 0.874785 2.255286
v -1.001286 0.846013 2.264697
v -0.990571 0.831058 2.244377
v -1.081429 0.877677 2.173474
v -1.073042 0.895191 2.195534
v -1.068024 0.850474 2.136959
v -1.078703 0.862958 2.153700
v -0.985952 0.843266 2.125856
v -1.001709 0.836358 2.118199
v -0.968054 0.879052 2.169522
v -0.968664 0.865719 2.152184
v -1.028498 0.901477 2.242406
v -1.031544 0.919318 2.219509
v -1.055449 0.910739 2.212048
v -1.051989 0.893623 2.234654
v -1.079488 0.863663 2.194037
v -1.078642 0.851272 2.175572
v -1.067980 0.840235 2.158740
v -1.056249 0.831253 2.146096
v -1.040906 0.826338 2.140124
v -1.024257 0.824719 2.137941
v -1.006798 0.824202 2.138282
v -0.989963 0.827986 2.145045
v -0.970481 0.846065 2.169415
v -0.970503 0.857341 2.186365
v -1.026153 0.853515 2.272520
v -1.025891 0.880664 2.262770
v -1.050332 0.874199 2.252905
v -1.051897 0.850141 2.264720
v -1.027843 0.825172 2.277085
v -1.006181 0.819485 2.269791
v -1.036768 0.784149 2.180951
v -1.050828 0.786610 2.181332
v -1.064762 0.790379 2.187519
v -1.083793 0.803001 2.217919
v -1.077483 0.809963 2.240893
v -1.065361 0.815918 2.260668
v -1.051325 0.825935 2.273669
v -0.991837 0.763409 2.214293
v -0.984327 0.786670 2.206268
v -0.981492 0.793504 2.221680
v -0.989588 0.768780 2.230358
v -1.011780 0.758528 2.194488
v -1.025410 0.758396 2.186271
v -1.022170 0.783510 2.185301
v -1.008462 0.781768 2.189497
v -1.041080 0.759881 2.183226
v -1.057121 0.763182 2.186244
v -1.072120 0.767862 2.193308
v -1.087003 0.779121 2.227317
v -1.076797 0.796219 2.200133
v -1.084253 0.773127 2.206351
v -1.078315 0.785700 2.254352
v -1.062973 0.759754 2.283189
v -1.058626 0.788623 2.273347
v -1.083130 0.758329 2.265091
v -1.042325 0.667664 2.308732
v -1.065947 0.670870 2.309431
v -1.064119 0.637972 2.316326
v -1.043077 0.634544 2.315523
v -0.994049 0.741418 2.237165
v -0.995595 0.735523 2.220770
v -1.012336 0.730251 2.196659
v -1.027248 0.730080 2.187638
v -1.097970 0.724356 2.245586
v -1.092327 0.752869 2.236946
v -1.090634 0.746656 2.213015
v -1.096232 0.717736 2.220469
v -0.994444 0.652431 2.264675
v -0.994827 0.645987 2.246441
v -0.993328 0.675938 2.236105
v -0.992217 0.682561 2.254881
v -1.028677 0.700059 2.192317
v -1.012639 0.700466 2.202262
v -1.012923 0.669530 2.209748
v -1.030516 0.669345 2.200443
v -1.097044 0.661689 2.265662
v -1.099734 0.693549 2.254363
v -1.098972 0.686770 2.230076
v -1.097449 0.654751 2.243148
v -1.064944 0.731703 2.292136
v -1.087718 0.729835 2.272856
v -1.088519 0.699828 2.281376
v -1.066751 0.701638 2.300777
v -1.039529 0.727934 2.291852
v -1.041933 0.698953 2.300642
v -1.009193 0.584021 2.274278
v -1.001755 0.615308 2.260230
v -1.001263 0.620630 2.276471
v -1.008107 0.587510 2.288475
v -1.032427 0.638624 2.212811
v -1.014733 0.638961 2.220550
v -1.020024 0.609417 2.236855
v -1.035614 0.608696 2.230174
v -1.087940 0.593594 2.292246
v -1.092682 0.628400 2.278970
v -1.093202 0.621199 2.258260
v -1.087137 0.587249 2.272414
v -1.062554 0.602276 2.324169
v -1.083236 0.635801 2.302028
v -1.080012 0.599647 2.312207
v -1.059819 0.568543 2.333752
v -1.044042 0.567229 2.333447
v -1.043953 0.599909 2.323539
v -1.015693 0.557425 2.299750
v -1.014811 0.553859 2.286862
v -1.025447 0.549990 2.270537
v -1.037531 0.549005 2.263604
v -1.037229 0.578664 2.247890
v -1.023639 0.579558 2.254558
v -1.069717 0.579561 2.250813
v -1.053708 0.578682 2.246563
v -1.052804 0.549175 2.262467
v -1.067212 0.549737 2.267320
v -1.080310 0.556991 2.286744
v -1.081056 0.582675 2.259256
v -1.074954 0.552080 2.274021
v -1.082334 0.562092 2.304329
v -1.075821 0.566673 2.323259
v -0.937915 0.960876 1.956397
v -0.934093 0.973888 1.978360
v -0.937375 0.963400 1.980715
v -0.946598 0.953264 1.958211
v -0.973559 0.955947 2.124229
v -0.972702 0.975785 2.101511
v -0.972666 0.915111 2.168240
v -0.973032 0.935891 2.147194
v -0.973330 0.893433 2.187067
v -0.975844 0.869711 2.203824
v -0.977974 0.844803 2.216763
v -0.980431 0.820946 2.227520
v -0.987430 0.798506 2.237882
v -0.994552 0.773915 2.247881
v -1.001423 0.719071 2.263397
v -0.993825 0.712425 2.245729
v -1.000100 0.746868 2.254960
v -1.003757 0.658958 2.283373
v -1.001443 0.689707 2.273131
v -1.008508 0.625190 2.293096
v -1.014600 0.591004 2.303062
v -1.021875 0.560899 2.313421
v -0.997464 1.057364 2.032631
v -0.973644 1.040463 2.028245
v -0.973369 1.051328 2.014336
v -0.997060 1.068426 2.013725
v -0.924378 0.998514 1.973123
v -0.924986 1.009853 1.980190
v -0.931279 1.004688 1.982433
v -0.928737 0.994951 1.975889
v -1.069054 0.879051 2.215669
v -1.054446 0.840283 2.124219
v -1.038053 0.835382 2.117874
v -1.019706 0.834525 2.116446
v -0.985280 0.884990 2.224529
v -0.985364 0.908036 2.205571
v -1.005366 0.918365 2.216892
v -1.002631 0.898768 2.237812
v -1.036496 0.752875 2.283822
v -1.018791 0.723188 2.278894
v -1.015399 0.750722 2.272490
v -1.033692 0.777868 2.279012
v -1.063906 0.736341 2.188738
v -1.079858 0.741003 2.197062
v -1.048938 0.702441 2.189158
v -1.069054 0.706610 2.192357
v -1.045932 0.732964 2.185772
v -0.988963 0.950275 2.165549
v -1.012869 0.958727 2.175344
v -1.008187 0.938418 2.196203
v -0.986014 0.929584 2.185071
v -1.074005 1.214115 1.779287
v -1.065777 1.215457 1.762577
v -1.078974 1.316623 1.874158
v -1.080305 1.307442 1.860533
v -1.068482 1.302742 1.867694
v -1.068954 1.310997 1.879447
v -1.089103 1.314437 1.856417
v -1.086806 1.324157 1.870378
v -1.093512 1.333329 1.866816
v -1.096438 1.323160 1.853310
v -1.116418 1.374779 1.844966
v -1.118260 1.381932 1.847663
v -0.989162 1.288480 1.889458
v -0.969135 1.291234 1.888856
v -0.973867 1.305628 1.882951
v -0.981365 1.181293 1.939901
v -0.987767 1.121304 1.963894
v -0.959638 1.101998 1.976469
v -0.967076 1.121392 1.966435
v -0.921546 1.048958 1.985113
v -1.035004 1.277769 1.707398
v -1.038756 1.302572 1.702335
v -1.059705 1.464049 1.710557
v -1.035800 1.467419 1.709466
v -1.064189 1.484009 1.718067
v -1.064180 1.493732 1.721970
v -1.040936 1.496563 1.720674
v -1.040127 1.487087 1.717093
v -1.047585 1.554308 1.753891
v -1.047198 1.541201 1.743821
v -0.926781 0.984301 1.965789
v -0.930918 0.990352 1.978063
v -0.929166 0.977484 1.963181
v -0.955264 1.010126 2.033072
v -0.943031 0.992538 2.019941
v -0.943459 1.004243 2.011442
v -0.956333 1.021705 2.021214
v -1.100872 1.036469 2.003250
v -1.110548 1.011438 1.980061
v -1.021002 0.913467 1.942332
v -1.138578 1.310410 1.980295
v -1.149748 1.309241 1.979659
v -1.147231 1.317685 1.957046
v -1.136444 1.319441 1.958143
v -1.059782 1.377413 1.692765
v -1.059278 1.351850 1.697640
v -1.089805 1.513197 1.811995
v -1.146887 1.507124 1.826452
v -1.129645 1.503883 1.845280
v -1.124532 1.504673 1.837745
v -1.141002 1.509242 1.818711
v -1.166069 1.452545 1.772458
v -1.167902 1.469169 1.778582
v -1.161320 1.469767 1.767732
v -1.158777 1.452637 1.760526
v -0.990436 0.992366 1.788734
v -1.019531 0.990830 1.794484
v -1.012568 1.202405 1.727075
v -1.029199 1.197986 1.733283
v -1.030308 1.224101 1.723426
v -1.013823 1.229253 1.717327
v -1.082896 1.360366 1.705555
v -1.089240 1.343989 1.715991
v -0.992670 1.362791 1.906914
v -0.996242 1.381294 1.903348
v -1.010581 1.382018 1.906376
v -1.007161 1.365263 1.911279
v -1.170178 1.342240 1.925980
v -1.162213 1.346671 1.905170
v -1.149700 1.339035 1.911337
v -1.155163 1.329916 1.931135
v -1.103965 0.982075 1.951152
v -1.083589 0.947006 1.939824
v -1.091408 1.249080 1.783317
v -1.084777 1.252283 1.762042
v -1.078563 1.232554 1.770393
v -1.084900 1.230859 1.790956
v -1.102597 1.293739 1.779092
v -1.098527 1.281319 1.778318
v -1.109314 1.303948 1.780149
v -1.145370 1.370908 1.818446
v -1.141644 1.369067 1.820154
v -1.137999 1.371095 1.835056
v -0.972234 1.027583 2.044092
v -0.967884 1.069169 1.992700
v -0.959178 1.077734 1.987144
v -0.923914 0.989700 1.966387
v -1.066837 1.535019 1.823226
v -1.057185 1.530649 1.833744
v -1.128931 1.367958 1.880816
v -1.126597 1.357687 1.899450
v -1.134428 1.355194 1.807897
v -1.129776 1.357739 1.820608
v -1.129501 1.364095 1.824690
v -1.134205 1.360875 1.814605
v -1.138127 1.360837 1.807058
v -1.137572 1.356342 1.797504
v -1.092041 1.435929 1.881721
v -1.086196 1.439125 1.880902
v -1.090509 1.457402 1.874731
v -1.097247 1.453689 1.877933
v -1.079357 1.439579 1.879438
v -1.070215 1.439602 1.878551
v -1.075689 1.457968 1.869069
v -1.084561 1.457947 1.871035
v -1.078536 1.501542 1.829668
v -1.059484 1.498525 1.839878
v -1.041043 1.495970 1.845005
v -1.025891 1.494819 1.848682
v -1.048751 1.528780 1.736105
v -1.044429 1.516717 1.730055
v -1.063668 1.514100 1.732476
v -1.069659 1.525156 1.739811
v -1.048835 1.521713 1.835867
v -1.036915 1.519637 1.840123
v -1.026048 1.512064 1.841222
v -1.157650 1.390244 1.993075
v -1.157048 1.401528 1.973973
v -1.078155 1.548268 1.800157
v -1.073923 1.541674 1.812380
v -1.170657 1.395530 1.969236
v -1.170360 1.383008 1.988981
v -1.103950 1.491200 1.849067
v -1.118217 1.504958 1.831941
v -1.110024 1.491124 1.853415
v -1.046089 1.529572 1.842912
v -1.034258 1.527310 1.846121
v -1.107420 1.036350 1.959662
v -1.097195 1.055771 1.979324
v -1.070166 1.217215 1.858669
v -1.078733 1.215701 1.840331
v -0.958084 1.260051 1.899875
v -0.954638 1.244692 1.904329
v -1.012470 1.536518 1.851312
v -0.967706 1.212296 1.915580
v -0.949578 1.211466 1.913683
v -0.952048 1.228696 1.907773
v -0.969398 1.227416 1.910146
v -0.941969 1.198424 1.923108
v -0.939895 1.194001 1.928474
v -0.936594 1.088100 1.978432
v -0.926689 1.089120 1.976689
v -1.126632 1.429004 1.925664
v -1.126007 1.438665 1.913189
v -1.140141 1.451576 1.912554
v -1.140820 1.439512 1.924994
v -0.984208 1.211604 1.913517
v -1.002147 1.209362 1.907356
v -1.107594 1.374975 1.854476
v -1.113767 1.365905 1.842540
v -0.976952 1.318942 1.888928
v -1.022264 1.366578 1.913729
v -1.025342 1.381488 1.908243
v -1.038862 1.380935 1.907853
v -1.035755 1.367476 1.913369
v -0.924736 0.983624 1.961028
v -1.188627 1.405330 1.876595
v -1.188074 1.409866 1.861642
v -1.184788 1.399237 1.862005
v -1.185889 1.395315 1.877125
v -0.936239 0.976645 2.002994
v -0.938824 0.962010 2.012035
v -0.950148 0.942019 1.942217
v -0.935702 0.953091 1.940825
v -0.995071 1.010191 2.097828
v -0.995630 1.028313 2.074869
v -0.993094 0.990134 2.119171
v -0.991387 0.970525 2.142967
v -0.997275 0.805355 2.253219
v -1.009980 0.780469 2.266438
v -1.021098 0.693863 2.287120
v -1.022864 0.662926 2.296223
v -1.025009 0.629680 2.304926
v -1.028279 0.595381 2.313715
v -1.031834 0.564409 2.325143
v -1.178793 1.371286 1.985252
v -1.181142 1.383334 1.963164
v -1.184587 1.367034 1.959796
v -1.182616 1.357282 1.982893
v -1.120284 1.344401 1.941922
v -1.115636 1.356303 1.944736
v -1.115635 1.345927 1.964304
v -1.120979 1.334738 1.961279
v -1.121763 1.323988 1.981486
v -1.129510 1.315534 1.980153
v -1.128070 1.325873 1.959070
v -1.161674 1.313738 1.977986
v -1.171493 1.321834 1.977644
v -1.171391 1.330473 1.954002
v -1.158787 1.320729 1.955285
v -1.182164 1.343580 1.980052
v -1.182749 1.352096 1.957348
v -1.177960 1.340254 1.955335
v -1.177972 1.331568 1.978425
v -1.112715 1.360542 1.992607
v -1.112101 1.347193 1.988693
v -1.112676 1.359179 1.968267
v -1.113580 1.371935 1.971760
v -1.159585 1.459517 1.908123
v -1.158588 1.444876 1.921881
v -1.116745 1.404349 1.862850
v -1.112255 1.419508 1.875465
v -1.113632 1.419245 1.881397
v -1.113925 1.404828 1.866513
v -1.142063 1.415023 1.956433
v -1.141752 1.427604 1.938931
v -1.157124 1.429067 1.936720
v -1.156328 1.414108 1.954598
v -1.113737 1.382778 1.951724
v -1.112947 1.369705 1.948305
v -1.112916 1.379859 1.927514
v -1.113120 1.392909 1.932018
v -1.143754 1.327301 1.935501
v -1.140154 1.338109 1.915277
v -1.116711 1.424336 1.910409
v -1.116980 1.415597 1.922700
v -1.105602 1.364758 1.855831
v -1.124773 1.343651 1.817146
v -1.127957 1.351231 1.818293
v -1.070144 1.322307 1.889285
v -1.071865 1.334421 1.895270
v -1.102270 1.316021 1.836645
v -1.109164 1.327281 1.834155
v -1.076878 1.326293 1.885545
v -1.075863 1.334043 1.891272
v -1.024187 1.281889 1.881693
v -1.026035 1.504034 1.842757
v -1.126697 1.418897 1.939408
v -1.117249 1.406012 1.936447
v -1.156242 1.352643 1.888522
v -1.151022 1.359685 1.873638
v -1.144937 1.359376 1.874264
v -1.146677 1.349364 1.891368
v -1.116316 1.372527 1.728807
v -1.100281 1.367220 1.716285
v -1.103426 1.354444 1.725702
v -1.116254 1.362600 1.736722
v -1.191349 1.420650 1.882584
v -1.190232 1.427164 1.891312
v -1.192027 1.438842 1.875206
v -1.192310 1.428830 1.867930
v -1.188124 1.449142 1.885748
v -1.185664 1.434349 1.903567
v -1.175147 1.441721 1.915059
v -1.177487 1.457369 1.899457
v -1.101996 1.023049 1.900411
v -1.105186 1.040688 1.922153
v -1.055017 1.174395 1.903487
v -1.037363 1.176226 1.915552
v -1.013385 1.124991 1.958328
v -0.951691 1.037990 2.001687
v -0.938640 1.014812 1.995725
v -0.943752 0.943957 2.026056
v -1.102762 1.056929 1.940921
v -0.952100 0.925930 2.049404
v -0.960888 0.907339 2.073300
v -1.005018 0.867364 2.041588
v -1.030199 0.865830 2.042921
v -1.026223 0.878991 2.014966
v -0.998125 0.881534 2.011860
v -1.053686 0.872160 2.050691
v -1.052451 0.884512 2.023621
v -1.036762 0.937842 2.197043
v -1.050700 0.671166 2.196902
v -1.072211 0.643081 2.214648
v -1.071408 0.675155 2.200492
v -1.052643 0.640162 2.210715
v -1.088234 0.680557 2.211873
v -1.085271 0.711828 2.202434
v -1.086325 0.668894 2.292049
v -1.053833 0.609349 2.228408
v -1.071258 0.611552 2.232730
v -1.088157 0.648659 2.226268
v -1.085344 0.615826 2.243063
v -0.935821 0.986947 1.996601
v -1.079825 1.056339 2.020769
v -1.075757 1.073492 1.996272
v -1.020929 1.090081 1.993208
v -0.994519 1.078653 1.998652
v -1.022009 1.220208 1.892836
v -1.040077 1.218975 1.885442
v -1.048218 1.248310 1.872693
v -1.064421 1.248191 1.860905
v -1.060079 1.232739 1.867020
v -1.043900 1.233013 1.878881
v -1.087970 1.247730 1.826850
v -1.092645 1.247868 1.805202
v -1.086419 1.230667 1.812343
v -1.082117 1.231317 1.832875
v -1.082026 1.214015 1.820047
v -1.080523 1.212758 1.799715
v -1.047621 1.245733 1.724293
v -1.059927 1.240940 1.737050
v -1.063707 1.264809 1.728667
v -1.050256 1.271425 1.716911
v -0.949013 1.085571 1.982787
v -0.934098 1.000336 1.986998
v -0.996616 1.044096 2.052758
v -1.024879 1.067513 2.032629
v -1.053969 1.067316 2.027704
v -1.124481 1.376138 1.883723
v -1.144225 1.379001 1.771111
v -1.140161 1.373004 1.770447
v -1.182482 1.418027 1.920182
v -1.172287 1.425503 1.930469
v -1.112315 1.402084 1.915826
v -1.140391 1.462733 1.902318
v -1.125762 1.448434 1.903274
v -1.125136 1.457204 1.895532
v -1.040963 1.115236 1.960480
v -1.068234 1.102111 1.963205
v -1.045057 1.103599 1.971407
v -0.930233 0.960920 1.944816
v -0.970318 1.060968 2.001887
v -0.966801 0.889352 2.096828
v -0.970925 0.871270 2.118288
v -0.974222 0.853444 2.137264
v -0.977153 0.836254 2.155196
v -0.979957 0.818175 2.171142
v -0.985518 0.800375 2.184157
v -0.993555 0.782914 2.196015
v -1.000310 0.760235 2.203622
v -0.994635 0.705773 2.227418
v -1.001115 0.702247 2.213911
v -1.001910 0.732150 2.207946
v -1.000501 0.671495 2.221809
v -1.002187 0.641435 2.232088
v -1.008885 0.611574 2.246599
v -1.015037 0.581228 2.262738
v -1.018610 0.551420 2.277307
v -0.924881 0.976959 1.955518
v -0.927687 0.969041 1.950242
v -1.096099 1.489989 1.844281
v -1.123981 1.364979 1.833524
v -1.123948 1.370987 1.835732
v -1.111990 1.410207 1.902284
v -1.182600 1.360073 1.936309
v -1.186003 1.376166 1.938564
v -1.113078 1.389277 1.907973
v -1.119666 1.390643 1.851395
v -1.116186 1.393601 1.854778
v -1.145481 1.358284 2.161396
v -1.154489 1.350280 2.162156
v -1.147565 1.352403 2.180441
v -1.138445 1.359192 2.179285
v -1.133547 1.360445 2.160227
v -1.127232 1.360531 2.177614
v -1.100668 1.316317 2.161454
v -1.101188 1.328739 2.158760
v -1.099366 1.328828 2.178107
v -1.099387 1.316944 2.180909
v -1.111843 1.356703 2.194229
v -1.104867 1.349306 2.193910
v -1.108425 1.349817 2.175757
v -1.116919 1.357306 2.176677
v -1.115166 1.296453 2.166390
v -1.126822 1.293475 2.166981
v -1.127102 1.290514 2.148125
v -1.115229 1.294425 2.147474
v -1.108700 1.320656 2.083979
v -1.107777 1.308426 2.086636
v -1.108911 1.311500 2.071959
v -1.110445 1.323436 2.069580
v -1.158505 1.356471 2.124590
v -1.166666 1.345916 2.124204
v -1.160991 1.348214 2.143097
v -1.152125 1.357284 2.142850
v -1.120846 1.351141 2.120030
v -1.111929 1.340790 2.119353
v -1.116473 1.340200 2.099712
v -1.126070 1.350415 2.101037
v -1.164620 1.353864 2.105943
v -1.171188 1.342731 2.104645
v -1.112401 1.350807 2.157504
v -1.105348 1.340364 2.157292
v -1.108249 1.340934 2.138378
v -1.116535 1.351460 2.139257
v -1.113286 1.303100 2.203174
v -1.123829 1.301672 2.203635
v -1.125837 1.297231 2.185452
v -1.114677 1.299377 2.185047
v -1.100320 1.339996 2.194907
v -1.097727 1.329501 2.196866
v -1.103034 1.339878 2.176140
v -1.149524 1.333097 2.200671
v -1.146284 1.344346 2.199252
v -1.153127 1.341315 2.180782
v -1.155920 1.328882 2.182022
v -1.103559 1.316973 2.122014
v -1.106087 1.329292 2.119912
v -1.103069 1.328971 2.139361
v -1.101594 1.316260 2.141945
v -1.145923 1.360863 2.122966
v -1.139745 1.360693 2.141738
v -1.161368 1.324802 2.163851
v -1.159476 1.338336 2.162338
v -1.165024 1.335321 2.143455
v -1.165787 1.320527 2.144279
v -1.163608 1.302512 2.126580
v -1.152762 1.293518 2.127395
v -1.151985 1.297587 2.146386
v -1.161405 1.307134 2.145520
v -1.106592 1.318338 2.102360
v -1.106984 1.305619 2.105317
v -1.114858 1.293514 2.127959
v -1.126806 1.288204 2.128757
v -1.125853 1.286993 2.109404
v -1.113746 1.293804 2.108405
v -1.148324 1.358194 2.070769
v -1.162240 1.357260 2.072445
v -1.158821 1.358529 2.086853
v -1.145119 1.358416 2.085037
v -1.169840 1.351233 2.086701
v -1.173578 1.349201 2.070979
v -1.179783 1.336852 2.044847
v -1.178950 1.324886 2.043313
v -1.177422 1.323985 2.055503
v -1.178679 1.336139 2.057247
v -1.165285 1.292652 2.089468
v -1.151525 1.285392 2.088594
v -1.152441 1.289453 2.108260
v -1.165346 1.297609 2.108178
v -1.135456 1.281696 2.071876
v -1.122954 1.286687 2.073790
v -1.124542 1.286353 2.090309
v -1.137720 1.283190 2.089162
v -1.131395 1.298984 2.017766
v -1.122228 1.305104 2.019851
v -1.121142 1.299229 2.033166
v -1.130796 1.292622 2.032580
v -1.112667 1.323079 2.035855
v -1.113026 1.328359 2.024360
v -1.114644 1.341019 2.027231
v -1.115472 1.335826 2.038014
v -1.157862 1.369474 2.031268
v -1.170038 1.362949 2.026850
v -1.170058 1.360026 2.037874
v -1.156696 1.365380 2.040789
v -1.164951 1.289848 2.073169
v -1.149942 1.281751 2.069098
v -1.111963 1.318960 2.047010
v -1.114634 1.331741 2.047582
v -1.113188 1.327687 2.058071
v -1.110714 1.315086 2.058410
v -1.131473 1.351396 2.048949
v -1.140963 1.358081 2.049659
v -1.138882 1.354470 2.056538
v -1.128419 1.346606 2.056628
v -1.154557 1.362303 2.048201
v -1.168351 1.359560 2.048185
v -1.164824 1.357740 2.057559
v -1.151270 1.359791 2.057566
v -1.164722 1.289941 2.061841
v -1.171205 1.301129 2.061360
v -1.170059 1.300779 2.051582
v -1.163457 1.290520 2.052185
v -1.132993 1.283622 2.058166
v -1.121266 1.289100 2.059597
v -1.126248 1.343142 2.067894
v -1.116181 1.333878 2.068377
v -1.118857 1.338285 2.057628
v -1.174805 1.348413 2.056420
v -1.141383 1.295448 2.016627
v -1.151503 1.294719 2.015978
v -1.151330 1.301339 1.999955
v -1.140849 1.301891 2.001143
v -1.131096 1.305738 2.002454
v -1.122506 1.312898 2.004454
v -1.113152 1.336626 2.009215
v -1.113725 1.349171 2.012595
v -1.119691 1.362515 2.015875
v -1.131084 1.373824 2.017440
v -1.133824 1.363912 2.032225
v -1.121827 1.353441 2.029781
v -1.157657 1.378997 2.013703
v -1.169958 1.371325 2.009363
v -1.176762 1.353019 2.023149
v -1.177288 1.359858 2.006302
v -1.113872 1.305477 2.046249
v -1.114753 1.310269 2.034355
v -1.158202 1.311663 2.164715
v -1.149954 1.302016 2.165874
v -1.146703 1.306770 2.184532
v -1.153810 1.316417 2.183257
v -1.134062 1.305012 2.203402
v -1.136964 1.300198 2.185171
v -1.121997 1.357824 2.158771
v -1.127032 1.358185 2.140509
v -1.121195 1.360889 2.195230
v -1.136163 1.351803 2.067931
v -1.131977 1.349909 2.081731
v -1.175358 1.313184 2.041387
v -1.179359 1.326663 2.031121
v -1.176032 1.315187 2.029788
v -1.172473 1.303608 2.072963
v -1.173063 1.307749 2.088504
v -1.173959 1.325280 2.086941
v -1.174716 1.320268 2.069102
v -1.162274 1.292261 2.042125
v -1.169979 1.301906 2.041402
v -1.170334 1.304730 2.029643
v -1.161957 1.295465 2.029914
v -1.144439 1.368813 2.032851
v -1.143085 1.362553 2.041794
v -1.180606 1.335518 2.002053
v -1.179901 1.330470 2.018237
v -1.179673 1.341465 2.020824
v -1.180552 1.347084 2.004757
v -1.179799 1.338441 2.032952
v -1.177809 1.324572 2.000009
v -1.177025 1.319233 2.016507
v -1.144122 1.379405 2.016312
v -1.162034 1.300171 2.015474
v -1.171095 1.309003 2.015777
v -1.171543 1.314638 1.999068
v -1.162052 1.306154 1.998992
v -1.138920 1.295831 2.166463
v -1.139923 1.292272 2.147539
v -1.112582 1.297160 2.073715
v -1.112942 1.294580 2.089239
v -1.113093 1.300924 2.059679
v -1.105499 1.304541 2.164622
v -1.104821 1.306217 2.183587
v -1.106080 1.304034 2.125351
v -1.105925 1.303766 2.145103
v -1.169250 1.316567 2.125442
v -1.142188 1.285649 2.045061
v -1.131520 1.287827 2.045917
v -1.144201 1.281915 2.056311
v -1.115747 1.324613 2.005630
v -1.115841 1.315994 2.022037
v -1.156894 1.283215 2.060787
v -1.115005 1.335413 1.985530
v -1.177092 1.336851 2.069133
v -1.176814 1.349328 2.046659
v -1.177056 1.349950 2.035010
v -1.140382 1.354494 2.198177
v -1.132109 1.358436 2.121621
v -1.121660 1.340211 2.081225
v -1.113448 1.331127 2.081657
v -1.152429 1.286125 2.043418
v -1.151394 1.289940 2.030834
v -1.141195 1.290356 2.032057
v -1.133605 1.356462 2.041677
v -1.122098 1.346869 2.039978
v -1.104052 1.308801 2.201808
v -1.121353 1.342625 2.048900
v -1.174260 1.339531 2.087241
v -1.038213 1.477569 1.713237
v -1.094812 1.306072 1.838849
v -1.054003 1.294045 1.865853
v -1.068224 1.294777 1.856844
v -1.118274 1.348691 1.832072
v -1.121395 1.358229 1.832876
v -1.123960 1.379182 1.842324
v -1.121193 1.383413 1.848117
v -1.103144 1.333711 1.850070
v -1.109536 1.662961 1.878846
v -1.107564 1.657176 1.873536
v -1.114169 1.673295 1.883713
v -0.941639 1.204366 1.915704
v -1.098101 1.646101 1.886588
v -1.097685 1.640618 1.882596
v -1.102316 1.642525 1.884251
v -1.096327 1.647357 1.888110
v -1.096269 1.647655 1.889266
v -1.112289 1.673695 1.893275
v -1.104187 1.649963 1.870515
v -1.100027 1.642050 1.869445
v -1.104625 1.661996 1.896141
v -1.013430 1.125598 1.758365
v -0.993635 1.127001 1.751833
v -0.994894 1.105469 1.757657
v -1.016484 1.103985 1.764021
v -0.995179 1.082428 1.762814
v -1.093422 1.062869 1.826136
v -1.103806 1.078184 1.843822
v -1.100584 1.097151 1.833431
v -1.091000 1.083926 1.815046
v -1.099644 1.124949 1.845773
v -1.095173 1.113541 1.824598
v -1.103883 1.110776 1.855350
v -1.100651 1.122031 1.877729
v -1.096783 1.135478 1.867987
v -1.091416 1.129501 1.898647
v -1.087979 1.143404 1.888580
v -1.076970 1.134034 1.916814
v -1.058753 1.137333 1.930824
v -1.038737 1.125420 1.947860
v -1.014233 1.138461 1.948065
v -1.036788 1.138977 1.940539
v -0.970645 1.138362 1.958081
v -0.991531 1.138040 1.954217
v -0.936684 1.140069 1.959597
v -0.952821 1.139089 1.959869
v -1.083370 1.475939 1.857472
v -1.114408 1.518904 1.766387
v -1.126854 1.510228 1.765929
v -1.129719 1.514529 1.786102
v -1.147304 1.453206 1.744846
v -1.150311 1.470402 1.754725
v -1.133050 1.468828 1.736566
v -1.129681 1.456048 1.730217
v -1.106262 1.514893 1.751995
v -1.098707 1.521015 1.752853
v -1.116752 1.504544 1.748810
v -1.081162 1.502082 1.728877
v -1.101321 1.501835 1.736031
v -1.159836 1.500548 1.806253
v -1.167409 1.485982 1.788824
v -1.171869 1.484960 1.799586
v -1.166260 1.499213 1.816617
v -1.162853 1.437149 1.768548
v -1.158626 1.423430 1.765439
v -1.165584 1.423344 1.776828
v -1.169132 1.437344 1.778749
v -1.176401 1.488778 1.855550
v -1.184162 1.478005 1.838871
v -1.186953 1.471279 1.854581
v -1.177936 1.480777 1.869636
v -1.172024 1.453296 1.783587
v -1.081615 1.379088 1.700812
v -1.099648 1.382028 1.711327
v -1.116634 1.383705 1.723706
v -1.148558 1.385204 1.772645
v -1.140994 1.386851 1.756339
v -1.137168 1.378675 1.756898
v -1.154693 1.383353 1.788730
v -1.158362 1.382443 1.802486
v -1.115958 1.439287 1.891840
v -1.114744 1.443670 1.887484
v -1.124666 1.466350 1.887535
v -1.157542 1.379097 1.836191
v -1.156625 1.379441 1.821170
v -1.153154 1.376916 1.822624
v -1.153328 1.376612 1.837381
v -1.153853 1.502867 1.797978
v -1.190083 1.457619 1.841567
v -1.186463 1.463134 1.825703
v -1.185440 1.447936 1.820245
v -1.189429 1.442370 1.836783
v -1.186905 1.430513 1.831519
v -1.183235 1.434040 1.815384
v -1.180128 1.420833 1.812737
v -1.183803 1.418749 1.827986
v -1.162466 1.382566 1.836397
v -1.160714 1.383343 1.817519
v -1.160728 1.472234 1.895452
v -1.156909 1.503763 1.848169
v -1.137196 1.498741 1.863582
v -1.133682 1.502212 1.854289
v -1.152876 1.505442 1.837044
v -1.130926 1.375678 1.860397
v -1.125695 1.382390 1.864033
v -1.136168 1.369941 1.857149
v -1.148941 1.373586 1.820493
v -1.140328 1.367339 1.857164
v -1.113270 1.416218 1.890367
v -1.116795 1.432375 1.899020
v -1.120584 1.481983 1.873041
v -1.117995 1.487082 1.866334
v -1.178459 1.470552 1.883752
v -1.188537 1.461295 1.870112
v -1.162487 1.374781 1.853085
v -1.158247 1.371732 1.855136
v -1.162774 1.366476 1.868483
v -1.146600 1.368548 1.801388
v -1.150004 1.375512 1.823295
v -1.172073 1.498509 1.829273
v -1.191773 1.449330 1.857830
v -1.191403 1.435450 1.851928
v -1.179184 1.435915 1.800919
v -1.181285 1.450693 1.804986
v -1.176747 1.452182 1.792408
v -1.174365 1.437046 1.788832
v -1.186930 1.415192 1.844569
v -1.182449 1.403090 1.845195
v -1.171053 1.423959 1.788880
v -1.175729 1.423153 1.800604
v -1.167320 1.378570 1.850905
v -1.114981 1.489929 1.859254
v -1.104319 1.473008 1.869988
v -1.098463 1.474911 1.865522
v -1.110635 1.460316 1.879387
v -1.107834 1.467974 1.874708
v -1.112783 1.450537 1.884190
v -1.092104 1.475493 1.861318
v -1.154818 1.283517 2.053366
v -1.157585 1.362320 1.871375
v -1.163208 1.358144 1.884682
v -1.167621 1.363138 1.880529
v -1.177819 1.350948 1.932758
v -0.985500 1.587375 1.941314
v -0.985055 1.591916 1.945295
v -0.988165 1.608739 1.954093
v -0.988874 1.612594 1.954911
v -1.174648 1.312086 2.052229
v -1.173401 1.310856 2.060798
v -1.171553 1.311841 2.106386
v -1.169195 1.332098 2.124309
v -1.172089 1.328641 2.105180
v -1.152381 1.360161 2.104101
v -1.138127 1.358321 2.102101
v -1.110161 1.329861 2.100919
v -1.139032 1.285746 2.108884
v -1.117888 1.365218 2.230706
v -1.126890 1.360895 2.232975
v -1.120316 1.364333 2.249942
v -1.111073 1.367257 2.247646
v -1.104837 1.370162 2.263854
v -1.096553 1.366187 2.262871
v -1.102530 1.364698 2.246478
v -1.091090 1.359829 2.263140
v -1.096862 1.358782 2.246778
v -1.088576 1.352036 2.264353
v -1.087189 1.343650 2.265612
v -1.091077 1.342736 2.249002
v -1.093080 1.351176 2.247621
v -1.093806 1.332557 2.233184
v -1.091408 1.334135 2.251163
v -1.094168 1.325721 2.253403
v -1.095550 1.323068 2.235542
v -1.104219 1.319189 2.272925
v -1.111964 1.320115 2.273459
v -1.115683 1.315801 2.257017
v -1.107021 1.314807 2.256418
v -1.134030 1.322299 2.239515
v -1.127297 1.315048 2.239509
v -1.123605 1.320228 2.257442
v -1.130019 1.327024 2.257070
v -1.127149 1.330512 2.273538
v -1.128196 1.339497 2.272103
v -1.131833 1.335655 2.256259
v -1.131504 1.360560 2.196975
v -1.124760 1.362357 2.213978
v -1.114876 1.361857 2.212384
v -1.096800 1.350132 2.229777
v -1.100849 1.349562 2.211817
v -1.106590 1.357005 2.211602
v -1.101408 1.357655 2.229182
v -1.098379 1.318416 2.199386
v -1.095912 1.330892 2.215070
v -1.097054 1.320687 2.217582
v -1.094376 1.341758 2.231190
v -1.097569 1.340708 2.213033
v -1.100942 1.314995 2.237545
v -1.099422 1.318615 2.255149
v -1.132558 1.351864 2.234709
v -1.136112 1.341627 2.236468
v -1.129812 1.345738 2.254649
v -1.126538 1.355981 2.252538
v -1.102613 1.312023 2.219724
v -1.142896 1.337436 2.218925
v -1.139341 1.347977 2.217077
v -1.137195 1.331259 2.237996
v -1.142596 1.326480 2.220216
v -1.121574 1.359622 2.268521
v -1.114384 1.367658 2.266125
v -1.133713 1.357403 2.215221
v -1.109228 1.310445 2.238862
v -1.118749 1.310631 2.239400
v -1.121420 1.306124 2.221662
v -1.111425 1.306715 2.221134
v -1.142620 1.311931 2.202999
v -1.130727 1.309986 2.221253
v -1.138213 1.317086 2.221234
v -1.120125 1.323975 2.273814
v -1.148174 1.321399 2.202248
v -1.077096 1.361995 2.339108
v -1.076444 1.359787 2.330018
v -1.070075 1.363462 2.334978
v -1.072033 1.367706 2.342634
v -1.057881 1.355071 2.320770
v -1.052556 1.359954 2.312659
v -1.046596 1.365045 2.323407
v -1.050390 1.359941 2.330240
v -1.068351 1.372679 2.345473
v -1.064198 1.367001 2.339547
v -1.066513 1.375621 2.344595
v -1.074849 1.383476 2.350522
v -1.071698 1.378420 2.351943
v -1.078794 1.386922 2.357465
v -1.083243 1.386321 2.344472
v -1.087332 1.387789 2.356390
v -1.104312 1.370445 2.342258
v -1.108984 1.360910 2.341947
v -1.108221 1.362727 2.356470
v -1.102421 1.372120 2.356270
v -1.110714 1.343399 2.352624
v -1.108901 1.353497 2.355364
v -1.110434 1.352479 2.340811
v -1.111440 1.343729 2.338981
v -1.083310 1.349789 2.336344
v -1.083723 1.347696 2.326884
v -1.081831 1.353940 2.327161
v -1.081472 1.355336 2.336623
v -1.059540 1.380170 2.344236
v -1.070531 1.383782 2.337063
v -1.069865 1.381085 2.342679
v -1.058269 1.376403 2.345736
v -1.081166 1.328583 2.309476
v -1.082880 1.327940 2.298136
v -1.080938 1.335568 2.296658
v -1.079825 1.334893 2.306830
v -1.065598 1.353625 2.296854
v -1.072783 1.351448 2.291749
v -1.077037 1.362115 2.284890
v -1.070090 1.365595 2.290664
v -1.058684 1.356193 2.304206
v -1.062196 1.367877 2.298606
v -1.054845 1.369809 2.307834
v -1.048936 1.373289 2.320406
v -1.089789 1.320220 2.299386
v -1.087650 1.318281 2.307929
v -1.059522 1.379519 2.393457
v -1.060979 1.374209 2.393803
v -1.062618 1.375372 2.391705
v -1.061500 1.380680 2.391241
v -1.105970 1.320097 2.306604
v -1.112600 1.326423 2.306484
v -1.113041 1.325476 2.300333
v -1.105714 1.320409 2.300325
v -1.106651 1.319288 2.314868
v -1.112743 1.327412 2.314451
v -1.063698 1.386146 2.403363
v -1.060930 1.386050 2.399400
v -1.065136 1.387679 2.396770
v -1.068670 1.387696 2.400517
v -1.072039 1.371506 2.350886
v -1.076231 1.364614 2.348288
v -1.072824 1.373572 2.366917
v -1.074738 1.367971 2.358773
v -1.071843 1.375710 2.358284
v -1.072263 1.379071 2.364593
v -1.083508 1.350278 2.355311
v -1.084236 1.348216 2.345473
v -1.081714 1.355258 2.347681
v -1.080358 1.357189 2.358076
v -1.085705 1.336251 2.345110
v -1.086095 1.338269 2.354202
v -1.086760 1.331682 2.353836
v -1.085933 1.330447 2.346150
v -1.085715 1.347615 2.371099
v -1.085895 1.349004 2.378493
v -1.087266 1.343942 2.378268
v -1.086922 1.342603 2.370619
v -1.114916 1.325222 2.294160
v -1.107049 1.320806 2.294149
v -1.110457 1.324572 2.348369
v -1.106105 1.317015 2.345374
v -1.105755 1.314360 2.355538
v -1.111230 1.322644 2.358466
v -1.116470 1.334946 2.306697
v -1.117938 1.333733 2.300234
v -1.067160 1.382885 2.406388
v -1.072076 1.384930 2.404208
v -1.064801 1.379296 2.306081
v -1.054814 1.381303 2.319862
v -1.074184 1.375991 2.296413
v -1.080948 1.372626 2.290215
v -1.086018 1.370357 2.284301
v -1.076666 1.365118 2.363932
v -1.080427 1.358169 2.344019
v -1.084069 1.345275 2.335878
v -1.087370 1.317493 2.338608
v -1.087248 1.316374 2.331951
v -1.084146 1.324903 2.332840
v -1.085369 1.324270 2.339134
v -1.098601 1.312406 2.344789
v -1.091788 1.313811 2.345591
v -1.092237 1.314079 2.352453
v -1.098605 1.311541 2.353223
v -1.058703 1.385000 2.342386
v -1.067699 1.386934 2.331971
v -1.097161 1.316325 2.307308
v -1.097350 1.318031 2.300277
v -1.099307 1.320155 2.293141
v -1.082139 1.340955 2.316625
v -1.078570 1.339305 2.305225
v -1.075491 1.343744 2.305049
v -1.081424 1.345615 2.316422
v -1.072277 1.354660 2.322402
v -1.064405 1.351008 2.313215
v -1.065434 1.357772 2.328809
v -1.078147 1.342369 2.294370
v -1.084332 1.336704 2.288442
v -1.081424 1.344322 2.286595
v -1.087467 1.328648 2.290169
v -1.093003 1.322515 2.292139
v -1.086303 1.337146 2.280246
v -1.084143 1.344629 2.278096
v -1.090194 1.329428 2.282341
v -1.095088 1.323458 2.284018
v -1.123960 1.331930 2.284910
v -1.116862 1.324377 2.285750
v -1.120768 1.333180 2.293113
v -1.085336 1.362023 2.275910
v -1.079592 1.352895 2.285212
v -1.084247 1.353107 2.277138
v -1.092093 1.368607 2.275918
v -1.046649 1.365018 2.335704
v -1.042885 1.369502 2.340652
v -1.048220 1.367853 2.344299
v -1.052289 1.364715 2.340264
v -1.079515 1.388417 2.365165
v -1.074306 1.384498 2.364257
v -1.073880 1.382262 2.357769
v -1.082152 1.325669 2.318703
v -1.087422 1.316892 2.317112
v -1.074900 1.369689 2.369848
v -1.073209 1.388740 2.395246
v -1.068770 1.388506 2.391692
v -1.074230 1.388751 2.379744
v -1.079470 1.389483 2.383193
v -1.078468 1.369273 2.378189
v -1.074343 1.371584 2.374485
v -1.072299 1.371883 2.380143
v -1.076897 1.370564 2.384213
v -1.087337 1.336853 2.375337
v -1.087320 1.335886 2.368925
v -1.097760 1.372967 2.370389
v -1.096447 1.384658 2.367920
v -1.097420 1.382951 2.355294
v -1.085193 1.343931 2.354413
v -1.085312 1.345641 2.363189
v -1.086471 1.340442 2.362852
v -1.077768 1.363904 2.367248
v -1.077640 1.366842 2.371942
v -1.080112 1.362123 2.371364
v -1.079842 1.359017 2.365233
v -1.106945 1.318054 2.334620
v -1.097231 1.312202 2.334538
v -1.059493 1.383584 2.395717
v -1.062384 1.385182 2.393432
v -1.108255 1.320993 2.285523
v -1.100894 1.320866 2.285241
v -1.085281 1.342321 2.344709
v -1.097174 1.380586 2.342225
v -1.084524 1.340352 2.335531
v -1.103995 1.334405 2.370788
v -1.097969 1.328275 2.370321
v -1.095424 1.330451 2.376136
v -1.100474 1.334066 2.377873
v -1.072959 1.371741 2.393778
v -1.068430 1.372405 2.390277
v -1.065787 1.372045 2.394181
v -1.069662 1.371294 2.398178
v -1.072050 1.374943 2.371328
v -1.071357 1.379891 2.369696
v -1.068751 1.380300 2.376523
v -1.069393 1.375339 2.377705
v -1.073496 1.384886 2.369880
v -1.070885 1.385218 2.377370
v -1.077215 1.373755 2.398051
v -1.078449 1.379591 2.399926
v -1.085564 1.379351 2.388164
v -1.082343 1.373347 2.387913
v -1.113155 1.343859 2.326340
v -1.113427 1.335262 2.325543
v -1.111720 1.334514 2.337987
v -1.110373 1.333413 2.350832
v -1.107722 1.332356 2.362413
v -1.110499 1.343426 2.365278
v -1.110882 1.326804 2.336481
v -1.087792 1.367995 2.378750
v -1.090353 1.376576 2.378987
v -1.093493 1.368726 2.378924
v -1.085115 1.333265 2.335688
v -1.065613 1.385699 2.388685
v -1.103841 1.372000 2.295132
v -1.112801 1.363933 2.297414
v -1.111376 1.364632 2.306364
v -1.100417 1.374326 2.302316
v -1.065170 1.375852 2.388030
v -1.063805 1.380788 2.386953
v -1.088331 1.329737 2.368722
v -1.088413 1.331733 2.374974
v -1.090935 1.328275 2.375717
v -1.090231 1.325888 2.370782
v -1.112345 1.327848 2.324775
v -1.100915 1.311697 2.362721
v -1.108240 1.319748 2.365201
v -1.115093 1.335523 2.314954
v -1.115175 1.344337 2.315285
v -1.116718 1.344799 2.306771
v -1.104865 1.354105 2.370342
v -1.112307 1.351697 2.327798
v -1.114099 1.351744 2.315948
v -1.115681 1.353226 2.306203
v -1.117310 1.353857 2.298742
v -1.118737 1.344755 2.299692
v -1.076993 1.385956 2.398412
v -1.073768 1.378608 2.404921
v -1.121306 1.344267 2.291776
v -1.124948 1.342128 2.283319
v -1.121832 1.351403 2.281854
v -1.119343 1.353517 2.290483
v -1.112174 1.359987 2.316814
v -1.107706 1.368509 2.316644
v -1.110656 1.359715 2.328664
v -1.106290 1.368689 2.329407
v -1.106845 1.364737 2.370232
v -1.061202 1.370112 2.410176
v -1.067828 1.371965 2.405331
v -1.066369 1.369778 2.401332
v -1.060679 1.367544 2.406730
v -1.072470 1.373257 2.402110
v -1.068911 1.376665 2.406743
v -1.097530 1.379074 2.329250
v -1.080916 1.364212 2.377182
v -1.094330 1.379303 2.314248
v -1.084883 1.386513 2.332379
v -1.080415 1.387048 2.322588
v -1.086937 1.379306 2.297952
v -1.077931 1.384282 2.306846
v -1.096236 1.372831 2.285946
v -1.092467 1.374861 2.292076
v -1.100111 1.370798 2.277014
v -1.066522 1.386935 2.318522
v -1.054946 1.376404 2.396854
v -1.056988 1.371131 2.397722
v -1.106380 1.370783 2.288187
v -1.110145 1.369747 2.278887
v -1.058078 1.361207 2.335530
v -1.083771 1.333222 2.326915
v -1.084127 1.338861 2.326622
v -1.087538 1.316081 2.325385
v -1.083227 1.325374 2.326547
v -1.118126 1.361981 2.280578
v -1.088694 1.335685 2.267896
v -1.092498 1.328161 2.270078
v -1.125235 1.349193 2.270452
v -1.054317 1.380656 2.399268
v -1.090327 1.348852 2.382468
v -1.091200 1.347076 2.382250
v -1.043940 1.370039 2.331107
v -1.041272 1.374370 2.337601
v -1.047380 1.385057 2.338305
v -1.043050 1.379565 2.337424
v -1.045717 1.377256 2.329074
v -1.050439 1.383956 2.329511
v -1.081963 1.336908 2.317559
v -1.082054 1.332191 2.318695
v -1.107360 1.318743 2.324288
v -1.097959 1.312929 2.324678
v -1.078188 1.388723 2.371536
v -1.087127 1.389101 2.366658
v -1.083947 1.388970 2.374059
v -1.084560 1.385987 2.385649
v -1.083798 1.367299 2.379549
v -1.084284 1.371354 2.381397
v -1.070594 1.347646 2.307988
v -1.078188 1.350886 2.318149
v -1.059009 1.368918 2.342318
v -1.054838 1.370541 2.345711
v -1.082788 1.352273 2.363517
v -1.099627 1.356797 2.381419
v -1.100655 1.364570 2.379810
v -1.083181 1.354705 2.370900
v -1.056280 1.382830 2.407550
v -1.054483 1.382776 2.403048
v -1.090312 1.385375 2.376452
v -1.087353 1.333714 2.361733
v -1.100143 1.349536 2.378528
v -1.095690 1.351887 2.383102
v -1.096560 1.311480 2.358170
v -1.114877 1.363457 2.290077
v -1.063683 1.370168 2.396616
v -1.059283 1.367394 2.401037
v -1.061109 1.374213 2.411398
v -1.059578 1.379416 2.410270
v -1.097856 1.314537 2.315611
v -1.084128 1.343164 2.326654
v -1.097725 1.322010 2.271658
v -1.058552 1.386856 2.330075
v -1.053832 1.387786 2.339866
v -1.083222 1.356340 2.376758
v -1.103603 1.325429 2.367898
v -1.106630 1.342491 2.373821
v -1.103040 1.341110 2.381462
v -1.098951 1.347038 2.383721
v -1.093844 1.347633 2.384745
v -1.054877 1.372211 2.414502
v -1.053333 1.376839 2.413529
v -1.050293 1.380428 2.410102
v -1.049661 1.380069 2.405438
v -1.050275 1.377879 2.401607
v -1.055402 1.368229 2.413007
v -1.055440 1.366034 2.409415
v -1.055481 1.365752 2.403649
v -1.049847 1.366478 2.414134
v -1.047882 1.370016 2.416443
v -1.038034 1.375504 2.411419
v -1.043453 1.377945 2.412077
v -1.041526 1.375255 2.414184
v -1.037937 1.373702 2.414391
v -1.034049 1.371402 2.415257
v -1.033946 1.372448 2.411934
v -1.043809 1.373686 2.416011
v -1.039764 1.371348 2.417195
v -1.041620 1.368025 2.417243
v -1.037619 1.365657 2.418264
v -1.035516 1.368781 2.418060
v -1.044567 1.370506 2.416715
v -1.047147 1.375518 2.415413
v -1.031082 1.369022 2.413348
v -1.031518 1.369463 2.415954
v -1.031955 1.366663 2.418407
v -1.031075 1.364835 2.415913
v -1.044657 1.378468 2.406719
v -1.039024 1.375057 2.407973
v -1.034721 1.371300 2.408949
v -1.032032 1.367677 2.410671
v -1.039975 1.372712 2.405272
v -1.035918 1.369120 2.407031
v -1.033942 1.366016 2.408879
v -1.041178 1.369157 2.404011
v -1.037151 1.366390 2.406443
v -1.047769 1.372700 2.401212
v -1.046302 1.376493 2.403019
v -1.035459 1.364910 2.408127
v -1.032134 1.363546 2.413270
v -1.043748 1.365797 2.416738
v -1.039108 1.363346 2.417252
v -1.044732 1.363769 2.414916
v -1.039958 1.361706 2.415442
v -1.034721 1.362345 2.417609
v -1.034501 1.364337 2.419131
v -1.051648 1.373973 2.399245
v -1.053944 1.368974 2.400425
v -1.049720 1.367915 2.402144
v -1.043209 1.364851 2.404771
v -1.050877 1.364837 2.405584
v -1.050349 1.364554 2.410676
v -1.044951 1.362372 2.412057
v -1.044862 1.362228 2.408171
v -1.040315 1.360854 2.412763
v -1.040058 1.361116 2.409925
v -1.038587 1.363263 2.407455
v -1.036621 1.360888 2.412649
v -1.035556 1.361236 2.415260
v -1.034195 1.363049 2.411163
v -1.037392 1.361253 2.410722
v -1.036108 1.362944 2.409401
v -1.069640 1.356637 2.405164
v -1.070275 1.351541 2.404887
v -1.075251 1.353508 2.402427
v -1.074686 1.358225 2.402357
v -1.075921 1.362547 2.415135
v -1.072033 1.362219 2.410494
v -1.078358 1.364465 2.407923
v -1.082800 1.364559 2.412265
v -1.080264 1.357745 2.417560
v -1.087340 1.359577 2.414790
v -1.087463 1.366390 2.404759
v -1.082493 1.366094 2.401507
v -1.085868 1.366731 2.387816
v -1.091294 1.367419 2.389395
v -1.084417 1.350459 2.386269
v -1.088254 1.348641 2.389003
v -1.070127 1.359886 2.406987
v -1.075718 1.361791 2.404322
v -1.084673 1.348934 2.400855
v -1.080975 1.350643 2.398365
v -1.077225 1.349612 2.403391
v -1.080175 1.347484 2.406420
v -1.080220 1.361654 2.384569
v -1.081689 1.355737 2.384926
v -1.082370 1.364983 2.386085
v -1.088950 1.349848 2.404319
v -1.092185 1.354434 2.406878
v -1.097167 1.356482 2.392269
v -1.093652 1.351042 2.391674
v -1.079725 1.363582 2.398698
v -1.078603 1.355065 2.397141
v -1.077971 1.359996 2.397071
v -1.092179 1.361676 2.406349
v -1.086260 1.352120 2.413737
v -1.068305 1.344467 2.417224
v -1.076164 1.346561 2.413415
v -1.074278 1.345301 2.409528
v -1.066881 1.342674 2.413440
v -1.082993 1.348481 2.410074
v -1.078880 1.350489 2.416708
v -1.061739 1.353009 2.408440
v -1.063083 1.347952 2.408121
v -1.061595 1.356448 2.410570
v -1.097033 1.363892 2.391185
v -1.065736 1.358518 2.418704
v -1.062894 1.358196 2.414029
v -1.072055 1.347395 2.405946
v -1.064903 1.343896 2.409392
v -1.069448 1.348087 2.420112
v -1.069219 1.354336 2.420663
v -1.062021 1.345726 2.421884
v -1.061191 1.351112 2.423130
v -1.058203 1.355122 2.420909
v -1.056973 1.355514 2.416010
v -1.057037 1.354082 2.412436
v -1.061675 1.342468 2.419177
v -1.061328 1.341141 2.415517
v -1.060498 1.342286 2.411490
v -1.054737 1.338989 2.418235
v -1.053842 1.341365 2.421369
v -1.040132 1.346107 2.417856
v -1.045236 1.348894 2.418527
v -1.044883 1.346336 2.420438
v -1.040037 1.344523 2.420588
v -1.050752 1.350626 2.420276
v -1.048563 1.347469 2.421062
v -1.049956 1.344900 2.421874
v -1.045970 1.342991 2.422322
v -1.046766 1.339753 2.420918
v -1.041955 1.337380 2.421469
v -1.040414 1.340721 2.422683
v -1.050275 1.341926 2.421185
v -1.036431 1.342603 2.420696
v -1.036072 1.342466 2.418186
v -1.053892 1.346995 2.422925
v -1.051795 1.352691 2.415874
v -1.045760 1.349660 2.415271
v -1.040461 1.346026 2.414886
v -1.036778 1.341751 2.415259
v -1.046220 1.348458 2.411945
v -1.041094 1.344728 2.412264
v -1.038283 1.340978 2.413189
v -1.047077 1.345382 2.409370
v -1.042005 1.342178 2.410649
v -1.054050 1.348924 2.409950
v -1.052832 1.351927 2.412250
v -1.039783 1.340290 2.412026
v -1.034632 1.337874 2.419539
v -1.035807 1.337525 2.416510
v -1.035456 1.338871 2.422746
v -1.047852 1.338304 2.419437
v -1.042550 1.336130 2.419441
v -1.048551 1.336528 2.417776
v -1.042934 1.334718 2.417773
v -1.037805 1.335051 2.419988
v -1.037978 1.336036 2.421931
v -1.057780 1.350849 2.410422
v -1.059203 1.346160 2.409968
v -1.055529 1.344353 2.409230
v -1.048391 1.340719 2.408980
v -1.056479 1.340322 2.410842
v -1.055577 1.338513 2.414628
v -1.049257 1.336117 2.414856
v -1.049367 1.337271 2.411296
v -1.043662 1.334741 2.415332
v -1.044122 1.335827 2.412408
v -1.043185 1.338660 2.410471
v -1.039626 1.334884 2.415032
v -1.038320 1.334499 2.417406
v -1.037696 1.337576 2.414065
v -1.040977 1.335739 2.413095
v -1.039980 1.337861 2.412269
v -1.074998 1.336535 2.398097
v -1.074476 1.331579 2.395453
v -1.078849 1.332512 2.394805
v -1.079382 1.337308 2.396847
v -1.079550 1.337532 2.407196
v -1.077387 1.339012 2.405077
v -1.083548 1.341013 2.403147
v -1.086839 1.339996 2.405364
v -1.080892 1.332922 2.407950
v -1.089275 1.334548 2.406427
v -1.090889 1.342476 2.401015
v -1.086574 1.343406 2.399057
v -1.091111 1.345452 2.389336
v -1.095901 1.344892 2.390518
v -1.075765 1.338615 2.401814
v -1.080992 1.339969 2.399788
v -1.084673 1.327018 2.391809
v -1.082680 1.329505 2.390745
v -1.079497 1.328046 2.394560
v -1.081026 1.325655 2.396125
v -1.086033 1.340728 2.383639
v -1.085865 1.335935 2.381630
v -1.087848 1.343821 2.386473
v -1.088618 1.326766 2.394978
v -1.093089 1.330148 2.398942
v -1.097697 1.332538 2.387110
v -1.093267 1.329348 2.384066
v -1.083380 1.341691 2.396090
v -1.080788 1.333966 2.390972
v -1.081416 1.338809 2.392972
v -1.094186 1.337089 2.400611
v -1.087559 1.328151 2.403769
v -1.068938 1.323159 2.404601
v -1.078403 1.324293 2.401447
v -1.076601 1.324251 2.397060
v -1.068045 1.322892 2.400407
v -1.084136 1.325283 2.399418
v -1.080527 1.327378 2.405612
v -1.066893 1.334764 2.399511
v -1.067003 1.330087 2.397346
v -1.067211 1.336549 2.403426
v -1.099160 1.339514 2.389738
v -1.088916 1.328354 2.381647
v -1.068908 1.335256 2.409808
v -1.067839 1.336814 2.406955
v -1.075218 1.326946 2.395087
v -1.067579 1.325305 2.397494
v -1.070074 1.325929 2.408684
v -1.070511 1.331075 2.410774
v -1.063024 1.324839 2.409552
v -1.062879 1.329771 2.411950
v -1.061664 1.334231 2.410906
v -1.061484 1.335766 2.407476
v -1.061796 1.335572 2.403995
v -1.062521 1.322698 2.404875
v -1.062712 1.323117 2.401029
v -1.063173 1.325402 2.398595
v -1.057950 1.322046 2.403842
v -1.057052 1.324651 2.407522
v -1.043809 1.332448 2.406954
v -1.048695 1.333239 2.407931
v -1.048390 1.331248 2.408451
v -1.043734 1.330725 2.408234
v -1.054399 1.333062 2.410055
v -1.051970 1.331322 2.409694
v -1.053369 1.328646 2.409812
v -1.048833 1.327762 2.409539
v -1.050463 1.324641 2.407100
v -1.045916 1.323951 2.406874
v -1.044152 1.327143 2.409157
v -1.053707 1.325571 2.408600
v -1.040659 1.329884 2.408222
v -1.040087 1.330775 2.406683
v -1.057123 1.329186 2.410409
v -1.055525 1.335483 2.406982
v -1.049566 1.334739 2.405575
v -1.044357 1.333498 2.404517
v -1.040930 1.331194 2.403730
v -1.050672 1.334468 2.402387
v -1.045625 1.333087 2.401664
v -1.042636 1.330876 2.401194
v -1.051748 1.332766 2.399477
v -1.046771 1.331446 2.399460
v -1.058303 1.333388 2.400469
v -1.056769 1.335303 2.403501
v -1.044285 1.330176 2.399855
v -1.039184 1.326622 2.406202
v -1.040152 1.326749 2.403039
v -1.040203 1.326603 2.408742
v -1.051698 1.322789 2.405499
v -1.046687 1.322484 2.404862
v -1.052461 1.321901 2.402750
v -1.047239 1.321882 2.402535
v -1.042402 1.323205 2.405472
v -1.042413 1.323859 2.407191
v -1.062369 1.333448 2.400885
v -1.063048 1.329592 2.398665
v -1.059337 1.329934 2.398206
v -1.052632 1.329120 2.397305
v -1.059711 1.325784 2.397902
v -1.058407 1.323063 2.400311
v -1.052859 1.322711 2.399778
v -1.053162 1.325048 2.397422
v -1.047865 1.322636 2.400214
v -1.048259 1.324629 2.398258
v -1.047537 1.328276 2.397849
v -1.044146 1.324006 2.400459
v -1.043005 1.323155 2.402737
v -1.042175 1.327250 2.400606
v -1.045284 1.325108 2.398967
v -1.044319 1.327686 2.399117
v -1.087226 1.331548 2.381191
v -1.080082 1.312576 2.383039
v -1.080274 1.309533 2.380389
v -1.082786 1.310695 2.379938
v -1.082985 1.314075 2.382335
v -1.083891 1.310523 2.391042
v -1.082058 1.313322 2.389680
v -1.087251 1.315936 2.388631
v -1.089699 1.313319 2.390322
v -1.085514 1.306241 2.388450
v -1.091031 1.308051 2.389095
v -1.093933 1.316647 2.386251
v -1.090639 1.319048 2.384860
v -1.095416 1.323369 2.375336
v -1.099893 1.321558 2.375002
v -1.092533 1.310598 2.362708
v -1.090430 1.314167 2.361209
v -1.086802 1.311077 2.368708
v -1.089759 1.307944 2.368370
v -1.080767 1.313654 2.386515
v -1.084958 1.316038 2.385444
v -1.086366 1.304957 2.376604
v -1.084298 1.308432 2.376391
v -1.083150 1.307177 2.378406
v -1.084169 1.303826 2.378047
v -1.088173 1.318153 2.362346
v -1.088701 1.322227 2.365888
v -1.087637 1.319494 2.371098
v -1.085981 1.314891 2.370349
v -1.090660 1.321417 2.373733
v -1.090096 1.303932 2.378329
v -1.093539 1.305704 2.382328
v -1.098631 1.308819 2.370592
v -1.093700 1.306993 2.369325
v -1.087264 1.317934 2.382922
v -1.084302 1.312486 2.377406
v -1.084723 1.315688 2.380479
v -1.095991 1.311508 2.385142
v -1.089305 1.303919 2.384173
v -1.076047 1.298532 2.381785
v -1.082610 1.300187 2.381214
v -1.081183 1.302026 2.378397
v -1.075465 1.300081 2.379449
v -1.086002 1.302128 2.381080
v -1.083948 1.301418 2.385412
v -1.074234 1.310772 2.384197
v -1.074901 1.307919 2.381083
v -1.074371 1.311444 2.387585
v -1.102553 1.316100 2.373401
v -1.075925 1.307853 2.392236
v -1.074783 1.310552 2.390631
v -1.080546 1.305792 2.378809
v -1.075151 1.303925 2.379469
v -1.076772 1.299550 2.385559
v -1.077024 1.303537 2.390009
v -1.070913 1.298458 2.385784
v -1.071028 1.301604 2.391326
v -1.070895 1.306184 2.392575
v -1.070680 1.309096 2.391055
v -1.070770 1.310172 2.388163
v -1.070341 1.297787 2.381799
v -1.070512 1.299962 2.379790
v -1.070919 1.303138 2.380289
v -1.065877 1.298835 2.382074
v -1.065556 1.299242 2.386261
v -1.057343 1.307740 2.392283
v -1.061462 1.307554 2.392510
v -1.060858 1.305573 2.392460
v -1.057281 1.306028 2.392781
v -1.066448 1.306097 2.392480
v -1.064176 1.304730 2.392265
v -1.064957 1.302413 2.390482
v -1.060874 1.302609 2.391326
v -1.060503 1.299842 2.388174
v -1.056256 1.300325 2.388764
v -1.056939 1.302527 2.392295
v -1.063694 1.300249 2.388228
v -1.054541 1.305718 2.393167
v -1.053725 1.307011 2.392243
v -1.067781 1.302181 2.390337
v -1.067355 1.308934 2.391339
v -1.061932 1.309234 2.391426
v -1.056926 1.309233 2.391090
v -1.053310 1.307911 2.390191
v -1.062607 1.309998 2.389199
v -1.057484 1.309674 2.388972
v -1.054276 1.308208 2.388253
v -1.063140 1.309528 2.386266
v -1.058159 1.309118 2.386720
v -1.068341 1.309616 2.385421
v -1.068047 1.310029 2.388729
v -1.055407 1.308289 2.386927
v -1.051764 1.303976 2.390778
v -1.051914 1.305233 2.388596
v -1.053245 1.302668 2.392557
v -1.060470 1.299158 2.385717
v -1.055681 1.299773 2.386608
v -1.060950 1.299612 2.383175
v -1.055655 1.300646 2.384801
v -1.052493 1.301283 2.388393
v -1.053528 1.300784 2.389890
v -1.071010 1.309698 2.384592
v -1.071075 1.306975 2.381923
v -1.068217 1.307175 2.382250
v -1.062981 1.307524 2.383304
v -1.067369 1.303764 2.380543
v -1.066655 1.300835 2.380005
v -1.061112 1.301226 2.381793
v -1.061958 1.304218 2.381525
v -1.056242 1.302544 2.383520
v -1.057217 1.304905 2.383245
v -1.057990 1.307467 2.384489
v -1.053675 1.304345 2.385496
v -1.052643 1.302796 2.386590
v -1.053134 1.306238 2.387020
v -1.054837 1.305499 2.384851
v -1.054883 1.306931 2.385869
v -1.095485 1.309538 2.364456
v -1.053091 1.385075 2.352104
v -1.054406 1.380823 2.353310
v -1.043954 1.369566 2.350142
v -1.049475 1.372049 2.352344
v -1.038724 1.371685 2.347400
v -1.038407 1.381505 2.346532
v -1.037339 1.376581 2.346417
v -1.053002 1.376406 2.353514
v -1.049479 1.387825 2.350522
v -1.042794 1.386221 2.347691
v -1.043176 1.387765 2.357595
v -1.036623 1.386607 2.355732
v -1.032113 1.380552 2.353309
v -1.032880 1.375531 2.352636
v -1.035824 1.371248 2.352445
v -1.049034 1.385634 2.358607
v -1.050949 1.382152 2.359159
v -1.050162 1.377220 2.358311
v -1.043630 1.386063 2.366105
v -1.036250 1.387315 2.368728
v -1.023138 1.377005 2.372671
v -1.024925 1.376801 2.367860
v -1.024671 1.380782 2.369425
v -1.022597 1.381048 2.373295
v -1.027476 1.378662 2.363254
v -1.026703 1.381285 2.367134
v -1.029076 1.384953 2.368747
v -1.026708 1.385705 2.371614
v -1.031890 1.387160 2.370850
v -1.030977 1.388174 2.374079
v -1.023917 1.386251 2.375314
v -1.021515 1.381574 2.376708
v -1.022822 1.385035 2.378987
v -1.022621 1.378582 2.377367
v -1.031240 1.384839 2.365321
v -1.029514 1.373086 2.359254
v -1.026739 1.372676 2.366394
v -1.025390 1.373407 2.372853
v -1.025804 1.375840 2.377795
v -1.031031 1.369416 2.366549
v -1.029771 1.371258 2.373415
v -1.029828 1.374199 2.377718
v -1.036495 1.369488 2.368030
v -1.033988 1.371716 2.374308
v -1.039643 1.368178 2.358728
v -1.033739 1.369246 2.357846
v -1.032714 1.373828 2.377135
v -1.024426 1.382191 2.381481
v -1.028215 1.379521 2.381281
v -1.035335 1.387543 2.374588
v -1.028758 1.388475 2.377489
v -1.032824 1.387387 2.378922
v -1.039965 1.385715 2.374022
v -1.036334 1.384892 2.379317
v -1.029034 1.385893 2.381666
v -1.026244 1.387638 2.380010
v -1.041228 1.369458 2.354088
v -1.046661 1.372334 2.356567
v -1.045028 1.371511 2.360977
v -1.041147 1.372740 2.369550
v -1.047755 1.376782 2.363816
v -1.047711 1.382587 2.365204
v -1.042990 1.382201 2.373342
v -1.043534 1.377451 2.371793
v -1.038671 1.381347 2.378538
v -1.039099 1.377822 2.376976
v -1.037237 1.374342 2.375584
v -1.034779 1.379835 2.380537
v -1.032301 1.382852 2.381760
v -1.031693 1.377314 2.380013
v -1.036096 1.377865 2.379010
v -1.034351 1.375810 2.378407
v -1.091768 1.314273 2.357338
v -1.088830 1.319391 2.358535
v -1.089400 1.319210 2.353094
v -1.088034 1.318179 2.346305
v -1.091018 1.313570 2.339398
v -1.086574 1.324364 2.346491
v -1.087794 1.325181 2.353803
v -1.087691 1.326167 2.361791
v -1.085242 1.329366 2.340327
v -1.043011 1.656587 1.960400
v -1.039902 1.658083 1.961550
v -1.040689 1.651537 1.959714
v -1.043434 1.651828 1.958641
v -1.032878 1.652498 1.960634
v -1.037312 1.651739 1.960304
v -1.035578 1.659638 1.961651
v -1.030507 1.662083 1.959834
v -1.024467 1.659603 1.954008
v -1.023193 1.658957 1.953840
v -1.023280 1.658247 1.953847
v -1.025015 1.657772 1.954503
v -1.027076 1.656909 1.956703
v -1.047829 1.653230 1.956255
v -1.046964 1.654357 1.957128
v -1.045402 1.655587 1.958965
v -1.028950 1.654698 1.959133
v -1.046468 1.652261 1.956164
v -1.047694 1.652709 1.955983
v -1.027486 1.662600 1.956409
v -1.033616 1.654968 1.962200
v -1.037874 1.654019 1.961600
v -1.034371 1.658214 1.962699
v -1.030018 1.659814 1.960605
v -1.026353 1.658328 1.954376
v -1.027478 1.658268 1.957634
v -1.041167 1.653380 1.960664
v -1.029387 1.656916 1.960397
v -1.038606 1.656516 1.962207
v -1.028079 1.660062 1.957014
v -1.026331 1.659378 1.955319
v -1.047196 1.653463 1.956171
v -1.047094 1.653085 1.955990
v -1.008983 1.465398 1.858663
v -1.005057 1.448949 1.866158
v -1.041805 1.655408 1.961271
v -1.045235 1.653392 1.958348
v -1.043640 1.653247 1.959488
v -1.044066 1.654730 1.959914
v -1.045538 1.654218 1.958604
v -1.117510 1.395878 1.955055
v -1.126226 1.407567 1.957542
v -1.171127 1.409043 1.949007
v -1.183308 1.397695 1.938257
v -0.986735 1.226255 1.907824
v -1.070141 1.236053 1.753755
v -1.075521 1.257965 1.744177
v -1.016242 1.255663 1.708344
v -1.032927 1.250313 1.714804
v -1.073049 1.232134 1.852250
v -1.078115 1.247964 1.846142
v -1.026186 1.234190 1.887126
v -1.031427 1.249043 1.882104
v -1.056897 1.218646 1.874444
v -1.043925 1.193958 1.743145
v -1.055988 1.192913 1.755090
v -1.056013 1.216445 1.747898
v -1.044722 1.218757 1.734722
v -0.998711 1.261407 1.706081
v -0.996248 1.232939 1.715985
v -1.092702 1.264538 1.822165
v -1.097581 1.264864 1.800579
v -1.088878 1.271050 1.758260
v -1.079296 1.277917 1.740243
v -1.067564 1.286151 1.725770
v -1.054092 1.294526 1.713511
v -1.020578 1.266925 1.886386
v -1.007687 1.284388 1.886830
v -1.082223 1.264617 1.841300
v -0.964049 1.275249 1.894710
v -1.046315 1.326154 1.697815
v -1.027045 1.332397 1.690143
v -1.095916 1.266693 1.778811
v -1.005172 1.411784 1.890820
v -1.020183 1.410893 1.892542
v -1.015013 1.396783 1.899609
v -1.000016 1.396705 1.897264
v -1.029283 1.395721 1.900992
v -1.042881 1.394194 1.900857
v -1.055101 1.392192 1.899386
v -1.080301 1.383982 1.889755
v -1.073576 1.386946 1.893583
v -1.091586 1.375030 1.879009
v -1.086095 1.380433 1.885140
v -1.097373 1.365167 1.869425
v -1.102856 1.354385 1.858371
v -1.112080 1.355629 1.843013
v -1.108524 1.344079 1.845930
v -1.098798 1.343554 1.862454
v -1.093946 1.353572 1.873342
v -1.087935 1.362237 1.882817
v -0.976728 1.338246 1.897567
v -0.977843 1.359859 1.901853
v -1.011755 1.481044 1.852614
v -1.139980 1.289001 2.128190
v -1.108604 1.363472 2.229373
v -1.041587 1.505904 1.724629
v -1.062186 1.503601 1.726205
v -1.124918 1.495582 1.747276
v -1.138051 1.502039 1.767696
v -1.106690 1.492177 1.731771
v -1.084550 1.491664 1.724088
v -1.069603 1.280760 1.854198
v -1.061087 1.473222 1.713680
v -1.086390 1.482072 1.719740
v -1.112180 1.480844 1.727762
v -1.133541 1.482681 1.744860
v -1.150916 1.489853 1.768530
v -1.160428 1.488250 1.779746
v -1.173224 1.468547 1.788014
v -1.177936 1.467919 1.798925
v -1.182629 1.465923 1.811957
v -1.180883 1.481816 1.823527
v -1.176891 1.483770 1.810997
v -1.188231 1.414185 1.905828
v -1.187723 1.398365 1.916927
v -1.187169 1.382452 1.919557
v -1.183231 1.368006 1.918294
v -1.178821 1.360253 1.916540
v -1.173621 1.355056 1.910689
v -1.168716 1.355741 1.897748
v -1.152476 1.368031 1.858153
v -1.148585 1.374033 1.840236
v -1.142673 1.368434 1.784731
v -1.137798 1.367084 1.772584
v -1.118239 1.353626 1.747131
v -1.107384 1.344842 1.738056
v -1.097173 1.331306 1.729468
v -1.055184 1.086723 1.783308
v -1.071684 1.093658 1.793413
v -1.065424 1.113242 1.785862
v -1.049020 1.107425 1.776802
v -1.011599 1.148511 1.750235
v -0.992443 1.151040 1.745871
v -1.093005 1.137909 1.836823
v -1.091496 1.147786 1.858505
v -1.078279 1.120633 1.799222
v -1.088204 1.128266 1.816879
v -1.083516 1.155820 1.878637
v -1.017381 1.166802 1.934040
v -0.998123 1.168099 1.942375
v -0.959660 1.171547 1.950237
v -0.941496 1.172322 1.948690
v -1.071445 1.161247 1.897162
v -0.978582 1.170225 1.948693
v -1.055697 1.163577 1.911895
v -1.036669 1.165066 1.923754
v -1.028115 1.148483 1.757081
v -1.030001 1.126078 1.763459
v -1.045357 1.127517 1.770680
v -1.039870 1.399875 1.687342
v -1.060370 1.397315 1.692221
v -1.081180 1.396485 1.699042
v -1.105041 1.408755 1.709598
v -1.100382 1.396593 1.708394
v -1.118593 1.395539 1.720858
v -1.123574 1.406301 1.722426
v -1.149592 1.402094 1.760010
v -1.145138 1.394014 1.757206
v -1.152843 1.392424 1.773569
v -1.157183 1.399898 1.773450
v -1.158863 1.390030 1.786339
v -1.162928 1.389185 1.800213
v -1.164904 1.388748 1.816500
v -1.168093 1.387417 1.832980
v -1.179343 1.406645 1.827978
v -1.175514 1.409674 1.813496
v -1.154036 1.411162 1.761835
v -1.144111 1.413961 1.745194
v -1.046326 1.425325 1.697729
v -1.025704 1.426997 1.697236
v -1.114468 1.337790 1.832348
v -1.120420 1.333849 1.817092
v -1.124235 1.333930 1.801823
v -1.126356 1.337227 1.787889
v -1.127196 1.342690 1.775810
v -1.127095 1.350002 1.764458
v -1.132518 1.363281 1.762986
v -1.126500 1.358513 1.754932
v -1.134134 1.370838 1.758469
v -1.126701 1.367426 1.747656
v -1.127825 1.376943 1.741782
v -1.130137 1.386499 1.738084
v -1.134079 1.395317 1.737871
v -1.138843 1.404194 1.740372
v -1.130121 1.416930 1.726734
v -1.111434 1.420005 1.712965
v -1.095800 1.436430 1.708479
v -1.103203 1.446887 1.712859
v -1.090137 1.423396 1.704233
v -1.084706 1.410720 1.700647
v -1.101378 1.526469 1.763020
v -1.085200 1.528250 1.750583
v -1.175917 1.368342 1.889037
v -1.173634 1.366125 1.886488
v -1.171757 1.361683 1.891326
v -1.175496 1.363191 1.898306
v -1.179230 1.367942 1.901991
v -1.183184 1.380568 1.891564
v -1.178418 1.372584 1.890242
v -1.183576 1.375565 1.903856
v -1.187116 1.387202 1.904385
v -1.186697 1.390990 1.891325
v -1.188800 1.399794 1.901964
v -1.189046 1.401446 1.889948
v -1.189921 1.411108 1.894801
v -1.190299 1.409615 1.887466
v -1.189558 1.425689 1.847342
v -1.190981 1.420860 1.862791
v -1.190878 1.415003 1.877263
v -1.172236 1.383812 1.849337
v -1.175834 1.380572 1.864689
v -1.177880 1.376681 1.879250
v -1.182425 1.385141 1.878690
v -1.180542 1.388620 1.863276
v -1.177508 1.392102 1.846865
v -1.043005 1.411470 1.691256
v -1.063360 1.412939 1.694119
v -1.163135 1.399184 1.786238
v -1.167121 1.399035 1.798300
v -1.170323 1.399087 1.811722
v -1.174100 1.396639 1.829281
v -1.171700 1.409925 1.798244
v -1.167205 1.410515 1.786182
v -1.161222 1.410772 1.774827
v -1.068559 1.425254 1.699454
v -1.022975 1.411881 1.689854
v -1.122887 1.474550 1.880513
v -1.139536 1.492470 1.873352
v -1.159154 1.499065 1.860273
v -1.174309 1.494690 1.841630
v -1.120684 1.293851 2.046377
v -0.994461 1.206477 1.724335
v -0.993019 1.179127 1.734457
v -1.011479 1.174016 1.738378
v -1.007676 1.336751 1.685674
v -1.020488 1.401686 1.682638
v -1.056782 1.364960 1.908301
v -1.046901 1.367263 1.911273
v -1.050479 1.379676 1.905795
v -1.060699 1.377061 1.903036
v -1.073075 1.359998 1.898910
v -1.065840 1.362375 1.903965
v -1.069447 1.374203 1.898968
v -1.076952 1.371182 1.894489
v -1.079285 1.356243 1.893160
v -1.082940 1.367568 1.889113
v -1.062305 1.349984 1.906840
v -1.053722 1.351846 1.911575
v -1.044418 1.353444 1.914854
v -1.075320 1.345471 1.895741
v -1.069438 1.348088 1.901328
v -0.991874 1.560118 1.908426
v -0.987362 1.561323 1.923954
v -0.985214 1.596068 1.947476
v -0.986564 1.600468 1.946327
v -1.015174 1.503776 1.841940
v -1.016309 1.513344 1.839253
v -0.981289 1.378957 1.900250
v -0.990677 1.411095 1.889073
v -0.995459 1.419550 1.879436
v -1.000390 1.433088 1.872467
v -1.013213 1.493294 1.847332
v -0.985487 1.395310 1.895658
v -1.091984 0.971794 1.917171
v -1.077593 0.946775 1.913995
v -1.085221 0.966545 1.896740
v -1.073249 0.948231 1.892895
v -1.097851 1.030838 1.869528
v -1.094651 1.009028 1.882822
v -1.102292 1.054664 1.856735
v -1.055847 0.934095 1.884895
v -1.032524 0.925819 1.874421
v -1.033680 0.936900 1.851616
v -1.092011 1.040208 1.839367
v -1.088557 1.017137 1.852588
v -1.080530 0.964589 1.884479
v -1.091297 0.986164 1.892052
v -1.082946 0.976897 1.877043
v -1.054971 0.944073 1.865217
v -1.071174 0.954750 1.878311
v -1.018979 1.081681 1.769756
v -0.996427 1.059962 1.767717
v -1.021753 1.059680 1.775743
v -1.085609 1.102756 1.806667
v -1.076831 1.073453 1.800778
v -1.071902 0.967236 1.865016
v -1.056401 0.958116 1.848504
v -1.036222 0.952290 1.833141
v -1.045266 1.016950 1.796895
v -1.042890 0.994177 1.805118
v -1.061779 0.999031 1.820277
v -1.063526 1.021613 1.809909
v -1.079012 1.051901 1.811521
v -1.078620 1.029045 1.823580
v -1.044996 1.039629 1.789908
v -1.063277 1.044694 1.800002
v -1.060647 1.066417 1.790640
v -1.076558 1.005778 1.836364
v -1.014744 0.968902 1.805158
v -1.039116 0.971664 1.816760
v -0.986494 0.972999 1.799639
v -1.042209 1.061994 1.782911
v -1.037314 1.083296 1.776276
v -1.032710 1.104526 1.770239
v -1.027837 1.171916 1.745180
v -1.042527 0.957953 2.176035
v -0.932479 0.983806 1.978973
v -0.932280 0.969335 1.959651
v -1.093205 1.075877 1.964926
v -1.106256 1.014533 1.935498
v -1.099730 0.999210 1.912736
v -0.954502 1.031178 2.011973
v -0.942476 1.010224 2.002412
v -1.074350 1.089161 1.978197
v -1.023426 1.080096 2.011298
v -0.934668 0.995771 1.992201
v -1.085107 0.995402 1.865662
v -1.073358 0.984546 1.850075
v -1.058420 0.976111 1.832517
v -1.010597 0.950219 1.819821
v -0.982765 0.954558 1.813175
v -0.937474 1.071041 1.985209
v -0.933394 1.079403 1.983046
v -0.925764 1.078060 1.981782
v -0.925709 1.065079 1.984490
v -1.015372 1.153813 1.941508
v -0.994930 1.155324 1.949262
v -0.956092 1.156346 1.955316
v -0.938940 1.157228 1.954409
v -1.074230 1.148201 1.906764
v -0.974794 1.155302 1.953468
v -1.056644 1.150217 1.921001
v -1.035895 1.152170 1.932139
v -1.020907 0.532275 2.313638
v -1.021853 0.510497 2.328803
v -1.023512 0.506113 2.314973
v -1.020302 0.528253 2.300374
v -1.037581 0.522461 2.277139
v -1.026608 0.523439 2.284091
v -1.051659 0.522606 2.275773
v -1.049884 0.498489 2.287349
v -1.059831 0.500456 2.294274
v -1.063941 0.523972 2.280821
v -1.070431 0.526722 2.289073
v -1.071694 0.506368 2.312164
v -1.071074 0.512000 2.327723
v -1.076069 0.535355 2.316175
v -1.074536 0.530348 2.299585
v -1.069454 0.539830 2.334315
v -1.066167 0.517130 2.346351
v -1.055574 0.541496 2.344931
v -1.025495 0.536179 2.328033
v -1.024145 0.515491 2.344795
v -1.036831 0.498851 2.288426
v -1.027874 0.500319 2.297359
v -1.021460 0.525302 2.291931
v -1.026114 0.503060 2.305862
v -1.020458 0.483141 2.330451
v -1.012361 0.488922 2.343821
v -1.034626 0.474337 2.298328
v -1.029096 0.476885 2.310238
v -1.055976 0.476851 2.306814
v -1.047247 0.474019 2.295874
v -1.073518 0.482049 2.324217
v -1.066800 0.503383 2.303110
v -1.064871 0.479393 2.315682
v -1.072550 0.488459 2.339189
v -1.065481 0.495046 2.360849
v -1.018991 0.495071 2.361649
v -1.025561 0.479314 2.320385
v -1.053812 0.446232 2.527284
v -1.047055 0.447330 2.528173
v -1.049197 0.451671 2.526114
v -1.053433 0.450396 2.525659
v -1.018243 0.457463 2.533305
v -1.006761 0.457237 2.530607
v -1.010033 0.466137 2.530457
v -1.018466 0.466463 2.532808
v -1.034236 0.453082 2.534923
v -1.041555 0.451157 2.534722
v -1.038946 0.447417 2.532440
v -1.034384 0.448726 2.532422
v -1.074892 0.437869 2.500906
v -1.079830 0.435586 2.499100
v -1.078078 0.432174 2.498399
v -1.074228 0.433380 2.499882
v -1.061389 0.441489 2.517378
v -1.066879 0.439301 2.515716
v -1.064605 0.436180 2.514348
v -1.060790 0.436844 2.515280
v -1.022604 0.464446 2.510585
v -1.021695 0.466741 2.523638
v -1.009161 0.466302 2.520772
v -1.009119 0.467651 2.506570
v -1.000840 0.458878 2.518912
v -1.006580 0.451759 2.518404
v -1.005550 0.448312 2.505055
v -1.000268 0.457434 2.503663
v -1.018197 0.449361 2.521436
v -1.018673 0.446908 2.509499
v -1.027218 0.454091 2.512082
v -1.028298 0.456841 2.525747
v -1.044890 0.450573 2.515083
v -1.046861 0.450628 2.526943
v -1.042441 0.457455 2.526560
v -1.041435 0.458578 2.513781
v -1.034718 0.459233 2.526984
v -1.031267 0.460843 2.514683
v -1.026054 0.452693 2.515183
v -1.027406 0.454360 2.527887
v -1.031346 0.447450 2.525925
v -1.029404 0.445861 2.513599
v -1.038288 0.444586 2.513776
v -1.039951 0.445294 2.525485
v -1.057243 0.452557 2.508879
v -1.055131 0.450523 2.519865
v -1.048104 0.451988 2.520168
v -1.047413 0.454299 2.510187
v -1.042407 0.446573 2.521384
v -1.046361 0.441556 2.520854
v -1.045899 0.440814 2.510646
v -1.041965 0.446655 2.511794
v -1.054821 0.439409 2.510121
v -1.053519 0.440067 2.520935
v -1.060128 0.445212 2.510571
v -1.058651 0.444489 2.521116
v -1.074495 0.439350 2.499516
v -1.070853 0.437964 2.509134
v -1.069614 0.444249 2.508808
v -1.072597 0.446641 2.498571
v -1.064251 0.446513 2.509741
v -1.064863 0.448423 2.501286
v -1.058843 0.443505 2.511011
v -1.059528 0.436174 2.510249
v -1.061579 0.436068 2.502491
v -1.060621 0.443873 2.503970
v -1.066240 0.433941 2.509170
v -1.069320 0.433770 2.500014
v -1.085809 0.440951 2.484113
v -1.085797 0.434193 2.483115
v -1.084440 0.434843 2.492778
v -1.084067 0.440635 2.492869
v -1.078013 0.442707 2.494709
v -1.079280 0.443509 2.487863
v -1.073400 0.438966 2.495430
v -1.073014 0.432248 2.494971
v -1.074285 0.431482 2.488657
v -1.075778 0.438887 2.490065
v -1.079344 0.430192 2.493656
v -1.080555 0.429907 2.485128
v -1.009749 0.467089 2.492779
v -1.026280 0.461187 2.498023
v -1.008694 0.453665 2.527081
v -1.001435 0.454955 2.490321
v -1.015196 0.452541 2.528508
v -1.022434 0.443772 2.498241
v -1.006981 0.445657 2.491704
v -1.026025 0.452784 2.506195
v -1.041196 0.456362 2.533098
v -1.042155 0.448137 2.506284
v -1.041012 0.439641 2.499018
v -1.036656 0.457379 2.533140
v -1.043524 0.457099 2.498223
v -1.060369 0.450848 2.492032
v -1.048202 0.443089 2.526513
v -1.051984 0.442412 2.526410
v -1.058423 0.434646 2.494670
v -1.061063 0.444344 2.501770
v -1.067530 0.443426 2.514596
v -1.075974 0.438896 2.490220
v -1.072275 0.430197 2.485674
v -1.063968 0.444557 2.514752
v -1.076193 0.446190 2.482798
v -1.079732 0.438842 2.497352
v -1.088374 0.433069 2.472026
v -1.081631 0.426935 2.475744
v -1.077198 0.440565 2.498746
v -1.087419 0.441885 2.473809
v -1.032669 0.539224 2.339945
v -1.031379 0.518982 2.356777
v -1.043343 0.541022 2.346965
v -1.054005 0.519523 2.358714
v -1.042473 0.519742 2.362517
v -1.028355 0.500007 2.375511
v -1.053018 0.497903 2.374570
v -1.040789 0.500489 2.379776
v -1.073974 0.461974 2.330083
v -1.075337 0.467228 2.345611
v -1.063085 0.459608 2.320470
v -1.044473 0.454209 2.299139
v -1.054772 0.456555 2.309262
v -1.024735 0.485513 2.390995
v -1.016817 0.477847 2.374326
v -1.039348 0.487379 2.396352
v -1.053949 0.483212 2.390438
v -1.006943 0.468217 2.476345
v -1.008285 0.463584 2.457478
v -1.023882 0.471845 2.459161
v -1.025346 0.467389 2.478713
v -1.041977 0.467879 2.458528
v -1.042300 0.461228 2.477818
v -1.057083 0.459766 2.453973
v -1.058199 0.454859 2.473023
v -1.071371 0.452350 2.448158
v -1.074054 0.449236 2.466365
v -1.083657 0.442990 2.442344
v -1.086863 0.442548 2.459688
v -1.089365 0.431419 2.440821
v -1.091469 0.432287 2.458550
v -0.998301 0.452752 2.474380
v -1.001914 0.448648 2.455557
v -1.006521 0.439586 2.475355
v -1.009233 0.434733 2.456894
v -1.022770 0.436220 2.475878
v -1.024454 0.431205 2.456927
v -1.083662 0.420467 2.444108
v -1.083416 0.422843 2.462059
v -1.040650 0.432751 2.473816
v -1.041742 0.428627 2.454375
v -1.056878 0.427362 2.470366
v -1.057641 0.423653 2.450977
v -1.070997 0.423394 2.466052
v -1.071584 0.419773 2.447299
v -1.021938 0.473507 2.437666
v -1.040667 0.475298 2.437181
v -1.055424 0.466695 2.431770
v -1.068620 0.456172 2.425553
v -1.079032 0.442919 2.420433
v -1.086305 0.430691 2.419384
v -1.070431 0.460536 2.397192
v -1.075394 0.439423 2.395580
v -1.080528 0.426562 2.397296
v -1.073458 0.434678 2.371481
v -1.075153 0.421717 2.374557
v -1.066548 0.423862 2.332390
v -1.068905 0.410084 2.334713
v -1.072245 0.416472 2.352641
v -1.070232 0.429240 2.349592
v -1.071702 0.453810 2.370245
v -1.070426 0.447957 2.348115
v -1.066549 0.443580 2.331630
v -1.055117 0.404523 2.312804
v -1.063923 0.406420 2.322504
v -1.061947 0.420554 2.320140
v -1.055476 0.418606 2.308415
v -1.039918 0.417136 2.300313
v -1.039680 0.403042 2.306538
v -1.025080 0.418451 2.308637
v -1.023916 0.404786 2.312563
v -1.054625 0.438141 2.308527
v -1.060575 0.439981 2.320030
v -1.042582 0.436805 2.300337
v -1.028990 0.437823 2.307264
v -1.024327 0.440750 2.323844
v -1.019397 0.422067 2.326672
v -1.015541 0.408978 2.328313
v -1.011213 0.458097 2.435369
v -1.009144 0.444846 2.434013
v -1.055834 0.475256 2.409916
v -1.039425 0.481918 2.415424
v -1.020807 0.474906 2.409698
v -1.011056 0.454541 2.411238
v -1.013656 0.438926 2.410820
v -1.015174 0.431752 2.389187
v -1.011333 0.445371 2.388137
v -1.015355 0.433388 2.434267
v -1.020857 0.430762 2.410596
v -1.021613 0.423852 2.389122
v -1.013858 0.424209 2.369793
v -1.011845 0.437424 2.368027
v -1.013920 0.418534 2.354635
v -1.015490 0.431989 2.352166
v -1.017482 0.427051 2.340149
v -1.013598 0.413700 2.342172
v -1.018254 0.448874 2.347089
v -1.021516 0.445163 2.336090
v -1.014046 0.454176 2.363348
v -1.013431 0.463333 2.384386
v -1.081635 0.419302 2.422295
v -1.078320 0.417028 2.399865
v -1.072577 0.413583 2.377403
v -1.068369 0.406717 2.356039
v -1.063642 0.400578 2.339298
v -1.058316 0.397628 2.328726
v -1.038468 0.396684 2.315856
v -1.050858 0.396273 2.320075
v -1.026894 0.398050 2.319785
v -1.020460 0.400483 2.332642
v -1.017904 0.403334 2.344324
v -1.019154 0.414853 2.370343
v -1.017725 0.407790 2.356139
v -1.011152 0.470189 2.354980
v -1.016905 0.465320 2.339772
v -1.022421 0.461647 2.329360
v -1.031827 0.455412 2.304682
v -1.026949 0.458355 2.319002
v -1.027740 0.427518 2.433735
v -1.043677 0.424357 2.431234
v -1.058574 0.420141 2.427984
v -1.071236 0.417566 2.425291
v -1.069394 0.414584 2.402225
v -1.058096 0.416172 2.404284
v -1.044219 0.419235 2.407319
v -1.030653 0.424578 2.409642
v -1.065002 0.410256 2.380219
v -1.055156 0.410772 2.382388
v -1.041788 0.412506 2.384514
v -1.030332 0.417210 2.387972
v -1.027226 0.408535 2.368846
v -1.037385 0.405292 2.365007
v -1.050294 0.404388 2.362695
v -1.059541 0.404020 2.359672
v -1.054997 0.399407 2.343934
v -1.045956 0.400208 2.347431
v -1.034744 0.401160 2.350357
v -1.025741 0.403261 2.353946
v -1.050762 0.397056 2.334646
v -1.038264 0.395478 2.323658
v -1.045650 0.395740 2.327498
v -1.030445 0.396017 2.325503
v -1.026820 0.397979 2.334319
v -1.025675 0.400181 2.343870
v -1.033638 0.399117 2.341576
v -1.033257 0.397699 2.334691
v -1.043397 0.398361 2.339151
v -1.040754 0.397112 2.332516
v -1.033674 0.396646 2.329259
v -1.037734 0.396433 2.328296
v -1.065785 0.474290 2.372411
v -1.030985 0.800314 2.276772
v -1.016660 0.799354 2.270394
v -1.046820 0.804845 2.276575
v -1.048323 1.093724 1.988035
v -1.005008 1.223027 1.900416
v -1.014783 1.251317 1.890515
v -1.008994 1.236676 1.894990
v -1.051646 1.082300 2.007608
v -1.067953 1.264421 1.856629
v -1.065301 1.389805 1.896994
v -1.098776 1.646618 1.896123
v -1.097574 1.643835 1.893458
v -1.096475 1.640938 1.890872
v -1.095528 1.639276 1.887849
v -1.095819 1.639062 1.885186
v -1.096419 1.638955 1.883090
v -1.096289 1.642637 1.889809
v -1.096444 1.646294 1.886426
v -1.095751 1.647220 1.888798
v -1.097342 1.644219 1.892034
f 2 3 1
f 1 3 4
f 3 2 5
f 5 2 6
f 3 7 4
f 4 7 8
f 10 11 9
f 9 11 12
f 14 15 13
f 13 15 16
f 18 19 17
f 17 19 20
f 22 23 21
f 21 23 24
f 26 18 25
f 25 18 17
f 27 28 17
f 17 28 25
f 30 31 29
f 29 31 32
f 34 35 33
f 33 35 36
f 21 24 37
f 37 24 38
f 40 31 39
f 39 31 38
f 34 33 28
f 28 33 25
f 41 42 44
f 44 42 43
f 36 45 33
f 33 45 25
f 46 47 49
f 49 47 48
f 51 52 50
f 50 52 53
f 55 53 54
f 54 53 52
f 57 58 56
f 56 58 59
f 61 62 60
f 60 62 63
f 65 66 64
f 64 66 67
f 69 70 68
f 68 70 71
f 65 73 72
f 72 73 74
f 64 75 65
f 65 75 73
f 77 78 76
f 76 78 79
f 80 81 83
f 83 81 82
f 81 85 84
f 84 85 86
f 88 89 87
f 87 89 69
f 88 87 90
f 90 87 91
f 93 94 92
f 92 94 95
f 96 84 43
f 43 84 44
f 51 98 97
f 97 98 86
f 97 99 51
f 51 99 52
f 54 52 100
f 100 52 99
f 58 101 59
f 59 101 102
f 62 103 63
f 63 103 104
f 105 106 6
f 6 106 5
f 108 109 107
f 107 109 110
f 112 113 111
f 111 113 114
f 116 117 115
f 115 117 118
f 120 121 119
f 119 121 122
f 124 125 123
f 123 125 126
f 128 129 127
f 127 129 130
f 130 131 127
f 127 131 132
f 134 1 133
f 133 1 135
f 1 4 135
f 135 4 136
f 4 8 136
f 136 8 137
f 138 139 15
f 15 139 140
f 140 139 141
f 141 139 142
f 144 57 143
f 143 57 56
f 145 146 141
f 141 146 147
f 146 149 148
f 148 149 150
f 152 153 151
f 151 153 154
f 141 147 140
f 140 147 155
f 157 11 156
f 156 11 158
f 160 161 159
f 159 161 162
f 164 165 163
f 163 165 166
f 165 160 166
f 166 160 159
f 168 169 167
f 167 169 170
f 169 171 170
f 170 171 172
f 149 173 150
f 150 173 174
f 175 176 149
f 149 176 173
f 178 172 177
f 177 172 171
f 180 181 179
f 179 181 182
f 184 180 183
f 183 180 179
f 186 187 185
f 185 187 188
f 190 191 189
f 189 191 192
f 7 193 8
f 8 193 194
f 196 162 195
f 195 162 161
f 197 168 198
f 198 168 167
f 181 199 182
f 182 199 200
f 202 203 201
f 201 203 204
f 187 186 205
f 205 186 206
f 208 209 207
f 207 209 210
f 212 213 211
f 211 213 214
f 215 216 218
f 218 216 217
f 220 209 219
f 219 209 208
f 204 186 221
f 221 186 185
f 201 204 222
f 222 204 221
f 223 211 220
f 220 211 209
f 224 225 214
f 214 225 210
f 203 206 204
f 204 206 186
f 227 187 226
f 226 187 205
f 27 228 21
f 21 228 22
f 230 231 229
f 229 231 232
f 234 235 233
f 233 235 236
f 238 239 237
f 237 239 240
f 119 122 118
f 118 122 115
f 112 242 241
f 241 242 243
f 98 51 244
f 244 51 50
f 245 138 14
f 14 138 15
f 11 10 158
f 158 10 246
f 89 85 69
f 69 85 70
f 11 157 12
f 12 157 247
f 249 164 248
f 248 164 163
f 177 250 178
f 178 250 251
f 253 254 252
f 252 254 255
f 187 227 188
f 188 227 256
f 212 257 213
f 213 257 258
f 260 134 259
f 259 134 133
f 165 164 135
f 135 164 133
f 160 165 136
f 136 165 135
f 136 137 160
f 160 137 161
f 137 261 161
f 161 261 195
f 263 264 262
f 262 264 265
f 13 16 266
f 266 16 267
f 268 267 155
f 155 267 16
f 147 269 155
f 155 269 268
f 162 196 167
f 167 196 198
f 167 170 162
f 162 170 159
f 170 172 159
f 159 172 166
f 172 178 166
f 166 178 163
f 178 251 163
f 163 251 248
f 168 270 169
f 169 270 271
f 272 273 171
f 171 273 177
f 271 272 169
f 169 272 171
f 168 197 270
f 270 197 274
f 250 177 275
f 275 177 273
f 277 45 276
f 276 45 278
f 280 281 279
f 279 281 282
f 284 104 283
f 283 104 103
f 285 215 286
f 286 215 218
f 288 289 287
f 287 289 290
f 291 80 66
f 66 80 83
f 293 294 292
f 292 294 295
f 73 91 74
f 74 91 87
f 91 73 92
f 92 73 75
f 279 77 280
f 280 77 76
f 80 291 70
f 70 291 71
f 277 47 96
f 96 47 82
f 297 175 296
f 296 175 149
f 299 154 298
f 298 154 153
f 225 300 210
f 210 300 207
f 224 301 206
f 206 301 205
f 210 209 214
f 214 209 211
f 226 205 302
f 302 205 301
f 304 305 303
f 303 305 306
f 308 309 307
f 307 309 310
f 72 291 65
f 65 291 66
f 66 83 67
f 67 83 46
f 312 313 311
f 311 313 314
f 316 317 315
f 315 317 36
f 29 318 35
f 35 318 319
f 321 32 320
f 320 32 322
f 311 314 323
f 323 314 324
f 315 325 316
f 316 325 326
f 318 287 319
f 319 287 290
f 328 321 327
f 327 321 320
f 329 330 39
f 39 330 331
f 332 333 40
f 40 333 322
f 309 334 285
f 285 334 335
f 236 2 134
f 134 2 1
f 260 336 233
f 233 336 337
f 237 14 265
f 265 14 13
f 84 86 44
f 44 86 98
f 189 192 7
f 7 192 193
f 44 98 41
f 41 98 244
f 237 240 14
f 14 240 245
f 7 3 189
f 189 3 5
f 338 71 72
f 72 71 291
f 262 265 266
f 266 265 13
f 124 123 339
f 339 123 105
f 123 109 105
f 105 109 106
f 189 5 190
f 190 5 106
f 111 114 12
f 12 114 9
f 264 340 265
f 265 340 237
f 342 343 341
f 341 343 344
f 6 235 105
f 105 235 339
f 234 346 345
f 345 346 347
f 349 350 348
f 348 350 351
f 107 352 108
f 108 352 353
f 355 356 354
f 354 356 357
f 237 340 238
f 238 340 358
f 12 247 111
f 111 247 359
f 264 263 116
f 116 263 360
f 361 362 222
f 222 362 201
f 364 365 363
f 363 365 366
f 368 369 367
f 367 369 370
f 372 373 371
f 371 373 374
f 375 376 372
f 372 376 377
f 378 379 381
f 381 379 380
f 382 383 269
f 269 383 268
f 150 174 365
f 365 174 384
f 380 377 381
f 381 377 376
f 271 270 180
f 180 270 181
f 273 272 252
f 252 272 184
f 272 271 184
f 184 271 180
f 181 270 274
f 252 255 273
f 273 255 275
f 254 385 255
f 255 385 386
f 387 388 179
f 179 388 183
f 389 387 182
f 182 387 179
f 182 200 389
f 389 200 390
f 388 391 183
f 183 391 253
f 391 392 253
f 253 392 254
f 394 379 393
f 393 379 378
f 185 188 395
f 395 188 396
f 221 185 397
f 397 185 395
f 222 221 398
f 398 221 397
f 188 256 396
f 396 256 399
f 400 401 256
f 256 401 399
f 402 403 405
f 405 403 404
f 148 150 364
f 364 150 365
f 393 406 394
f 394 406 407
f 158 246 393
f 393 246 406
f 342 19 238
f 238 19 239
f 23 22 350
f 350 22 354
f 244 50 245
f 245 50 138
f 55 142 53
f 53 142 139
f 145 144 296
f 296 144 143
f 355 228 341
f 341 228 20
f 41 240 42
f 42 240 239
f 283 308 284
f 284 308 307
f 349 409 408
f 408 409 410
f 244 245 41
f 41 245 240
f 268 383 406
f 406 383 407
f 346 411 349
f 349 411 409
f 251 412 248
f 248 412 413
f 275 414 250
f 250 414 415
f 25 45 26
f 26 45 277
f 43 26 96
f 96 26 277
f 416 417 61
f 61 417 62
f 329 24 408
f 408 24 23
f 31 40 32
f 32 40 322
f 39 38 329
f 329 38 24
f 37 38 30
f 30 38 31
f 418 419 421
f 421 419 420
f 78 295 79
f 79 295 294
f 124 339 422
f 422 339 345
f 232 131 357
f 357 131 351
f 2 236 6
f 6 236 235
f 252 184 253
f 253 184 183
f 227 423 256
f 256 423 400
f 423 227 305
f 305 227 226
f 424 258 425
f 425 258 257
f 426 427 212
f 212 427 257
f 259 133 249
f 249 133 164
f 419 418 428
f 428 418 429
f 327 430 328
f 328 430 288
f 49 431 46
f 46 431 67
f 306 302 424
f 424 302 258
f 313 432 314
f 314 432 433
f 32 321 29
f 29 321 318
f 324 314 433
f 287 318 328
f 328 318 321
f 134 260 236
f 236 260 233
f 345 339 234
f 234 339 235
f 357 351 354
f 354 351 350
f 408 23 349
f 349 23 350
f 317 278 36
f 36 278 45
f 432 313 429
f 429 313 428
f 435 428 434
f 434 428 313
f 42 239 18
f 18 239 19
f 43 42 26
f 26 42 18
f 121 120 436
f 436 120 437
f 302 301 258
f 258 301 213
f 110 109 126
f 126 109 123
f 238 358 342
f 342 358 343
f 341 20 342
f 342 20 19
f 322 438 320
f 320 438 439
f 320 439 327
f 327 439 430
f 333 440 322
f 322 440 438
f 289 288 323
f 323 288 430
f 115 340 116
f 116 340 264
f 146 145 149
f 149 145 296
f 15 140 16
f 16 140 155
f 441 442 152
f 152 442 153
f 225 224 203
f 203 224 206
f 175 297 154
f 154 297 151
f 293 443 294
f 294 443 444
f 248 413 249
f 249 413 445
f 446 447 400
f 400 447 401
f 388 387 396
f 396 387 395
f 387 389 395
f 395 389 397
f 391 388 399
f 399 388 396
f 401 392 399
f 399 392 391
f 255 386 275
f 275 386 414
f 449 450 448
f 448 450 451
f 335 452 285
f 285 452 215
f 453 298 442
f 442 298 153
f 211 223 212
f 212 223 426
f 425 257 454
f 454 257 427
f 266 10 262
f 262 10 9
f 360 113 456
f 456 113 455
f 8 194 137
f 137 194 261
f 10 266 246
f 246 266 267
f 203 202 225
f 225 202 300
f 262 9 263
f 263 9 114
f 108 353 190
f 190 353 191
f 389 390 397
f 397 390 398
f 457 422 128
f 128 422 129
f 156 158 378
f 378 158 393
f 347 346 348
f 348 346 349
f 447 458 401
f 401 458 392
f 364 382 148
f 148 382 269
f 55 54 57
f 57 54 58
f 75 64 459
f 459 64 460
f 100 90 101
f 101 90 95
f 101 58 100
f 100 58 54
f 142 55 144
f 144 55 57
f 147 146 269
f 269 146 148
f 459 93 75
f 75 93 92
f 144 145 142
f 142 145 141
f 228 27 20
f 20 27 17
f 154 299 175
f 175 299 176
f 214 213 224
f 224 213 301
f 424 461 306
f 306 461 303
f 285 286 309
f 309 286 310
f 462 334 308
f 308 334 309
f 302 306 226
f 226 306 305
f 37 28 21
f 21 28 27
f 29 35 30
f 30 35 34
f 30 34 37
f 37 34 28
f 344 436 356
f 356 436 229
f 325 290 326
f 326 290 289
f 311 439 312
f 312 439 438
f 35 319 36
f 36 319 315
f 439 311 430
f 430 311 323
f 315 319 325
f 325 319 290
f 440 463 438
f 438 463 312
f 341 344 355
f 355 344 356
f 360 456 116
f 116 456 117
f 354 22 355
f 355 22 228
f 326 289 324
f 324 289 323
f 74 87 68
f 68 87 69
f 50 53 138
f 138 53 139
f 268 406 267
f 267 406 246
f 190 106 108
f 108 106 109
f 241 455 112
f 112 455 113
f 358 122 343
f 343 122 121
f 129 347 130
f 130 347 348
f 348 351 130
f 130 351 131
f 229 232 356
f 356 232 357
f 340 115 358
f 358 115 122
f 111 359 112
f 112 359 242
f 125 124 457
f 457 124 422
f 231 132 232
f 232 132 131
f 343 121 344
f 344 121 436
f 263 114 360
f 360 114 113
f 347 129 345
f 345 129 422
f 230 229 437
f 437 229 436
f 464 446 423
f 423 446 400
f 465 466 468
f 468 466 467
f 470 471 469
f 469 471 472
f 469 472 373
f 373 472 374
f 474 469 473
f 473 469 373
f 471 475 472
f 472 475 476
f 472 477 374
f 374 477 478
f 477 472 476
f 479 480 476
f 476 480 477
f 473 373 377
f 377 373 372
f 481 482 479
f 479 482 480
f 483 484 481
f 481 484 482
f 403 402 485
f 485 402 486
f 487 488 483
f 483 488 484
f 487 489 488
f 488 489 490
f 489 491 490
f 490 491 492
f 491 493 492
f 492 493 494
f 493 495 494
f 494 495 496
f 497 498 481
f 481 498 483
f 484 499 482
f 482 499 367
f 370 480 367
f 367 480 482
f 480 370 477
f 477 370 478
f 500 497 479
f 479 497 481
f 451 473 380
f 380 473 377
f 448 451 379
f 379 451 380
f 501 502 504
f 504 502 503
f 449 505 507
f 507 505 506
f 486 508 505
f 505 508 506
f 508 509 506
f 506 509 510
f 511 507 510
f 510 507 506
f 509 508 512
f 512 508 513
f 515 509 514
f 514 509 512
f 509 515 510
f 510 515 516
f 510 516 511
f 511 516 517
f 486 505 485
f 485 505 518
f 505 449 518
f 518 449 448
f 383 382 403
f 403 382 404
f 363 404 364
f 364 404 382
f 403 485 383
f 383 485 407
f 519 520 361
f 361 520 362
f 522 496 521
f 521 496 495
f 450 474 451
f 451 474 473
f 363 366 523
f 523 366 524
f 525 499 488
f 488 499 484
f 488 490 525
f 525 490 526
f 496 522 520
f 520 522 527
f 494 496 519
f 519 496 520
f 492 494 528
f 528 494 519
f 529 530 495
f 495 530 521
f 490 492 526
f 526 492 528
f 529 495 531
f 531 495 493
f 533 534 532
f 532 534 535
f 523 524 533
f 533 524 534
f 486 402 532
f 532 402 533
f 529 536 530
f 530 536 537
f 536 538 537
f 537 538 539
f 540 541 539
f 539 541 537
f 530 537 535
f 535 537 541
f 542 539 543
f 543 539 538
f 539 542 540
f 540 542 544
f 541 540 513
f 513 540 512
f 540 544 512
f 512 544 514
f 546 547 545
f 545 547 548
f 549 550 531
f 531 550 551
f 550 549 552
f 552 549 553
f 546 550 554
f 554 550 552
f 547 546 555
f 555 546 554
f 498 556 558
f 558 556 557
f 559 557 560
f 560 557 556
f 561 562 560
f 560 562 559
f 557 559 552
f 552 559 554
f 559 562 554
f 554 562 555
f 558 557 553
f 553 557 552
f 475 471 563
f 563 471 564
f 565 563 567
f 567 563 566
f 471 470 564
f 564 470 466
f 564 466 568
f 568 466 465
f 568 465 569
f 569 465 570
f 572 573 571
f 571 573 574
f 569 575 567
f 567 575 576
f 577 565 576
f 576 565 567
f 578 579 581
f 581 579 580
f 575 561 576
f 576 561 560
f 556 577 560
f 560 577 576
f 577 556 497
f 497 556 498
f 565 577 500
f 500 577 497
f 563 565 475
f 475 565 500
f 553 489 558
f 558 489 487
f 531 493 549
f 549 493 491
f 489 553 491
f 491 553 549
f 394 407 518
f 518 407 485
f 518 448 394
f 394 448 379
f 545 548 538
f 538 548 543
f 551 545 536
f 536 545 538
f 536 529 551
f 551 529 531
f 507 582 449
f 449 582 450
f 511 583 507
f 507 583 582
f 511 517 583
f 583 517 584
f 585 586 588
f 588 586 587
f 590 591 589
f 589 591 592
f 591 590 593
f 593 590 594
f 596 597 595
f 595 597 598
f 599 600 602
f 602 600 601
f 604 605 603
f 603 605 606
f 608 609 607
f 607 609 610
f 612 613 611
f 611 613 614
f 615 616 618
f 618 616 617
f 620 621 619
f 619 621 622
f 624 625 623
f 623 625 626
f 628 629 627
f 627 629 630
f 632 633 631
f 631 633 634
f 635 636 638
f 638 636 637
f 639 640 642
f 642 640 641
f 644 645 643
f 643 645 646
f 619 622 647
f 647 622 648
f 650 651 649
f 649 651 652
f 601 653 602
f 602 653 654
f 656 657 655
f 655 657 658
f 660 661 659
f 659 661 662
f 664 665 663
f 663 665 666
f 593 594 667
f 667 594 668
f 669 670 672
f 672 670 671
f 673 674 676
f 676 674 675
f 633 632 677
f 677 632 678
f 663 666 679
f 679 666 680
f 681 682 684
f 684 682 683
f 686 687 685
f 685 687 688
f 690 661 689
f 689 661 691
f 693 686 692
f 692 686 685
f 695 597 694
f 694 597 668
f 594 696 668
f 668 696 694
f 697 698 696
f 696 698 699
f 700 701 697
f 697 701 698
f 702 585 703
f 703 585 588
f 671 690 672
f 672 690 689
f 640 639 704
f 704 639 705
f 679 706 663
f 663 706 658
f 708 709 707
f 707 709 710
f 711 712 610
f 610 712 607
f 713 714 716
f 716 714 715
f 717 718 720
f 720 718 719
f 722 634 721
f 721 634 633
f 724 725 723
f 723 725 726
f 728 729 727
f 727 729 730
f 732 733 731
f 731 733 734
f 707 710 735
f 735 710 736
f 643 737 644
f 644 737 738
f 740 741 739
f 739 741 742
f 608 744 743
f 743 744 745
f 747 748 746
f 746 748 749
f 751 752 750
f 750 752 753
f 754 755 757
f 757 755 756
f 758 759 761
f 761 759 760
f 763 764 762
f 762 764 765
f 767 768 766
f 766 768 769
f 771 772 770
f 770 772 773
f 775 776 774
f 774 776 777
f 779 780 778
f 778 780 781
f 783 712 782
f 782 712 784
f 785 786 788
f 788 786 787
f 790 628 789
f 789 628 627
f 792 793 791
f 791 793 794
f 795 796 726
f 726 796 723
f 798 799 797
f 797 799 800
f 721 633 801
f 801 633 677
f 797 800 802
f 802 800 803
f 805 806 804
f 804 806 807
f 809 810 808
f 808 810 811
f 813 814 812
f 812 814 815
f 809 808 817
f 817 808 816
f 818 819 804
f 804 819 805
f 820 821 818
f 818 821 819
f 821 820 587
f 587 820 822
f 809 823 810
f 810 823 824
f 814 807 815
f 815 807 806
f 826 426 825
f 825 426 223
f 426 826 427
f 427 826 827
f 828 829 454
f 454 829 830
f 831 832 677
f 677 832 801
f 834 835 833
f 833 835 836
f 838 839 837
f 837 839 840
f 841 842 844
f 844 842 843
f 845 846 803
f 803 846 802
f 847 831 678
f 678 831 677
f 848 849 851
f 851 849 850
f 853 854 852
f 852 854 855
f 857 858 856
f 856 858 680
f 860 861 859
f 859 861 862
f 864 865 863
f 863 865 866
f 868 869 867
f 867 869 870
f 839 871 840
f 840 871 872
f 849 848 874
f 874 848 873
f 876 877 875
f 875 877 878
f 880 881 879
f 879 881 882
f 883 884 886
f 886 884 885
f 846 887 802
f 802 887 888
f 890 891 889
f 889 891 888
f 893 894 892
f 892 894 895
f 896 897 728
f 728 897 729
f 899 900 898
f 898 900 901
f 902 852 904
f 904 852 903
f 849 905 850
f 850 905 906
f 875 878 907
f 907 878 908
f 910 911 909
f 909 911 912
f 914 915 913
f 913 915 916
f 917 918 862
f 862 918 859
f 919 920 856
f 856 920 921
f 923 924 922
f 922 924 925
f 926 927 925
f 925 927 922
f 929 930 928
f 928 930 693
f 932 695 931
f 931 695 694
f 823 867 824
f 824 867 933
f 935 936 934
f 934 936 937
f 938 868 823
f 823 868 867
f 940 847 939
f 939 847 678
f 632 655 678
f 678 655 939
f 941 942 619
f 619 942 620
f 687 943 688
f 688 943 944
f 851 850 945
f 945 850 903
f 850 906 903
f 903 906 904
f 946 947 949
f 949 947 948
f 951 952 950
f 950 952 953
f 955 956 954
f 954 956 957
f 907 958 875
f 875 958 874
f 960 961 959
f 959 961 962
f 963 853 902
f 902 853 852
f 909 964 910
f 910 964 965
f 967 968 966
f 966 968 969
f 971 972 970
f 970 972 973
f 974 960 975
f 975 960 959
f 977 978 976
f 976 978 979
f 981 977 980
f 980 977 976
f 980 982 981
f 981 982 983
f 985 983 984
f 984 983 982
f 984 986 985
f 985 986 987
f 989 990 988
f 988 990 991
f 993 994 992
f 992 994 995
f 997 998 996
f 996 998 999
f 1001 1002 1000
f 1000 1002 1003
f 1005 1006 1004
f 1004 1006 1007
f 1004 1008 1005
f 1005 1008 1009
f 1008 1010 1009
f 1009 1010 1011
f 1013 1011 1012
f 1012 1011 1010
f 1014 1015 1017
f 1017 1015 1016
f 1019 1020 1018
f 1018 1020 1021
f 1022 1023 976
f 976 1023 980
f 1024 1025 982
f 982 1025 984
f 992 995 1026
f 1026 995 1027
f 956 955 1028
f 1028 955 1029
f 1030 1031 1033
f 1033 1031 1032
f 1010 1008 1034
f 1034 1008 1035
f 1008 1004 1035
f 1035 1004 1036
f 1037 1038 1002
f 1002 1038 1007
f 1002 1001 1037
f 1037 1001 1039
f 1040 1041 997
f 997 1041 998
f 1015 1014 1043
f 1043 1014 1042
f 1044 1045 1047
f 1047 1045 1046
f 1044 1020 1048
f 1048 1020 1049
f 1050 1051 1003
f 1003 1051 1000
f 1052 1050 1006
f 1006 1050 1003
f 1053 1054 1011
f 1011 1054 1009
f 1013 1045 1055
f 1055 1045 1056
f 1058 1059 1057
f 1057 1059 1060
f 1062 1063 1061
f 1061 1063 1064
f 1065 1066 1050
f 1050 1066 1051
f 1067 1065 1052
f 1052 1065 1050
f 1068 1069 1054
f 1054 1069 1070
f 1071 1068 1053
f 1053 1068 1054
f 1073 1071 1072
f 1072 1071 1074
f 1074 1071 1055
f 1055 1071 1053
f 1076 1077 1075
f 1075 1077 1078
f 1079 1080 1057
f 1057 1080 1058
f 1081 1082 1064
f 1064 1082 1061
f 1084 1085 1083
f 1083 1085 1086
f 1088 1089 1087
f 1087 1089 1090
f 1092 1093 1091
f 1091 1093 1094
f 1096 1097 1095
f 1095 1097 1098
f 1099 1100 1102
f 1102 1100 1101
f 1103 1104 1099
f 1099 1104 1100
f 1106 1107 1105
f 1105 1107 1108
f 1110 1111 1109
f 1109 1111 1112
f 1114 1115 1113
f 1113 1115 1116
f 1118 1119 1117
f 1117 1119 1077
f 1117 1120 1122
f 1122 1120 1121
f 1105 1123 1106
f 1106 1123 1124
f 1125 1126 1128
f 1128 1126 1127
f 1130 1131 1129
f 1129 1131 1132
f 1134 1135 1133
f 1133 1135 1114
f 1113 1136 1114
f 1114 1136 1133
f 1118 1137 1113
f 1113 1137 1136
f 1118 1117 1137
f 1137 1117 1122
f 1139 1140 1138
f 1138 1140 1141
f 1143 953 1142
f 1142 953 952
f 1145 957 1144
f 1144 957 956
f 1028 1146 956
f 956 1146 1144
f 1014 1147 1042
f 1042 1147 1148
f 1014 1017 1147
f 1147 1017 1149
f 1059 1058 1150
f 1150 1058 1151
f 1153 1080 1152
f 1152 1080 1154
f 1156 1088 1155
f 1155 1088 1087
f 1157 1158 1106
f 1106 1158 1107
f 1106 1124 1157
f 1157 1124 1159
f 1161 1162 1160
f 1160 1162 1163
f 1165 1166 1164
f 1164 1166 1167
f 1168 1031 1012
f 1012 1031 1046
f 1024 1023 1035
f 1035 1023 1034
f 1036 1038 1025
f 1025 1038 1169
f 1170 1171 1039
f 1039 1171 1037
f 1028 1029 1042
f 1042 1029 1043
f 1172 1173 1175
f 1175 1173 1174
f 1055 1053 1013
f 1013 1053 1011
f 1005 1009 1070
f 1070 1009 1054
f 996 999 1062
f 1062 999 1063
f 1016 1060 1017
f 1017 1060 1059
f 1017 1059 1149
f 1149 1059 1150
f 1177 1178 1176
f 1176 1178 1103
f 1176 1072 1179
f 1179 1072 1074
f 1073 1102 1086
f 1086 1102 1083
f 1180 1181 1067
f 1067 1181 1065
f 1182 1183 1184
f 1184 1183 1181
f 1186 1187 1185
f 1185 1187 1188
f 1189 1190 798
f 798 1190 799
f 1192 1193 1191
f 1191 1193 1194
f 1195 1196 1194
f 1194 1196 1191
f 1196 1195 1198
f 1198 1195 1197
f 1200 674 1199
f 1199 674 673
f 928 1201 1203
f 1203 1201 1202
f 861 1204 862
f 862 1204 921
f 1205 1206 913
f 913 1206 1207
f 882 1208 879
f 879 1208 1209
f 1210 1211 1167
f 1167 1211 1164
f 1212 769 1213
f 1213 769 768
f 727 1214 728
f 728 1214 1215
f 1217 1218 1216
f 1216 1218 1219
f 1220 813 1221
f 1221 813 812
f 827 828 427
f 427 828 454
f 1223 1224 1222
f 1222 1224 1165
f 1226 1227 1225
f 1225 1227 1228
f 851 1229 848
f 848 1229 1230
f 834 854 835
f 835 854 1231
f 1233 1234 1232
f 1232 1234 1235
f 1237 751 1236
f 1236 751 750
f 743 819 1238
f 1238 819 821
f 1240 1241 1239
f 1239 1241 1242
f 1244 1245 1243
f 1243 1245 1246
f 844 1247 841
f 841 1247 1248
f 1250 1251 1249
f 1249 1251 1252
f 1254 893 1253
f 1253 893 1237
f 1255 1256 1258
f 1258 1256 1257
f 1260 1261 1259
f 1259 1261 1262
f 945 903 855
f 855 903 852
f 855 1263 945
f 945 1263 1264
f 832 845 801
f 801 845 803
f 800 721 803
f 803 721 801
f 721 800 722
f 722 800 799
f 1266 1267 1265
f 1265 1267 1268
f 1270 795 1269
f 1269 795 726
f 725 1271 726
f 726 1271 1269
f 737 765 738
f 738 765 764
f 759 740 760
f 760 740 739
f 717 1272 1274
f 1274 1272 1273
f 1163 1226 1275
f 1275 1226 1225
f 1277 882 1276
f 1276 882 881
f 1041 1040 1027
f 1027 1040 1026
f 900 935 901
f 901 935 934
f 1164 1278 1165
f 1165 1278 1222
f 1211 1279 1164
f 1164 1279 1278
f 442 1280 453
f 453 1280 1281
f 788 1282 785
f 785 1282 1283
f 1285 1286 1284
f 1284 1286 1287
f 1284 1288 1285
f 1285 1288 1289
f 757 1289 754
f 754 1289 1288
f 605 604 675
f 675 604 676
f 1290 1291 1293
f 1293 1291 1292
f 1295 1296 1294
f 1294 1296 1297
f 696 699 694
f 694 699 931
f 1298 1299 592
f 592 1299 589
f 1299 1300 589
f 589 1300 700
f 1300 1301 700
f 700 1301 701
f 743 745 819
f 819 745 805
f 1303 1304 1302
f 1302 1304 1305
f 1306 1307 1305
f 1305 1307 1302
f 609 1298 610
f 610 1298 592
f 587 822 588
f 588 822 1308
f 703 588 1309
f 1309 588 1308
f 1310 703 571
f 571 703 1309
f 1311 1312 789
f 789 1312 790
f 825 223 1313
f 1313 223 220
f 219 1314 220
f 220 1314 1313
f 1315 1316 1311
f 1311 1316 1312
f 1317 1318 1319
f 1319 1318 1241
f 441 1320 442
f 442 1320 1280
f 1321 217 572
f 572 217 216
f 1323 1230 1322
f 1322 1230 1229
f 1324 1325 631
f 631 1325 656
f 1034 1168 1010
f 1010 1168 1012
f 1327 1328 1326
f 1326 1328 1329
f 1331 1202 1330
f 1330 1202 1201
f 571 1309 572
f 572 1309 1321
f 573 572 1332
f 1332 572 216
f 1334 1335 1333
f 1333 1335 1336
f 1337 1338 918
f 918 1338 859
f 1339 863 1340
f 1340 863 866
f 1341 1342 1344
f 1344 1342 1343
f 1345 1346 919
f 919 1346 920
f 1347 1348 673
f 673 1348 1199
f 693 1349 928
f 928 1349 1201
f 1351 1257 1350
f 1350 1257 1256
f 1350 1352 1351
f 1351 1352 1353
f 653 930 654
f 654 930 662
f 1279 1354 1278
f 1278 1354 1355
f 1357 1358 1356
f 1356 1358 1359
f 937 1360 1140
f 1140 1360 1361
f 1225 1228 909
f 909 1228 964
f 901 934 1362
f 1362 934 1139
f 1364 1365 1363
f 1363 1365 1362
f 1367 912 1366
f 1366 912 911
f 1143 1142 1368
f 1368 1142 1369
f 1144 1186 1145
f 1145 1186 1185
f 1146 1175 1144
f 1144 1175 1186
f 1175 1146 1172
f 1172 1146 1148
f 1147 1018 1148
f 1148 1018 1172
f 1018 1147 1019
f 1019 1147 1149
f 1149 1150 1019
f 1019 1150 1370
f 1150 1151 1370
f 1370 1151 1371
f 1151 1153 1371
f 1371 1153 1177
f 1152 1156 1178
f 1178 1156 1372
f 1155 1158 1373
f 1373 1158 1374
f 1157 1159 1376
f 1376 1159 1375
f 1378 1379 1377
f 1377 1379 1380
f 1382 1383 1381
f 1381 1383 1384
f 1382 1386 1385
f 1385 1386 1387
f 1386 1233 1387
f 1387 1233 1232
f 1389 1390 1388
f 1388 1390 1391
f 1393 1394 1392
f 1392 1394 1395
f 1397 1398 1396
f 1396 1398 1399
f 629 1397 630
f 630 1397 1396
f 1342 1400 1343
f 1343 1400 1401
f 1403 1404 1402
f 1402 1404 1405
f 1407 1408 1406
f 1406 1408 1409
f 1411 1412 1410
f 1410 1412 1413
f 793 1414 794
f 794 1414 1415
f 1417 1341 1416
f 1416 1341 1344
f 704 705 1347
f 1347 705 1418
f 741 1419 742
f 742 1419 1420
f 1422 669 1421
f 1421 669 672
f 645 1423 646
f 646 1423 1424
f 1196 1198 614
f 614 1198 611
f 613 1425 614
f 614 1425 1426
f 1427 616 659
f 659 616 660
f 614 1426 1196
f 1196 1426 1191
f 696 594 697
f 697 594 590
f 697 590 700
f 700 590 589
f 703 1310 702
f 702 1310 1428
f 1421 672 1192
f 1192 672 689
f 1271 648 1269
f 1269 648 622
f 621 1270 622
f 622 1270 1269
f 1429 1430 1417
f 1417 1430 1341
f 1431 1432 1434
f 1434 1432 1433
f 1436 1437 1435
f 1435 1437 1438
f 1440 1441 1439
f 1439 1441 1442
f 1443 1444 1446
f 1446 1444 1445
f 823 809 938
f 938 809 817
f 810 1447 811
f 811 1447 1448
f 1449 1450 679
f 679 1450 706
f 913 916 1205
f 1205 916 1451
f 1275 1225 912
f 912 1225 909
f 1452 1453 880
f 880 1453 881
f 1444 1401 1445
f 1445 1401 1400
f 936 1454 937
f 937 1454 1360
f 824 1455 810
f 810 1455 1447
f 631 656 632
f 632 656 655
f 966 1456 967
f 967 1456 1457
f 1459 1460 1458
f 1458 1460 1461
f 1460 1462 1461
f 1461 1462 1463
f 972 974 973
f 973 974 975
f 990 995 991
f 991 995 994
f 1464 1187 1033
f 1033 1187 1174
f 1018 1021 1172
f 1172 1021 1173
f 1000 999 1001
f 1001 999 998
f 976 979 1022
f 1022 979 1032
f 1023 1024 980
f 980 1024 982
f 989 986 1171
f 1171 986 1169
f 1171 1170 989
f 989 1170 990
f 1170 1027 990
f 990 1027 995
f 1041 1039 998
f 998 1039 1001
f 1051 1063 1000
f 1000 1063 999
f 1066 1064 1051
f 1051 1064 1063
f 1183 1081 1066
f 1066 1081 1064
f 1178 1372 1103
f 1103 1372 1104
f 1092 1091 1465
f 1465 1091 1182
f 1467 1465 1466
f 1466 1465 1468
f 1469 1470 1184
f 1184 1470 1468
f 1095 1098 1471
f 1471 1098 1101
f 1076 1374 1120
f 1120 1374 1376
f 1110 1472 1127
f 1127 1472 1132
f 1472 1473 1132
f 1132 1473 1129
f 1474 1475 1466
f 1466 1475 1473
f 1119 1118 1116
f 1116 1118 1113
f 1375 1121 1376
f 1376 1121 1120
f 1127 1132 1128
f 1128 1132 1131
f 1227 1476 1228
f 1228 1476 1361
f 1365 1477 1362
f 1362 1477 872
f 1478 1479 1323
f 1323 1479 1230
f 1480 1481 914
f 914 1481 915
f 913 1277 914
f 914 1277 1276
f 1168 1034 1022
f 1022 1034 1023
f 1035 1036 1024
f 1024 1036 1025
f 1039 1041 1170
f 1170 1041 1027
f 1042 1148 1028
f 1028 1148 1146
f 968 1459 969
f 969 1459 1458
f 1482 1483 664
f 664 1483 665
f 1485 1486 1484
f 1484 1486 1487
f 1489 1490 1488
f 1488 1490 1491
f 1492 1493 722
f 722 1493 634
f 1495 1496 1494
f 1494 1496 1497
f 1498 1207 1339
f 1339 1207 863
f 1224 1499 1165
f 1165 1499 1166
f 1160 1163 1500
f 1500 1163 1275
f 1500 877 1160
f 1160 877 1501
f 876 873 1502
f 1502 873 1479
f 945 1264 851
f 851 1264 1229
f 835 1231 839
f 839 1231 871
f 1503 1283 778
f 778 1283 1282
f 716 715 1505
f 1505 715 1504
f 1446 1445 1507
f 1507 1445 1506
f 779 792 1381
f 1381 792 791
f 1430 1409 1341
f 1341 1409 1342
f 1411 1429 1508
f 1508 1429 1417
f 635 1510 1509
f 1509 1510 1511
f 1377 1380 1315
f 1315 1380 1316
f 1445 1400 1506
f 1506 1400 1408
f 918 917 1336
f 1336 917 1333
f 1513 1514 1512
f 1512 1514 870
f 1515 1516 1363
f 1363 1516 1364
f 1453 1517 881
f 881 1517 1276
f 992 1518 993
f 993 1518 1519
f 1520 1029 1518
f 1518 1029 955
f 1520 1026 1521
f 1521 1026 1040
f 1522 1015 1521
f 1521 1015 1043
f 996 1523 997
f 997 1523 1522
f 1060 1016 1524
f 1524 1016 1523
f 1061 1525 1062
f 1062 1525 1524
f 1079 1527 1526
f 1526 1527 1528
f 1093 1529 1094
f 1094 1529 1528
f 1111 1530 1112
f 1112 1530 1531
f 1532 1533 1105
f 1105 1533 1123
f 934 937 1139
f 1139 937 1140
f 1138 1363 1139
f 1139 1363 1362
f 1534 1222 1355
f 1355 1222 1278
f 1535 1223 1534
f 1534 1223 1222
f 821 587 1238
f 1238 587 586
f 1319 711 1317
f 1317 711 1536
f 1538 1200 1537
f 1537 1200 1199
f 1508 1417 1539
f 1539 1417 1416
f 1540 1541 840
f 840 1541 837
f 1231 898 871
f 871 898 901
f 1500 1275 1367
f 1367 1275 912
f 1543 1379 1542
f 1542 1379 1395
f 1539 772 1508
f 1508 772 1544
f 1546 1403 1545
f 1545 1403 1402
f 1548 1549 1547
f 1547 1549 1550
f 1552 1548 1551
f 1551 1548 1547
f 1554 1555 1553
f 1553 1555 1556
f 1558 1559 1557
f 1557 1559 1560
f 1562 1563 1561
f 1561 1563 1564
f 1566 1567 1565
f 1565 1567 1568
f 1570 1571 1569
f 1569 1571 1572
f 1574 1575 1573
f 1573 1575 1576
f 1577 1578 1572
f 1572 1578 1569
f 1580 1581 1579
f 1579 1581 1582
f 1584 1585 1583
f 1583 1585 1586
f 1588 1555 1587
f 1587 1555 1589
f 1591 1592 1590
f 1590 1592 1593
f 1595 1596 1594
f 1594 1596 1597
f 1596 1581 1597
f 1597 1581 1576
f 1599 1570 1598
f 1598 1570 1569
f 1601 1602 1600
f 1600 1602 1603
f 1605 1606 1604
f 1604 1606 1607
f 1608 1609 1568
f 1568 1609 1565
f 1611 1612 1610
f 1610 1612 1613
f 1615 1616 1614
f 1614 1616 1617
f 1619 1617 1618
f 1618 1617 1616
f 1621 1622 1620
f 1620 1622 1623
f 1625 1626 1624
f 1624 1626 1627
f 1629 1630 1628
f 1628 1630 1631
f 1633 1634 1632
f 1632 1634 1635
f 1636 1637 1639
f 1639 1637 1638
f 1641 1642 1640
f 1640 1642 1643
f 1624 1627 1644
f 1644 1627 1645
f 1647 1648 1646
f 1646 1648 1649
f 1651 1652 1650
f 1650 1652 1653
f 1655 1656 1654
f 1654 1656 1657
f 1659 1660 1658
f 1658 1660 1661
f 1662 1663 1631
f 1631 1663 1628
f 1651 1665 1664
f 1664 1665 1666
f 1667 1656 1619
f 1619 1656 1617
f 1669 1670 1668
f 1668 1670 1671
f 1632 1635 1672
f 1672 1635 1673
f 1674 1675 1638
f 1638 1675 1639
f 1677 1678 1676
f 1676 1678 1679
f 1680 1640 1681
f 1681 1640 1643
f 1682 1683 1643
f 1643 1683 1681
f 1670 1669 1235
f 1235 1669 1232
f 1396 1399 1674
f 1674 1399 1675
f 627 630 1679
f 1679 630 1676
f 1681 1315 1680
f 1680 1315 1311
f 1683 1377 1681
f 1681 1377 1315
f 1672 1673 1387
f 1387 1673 1385
f 1636 1684 1646
f 1646 1684 1685
f 1687 1688 1686
f 1686 1688 1689
f 1585 1690 1586
f 1586 1690 1691
f 1599 1692 1551
f 1551 1692 1693
f 1552 1558 1694
f 1694 1558 1557
f 1696 1615 1695
f 1695 1615 1614
f 1698 1699 1697
f 1697 1699 1623
f 1700 1701 1703
f 1703 1701 1702
f 1705 1706 1704
f 1704 1706 1707
f 1708 1709 1640
f 1640 1709 1641
f 1710 1711 1713
f 1713 1711 1712
f 1652 1655 1653
f 1653 1655 1654
f 1714 1699 1712
f 1712 1699 1713
f 1715 1710 1716
f 1716 1710 1713
f 1717 1708 1680
f 1680 1708 1640
f 1393 1392 1715
f 1715 1392 1710
f 1719 1720 1718
f 1718 1720 1721
f 1680 1311 1717
f 1717 1311 789
f 1378 1711 1392
f 1392 1711 1710
f 1388 1391 1719
f 1719 1391 1720
f 1723 1606 1722
f 1722 1606 1689
f 1725 1568 1724
f 1724 1568 1567
f 1726 1647 1685
f 1685 1647 1646
f 1728 1554 1727
f 1727 1554 1553
f 1591 1687 1600
f 1600 1687 1686
f 1730 1595 1729
f 1729 1595 1594
f 1601 1605 1731
f 1731 1605 1604
f 1733 1663 1732
f 1732 1663 1734
f 1736 1639 1735
f 1735 1639 1675
f 1658 1644 1737
f 1737 1644 1645
f 1726 1662 1724
f 1724 1662 1631
f 1399 1738 1675
f 1675 1738 1735
f 1621 1667 1739
f 1739 1667 1619
f 1714 1740 1620
f 1620 1740 1741
f 1592 1549 1593
f 1593 1549 1742
f 1602 1571 1603
f 1603 1571 1550
f 1688 1690 1689
f 1689 1690 1722
f 1588 1559 1582
f 1582 1559 1579
f 1673 1735 1385
f 1385 1735 1738
f 1387 1232 1672
f 1672 1232 1669
f 1580 1692 1573
f 1573 1692 1743
f 1377 1683 1378
f 1378 1683 1711
f 1664 1666 1744
f 1744 1666 1745
f 1744 1696 1664
f 1664 1696 1695
f 1746 1747 1732
f 1732 1747 1748
f 1749 1750 1677
f 1677 1750 1678
f 1709 1708 1750
f 1750 1708 1678
f 1668 1632 1669
f 1669 1632 1672
f 1633 1746 1734
f 1734 1746 1732
f 1679 1678 1717
f 1717 1678 1708
f 789 627 1717
f 1717 627 1679
f 1563 1723 1564
f 1564 1723 1722
f 1728 1584 1751
f 1751 1584 1583
f 1674 1676 1396
f 1396 1676 630
f 1666 1566 1745
f 1745 1566 1565
f 1627 1629 1645
f 1645 1629 1628
f 1637 1749 1638
f 1638 1749 1677
f 1648 1665 1649
f 1649 1665 1752
f 1740 1642 1741
f 1741 1642 1657
f 1676 1674 1677
f 1677 1674 1638
f 1683 1682 1711
f 1711 1682 1712
f 1618 1753 1619
f 1619 1753 1739
f 1701 1739 1702
f 1702 1739 1753
f 1754 1214 1756
f 1756 1214 1755
f 647 1757 619
f 619 1757 941
f 1759 1193 1758
f 1758 1193 691
f 1419 1760 1420
f 1420 1760 1761
f 682 1762 683
f 683 1762 1763
f 1412 780 1413
f 1413 780 1384
f 1383 1398 1384
f 1384 1398 1413
f 1197 1424 1764
f 1764 1424 1423
f 1537 1287 1538
f 1538 1287 1286
f 1634 1684 1635
f 1635 1684 1736
f 1724 1631 1725
f 1725 1631 1630
f 1562 1730 1610
f 1610 1730 1729
f 1735 1673 1736
f 1736 1673 1635
f 1757 1195 941
f 941 1195 1194
f 1766 200 1765
f 1765 200 199
f 475 500 476
f 476 500 479
f 498 558 483
f 483 558 487
f 545 551 546
f 546 551 550
f 453 1281 219
f 219 1281 1314
f 298 453 208
f 208 453 219
f 368 1765 1767
f 1767 1765 199
f 523 405 363
f 363 405 404
f 523 533 405
f 405 533 402
f 298 208 299
f 299 208 207
f 299 207 176
f 176 207 300
f 176 300 173
f 173 300 202
f 173 202 174
f 174 202 201
f 1337 918 1768
f 1768 918 1336
f 1769 1770 1338
f 1338 1770 859
f 581 570 578
f 578 570 1771
f 555 562 580
f 580 562 561
f 504 1772 501
f 501 1772 548
f 517 542 584
f 584 542 543
f 515 514 516
f 516 514 544
f 542 517 544
f 544 517 516
f 561 575 580
f 580 575 581
f 575 569 581
f 581 569 570
f 501 548 1773
f 1773 548 547
f 1774 1775 570
f 570 1775 1771
f 369 368 1776
f 1776 368 1767
f 372 369 375
f 375 369 1776
f 822 1280 1308
f 1308 1280 1320
f 820 1281 822
f 822 1281 1280
f 818 1314 820
f 820 1314 1281
f 1314 818 1313
f 1313 818 804
f 807 814 825
f 825 814 826
f 814 813 826
f 826 813 827
f 813 1220 827
f 827 1220 828
f 580 579 555
f 555 579 547
f 1477 1540 872
f 872 1540 840
f 367 499 368
f 368 499 1765
f 1766 1765 525
f 525 1765 499
f 1777 1766 526
f 526 1766 525
f 520 527 362
f 362 527 384
f 361 1778 519
f 519 1778 528
f 371 1779 372
f 372 1779 369
f 369 1779 370
f 370 1779 478
f 1779 371 478
f 478 371 374
f 1778 1777 528
f 528 1777 526
f 1781 1782 1780
f 1780 1782 1783
f 431 460 67
f 67 460 64
f 68 338 74
f 74 338 72
f 1785 1782 1784
f 1784 1782 1786
f 1787 1788 1790
f 1790 1788 1789
f 1792 1789 1791
f 1791 1789 1793
f 1791 1794 1792
f 1792 1794 1795
f 1794 1796 1795
f 1795 1796 1797
f 1797 1798 938
f 938 1798 868
f 1798 1799 868
f 868 1799 869
f 1801 1802 1800
f 1800 1802 1451
f 1803 1804 1205
f 1205 1804 1206
f 1805 1806 864
f 864 1806 865
f 1806 1807 865
f 865 1807 1808
f 68 71 338
f 287 328 288
f 1320 1321 1308
f 1308 1321 1309
f 1320 441 1321
f 1321 441 217
f 441 152 217
f 217 152 218
f 151 286 152
f 152 286 218
f 297 310 151
f 151 310 286
f 296 307 297
f 297 307 310
f 296 143 307
f 307 143 284
f 143 56 284
f 284 56 104
f 56 59 104
f 104 59 63
f 59 102 63
f 63 102 60
f 102 94 60
f 60 94 282
f 93 459 279
f 279 459 77
f 459 460 77
f 77 460 78
f 460 431 78
f 78 431 295
f 431 49 295
f 295 49 292
f 48 421 49
f 49 421 292
f 276 278 418
f 418 278 429
f 317 432 278
f 278 432 429
f 432 317 433
f 433 317 316
f 326 324 316
f 316 324 433
f 1536 592 1809
f 1809 592 591
f 1810 744 1812
f 1812 744 1811
f 1814 1815 1813
f 1813 1815 1816
f 1817 748 1818
f 1818 748 747
f 1812 1819 1810
f 1810 1819 1817
f 1820 1821 748
f 748 1821 749
f 1823 1824 1822
f 1822 1824 1825
f 1827 1828 1826
f 1826 1828 1829
f 1831 1832 1830
f 1830 1832 1833
f 1834 1827 1243
f 1243 1827 1826
f 1313 804 825
f 825 804 807
f 1835 1253 1236
f 1236 1253 1237
f 1836 1837 1438
f 1438 1837 1435
f 1838 1505 1840
f 1840 1505 1839
f 1841 1842 716
f 716 1842 713
f 1843 1844 1510
f 1510 1844 1845
f 1847 1848 1846
f 1846 1848 1849
f 1850 1240 1822
f 1822 1240 1239
f 636 1831 637
f 637 1831 1830
f 1852 1853 1851
f 1851 1853 1854
f 1855 1856 1858
f 1858 1856 1857
f 1846 1849 1859
f 1859 1849 1860
f 1343 1401 1509
f 1509 1401 1861
f 1509 1861 635
f 635 1861 636
f 1863 1864 1862
f 1862 1864 1865
f 1283 1503 1867
f 1867 1503 1866
f 1868 1867 681
f 681 1867 682
f 1286 1285 683
f 683 1285 684
f 757 756 1274
f 1274 756 1869
f 1274 1869 717
f 717 1869 718
f 1434 1433 719
f 719 1433 720
f 1200 1538 1545
f 1545 1538 1763
f 1285 1289 684
f 684 1289 1273
f 684 1273 681
f 681 1273 1272
f 785 1283 1868
f 1868 1283 1867
f 786 785 1870
f 1870 785 1868
f 1289 757 1273
f 1273 757 1274
f 1539 1416 1871
f 1871 1416 1872
f 773 1871 1403
f 1403 1871 1404
f 675 674 1405
f 1405 674 1402
f 1864 1873 1865
f 1865 1873 1874
f 638 1843 635
f 635 1843 1510
f 1344 1343 1511
f 1511 1343 1509
f 772 1539 773
f 773 1539 1871
f 674 1200 1402
f 1402 1200 1545
f 1538 1286 1763
f 1763 1286 683
f 1444 1443 1875
f 1875 1443 1876
f 1875 1876 1831
f 1831 1876 1832
f 1416 1344 1872
f 1872 1344 1511
f 1877 1878 774
f 774 1878 1879
f 1878 1847 1879
f 1879 1847 1846
f 1880 714 1881
f 1881 714 1848
f 1401 1444 1861
f 1861 1444 1875
f 1861 1875 636
f 636 1875 1831
f 1823 1863 1882
f 1882 1863 1862
f 1441 1440 1884
f 1884 1440 1883
f 1883 1852 1884
f 1884 1852 1851
f 1886 1887 1885
f 1885 1887 1888
f 1358 1889 1359
f 1359 1889 1890
f 1891 1886 1892
f 1892 1886 1885
f 774 1879 775
f 775 1879 1893
f 1859 1893 1846
f 1846 1893 1879
f 713 1842 1849
f 1849 1842 1860
f 1318 1895 1894
f 1894 1895 1896
f 1873 1897 1874
f 1874 1897 1898
f 1898 605 1899
f 1899 605 675
f 1405 1844 675
f 675 1844 1899
f 1404 1845 1405
f 1405 1845 1844
f 593 1296 591
f 591 1296 1809
f 1295 1292 1900
f 1900 1292 1895
f 606 1897 1291
f 1291 1897 1896
f 1510 1845 1511
f 1511 1845 1872
f 1871 1872 1404
f 1404 1872 1845
f 1866 770 1762
f 1762 770 1546
f 1762 682 1866
f 1866 682 1867
f 1870 1868 1272
f 1272 1868 681
f 1272 717 1870
f 1870 717 720
f 1870 720 786
f 786 720 1433
f 786 1433 787
f 787 1433 1432
f 1261 1414 1432
f 1432 1414 787
f 1389 1234 1260
f 1260 1234 1415
f 1719 1670 1388
f 1388 1670 1235
f 1718 1671 1719
f 1719 1671 1670
f 1705 1747 1718
f 1718 1747 1671
f 1659 1901 1704
f 1704 1901 1748
f 1877 1903 1902
f 1902 1903 1904
f 1259 1905 1390
f 1390 1905 1394
f 1715 1720 1393
f 1393 1720 1391
f 1716 1721 1715
f 1715 1721 1720
f 1698 1706 1716
f 1716 1706 1721
f 277 276 47
f 47 276 48
f 84 96 81
f 81 96 82
f 80 70 81
f 81 70 85
f 99 97 88
f 88 97 89
f 90 100 88
f 88 100 99
f 101 95 102
f 102 95 94
f 1906 1907 280
f 280 1907 281
f 97 86 89
f 89 86 85
f 60 282 61
f 61 282 281
f 83 82 46
f 46 82 47
f 293 292 420
f 420 292 421
f 419 1908 420
f 420 1908 1909
f 92 95 91
f 91 95 90
f 279 282 93
f 93 282 94
f 276 418 48
f 48 418 421
f 1910 1660 1697
f 1697 1660 1707
f 1703 1624 1700
f 1700 1624 1644
f 1622 1910 1623
f 1623 1910 1697
f 1701 1700 1911
f 1911 1700 1661
f 1700 1644 1661
f 1661 1644 1658
f 1901 1737 1733
f 1733 1737 1645
f 1625 1912 1604
f 1604 1912 1731
f 1912 1913 1731
f 1731 1913 1914
f 1913 1577 1914
f 1914 1577 1572
f 1915 1578 1616
f 1616 1578 1618
f 1915 1916 1598
f 1598 1916 1743
f 1916 1574 1743
f 1743 1574 1573
f 1575 1917 1576
f 1576 1917 1597
f 1917 1609 1597
f 1597 1609 1594
f 1608 1611 1729
f 1729 1611 1610
f 1918 1612 1629
f 1629 1612 1630
f 1626 1918 1627
f 1627 1918 1629
f 1920 1921 1919
f 1919 1921 1922
f 1920 1924 1923
f 1923 1924 1925
f 1926 1927 1924
f 1924 1927 1925
f 1929 1930 1928
f 1928 1930 1931
f 1932 1933 1935
f 1935 1933 1934
f 1937 1938 1936
f 1936 1938 1939
f 1941 1942 1940
f 1940 1942 1943
f 1941 1945 1944
f 1944 1945 1946
f 1947 1948 1694
f 1694 1948 1949
f 1950 1951 1953
f 1953 1951 1952
f 1955 1956 1954
f 1954 1956 1589
f 1958 1956 1957
f 1957 1956 1932
f 1960 1934 1959
f 1959 1934 1933
f 1962 1963 1961
f 1961 1963 1964
f 1965 1955 1751
f 1751 1955 1954
f 1935 1930 1932
f 1932 1930 1957
f 1951 1950 1926
f 1926 1950 1929
f 1966 1967 1593
f 1593 1967 1590
f 1969 1967 1968
f 1968 1967 1964
f 1962 1921 1970
f 1970 1921 1971
f 1963 1945 1964
f 1964 1945 1968
f 1972 1948 1922
f 1922 1948 1919
f 1966 1972 1961
f 1961 1972 1922
f 1958 1953 1587
f 1587 1953 1560
f 1974 1975 1973
f 1973 1975 1976
f 1978 1979 1977
f 1977 1979 1691
f 1979 1975 1691
f 1691 1975 1586
f 1938 1942 1939
f 1939 1942 1980
f 1952 1947 1557
f 1557 1947 1694
f 1969 1978 1981
f 1981 1978 1977
f 1983 1984 1982
f 1982 1984 1985
f 1986 1987 1989
f 1989 1987 1988
f 1990 1991 1983
f 1983 1991 1984
f 1990 1993 1992
f 1992 1993 1994
f 1995 1996 1994
f 1994 1996 1997
f 1999 2000 1998
f 1998 2000 2001
f 2003 2004 2002
f 2002 2004 2005
f 2007 2008 2006
f 2006 2008 2009
f 2011 2012 2010
f 2010 2012 2013
f 2014 2015 2017
f 2017 2015 2016
f 2018 2019 2021
f 2021 2019 2020
f 2022 1989 2024
f 2024 1989 2023
f 1989 1988 2023
f 2023 1988 2025
f 2026 2027 2017
f 2017 2027 2014
f 2029 2030 2028
f 2028 2030 2031
f 2033 2034 2032
f 2032 2034 2035
f 2032 2035 2036
f 2036 2035 2037
f 2039 2040 2038
f 2038 2040 2041
f 1982 2042 1983
f 1983 2042 2043
f 2045 2046 2044
f 2044 2046 2047
f 2049 2050 2048
f 2048 2050 2051
f 2053 2054 2052
f 2052 2054 2055
f 2057 2058 2056
f 2056 2058 2059
f 2060 2061 2033
f 2033 2061 2034
f 2063 2064 2062
f 2062 2064 2065
f 2066 2035 2067
f 2067 2035 2034
f 2069 2039 2068
f 2068 2039 2038
f 2025 2070 2023
f 2023 2070 2071
f 2072 2024 2071
f 2071 2024 2023
f 2074 2020 2073
f 2073 2020 2019
f 2050 2049 2047
f 2047 2049 2075
f 1983 2043 1990
f 1990 2043 1993
f 2006 2050 2007
f 2007 2050 2076
f 2050 2006 2051
f 2051 2006 2077
f 2079 2080 2078
f 2078 2080 2081
f 2082 2083 2085
f 2085 2083 2084
f 2010 2013 2086
f 2086 2013 2087
f 2089 2033 2088
f 2088 2033 2032
f 2090 2060 2089
f 2089 2060 2033
f 2092 2093 2091
f 2091 2093 2094
f 2096 1986 2095
f 2095 1986 2097
f 2097 1986 2022
f 2022 1986 1989
f 2015 2094 2016
f 2016 2094 2098
f 2016 2098 2100
f 2100 2098 2099
f 2017 2016 2101
f 2101 2016 2100
f 2017 2101 2026
f 2026 2101 2102
f 2100 2099 2104
f 2104 2099 2103
f 2104 2105 2100
f 2100 2105 2101
f 2105 2106 2101
f 2101 2106 2102
f 2108 2061 2107
f 2107 2061 2109
f 2111 2112 2110
f 2110 2112 2020
f 2020 2074 2110
f 2110 2074 2113
f 2115 2116 2114
f 2114 2116 2117
f 2118 2119 1995
f 1995 2119 2120
f 2121 2122 2027
f 2027 2122 2014
f 2047 2075 2044
f 2044 2075 2123
f 2124 2125 2127
f 2127 2125 2126
f 2129 2130 2128
f 2128 2130 2131
f 2132 2133 2057
f 2057 2133 2058
f 2134 1999 2136
f 2136 1999 2135
f 2055 2138 2137
f 2137 2138 2139
f 2141 2142 2140
f 2140 2142 2143
f 2083 2082 2064
f 2064 2082 2065
f 2082 2144 2065
f 2065 2144 2145
f 2040 2146 2041
f 2041 2146 2147
f 2060 2090 2148
f 2148 2090 2149
f 2048 2051 2137
f 2137 2051 2150
f 2151 1997 2135
f 2135 1997 1996
f 2152 2150 2077
f 2077 2150 2051
f 2046 2045 2118
f 2118 2045 2119
f 2154 2155 2153
f 2153 2155 2156
f 2158 2159 2157
f 2157 2159 2160
f 2162 2163 2161
f 2161 2163 2164
f 2164 2163 2165
f 2165 2163 2166
f 2168 2169 2167
f 2167 2169 2170
f 2003 2172 2171
f 2171 2172 2173
f 2174 2175 2002
f 2002 2175 2176
f 2145 2177 2065
f 2065 2177 2062
f 2178 2179 2180
f 2180 2179 2134
f 2181 2052 2152
f 2152 2052 2150
f 2040 2127 2146
f 2146 2127 2182
f 2130 2162 2131
f 2131 2162 2161
f 2052 2055 2150
f 2150 2055 2137
f 2184 2185 2183
f 2183 2185 2186
f 2159 2030 2160
f 2160 2030 2187
f 2146 2182 2029
f 2029 2182 2188
f 2189 2190 2192
f 2192 2190 2191
f 2172 2003 2176
f 2176 2003 2002
f 1998 2151 1999
f 1999 2151 2135
f 2177 2172 2062
f 2062 2172 2176
f 2172 2177 2173
f 2173 2177 2193
f 2063 2194 2064
f 2064 2194 2195
f 2066 2197 2196
f 2196 2197 2198
f 2002 2005 2174
f 2174 2005 2199
f 2004 2003 2200
f 2200 2003 2171
f 2198 2201 2171
f 2171 2201 2200
f 2197 2202 2198
f 2198 2202 2201
f 2202 2197 2203
f 2203 2197 2204
f 2196 2198 2173
f 2173 2198 2171
f 2205 2069 2170
f 2170 2069 2206
f 2197 2066 2204
f 2204 2066 2067
f 2107 2207 2108
f 2108 2207 2208
f 2210 2208 2209
f 2209 2208 2207
f 2185 2211 2212
f 2213 2214 2211
f 2211 2214 2212
f 1998 2001 2213
f 2213 2001 2214
f 2134 2215 1999
f 1999 2215 2000
f 2216 2217 2219
f 2219 2217 2218
f 2206 2220 2170
f 2170 2220 2167
f 2069 2068 2206
f 2206 2068 2221
f 2151 1998 2222
f 2222 1998 2213
f 2124 2039 2205
f 2205 2039 2069
f 2142 2223 2143
f 2143 2223 2128
f 2203 2186 2202
f 2202 2186 2185
f 2185 2184 2211
f 2211 2184 2224
f 2224 2225 2222
f 2222 2225 2226
f 2071 2227 2072
f 2072 2227 2228
f 2229 2074 2230
f 2230 2074 2073
f 2074 2229 2113
f 2113 2229 2231
f 2232 2225 2227
f 2227 2225 2224
f 2233 2234 2031
f 2031 2234 2028
f 2236 2231 2235
f 2235 2231 2229
f 2230 2183 2229
f 2229 2183 2235
f 2237 1987 2096
f 2096 1987 1986
f 2152 2238 2181
f 2181 2238 2239
f 2080 2240 2081
f 2081 2240 2241
f 2236 2242 1971
f 1971 2242 1970
f 1925 2113 1923
f 1923 2113 2231
f 2110 1927 2111
f 2111 1927 1928
f 2103 2111 1931
f 1931 2111 1928
f 1931 2243 2103
f 2103 2243 2104
f 2105 2104 2244
f 2244 2104 2243
f 1939 1980 2148
f 2148 1980 2109
f 1980 1944 2109
f 2109 1944 2107
f 1946 2245 2207
f 2207 2245 2209
f 2245 1970 2209
f 2209 1970 2242
f 2231 2236 1923
f 1923 2236 1971
f 2113 1925 2110
f 2110 1925 1927
f 2234 2246 2028
f 2028 2246 2147
f 2247 2248 2058
f 2058 2248 2059
f 2114 2117 2249
f 2249 2117 2250
f 2252 2253 2251
f 2251 2253 2254
f 2094 2015 2091
f 2091 2015 2255
f 2256 2255 2014
f 2014 2255 2015
f 2257 2145 2258
f 2258 2145 2144
f 2131 2161 2123
f 2123 2161 2044
f 2045 2044 2164
f 2164 2044 2161
f 2045 2164 2119
f 2119 2164 2165
f 2259 2120 2165
f 2165 2120 2119
f 2260 2261 2259
f 2259 2261 2120
f 2205 2262 2124
f 2124 2262 2125
f 2180 2263 2178
f 2178 2263 2264
f 2265 2266 2092
f 2092 2266 2093
f 1992 2267 2268
f 2184 2228 2224
f 2224 2228 2227
f 2048 2269 2049
f 2049 2269 2141
f 2129 2168 2157
f 2157 2168 2167
f 2049 2141 2075
f 2075 2141 2140
f 2199 2215 2270
f 2270 2215 2271
f 2142 2141 2272
f 2272 2141 2269
f 2089 2026 2090
f 2090 2026 2102
f 2146 2029 2147
f 2147 2029 2028
f 2111 2103 2112
f 2112 2103 2099
f 2061 2060 2109
f 2109 2060 2148
f 2273 2274 2041
f 2041 2274 2038
f 2260 2275 2261
f 2261 2275 2136
f 2057 2138 2132
f 2132 2138 2276
f 2272 2269 2056
f 2056 2269 2139
f 2277 2278 2270
f 2270 2278 2199
f 2029 2188 2030
f 2030 2188 2187
f 2040 2039 2127
f 2127 2039 2124
f 2064 2195 2083
f 2083 2195 2279
f 2056 2139 2057
f 2057 2139 2138
f 2278 2277 2247
f 2247 2277 2248
f 2062 2176 2063
f 2063 2176 2175
f 2280 2210 2242
f 2242 2210 2209
f 2282 2233 2281
f 2281 2233 2031
f 2216 2219 2283
f 2283 2219 2221
f 2158 2220 2218
f 2218 2220 2219
f 2217 2282 2218
f 2218 2282 2281
f 2220 2158 2167
f 2167 2158 2157
f 2223 2264 2128
f 2128 2264 2263
f 2261 1996 2120
f 2120 1996 1995
f 2213 2211 2222
f 2222 2211 2224
f 2283 2221 2284
f 2284 2221 2068
f 2135 1996 2136
f 2136 1996 2261
f 2144 2081 2258
f 2258 2081 2241
f 2235 2280 2236
f 2236 2280 2242
f 2246 2273 2147
f 2147 2273 2041
f 2036 2285 2032
f 2032 2285 2088
f 2077 2286 2152
f 2152 2286 2238
f 1937 1960 1973
f 1973 1960 1959
f 2070 2232 2071
f 2071 2232 2227
f 2244 2287 2105
f 2105 2287 2106
f 1936 1939 2149
f 2149 1939 2148
f 1944 1946 2107
f 2107 1946 2207
f 2285 2121 2088
f 2088 2121 2027
f 2253 2249 2254
f 2254 2249 2250
f 2006 2009 2077
f 2077 2009 2286
f 2289 2086 2288
f 2288 2086 2087
f 2223 2142 2290
f 2290 2142 2272
f 2128 2131 2143
f 2143 2131 2123
f 2156 2291 2153
f 2153 2291 2175
f 2292 2293 2278
f 2278 2293 2294
f 2075 2140 2123
f 2123 2140 2143
f 2262 2169 2275
f 2275 2169 2180
f 2275 2180 2136
f 2136 2180 2134
f 2274 2284 2038
f 2038 2284 2068
f 2127 2126 2182
f 2182 2126 2166
f 2094 2093 2098
f 2098 2093 2021
f 2098 2021 2099
f 2099 2021 2112
f 2018 2021 2266
f 2266 2021 2093
f 2251 2289 2252
f 2252 2289 2288
f 1997 2151 2226
f 2226 2151 2222
f 2206 2221 2220
f 2220 2221 2219
f 2269 2048 2139
f 2139 2048 2137
f 2159 2158 2281
f 2281 2158 2218
f 2156 2155 2190
f 2190 2155 2191
f 1974 1965 1583
f 1583 1965 1751
f 2088 2027 2089
f 2089 2027 2026
f 2030 2159 2031
f 2031 2159 2281
f 2106 2149 2102
f 2102 2149 2090
f 2287 1936 2106
f 2106 1936 2149
f 2293 2154 2294
f 2294 2154 2153
f 2021 2020 2112
f 2247 2295 2278
f 2278 2295 2292
f 2284 2296 2283
f 2283 2296 2297
f 2298 2296 2274
f 2274 2296 2284
f 2273 2299 2274
f 2274 2299 2298
f 2246 2300 2273
f 2273 2300 2299
f 2283 2297 2216
f 2216 2297 2301
f 2216 2301 2217
f 2217 2301 2302
f 2302 2303 2217
f 2217 2303 2282
f 2304 2301 2305
f 2305 2301 2297
f 2307 2308 2306
f 2306 2308 2309
f 2306 2310 2307
f 2307 2310 2311
f 2307 2312 2308
f 2308 2312 2313
f 2314 2315 2312
f 2312 2315 2316
f 2316 2317 2312
f 2312 2317 2313
f 2317 2305 2313
f 2313 2305 2318
f 2314 2312 2311
f 2311 2312 2307
f 2319 2320 2322
f 2322 2320 2321
f 2322 2311 2319
f 2319 2311 2310
f 2313 2318 2308
f 2308 2318 2309
f 2296 2298 2318
f 2318 2298 2309
f 2309 2298 2323
f 2323 2298 2299
f 2306 2309 2324
f 2324 2309 2323
f 2310 2306 2325
f 2325 2306 2324
f 2296 2318 2297
f 2297 2318 2305
f 2319 2310 2326
f 2326 2310 2325
f 2328 2325 2327
f 2327 2325 2324
f 2325 2328 2326
f 2326 2328 2329
f 2331 2328 2330
f 2330 2328 2327
f 2332 2333 2327
f 2327 2333 2330
f 2328 2331 2329
f 2329 2331 2334
f 2324 2323 2327
f 2327 2323 2332
f 2300 2332 2299
f 2299 2332 2323
f 2326 2335 2319
f 2319 2335 2320
f 2305 2317 2336
f 2336 2317 2316
f 2336 2316 2337
f 2337 2316 2315
f 2338 2304 2336
f 2336 2304 2305
f 2337 2339 2336
f 2336 2339 2338
f 2337 2315 2341
f 2341 2315 2340
f 2342 2300 2234
f 2234 2300 2246
f 2303 2343 2282
f 2282 2343 2233
f 2234 2233 2342
f 2342 2233 2343
f 2342 2343 2333
f 2333 2343 2344
f 2333 2344 2330
f 2330 2344 2345
f 2346 2344 2303
f 2303 2344 2343
f 2332 2300 2333
f 2333 2300 2342
f 2347 2346 2302
f 2302 2346 2303
f 2301 2304 2302
f 2302 2304 2347
f 2304 2338 2347
f 2347 2338 2348
f 2348 2349 2347
f 2347 2349 2346
f 2350 2351 2348
f 2348 2351 2349
f 2349 2345 2346
f 2346 2345 2344
f 2345 2349 2352
f 2352 2349 2351
f 2338 2339 2348
f 2348 2339 2350
f 2350 2339 2353
f 2353 2339 2354
f 2356 2357 2355
f 2355 2357 2353
f 2351 2350 2357
f 2357 2350 2353
f 2353 2354 2355
f 2355 2354 2335
f 2320 2335 2341
f 2341 2335 2354
f 2339 2337 2354
f 2354 2337 2341
f 2352 2331 2345
f 2345 2331 2330
f 2356 2334 2352
f 2352 2334 2331
f 2356 2352 2357
f 2357 2352 2351
f 2355 2329 2356
f 2356 2329 2334
f 2335 2326 2355
f 2355 2326 2329
f 2321 2314 2322
f 2322 2314 2311
f 2321 2320 2340
f 2340 2320 2341
f 2315 2314 2340
f 2340 2314 2321
f 2125 2260 2126
f 2126 2260 2259
f 2157 2160 2129
f 2129 2160 2130
f 2188 2163 2187
f 2187 2163 2162
f 2182 2166 2188
f 2188 2166 2163
f 2180 2169 2263
f 2263 2169 2168
f 2160 2187 2130
f 2130 2187 2162
f 2275 2260 2262
f 2262 2260 2125
f 2128 2263 2129
f 2129 2263 2168
f 2262 2205 2169
f 2169 2205 2170
f 2165 2166 2259
f 2259 2166 2126
f 2359 2360 2358
f 2358 2360 2361
f 2363 2364 2362
f 2362 2364 2365
f 2367 2363 2366
f 2366 2363 2362
f 2368 2369 2371
f 2371 2369 2370
f 2372 2373 2248
f 2248 2373 2059
f 2364 2374 2365
f 2365 2374 2375
f 2377 2378 2376
f 2376 2378 2379
f 2290 2380 2223
f 2223 2380 2381
f 2223 2381 2264
f 2264 2381 2382
f 2384 2385 2383
f 2383 2385 2386
f 2364 2371 2374
f 2374 2371 2387
f 2059 2373 2290
f 2290 2373 2380
f 2378 2360 2379
f 2379 2360 2388
f 2374 2387 2359
f 2359 2387 2389
f 2390 2367 2386
f 2386 2367 2391
f 2393 2394 2392
f 2392 2394 2395
f 2386 2391 2383
f 2383 2391 2396
f 2367 2366 2391
f 2391 2366 2397
f 2363 2367 2368
f 2368 2367 2390
f 2398 2399 2361
f 2361 2399 2358
f 2399 2400 2358
f 2358 2400 2375
f 2390 2401 2368
f 2368 2401 2369
f 2372 2384 2376
f 2376 2384 2383
f 2374 2359 2375
f 2375 2359 2358
f 2402 2403 2365
f 2365 2403 2362
f 2359 2389 2360
f 2360 2389 2388
f 2364 2363 2371
f 2371 2363 2368
f 2405 2398 2404
f 2404 2398 2361
f 2392 2395 2406
f 2406 2395 2397
f 2377 2396 2394
f 2394 2396 2395
f 2394 2393 2404
f 2404 2393 2405
f 2396 2377 2383
f 2383 2377 2376
f 2406 2397 2407
f 2407 2397 2366
f 2400 2402 2375
f 2375 2402 2365
f 2385 2270 2401
f 2401 2270 2271
f 2403 2407 2362
f 2362 2407 2366
f 2371 2370 2387
f 2387 2370 2382
f 2391 2397 2396
f 2396 2397 2395
f 2378 2377 2404
f 2404 2377 2394
f 2360 2378 2361
f 2361 2378 2404
f 2407 2408 2406
f 2406 2408 2409
f 2410 2408 2403
f 2403 2408 2407
f 2411 2410 2402
f 2402 2410 2403
f 2412 2411 2400
f 2400 2411 2402
f 2406 2409 2392
f 2392 2409 2413
f 2392 2413 2393
f 2393 2413 2414
f 2415 2405 2414
f 2414 2405 2393
f 2416 2413 2417
f 2417 2413 2409
f 2419 2420 2418
f 2418 2420 2421
f 2420 2422 2421
f 2421 2422 2423
f 2420 2424 2422
f 2422 2424 2425
f 2426 2427 2424
f 2424 2427 2428
f 2428 2429 2424
f 2424 2429 2425
f 2426 2424 2419
f 2419 2424 2420
f 2419 2418 2431
f 2431 2418 2430
f 2425 2432 2422
f 2422 2432 2423
f 2408 2410 2432
f 2432 2410 2423
f 2423 2410 2433
f 2433 2410 2411
f 2421 2423 2434
f 2434 2423 2433
f 2435 2418 2434
f 2434 2418 2421
f 2429 2417 2425
f 2425 2417 2432
f 2408 2432 2409
f 2409 2432 2417
f 2418 2435 2430
f 2430 2435 2436
f 2438 2435 2437
f 2437 2435 2434
f 2435 2438 2436
f 2436 2438 2439
f 2441 2438 2440
f 2440 2438 2437
f 2442 2443 2437
f 2437 2443 2440
f 2439 2438 2444
f 2444 2438 2441
f 2433 2442 2434
f 2434 2442 2437
f 2412 2442 2411
f 2411 2442 2433
f 2436 2445 2430
f 2430 2445 2446
f 2430 2446 2431
f 2431 2446 2447
f 2417 2429 2448
f 2448 2429 2428
f 2427 2449 2428
f 2428 2449 2448
f 2450 2416 2448
f 2448 2416 2417
f 2451 2450 2449
f 2449 2450 2448
f 2427 2452 2449
f 2449 2452 2453
f 2447 2446 2452
f 2452 2446 2453
f 2454 2412 2399
f 2399 2412 2400
f 2415 2455 2405
f 2405 2455 2398
f 2399 2398 2454
f 2454 2398 2455
f 2454 2455 2443
f 2443 2455 2456
f 2443 2456 2440
f 2440 2456 2457
f 2458 2456 2415
f 2415 2456 2455
f 2443 2442 2454
f 2454 2442 2412
f 2459 2458 2414
f 2414 2458 2415
f 2413 2416 2414
f 2414 2416 2459
f 2459 2416 2460
f 2460 2416 2450
f 2460 2461 2459
f 2459 2461 2458
f 2462 2463 2460
f 2460 2463 2461
f 2461 2457 2458
f 2458 2457 2456
f 2457 2461 2464
f 2464 2461 2463
f 2451 2462 2450
f 2450 2462 2460
f 2462 2451 2465
f 2465 2451 2466
f 2468 2469 2467
f 2467 2469 2465
f 2463 2462 2469
f 2469 2462 2465
f 2465 2466 2467
f 2467 2466 2445
f 2446 2445 2453
f 2453 2445 2466
f 2451 2449 2466
f 2466 2449 2453
f 2464 2441 2457
f 2457 2441 2440
f 2468 2444 2464
f 2464 2444 2441
f 2468 2464 2469
f 2469 2464 2463
f 2467 2439 2468
f 2468 2439 2444
f 2445 2436 2467
f 2467 2436 2439
f 2447 2426 2431
f 2431 2426 2419
f 2427 2426 2452
f 2452 2426 2447
f 2369 2179 2370
f 2370 2179 2178
f 2376 2379 2372
f 2372 2379 2373
f 2389 2381 2388
f 2388 2381 2380
f 2387 2382 2389
f 2389 2382 2381
f 2270 2385 2277
f 2277 2385 2384
f 2379 2388 2373
f 2373 2388 2380
f 2401 2271 2369
f 2369 2271 2179
f 2248 2277 2372
f 2372 2277 2384
f 2401 2390 2385
f 2385 2390 2386
f 2264 2382 2178
f 2178 2382 2370
f 2215 2134 2271
f 2271 2134 2179
f 2005 2000 2199
f 2199 2000 2215
f 2004 2001 2005
f 2005 2001 2000
f 2200 2214 2004
f 2004 2214 2001
f 2470 2471 2473
f 2473 2471 2472
f 2475 2476 2474
f 2474 2476 2477
f 2479 2475 2478
f 2478 2475 2474
f 2481 2482 2480
f 2480 2482 2483
f 2476 2484 2477
f 2477 2484 2485
f 2487 2488 2486
f 2486 2488 2489
f 2133 2490 2058
f 2058 2490 2491
f 2058 2491 2247
f 2247 2491 2492
f 2494 2495 2493
f 2493 2495 2496
f 2476 2483 2484
f 2484 2483 2497
f 2472 2498 2488
f 2488 2498 2489
f 2484 2497 2471
f 2471 2497 2499
f 2500 2479 2496
f 2496 2479 2501
f 2502 2503 2505
f 2505 2503 2504
f 2496 2501 2493
f 2493 2501 2506
f 2479 2478 2501
f 2501 2478 2507
f 2475 2479 2480
f 2480 2479 2500
f 2508 2509 2473
f 2473 2509 2470
f 2509 2510 2470
f 2470 2510 2485
f 2511 2481 2500
f 2500 2481 2480
f 2512 2494 2486
f 2486 2494 2493
f 2485 2484 2470
f 2470 2484 2471
f 2513 2514 2477
f 2477 2514 2474
f 2471 2499 2472
f 2472 2499 2498
f 2476 2475 2483
f 2483 2475 2480
f 2516 2508 2515
f 2515 2508 2473
f 2502 2505 2517
f 2517 2505 2507
f 2504 2487 2505
f 2505 2487 2506
f 2503 2516 2504
f 2504 2516 2515
f 2506 2487 2493
f 2493 2487 2486
f 2517 2507 2518
f 2518 2507 2478
f 2510 2513 2485
f 2485 2513 2477
f 2511 2495 2293
f 2293 2495 2154
f 2514 2518 2474
f 2474 2518 2478
f 2483 2482 2497
f 2497 2482 2492
f 2501 2507 2506
f 2506 2507 2505
f 2488 2487 2515
f 2515 2487 2504
f 2472 2488 2473
f 2473 2488 2515
f 2518 2519 2517
f 2517 2519 2520
f 2521 2519 2514
f 2514 2519 2518
f 2522 2521 2513
f 2513 2521 2514
f 2523 2522 2510
f 2510 2522 2513
f 2517 2520 2502
f 2502 2520 2524
f 2502 2524 2503
f 2503 2524 2525
f 2525 2526 2503
f 2503 2526 2516
f 2527 2524 2528
f 2528 2524 2520
f 2530 2531 2529
f 2529 2531 2532
f 2531 2533 2532
f 2532 2533 2534
f 2531 2535 2533
f 2533 2535 2536
f 2537 2538 2535
f 2535 2538 2539
f 2539 2540 2535
f 2535 2540 2536
f 2537 2535 2530
f 2530 2535 2531
f 2529 2541 2530
f 2530 2541 2542
f 2543 2534 2536
f 2536 2534 2533
f 2519 2521 2543
f 2543 2521 2534
f 2534 2521 2544
f 2544 2521 2522
f 2532 2534 2545
f 2545 2534 2544
f 2529 2532 2546
f 2546 2532 2545
f 2536 2540 2543
f 2543 2540 2528
f 2519 2543 2520
f 2520 2543 2528
f 2541 2529 2547
f 2547 2529 2546
f 2548 2549 2545
f 2545 2549 2546
f 2549 2550 2546
f 2546 2550 2547
f 2551 2552 2548
f 2548 2552 2549
f 2548 2553 2551
f 2551 2553 2554
f 2550 2549 2555
f 2555 2549 2552
f 2545 2544 2548
f 2548 2544 2553
f 2523 2553 2522
f 2522 2553 2544
f 2547 2556 2541
f 2541 2556 2557
f 2541 2557 2542
f 2542 2557 2558
f 2528 2540 2559
f 2559 2540 2539
f 2538 2560 2539
f 2539 2560 2559
f 2561 2527 2559
f 2559 2527 2528
f 2560 2562 2559
f 2559 2562 2561
f 2560 2538 2564
f 2564 2538 2563
f 2558 2557 2563
f 2563 2557 2564
f 2565 2523 2509
f 2509 2523 2510
f 2526 2566 2516
f 2516 2566 2508
f 2509 2508 2565
f 2565 2508 2566
f 2565 2566 2554
f 2554 2566 2567
f 2554 2567 2551
f 2551 2567 2568
f 2569 2567 2526
f 2526 2567 2566
f 2553 2523 2554
f 2554 2523 2565
f 2570 2569 2525
f 2525 2569 2526
f 2524 2527 2525
f 2525 2527 2570
f 2527 2561 2570
f 2570 2561 2571
f 2571 2572 2570
f 2570 2572 2569
f 2573 2574 2571
f 2571 2574 2572
f 2572 2568 2569
f 2569 2568 2567
f 2568 2572 2575
f 2575 2572 2574
f 2562 2573 2561
f 2561 2573 2571
f 2573 2562 2576
f 2576 2562 2577
f 2579 2580 2578
f 2578 2580 2576
f 2574 2573 2580
f 2580 2573 2576
f 2576 2577 2578
f 2578 2577 2556
f 2557 2556 2564
f 2564 2556 2577
f 2562 2560 2577
f 2577 2560 2564
f 2575 2552 2568
f 2568 2552 2551
f 2579 2555 2575
f 2575 2555 2552
f 2579 2575 2580
f 2580 2575 2574
f 2550 2555 2578
f 2578 2555 2579
f 2556 2547 2578
f 2578 2547 2550
f 2558 2537 2542
f 2542 2537 2530
f 2538 2537 2563
f 2563 2537 2558
f 2292 2295 2481
f 2481 2295 2482
f 2486 2489 2512
f 2512 2489 2581
f 2499 2491 2498
f 2498 2491 2490
f 2497 2492 2499
f 2499 2492 2491
f 2155 2154 2494
f 2494 2154 2495
f 2581 2489 2490
f 2490 2489 2498
f 2293 2292 2511
f 2511 2292 2481
f 2191 2155 2512
f 2512 2155 2494
f 2500 2496 2511
f 2511 2496 2495
f 2247 2492 2295
f 2295 2492 2482
f 2583 2584 2582
f 2582 2584 2585
f 2587 2588 2586
f 2586 2588 2589
f 2591 2587 2590
f 2590 2587 2586
f 2593 2594 2592
f 2592 2594 2595
f 2596 2597 2599
f 2599 2597 2598
f 2588 2600 2589
f 2589 2600 2601
f 2602 2603 2605
f 2605 2603 2604
f 2606 2607 2609
f 2609 2607 2608
f 2609 2608 2190
f 2190 2608 2610
f 2611 2612 2614
f 2614 2612 2613
f 2600 2588 2615
f 2615 2588 2595
f 2599 2598 2606
f 2606 2598 2607
f 2584 2616 2604
f 2604 2616 2605
f 2600 2615 2583
f 2583 2615 2617
f 2591 2619 2618
f 2618 2619 2614
f 2621 2622 2620
f 2620 2622 2623
f 2619 2624 2614
f 2614 2624 2611
f 2591 2590 2619
f 2619 2590 2625
f 2587 2591 2592
f 2592 2591 2618
f 2626 2627 2585
f 2585 2627 2582
f 2627 2628 2582
f 2582 2628 2601
f 2629 2593 2618
f 2618 2593 2592
f 2602 2597 2611
f 2611 2597 2612
f 2600 2583 2601
f 2601 2583 2582
f 2630 2631 2589
f 2589 2631 2586
f 2583 2617 2584
f 2584 2617 2616
f 2588 2587 2595
f 2595 2587 2592
f 2633 2626 2632
f 2632 2626 2585
f 2620 2623 2634
f 2634 2623 2625
f 2622 2603 2623
f 2623 2603 2624
f 2621 2633 2622
f 2622 2633 2632
f 2611 2624 2602
f 2602 2624 2603
f 2634 2625 2635
f 2635 2625 2590
f 2628 2630 2601
f 2601 2630 2589
f 2613 2195 2629
f 2629 2195 2194
f 2631 2635 2586
f 2586 2635 2590
f 2595 2594 2615
f 2615 2594 2610
f 2619 2625 2624
f 2624 2625 2623
f 2632 2604 2622
f 2622 2604 2603
f 2585 2584 2632
f 2632 2584 2604
f 2635 2636 2634
f 2634 2636 2637
f 2638 2636 2631
f 2631 2636 2635
f 2639 2638 2630
f 2630 2638 2631
f 2640 2639 2628
f 2628 2639 2630
f 2634 2637 2620
f 2620 2637 2641
f 2620 2641 2621
f 2621 2641 2642
f 2642 2643 2621
f 2621 2643 2633
f 2641 2637 2644
f 2644 2637 2645
f 2646 2647 2649
f 2649 2647 2648
f 2648 2650 2649
f 2649 2650 2651
f 2648 2652 2650
f 2650 2652 2653
f 2652 2654 2656
f 2656 2654 2655
f 2656 2657 2652
f 2652 2657 2653
f 2654 2652 2647
f 2647 2652 2648
f 2647 2646 2659
f 2659 2646 2658
f 2660 2651 2653
f 2653 2651 2650
f 2636 2638 2660
f 2660 2638 2651
f 2651 2638 2661
f 2661 2638 2639
f 2651 2661 2649
f 2649 2661 2662
f 2663 2646 2662
f 2662 2646 2649
f 2653 2657 2660
f 2660 2657 2645
f 2636 2660 2637
f 2637 2660 2645
f 2646 2663 2658
f 2658 2663 2664
f 2665 2666 2662
f 2662 2666 2663
f 2666 2667 2663
f 2663 2667 2664
f 2668 2669 2665
f 2665 2669 2666
f 2665 2670 2668
f 2668 2670 2671
f 2667 2666 2672
f 2672 2666 2669
f 2662 2661 2665
f 2665 2661 2670
f 2640 2670 2639
f 2639 2670 2661
f 2673 2674 2664
f 2664 2674 2658
f 2658 2674 2659
f 2659 2674 2675
f 2645 2657 2676
f 2676 2657 2656
f 2677 2676 2655
f 2655 2676 2656
f 2676 2678 2645
f 2645 2678 2644
f 2677 2679 2676
f 2676 2679 2678
f 2655 2680 2677
f 2677 2680 2681
f 2675 2674 2680
f 2680 2674 2681
f 2682 2640 2627
f 2627 2640 2628
f 2643 2683 2633
f 2633 2683 2626
f 2682 2627 2683
f 2683 2627 2626
f 2683 2684 2682
f 2682 2684 2671
f 2684 2685 2671
f 2671 2685 2668
f 2686 2684 2643
f 2643 2684 2683
f 2670 2640 2671
f 2671 2640 2682
f 2687 2686 2642
f 2642 2686 2643
f 2642 2641 2687
f 2687 2641 2644
f 2687 2644 2688
f 2688 2644 2678
f 2688 2689 2687
f 2687 2689 2686
f 2690 2691 2688
f 2688 2691 2689
f 2689 2685 2686
f 2686 2685 2684
f 2685 2689 2692
f 2692 2689 2691
f 2679 2690 2678
f 2678 2690 2688
f 2690 2679 2693
f 2693 2679 2694
f 2696 2697 2695
f 2695 2697 2693
f 2691 2690 2697
f 2697 2690 2693
f 2693 2694 2695
f 2695 2694 2673
f 2674 2673 2681
f 2681 2673 2694
f 2679 2677 2694
f 2694 2677 2681
f 2685 2692 2668
f 2668 2692 2669
f 2696 2672 2692
f 2692 2672 2669
f 2696 2692 2697
f 2697 2692 2691
f 2695 2667 2696
f 2696 2667 2672
f 2673 2664 2695
f 2695 2664 2667
f 2675 2654 2659
f 2659 2654 2647
f 2655 2654 2680
f 2680 2654 2675
f 2291 2156 2593
f 2593 2156 2594
f 2597 2602 2598
f 2598 2602 2605
f 2616 2617 2607
f 2607 2617 2608
f 2615 2610 2617
f 2617 2610 2608
f 2597 2596 2612
f 2612 2596 2698
f 2598 2605 2607
f 2607 2605 2616
f 2194 2291 2629
f 2629 2291 2593
f 2629 2618 2613
f 2613 2618 2614
f 2190 2610 2156
f 2156 2610 2594
f 2700 2010 2699
f 2699 2010 2086
f 2267 2701 2116
f 2116 2701 2702
f 2116 2702 2117
f 2117 2702 2703
f 2704 2705 2250
f 2250 2705 2254
f 2011 2706 2267
f 2267 2706 2701
f 2699 2086 2707
f 2707 2086 2289
f 2010 2700 2011
f 2011 2700 2706
f 2708 2707 2251
f 2251 2707 2289
f 2703 2704 2117
f 2117 2704 2250
f 2705 2708 2254
f 2254 2708 2251
f 2709 2710 2708
f 2708 2710 2707
f 2711 2709 2705
f 2705 2709 2708
f 2712 2711 2704
f 2704 2711 2705
f 2713 2712 2703
f 2703 2712 2704
f 2707 2710 2699
f 2699 2710 2714
f 2699 2714 2700
f 2700 2714 2715
f 2716 2706 2715
f 2715 2706 2700
f 2714 2710 2717
f 2717 2710 2718
f 2720 2721 2719
f 2719 2721 2722
f 2721 2723 2722
f 2722 2723 2724
f 2721 2725 2723
f 2723 2725 2726
f 2727 2728 2725
f 2725 2728 2726
f 2729 2725 2720
f 2720 2725 2721
f 2731 2729 2730
f 2730 2729 2720
f 2719 2732 2720
f 2720 2732 2730
f 2726 2733 2723
f 2723 2733 2724
f 2709 2711 2733
f 2733 2711 2724
f 2724 2711 2734
f 2734 2711 2712
f 2722 2724 2735
f 2735 2724 2734
f 2719 2722 2736
f 2736 2722 2735
f 2726 2728 2733
f 2733 2728 2718
f 2709 2733 2710
f 2710 2733 2718
f 2732 2719 2737
f 2737 2719 2736
f 2738 2739 2735
f 2735 2739 2736
f 2739 2740 2736
f 2736 2740 2737
f 2741 2742 2738
f 2738 2742 2739
f 2738 2743 2741
f 2741 2743 2744
f 2740 2739 2745
f 2745 2739 2742
f 2735 2734 2738
f 2738 2734 2743
f 2713 2743 2712
f 2712 2743 2734
f 2737 2746 2732
f 2732 2746 2747
f 2732 2747 2730
f 2730 2747 2731
f 2718 2728 2748
f 2748 2728 2727
f 2749 2750 2727
f 2727 2750 2748
f 2748 2751 2718
f 2718 2751 2717
f 2750 2752 2748
f 2748 2752 2751
f 2750 2749 2754
f 2754 2749 2753
f 2731 2747 2753
f 2753 2747 2754
f 2727 2725 2749
f 2749 2725 2729
f 2749 2729 2753
f 2753 2729 2731
f 2702 2755 2703
f 2703 2755 2713
f 2706 2716 2701
f 2701 2716 2756
f 2755 2702 2756
f 2756 2702 2701
f 2756 2757 2755
f 2755 2757 2744
f 2757 2758 2744
f 2744 2758 2741
f 2759 2757 2716
f 2716 2757 2756
f 2743 2713 2744
f 2744 2713 2755
f 2760 2759 2715
f 2715 2759 2716
f 2715 2714 2760
f 2760 2714 2717
f 2760 2717 2761
f 2761 2717 2751
f 2761 2762 2760
f 2760 2762 2759
f 2763 2764 2761
f 2761 2764 2762
f 2762 2758 2759
f 2759 2758 2757
f 2758 2762 2765
f 2765 2762 2764
f 2752 2763 2751
f 2751 2763 2761
f 2763 2752 2766
f 2766 2752 2767
f 2768 2769 2766
f 2766 2769 2770
f 2764 2763 2770
f 2770 2763 2766
f 2766 2767 2768
f 2768 2767 2746
f 2747 2746 2754
f 2754 2746 2767
f 2752 2750 2767
f 2767 2750 2754
f 2758 2765 2741
f 2741 2765 2742
f 2769 2745 2765
f 2765 2745 2742
f 2769 2765 2770
f 2770 2765 2764
f 2768 2740 2769
f 2769 2740 2745
f 2746 2737 2768
f 2768 2737 2740
f 2201 2212 2200
f 2200 2212 2214
f 2201 2202 2212
f 2212 2202 2185
f 2512 2581 2191
f 2191 2581 2192
f 2059 2290 2056
f 2056 2290 2272
f 2174 2199 2294
f 2294 2199 2278
f 2063 2175 2194
f 2194 2175 2291
f 2192 2581 2133
f 2133 2581 2490
f 2133 2132 2192
f 2192 2132 2189
f 2054 2276 2055
f 2055 2276 2138
f 2083 2279 2084
f 2084 2279 2771
f 2771 2279 2599
f 2599 2279 2596
f 2606 2772 2599
f 2599 2772 2771
f 2772 2773 2771
f 2771 2773 2084
f 2773 2774 2084
f 2084 2774 2085
f 2085 2775 2082
f 2082 2775 2144
f 2774 2078 2085
f 2085 2078 2775
f 2078 2774 2079
f 2079 2774 2776
f 2774 2773 2776
f 2776 2773 2777
f 2773 2772 2777
f 2777 2772 2778
f 2190 2189 2609
f 2609 2189 2778
f 2053 2052 2779
f 2779 2052 2181
f 2144 2775 2081
f 2081 2775 2078
f 2294 2153 2174
f 2174 2153 2175
f 2132 2276 2189
f 2189 2276 2778
f 2606 2609 2772
f 2772 2609 2778
f 2195 2613 2698
f 2698 2613 2612
f 2596 2279 2698
f 2698 2279 2195
f 2054 2777 2276
f 2276 2777 2778
f 2777 2054 2776
f 2776 2054 2053
f 2053 2779 2776
f 2776 2779 2079
f 2779 2181 2079
f 2079 2181 2080
f 2181 2239 2080
f 2080 2239 2240
f 2122 2256 2014
f 2042 1982 2076
f 2076 1982 2007
f 1982 1985 2007
f 2007 1985 2008
f 2095 2097 2265
f 2265 2097 2266
f 2076 2050 2042
f 2042 2050 2047
f 2046 2043 2047
f 2047 2043 2042
f 2118 1993 2046
f 2046 1993 2043
f 1995 1994 2118
f 2118 1994 1993
f 2267 1992 2011
f 2011 1992 2012
f 1997 2012 1994
f 1994 2012 1992
f 2226 2013 1997
f 1997 2013 2012
f 2225 2087 2226
f 2226 2087 2013
f 2225 2232 2087
f 2087 2232 2288
f 2232 2070 2288
f 2288 2070 2252
f 2070 2025 2252
f 2252 2025 2253
f 1988 2249 2025
f 2025 2249 2253
f 2116 2115 2267
f 2267 2115 2268
f 2096 1984 2237
f 2237 1984 1991
f 2095 1985 2096
f 2096 1985 1984
f 2265 2008 2095
f 2095 2008 1985
f 2092 2009 2265
f 2265 2009 2008
f 2091 2286 2092
f 2092 2286 2009
f 2255 2238 2091
f 2091 2238 2286
f 2256 2239 2255
f 2255 2239 2238
f 2122 2240 2256
f 2256 2240 2239
f 2121 2241 2122
f 2122 2241 2240
f 2022 2018 2097
f 2097 2018 2266
f 2022 2024 2018
f 2018 2024 2019
f 2024 2072 2019
f 2019 2072 2073
f 2072 2228 2073
f 2073 2228 2230
f 2228 2184 2230
f 2230 2184 2183
f 2121 2285 2241
f 2241 2285 2258
f 2285 2036 2258
f 2258 2036 2257
f 2177 2145 2193
f 2193 2145 2257
f 2173 2193 2196
f 2196 2193 2037
f 2036 2037 2257
f 2257 2037 2193
f 2196 2037 2066
f 2066 2037 2035
f 2061 2108 2034
f 2034 2108 2067
f 2108 2208 2067
f 2067 2208 2204
f 2208 2210 2204
f 2204 2210 2203
f 2210 2280 2203
f 2203 2280 2186
f 2183 2186 2235
f 2235 2186 2280
f 1987 2114 1988
f 1988 2114 2249
f 2237 2115 1987
f 1987 2115 2114
f 1991 2268 2237
f 2237 2268 2115
f 1991 1990 2268
f 2268 1990 1992
f 107 110 2781
f 2781 110 2780
f 117 2782 118
f 118 2782 2783
f 119 2784 120
f 120 2784 2785
f 125 2786 126
f 126 2786 2787
f 127 2788 128
f 128 2788 2789
f 127 132 2788
f 2788 132 2790
f 231 230 2792
f 2792 230 2791
f 118 2783 119
f 119 2783 2784
f 241 243 2794
f 2794 243 2793
f 2781 2795 107
f 107 2795 352
f 120 2785 437
f 437 2785 2796
f 126 2787 110
f 110 2787 2780
f 455 2797 456
f 456 2797 2798
f 128 2789 457
f 457 2789 2799
f 456 2798 117
f 117 2798 2782
f 2794 2797 241
f 241 2797 455
f 457 2799 125
f 125 2799 2786
f 132 231 2790
f 2790 231 2792
f 230 437 2791
f 2791 437 2796
f 2792 2789 2790
f 2790 2789 2788
f 2785 2784 2801
f 2801 2784 2800
f 2786 2802 2787
f 2787 2802 2803
f 2792 2791 2805
f 2805 2791 2804
f 2784 2783 2800
f 2800 2783 2806
f 2785 2801 2796
f 2796 2801 2807
f 2787 2803 2780
f 2780 2803 2808
f 2789 2809 2799
f 2799 2809 2810
f 2799 2810 2786
f 2786 2810 2802
f 2791 2796 2804
f 2804 2796 2807
f 2789 2792 2809
f 2809 2792 2805
f 2812 2797 2811
f 2811 2797 2794
f 2809 2805 2810
f 2810 2805 2804
f 2810 2804 2802
f 2802 2804 2807
f 2802 2807 2803
f 2803 2807 2801
f 2808 2803 2800
f 2800 2803 2801
f 2814 699 2813
f 2813 699 698
f 2808 2815 2780
f 2780 2815 2781
f 2817 2782 2816
f 2816 2782 2798
f 2815 2818 2781
f 2781 2818 2795
f 2797 2812 2798
f 2798 2812 2816
f 2783 2782 2806
f 2806 2782 2817
f 2800 2806 2808
f 2808 2806 2815
f 2794 2793 2811
f 2811 2793 2819
f 174 201 384
f 384 201 362
f 200 1766 390
f 390 1766 1777
f 1777 1778 390
f 390 1778 398
f 1778 361 398
f 398 361 222
f 2820 2821 628
f 628 2821 629
f 1406 2820 790
f 790 2820 628
f 794 1415 1233
f 1233 1415 1234
f 1406 790 1407
f 1407 790 1312
f 1407 1312 2822
f 2822 1312 1316
f 2823 1380 1543
f 1543 1380 1379
f 1385 1738 1382
f 1382 1738 1383
f 1381 791 1382
f 1382 791 1386
f 791 794 1386
f 1386 794 1233
f 1259 1390 1260
f 1260 1390 1389
f 1905 1542 1394
f 1394 1542 1395
f 1410 1413 1397
f 1397 1413 1398
f 2821 1410 629
f 629 1410 1397
f 2823 2822 1380
f 1380 2822 1316
f 1392 1395 1378
f 1378 1395 1379
f 1738 1399 1383
f 1383 1399 1398
f 1388 1235 1389
f 1389 1235 1234
f 1393 1391 1394
f 1394 1391 1390
f 1381 1384 779
f 779 1384 780
f 1282 788 792
f 792 788 793
f 1431 1262 1432
f 1432 1262 1261
f 1400 1342 1408
f 1408 1342 1409
f 1508 1544 1411
f 1411 1544 1412
f 788 787 793
f 793 787 1414
f 2821 2820 1429
f 1429 2820 1430
f 2822 2823 1506
f 1506 2823 1507
f 778 1282 779
f 779 1282 792
f 2820 1406 1430
f 1430 1406 1409
f 1410 2821 1411
f 1411 2821 1429
f 1407 2822 1408
f 1408 2822 1506
f 1544 781 1412
f 1412 781 780
f 1260 1415 1261
f 1261 1415 1414
f 1334 2824 923
f 923 2824 924
f 2826 1268 2825
f 2825 1268 1267
f 769 1212 2827
f 2827 1212 2828
f 1492 1190 1266
f 1266 1190 1267
f 1488 2829 1489
f 1489 2829 2830
f 922 1329 923
f 923 1329 1328
f 1484 2831 1485
f 1485 2831 2832
f 1482 2833 1485
f 1485 2833 1486
f 1324 1493 1489
f 1489 1493 1490
f 1265 1491 1266
f 1266 1491 1490
f 2835 2836 2834
f 2834 2836 2837
f 1250 2838 2827
f 2827 2838 2839
f 1488 1491 2840
f 2840 1491 2841
f 1268 2826 2842
f 2842 2826 2843
f 2844 2845 1495
f 1495 2845 1496
f 1427 2847 2846
f 2846 2847 926
f 2829 1488 2848
f 2848 1488 2840
f 1329 922 2849
f 2849 922 927
f 2850 2851 768
f 768 2851 1213
f 1265 1268 2852
f 2852 1268 2842
f 1491 1265 2841
f 2841 1265 2852
f 2854 2855 2853
f 2853 2855 2856
f 2855 2857 2856
f 2856 2857 598
f 2857 2858 598
f 598 2858 595
f 2858 2859 595
f 595 2859 626
f 649 652 2860
f 2860 652 2861
f 639 642 2862
f 2862 642 2863
f 2864 705 2862
f 2862 705 639
f 2865 1418 2864
f 2864 1418 705
f 2866 2867 2865
f 2865 2867 1418
f 1760 1348 1761
f 1761 1348 2867
f 1764 2868 1197
f 1197 2868 1198
f 2869 611 2868
f 2868 611 1198
f 2870 612 2869
f 2869 612 611
f 1352 1350 944
f 944 1350 688
f 1350 1256 688
f 688 1256 685
f 1256 1255 685
f 685 1255 692
f 1255 2871 692
f 692 2871 2872
f 701 2873 698
f 698 2873 2813
f 2872 1349 692
f 692 1349 693
f 1696 1744 1574
f 1574 1744 1575
f 1753 1618 1577
f 1577 1618 1578
f 1729 1594 1608
f 1608 1594 1609
f 1725 1630 1611
f 1611 1630 1612
f 1604 1607 1625
f 1625 1607 1626
f 1624 1703 1625
f 1625 1703 1912
f 1703 1702 1912
f 1912 1702 1913
f 1702 1753 1913
f 1913 1753 1577
f 1598 1569 1915
f 1915 1569 1578
f 1616 1615 1915
f 1915 1615 1916
f 1615 1696 1916
f 1916 1696 1574
f 1744 1745 1575
f 1575 1745 1917
f 1745 1565 1917
f 1917 1565 1609
f 1568 1725 1608
f 1608 1725 1611
f 2874 1613 1918
f 1918 1613 1612
f 1607 2874 1626
f 1626 2874 1918
f 1610 1613 1562
f 1562 1613 1563
f 1547 1550 1570
f 1570 1550 1571
f 1573 1576 1580
f 1580 1576 1581
f 1553 1556 1595
f 1595 1556 1596
f 1556 1582 1596
f 1596 1582 1581
f 1551 1547 1599
f 1599 1547 1570
f 1731 1914 1601
f 1601 1914 1602
f 1686 1689 1605
f 1605 1689 1606
f 1598 1743 1599
f 1599 1743 1692
f 2874 1607 1723
f 1723 1607 1606
f 1727 1553 1730
f 1730 1553 1595
f 1600 1686 1601
f 1601 1686 1605
f 1914 1572 1602
f 1602 1572 1571
f 1579 1693 1580
f 1580 1693 1692
f 1613 2874 1563
f 1563 2874 1723
f 1561 1727 1562
f 1562 1727 1730
f 1949 1742 1548
f 1548 1742 1549
f 1694 1949 1552
f 1552 1949 1548
f 1954 1589 1554
f 1554 1589 1555
f 1693 1579 1558
f 1558 1579 1559
f 1561 1564 1584
f 1584 1564 1585
f 1582 1556 1588
f 1588 1556 1555
f 1600 1603 1591
f 1591 1603 1592
f 1981 1977 1687
f 1687 1977 1688
f 1564 1722 1585
f 1585 1722 1690
f 1551 1693 1552
f 1552 1693 1558
f 1751 1954 1728
f 1728 1954 1554
f 1590 1981 1591
f 1591 1981 1687
f 1603 1550 1592
f 1592 1550 1549
f 1977 1691 1688
f 1688 1691 1690
f 1587 1560 1588
f 1588 1560 1559
f 1727 1561 1728
f 1728 1561 1584
f 2875 1919 1947
f 1947 1919 1948
f 1557 1560 1952
f 1952 1560 1953
f 1933 1932 1955
f 1955 1932 1956
f 1587 1589 1958
f 1958 1589 1956
f 1959 1933 1965
f 1965 1933 1955
f 1961 1964 1966
f 1966 1964 1967
f 1981 1590 1969
f 1969 1590 1967
f 1742 1949 1972
f 1972 1949 1948
f 1593 1742 1966
f 1966 1742 1972
f 1957 1950 1958
f 1958 1950 1953
f 1583 1586 1974
f 1974 1586 1975
f 1940 1943 1978
f 1978 1943 1979
f 1943 1976 1979
f 1979 1976 1975
f 1951 2875 1952
f 1952 2875 1947
f 1968 1940 1969
f 1969 1940 1978
f 1973 1959 1974
f 1974 1959 1965
f 1923 1971 1920
f 1920 1971 1921
f 1919 2875 1920
f 1920 2875 1924
f 2875 1951 1924
f 1924 1951 1926
f 1950 1957 1929
f 1929 1957 1930
f 2244 2243 1934
f 1934 2243 1935
f 1973 1976 1937
f 1937 1976 1938
f 1944 1980 1941
f 1941 1980 1942
f 1940 1968 1941
f 1941 1968 1945
f 2287 2244 1960
f 1960 2244 1934
f 1970 2245 1962
f 1962 2245 1963
f 2243 1931 1935
f 1935 1931 1930
f 1927 1926 1928
f 1928 1926 1929
f 1961 1922 1962
f 1962 1922 1921
f 2245 1946 1963
f 1963 1946 1945
f 1976 1943 1938
f 1938 1943 1942
f 1936 2287 1937
f 1937 2287 1960
f 743 1238 608
f 608 1238 609
f 607 1811 608
f 608 1811 744
f 1304 2876 1305
f 1305 2876 2877
f 586 585 1298
f 1298 585 1299
f 585 702 1299
f 1299 702 1300
f 702 1428 1300
f 1300 1428 1301
f 1238 586 609
f 609 586 1298
f 2878 2879 1218
f 1218 2879 2877
f 2880 2881 1812
f 1812 2881 1819
f 2883 1821 2882
f 2882 1821 1820
f 2840 2841 620
f 620 2841 621
f 2842 2843 795
f 795 2843 796
f 892 895 2844
f 2844 895 2845
f 2848 2840 942
f 942 2840 620
f 2849 927 1202
f 1202 927 1203
f 2852 2842 1270
f 1270 2842 795
f 2841 2852 621
f 621 2852 1270
f 941 1759 942
f 942 1759 2884
f 659 929 1427
f 1427 929 2847
f 1237 2851 751
f 751 2851 2850
f 1216 2885 1217
f 1217 2885 1754
f 2887 734 2886
f 2886 734 733
f 2889 1816 2888
f 2888 1816 1815
f 2890 1245 2889
f 2889 1245 1816
f 1824 2891 1825
f 1825 2891 1246
f 2892 2893 2895
f 2895 2893 2894
f 1854 1833 1851
f 1851 1833 1832
f 1851 1832 1884
f 1884 1832 1876
f 1884 1876 1441
f 1441 1876 1443
f 1441 1443 1442
f 1442 1443 1446
f 1442 1446 2896
f 2896 1446 1507
f 2897 2823 2898
f 2898 2823 1543
f 1542 2899 1543
f 1543 2899 2898
f 1542 1905 2899
f 2899 1905 2900
f 1905 1259 2900
f 2900 1259 2901
f 1262 1431 2902
f 2902 1431 1904
f 1431 1434 1904
f 1904 1434 1902
f 1902 1434 2903
f 2903 1434 719
f 2903 719 2904
f 2904 719 718
f 1869 1881 718
f 718 1881 2904
f 1881 1869 1880
f 1880 1869 756
f 1880 756 2905
f 2905 756 755
f 2905 755 2906
f 2906 755 758
f 762 2907 763
f 763 2907 2908
f 724 723 2909
f 2909 723 894
f 796 895 723
f 723 895 894
f 2843 2845 796
f 796 2845 895
f 2826 1496 2843
f 2843 1496 2845
f 2825 1497 2826
f 2826 1497 1496
f 1189 2836 2825
f 2825 2836 1497
f 797 891 798
f 798 891 2837
f 802 888 797
f 797 888 891
f 2910 2911 2913
f 2913 2911 2912
f 1780 1783 2915
f 2915 1783 2914
f 2916 2917 831
f 831 2917 832
f 2918 2919 845
f 845 2919 846
f 2920 2916 847
f 847 2916 831
f 2921 2922 857
f 857 2922 858
f 2923 2924 860
f 860 2924 861
f 2919 2912 846
f 846 2912 887
f 2925 2920 940
f 940 2920 847
f 2924 2926 861
f 861 2926 1204
f 2917 2918 832
f 832 2918 845
f 2927 2928 1449
f 1449 2928 1450
f 2929 2930 889
f 889 2930 2931
f 2896 1507 2897
f 2897 1507 2823
f 2902 2901 1262
f 1262 2901 1259
f 2932 2933 750
f 750 2933 1236
f 2933 2934 1236
f 1236 2934 1835
f 2936 2937 2935
f 2935 2937 2938
f 2940 2941 2939
f 2939 2941 2942
f 2943 2944 1841
f 1841 2944 1842
f 2945 1860 2944
f 2944 1860 1842
f 2945 2946 1860
f 1860 2946 1859
f 1889 2947 1890
f 1890 2947 1856
f 1856 2947 1857
f 1857 2947 2948
f 2950 709 2949
f 2949 709 1829
f 2952 730 2951
f 2951 730 729
f 2866 2953 2867
f 2867 2953 1761
f 2953 2954 1761
f 1761 2954 1420
f 2954 2955 1420
f 1420 2955 742
f 2955 2956 742
f 742 2956 739
f 2956 2957 739
f 739 2957 760
f 2957 2958 760
f 760 2958 761
f 2958 2959 761
f 761 2959 2960
f 2959 2961 2960
f 2960 2961 2962
f 2963 2964 1839
f 1839 2964 1840
f 2964 2965 1840
f 1840 2965 2942
f 2966 2950 2939
f 2939 2950 2949
f 2935 2967 2936
f 2936 2967 2968
f 2969 2970 736
f 736 2970 735
f 734 2887 1815
f 1815 2887 2888
f 2887 2882 2888
f 2888 2882 2881
f 1819 1820 1817
f 1817 1820 748
f 1195 1757 1197
f 1197 1757 1424
f 1757 647 1424
f 1424 647 646
f 647 648 646
f 646 648 643
f 648 1271 643
f 643 1271 737
f 1271 725 737
f 737 725 765
f 725 724 765
f 765 724 762
f 762 724 2907
f 2907 724 2909
f 1254 1437 2909
f 2909 1437 2907
f 1438 1253 1836
f 1836 1253 1835
f 1836 1835 2938
f 2938 1835 2934
f 2971 2972 2935
f 2935 2972 2967
f 897 896 2969
f 2969 896 2970
f 1815 1814 734
f 734 1814 731
f 728 1215 896
f 896 1215 732
f 2885 1216 733
f 733 1216 2886
f 1216 1219 2886
f 2886 1219 2883
f 2876 1304 1821
f 1821 1304 749
f 1304 1303 749
f 749 1303 746
f 1818 2973 1817
f 1817 2973 1810
f 747 2974 1818
f 1818 2974 2973
f 747 746 2974
f 2974 746 1303
f 2976 2977 2975
f 2975 2977 2978
f 2976 2979 2901
f 2901 2979 2900
f 2980 2981 2982
f 2982 2981 2979
f 2981 2980 2983
f 2983 2980 2984
f 2985 2897 2983
f 2983 2897 2898
f 2987 2988 2986
f 2986 2988 2985
f 2896 2988 1442
f 1442 2988 1439
f 1903 2977 1904
f 1904 2977 2902
f 1856 1855 1890
f 1890 1855 2989
f 2989 2990 1890
f 1890 2990 1359
f 2990 2991 1359
f 1359 2991 1356
f 2946 2992 1859
f 1859 2992 1893
f 2992 2993 1893
f 1893 2993 775
f 2993 2994 775
f 775 2994 776
f 2986 1356 2987
f 2987 1356 2991
f 2975 2978 776
f 776 2978 777
f 2982 2994 2980
f 2980 2994 2995
f 1357 2984 2995
f 2995 2984 2980
f 2995 2996 1357
f 1357 2996 1358
f 2996 2997 1358
f 1358 2997 1889
f 2998 2999 2932
f 2932 2999 2933
f 2999 2971 2933
f 2933 2971 2934
f 1837 1836 2937
f 2937 1836 2938
f 2943 1841 2941
f 2941 1841 1838
f 3001 2944 3000
f 3000 2944 2943
f 3001 3002 2944
f 2944 3002 2945
f 3002 3003 2945
f 2945 3003 2946
f 2997 3003 1889
f 1889 3003 2947
f 2947 3003 2948
f 2948 3003 3002
f 3001 3004 3002
f 3002 3004 2948
f 3000 3005 3001
f 3001 3005 3004
f 2940 3006 3000
f 3000 3006 3005
f 2999 3007 2971
f 2971 3007 2972
f 2998 2951 2999
f 2999 2951 3007
f 3008 2952 2998
f 2998 2952 2951
f 2966 2965 2936
f 2936 2965 2937
f 2935 2938 2971
f 2971 2938 2934
f 3003 2997 2946
f 2946 2997 2992
f 2997 2996 2992
f 2992 2996 2993
f 2996 2995 2993
f 2993 2995 2994
f 1356 2986 1357
f 1357 2986 2984
f 2982 2975 2994
f 2994 2975 776
f 1844 1843 1899
f 1899 1843 3009
f 1843 638 3009
f 3009 638 3010
f 638 637 3010
f 3010 637 3011
f 637 1830 3011
f 3011 1830 3012
f 1830 1833 3012
f 3012 1833 2894
f 1833 1854 2894
f 2894 1854 2895
f 1854 1853 2895
f 2895 1853 1888
f 1858 1857 1885
f 1885 1857 1892
f 1899 3009 1898
f 1898 3009 1874
f 3009 3010 1874
f 1874 3010 1865
f 3010 3011 1865
f 1865 3011 1862
f 3011 3012 1862
f 1862 3012 1882
f 3012 2894 1882
f 1882 2894 2893
f 1850 2890 782
f 782 2890 2889
f 783 2880 1811
f 1811 2880 1812
f 744 1810 745
f 745 1810 2973
f 745 2973 805
f 805 2973 806
f 2973 2974 806
f 806 2974 815
f 1303 812 2974
f 2974 812 815
f 1303 1302 812
f 812 1302 1221
f 1307 3013 1302
f 1302 3013 1221
f 1734 3014 1633
f 1633 3014 1634
f 1646 1649 1636
f 1636 1649 1637
f 1654 1657 1641
f 1641 1657 1642
f 1639 1736 1636
f 1636 1736 1684
f 1716 1713 1698
f 1698 1713 1699
f 1718 1721 1705
f 1705 1721 1706
f 1653 1654 1709
f 1709 1654 1641
f 1620 1623 1714
f 1714 1623 1699
f 1712 1682 1714
f 1714 1682 1740
f 1668 1671 1746
f 1746 1671 1747
f 1752 1650 1749
f 1749 1650 1750
f 1750 1650 1709
f 1709 1650 1653
f 1632 1668 1633
f 1633 1668 1746
f 1649 1752 1637
f 1637 1752 1749
f 1682 1643 1740
f 1740 1643 1642
f 3014 1685 1634
f 1634 1685 1684
f 1704 1748 1705
f 1705 1748 1747
f 1697 1707 1698
f 1698 1707 1706
f 1739 1701 1621
f 1621 1701 1622
f 1567 1566 1647
f 1647 1566 1648
f 1664 1695 1651
f 1651 1695 1652
f 1614 1617 1655
f 1655 1617 1656
f 1704 1707 1659
f 1659 1707 1660
f 3014 1734 1662
f 1662 1734 1663
f 1650 1752 1651
f 1651 1752 1665
f 1741 1657 1667
f 1667 1657 1656
f 1695 1614 1652
f 1652 1614 1655
f 1724 1567 1726
f 1726 1567 1647
f 1645 1628 1733
f 1733 1628 1663
f 1685 3014 1726
f 1726 3014 1662
f 1620 1741 1621
f 1621 1741 1667
f 1566 1666 1648
f 1648 1666 1665
f 1658 1737 1659
f 1659 1737 1901
f 1911 1661 1910
f 1910 1661 1660
f 1701 1911 1622
f 1622 1911 1910
f 1732 1748 1733
f 1733 1748 1901
f 1857 2948 1892
f 1892 2948 3004
f 1892 3004 1891
f 1891 3004 3005
f 1828 3006 1829
f 1829 3006 2949
f 2967 736 2968
f 2968 736 710
f 2972 2969 2967
f 2967 2969 736
f 2969 2972 897
f 897 2972 3007
f 897 3007 729
f 729 3007 2951
f 3016 753 3015
f 3015 753 752
f 3018 767 3017
f 3017 767 766
f 3019 3020 1249
f 1249 3020 3021
f 2915 2914 3019
f 3019 2914 3020
f 3023 2914 3022
f 3022 2914 1783
f 2827 2839 769
f 769 2839 766
f 3025 2838 3024
f 3024 2838 3021
f 768 767 2850
f 2850 767 3026
f 2850 3026 751
f 751 3026 752
f 750 753 2932
f 2932 753 3027
f 3008 2998 3027
f 3027 2998 2932
f 3028 3029 3008
f 3008 3029 2952
f 3029 3030 2952
f 2952 3030 730
f 3032 3033 3031
f 3031 3033 3034
f 3036 3037 3035
f 3035 3037 3038
f 2870 3039 612
f 612 3039 3040
f 3041 3042 3031
f 3031 3042 3038
f 3034 1352 3043
f 3043 1352 944
f 612 3040 613
f 613 3040 3044
f 613 3044 1425
f 1425 3044 1422
f 3045 3042 669
f 669 3042 670
f 3041 3043 599
f 599 3043 600
f 772 771 1544
f 1544 771 781
f 1503 771 1866
f 1866 771 770
f 771 1503 781
f 781 1503 778
f 61 281 416
f 416 281 1907
f 283 103 3046
f 3046 103 3047
f 76 79 3048
f 3048 79 3049
f 280 76 1906
f 1906 76 3048
f 3051 335 3050
f 3050 335 334
f 3053 417 3052
f 3052 417 416
f 3055 435 3054
f 3054 435 434
f 428 435 419
f 419 435 1908
f 420 1909 293
f 293 1909 443
f 79 294 3049
f 3049 294 444
f 3057 444 3056
f 3056 444 443
f 3051 3058 335
f 335 3058 452
f 216 215 1332
f 1332 215 452
f 308 283 462
f 462 283 3046
f 3050 334 3059
f 3059 334 462
f 103 62 3047
f 3047 62 417
f 313 312 434
f 434 312 463
f 3061 574 3060
f 3060 574 573
f 1310 3062 1428
f 1428 3062 3063
f 1258 3064 1255
f 1255 3064 2871
f 932 3065 2853
f 2853 3065 3066
f 699 2814 931
f 931 2814 3067
f 3068 1301 3063
f 3063 1301 1428
f 571 574 1310
f 1310 574 3062
f 3060 573 3069
f 3069 573 1332
f 3070 3071 1906
f 1906 3071 1907
f 3072 3073 1908
f 1908 3073 1909
f 3075 2814 3074
f 3074 2814 2813
f 2854 3076 1258
f 1258 3076 3064
f 2871 3077 2872
f 2872 3077 3078
f 3074 2813 3079
f 3079 2813 2873
f 2872 3078 1349
f 1349 3078 3080
f 2873 701 3068
f 3068 701 1301
f 1330 1201 3080
f 3080 1201 1349
f 1264 1263 3081
f 3081 1263 3082
f 3083 3084 3082
f 3082 3084 3081
f 811 1448 3086
f 3086 1448 3085
f 808 811 3087
f 3087 811 3086
f 3088 3083 833
f 833 3083 3082
f 884 3089 885
f 885 3089 3090
f 3087 1790 808
f 808 1790 816
f 1790 3087 1787
f 1787 3087 3091
f 3092 3091 3086
f 3086 3091 3087
f 3093 3094 3084
f 3084 3094 3095
f 3089 3096 3090
f 3090 3096 3088
f 3097 3093 3083
f 3083 3093 3084
f 3099 3100 3098
f 3098 3100 1786
f 3101 1788 2913
f 2913 1788 3102
f 838 837 885
f 885 837 886
f 886 837 3103
f 3103 837 1541
f 3094 3093 3104
f 3104 3093 3097
f 3105 3106 3089
f 3089 3106 3096
f 3108 3109 3107
f 3107 3109 3110
f 3111 3112 3091
f 3091 3112 1787
f 3114 3108 3113
f 3113 3108 3107
f 3114 3115 3112
f 3112 3115 3102
f 3091 3092 3111
f 3111 3092 3116
f 839 838 835
f 835 838 836
f 885 3090 838
f 838 3090 836
f 3110 3117 1247
f 1247 3117 3118
f 1247 3118 1248
f 1248 3118 3119
f 3120 3121 3119
f 3119 3121 1248
f 1247 844 3110
f 3110 844 3107
f 844 843 3107
f 3107 843 3113
f 843 3099 3113
f 3113 3099 3122
f 1781 3123 3098
f 3098 3123 3124
f 2915 2931 1780
f 1780 2931 2930
f 3019 3125 2915
f 2915 3125 2931
f 890 3125 2834
f 2834 3125 1252
f 3125 3019 1252
f 1252 3019 1249
f 907 908 946
f 946 908 947
f 1185 1188 1369
f 1369 1188 948
f 954 957 951
f 951 957 952
f 910 965 953
f 953 965 950
f 905 958 960
f 960 958 961
f 3126 978 949
f 949 978 962
f 936 935 967
f 967 935 968
f 994 993 969
f 969 993 966
f 902 904 971
f 971 904 972
f 983 985 973
f 973 985 970
f 906 905 974
f 974 905 960
f 977 981 959
f 959 981 975
f 911 910 1143
f 1143 910 953
f 952 957 1142
f 1142 957 1145
f 911 1143 1366
f 1366 1143 1368
f 1185 1369 1145
f 1145 1369 1142
f 993 1519 966
f 966 1519 1456
f 965 1454 950
f 950 1454 1457
f 900 899 1459
f 1459 899 1460
f 988 991 1461
f 1461 991 1458
f 899 963 1460
f 1460 963 1462
f 985 987 970
f 970 987 1463
f 904 906 972
f 972 906 974
f 981 983 975
f 975 983 973
f 935 900 968
f 968 900 1459
f 991 994 1458
f 1458 994 969
f 1154 1526 1088
f 1088 1526 1089
f 1109 1112 1092
f 1092 1112 1093
f 1083 1098 1084
f 1084 1098 1097
f 1078 1471 1100
f 1100 1471 1101
f 1075 1078 1104
f 1104 1078 1100
f 1152 1154 1156
f 1156 1154 1088
f 1156 1155 1372
f 1372 1155 1373
f 1372 1373 1104
f 1104 1373 1075
f 1467 1109 1465
f 1465 1109 1092
f 1465 1182 1468
f 1468 1182 1184
f 1474 1470 1096
f 1096 1470 1097
f 1102 1101 1083
f 1083 1101 1098
f 1112 1531 1093
f 1093 1531 1529
f 1102 1073 1099
f 1099 1073 1072
f 1526 1154 1079
f 1079 1154 1080
f 1081 1091 1082
f 1082 1091 1094
f 1069 1068 1085
f 1085 1068 1086
f 1153 1151 1080
f 1080 1151 1058
f 1371 1177 1179
f 1179 1177 1176
f 1099 1072 1103
f 1103 1072 1176
f 1068 1071 1086
f 1086 1071 1073
f 1085 1084 1180
f 1180 1084 1469
f 1066 1065 1183
f 1183 1065 1181
f 1153 1152 1177
f 1177 1152 1178
f 1091 1081 1182
f 1182 1081 1183
f 1057 1525 1079
f 1079 1525 1527
f 1120 1117 1076
f 1076 1117 1077
f 1087 1090 1107
f 1107 1090 1108
f 1127 1126 1110
f 1110 1126 1111
f 1095 1116 1096
f 1096 1116 1115
f 1471 1078 1119
f 1119 1078 1077
f 1087 1107 1155
f 1155 1107 1158
f 1376 1374 1157
f 1157 1374 1158
f 1076 1075 1374
f 1374 1075 1373
f 1109 1467 1110
f 1110 1467 1472
f 1467 1466 1472
f 1472 1466 1473
f 1135 1475 1114
f 1114 1475 1115
f 1471 1119 1095
f 1095 1119 1116
f 1126 1532 1111
f 1111 1532 1530
f 914 1276 1480
f 1480 1276 1517
f 3127 3128 1223
f 1223 3128 1224
f 824 933 1455
f 1455 933 3129
f 3131 1448 3130
f 3130 1448 1447
f 3132 3133 1452
f 1452 3133 1453
f 3130 1447 1322
f 1322 1447 1455
f 933 1514 3129
f 3129 1514 3134
f 1161 3135 1480
f 1480 3135 1481
f 3128 3136 1224
f 1224 3136 1499
f 3133 1162 1453
f 1453 1162 1517
f 1515 3127 1535
f 1535 3127 1223
f 3095 3085 3131
f 3131 3085 1448
f 3137 3092 3085
f 3085 3092 3086
f 3138 3116 3137
f 3137 3116 3092
f 3110 3109 3117
f 3117 3109 3139
f 3105 3140 3117
f 3117 3140 3118
f 3140 3141 3118
f 3118 3141 3119
f 3142 3120 3141
f 3141 3120 3119
f 1498 3143 1277
f 1277 3143 882
f 3144 3145 1340
f 1340 3145 1339
f 1340 3146 3144
f 3144 3146 3147
f 3145 3144 3143
f 3143 3144 3148
f 871 901 872
f 872 901 1362
f 3149 3148 3147
f 3147 3148 3144
f 1208 3150 1209
f 3098 1786 1781
f 1781 1786 1782
f 2930 2929 3123
f 3123 2929 2911
f 1794 1791 2916
f 2916 1791 2917
f 1793 3101 2918
f 2918 3101 2919
f 1796 1794 2920
f 2920 1794 2916
f 3151 3152 2921
f 2921 3152 2922
f 3153 3154 2923
f 2923 3154 2924
f 2919 3101 2912
f 2912 3101 2913
f 3155 1796 2925
f 2925 1796 2920
f 3154 3156 2924
f 2924 3156 2926
f 1791 1793 2917
f 2917 1793 2918
f 3157 3158 2927
f 2927 3158 2928
f 1780 2930 1781
f 1781 2930 3123
f 2825 1267 1189
f 1189 1267 1190
f 2827 2828 1250
f 1250 2828 1251
f 1489 2830 1324
f 1324 2830 1325
f 923 1328 1334
f 1334 1328 1335
f 1485 2832 1482
f 1482 2832 1483
f 1266 1490 1492
f 1492 1490 1493
f 1333 1346 1334
f 1334 1346 2824
f 722 799 1492
f 1492 799 1190
f 664 657 1482
f 1482 657 2833
f 631 634 1324
f 1324 634 1493
f 2828 1494 1251
f 1251 1494 2835
f 1249 3021 1250
f 1250 3021 2838
f 798 2837 1189
f 1189 2837 2836
f 3100 842 3160
f 3160 842 3159
f 1788 3101 1789
f 1789 3101 1793
f 1792 816 1789
f 1789 816 1790
f 817 816 1795
f 1795 816 1792
f 938 817 1797
f 1797 817 1795
f 1796 3155 1797
f 1797 3155 1798
f 3155 3158 1798
f 1798 3158 1799
f 3157 3152 1801
f 1801 3152 1802
f 3151 3156 1803
f 1803 3156 1804
f 3154 3153 1805
f 1805 3153 1806
f 3153 3161 1806
f 1806 3161 1807
f 3099 843 3100
f 3100 843 842
f 1788 1787 3102
f 3102 1787 3112
f 2910 3115 3124
f 3124 3115 3122
f 3099 3098 3122
f 3122 3098 3124
f 416 1907 3052
f 3052 1907 3071
f 3046 3047 3163
f 3163 3047 3162
f 249 445 259
f 259 445 3164
f 425 3165 424
f 424 3165 461
f 408 410 329
f 329 410 330
f 39 331 40
f 40 331 332
f 305 304 423
f 423 304 464
f 385 254 458
f 458 254 392
f 250 415 251
f 251 415 412
f 233 337 234
f 234 337 3166
f 435 3055 1908
f 1908 3055 3072
f 443 1909 3056
f 3056 1909 3073
f 3167 3049 3057
f 3057 3049 444
f 452 3058 1332
f 1332 3058 3069
f 234 3166 346
f 346 3166 411
f 3046 3163 462
f 462 3163 3059
f 259 3164 260
f 260 3164 336
f 3047 417 3162
f 3162 417 3053
f 463 3168 434
f 434 3168 3054
f 454 830 425
f 425 830 3165
f 3062 3169 3063
f 3063 3169 3170
f 1355 1354 1534
f 1534 1354 3171
f 3063 3170 3068
f 3068 3170 3172
f 574 3061 3062
f 3062 3061 3169
f 1534 3171 1535
f 1535 3171 3173
f 3079 2873 3172
f 3172 2873 3068
f 2838 3025 2839
f 2839 3025 3174
f 3176 3177 3175
f 3175 3177 3178
f 3180 1125 3179
f 3179 1125 1128
f 3182 3183 3181
f 3181 3183 3184
f 1134 3185 1130
f 1130 3185 3182
f 3186 3187 3189
f 3189 3187 3188
f 3191 3189 3190
f 3190 3189 3188
f 1137 1122 3190
f 3190 1122 3192
f 3175 3178 3193
f 3193 3178 3194
f 3181 3184 3179
f 3179 3184 3195
f 3197 3198 3196
f 3196 3198 3180
f 3200 3178 3199
f 3199 3178 3177
f 3202 3196 3201
f 3201 3196 3195
f 3204 3184 3203
f 3203 3184 3183
f 3206 3207 3205
f 3205 3207 3186
f 3205 3186 3208
f 3208 3186 3189
f 3209 3208 3191
f 3191 3208 3189
f 3210 3194 3200
f 3200 3194 3178
f 3201 3195 3204
f 3204 3195 3184
f 3197 3211 3177
f 3177 3211 3199
f 3213 3214 3212
f 3212 3214 3215
f 3217 3218 3216
f 3216 3218 3219
f 3221 3222 3220
f 3220 3222 3223
f 3225 3226 3224
f 3224 3226 3227
f 3229 3230 3228
f 3228 3230 3231
f 3233 3234 3232
f 3232 3234 3235
f 3237 3238 3236
f 3236 3238 3239
f 3238 3240 3239
f 3239 3240 3241
f 3232 3235 3242
f 3242 3235 3243
f 3245 3246 3244
f 3244 3246 3247
f 3248 3249 3245
f 3245 3249 3246
f 3251 3252 3250
f 3250 3252 3253
f 3255 3252 3254
f 3254 3252 3251
f 3256 3257 3259
f 3259 3257 3258
f 3261 3262 3260
f 3260 3262 3263
f 3265 3263 3264
f 3264 3263 3262
f 3256 3259 3266
f 3266 3259 3267
f 3269 3270 3268
f 3268 3270 3271
f 3269 3272 3270
f 3270 3272 3273
f 3274 3275 3277
f 3277 3275 3276
f 3278 3279 3276
f 3276 3279 3277
f 3281 3282 3280
f 3280 3282 3283
f 3280 3284 3281
f 3281 3284 3285
f 3287 3288 3286
f 3286 3288 3289
f 3290 3291 3288
f 3288 3291 3289
f 3234 3218 3235
f 3235 3218 3217
f 3232 3292 3233
f 3233 3292 3293
f 3239 3294 3236
f 3236 3294 3219
f 3233 3293 3237
f 3237 3293 3295
f 3296 3294 3241
f 3241 3294 3239
f 3240 3238 3297
f 3297 3238 3298
f 3217 3216 3235
f 3235 3216 3243
f 3297 3299 3240
f 3240 3299 3242
f 3246 3300 3247
f 3247 3300 3223
f 3301 3302 3254
f 3254 3302 3244
f 3249 3303 3246
f 3246 3303 3300
f 3245 3304 3248
f 3248 3304 3292
f 3252 3221 3253
f 3253 3221 3220
f 3250 3248 3299
f 3299 3248 3292
f 3222 3221 3255
f 3255 3221 3252
f 3297 3301 3251
f 3251 3301 3254
f 3258 3214 3259
f 3259 3214 3213
f 3257 3256 3304
f 3304 3256 3305
f 3263 3306 3260
f 3260 3306 3215
f 3261 3257 3302
f 3302 3257 3304
f 3307 3306 3265
f 3265 3306 3263
f 3262 3301 3264
f 3264 3301 3308
f 3259 3213 3267
f 3267 3213 3212
f 3308 3309 3264
f 3264 3309 3266
f 3270 3310 3271
f 3271 3310 3231
f 3311 3312 3278
f 3278 3312 3268
f 3270 3273 3310
f 3310 3273 3313
f 3272 3269 3305
f 3305 3269 3314
f 3277 3229 3274
f 3274 3229 3228
f 3275 3272 3309
f 3309 3272 3305
f 3279 3230 3277
f 3277 3230 3229
f 3276 3308 3278
f 3278 3308 3311
f 3281 3315 3282
f 3282 3315 3227
f 3290 3316 3283
f 3283 3316 3317
f 3281 3285 3315
f 3315 3285 3318
f 3284 3280 3314
f 3314 3280 3319
f 3289 3225 3286
f 3286 3225 3224
f 3287 3284 3312
f 3284 3314 3312
f 3291 3226 3289
f 3289 3226 3225
f 3288 3311 3290
f 3290 3311 3316
f 3212 3215 3307
f 3307 3215 3306
f 3294 3296 3219
f 3219 3296 3216
f 3303 3220 3300
f 3300 3220 3223
f 3224 3227 3318
f 3318 3227 3315
f 3228 3231 3313
f 3313 3231 3310
f 3234 3233 3236
f 3236 3233 3237
f 3243 3241 3242
f 3242 3241 3240
f 3247 3255 3244
f 3244 3255 3254
f 3253 3249 3250
f 3250 3249 3248
f 3260 3258 3261
f 3261 3258 3257
f 3266 3267 3264
f 3264 3267 3265
f 3268 3271 3278
f 3278 3271 3279
f 3274 3273 3275
f 3275 3273 3272
f 3283 3282 3290
f 3290 3282 3291
f 3286 3285 3287
f 3287 3285 3284
f 3218 3234 3219
f 3219 3234 3236
f 3295 3298 3237
f 3237 3298 3238
f 3216 3296 3243
f 3243 3296 3241
f 3242 3299 3232
f 3232 3299 3292
f 3223 3222 3247
f 3247 3222 3255
f 3244 3302 3245
f 3245 3302 3304
f 3303 3249 3220
f 3220 3249 3253
f 3297 3251 3299
f 3299 3251 3250
f 3215 3214 3260
f 3260 3214 3258
f 3301 3262 3302
f 3302 3262 3261
f 3212 3307 3267
f 3267 3307 3265
f 3266 3309 3256
f 3256 3309 3305
f 3271 3231 3279
f 3279 3231 3230
f 3268 3312 3269
f 3269 3312 3314
f 3228 3313 3274
f 3274 3313 3273
f 3308 3276 3309
f 3309 3276 3275
f 3282 3227 3291
f 3291 3227 3226
f 3317 3319 3283
f 3283 3319 3280
f 3224 3318 3286
f 3286 3318 3285
f 3312 3311 3287
f 3311 3288 3287
f 3320 3321 3194
f 3194 3321 3193
f 1375 3321 1121
f 1121 3321 3322
f 3323 3324 3322
f 3322 3324 3192
f 3175 1124 3176
f 3176 1124 1123
f 3179 3195 3180
f 3180 3195 3196
f 3181 1131 3182
f 3182 1131 1130
f 3207 3185 3186
f 3186 3185 3187
f 1136 3188 1133
f 1133 3188 3187
f 3190 3188 1137
f 1137 3188 1136
f 3193 1159 3175
f 3175 1159 1124
f 3179 1128 3181
f 3181 1128 1131
f 1533 3198 1123
f 1123 3198 3176
f 3321 1375 3193
f 3193 1375 1159
f 3321 3320 3322
f 3322 3320 3323
f 1122 1121 3192
f 3192 1121 3322
f 3194 3210 3320
f 3320 3210 3325
f 3324 3323 3327
f 3327 3323 3326
f 3320 3325 3323
f 3323 3325 3326
f 3208 3328 3205
f 3205 3328 3329
f 3330 3206 3329
f 3329 3206 3205
f 3203 3331 3204
f 3204 3331 3332
f 3210 3333 3325
f 3325 3333 3334
f 3325 3334 3326
f 3326 3334 3335
f 3327 3326 3336
f 3336 3326 3335
f 3327 3209 3324
f 3324 3209 3191
f 3190 3192 3191
f 3191 3192 3324
f 3338 3339 3337
f 3337 3339 3340
f 3338 3341 3339
f 3339 3341 3342
f 3341 3343 3342
f 3342 3343 3344
f 3343 3345 3344
f 3344 3345 3346
f 3345 3347 3346
f 3346 3347 3348
f 3347 3349 3348
f 3348 3349 3350
f 3337 3340 3351
f 3351 3340 3352
f 3351 3352 3353
f 3353 3352 3354
f 3353 3354 3355
f 3355 3354 3356
f 3350 3349 3357
f 3357 3349 3358
f 3355 3356 3359
f 3359 3356 3360
f 3359 3360 3361
f 3361 3360 3362
f 3361 3362 3363
f 3363 3362 3364
f 3363 3364 3358
f 3358 3364 3357
f 3339 3342 3365
f 3365 3342 3366
f 3342 3344 3366
f 3366 3344 3367
f 3344 3346 3367
f 3367 3346 3368
f 3346 3348 3368
f 3368 3348 3369
f 3348 3350 3369
f 3369 3350 3370
f 3368 3369 3371
f 3371 3369 3372
f 3369 3370 3372
f 3372 3370 3373
f 3373 3374 3372
f 3372 3374 3375
f 3377 3378 3376
f 3376 3378 3379
f 3377 3375 3378
f 3378 3375 3374
f 3375 3380 3372
f 3372 3380 3371
f 3377 3381 3375
f 3375 3381 3380
f 3376 3382 3377
f 3377 3382 3381
f 3384 3385 3383
f 3383 3385 3386
f 3384 3383 3388
f 3388 3383 3387
f 3388 3387 3389
f 3389 3387 3390
f 3392 3385 3391
f 3391 3385 3384
f 3388 3393 3384
f 3384 3393 3391
f 3389 3394 3388
f 3388 3394 3393
f 3389 3395 3394
f 3394 3395 3396
f 3395 3389 3397
f 3397 3389 3390
f 3339 3365 3340
f 3340 3365 3398
f 3340 3398 3352
f 3352 3398 3399
f 3371 3400 3368
f 3368 3400 3367
f 3400 3401 3367
f 3367 3401 3366
f 3366 3401 3365
f 3365 3401 3402
f 3398 3365 3403
f 3403 3365 3402
f 3398 3403 3399
f 3399 3403 3404
f 3403 3405 3404
f 3404 3405 3406
f 3352 3399 3354
f 3354 3399 3407
f 3399 3404 3407
f 3407 3404 3408
f 3404 3406 3408
f 3408 3406 3409
f 3405 3410 3406
f 3406 3410 3411
f 3410 3412 3411
f 3411 3412 3413
f 3397 3414 3395
f 3395 3414 3415
f 3417 3415 3416
f 3416 3415 3412
f 3410 3418 3412
f 3412 3418 3416
f 3410 3405 3418
f 3418 3405 3419
f 3405 3403 3419
f 3419 3403 3402
f 3370 3350 3420
f 3420 3350 3357
f 3373 3370 3421
f 3421 3370 3420
f 3374 3373 3422
f 3422 3373 3421
f 3378 3374 3423
f 3423 3374 3422
f 3378 3423 3379
f 3379 3423 3424
f 3424 3425 3379
f 3379 3425 3386
f 3383 3426 3387
f 3387 3426 3427
f 3387 3427 3390
f 3390 3427 3428
f 3390 3428 3397
f 3397 3428 3429
f 3429 3430 3397
f 3397 3430 3414
f 3411 3413 3431
f 3431 3413 3432
f 3406 3411 3409
f 3409 3411 3431
f 3401 3400 3335
f 3335 3400 3336
f 3401 3335 3402
f 3402 3335 3334
f 3402 3334 3419
f 3419 3334 3333
f 3419 3333 3418
f 3418 3333 3433
f 3418 3433 3416
f 3416 3433 3434
f 3435 3417 3434
f 3434 3417 3416
f 3394 3396 3436
f 3436 3396 3437
f 3393 3394 3332
f 3332 3394 3436
f 3393 3332 3391
f 3391 3332 3331
f 3330 3392 3331
f 3331 3392 3391
f 3382 3329 3381
f 3381 3329 3328
f 3354 3407 3356
f 3356 3407 3438
f 3356 3438 3360
f 3360 3438 3439
f 3360 3439 3362
f 3362 3439 3440
f 3362 3440 3364
f 3364 3440 3441
f 3364 3441 3357
f 3357 3441 3420
f 3421 3420 3442
f 3442 3420 3441
f 3442 3441 3443
f 3443 3441 3440
f 3443 3440 3444
f 3444 3440 3439
f 3444 3439 3445
f 3445 3439 3438
f 3445 3438 3408
f 3408 3438 3407
f 3422 3421 3446
f 3446 3421 3442
f 3446 3442 3447
f 3447 3442 3443
f 3447 3443 3448
f 3448 3443 3444
f 3448 3444 3449
f 3449 3444 3445
f 3449 3445 3409
f 3409 3445 3408
f 3409 3431 3449
f 3449 3431 3450
f 3449 3450 3448
f 3448 3450 3451
f 3451 3452 3448
f 3448 3452 3447
f 3447 3452 3446
f 3446 3452 3453
f 3446 3453 3422
f 3422 3453 3423
f 3424 3423 3454
f 3454 3423 3453
f 3452 3455 3453
f 3453 3455 3454
f 3452 3451 3455
f 3455 3451 3456
f 3450 3457 3451
f 3451 3457 3456
f 3431 3432 3450
f 3450 3432 3457
f 3454 3458 3424
f 3424 3458 3425
f 3427 3426 3459
f 3459 3426 3460
f 3428 3427 3461
f 3461 3427 3459
f 3428 3461 3429
f 3429 3461 3462
f 3462 3463 3429
f 3429 3463 3430
f 3464 3465 3462
f 3462 3465 3463
f 3455 3466 3454
f 3454 3466 3458
f 3465 3464 3466
f 3466 3464 3467
f 3461 3459 3468
f 3468 3459 3469
f 3468 3469 3464
f 3464 3469 3467
f 3464 3462 3468
f 3468 3462 3461
f 3459 3460 3469
f 3469 3460 3467
f 3295 3351 3298
f 3298 3351 3353
f 3353 3355 3298
f 3298 3355 3297
f 3297 3355 3301
f 3301 3355 3359
f 3301 3359 3308
f 3308 3359 3361
f 3308 3361 3311
f 3311 3361 3363
f 3311 3363 3316
f 3316 3363 3358
f 3316 3358 3317
f 3317 3358 3349
f 3349 3347 3317
f 3317 3347 3319
f 3347 3345 3319
f 3319 3345 3314
f 3345 3343 3314
f 3314 3343 3305
f 3343 3341 3305
f 3305 3341 3304
f 3304 3341 3292
f 3292 3341 3338
f 3292 3338 3293
f 3293 3338 3337
f 3293 3337 3295
f 3295 3337 3351
f 3437 3202 3436
f 3436 3202 3201
f 3436 3201 3332
f 3332 3201 3204
f 3433 3200 3434
f 3434 3200 3199
f 3211 3435 3199
f 3199 3435 3434
f 3333 3210 3433
f 3433 3210 3200
f 3380 3470 3371
f 3400 3371 3336
f 3336 3371 3470
f 3381 3328 3380
f 3380 3328 3470
f 3470 3328 3209
f 3209 3328 3208
f 3336 3470 3327
f 3327 3470 3209
f 1545 1763 1546
f 1546 1763 1762
f 1403 1546 773
f 773 1546 770
f 1221 3013 1220
f 1220 3013 3471
f 1305 2877 1306
f 1306 2877 2879
f 1220 3471 828
f 828 3471 829
f 1217 1754 3472
f 3472 1754 1756
f 1049 3473 1048
f 1048 3473 3474
f 1371 1179 3473
f 3473 1179 3474
f 1074 3475 1179
f 1179 3475 3474
f 3474 3475 1048
f 1048 3475 1056
f 919 666 1345
f 1345 666 665
f 856 680 919
f 919 680 666
f 679 680 1449
f 1449 680 858
f 1367 878 1500
f 1500 878 877
f 1366 908 1367
f 1367 908 878
f 1512 916 1513
f 1513 916 915
f 947 1368 948
f 948 1368 1369
f 1047 1021 1044
f 1044 1021 1020
f 1370 1049 1019
f 1019 1049 1020
f 1173 1030 1174
f 1174 1030 1033
f 3126 1188 1464
f 1464 1188 1187
f 1800 1451 1512
f 1512 1451 916
f 1175 1174 1186
f 1186 1174 1187
f 1030 1173 1047
f 1047 1173 1021
f 1513 915 3476
f 3476 915 1481
f 1345 665 3477
f 3477 665 1483
f 1502 1501 876
f 876 1501 877
f 1205 1451 1803
f 1803 1451 1802
f 3479 2832 3478
f 3478 2832 2831
f 1449 858 2927
f 2927 858 2922
f 908 1366 947
f 947 1366 1368
f 949 948 3126
f 3126 948 1188
f 3480 3135 1502
f 1502 3135 1501
f 2927 2922 3157
f 3157 2922 3152
f 3477 1483 3479
f 3479 1483 2832
f 1803 1802 3151
f 3151 1802 3152
f 663 658 664
f 664 658 657
f 655 658 939
f 939 658 706
f 1512 870 1800
f 1800 870 869
f 875 874 876
f 876 874 873
f 849 874 905
f 905 874 958
f 949 962 946
f 946 962 961
f 978 3126 979
f 979 3126 1464
f 1031 1168 1032
f 1032 1168 1022
f 1045 1013 1046
f 1046 1013 1012
f 1045 1044 1056
f 1056 1044 1048
f 1047 1046 1030
f 1030 1046 1031
f 939 706 940
f 940 706 1450
f 979 1464 1032
f 1032 1464 1033
f 3480 1478 3476
f 3476 1478 3134
f 2829 1487 2830
f 2830 1487 1486
f 848 1230 873
f 873 1230 1479
f 867 870 933
f 933 870 1514
f 1800 869 1801
f 1801 869 1799
f 2830 1486 1325
f 1325 1486 2833
f 940 1450 2925
f 2925 1450 2928
f 946 961 907
f 907 961 958
f 959 962 977
f 977 962 978
f 3476 3134 1513
f 1513 3134 1514
f 2925 2928 3155
f 3155 2928 3158
f 1325 2833 656
f 656 2833 657
f 1801 1799 3157
f 3157 1799 3158
f 1074 1055 3475
f 3475 1055 1056
f 1371 3473 1370
f 1370 3473 1049
f 2884 615 3481
f 3481 615 618
f 3478 2831 2846
f 2846 2831 617
f 2831 1484 617
f 617 1484 618
f 1484 1487 618
f 618 1487 3481
f 2848 3481 2829
f 2829 3481 1487
f 1480 1517 1161
f 1161 1517 1162
f 3129 1323 1455
f 1455 1323 1322
f 3129 3134 1323
f 1323 3134 1478
f 1535 3173 1515
f 1515 3173 1516
f 3085 3095 3137
f 3137 3095 3094
f 3137 3094 3138
f 3138 3094 3104
f 3117 3139 3105
f 3105 3139 3106
f 1138 1141 3127
f 3127 1141 3128
f 3081 3131 1264
f 1264 3131 3130
f 1227 1226 3132
f 3132 1226 3133
f 1264 3130 1229
f 1229 3130 1322
f 1160 1501 1161
f 1161 1501 3135
f 1141 1476 3128
f 3128 1476 3136
f 1226 1163 3133
f 3133 1163 1162
f 1363 1138 1515
f 1515 1138 3127
f 3084 3095 3081
f 3081 3095 3131
f 3089 884 3105
f 3105 884 3140
f 884 883 3140
f 3140 883 3141
f 883 3482 3141
f 3141 3482 3142
f 3476 1481 3480
f 3480 1481 3135
f 1502 1479 3480
f 3480 1479 1478
f 3168 463 440
f 714 1880 715
f 715 1880 2905
f 896 732 2970
f 2970 732 731
f 1263 834 3082
f 3082 834 833
f 898 1231 853
f 853 1231 854
f 3125 890 2931
f 2931 890 889
f 1237 893 2851
f 2851 893 892
f 898 853 899
f 899 853 963
f 988 987 989
f 989 987 986
f 1002 1007 1003
f 1003 1007 1006
f 1038 1036 1007
f 1007 1036 1004
f 1070 1052 1005
f 1005 1052 1006
f 1069 1067 1070
f 1070 1067 1052
f 1130 1129 1134
f 1134 1129 1135
f 879 1167 880
f 880 1167 1166
f 1171 1169 1037
f 1037 1169 1038
f 1085 1180 1069
f 1069 1180 1067
f 1209 1210 879
f 879 1210 1167
f 2885 1215 1754
f 1754 1215 1214
f 1263 855 834
f 834 855 854
f 708 1244 1826
f 1826 1244 1243
f 2909 894 1254
f 1254 894 893
f 1228 1361 964
f 964 1361 1360
f 2908 2907 1436
f 1436 2907 1437
f 2990 1440 2991
f 2991 1440 1439
f 964 1360 965
f 965 1360 1454
f 950 1457 951
f 951 1457 1456
f 970 1463 971
f 971 1463 1462
f 1025 1169 984
f 984 1169 986
f 1084 1097 1469
f 1469 1097 1470
f 1096 1115 1474
f 1474 1115 1475
f 1140 1361 1141
f 1141 1361 1476
f 1212 1495 2828
f 2828 1495 1494
f 880 1166 1452
f 1452 1166 1499
f 715 2905 1504
f 1504 2905 2906
f 954 1519 955
f 955 1519 1518
f 1026 1520 992
f 992 1520 1518
f 1029 1520 1043
f 1043 1520 1521
f 997 1522 1040
f 1040 1522 1521
f 1015 1522 1016
f 1016 1522 1523
f 1523 996 1524
f 1524 996 1062
f 1057 1060 1525
f 1525 1060 1524
f 1094 1528 1082
f 1082 1528 1527
f 1526 1528 1089
f 1089 1528 1529
f 1090 1531 1108
f 1108 1531 1530
f 1125 1533 1126
f 1126 1533 1532
f 3483 1755 727
f 727 1755 1214
f 735 1814 707
f 707 1814 1813
f 2891 1834 1246
f 1246 1834 1243
f 2904 1881 1847
f 1847 1881 1848
f 1852 1855 1853
f 1853 1855 1858
f 1902 2903 1877
f 1877 2903 1878
f 2903 2904 1878
f 1878 2904 1847
f 714 713 1848
f 1848 713 1849
f 1440 2990 1883
f 1883 2990 2989
f 1883 2989 1852
f 1852 2989 1855
f 2895 1888 2892
f 2892 1888 1887
f 774 777 1877
f 1877 777 1903
f 1251 2835 1252
f 1252 2835 2834
f 1213 2844 1212
f 1212 2844 1495
f 2851 892 1213
f 1213 892 2844
f 3123 2911 3124
f 3124 2911 2910
f 887 2929 888
f 888 2929 889
f 1435 2963 1436
f 1436 2963 2961
f 1253 1438 1254
f 1254 1438 1437
f 2970 731 735
f 735 731 1814
f 733 732 2885
f 2885 732 1215
f 2901 2902 2976
f 2976 2902 2977
f 2975 2982 2976
f 2976 2982 2979
f 2899 2900 2981
f 2981 2900 2979
f 2899 2981 2898
f 2898 2981 2983
f 2986 2985 2984
f 2984 2985 2983
f 2897 2985 2896
f 2896 2985 2988
f 2991 1439 2987
f 2987 1439 2988
f 777 2978 1903
f 1903 2978 2977
f 1885 1888 1858
f 1858 1888 1853
f 3090 3088 836
f 836 3088 833
f 3083 3088 3097
f 3097 3088 3096
f 3097 3096 3104
f 3104 3096 3106
f 3111 3116 3108
f 3108 3116 3109
f 3112 3111 3114
f 3114 3111 3108
f 3113 3122 3114
f 3114 3122 3115
f 891 890 2837
f 2837 890 2834
f 951 1456 954
f 954 1456 1519
f 967 1457 936
f 936 1457 1454
f 971 1462 902
f 902 1462 963
f 1461 1463 988
f 988 1463 987
f 1466 1468 1474
f 1474 1468 1470
f 1089 1529 1090
f 1090 1529 1531
f 1184 1181 1469
f 1469 1181 1180
f 1082 1527 1061
f 1061 1527 1525
f 1129 1473 1135
f 1135 1473 1475
f 1108 1530 1105
f 1105 1530 1532
f 1452 1499 3132
f 3132 1499 3136
f 3109 3116 3139
f 3139 3116 3138
f 2912 2911 887
f 887 2911 2929
f 2836 2835 1497
f 1497 2835 1494
f 2913 3102 2910
f 2910 3102 3115
f 1133 3187 1134
f 1134 3187 3185
f 3177 3176 3197
f 3197 3176 3198
f 3203 3183 3206
f 3206 3183 3207
f 3196 3202 3197
f 3197 3202 3211
f 3183 3182 3207
f 3207 3182 3185
f 1125 3180 1533
f 1533 3180 3198
f 3331 3203 3330
f 3330 3203 3206
f 3376 3379 3385
f 3385 3379 3386
f 3382 3376 3392
f 3392 3376 3385
f 3412 3415 3413
f 3413 3415 3414
f 3417 3396 3415
f 3415 3396 3395
f 3383 3386 3426
f 3426 3386 3425
f 3413 3414 3432
f 3432 3414 3430
f 3437 3396 3435
f 3435 3396 3417
f 3329 3382 3330
f 3330 3382 3392
f 3426 3425 3460
f 3460 3425 3458
f 3432 3430 3457
f 3457 3430 3463
f 3457 3463 3456
f 3456 3463 3465
f 3460 3458 3467
f 3467 3458 3466
f 3466 3455 3465
f 3465 3455 3456
f 3202 3437 3211
f 3211 3437 3435
f 3104 3106 3138
f 3138 3106 3139
f 3132 3136 1227
f 1227 3136 1476
f 943 687 600
f 600 687 601
f 596 625 667
f 667 625 1297
f 687 686 601
f 601 686 653
f 1319 784 711
f 711 784 712
f 1811 607 783
f 783 607 712
f 862 921 917
f 917 921 920
f 3478 925 3479
f 3479 925 924
f 2846 926 3478
f 3478 926 925
f 659 662 929
f 929 662 930
f 856 921 857
f 857 921 1204
f 1206 864 1207
f 1207 864 863
f 2876 1219 2877
f 2877 1219 1218
f 667 1297 593
f 593 1297 1296
f 917 920 1333
f 1333 920 1346
f 686 693 653
f 653 693 930
f 1277 913 1498
f 1498 913 1207
f 592 1536 610
f 610 1536 711
f 864 1206 1805
f 1805 1206 1804
f 1317 1536 1900
f 1900 1536 1809
f 1900 1809 1295
f 1295 1809 1296
f 3479 924 3477
f 3477 924 2824
f 927 926 1203
f 1203 926 2847
f 3484 2859 3032
f 3032 2859 3033
f 3472 2878 1217
f 1217 2878 1218
f 2889 2888 2880
f 2880 2888 2881
f 2886 2883 2887
f 2887 2883 2882
f 929 928 2847
f 2847 928 1203
f 857 1204 2921
f 2921 1204 2926
f 1820 1819 2882
f 2882 1819 2881
f 1821 2883 2876
f 2876 2883 1219
f 782 2889 783
f 783 2889 2880
f 1352 3034 1353
f 1353 3034 3033
f 3031 3034 3041
f 3041 3034 3043
f 944 943 3043
f 3043 943 600
f 1339 3145 1498
f 1498 3145 3143
f 1208 882 3148
f 3148 882 3143
f 2921 2926 3151
f 3151 2926 3156
f 3477 2824 1345
f 1345 2824 1346
f 1805 1804 3154
f 3154 1804 3156
f 886 3103 883
f 883 3103 3482
f 841 1248 3485
f 3485 1248 3121
f 2811 2819 2812
f 2812 2819 2816
f 2818 2815 2817
f 2817 2815 2806
f 2817 2816 2818
f 2818 2816 2819
f 2793 2795 2819
f 2819 2795 2818
f 243 352 2793
f 2793 352 2795
f 242 353 243
f 243 353 352
f 359 191 242
f 242 191 353
f 247 192 359
f 359 192 191
f 157 193 247
f 247 193 192
f 156 194 157
f 157 194 193
f 378 261 156
f 156 261 194
f 378 381 261
f 261 381 195
f 195 381 196
f 196 381 376
f 196 376 198
f 198 376 375
f 375 1776 198
f 198 1776 197
f 1776 1767 197
f 197 1767 274
f 181 274 199
f 199 274 1767
f 568 566 564
f 564 566 563
f 568 569 566
f 566 569 567
f 501 1773 1771
f 1771 1773 578
f 547 579 1773
f 1773 579 578
f 3486 470 474
f 474 470 469
f 450 582 3487
f 3487 582 3488
f 582 583 3488
f 3488 583 3489
f 583 584 3489
f 3489 584 3490
f 3490 584 3491
f 3491 584 543
f 470 3486 466
f 466 3486 467
f 3489 3490 503
f 503 3490 504
f 503 3492 3489
f 3489 3492 3488
f 3492 503 3493
f 3493 503 502
f 3495 3492 3494
f 3494 3492 3493
f 3487 3488 3495
f 3495 3488 3492
f 468 1774 465
f 465 1774 570
f 3494 3493 1775
f 1775 3493 1771
f 3490 3491 504
f 504 3491 1772
f 3491 543 1772
f 1772 543 548
f 450 3487 474
f 474 3487 3486
f 3495 467 3487
f 3487 467 3486
f 3494 468 3495
f 3495 468 467
f 468 3494 1774
f 1774 3494 1775
f 501 1771 502
f 502 1771 3493
f 527 366 384
f 384 366 365
f 522 524 527
f 527 524 366
f 521 534 522
f 522 534 524
f 530 535 521
f 521 535 534
f 508 486 513
f 513 486 532
f 513 532 541
f 541 532 535
f 667 668 596
f 596 668 597
f 1294 1297 624
f 624 1297 625
f 603 641 604
f 604 641 640
f 1290 1293 650
f 650 1293 651
f 1758 691 660
f 660 691 661
f 602 671 599
f 599 671 670
f 654 662 690
f 690 662 661
f 2856 598 695
f 695 598 597
f 602 654 671
f 671 654 690
f 604 640 676
f 676 640 704
f 1826 1829 708
f 708 1829 709
f 1288 1284 740
f 740 1284 741
f 755 754 758
f 758 754 759
f 2853 2856 932
f 932 2856 695
f 689 691 1192
f 1192 691 1193
f 784 1319 1240
f 1240 1319 1241
f 1813 1816 1244
f 1244 1816 1245
f 754 1288 759
f 759 1288 740
f 1894 1242 1318
f 1318 1242 1241
f 2867 1348 1418
f 1418 1348 1347
f 676 704 673
f 673 704 1347
f 1284 1287 741
f 741 1287 1419
f 1421 1426 1422
f 1422 1426 1425
f 1758 660 615
f 615 660 616
f 1192 1191 1421
f 1421 1191 1426
f 2962 1839 1504
f 1504 1839 1505
f 941 1194 1759
f 1759 1194 1193
f 1287 1537 1419
f 1419 1537 1760
f 1882 2893 1823
f 1823 2893 1824
f 1886 1891 1827
f 1827 1891 1828
f 1887 1886 1834
f 1834 1886 1827
f 1841 716 1838
f 1838 716 1505
f 782 784 1850
f 1850 784 1240
f 1239 1242 1863
f 1863 1242 1864
f 1242 1894 1864
f 1864 1894 1873
f 1822 1239 1823
f 1823 1239 1863
f 1318 1317 1895
f 1895 1317 1900
f 1894 1896 1873
f 1873 1896 1897
f 1291 1896 1292
f 1292 1896 1895
f 605 1898 606
f 606 1898 1897
f 1258 1257 2854
f 2854 1257 2855
f 1257 1351 2855
f 2855 1351 2857
f 1351 1353 2857
f 2857 1353 2858
f 1353 3033 2858
f 2858 3033 2859
f 2860 2861 3036
f 3036 2861 3037
f 2862 2863 2870
f 2870 2863 3039
f 2870 2869 2862
f 2862 2869 2864
f 2868 2865 2869
f 2869 2865 2864
f 1764 2866 2868
f 2868 2866 2865
f 1537 1199 1760
f 1760 1199 1348
f 615 2884 1758
f 1758 2884 1759
f 1825 1246 2890
f 2890 1246 1245
f 2893 2892 1824
f 1824 2892 2891
f 761 2960 758
f 758 2960 2906
f 3000 2943 2940
f 2940 2943 2941
f 2968 710 2950
f 2950 710 709
f 1764 1423 2866
f 2866 1423 2953
f 1423 645 2953
f 2953 645 2954
f 645 644 2954
f 2954 644 2955
f 644 738 2955
f 2955 738 2956
f 738 764 2956
f 2956 764 2957
f 764 763 2957
f 2957 763 2958
f 763 2908 2958
f 2958 2908 2959
f 2908 1436 2959
f 2959 1436 2961
f 1837 2964 1435
f 1435 2964 2963
f 1837 2937 2964
f 2964 2937 2965
f 2936 2968 2966
f 2966 2968 2950
f 1840 2942 1838
f 1838 2942 2941
f 2939 2949 2940
f 2940 2949 3006
f 2939 2942 2966
f 2966 2942 2965
f 1822 1825 1850
f 1850 1825 2890
f 1891 3005 1828
f 1828 3005 3006
f 3035 3038 3045
f 3045 3038 3042
f 3045 3044 3035
f 3035 3044 3040
f 669 1422 3045
f 3045 1422 3044
f 599 670 3041
f 3041 670 3042
f 931 3067 932
f 932 3067 3065
f 2853 3066 2854
f 2854 3066 3076
f 3067 3496 3065
f 3065 3496 3497
f 3066 3498 3076
f 3076 3498 3499
f 707 1813 708
f 708 1813 1244
f 2960 2962 2906
f 2906 2962 1504
f 2892 1887 2891
f 2891 1887 1834
f 1839 2962 2963
f 2963 2962 2961
f 595 626 596
f 596 626 625
f 623 626 3484
f 3484 626 2859
f 1291 1290 606
f 606 1290 603
f 1290 650 603
f 603 650 641
f 641 650 642
f 642 650 649
f 2860 2863 649
f 649 2863 642
f 3036 3039 2860
f 2860 3039 2863
f 3035 3040 3036
f 3036 3040 3039
f 1294 1293 1295
f 1295 1293 1292
f 624 651 1294
f 1294 651 1293
f 623 652 624
f 624 652 651
f 3484 2861 623
f 623 2861 652
f 3032 3037 3484
f 3484 3037 2861
f 3031 3038 3032
f 3032 3038 3037
f 3481 2848 2884
f 2884 2848 942
f 2846 617 1427
f 1427 617 616
f 3049 3167 3048
f 3048 3167 3500
f 1906 3048 3070
f 3070 3048 3500
f 1337 1768 3501
f 3501 1768 3502
f 3020 3503 3021
f 3021 3503 3024
f 2914 3023 3020
f 3020 3023 3503
f 859 1770 860
f 860 1770 3504
f 1336 3505 1768
f 1768 3505 3502
f 3065 3497 3066
f 3066 3497 3498
f 2814 3075 3067
f 3067 3075 3496
f 2839 3174 766
f 766 3174 3017
f 1337 3501 1338
f 1338 3501 1769
f 767 3018 3026
f 3026 3018 3506
f 3076 3499 3064
f 3064 3499 3507
f 727 730 3483
f 3483 730 3030
f 3064 3507 2871
f 2871 3507 3077
f 3100 3160 1786
f 1786 3160 1784
f 3026 3506 752
f 752 3506 3015
f 860 3504 2923
f 2923 3504 3508
f 753 3016 3027
f 3027 3016 3509
f 3027 3509 3008
f 3008 3509 3028
f 1782 1785 1783
f 1783 1785 3022
f 2923 3508 3153
f 3153 3508 3161
f 3148 3149 1208
f 1208 3149 3150
f 1335 1328 3510
f 3510 1328 1327
f 1336 1335 3505
f 3505 1335 3510
f 866 3511 1340
f 1340 3511 3146
f 865 1808 866
f 866 1808 3511
f 842 841 3159
f 3159 841 3485
f 2849 3512 1329
f 1329 3512 1326
f 1202 1331 2849
f 2849 1331 3512
f 3514 3515 3513
f 3513 3515 3516
f 3518 3516 3517
f 3517 3516 3515
f 3519 3520 3514
f 3514 3520 3515
f 3522 3523 3521
f 3521 3523 3524
f 3526 3527 3525
f 3525 3527 3528
f 3530 3531 3529
f 3529 3531 3532
f 3534 3535 3533
f 3533 3535 3536
f 3529 3532 3537
f 3537 3532 3538
f 3537 3539 3529
f 3529 3539 3540
f 3542 3543 3541
f 3541 3543 3544
f 3546 3547 3545
f 3545 3547 3548
f 3550 3534 3549
f 3549 3534 3533
f 3550 3543 3551
f 3551 3543 3552
f 3537 3545 3539
f 3539 3545 3548
f 3553 3554 3556
f 3556 3554 3555
f 3537 3557 3545
f 3545 3557 3546
f 3558 3559 3561
f 3561 3559 3560
f 3563 3564 3562
f 3562 3564 3565
f 3564 3563 3566
f 3566 3563 3567
f 3569 3570 3568
f 3568 3570 3571
f 3573 3574 3572
f 3572 3574 3575
f 3577 3578 3576
f 3576 3578 3579
f 3581 3582 3580
f 3580 3582 3583
f 3585 3586 3584
f 3584 3586 3579
f 3586 3587 3579
f 3579 3587 3576
f 3589 3590 3588
f 3588 3590 3591
f 3592 3593 3595
f 3595 3593 3594
f 3597 3598 3596
f 3596 3598 3595
f 3583 3600 3599
f 3599 3600 3601
f 3603 3599 3602
f 3602 3599 3601
f 3605 3606 3604
f 3604 3606 3607
f 3608 3555 3596
f 3596 3555 3554
f 3597 3610 3609
f 3609 3610 3565
f 3564 3611 3565
f 3565 3611 3609
f 3611 3564 3612
f 3612 3564 3566
f 3613 3614 3569
f 3569 3614 3570
f 3615 3616 3573
f 3573 3616 3574
f 3517 3617 3518
f 3518 3617 3618
f 3620 3621 3619
f 3619 3621 3622
f 3624 3625 3623
f 3623 3625 3626
f 3628 3629 3627
f 3627 3629 3630
f 3632 3633 3631
f 3631 3633 3634
f 3636 3637 3635
f 3635 3637 3638
f 3640 3641 3639
f 3639 3641 3642
f 3643 3644 3639
f 3639 3644 3640
f 3646 3513 3645
f 3645 3513 3647
f 3648 3514 3646
f 3646 3514 3513
f 3649 3519 3648
f 3648 3519 3514
f 3650 3651 3527
f 3527 3651 3652
f 3654 3651 3653
f 3653 3651 3650
f 3568 3571 3655
f 3655 3571 3656
f 3657 3658 3653
f 3653 3658 3659
f 3661 3662 3660
f 3660 3662 3658
f 3664 3665 3663
f 3663 3665 3666
f 3667 3657 3650
f 3650 3657 3653
f 3669 3523 3668
f 3668 3523 3670
f 3672 3673 3671
f 3671 3673 3674
f 3676 3677 3675
f 3675 3677 3678
f 3671 3674 3676
f 3676 3674 3677
f 3680 3681 3679
f 3679 3681 3682
f 3683 3684 3680
f 3680 3684 3681
f 3685 3686 3661
f 3661 3686 3662
f 3686 3687 3662
f 3662 3687 3688
f 3684 3683 3689
f 3689 3683 3690
f 3692 3693 3691
f 3691 3693 3694
f 3691 3694 3695
f 3695 3694 3696
f 3698 3699 3697
f 3697 3699 3700
f 3702 3703 3701
f 3701 3703 3704
f 3705 3706 3519
f 3519 3706 3520
f 3673 3672 3707
f 3707 3672 3708
f 3709 3710 3682
f 3682 3710 3679
f 3711 3712 3692
f 3692 3712 3693
f 3714 3715 3713
f 3713 3715 3716
f 3718 3700 3717
f 3717 3700 3699
f 3720 3721 3719
f 3719 3721 3722
f 3724 3725 3723
f 3723 3725 3726
f 3727 3728 3730
f 3730 3728 3729
f 3722 3721 3731
f 3731 3721 3732
f 3697 3700 3733
f 3733 3700 3714
f 3733 3714 3734
f 3734 3714 3713
f 3721 3723 3732
f 3732 3723 3735
f 3720 3736 3724
f 3724 3736 3737
f 3700 3718 3714
f 3714 3718 3715
f 3717 3699 3738
f 3738 3699 3739
f 3536 3740 3533
f 3533 3740 3540
f 3742 3743 3741
f 3741 3743 3744
f 3746 3747 3745
f 3745 3747 3748
f 3750 3751 3749
f 3749 3751 3752
f 3627 3632 3628
f 3628 3632 3631
f 3754 3755 3753
f 3753 3755 3626
f 3562 3565 3756
f 3756 3565 3610
f 3527 3652 3528
f 3528 3652 3757
f 3758 3524 3669
f 3669 3524 3523
f 3582 3598 3583
f 3583 3598 3600
f 3759 3670 3522
f 3522 3670 3523
f 3675 3678 3760
f 3760 3678 3761
f 3762 3763 3690
f 3690 3763 3689
f 3765 3766 3764
f 3764 3766 3767
f 3768 3739 3698
f 3698 3739 3699
f 3726 3725 3770
f 3770 3725 3769
f 3645 3647 3771
f 3771 3647 3772
f 3645 3678 3646
f 3646 3678 3677
f 3646 3677 3648
f 3648 3677 3674
f 3673 3649 3674
f 3674 3649 3648
f 3707 3773 3673
f 3673 3773 3649
f 3775 3776 3774
f 3774 3776 3777
f 3779 3526 3778
f 3778 3526 3525
f 3526 3779 3667
f 3667 3779 3780
f 3780 3781 3667
f 3667 3781 3657
f 3672 3679 3708
f 3708 3679 3710
f 3671 3680 3672
f 3672 3680 3679
f 3676 3683 3671
f 3671 3683 3680
f 3675 3690 3676
f 3676 3690 3683
f 3760 3762 3675
f 3675 3762 3690
f 3682 3681 3783
f 3783 3681 3782
f 3689 3784 3684
f 3684 3784 3785
f 3684 3785 3681
f 3681 3785 3782
f 3786 3709 3783
f 3783 3709 3682
f 3784 3689 3787
f 3787 3689 3763
f 3789 3557 3788
f 3788 3557 3790
f 3792 3793 3791
f 3791 3793 3794
f 3616 3615 3795
f 3795 3615 3796
f 3797 3798 3727
f 3727 3798 3728
f 3800 3801 3799
f 3799 3801 3802
f 3803 3578 3592
f 3592 3578 3593
f 3805 3806 3804
f 3804 3806 3807
f 3599 3603 3585
f 3585 3603 3586
f 3587 3586 3604
f 3604 3586 3603
f 3588 3591 3794
f 3794 3591 3791
f 3581 3803 3582
f 3582 3803 3592
f 3594 3561 3608
f 3608 3561 3790
f 3662 3688 3808
f 3808 3688 3809
f 3665 3664 3810
f 3810 3664 3811
f 3719 3812 3720
f 3720 3812 3736
f 3717 3813 3718
f 3718 3813 3737
f 3723 3721 3724
f 3724 3721 3720
f 3813 3717 3814
f 3814 3717 3738
f 3815 3816 303
f 303 3816 304
f 3818 3819 3817
f 3817 3819 3820
f 3578 3803 3579
f 3579 3803 3584
f 3558 3593 3577
f 3577 3593 3578
f 3822 3823 3821
f 3821 3823 3824
f 3546 3826 3825
f 3825 3826 3827
f 3828 3829 3547
f 3547 3829 3541
f 3831 3542 3830
f 3830 3542 3832
f 3834 3822 3833
f 3833 3822 3821
f 3835 3836 3827
f 3827 3836 3825
f 3800 3799 3828
f 3828 3799 3829
f 3830 3832 3837
f 3837 3832 3838
f 331 330 3551
f 3551 330 3839
f 3831 333 3552
f 3552 333 332
f 3819 3797 3841
f 3841 3797 3840
f 3513 3516 3647
f 3647 3516 3746
f 337 336 3745
f 3745 336 3772
f 3525 3528 3775
f 3775 3528 3749
f 3610 3597 3554
f 3554 3597 3596
f 3706 3702 3520
f 3520 3702 3701
f 3756 3610 3553
f 3553 3610 3554
f 3757 3750 3528
f 3528 3750 3749
f 3517 3515 3701
f 3701 3515 3520
f 3842 3584 3581
f 3581 3584 3803
f 3525 3775 3778
f 3778 3775 3774
f 3638 3843 3635
f 3635 3843 3618
f 3617 3621 3618
f 3618 3621 3635
f 3617 3517 3704
f 3704 3517 3701
f 3521 3624 3522
f 3522 3624 3623
f 3749 3844 3775
f 3775 3844 3776
f 3846 3847 3845
f 3845 3847 3848
f 3843 3747 3618
f 3618 3747 3518
f 3850 3851 3849
f 3849 3851 3748
f 3853 3854 3852
f 3852 3854 3855
f 3856 3857 3622
f 3622 3857 3619
f 3859 3860 3858
f 3858 3860 3861
f 3862 3844 3752
f 3752 3844 3749
f 3863 3759 3623
f 3623 3759 3522
f 3864 3777 3630
f 3630 3777 3776
f 3713 3865 3734
f 3734 3865 3866
f 3868 3869 3867
f 3867 3869 3870
f 3872 3873 3871
f 3871 3873 3874
f 3876 3877 3875
f 3875 3877 3878
f 3879 3880 3878
f 3878 3880 3881
f 3882 3883 3885
f 3885 3883 3884
f 3780 3886 3781
f 3781 3886 3887
f 3888 3685 3869
f 3869 3685 3661
f 3880 3879 3883
f 3883 3879 3884
f 3693 3783 3694
f 3694 3783 3782
f 3696 3785 3764
f 3764 3785 3784
f 3694 3782 3696
f 3696 3782 3785
f 3693 3786 3783
f 3787 3765 3784
f 3784 3765 3764
f 386 385 3765
f 3765 385 3766
f 3695 3889 3691
f 3691 3889 3890
f 3691 3890 3692
f 3692 3890 3891
f 3892 3711 3891
f 3891 3711 3692
f 3767 3893 3695
f 3695 3893 3889
f 3766 3894 3767
f 3767 3894 3893
f 3882 3885 3895
f 3895 3885 3896
f 3898 3698 3897
f 3897 3698 3697
f 3897 3697 3899
f 3899 3697 3733
f 3899 3733 3900
f 3900 3733 3734
f 3901 3768 3898
f 3898 3768 3698
f 3901 3902 3768
f 3768 3902 3903
f 3904 3905 3907
f 3907 3905 3906
f 3869 3661 3870
f 3870 3661 3660
f 3908 3909 3896
f 3896 3909 3895
f 3909 3758 3895
f 3895 3758 3669
f 3751 3531 3752
f 3752 3531 3848
f 3858 3536 3854
f 3854 3536 3535
f 3652 3562 3757
f 3757 3562 3756
f 3651 3654 3563
f 3563 3654 3567
f 3655 3656 3808
f 3808 3656 3659
f 3530 3740 3845
f 3845 3740 3861
f 3751 3750 3556
f 3556 3750 3553
f 3817 3820 3796
f 3796 3820 3795
f 410 409 3910
f 3910 409 3855
f 3750 3757 3553
f 3553 3757 3756
f 3908 3886 3909
f 3909 3886 3780
f 409 411 3855
f 3855 411 3851
f 413 412 3760
f 3760 412 3762
f 415 414 3763
f 3763 414 3787
f 3790 3557 3538
f 3538 3557 3537
f 3555 3608 3538
f 3538 3608 3790
f 3574 3911 3575
f 3575 3911 3912
f 3535 3534 3910
f 3910 3534 3839
f 3831 3552 3542
f 3542 3552 3543
f 3534 3550 3839
f 3839 3550 3551
f 3543 3550 3544
f 3544 3550 3549
f 3913 3914 3916
f 3916 3914 3915
f 3806 3805 3589
f 3589 3805 3590
f 3849 3843 3917
f 3917 3843 3638
f 3853 3644 3859
f 3859 3644 3742
f 3747 3746 3518
f 3518 3746 3516
f 3695 3696 3767
f 3767 3696 3764
f 3903 3918 3768
f 3768 3918 3739
f 3738 3739 3816
f 3816 3739 3918
f 3919 3920 3769
f 3769 3920 3770
f 3921 3726 3922
f 3922 3726 3770
f 3678 3645 3761
f 3761 3645 3771
f 3924 3913 3923
f 3923 3913 3916
f 3802 3925 3838
f 3838 3925 3837
f 3577 3926 3558
f 3558 3926 3559
f 3815 3919 3814
f 3814 3919 3769
f 3927 3928 3822
f 3822 3928 3823
f 3829 3832 3541
f 3541 3832 3542
f 3834 3927 3822
f 3832 3829 3838
f 3838 3829 3799
f 3745 3772 3746
f 3746 3772 3647
f 3849 3748 3843
f 3843 3748 3747
f 3854 3853 3858
f 3858 3853 3859
f 3854 3535 3855
f 3855 3535 3910
f 3557 3789 3546
f 3546 3789 3826
f 3923 3823 3924
f 3924 3823 3928
f 3823 3923 3929
f 3929 3923 3930
f 3531 3751 3532
f 3532 3751 3556
f 3532 3556 3538
f 3538 3556 3555
f 3932 3634 3931
f 3931 3634 3633
f 3814 3769 3813
f 3813 3769 3725
f 3620 3636 3621
f 3621 3636 3635
f 3847 3862 3848
f 3848 3862 3752
f 3531 3530 3848
f 3848 3530 3845
f 3933 3934 3830
f 3830 3934 3831
f 3925 3933 3837
f 3837 3933 3830
f 3934 440 3831
f 3831 440 333
f 3925 3802 3833
f 3833 3802 3801
f 3776 3844 3630
f 3630 3844 3627
f 3808 3659 3662
f 3662 3659 3658
f 3667 3650 3526
f 3526 3650 3527
f 3935 3666 3936
f 3936 3666 3665
f 3718 3737 3715
f 3715 3737 3736
f 3663 3809 3664
f 3664 3809 3688
f 3807 3806 3938
f 3938 3806 3937
f 445 413 3761
f 3761 413 3760
f 3902 447 3903
f 3903 447 446
f 3897 3890 3898
f 3898 3890 3889
f 3899 3891 3897
f 3897 3891 3890
f 3898 3889 3901
f 3901 3889 3893
f 3893 3894 3901
f 3901 3894 3902
f 414 386 3787
f 3787 386 3765
f 3940 3941 3939
f 3939 3941 3942
f 3840 3797 3943
f 3943 3797 3727
f 3665 3810 3936
f 3936 3810 3944
f 3921 3735 3726
f 3726 3735 3723
f 3920 3945 3770
f 3770 3945 3922
f 3521 3524 3774
f 3774 3524 3778
f 3864 3946 3625
f 3625 3946 3947
f 3773 3705 3649
f 3649 3705 3519
f 3779 3778 3758
f 3758 3778 3524
f 3812 3716 3736
f 3736 3716 3715
f 3624 3521 3777
f 3777 3521 3774
f 3703 3856 3704
f 3704 3856 3622
f 3900 3892 3899
f 3899 3892 3891
f 3641 3917 3642
f 3642 3917 3948
f 3895 3669 3882
f 3882 3669 3668
f 3855 3851 3852
f 3852 3851 3850
f 3894 458 3902
f 3902 458 447
f 3781 3887 3660
f 3660 3887 3870
f 3570 3566 3571
f 3571 3566 3567
f 3950 3576 3949
f 3949 3576 3587
f 3605 3602 3614
f 3614 3602 3612
f 3614 3612 3570
f 3570 3612 3566
f 3571 3567 3656
f 3656 3567 3654
f 3660 3658 3781
f 3781 3658 3657
f 3604 3607 3587
f 3587 3607 3949
f 3653 3659 3654
f 3654 3659 3656
f 3529 3540 3530
f 3530 3540 3740
f 3687 3811 3688
f 3688 3811 3664
f 3813 3725 3737
f 3737 3725 3724
f 3919 3815 461
f 461 3815 303
f 3818 3798 3819
f 3819 3798 3797
f 3819 3841 3820
f 3820 3841 3951
f 3816 3815 3738
f 3738 3815 3814
f 3540 3539 3533
f 3533 3539 3549
f 3548 3547 3544
f 3544 3547 3541
f 3539 3548 3549
f 3549 3548 3544
f 3741 3931 3860
f 3860 3931 3846
f 3801 3800 3835
f 3835 3800 3836
f 3934 3933 3824
f 3824 3933 3821
f 3825 3828 3546
f 3546 3828 3547
f 3833 3821 3925
f 3925 3821 3933
f 3800 3828 3836
f 3836 3828 3825
f 3824 3952 3934
f 3934 3952 440
f 3860 3846 3861
f 3861 3846 3845
f 3629 3946 3630
f 3630 3946 3864
f 3740 3536 3861
f 3861 3536 3858
f 3833 3801 3834
f 3834 3801 3835
f 3583 3599 3580
f 3580 3599 3585
f 3651 3563 3652
f 3652 3563 3562
f 3758 3909 3779
f 3779 3909 3780
f 3621 3617 3622
f 3622 3617 3704
f 3625 3947 3626
f 3626 3947 3753
f 3633 3632 3847
f 3847 3632 3862
f 3852 3850 3640
f 3640 3850 3641
f 3644 3853 3640
f 3640 3853 3852
f 3859 3742 3860
f 3860 3742 3741
f 3632 3627 3862
f 3862 3627 3844
f 3755 3863 3626
f 3626 3863 3623
f 3917 3638 3948
f 3948 3638 3637
f 3644 3643 3742
f 3742 3643 3743
f 3931 3633 3846
f 3846 3633 3847
f 3625 3624 3864
f 3864 3624 3777
f 3917 3641 3849
f 3849 3641 3850
f 3744 3932 3741
f 3741 3932 3931
f 3903 446 3918
f 3918 446 464
f 3953 3954 3956
f 3956 3954 3955
f 3958 3959 3957
f 3957 3959 3960
f 3876 3958 3877
f 3877 3958 3957
f 3877 3957 3961
f 3961 3957 3962
f 3963 3964 3958
f 3958 3964 3959
f 3965 3966 3876
f 3876 3966 3958
f 3966 3963 3958
f 3966 3967 3963
f 3963 3967 3968
f 3878 3877 3879
f 3879 3877 3961
f 3967 3969 3968
f 3968 3969 3970
f 3969 3971 3970
f 3970 3971 3972
f 3974 3904 3973
f 3973 3904 3907
f 3971 3975 3972
f 3972 3975 3976
f 3976 3975 3978
f 3978 3975 3977
f 3979 3980 3977
f 3977 3980 3978
f 3981 3982 3979
f 3979 3982 3980
f 3983 3984 3981
f 3981 3984 3982
f 3972 3985 3970
f 3970 3985 3986
f 3871 3987 3969
f 3969 3987 3971
f 3872 3871 3967
f 3967 3871 3969
f 3965 3872 3966
f 3966 3872 3967
f 3970 3986 3968
f 3968 3986 3988
f 3879 3961 3884
f 3884 3961 3940
f 3884 3940 3885
f 3885 3940 3939
f 3989 3990 3992
f 3992 3990 3991
f 3942 3993 3995
f 3995 3993 3994
f 3994 3996 3995
f 3995 3996 3974
f 3997 3998 3994
f 3994 3998 3996
f 3999 3997 3993
f 3993 3997 3994
f 4001 3996 4000
f 4000 3996 3998
f 4000 3998 4002
f 4002 3998 4003
f 4004 4003 3997
f 3997 4003 3998
f 3997 3999 4004
f 4004 3999 4005
f 4006 3995 3973
f 3973 3995 3974
f 3939 3942 4006
f 4006 3942 3995
f 3906 3887 3907
f 3907 3887 3886
f 3887 3906 3870
f 3870 3906 3867
f 3908 3973 3886
f 3886 3973 3907
f 3865 4007 3866
f 3866 4007 4008
f 3984 3983 4009
f 4009 3983 4010
f 3961 3962 3940
f 3940 3962 3941
f 4012 3868 4011
f 4011 3868 3867
f 4013 3975 3987
f 3987 3975 3971
f 4014 3977 4013
f 4013 3977 3975
f 4015 4010 4007
f 4007 4010 3983
f 4007 3983 4008
f 4008 3983 3981
f 4008 3981 4016
f 4016 3981 3979
f 4017 3984 4018
f 4018 3984 4009
f 3977 4014 3979
f 3979 4014 4016
f 3982 3984 4019
f 4019 3984 4017
f 4021 4022 4020
f 4020 4022 4023
f 4022 4012 4023
f 4023 4012 4011
f 4023 3904 4020
f 4020 3904 3974
f 4024 4025 4018
f 4018 4025 4017
f 4026 4027 4024
f 4024 4027 4025
f 4028 4026 4029
f 4029 4026 4024
f 4018 4021 4024
f 4024 4021 4029
f 4030 4031 4026
f 4026 4031 4027
f 4032 4030 4028
f 4028 4030 4026
f 4029 4001 4028
f 4028 4001 4000
f 4028 4000 4032
f 4032 4000 4002
f 4034 4035 4033
f 4033 4035 4036
f 4037 4038 4019
f 4019 4038 4039
f 4041 4039 4040
f 4040 4039 4038
f 4040 4038 4042
f 4042 4038 4036
f 4042 4036 4043
f 4043 4036 4035
f 3985 4044 4046
f 4046 4044 4045
f 4047 4048 4045
f 4045 4048 4046
f 4047 4049 4048
f 4048 4049 4050
f 4042 4047 4040
f 4040 4047 4045
f 4043 4049 4042
f 4042 4049 4047
f 4040 4045 4041
f 4041 4045 4044
f 4052 3959 4051
f 4051 3959 3964
f 4053 4054 4051
f 4051 4054 4055
f 3956 3960 4052
f 4052 3960 3959
f 3953 3956 4056
f 4056 3956 4052
f 4058 3953 4057
f 4057 3953 4056
f 4060 4061 4059
f 4059 4061 4062
f 4063 4064 4054
f 4054 4064 4057
f 4054 4053 4063
f 4063 4053 4065
f 4066 4067 4069
f 4069 4067 4068
f 4048 4050 4063
f 4063 4050 4064
f 4063 4065 4048
f 4048 4065 4046
f 3985 4046 3986
f 3986 4046 4065
f 3986 4065 3988
f 3988 4065 4053
f 3988 4053 3964
f 3964 4053 4051
f 3976 3978 4044
f 4044 3978 4041
f 3980 3982 4039
f 4039 3982 4019
f 4039 4041 3980
f 3980 4041 3978
f 3973 3908 4006
f 4006 3908 3896
f 3885 3939 3896
f 3896 3939 4006
f 4031 4034 4027
f 4027 4034 4033
f 4027 4033 4025
f 4025 4033 4037
f 4019 4017 4037
f 4037 4017 4025
f 3993 3942 4070
f 4070 3942 3941
f 3999 3993 4071
f 4071 3993 4070
f 3999 4071 4005
f 4005 4071 4072
f 4073 4074 4076
f 4076 4074 4075
f 4078 4079 4077
f 4077 4079 4080
f 4082 4080 4081
f 4081 4080 4079
f 4084 4085 4083
f 4083 4085 4086
f 4087 4088 4090
f 4090 4088 4089
f 4092 4093 4091
f 4091 4093 4094
f 4096 4097 4095
f 4095 4097 4098
f 4100 4101 4099
f 4099 4101 4102
f 4103 4104 4106
f 4106 4104 4105
f 4108 4109 4107
f 4107 4109 4110
f 4112 4113 4111
f 4111 4113 4114
f 4116 4117 4115
f 4115 4117 4118
f 4120 4121 4119
f 4119 4121 4122
f 4123 4124 4126
f 4126 4124 4125
f 4127 4128 4130
f 4130 4128 4129
f 4132 4133 4131
f 4131 4133 4134
f 4136 4108 4135
f 4135 4108 4107
f 4138 4139 4137
f 4137 4139 4140
f 4141 4142 4088
f 4088 4142 4089
f 4144 4145 4143
f 4143 4145 4146
f 4148 4149 4147
f 4147 4149 4150
f 4152 4153 4151
f 4151 4153 4154
f 4156 4082 4155
f 4155 4082 4081
f 4157 4158 4160
f 4160 4158 4159
f 4161 4162 4164
f 4164 4162 4163
f 4166 4122 4165
f 4165 4122 4121
f 4168 4152 4167
f 4167 4152 4151
f 4169 4170 4172
f 4172 4170 4171
f 4174 4175 4173
f 4173 4175 4176
f 4178 4149 4177
f 4177 4149 4179
f 4173 4176 4180
f 4180 4176 4181
f 4156 4085 4182
f 4182 4085 4183
f 4182 4184 4156
f 4156 4184 4082
f 4185 4186 4184
f 4184 4186 4187
f 4186 4188 4187
f 4187 4188 4189
f 4190 4191 4073
f 4073 4191 4074
f 4177 4179 4158
f 4158 4179 4159
f 4193 4127 4192
f 4192 4127 4130
f 4144 4194 4151
f 4151 4194 4167
f 4196 4197 4195
f 4195 4197 4198
f 4095 4199 4096
f 4096 4199 4200
f 4201 4202 4204
f 4204 4202 4203
f 4205 4206 4208
f 4208 4206 4207
f 4121 4120 4209
f 4209 4120 4210
f 4212 4213 4211
f 4211 4213 4214
f 4216 4217 4215
f 4215 4217 4218
f 4220 4221 4219
f 4219 4221 4222
f 4224 4196 4223
f 4223 4196 4195
f 4225 4226 4134
f 4134 4226 4131
f 4228 4229 4227
f 4227 4229 4230
f 4232 4233 4231
f 4231 4233 4098
f 4235 4236 4234
f 4234 4236 4237
f 4239 4240 4238
f 4238 4240 4241
f 4242 4243 4245
f 4245 4243 4244
f 4246 4247 4249
f 4249 4247 4248
f 4251 4252 4250
f 4250 4252 4253
f 4255 4256 4254
f 4254 4256 4257
f 4259 4260 4258
f 4258 4260 4261
f 4263 4264 4262
f 4262 4264 4265
f 4267 4268 4266
f 4266 4268 4269
f 4271 4199 4270
f 4270 4199 4272
f 4273 4274 4276
f 4276 4274 4275
f 4115 4118 4277
f 4277 4118 4278
f 4280 4281 4279
f 4279 4281 4282
f 4211 4283 4212
f 4212 4283 4284
f 4286 4287 4285
f 4285 4287 4288
f 4165 4121 4289
f 4289 4121 4209
f 4291 4286 4290
f 4290 4286 4285
f 4293 4294 4292
f 4292 4294 4295
f 4297 4298 4296
f 4296 4298 4299
f 4301 4302 4300
f 4300 4302 4303
f 4299 4304 4296
f 4296 4304 4305
f 4306 4292 4307
f 4307 4292 4295
f 4307 4308 4306
f 4306 4308 4309
f 4310 4309 4075
f 4075 4309 4308
f 4299 4298 4312
f 4312 4298 4311
f 4302 4301 4293
f 4293 4301 4294
f 3735 3921 4313
f 4313 3921 4314
f 4315 4314 3922
f 3922 4314 3921
f 4316 3945 829
f 829 3945 830
f 4289 4317 4165
f 4165 4317 4318
f 4320 4321 4319
f 4319 4321 4322
f 4324 4325 4323
f 4323 4325 4326
f 4327 4328 4330
f 4330 4328 4329
f 4290 4331 4291
f 4291 4331 4332
f 4165 4318 4166
f 4166 4318 4333
f 4334 4335 4337
f 4337 4335 4336
f 4339 4340 4338
f 4338 4340 4341
f 4168 4343 4342
f 4342 4343 4344
f 4346 4347 4345
f 4345 4347 4348
f 4350 4351 4349
f 4349 4351 4352
f 4354 4355 4353
f 4353 4355 4356
f 4357 4358 4324
f 4324 4358 4325
f 4337 4359 4334
f 4334 4359 4360
f 4362 4363 4361
f 4361 4363 4364
f 4366 4367 4365
f 4365 4367 4368
f 4369 4370 4372
f 4372 4370 4371
f 4331 4290 4374
f 4374 4290 4373
f 4373 4376 4375
f 4375 4376 4377
f 4379 4380 4378
f 4378 4380 4381
f 4217 4382 4218
f 4218 4382 4383
f 4385 4386 4384
f 4384 4386 4387
f 4388 4389 4338
f 4338 4389 4390
f 4337 4336 4392
f 4392 4336 4391
f 4394 4362 4393
f 4393 4362 4361
f 4396 4397 4395
f 4395 4397 4398
f 4400 4401 4399
f 4399 4401 4402
f 4345 4403 4346
f 4346 4403 4404
f 4405 4406 4342
f 4342 4406 4407
f 4409 4410 4408
f 4408 4410 4411
f 4408 4412 4409
f 4409 4412 4413
f 4181 4415 4414
f 4414 4415 4416
f 4182 4183 4417
f 4417 4183 4418
f 4419 4353 4311
f 4311 4353 4312
f 4421 4422 4420
f 4420 4422 4423
f 4353 4356 4312
f 4312 4356 4424
f 4166 4333 4425
f 4425 4333 4426
f 4425 4143 4166
f 4166 4143 4122
f 4427 4107 4428
f 4428 4107 4110
f 4429 4430 4174
f 4174 4430 4175
f 4335 4431 4336
f 4336 4431 4390
f 4336 4390 4391
f 4391 4390 4389
f 4432 4433 4435
f 4435 4433 4434
f 4437 4438 4436
f 4436 4438 4439
f 4441 4442 4440
f 4440 4442 4443
f 4359 4444 4361
f 4361 4444 4393
f 4446 4447 4445
f 4445 4447 4448
f 4338 4341 4388
f 4388 4341 4449
f 4450 4451 4398
f 4398 4451 4395
f 4453 4454 4452
f 4452 4454 4455
f 4457 4458 4456
f 4456 4458 4459
f 4460 4461 4448
f 4448 4461 4445
f 4463 4464 4462
f 4462 4464 4465
f 4462 4465 4466
f 4466 4465 4467
f 4468 4469 4467
f 4467 4469 4466
f 4469 4468 4470
f 4470 4468 4471
f 4472 4473 4471
f 4471 4473 4470
f 4475 4476 4474
f 4474 4476 4477
f 4479 4480 4478
f 4478 4480 4481
f 4483 4484 4482
f 4482 4484 4485
f 4487 4488 4486
f 4486 4488 4489
f 4491 4492 4490
f 4490 4492 4493
f 4494 4495 4493
f 4493 4495 4490
f 4496 4497 4494
f 4494 4497 4495
f 4497 4496 4498
f 4498 4496 4499
f 4500 4501 4503
f 4503 4501 4502
f 4505 4506 4504
f 4504 4506 4507
f 4466 4508 4462
f 4462 4508 4509
f 4470 4510 4469
f 4469 4510 4511
f 4513 4479 4512
f 4512 4479 4478
f 4515 4443 4514
f 4514 4443 4442
f 4516 4517 4519
f 4519 4517 4518
f 4521 4495 4520
f 4520 4495 4497
f 4522 4490 4521
f 4521 4490 4495
f 4491 4523 4488
f 4488 4523 4524
f 4525 4489 4524
f 4524 4489 4488
f 4484 4526 4485
f 4485 4526 4527
f 4503 4528 4500
f 4500 4528 4529
f 4530 4531 4533
f 4533 4531 4532
f 4535 4506 4534
f 4534 4506 4530
f 4486 4536 4487
f 4487 4536 4537
f 4487 4537 4492
f 4492 4537 4538
f 4494 4539 4496
f 4496 4539 4540
f 4542 4533 4541
f 4541 4533 4499
f 4544 4545 4543
f 4543 4545 4546
f 4548 4549 4547
f 4547 4549 4550
f 4536 4551 4537
f 4537 4551 4552
f 4537 4552 4538
f 4538 4552 4553
f 4554 4539 4556
f 4556 4539 4555
f 4557 4540 4554
f 4554 4540 4539
f 4559 4557 4558
f 4558 4557 4560
f 4540 4557 4541
f 4541 4557 4559
f 4562 4563 4561
f 4561 4563 4564
f 4546 4565 4543
f 4543 4565 4566
f 4547 4567 4548
f 4548 4567 4568
f 4570 4571 4569
f 4569 4571 4572
f 4574 4575 4573
f 4573 4575 4576
f 4578 4579 4577
f 4577 4579 4580
f 4582 4583 4581
f 4581 4583 4584
f 4585 4586 4588
f 4588 4586 4587
f 4589 4585 4590
f 4590 4585 4588
f 4592 4593 4591
f 4591 4593 4594
f 4596 4597 4595
f 4595 4597 4598
f 4600 4601 4599
f 4599 4601 4602
f 4563 4604 4603
f 4603 4604 4605
f 4603 4606 4608
f 4608 4606 4607
f 4609 4610 4594
f 4594 4610 4591
f 4611 4612 4614
f 4614 4612 4613
f 4616 4617 4615
f 4615 4617 4618
f 4602 4620 4619
f 4619 4620 4621
f 4619 4622 4602
f 4602 4622 4599
f 4605 4599 4623
f 4623 4599 4622
f 4605 4623 4603
f 4603 4623 4606
f 4625 4626 4624
f 4624 4626 4627
f 4438 4437 4628
f 4628 4437 4629
f 4442 4441 4630
f 4630 4441 4631
f 4630 4632 4442
f 4442 4632 4514
f 4633 4634 4529
f 4529 4634 4500
f 4500 4634 4501
f 4501 4634 4635
f 4637 4546 4636
f 4636 4546 4545
f 4639 4565 4638
f 4638 4565 4640
f 4573 4576 4641
f 4641 4576 4642
f 4593 4643 4594
f 4594 4643 4644
f 4645 4609 4644
f 4644 4609 4594
f 4647 4648 4646
f 4646 4648 4649
f 4651 4652 4650
f 4650 4652 4653
f 4654 4498 4519
f 4519 4498 4532
f 4520 4508 4521
f 4521 4508 4511
f 4522 4510 4523
f 4523 4510 4655
f 4524 4656 4525
f 4525 4656 4657
f 4514 4529 4515
f 4515 4529 4528
f 4658 4659 4661
f 4661 4659 4660
f 4496 4540 4499
f 4499 4540 4541
f 4493 4555 4494
f 4494 4555 4539
f 4549 4483 4550
f 4550 4483 4482
f 4545 4544 4501
f 4501 4544 4502
f 4636 4545 4635
f 4635 4545 4501
f 4589 4663 4662
f 4662 4663 4664
f 4662 4665 4558
f 4558 4665 4559
f 4569 4586 4570
f 4570 4586 4560
f 4552 4666 4553
f 4553 4666 4667
f 4668 4669 4670
f 4670 4669 4666
f 4672 4673 4671
f 4671 4673 4674
f 4287 4675 4288
f 4288 4675 4676
f 4678 4679 4677
f 4677 4679 4680
f 4681 4678 4682
f 4682 4678 4677
f 4682 4683 4681
f 4681 4683 4684
f 4161 4164 4685
f 4685 4164 4686
f 4414 4687 4689
f 4689 4687 4688
f 4405 4690 4346
f 4346 4690 4347
f 4691 4399 4693
f 4693 4399 4692
f 1209 4694 4365
f 4365 4694 4366
f 4650 1211 4651
f 4651 1211 1210
f 4695 4696 4255
f 4255 4696 4256
f 4697 4698 4218
f 4218 4698 4215
f 4700 4701 4699
f 4699 4701 4702
f 4703 4704 4303
f 4303 4704 4300
f 4315 3922 4316
f 4316 3922 3945
f 4653 4706 4705
f 4705 4706 4707
f 4709 4710 4708
f 4708 4710 4711
f 4335 4334 4713
f 4713 4334 4712
f 4714 4340 4321
f 4321 4340 4322
f 4716 4717 4715
f 4715 4717 4718
f 4238 4241 4719
f 4719 4241 4720
f 4231 4721 4307
f 4307 4721 4308
f 4723 4724 4722
f 4722 4724 4725
f 4727 4728 4726
f 4726 4728 4729
f 4730 4731 4327
f 4327 4731 4328
f 4733 4734 4732
f 4732 4734 4735
f 4720 4381 4736
f 4736 4381 4737
f 4738 4739 4741
f 4741 4739 4740
f 4743 4744 4742
f 4742 4744 4745
f 4338 4390 4339
f 4339 4390 4431
f 4746 4747 4431
f 4431 4747 4339
f 4291 4332 4289
f 4289 4332 4317
f 4289 4209 4291
f 4291 4209 4286
f 4287 4286 4210
f 4210 4286 4209
f 4749 4750 4748
f 4748 4750 4751
f 4212 4284 4752
f 4752 4284 4753
f 4752 4754 4212
f 4212 4754 4213
f 4252 4251 4225
f 4225 4251 4226
f 4227 4230 4248
f 4248 4230 4249
f 4205 4755 4757
f 4757 4755 4756
f 4708 4711 4758
f 4758 4711 4647
f 4367 4366 4759
f 4759 4366 4760
f 4526 4513 4527
f 4527 4513 4512
f 4420 4423 4385
f 4385 4423 4386
f 4705 4761 4653
f 4653 4761 4650
f 4761 1279 4650
f 4650 1279 1211
f 4762 4763 3944
f 3944 4763 3936
f 4274 4273 4765
f 4765 4273 4764
f 4767 4768 4766
f 4766 4768 4769
f 4770 4771 4769
f 4769 4771 4766
f 4771 4770 4242
f 4242 4770 4243
f 4093 4163 4094
f 4094 4163 4162
f 4772 4773 4775
f 4775 4773 4774
f 4777 4778 4776
f 4776 4778 4779
f 4417 4185 4182
f 4182 4185 4184
f 4780 4078 4781
f 4781 4078 4077
f 4781 4077 4782
f 4782 4077 4189
f 4188 4783 4189
f 4189 4783 4782
f 4295 4232 4307
f 4307 4232 4231
f 4785 4786 4784
f 4784 4786 4787
f 4784 1307 4785
f 4785 1307 1306
f 4078 4780 4096
f 4096 4780 4097
f 4075 4074 4310
f 4310 4074 4788
f 4788 4074 4789
f 4789 4074 4191
f 4789 4191 4059
f 4059 4191 4790
f 4791 4277 4792
f 4792 4277 4278
f 3732 3735 4793
f 4793 3735 4313
f 4793 4794 3732
f 3732 4794 3731
f 4792 4795 4791
f 4791 4795 4796
f 4797 4798 4799
f 4799 4798 4724
f 4763 4800 3936
f 3936 4800 3935
f 4801 4062 3729
f 3729 4062 3730
f 4713 4712 4802
f 4802 4712 4803
f 4146 4804 4119
f 4119 4804 4805
f 4498 4654 4497
f 4497 4654 4520
f 4806 4807 1326
f 1326 4807 1327
f 4689 4688 1330
f 1330 4688 1331
f 4801 4789 4062
f 4062 4789 4059
f 3730 4062 4808
f 4808 4062 4061
f 4810 4811 4809
f 4809 4811 4812
f 4813 4403 4814
f 4814 4403 4345
f 4815 4816 4349
f 4349 4816 4350
f 4817 4818 4820
f 4820 4818 4819
f 4406 4821 4407
f 4407 4821 4822
f 4823 4161 4824
f 4824 4161 4685
f 4181 4414 4825
f 4825 4414 4689
f 4741 4740 4826
f 4826 4740 4827
f 4828 4829 4827
f 4827 4829 4826
f 4142 4141 4415
f 4415 4141 4148
f 4830 1354 4761
f 4761 1354 1279
f 4832 4833 4831
f 4831 4833 4834
f 4835 4836 4626
f 4626 4836 4421
f 4451 4709 4395
f 4395 4709 4708
f 4627 4420 4837
f 4837 4420 4385
f 4837 1365 4838
f 4838 1365 1364
f 4397 4396 4839
f 4839 4396 4840
f 4842 4628 4841
f 4841 4628 4629
f 4671 4674 4631
f 4631 4674 4630
f 4674 4659 4630
f 4630 4659 4632
f 4633 4632 4658
f 4658 4632 4659
f 4658 4504 4633
f 4633 4504 4634
f 4635 4634 4507
f 4507 4634 4504
f 4843 4636 4507
f 4507 4636 4635
f 4844 4637 4843
f 4843 4637 4636
f 4637 4844 4640
f 4640 4844 4664
f 4638 4663 4642
f 4642 4663 4845
f 4847 4643 4846
f 4846 4643 4641
f 4644 4848 4645
f 4645 4848 4849
f 4851 4852 4850
f 4850 4852 4853
f 4855 4856 4854
f 4854 4856 4857
f 4859 4860 4858
f 4858 4860 4857
f 4715 4718 4859
f 4859 4718 4860
f 4862 4863 4861
f 4861 4863 4864
f 4866 4867 4865
f 4865 4867 4868
f 4870 4871 4869
f 4869 4871 4872
f 4869 4872 4116
f 4116 4872 4117
f 4820 4819 4874
f 4874 4819 4873
f 4876 4877 4875
f 4875 4877 4878
f 4880 4881 4879
f 4879 4881 4882
f 4884 4885 4883
f 4883 4885 4886
f 4887 4888 4280
f 4280 4888 4281
f 4818 4817 4889
f 4889 4817 4890
f 4891 4193 4823
f 4823 4193 4192
f 4892 4893 4228
f 4228 4893 4229
f 4158 4157 4894
f 4894 4157 4895
f 4896 4897 4132
f 4132 4897 4133
f 4099 4683 4100
f 4100 4683 4682
f 4101 4100 4899
f 4899 4100 4898
f 4150 4106 4147
f 4147 4106 4900
f 4100 4682 4898
f 4898 4682 4677
f 4080 4082 4187
f 4187 4082 4184
f 4077 4080 4189
f 4189 4080 4187
f 4191 4190 4790
f 4790 4190 4901
f 4177 4158 4680
f 4680 4158 4894
f 4108 4136 4752
f 4752 4136 4754
f 4752 4753 4108
f 4108 4753 4109
f 4817 4902 4890
f 4890 4902 4903
f 4904 4905 4907
f 4907 4905 4906
f 4909 4910 4908
f 4908 4910 4911
f 4913 4914 4912
f 4912 4914 4915
f 4916 4917 4919
f 4919 4917 4918
f 4312 4424 4299
f 4299 4424 4304
f 4920 4921 4297
f 4297 4921 4298
f 4194 4922 4167
f 4167 4922 4923
f 4924 4400 4691
f 4691 4400 4399
f 4395 4708 4396
f 4396 4708 4758
f 4367 4925 4368
f 4368 4925 4926
f 4919 4918 4873
f 4873 4918 4874
f 4836 4927 4421
f 4421 4927 4422
f 4921 4928 4298
f 4298 4928 4311
f 4143 4146 4122
f 4122 4146 4119
f 4929 4930 4455
f 4455 4930 4452
f 4932 4933 4931
f 4931 4933 4934
f 4935 4936 4932
f 4932 4936 4933
f 4461 4460 4457
f 4457 4460 4458
f 4480 4479 4475
f 4475 4479 4476
f 4660 4673 4517
f 4517 4673 4937
f 4661 4505 4658
f 4658 4505 4504
f 4484 4483 4489
f 4489 4483 4486
f 4462 4509 4463
f 4463 4509 4518
f 4469 4511 4466
f 4466 4511 4508
f 4655 4473 4656
f 4656 4473 4477
f 4476 4657 4477
f 4477 4657 4656
f 4479 4513 4476
f 4476 4513 4657
f 4489 4525 4484
f 4484 4525 4526
f 4483 4549 4486
f 4486 4549 4536
f 4549 4548 4536
f 4536 4548 4551
f 4548 4568 4551
f 4551 4568 4670
f 4663 4589 4845
f 4845 4589 4590
f 4668 4577 4938
f 4938 4577 4580
f 4940 4938 4939
f 4939 4938 4941
f 4940 4942 4669
f 4669 4942 4943
f 4587 4582 4944
f 4944 4582 4581
f 4848 4847 4608
f 4608 4847 4564
f 4616 4945 4613
f 4613 4945 4598
f 4615 4946 4616
f 4616 4946 4945
f 4947 4939 4948
f 4948 4939 4946
f 4599 4605 4600
f 4600 4605 4604
f 4608 4607 4848
f 4848 4607 4849
f 4613 4612 4616
f 4616 4612 4617
f 4835 4949 4709
f 4709 4949 4710
f 4357 1477 4837
f 4837 1477 1365
f 4712 4950 4803
f 4803 4950 4951
f 4401 4952 4402
f 4402 4952 4953
f 4759 4760 4402
f 4402 4760 4399
f 4508 4520 4509
f 4509 4520 4654
f 4510 4522 4511
f 4511 4522 4521
f 4513 4526 4657
f 4657 4526 4525
f 4632 4633 4514
f 4514 4633 4529
f 4931 4934 4453
f 4453 4934 4454
f 4153 4954 4154
f 4154 4954 4955
f 4957 4958 4956
f 4956 4958 4959
f 4961 4962 4960
f 4960 4962 4963
f 4120 4964 4210
f 4210 4964 4965
f 4967 4968 4966
f 4966 4968 4969
f 4349 4692 4815
f 4815 4692 4970
f 4652 4971 4653
f 4653 4971 4706
f 4758 4647 4972
f 4972 4647 4646
f 4973 4363 4646
f 4646 4363 4972
f 4950 4360 4974
f 4974 4360 4364
f 4431 4335 4746
f 4746 4335 4713
f 4358 4714 4325
f 4325 4714 4321
f 4765 4764 4266
f 4266 4764 4975
f 4202 4976 4203
f 4203 4976 4977
f 4917 4978 4918
f 4918 4978 4979
f 4279 4282 4854
f 4854 4282 4269
f 4820 4880 4817
f 4817 4880 4902
f 4890 4903 4980
f 4980 4903 4886
f 4982 4983 4981
f 4981 4983 4123
f 4795 4851 4796
f 4796 4851 4850
f 4918 4979 4874
f 4874 4979 4881
f 4809 4404 4810
f 4810 4404 4403
f 4354 4985 4984
f 4984 4985 4986
f 1364 1516 4838
f 4838 1516 4987
f 4759 4988 4367
f 4367 4988 4925
f 4989 4990 4481
f 4481 4990 4478
f 4443 4515 4990
f 4990 4515 4991
f 4527 4512 4992
f 4992 4512 4991
f 4528 4503 4992
f 4992 4503 4993
f 4993 4994 4485
f 4485 4994 4482
f 4544 4995 4502
f 4502 4995 4994
f 4995 4996 4550
f 4550 4996 4547
f 4998 4999 4997
f 4997 4999 4566
f 4998 5000 4578
f 4578 5000 4579
f 5001 5002 4596
f 4596 5002 4597
f 5003 4591 5004
f 5004 4591 4610
f 4626 4421 4627
f 4627 4421 4420
f 4837 4838 4627
f 4627 4838 4624
f 4761 4705 4830
f 4830 4705 5005
f 4705 4707 5005
f 5005 4707 5006
f 4308 4721 4075
f 4075 4721 4076
f 5007 4200 4797
f 4797 4200 4798
f 4685 4686 5008
f 5008 4686 5009
f 4889 4890 5010
f 5010 4890 4980
f 4323 1541 4324
f 4324 1541 1540
f 4385 4384 4358
f 4358 4384 4714
f 4396 4758 4840
f 4840 4758 4972
f 4866 4852 5011
f 5011 4852 5012
f 5013 4260 4980
f 4980 4260 5010
f 4875 4878 5014
f 5014 4878 5015
f 5017 5018 5016
f 5016 5018 5019
f 5016 5019 5020
f 5020 5019 5021
f 5023 5024 5022
f 5022 5024 5025
f 5027 5028 5026
f 5026 5028 5029
f 5031 5032 5030
f 5030 5032 5033
f 5035 5036 5034
f 5034 5036 5037
f 5039 5040 5038
f 5038 5040 5041
f 5043 5044 5042
f 5042 5044 5045
f 5038 5046 5039
f 5039 5046 5047
f 5049 5050 5048
f 5048 5050 5051
f 5053 5054 5052
f 5052 5054 5055
f 5057 5024 5056
f 5056 5024 5058
f 5060 5061 5059
f 5059 5061 5062
f 5064 5065 5063
f 5063 5065 5066
f 5043 5050 5064
f 5064 5050 5065
f 5038 5041 5067
f 5067 5041 5068
f 5070 5071 5069
f 5069 5071 5072
f 5074 5075 5073
f 5073 5075 5076
f 5034 5077 5035
f 5035 5077 5078
f 5080 5081 5079
f 5079 5081 5082
f 5084 5085 5083
f 5083 5085 5086
f 5085 5084 5087
f 5087 5084 5088
f 5090 5091 5089
f 5089 5091 5092
f 5094 5095 5093
f 5093 5095 5096
f 5098 5099 5097
f 5097 5099 5100
f 5102 5103 5101
f 5101 5103 5104
f 5105 5106 5108
f 5108 5106 5107
f 5110 5111 5109
f 5109 5111 5112
f 5114 5094 5113
f 5113 5094 5093
f 5116 5117 5115
f 5115 5117 5118
f 5120 5121 5119
f 5119 5121 5122
f 5124 5125 5123
f 5123 5125 5126
f 5128 5129 5127
f 5127 5129 5130
f 5097 5131 5098
f 5098 5131 5132
f 5134 5135 5133
f 5133 5135 5122
f 5084 5125 5088
f 5088 5125 5136
f 5138 5139 5137
f 5137 5139 5140
f 5142 5102 5141
f 5141 5102 5101
f 5106 5143 5107
f 5107 5143 5144
f 5146 5147 5145
f 5145 5147 5148
f 5149 5150 5109
f 5109 5150 5110
f 5151 5110 5152
f 5152 5110 5150
f 4715 5140 4716
f 4716 5140 5139
f 5143 4870 5144
f 5144 4870 4869
f 4115 5146 4116
f 4116 5146 5145
f 4791 4796 5149
f 5149 4796 5150
f 4796 4850 5150
f 5150 4850 5152
f 4858 5142 4859
f 4859 5142 5141
f 5153 5154 5115
f 5115 5154 5105
f 5156 5157 5155
f 5155 5157 5158
f 5159 5160 5053
f 5053 5160 5054
f 5161 5162 5020
f 5020 5162 5068
f 5026 5029 5163
f 5163 5029 5021
f 5083 5086 5164
f 5164 5086 5165
f 5090 5167 5166
f 5166 5167 5168
f 5169 5170 5172
f 5172 5170 5171
f 5174 5175 5173
f 5173 5175 5176
f 5177 5109 5178
f 5178 5109 5112
f 5179 5180 5182
f 5182 5180 5181
f 5123 5126 5120
f 5120 5126 5121
f 5180 5167 5181
f 5181 5167 5183
f 5184 5185 5179
f 5179 5185 5180
f 5186 5149 5177
f 5177 5149 5109
f 4868 5184 4865
f 4865 5184 5179
f 5188 5189 5187
f 5187 5189 5190
f 4277 4791 5186
f 5186 4791 5149
f 5179 5182 4865
f 4865 5182 4853
f 5189 4862 5190
f 5190 4862 4861
f 5156 5075 5191
f 5191 5075 5192
f 5036 5035 5193
f 5193 5035 5194
f 5115 5118 5153
f 5153 5118 5195
f 5022 5025 5196
f 5196 5025 5197
f 5155 5158 5069
f 5069 5158 5062
f 5063 5066 5198
f 5198 5066 5199
f 5073 5076 5200
f 5200 5076 5072
f 5202 5131 5201
f 5201 5131 5203
f 5143 5106 5204
f 5204 5106 5205
f 5114 5113 5206
f 5206 5113 5127
f 5098 5132 5193
f 5193 5132 5195
f 5204 5207 5143
f 5143 5207 4870
f 5088 5136 5208
f 5208 5136 5092
f 5209 5210 5089
f 5089 5210 5183
f 5211 5018 5060
f 5060 5018 5061
f 5017 5040 5070
f 5070 5040 5071
f 5191 5160 5156
f 5156 5160 5157
f 5048 5028 5049
f 5049 5028 5058
f 5207 5204 4858
f 4858 5204 5142
f 4859 5141 4715
f 4715 5141 5140
f 5212 5162 5042
f 5042 5162 5051
f 5182 5152 4853
f 4853 5152 4850
f 5214 5134 5213
f 5213 5134 5133
f 5164 5165 5133
f 5133 5165 5213
f 5215 5216 5201
f 5201 5216 5217
f 5147 5218 5148
f 5148 5218 5219
f 5147 5177 5218
f 5218 5177 5178
f 5141 5101 5140
f 5140 5101 5137
f 5201 5217 5202
f 5202 5217 5104
f 5146 5186 5147
f 5147 5186 5177
f 4277 5186 4115
f 4115 5186 5146
f 5191 5192 5031
f 5031 5192 5032
f 5052 5055 5220
f 5220 5055 5197
f 4116 5145 4869
f 4869 5145 5144
f 5034 5037 5214
f 5214 5037 5134
f 5097 5100 5114
f 5114 5100 5094
f 5108 5107 5219
f 5219 5107 5148
f 5221 5135 5116
f 5116 5135 5117
f 5124 5111 5209
f 5209 5111 5210
f 5107 5144 5148
f 5148 5144 5145
f 5152 5182 5151
f 5151 5182 5181
f 5208 5222 5088
f 5088 5222 5087
f 5222 5208 5171
f 5171 5208 5172
f 5223 1756 4698
f 4698 1756 1755
f 4427 5224 4107
f 4107 5224 4135
f 4178 4679 5225
f 5225 4679 5226
f 5227 5228 4892
f 4892 5228 4893
f 5229 5230 4171
f 4171 5230 4172
f 4855 4268 4884
f 4884 4268 4885
f 4884 4871 4855
f 4855 4871 4856
f 4684 5231 4896
f 4896 5231 4897
f 4768 4767 5009
f 5009 4767 5008
f 5205 5154 5102
f 5102 5154 5103
f 5099 5098 5194
f 5194 5098 5193
f 5198 5199 5079
f 5079 5199 5033
f 5102 5142 5205
f 5205 5142 5204
f 5224 4427 4681
f 4681 4427 4678
f 3712 3711 5232
f 5232 3711 5233
f 3968 3988 3963
f 3963 3988 3964
f 3976 4044 3972
f 3972 4044 3985
f 4038 4037 4036
f 4036 4037 4033
f 4794 4762 3731
f 3731 4762 3944
f 3731 3944 3722
f 3722 3944 3810
f 3874 5234 5232
f 5232 5234 3712
f 3906 3905 3867
f 3867 3905 4011
f 3904 4023 3905
f 3905 4023 4011
f 3719 3722 3811
f 3811 3722 3810
f 3812 3719 3687
f 3687 3719 3811
f 3716 3812 3686
f 3686 3812 3687
f 3713 3716 3685
f 3685 3716 3686
f 4810 4403 5235
f 5235 4403 4813
f 4345 1770 4814
f 4814 1770 1769
f 4067 4066 4058
f 4058 4066 5236
f 4043 4068 4049
f 4049 4068 4050
f 4034 5237 3989
f 3989 5237 3990
f 4031 4030 4072
f 4072 4030 4005
f 4003 4004 4002
f 4002 4004 4032
f 4004 4005 4032
f 4032 4005 4030
f 4067 4064 4068
f 4068 4064 4050
f 4058 4057 4067
f 4067 4057 4064
f 4035 4034 5238
f 5238 4034 3989
f 5236 5239 4058
f 4058 5239 5240
f 5234 3874 5241
f 5241 3874 3873
f 5241 3873 3881
f 3881 3873 3878
f 4800 4763 4788
f 4788 4763 4310
f 4763 4762 4310
f 4310 4762 4309
f 4762 4794 4309
f 4309 4794 4306
f 4794 4793 4306
f 4306 4793 4292
f 4293 4313 4302
f 4302 4313 4314
f 4302 4314 4303
f 4303 4314 4315
f 4303 4315 4703
f 4703 4315 4316
f 4035 4069 4043
f 4043 4069 4068
f 4324 1540 4357
f 4357 1540 1477
f 5232 3987 3874
f 3874 3987 3871
f 3987 5232 4013
f 4013 5232 5233
f 4013 5233 4014
f 4014 5233 5242
f 3888 4015 3865
f 3865 4015 4007
f 3866 4008 5243
f 5243 4008 4016
f 3873 5244 3878
f 3878 5244 3875
f 3965 5244 3872
f 3872 5244 3873
f 3876 3875 3965
f 3965 3875 5244
f 5243 4016 5242
f 5242 4016 4014
f 5246 5247 5245
f 5245 5247 5248
f 3576 3950 3577
f 3577 3950 3926
f 3584 3842 3585
f 3585 3842 3580
f 5249 5247 1784
f 1784 5247 1785
f 5250 5251 5253
f 5253 5251 5252
f 5255 5252 5254
f 5254 5252 5256
f 5254 5256 5258
f 5258 5256 5257
f 5258 5257 5260
f 5260 5257 5259
f 4356 5261 4424
f 4424 5261 5259
f 4355 5262 4356
f 4356 5262 5261
f 4924 5264 5263
f 5263 5264 5265
f 4693 5266 4691
f 4691 5266 5267
f 4351 5268 4352
f 4352 5268 5269
f 1808 1807 4351
f 4351 1807 5268
f 3580 3842 3581
f 3799 3802 3838
f 4800 4788 4801
f 4801 4788 4789
f 3729 3935 4801
f 4801 3935 4800
f 3728 3666 3729
f 3729 3666 3935
f 3728 3798 3666
f 3666 3798 3663
f 3798 3818 3663
f 3663 3818 3809
f 3818 3817 3809
f 3809 3817 3808
f 3796 3655 3817
f 3817 3655 3808
f 3615 3568 3796
f 3796 3568 3655
f 3573 3569 3615
f 3615 3569 3568
f 3572 3613 3573
f 3573 3613 3569
f 3792 3606 3572
f 3572 3606 3613
f 3607 3791 3949
f 3949 3791 3591
f 3590 3950 3591
f 3591 3950 3949
f 3805 3926 3590
f 3590 3926 3950
f 3804 3559 3805
f 3805 3559 3926
f 3804 3914 3559
f 3559 3914 3560
f 3924 3789 3913
f 3913 3789 3788
f 3924 3928 3789
f 3789 3928 3826
f 3928 3927 3826
f 3826 3927 3827
f 3927 3834 3827
f 3827 3834 3835
f 4079 4078 5270
f 5270 4078 5007
f 5271 5272 4233
f 4233 5272 5273
f 5275 5276 5274
f 5274 5276 5277
f 5278 5279 4236
f 4236 5279 4237
f 5278 5280 5271
f 5271 5280 5272
f 4235 5281 4236
f 4236 5281 5282
f 5284 5285 5283
f 5283 5285 5286
f 5288 5289 5287
f 5287 5289 5290
f 5292 5293 5291
f 5291 5293 5294
f 5287 5290 4726
f 4726 5290 5295
f 4293 4292 4313
f 4313 4292 4793
f 4720 4736 4719
f 4719 4736 5296
f 5297 4909 5298
f 5298 4909 4908
f 5299 5300 4976
f 4976 5300 5301
f 5302 4202 5303
f 5303 4202 4201
f 5304 5305 4983
f 4983 5305 5306
f 5308 5309 5307
f 5307 5309 5310
f 4722 4725 5283
f 5283 4725 5311
f 5291 5294 4125
f 4125 5294 4126
f 5313 5314 5312
f 5312 5314 5315
f 5316 5317 5319
f 5319 5317 5318
f 5321 5308 5320
f 5320 5308 5307
f 4819 4981 4873
f 4873 4981 5322
f 4981 4123 5322
f 5322 4123 4126
f 5324 5325 5323
f 5323 5325 5326
f 4764 5327 4975
f 4975 5327 5328
f 4172 5327 4169
f 4169 5327 5329
f 4768 4171 4769
f 4769 4171 4170
f 4243 4755 4244
f 4244 4755 5330
f 4755 4205 5330
f 5330 4205 4208
f 4206 4906 4207
f 4207 4906 4905
f 4686 5014 5009
f 5009 5014 5229
f 4756 4770 4170
f 4170 4770 4769
f 4170 4169 4756
f 4756 4169 4757
f 4273 5329 4764
f 4764 5329 5327
f 4276 5331 4273
f 4273 5331 5329
f 4770 4756 4243
f 4243 4756 4755
f 5333 4889 5332
f 5332 4889 5010
f 4877 5332 4878
f 4878 5332 4259
f 4875 4164 4876
f 4876 4164 4163
f 5334 5335 5324
f 5324 5335 5325
f 4983 5306 4123
f 4123 5306 4124
f 4818 4982 4819
f 4819 4982 4981
f 5332 5010 4259
f 4259 5010 4260
f 5014 4686 4875
f 4875 4686 4164
f 4171 4768 5229
f 5229 4768 5009
f 5337 4916 5336
f 5336 4916 4919
f 5293 5337 5294
f 5294 5337 5336
f 4982 4818 5333
f 5333 4818 4889
f 5338 5339 4262
f 4262 5339 5340
f 5307 5310 5338
f 5338 5310 5339
f 5341 5342 4204
f 4204 5342 5309
f 5336 4919 5322
f 5322 4919 4873
f 5294 5336 4126
f 4126 5336 5322
f 5323 5326 5343
f 5343 5326 5286
f 4914 5344 4915
f 4915 5344 5345
f 5312 5315 5344
f 5344 5315 5345
f 5347 5348 5346
f 5346 5348 5349
f 5350 5351 4832
f 4832 5351 4833
f 5352 5353 5349
f 5349 5353 5346
f 5354 5338 4265
f 4265 5338 4262
f 5320 5307 5354
f 5354 5307 5338
f 4201 5308 5303
f 5303 5308 5321
f 5356 5357 5355
f 5355 5357 4799
f 5358 5359 5334
f 5334 5359 5335
f 5358 5360 4093
f 4093 5360 4163
f 5360 5305 4163
f 4163 5305 4876
f 5305 5304 4876
f 4876 5304 4877
f 5270 4778 4079
f 4079 4778 4081
f 4779 5361 4774
f 4774 5361 5357
f 5356 5359 4775
f 4775 5359 4092
f 5333 5304 4982
f 4982 5304 4983
f 5332 4877 5333
f 5333 4877 5304
f 5015 4258 5230
f 5230 4258 5328
f 5327 4172 5328
f 5328 4172 5230
f 4169 5329 4757
f 4757 5329 5331
f 4757 5331 4205
f 4205 5331 4206
f 5331 4276 4206
f 4206 4276 4906
f 4276 4275 4906
f 4906 4275 4907
f 4275 4888 4907
f 4907 4888 4744
f 4887 4717 4745
f 4745 4717 4864
f 4716 5139 4861
f 4861 5139 5190
f 5139 5138 5190
f 5190 5138 5187
f 5138 5216 5187
f 5187 5216 5176
f 5215 5362 5173
f 5173 5362 5130
f 5364 5365 5363
f 5363 5365 5340
f 4742 4863 5366
f 5366 4863 4867
f 4862 5189 4868
f 4868 5189 5184
f 5189 5188 5184
f 5184 5188 5185
f 5188 5175 5185
f 5185 5175 5168
f 3560 3788 3561
f 3561 3788 3790
f 3596 3595 3608
f 3608 3595 3594
f 3598 3582 3595
f 3595 3582 3592
f 3600 3609 3601
f 3601 3609 3611
f 3602 3601 3612
f 3612 3601 3611
f 3606 3605 3613
f 3613 3605 3614
f 3793 5367 3794
f 3794 5367 5368
f 3598 3597 3600
f 3600 3597 3609
f 3793 3792 3575
f 3575 3792 3572
f 3561 3594 3558
f 3558 3594 3593
f 3807 3915 3804
f 3804 3915 3914
f 3916 3915 5370
f 5370 3915 5369
f 3602 3605 3603
f 3603 3605 3604
f 3606 3792 3607
f 3607 3792 3791
f 3914 3913 3560
f 3560 3913 3788
f 5174 5129 5166
f 5166 5129 5371
f 5170 5169 5093
f 5093 5169 5113
f 5166 5371 5090
f 5090 5371 5091
f 5128 5169 5372
f 5372 5169 5172
f 5127 5113 5128
f 5128 5113 5169
f 5114 5206 5203
f 5203 5206 5362
f 5200 5373 5073
f 5073 5373 5096
f 5374 5375 5200
f 5200 5375 5373
f 5039 5047 5374
f 5374 5047 5375
f 5087 5046 5085
f 5085 5046 5376
f 5212 5377 5067
f 5067 5377 5376
f 5042 5045 5212
f 5212 5045 5377
f 5064 5378 5043
f 5043 5378 5044
f 5063 5077 5064
f 5064 5077 5378
f 5079 5082 5198
f 5198 5082 5078
f 5099 5081 5100
f 5100 5081 5379
f 5100 5379 5094
f 5094 5379 5095
f 5381 5382 5380
f 5380 5382 5383
f 5385 5386 5384
f 5384 5386 5383
f 5385 5387 5386
f 5386 5387 5388
f 5390 5391 5389
f 5389 5391 5392
f 5393 5394 5396
f 5396 5394 5395
f 5398 5399 5397
f 5397 5399 5400
f 5402 5403 5401
f 5401 5403 5404
f 5406 5407 5405
f 5405 5407 5404
f 5408 5409 5163
f 5163 5409 5410
f 5411 5412 5414
f 5414 5412 5413
f 5057 5416 5415
f 5415 5416 5417
f 5393 5416 5418
f 5418 5416 5419
f 5396 5395 5420
f 5420 5395 5421
f 5423 5424 5422
f 5422 5424 5425
f 5415 5417 5220
f 5220 5417 5426
f 5418 5391 5393
f 5393 5391 5394
f 5414 5388 5411
f 5411 5388 5392
f 5059 5427 5060
f 5060 5427 5428
f 5423 5427 5429
f 5429 5427 5430
f 5432 5382 5431
f 5431 5382 5425
f 5429 5407 5423
f 5423 5407 5424
f 5380 5409 5381
f 5381 5409 5433
f 5381 5433 5422
f 5422 5433 5428
f 5027 5412 5056
f 5056 5412 5419
f 5435 5436 5434
f 5434 5436 5437
f 5159 5439 5438
f 5438 5439 5440
f 5053 5436 5159
f 5159 5436 5439
f 5441 5403 5398
f 5398 5403 5399
f 5163 5410 5026
f 5026 5410 5413
f 5438 5440 5442
f 5442 5440 5430
f 5444 5445 5443
f 5443 5445 5446
f 5447 5448 5450
f 5450 5448 5449
f 5451 5446 5452
f 5452 5446 5445
f 5454 5455 5453
f 5453 5455 5451
f 5456 5454 5458
f 5458 5454 5457
f 5460 5461 5459
f 5459 5461 5462
f 5464 5465 5463
f 5463 5465 5466
f 5468 5469 5467
f 5467 5469 5470
f 5472 5473 5471
f 5471 5473 5474
f 5475 5476 5478
f 5478 5476 5477
f 5479 5480 5482
f 5482 5480 5481
f 5483 5484 5448
f 5448 5484 5485
f 5448 5485 5449
f 5449 5485 5486
f 5487 5476 5488
f 5488 5476 5475
f 5490 5491 5489
f 5489 5491 5492
f 5494 5495 5493
f 5493 5495 5496
f 5498 5494 5497
f 5497 5494 5493
f 5500 5501 5499
f 5499 5501 5502
f 5503 5504 5446
f 5446 5504 5443
f 5506 5507 5505
f 5505 5507 5508
f 5510 5511 5509
f 5509 5511 5512
f 5514 5515 5513
f 5513 5515 5516
f 5518 5519 5517
f 5517 5519 5520
f 5495 5521 5496
f 5496 5521 5522
f 5524 5525 5523
f 5523 5525 5526
f 5527 5528 5494
f 5494 5528 5495
f 5499 5502 5529
f 5529 5502 5530
f 5531 5532 5485
f 5485 5532 5486
f 5485 5484 5531
f 5531 5484 5533
f 5482 5481 5534
f 5534 5481 5535
f 5536 5512 5506
f 5506 5512 5511
f 5455 5503 5451
f 5451 5503 5446
f 5467 5470 5511
f 5511 5470 5537
f 5538 5467 5510
f 5510 5467 5511
f 5540 5541 5539
f 5539 5541 5542
f 5543 5544 5546
f 5546 5544 5545
f 5548 5472 5547
f 5547 5472 5471
f 5493 5496 5549
f 5549 5496 5550
f 5496 5522 5550
f 5550 5522 5551
f 5553 5554 5552
f 5552 5554 5555
f 5557 5447 5556
f 5556 5447 5558
f 5557 5483 5447
f 5447 5483 5448
f 5478 5477 5553
f 5553 5477 5559
f 5477 5560 5559
f 5559 5560 5561
f 5476 5562 5477
f 5477 5562 5560
f 5476 5487 5562
f 5562 5487 5563
f 5560 5564 5561
f 5561 5564 5565
f 5564 5560 5566
f 5566 5560 5562
f 5563 5567 5562
f 5562 5567 5566
f 5569 5521 5568
f 5568 5521 5570
f 5481 5572 5571
f 5571 5572 5573
f 5574 5535 5571
f 5571 5535 5481
f 5576 5577 5575
f 5575 5577 5578
f 5579 5580 5456
f 5456 5580 5581
f 5475 5582 5488
f 5488 5582 5583
f 5584 5536 5505
f 5505 5536 5506
f 5585 5586 5588
f 5588 5586 5587
f 5590 5591 5589
f 5589 5591 5592
f 5519 5593 5520
f 5520 5593 5594
f 5595 5596 5462
f 5462 5596 5597
f 5599 5600 5598
f 5598 5600 5514
f 5602 5603 5601
f 5601 5603 5604
f 5524 5543 5525
f 5525 5543 5546
f 5543 5524 5606
f 5606 5524 5605
f 5607 5608 5500
f 5500 5608 5501
f 5610 5551 5609
f 5609 5551 5522
f 5611 5510 5598
f 5598 5510 5509
f 5612 5597 5457
f 5457 5597 5458
f 5510 5611 5538
f 5538 5611 5613
f 5580 5508 5581
f 5581 5508 5507
f 5615 5616 5614
f 5614 5616 5617
f 5619 5620 5618
f 5618 5620 5621
f 5623 5624 5622
f 5622 5624 5625
f 5627 5624 5626
f 5626 5624 5623
f 5629 5630 5628
f 5628 5630 5631
f 5633 5634 5632
f 5632 5634 5466
f 5635 5636 5463
f 5463 5636 5637
f 5523 5638 5524
f 5524 5638 5605
f 5639 5640 5641
f 5641 5640 5595
f 5611 5513 5613
f 5613 5513 5642
f 5643 5586 5608
f 5608 5586 5501
f 5622 5625 5590
f 5590 5625 5591
f 5598 5514 5611
f 5611 5514 5513
f 5645 5646 5644
f 5644 5646 5647
f 5620 5619 5491
f 5491 5619 5648
f 5649 5643 5492
f 5492 5643 5608
f 5650 5651 5653
f 5653 5651 5652
f 5463 5466 5635
f 5635 5466 5634
f 5597 5612 5462
f 5462 5612 5459
f 5635 5634 5523
f 5523 5634 5638
f 5654 5638 5633
f 5633 5638 5634
f 5655 5656 5525
f 5525 5656 5526
f 5658 5659 5657
f 5657 5659 5527
f 5660 5464 5637
f 5637 5464 5463
f 5632 5466 5661
f 5661 5466 5465
f 5661 5662 5632
f 5632 5662 5658
f 5662 5663 5658
f 5658 5663 5659
f 5665 5659 5664
f 5664 5659 5663
f 5632 5658 5633
f 5633 5658 5657
f 5666 5629 5530
f 5530 5629 5667
f 5528 5527 5665
f 5665 5527 5659
f 5668 5669 5570
f 5570 5669 5568
f 5669 5668 5670
f 5670 5668 5671
f 5646 5672 5673
f 5672 5674 5673
f 5673 5674 5675
f 5674 5460 5675
f 5675 5460 5459
f 5461 5676 5462
f 5462 5676 5595
f 5677 5678 5680
f 5680 5678 5679
f 5628 5681 5629
f 5629 5681 5667
f 5682 5529 5667
f 5667 5529 5530
f 5675 5459 5683
f 5683 5459 5612
f 5585 5666 5502
f 5502 5666 5530
f 5589 5684 5602
f 5602 5684 5603
f 5646 5645 5663
f 5663 5645 5664
f 5685 5647 5673
f 5673 5647 5646
f 5686 5687 5683
f 5683 5687 5685
f 5688 5689 5533
f 5533 5689 5531
f 5690 5691 5535
f 5535 5691 5534
f 5692 5690 5574
f 5574 5690 5535
f 5685 5687 5689
f 5689 5687 5693
f 5489 5694 5490
f 5490 5694 5695
f 5690 5692 5696
f 5696 5692 5697
f 5696 5644 5690
f 5690 5644 5691
f 5447 5450 5558
f 5558 5450 5698
f 5699 5700 5642
f 5642 5700 5613
f 5701 5702 5540
f 5540 5702 5541
f 5431 5703 5432
f 5432 5703 5697
f 5385 5384 5574
f 5574 5384 5692
f 5389 5387 5573
f 5573 5387 5571
f 5565 5390 5573
f 5573 5390 5389
f 5390 5565 5704
f 5704 5565 5564
f 5566 5705 5564
f 5564 5705 5704
f 5569 5441 5609
f 5609 5441 5398
f 5568 5405 5569
f 5569 5405 5441
f 5670 5706 5669
f 5669 5706 5406
f 5703 5431 5670
f 5670 5431 5706
f 5432 5697 5384
f 5384 5697 5692
f 5574 5571 5385
f 5385 5571 5387
f 5607 5707 5489
f 5489 5707 5694
f 5518 5708 5519
f 5519 5708 5709
f 5711 5576 5710
f 5710 5576 5575
f 5713 5714 5712
f 5712 5714 5715
f 5553 5552 5478
f 5478 5552 5716
f 5717 5475 5716
f 5716 5475 5478
f 5718 5719 5605
f 5605 5719 5606
f 5505 5622 5584
f 5584 5622 5590
f 5508 5623 5505
f 5505 5623 5622
f 5626 5623 5580
f 5580 5623 5508
f 5580 5579 5626
f 5626 5579 5720
f 5579 5721 5720
f 5720 5721 5722
f 5666 5585 5723
f 5723 5585 5588
f 5724 5725 5639
f 5639 5725 5640
f 5554 5726 5555
f 5555 5726 5727
f 5453 5728 5729
f 5689 5688 5685
f 5685 5688 5647
f 5604 5730 5512
f 5512 5730 5509
f 5628 5631 5618
f 5618 5631 5592
f 5601 5604 5536
f 5536 5604 5512
f 5732 5676 5731
f 5731 5676 5660
f 5730 5604 5733
f 5733 5604 5603
f 5563 5487 5551
f 5551 5487 5550
f 5489 5492 5607
f 5607 5492 5608
f 5573 5572 5565
f 5565 5572 5561
f 5609 5522 5569
f 5569 5522 5521
f 5499 5734 5500
f 5500 5734 5735
f 5596 5736 5721
f 5721 5736 5722
f 5737 5600 5594
f 5594 5600 5520
f 5599 5730 5517
f 5517 5730 5733
f 5660 5738 5731
f 5731 5738 5739
f 5648 5649 5491
f 5491 5649 5492
f 5501 5586 5502
f 5502 5586 5585
f 5525 5546 5655
f 5655 5546 5740
f 5600 5599 5520
f 5520 5599 5517
f 5708 5739 5709
f 5709 5739 5738
f 5636 5635 5526
f 5526 5635 5523
f 5670 5671 5703
f 5703 5671 5741
f 5490 5695 5742
f 5742 5695 5743
f 5682 5678 5744
f 5744 5678 5677
f 5678 5681 5679
f 5679 5681 5621
f 5742 5743 5679
f 5679 5743 5680
f 5618 5621 5628
f 5628 5621 5681
f 5725 5724 5589
f 5589 5724 5684
f 5456 5458 5579
f 5579 5458 5721
f 5675 5683 5673
f 5673 5683 5685
f 5529 5682 5745
f 5745 5682 5744
f 5721 5458 5596
f 5596 5458 5597
f 5701 5540 5719
f 5719 5540 5606
f 5703 5741 5697
f 5697 5741 5696
f 5500 5735 5607
f 5607 5735 5707
f 5549 5746 5493
f 5493 5746 5497
f 5700 5747 5613
f 5613 5747 5538
f 5420 5421 5434
f 5434 5421 5400
f 5689 5693 5531
f 5531 5693 5532
f 5705 5566 5748
f 5748 5566 5567
f 5609 5398 5610
f 5610 5398 5397
f 5669 5406 5568
f 5568 5406 5405
f 5488 5583 5549
f 5549 5583 5746
f 5714 5713 5710
f 5710 5713 5711
f 5747 5468 5538
f 5538 5468 5467
f 5548 5547 5749
f 5749 5547 5750
f 5733 5603 5751
f 5751 5603 5684
f 5589 5602 5590
f 5590 5602 5584
f 5636 5752 5614
f 5614 5752 5615
f 5753 5754 5738
f 5738 5754 5755
f 5602 5601 5584
f 5584 5601 5536
f 5723 5736 5630
f 5630 5736 5640
f 5595 5640 5596
f 5596 5640 5736
f 5734 5499 5745
f 5745 5499 5529
f 5627 5587 5643
f 5643 5587 5586
f 5553 5559 5554
f 5554 5559 5480
f 5559 5561 5480
f 5480 5561 5572
f 5554 5480 5726
f 5726 5480 5479
f 5749 5750 5715
f 5715 5750 5712
f 5683 5612 5686
f 5686 5612 5457
f 5678 5682 5681
f 5681 5682 5667
f 5598 5509 5599
f 5599 5509 5730
f 5679 5621 5742
f 5742 5621 5620
f 5652 5616 5653
f 5653 5616 5615
f 5220 5426 5052
f 5052 5426 5437
f 5487 5488 5550
f 5550 5488 5549
f 5742 5620 5490
f 5490 5620 5491
f 5551 5610 5563
f 5563 5610 5567
f 5610 5397 5567
f 5567 5397 5748
f 5614 5617 5753
f 5753 5617 5754
f 5480 5572 5481
f 5755 5756 5738
f 5738 5756 5709
f 5745 5744 5758
f 5758 5744 5757
f 5745 5758 5734
f 5734 5758 5759
f 5735 5734 5760
f 5760 5734 5759
f 5707 5735 5761
f 5761 5735 5760
f 5744 5677 5757
f 5757 5677 5762
f 5677 5680 5762
f 5762 5680 5763
f 5763 5680 5764
f 5764 5680 5743
f 5765 5766 5762
f 5762 5766 5757
f 5768 5769 5767
f 5767 5769 5770
f 5771 5772 5770
f 5770 5772 5767
f 5770 5769 5774
f 5774 5769 5773
f 5775 5776 5774
f 5774 5776 5777
f 5773 5778 5774
f 5774 5778 5775
f 5779 5766 5773
f 5773 5766 5778
f 5777 5771 5774
f 5774 5771 5770
f 5780 5781 5783
f 5783 5781 5782
f 5781 5780 5771
f 5771 5780 5772
f 5773 5769 5779
f 5779 5769 5768
f 5768 5759 5779
f 5779 5759 5758
f 5768 5784 5759
f 5759 5784 5760
f 5767 5785 5768
f 5768 5785 5784
f 5785 5767 5786
f 5786 5767 5772
f 5766 5779 5757
f 5757 5779 5758
f 5780 5787 5772
f 5772 5787 5786
f 5785 5786 5788
f 5788 5786 5789
f 5786 5787 5789
f 5789 5787 5790
f 5788 5789 5791
f 5791 5789 5792
f 5791 5793 5788
f 5788 5793 5794
f 5795 5792 5790
f 5790 5792 5789
f 5785 5788 5784
f 5784 5788 5794
f 5784 5794 5760
f 5760 5794 5761
f 5787 5780 5796
f 5796 5780 5783
f 5775 5778 5797
f 5797 5778 5766
f 5797 5798 5775
f 5775 5798 5776
f 5766 5765 5797
f 5797 5765 5799
f 5798 5797 5800
f 5800 5797 5799
f 5798 5801 5776
f 5776 5801 5802
f 5707 5761 5694
f 5694 5761 5803
f 5695 5804 5743
f 5743 5804 5764
f 5804 5695 5803
f 5803 5695 5694
f 5803 5793 5804
f 5804 5793 5805
f 5793 5791 5805
f 5805 5791 5806
f 5804 5805 5764
f 5764 5805 5807
f 5803 5761 5793
f 5793 5761 5794
f 5808 5763 5807
f 5807 5763 5764
f 5808 5765 5763
f 5763 5765 5762
f 5809 5799 5808
f 5808 5799 5765
f 5809 5808 5810
f 5810 5808 5807
f 5811 5809 5812
f 5812 5809 5810
f 5805 5806 5807
f 5807 5806 5810
f 5806 5813 5810
f 5810 5813 5812
f 5799 5809 5800
f 5800 5809 5811
f 5815 5800 5814
f 5814 5800 5811
f 5814 5817 5816
f 5816 5817 5818
f 5814 5811 5817
f 5817 5811 5812
f 5814 5816 5815
f 5815 5816 5796
f 5815 5796 5801
f 5801 5796 5783
f 5801 5798 5815
f 5815 5798 5800
f 5791 5792 5806
f 5806 5792 5813
f 5818 5813 5795
f 5795 5813 5792
f 5818 5817 5813
f 5813 5817 5812
f 5816 5818 5790
f 5790 5818 5795
f 5790 5787 5816
f 5816 5787 5796
f 5771 5777 5781
f 5781 5777 5782
f 5782 5802 5783
f 5783 5802 5801
f 5782 5777 5802
f 5802 5777 5776
f 5588 5587 5722
f 5722 5587 5720
f 5591 5619 5592
f 5592 5619 5618
f 5625 5624 5648
f 5648 5624 5649
f 5624 5627 5649
f 5649 5627 5643
f 5631 5630 5725
f 5725 5630 5640
f 5625 5648 5591
f 5591 5648 5619
f 5588 5722 5723
f 5723 5722 5736
f 5631 5725 5592
f 5592 5725 5589
f 5723 5630 5666
f 5666 5630 5629
f 5587 5627 5720
f 5720 5627 5626
f 5820 5821 5819
f 5819 5821 5822
f 5824 5825 5823
f 5823 5825 5826
f 5823 5826 5827
f 5827 5826 5828
f 5829 5830 5832
f 5832 5830 5831
f 5518 5833 5708
f 5708 5833 5834
f 5835 5836 5824
f 5824 5836 5825
f 5838 5839 5837
f 5837 5839 5840
f 5751 5684 5842
f 5842 5684 5841
f 5843 5841 5724
f 5724 5841 5684
f 5845 5846 5844
f 5844 5846 5847
f 5848 5830 5836
f 5836 5830 5825
f 5518 5751 5833
f 5833 5751 5842
f 5839 5838 5821
f 5821 5838 5849
f 5850 5848 5822
f 5822 5848 5836
f 5851 5845 5828
f 5828 5845 5852
f 5854 5855 5853
f 5853 5855 5856
f 5845 5844 5852
f 5852 5844 5857
f 5858 5827 5852
f 5852 5827 5828
f 5851 5828 5829
f 5829 5828 5826
f 5819 5859 5820
f 5820 5859 5860
f 5835 5861 5819
f 5819 5861 5859
f 5851 5829 5862
f 5862 5829 5832
f 5844 5847 5837
f 5837 5847 5834
f 5819 5822 5835
f 5835 5822 5836
f 5823 5863 5824
f 5824 5863 5864
f 5849 5850 5821
f 5821 5850 5822
f 5825 5830 5826
f 5826 5830 5829
f 5820 5860 5865
f 5865 5860 5866
f 5858 5854 5867
f 5867 5854 5853
f 5854 5857 5855
f 5855 5857 5840
f 5855 5865 5856
f 5856 5865 5866
f 5837 5840 5844
f 5844 5840 5857
f 5827 5858 5868
f 5868 5858 5867
f 5824 5864 5835
f 5835 5864 5861
f 5732 5731 5862
f 5862 5731 5846
f 5863 5823 5868
f 5868 5823 5827
f 5843 5831 5848
f 5848 5831 5830
f 5854 5858 5857
f 5857 5858 5852
f 5855 5840 5865
f 5865 5840 5839
f 5865 5839 5820
f 5820 5839 5821
f 5868 5867 5870
f 5870 5867 5869
f 5868 5870 5863
f 5863 5870 5871
f 5863 5871 5864
f 5864 5871 5872
f 5864 5872 5861
f 5861 5872 5873
f 5867 5853 5869
f 5869 5853 5874
f 5853 5856 5874
f 5874 5856 5875
f 5856 5866 5875
f 5875 5866 5876
f 5877 5878 5874
f 5874 5878 5869
f 5880 5881 5879
f 5879 5881 5882
f 5883 5884 5880
f 5880 5884 5881
f 5881 5884 5886
f 5886 5884 5885
f 5887 5888 5886
f 5886 5888 5889
f 5885 5890 5886
f 5886 5890 5887
f 5889 5882 5886
f 5886 5882 5881
f 5882 5891 5879
f 5879 5891 5892
f 5885 5884 5893
f 5893 5884 5883
f 5883 5871 5893
f 5893 5871 5870
f 5883 5894 5871
f 5871 5894 5872
f 5880 5895 5883
f 5883 5895 5894
f 5896 5895 5879
f 5879 5895 5880
f 5893 5878 5885
f 5885 5878 5890
f 5878 5893 5869
f 5869 5893 5870
f 5897 5896 5892
f 5892 5896 5879
f 5895 5896 5898
f 5898 5896 5899
f 5896 5897 5899
f 5899 5897 5900
f 5898 5899 5901
f 5901 5899 5902
f 5901 5903 5898
f 5898 5903 5904
f 5900 5905 5899
f 5899 5905 5902
f 5898 5904 5895
f 5895 5904 5894
f 5894 5904 5872
f 5872 5904 5873
f 5897 5892 5907
f 5907 5892 5906
f 5892 5891 5906
f 5906 5891 5908
f 5887 5890 5909
f 5909 5890 5878
f 5888 5887 5910
f 5910 5887 5909
f 5878 5877 5909
f 5909 5877 5911
f 5909 5911 5910
f 5910 5911 5912
f 5913 5914 5910
f 5910 5914 5888
f 5908 5914 5906
f 5906 5914 5913
f 5861 5873 5859
f 5859 5873 5915
f 5860 5916 5866
f 5866 5916 5876
f 5916 5860 5915
f 5915 5860 5859
f 5915 5903 5916
f 5916 5903 5917
f 5903 5901 5917
f 5917 5901 5918
f 5916 5917 5876
f 5876 5917 5919
f 5903 5915 5904
f 5904 5915 5873
f 5920 5875 5919
f 5919 5875 5876
f 5920 5877 5875
f 5875 5877 5874
f 5920 5921 5877
f 5877 5921 5911
f 5921 5920 5922
f 5922 5920 5919
f 5923 5921 5924
f 5924 5921 5922
f 5917 5918 5919
f 5919 5918 5922
f 5918 5925 5922
f 5922 5925 5924
f 5921 5923 5911
f 5911 5923 5912
f 5927 5912 5926
f 5926 5912 5923
f 5926 5929 5928
f 5928 5929 5930
f 5926 5923 5929
f 5929 5923 5924
f 5926 5928 5927
f 5927 5928 5907
f 5927 5907 5913
f 5913 5907 5906
f 5913 5910 5927
f 5927 5910 5912
f 5901 5902 5918
f 5918 5902 5925
f 5930 5925 5905
f 5905 5925 5902
f 5930 5929 5925
f 5925 5929 5924
f 5928 5930 5900
f 5900 5930 5905
f 5900 5897 5928
f 5928 5897 5907
f 5882 5889 5891
f 5891 5889 5908
f 5908 5889 5914
f 5914 5889 5888
f 5832 5831 5641
f 5641 5831 5639
f 5833 5838 5834
f 5834 5838 5837
f 5842 5841 5849
f 5849 5841 5850
f 5841 5843 5850
f 5850 5843 5848
f 5847 5846 5739
f 5739 5846 5731
f 5842 5849 5833
f 5833 5849 5838
f 5862 5832 5732
f 5732 5832 5641
f 5847 5739 5834
f 5834 5739 5708
f 5862 5846 5851
f 5851 5846 5845
f 5831 5843 5639
f 5639 5843 5724
f 5676 5732 5595
f 5595 5732 5641
f 5676 5461 5660
f 5660 5461 5464
f 5461 5460 5464
f 5464 5460 5465
f 5460 5674 5465
f 5465 5674 5661
f 5931 5932 5934
f 5934 5932 5933
f 5936 5937 5935
f 5935 5937 5938
f 5935 5938 5939
f 5939 5938 5940
f 5942 5943 5941
f 5941 5943 5944
f 5945 5946 5936
f 5936 5946 5937
f 5948 5949 5947
f 5947 5949 5950
f 5951 5952 5519
f 5519 5952 5593
f 5953 5951 5709
f 5709 5951 5519
f 5955 5956 5954
f 5954 5956 5957
f 5958 5942 5946
f 5946 5942 5937
f 5948 5959 5949
f 5949 5959 5933
f 5960 5958 5934
f 5934 5958 5946
f 5961 5955 5940
f 5940 5955 5962
f 5963 5964 5966
f 5966 5964 5965
f 5955 5954 5962
f 5962 5954 5967
f 5968 5939 5962
f 5962 5939 5940
f 5961 5940 5941
f 5941 5940 5938
f 5931 5969 5932
f 5932 5969 5970
f 5945 5971 5931
f 5931 5971 5969
f 5941 5944 5961
f 5961 5944 5972
f 5954 5957 5947
f 5947 5957 5973
f 5945 5931 5946
f 5946 5931 5934
f 5935 5974 5936
f 5936 5974 5975
f 5959 5960 5933
f 5933 5960 5934
f 5937 5942 5938
f 5938 5942 5941
f 5932 5970 5976
f 5976 5970 5977
f 5968 5964 5978
f 5978 5964 5963
f 5965 5964 5950
f 5950 5964 5967
f 5976 5977 5965
f 5965 5977 5966
f 5947 5950 5954
f 5954 5950 5967
f 5939 5968 5979
f 5979 5968 5978
f 5936 5975 5945
f 5945 5975 5971
f 5972 5754 5956
f 5956 5754 5617
f 5974 5935 5979
f 5979 5935 5939
f 5953 5943 5958
f 5958 5943 5942
f 5964 5968 5967
f 5967 5968 5962
f 5965 5950 5976
f 5976 5950 5949
f 5976 5949 5932
f 5932 5949 5933
f 5979 5978 5981
f 5981 5978 5980
f 5979 5981 5974
f 5974 5981 5982
f 5974 5982 5975
f 5975 5982 5983
f 5975 5983 5971
f 5971 5983 5984
f 5978 5963 5980
f 5980 5963 5985
f 5963 5966 5985
f 5985 5966 5986
f 5986 5966 5987
f 5987 5966 5977
f 5988 5989 5985
f 5985 5989 5980
f 5991 5992 5990
f 5990 5992 5993
f 5994 5995 5991
f 5991 5995 5992
f 5992 5995 5997
f 5997 5995 5996
f 5998 5999 5997
f 5997 5999 6000
f 5996 6001 5997
f 5997 6001 5998
f 6000 5993 5997
f 5997 5993 5992
f 6002 6003 5993
f 5993 6003 5990
f 5995 5994 5996
f 5996 5994 6004
f 5994 5982 6004
f 6004 5982 5981
f 5994 6005 5982
f 5982 6005 5983
f 5991 6006 5994
f 5994 6006 6005
f 6006 5991 6007
f 6007 5991 5990
f 5996 6004 6001
f 6001 6004 5989
f 5989 6004 5980
f 5980 6004 5981
f 6003 6008 5990
f 5990 6008 6007
f 6009 6006 6010
f 6010 6006 6007
f 6008 6011 6007
f 6007 6011 6010
f 6012 6009 6013
f 6013 6009 6010
f 6009 6012 6015
f 6015 6012 6014
f 6011 6016 6010
f 6010 6016 6013
f 6006 6009 6005
f 6005 6009 6015
f 6005 6015 5983
f 5983 6015 5984
f 6008 6003 6018
f 6018 6003 6017
f 6003 6002 6017
f 6017 6002 6019
f 5998 6001 6020
f 6020 6001 5989
f 5999 5998 6021
f 6021 5998 6020
f 5989 5988 6020
f 6020 5988 6022
f 6021 6020 6023
f 6023 6020 6022
f 6021 6024 5999
f 5999 6024 6025
f 6019 6025 6017
f 6017 6025 6024
f 5971 5984 5969
f 5969 5984 6026
f 5970 6027 5977
f 5977 6027 5987
f 6027 5970 6026
f 6026 5970 5969
f 6026 6014 6027
f 6027 6014 6028
f 6014 6012 6028
f 6028 6012 6029
f 6027 6028 5987
f 5987 6028 6030
f 6026 5984 6014
f 6014 5984 6015
f 6031 5986 6030
f 6030 5986 5987
f 6031 5988 5986
f 5986 5988 5985
f 6032 6022 6031
f 6031 6022 5988
f 6032 6031 6033
f 6033 6031 6030
f 6034 6032 6035
f 6035 6032 6033
f 6028 6029 6030
f 6030 6029 6033
f 6029 6036 6033
f 6033 6036 6035
f 6032 6034 6022
f 6022 6034 6023
f 6038 6023 6037
f 6037 6023 6034
f 6037 6040 6039
f 6039 6040 6041
f 6037 6034 6040
f 6040 6034 6035
f 6037 6039 6038
f 6038 6039 6018
f 6038 6018 6024
f 6024 6018 6017
f 6024 6021 6038
f 6038 6021 6023
f 6012 6013 6029
f 6029 6013 6036
f 6041 6036 6016
f 6016 6036 6013
f 6041 6040 6036
f 6036 6040 6035
f 6041 6016 6039
f 6039 6016 6011
f 6011 6008 6039
f 6039 6008 6018
f 5993 6000 6002
f 6002 6000 6019
f 6019 6000 6025
f 6025 6000 5999
f 5943 5756 5944
f 5944 5756 5755
f 6042 5948 5973
f 5973 5948 5947
f 5952 5951 5959
f 5959 5951 5960
f 5951 5953 5960
f 5960 5953 5958
f 5616 5957 5617
f 5617 5957 5956
f 6042 5952 5948
f 5948 5952 5959
f 5944 5755 5972
f 5972 5755 5754
f 5957 5616 5973
f 5973 5616 5652
f 5956 5955 5972
f 5972 5955 5961
f 5943 5953 5756
f 5756 5953 5709
f 6044 6045 6043
f 6043 6045 6046
f 6048 6049 6047
f 6047 6049 6050
f 6047 6050 6051
f 6051 6050 6052
f 6054 6055 6053
f 6053 6055 6056
f 6057 6058 6060
f 6060 6058 6059
f 6061 6062 6048
f 6048 6062 6049
f 6063 6064 6066
f 6066 6064 6065
f 6067 6068 6070
f 6070 6068 6069
f 6071 6069 5653
f 5653 6069 6068
f 6072 6073 6075
f 6075 6073 6074
f 6062 6076 6049
f 6049 6076 6054
f 6058 6067 6059
f 6059 6067 6070
f 6064 6077 6065
f 6065 6077 6045
f 6078 6076 6046
f 6046 6076 6062
f 6073 6080 6079
f 6079 6080 6052
f 6082 6083 6081
f 6081 6083 6084
f 6072 6085 6073
f 6073 6085 6080
f 6086 6051 6080
f 6080 6051 6052
f 6079 6052 6053
f 6053 6052 6050
f 6043 6087 6044
f 6044 6087 6088
f 6061 6089 6043
f 6043 6089 6087
f 6053 6056 6079
f 6079 6056 6090
f 6063 6072 6060
f 6060 6072 6075
f 6043 6046 6061
f 6061 6046 6062
f 6047 6091 6048
f 6048 6091 6092
f 6077 6078 6045
f 6045 6078 6046
f 6049 6054 6050
f 6050 6054 6053
f 6044 6088 6093
f 6093 6088 6094
f 6086 6082 6095
f 6095 6082 6081
f 6083 6082 6066
f 6066 6082 6085
f 6093 6094 6083
f 6083 6094 6084
f 6072 6063 6085
f 6085 6063 6066
f 6051 6086 6096
f 6096 6086 6095
f 6048 6092 6061
f 6061 6092 6089
f 5656 5655 6090
f 6090 5655 6074
f 6091 6047 6096
f 6096 6047 6051
f 6071 6055 6076
f 6076 6055 6054
f 6082 6086 6085
f 6085 6086 6080
f 6093 6083 6065
f 6065 6083 6066
f 6044 6093 6045
f 6045 6093 6065
f 6096 6095 6098
f 6098 6095 6097
f 6096 6098 6091
f 6091 6098 6099
f 6091 6099 6092
f 6092 6099 6100
f 6092 6100 6089
f 6089 6100 6101
f 6095 6081 6097
f 6097 6081 6102
f 6081 6084 6102
f 6102 6084 6103
f 6103 6084 6104
f 6104 6084 6094
f 6106 6097 6105
f 6105 6097 6102
f 6107 6108 6110
f 6110 6108 6109
f 6111 6112 6108
f 6108 6112 6109
f 6109 6112 6114
f 6114 6112 6113
f 6114 6115 6117
f 6117 6115 6116
f 6113 6118 6114
f 6114 6118 6115
f 6117 6110 6114
f 6114 6110 6109
f 6110 6119 6107
f 6107 6119 6120
f 6112 6111 6113
f 6113 6111 6121
f 6111 6099 6121
f 6121 6099 6098
f 6111 6122 6099
f 6099 6122 6100
f 6123 6122 6108
f 6108 6122 6111
f 6124 6123 6107
f 6107 6123 6108
f 6113 6121 6118
f 6118 6121 6106
f 6106 6121 6097
f 6097 6121 6098
f 6125 6124 6120
f 6120 6124 6107
f 6126 6123 6127
f 6127 6123 6124
f 6125 6128 6124
f 6124 6128 6127
f 6129 6126 6130
f 6130 6126 6127
f 6126 6129 6132
f 6132 6129 6131
f 6128 6133 6127
f 6127 6133 6130
f 6123 6126 6122
f 6122 6126 6132
f 6122 6132 6100
f 6100 6132 6101
f 6120 6134 6125
f 6125 6134 6135
f 6120 6119 6134
f 6134 6119 6136
f 6115 6118 6137
f 6137 6118 6106
f 6115 6137 6116
f 6116 6137 6138
f 6137 6106 6139
f 6139 6106 6105
f 6138 6137 6140
f 6140 6137 6139
f 6141 6142 6138
f 6138 6142 6116
f 6136 6142 6134
f 6134 6142 6141
f 6089 6101 6087
f 6087 6101 6143
f 6088 6144 6094
f 6094 6144 6104
f 6143 6144 6087
f 6087 6144 6088
f 6131 6145 6143
f 6143 6145 6144
f 6129 6146 6131
f 6131 6146 6145
f 6144 6145 6104
f 6104 6145 6147
f 6143 6101 6131
f 6131 6101 6132
f 6148 6103 6147
f 6147 6103 6104
f 6103 6148 6102
f 6102 6148 6105
f 6148 6149 6105
f 6105 6149 6139
f 6149 6148 6150
f 6150 6148 6147
f 6151 6149 6152
f 6152 6149 6150
f 6145 6146 6147
f 6147 6146 6150
f 6146 6153 6150
f 6150 6153 6152
f 6149 6151 6139
f 6139 6151 6140
f 6155 6140 6154
f 6154 6140 6151
f 6154 6157 6156
f 6156 6157 6158
f 6154 6151 6157
f 6157 6151 6152
f 6154 6156 6155
f 6155 6156 6135
f 6155 6135 6141
f 6141 6135 6134
f 6141 6138 6155
f 6155 6138 6140
f 6146 6129 6153
f 6153 6129 6130
f 6158 6153 6133
f 6133 6153 6130
f 6158 6157 6153
f 6153 6157 6152
f 6156 6158 6128
f 6128 6158 6133
f 6128 6125 6156
f 6156 6125 6135
f 6110 6117 6119
f 6119 6117 6136
f 6136 6117 6142
f 6142 6117 6116
f 6055 5615 6056
f 6056 5615 5752
f 6060 6059 6063
f 6063 6059 6064
f 6077 6070 6078
f 6078 6070 6069
f 6069 6071 6078
f 6078 6071 6076
f 6159 6057 6075
f 6075 6057 6060
f 6059 6070 6064
f 6064 6070 6077
f 6056 5752 6090
f 6090 5752 5656
f 6090 6074 6079
f 6079 6074 6073
f 6055 6071 5615
f 5615 6071 5653
f 5547 5471 6160
f 6160 5471 6161
f 5729 5577 6163
f 6163 5577 6162
f 5577 5576 6162
f 6162 5576 6164
f 5713 6165 5711
f 5711 6165 6166
f 5474 5729 6167
f 6167 5729 6163
f 5750 5547 6168
f 6168 5547 6160
f 5471 5474 6161
f 6161 5474 6167
f 6169 5712 6168
f 6168 5712 5750
f 5711 6166 5576
f 5576 6166 6164
f 6165 5713 6169
f 6169 5713 5712
f 6168 6170 6169
f 6169 6170 6171
f 6169 6171 6165
f 6165 6171 6172
f 6165 6172 6166
f 6166 6172 6173
f 6166 6173 6164
f 6164 6173 6174
f 6168 6160 6170
f 6170 6160 6175
f 6160 6161 6175
f 6175 6161 6176
f 6161 6167 6176
f 6176 6167 6177
f 6179 6170 6178
f 6178 6170 6175
f 6181 6182 6180
f 6180 6182 6183
f 6184 6185 6181
f 6181 6185 6182
f 6186 6187 6185
f 6185 6187 6182
f 6186 6188 6187
f 6187 6188 6189
f 6190 6183 6187
f 6187 6183 6182
f 6183 6190 6191
f 6191 6190 6192
f 6191 6193 6183
f 6183 6193 6180
f 6186 6185 6194
f 6194 6185 6184
f 6184 6172 6194
f 6194 6172 6171
f 6184 6195 6172
f 6172 6195 6173
f 6181 6196 6184
f 6184 6196 6195
f 6196 6181 6197
f 6197 6181 6180
f 6186 6194 6188
f 6188 6194 6179
f 6179 6194 6170
f 6170 6194 6171
f 6193 6198 6180
f 6180 6198 6197
f 6199 6196 6200
f 6200 6196 6197
f 6198 6201 6197
f 6197 6201 6200
f 6202 6199 6203
f 6203 6199 6200
f 6199 6202 6205
f 6205 6202 6204
f 6201 6206 6200
f 6200 6206 6203
f 6196 6199 6195
f 6195 6199 6205
f 6195 6205 6173
f 6173 6205 6174
f 6198 6193 6208
f 6208 6193 6207
f 6193 6191 6207
f 6207 6191 6192
f 6189 6188 6209
f 6209 6188 6179
f 6210 6189 6211
f 6211 6189 6209
f 6209 6179 6212
f 6212 6179 6178
f 6211 6209 6213
f 6213 6209 6212
f 6211 6214 6210
f 6210 6214 6215
f 6192 6215 6207
f 6207 6215 6214
f 6190 6187 6210
f 6210 6187 6189
f 6192 6190 6215
f 6215 6190 6210
f 6162 6164 6216
f 6216 6164 6174
f 6167 6163 6177
f 6177 6163 6217
f 6216 6217 6162
f 6162 6217 6163
f 6204 6218 6216
f 6216 6218 6217
f 6202 6219 6204
f 6204 6219 6218
f 6217 6218 6177
f 6177 6218 6220
f 6216 6174 6204
f 6204 6174 6205
f 6221 6176 6220
f 6220 6176 6177
f 6176 6221 6175
f 6175 6221 6178
f 6221 6222 6178
f 6178 6222 6212
f 6222 6221 6223
f 6223 6221 6220
f 6224 6222 6225
f 6225 6222 6223
f 6218 6219 6220
f 6220 6219 6223
f 6219 6226 6223
f 6223 6226 6225
f 6222 6224 6212
f 6212 6224 6213
f 6228 6213 6227
f 6227 6213 6224
f 6229 6227 6231
f 6231 6227 6230
f 6227 6224 6230
f 6230 6224 6225
f 6227 6229 6228
f 6228 6229 6208
f 6228 6208 6214
f 6214 6208 6207
f 6214 6211 6228
f 6228 6211 6213
f 6219 6202 6226
f 6226 6202 6203
f 6231 6226 6206
f 6206 6226 6203
f 6231 6230 6226
f 6226 6230 6225
f 6229 6231 6201
f 6201 6231 6206
f 6201 6198 6229
f 6229 6198 6208
f 5674 5672 5661
f 5661 5672 5662
f 5662 5672 5663
f 5663 5672 5646
f 5651 6042 5652
f 5652 6042 5973
f 5518 5517 5751
f 5751 5517 5733
f 5738 5660 5753
f 5753 5660 5637
f 5752 5636 5656
f 5656 5636 5526
f 5952 6042 5593
f 5593 6042 5651
f 5593 5651 5594
f 5594 5651 5650
f 5600 5737 5514
f 5514 5737 5515
f 5546 5545 5740
f 5740 5545 6232
f 6232 6058 5740
f 5740 6058 6057
f 6067 6058 6233
f 6233 6058 6232
f 6233 6232 6234
f 6234 6232 5545
f 6234 5545 6235
f 6235 5545 5544
f 5606 6236 5543
f 5543 6236 5544
f 6235 5544 5539
f 5539 5544 6236
f 6237 6235 5542
f 5542 6235 5539
f 6235 6237 6234
f 6234 6237 6238
f 6234 6238 6233
f 6233 6238 6239
f 5653 6068 5650
f 5650 6068 6239
f 5642 5513 6240
f 6240 5513 5516
f 5539 6236 5540
f 5540 6236 5606
f 5636 5614 5637
f 5637 5614 5753
f 6239 5737 5650
f 5650 5737 5594
f 6239 6068 6233
f 6233 6068 6067
f 6075 6074 6159
f 6159 6074 5655
f 6057 6159 5740
f 5740 6159 5655
f 5515 5737 6238
f 6238 5737 6239
f 6238 6237 5515
f 5515 6237 5516
f 5542 6240 6237
f 6237 6240 5516
f 6240 5542 5642
f 5642 5542 5541
f 5702 5699 5541
f 5541 5699 5642
f 5582 5475 5717
f 5470 5443 5537
f 5537 5443 5504
f 5469 5444 5470
f 5470 5444 5443
f 5726 5557 5727
f 5727 5557 5556
f 5537 5504 5511
f 5511 5504 5506
f 5504 5503 5506
f 5506 5503 5507
f 5503 5455 5507
f 5507 5455 5581
f 5455 5454 5581
f 5581 5454 5456
f 5473 5453 5474
f 5474 5453 5729
f 5457 5454 5473
f 5473 5454 5453
f 5473 5472 5457
f 5457 5472 5686
f 5472 5548 5686
f 5686 5548 5687
f 5749 5693 5548
f 5548 5693 5687
f 5715 5532 5749
f 5749 5532 5693
f 5714 5486 5715
f 5715 5486 5532
f 5714 5710 5486
f 5486 5710 5449
f 5728 5578 5729
f 5729 5578 5577
f 5452 5445 5698
f 5698 5445 5558
f 5445 5444 5558
f 5558 5444 5556
f 5444 5469 5556
f 5556 5469 5727
f 5469 5468 5727
f 5727 5468 5555
f 5468 5747 5555
f 5555 5747 5552
f 5747 5700 5552
f 5552 5700 5716
f 5700 5699 5716
f 5716 5699 5717
f 5699 5702 5717
f 5717 5702 5582
f 5702 5701 5582
f 5582 5701 5583
f 5726 5479 5557
f 5557 5479 5483
f 5483 5479 5484
f 5484 5479 5482
f 5534 5533 5482
f 5482 5533 5484
f 5691 5688 5534
f 5534 5688 5533
f 5644 5647 5691
f 5691 5647 5688
f 5719 5746 5701
f 5701 5746 5583
f 5718 5497 5719
f 5719 5497 5746
f 5718 5605 5654
f 5654 5605 5638
f 5498 5654 5657
f 5657 5654 5633
f 5497 5718 5498
f 5498 5718 5654
f 5657 5527 5498
f 5498 5527 5494
f 5528 5570 5495
f 5495 5570 5521
f 5665 5668 5528
f 5528 5668 5570
f 5664 5671 5665
f 5665 5671 5668
f 5645 5741 5664
f 5664 5741 5671
f 5644 5696 5645
f 5645 5696 5741
f 5710 5575 5449
f 5449 5575 5450
f 5575 5578 5450
f 5450 5578 5698
f 5578 5728 5698
f 5698 5728 5452
f 5452 5728 5451
f 5451 5728 5453
f 3619 6241 3620
f 3620 6241 6242
f 6243 6244 3628
f 3628 6244 3629
f 6245 6246 3634
f 3634 6246 3631
f 6247 6248 3636
f 3636 6248 3637
f 6249 6250 3642
f 3642 6250 3639
f 3639 6250 3643
f 3643 6250 6251
f 3743 6252 3744
f 3744 6252 6253
f 6246 6243 3631
f 3631 6243 3628
f 3753 6254 3754
f 3754 6254 6255
f 3857 6256 3619
f 3619 6256 6241
f 6257 6245 3932
f 3932 6245 3634
f 6242 6247 3620
f 3620 6247 3636
f 6258 6259 3946
f 3946 6259 3947
f 6260 6249 3948
f 3948 6249 3642
f 6244 6258 3629
f 3629 6258 3946
f 3947 6259 3753
f 3753 6259 6254
f 6248 6260 3637
f 3637 6260 3948
f 3643 6251 3743
f 3743 6251 6252
f 3744 6253 3932
f 3932 6253 6257
f 6250 6249 6251
f 6251 6249 6252
f 6245 6261 6246
f 6246 6261 6262
f 6263 6264 6247
f 6247 6264 6248
f 6252 6265 6253
f 6253 6265 6266
f 6246 6262 6243
f 6243 6262 6267
f 6268 6261 6257
f 6257 6261 6245
f 6269 6263 6242
f 6242 6263 6247
f 6270 6271 6260
f 6260 6271 6249
f 6264 6270 6248
f 6248 6270 6260
f 6253 6266 6257
f 6257 6266 6268
f 6249 6271 6252
f 6252 6271 6265
f 6254 6259 6272
f 6272 6259 6273
f 6266 6265 6270
f 6270 6265 6271
f 6268 6266 6264
f 6264 6266 6270
f 6261 6268 6263
f 6263 6268 6264
f 6269 6262 6263
f 6263 6262 6261
f 4186 4185 6274
f 6274 4185 6275
f 6241 6276 6242
f 6242 6276 6269
f 6258 6244 6277
f 6277 6244 6278
f 6256 6279 6241
f 6241 6279 6276
f 6259 6258 6273
f 6273 6258 6277
f 6243 6267 6244
f 6244 6267 6278
f 6276 6267 6269
f 6269 6267 6262
f 6254 6272 6255
f 6255 6272 6280
f 3865 3713 3888
f 3888 3713 3685
f 5242 5233 3892
f 3892 5233 3711
f 3900 5243 3892
f 3892 5243 5242
f 3734 3866 3900
f 3900 3866 5243
f 4117 6281 4118
f 4118 6281 6282
f 4118 6282 4278
f 4278 6282 4879
f 4717 4887 4718
f 4718 4887 4280
f 4792 4278 4882
f 4882 4278 4879
f 4795 4792 6283
f 6283 4792 4882
f 4852 4851 5012
f 5012 4851 6284
f 4856 5207 4857
f 4857 5207 4858
f 4860 4279 4857
f 4857 4279 4854
f 4718 4280 4860
f 4860 4280 4279
f 4864 4863 4745
f 4745 4863 4742
f 5366 4867 5011
f 5011 4867 4866
f 4871 4884 4872
f 4872 4884 4883
f 4872 4883 4117
f 4117 4883 6281
f 6284 4851 6283
f 6283 4851 4795
f 4852 4866 4853
f 4853 4866 4865
f 4871 4870 4856
f 4856 4870 5207
f 4717 4716 4864
f 4864 4716 4861
f 4868 4867 4862
f 4862 4867 4863
f 4268 4855 4269
f 4269 4855 4854
f 4281 4274 4282
f 4282 4274 4765
f 4744 4743 4907
f 4907 4743 4904
f 4874 4881 4820
f 4820 4881 4880
f 4885 5013 4886
f 4886 5013 4980
f 4888 4275 4281
f 4281 4275 4274
f 4902 6282 4903
f 4903 6282 6281
f 6283 4979 6284
f 6284 4979 4978
f 4282 4765 4269
f 4269 4765 4266
f 4880 4879 4902
f 4902 4879 6282
f 4903 6281 4886
f 4886 6281 4883
f 4882 4881 6283
f 6283 4881 4979
f 5013 4885 4267
f 4267 4885 4268
f 4888 4887 4744
f 4744 4887 4745
f 4410 6285 4411
f 4411 6285 4812
f 4750 4749 6286
f 6286 4749 6287
f 6289 4695 6288
f 6288 4695 4255
f 4750 4675 4751
f 4751 4675 4965
f 6290 6291 4963
f 4963 6291 4960
f 4807 4806 4411
f 4411 4806 4408
f 6292 6293 4959
f 4959 6293 4956
f 4958 6294 4959
f 4959 6294 4955
f 4962 4964 4963
f 4963 4964 4805
f 4962 4961 4751
f 4751 4961 4748
f 6296 6297 6295
f 6295 6297 6298
f 6299 6300 6288
f 6288 6300 4735
f 6302 4961 6301
f 6301 4961 4960
f 6304 6287 6303
f 6303 6287 4749
f 4968 6305 4969
f 4969 6305 6306
f 4413 6308 6307
f 6307 6308 4900
f 6301 4960 6309
f 6309 4960 6291
f 4412 4408 6310
f 6310 4408 4806
f 4696 6311 4256
f 4256 6311 6312
f 6303 4749 6313
f 6313 4749 4748
f 6313 4748 6302
f 6302 4748 4961
f 6315 6316 6314
f 6314 6316 6317
f 4084 6318 6315
f 6315 6318 6316
f 4083 6319 4084
f 4084 6319 6318
f 4112 6320 4083
f 4083 6320 6319
f 6322 4138 6321
f 6321 4138 4137
f 6324 4128 6323
f 6323 4128 4127
f 4127 4193 6323
f 6323 4193 6325
f 4193 4891 6325
f 6325 4891 6326
f 4891 6327 6326
f 6326 6327 6328
f 6327 4824 5227
f 5227 4824 5228
f 5231 4684 6329
f 6329 4684 4683
f 4683 4099 6329
f 6329 4099 6330
f 4099 4102 6330
f 6330 4102 6331
f 4174 4826 4429
f 4429 4826 4829
f 4173 4741 4174
f 4174 4741 4826
f 4180 4738 4173
f 4173 4738 4741
f 6332 6333 4180
f 4180 6333 4738
f 6274 6334 4186
f 4186 6334 4188
f 4181 4825 4180
f 4180 4825 6332
f 5044 5213 5045
f 5045 5213 5165
f 5046 5087 5047
f 5047 5087 5222
f 5077 5063 5078
f 5078 5063 5198
f 5081 5099 5082
f 5082 5099 5194
f 5095 5074 5096
f 5096 5074 5073
f 5373 5170 5096
f 5096 5170 5093
f 5375 5171 5373
f 5373 5171 5170
f 5047 5222 5375
f 5375 5222 5171
f 5046 5038 5376
f 5376 5038 5067
f 5377 5086 5376
f 5376 5086 5085
f 5045 5165 5377
f 5377 5165 5086
f 5378 5214 5044
f 5044 5214 5213
f 5077 5034 5378
f 5378 5034 5214
f 5082 5194 5078
f 5078 5194 5035
f 5081 5080 5379
f 5379 5080 6335
f 5379 6335 5095
f 5095 6335 5074
f 5032 5080 5033
f 5033 5080 5079
f 5040 5017 5041
f 5041 5017 5016
f 5050 5043 5051
f 5051 5043 5042
f 5065 5023 5066
f 5066 5023 5022
f 5050 5049 5065
f 5065 5049 5023
f 5041 5016 5068
f 5068 5016 5020
f 5071 5374 5072
f 5072 5374 5200
f 5075 5156 5076
f 5076 5156 5155
f 5162 5212 5068
f 5068 5212 5067
f 5075 5074 5192
f 5192 5074 6335
f 5066 5022 5199
f 5199 5022 5196
f 5076 5155 5072
f 5072 5155 5069
f 5040 5039 5071
f 5071 5039 5374
f 5162 5161 5051
f 5051 5161 5048
f 5192 6335 5032
f 5032 6335 5080
f 5199 5196 5033
f 5033 5196 5030
f 5018 5211 5019
f 5019 5211 5408
f 5019 5408 5021
f 5021 5408 5163
f 5024 5057 5025
f 5025 5057 5415
f 5028 5048 5029
f 5029 5048 5161
f 5054 5031 5055
f 5055 5031 5030
f 5024 5023 5058
f 5058 5023 5049
f 5061 5070 5062
f 5062 5070 5069
f 5157 5438 5158
f 5158 5438 5442
f 5160 5191 5054
f 5054 5191 5031
f 5029 5161 5021
f 5021 5161 5020
f 5025 5415 5197
f 5197 5415 5220
f 5158 5442 5062
f 5062 5442 5059
f 5018 5017 5061
f 5061 5017 5070
f 5160 5159 5157
f 5157 5159 5438
f 5028 5027 5058
f 5058 5027 5056
f 5055 5030 5197
f 5197 5030 5196
f 5409 5380 5410
f 5410 5380 6336
f 5026 5413 5027
f 5027 5413 5412
f 5396 5417 5393
f 5393 5417 5416
f 5416 5057 5419
f 5419 5057 5056
f 5417 5396 5426
f 5426 5396 5420
f 5427 5423 5428
f 5428 5423 5422
f 5427 5059 5430
f 5430 5059 5442
f 5409 5408 5433
f 5433 5408 5211
f 5433 5211 5428
f 5428 5211 5060
f 5412 5411 5419
f 5419 5411 5418
f 5436 5053 5437
f 5437 5053 5052
f 5439 5402 5440
f 5440 5402 5401
f 5436 5435 5439
f 5439 5435 5402
f 5410 6336 5413
f 5413 6336 5414
f 5440 5401 5430
f 5430 5401 5429
f 5426 5420 5437
f 5437 5420 5434
f 5382 5432 5383
f 5383 5432 5384
f 5386 6336 5383
f 5383 6336 5380
f 6336 5386 5414
f 5414 5386 5388
f 5391 5418 5392
f 5392 5418 5411
f 5705 5395 5704
f 5704 5395 5394
f 5399 5435 5400
f 5400 5435 5434
f 5403 5441 5404
f 5404 5441 5405
f 5407 5429 5404
f 5404 5429 5401
f 5395 5705 5421
f 5421 5705 5748
f 5424 5706 5425
f 5425 5706 5431
f 5391 5390 5394
f 5394 5390 5704
f 5392 5388 5389
f 5389 5388 5387
f 5382 5381 5425
f 5425 5381 5422
f 5407 5406 5424
f 5424 5406 5706
f 5403 5402 5399
f 5399 5402 5435
f 5421 5748 5400
f 5400 5748 5397
f 4097 4721 4098
f 4098 4721 4231
f 4233 5273 4098
f 4098 5273 4095
f 6337 6338 4785
f 4785 6338 4786
f 4076 4780 4073
f 4073 4780 4781
f 4782 4190 4781
f 4781 4190 4073
f 4783 4901 4782
f 4782 4901 4190
f 4780 4076 4097
f 4097 4076 4721
f 6337 2879 4701
f 4701 2879 2878
f 5280 6339 5272
f 5272 6339 6340
f 5282 5281 6341
f 6341 5281 6342
f 4109 6302 4110
f 4110 6302 6301
f 4283 6304 4284
f 4284 6304 6303
f 6305 4379 6306
f 6306 4379 4378
f 4110 6301 4428
f 4428 6301 6309
f 6310 4688 4412
f 4412 4688 4687
f 4284 6303 4753
f 4753 6303 6313
f 4753 6313 4109
f 4109 6313 6302
f 6343 5226 4428
f 4428 5226 4427
f 4147 4900 4416
f 4416 4900 6308
f 6312 6311 4241
f 4241 6311 4720
f 5223 6344 4702
f 4702 6344 4699
f 4221 4220 6345
f 6345 4220 6346
f 5276 5275 6347
f 6347 5275 6348
f 5275 4728 6348
f 6348 4728 6349
f 4727 6350 5284
f 5284 6350 5285
f 6351 6352 6354
f 6354 6352 6353
f 5313 5312 5292
f 5292 5312 5293
f 5312 5344 5293
f 5293 5344 5337
f 5344 4914 5337
f 5337 4914 4916
f 4914 4913 4916
f 4916 4913 4917
f 4913 6355 4917
f 4917 6355 4978
f 6356 6357 6284
f 6284 6357 5012
f 6357 6358 5012
f 5012 6358 5011
f 5011 6358 5366
f 5366 6358 6359
f 6360 4742 6359
f 6359 4742 5366
f 4743 6361 4904
f 4904 6361 5364
f 5363 4905 5364
f 5364 4905 4904
f 5363 6362 4905
f 4905 6362 4207
f 6362 6363 4207
f 4207 6363 4208
f 6363 5342 4208
f 4208 5342 5330
f 5342 5341 5330
f 5330 5341 4244
f 5341 6364 4244
f 4244 6364 4245
f 6364 6365 4245
f 4245 6365 4246
f 6366 6367 4253
f 4253 6367 4250
f 4214 6368 4211
f 4211 6368 4380
f 4380 4379 4211
f 4211 4379 4283
f 4379 6305 4283
f 4283 6305 6304
f 6305 4968 6304
f 6304 4968 6287
f 4968 4967 6287
f 6287 4967 6286
f 4967 6297 6286
f 6286 6297 4676
f 6296 4376 4288
f 4288 4376 4285
f 4376 4373 4285
f 4285 4373 4290
f 6369 6370 6372
f 6372 6370 6371
f 5245 6373 5246
f 5246 6373 6374
f 4317 6375 4318
f 4318 6375 6376
f 4331 6377 4332
f 4332 6377 6378
f 6379 4333 6376
f 6376 4333 4318
f 4343 6380 4344
f 4344 6380 6381
f 4347 6382 4348
f 4348 6382 6383
f 4374 6371 4331
f 4331 6371 6377
f 4333 6379 4426
f 4426 6379 6384
f 4690 6385 4347
f 4347 6385 6382
f 4332 6378 4317
f 4317 6378 6375
f 4922 6386 4923
f 4923 6386 6387
f 6388 6389 4375
f 4375 6389 6390
f 6355 6356 4978
f 4978 6356 6284
f 4742 6360 4743
f 4743 6360 6361
f 6391 4238 6392
f 6392 4238 4719
f 6392 4719 6393
f 6393 4719 5296
f 6395 6396 6394
f 6394 6396 6397
f 6399 6400 6398
f 6398 6400 6401
f 6402 5302 6403
f 6403 5302 5303
f 5303 5321 6403
f 6403 5321 6404
f 5320 6405 5321
f 5321 6405 6404
f 5319 6406 5350
f 5350 6406 5351
f 5319 5318 6406
f 6406 5318 6407
f 5288 4197 6408
f 6408 4197 6409
f 4217 4216 6410
f 6410 4216 6411
f 5227 6412 6327
f 6327 6412 6328
f 4892 6413 5227
f 5227 6413 6412
f 4228 6414 4892
f 4892 6414 6413
f 4227 6415 4228
f 4228 6415 6414
f 4248 6416 4227
f 4227 6416 6415
f 4247 6417 4248
f 4248 6417 6416
f 6417 4247 6419
f 6419 4247 6418
f 6419 6418 6421
f 6421 6418 6420
f 6422 5301 6423
f 6423 5301 5300
f 6423 5300 6424
f 6424 5300 6399
f 6408 6409 6398
f 6398 6409 6425
f 6426 6427 6397
f 6397 6427 6394
f 6428 4224 6429
f 6429 4224 4223
f 6347 6346 5276
f 5276 6346 4220
f 6346 6347 6341
f 6341 6347 6339
f 5280 5278 5282
f 5282 5278 4236
f 4896 5224 4684
f 4684 5224 4681
f 4132 4135 4896
f 4896 4135 5224
f 4131 4136 4132
f 4132 4136 4135
f 4226 4754 4131
f 4131 4754 4136
f 4251 4213 4226
f 4226 4213 4754
f 4250 4214 4251
f 4251 4214 4213
f 4250 6367 4214
f 4214 6367 6368
f 6367 4910 6368
f 6368 4910 4737
f 4909 5297 4736
f 4736 5297 5296
f 5297 6395 5296
f 5296 6395 6393
f 6427 6430 6394
f 6394 6430 6431
f 6429 4383 6428
f 6428 4383 4382
f 4219 5277 4220
f 4220 5277 5276
f 4222 4697 4383
f 4383 4697 4218
f 6345 4699 4221
f 4221 4699 6344
f 6342 4700 6345
f 6345 4700 4699
f 4235 4786 5281
f 5281 4786 6338
f 4234 4787 4235
f 4235 4787 4786
f 5279 5278 6432
f 6432 5278 5271
f 4237 5279 6433
f 6433 5279 6432
f 4787 4234 6433
f 6433 4234 4237
f 6435 6436 6434
f 6434 6436 6437
f 6359 6438 6360
f 6360 6438 6437
f 6439 6440 6441
f 6441 6440 6438
f 6443 6439 6442
f 6442 6439 6441
f 6357 6356 6442
f 6442 6356 6444
f 6444 6446 6445
f 6445 6446 6447
f 4912 6446 4913
f 4913 6446 6355
f 6361 6436 5364
f 5364 6436 5365
f 5319 5350 5316
f 5316 5350 6448
f 4832 6449 5350
f 5350 6449 6448
f 4831 6450 4832
f 4832 6450 6449
f 5354 6451 5320
f 5320 6451 6405
f 4265 6452 5354
f 5354 6452 6451
f 4264 6453 4265
f 4265 6453 6452
f 6450 4831 6447
f 6447 4831 6445
f 4263 6435 4264
f 4264 6435 6434
f 6454 6453 6439
f 6439 6453 6440
f 6439 6443 6454
f 6454 6443 4834
f 4833 6455 4834
f 4834 6455 6454
f 5351 6456 4833
f 4833 6456 6455
f 6457 6391 6458
f 6458 6391 6392
f 6458 6392 6431
f 6431 6392 6393
f 5298 6396 5297
f 5297 6396 6395
f 6402 6400 5302
f 5302 6400 5299
f 6402 6403 6459
f 6459 6403 6460
f 6460 6403 6461
f 6461 6403 6404
f 6405 6462 6404
f 6404 6462 6461
f 6406 6462 5351
f 5351 6462 6456
f 6406 6407 6462
f 6462 6407 6461
f 6407 6463 6461
f 6461 6463 6460
f 6463 6464 6460
f 6460 6464 6459
f 6464 6465 6459
f 6459 6465 6401
f 6430 6466 6431
f 6431 6466 6458
f 6466 6410 6458
f 6458 6410 6457
f 6410 6411 6457
f 6457 6411 6467
f 6396 6424 6397
f 6397 6424 6425
f 6393 6395 6431
f 6431 6395 6394
f 6451 6456 6405
f 6405 6456 6462
f 6452 6455 6451
f 6451 6455 6456
f 6453 6454 6452
f 6452 6454 6455
f 6443 6445 4834
f 4834 6445 4831
f 6440 6453 6434
f 6434 6453 4264
f 6468 5306 5360
f 5360 5306 5305
f 6469 4124 6468
f 6468 4124 5306
f 6470 4125 6469
f 6469 4125 4124
f 6471 5291 6470
f 6470 5291 4125
f 6353 5292 6471
f 6471 5292 5291
f 5292 6353 5313
f 5313 6353 6352
f 5347 5314 6352
f 6352 5314 5313
f 5353 5318 5346
f 5346 5318 5317
f 5334 6468 5358
f 5358 6468 5360
f 5324 6469 5334
f 5334 6469 6468
f 5323 6470 5324
f 5324 6470 6469
f 5343 6471 5323
f 5323 6471 6470
f 6354 6353 5343
f 5343 6353 6471
f 6348 6349 4270
f 4270 6349 5311
f 5272 6340 5273
f 5273 6340 4272
f 6432 5271 4232
f 4232 5271 4233
f 4294 6432 4295
f 4295 6432 4232
f 6432 4294 6433
f 6433 4294 4301
f 4301 4300 6433
f 6433 4300 4787
f 4704 4784 4300
f 4300 4784 4787
f 4704 3013 4784
f 4784 3013 1307
f 5103 6472 5104
f 5104 6472 5202
f 5108 5116 5105
f 5105 5116 5115
f 5111 5124 5112
f 5112 5124 5123
f 5154 5205 5105
f 5105 5205 5106
f 5167 5180 5168
f 5168 5180 5185
f 5175 5188 5176
f 5176 5188 5187
f 5112 5123 5178
f 5178 5123 5120
f 5167 5090 5183
f 5183 5090 5089
f 5210 5151 5183
f 5183 5151 5181
f 5216 5138 5217
f 5217 5138 5137
f 5218 5119 5219
f 5219 5119 5221
f 5218 5178 5119
f 5119 5178 5120
f 5217 5137 5104
f 5104 5137 5101
f 5116 5108 5221
f 5221 5108 5219
f 5111 5110 5210
f 5210 5110 5151
f 5154 5153 5103
f 5103 5153 6472
f 5216 5215 5176
f 5176 5215 5173
f 5175 5174 5168
f 5168 5174 5166
f 5091 5172 5092
f 5092 5172 5208
f 5117 5037 5118
f 5118 5037 5036
f 5121 5164 5122
f 5122 5164 5133
f 5125 5084 5126
f 5126 5084 5083
f 5129 5174 5130
f 5130 5174 5173
f 5131 5202 5132
f 5132 5202 6472
f 5135 5221 5122
f 5122 5221 5119
f 5125 5124 5136
f 5136 5124 5209
f 5126 5083 5121
f 5121 5083 5164
f 5118 5036 5195
f 5195 5036 5193
f 5131 5097 5203
f 5203 5097 5114
f 5132 6472 5195
f 5195 6472 5153
f 5136 5209 5092
f 5092 5209 5089
f 5135 5134 5117
f 5117 5134 5037
f 5362 5206 5130
f 5130 5206 5127
f 5372 5371 5128
f 5128 5371 5129
f 5371 5372 5091
f 5091 5372 5172
f 5362 5215 5203
f 5203 5215 5201
f 6463 6407 5353
f 5353 6407 5318
f 6464 6463 5352
f 5352 6463 5353
f 6408 6465 5288
f 5288 6465 5289
f 4196 4224 6426
f 6426 4224 6427
f 6430 6427 6428
f 6428 6427 4224
f 6466 6430 4382
f 4382 6430 6428
f 6410 6466 4217
f 4217 6466 4382
f 4240 4239 3015
f 3015 4239 3016
f 4254 4257 3017
f 3017 4257 3018
f 6473 6474 4732
f 4732 6474 6475
f 6474 6374 6475
f 6475 6374 6373
f 5246 6374 3022
f 3022 6374 3023
f 4254 6299 4255
f 4255 6299 6288
f 6473 6300 3024
f 3024 6300 3025
f 6476 4257 6312
f 6312 4257 4256
f 4240 6476 4241
f 4241 6476 6312
f 6477 4239 6391
f 6391 4239 4238
f 6467 6477 6457
f 6457 6477 6391
f 6411 3029 6467
f 6467 3029 3028
f 4216 3030 6411
f 6411 3030 3029
f 6479 6480 6478
f 6478 6480 6481
f 6483 6484 6482
f 6482 6484 6485
f 6486 6487 4102
f 4102 6487 6331
f 6483 6488 6478
f 6478 6488 6489
f 4429 4829 6490
f 6490 4829 6479
f 6491 6486 4101
f 4101 6486 4102
f 4895 6491 4899
f 4899 6491 4101
f 4160 6488 4157
f 4157 6488 6492
f 6489 4087 6490
f 6490 4087 4090
f 4267 4261 5013
f 5013 4261 4260
f 4258 4261 5328
f 5328 4261 4975
f 4261 4267 4975
f 4975 4267 4266
f 5367 3793 3912
f 3912 3793 3575
f 6494 3616 6493
f 6493 3616 3795
f 6496 3589 6495
f 6495 3589 3588
f 6495 3588 5368
f 5368 3588 3794
f 3841 3840 3050
f 3050 3840 3051
f 3912 3911 3052
f 3052 3911 3053
f 3929 3930 3054
f 3054 3930 3055
f 5370 3930 3916
f 3916 3930 3923
f 3938 5369 3807
f 3807 5369 3915
f 3589 6496 3806
f 3806 6496 3937
f 3938 3937 3056
f 3056 3937 3057
f 3051 3840 3058
f 3058 3840 3943
f 3730 4808 3727
f 3727 4808 3943
f 3820 3951 3795
f 3795 3951 6493
f 3951 3841 3059
f 3059 3841 3050
f 3911 3574 6494
f 6494 3574 3616
f 3823 3929 3824
f 3824 3929 3952
f 4061 4060 3060
f 3060 4060 3061
f 6497 6498 4901
f 4901 6498 4790
f 6333 6499 4738
f 4738 6499 4739
f 6500 6501 6314
f 6314 6501 4418
f 6502 6275 4417
f 4417 6275 4185
f 6503 6497 4783
f 4783 6497 4901
f 6498 4060 4790
f 4790 4060 4059
f 4808 4061 3069
f 3069 4061 3060
f 5367 3071 5368
f 5368 3071 3070
f 5369 3073 5370
f 5370 3073 3072
f 6274 6275 3074
f 3074 6275 3075
f 6499 6504 4739
f 4739 6504 6317
f 6333 6332 3077
f 3077 6332 3078
f 6334 6274 3079
f 3079 6274 3074
f 6332 4825 3078
f 3078 4825 3080
f 6334 6503 4188
f 4188 6503 4783
f 4825 4689 3080
f 3080 4689 1330
f 6506 4747 6505
f 6505 4747 4746
f 6505 6507 6506
f 6506 6507 6508
f 4297 6509 4920
f 4920 6509 6510
f 4296 6511 4297
f 4297 6511 6509
f 6506 6508 4319
f 4319 6508 6512
f 4372 4371 6514
f 6514 4371 6513
f 6511 4296 5251
f 5251 4296 4305
f 5251 5250 6511
f 6511 5250 6515
f 6516 6509 6515
f 6515 6509 6511
f 6517 6507 6519
f 6519 6507 6518
f 6512 6520 6513
f 6513 6520 6514
f 6507 6517 6508
f 6508 6517 6521
f 5249 6523 6522
f 6522 6523 6524
f 6525 6370 5253
f 5253 6370 6526
f 4370 4323 4371
f 4371 4323 4326
f 4370 3103 4323
f 4323 3103 1541
f 6521 6517 6527
f 6527 6517 6519
f 6520 6528 6514
f 6514 6528 6529
f 6531 6532 6530
f 6530 6532 6533
f 5250 6534 6515
f 6515 6534 6535
f 6530 6533 6536
f 6536 6533 6537
f 6526 6538 6534
f 6534 6538 6537
f 6515 6535 6516
f 6516 6535 6539
f 4325 4321 4326
f 4326 4321 4320
f 4371 4326 6513
f 6513 4326 4320
f 6531 4731 6541
f 6541 4731 6540
f 4731 4730 6540
f 6540 4730 6542
f 4730 3121 6542
f 6542 3121 3120
f 6530 4328 6531
f 6531 4328 4731
f 4328 6530 4329
f 4329 6530 6536
f 4329 6536 6524
f 6524 6536 6543
f 6544 6545 6522
f 6522 6545 5248
f 6389 6388 5245
f 5245 6388 6373
f 6388 6546 6373
f 6373 6546 6475
f 4733 6546 6295
f 6295 6546 4377
f 4732 6475 4733
f 4733 6475 6546
f 4393 4432 4394
f 4394 4432 4435
f 4434 4672 4842
f 4842 4672 4671
f 4440 4439 4441
f 4441 4439 4438
f 4436 4450 4437
f 4437 4450 4398
f 4447 4444 4448
f 4448 4444 4392
f 4446 4464 4433
f 4433 4464 6547
f 4454 4423 4455
f 4455 4423 4422
f 4452 4481 4453
f 4453 4481 4480
f 4458 4389 4459
f 4459 4389 4388
f 4456 4471 4457
f 4457 4471 4468
f 4391 4460 4392
f 4392 4460 4448
f 4461 4467 4445
f 4445 4467 4465
f 4437 4398 4629
f 4629 4398 4397
f 4438 4628 4441
f 4441 4628 4631
f 4841 4629 4839
f 4839 4629 4397
f 4628 4842 4631
f 4631 4842 4671
f 4930 4989 4452
f 4452 4989 4481
f 4929 4927 4436
f 4436 4927 4450
f 4933 4387 4934
f 4934 4387 4386
f 4931 4475 4932
f 4932 4475 4474
f 4936 4449 4933
f 4933 4449 4387
f 4935 4472 4456
f 4456 4472 4471
f 4389 4458 4391
f 4391 4458 4460
f 4457 4468 4461
f 4461 4468 4467
f 4934 4386 4454
f 4454 4386 4423
f 4453 4480 4931
f 4931 4480 4475
f 4575 4997 4576
f 4576 4997 4639
f 4579 4596 4580
f 4580 4596 4595
f 4583 4582 4572
f 4572 4582 4569
f 4587 4944 4588
f 4588 4944 4562
f 4588 4562 4590
f 4590 4562 4561
f 4576 4639 4642
f 4642 4639 4638
f 4642 4845 4641
f 4641 4845 4846
f 4845 4590 4846
f 4846 4590 4561
f 4941 4938 4595
f 4595 4938 4580
f 4938 4940 4668
f 4668 4940 4669
f 4583 4942 4584
f 4584 4942 4947
f 4582 4587 4569
f 4569 4587 4586
f 5000 5001 4579
f 4579 5001 4596
f 4558 4560 4585
f 4585 4560 4586
f 4565 4639 4566
f 4566 4639 4997
f 4568 4567 4577
f 4577 4567 4578
f 4570 4554 4571
f 4571 4554 4556
f 4640 4565 4637
f 4637 4565 4546
f 4662 4664 4665
f 4665 4664 4844
f 4662 4558 4589
f 4589 4558 4585
f 4554 4570 4557
f 4557 4570 4560
f 4571 4667 4572
f 4572 4667 4943
f 4551 4670 4552
f 4552 4670 4666
f 4640 4664 4638
f 4638 4664 4663
f 4670 4568 4668
f 4668 4568 4577
f 4999 4996 4566
f 4566 4996 4543
f 4608 4564 4603
f 4603 4564 4563
f 4573 4593 4574
f 4574 4593 4592
f 4597 4614 4598
f 4598 4614 4613
f 4601 4600 4584
f 4584 4600 4581
f 4563 4562 4604
f 4604 4562 4944
f 4643 4593 4641
f 4641 4593 4573
f 4643 4847 4644
f 4644 4847 4848
f 4564 4847 4561
f 4561 4847 4846
f 4945 4941 4598
f 4598 4941 4595
f 4941 4945 4939
f 4939 4945 4946
f 4601 4948 4602
f 4602 4948 4620
f 4600 4604 4581
f 4581 4604 4944
f 5002 5003 4597
f 4597 5003 4614
f 4988 4759 4953
f 4953 4759 4402
f 4706 6548 4707
f 4707 6548 6549
f 4311 4928 4419
f 4419 4928 6550
f 4921 4920 6551
f 6551 4920 6552
f 4925 6553 4926
f 4926 6553 6554
f 4928 4921 4802
f 4802 4921 6551
f 6555 4985 6550
f 6550 4985 4419
f 4952 6556 4953
f 4953 6556 4649
f 4971 6557 4706
f 4706 6557 6548
f 4988 4648 4925
f 4925 4648 6553
f 4707 6549 5006
f 5006 6549 4987
f 4920 6510 6552
f 6552 6510 6518
f 6558 6510 6516
f 6516 6510 6509
f 6559 6558 6539
f 6539 6558 6516
f 6531 6541 6532
f 6532 6541 6560
f 6540 6561 6541
f 6541 6561 6529
f 6542 6562 6540
f 6540 6562 6561
f 6542 3120 6562
f 6562 3120 3142
f 4366 6563 4760
f 4760 6563 4970
f 4815 6564 4816
f 4816 6564 6565
f 3147 3146 6565
f 6565 3146 4816
f 6564 6563 6565
f 6565 6563 6566
f 4837 4385 4357
f 4357 4385 4358
f 6565 6566 3147
f 3147 6566 3149
f 4694 1209 3150
f 5247 5249 5248
f 5248 5249 6522
f 6372 6390 6545
f 6545 6390 6389
f 6375 5254 6376
f 6376 5254 5258
f 6377 6525 6378
f 6378 6525 5255
f 5260 6379 5258
f 5258 6379 6376
f 6380 6567 6381
f 6381 6567 6568
f 6382 6569 6383
f 6383 6569 6570
f 6377 6371 6525
f 6525 6371 6370
f 6379 5260 6384
f 6384 5260 6571
f 6385 6572 6382
f 6382 6572 6569
f 6378 5255 6375
f 6375 5255 5254
f 6386 6573 6387
f 6387 6573 6574
f 6545 6389 5248
f 5248 6389 5245
f 4675 4750 4676
f 4676 4750 6286
f 4734 6289 4735
f 4735 6289 6288
f 4804 6290 4805
f 4805 6290 4963
f 4811 4807 4812
f 4812 4807 4411
f 4954 6292 4955
f 4955 6292 4959
f 4964 4962 4965
f 4965 4962 4751
f 6285 4821 4812
f 4812 4821 4809
f 4675 4287 4965
f 4965 4287 4210
f 6294 4145 4955
f 4955 4145 4154
f 4964 4120 4805
f 4805 4120 4119
f 6298 4966 4734
f 4734 4966 6289
f 6300 6473 4735
f 4735 6473 4732
f 6297 6296 4676
f 4676 6296 4288
f 6523 3160 4330
f 4330 3160 3159
f 5253 5252 6525
f 6525 5252 5255
f 5256 5252 4305
f 4305 5252 5251
f 4304 5257 4305
f 4305 5257 5256
f 4424 5259 4304
f 4304 5259 5257
f 5261 6571 5259
f 5259 6571 5260
f 5262 6573 5261
f 5261 6573 6571
f 5264 6567 5265
f 5265 6567 6574
f 5266 6572 5267
f 5267 6572 6568
f 5268 6570 5269
f 5269 6570 6569
f 1807 3161 5268
f 5268 3161 6570
f 6524 6523 4329
f 4329 6523 4330
f 5253 6526 5250
f 5250 6526 6534
f 6543 6538 6544
f 6544 6538 6369
f 6524 6543 6522
f 6522 6543 6544
f 3071 5367 3052
f 3052 5367 3912
f 6493 3163 6494
f 6494 3163 3162
f 3164 445 3771
f 3771 445 3761
f 461 3165 3919
f 3919 3165 3920
f 330 410 3839
f 3839 410 3910
f 332 331 3552
f 3552 331 3551
f 464 304 3918
f 3918 304 3816
f 385 458 3766
f 3766 458 3894
f 412 415 3762
f 3762 415 3763
f 3166 337 3748
f 3748 337 3745
f 3072 3055 5370
f 5370 3055 3930
f 3073 5369 3056
f 3056 5369 3938
f 3167 3057 6496
f 6496 3057 3937
f 3069 3058 4808
f 4808 3058 3943
f 411 3166 3851
f 3851 3166 3748
f 3059 3163 3951
f 3951 3163 6493
f 336 3164 3772
f 3772 3164 3771
f 3053 3911 3162
f 3162 3911 6494
f 3054 3168 3929
f 3929 3168 3952
f 3165 830 3920
f 3920 830 3945
f 3170 3169 6497
f 6497 3169 6498
f 3171 1354 5005
f 5005 1354 4830
f 3172 3170 6503
f 6503 3170 6497
f 3169 3061 6498
f 6498 3061 4060
f 3173 3171 5006
f 5006 3171 5005
f 3079 3172 6334
f 6334 3172 6503
f 3174 3025 6299
f 6299 3025 6300
f 6576 6577 6575
f 6575 6577 6578
f 4612 4611 6579
f 6579 4611 6580
f 6582 6583 6581
f 6581 6583 6584
f 6584 6585 4618
f 4618 6585 4621
f 6586 6587 6589
f 6589 6587 6588
f 6588 6587 6590
f 6590 6587 6591
f 6592 4606 6590
f 6590 4606 4623
f 6594 6576 6593
f 6593 6576 6575
f 6595 6582 6579
f 6579 6582 6581
f 6580 6597 6596
f 6596 6597 6598
f 6577 6576 6599
f 6599 6576 6600
f 6595 6596 6601
f 6601 6596 6602
f 6583 6582 6603
f 6603 6582 6604
f 6586 6606 6605
f 6605 6606 6607
f 6587 6586 6608
f 6608 6586 6605
f 6587 6608 6591
f 6591 6608 6609
f 6576 6594 6600
f 6600 6594 6610
f 6582 6595 6604
f 6604 6595 6601
f 6599 6611 6577
f 6577 6611 6598
f 6613 6614 6612
f 6612 6614 6615
f 6617 6618 6616
f 6616 6618 6619
f 6621 6622 6620
f 6620 6622 6623
f 6625 6626 6624
f 6624 6626 6627
f 6629 6630 6628
f 6628 6630 6631
f 6633 6634 6632
f 6632 6634 6635
f 6637 6638 6636
f 6636 6638 6639
f 6640 6641 6637
f 6637 6641 6638
f 6643 6633 6642
f 6642 6633 6632
f 6645 6646 6644
f 6644 6646 6647
f 6646 6648 6647
f 6647 6648 6649
f 6651 6652 6650
f 6650 6652 6653
f 6653 6652 6654
f 6654 6652 6655
f 6656 6657 6659
f 6659 6657 6658
f 6661 6662 6660
f 6660 6662 6663
f 6662 6661 6664
f 6664 6661 6665
f 6667 6657 6666
f 6666 6657 6656
f 6669 6670 6668
f 6668 6670 6671
f 6672 6673 6670
f 6670 6673 6671
f 6674 6675 6677
f 6677 6675 6676
f 6675 6678 6676
f 6676 6678 6679
f 6681 6682 6680
f 6680 6682 6683
f 6684 6685 6683
f 6683 6685 6680
f 6687 6688 6686
f 6686 6688 6689
f 6687 6690 6688
f 6688 6690 6691
f 6619 6618 6633
f 6633 6618 6634
f 6632 6635 6693
f 6693 6635 6692
f 6617 6694 6636
f 6636 6694 6637
f 6695 6692 6639
f 6639 6692 6635
f 6637 6694 6640
f 6640 6694 6696
f 6698 6638 6697
f 6697 6638 6641
f 6643 6616 6633
f 6633 6616 6619
f 6642 6699 6641
f 6641 6699 6697
f 6646 6645 6700
f 6700 6645 6621
f 6644 6701 6654
f 6654 6701 6702
f 6700 6703 6646
f 6646 6703 6648
f 6693 6704 6649
f 6649 6704 6647
f 6620 6623 6651
f 6651 6623 6652
f 6693 6649 6699
f 6699 6649 6650
f 6652 6623 6655
f 6655 6623 6622
f 6654 6702 6653
f 6653 6702 6697
f 6615 6614 6657
f 6657 6614 6658
f 6705 6656 6704
f 6704 6656 6659
f 6613 6706 6660
f 6660 6706 6661
f 6704 6659 6701
f 6701 6659 6663
f 6661 6706 6665
f 6665 6706 6707
f 6708 6702 6664
f 6664 6702 6662
f 6612 6615 6667
f 6667 6615 6657
f 6666 6709 6664
f 6664 6709 6708
f 6629 6710 6669
f 6669 6710 6670
f 6668 6711 6679
f 6679 6711 6712
f 6713 6672 6710
f 6710 6672 6670
f 6714 6671 6705
f 6705 6671 6673
f 6628 6631 6674
f 6674 6631 6675
f 6705 6673 6709
f 6709 6673 6677
f 6631 6630 6675
f 6675 6630 6678
f 6712 6708 6679
f 6679 6708 6676
f 6625 6715 6682
f 6682 6715 6683
f 6716 6717 6681
f 6681 6717 6691
f 6718 6684 6715
f 6715 6684 6683
f 6719 6680 6714
f 6714 6680 6685
f 6624 6627 6686
f 6686 6627 6687
f 6689 6711 6685
f 6685 6711 6714
f 6627 6626 6687
f 6687 6626 6690
f 6717 6712 6691
f 6691 6712 6688
f 6612 6707 6613
f 6613 6707 6706
f 6616 6696 6617
f 6617 6696 6694
f 6703 6700 6620
f 6620 6700 6621
f 6715 6625 6718
f 6718 6625 6624
f 6710 6629 6713
f 6713 6629 6628
f 6639 6635 6636
f 6636 6635 6634
f 6641 6640 6642
f 6642 6640 6643
f 6654 6655 6644
f 6644 6655 6645
f 6651 6650 6648
f 6648 6650 6649
f 6659 6658 6663
f 6663 6658 6660
f 6665 6667 6664
f 6664 6667 6666
f 6678 6669 6679
f 6679 6669 6668
f 6673 6672 6677
f 6677 6672 6674
f 6690 6682 6691
f 6691 6682 6681
f 6685 6684 6689
f 6689 6684 6686
f 6636 6634 6617
f 6617 6634 6618
f 6638 6698 6639
f 6639 6698 6695
f 6640 6696 6643
f 6643 6696 6616
f 6693 6699 6632
f 6632 6699 6642
f 6655 6622 6645
f 6645 6622 6621
f 6704 6701 6647
f 6647 6701 6644
f 6651 6648 6620
f 6620 6648 6703
f 6650 6653 6699
f 6699 6653 6697
f 6613 6660 6614
f 6614 6660 6658
f 6663 6662 6701
f 6701 6662 6702
f 6665 6707 6667
f 6667 6707 6612
f 6705 6709 6656
f 6656 6709 6666
f 6630 6629 6678
f 6678 6629 6669
f 6714 6711 6671
f 6671 6711 6668
f 6672 6713 6674
f 6674 6713 6628
f 6677 6676 6709
f 6709 6676 6708
f 6626 6625 6690
f 6690 6625 6682
f 6680 6719 6681
f 6681 6719 6716
f 6684 6718 6686
f 6686 6718 6624
f 6711 6689 6712
f 6689 6688 6712
f 6593 6720 6594
f 6594 6720 6721
f 6722 6720 4607
f 4607 6720 4849
f 6592 6723 6722
f 6722 6723 6724
f 4610 4609 6578
f 6578 4609 6575
f 6596 6595 6580
f 6580 6595 6579
f 4618 4617 6584
f 6584 4617 6581
f 6589 6585 6586
f 6586 6585 6606
f 4622 4619 6588
f 6588 4619 6589
f 4622 6588 4623
f 4623 6588 6590
f 4609 4645 6575
f 6575 4645 6593
f 4617 4612 6581
f 6581 4612 6579
f 5004 4610 6597
f 6597 4610 6578
f 4645 4849 6593
f 6593 4849 6720
f 6724 6721 6722
f 6722 6721 6720
f 6722 4607 6592
f 6592 4607 4606
f 6725 6610 6721
f 6721 6610 6594
f 6723 6726 6724
f 6724 6726 6727
f 6727 6725 6724
f 6724 6725 6721
f 6728 6729 6605
f 6605 6729 6608
f 6605 6607 6728
f 6728 6607 6730
f 6731 6732 6604
f 6604 6732 6603
f 6733 6734 6725
f 6725 6734 6610
f 6735 6733 6727
f 6727 6733 6725
f 6735 6727 6736
f 6736 6727 6726
f 6591 6609 6723
f 6723 6609 6726
f 6723 6592 6591
f 6591 6592 6590
f 6738 6739 6737
f 6737 6739 6740
f 6740 6739 6742
f 6742 6739 6741
f 6743 6744 6741
f 6741 6744 6742
f 6745 6746 6743
f 6743 6746 6744
f 6747 6748 6745
f 6745 6748 6746
f 6749 6750 6747
f 6747 6750 6748
f 6752 6738 6751
f 6751 6738 6737
f 6754 6752 6753
f 6753 6752 6751
f 6756 6754 6755
f 6755 6754 6753
f 6758 6750 6757
f 6757 6750 6749
f 6760 6756 6759
f 6759 6756 6755
f 6762 6760 6761
f 6761 6760 6759
f 6764 6762 6763
f 6763 6762 6761
f 6757 6764 6758
f 6758 6764 6763
f 6766 6741 6765
f 6765 6741 6739
f 6767 6743 6766
f 6766 6743 6741
f 6768 6745 6767
f 6767 6745 6743
f 6769 6747 6768
f 6768 6747 6745
f 6770 6749 6769
f 6769 6749 6747
f 6772 6769 6771
f 6771 6769 6768
f 6773 6770 6772
f 6772 6770 6769
f 6774 6775 6772
f 6772 6775 6773
f 6777 6778 6776
f 6776 6778 6779
f 6775 6774 6778
f 6778 6774 6779
f 6771 6780 6772
f 6772 6780 6774
f 6780 6781 6774
f 6774 6781 6779
f 6781 6782 6779
f 6779 6782 6776
f 6784 6785 6783
f 6783 6785 6786
f 6786 6787 6783
f 6783 6787 6788
f 6790 6788 6789
f 6789 6788 6787
f 6786 6785 6791
f 6791 6785 6792
f 6791 6793 6786
f 6786 6793 6787
f 6793 6794 6787
f 6787 6794 6789
f 6795 6796 6794
f 6794 6796 6789
f 6790 6789 6797
f 6797 6789 6796
f 6798 6765 6738
f 6738 6765 6739
f 6799 6798 6752
f 6752 6798 6738
f 6767 6800 6768
f 6768 6800 6771
f 6766 6801 6767
f 6767 6801 6800
f 6802 6801 6765
f 6765 6801 6766
f 6798 6803 6765
f 6765 6803 6802
f 6804 6803 6799
f 6799 6803 6798
f 6805 6806 6804
f 6804 6806 6803
f 6807 6799 6754
f 6754 6799 6752
f 6808 6804 6807
f 6807 6804 6799
f 6809 6805 6808
f 6808 6805 6804
f 6810 6811 6805
f 6805 6811 6806
f 6812 6813 6810
f 6810 6813 6811
f 6814 6815 6796
f 6796 6815 6797
f 6813 6814 6816
f 6816 6814 6817
f 6816 6818 6813
f 6813 6818 6811
f 6819 6806 6818
f 6818 6806 6811
f 6802 6803 6819
f 6819 6803 6806
f 6757 6749 6820
f 6820 6749 6770
f 6820 6770 6821
f 6821 6770 6773
f 6821 6773 6822
f 6822 6773 6775
f 6822 6775 6823
f 6823 6775 6778
f 6824 6823 6777
f 6777 6823 6778
f 6784 6825 6777
f 6777 6825 6824
f 6826 6827 6788
f 6788 6827 6783
f 6828 6826 6790
f 6790 6826 6788
f 6829 6828 6797
f 6797 6828 6790
f 6815 6830 6797
f 6797 6830 6829
f 6832 6812 6831
f 6831 6812 6810
f 6831 6810 6809
f 6809 6810 6805
f 6736 6800 6735
f 6735 6800 6801
f 6733 6735 6802
f 6802 6735 6801
f 6734 6733 6819
f 6819 6733 6802
f 6833 6734 6818
f 6818 6734 6819
f 6834 6833 6816
f 6816 6833 6818
f 6816 6817 6834
f 6834 6817 6835
f 6837 6795 6836
f 6836 6795 6794
f 6836 6794 6731
f 6731 6794 6793
f 6732 6731 6791
f 6791 6731 6793
f 6791 6792 6732
f 6732 6792 6730
f 6729 6728 6781
f 6781 6728 6782
f 6838 6807 6756
f 6756 6807 6754
f 6839 6838 6760
f 6760 6838 6756
f 6840 6839 6762
f 6762 6839 6760
f 6841 6840 6764
f 6764 6840 6762
f 6820 6841 6757
f 6757 6841 6764
f 6841 6820 6842
f 6842 6820 6821
f 6840 6841 6843
f 6843 6841 6842
f 6839 6840 6844
f 6844 6840 6843
f 6838 6839 6845
f 6845 6839 6844
f 6807 6838 6808
f 6808 6838 6845
f 6842 6821 6846
f 6846 6821 6822
f 6843 6842 6847
f 6847 6842 6846
f 6844 6843 6848
f 6848 6843 6847
f 6845 6844 6849
f 6849 6844 6848
f 6808 6845 6809
f 6809 6845 6849
f 6850 6831 6849
f 6849 6831 6809
f 6851 6850 6848
f 6848 6850 6849
f 6847 6852 6848
f 6848 6852 6851
f 6853 6852 6846
f 6846 6852 6847
f 6846 6822 6853
f 6853 6822 6823
f 6853 6823 6854
f 6854 6823 6824
f 6854 6855 6853
f 6853 6855 6852
f 6856 6851 6855
f 6855 6851 6852
f 6856 6857 6851
f 6851 6857 6850
f 6857 6832 6850
f 6850 6832 6831
f 6825 6858 6824
f 6824 6858 6854
f 6860 6827 6859
f 6859 6827 6826
f 6859 6826 6861
f 6861 6826 6828
f 6862 6861 6829
f 6829 6861 6828
f 6830 6863 6829
f 6829 6863 6862
f 6863 6864 6862
f 6862 6864 6865
f 6858 6866 6854
f 6854 6866 6855
f 6867 6865 6866
f 6866 6865 6864
f 6869 6859 6868
f 6868 6859 6861
f 6867 6869 6865
f 6865 6869 6868
f 6861 6862 6868
f 6868 6862 6865
f 6867 6860 6869
f 6869 6860 6859
f 6753 6751 6698
f 6698 6751 6695
f 6697 6755 6698
f 6698 6755 6753
f 6759 6755 6702
f 6702 6755 6697
f 6761 6759 6708
f 6708 6759 6702
f 6763 6761 6712
f 6712 6761 6708
f 6758 6763 6717
f 6717 6763 6712
f 6750 6758 6716
f 6716 6758 6717
f 6719 6748 6716
f 6716 6748 6750
f 6714 6746 6719
f 6719 6746 6748
f 6705 6744 6714
f 6714 6744 6746
f 6704 6742 6705
f 6705 6742 6744
f 6740 6742 6693
f 6693 6742 6704
f 6737 6740 6692
f 6692 6740 6693
f 6751 6737 6695
f 6695 6737 6692
f 6601 6602 6836
f 6836 6602 6837
f 6604 6601 6731
f 6731 6601 6836
f 6599 6600 6834
f 6834 6600 6833
f 6834 6835 6599
f 6599 6835 6611
f 6600 6610 6833
f 6833 6610 6734
f 6780 6771 6870
f 6870 6771 6736
f 6736 6771 6800
f 6870 6729 6780
f 6780 6729 6781
f 6608 6729 6609
f 6609 6729 6870
f 6609 6870 6726
f 6726 6870 6736
f 5014 5015 5229
f 5229 5015 5230
f 4258 5015 4259
f 4259 5015 4878
f 3471 3013 4703
f 4703 3013 4704
f 2879 6337 1306
f 1306 6337 4785
f 829 3471 4316
f 4316 3471 4703
f 4702 3472 5223
f 5223 3472 1756
f 6871 6872 4534
f 4534 6872 4535
f 6871 4665 6872
f 6872 4665 4844
f 6871 6873 4665
f 4665 6873 4559
f 6871 4534 6873
f 6873 4534 4542
f 4153 4152 4822
f 4822 4152 4407
f 4152 4168 4407
f 4407 4168 4342
f 4343 4168 4923
f 4923 4168 4167
f 4363 4362 4972
f 4972 4362 4840
f 4362 4394 4840
f 4840 4394 4839
f 4401 4400 4986
f 4986 4400 4984
f 4435 4434 4841
f 4841 4434 4842
f 4506 4505 4530
f 4530 4505 4531
f 4506 4535 4507
f 4507 4535 4843
f 4661 4660 4516
f 4516 4660 4517
f 4673 4672 4937
f 4937 4672 6547
f 4400 4924 4984
f 4984 4924 5263
f 4673 4660 4674
f 4674 4660 4659
f 4505 4661 4531
f 4531 4661 4516
f 4952 4401 6874
f 6874 4401 4986
f 4954 4153 6875
f 6875 4153 4822
f 4363 4973 4364
f 4364 4973 4974
f 5264 4924 5267
f 5267 4924 4691
f 6293 6292 6876
f 6876 6292 6877
f 6380 4343 6387
f 6387 4343 4923
f 4394 4435 4839
f 4839 4435 4841
f 4672 4434 6547
f 6547 4434 4433
f 4973 6556 4974
f 4974 6556 6878
f 6567 6380 6574
f 6574 6380 6387
f 6292 4954 6877
f 6877 4954 6875
f 6567 5264 6568
f 6568 5264 5267
f 4145 4144 4154
f 4154 4144 4151
f 4194 4144 4425
f 4425 4144 4143
f 4355 4354 5263
f 5263 4354 4984
f 4360 4359 4364
f 4364 4359 4361
f 4444 4359 4392
f 4392 4359 4337
f 4447 4446 4432
f 4432 4446 4433
f 4464 4463 6547
f 6547 4463 4937
f 4519 4518 4654
f 4654 4518 4509
f 4533 4532 4499
f 4499 4532 4498
f 4533 4542 4530
f 4530 4542 4534
f 4519 4532 4516
f 4516 4532 4531
f 4922 4194 4426
f 4426 4194 4425
f 4463 4518 4937
f 4937 4518 4517
f 6555 4951 6874
f 6874 4951 6878
f 4958 4957 6290
f 6290 4957 6291
f 4334 4360 4712
f 4712 4360 4950
f 4985 4354 4419
f 4419 4354 4353
f 5262 4355 5265
f 5265 4355 5263
f 6294 4958 4804
f 4804 4958 6290
f 6386 4922 6384
f 6384 4922 4426
f 4444 4447 4393
f 4393 4447 4432
f 4464 4446 4465
f 4465 4446 4445
f 4985 6555 4986
f 4986 6555 6874
f 6573 6386 6571
f 6571 6386 6384
f 4145 6294 4146
f 4146 6294 4804
f 6573 5262 6574
f 6574 5262 5265
f 4542 4541 6873
f 6873 4541 4559
f 4535 6872 4843
f 4843 6872 4844
f 4104 4103 6879
f 6879 4103 6343
f 4105 6293 6307
f 6307 6293 6876
f 4104 4956 4105
f 4105 4956 6293
f 4956 4104 4957
f 4957 4104 6879
f 4957 6879 6291
f 6291 6879 6309
f 4648 4988 4649
f 4649 4988 4953
f 4802 4803 4928
f 4928 4803 6550
f 6550 4803 6555
f 6555 4803 4951
f 1516 3173 4987
f 4987 3173 5006
f 6519 6518 6558
f 6558 6518 6510
f 6527 6519 6559
f 6559 6519 6558
f 6528 6560 6529
f 6529 6560 6541
f 6548 4625 6549
f 6549 4625 4624
f 6551 6552 4746
f 4746 6552 6505
f 6553 4711 6554
f 6554 4711 4710
f 4802 6551 4713
f 4713 6551 4746
f 6556 4973 4649
f 4649 4973 4646
f 6557 4949 6548
f 6548 4949 4625
f 4648 4647 6553
f 6553 4647 4711
f 6549 4624 4987
f 4987 4624 4838
f 6552 6518 6505
f 6505 6518 6507
f 6561 4372 6529
f 6529 4372 6514
f 6562 4369 6561
f 6561 4369 4372
f 3142 3482 6562
f 6562 3482 4369
f 6556 4952 6878
f 6878 4952 6874
f 4951 4950 6878
f 6878 4950 4974
f 3168 440 3952
f 4204 4203 5341
f 5341 4203 6364
f 4219 4222 6429
f 6429 4222 4383
f 4319 4322 6506
f 6506 4322 4747
f 4340 4714 4341
f 4341 4714 4384
f 4375 4377 6388
f 6388 4377 6546
f 4378 4381 6311
f 6311 4381 4720
f 4449 4341 4387
f 4387 4341 4384
f 4473 4472 4477
f 4477 4472 4474
f 4492 4491 4487
f 4487 4491 4488
f 4523 4491 4522
f 4522 4491 4490
f 4492 4538 4493
f 4493 4538 4555
f 4538 4553 4555
f 4555 4553 4556
f 4620 4615 4621
f 4621 4615 4618
f 4652 4651 4368
f 4368 4651 4365
f 4523 4655 4524
f 4524 4655 4656
f 4553 4667 4556
f 4556 4667 4571
f 4651 1210 4365
f 4365 1210 1209
f 4698 4697 5223
f 5223 4697 6344
f 4340 4339 4322
f 4322 4339 4747
f 4726 4729 5287
f 5287 4729 4198
f 4381 4380 4737
f 4737 4380 6368
f 4836 4835 4451
f 4451 4835 4709
f 4910 6367 4911
f 4911 6367 6366
f 4912 4915 6450
f 6450 4915 6449
f 4927 4836 4450
f 4450 4836 4451
f 4930 4929 4439
f 4439 4929 4436
f 4936 4935 4459
f 4459 4935 4456
f 4473 4655 4470
f 4470 4655 4510
f 4942 4583 4943
f 4943 4583 4572
f 4948 4601 4947
f 4947 4601 4584
f 4949 4835 4625
f 4625 4835 4626
f 4966 4969 6289
f 6289 4969 4695
f 4971 4652 4926
f 4926 4652 4368
f 4203 4977 6364
f 6364 4977 6365
f 4990 4989 4443
f 4443 4989 4440
f 4990 4991 4478
f 4478 4991 4512
f 4992 4991 4528
f 4528 4991 4515
f 4992 4993 4527
f 4527 4993 4485
f 4994 4993 4502
f 4502 4993 4503
f 4994 4995 4482
f 4482 4995 4550
f 4543 4996 4544
f 4544 4996 4995
f 4999 4998 4567
f 4567 4998 4578
f 5000 4998 4575
f 4575 4998 4997
f 5002 5001 4592
f 4592 5001 4574
f 5003 5004 4614
f 4614 5004 4611
f 3483 4215 1755
f 1755 4215 4698
f 5274 5277 4195
f 4195 5277 4223
f 4726 5295 4727
f 4727 5295 6350
f 5309 5342 5310
f 5310 5342 6363
f 5315 5314 5316
f 5316 5314 5317
f 5339 6362 5340
f 5340 6362 5363
f 5310 6363 5339
f 5339 6363 6362
f 4204 5309 4201
f 4201 5309 5308
f 4915 5345 6449
f 6449 5345 6448
f 5345 5315 6448
f 6448 5315 5316
f 5348 5347 6351
f 6351 5347 6352
f 5365 4263 5340
f 5340 4263 4262
f 6295 6298 4733
f 4733 6298 4734
f 4969 6306 4695
f 4695 6306 4696
f 6306 4378 4696
f 4696 4378 6311
f 6369 6372 6544
f 6544 6372 6545
f 4375 6390 4373
f 4373 6390 4374
f 6421 6422 4911
f 4911 6422 4908
f 4910 4909 4737
f 4737 4909 4736
f 5277 4219 4223
f 4223 4219 6429
f 4697 4222 6344
f 6344 4222 4221
f 6436 6361 6437
f 6437 6361 6360
f 6438 6440 6437
f 6437 6440 6434
f 6438 6359 6441
f 6441 6359 6358
f 6442 6441 6357
f 6357 6441 6358
f 6442 6444 6443
f 6443 6444 6445
f 6446 6444 6355
f 6355 6444 6356
f 6446 4912 6447
f 6447 4912 6450
f 6436 6435 5365
f 5365 6435 4263
f 5314 5347 5317
f 5317 5347 5346
f 4319 6512 4320
f 4320 6512 6513
f 6520 6512 6521
f 6521 6512 6508
f 6528 6520 6527
f 6527 6520 6521
f 6532 6539 6533
f 6533 6539 6535
f 6533 6535 6537
f 6537 6535 6534
f 6538 6543 6537
f 6537 6543 6536
f 6295 4377 6296
f 6296 4377 4376
f 4989 4930 4440
f 4440 4930 4439
f 4927 4929 4422
f 4422 4929 4455
f 4449 4936 4388
f 4388 4936 4459
f 4472 4935 4474
f 4474 4935 4932
f 4942 4940 4947
f 4947 4940 4939
f 5001 5000 4574
f 4574 5000 4575
f 4669 4943 4666
f 4666 4943 4667
f 4996 4999 4547
f 4547 4999 4567
f 4948 4946 4620
f 4620 4946 4615
f 5003 5002 4591
f 4591 5002 4592
f 6557 4971 6554
f 6554 4971 4926
f 6532 6560 6539
f 6539 6560 6559
f 6390 6372 4374
f 4374 6372 6371
f 4966 6298 4967
f 4967 6298 6297
f 6538 6526 6369
f 6369 6526 6370
f 6585 6589 4621
f 4621 6589 4619
f 6597 6578 6598
f 6598 6578 6577
f 6606 6583 6607
f 6607 6583 6603
f 6611 6602 6598
f 6598 6602 6596
f 6585 6584 6606
f 6606 6584 6583
f 6597 6580 5004
f 5004 6580 4611
f 6607 6603 6730
f 6730 6603 6732
f 6776 6785 6777
f 6777 6785 6784
f 6785 6776 6792
f 6792 6776 6782
f 6815 6814 6812
f 6812 6814 6813
f 6817 6814 6795
f 6795 6814 6796
f 6825 6784 6827
f 6827 6784 6783
f 6830 6815 6832
f 6832 6815 6812
f 6817 6795 6835
f 6835 6795 6837
f 6792 6782 6730
f 6730 6782 6728
f 6858 6825 6860
f 6860 6825 6827
f 6863 6830 6857
f 6857 6830 6832
f 6864 6863 6856
f 6856 6863 6857
f 6866 6858 6867
f 6867 6858 6860
f 6866 6864 6855
f 6855 6864 6856
f 6835 6837 6611
f 6611 6837 6602
f 6560 6528 6559
f 6559 6528 6527
f 4949 6557 4710
f 4710 6557 6554
f 4430 4090 4175
f 4175 4090 4089
f 4777 4113 4155
f 4155 4113 4086
f 4175 4089 4176
f 4176 4089 4142
f 4199 4271 4200
f 4200 4271 4798
f 4199 4095 4272
f 4272 4095 5273
f 4406 4405 4404
f 4404 4405 4346
f 4410 4409 6877
f 6877 4409 6876
f 4409 4413 6876
f 6876 4413 6307
f 4415 4148 4416
f 4416 4148 4147
f 4690 4405 4344
f 4344 4405 4342
f 4693 4692 4352
f 4352 4692 4349
f 4701 4700 6337
f 6337 4700 6338
f 4778 4777 4081
f 4081 4777 4155
f 4821 4406 4809
f 4809 4406 4404
f 4176 4142 4181
f 4181 4142 4415
f 4760 4970 4399
f 4399 4970 4692
f 4200 5007 4096
f 4096 5007 4078
f 5266 4693 5269
f 5269 4693 4352
f 5270 5007 5361
f 5361 5007 4797
f 4778 5270 4779
f 4779 5270 5361
f 6285 4410 6875
f 6875 4410 6877
f 6308 4413 4687
f 4687 4413 4412
f 6480 6320 6481
f 6481 6320 6880
f 4701 2878 4702
f 4702 2878 3472
f 6339 6347 6340
f 6340 6347 6348
f 6341 6342 6346
f 6346 6342 6345
f 4416 6308 4414
f 4414 6308 4687
f 6385 4690 6381
f 6381 4690 4344
f 5282 6341 5280
f 5280 6341 6339
f 4700 6342 6338
f 6338 6342 5281
f 6340 6348 4272
f 4272 6348 4270
f 6480 6479 4828
f 4828 6479 4829
f 6490 6479 6489
f 6489 6479 6478
f 4090 4430 6490
f 6490 4430 4429
f 6563 6564 4970
f 4970 6564 4815
f 4694 6566 4366
f 4366 6566 6563
f 6572 6385 6568
f 6568 6385 6381
f 4821 6285 4822
f 4822 6285 6875
f 6572 5266 6569
f 6569 5266 5269
f 3482 3103 4369
f 4369 3103 4370
f 3121 4730 3485
f 3485 4730 4327
f 6277 6280 6273
f 6273 6280 6272
f 6267 6276 6278
f 6278 6276 6279
f 6278 6279 6277
f 6277 6279 6280
f 6279 6256 6280
f 6280 6256 6255
f 6256 3857 6255
f 6255 3857 3754
f 3857 3856 3754
f 3754 3856 3755
f 3856 3703 3755
f 3755 3703 3863
f 3703 3702 3863
f 3863 3702 3759
f 3702 3706 3759
f 3759 3706 3670
f 3706 3705 3670
f 3670 3705 3668
f 3705 3773 3668
f 3668 3773 3882
f 3882 3773 3883
f 3883 3773 3707
f 3707 3708 3883
f 3883 3708 3880
f 3708 3710 3880
f 3880 3710 3881
f 3709 5241 3710
f 3710 5241 3881
f 5241 3709 5234
f 5234 3709 3786
f 3693 3712 3786
f 3786 3712 5234
f 4051 4055 4052
f 4052 4055 4056
f 4056 4055 4057
f 4057 4055 4054
f 4066 5238 5236
f 5236 5238 3989
f 4066 4069 5238
f 5238 4069 4035
f 6881 3962 3960
f 3960 3962 3957
f 6883 4070 6882
f 6882 4070 3941
f 4070 6883 4071
f 4071 6883 6884
f 4071 6884 4072
f 4072 6884 6885
f 6885 6886 4072
f 4072 6886 4031
f 3955 6881 3956
f 3956 6881 3960
f 6884 3991 6885
f 6885 3991 3990
f 6883 6887 6884
f 6884 6887 3991
f 6887 6888 3991
f 3991 6888 3992
f 6888 6887 6889
f 6889 6887 6890
f 6887 6883 6890
f 6890 6883 6882
f 4058 5240 3953
f 3953 5240 3954
f 5236 6888 5239
f 5239 6888 6889
f 5237 6886 3990
f 3990 6886 6885
f 4034 4031 5237
f 5237 4031 6886
f 6881 6882 3962
f 3962 6882 3941
f 6881 3955 6882
f 6882 3955 6890
f 3955 3954 6890
f 6890 3954 6889
f 5239 6889 5240
f 5240 6889 3954
f 6888 5236 3992
f 3992 5236 3989
f 3869 3868 3888
f 3888 3868 4015
f 3868 4012 4015
f 4015 4012 4010
f 4012 4022 4010
f 4010 4022 4009
f 4022 4021 4009
f 4009 4021 4018
f 4020 3974 4001
f 4001 3974 3996
f 4021 4020 4029
f 4029 4020 4001
f 4085 4156 4086
f 4086 4156 4155
f 4113 4777 4114
f 4114 4777 4776
f 4130 4129 4094
f 4094 4129 4091
f 4139 4773 4140
f 4140 4773 4772
f 4149 4178 4150
f 4150 4178 5225
f 4160 4159 4087
f 4087 4159 4088
f 4149 4148 4179
f 4179 4148 4141
f 4085 4084 4183
f 4183 4084 6315
f 4179 4141 4159
f 4159 4141 4088
f 4192 4130 4162
f 4162 4130 4094
f 4197 5288 4198
f 4198 5288 5287
f 4229 4766 4230
f 4230 4766 4771
f 4245 4246 4242
f 4242 4246 4249
f 4183 6315 4418
f 4418 6315 6314
f 4679 4178 4680
f 4680 4178 4177
f 4724 4798 4725
f 4725 4798 4271
f 4728 5275 4729
f 4729 5275 5274
f 4230 4771 4249
f 4249 4771 4242
f 4724 4723 4799
f 4799 4723 5355
f 4823 4824 4891
f 4891 4824 6327
f 4823 4192 4161
f 4161 4192 4162
f 4893 4767 4229
f 4229 4767 4766
f 4894 4895 4898
f 4898 4895 4899
f 4106 4150 4103
f 4103 4150 5225
f 4680 4894 4677
f 4677 4894 4898
f 6420 4977 5301
f 5301 4977 4976
f 4679 4678 5226
f 5226 4678 4427
f 5228 5008 4893
f 4893 5008 4767
f 5285 6354 5286
f 5286 6354 5343
f 5289 5352 5290
f 5290 5352 5349
f 5290 5349 5295
f 5295 5349 5348
f 5302 5299 4202
f 4202 5299 4976
f 4725 4271 5311
f 5311 4271 4270
f 5325 4723 5326
f 5326 4723 4722
f 5335 5355 5325
f 5325 5355 4723
f 5326 4722 5286
f 5286 4722 5283
f 4799 5357 4797
f 4797 5357 5361
f 5359 5356 5335
f 5335 5356 5355
f 4775 4774 5356
f 5356 4774 5357
f 5359 5358 4092
f 4092 5358 4093
f 6316 4740 6317
f 6317 4740 4739
f 6318 4827 6316
f 6316 4827 4740
f 6319 4828 6318
f 6318 4828 4827
f 6320 6480 6319
f 6319 6480 4828
f 6484 6322 6485
f 6485 6322 6321
f 6487 6324 6331
f 6331 6324 6323
f 6331 6323 6330
f 6330 6323 6325
f 6325 6326 6330
f 6330 6326 6329
f 6326 6328 6329
f 6329 6328 5231
f 4824 4685 5228
f 5228 4685 5008
f 5226 6343 5225
f 5225 6343 4103
f 4728 4727 6349
f 6349 4727 5284
f 6350 6351 5285
f 5285 6351 6354
f 4247 4246 6418
f 6418 4246 6365
f 6400 6402 6401
f 6401 6402 6459
f 4197 4196 6409
f 6409 4196 6426
f 6412 4897 6328
f 6328 4897 5231
f 6413 4133 6412
f 6412 4133 4897
f 6414 4134 6413
f 6413 4134 4133
f 6415 4225 6414
f 6414 4225 4134
f 6416 4252 6415
f 6415 4252 4225
f 6417 4253 6416
f 6416 4253 4252
f 4253 6417 6366
f 6366 6417 6419
f 6366 6419 4911
f 4911 6419 6421
f 6422 6423 4908
f 4908 6423 5298
f 5298 6423 6396
f 6396 6423 6424
f 6409 6426 6425
f 6425 6426 6397
f 5300 5299 6399
f 6399 5299 6400
f 6465 6408 6401
f 6401 6408 6398
f 6424 6399 6425
f 6425 6399 6398
f 6349 5284 5311
f 5311 5284 5283
f 6465 6464 5289
f 5289 6464 5352
f 6488 6483 6492
f 6492 6483 6482
f 6486 6491 6482
f 6482 6491 6492
f 6491 4895 6492
f 6492 4895 4157
f 6488 4160 6489
f 6489 4160 4087
f 6501 6502 4418
f 4418 6502 4417
f 6504 6500 6317
f 6317 6500 6314
f 3497 3496 6501
f 6501 3496 6502
f 3499 3498 6504
f 6504 3498 6500
f 4729 5274 4198
f 4198 5274 4195
f 6418 6365 6420
f 6420 6365 4977
f 5295 5348 6350
f 6350 5348 6351
f 5301 6422 6420
f 6420 6422 6421
f 4113 4112 4086
f 4086 4112 4083
f 6320 4112 6880
f 6880 4112 4111
f 4091 4772 4092
f 4092 4772 4775
f 4129 4140 4091
f 4091 4140 4772
f 4137 4140 4128
f 4128 4140 4129
f 4128 6324 4137
f 4137 6324 6321
f 6324 6487 6321
f 6321 6487 6485
f 6487 6486 6485
f 6485 6486 6482
f 4774 4773 4779
f 4779 4773 4776
f 4773 4139 4776
f 4776 4139 4114
f 4139 4138 4114
f 4114 4138 4111
f 4138 6322 4111
f 4111 6322 6880
f 6322 6484 6880
f 6880 6484 6481
f 6484 6483 6481
f 6481 6483 6478
f 6879 6343 6309
f 6309 6343 4428
f 4106 4105 4900
f 4900 4105 6307
f 3500 3167 6495
f 6495 3167 6496
f 3500 6495 3070
f 3070 6495 5368
f 3502 5235 3501
f 3501 5235 4813
f 3024 3503 6473
f 6473 3503 6474
f 3503 3023 6474
f 6474 3023 6374
f 3504 1770 4348
f 4348 1770 4345
f 3502 3505 5235
f 5235 3505 4810
f 3498 3497 6500
f 6500 3497 6501
f 3496 3075 6502
f 6502 3075 6275
f 6299 4254 3174
f 3174 4254 3017
f 1769 3501 4814
f 4814 3501 4813
f 3506 3018 6476
f 6476 3018 4257
f 3507 3499 6499
f 6499 3499 6504
f 3030 4216 3483
f 3483 4216 4215
f 3077 3507 6333
f 6333 3507 6499
f 1784 3160 5249
f 5249 3160 6523
f 3015 3506 4240
f 4240 3506 6476
f 3508 3504 6383
f 6383 3504 4348
f 3509 3016 6477
f 6477 3016 4239
f 3028 3509 6467
f 6467 3509 6477
f 3022 1785 5246
f 5246 1785 5247
f 3161 3508 6570
f 6570 3508 6383
f 3150 3149 4694
f 4694 3149 6566
f 1327 4807 3510
f 3510 4807 4811
f 3510 4811 3505
f 3505 4811 4810
f 3146 3511 4816
f 4816 3511 4350
f 3511 1808 4350
f 4350 1808 4351
f 3485 4327 3159
f 3159 4327 4330
f 1326 3512 4806
f 4806 3512 6310
f 3512 1331 6310
f 6310 1331 4688
