v -0.235623 0.335381 6.387313
v -0.237776 0.347972 6.400167
v -0.240724 0.354306 6.387905
v -0.238047 0.346421 6.374384
v -0.243304 0.362529 6.397019
v -0.239485 0.359200 6.407032
v -0.241284 0.363372 6.377772
v -0.237235 0.359063 6.365083
v -0.244317 0.399906 6.373936
v -0.242102 0.406714 6.365932
v -0.240370 0.394508 6.364796
v -0.242237 0.391051 6.373362
v -0.244880 0.425162 6.379132
v -0.245446 0.432048 6.389877
v -0.242016 0.443512 6.383913
v -0.239654 0.437196 6.372808
v -0.234977 0.413464 6.422886
v -0.238810 0.419977 6.419820
v -0.240705 0.413680 6.415573
v -0.236336 0.407986 6.418834
v -0.231139 0.401922 6.431076
v -0.229474 0.397696 6.426746
v -0.228333 0.392488 6.432753
v -0.231322 0.396994 6.437312
v -0.232735 0.418489 6.427740
v -0.236034 0.425201 6.424170
v -0.232603 0.407261 6.425926
v -0.232767 0.410960 6.429529
v -0.238134 0.413643 6.440273
v -0.236425 0.409859 6.437714
v -0.238375 0.406606 6.444139
v -0.239070 0.411887 6.445514
v -0.234081 0.417007 6.431962
v -0.235295 0.413543 6.433324
v -0.236236 0.416115 6.436701
v -0.233857 0.419027 6.435756
v -0.232791 0.405485 6.434723
v -0.234344 0.401434 6.440945
v -0.234607 0.398869 6.447731
v -0.238800 0.405347 6.451157
v -0.243633 0.434325 6.411669
v -0.242140 0.426791 6.416004
v -0.239619 0.431243 6.420576
v -0.241476 0.437342 6.416626
v -0.232178 0.423225 6.433244
v -0.236386 0.439096 6.433228
v -0.236080 0.434879 6.433044
v -0.233896 0.433121 6.438820
v -0.234636 0.436947 6.439086
v -0.242670 0.449555 6.405210
v -0.241122 0.449998 6.411891
v -0.239813 0.456292 6.411786
v -0.240615 0.457988 6.404963
v -0.238030 0.462303 6.413552
v -0.238070 0.465088 6.406004
v -0.233071 0.479162 6.415178
v -0.235405 0.473010 6.410290
v -0.236587 0.467532 6.417057
v -0.235281 0.471497 6.423367
v -0.232243 0.465245 6.434727
v -0.230001 0.465849 6.440177
v -0.231326 0.477406 6.437847
v -0.233775 0.475067 6.431391
v -0.232646 0.445753 6.429598
v -0.233290 0.446108 6.425064
v -0.235720 0.444029 6.427578
v -0.235392 0.442477 6.432588
v -0.235145 0.446335 6.422583
v -0.236260 0.447199 6.421620
v -0.236319 0.445745 6.421847
v -0.235071 0.446202 6.422426
v -0.233777 0.446207 6.423339
v -0.234857 0.446652 6.425845
v -0.234497 0.446230 6.422894
v -0.234732 0.446937 6.430264
v -0.230389 0.447472 6.444215
v -0.232414 0.447386 6.440783
v -0.229504 0.444192 6.439081
v -0.228105 0.443912 6.442227
v -0.236834 0.443794 6.424180
v -0.238177 0.442117 6.422898
v -0.237448 0.438442 6.427578
v -0.236913 0.441695 6.427617
v -0.239530 0.439897 6.420543
v -0.238015 0.444820 6.420475
v -0.239711 0.443930 6.417800
v -0.236378 0.448710 6.422645
v -0.237346 0.450628 6.420416
v -0.237202 0.448273 6.419818
v -0.236636 0.453355 6.422522
v -0.236006 0.450006 6.425026
v -0.235329 0.450996 6.429140
v -0.234299 0.451706 6.434353
v -0.234016 0.456665 6.432158
v -0.235524 0.455413 6.426860
v -0.238269 0.434032 6.424861
v -0.239140 0.449468 6.416595
v -0.241843 0.442832 6.413561
v -0.238478 0.453506 6.416942
v -0.237380 0.457768 6.418860
v -0.236176 0.461233 6.422658
v -0.234445 0.463388 6.428622
v -0.227821 0.486325 6.431730
v -0.231096 0.483560 6.424265
v -0.238252 0.366793 6.407656
v -0.242258 0.369110 6.400857
v -0.240353 0.377644 6.398258
v -0.241784 0.375592 6.396562
v -0.239549 0.373426 6.402372
v -0.239172 0.375748 6.402563
v -0.241953 0.387946 6.380069
v -0.241246 0.385379 6.385385
v -0.241366 0.388893 6.385322
v -0.243101 0.393850 6.379737
v -0.241756 0.394607 6.397248
v -0.242386 0.393815 6.391869
v -0.240182 0.387123 6.394126
v -0.240778 0.387424 6.398579
v -0.238890 0.387101 6.402205
v -0.236774 0.386302 6.405945
v -0.236964 0.392562 6.406476
v -0.239745 0.394013 6.402250
v -0.236436 0.372312 6.406224
v -0.231336 0.372841 6.410468
v -0.231502 0.375382 6.409980
v -0.235673 0.374792 6.406531
v -0.222981 0.381906 6.415791
v -0.223687 0.379770 6.414541
v -0.221873 0.378642 6.417314
v -0.221384 0.382812 6.417825
v -0.223260 0.385681 6.416811
v -0.224427 0.383236 6.414265
v -0.222695 0.314276 6.385283
v -0.229998 0.327531 6.400847
v -0.228343 0.324985 6.369920
v -0.231937 0.339039 6.358989
v -0.232990 0.355588 6.351459
v -0.242915 0.447169 6.396264
v -0.240265 0.457375 6.393233
v -0.238213 0.454211 6.378883
v -0.234326 0.464901 6.379038
v -0.236731 0.467510 6.395048
v -0.226215 0.485059 6.404136
v -0.231987 0.477527 6.398153
v -0.227443 0.475477 6.380609
v -0.222580 0.467464 6.363543
v -0.229661 0.458626 6.365148
v -0.217650 0.456180 6.349707
v -0.212686 0.475901 6.360810
v -0.211079 0.458417 6.346169
v -0.202212 0.507741 6.371078
v -0.202392 0.519793 6.366478
v -0.204986 0.515479 6.352847
v -0.204834 0.503691 6.357014
v -0.234618 0.448614 6.367362
v -0.235163 0.385759 6.356140
v -0.239341 0.383521 6.366450
v -0.236271 0.399197 6.355620
v -0.217384 0.334271 6.325944
v -0.224663 0.334093 6.342936
v -0.228157 0.351740 6.338643
v -0.220877 0.349180 6.323599
v -0.195313 0.297353 6.341109
v -0.211067 0.303443 6.363269
v -0.218666 0.316089 6.352136
v -0.207519 0.311968 6.333364
v -0.213381 0.351198 6.311362
v -0.202287 0.355858 6.297596
v -0.192831 0.341975 6.291992
v -0.206158 0.335287 6.308491
v -0.176302 0.324466 6.288293
v -0.191546 0.314725 6.308536
v -0.205779 0.471853 6.344534
v -0.204676 0.455250 6.337613
v -0.206534 0.490317 6.361639
v -0.204508 0.486443 6.346979
v -0.155375 0.310633 6.289157
v -0.174620 0.298196 6.314633
v -0.167863 0.389818 6.277170
v -0.173029 0.371840 6.276161
v -0.188785 0.378625 6.286489
v -0.183273 0.393869 6.285571
v -0.149657 0.386820 6.270602
v -0.153024 0.365112 6.268939
v -0.170156 0.438335 6.301152
v -0.171943 0.452550 6.313013
v -0.160487 0.453865 6.308988
v -0.155676 0.439656 6.296237
v -0.244535 0.367773 6.388124
v -0.244034 0.372237 6.394247
v -0.243629 0.376483 6.388113
v -0.243507 0.374425 6.380858
v -0.240232 0.372875 6.371097
v -0.236041 0.372006 6.359405
v -0.227529 0.367342 6.336608
v -0.221153 0.363353 6.322372
v -0.206806 0.367881 6.301601
v -0.215134 0.363734 6.312532
v -0.196128 0.387888 6.294787
v -0.192537 0.397426 6.293948
v -0.195319 0.448339 6.325048
v -0.196059 0.468114 6.332757
v -0.184378 0.467014 6.325782
v -0.183102 0.450419 6.317771
v -0.161753 0.469054 6.316689
v -0.172854 0.467688 6.321152
v -0.196541 0.498292 6.334103
v -0.195129 0.511370 6.329765
v -0.185320 0.509134 6.321091
v -0.186000 0.497506 6.326438
v -0.173856 0.509534 6.314360
v -0.162064 0.510244 6.311064
v -0.162170 0.497233 6.316518
v -0.172939 0.496933 6.320505
v -0.193061 0.526837 6.387340
v -0.192217 0.537292 6.383886
v -0.197954 0.533866 6.374581
v -0.197410 0.523525 6.378206
v -0.193983 0.520924 6.323814
v -0.185284 0.517455 6.313945
v -0.183299 0.436924 6.307063
v -0.192582 0.434114 6.311767
v -0.174534 0.518307 6.307180
v -0.173136 0.483049 6.324272
v -0.184576 0.483802 6.328899
v -0.150859 0.469522 6.314144
v -0.146881 0.455777 6.306551
v -0.232370 0.402676 6.422018
v -0.230302 0.388756 6.412802
v -0.229736 0.384620 6.411452
v -0.226272 0.383907 6.413115
v -0.226634 0.387401 6.415196
v -0.224912 0.344190 6.423101
v -0.225912 0.361541 6.427829
v -0.233982 0.358353 6.417467
v -0.232368 0.344518 6.412127
v -0.247670 0.418539 6.396758
v -0.244764 0.411886 6.406191
v -0.244356 0.420467 6.411386
v -0.246102 0.428270 6.405750
v -0.240525 0.383729 6.389534
v -0.241302 0.381988 6.388275
v -0.240649 0.381758 6.391692
v -0.243466 0.441482 6.408135
v -0.245047 0.437459 6.400595
v -0.236771 0.413847 6.357694
v -0.242053 0.382388 6.375697
v -0.179225 0.286609 6.354590
v -0.199727 0.293197 6.379378
v -0.134636 0.300607 6.297208
v -0.157638 0.287623 6.326706
v -0.130323 0.359459 6.266542
v -0.127006 0.385076 6.267716
v -0.105705 0.383176 6.268407
v -0.107499 0.354507 6.264619
v -0.141221 0.443118 6.294866
v -0.151716 0.511208 6.311049
v -0.151052 0.496009 6.315010
v -0.213867 0.308199 6.398501
v -0.222032 0.326252 6.414276
v -0.231244 0.370642 6.347571
v -0.246268 0.407869 6.377958
v -0.245274 0.399899 6.382887
v -0.246458 0.403356 6.388200
v -0.247560 0.413950 6.384168
v -0.243580 0.417373 6.371609
v -0.237206 0.427017 6.364056
v -0.229244 0.437512 6.354267
v -0.223769 0.449627 6.351887
v -0.193243 0.364426 6.288623
v -0.180469 0.354538 6.281021
v -0.162694 0.340909 6.274513
v -0.139806 0.332650 6.272580
v -0.198695 0.373416 6.293822
v -0.116855 0.325680 6.277224
v -0.232819 0.428709 6.438224
v -0.235080 0.429783 6.430676
v -0.231454 0.424023 6.438903
v -0.232513 0.452383 6.439560
v -0.230156 0.452526 6.443410
v -0.229204 0.458273 6.441308
v -0.232002 0.457744 6.436942
v -0.217682 0.493010 6.420503
v -0.221765 0.490418 6.412722
v -0.195786 0.515978 6.392342
v -0.199055 0.513079 6.383270
v -0.234966 0.413935 6.441012
v -0.234868 0.412636 6.442447
v -0.234101 0.413807 6.439301
v -0.233435 0.415310 6.438279
v -0.235588 0.445010 6.424756
v -0.232491 0.436142 6.443851
v -0.230702 0.436125 6.446442
v -0.230000 0.440065 6.445338
v -0.231978 0.440128 6.442734
v -0.217333 0.487377 6.384725
v -0.205277 0.496777 6.376366
v -0.202144 0.514420 6.341879
v -0.203347 0.501070 6.345090
v -0.196842 0.484317 6.335438
v -0.161128 0.482053 6.319491
v -0.151359 0.482310 6.316761
v -0.129994 0.482815 6.324442
v -0.128047 0.474380 6.323644
v -0.138691 0.472194 6.316831
v -0.139903 0.482721 6.318936
v -0.211416 0.495214 6.398997
v -0.207865 0.497172 6.408124
v -0.200353 0.505334 6.399019
v -0.202586 0.503033 6.388691
v -0.232317 0.416594 6.445740
v -0.232260 0.417921 6.448293
v -0.230531 0.420147 6.445733
v -0.231820 0.417796 6.443648
v -0.233691 0.417976 6.438394
v -0.232229 0.417720 6.439256
v -0.231687 0.420113 6.439322
v -0.236363 0.414751 6.441302
v -0.234828 0.416471 6.438709
v -0.235914 0.413288 6.447635
v -0.236921 0.413465 6.444874
v -0.238658 0.412597 6.451482
v -0.231115 0.415329 6.443181
v -0.231371 0.416582 6.441382
v -0.232277 0.416275 6.438091
v -0.231046 0.416295 6.438382
v -0.235230 0.412422 6.445904
v -0.235468 0.413122 6.443727
v -0.230957 0.392943 6.443595
v -0.228935 0.391290 6.448650
v -0.232397 0.397630 6.452871
v -0.236046 0.404304 6.457504
v -0.235898 0.412561 6.457451
v -0.196868 0.507312 6.405479
v -0.191757 0.518002 6.398249
v -0.211845 0.326395 6.426310
v -0.216239 0.345105 6.431830
v -0.234418 0.446158 6.422561
v -0.232077 0.367517 6.413966
v -0.245780 0.404508 6.396376
v -0.236195 0.402223 6.415195
v -0.240470 0.406750 6.411246
v -0.238873 0.399617 6.408245
v -0.234883 0.396661 6.412345
v -0.225990 0.370457 6.420893
v -0.222600 0.373106 6.431098
v -0.222318 0.376056 6.423853
v -0.221659 0.382320 6.424428
v -0.223710 0.382085 6.432952
v -0.225290 0.389342 6.427419
v -0.223271 0.387700 6.421602
v -0.240879 0.379562 6.394847
v -0.242007 0.378610 6.392182
v -0.227828 0.394280 6.422395
v -0.231547 0.398371 6.418531
v -0.230595 0.393981 6.415496
v -0.226470 0.391431 6.418450
v -0.242777 0.402522 6.403181
v -0.242208 0.382104 6.382366
v -0.242011 0.391847 6.387573
v -0.199576 0.428120 6.313636
v -0.201138 0.437988 6.323900
v -0.214391 0.444236 6.334427
v -0.213447 0.447925 6.341772
v -0.209930 0.446762 6.339114
v -0.211500 0.443678 6.333207
v -0.206401 0.393592 6.308009
v -0.204951 0.388052 6.303912
v -0.209516 0.385585 6.308869
v -0.208322 0.392055 6.310157
v -0.212819 0.388451 6.314497
v -0.214564 0.385357 6.315875
v -0.216338 0.392091 6.319686
v -0.212542 0.391070 6.314600
v -0.215413 0.375073 6.313735
v -0.220782 0.377353 6.324373
v -0.218694 0.388520 6.323776
v -0.229107 0.388320 6.344532
v -0.223391 0.400949 6.336604
v -0.221217 0.393508 6.330969
v -0.224348 0.381622 6.334411
v -0.217391 0.443316 6.341903
v -0.220894 0.435740 6.342063
v -0.205163 0.443745 6.333475
v -0.086288 0.383400 6.279506
v -0.080452 0.349928 6.271600
v -0.166906 0.407344 6.281624
v -0.149473 0.406642 6.275637
v -0.181226 0.408662 6.289132
v -0.190953 0.409508 6.297345
v -0.129131 0.405687 6.272924
v -0.108948 0.404888 6.276854
v -0.230543 0.405475 6.346525
v -0.223915 0.412627 6.339258
v -0.168492 0.424216 6.289573
v -0.151504 0.424358 6.284504
v -0.181769 0.423467 6.296861
v -0.191379 0.421376 6.302725
v -0.133681 0.425658 6.281874
v -0.126843 0.445561 6.300715
v -0.117623 0.427387 6.285795
v -0.216514 0.434795 6.331740
v -0.216388 0.436038 6.336350
v -0.214914 0.441999 6.336221
v -0.217381 0.440372 6.333093
v -0.229554 0.420760 6.348817
v -0.222640 0.424593 6.340638
v -0.227936 0.387540 6.438776
v -0.222091 0.379297 6.439855
v -0.225488 0.385111 6.444169
v -0.219910 0.371427 6.436768
v -0.138958 0.283104 6.341813
v -0.163666 0.283077 6.369703
v -0.095755 0.320731 6.289045
v -0.114339 0.296080 6.311268
v -0.227442 0.466034 6.444005
v -0.227998 0.478303 6.442958
v -0.230822 0.427813 6.443053
v -0.229261 0.428347 6.445518
v -0.229770 0.432556 6.445789
v -0.231521 0.432218 6.443349
v -0.225342 0.374669 6.414868
v -0.133431 0.458137 6.310317
v -0.140592 0.495367 6.318127
v -0.141142 0.510882 6.315118
v -0.162542 0.520290 6.304292
v -0.150980 0.523390 6.305254
v -0.229423 0.424206 6.445853
v -0.230613 0.423744 6.443210
v -0.234752 0.411865 6.445232
v -0.233987 0.440822 6.438266
v -0.231095 0.420735 6.442911
v -0.232061 0.418131 6.441804
v -0.229326 0.420904 6.447802
v -0.228232 0.424693 6.446937
v -0.233807 0.390446 6.410000
v -0.233472 0.385220 6.409008
v -0.235015 0.416047 6.450512
v -0.233618 0.414580 6.447956
v -0.232809 0.417257 6.453508
v -0.202951 0.530217 6.362994
v -0.204705 0.527128 6.349215
v -0.229182 0.436134 6.447869
v -0.228355 0.440231 6.446863
v -0.184872 0.290047 6.395268
v -0.112878 0.447220 6.311715
v -0.103047 0.428354 6.298789
v -0.219107 0.408344 6.331594
v -0.216943 0.413271 6.326897
v -0.217304 0.406649 6.324118
v -0.218610 0.400691 6.328275
v -0.188911 0.528802 6.393530
v -0.200588 0.524235 6.336075
v -0.140051 0.524557 6.309569
v -0.240353 0.385254 6.389443
v -0.239928 0.386355 6.390986
v -0.226790 0.377194 6.412742
v -0.093872 0.405381 6.288383
v -0.234031 0.447312 6.435530
v -0.231141 0.444839 6.434564
v -0.131274 0.494534 6.323584
v -0.204126 0.497827 6.414140
v -0.231509 0.418657 6.450204
v -0.121452 0.458181 6.318041
v -0.212709 0.399872 6.317678
v -0.217117 0.400511 6.318952
v -0.212779 0.404510 6.320118
v -0.212842 0.404167 6.319916
v -0.219223 0.397715 6.320428
v -0.218236 0.400864 6.318872
v -0.219247 0.397659 6.316949
v -0.218989 0.393840 6.317616
v -0.217798 0.395873 6.323841
v -0.218462 0.401908 6.322269
v -0.218796 0.395938 6.313519
v -0.218940 0.393038 6.313907
v -0.213724 0.390526 6.315043
v -0.210657 0.391890 6.312951
v -0.218637 0.393142 6.308575
v -0.212423 0.390191 6.309925
v -0.217021 0.395213 6.302672
v -0.211121 0.392610 6.303692
v -0.214683 0.399249 6.297488
v -0.208826 0.397963 6.299430
v -0.217872 0.428228 6.335640
v -0.215484 0.428073 6.331037
v -0.213396 0.405660 6.295981
v -0.207275 0.405585 6.298665
v -0.212850 0.413578 6.295790
v -0.206868 0.413704 6.298841
v -0.213032 0.421306 6.298203
v -0.207731 0.421733 6.301007
v -0.213142 0.428332 6.301977
v -0.208644 0.429367 6.304756
v -0.214062 0.434162 6.307669
v -0.210430 0.437207 6.311109
v -0.215670 0.396696 6.304593
v -0.210840 0.401113 6.301400
v -0.204634 0.398248 6.307421
v -0.217034 0.395237 6.309248
v -0.209752 0.411713 6.314989
v -0.208934 0.410193 6.317294
v -0.209558 0.410802 6.316148
v -0.208056 0.412985 6.314973
v -0.217794 0.421018 6.328987
v -0.215166 0.421267 6.328068
v -0.215013 0.416469 6.325490
v -0.214184 0.424555 6.329936
v -0.213248 0.423676 6.329976
v -0.212185 0.420795 6.328706
v -0.210579 0.415662 6.327189
v -0.210057 0.426559 6.328152
v -0.213934 0.427046 6.326818
v -0.208558 0.424428 6.328880
v -0.208183 0.424103 6.329613
v -0.206382 0.420709 6.328863
v -0.208211 0.418085 6.327945
v -0.219109 0.418103 6.333976
v -0.204247 0.424327 6.314781
v -0.205702 0.433177 6.322020
v -0.215456 0.438233 6.314682
v -0.213206 0.443552 6.318082
v -0.216984 0.443506 6.329702
v -0.215418 0.445425 6.324935
v -0.204679 0.403668 6.308295
v -0.204444 0.410279 6.309304
v -0.208683 0.439925 6.327835
v -0.204161 0.416840 6.311172
v -0.213380 0.429828 6.309013
v -0.214201 0.431935 6.314305
v -0.212431 0.425571 6.304737
v -0.215813 0.430481 6.325855
v -0.216358 0.437190 6.326787
v -0.216225 0.439250 6.321096
v -0.215390 0.432099 6.320044
v -0.214685 0.425897 6.311275
v -0.213938 0.427671 6.315804
v -0.210708 0.423246 6.311804
v -0.208277 0.423483 6.320340
v -0.209137 0.424980 6.324685
v -0.213683 0.427904 6.321666
v -0.208653 0.421173 6.320983
v -0.207293 0.417923 6.317410
v -0.208520 0.423050 6.326958
v -0.212501 0.420298 6.309593
v -0.213924 0.416613 6.308345
v -0.212790 0.413610 6.310898
v -0.209664 0.416626 6.312271
v -0.211420 0.420096 6.301860
v -0.213115 0.418829 6.305090
v -0.214277 0.422890 6.307087
v -0.211765 0.413599 6.303745
v -0.210448 0.413589 6.300168
v -0.213221 0.412677 6.306144
v -0.213721 0.410988 6.309313
v -0.212027 0.403154 6.304339
v -0.211171 0.408164 6.303581
v -0.210189 0.406739 6.299680
v -0.212461 0.408718 6.306320
v -0.213059 0.404863 6.307059
v -0.213487 0.406386 6.309593
v -0.213071 0.408470 6.307833
v -0.216982 0.396802 6.314548
v -0.217086 0.398175 6.316971
v -0.214244 0.396762 6.310327
v -0.214217 0.395995 6.312520
v -0.214254 0.399287 6.312171
v -0.213985 0.396865 6.314188
v -0.213581 0.401545 6.314598
v -0.213024 0.404421 6.317368
v -0.193391 0.554634 6.377904
v -0.192094 0.547110 6.379938
v -0.184566 0.550293 6.386266
v -0.184730 0.558155 6.383722
v -0.213769 0.404211 6.312384
v -0.214032 0.401731 6.309354
v -0.213027 0.399146 6.306492
v -0.212692 0.409178 6.314032
v -0.212771 0.410350 6.312546
v -0.213086 0.408589 6.311559
v -0.212926 0.406789 6.313875
v -0.215192 0.411862 6.323515
v -0.210453 0.412739 6.321292
v -0.209177 0.415457 6.319892
v -0.216364 0.558439 6.351696
v -0.221556 0.551786 6.333852
v -0.213221 0.547977 6.334997
v -0.208978 0.553642 6.351353
v -0.235401 0.569913 6.362027
v -0.245407 0.585308 6.369656
v -0.255935 0.578012 6.357411
v -0.246642 0.561040 6.339909
v -0.265509 0.592852 6.369959
v -0.256104 0.600056 6.379233
v -0.292610 0.634281 6.399151
v -0.283777 0.620629 6.390076
v -0.274052 0.625424 6.399326
v -0.282404 0.638817 6.408358
v -0.340700 0.702303 6.413120
v -0.334271 0.702445 6.421694
v -0.332303 0.720519 6.421729
v -0.340013 0.722050 6.411261
v -0.313402 0.605470 6.352683
v -0.319379 0.612737 6.348267
v -0.316777 0.595852 6.346005
v -0.309125 0.588957 6.348265
v -0.240356 0.537315 6.294394
v -0.227930 0.536808 6.296931
v -0.232347 0.547060 6.315949
v -0.244847 0.546703 6.316043
v -0.347572 0.681523 6.359386
v -0.345018 0.673376 6.369421
v -0.349076 0.685469 6.375601
v -0.351325 0.694518 6.366954
v -0.346395 0.774805 6.362959
v -0.341716 0.778185 6.379349
v -0.346845 0.797817 6.378225
v -0.350718 0.795104 6.360614
v -0.341453 0.750257 6.303373
v -0.343549 0.767854 6.302127
v -0.334721 0.768904 6.282364
v -0.334126 0.751582 6.283416
v -0.308669 0.629341 6.382154
v -0.300190 0.615737 6.373859
v -0.292639 0.617701 6.381324
v -0.301361 0.631139 6.390344
v -0.448916 0.610001 6.361606
v -0.427654 0.602802 6.355465
v -0.425274 0.618118 6.361442
v -0.446650 0.625289 6.367336
v -0.363519 0.863575 6.304609
v -0.368244 0.879078 6.305786
v -0.358616 0.880734 6.288693
v -0.353328 0.864462 6.287572
v -0.338563 0.544890 6.320859
v -0.340179 0.533832 6.301788
v -0.328419 0.529343 6.299430
v -0.328543 0.539990 6.319800
v -0.326111 0.636038 6.353317
v -0.322685 0.624775 6.350322
v -0.317172 0.618199 6.357272
v -0.322053 0.631022 6.361613
v -0.332867 0.719033 6.279615
v -0.329397 0.702017 6.277714
v -0.336054 0.700598 6.292718
v -0.340205 0.717434 6.296614
v -0.341981 0.734238 6.300338
v -0.334321 0.736009 6.281748
v -0.318636 0.629287 6.368053
v -0.311974 0.614843 6.362829
v -0.306458 0.614577 6.368009
v -0.314362 0.628705 6.374735
v -0.325750 0.737191 6.419351
v -0.335191 0.739516 6.406412
v -0.374223 0.879018 6.325237
v -0.369732 0.864098 6.324006
v -0.370902 0.866078 6.343679
v -0.375450 0.880567 6.344848
v -0.327051 0.765234 6.394438
v -0.334190 0.762435 6.380990
v -0.336244 0.750871 6.386883
v -0.328054 0.752997 6.398787
v -0.371987 0.882952 6.364148
v -0.367513 0.869115 6.362379
v -0.360526 0.871925 6.379489
v -0.365211 0.885495 6.381816
v -0.274658 0.606899 6.380551
v -0.265453 0.612756 6.389511
v -0.348843 0.698803 6.394533
v -0.346017 0.700815 6.403680
v -0.345873 0.720518 6.400671
v -0.349758 0.717485 6.390857
v -0.324940 0.636081 6.326695
v -0.323976 0.626934 6.325485
v -0.323785 0.607438 6.339592
v -0.324153 0.623470 6.339979
v -0.365853 0.893668 6.288330
v -0.375715 0.891991 6.306005
v -0.377934 0.894387 6.365479
v -0.370902 0.896637 6.384098
v -0.327723 0.643894 6.287855
v -0.325732 0.640242 6.294938
v -0.323025 0.644113 6.289566
v -0.324270 0.647060 6.280606
v -0.305307 0.709020 6.439538
v -0.314657 0.727636 6.431708
v -0.323026 0.712027 6.430924
v -0.314870 0.696380 6.434636
v -0.346527 0.734286 6.384676
v -0.341548 0.737874 6.395316
v -0.342680 0.746825 6.375635
v -0.294094 0.722831 6.440703
v -0.302832 0.746092 6.428400
v -0.254992 0.619461 6.399213
v -0.263061 0.631257 6.408612
v -0.245980 0.606255 6.390796
v -0.235874 0.592844 6.383516
v -0.226080 0.600367 6.395032
v -0.235891 0.613983 6.401762
v -0.226044 0.579229 6.378132
v -0.216636 0.587013 6.390603
v -0.208332 0.563759 6.368140
v -0.202125 0.558195 6.366271
v -0.326375 0.634138 6.341033
v -0.329546 0.644087 6.342810
v -0.382359 0.892401 6.345882
v -0.243277 0.604911 6.224020
v -0.260838 0.598894 6.228714
v -0.260624 0.613619 6.226676
v -0.241267 0.619855 6.221984
v -0.257087 0.543824 6.314889
v -0.250410 0.535210 6.292528
v -0.317807 0.644063 6.255563
v -0.316719 0.648668 6.257801
v -0.305296 0.651574 6.250132
v -0.305895 0.646859 6.248682
v -0.331424 0.645261 6.278862
v -0.335411 0.643113 6.276886
v -0.352382 0.644509 6.282405
v -0.349910 0.646472 6.285342
v -0.344777 0.882483 6.273667
v -0.338794 0.866708 6.273720
v -0.289448 0.747320 6.243985
v -0.292590 0.727972 6.242914
v -0.308838 0.732457 6.252894
v -0.307128 0.750919 6.254050
v -0.153734 0.648953 6.266126
v -0.168961 0.640327 6.253950
v -0.170972 0.654425 6.252247
v -0.156548 0.663141 6.263973
v -0.202486 0.607170 6.232731
v -0.183917 0.617232 6.243645
v -0.182752 0.604932 6.245467
v -0.201941 0.593741 6.235066
v -0.222604 0.612846 6.224829
v -0.221418 0.627474 6.223536
v -0.321871 0.717875 6.265061
v -0.320002 0.701066 6.265307
v -0.318109 0.677073 6.261693
v -0.317665 0.668842 6.262238
v -0.323626 0.668292 6.272094
v -0.325097 0.676430 6.272753
v -0.217148 0.533834 6.299794
v -0.218243 0.532780 6.279232
v -0.205833 0.530576 6.283292
v -0.166665 0.563350 6.268069
v -0.175812 0.556529 6.267087
v -0.180261 0.561705 6.261224
v -0.167354 0.569743 6.265031
v -0.187466 0.713146 6.245170
v -0.196219 0.733341 6.246595
v -0.178450 0.739656 6.255627
v -0.170335 0.720387 6.253851
v -0.313169 0.661138 6.257355
v -0.309050 0.659109 6.253607
v -0.315104 0.653871 6.260077
v -0.317194 0.656333 6.263327
v -0.304615 0.664808 6.249472
v -0.311201 0.667592 6.254679
v -0.310672 0.675709 6.253356
v -0.302460 0.672868 6.246884
v -0.295803 0.710530 6.244258
v -0.298735 0.695453 6.244689
v -0.310133 0.698638 6.254301
v -0.309698 0.714456 6.253595
v -0.200983 0.804260 6.265408
v -0.193481 0.784357 6.260440
v -0.209543 0.780622 6.252432
v -0.215074 0.803395 6.255715
v -0.336938 0.626789 6.312331
v -0.351476 0.631711 6.319637
v -0.349207 0.622852 6.327848
v -0.338018 0.618330 6.320768
v -0.365069 0.635986 6.271929
v -0.365210 0.630922 6.269037
v -0.376364 0.630331 6.271328
v -0.376190 0.635314 6.273066
v -0.373331 0.647411 6.321581
v -0.393250 0.655905 6.330359
v -0.388128 0.646034 6.337239
v -0.368318 0.638859 6.328520
v -0.255127 0.533667 6.266110
v -0.245265 0.533152 6.269146
v -0.260404 0.532066 6.290267
v -0.361355 0.651327 6.301568
v -0.363749 0.653505 6.295681
v -0.381229 0.660468 6.300816
v -0.379335 0.659241 6.308239
v -0.453620 0.598173 6.349510
v -0.432208 0.591248 6.343183
v -0.417632 0.670841 6.329191
v -0.397261 0.663347 6.323010
v -0.400123 0.666892 6.314468
v -0.421525 0.674793 6.319739
v -0.304942 0.768425 6.255617
v -0.286822 0.765519 6.247171
v -0.311204 0.891335 6.254656
v -0.302201 0.871241 6.255065
v -0.320011 0.868673 6.261907
v -0.328498 0.887074 6.261767
v -0.350850 0.898917 6.273117
v -0.318527 0.909970 6.256833
v -0.335301 0.904181 6.262947
v -0.189644 0.526230 6.297368
v -0.197023 0.528180 6.288727
v -0.182317 0.533798 6.281960
v -0.174786 0.529562 6.290788
v -0.415515 0.999904 6.269108
v -0.429931 0.986941 6.287751
v -0.442863 1.007555 6.298641
v -0.425898 1.024117 6.278121
v -0.152934 0.551729 6.282823
v -0.150178 0.543676 6.290478
v -0.162062 0.536277 6.289307
v -0.167790 0.542728 6.280604
v -0.404806 0.975265 6.266921
v -0.419158 0.965808 6.285602
v -0.201321 0.530105 6.310003
v -0.208828 0.531433 6.303325
v -0.205094 0.537251 6.325058
v -0.212966 0.540440 6.319367
v -0.206880 0.542152 6.340018
v -0.440022 0.980939 6.311593
v -0.455417 0.996628 6.322199
v -0.175756 0.524239 6.299841
v -0.162756 0.528408 6.297082
v -0.149484 0.534158 6.298871
v -0.137262 0.536724 6.303407
v -0.126086 0.536705 6.310624
v -0.128708 0.525531 6.315660
v -0.374882 0.906784 6.287871
v -0.360907 0.912731 6.272409
v -0.409494 1.148502 6.312810
v -0.426885 1.151698 6.331733
v -0.398762 1.165518 6.341990
v -0.383251 1.161104 6.319815
v -0.320990 1.168576 6.349713
v -0.354222 1.168286 6.334080
v -0.367755 1.170581 6.356806
v -0.335639 1.168127 6.376204
v -0.268677 1.066104 6.272425
v -0.263912 1.041929 6.270097
v -0.288241 1.038784 6.257928
v -0.293382 1.062497 6.258409
v -0.344144 0.920533 6.261040
v -0.326961 0.927843 6.254927
v -0.383753 0.903270 6.305613
v -0.524209 1.063060 6.403799
v -0.540153 1.082008 6.424225
v -0.533288 1.105032 6.398421
v -0.519391 1.087495 6.378813
v -0.486427 1.151893 6.368839
v -0.459401 1.169234 6.371457
v -0.449239 1.158095 6.355996
v -0.480455 1.137437 6.353794
v -0.363296 0.898939 6.401902
v -0.369327 0.909491 6.405463
v -0.376629 0.907517 6.386676
v -0.333892 0.906913 6.444733
v -0.338103 0.916790 6.450819
v -0.350754 0.914229 6.437817
v -0.346514 0.904072 6.431722
v -0.359765 1.003014 6.461368
v -0.355535 0.983035 6.451378
v -0.345571 0.984855 6.463101
v -0.347224 1.003098 6.466681
v -0.445133 0.970818 6.340180
v -0.430466 0.959771 6.334386
v -0.426058 0.959846 6.361011
v -0.439537 0.969823 6.368952
v -0.379976 1.168676 6.380442
v -0.349733 1.161742 6.400041
v -0.517761 1.043335 6.431857
v -0.534739 1.062476 6.450932
v -0.518579 1.050454 6.475865
v -0.500370 1.032212 6.456267
v -0.476328 1.033647 6.474022
v -0.494518 1.050957 6.494842
v -0.357439 1.072468 6.463650
v -0.362741 1.079305 6.460307
v -0.371293 1.052643 6.456831
v -0.362807 1.046534 6.460692
v -0.297457 1.149315 6.309673
v -0.325373 1.148550 6.294311
v -0.339237 1.161656 6.312881
v -0.307798 1.161430 6.326809
v -0.309657 0.934692 6.253281
v -0.301830 0.914832 6.255038
v -0.286474 0.920632 6.257752
v -0.278261 0.897914 6.255495
v -0.294985 0.895240 6.253770
v -0.245839 0.758113 6.240925
v -0.248526 0.737616 6.236135
v -0.269733 0.743699 6.238169
v -0.266971 0.762301 6.242053
v -0.184561 0.631068 6.242199
v -0.185631 0.645235 6.240426
v -0.425351 1.180002 6.383516
v -0.447746 1.191196 6.399300
v -0.418368 1.189616 6.415591
v -0.387681 1.170696 6.402713
v -0.502767 1.165436 6.390979
v -0.516572 1.128692 6.380898
v -0.528590 1.146435 6.399611
v -0.555787 1.098536 6.445057
v -0.547697 1.121902 6.419769
v -0.535899 1.069194 6.496259
v -0.511569 1.070266 6.514331
v -0.417278 1.100539 6.496848
v -0.433342 1.118827 6.509531
v -0.454906 1.099532 6.516248
v -0.439426 1.080718 6.501859
v -0.389358 0.998746 6.439795
v -0.401945 1.008613 6.438958
v -0.419063 0.993905 6.418239
v -0.408602 0.982696 6.411874
v -0.341830 0.892904 6.427560
v -0.332470 0.896743 6.437782
v -0.357750 0.887887 6.399251
v -0.349985 0.890014 6.415125
v -0.355138 0.901222 6.418122
v -0.324588 0.824369 6.426370
v -0.328135 0.843394 6.427040
v -0.339147 0.840881 6.412908
v -0.336200 0.821682 6.412273
v -0.332482 0.801452 6.411185
v -0.320245 0.803905 6.425229
v -0.304211 0.765619 6.419750
v -0.317067 0.765880 6.407582
v -0.317358 0.752185 6.412599
v -0.244501 0.627397 6.408954
v -0.252385 0.639412 6.416977
v -0.463727 0.992378 6.358873
v -0.374517 1.159989 6.430859
v -0.399557 1.180476 6.439476
v -0.395969 1.167327 6.462733
v -0.376692 1.149382 6.454307
v -0.427457 0.961385 6.307594
v -0.382107 0.891192 6.326709
v -0.388631 0.902285 6.326036
v -0.346262 0.746253 6.330387
v -0.348086 0.766976 6.324786
v -0.327469 0.700322 6.427474
v -0.322967 0.688161 6.427278
v -0.503258 1.112284 6.359182
v -0.551297 1.088939 6.515847
v -0.526938 1.090206 6.533053
v -0.541777 1.111291 6.553148
v -0.566499 1.108649 6.535570
v -0.437522 1.155116 6.512012
v -0.459610 1.174538 6.526289
v -0.470879 1.157857 6.538664
v -0.451103 1.138505 6.523343
v -0.481806 1.192748 6.543696
v -0.502063 1.210998 6.560870
v -0.510521 1.197875 6.576156
v -0.491481 1.176943 6.557217
v -0.550725 1.080906 6.470011
v -0.582984 1.135067 6.484183
v -0.568482 1.117002 6.463654
v -0.565003 1.099373 6.489697
v -0.580488 1.118307 6.509649
v -0.479248 1.182407 6.393353
v -0.400751 1.119033 6.488842
v -0.416741 1.136178 6.498900
v -0.453655 1.202016 6.495605
v -0.426091 1.185197 6.480714
v -0.431474 1.198916 6.458549
v -0.459692 1.214253 6.475543
v -0.540277 1.191383 6.436536
v -0.524098 1.178694 6.416021
v -0.545935 1.159466 6.423501
v -0.561487 1.173513 6.444690
v -0.561457 1.137374 6.441344
v -0.575702 1.154088 6.462079
v -0.612952 1.171195 6.528507
v -0.598146 1.152942 6.505573
v -0.594870 1.137658 6.531353
v -0.608533 1.158216 6.554004
v -0.607561 1.187537 6.504635
v -0.591552 1.170662 6.482596
v -0.594432 1.202086 6.489055
v -0.577888 1.187734 6.466184
v -0.575254 1.214602 6.481688
v -0.557672 1.202519 6.459247
v -0.556124 1.226410 6.480276
v -0.537221 1.216462 6.458726
v -0.516605 1.225640 6.464970
v -0.537133 1.234324 6.485631
v -0.519551 1.238891 6.496279
v -0.497168 1.229680 6.476128
v -0.498563 1.233109 6.527713
v -0.477802 1.217323 6.511775
v -0.483664 1.227379 6.492399
v -0.505862 1.239184 6.510167
v -0.554492 1.262102 6.566024
v -0.546827 1.263212 6.564363
v -0.559371 1.257102 6.552633
v -0.566950 1.255810 6.555505
v -0.580359 1.250496 6.546763
v -0.573750 1.251857 6.544020
v -0.588304 1.247343 6.535140
v -0.594196 1.246294 6.538599
v -0.619120 1.239803 6.535071
v -0.623636 1.244876 6.538395
v -0.609355 1.244264 6.535304
v -0.604187 1.243459 6.530856
v -0.633808 1.236080 6.542466
v -0.636954 1.246682 6.545569
v -0.642900 1.234767 6.557387
v -0.643452 1.251633 6.559858
v -0.643547 1.234664 6.580542
v -0.642313 1.257988 6.581114
v -0.553057 1.255269 6.603208
v -0.543627 1.259701 6.593066
v -0.546537 1.268250 6.592094
v -0.554035 1.267795 6.602899
v -0.579743 1.249662 6.627587
v -0.580427 1.271728 6.616723
v -0.598991 1.270599 6.625000
v -0.600695 1.242994 6.634247
v -0.627754 1.190061 6.551131
v -0.622261 1.203121 6.527299
v -0.610526 1.215000 6.511023
v -0.593282 1.225970 6.502787
v -0.516590 1.249165 6.542670
v -0.526310 1.251112 6.526589
v -0.528343 1.219527 6.591608
v -0.518656 1.230296 6.575776
v -0.617759 1.206562 6.616901
v -0.633490 1.206276 6.595308
v -0.621731 1.180683 6.576132
v -0.604730 1.178632 6.598448
v -0.634376 1.218860 6.545980
v -0.624202 1.226391 6.529537
v -0.608840 1.234471 6.520686
v -0.575548 1.246321 6.522997
v -0.592567 1.241477 6.517943
v -0.559886 1.250557 6.531738
v -0.533294 1.259777 6.555106
v -0.544965 1.256933 6.541174
v -0.543940 1.239123 6.600256
v -0.533833 1.247391 6.585711
v -0.623665 1.266917 6.618973
v -0.641424 1.262819 6.600388
v -0.640710 1.234449 6.604674
v -0.625396 1.237135 6.625526
v -0.615989 1.293436 6.603372
v -0.594487 1.293043 6.609981
v -0.592752 1.248976 6.532197
v -0.579812 1.251069 6.539042
v -0.607515 1.249232 6.528625
v -0.638682 1.272235 6.553288
v -0.634174 1.259854 6.536822
v -0.637931 1.284346 6.571270
v -0.633968 1.286580 6.590534
v -0.539213 1.281899 6.563868
v -0.545476 1.291215 6.573630
v -0.551013 1.276848 6.591554
v -0.546041 1.273246 6.581861
v -0.547116 1.267269 6.540823
v -0.556333 1.262531 6.558861
v -0.568050 1.256475 6.548873
v -0.556145 1.259572 6.528767
v -0.586027 1.254319 6.512497
v -0.569880 1.255235 6.519016
v -0.602470 1.255926 6.508806
v -0.627459 1.277275 6.520935
v -0.617512 1.263545 6.510831
v -0.622908 1.251775 6.529403
v -0.630746 1.296903 6.538770
v -0.611225 1.335833 6.535644
v -0.622062 1.320271 6.516344
v -0.622094 1.313376 6.558928
v -0.547571 1.396095 6.479412
v -0.531485 1.415330 6.454720
v -0.550633 1.413240 6.446639
v -0.568862 1.394880 6.469100
v -0.526779 1.296206 6.542239
v -0.534261 1.307774 6.552518
v -0.541349 1.267431 6.505048
v -0.530371 1.275887 6.517441
v -0.609609 1.315517 6.474170
v -0.598767 1.295563 6.462313
v -0.609086 1.278599 6.487884
v -0.619257 1.297093 6.499258
v -0.487433 1.367480 6.488307
v -0.501386 1.347248 6.511218
v -0.493698 1.332371 6.499194
v -0.479349 1.353069 6.476855
v -0.525123 1.281673 6.480540
v -0.510401 1.299845 6.458029
v -0.499048 1.309606 6.472542
v -0.513586 1.291253 6.493989
v -0.579142 1.357544 6.430470
v -0.569800 1.339184 6.417333
v -0.585613 1.315756 6.438076
v -0.595824 1.335462 6.450906
v -0.598709 1.356776 6.512968
v -0.585294 1.375869 6.490244
v -0.596743 1.357905 6.470867
v -0.611265 1.339056 6.492703
v -0.574930 1.359167 6.525434
v -0.562408 1.377748 6.502401
v -0.464364 1.400278 6.426203
v -0.470035 1.412043 6.433486
v -0.478144 1.389897 6.461627
v -0.470251 1.376454 6.452195
v -0.497373 1.321879 6.435674
v -0.487634 1.348235 6.414770
v -0.476261 1.355071 6.427292
v -0.485481 1.330035 6.449799
v -0.540600 1.406370 6.391133
v -0.531561 1.391592 6.379863
v -0.551498 1.365228 6.398291
v -0.560125 1.381245 6.410364
v -0.531276 1.433207 6.421854
v -0.541640 1.422265 6.406549
v -0.561961 1.399918 6.428917
v -0.514507 1.435249 6.429449
v -0.498823 1.455826 6.407208
v -0.512908 1.454772 6.399944
v -0.454930 1.423741 6.401805
v -0.461757 1.433709 6.407625
v -0.457358 1.408451 6.385724
v -0.468288 1.382311 6.406122
v -0.477929 1.375984 6.395607
v -0.465148 1.402027 6.375998
v -0.505351 1.376074 6.377235
v -0.490100 1.402283 6.359181
v -0.475752 1.399915 6.364665
v -0.488929 1.374131 6.382603
v -0.509580 1.415953 6.361302
v -0.499316 1.407535 6.357420
v -0.516061 1.381796 6.373179
v -0.519992 1.430311 6.371237
v -0.521306 1.445585 6.384694
v -0.353192 1.136255 6.436651
v -0.363019 1.141474 6.431837
v -0.367780 1.133730 6.452361
v -0.361785 1.123368 6.454246
v -0.490459 1.139352 6.551449
v -0.472553 1.119016 6.533212
v -0.524560 1.183530 6.589490
v -0.508137 1.160654 6.571464
v -0.541960 1.208050 6.605055
v -0.565055 1.252751 6.615434
v -0.557439 1.232273 6.614714
v -0.565135 1.268744 6.609046
v -0.561813 1.283957 6.597202
v -0.556005 1.302443 6.578919
v -0.532808 1.340892 6.538316
v -0.545866 1.321150 6.557840
v -0.517825 1.327298 6.532215
v -0.503788 1.382297 6.493030
v -0.517417 1.361856 6.516962
v -0.480535 1.423718 6.435251
v -0.492303 1.402571 6.464557
v -0.471821 1.443744 6.408921
v -0.434263 1.032546 6.466239
v -0.418778 1.020631 6.449600
v -0.403231 1.040599 6.463167
v -0.413951 1.051690 6.474490
v -0.349981 1.098075 6.461400
v -0.353495 1.103547 6.458130
v -0.357850 1.093253 6.460162
v -0.354187 1.088054 6.462460
v -0.638369 1.211667 6.569705
v -0.576004 1.235468 6.501035
v -0.541293 1.247759 6.515291
v -0.557196 1.241728 6.505251
v -0.572272 1.223030 6.627803
v -0.594678 1.212228 6.629859
v -0.582498 1.183660 6.613242
v -0.560099 1.195143 6.614665
v -0.584402 1.342348 6.546028
v -0.563854 1.334481 6.555458
v -0.552017 1.352383 6.533608
v -0.596496 1.326515 6.567787
v -0.593400 1.267415 6.484222
v -0.575674 1.262851 6.487219
v -0.542871 1.276118 6.469428
v -0.557973 1.262864 6.494802
v -0.563015 1.275871 6.460974
v -0.531389 1.145937 6.579422
v -0.545211 1.169057 6.597692
v -0.568684 1.157795 6.593963
v -0.555230 1.133555 6.573830
v -0.294975 0.850082 6.257741
v -0.312534 0.849840 6.263865
v -0.352180 0.718628 6.364097
v -0.350341 0.728055 6.373862
v -0.346842 0.740184 6.363105
v -0.349120 0.731076 6.350138
v -0.349427 0.718755 6.341686
v -0.351953 0.706783 6.356035
v -0.347448 0.704766 6.334136
v -0.349002 0.693345 6.348159
v -0.323711 0.644530 6.313843
v -0.322015 0.637668 6.311777
v -0.290592 0.771626 6.430439
v -0.298407 0.788895 6.433549
v -0.313663 0.784268 6.423024
v -0.360625 0.912249 6.422769
v -0.379403 0.974417 6.420763
v -0.365940 0.979029 6.437522
v -0.368562 0.998197 6.448462
v -0.348913 1.053067 6.468380
v -0.342788 1.068264 6.470271
v -0.343504 1.086496 6.467672
v -0.342566 1.097186 6.464656
v -0.231787 0.802821 6.249584
v -0.227273 0.779097 6.247129
v -0.151217 0.635512 6.268538
v -0.167323 0.626942 6.256299
v -0.163316 0.603965 6.260633
v -0.146826 0.612564 6.272322
v -0.144444 0.602383 6.274608
v -0.160458 0.594267 6.263377
v -0.136244 0.546809 6.297741
v -0.137409 0.558780 6.291264
v -0.347538 1.113673 6.452432
v -0.348273 1.120896 6.448120
v -0.356385 1.107574 6.457354
v -0.406436 1.084001 6.487740
v -0.397691 1.072177 6.479553
v -0.383514 1.091971 6.476135
v -0.390911 1.103592 6.482388
v -0.499809 1.067940 6.354053
v -0.505621 1.044134 6.380579
v -0.412912 1.169639 6.363876
v -0.469659 0.683551 6.330730
v -0.444840 0.679809 6.324729
v -0.449853 0.678027 6.314150
v -0.474744 0.681228 6.320548
v -0.207067 0.705753 6.236145
v -0.221961 0.727459 6.238011
v -0.221716 0.543493 6.316238
v -0.279458 0.528532 6.289557
v -0.269915 0.530229 6.289411
v -0.275876 0.537282 6.312016
v -0.284181 0.535113 6.312751
v -0.274024 0.580018 6.234081
v -0.261341 0.583585 6.230598
v -0.261724 0.566220 6.236167
v -0.273446 0.563273 6.240285
v -0.298014 1.086722 6.262085
v -0.273377 1.089750 6.277019
v -0.235794 0.876389 6.264498
v -0.228053 0.852267 6.261917
v -0.243302 0.851343 6.254687
v -0.251523 0.875256 6.257201
v -0.237404 0.709522 6.229969
v -0.256146 0.718796 6.232111
v -0.285407 0.699137 6.443468
v -0.296915 0.689116 6.438533
v -0.287695 0.672045 6.432934
v -0.276799 0.680074 6.439305
v -0.424494 0.652086 6.287685
v -0.426854 0.668291 6.299344
v -0.403203 0.663645 6.296202
v -0.401961 0.653858 6.286202
v -0.462530 1.126573 6.331483
v -0.486094 1.090665 6.336762
v -0.323333 0.809039 6.266739
v -0.326172 0.829580 6.269973
v -0.307501 0.830130 6.259508
v -0.304710 0.809067 6.255462
v -0.322018 0.752121 6.267196
v -0.321040 0.769627 6.267251
v -0.322868 0.735515 6.265726
v -0.329433 0.646372 6.282011
v -0.324546 0.647116 6.274016
v -0.324620 0.645510 6.269938
v -0.425939 1.064486 6.486976
v -0.387837 1.025525 6.452267
v -0.378285 1.019347 6.455172
v -0.345994 1.108178 6.456183
v -0.340535 1.106383 6.459638
v -0.204646 0.535759 6.344767
v -0.201637 0.532267 6.330891
v -0.377134 0.654190 6.315334
v -0.358496 0.645859 6.307107
v -0.322626 0.661585 6.273402
v -0.322023 0.656064 6.276775
v -0.323046 0.652232 6.287146
v -0.324899 0.657987 6.285811
v -0.318310 0.662457 6.263801
v -0.319770 0.657111 6.268696
v -0.306451 0.601340 6.357094
v -0.301534 0.585932 6.350311
v -0.294136 0.585642 6.353506
v -0.299698 0.600091 6.361323
v -0.292103 0.601443 6.365565
v -0.284645 0.586111 6.356656
v -0.275128 0.588540 6.362038
v -0.283733 0.603690 6.372084
v -0.232699 0.553914 6.337191
v -0.226411 0.560844 6.356968
v -0.217085 0.568928 6.373591
v -0.208266 0.575930 6.386939
v -0.138571 0.570546 6.285119
v -0.157209 0.562377 6.274110
v -0.156651 0.575069 6.269867
v -0.140480 0.582263 6.281131
v -0.125546 0.589751 6.291418
v -0.124686 0.577403 6.294778
v -0.204585 0.545532 6.354963
v -0.199568 0.550943 6.367507
v -0.195639 0.562131 6.378572
v -0.457569 0.594364 6.335285
v -0.437261 0.587393 6.328332
v -0.187539 0.523795 6.307300
v -0.195998 0.527827 6.318194
v -0.462450 0.598605 6.320515
v -0.441795 0.590618 6.313930
v -0.273926 0.554894 6.331107
v -0.282825 0.552133 6.329675
v -0.267247 0.540287 6.312882
v -0.203580 0.538032 6.358856
v -0.198779 0.543210 6.370412
v -0.487062 1.042343 6.346058
v -0.491800 1.023508 6.369385
v -0.358131 0.846555 6.303763
v -0.364953 0.847312 6.322750
v -0.293789 0.831770 6.445980
v -0.298810 0.849632 6.446689
v -0.314561 0.846322 6.437472
v -0.309999 0.827984 6.437006
v -0.274394 0.777917 6.439389
v -0.280903 0.795294 6.441309
v -0.186621 0.540518 6.390114
v -0.336055 0.878890 6.426660
v -0.331477 0.861320 6.426964
v -0.318061 0.864582 6.437217
v -0.322288 0.884138 6.437876
v -0.323574 0.901590 6.444811
v -0.325832 0.907009 6.448471
v -0.358083 1.016655 6.466411
v -0.348334 1.017195 6.469394
v -0.372519 0.582920 6.336177
v -0.376128 0.567179 6.326318
v -0.361475 0.558761 6.324271
v -0.358864 0.576703 6.332355
v -0.353237 0.873673 6.396822
v -0.345305 0.875259 6.413332
v -0.327426 0.645074 6.328122
v -0.326459 0.653294 6.314238
v -0.286760 0.753845 6.435671
v -0.308238 0.680526 6.431611
v -0.299738 0.665841 6.425235
v -0.317261 0.674101 6.423429
v -0.309453 0.660631 6.416750
v -0.337660 1.115099 6.453084
v -0.342215 1.114835 6.449797
v -0.374860 0.595806 6.262297
v -0.376486 0.605669 6.264373
v -0.363911 0.605222 6.259063
v -0.362365 0.594747 6.256722
v -0.388769 1.134539 6.477149
v -0.378202 1.120254 6.472363
v -0.357693 1.152867 6.417062
v -0.343541 1.144581 6.428135
v -0.327942 1.145458 6.427927
v -0.325517 1.149456 6.422328
v -0.483286 1.081546 6.521613
v -0.465924 1.061807 6.502575
v -0.500022 1.102967 6.540322
v -0.516482 1.124336 6.560251
v -0.576405 1.292571 6.600693
v -0.575126 1.315573 6.579313
v -0.538931 1.371036 6.509938
v -0.525503 1.389589 6.485872
v -0.511858 1.409181 6.460324
v -0.484378 1.451464 6.408650
v -0.497176 1.429915 6.433682
v -0.468019 0.608302 6.308486
v -0.474711 0.621634 6.300780
v -0.451428 0.615793 6.292722
v -0.445742 0.600397 6.300703
v -0.413242 0.663340 6.336963
v -0.434054 0.669297 6.342742
v -0.429643 0.659860 6.351034
v -0.409006 0.653298 6.344558
v -0.456137 0.675601 6.348892
v -0.439066 0.676101 6.333982
v -0.462754 0.681420 6.340004
v -0.478267 0.671948 6.310497
v -0.452714 0.670579 6.303708
v -0.454207 0.657120 6.294504
v -0.479855 0.660565 6.303370
v -0.478555 0.635428 6.297857
v -0.480038 0.648896 6.299000
v -0.455643 0.645368 6.290946
v -0.455184 0.631547 6.290011
v -0.446087 0.641334 6.368391
v -0.424987 0.633892 6.361959
v -0.426617 0.647727 6.358585
v -0.447665 0.654838 6.365139
v -0.380888 0.557598 6.312511
v -0.365775 0.547300 6.308897
v -0.324605 0.617510 6.319022
v -0.324463 0.618115 6.318082
v -0.331060 0.603585 6.326898
v -0.326796 0.605476 6.331592
v -0.410531 0.583430 6.336473
v -0.416609 0.579290 6.322871
v -0.396930 0.568712 6.317009
v -0.391713 0.575304 6.330603
v -0.403779 0.627130 6.353893
v -0.383571 0.621342 6.347012
v -0.384731 0.634517 6.343823
v -0.405746 0.640903 6.351414
v -0.402064 0.666553 6.305089
v -0.424954 0.673071 6.309555
v -0.354584 0.593770 6.335340
v -0.369586 0.600130 6.341066
v -0.330803 0.654703 6.330757
v -0.326654 0.665017 6.286149
v -0.329143 0.673600 6.287057
v -0.351619 0.712586 6.382862
v -0.350356 0.696716 6.386457
v -0.340802 0.697176 6.310035
v -0.344484 0.713104 6.315931
v -0.350906 0.695139 6.379896
v -0.352478 0.705440 6.374875
v -0.335342 0.780478 6.394965
v -0.200732 0.569065 6.381640
v -0.384408 0.606465 6.347311
v -0.387804 0.590152 6.342642
v -0.383731 0.653402 6.285900
v -0.382947 0.658903 6.293454
v -0.365440 0.652303 6.289668
v -0.367228 0.650403 6.285008
v -0.262886 0.678796 6.226912
v -0.274215 0.685710 6.231582
v -0.266363 0.701671 6.230399
v -0.251709 0.693891 6.226354
v -0.375807 0.579702 6.264101
v -0.362356 0.574674 6.258067
v -0.364692 0.563317 6.263474
v -0.379674 0.571549 6.270020
v -0.366237 0.552843 6.273058
v -0.367473 0.545371 6.289150
v -0.383461 0.555876 6.294888
v -0.382092 0.562585 6.279826
v -0.459534 1.031595 6.315331
v -0.438033 1.050516 6.291893
v -0.383775 0.905952 6.367277
v -0.388465 0.903993 6.346917
v -0.401354 0.970357 6.409265
v -0.369365 1.081375 6.467938
v -0.380424 1.056701 6.465047
v -0.403032 1.153035 6.481899
v -0.470834 1.022533 6.334378
v -0.453875 1.188397 6.511629
v -0.429438 1.170307 6.497436
v -0.474412 1.219081 6.456097
v -0.448195 1.206770 6.435969
v -0.472526 1.205116 6.421122
v -0.494953 1.216300 6.442724
v -0.498877 1.194805 6.414660
v -0.518053 1.206522 6.435955
v -0.591818 1.152791 6.576936
v -0.528055 1.294554 6.445485
v -0.533917 1.319053 6.414558
v -0.514301 1.317827 6.423102
v -0.548789 1.294786 6.436651
v -0.582053 1.281975 6.458174
v -0.568963 1.301926 6.433706
v -0.580566 1.378701 6.450896
v -0.503247 1.345298 6.403556
v -0.520221 1.347361 6.395880
v -0.554617 1.326377 6.412765
v -0.537270 1.354145 6.393969
v -0.371586 1.109192 6.468732
v -0.322315 1.158627 6.412529
v -0.481908 1.006266 6.395741
v -0.499484 1.024009 6.411507
v -0.409096 1.013738 6.439994
v -0.431065 1.001636 6.427472
v -0.363362 0.853010 6.361009
v -0.356715 0.855780 6.378105
v -0.354272 0.815502 6.359635
v -0.358603 0.835285 6.359882
v -0.361186 0.831411 6.341308
v -0.356934 0.811914 6.340975
v -0.350423 0.808212 6.301104
v -0.353641 0.827901 6.302239
v -0.342148 0.828444 6.284454
v -0.338950 0.808309 6.282214
v -0.330975 0.849041 6.273301
v -0.346760 0.846960 6.286566
v -0.254286 0.827554 6.249422
v -0.249402 0.803847 6.246590
v -0.267157 0.805461 6.246147
v -0.271688 0.828331 6.249887
v -0.367255 1.014414 6.461065
v -0.362342 1.096984 6.462921
v -0.451218 1.046294 6.484614
v -0.457694 1.017869 6.453078
v -0.480573 1.014929 6.435052
v -0.355447 0.638746 6.312988
v -0.295646 0.656193 6.244033
v -0.293579 0.650043 6.242321
v -0.400944 0.569477 6.301415
v -0.400127 0.575748 6.287472
v -0.366369 0.615682 6.341455
v -0.349305 0.551648 6.323084
v -0.336608 0.563829 6.331861
v -0.346160 0.569206 6.331056
v -0.423273 0.975816 6.388220
v -0.432653 0.982818 6.391734
v -0.450624 0.984088 6.373322
v -0.341437 1.136015 6.435263
v -0.331093 1.136428 6.435165
v -0.392932 1.031747 6.454452
v -0.497141 1.224046 6.545241
v -0.476791 1.206329 6.529002
v -0.513957 1.241524 6.559580
v -0.529381 1.254981 6.571644
v -0.540589 1.264132 6.579380
v -0.547248 1.269121 6.578862
v -0.550891 1.270518 6.571556
v -0.542220 1.275172 6.553866
v -0.509988 1.313381 6.520746
v -0.526191 1.286185 6.530698
v -0.509310 1.302003 6.508302
v -0.493505 1.320629 6.486334
v -0.470155 1.364369 6.438894
v -0.478800 1.340547 6.462233
v -0.463169 1.390373 6.413114
v -0.453008 1.415500 6.391538
v -0.342399 1.120768 6.447054
v -0.341084 1.128569 6.440550
v -0.263513 0.558649 6.333543
v -0.324405 0.651589 6.299569
v -0.322436 0.645906 6.299111
v -0.351739 0.609920 6.334798
v -0.313104 1.160437 6.393408
v -0.299572 1.160635 6.369800
v -0.432236 0.628136 6.284208
v -0.429535 0.611213 6.285279
v -0.365124 0.628417 6.335842
v -0.321247 0.629139 6.309460
v -0.320268 0.629092 6.310258
v -0.513127 0.558570 6.402004
v -0.509480 0.548608 6.416301
v -0.520079 0.546562 6.414597
v -0.524714 0.557532 6.400279
v -0.503927 0.563542 6.407473
v -0.501400 0.553876 6.421398
v -0.513383 0.600987 6.447828
v -0.514158 0.586081 6.460166
v -0.505725 0.582157 6.452528
v -0.504858 0.596041 6.440078
v -0.495255 0.550702 6.441801
v -0.497109 0.560887 6.428247
v -0.496917 0.569305 6.435677
v -0.496136 0.557814 6.449055
v -0.538405 0.600940 6.451377
v -0.537741 0.617060 6.440241
v -0.549110 0.613179 6.434653
v -0.548668 0.596929 6.445750
v -0.505614 0.648041 6.397287
v -0.503020 0.653216 6.389108
v -0.510875 0.662535 6.392928
v -0.514146 0.656038 6.402285
v -0.518858 0.578014 6.373447
v -0.516075 0.568549 6.387531
v -0.528750 0.568701 6.385653
v -0.532507 0.580608 6.371904
v -0.496164 0.601166 6.397496
v -0.496484 0.611485 6.384808
v -0.496947 0.622311 6.394305
v -0.497473 0.612003 6.406543
v -0.535454 0.592989 6.358923
v -0.522113 0.589075 6.359735
v -0.496931 0.580197 6.422672
v -0.496525 0.590589 6.409970
v -0.498375 0.600560 6.418921
v -0.499709 0.588388 6.431716
v -0.535534 0.569730 6.472602
v -0.537561 0.585156 6.462206
v -0.546623 0.581062 6.456302
v -0.543407 0.565536 6.466996
v -0.500245 0.563410 6.456862
v -0.500249 0.576316 6.443964
v -0.505817 0.568157 6.464960
v -0.537043 0.539884 6.435234
v -0.542812 0.553120 6.421577
v -0.531738 0.548845 6.416575
v -0.526418 0.536681 6.430670
v -0.509935 0.628150 6.422881
v -0.511962 0.614599 6.435711
v -0.503605 0.608786 6.427894
v -0.502124 0.621118 6.415352
v -0.507016 0.582586 6.379424
v -0.505553 0.573293 6.393317
v -0.548381 0.566649 6.408301
v -0.553171 0.581439 6.394696
v -0.541279 0.574169 6.388366
v -0.536901 0.561151 6.402265
v -0.563839 0.606639 6.391729
v -0.560474 0.589989 6.403760
v -0.561324 0.599175 6.414583
v -0.563567 0.616523 6.403085
v -0.517845 0.646020 6.414909
v -0.507907 0.639742 6.409108
v -0.535832 0.633389 6.427757
v -0.532377 0.648531 6.415791
v -0.546434 0.647010 6.410432
v -0.548664 0.630219 6.422686
v -0.501208 0.610599 6.352843
v -0.500632 0.606364 6.362454
v -0.511052 0.599382 6.353241
v -0.511517 0.605259 6.343935
v -0.524266 0.599183 6.348110
v -0.525168 0.607890 6.338703
v -0.528466 0.627842 6.324852
v -0.533584 0.624166 6.331348
v -0.541047 0.637707 6.330574
v -0.535014 0.640582 6.324615
v -0.569565 0.643130 6.368281
v -0.567218 0.624661 6.379849
v -0.565235 0.635376 6.391596
v -0.566297 0.655697 6.379326
v -0.551537 0.678612 6.379578
v -0.556389 0.661813 6.389250
v -0.542710 0.662926 6.397971
v -0.537281 0.675440 6.388075
v -0.504183 0.688472 6.352211
v -0.518122 0.689548 6.359236
v -0.508580 0.686110 6.367582
v -0.496778 0.685402 6.361351
v -0.492716 0.668324 6.378605
v -0.489415 0.655997 6.378859
v -0.481106 0.653281 6.377274
v -0.483155 0.666912 6.375161
v -0.492518 0.608870 6.344205
v -0.496989 0.613314 6.345396
v -0.504994 0.611646 6.331521
v -0.498100 0.610069 6.329205
v -0.569057 0.659104 6.357180
v -0.564821 0.676777 6.368387
v -0.499796 0.668437 6.381277
v -0.506044 0.666500 6.386180
v -0.499753 0.655693 6.383263
v -0.495097 0.656967 6.379779
v -0.493874 0.633039 6.369410
v -0.496085 0.632773 6.372029
v -0.497611 0.621762 6.361843
v -0.495691 0.622816 6.359858
v -0.500806 0.613520 6.347357
v -0.502933 0.612392 6.350583
v -0.512380 0.608527 6.340131
v -0.509885 0.610580 6.335573
v -0.563914 0.667419 6.348337
v -0.555801 0.673160 6.342883
v -0.552364 0.661379 6.335865
v -0.559287 0.655052 6.340798
v -0.529588 0.683469 6.380282
v -0.541491 0.686708 6.372532
v -0.497568 0.632493 6.375654
v -0.496568 0.644430 6.378481
v -0.498408 0.643166 6.383982
v -0.523725 0.612818 6.333026
v -0.511087 0.688513 6.343330
v -0.493823 0.686683 6.337172
v -0.499024 0.683161 6.327635
v -0.516548 0.685001 6.334216
v -0.487058 0.685822 6.346247
v -0.479819 0.682042 6.355539
v -0.466040 0.648237 6.373755
v -0.468244 0.661814 6.371215
v -0.466935 0.632809 6.372239
v -0.482146 0.638454 6.375070
v -0.484931 0.624046 6.368110
v -0.469520 0.617703 6.366193
v -0.476883 0.602104 6.340005
v -0.482358 0.605350 6.325059
v -0.505425 0.617651 6.320033
v -0.489438 0.614429 6.314892
v -0.499333 0.679080 6.374125
v -0.508098 0.678622 6.378550
v -0.556402 0.574493 6.416461
v -0.550805 0.559537 6.429097
v -0.553561 0.567415 6.438278
v -0.558038 0.582935 6.426275
v -0.551880 0.574885 6.447772
v -0.547739 0.559738 6.458943
v -0.498977 0.580914 6.401007
v -0.498372 0.571014 6.414717
v -0.498204 0.544235 6.434969
v -0.498298 0.620892 6.367074
v -0.497231 0.618263 6.373953
v -0.540007 0.653005 6.327183
v -0.531367 0.653720 6.321609
v -0.527447 0.641138 6.319416
v -0.562573 0.644146 6.347311
v -0.548861 0.633111 6.339335
v -0.548806 0.617004 6.350234
v -0.562383 0.629649 6.357025
v -0.546131 0.676196 6.338493
v -0.534351 0.676975 6.332482
v -0.533883 0.665843 6.325834
v -0.544218 0.664954 6.331325
v -0.488124 0.614638 6.358541
v -0.492528 0.620636 6.359623
v -0.500734 0.639268 6.306370
v -0.497246 0.626575 6.308956
v -0.512263 0.628518 6.315286
v -0.516696 0.640154 6.313484
v -0.521545 0.628869 6.320174
v -0.502577 0.651494 6.307480
v -0.519548 0.652484 6.315259
v -0.472582 0.606750 6.355029
v -0.519552 0.676347 6.325596
v -0.501662 0.674708 6.318688
v -0.502857 0.663242 6.311882
v -0.520320 0.665070 6.319001
v -0.554998 0.590731 6.436515
v -0.556889 0.607110 6.425174
v -0.523065 0.670926 6.393387
v -0.527757 0.661904 6.403522
v -0.516740 0.676074 6.385224
v -0.525572 0.602353 6.452518
v -0.525903 0.586942 6.463942
v -0.521429 0.632739 6.427869
v -0.524094 0.618021 6.440056
v -0.557084 0.596720 6.382052
v -0.538964 0.688767 6.357821
v -0.551101 0.687059 6.363409
v -0.530436 0.689553 6.366414
v -0.472420 0.673118 6.364411
v -0.489017 0.678216 6.369740
v -0.563178 0.677909 6.355657
v -0.451292 0.666703 6.358082
v -0.536363 0.617824 6.337612
v -0.513748 0.618333 6.324035
v -0.519844 0.616630 6.328231
v -0.515286 0.535608 6.428246
v -0.499296 0.590859 6.387816
v -0.497531 0.629911 6.383272
v -0.500199 0.639552 6.391121
v -0.526394 0.688781 6.351047
v -0.532152 0.685183 6.341957
v -0.544590 0.684774 6.348393
v -0.489398 0.642563 6.376117
v -0.491105 0.628982 6.369248
v -0.525272 0.571900 6.474728
v -0.493691 0.644791 6.376386
v -0.536875 0.605805 6.347307
v -0.148837 0.623722 6.270437
v -0.135931 0.642046 6.278863
v -0.133392 0.630349 6.281498
v -0.345871 0.728996 6.322443
v -0.340505 0.757940 6.367460
v -0.345031 0.753391 6.351756
v -0.326732 0.659074 6.300427
v -0.330656 0.669271 6.301778
v -0.322345 0.637173 6.302579
v -0.321124 0.638742 6.299625
v -0.343518 0.690404 6.327159
v -0.201318 0.393273 6.301326
v -0.199290 0.400370 6.301572
v -0.202184 0.381280 6.298720
v -0.318203 0.895558 6.442155
v -0.315565 0.909514 6.453833
v -0.318039 0.912261 6.456891
v -0.211597 0.408467 6.317068
v -0.207815 0.415254 6.313929
v -0.211761 0.411465 6.313456
v -0.213205 0.405068 6.319218
v -0.211841 0.407386 6.318703
v -0.208829 0.376885 6.304915
v -0.198484 0.408656 6.303886
v -0.199145 0.418038 6.307312
v -0.211297 0.388074 6.312115
v -0.262005 0.949656 6.267107
v -0.268115 0.971561 6.263869
v -0.248085 0.973927 6.273748
v -0.244317 0.951155 6.276785
v -0.228539 0.997119 6.284554
v -0.226036 0.973646 6.285358
v -0.253376 0.997229 6.272359
v -0.367458 1.005903 6.244436
v -0.356784 0.983601 6.243202
v -0.375759 0.969843 6.251677
v -0.387264 0.990145 6.252214
v -0.381236 0.942066 6.267669
v -0.392902 0.957646 6.266715
v -0.363710 0.952341 6.254111
v -0.394764 0.933859 6.286136
v -0.406303 0.949119 6.286059
v -0.403069 0.929522 6.306930
v -0.414889 0.944669 6.307221
v -0.417228 0.943340 6.329614
v -0.413254 0.945441 6.353382
v -0.411349 0.961715 6.379094
v -0.405073 0.949055 6.378273
v -0.393324 0.953687 6.399416
v -0.378507 0.956558 6.416277
v -0.366426 0.960207 6.434085
v -0.354803 0.963315 6.448118
v -0.343637 0.965629 6.460186
v -0.331916 0.967000 6.468428
v -0.335173 0.986116 6.470699
v -0.267042 0.572805 6.349389
v -0.205743 0.540677 6.265863
v -0.233606 0.533143 6.273847
v -0.221210 0.540843 6.260416
v -0.244025 0.589693 6.226696
v -0.223529 0.598163 6.226892
v -0.224061 0.582497 6.231377
v -0.245509 0.571924 6.233240
v -0.193314 0.551974 6.261042
v -0.186084 0.549902 6.266110
v -0.205809 0.553465 6.253621
v -0.188225 0.565792 6.253960
v -0.174401 0.576052 6.257133
v -0.275852 0.533379 6.267653
v -0.287131 0.530896 6.269034
v -0.284138 0.544554 6.252580
v -0.273877 0.546744 6.249218
v -0.275425 0.595071 6.231857
v -0.286440 0.591208 6.235126
v -0.287938 0.605428 6.234835
v -0.276044 0.609754 6.231212
v -0.326457 0.530439 6.277846
v -0.339821 0.533261 6.280657
v -0.336287 0.541147 6.264103
v -0.322104 0.539500 6.261095
v -0.284411 0.575477 6.238192
v -0.223093 0.694992 6.228711
v -0.238179 0.682726 6.224212
v -0.252257 0.669794 6.223914
v -0.292285 0.643726 6.240169
v -0.282591 0.656184 6.236970
v -0.279391 0.648612 6.234674
v -0.305275 0.640544 6.245683
v -0.316050 0.637277 6.250470
v -0.328754 0.559789 6.333007
v -0.329593 0.584121 6.337731
v -0.334804 0.585791 6.333017
v -0.338974 0.634933 6.268586
v -0.337989 0.638442 6.271367
v -0.329465 0.639915 6.265028
v -0.329727 0.637189 6.261594
v -0.265179 0.534364 6.266466
v -0.334990 0.554756 6.253769
v -0.334890 0.569500 6.249416
v -0.320626 0.569208 6.246864
v -0.320297 0.554274 6.251076
v -0.333957 0.582202 6.246887
v -0.334426 0.593301 6.247443
v -0.321561 0.595191 6.244305
v -0.320279 0.582728 6.243692
v -0.339999 0.630577 6.264229
v -0.328267 0.632835 6.257814
v -0.352046 0.539510 6.305402
v -0.302948 0.525951 6.294129
v -0.291076 0.526515 6.291530
v -0.294568 0.534443 6.315791
v -0.304804 0.533917 6.317772
v -0.337403 0.634189 6.304899
v -0.340259 0.639582 6.298747
v -0.343574 0.644605 6.293646
v -0.326268 0.642609 6.267914
v -0.347579 0.646564 6.289290
v -0.339745 0.605552 6.328337
v -0.343615 0.589616 6.331298
v -0.298978 0.551057 6.331682
v -0.308453 0.552865 6.333189
v -0.353699 0.538231 6.284710
v -0.351735 0.545594 6.268031
v -0.365988 0.640445 6.275906
v -0.353498 0.638923 6.275069
v -0.353307 0.635190 6.271285
v -0.315347 0.651445 6.258691
v -0.328092 0.641996 6.268019
v -0.299481 0.527800 6.271303
v -0.349298 0.572432 6.253115
v -0.350303 0.558402 6.257986
v -0.308661 0.583898 6.240947
v -0.296878 0.587354 6.238326
v -0.295367 0.572377 6.240438
v -0.307259 0.569925 6.243377
v -0.350293 0.605915 6.253616
v -0.348961 0.594211 6.250844
v -0.298469 0.600936 6.238701
v -0.309436 0.597494 6.241362
v -0.353273 0.630250 6.267684
v -0.290754 0.550591 6.330318
v -0.288591 0.568781 6.343332
v -0.296251 0.568028 6.341843
v -0.304808 0.570573 6.341741
v -0.312566 0.573751 6.342010
v -0.321482 0.578858 6.341271
v -0.279220 0.571027 6.345483
v -0.555353 0.682904 6.351973
v -0.367429 0.646354 6.280005
v -0.378657 0.640753 6.276391
v -0.381629 0.646391 6.280190
v -0.431308 0.640337 6.285514
v -0.228205 0.452325 6.445573
v -0.226999 0.458055 6.444027
v -0.227898 0.428937 6.446410
v -0.228401 0.433035 6.447065
v -0.547193 0.650089 6.331886
v -0.552683 0.646516 6.337105
v -0.560190 0.612778 6.369401
v -0.547586 0.601819 6.362670
v -0.545105 0.587705 6.374975
v -0.508859 0.591380 6.365505
v -0.499710 0.599809 6.374627
v -0.501134 0.631750 6.402474
v -0.557680 0.642642 6.401465
v -0.495761 0.518303 6.456158
v -0.491228 0.508425 6.469294
v -0.499262 0.503394 6.466370
v -0.504591 0.513773 6.453837
v -0.486426 0.498734 6.480792
v -0.487981 0.514012 6.475157
v -0.484350 0.504506 6.487379
v -0.488583 0.518399 6.481655
v -0.485433 0.508655 6.494453
v -0.488907 0.511483 6.501175
v -0.491511 0.522367 6.488699
v -0.496393 0.525982 6.495335
v -0.494152 0.514501 6.507431
v -0.504404 0.541139 6.488877
v -0.512459 0.542955 6.494008
v -0.510743 0.528229 6.504538
v -0.502934 0.527720 6.500731
v -0.523049 0.510181 6.513166
v -0.526950 0.524642 6.503263
v -0.531592 0.520284 6.498060
v -0.527347 0.506343 6.508449
v -0.537845 0.523575 6.473063
v -0.533794 0.509410 6.484113
v -0.533725 0.514669 6.491595
v -0.538497 0.529754 6.480619
v -0.530539 0.495937 6.494166
v -0.528430 0.505051 6.478075
v -0.524120 0.493020 6.487648
v -0.494340 0.534255 6.448346
v -0.500355 0.528307 6.442875
v -0.505104 0.538545 6.429914
v -0.493266 0.534370 6.475628
v -0.490662 0.529738 6.468621
v -0.492791 0.540569 6.455250
v -0.494827 0.546068 6.462491
v -0.514494 0.571379 6.472055
v -0.513779 0.557024 6.483134
v -0.505351 0.554376 6.476998
v -0.497894 0.538090 6.482407
v -0.499284 0.550476 6.469789
v -0.521644 0.542419 6.495636
v -0.519517 0.527235 6.505616
v -0.515059 0.513004 6.456317
v -0.509474 0.501667 6.468125
v -0.519380 0.502709 6.472743
v -0.524876 0.514582 6.460858
v -0.523566 0.557080 6.485245
v -0.520670 0.524718 6.443728
v -0.530780 0.526939 6.448315
v -0.533178 0.518052 6.466605
v -0.538684 0.531377 6.454722
v -0.504642 0.490900 6.478522
v -0.494322 0.493186 6.477094
v -0.509998 0.524634 6.441141
v -0.530304 0.539632 6.493361
v -0.532987 0.554636 6.483084
v -0.539800 0.550267 6.477553
v -0.536142 0.535363 6.487802
v -0.548291 0.552523 6.449885
v -0.542790 0.537947 6.461720
v -0.542869 0.544743 6.469674
v -0.530313 0.500918 6.502149
v -0.544715 0.545312 6.442317
v -0.469661 0.452425 6.536426
v -0.461437 0.449926 6.537444
v -0.463496 0.458522 6.537082
v -0.471325 0.461284 6.533338
v -0.462048 0.478538 6.544111
v -0.452412 0.472541 6.549470
v -0.446474 0.479225 6.545321
v -0.456043 0.486862 6.540412
v -0.454955 0.447742 6.537556
v -0.456528 0.456101 6.540846
v -0.451396 0.449018 6.536079
v -0.452957 0.439583 6.534824
v -0.451566 0.438559 6.529037
v -0.451148 0.430080 6.527846
v -0.456424 0.427064 6.521506
v -0.456090 0.439737 6.519601
v -0.481567 0.436844 6.516474
v -0.477513 0.424623 6.522607
v -0.487979 0.424258 6.525159
v -0.491320 0.437480 6.519664
v -0.503626 0.431331 6.534303
v -0.505478 0.443132 6.527830
v -0.498317 0.439979 6.523774
v -0.495019 0.427200 6.530130
v -0.483294 0.455276 6.539232
v -0.477859 0.454517 6.537013
v -0.480093 0.462974 6.533196
v -0.486189 0.463930 6.536097
v -0.442592 0.451026 6.537658
v -0.444547 0.451204 6.541352
v -0.450335 0.448182 6.530248
v -0.449148 0.452104 6.525333
v -0.500390 0.485495 6.542232
v -0.494926 0.486835 6.538104
v -0.496124 0.494924 6.532066
v -0.502926 0.494974 6.536115
v -0.472695 0.496319 6.528956
v -0.468075 0.496594 6.515939
v -0.475433 0.498534 6.511905
v -0.479773 0.498032 6.524633
v -0.464692 0.492379 6.534738
v -0.451461 0.487680 6.530248
v -0.459718 0.492862 6.522700
v -0.442699 0.478994 6.536770
v -0.513399 0.493318 6.537136
v -0.512704 0.486874 6.543857
v -0.438521 0.405979 6.560439
v -0.439877 0.407430 6.557608
v -0.444496 0.408235 6.560929
v -0.442852 0.407143 6.563735
v -0.523765 0.479903 6.531001
v -0.523731 0.485560 6.527827
v -0.524601 0.480870 6.520536
v -0.523224 0.475442 6.523207
v -0.523752 0.472443 6.535106
v -0.521578 0.468094 6.526437
v -0.435614 0.394024 6.558019
v -0.438265 0.394894 6.552888
v -0.436525 0.399125 6.553173
v -0.434153 0.398169 6.557863
v -0.466275 0.444245 6.539663
v -0.458199 0.442037 6.538815
v -0.456093 0.427051 6.544486
v -0.452128 0.428065 6.540268
v -0.454572 0.434609 6.539622
v -0.461900 0.434952 6.543063
v -0.480562 0.438721 6.547585
v -0.473350 0.436029 6.546525
v -0.476890 0.444818 6.541942
v -0.483932 0.447269 6.543702
v -0.493434 0.449879 6.550217
v -0.497611 0.450223 6.554393
v -0.496087 0.442945 6.556842
v -0.490902 0.441431 6.552979
v -0.482026 0.424658 6.555215
v -0.486286 0.425728 6.557332
v -0.484409 0.418014 6.559361
v -0.480508 0.417190 6.557328
v -0.524590 0.490167 6.523834
v -0.526152 0.485579 6.516601
v -0.517376 0.440056 6.544720
v -0.518109 0.431030 6.549835
v -0.520779 0.437828 6.557366
v -0.520802 0.446299 6.551018
v -0.519192 0.471157 6.516020
v -0.521656 0.476250 6.512969
v -0.439487 0.391270 6.560172
v -0.441823 0.391037 6.554289
v -0.441253 0.474455 6.528100
v -0.451802 0.482360 6.517466
v -0.462523 0.487350 6.509726
v -0.470250 0.490127 6.505579
v -0.475216 0.492672 6.501727
v -0.464576 0.430498 6.546586
v -0.474289 0.447832 6.539410
v -0.487197 0.456407 6.541297
v -0.508804 0.459659 6.558819
v -0.502574 0.458289 6.555830
v -0.502218 0.464419 6.553293
v -0.510643 0.466040 6.556353
v -0.519342 0.450851 6.558201
v -0.518891 0.443299 6.562872
v -0.512676 0.446174 6.564527
v -0.513526 0.452586 6.561775
v -0.438518 0.451557 6.533888
v -0.445095 0.456630 6.522491
v -0.520618 0.484165 6.538858
v -0.520094 0.490042 6.534240
v -0.520130 0.494621 6.528203
v -0.491163 0.475485 6.537146
v -0.487404 0.474772 6.534427
v -0.486025 0.487923 6.534307
v -0.491113 0.487608 6.535466
v -0.472518 0.471034 6.535756
v -0.464450 0.467492 6.540947
v -0.471113 0.483462 6.539030
v -0.489655 0.496145 6.528521
v -0.490743 0.500235 6.521570
v -0.498084 0.499535 6.525212
v -0.505903 0.499370 6.529092
v -0.514077 0.497370 6.530244
v -0.491925 0.505747 6.515689
v -0.498918 0.505288 6.519584
v -0.506907 0.504277 6.522578
v -0.514513 0.502673 6.523733
v -0.526876 0.487011 6.502550
v -0.524093 0.481144 6.508265
v -0.528214 0.491721 6.510995
v -0.480853 0.501484 6.503199
v -0.485786 0.503355 6.510333
v -0.483463 0.499383 6.516907
v -0.480040 0.496586 6.495530
v -0.445353 0.468325 6.550652
v -0.449293 0.461851 6.549524
v -0.443929 0.459080 6.551635
v -0.439097 0.463951 6.552065
v -0.451326 0.432756 6.533888
v -0.449677 0.426367 6.535403
v -0.449895 0.422590 6.530170
v -0.512541 0.479182 6.549353
v -0.502210 0.477735 6.547607
v -0.459940 0.424460 6.547085
v -0.441336 0.398113 6.547252
v -0.446837 0.406261 6.537577
v -0.444337 0.411454 6.539970
v -0.439156 0.402963 6.548450
v -0.461571 0.415784 6.548977
v -0.458808 0.411177 6.552061
v -0.455160 0.416116 6.552253
v -0.457678 0.420045 6.548444
v -0.491609 0.428375 6.560472
v -0.489955 0.421682 6.562407
v -0.472299 0.413692 6.530946
v -0.466876 0.424752 6.518065
v -0.463400 0.413857 6.523388
v -0.486291 0.440271 6.549974
v -0.488413 0.433358 6.555502
v -0.483928 0.432343 6.553182
v -0.465763 0.427345 6.548160
v -0.470813 0.429532 6.548942
v -0.468163 0.423162 6.549518
v -0.463271 0.422278 6.548292
v -0.520044 0.460696 6.554369
v -0.521911 0.455332 6.545035
v -0.436844 0.403917 6.554872
v -0.435424 0.402532 6.558437
v -0.524979 0.496449 6.518001
v -0.520250 0.499959 6.522426
v -0.488910 0.448972 6.546475
v -0.469814 0.437283 6.514461
v -0.491100 0.457752 6.544043
v -0.503659 0.419946 6.552395
v -0.500020 0.414680 6.557675
v -0.499579 0.419025 6.562412
v -0.503695 0.424220 6.559899
v -0.453979 0.403942 6.558031
v -0.450981 0.400456 6.562359
v -0.448584 0.405495 6.562395
v -0.450901 0.408703 6.559039
v -0.454336 0.422888 6.546421
v -0.451058 0.418417 6.550749
v -0.447300 0.418388 6.547447
v -0.450826 0.423499 6.542922
v -0.448384 0.421435 6.538676
v -0.444960 0.415665 6.543406
v -0.454633 0.398165 6.555952
v -0.459863 0.405164 6.548235
v -0.457550 0.402248 6.542180
v -0.450730 0.394338 6.551978
v -0.508138 0.453524 6.521138
v -0.512242 0.446392 6.533227
v -0.514436 0.456424 6.526287
v -0.502015 0.420234 6.540243
v -0.508620 0.426350 6.547471
v -0.510604 0.435649 6.540107
v -0.517512 0.450016 6.538024
v -0.467950 0.411623 6.544189
v -0.470988 0.408942 6.540082
v -0.463928 0.408696 6.537158
v -0.496425 0.459231 6.548356
v -0.439401 0.407733 6.551016
v -0.484944 0.476193 6.495149
v -0.480550 0.471586 6.498613
v -0.494465 0.465964 6.499953
v -0.496492 0.472305 6.495976
v -0.446388 0.411205 6.557823
v -0.442092 0.411177 6.554706
v -0.496700 0.429321 6.563658
v -0.500081 0.427403 6.566232
v -0.498008 0.421513 6.566188
v -0.494274 0.422718 6.565073
v -0.519487 0.459367 6.531271
v -0.517172 0.426539 6.556467
v -0.518817 0.433192 6.565029
v -0.516901 0.464700 6.520194
v -0.512006 0.468574 6.509881
v -0.510395 0.462174 6.514813
v -0.490301 0.415299 6.538555
v -0.501744 0.450769 6.517365
v -0.504416 0.460226 6.510870
v -0.505404 0.467233 6.504700
v -0.506621 0.472334 6.500159
v -0.513963 0.473575 6.505700
v -0.445374 0.394593 6.548019
v -0.447407 0.391230 6.557658
v -0.519894 0.484623 6.495024
v -0.516464 0.478825 6.500670
v -0.511264 0.483499 6.490237
v -0.508414 0.477543 6.495372
v -0.488157 0.458125 6.504318
v -0.497136 0.458276 6.507270
v -0.485531 0.447744 6.510742
v -0.494936 0.448811 6.513675
v -0.483951 0.412138 6.530635
v -0.442714 0.393901 6.572878
v -0.444509 0.399010 6.574040
v -0.448014 0.399381 6.566577
v -0.447057 0.394685 6.565782
v -0.450719 0.395448 6.560850
v -0.444262 0.392604 6.563759
v -0.472401 0.448970 6.509346
v -0.466537 0.416750 6.550014
v -0.471746 0.463177 6.504403
v -0.455706 0.459594 6.511243
v -0.457987 0.449588 6.513163
v -0.457335 0.474806 6.506714
v -0.468563 0.479764 6.500675
v -0.479873 0.486079 6.495238
v -0.475885 0.483008 6.498424
v -0.482986 0.491004 6.489507
v -0.445808 0.468862 6.517231
v -0.441039 0.405404 6.569133
v -0.436567 0.405365 6.566253
v -0.487585 0.480161 6.491292
v -0.490527 0.485272 6.485204
v -0.456442 0.464008 6.546502
v -0.492827 0.466217 6.541414
v -0.496584 0.467729 6.545435
v -0.502126 0.470447 6.550702
v -0.512066 0.472008 6.553601
v -0.501372 0.482936 6.485615
v -0.501029 0.514749 6.511811
v -0.508984 0.513832 6.514469
v -0.514771 0.491818 6.483079
v -0.433131 0.402250 6.564853
v -0.484201 0.412001 6.556620
v -0.482471 0.411509 6.556353
v -0.440395 0.472272 6.546985
v -0.434333 0.466208 6.548685
v -0.430268 0.459523 6.538496
v -0.434371 0.466745 6.533663
v -0.435829 0.471327 6.540438
v -0.430979 0.464128 6.544205
v -0.493818 0.475759 6.540058
v -0.497261 0.475974 6.543445
v -0.523149 0.463994 6.539509
v -0.521398 0.468990 6.548910
v -0.448183 0.417269 6.534174
v -0.451499 0.412617 6.531155
v -0.454546 0.417871 6.525631
v -0.452413 0.402996 6.537518
v -0.463401 0.410362 6.545369
v -0.465668 0.412734 6.547372
v -0.480849 0.473253 6.533362
v -0.479323 0.486394 6.535653
v -0.446477 0.454281 6.546851
v -0.450967 0.455806 6.544021
v -0.477705 0.431408 6.550596
v -0.483286 0.406804 6.545134
v -0.478522 0.406007 6.538712
v -0.475508 0.424138 6.552109
v -0.431232 0.398349 6.565081
v -0.431709 0.393993 6.566241
v -0.458047 0.408955 6.530408
v -0.493891 0.435484 6.558877
v -0.483578 0.407980 6.551491
v -0.489214 0.411160 6.548128
v -0.516651 0.439465 6.566180
v -0.498391 0.476966 6.491323
v -0.446683 0.404029 6.565850
v -0.444216 0.402733 6.571980
v -0.439724 0.392500 6.571604
v -0.435680 0.391414 6.567939
v -0.521426 0.476748 6.543733
v -0.489799 0.465073 6.538668
v -0.516802 0.512588 6.515094
v -0.438487 0.461637 6.526987
v -0.433268 0.454520 6.534024
v -0.474152 0.417933 6.553321
v -0.509610 0.424605 6.556887
v -0.489098 0.407390 6.552285
v -0.496069 0.409150 6.552933
v -0.499113 0.414479 6.546929
v -0.485263 0.408482 6.555541
v -0.432474 0.392153 6.574723
v -0.436596 0.393122 6.578074
v -0.428581 0.394540 6.572453
v -0.429027 0.398927 6.570424
v -0.431501 0.402672 6.569689
v -0.439822 0.395798 6.579578
v -0.442099 0.399853 6.579504
v -0.442618 0.403037 6.576132
v -0.437878 0.397734 6.584907
v -0.433495 0.394950 6.584884
v -0.423268 0.400444 6.583564
v -0.423949 0.398570 6.586295
v -0.425475 0.396750 6.583265
v -0.425380 0.396758 6.579405
v -0.422322 0.402779 6.588048
v -0.422561 0.400342 6.590446
v -0.426433 0.396323 6.588411
v -0.427872 0.394916 6.584075
v -0.424915 0.398205 6.592970
v -0.428626 0.398231 6.594114
v -0.430101 0.396822 6.589799
v -0.430632 0.395322 6.586318
v -0.429237 0.393592 6.580753
v -0.422351 0.403976 6.592629
v -0.424831 0.403225 6.596879
v -0.423773 0.400126 6.596494
v -0.421933 0.401496 6.593500
v -0.426835 0.400451 6.575675
v -0.424817 0.403119 6.581582
v -0.424176 0.405324 6.586846
v -0.424504 0.406354 6.591596
v -0.427644 0.405799 6.581404
v -0.426926 0.407288 6.586716
v -0.427395 0.407610 6.590734
v -0.431247 0.407697 6.582551
v -0.429876 0.408204 6.587598
v -0.429906 0.403701 6.574191
v -0.433782 0.405825 6.574860
v -0.429434 0.407991 6.590302
v -0.426974 0.405262 6.595901
v -0.433328 0.397196 6.590155
v -0.431613 0.399165 6.594438
v -0.435939 0.399639 6.590166
v -0.433654 0.400779 6.594158
v -0.427258 0.399381 6.597139
v -0.429119 0.401279 6.597561
v -0.435354 0.405629 6.570727
v -0.439971 0.405977 6.573694
v -0.438555 0.406835 6.578052
v -0.435697 0.408039 6.584980
v -0.440956 0.404838 6.581666
v -0.439966 0.400899 6.584920
v -0.437606 0.402418 6.589513
v -0.438106 0.405582 6.587827
v -0.435072 0.403925 6.593170
v -0.435174 0.406177 6.591564
v -0.432983 0.407840 6.589534
v -0.432452 0.405236 6.594842
v -0.431002 0.403296 6.596512
v -0.429387 0.406661 6.593822
v -0.431119 0.407313 6.591990
v -0.433016 0.406358 6.593168
v -0.459425 0.397784 6.573864
v -0.462146 0.398285 6.568561
v -0.465829 0.399377 6.571465
v -0.463551 0.399292 6.576576
v -0.457809 0.385329 6.571157
v -0.461297 0.385046 6.564055
v -0.459392 0.390371 6.564717
v -0.456124 0.390659 6.571454
v -0.463606 0.383312 6.572564
v -0.467276 0.382283 6.565863
v -0.464192 0.389480 6.556741
v -0.468477 0.400988 6.547021
v -0.465956 0.404925 6.550199
v -0.461943 0.394468 6.558418
v -0.480111 0.406681 6.561149
v -0.476914 0.410220 6.560811
v -0.459992 0.395204 6.566357
v -0.457152 0.394984 6.572469
v -0.475706 0.397931 6.568645
v -0.472724 0.395280 6.574537
v -0.469737 0.398778 6.573622
v -0.472475 0.401463 6.568516
v -0.471838 0.411200 6.558233
v -0.466541 0.411039 6.555154
v -0.465066 0.408321 6.552482
v -0.477124 0.392847 6.566828
v -0.481371 0.401506 6.557679
v -0.479511 0.398412 6.551894
v -0.475267 0.388387 6.562872
v -0.462326 0.398726 6.560571
v -0.468013 0.402567 6.566384
v -0.464023 0.401704 6.563295
v -0.470221 0.387308 6.557811
v -0.471948 0.385361 6.571027
v -0.465444 0.391279 6.588036
v -0.466355 0.395479 6.588293
v -0.469968 0.395608 6.580340
v -0.469647 0.391255 6.580082
v -0.473065 0.390845 6.573741
v -0.468011 0.386509 6.577528
v -0.460891 0.399745 6.584793
v -0.456385 0.398350 6.582459
v -0.453485 0.395512 6.581414
v -0.474293 0.397876 6.546665
v -0.452372 0.391586 6.581052
v -0.453364 0.386767 6.581224
v -0.467564 0.399292 6.579296
v -0.464753 0.399578 6.587451
v -0.463114 0.387459 6.586216
v -0.458399 0.385078 6.582627
v -0.455253 0.386400 6.591259
v -0.459967 0.388711 6.593013
v -0.450773 0.387678 6.588889
v -0.450417 0.392476 6.586989
v -0.452085 0.396089 6.586329
v -0.462268 0.392325 6.594780
v -0.463504 0.396295 6.594598
v -0.462644 0.399728 6.592075
v -0.459738 0.395679 6.601551
v -0.456805 0.392420 6.602010
v -0.444232 0.399178 6.605319
v -0.444864 0.397267 6.607852
v -0.446988 0.394783 6.603540
v -0.445707 0.395597 6.600649
v -0.448630 0.392423 6.600767
v -0.448130 0.391255 6.596739
v -0.449909 0.393711 6.605897
v -0.451399 0.392067 6.601799
v -0.447518 0.396267 6.611268
v -0.451221 0.397765 6.611801
v -0.453060 0.395542 6.606519
v -0.454004 0.393479 6.603018
v -0.443876 0.401661 6.610384
v -0.443606 0.399269 6.611405
v -0.452733 0.389138 6.598097
v -0.448472 0.394118 6.592042
v -0.446073 0.398028 6.597915
v -0.445076 0.401659 6.603579
v -0.445391 0.404044 6.608820
v -0.448166 0.401003 6.596534
v -0.446952 0.403964 6.602466
v -0.447529 0.405327 6.607193
v -0.451516 0.403605 6.596673
v -0.449853 0.405569 6.602726
v -0.450620 0.397201 6.590034
v -0.454069 0.399635 6.590127
v -0.449334 0.405872 6.606158
v -0.447625 0.404391 6.612925
v -0.445951 0.402158 6.615047
v -0.445248 0.398718 6.615633
v -0.455141 0.396895 6.606052
v -0.452885 0.399659 6.611221
v -0.457253 0.398552 6.606120
v -0.454429 0.401229 6.611050
v -0.449294 0.399253 6.615522
v -0.450232 0.401315 6.615250
v -0.455162 0.398522 6.587049
v -0.459335 0.399836 6.589058
v -0.458375 0.401118 6.591934
v -0.455822 0.404468 6.598899
v -0.461548 0.400495 6.594964
v -0.461529 0.397966 6.598604
v -0.458600 0.400695 6.604554
v -0.458585 0.403119 6.601892
v -0.455304 0.403150 6.609600
v -0.455494 0.405094 6.607057
v -0.453223 0.406073 6.604438
v -0.452411 0.404433 6.611647
v -0.451340 0.403201 6.613900
v -0.449379 0.405471 6.610479
v -0.451131 0.405985 6.607895
v -0.453202 0.405345 6.609273
v -0.477792 0.405982 6.580334
v -0.480014 0.405281 6.576394
v -0.483564 0.408494 6.578772
v -0.481646 0.409394 6.582517
v -0.478562 0.396016 6.581389
v -0.481512 0.393846 6.574314
v -0.478903 0.396943 6.574623
v -0.476335 0.398380 6.580745
v -0.482737 0.396118 6.583675
v -0.487123 0.393533 6.576590
v -0.484273 0.396375 6.567690
v -0.487424 0.403407 6.558688
v -0.484161 0.406103 6.560556
v -0.481033 0.399387 6.568638
v -0.478426 0.401403 6.575225
v -0.476040 0.401924 6.580383
v -0.492556 0.410122 6.577851
v -0.489834 0.409098 6.583074
v -0.487097 0.410159 6.581451
v -0.489665 0.411753 6.576866
v -0.488626 0.416838 6.566601
v -0.485001 0.414104 6.564237
v -0.483621 0.410281 6.562345
v -0.494631 0.406064 6.576916
v -0.497637 0.412957 6.567792
v -0.497746 0.407905 6.564289
v -0.494365 0.400399 6.573766
v -0.480761 0.404053 6.570285
v -0.485219 0.411298 6.574842
v -0.482043 0.408198 6.572042
v -0.489980 0.397114 6.569252
v -0.491021 0.398291 6.580518
v -0.483263 0.405840 6.595691
v -0.483562 0.409503 6.594805
v -0.488607 0.408769 6.586732
v -0.489033 0.404402 6.587689
v -0.492026 0.403940 6.582480
v -0.487137 0.399539 6.586237
v -0.477965 0.410992 6.589149
v -0.474072 0.408251 6.587291
v -0.472098 0.404423 6.587831
v -0.493220 0.403942 6.559936
v -0.495945 0.416907 6.569925
v -0.471688 0.401318 6.588942
v -0.473000 0.398787 6.590697
v -0.485818 0.410374 6.584793
v -0.481699 0.412545 6.592163
v -0.481104 0.401544 6.594921
v -0.477006 0.398833 6.592688
v -0.472543 0.400867 6.598956
v -0.476590 0.404425 6.600800
v -0.468737 0.400725 6.596582
v -0.468102 0.403389 6.594407
v -0.469095 0.406194 6.592696
v -0.478632 0.409074 6.600422
v -0.478913 0.411629 6.599245
v -0.478377 0.412939 6.596024
v -0.476310 0.411559 6.603072
v -0.473177 0.407347 6.604398
v -0.459520 0.410989 6.607055
v -0.460471 0.410358 6.608820
v -0.463133 0.407971 6.605791
v -0.461961 0.407868 6.604088
v -0.465200 0.405335 6.604129
v -0.465366 0.403686 6.601699
v -0.465831 0.407546 6.608285
v -0.467912 0.405205 6.605098
v -0.463279 0.410100 6.611481
v -0.467112 0.412186 6.611372
v -0.469582 0.409829 6.608005
v -0.470709 0.407104 6.605848
v -0.458230 0.413363 6.610284
v -0.459027 0.411973 6.611278
v -0.469491 0.403476 6.602721
v -0.464828 0.405394 6.598131
v -0.461836 0.409265 6.601570
v -0.459535 0.412658 6.604924
v -0.458982 0.415474 6.608115
v -0.463261 0.411667 6.599678
v -0.461153 0.414664 6.603268
v -0.460773 0.416902 6.606228
v -0.465592 0.414226 6.598830
v -0.463371 0.416538 6.602698
v -0.466285 0.408048 6.596023
v -0.468913 0.410740 6.594882
v -0.462629 0.417491 6.605136
v -0.461784 0.417432 6.611299
v -0.460724 0.414972 6.613523
v -0.461037 0.412339 6.614110
v -0.471989 0.411270 6.607677
v -0.469025 0.413878 6.611024
v -0.473508 0.414323 6.606453
v -0.470155 0.416041 6.609853
v -0.464704 0.413419 6.613806
v -0.465468 0.415117 6.613517
v -0.471792 0.409052 6.591907
v -0.475459 0.411351 6.593071
v -0.472513 0.412696 6.595603
v -0.469129 0.416456 6.599819
v -0.475929 0.413669 6.597833
v -0.476545 0.414109 6.600885
v -0.474169 0.415383 6.604392
v -0.472652 0.416851 6.601988
v -0.470362 0.417777 6.607846
v -0.469478 0.418720 6.605461
v -0.466428 0.418287 6.603481
v -0.466936 0.418442 6.609287
v -0.466415 0.417172 6.611655
v -0.463195 0.418417 6.608465
v -0.464562 0.418630 6.606312
v -0.467094 0.418995 6.607261
v -0.492601 0.417532 6.568604
v -0.500994 0.422023 6.584774
v -0.502005 0.421568 6.582083
v -0.504951 0.424479 6.583632
v -0.503924 0.425058 6.585828
v -0.503263 0.413418 6.587337
v -0.505495 0.411229 6.582136
v -0.502264 0.413442 6.580905
v -0.500165 0.415080 6.585764
v -0.507675 0.415497 6.589263
v -0.510290 0.413219 6.584644
v -0.506669 0.413010 6.576055
v -0.508610 0.420150 6.564646
v -0.504403 0.421372 6.566402
v -0.503067 0.415407 6.575670
v -0.514232 0.436648 6.570909
v -0.513719 0.432762 6.576633
v -0.509374 0.433326 6.576545
v -0.510298 0.438471 6.569489
v -0.501151 0.417313 6.580681
v -0.499737 0.418479 6.584919
v -0.512679 0.427243 6.584065
v -0.511247 0.426960 6.587166
v -0.508076 0.426516 6.585336
v -0.508826 0.427664 6.582796
v -0.505643 0.437433 6.568737
v -0.505706 0.431559 6.575393
v -0.503068 0.429599 6.572128
v -0.502388 0.433278 6.567288
v -0.502918 0.425573 6.570054
v -0.515391 0.424194 6.583335
v -0.516781 0.430431 6.574986
v -0.518062 0.426520 6.571484
v -0.515264 0.418917 6.581517
v -0.501982 0.418946 6.577563
v -0.505652 0.425928 6.580531
v -0.502826 0.422728 6.579754
v -0.511890 0.414239 6.577595
v -0.513035 0.418736 6.587148
v -0.508460 0.427785 6.597212
v -0.507455 0.429938 6.595205
v -0.510089 0.428255 6.589908
v -0.511805 0.425461 6.591611
v -0.513245 0.423789 6.588328
v -0.510897 0.420769 6.591622
v -0.501213 0.427211 6.590611
v -0.498229 0.424101 6.589962
v -0.497033 0.420932 6.590685
v -0.514539 0.421515 6.565590
v -0.497132 0.418196 6.592289
v -0.499598 0.416599 6.594339
v -0.506996 0.427442 6.587701
v -0.504612 0.429354 6.592483
v -0.507869 0.422754 6.597916
v -0.504068 0.418339 6.596145
v -0.501213 0.420085 6.601524
v -0.504807 0.424934 6.602816
v -0.497266 0.418407 6.598979
v -0.495431 0.419554 6.596148
v -0.495437 0.421941 6.594245
v -0.505526 0.430262 6.601105
v -0.504517 0.431634 6.598631
v -0.502308 0.430343 6.595911
v -0.501660 0.431421 6.604262
v -0.500113 0.427208 6.606221
v -0.487215 0.424252 6.606839
v -0.488342 0.423921 6.608305
v -0.491018 0.422799 6.606258
v -0.490019 0.422354 6.604453
v -0.493866 0.421522 6.604941
v -0.494322 0.420413 6.602629
v -0.493422 0.423752 6.608531
v -0.496358 0.422812 6.606062
v -0.490568 0.424835 6.611201
v -0.492772 0.428675 6.611832
v -0.495865 0.427457 6.609686
v -0.497649 0.425870 6.607520
v -0.485337 0.425976 6.609709
v -0.486588 0.424875 6.610502
v -0.498394 0.422141 6.604308
v -0.493132 0.420865 6.599403
v -0.489347 0.422994 6.602558
v -0.486076 0.425470 6.605586
v -0.484987 0.427977 6.608512
v -0.489837 0.424702 6.600821
v -0.486834 0.427131 6.604113
v -0.486034 0.429268 6.606869
v -0.491376 0.427036 6.599715
v -0.488351 0.428845 6.603226
v -0.493548 0.422836 6.597174
v -0.494995 0.425507 6.595972
v -0.487143 0.429919 6.605573
v -0.486598 0.430149 6.610620
v -0.486784 0.428355 6.612470
v -0.488164 0.426208 6.613219
v -0.497011 0.429945 6.609127
v -0.493315 0.431082 6.611501
v -0.497693 0.432257 6.607308
v -0.493184 0.432747 6.609911
v -0.490464 0.428654 6.613389
v -0.489909 0.430428 6.612889
v -0.496759 0.424988 6.593194
v -0.499321 0.427994 6.593708
v -0.497370 0.428887 6.596292
v -0.493549 0.429951 6.599964
v -0.499685 0.431675 6.598513
v -0.501398 0.432710 6.601364
v -0.497123 0.433343 6.604893
v -0.495679 0.432742 6.602051
v -0.492684 0.433332 6.607708
v -0.491746 0.432788 6.605343
v -0.490099 0.430981 6.603618
v -0.489289 0.432265 6.608942
v -0.489402 0.431853 6.611068
v -0.487115 0.431005 6.608531
v -0.488112 0.431180 6.606447
v -0.489404 0.432215 6.607121
v -0.516759 0.433869 6.570257
v -0.433712 0.445374 6.542541
v -0.437800 0.445206 6.545143
v -0.441524 0.450296 6.552806
v -0.439233 0.455345 6.556414
v -0.434016 0.459297 6.556877
v -0.429320 0.459237 6.553969
v -0.426009 0.457037 6.550242
v -0.440419 0.446766 6.548779
v -0.429080 0.447157 6.541705
v -0.425821 0.452597 6.545316
v -0.421087 0.447638 6.552907
v -0.423696 0.442734 6.548693
v -0.422221 0.453138 6.557787
v -0.426771 0.455394 6.560662
v -0.431951 0.455937 6.561720
v -0.429356 0.440772 6.547566
v -0.434049 0.440831 6.549190
v -0.437572 0.443213 6.552334
v -0.424711 0.435174 6.552979
v -0.418141 0.435333 6.557549
v -0.417116 0.440370 6.573332
v -0.413465 0.439048 6.571565
v -0.415529 0.441564 6.568691
v -0.418787 0.443852 6.570269
v -0.416835 0.442371 6.566193
v -0.419297 0.445985 6.565616
v -0.412997 0.437385 6.565397
v -0.415603 0.438937 6.563308
v -0.414016 0.432487 6.562493
v -0.415403 0.435280 6.561108
v -0.410340 0.435093 6.568427
v -0.412213 0.436202 6.573470
v -0.410377 0.432474 6.571549
v -0.415055 0.435979 6.574725
v -0.416906 0.440968 6.560591
v -0.424991 0.450549 6.566355
v -0.423192 0.445611 6.571390
v -0.421300 0.440394 6.574332
v -0.419262 0.435039 6.574991
v -0.428640 0.444950 6.571304
v -0.425747 0.438845 6.573670
v -0.423162 0.434091 6.573505
v -0.432341 0.441543 6.568568
v -0.428363 0.436273 6.571164
v -0.431105 0.451810 6.565894
v -0.435867 0.449062 6.563020
v -0.425737 0.433517 6.571925
v -0.417870 0.429943 6.572614
v -0.413295 0.430429 6.573390
v -0.417461 0.430517 6.560657
v -0.412066 0.430393 6.565190
v -0.415662 0.427830 6.564195
v -0.422034 0.429767 6.558888
v -0.419885 0.426859 6.563898
v -0.410804 0.429436 6.568393
v -0.413833 0.427423 6.568579
v -0.437122 0.452763 6.560275
v -0.438994 0.447653 6.556734
v -0.437345 0.444043 6.559001
v -0.432867 0.437325 6.564516
v -0.435218 0.438520 6.555089
v -0.430242 0.435466 6.552482
v -0.426515 0.430297 6.558988
v -0.430610 0.432861 6.560673
v -0.423876 0.427745 6.564492
v -0.426794 0.429862 6.565620
v -0.428155 0.432971 6.568252
v -0.422098 0.427977 6.568424
v -0.418295 0.426974 6.568592
v -0.421916 0.430300 6.571450
v -0.424825 0.431119 6.570233
v -0.424453 0.429357 6.568189
v -0.511398 0.441912 6.566885
v -0.505651 0.440816 6.565753
v -0.506845 0.445691 6.563439
v -0.507680 0.452445 6.561608
v -0.514008 0.458481 6.559407
v -0.502196 0.451322 6.558465
v -0.501341 0.444255 6.560756
v -0.499602 0.436854 6.563506
v -0.498596 0.455964 6.552984
v -0.238305 0.377666 6.402011
v -0.239217 0.378900 6.398604
v -0.238986 0.384821 6.395621
v -0.238953 0.383464 6.399492
v -0.238200 0.383262 6.403111
v -0.236692 0.383067 6.407030
v -0.230672 0.375162 6.408721
v -0.235509 0.376852 6.405559
v -0.224204 0.382572 6.413053
v -0.224742 0.381753 6.412108
v -0.224422 0.383051 6.412927
v -0.229007 0.381708 6.411111
v -0.225635 0.383172 6.411295
v -0.240166 0.381829 6.392736
v -0.240102 0.383001 6.391517
v -0.239536 0.380564 6.395248
v -0.233129 0.382383 6.410309
v -0.239905 0.383814 6.391651
v -0.239553 0.384228 6.393274
v -0.226468 0.376624 6.410149
v -0.238468 0.380864 6.402621
v -0.236986 0.380045 6.406902
v -0.232097 0.376843 6.409556
v -0.236259 0.376990 6.406256
v -0.229163 0.379839 6.410984
v -0.226717 0.380140 6.411126
v -0.239122 0.381481 6.399211
v -0.232995 0.379568 6.410267
v -0.238156 0.378146 6.402045
v -0.226713 0.381071 6.410927
v -0.228295 0.379520 6.410045
v -0.239662 0.383166 6.392647
v -0.239614 0.383288 6.392707
v -0.216719 0.607709 6.404738
v -0.226049 0.622323 6.411561
v -0.238935 0.379225 6.398679
v -0.239160 0.383505 6.393721
v -0.238945 0.381788 6.396467
v -0.238840 0.380293 6.396140
v -0.239202 0.382512 6.393478
v -0.406211 0.596878 6.348886
v -0.404148 0.612164 6.354312
v -0.420537 0.581540 6.307729
v -0.421855 0.592106 6.292417
v -0.341726 0.858724 6.413042
v -0.289402 0.829274 6.253219
v -0.285592 0.807240 6.248592
v -0.220747 0.826502 6.258582
v -0.237050 0.826783 6.251659
v -0.356649 0.809052 6.321292
v -0.360180 0.828991 6.322139
v -0.349994 0.818538 6.377563
v -0.353426 0.838084 6.378051
v -0.366763 0.849647 6.343013
v -0.268605 0.873966 6.252521
v -0.260432 0.851545 6.251780
v -0.277362 0.850989 6.252953
v -0.285181 0.873130 6.251948
v -0.214881 0.850416 6.273510
v -0.207278 0.825800 6.269716
v -0.347817 0.787401 6.300770
v -0.336779 0.787757 6.281308
v -0.303753 0.788001 6.254580
v -0.284837 0.785993 6.247771
v -0.246535 0.780369 6.245031
v -0.265819 0.783037 6.245073
v -0.341315 0.799735 6.395267
v -0.326233 0.782342 6.409749
v -0.353640 0.787925 6.321976
v -0.305255 0.808351 6.435786
v -0.203194 0.757109 6.248857
v -0.223341 0.755347 6.242820
v -0.321735 0.788223 6.265809
v -0.259742 0.651109 6.425690
v -0.268279 0.665406 6.433004
v -0.279493 0.657917 6.425314
v -0.271208 0.644383 6.417066
v -0.290715 0.652115 6.417218
v -0.300916 0.647552 6.408296
v -0.309502 0.644351 6.399223
v -0.326171 0.642782 6.374155
v -0.321955 0.642256 6.382105
v -0.331632 0.647246 6.357481
v -0.329019 0.644047 6.366183
v -0.334628 0.655034 6.346522
v -0.336734 0.665885 6.334494
v -0.338061 0.677096 6.320815
v -0.331072 0.664137 6.316211
v -0.343529 0.679066 6.340862
v -0.341373 0.667536 6.352323
v -0.338856 0.660086 6.363200
v -0.273915 0.709105 6.447865
v -0.281298 0.732607 6.443943
v -0.207289 0.593487 6.398818
v -0.557752 0.624451 6.413545
v -0.490706 0.523742 6.461723
v -0.158089 0.584178 6.266647
v -0.141819 0.592524 6.277157
v -0.129730 0.608727 6.285611
v -0.127981 0.598621 6.287641
v -0.233883 0.544361 6.253648
v -0.215192 0.559584 6.245674
v -0.196083 0.572396 6.246822
v -0.177322 0.584628 6.253192
v -0.349066 0.770473 6.345056
v -0.165634 0.616148 6.257687
v -0.180721 0.594640 6.248055
v -0.199386 0.582453 6.239077
v -0.222573 0.568625 6.238122
v -0.246580 0.551415 6.245128
v -0.262467 0.548760 6.246861
v -0.283069 0.560740 6.241868
v -0.294261 0.557704 6.245424
v -0.295700 0.542241 6.254711
v -0.308287 0.540693 6.257518
v -0.307401 0.555462 6.248442
v -0.394254 0.581674 6.275317
v -0.407103 0.595025 6.279026
v -0.413310 0.610437 6.278909
v -0.414588 0.625569 6.279538
v -0.413064 0.633837 6.280548
v -0.407178 0.640291 6.281518
v -0.395437 0.644468 6.281101
v -0.353687 0.643667 6.280277
v -0.337656 0.641915 6.276533
v -0.306399 0.655561 6.251329
v -0.299672 0.660952 6.246257
v -0.281262 0.707234 6.236047
v -0.286672 0.691448 6.237273
v -0.275114 0.724863 6.235994
v -0.309154 0.983074 6.246846
v -0.300020 0.962595 6.251663
v -0.317346 0.954497 6.249538
v -0.326928 0.974292 6.243660
v -0.239052 0.927019 6.278766
v -0.255540 0.925746 6.268970
v -0.383627 0.919778 6.287225
v -0.369901 0.927555 6.269981
v -0.352975 0.936168 6.258379
v -0.335029 0.944728 6.251577
v -0.392970 0.915081 6.306512
v -0.374292 0.923078 6.409138
v -0.382403 0.920447 6.389623
v -0.340967 0.929530 6.456176
v -0.354286 0.927811 6.443485
v -0.397222 0.914179 6.327239
v -0.365218 0.925439 6.427670
v -0.390083 0.918247 6.369491
v -0.395895 0.915959 6.348433
v -0.293540 0.941720 6.256144
v -0.277743 0.946096 6.260401
v -0.270832 0.923645 6.262037
v -0.178740 0.696330 6.244257
v -0.195531 0.688236 6.236660
v -0.212188 0.679935 6.229042
v -0.222913 0.656073 6.223664
v -0.240607 0.646646 6.221033
v -0.244469 0.659064 6.221976
v -0.228041 0.669624 6.223868
v -0.276973 0.632574 6.231564
v -0.290377 0.628773 6.236059
v -0.291481 0.636604 6.238413
v -0.277463 0.641236 6.232466
v -0.303494 0.633764 6.242028
v -0.315000 0.630268 6.247053
v -0.326511 0.627039 6.254172
v -0.339605 0.624400 6.259713
v -0.336443 0.605568 6.249384
v -0.323358 0.606720 6.246130
v -0.276286 0.622887 6.230595
v -0.258586 0.627420 6.225211
v -0.173977 0.669703 6.250138
v -0.160583 0.679041 6.261472
v -0.336176 0.682735 6.305197
v -0.332386 0.686618 6.288878
v -0.326683 0.688371 6.274821
v -0.318669 0.688402 6.263407
v -0.310721 0.686282 6.253096
v -0.301050 0.682970 6.244971
v -0.290544 0.678489 6.239227
v -0.294422 0.668822 6.241993
v -0.280829 0.673167 6.234829
v -0.287764 0.663383 6.239300
v -0.272381 0.665918 6.230919
v -0.265714 0.657808 6.227627
v -0.260956 0.648782 6.225790
v -0.259199 0.638522 6.225148
v -0.221698 0.642113 6.222668
v -0.239834 0.634086 6.220843
v -0.203013 0.635271 6.230412
v -0.203380 0.620886 6.230890
v -0.205362 0.665409 6.228966
v -0.203761 0.650547 6.229545
v -0.190823 0.539703 6.271781
v -0.172777 0.550139 6.272182
v -0.386573 0.631655 6.273955
v -0.395816 0.634965 6.276905
v -0.388986 0.638844 6.276824
v -0.384352 0.634909 6.274394
v -0.399250 0.628967 6.276175
v -0.388883 0.617758 6.270385
v -0.401433 0.621172 6.275570
v -0.388427 0.627542 6.273630
v -0.400338 0.608901 6.273724
v -0.389000 0.607928 6.268841
v -0.395728 0.596632 6.272028
v -0.386464 0.597663 6.267022
v -0.383203 0.590003 6.265663
v -0.387947 0.586839 6.269302
v -0.348517 0.583262 6.250606
v -0.361734 0.584248 6.255589
v -0.374060 0.587019 6.260931
v -0.353018 0.624395 6.262882
v -0.365708 0.624241 6.265729
v -0.377134 0.624895 6.269448
v -0.377422 0.616041 6.266022
v -0.365101 0.615717 6.261976
v -0.351714 0.615847 6.257892
v -0.176550 0.684905 6.245937
v -0.189662 0.674249 6.236508
v -0.302256 0.624795 6.239875
v -0.312608 0.620921 6.244246
v -0.323506 0.617045 6.249137
v -0.337670 0.615532 6.253872
v -0.311229 0.610065 6.242049
v -0.300362 0.613811 6.238379
v -0.289212 0.618202 6.235023
v -0.187304 0.660481 6.238816
v -0.162815 0.693897 6.256456
v -0.318144 0.555821 6.333319
v -0.316431 0.535943 6.318844
v -0.315441 0.526459 6.297289
v -0.312400 0.528724 6.274513
v -0.123910 0.563724 6.299347
v -0.519396 0.686059 6.373644
v -0.161791 0.744799 6.263457
v -0.154523 0.726383 6.261953
v -0.188058 0.803968 6.277324
v -0.178545 0.787603 6.268966
v -0.245365 0.899798 6.267317
v -0.230695 0.900616 6.277391
v -0.222223 0.875147 6.275425
v -0.224704 0.953384 6.286522
v -0.224185 0.929353 6.291907
v -0.210373 0.874422 6.288070
v -0.203761 0.849962 6.286130
v -0.185848 0.761475 6.257314
v -0.162903 0.704280 6.251982
v -0.147523 0.699868 6.266191
v -0.145925 0.687326 6.270875
v -0.141941 0.671116 6.273120
v -0.331528 0.669058 6.406378
v -0.324335 0.655801 6.398877
v -0.317279 0.657320 6.407897
v -0.324677 0.670626 6.415271
v -0.339918 0.667945 6.387827
v -0.333375 0.655286 6.381077
v -0.329520 0.655182 6.389745
v -0.336664 0.668299 6.396879
v -0.336246 0.656689 6.372302
v -0.342417 0.669366 6.378714
v -0.337714 0.684177 6.411708
v -0.342543 0.683011 6.402421
v -0.331177 0.685638 6.420227
v -0.347231 0.682632 6.384126
v -0.345303 0.682285 6.393220
v -0.213656 0.493630 6.426073
v -0.223489 0.487528 6.437170
v -0.228543 0.447566 6.446184
v -0.226758 0.443990 6.444117
v -0.190110 0.508829 6.406315
v -0.187330 0.519107 6.401979
v -0.224914 0.465816 6.447278
v -0.224140 0.478649 6.447166
v -0.228571 0.421156 6.448843
v -0.227212 0.424932 6.447727
v -0.227882 0.435988 6.449050
v -0.227043 0.440443 6.448027
v -0.183406 0.530457 6.397888
v -0.199797 0.497908 6.417680
v -0.177049 0.552708 6.390865
v -0.176182 0.560762 6.388713
v -0.186205 0.566485 6.383692
v -0.191712 0.574838 6.387820
v -0.266284 0.689446 6.445852
v -0.242029 0.650494 6.424164
v -0.249619 0.658663 6.434179
v -0.234241 0.637272 6.417548
v -0.199446 0.583355 6.394412
v -0.179975 0.542636 6.394285
v -0.226603 0.452143 6.447452
v -0.225101 0.458009 6.446191
v -0.226711 0.429012 6.447241
v -0.227094 0.432971 6.448079
v -0.206052 0.612807 6.412241
v -0.214805 0.628199 6.419156
v -0.257999 0.673347 6.440775
v -0.262473 0.716421 6.453044
v -0.267993 0.740664 6.450686
v -0.197674 0.598563 6.405650
v -0.269930 0.761067 6.443326
v -0.449120 1.101945 6.307300
v -0.438304 1.126231 6.311789
v -0.412770 1.127660 6.292718
v -0.422939 1.109266 6.289501
v -0.413603 1.066195 6.272421
v -0.406497 1.041622 6.264469
v -0.398151 1.015682 6.257346
v -0.394332 1.142634 6.296478
v -0.352981 1.141439 6.284317
v -0.368375 1.152722 6.301732
v -0.378066 1.030523 6.249418
v -0.386501 1.055320 6.256157
v -0.408827 1.110395 6.282175
v -0.402793 1.097796 6.274210
v -0.422355 1.085778 6.283398
v -0.378456 1.133219 6.281607
v -0.397916 1.121098 6.282201
v -0.275145 0.994074 6.261692
v -0.282556 1.015797 6.258888
v -0.258951 1.019581 6.270090
v -0.346391 0.962446 6.246009
v -0.337597 0.994984 6.241225
v -0.286208 1.157084 6.347842
v -0.385639 1.107311 6.270821
v -0.339555 1.125208 6.271152
v -0.364694 1.116750 6.268913
v -0.316273 1.057302 6.250566
v -0.337983 1.050621 6.246716
v -0.345898 1.074341 6.251325
v -0.322646 1.080549 6.254074
v -0.357879 1.041995 6.246294
v -0.347821 1.017681 6.242484
v -0.309509 1.033441 6.249372
v -0.329002 1.026359 6.244363
v -0.319180 1.003790 6.244157
v -0.366852 1.066668 6.252168
v -0.328831 1.104731 6.260914
v -0.303893 1.110221 6.268924
v -0.279611 1.111934 6.284348
v -0.255654 1.115358 6.303761
v -0.247722 1.094027 6.295839
v -0.301427 1.010482 6.250411
v -0.285205 0.967208 6.257241
v -0.292658 0.988727 6.253338
v -0.261910 0.899635 6.260431
v -0.579361 1.129727 6.557162
v -0.349338 1.128386 6.443567
v -0.358731 1.113701 6.456919
v -0.473266 1.003426 6.355395
v -0.468727 1.060733 6.319451
v -0.445353 1.076744 6.297934
v -0.376691 1.084992 6.471811
v -0.389573 1.063208 6.471903
v -0.472459 0.994045 6.391901
v -0.444212 1.008845 6.439100
v -0.365300 1.101773 6.466041
v -0.394644 1.079200 6.264706
v -0.376470 1.091164 6.261692
v -0.353950 1.098061 6.258460
v -0.313035 1.131015 6.279986
v -0.287493 1.131835 6.294632
v -0.263858 1.131728 6.314463
v -0.359931 1.030180 6.465564
v -0.349354 1.027590 6.471144
v -0.355664 1.024435 6.467874
v -0.339291 1.018742 6.473060
v -0.342521 1.028856 6.475367
v -0.350623 1.037825 6.470174
v -0.341365 1.040121 6.473866
v -0.342024 1.053449 6.472561
v -0.376983 0.939832 6.412860
v -0.386711 0.936379 6.392588
v -0.342678 0.946327 6.458781
v -0.354916 0.944516 6.446409
v -0.406419 0.928429 6.328592
v -0.366242 0.941854 6.430943
v -0.395911 0.933015 6.371899
v -0.403604 0.930109 6.350394
v -0.235428 1.046053 6.285805
v -0.231481 1.022113 6.284459
v -0.329773 0.948153 6.468360
v -0.219100 0.487959 6.441848
v -0.209548 0.493511 6.430422
v -0.201431 0.306024 6.413342
v -0.130277 0.511022 6.320431
v -0.218806 0.359882 6.435308
v -0.225466 0.443876 6.445493
v -0.230645 0.418993 6.450961
v -0.177629 0.571094 6.387459
v -0.182878 0.580585 6.391962
v -0.335244 1.123626 6.446767
v -0.190047 0.588641 6.400220
v -0.333379 1.130578 6.441403
v -0.195701 0.824273 6.282486
v -0.454226 1.454809 6.386483
v -0.447246 1.445100 6.379598
v -0.441507 1.466414 6.363863
v -0.447158 1.476051 6.372160
v -0.452429 1.425655 6.356897
v -0.445367 1.432476 6.366467
v -0.462613 1.423322 6.347852
v -0.475022 1.425549 6.342833
v -0.461693 1.447623 6.329821
v -0.451135 1.444916 6.333426
v -0.484606 1.430679 6.343761
v -0.480118 1.458848 6.333914
v -0.493118 1.438195 6.347279
v -0.502180 1.451348 6.357118
v -0.488312 1.470393 6.344766
v -0.503686 1.465244 6.370007
v -0.491794 1.483050 6.358248
v -0.497127 1.474468 6.382851
v -0.464486 1.465164 6.390700
v -0.457491 1.486186 6.379688
v -0.442003 1.447582 6.342411
v -0.436900 1.454552 6.350332
v -0.439071 1.460263 6.357181
v -0.444563 1.439117 6.374539
v -0.432784 1.489644 6.352232
v -0.435176 1.497745 6.366172
v -0.429825 1.469150 6.326319
v -0.429634 1.476902 6.335477
v -0.449611 1.469873 6.316892
v -0.438003 1.465808 6.317981
v -0.472881 1.478855 6.318498
v -0.461485 1.474103 6.317356
v -0.471367 1.452656 6.330905
v -0.479966 1.488817 6.330665
v -0.485113 1.501577 6.347779
v -0.450313 1.506454 6.373237
v -0.431973 1.483897 6.343402
v -0.554174 1.631267 6.414061
v -0.553430 1.627487 6.416088
v -0.550436 1.628339 6.419190
v -0.549525 1.633319 6.418367
v -0.532532 1.638764 6.441336
v -0.533254 1.632075 6.446893
v -0.525401 1.633572 6.449379
v -0.522159 1.641005 6.445188
v -0.544322 1.637631 6.431845
v -0.542523 1.639291 6.427456
v -0.546026 1.638675 6.424400
v -0.549929 1.636374 6.427088
v -0.554358 1.614895 6.384146
v -0.552376 1.617874 6.380765
v -0.554998 1.616561 6.377455
v -0.557052 1.613926 6.379157
v -0.553584 1.625934 6.402508
v -0.551555 1.628477 6.398731
v -0.553859 1.627074 6.395761
v -0.556989 1.624635 6.397164
v -0.522605 1.619167 6.430910
v -0.510595 1.618338 6.437456
v -0.519101 1.628032 6.444318
v -0.530088 1.625390 6.440197
v -0.510628 1.634707 6.442397
v -0.501324 1.626251 6.433766
v -0.504790 1.632529 6.426100
v -0.513928 1.637829 6.435024
v -0.517179 1.632329 6.421094
v -0.524662 1.637722 6.429346
v -0.526078 1.626047 6.422959
v -0.535454 1.631400 6.431619
v -0.540469 1.624476 6.414164
v -0.538022 1.619065 6.420367
v -0.546093 1.626844 6.426244
v -0.549190 1.630666 6.419828
v -0.530832 1.621269 6.427153
v -0.540504 1.628487 6.431280
v -0.526258 1.629364 6.424814
v -0.527417 1.632033 6.417846
v -0.536487 1.637491 6.424651
v -0.535131 1.634988 6.432127
v -0.534260 1.630060 6.412851
v -0.542815 1.635888 6.418839
v -0.546646 1.614839 6.406497
v -0.539873 1.617794 6.413027
v -0.546102 1.625126 6.416657
v -0.551475 1.623329 6.412124
v -0.541710 1.631768 6.416637
v -0.535975 1.626199 6.411500
v -0.537982 1.628434 6.405140
v -0.544208 1.633742 6.411071
v -0.544433 1.626035 6.399713
v -0.549590 1.632369 6.406638
v -0.549162 1.620103 6.401136
v -0.554085 1.627404 6.407451
v -0.552661 1.613167 6.384685
v -0.551549 1.608088 6.389757
v -0.555542 1.616425 6.395428
v -0.555791 1.620678 6.390984
v -0.547378 1.610871 6.396047
v -0.551872 1.617155 6.399968
v -0.547701 1.621913 6.401550
v -0.545101 1.617127 6.396805
v -0.544212 1.621605 6.390304
v -0.547293 1.626565 6.395935
v -0.548453 1.619433 6.383678
v -0.552251 1.625140 6.390554
v -0.552669 1.600000 6.371383
v -0.556612 1.605482 6.376776
v -0.556180 1.609720 6.372658
v -0.551189 1.604705 6.366182
v -0.550071 1.602209 6.378284
v -0.552790 1.606933 6.382189
v -0.549272 1.611569 6.382553
v -0.548320 1.607895 6.378269
v -0.545661 1.613056 6.373395
v -0.548200 1.616531 6.377889
v -0.548218 1.610182 6.367389
v -0.552599 1.614997 6.372536
v -0.517541 1.612890 6.420477
v -0.503212 1.609694 6.429488
v -0.521197 1.640789 6.439869
v -0.494042 1.618742 6.424402
v -0.527080 1.640475 6.436839
v -0.513250 1.626436 6.411304
v -0.498034 1.625000 6.416572
v -0.521389 1.623812 6.419859
v -0.548949 1.632016 6.429723
v -0.527336 1.623986 6.400272
v -0.533059 1.621865 6.409192
v -0.545550 1.632725 6.432536
v -0.530174 1.610289 6.409724
v -0.538729 1.605885 6.394249
v -0.548981 1.635098 6.414065
v -0.551937 1.634058 6.411768
v -0.537471 1.619437 6.386433
v -0.544432 1.615463 6.395347
v -0.557102 1.620911 6.398984
v -0.542206 1.613051 6.371884
v -0.548396 1.607880 6.378330
v -0.554759 1.621270 6.401915
v -0.544948 1.598809 6.378586
v -0.555927 1.610608 6.380519
v -0.542850 1.607012 6.359551
v -0.546169 1.599311 6.357521
v -0.554884 1.610938 6.383769
v -0.547725 1.593755 6.365006
v -0.468976 1.492119 6.382380
v -0.475148 1.472825 6.392702
v -0.486405 1.475640 6.390054
v -0.479676 1.493122 6.379228
v -0.487402 1.491423 6.371320
v -0.465130 1.511777 6.377668
v -0.477293 1.510965 6.372575
v -0.482821 1.510087 6.362496
v -0.474776 1.502498 6.317079
v -0.466750 1.493110 6.305824
v -0.453892 1.488557 6.305826
v -0.441772 1.484193 6.304607
v -0.429171 1.480837 6.305378
v -0.448351 1.523036 6.369446
v -0.465545 1.528333 6.377822
v -0.480781 1.527497 6.374961
v -0.486804 1.525437 6.360181
v -0.491877 1.598446 6.423113
v -0.506878 1.596246 6.414461
v -0.497056 1.580170 6.408663
v -0.482899 1.587991 6.410707
v -0.518857 1.595190 6.402479
v -0.509008 1.578485 6.396448
v -0.527211 1.592611 6.387884
v -0.516347 1.578126 6.380730
v -0.534283 1.588432 6.372400
v -0.522644 1.576985 6.364542
v -0.539886 1.586162 6.357839
v -0.527534 1.577487 6.348577
v -0.540902 1.592315 6.347648
v -0.529117 1.583743 6.337162
v -0.482945 1.610096 6.417291
v -0.474486 1.598969 6.403840
v -0.486829 1.618907 6.404268
v -0.477958 1.609050 6.390872
v -0.499371 1.617897 6.394026
v -0.488519 1.608439 6.380073
v -0.524196 1.594437 6.335273
v -0.535019 1.602703 6.347422
v -0.511352 1.613973 6.382146
v -0.499988 1.604170 6.368691
v -0.520831 1.611078 6.368689
v -0.509129 1.601866 6.355275
v -0.528369 1.607468 6.356765
v -0.516834 1.599258 6.343301
v -0.484523 1.565017 6.398652
v -0.498806 1.559715 6.389610
v -0.505233 1.560017 6.372628
v -0.509579 1.561445 6.354905
v -0.511830 1.565490 6.337617
v -0.514148 1.572208 6.325520
v -0.496661 1.540798 6.340337
v -0.494275 1.553000 6.323435
v -0.496611 1.562273 6.314354
v -0.479133 1.551842 6.302052
v -0.478649 1.540987 6.308602
v -0.450638 1.523016 6.285748
v -0.463375 1.530184 6.295660
v -0.463951 1.541485 6.288458
v -0.450570 1.535133 6.276711
v -0.482134 1.527610 6.320461
v -0.467085 1.516278 6.306960
v -0.455446 1.507696 6.298440
v -0.426521 1.526028 6.268353
v -0.428489 1.511720 6.275888
v -0.440034 1.517825 6.279698
v -0.439461 1.530489 6.270182
v -0.410189 1.526257 6.273046
v -0.411195 1.510032 6.279424
v -0.404020 1.517462 6.292499
v -0.401777 1.532089 6.286440
v -0.434057 1.497490 6.291022
v -0.444686 1.503188 6.294059
v -0.419940 1.494327 6.292169
v -0.413175 1.500424 6.303840
v -0.410503 1.527125 6.307701
v -0.418436 1.509745 6.316960
v -0.404772 1.540434 6.302497
v -0.472096 1.576381 6.393798
v -0.466082 1.585154 6.384893
v -0.495894 1.541404 6.364577
v -0.488841 1.542029 6.381661
v -0.469569 1.546811 6.384217
v -0.457866 1.562825 6.378266
v -0.454939 1.572644 6.365899
v -0.441823 1.553461 6.358775
v -0.442517 1.563050 6.349176
v -0.468953 1.592215 6.374849
v -0.459032 1.576789 6.357128
v -0.446131 1.567691 6.340377
v -0.430055 1.545512 6.343341
v -0.429415 1.556131 6.334608
v -0.422815 1.538277 6.329119
v -0.419814 1.550302 6.322944
v -0.411974 1.545545 6.313434
v -0.417257 1.532918 6.318532
v -0.426388 1.522349 6.336021
v -0.422717 1.516066 6.326596
v -0.433476 1.530454 6.349363
v -0.446161 1.538605 6.366080
v -0.510175 1.582491 6.323116
v -0.494658 1.570901 6.311418
v -0.477343 1.560063 6.300459
v -0.460997 1.552009 6.287027
v -0.446798 1.546479 6.276498
v -0.436096 1.542664 6.271536
v -0.425084 1.539135 6.269650
v -0.413029 1.538464 6.274236
v -0.406203 1.541930 6.283913
v -0.408479 1.549742 6.296269
v -0.414069 1.555403 6.305893
v -0.432224 1.562765 6.326481
v -0.421412 1.559204 6.315222
v -0.431235 1.515428 6.357750
v -0.426509 1.506345 6.344618
v -0.425361 1.500200 6.335184
v -0.422021 1.485144 6.314534
v -0.424112 1.494121 6.326266
v -0.477256 1.593607 6.364484
v -0.487759 1.591051 6.352538
v -0.496353 1.589573 6.339759
v -0.503657 1.587440 6.329246
v -0.488951 1.575496 6.315786
v -0.481898 1.577582 6.324038
v -0.473275 1.579119 6.335464
v -0.465165 1.578832 6.347691
v -0.472630 1.565394 6.303824
v -0.466502 1.568039 6.310614
v -0.457550 1.570199 6.320205
v -0.451232 1.570377 6.331019
v -0.436518 1.565653 6.317178
v -0.441826 1.564594 6.307533
v -0.450630 1.561339 6.298582
v -0.455695 1.557912 6.291917
v -0.442190 1.552221 6.282870
v -0.437714 1.555785 6.290068
v -0.430180 1.558842 6.298317
v -0.425878 1.560849 6.306707
v -0.433432 1.548835 6.278653
v -0.417051 1.544868 6.278278
v -0.425223 1.546004 6.276550
v -0.412092 1.547046 6.283986
v -0.414532 1.552196 6.292162
v -0.419381 1.556757 6.299393
v -0.419799 1.551837 6.288613
v -0.424268 1.555128 6.292959
v -0.430175 1.552314 6.285810
v -0.424436 1.549505 6.282845
v -0.416964 1.548857 6.284664
v -0.419554 1.547664 6.281754
v -0.484292 1.517840 6.338094
v -0.124259 0.548237 6.305157
v -0.131432 0.619192 6.283645
v -0.592657 1.308233 6.591097
v -0.606277 1.311720 6.585444
v -0.621763 1.306252 6.579111
v -0.455247 0.992149 6.413154
v -0.348903 0.855669 6.394827
v -0.343790 0.819545 6.394694
v -0.346404 0.838458 6.394758
v -0.467587 1.002559 6.423437
v -0.353757 0.791108 6.342246
v -0.273389 1.146027 6.328309
v -0.138567 0.655881 6.275752
v -0.316148 0.642225 6.390368
v -0.240817 1.069843 6.289104
v -0.216400 0.403692 6.320486
v -0.214051 0.405756 6.322136
v -0.212598 0.409514 6.321721
v -0.208356 0.411762 6.319807
v -0.207608 0.413650 6.317889
v -0.207476 0.415573 6.314649
v -0.211698 0.407871 6.317892
v -0.210277 0.408487 6.318182
v -0.211783 0.406874 6.319583
v -0.212637 0.406754 6.318989
v -0.222957 0.645022 6.423970
v -0.231081 0.657353 6.430784
v -0.239862 0.664318 6.441519
v -0.248063 0.679272 6.447218
v -0.227088 0.447637 6.447742
v -0.312405 0.904618 6.450232
v -0.308013 0.898462 6.444458
v -0.217700 0.900335 6.290546
v -0.322243 0.918054 6.461603
v -0.305850 0.886010 6.445501
v -0.169664 0.765688 6.265595
v -0.255694 0.696389 6.451616
v -0.326690 0.931446 6.465848
v -0.147819 0.710334 6.260214
v -0.302917 0.868147 6.446648
v -0.337555 1.003718 6.472315
v -0.287594 0.813762 6.444135
v -0.168268 0.334723 6.443318
v -0.155516 0.345615 6.442738
v -0.167752 0.353403 6.448833
v -0.180566 0.346685 6.447600
v -0.176554 0.361342 6.452971
v -0.187232 0.357830 6.451023
v -0.146921 0.357676 6.441421
v -0.158434 0.362063 6.447491
v -0.154140 0.396852 6.451503
v -0.154407 0.388257 6.449057
v -0.146070 0.391671 6.446514
v -0.146283 0.403122 6.448586
v -0.156651 0.422045 6.453587
v -0.150850 0.432948 6.447993
v -0.161187 0.438936 6.452701
v -0.166913 0.428219 6.456612
v -0.202078 0.412203 6.451370
v -0.197972 0.406508 6.451380
v -0.193784 0.411833 6.455668
v -0.198219 0.418331 6.455027
v -0.210434 0.401284 6.447896
v -0.216767 0.396745 6.448764
v -0.213175 0.392344 6.445209
v -0.207051 0.397175 6.445417
v -0.207036 0.417604 6.449805
v -0.202556 0.423808 6.453081
v -0.209220 0.410479 6.449916
v -0.205469 0.406394 6.448997
v -0.218217 0.413635 6.456446
v -0.223271 0.412097 6.458296
v -0.222241 0.406200 6.457410
v -0.216433 0.409353 6.454520
v -0.211019 0.416368 6.451339
v -0.214478 0.418768 6.451830
v -0.215018 0.415995 6.454020
v -0.212430 0.412960 6.452761
v -0.214055 0.405378 6.450548
v -0.219938 0.401320 6.452698
v -0.226648 0.398802 6.454031
v -0.229355 0.404827 6.458976
v -0.188519 0.431336 6.458858
v -0.193827 0.434720 6.457832
v -0.198150 0.429261 6.456251
v -0.193374 0.424675 6.457788
v -0.212184 0.422677 6.450114
v -0.210972 0.437891 6.455448
v -0.216975 0.436249 6.454311
v -0.216744 0.432540 6.453092
v -0.210347 0.434345 6.454436
v -0.180841 0.445693 6.457120
v -0.180039 0.454083 6.455807
v -0.188297 0.452498 6.456255
v -0.188352 0.446844 6.457139
v -0.189848 0.458976 6.455107
v -0.181246 0.461955 6.453869
v -0.190637 0.476904 6.451155
v -0.199152 0.469401 6.454746
v -0.193446 0.464667 6.454824
v -0.185044 0.469884 6.452249
v -0.211404 0.463679 6.453373
v -0.206479 0.473541 6.454647
v -0.213394 0.476454 6.453231
v -0.217022 0.464998 6.451550
v -0.208756 0.444512 6.450454
v -0.210621 0.441257 6.454716
v -0.205713 0.442634 6.454086
v -0.204836 0.444377 6.451873
v -0.200609 0.445020 6.452021
v -0.200887 0.444364 6.452872
v -0.199929 0.443692 6.453860
v -0.199642 0.445322 6.453286
v -0.202319 0.444609 6.451949
v -0.201347 0.444951 6.451047
v -0.204000 0.445155 6.451594
v -0.208745 0.445580 6.452836
v -0.223002 0.447168 6.450328
v -0.222021 0.443591 6.447382
v -0.218750 0.443789 6.448360
v -0.219435 0.446759 6.452073
v -0.202167 0.441980 6.454623
v -0.205547 0.440042 6.455069
v -0.205011 0.437163 6.455100
v -0.200460 0.439933 6.455637
v -0.198139 0.437244 6.456777
v -0.194997 0.441418 6.456775
v -0.198010 0.442562 6.455267
v -0.200525 0.446639 6.453414
v -0.197218 0.445908 6.454822
v -0.197873 0.448259 6.454637
v -0.199833 0.450703 6.454271
v -0.202936 0.447753 6.453484
v -0.207013 0.448892 6.453809
v -0.203892 0.453260 6.453823
v -0.209067 0.454873 6.453706
v -0.212290 0.450233 6.453672
v -0.202233 0.432706 6.455333
v -0.193619 0.446729 6.456321
v -0.190630 0.440199 6.457941
v -0.193853 0.450612 6.455667
v -0.195758 0.454692 6.454816
v -0.204520 0.461441 6.453846
v -0.199178 0.458539 6.454378
v -0.199101 0.481653 6.451081
v -0.207341 0.485048 6.449868
v -0.180752 0.367875 6.452188
v -0.188101 0.366226 6.449457
v -0.178644 0.375660 6.450441
v -0.182610 0.373932 6.449901
v -0.182537 0.372098 6.449724
v -0.177283 0.373854 6.451072
v -0.161022 0.385350 6.449388
v -0.160710 0.391186 6.451048
v -0.166473 0.386494 6.449449
v -0.166864 0.382930 6.449199
v -0.177047 0.392725 6.452226
v -0.178780 0.386009 6.451176
v -0.174942 0.385293 6.450428
v -0.172054 0.391641 6.452195
v -0.182826 0.385842 6.450214
v -0.182322 0.392641 6.451132
v -0.186847 0.391536 6.449019
v -0.186784 0.385294 6.448690
v -0.187026 0.371252 6.447423
v -0.187329 0.373349 6.447121
v -0.191330 0.374010 6.443413
v -0.192166 0.371928 6.443062
v -0.198455 0.381436 6.436538
v -0.200663 0.381891 6.435611
v -0.200328 0.378492 6.435491
v -0.197271 0.379384 6.436690
v -0.197092 0.382366 6.438225
v -0.199126 0.384826 6.437369
v -0.168813 0.312848 6.429899
v -0.153238 0.323977 6.433180
v -0.183577 0.327057 6.440467
v -0.141838 0.338144 6.435357
v -0.134457 0.353697 6.435521
v -0.156949 0.449575 6.448711
v -0.169365 0.452951 6.453142
v -0.172290 0.443082 6.455850
v -0.156259 0.460688 6.445039
v -0.170268 0.463690 6.450282
v -0.179128 0.482854 6.440217
v -0.173134 0.474446 6.445750
v -0.142854 0.454701 6.436137
v -0.142185 0.463945 6.427809
v -0.157419 0.472646 6.436954
v -0.129998 0.452634 6.418712
v -0.127700 0.456620 6.409074
v -0.141053 0.473532 6.414632
v -0.152107 0.510662 6.406358
v -0.138284 0.507474 6.404229
v -0.134293 0.522763 6.400771
v -0.147432 0.525381 6.403730
v -0.145315 0.444125 6.441938
v -0.138338 0.382840 6.439476
v -0.136769 0.396132 6.440751
v -0.148312 0.380968 6.444993
v -0.110033 0.331035 6.412827
v -0.107412 0.347633 6.417216
v -0.120874 0.350129 6.427504
v -0.125800 0.333065 6.425218
v -0.129995 0.295699 6.394866
v -0.118015 0.311465 6.404470
v -0.136368 0.315294 6.421169
v -0.149677 0.301349 6.414361
v -0.095759 0.349564 6.406376
v -0.095020 0.333234 6.398404
v -0.081458 0.340845 6.383540
v -0.084971 0.354567 6.394378
v -0.098363 0.313839 6.385489
v -0.081204 0.323912 6.367200
v -0.119663 0.454848 6.402019
v -0.126180 0.472511 6.403442
v -0.127596 0.489013 6.402235
v -0.141200 0.491073 6.408868
v -0.085639 0.310503 6.347468
v -0.107129 0.297205 6.371463
v -0.072017 0.389099 6.357759
v -0.076929 0.392760 6.374006
v -0.077045 0.377684 6.379940
v -0.070456 0.371090 6.362226
v -0.068903 0.386184 6.339440
v -0.066605 0.364149 6.341935
v -0.094543 0.437517 6.360884
v -0.093053 0.439171 6.347161
v -0.104655 0.452973 6.350621
v -0.105581 0.451418 6.363210
v -0.167516 0.366437 6.452587
v -0.160981 0.372926 6.450633
v -0.168541 0.374818 6.451641
v -0.173885 0.370802 6.452903
v -0.141914 0.370216 6.439973
v -0.152065 0.371422 6.445618
v -0.119177 0.366366 6.427290
v -0.107088 0.363262 6.419131
v -0.088154 0.366355 6.399817
v -0.097489 0.362428 6.409840
v -0.083059 0.396062 6.384427
v -0.083268 0.386461 6.388633
v -0.110575 0.448849 6.390405
v -0.107604 0.450486 6.375488
v -0.113744 0.468044 6.377672
v -0.116950 0.469216 6.391358
v -0.112611 0.467102 6.353544
v -0.113127 0.467402 6.364924
v -0.117876 0.503897 6.387278
v -0.115046 0.502360 6.373879
v -0.111370 0.515989 6.371569
v -0.115687 0.518786 6.383150
v -0.108843 0.515782 6.358515
v -0.113740 0.499876 6.361755
v -0.113372 0.500303 6.349338
v -0.109179 0.516254 6.345428
v -0.170517 0.529146 6.402603
v -0.160118 0.527200 6.403578
v -0.156444 0.539834 6.402253
v -0.167605 0.540902 6.400449
v -0.111053 0.532968 6.378301
v -0.104626 0.529701 6.367019
v -0.097323 0.435796 6.374464
v -0.099841 0.432489 6.386293
v -0.101459 0.529599 6.354569
v -0.115972 0.485795 6.377064
v -0.115497 0.484070 6.364601
v -0.113669 0.468186 6.341824
v -0.106053 0.455045 6.338710
v -0.201951 0.401704 6.447649
v -0.194154 0.387921 6.443544
v -0.196901 0.386395 6.440386
v -0.195517 0.383203 6.439991
v -0.193310 0.383821 6.443014
v -0.206317 0.344053 6.439139
v -0.194244 0.343256 6.444966
v -0.198924 0.357015 6.447656
v -0.209995 0.360799 6.441420
v -0.174436 0.415702 6.459244
v -0.182180 0.425322 6.459636
v -0.188616 0.418200 6.458750
v -0.184081 0.409596 6.457774
v -0.170741 0.381435 6.448991
v -0.172730 0.379590 6.449610
v -0.169713 0.379630 6.449690
v -0.184290 0.438078 6.458250
v -0.176552 0.433871 6.458258
v -0.137984 0.410477 6.441548
v -0.156494 0.380125 6.448459
v -0.145862 0.286675 6.381925
v -0.167164 0.292435 6.405859
v -0.121599 0.287444 6.355890
v -0.096856 0.300372 6.328793
v -0.068391 0.358819 6.320359
v -0.070967 0.353826 6.297947
v -0.074902 0.383286 6.297976
v -0.069689 0.384664 6.318779
v -0.095168 0.441182 6.334140
v -0.115723 0.498613 6.337018
v -0.113760 0.515101 6.334902
v -0.185001 0.307088 6.424019
v -0.198536 0.325259 6.434975
v -0.130395 0.368651 6.433377
v -0.156999 0.404488 6.454111
v -0.162692 0.411049 6.456620
v -0.167549 0.400474 6.455928
v -0.162834 0.396741 6.453698
v -0.149935 0.413712 6.450703
v -0.142649 0.423921 6.442837
v -0.134068 0.433787 6.432989
v -0.131627 0.445683 6.426507
v -0.073589 0.353685 6.370476
v -0.078383 0.363389 6.384115
v -0.072744 0.333207 6.330163
v -0.070295 0.341389 6.352415
v -0.082125 0.372021 6.390914
v -0.080765 0.325901 6.308434
v -0.216764 0.428151 6.451758
v -0.217697 0.423812 6.450333
v -0.208795 0.428735 6.452896
v -0.217726 0.451531 6.452537
v -0.214442 0.456611 6.452065
v -0.219500 0.457403 6.450191
v -0.222149 0.452061 6.450845
v -0.198740 0.491526 6.436591
v -0.189463 0.488373 6.438458
v -0.174458 0.517045 6.407016
v -0.164653 0.514996 6.407126
v -0.219561 0.414012 6.453802
v -0.217354 0.415282 6.451761
v -0.220069 0.415034 6.449179
v -0.221162 0.412496 6.454045
v -0.202714 0.443585 6.453501
v -0.221849 0.435698 6.452797
v -0.220884 0.439875 6.452278
v -0.223661 0.440066 6.450510
v -0.224769 0.436020 6.451437
v -0.163183 0.485185 6.424913
v -0.156246 0.497183 6.411358
v -0.123848 0.520883 6.393652
v -0.126273 0.505588 6.398203
v -0.118735 0.487400 6.390822
v -0.115444 0.483468 6.353426
v -0.116194 0.482571 6.340971
v -0.121523 0.482763 6.332270
v -0.119240 0.470426 6.331771
v -0.178591 0.493563 6.423909
v -0.168787 0.503748 6.412268
v -0.180554 0.505276 6.413469
v -0.189000 0.496052 6.423106
v -0.225333 0.417125 6.452322
v -0.223383 0.418503 6.451125
v -0.225396 0.420608 6.450192
v -0.227700 0.418223 6.452111
v -0.217316 0.417949 6.451874
v -0.218464 0.420363 6.450408
v -0.218893 0.418431 6.451155
v -0.217288 0.416511 6.452979
v -0.219546 0.414559 6.454751
v -0.226225 0.412872 6.455805
v -0.229596 0.412502 6.459088
v -0.223057 0.413167 6.455903
v -0.222876 0.415165 6.450777
v -0.221283 0.416393 6.450591
v -0.218681 0.416087 6.449736
v -0.217722 0.416316 6.450886
v -0.224508 0.412047 6.455123
v -0.222195 0.412899 6.454731
v -0.223328 0.393050 6.449648
v -0.181569 0.518594 6.404994
v -0.187836 0.506795 6.412054
v -0.201138 0.444685 6.451943
v -0.196084 0.366235 6.444860
v -0.175098 0.402011 6.456797
v -0.194660 0.400829 6.449889
v -0.192559 0.395411 6.448197
v -0.187950 0.398135 6.451565
v -0.190092 0.405050 6.454041
v -0.203352 0.369826 6.439864
v -0.206570 0.375947 6.436814
v -0.213403 0.372689 6.438505
v -0.206557 0.382566 6.436587
v -0.203594 0.387062 6.438231
v -0.208815 0.389203 6.441141
v -0.214716 0.382385 6.440079
v -0.173412 0.376487 6.450713
v -0.175454 0.377550 6.450353
v -0.203378 0.393594 6.442882
v -0.199971 0.390296 6.440840
v -0.196357 0.392647 6.444674
v -0.198970 0.397237 6.446052
v -0.182188 0.400645 6.454819
v -0.163930 0.379877 6.449841
v -0.168285 0.389513 6.450842
v -0.107952 0.436033 6.397825
v -0.099996 0.425599 6.395838
v -0.117678 0.439354 6.414155
v -0.118128 0.438247 6.409091
v -0.121650 0.444158 6.407636
v -0.123730 0.444302 6.412361
v -0.094334 0.391174 6.402277
v -0.096915 0.389765 6.405570
v -0.095515 0.384358 6.406036
v -0.090919 0.386836 6.399778
v -0.100656 0.386707 6.411280
v -0.102108 0.388021 6.413206
v -0.104831 0.390607 6.415673
v -0.102075 0.384523 6.412814
v -0.108590 0.386783 6.417214
v -0.108881 0.376185 6.419408
v -0.099173 0.373534 6.411799
v -0.126589 0.386216 6.430523
v -0.117736 0.379618 6.424181
v -0.114837 0.391393 6.419519
v -0.119336 0.399169 6.423359
v -0.124220 0.432648 6.422845
v -0.124233 0.440426 6.418314
v -0.115599 0.441718 6.402788
v -0.073851 0.405619 6.340102
v -0.076406 0.406500 6.357545
v -0.080624 0.407513 6.371935
v -0.086182 0.407944 6.383529
v -0.074500 0.404624 6.321167
v -0.082433 0.404563 6.302998
v -0.128249 0.402894 6.433485
v -0.121936 0.410272 6.425751
v -0.083479 0.423373 6.358711
v -0.081838 0.423513 6.342663
v -0.087279 0.422591 6.372922
v -0.091243 0.420047 6.384750
v -0.083144 0.422758 6.325676
v -0.091134 0.424920 6.311779
v -0.101737 0.443581 6.322890
v -0.114607 0.432633 6.417888
v -0.115101 0.437971 6.417438
v -0.117847 0.438181 6.416079
v -0.118694 0.433321 6.417439
v -0.123196 0.421879 6.424759
v -0.130133 0.417852 6.432624
v -0.219297 0.387586 6.445547
v -0.219261 0.477898 6.450706
v -0.221223 0.465492 6.449384
v -0.221954 0.427834 6.450606
v -0.221800 0.431932 6.451599
v -0.224475 0.432606 6.450333
v -0.224611 0.428395 6.449515
v -0.197538 0.374202 6.438242
v -0.111769 0.456322 6.327822
v -0.122075 0.497072 6.329386
v -0.120957 0.512882 6.326425
v -0.103407 0.530040 6.342384
v -0.109851 0.529712 6.332163
v -0.225135 0.424416 6.449486
v -0.222298 0.424014 6.450209
v -0.224552 0.414062 6.451538
v -0.216348 0.440051 6.454038
v -0.221354 0.418690 6.451051
v -0.222198 0.421020 6.450496
v -0.227483 0.421075 6.449429
v -0.226340 0.424814 6.448556
v -0.190782 0.389590 6.446421
v -0.190286 0.384413 6.446059
v -0.226803 0.414729 6.453759
v -0.229228 0.415946 6.455298
v -0.143589 0.538421 6.401795
v -0.130590 0.537112 6.397217
v -0.225412 0.440287 6.449244
v -0.226363 0.436086 6.450256
v -0.114501 0.406605 6.419329
v -0.111697 0.399329 6.417441
v -0.107512 0.405255 6.415320
v -0.109935 0.411659 6.417012
v -0.178206 0.529772 6.400842
v -0.119174 0.535372 6.389007
v -0.118560 0.527379 6.323851
v -0.172216 0.384253 6.449483
v -0.170741 0.383070 6.449165
v -0.194969 0.376318 6.439172
v -0.214247 0.446096 6.452899
v -0.214033 0.444105 6.449574
v -0.195641 0.497315 6.421023
v -0.229628 0.418773 6.451719
v -0.102890 0.398293 6.410543
v -0.104994 0.402651 6.409225
v -0.103938 0.402468 6.413299
v -0.103560 0.398377 6.413764
v -0.104340 0.395354 6.416749
v -0.102219 0.391567 6.416914
v -0.101079 0.395028 6.416082
v -0.102625 0.398230 6.415296
v -0.108142 0.394105 6.416407
v -0.106264 0.399225 6.416082
v -0.098875 0.389445 6.416318
v -0.098655 0.392239 6.416288
v -0.099244 0.389044 6.408993
v -0.101063 0.387297 6.412537
v -0.096064 0.386845 6.409250
v -0.093020 0.388793 6.414528
v -0.089556 0.388776 6.405560
v -0.087026 0.390546 6.411541
v -0.085416 0.394446 6.402845
v -0.081744 0.394978 6.408396
v -0.118489 0.425475 6.419545
v -0.113542 0.425782 6.416602
v -0.084426 0.401457 6.401772
v -0.079873 0.401475 6.406769
v -0.084991 0.409477 6.402212
v -0.080353 0.409280 6.406695
v -0.086590 0.417700 6.403730
v -0.082923 0.417307 6.407824
v -0.090255 0.425011 6.405796
v -0.087077 0.424144 6.409805
v -0.096158 0.432392 6.409122
v -0.092885 0.429751 6.412155
v -0.086366 0.397194 6.405813
v -0.089678 0.392908 6.408474
v -0.094363 0.395619 6.400327
v -0.093876 0.390947 6.413294
v -0.099073 0.409510 6.405122
v -0.101341 0.410998 6.406065
v -0.102615 0.409860 6.406455
v -0.101537 0.408190 6.405633
v -0.107963 0.415128 6.414622
v -0.109571 0.419939 6.415920
v -0.111776 0.419302 6.418377
v -0.110867 0.425291 6.414712
v -0.111229 0.420131 6.413508
v -0.112361 0.422528 6.414048
v -0.111133 0.416266 6.411455
v -0.109424 0.424657 6.413571
v -0.108995 0.424841 6.415717
v -0.110754 0.424125 6.410292
v -0.111841 0.423856 6.410619
v -0.112479 0.422041 6.408669
v -0.111097 0.417874 6.407032
v -0.116719 0.415935 6.420369
v -0.106197 0.429800 6.403687
v -0.100164 0.421732 6.401588
v -0.099009 0.434516 6.414629
v -0.102607 0.438816 6.412708
v -0.112505 0.439768 6.416821
v -0.108464 0.441185 6.415072
v -0.094671 0.401477 6.400447
v -0.094876 0.407956 6.400882
v -0.112744 0.434940 6.407997
v -0.097005 0.414502 6.400381
v -0.094257 0.425954 6.411978
v -0.099565 0.428414 6.413478
v -0.089711 0.421869 6.409754
v -0.109242 0.427902 6.416748
v -0.104419 0.428962 6.415750
v -0.105111 0.435276 6.416348
v -0.110514 0.434104 6.417196
v -0.100512 0.424821 6.414178
v -0.095783 0.422674 6.413634
v -0.102498 0.423491 6.410701
v -0.097637 0.421910 6.410030
v -0.106554 0.424290 6.412291
v -0.104923 0.425133 6.415288
v -0.104613 0.423093 6.408567
v -0.101375 0.417884 6.406703
v -0.109565 0.423851 6.409759
v -0.094428 0.418110 6.409930
v -0.098309 0.414235 6.405394
v -0.094727 0.411269 6.409589
v -0.092911 0.413768 6.410828
v -0.091813 0.419649 6.412488
v -0.089394 0.415375 6.410706
v -0.086842 0.416353 6.407836
v -0.088314 0.409858 6.408812
v -0.085541 0.409489 6.406066
v -0.091270 0.409555 6.410790
v -0.094218 0.408611 6.410329
v -0.084974 0.402892 6.405006
v -0.088513 0.404481 6.407405
v -0.089025 0.399466 6.407951
v -0.091009 0.405160 6.409657
v -0.092223 0.401456 6.409705
v -0.093564 0.405746 6.410470
v -0.095461 0.403736 6.410303
v -0.099959 0.393758 6.414027
v -0.102346 0.395751 6.414224
v -0.095925 0.393844 6.410988
v -0.098337 0.397016 6.410721
v -0.099806 0.395307 6.410710
v -0.102625 0.396929 6.410457
v -0.101192 0.399659 6.410623
v -0.100786 0.403348 6.410507
v -0.161738 0.563145 6.398523
v -0.169701 0.562274 6.394053
v -0.171255 0.552997 6.395038
v -0.163519 0.552793 6.398925
v -0.095171 0.398993 6.410651
v -0.098532 0.401742 6.410756
v -0.091724 0.395733 6.409598
v -0.097732 0.407169 6.408987
v -0.098423 0.405065 6.410185
v -0.096749 0.406485 6.410191
v -0.096286 0.407746 6.409582
v -0.107572 0.410324 6.412648
v -0.108848 0.412749 6.409789
v -0.105660 0.415699 6.408999
v -0.131629 0.583848 6.402022
v -0.132853 0.574267 6.397055
v -0.115383 0.574471 6.392920
v -0.112587 0.583721 6.397667
v -0.138130 0.601855 6.420078
v -0.113180 0.601128 6.418457
v -0.129812 0.616993 6.432414
v -0.146530 0.617362 6.429606
v -0.142081 0.631532 6.443851
v -0.155816 0.631754 6.439898
v -0.172843 0.672887 6.470028
v -0.185994 0.670158 6.465277
v -0.176164 0.657262 6.457874
v -0.162895 0.659815 6.462317
v -0.188277 0.745770 6.498709
v -0.195218 0.762348 6.492335
v -0.206867 0.755749 6.492300
v -0.198587 0.741454 6.498250
v -0.112852 0.662385 6.469219
v -0.105635 0.644945 6.466402
v -0.102384 0.654870 6.470584
v -0.109130 0.673052 6.470611
v -0.069487 0.584582 6.391081
v -0.089604 0.590179 6.405027
v -0.092092 0.587740 6.396850
v -0.074284 0.580637 6.385906
v -0.135935 0.744180 6.480487
v -0.144855 0.754227 6.483394
v -0.149736 0.744637 6.489189
v -0.142295 0.734701 6.486221
v -0.176295 0.817172 6.458580
v -0.180333 0.835657 6.457384
v -0.198025 0.832714 6.462025
v -0.193190 0.815152 6.462664
v -0.121895 0.807312 6.427402
v -0.109576 0.810526 6.409973
v -0.114110 0.823811 6.406456
v -0.125806 0.821929 6.424549
v -0.150248 0.679654 6.475557
v -0.160656 0.676074 6.473421
v -0.150946 0.662760 6.465877
v -0.141055 0.665790 6.468349
v -0.041054 0.697953 6.591591
v -0.049602 0.712418 6.591151
v -0.055856 0.701497 6.571342
v -0.047249 0.687445 6.572023
v -0.152897 0.906827 6.426146
v -0.143825 0.907339 6.408647
v -0.145743 0.922075 6.410512
v -0.155315 0.920570 6.427960
v -0.058376 0.613421 6.486172
v -0.061697 0.604609 6.476245
v -0.041855 0.595869 6.467001
v -0.039186 0.603031 6.477951
v -0.121557 0.699448 6.473186
v -0.127856 0.691268 6.475317
v -0.120502 0.677024 6.471792
v -0.114934 0.687308 6.471047
v -0.094511 0.786319 6.416014
v -0.104423 0.783946 6.431450
v -0.095446 0.770361 6.431173
v -0.086477 0.772222 6.417367
v -0.112674 0.796695 6.430345
v -0.101742 0.799503 6.413620
v -0.133958 0.686914 6.476557
v -0.141382 0.683313 6.476470
v -0.132601 0.668240 6.470068
v -0.125856 0.670828 6.471520
v -0.200439 0.775660 6.481779
v -0.214403 0.767499 6.481795
v -0.169194 0.918811 6.442832
v -0.186309 0.917197 6.453834
v -0.183248 0.904636 6.452749
v -0.166503 0.905656 6.441738
v -0.205677 0.796810 6.462691
v -0.203260 0.785478 6.469097
v -0.188940 0.789115 6.469151
v -0.190294 0.799833 6.462070
v -0.204878 0.915190 6.460529
v -0.224262 0.913061 6.463651
v -0.221190 0.900865 6.460879
v -0.202142 0.903063 6.458863
v -0.152707 0.645878 6.453639
v -0.166016 0.644476 6.449677
v -0.168391 0.750495 6.495198
v -0.172767 0.766269 6.489377
v -0.183384 0.765279 6.491157
v -0.177842 0.748620 6.497453
v -0.098598 0.702959 6.458160
v -0.104446 0.687616 6.467297
v -0.097226 0.671110 6.471659
v -0.093069 0.693462 6.460097
v -0.144289 0.934577 6.413351
v -0.154296 0.932008 6.431391
v -0.206685 0.924901 6.464725
v -0.226393 0.922718 6.468248
v -0.059066 0.715620 6.443469
v -0.059288 0.720429 6.435759
v -0.066835 0.716629 6.439755
v -0.065857 0.711447 6.446100
v -0.229408 0.731622 6.483284
v -0.216374 0.726082 6.490855
v -0.215215 0.743231 6.492208
v -0.225865 0.752853 6.482323
v -0.174816 0.780269 6.479878
v -0.175076 0.790597 6.468562
v -0.187039 0.779238 6.481157
v -0.241021 0.738178 6.471453
v -0.235874 0.764433 6.466623
v -0.180556 0.644173 6.444546
v -0.190345 0.655599 6.452388
v -0.171367 0.631046 6.436148
v -0.187226 0.630624 6.431523
v -0.179694 0.616119 6.423432
v -0.163799 0.616992 6.427209
v -0.173851 0.601454 6.416418
v -0.157549 0.602240 6.419114
v -0.149846 0.582480 6.403122
v -0.149221 0.573537 6.398072
v -0.109724 0.699857 6.466837
v -0.115135 0.710650 6.468570
v -0.186894 0.927517 6.457766
v -0.033437 0.660248 6.345345
v -0.037503 0.674023 6.339303
v -0.031281 0.672853 6.358699
v -0.027671 0.658898 6.362787
v -0.064008 0.585420 6.398526
v -0.083927 0.590891 6.414235
v -0.039214 0.714797 6.416076
v -0.041827 0.715665 6.401236
v -0.045541 0.720775 6.399974
v -0.043399 0.719343 6.415586
v -0.047892 0.717069 6.442689
v -0.040825 0.720115 6.461286
v -0.036360 0.718611 6.461458
v -0.043497 0.715304 6.444423
v -0.139687 0.922768 6.390851
v -0.138852 0.906771 6.388886
v -0.094217 0.798858 6.353969
v -0.096925 0.805923 6.373004
v -0.087713 0.792637 6.378538
v -0.084060 0.784767 6.360750
v -0.121475 0.658873 6.284604
v -0.124952 0.672723 6.281826
v -0.105356 0.673309 6.289893
v -0.101427 0.659526 6.292861
v -0.056890 0.648148 6.315782
v -0.054181 0.635380 6.319133
v -0.074496 0.636353 6.306488
v -0.077220 0.648242 6.303450
v -0.045062 0.661256 6.327422
v -0.049979 0.674494 6.322216
v -0.079359 0.770566 6.403476
v -0.086774 0.784343 6.399862
v -0.065121 0.751146 6.408660
v -0.071950 0.751447 6.420225
v -0.066977 0.743584 6.422034
v -0.060259 0.743094 6.411954
v -0.078208 0.573764 6.380144
v -0.066546 0.570287 6.364331
v -0.059350 0.577661 6.371628
v -0.079674 0.587718 6.318664
v -0.078609 0.594875 6.315533
v -0.067538 0.593098 6.326258
v -0.072267 0.585581 6.326973
v -0.120931 0.732002 6.281308
v -0.138593 0.730189 6.270171
v -0.145961 0.749243 6.272356
v -0.128156 0.751702 6.283669
v -0.053996 0.733798 6.407788
v -0.053106 0.728643 6.416509
v -0.049868 0.725550 6.413689
v -0.051358 0.730000 6.402514
v -0.053558 0.735473 6.394513
v -0.056532 0.742657 6.388505
v -0.059973 0.748035 6.398252
v -0.056485 0.740223 6.402008
v -0.076332 0.770847 6.368740
v -0.080516 0.778651 6.384318
v -0.073707 0.765343 6.389564
v -0.068854 0.758750 6.376595
v -0.172206 0.810612 6.281398
v -0.157745 0.815600 6.288236
v -0.149072 0.794786 6.285845
v -0.163669 0.791094 6.276704
v -0.069399 0.696983 6.470086
v -0.073937 0.687701 6.476663
v -0.073240 0.693177 6.489873
v -0.066434 0.703570 6.485645
v -0.017676 0.711521 6.467495
v -0.011642 0.712418 6.477955
v -0.009245 0.707380 6.477493
v -0.014370 0.706398 6.466784
v -0.056584 0.721911 6.502224
v -0.064470 0.712891 6.503055
v -0.061122 0.722822 6.523250
v -0.053066 0.733152 6.521297
v -0.041066 0.589889 6.388502
v -0.058979 0.585709 6.405641
v -0.045922 0.585897 6.382260
v -0.047466 0.724991 6.480458
v -0.043247 0.734888 6.498114
v -0.036160 0.736699 6.495105
v -0.041592 0.727749 6.478409
v -0.026260 0.687636 6.589421
v -0.032474 0.677390 6.569795
v -0.039298 0.751176 6.540592
v -0.029328 0.755666 6.537923
v -0.037776 0.745605 6.518969
v -0.045532 0.742194 6.520462
v -0.106042 0.811736 6.348008
v -0.106076 0.818456 6.367032
v -0.141967 0.924434 6.352405
v -0.138946 0.924156 6.371007
v -0.138758 0.906178 6.367918
v -0.141456 0.904308 6.349591
v -0.139830 0.938169 6.392914
v -0.143738 0.940924 6.356560
v -0.139968 0.939022 6.375044
v -0.082801 0.553063 6.360362
v -0.083601 0.551192 6.344789
v -0.075527 0.561823 6.344628
v -0.074521 0.562024 6.360464
v -0.126800 1.042617 6.438380
v -0.133373 1.068319 6.447465
v -0.137365 1.055650 6.467037
v -0.134741 1.031372 6.459320
v -0.094470 0.566960 6.317788
v -0.083555 0.563722 6.330463
v -0.091448 0.552529 6.331946
v -0.101962 0.554796 6.321314
v -0.134578 1.008590 6.451351
v -0.125093 1.016973 6.430058
v -0.095147 0.556447 6.374535
v -0.084791 0.565998 6.376184
v -0.099996 0.571139 6.386479
v -0.107174 0.560722 6.384242
v -0.121116 0.561875 6.392261
v -0.148174 1.040763 6.487614
v -0.147126 1.022603 6.477790
v -0.092765 0.541526 6.351130
v -0.097773 0.541257 6.338233
v -0.105938 0.542361 6.326889
v -0.115515 0.540741 6.317642
v -0.136738 0.953187 6.398010
v -0.141924 0.948619 6.418539
v -0.200463 1.178373 6.447009
v -0.221366 1.186433 6.426518
v -0.235472 1.189939 6.453176
v -0.210169 1.180285 6.473894
v -0.275589 1.176309 6.382092
v -0.290878 1.174135 6.409184
v -0.262787 1.186994 6.431504
v -0.248114 1.186381 6.406191
v -0.212461 1.074287 6.304904
v -0.187105 1.077031 6.319986
v -0.183429 1.053128 6.318201
v -0.207181 1.050157 6.302799
v -0.141987 0.959247 6.360962
v -0.137742 0.956202 6.379929
v -0.152953 0.943682 6.436755
v -0.189946 1.081416 6.584683
v -0.179974 1.112693 6.567726
v -0.194425 1.123538 6.593140
v -0.202406 1.093951 6.609588
v -0.210933 1.174802 6.547841
v -0.196897 1.166951 6.521302
v -0.220707 1.183887 6.499310
v -0.231836 1.189685 6.526652
v -0.246583 0.919671 6.471184
v -0.228703 0.932447 6.473624
v -0.249145 0.929829 6.476419
v -0.299332 0.912638 6.465172
v -0.281395 0.915108 6.470884
v -0.287491 0.924625 6.475712
v -0.305457 0.922071 6.470477
v -0.315286 1.006880 6.482255
v -0.327771 1.005592 6.477862
v -0.323312 0.988204 6.475533
v -0.307673 0.990240 6.478622
v -0.166149 1.013396 6.493677
v -0.187443 1.004392 6.499291
v -0.189791 0.993791 6.490132
v -0.167606 0.999467 6.481790
v -0.302024 1.166184 6.435905
v -0.276543 1.183266 6.456414
v -0.218700 1.066407 6.616508
v -0.205558 1.055244 6.585042
v -0.245906 1.046041 6.617143
v -0.273574 1.039127 6.605543
v -0.261911 1.030005 6.575842
v -0.232385 1.035344 6.583938
v -0.330942 1.074445 6.477292
v -0.319822 1.049134 6.483053
v -0.313346 1.054080 6.488703
v -0.327057 1.077245 6.482367
v -0.246923 1.157375 6.339743
v -0.259854 1.169822 6.357322
v -0.234417 1.179625 6.379597
v -0.220698 1.164426 6.357089
v -0.152070 0.942236 6.341529
v -0.150260 0.962032 6.344113
v -0.161960 0.941913 6.328457
v -0.148185 0.922159 6.336978
v -0.157846 0.919927 6.323404
v -0.115275 0.792438 6.312845
v -0.109102 0.803166 6.329926
v -0.095631 0.789698 6.335181
v -0.099976 0.776915 6.318094
v -0.085059 0.673268 6.298015
v -0.080833 0.660116 6.300796
v -0.259614 1.195409 6.500346
v -0.290078 1.179891 6.475635
v -0.294174 1.192807 6.515543
v -0.266335 1.200470 6.532822
v -0.224133 1.182055 6.573573
v -0.211694 1.161270 6.594852
v -0.196866 1.151086 6.572098
v -0.208779 1.133255 6.621014
v -0.215897 1.103571 6.638369
v -0.259015 1.056768 6.645553
v -0.286952 1.050375 6.632991
v -0.332807 1.082789 6.550846
v -0.319383 1.064059 6.568521
v -0.329189 1.076351 6.591210
v -0.340581 1.095474 6.570443
v -0.276968 1.008517 6.491786
v -0.240496 1.002540 6.493745
v -0.239651 1.010721 6.500439
v -0.269029 1.017931 6.497256
v -0.290628 0.904186 6.461958
v -0.276927 0.905542 6.465567
v -0.265049 0.917339 6.472168
v -0.261878 0.907286 6.467175
v -0.243818 0.910059 6.466007
v -0.260583 0.839131 6.463538
v -0.242250 0.843601 6.465578
v -0.249383 0.860792 6.465263
v -0.267109 0.856849 6.463427
v -0.252985 0.819936 6.463148
v -0.234284 0.824361 6.465798
v -0.237972 0.782775 6.457784
v -0.218743 0.778393 6.468206
v -0.222136 0.790388 6.461420
v -0.195515 0.644410 6.438720
v -0.204452 0.656007 6.446020
v -0.165521 1.026171 6.505423
v -0.318107 1.158525 6.482563
v -0.334530 1.141685 6.496074
v -0.337171 1.156271 6.519288
v -0.319741 1.175565 6.511839
v -0.149071 1.003115 6.469231
v -0.169394 0.929836 6.446939
v -0.168798 0.939796 6.451836
v -0.139814 0.799871 6.446290
v -0.141928 0.818779 6.440100
v -0.203948 0.723925 6.495213
v -0.206354 0.735894 6.496233
v -0.180623 1.142939 6.541536
v -0.271782 1.068574 6.671333
v -0.286347 1.080611 6.697512
v -0.315146 1.076491 6.685810
v -0.300108 1.063127 6.659746
v -0.352182 1.127934 6.581283
v -0.348333 1.109368 6.595878
v -0.356100 1.123451 6.622370
v -0.357631 1.143569 6.607708
v -0.364651 1.155656 6.638014
v -0.365906 1.137081 6.651372
v -0.377441 1.151233 6.679329
v -0.374220 1.168969 6.665295
v -0.233439 1.075798 6.647907
v -0.243918 1.123909 6.689335
v -0.260331 1.099280 6.698854
v -0.246806 1.087635 6.673157
v -0.230351 1.113197 6.663606
v -0.242469 1.195305 6.554447
v -0.346376 1.115394 6.552173
v -0.341700 1.102855 6.533206
v -0.344525 1.179485 6.590173
v -0.328956 1.197285 6.586689
v -0.325206 1.188295 6.551059
v -0.342072 1.167807 6.556644
v -0.248206 1.192647 6.634662
v -0.238317 1.173470 6.654631
v -0.224670 1.165843 6.628224
v -0.236031 1.186063 6.607697
v -0.223580 1.139997 6.647883
v -0.237347 1.150071 6.672739
v -0.274201 1.144916 6.741665
v -0.293625 1.123040 6.750266
v -0.275794 1.110531 6.724653
v -0.258098 1.134405 6.715689
v -0.264014 1.168825 6.725373
v -0.250107 1.159675 6.699011
v -0.251143 1.181363 6.680521
v -0.264266 1.188507 6.706908
v -0.271858 1.203681 6.689089
v -0.260190 1.197739 6.662480
v -0.274650 1.210605 6.644969
v -0.284705 1.214866 6.672524
v -0.292897 1.216192 6.630342
v -0.313955 1.213840 6.621503
v -0.320372 1.218336 6.650558
v -0.300950 1.220030 6.659114
v -0.355227 1.200645 6.648411
v -0.339089 1.211973 6.646773
v -0.333488 1.205025 6.618088
v -0.348864 1.189964 6.621260
v -0.371402 1.223767 6.723639
v -0.353746 1.221444 6.726274
v -0.353928 1.222092 6.717729
v -0.371991 1.222602 6.715503
v -0.336817 1.219561 6.730056
v -0.320703 1.219321 6.736134
v -0.320779 1.219465 6.730051
v -0.337324 1.220066 6.724389
v -0.299861 1.212846 6.754663
v -0.307334 1.217598 6.739932
v -0.308415 1.219112 6.745729
v -0.302333 1.217364 6.759408
v -0.298174 1.215195 6.774762
v -0.294493 1.205975 6.770264
v -0.306366 1.211830 6.790074
v -0.300380 1.196943 6.784586
v -0.315847 1.186107 6.799399
v -0.323829 1.208097 6.803471
v -0.397911 1.201591 6.740197
v -0.402336 1.214836 6.746504
v -0.398426 1.218850 6.733191
v -0.396033 1.209174 6.726855
v -0.394225 1.184413 6.776457
v -0.384428 1.173414 6.797504
v -0.388060 1.204383 6.798666
v -0.394588 1.210757 6.778056
v -0.278137 1.177325 6.749985
v -0.290436 1.156261 6.766585
v -0.283193 1.207995 6.715476
v -0.276456 1.194813 6.732960
v -0.362415 1.211135 6.674169
v -0.345219 1.218829 6.674292
v -0.387602 1.167635 6.705644
v -0.384023 1.183532 6.690475
v -0.352270 1.145517 6.799224
v -0.337390 1.126259 6.773483
v -0.311526 1.137022 6.776074
v -0.326306 1.154088 6.800568
v -0.290906 1.186779 6.770828
v -0.286797 1.200430 6.755260
v -0.292277 1.211039 6.738237
v -0.301634 1.218426 6.723491
v -0.316102 1.221306 6.712642
v -0.332402 1.221879 6.703867
v -0.349761 1.222300 6.697564
v -0.368164 1.218328 6.697486
v -0.390586 1.197499 6.711512
v -0.393009 1.185171 6.726657
v -0.366862 1.201314 6.814527
v -0.362489 1.169922 6.814632
v -0.336102 1.175224 6.814211
v -0.340373 1.203939 6.816292
v -0.368330 1.232888 6.808112
v -0.387325 1.231657 6.794662
v -0.334533 1.226405 6.727101
v -0.320306 1.226368 6.732810
v -0.308247 1.227881 6.742274
v -0.298261 1.230972 6.772015
v -0.311036 1.234472 6.788711
v -0.327332 1.237404 6.803404
v -0.344708 1.231158 6.812598
v -0.390170 1.248083 6.722610
v -0.394387 1.230084 6.732246
v -0.399430 1.228834 6.744505
v -0.395453 1.250876 6.736704
v -0.364337 1.244673 6.709845
v -0.347337 1.242563 6.707521
v -0.350930 1.227493 6.724765
v -0.366743 1.229839 6.723587
v -0.329427 1.241538 6.711062
v -0.314337 1.242793 6.718978
v -0.301686 1.244396 6.729842
v -0.296617 1.254877 6.762618
v -0.299666 1.228579 6.755939
v -0.293807 1.248504 6.744779
v -0.313246 1.264271 6.782355
v -0.334938 1.302507 6.782012
v -0.337148 1.270476 6.794617
v -0.309684 1.295830 6.771244
v -0.358142 1.388592 6.728029
v -0.334725 1.389369 6.735720
v -0.337436 1.418112 6.715995
v -0.357461 1.418492 6.708464
v -0.393904 1.277315 6.723868
v -0.388101 1.272326 6.707705
v -0.361930 1.265725 6.689390
v -0.343381 1.263053 6.687015
v -0.287392 1.312407 6.737419
v -0.292837 1.283606 6.751718
v -0.288922 1.274020 6.730499
v -0.283089 1.301729 6.714452
v -0.398770 1.364547 6.677457
v -0.392587 1.357778 6.659142
v -0.391577 1.327851 6.674363
v -0.399074 1.334871 6.692380
v -0.343051 1.288153 6.667521
v -0.362453 1.291185 6.671103
v -0.363155 1.319303 6.654852
v -0.343268 1.316179 6.650409
v -0.289732 1.373236 6.704180
v -0.285725 1.342532 6.721044
v -0.280301 1.331996 6.698494
v -0.283539 1.364023 6.682841
v -0.333335 1.332465 6.767909
v -0.305252 1.324595 6.757768
v -0.305228 1.352823 6.741925
v -0.332020 1.361385 6.752244
v -0.359480 1.331662 6.760452
v -0.357934 1.360138 6.745234
v -0.381519 1.424694 6.636424
v -0.388890 1.390714 6.646993
v -0.392555 1.397974 6.663702
v -0.384974 1.431210 6.649027
v -0.343542 1.347003 6.635304
v -0.363774 1.349283 6.638611
v -0.362144 1.382496 6.627221
v -0.343827 1.380710 6.625347
v -0.304597 1.438551 6.671147
v -0.296763 1.404946 6.688328
v -0.290916 1.397305 6.668458
v -0.299858 1.431005 6.652441
v -0.339476 1.449446 6.694753
v -0.314047 1.412368 6.707764
v -0.318738 1.445522 6.687715
v -0.343480 1.480750 6.675919
v -0.359194 1.479480 6.671474
v -0.357733 1.449320 6.688618
v -0.378298 1.463015 6.635336
v -0.376645 1.457745 6.623501
v -0.362577 1.450538 6.612112
v -0.348402 1.448118 6.609125
v -0.345115 1.415155 6.618591
v -0.361035 1.417204 6.620617
v -0.313354 1.420614 6.627557
v -0.328215 1.416425 6.621084
v -0.332495 1.449185 6.610876
v -0.318933 1.453417 6.616818
v -0.309681 1.461535 6.639471
v -0.303451 1.425076 6.638615
v -0.312159 1.457973 6.623646
v -0.312669 1.469977 6.654602
v -0.324906 1.477289 6.670098
v -0.324319 1.135073 6.462697
v -0.333086 1.117814 6.480984
v -0.332387 1.127729 6.486363
v -0.317893 1.142787 6.468330
v -0.350046 1.103197 6.643951
v -0.338752 1.089287 6.616201
v -0.375400 1.133171 6.698523
v -0.363116 1.116999 6.672616
v -0.386413 1.151731 6.723334
v -0.393043 1.172884 6.744823
v -0.397293 1.193924 6.757247
v -0.399332 1.212561 6.760592
v -0.397376 1.232662 6.758942
v -0.394178 1.258195 6.752045
v -0.393184 1.313231 6.728397
v -0.395949 1.305721 6.708526
v -0.391901 1.285581 6.741281
v -0.393510 1.373237 6.697650
v -0.394682 1.342590 6.713681
v -0.387406 1.406075 6.679666
v -0.381516 1.439227 6.662369
v -0.375421 1.469516 6.648648
v -0.278404 1.030414 6.541494
v -0.301615 1.046359 6.531843
v -0.295451 1.040606 6.516176
v -0.270863 1.025997 6.521658
v -0.336072 1.097723 6.468383
v -0.334800 1.086782 6.474178
v -0.331864 1.089574 6.478334
v -0.333497 1.099383 6.472996
v -0.304738 1.169775 6.787498
v -0.293889 1.217996 6.700625
v -0.309514 1.221444 6.688726
v -0.327295 1.221339 6.680303
v -0.389603 1.158728 6.766250
v -0.379351 1.136226 6.743975
v -0.362802 1.125757 6.761709
v -0.376870 1.146347 6.785194
v -0.362741 1.306076 6.771605
v -0.378770 1.323606 6.744338
v -0.381068 1.296813 6.758434
v -0.365163 1.280940 6.786225
v -0.307222 1.263719 6.700426
v -0.294571 1.267290 6.713146
v -0.321493 1.287177 6.671383
v -0.302291 1.288769 6.680934
v -0.324831 1.261515 6.691433
v -0.352125 1.100347 6.694373
v -0.331101 1.090765 6.711009
v -0.347925 1.107109 6.736061
v -0.366622 1.116861 6.718221
v -0.136652 0.886975 6.365679
v -0.139097 0.882632 6.348342
v -0.150752 0.773900 6.475841
v -0.146467 0.785543 6.462865
v -0.160516 0.789905 6.466489
v -0.162886 0.778845 6.478006
v -0.135551 0.777753 6.461387
v -0.140494 0.766077 6.474151
v -0.130963 0.756067 6.471796
v -0.125576 0.767845 6.460194
v -0.091590 0.712997 6.449222
v -0.087142 0.705320 6.449429
v -0.245230 0.800890 6.461284
v -0.263771 0.796924 6.453676
v -0.256636 0.779816 6.450682
v -0.268892 0.927481 6.477663
v -0.266318 0.991107 6.484434
v -0.299663 1.007299 6.486518
v -0.288717 0.989619 6.482000
v -0.335790 1.053423 6.476340
v -0.144997 0.821462 6.298903
v -0.136440 0.800540 6.297742
v -0.097780 0.647249 6.296143
v -0.118208 0.645423 6.287569
v -0.094304 0.625046 6.299912
v -0.094022 0.614272 6.301278
v -0.112879 0.612614 6.293850
v -0.114065 0.623207 6.292091
v -0.111945 0.551933 6.313477
v -0.109699 0.566049 6.307752
v -0.333522 1.110935 6.464289
v -0.333113 1.102594 6.476547
v -0.331809 1.117701 6.463754
v -0.325542 1.071674 6.535454
v -0.336034 1.090490 6.521085
v -0.330596 1.081862 6.510869
v -0.318749 1.064279 6.521905
v -0.179084 1.068305 6.560884
v -0.166824 1.097183 6.544250
v -0.248282 1.189839 6.478157
v -0.013294 0.772072 6.583467
v -0.001411 0.770846 6.582951
v -0.009366 0.764436 6.558584
v -0.021106 0.764913 6.559861
v -0.101608 0.734542 6.293806
v -0.107496 0.758265 6.300290
v -0.094960 0.580103 6.389781
v -0.052189 0.587062 6.421381
v -0.071431 0.589770 6.435978
v -0.074566 0.590283 6.428020
v -0.055420 0.586281 6.412963
v -0.022066 0.642457 6.379982
v -0.022340 0.626147 6.384577
v -0.024941 0.626650 6.372787
v -0.025234 0.643752 6.366911
v -0.218703 1.097478 6.308577
v -0.192952 1.101350 6.323091
v -0.179039 0.885819 6.298122
v -0.165264 0.892293 6.307299
v -0.159619 0.868287 6.303533
v -0.172901 0.861280 6.294532
v -0.085969 0.750048 6.313954
v -0.085213 0.764828 6.327059
v -0.237427 0.713844 6.471503
v -0.230356 0.695053 6.466488
v -0.217501 0.694769 6.474192
v -0.224968 0.711314 6.480161
v 0.002553 0.735267 6.524478
v -0.010439 0.734047 6.503712
v -0.019791 0.743743 6.510769
v -0.007994 0.750812 6.531185
v -0.165200 1.128763 6.512982
v -0.184193 1.160468 6.496249
v -0.120028 0.855258 6.383608
v -0.118794 0.851041 6.361852
v -0.128755 0.869472 6.363437
v -0.129608 0.873042 6.384355
v -0.101972 0.810113 6.391653
v -0.108190 0.822681 6.388050
v -0.093532 0.797927 6.395638
v -0.048154 0.718983 6.430108
v -0.053028 0.721018 6.431719
v -0.053191 0.717802 6.442210
v -0.309916 1.054279 6.549198
v -0.293113 1.031852 6.495287
v -0.301296 1.026544 6.490572
v -0.335418 1.106630 6.463442
v -0.113857 0.549012 6.385991
v -0.126123 0.550164 6.393936
v -0.053092 0.719116 6.482091
v -0.049799 0.729771 6.500386
v -0.064233 0.736304 6.423775
v -0.072301 0.731926 6.433168
v -0.070671 0.724539 6.434928
v -0.063451 0.729120 6.427803
v -0.057454 0.730030 6.422004
v -0.058054 0.736551 6.415170
v -0.118291 0.655154 6.466500
v -0.124165 0.652032 6.463627
v -0.115478 0.636394 6.457901
v -0.109679 0.639508 6.462497
v -0.131762 0.650424 6.460254
v -0.141062 0.648352 6.457055
v -0.130568 0.632936 6.447515
v -0.121669 0.634620 6.452219
v -0.112139 0.589613 6.407768
v -0.133103 0.589794 6.412479
v -0.152676 0.590280 6.412104
v -0.168868 0.589454 6.410752
v -0.106967 0.579062 6.303795
v -0.109631 0.592147 6.299965
v -0.093821 0.592948 6.307776
v -0.089683 0.580919 6.313890
v -0.136426 0.560379 6.396989
v -0.149898 0.562808 6.398139
v -0.162671 0.572744 6.399119
v -0.011528 0.685382 6.585527
v -0.017429 0.674833 6.566894
v -0.095634 0.542145 6.364620
v -0.104040 0.545674 6.375887
v -0.002960 0.678314 6.562306
v 0.003137 0.690257 6.581751
v -0.095607 0.603713 6.434583
v -0.078950 0.590974 6.421082
v -0.090634 0.603607 6.440692
v -0.139568 0.548860 6.399153
v -0.152417 0.551816 6.400227
v -0.157094 1.077614 6.520658
v -0.169407 1.056565 6.535598
v -0.162882 0.890876 6.439562
v -0.149971 0.891470 6.424414
v -0.278239 0.834986 6.457050
v -0.283380 0.853045 6.456817
v -0.174846 0.542193 6.397636
v -0.275093 0.891794 6.462734
v -0.291864 0.890649 6.455657
v -0.287576 0.871235 6.455727
v -0.271701 0.874657 6.462751
v -0.302198 0.905619 6.457478
v -0.305938 0.910543 6.460296
v -0.322155 1.020547 6.480601
v -0.331944 1.019739 6.477497
v -0.059472 0.657894 6.519437
v -0.063049 0.649092 6.506529
v -0.051890 0.632994 6.506348
v -0.047024 0.643711 6.518660
v -0.258804 0.893946 6.464828
v -0.239924 0.897417 6.462921
v -0.103943 0.712903 6.458531
v -0.096058 0.722772 6.449002
v -0.253508 0.762443 6.455337
v -0.211126 0.710127 6.487427
v -0.203972 0.695648 6.480917
v -0.190974 0.697430 6.485457
v -0.198066 0.710275 6.491875
v -0.333557 1.113219 6.457806
v 0.002801 0.673198 6.473999
v 0.000473 0.670430 6.460885
v -0.002203 0.680937 6.462163
v 0.000689 0.683174 6.475387
v -0.339068 1.109559 6.505186
v -0.342488 1.121748 6.517227
v -0.309775 1.156003 6.452848
v -0.321616 1.144490 6.445995
v -0.310435 1.058118 6.614413
v -0.298643 1.046717 6.587578
v -0.323643 1.072483 6.640084
v -0.337474 1.085912 6.667967
v -0.392345 1.237116 6.775330
v -0.384667 1.267621 6.772874
v -0.376888 1.351626 6.728741
v -0.375092 1.380852 6.712031
v -0.372864 1.412141 6.693715
v -0.370552 1.444775 6.674588
v -0.369018 1.475191 6.660728
v 0.014935 0.700113 6.579454
v 0.010412 0.689055 6.557594
v 0.018191 0.704769 6.555606
v 0.023031 0.713326 6.579130
v -0.048057 0.743933 6.542190
v -0.056388 0.733336 6.544104
v -0.050499 0.743225 6.564141
v -0.041907 0.753104 6.562138
v -0.035095 0.762968 6.583136
v -0.024357 0.769560 6.582881
v -0.032008 0.760609 6.560494
v 0.010067 0.763557 6.581033
v 0.018273 0.752719 6.580065
v 0.012172 0.745820 6.554074
v 0.001861 0.758497 6.556589
v 0.025889 0.727909 6.578873
v 0.020175 0.720411 6.554876
v 0.017773 0.733792 6.554565
v 0.023569 0.741344 6.579549
v -0.052754 0.727668 6.589395
v -0.050856 0.741879 6.587133
v -0.056848 0.730741 6.567183
v -0.058371 0.717077 6.569280
v -0.034312 0.622213 6.501686
v -0.030414 0.634339 6.515675
v -0.083548 0.684623 6.461986
v -0.088940 0.670988 6.472654
v -0.081318 0.670657 6.476230
v -0.080877 0.684915 6.463377
v -0.038211 0.666235 6.550364
v -0.042643 0.654676 6.532767
v -0.027031 0.648885 6.530645
v -0.023098 0.663135 6.547941
v -0.063575 0.706738 6.548686
v -0.062377 0.720949 6.546443
v -0.067161 0.711171 6.525776
v -0.068414 0.697245 6.529057
v -0.018901 0.756349 6.535726
v -0.028777 0.746689 6.515253
v -0.070756 0.664968 6.504030
v -0.068287 0.673368 6.517034
v -0.108785 0.722970 6.460938
v -0.081042 0.748348 6.431731
v -0.075939 0.739655 6.432255
v -0.162976 0.765100 6.487527
v -0.160802 0.751201 6.492597
v -0.116196 0.777253 6.446069
v -0.106281 0.764687 6.444754
v -0.154119 0.761415 6.485610
v -0.155261 0.751818 6.489982
v -0.209986 0.811450 6.464686
v -0.165054 0.580978 6.403175
v -0.056601 0.667240 6.534084
v -0.064923 0.682374 6.532132
v -0.020635 0.730117 6.488348
v -0.029919 0.725243 6.474885
v -0.035527 0.727108 6.476248
v -0.028629 0.735435 6.491937
v -0.058587 0.733862 6.342894
v -0.070635 0.742516 6.327558
v -0.072101 0.753832 6.338869
v -0.061612 0.742781 6.351823
v 0.004365 0.656951 6.478337
v 0.002754 0.649508 6.485915
v 0.001143 0.639313 6.470543
v 0.002667 0.650207 6.464644
v -0.004276 0.628832 6.479719
v -0.002361 0.641225 6.497268
v -0.013486 0.634769 6.508437
v -0.016052 0.621768 6.492393
v -0.141662 1.092036 6.457144
v -0.143764 1.075746 6.481989
v -0.187407 0.937411 6.462917
v -0.208014 0.935181 6.469627
v -0.240009 0.990622 6.491179
v -0.314666 1.056489 6.500110
v -0.329076 1.077383 6.492763
v -0.345743 1.136084 6.535558
v -0.150057 1.061091 6.500677
v -0.349995 1.148004 6.567549
v -0.353792 1.160524 6.598843
v -0.307088 1.209454 6.589914
v -0.284357 1.212193 6.601064
v -0.275166 1.207609 6.566907
v -0.299810 1.203937 6.552786
v -0.264145 1.205949 6.616679
v -0.253601 1.201115 6.584725
v -0.319999 1.109361 6.747331
v -0.321197 1.315332 6.653327
v -0.303065 1.350643 6.647030
v -0.300740 1.317621 6.663208
v -0.322396 1.347267 6.638384
v -0.286569 1.323119 6.678648
v -0.289135 1.293441 6.695161
v -0.309433 1.381879 6.725767
v -0.324412 1.381704 6.628873
v -0.307666 1.385470 6.637452
v -0.288909 1.355995 6.663817
v -0.295837 1.390616 6.651597
v -0.335687 1.100839 6.495923
v -0.199795 1.042975 6.566668
v -0.192236 1.033395 6.542463
v -0.240480 1.014426 6.512650
v -0.267767 1.021584 6.507780
v -0.217379 0.885888 6.460557
v -0.198330 0.888530 6.458162
v -0.186844 0.854432 6.456169
v -0.168745 0.856039 6.449110
v -0.174757 0.873580 6.449258
v -0.193178 0.872092 6.456542
v -0.137215 0.857562 6.423275
v -0.126073 0.857216 6.404288
v -0.134681 0.874798 6.404880
v -0.144697 0.874982 6.423113
v -0.141081 0.891297 6.406369
v -0.137070 0.890706 6.386283
v -0.142183 0.851060 6.313385
v -0.134910 0.857657 6.328206
v -0.126805 0.836195 6.325980
v -0.134807 0.828607 6.311699
v -0.311188 1.021331 6.485035
v -0.331889 1.091526 6.483821
v -0.287849 1.037387 6.563113
v -0.251212 1.022492 6.549921
v -0.222137 1.026768 6.556110
v -0.058979 0.711442 6.483485
v -0.044278 0.716919 6.385670
v -0.048049 0.723595 6.386473
v -0.000820 0.657197 6.514799
v -0.011551 0.650908 6.524298
v -0.072159 0.688231 6.512311
v -0.056014 0.623170 6.496047
v -0.068069 0.639766 6.496108
v -0.072507 0.631828 6.488535
v -0.213161 1.001547 6.501339
v -0.187500 1.014766 6.512671
v -0.211602 1.009746 6.505991
v -0.327538 1.136377 6.447863
v -0.292932 1.035640 6.504179
v -0.359885 1.172867 6.628602
v -0.368203 1.185693 6.655519
v -0.376264 1.198799 6.679187
v -0.382644 1.209522 6.701544
v -0.387210 1.217671 6.718548
v -0.387287 1.224647 6.727119
v -0.383527 1.231638 6.727415
v -0.379466 1.246437 6.715921
v -0.389246 1.299961 6.690138
v -0.377921 1.295501 6.678984
v -0.377610 1.268903 6.697196
v -0.378860 1.324039 6.662080
v -0.380146 1.353442 6.646190
v -0.376416 1.386520 6.633235
v -0.371491 1.421086 6.625202
v -0.370316 1.454151 6.615518
v -0.333187 1.119404 6.455354
v -0.330351 1.127993 6.451416
v -0.101959 0.604201 6.427436
v -0.081504 0.723257 6.441552
v -0.078691 0.716749 6.441822
v -0.075502 0.679919 6.497269
v 0.012827 0.713409 6.533491
v 0.012951 0.696632 6.534083
v -0.071149 0.701850 6.506024
v -0.080601 0.697150 6.451965
v -0.079185 0.696025 6.453764
v -0.064497 0.665675 6.683127
v -0.056478 0.664423 6.692492
v -0.072943 0.656022 6.696634
v -0.080459 0.658149 6.687912
v -0.074031 0.671090 6.677032
v -0.088727 0.664285 6.682419
v -0.098520 0.714362 6.702772
v -0.097454 0.708491 6.691565
v -0.109545 0.697425 6.699667
v -0.110366 0.702284 6.710757
v -0.110728 0.665326 6.687327
v -0.115425 0.673326 6.691172
v -0.102337 0.682071 6.684510
v -0.096678 0.672679 6.681570
v -0.086221 0.714042 6.726318
v -0.076399 0.708773 6.732696
v -0.064543 0.722903 6.726461
v -0.075496 0.727783 6.719188
v -0.051860 0.751313 6.664320
v -0.050539 0.760348 6.673747
v -0.042948 0.764478 6.664251
v -0.044562 0.754247 6.656029
v -0.033652 0.680084 6.672328
v -0.024387 0.682252 6.682803
v -0.039816 0.673440 6.687706
v -0.048699 0.673215 6.677608
v -0.063766 0.705094 6.662026
v -0.070376 0.717383 6.666244
v -0.057494 0.724977 6.658559
v -0.051019 0.712870 6.655457
v -0.017894 0.689159 6.667348
v -0.008952 0.692661 6.676923
v -0.089263 0.690081 6.676929
v -0.094106 0.700223 6.682851
v -0.082556 0.709406 6.674332
v -0.076935 0.697823 6.669419
v -0.109945 0.687199 6.736777
v -0.101520 0.681913 6.741085
v -0.088685 0.695173 6.737280
v -0.097918 0.700261 6.732093
v -0.118712 0.680187 6.698253
v -0.121473 0.686155 6.706954
v -0.106133 0.690422 6.691058
v -0.081266 0.652916 6.721877
v -0.084202 0.649181 6.710703
v -0.067365 0.658792 6.707275
v -0.064605 0.663665 6.718998
v -0.075128 0.736641 6.684418
v -0.074131 0.728528 6.674176
v -0.085867 0.718894 6.682942
v -0.086826 0.725738 6.694039
v -0.044278 0.684905 6.664397
v -0.059168 0.677957 6.670598
v -0.048854 0.674266 6.715796
v -0.050850 0.668627 6.704007
v -0.035111 0.678698 6.699848
v -0.032812 0.686228 6.711894
v -0.021202 0.709968 6.717963
v -0.029770 0.721276 6.722631
v -0.042828 0.706338 6.727625
v -0.035356 0.695751 6.722361
v -0.062687 0.745723 6.674213
v -0.060926 0.752314 6.685639
v -0.064225 0.741553 6.710069
v -0.052939 0.737719 6.718714
v -0.041952 0.752248 6.708608
v -0.053754 0.754613 6.698452
v -0.018566 0.709017 6.641945
v -0.005577 0.703531 6.646792
v -0.015795 0.698416 6.652615
v -0.028995 0.705456 6.647989
v -0.003756 0.697771 6.660833
v 0.007398 0.706636 6.654551
v 0.027250 0.725430 6.642508
v 0.030794 0.737010 6.647404
v 0.027578 0.732579 6.659827
v 0.022007 0.721096 6.653608
v 0.005776 0.742351 6.707247
v -0.003733 0.755622 6.708587
v -0.017152 0.737660 6.716699
v -0.007651 0.725671 6.714208
v -0.009998 0.778504 6.690864
v -0.024320 0.776510 6.682705
v -0.031510 0.765832 6.696138
v -0.017433 0.763431 6.703866
v -0.011680 0.783270 6.624014
v -0.023202 0.779253 6.623359
v -0.021258 0.782292 6.639059
v -0.009607 0.786570 6.642546
v -0.036831 0.762691 6.633673
v -0.040060 0.758585 6.622638
v -0.041406 0.745341 6.623055
v -0.037968 0.749496 6.632846
v -0.001955 0.703134 6.619965
v 0.013149 0.707192 6.616393
v 0.013613 0.708114 6.624855
v -0.001401 0.706953 6.625894
v 0.017651 0.756658 6.697690
v 0.007525 0.775194 6.698173
v -0.035324 0.764893 6.643881
v -0.036693 0.752711 6.640559
v -0.039340 0.754777 6.648459
v -0.037400 0.766068 6.653759
v -0.026703 0.726730 6.635414
v -0.017177 0.716721 6.633048
v -0.021025 0.718276 6.634721
v -0.030576 0.729576 6.638456
v -0.002591 0.707671 6.630100
v 0.011075 0.707402 6.632774
v 0.004914 0.706554 6.637871
v -0.008861 0.709022 6.634336
v 0.023964 0.765141 6.685735
v 0.027214 0.751090 6.679319
v 0.029411 0.758497 6.667836
v 0.024909 0.771561 6.673043
v -0.007870 0.785938 6.675033
v -0.020650 0.782815 6.668787
v -0.037545 0.731472 6.645455
v -0.043359 0.743373 6.649013
v -0.037324 0.741734 6.643582
v 0.015971 0.711920 6.644071
v -0.000111 0.784903 6.624829
v 0.010960 0.783039 6.625647
v 0.006645 0.778003 6.605742
v -0.004557 0.779905 6.605919
v -0.016063 0.778138 6.605730
v -0.028220 0.772809 6.605981
v -0.044400 0.751407 6.607062
v -0.046330 0.737900 6.608364
v -0.042821 0.722686 6.609771
v -0.033969 0.708478 6.609849
v -0.028134 0.716636 6.623860
v -0.037367 0.730726 6.623436
v -0.006581 0.695244 6.604739
v 0.008460 0.700212 6.600826
v 0.023103 0.716148 6.616530
v 0.019950 0.710449 6.600080
v -0.029427 0.775911 6.648099
v -0.030892 0.774121 6.635875
v -0.050290 0.682514 6.726374
v -0.056857 0.692013 6.732361
v -0.071498 0.679169 6.735645
v -0.065833 0.670326 6.729097
v -0.093329 0.674695 6.741330
v -0.079643 0.687625 6.738156
v -0.082426 0.679591 6.674931
v -0.068744 0.686747 6.668070
v -0.104001 0.657178 6.687796
v -0.029300 0.719675 6.640845
v -0.038645 0.718160 6.647392
v 0.031743 0.750254 6.651048
v 0.032344 0.739856 6.634611
v 0.031977 0.752538 6.638208
v 0.021119 0.740931 6.688417
v 0.010409 0.727584 6.696057
v 0.008912 0.714723 6.682219
v 0.021604 0.729134 6.673749
v 0.023567 0.775512 6.660093
v 0.029672 0.763233 6.655833
v 0.029002 0.764611 6.641430
v 0.022525 0.776451 6.644161
v -0.017440 0.707629 6.623260
v -0.016271 0.713766 6.628849
v 0.030560 0.735592 6.602429
v 0.032389 0.739200 6.619949
v 0.029406 0.727143 6.618730
v 0.027629 0.722820 6.601811
v 0.029209 0.727849 6.631090
v 0.029340 0.747659 6.603045
v 0.031540 0.751372 6.622044
v -0.021506 0.698586 6.608049
v 0.020492 0.774408 6.624984
v 0.027473 0.763036 6.623875
v 0.024240 0.759067 6.603956
v 0.016496 0.770200 6.604784
v -0.066123 0.701171 6.733953
v -0.053366 0.715251 6.728838
v -0.036311 0.772514 6.673610
v -0.043976 0.766036 6.685506
v -0.031315 0.775741 6.661235
v -0.094544 0.715797 6.715950
v -0.105954 0.702930 6.722995
v -0.072313 0.741234 6.697521
v -0.083390 0.728903 6.707431
v -0.017822 0.698815 6.707781
v 0.003170 0.788094 6.663014
v -0.008419 0.787805 6.659305
v 0.005288 0.785715 6.679866
v -0.038557 0.762647 6.605744
v -0.033793 0.770635 6.622875
v 0.018201 0.776260 6.688606
v -0.044738 0.752368 6.585082
v 0.015668 0.715491 6.661299
v 0.021143 0.714795 6.637704
v 0.023322 0.717027 6.627469
v -0.089212 0.647630 6.700409
v -0.055227 0.693711 6.661180
v -0.046182 0.730309 6.650908
v -0.050126 0.741513 6.656284
v 0.014139 0.784255 6.663293
v 0.012874 0.785202 6.645875
v 0.001818 0.787647 6.645190
v -0.026491 0.722436 6.631173
v -0.034817 0.735791 6.632330
v -0.117165 0.690226 6.728659
v -0.034140 0.739366 6.638391
v 0.003900 0.704086 6.670728
v -0.115454 0.634129 6.290192
v -0.126215 0.788810 6.446289
v -0.174873 0.800484 6.460115
v -0.158880 0.801191 6.455404
v -0.091938 0.741715 6.442157
v -0.086480 0.731546 6.442031
v -0.075269 0.709087 6.445221
v -0.073351 0.706118 6.449218
v -0.115786 0.756604 6.457960
v -0.088748 0.391656 6.394947
v -0.089027 0.399054 6.392715
v -0.086146 0.380092 6.395936
v -0.300073 0.898118 6.452433
v -0.101352 0.406220 6.406655
v -0.100124 0.412890 6.405575
v -0.096535 0.409623 6.407425
v -0.103645 0.404726 6.406865
v -0.104170 0.403943 6.407699
v -0.091220 0.376012 6.403485
v -0.091187 0.407434 6.392539
v -0.094530 0.416086 6.394108
v -0.099042 0.386852 6.409441
v -0.187453 0.962081 6.308941
v -0.204682 0.959272 6.297161
v -0.204656 0.980882 6.298050
v -0.185525 0.984584 6.310056
v -0.205376 1.004479 6.299170
v -0.127355 1.040348 6.385735
v -0.121801 1.029034 6.407531
v -0.122574 1.007918 6.398400
v -0.126675 1.017307 6.376963
v -0.127146 0.982172 6.413022
v -0.125485 0.989811 6.389944
v -0.125871 0.998157 6.421642
v -0.136434 0.990130 6.442910
v -0.136751 0.974660 6.434793
v -0.150891 0.985100 6.460429
v -0.151361 0.969089 6.452830
v -0.168923 0.982375 6.473522
v -0.190047 0.979214 6.481338
v -0.211922 0.991319 6.488052
v -0.237675 0.976639 6.483252
v -0.213639 0.977545 6.483978
v -0.283002 0.973771 6.479959
v -0.261385 0.975578 6.481919
v -0.318643 0.969216 6.474319
v -0.302005 0.971569 6.477875
v -0.118002 0.617141 6.437385
v -0.057148 0.580742 6.353481
v -0.049700 0.589089 6.356755
v -0.053153 0.582925 6.375673
v -0.030869 0.645073 6.349998
v -0.030265 0.627525 6.358217
v -0.040087 0.632478 6.337607
v -0.042200 0.646548 6.332588
v -0.060489 0.587611 6.339008
v -0.066864 0.582002 6.335976
v -0.053611 0.597005 6.339170
v -0.078613 0.604029 6.311491
v -0.063382 0.602038 6.323699
v -0.036439 0.593928 6.406136
v -0.026020 0.608762 6.392869
v -0.024179 0.608838 6.403656
v -0.033072 0.594119 6.416958
v -0.024068 0.657328 6.376989
v -0.027586 0.671455 6.374584
v -0.023860 0.669613 6.386598
v -0.020884 0.655637 6.387919
v -0.024823 0.597885 6.452596
v -0.014649 0.608658 6.438885
v -0.010687 0.612297 6.452205
v -0.021662 0.603591 6.465087
v -0.019647 0.639645 6.391252
v -0.083499 0.732872 6.306707
v -0.068558 0.728358 6.320783
v -0.055989 0.723535 6.336297
v -0.040499 0.710029 6.385746
v -0.043408 0.712110 6.370688
v -0.047358 0.720732 6.372390
v -0.037108 0.709033 6.400285
v -0.033861 0.707869 6.413336
v -0.080766 0.651370 6.485104
v -0.086891 0.647238 6.481266
v -0.077369 0.623808 6.480184
v -0.032587 0.707624 6.442863
v -0.034923 0.709069 6.430047
v -0.038284 0.712249 6.431818
v -0.036249 0.710831 6.443981
v -0.039187 0.592452 6.396649
v -0.005578 0.625732 6.442502
v -0.010474 0.623431 6.428934
v -0.009760 0.638245 6.424841
v -0.004553 0.640673 6.438291
v -0.005502 0.653082 6.435624
v -0.010172 0.652188 6.422087
v -0.012099 0.665890 6.420754
v -0.007477 0.665596 6.433857
v -0.027977 0.703494 6.442852
v -0.030913 0.704551 6.426601
v -0.037365 0.611740 6.489623
v -0.046592 0.586784 6.443516
v -0.067019 0.592398 6.455500
v -0.069390 0.590049 6.445563
v -0.048862 0.586642 6.432233
v -0.057062 0.711267 6.462454
v -0.062943 0.705087 6.464005
v -0.050886 0.716898 6.461025
v -0.043394 0.716056 6.431303
v -0.045768 0.719955 6.461368
v -0.077366 0.673346 6.484127
v -0.074617 0.657817 6.491621
v -0.083721 0.610387 6.462793
v -0.085537 0.605865 6.454741
v -0.019106 0.611014 6.478046
v -0.007286 0.619055 6.465665
v -0.024799 0.709845 6.456974
v -0.028252 0.713391 6.458624
v -0.020824 0.716389 6.469517
v -0.046348 0.722813 6.415005
v -0.041522 0.713865 6.432780
v -0.029394 0.592485 6.428749
v -0.001970 0.631134 6.455629
v -0.000759 0.645336 6.450563
v -0.014075 0.652902 6.409296
v -0.013678 0.638227 6.411819
v -0.016996 0.639136 6.400448
v -0.017642 0.654084 6.398037
v -0.003101 0.666531 6.446597
v -0.006544 0.679418 6.448645
v -0.019976 0.667773 6.398443
v -0.016161 0.666400 6.409503
v -0.020625 0.704973 6.455091
v -0.087271 0.603785 6.447065
v -0.099574 0.621172 6.455840
v -0.104525 0.619403 6.450719
v -0.095131 0.631715 6.468020
v -0.097280 0.625055 6.461230
v -0.092276 0.640702 6.475666
v -0.110142 0.618755 6.444347
v 0.016508 0.781986 6.676613
v -0.024566 0.721083 6.472256
v -0.015951 0.723542 6.484123
v -0.013669 0.717564 6.480110
v 0.010372 0.724903 6.531087
v -0.222592 0.457754 6.447956
v -0.224535 0.452116 6.449038
v -0.225846 0.432992 6.449186
v -0.225702 0.428954 6.448262
v 0.030182 0.745779 6.662819
v 0.026811 0.742148 6.672592
v -0.003156 0.712698 6.702253
v -0.019354 0.689472 6.694815
v -0.004722 0.701143 6.688361
v -0.029779 0.691751 6.657817
v -0.041259 0.700393 6.653870
v -0.061607 0.736175 6.665916
v -0.029053 0.746487 6.714479
v -0.127244 0.634697 6.698387
v -0.121231 0.630149 6.705849
v -0.136601 0.621132 6.707857
v -0.142380 0.626728 6.701497
v -0.156897 0.619013 6.703606
v -0.162275 0.626585 6.704387
v -0.147987 0.633842 6.700523
v -0.166484 0.632575 6.708681
v -0.152480 0.639872 6.704005
v -0.168965 0.637081 6.715478
v -0.169942 0.641454 6.722858
v -0.157241 0.649898 6.717388
v -0.155583 0.645291 6.710028
v -0.145205 0.663375 6.719849
v -0.157401 0.652501 6.725821
v -0.155710 0.653326 6.734794
v -0.144401 0.665695 6.729523
v -0.158794 0.636653 6.751598
v -0.153378 0.631153 6.752972
v -0.140163 0.642980 6.750392
v -0.146369 0.648931 6.748872
v -0.116098 0.641384 6.743260
v -0.120961 0.648958 6.746808
v -0.134589 0.635758 6.749412
v -0.129824 0.628662 6.746085
v -0.142394 0.616860 6.749480
v -0.141631 0.612564 6.740952
v -0.128702 0.623765 6.739024
v -0.096576 0.650472 6.692379
v -0.111952 0.642738 6.695505
v -0.118935 0.649529 6.691858
v -0.142116 0.654855 6.703955
v -0.128664 0.664105 6.697718
v -0.124677 0.657166 6.692935
v -0.138656 0.648755 6.698517
v -0.121540 0.690024 6.717810
v -0.133149 0.674544 6.713856
v -0.132941 0.677668 6.723861
v -0.144233 0.659556 6.711290
v -0.131165 0.669707 6.705496
v -0.140371 0.665234 6.738842
v -0.151841 0.652359 6.743111
v -0.116776 0.629767 6.715608
v -0.113980 0.631607 6.726128
v -0.130244 0.620979 6.728847
v -0.132753 0.619606 6.718003
v -0.128911 0.677614 6.733556
v -0.098008 0.641954 6.724008
v -0.100626 0.639537 6.713258
v -0.113172 0.635349 6.735693
v -0.097992 0.646914 6.733513
v -0.146800 0.610258 6.719585
v -0.151233 0.612441 6.709738
v -0.104849 0.639127 6.702824
v -0.134307 0.661938 6.745435
v -0.127240 0.656147 6.748072
v -0.114479 0.668885 6.744874
v -0.122145 0.674495 6.741342
v -0.086616 0.666570 6.738350
v -0.107073 0.662023 6.744063
v -0.101605 0.654261 6.740691
v -0.147489 0.624220 6.752685
v -0.082346 0.658580 6.731726
v -0.227948 0.597638 6.729578
v -0.221697 0.604642 6.728280
v -0.230221 0.604824 6.725082
v -0.234456 0.597091 6.724257
v -0.227571 0.625048 6.724974
v -0.225474 0.631539 6.716685
v -0.237843 0.627625 6.713595
v -0.239930 0.623075 6.721444
v -0.239479 0.596170 6.719677
v -0.237694 0.604970 6.721697
v -0.240108 0.597011 6.716064
v -0.239328 0.584734 6.713434
v -0.242054 0.587825 6.717450
v -0.242223 0.576982 6.713363
v -0.229710 0.581405 6.711163
v -0.235941 0.571136 6.714299
v -0.213148 0.573746 6.729785
v -0.209221 0.574410 6.739597
v -0.220465 0.565425 6.742098
v -0.224783 0.566088 6.732091
v -0.214388 0.573284 6.759118
v -0.218371 0.568940 6.750342
v -0.206609 0.577047 6.747231
v -0.203730 0.580559 6.754989
v -0.220602 0.599357 6.741312
v -0.213183 0.605419 6.740315
v -0.215376 0.604454 6.734245
v -0.222462 0.598397 6.735836
v -0.245433 0.601177 6.709857
v -0.232681 0.595844 6.707381
v -0.236718 0.593954 6.711681
v -0.246782 0.602316 6.713528
v -0.200625 0.624584 6.751657
v -0.191361 0.630504 6.749038
v -0.192425 0.629956 6.741230
v -0.200227 0.624745 6.744824
v -0.204345 0.633636 6.721155
v -0.195944 0.632332 6.723280
v -0.189117 0.628765 6.711919
v -0.197850 0.629139 6.709161
v -0.214730 0.633563 6.719233
v -0.208932 0.629481 6.707798
v -0.221127 0.628944 6.706838
v -0.234833 0.624643 6.705577
v -0.186716 0.627765 6.758131
v -0.194136 0.624651 6.762092
v -0.283030 0.571790 6.726102
v -0.281848 0.572979 6.731417
v -0.278540 0.572275 6.730206
v -0.279612 0.571048 6.724957
v -0.180803 0.612296 6.765153
v -0.176801 0.605259 6.761041
v -0.171807 0.609244 6.759677
v -0.176416 0.616250 6.762341
v -0.186478 0.607260 6.768883
v -0.182765 0.599887 6.762841
v -0.288223 0.560366 6.724255
v -0.287115 0.564503 6.722405
v -0.282193 0.562314 6.721280
v -0.282569 0.557571 6.723334
v -0.240532 0.590766 6.723475
v -0.235388 0.591928 6.729915
v -0.252459 0.580502 6.726775
v -0.244318 0.585753 6.729815
v -0.246402 0.585178 6.722044
v -0.251383 0.580144 6.721094
v -0.234746 0.588139 6.746959
v -0.226700 0.593986 6.745908
v -0.230460 0.591799 6.739570
v -0.239355 0.586259 6.740823
v -0.224570 0.597713 6.757155
v -0.231232 0.591380 6.758275
v -0.229964 0.593625 6.764448
v -0.224686 0.599163 6.762920
v -0.245017 0.578247 6.754858
v -0.250234 0.572964 6.756012
v -0.248894 0.573945 6.760450
v -0.243469 0.579466 6.759463
v -0.165819 0.612136 6.757976
v -0.170877 0.619114 6.760038
v -0.209751 0.582824 6.775275
v -0.209679 0.590417 6.780505
v -0.217404 0.585689 6.785841
v -0.216709 0.577103 6.780309
v -0.175198 0.598995 6.754085
v -0.169141 0.602501 6.753227
v -0.287978 0.557724 6.728881
v -0.282841 0.554159 6.727753
v -0.213808 0.619032 6.700485
v -0.231072 0.617613 6.700119
v -0.200075 0.618963 6.702688
v -0.190878 0.618890 6.705267
v -0.183370 0.619842 6.706171
v -0.246862 0.582633 6.734585
v -0.228879 0.593772 6.735459
v -0.219416 0.600794 6.745505
v -0.217072 0.607333 6.772729
v -0.211910 0.611729 6.771557
v -0.215562 0.610249 6.763313
v -0.219473 0.606074 6.766264
v -0.213859 0.597892 6.782498
v -0.218958 0.601533 6.779600
v -0.223729 0.597044 6.781729
v -0.219989 0.593089 6.785932
v -0.245364 0.600897 6.704319
v -0.231317 0.599640 6.702132
v -0.187037 0.619377 6.766277
v -0.181894 0.622927 6.762282
v -0.175502 0.625236 6.758492
v -0.206240 0.615042 6.742823
v -0.200427 0.625035 6.740095
v -0.202768 0.625735 6.735254
v -0.207051 0.614072 6.738414
v -0.218897 0.614506 6.729588
v -0.217140 0.626496 6.728251
v -0.228730 0.614306 6.726908
v -0.193416 0.630748 6.733722
v -0.184532 0.632078 6.738287
v -0.186155 0.632410 6.730011
v -0.182712 0.631852 6.746888
v -0.179481 0.629180 6.754411
v -0.178555 0.635772 6.734529
v -0.179568 0.635358 6.726460
v -0.176182 0.634695 6.743059
v -0.173289 0.632603 6.750179
v -0.153149 0.609890 6.750875
v -0.158593 0.617343 6.756138
v -0.161627 0.605340 6.751826
v -0.178084 0.627881 6.710384
v -0.187020 0.630561 6.721179
v -0.179643 0.631755 6.718626
v -0.173613 0.620955 6.706136
v -0.246194 0.620449 6.717230
v -0.252525 0.618150 6.714622
v -0.251383 0.612922 6.718551
v -0.245738 0.613857 6.720396
v -0.247917 0.571375 6.714428
v -0.250294 0.577009 6.716489
v -0.245141 0.581631 6.716561
v -0.206445 0.619540 6.757521
v -0.200918 0.619951 6.766460
v -0.252995 0.578754 6.731551
v -0.275006 0.557305 6.721215
v -0.275242 0.562461 6.719324
v -0.262729 0.566079 6.716849
v -0.262072 0.560075 6.718390
v -0.256922 0.571738 6.735177
v -0.257060 0.576059 6.730885
v -0.262589 0.574034 6.732009
v -0.262607 0.569018 6.735529
v -0.245905 0.577962 6.766102
v -0.241135 0.582433 6.765177
v -0.238281 0.560613 6.734527
v -0.238225 0.558606 6.722424
v -0.228095 0.566079 6.720605
v -0.232480 0.589790 6.752878
v -0.239162 0.583974 6.754102
v -0.237731 0.585287 6.759023
v -0.248589 0.580330 6.737037
v -0.252494 0.576519 6.735599
v -0.249924 0.576818 6.740489
v -0.245235 0.581788 6.741295
v -0.201165 0.595886 6.776211
v -0.206984 0.604931 6.778955
v -0.285110 0.568651 6.723119
v -0.281132 0.567152 6.721792
v -0.164607 0.624425 6.756612
v -0.169773 0.629301 6.754561
v -0.225038 0.595957 6.751330
v -0.218683 0.575094 6.719075
v -0.218553 0.602564 6.750029
v -0.231296 0.569903 6.771295
v -0.234246 0.576675 6.775602
v -0.240606 0.574210 6.774527
v -0.239042 0.568334 6.772871
v -0.272328 0.565624 6.736540
v -0.272670 0.570635 6.733788
v -0.278101 0.570128 6.734825
v -0.278664 0.565425 6.737682
v -0.256435 0.578195 6.726320
v -0.256196 0.577649 6.721101
v -0.262931 0.575237 6.722387
v -0.262906 0.576038 6.727473
v -0.255435 0.574025 6.717051
v -0.262729 0.571240 6.718632
v -0.273059 0.559161 6.736900
v -0.274329 0.554661 6.732334
v -0.260961 0.556968 6.730554
v -0.262233 0.561897 6.735282
v -0.193186 0.586696 6.751358
v -0.191629 0.590177 6.759030
v -0.202102 0.584544 6.763137
v -0.212472 0.578364 6.767771
v -0.222563 0.573427 6.771777
v -0.223881 0.565612 6.762749
v -0.200711 0.588726 6.769730
v -0.250687 0.564741 6.739101
v -0.250198 0.559696 6.731748
v -0.247075 0.560330 6.739924
v -0.217808 0.604776 6.756731
v -0.274635 0.567817 6.720184
v -0.178892 0.600287 6.713161
v -0.173536 0.595508 6.723438
v -0.181383 0.591510 6.725728
v -0.186749 0.597883 6.712978
v -0.273376 0.572856 6.729140
v -0.273958 0.572213 6.723817
v -0.239518 0.583823 6.771112
v -0.244408 0.579181 6.771048
v -0.242951 0.578317 6.775208
v -0.239487 0.582711 6.775978
v -0.190987 0.594123 6.765500
v -0.225297 0.585029 6.789881
v -0.223137 0.575757 6.784577
v -0.182496 0.595037 6.755965
v -0.183630 0.591466 6.747961
v -0.176168 0.595114 6.745170
v -0.232100 0.562260 6.753340
v -0.195579 0.583519 6.744450
v -0.185534 0.589028 6.741191
v -0.177239 0.592823 6.737091
v -0.170499 0.595861 6.734340
v -0.169364 0.598091 6.743285
v -0.274625 0.553457 6.725660
v -0.281947 0.555624 6.734061
v -0.161378 0.601362 6.741633
v -0.152154 0.605926 6.741840
v -0.154775 0.604593 6.731891
v -0.162773 0.599502 6.732030
v -0.188238 0.586816 6.733470
v -0.191852 0.586868 6.724577
v -0.198107 0.581284 6.737039
v -0.202222 0.580467 6.727998
v -0.231623 0.557310 6.744065
v -0.293453 0.565424 6.739926
v -0.285829 0.563130 6.738331
v -0.283646 0.567236 6.738887
v -0.291069 0.568744 6.741077
v -0.280191 0.560513 6.737704
v -0.286530 0.558022 6.734625
v -0.208774 0.582881 6.716508
v -0.253734 0.571872 6.740584
v -0.199935 0.593593 6.710864
v -0.219896 0.587091 6.707322
v -0.215876 0.595746 6.702825
v -0.192817 0.607641 6.703342
v -0.205830 0.607370 6.699521
v -0.177646 0.610773 6.707175
v -0.184628 0.608798 6.706694
v -0.168708 0.614143 6.706578
v -0.222437 0.607924 6.697780
v -0.288178 0.573773 6.728800
v -0.287054 0.574469 6.734340
v -0.171913 0.603122 6.712182
v -0.162612 0.606548 6.710937
v -0.238853 0.614121 6.723960
v -0.212204 0.610879 6.753590
v -0.212102 0.608545 6.748411
v -0.206915 0.615418 6.769815
v -0.211524 0.614364 6.760563
v -0.157389 0.603597 6.720816
v -0.169276 0.642622 6.731041
v -0.166972 0.642086 6.739589
v -0.143909 0.611065 6.730825
v -0.290844 0.571211 6.725509
v -0.250438 0.567831 6.758340
v -0.249519 0.567571 6.759768
v -0.245373 0.623178 6.710653
v -0.252166 0.619479 6.708740
v -0.250230 0.611020 6.700224
v -0.251754 0.616522 6.704131
v -0.243636 0.620461 6.703700
v -0.241550 0.614314 6.699042
v -0.206659 0.616136 6.746756
v -0.207083 0.617235 6.751473
v -0.193210 0.601448 6.772383
v -0.199222 0.609964 6.775346
v -0.253983 0.568136 6.715197
v -0.244160 0.564650 6.716093
v -0.252344 0.562507 6.717154
v -0.260318 0.556353 6.723450
v -0.253898 0.567370 6.738906
v -0.255817 0.564924 6.735753
v -0.208594 0.626108 6.731454
v -0.211224 0.613837 6.733420
v -0.243279 0.606298 6.719428
v -0.248422 0.606750 6.718114
v -0.241486 0.583117 6.747568
v -0.244040 0.558703 6.753079
v -0.242711 0.556103 6.745731
v -0.246990 0.577593 6.747795
v -0.295802 0.564324 6.726612
v -0.293722 0.568027 6.724800
v -0.249498 0.557731 6.722515
v -0.235615 0.587699 6.765137
v -0.241028 0.562212 6.758616
v -0.247600 0.562458 6.757023
v -0.224825 0.591314 6.787317
v -0.166549 0.599005 6.721605
v -0.281896 0.571368 6.736578
v -0.287769 0.572783 6.739252
v -0.294759 0.562834 6.736583
v -0.295429 0.561980 6.731234
v -0.192650 0.614715 6.770987
v -0.212321 0.606852 6.744466
v -0.163188 0.640151 6.746979
v -0.236678 0.607075 6.698600
v -0.247361 0.604590 6.699687
v -0.251180 0.573170 6.748294
v -0.228559 0.575170 6.778962
v -0.232579 0.563120 6.765184
v -0.240760 0.561660 6.767970
v -0.245589 0.560714 6.762121
v -0.249722 0.563541 6.760649
v -0.300792 0.566501 6.738357
v -0.301439 0.565634 6.733229
v -0.300962 0.568305 6.728370
v -0.298029 0.571338 6.726892
v -0.294722 0.573970 6.727819
v -0.299092 0.568840 6.741702
v -0.296212 0.571939 6.742824
v -0.291945 0.574928 6.741076
v -0.303335 0.572711 6.743088
v -0.306651 0.570916 6.739968
v -0.309752 0.577987 6.730880
v -0.306902 0.572779 6.730148
v -0.309572 0.573905 6.732826
v -0.311944 0.576946 6.733423
v -0.314869 0.580115 6.734887
v -0.312479 0.581799 6.732854
v -0.309296 0.572022 6.735405
v -0.312607 0.574813 6.736919
v -0.311159 0.575151 6.740500
v -0.314338 0.577833 6.741960
v -0.315870 0.578332 6.738513
v -0.309064 0.572535 6.738778
v -0.306769 0.569474 6.734291
v -0.315119 0.584321 6.735753
v -0.316931 0.582284 6.736253
v -0.318281 0.581517 6.739678
v -0.316731 0.584366 6.740355
v -0.301967 0.574945 6.728277
v -0.306346 0.579518 6.730495
v -0.309499 0.583479 6.733189
v -0.312233 0.585693 6.736384
v -0.303363 0.581376 6.732086
v -0.307000 0.584545 6.734922
v -0.309411 0.585974 6.737839
v -0.301240 0.582712 6.735299
v -0.305474 0.584975 6.737568
v -0.295155 0.578646 6.732694
v -0.297830 0.576782 6.729342
v -0.307747 0.585703 6.739009
v -0.313832 0.585645 6.741001
v -0.309203 0.575054 6.742954
v -0.312344 0.578640 6.744216
v -0.306972 0.576448 6.744585
v -0.310219 0.579867 6.745430
v -0.315325 0.581628 6.744098
v -0.316857 0.580077 6.742664
v -0.291718 0.575792 6.731029
v -0.290688 0.576205 6.736696
v -0.294264 0.578922 6.738003
v -0.300112 0.582134 6.740019
v -0.295967 0.577691 6.742226
v -0.300173 0.575368 6.743975
v -0.304473 0.578675 6.745088
v -0.301519 0.580915 6.743938
v -0.307815 0.581538 6.745450
v -0.305842 0.583151 6.744226
v -0.305074 0.584616 6.741118
v -0.310105 0.583832 6.744394
v -0.312853 0.582878 6.744623
v -0.310741 0.585458 6.741329
v -0.308170 0.584282 6.743650
v -0.308134 0.585200 6.741360
v -0.281788 0.564861 6.752818
v -0.280771 0.566905 6.757521
v -0.275703 0.564865 6.755653
v -0.276231 0.563286 6.751038
v -0.285657 0.552761 6.752104
v -0.284674 0.557925 6.750020
v -0.278414 0.554864 6.747882
v -0.278892 0.549369 6.750273
v -0.284411 0.550567 6.758084
v -0.277635 0.546759 6.756938
v -0.270236 0.550091 6.747718
v -0.270979 0.555698 6.745602
v -0.258443 0.561158 6.742124
v -0.256124 0.556072 6.743381
v -0.257280 0.569309 6.756364
v -0.256844 0.565979 6.759845
v -0.283119 0.562085 6.750544
v -0.277229 0.559912 6.748556
v -0.268277 0.561431 6.762211
v -0.268839 0.564804 6.758887
v -0.275027 0.564503 6.760136
v -0.275372 0.561652 6.763831
v -0.259335 0.569003 6.744488
v -0.258292 0.569857 6.750462
v -0.259328 0.565398 6.742291
v -0.268174 0.555940 6.763428
v -0.268231 0.550256 6.760746
v -0.253957 0.554543 6.755870
v -0.255537 0.559628 6.759807
v -0.270561 0.560379 6.746375
v -0.269715 0.565592 6.753721
v -0.270304 0.564075 6.748830
v -0.268175 0.547648 6.753896
v -0.277260 0.551215 6.763271
v -0.290798 0.564764 6.767416
v -0.283108 0.560936 6.766283
v -0.281252 0.564821 6.765618
v -0.288686 0.568449 6.767376
v -0.276485 0.557179 6.764710
v -0.284193 0.555377 6.764341
v -0.289111 0.569358 6.755308
v -0.287542 0.571041 6.759995
v -0.291148 0.566807 6.752891
v -0.253594 0.552349 6.748673
v -0.294696 0.558923 6.754832
v -0.293071 0.563306 6.752814
v -0.280133 0.567136 6.762043
v -0.286997 0.571174 6.764459
v -0.292589 0.560634 6.765454
v -0.293666 0.557420 6.760056
v -0.298598 0.565476 6.766546
v -0.300490 0.562590 6.761864
v -0.301111 0.563542 6.756900
v -0.298261 0.567072 6.754537
v -0.295348 0.569666 6.754584
v -0.296453 0.568820 6.768508
v -0.293759 0.571520 6.768386
v -0.291299 0.573484 6.765705
v -0.300398 0.575076 6.770209
v -0.303720 0.572535 6.768800
v -0.310886 0.581515 6.760029
v -0.308326 0.576330 6.758823
v -0.309701 0.576467 6.761795
v -0.312797 0.580691 6.762392
v -0.306000 0.570639 6.759104
v -0.307837 0.572971 6.761829
v -0.307220 0.572794 6.764820
v -0.310005 0.575833 6.765840
v -0.308031 0.577632 6.768658
v -0.311387 0.581427 6.769894
v -0.313668 0.580622 6.766722
v -0.306137 0.574367 6.767476
v -0.315085 0.583949 6.763378
v -0.313414 0.585619 6.762650
v -0.305373 0.568956 6.764020
v -0.301877 0.571608 6.756010
v -0.305488 0.577460 6.757270
v -0.308348 0.582881 6.759356
v -0.310612 0.586901 6.762610
v -0.302448 0.579410 6.757520
v -0.305762 0.584339 6.759905
v -0.307957 0.587206 6.763048
v -0.299566 0.581325 6.759816
v -0.303656 0.585503 6.762006
v -0.295266 0.574766 6.758125
v -0.298202 0.573200 6.755801
v -0.305992 0.587029 6.763678
v -0.314915 0.587601 6.767064
v -0.311750 0.588416 6.766734
v -0.316908 0.584904 6.767286
v -0.305999 0.578507 6.769753
v -0.309261 0.582777 6.770553
v -0.304022 0.579949 6.771007
v -0.307569 0.584038 6.771454
v -0.312787 0.585986 6.770639
v -0.314258 0.584465 6.770325
v -0.293017 0.571490 6.757008
v -0.291306 0.573210 6.761346
v -0.293298 0.575782 6.762497
v -0.297880 0.582478 6.764320
v -0.293591 0.577131 6.766884
v -0.297000 0.576746 6.769698
v -0.301283 0.581244 6.770618
v -0.298612 0.582336 6.768464
v -0.305254 0.584841 6.770799
v -0.302851 0.585522 6.768982
v -0.302340 0.585988 6.765524
v -0.307792 0.587481 6.769652
v -0.310439 0.587279 6.770501
v -0.308648 0.588342 6.766380
v -0.305506 0.587245 6.768553
v -0.305781 0.587598 6.766078
v -0.271362 0.571795 6.770600
v -0.269373 0.575659 6.774417
v -0.265871 0.573279 6.774231
v -0.267510 0.569824 6.770449
v -0.275305 0.562878 6.773490
v -0.275259 0.565043 6.770901
v -0.269932 0.561384 6.769881
v -0.269342 0.558251 6.772337
v -0.274717 0.563422 6.778413
v -0.268124 0.558229 6.778375
v -0.263615 0.557662 6.769623
v -0.265011 0.561532 6.767084
v -0.254829 0.563474 6.763293
v -0.252539 0.559580 6.765416
v -0.273827 0.568270 6.769915
v -0.268949 0.565759 6.769235
v -0.259181 0.573444 6.779817
v -0.259904 0.574557 6.776532
v -0.264925 0.574559 6.778569
v -0.265085 0.573407 6.781708
v -0.253400 0.572580 6.764629
v -0.251489 0.575550 6.768507
v -0.254645 0.568284 6.763075
v -0.259113 0.568983 6.781858
v -0.259540 0.562203 6.780968
v -0.247745 0.565405 6.776254
v -0.247928 0.571579 6.777348
v -0.264686 0.566398 6.766893
v -0.261731 0.574144 6.771959
v -0.263326 0.570775 6.768125
v -0.260703 0.557747 6.775323
v -0.266799 0.563464 6.783144
v -0.279454 0.577704 6.783989
v -0.270975 0.572718 6.784013
v -0.268798 0.576290 6.782338
v -0.276898 0.580711 6.782840
v -0.265606 0.569566 6.783783
v -0.272906 0.567408 6.782837
v -0.277561 0.577195 6.771053
v -0.275535 0.580106 6.774826
v -0.280378 0.574083 6.770595
v -0.249383 0.560025 6.771000
v -0.248771 0.576229 6.776469
v -0.284006 0.569481 6.774130
v -0.282679 0.571408 6.771477
v -0.268325 0.577151 6.778883
v -0.275051 0.581515 6.779528
v -0.281920 0.573342 6.782784
v -0.283445 0.569543 6.778694
v -0.287613 0.578377 6.782825
v -0.289586 0.574753 6.778807
v -0.289940 0.574356 6.774353
v -0.287459 0.575867 6.771806
v -0.284531 0.577753 6.770964
v -0.284314 0.582476 6.783457
v -0.281300 0.584509 6.782161
v -0.279088 0.584114 6.779204
v -0.286448 0.587070 6.783246
v -0.290257 0.584474 6.781804
v -0.298531 0.589941 6.771755
v -0.296119 0.585620 6.772365
v -0.296623 0.586315 6.774347
v -0.299494 0.589940 6.773742
v -0.293976 0.580555 6.774342
v -0.295254 0.583055 6.775447
v -0.294394 0.583401 6.778234
v -0.297014 0.586752 6.778047
v -0.293952 0.588519 6.780525
v -0.296707 0.591842 6.780160
v -0.299740 0.590502 6.777452
v -0.293012 0.585202 6.780724
v -0.301447 0.592460 6.773842
v -0.300669 0.593387 6.772415
v -0.292520 0.580507 6.778418
v -0.290948 0.580642 6.771412
v -0.293759 0.585774 6.770447
v -0.296324 0.590543 6.770125
v -0.297863 0.594310 6.771332
v -0.290514 0.586928 6.770017
v -0.293250 0.591401 6.769980
v -0.294769 0.594607 6.771282
v -0.287495 0.588477 6.770977
v -0.290725 0.592469 6.771131
v -0.284035 0.583181 6.771743
v -0.287404 0.581796 6.770745
v -0.292633 0.594449 6.771909
v -0.300698 0.595913 6.775949
v -0.297583 0.596942 6.775117
v -0.301966 0.593752 6.776947
v -0.291871 0.589594 6.781964
v -0.294632 0.593298 6.781024
v -0.289164 0.591094 6.782105
v -0.292411 0.594490 6.780980
v -0.297852 0.595361 6.779661
v -0.299197 0.594122 6.779549
v -0.281560 0.579956 6.771917
v -0.279277 0.582322 6.775111
v -0.281491 0.585328 6.774570
v -0.285127 0.590534 6.773917
v -0.280850 0.587241 6.778436
v -0.283433 0.588248 6.781411
v -0.286628 0.592149 6.780566
v -0.284714 0.592086 6.777776
v -0.290209 0.594633 6.779879
v -0.288530 0.594676 6.777509
v -0.288887 0.594012 6.773807
v -0.292922 0.596633 6.777810
v -0.295387 0.596509 6.779012
v -0.294456 0.596672 6.774390
v -0.291082 0.596216 6.776607
v -0.291936 0.595796 6.774031
v -0.249803 0.576381 6.772816
v -0.254481 0.585957 6.790743
v -0.252218 0.588528 6.792864
v -0.249974 0.586865 6.792058
v -0.251783 0.584122 6.789546
v -0.257915 0.579746 6.795846
v -0.258177 0.580496 6.792437
v -0.253876 0.576777 6.790617
v -0.253477 0.575303 6.794107
v -0.255116 0.581977 6.799549
v -0.251561 0.577520 6.798625
v -0.248030 0.573390 6.790668
v -0.249233 0.575429 6.787166
v -0.239263 0.576718 6.781306
v -0.236037 0.574527 6.784057
v -0.230481 0.591218 6.789453
v -0.231173 0.592556 6.784695
v -0.238581 0.591478 6.789661
v -0.236131 0.590301 6.793523
v -0.256692 0.583073 6.790803
v -0.253017 0.580159 6.789016
v -0.244336 0.588691 6.798001
v -0.245774 0.588925 6.794040
v -0.248396 0.588887 6.795001
v -0.247415 0.589707 6.798327
v -0.233767 0.591910 6.780804
v -0.236373 0.588061 6.777855
v -0.240678 0.586661 6.782114
v -0.240610 0.589458 6.786352
v -0.240899 0.582122 6.781613
v -0.243138 0.585543 6.800310
v -0.244370 0.580601 6.800092
v -0.232315 0.582063 6.795201
v -0.234398 0.587878 6.795245
v -0.249759 0.579546 6.786907
v -0.246917 0.586788 6.790314
v -0.249269 0.583800 6.787951
v -0.245470 0.574709 6.795874
v -0.249020 0.582701 6.800999
v -0.255993 0.595128 6.802680
v -0.251107 0.591173 6.801962
v -0.249973 0.592791 6.799169
v -0.254580 0.596038 6.800412
v -0.248459 0.588020 6.800883
v -0.253405 0.587372 6.802296
v -0.259192 0.590145 6.791384
v -0.256294 0.592720 6.793224
v -0.261660 0.587792 6.791728
v -0.232716 0.575601 6.789575
v -0.263929 0.585399 6.796867
v -0.263605 0.586064 6.793546
v -0.250640 0.590666 6.795981
v -0.254829 0.595217 6.796486
v -0.258404 0.592253 6.802954
v -0.261514 0.587606 6.800491
v -0.262501 0.596628 6.802764
v -0.266420 0.591715 6.801229
v -0.267645 0.589305 6.797362
v -0.266754 0.589106 6.794159
v -0.264585 0.590289 6.792401
v -0.259809 0.599139 6.802151
v -0.258161 0.599085 6.799647
v -0.258305 0.597234 6.796789
v -0.262815 0.602132 6.800520
v -0.266408 0.600026 6.801147
v -0.276126 0.598131 6.792853
v -0.273727 0.595248 6.794007
v -0.273974 0.596479 6.795762
v -0.276493 0.598588 6.794624
v -0.270619 0.592643 6.796474
v -0.271838 0.594790 6.797225
v -0.270102 0.596658 6.799088
v -0.273203 0.598668 6.798259
v -0.270969 0.601977 6.800022
v -0.273972 0.604053 6.798821
v -0.276300 0.600588 6.797817
v -0.269125 0.599757 6.800277
v -0.278502 0.600379 6.794420
v -0.278331 0.600937 6.792746
v -0.268211 0.595046 6.799808
v -0.269190 0.591386 6.793671
v -0.272674 0.594890 6.792211
v -0.275521 0.598514 6.791014
v -0.277011 0.602007 6.791268
v -0.270472 0.595447 6.791123
v -0.273512 0.599188 6.790209
v -0.274901 0.602335 6.790731
v -0.267874 0.596908 6.790940
v -0.271291 0.600203 6.790401
v -0.263989 0.593790 6.791654
v -0.266769 0.591972 6.792091
v -0.273160 0.602289 6.790599
v -0.278307 0.604272 6.794852
v -0.276541 0.604885 6.793108
v -0.278744 0.602775 6.796899
v -0.269046 0.603647 6.800058
v -0.272572 0.605752 6.798702
v -0.266695 0.604456 6.799139
v -0.271067 0.606212 6.797432
v -0.275894 0.606105 6.796993
v -0.276462 0.604881 6.798091
v -0.261744 0.592326 6.791883
v -0.259510 0.595005 6.793582
v -0.261542 0.596528 6.793025
v -0.265589 0.599468 6.792036
v -0.260611 0.599438 6.795763
v -0.260770 0.601847 6.798201
v -0.265423 0.604086 6.797282
v -0.264750 0.602417 6.794555
v -0.269798 0.605815 6.795424
v -0.269066 0.604398 6.793294
v -0.269628 0.602214 6.791371
v -0.272986 0.605757 6.793606
v -0.274436 0.606426 6.795119
v -0.274582 0.604556 6.792035
v -0.271804 0.604890 6.792594
v -0.272618 0.603747 6.791484
v -0.229884 0.588759 6.791597
v -0.256742 0.599273 6.706405
v -0.256135 0.599183 6.711211
v -0.259050 0.611967 6.718483
v -0.257328 0.605930 6.718450
v -0.260739 0.616528 6.714276
v -0.261810 0.613851 6.704770
v -0.261650 0.616308 6.709116
v -0.256524 0.601422 6.715286
v -0.258309 0.601600 6.702411
v -0.260514 0.608548 6.701499
v -0.267800 0.602621 6.703727
v -0.270457 0.608366 6.702977
v -0.270723 0.614779 6.707170
v -0.269079 0.616261 6.711565
v -0.266314 0.615634 6.715913
v -0.264332 0.598547 6.707289
v -0.262821 0.597703 6.711222
v -0.261856 0.600121 6.715689
v -0.272961 0.597683 6.708073
v -0.279932 0.600838 6.706747
v -0.289787 0.610280 6.714678
v -0.285366 0.612161 6.713798
v -0.287081 0.610168 6.710612
v -0.290965 0.609015 6.711245
v -0.280638 0.612673 6.711226
v -0.284253 0.610056 6.709858
v -0.284246 0.606171 6.707632
v -0.287709 0.605743 6.707355
v -0.284110 0.602326 6.706806
v -0.286923 0.600502 6.706671
v -0.291996 0.605082 6.707497
v -0.294069 0.607477 6.711657
v -0.295159 0.604006 6.709402
v -0.293460 0.607109 6.714662
v -0.280404 0.607033 6.706898
v -0.275862 0.615352 6.715369
v -0.282698 0.613160 6.717443
v -0.288118 0.609743 6.718320
v -0.291282 0.605377 6.717556
v -0.279698 0.610876 6.721063
v -0.285415 0.606891 6.721136
v -0.288529 0.603189 6.719605
v -0.277044 0.606054 6.722359
v -0.283307 0.603135 6.721556
v -0.268229 0.610265 6.721625
v -0.271583 0.614452 6.719197
v -0.286255 0.601650 6.720289
v -0.295523 0.602177 6.712960
v -0.292572 0.600411 6.715743
v -0.284489 0.597423 6.708079
v -0.290698 0.599666 6.706914
v -0.288987 0.596306 6.708930
v -0.280865 0.595340 6.710286
v -0.286699 0.594463 6.711801
v -0.293149 0.597661 6.710402
v -0.293979 0.600147 6.707901
v -0.263679 0.611404 6.719153
v -0.262265 0.605205 6.718838
v -0.266428 0.603970 6.720426
v -0.275255 0.600863 6.720547
v -0.267370 0.598944 6.716948
v -0.269134 0.596273 6.711415
v -0.277915 0.594554 6.713533
v -0.275816 0.596239 6.717313
v -0.284216 0.594375 6.715089
v -0.282391 0.596121 6.717833
v -0.282259 0.599295 6.720174
v -0.287900 0.596244 6.716345
v -0.290741 0.596275 6.713653
v -0.289231 0.599492 6.717891
v -0.285768 0.596937 6.717875
v -0.286224 0.599130 6.719172
v -0.227586 0.594305 6.783079
v -0.230761 0.593722 6.778057
v -0.226560 0.596824 6.776521
v -0.222400 0.602229 6.774879
v -0.214850 0.605810 6.777536
v -0.224077 0.600915 6.768888
v -0.228657 0.595319 6.770825
v -0.234451 0.590013 6.772399
v -0.220782 0.603501 6.761884
v -0.178657 0.377273 6.449087
v -0.182080 0.375991 6.448572
v -0.180282 0.382326 6.449985
v -0.177350 0.382067 6.449656
v -0.188017 0.382465 6.448276
v -0.183679 0.382485 6.449511
v -0.186153 0.375434 6.446670
v -0.190354 0.374843 6.442373
v -0.194404 0.380749 6.437632
v -0.195544 0.381607 6.437439
v -0.195451 0.382193 6.437770
v -0.193792 0.381917 6.438852
v -0.192443 0.381429 6.441365
v -0.172681 0.381218 6.448554
v -0.173891 0.380082 6.448628
v -0.175766 0.378471 6.448940
v -0.191352 0.381924 6.444948
v -0.173987 0.382503 6.448694
v -0.172699 0.381829 6.448543
v -0.192166 0.376495 6.438481
v -0.187893 0.379449 6.448584
v -0.183630 0.379791 6.449636
v -0.187447 0.376237 6.447630
v -0.190980 0.376569 6.443987
v -0.192690 0.381397 6.439003
v -0.192402 0.379737 6.441595
v -0.180192 0.380189 6.450012
v -0.191410 0.379320 6.445050
v -0.183216 0.377192 6.449130
v -0.191921 0.378448 6.440889
v -0.193026 0.380114 6.439348
v -0.173199 0.381166 6.448096
v -0.173224 0.381604 6.448093
v -0.193592 0.614998 6.418168
v -0.201855 0.630230 6.425736
v -0.179850 0.378019 6.449708
v -0.175604 0.380504 6.449123
v -0.177471 0.380399 6.449734
v -0.177253 0.378827 6.449484
v -0.175426 0.379609 6.449017
v -0.061012 0.691428 6.550633
v -0.053002 0.677256 6.552370
v -0.007875 0.665783 6.542552
v 0.005348 0.675982 6.532451
v -0.254633 0.877193 6.464908
v -0.130492 0.864108 6.345684
v -0.121051 0.844216 6.342898
v -0.165002 0.838478 6.291113
v -0.151989 0.844998 6.300911
v -0.158198 0.874576 6.438661
v -0.151649 0.857088 6.438733
v -0.211613 0.869571 6.460307
v -0.204907 0.851897 6.460588
v -0.179342 0.889596 6.451456
v -0.153900 0.898721 6.319575
v -0.146160 0.902236 6.333643
v -0.142785 0.880261 6.331264
v -0.149490 0.875928 6.316437
v -0.179467 0.832242 6.285071
v -0.187870 0.857388 6.289089
v -0.129789 0.839473 6.424285
v -0.118513 0.839793 6.405056
v -0.111810 0.833275 6.363310
v -0.114025 0.826139 6.344110
v -0.119339 0.817416 6.327655
v -0.126853 0.808668 6.312427
v -0.215830 0.829168 6.464989
v -0.227200 0.806687 6.464365
v -0.145411 0.838150 6.439689
v -0.270789 0.816478 6.455988
v -0.124291 0.780904 6.297098
v -0.138745 0.774079 6.283804
v -0.112770 0.837937 6.384416
v -0.213793 0.665971 6.452514
v -0.199719 0.667787 6.459314
v -0.208849 0.680758 6.466736
v -0.222561 0.680085 6.459310
v -0.195640 0.682634 6.473072
v -0.182488 0.685364 6.477674
v -0.170245 0.688604 6.480828
v -0.141624 0.700086 6.482174
v -0.150002 0.696159 6.482949
v -0.127935 0.710574 6.476880
v -0.134679 0.704478 6.480066
v -0.120989 0.721245 6.471798
v -0.114367 0.733583 6.464308
v -0.100625 0.733720 6.450872
v -0.107511 0.745683 6.454469
v -0.121940 0.744784 6.468204
v -0.127979 0.732791 6.476328
v -0.135050 0.722778 6.481886
v -0.253329 0.740031 6.460439
v -0.249836 0.716264 6.461742
v -0.186665 0.600620 6.411119
v -0.040894 0.730276 6.722347
v -0.133572 0.641736 6.695790
v -0.112041 0.602792 6.295673
v -0.094771 0.603976 6.303073
v -0.047320 0.605790 6.342007
v -0.041618 0.596194 6.362736
v -0.059397 0.612022 6.323520
v -0.076288 0.614483 6.310020
v -0.159015 0.818041 6.451418
v -0.096095 0.636751 6.297946
v -0.074811 0.624524 6.308317
v -0.054427 0.622924 6.322618
v -0.040714 0.617850 6.343143
v -0.032899 0.607171 6.368513
v -0.029042 0.608154 6.382411
v -0.020096 0.625209 6.394526
v -0.018046 0.624112 6.405151
v -0.014502 0.623639 6.416835
v -0.018135 0.607642 6.425588
v -0.021565 0.608190 6.414427
v 0.004116 0.661237 6.500964
v 0.006518 0.675739 6.512569
v 0.008745 0.691225 6.515931
v 0.007742 0.706378 6.515634
v 0.004280 0.715198 6.514264
v -0.001267 0.721925 6.508425
v -0.007889 0.724175 6.496185
v -0.032942 0.717649 6.460941
v -0.040306 0.713746 6.445807
v -0.048786 0.725793 6.400602
v -0.051250 0.730001 6.389724
v -0.064176 0.750439 6.363139
v -0.073550 0.761819 6.352909
v -0.083765 0.775964 6.343174
v -0.153158 1.006540 6.336692
v -0.140228 1.002374 6.351214
v -0.145729 0.981449 6.347213
v -0.158071 0.984661 6.332533
v -0.187105 0.939276 6.306732
v -0.204628 0.935414 6.297954
v -0.131992 0.967323 6.404766
v -0.138927 0.960943 6.426197
v -0.136877 0.976664 6.364180
v -0.131585 0.973250 6.383492
v -0.152078 0.955307 6.444332
v -0.232276 0.945301 6.478988
v -0.253356 0.942914 6.481359
v -0.294041 0.936996 6.481100
v -0.311525 0.934643 6.474305
v -0.169153 0.951280 6.459163
v -0.275038 0.939583 6.484112
v -0.188603 0.949560 6.469142
v -0.210218 0.947567 6.475138
v -0.173877 0.940518 6.317924
v -0.173357 0.963226 6.318817
v -0.161285 0.963553 6.330396
v -0.115463 0.714972 6.279517
v -0.098192 0.716320 6.290837
v -0.080547 0.716254 6.302672
v -0.060466 0.701083 6.315905
v -0.065658 0.714480 6.316167
v -0.052412 0.711613 6.332106
v -0.047606 0.699439 6.331795
v -0.035527 0.695088 6.370732
v -0.039508 0.704137 6.370047
v -0.036349 0.702320 6.385462
v -0.032205 0.693637 6.384485
v -0.032997 0.701583 6.397663
v -0.029435 0.700147 6.410601
v -0.026619 0.698252 6.425056
v -0.022319 0.697221 6.439811
v -0.011013 0.677877 6.434227
v -0.016181 0.677737 6.421612
v -0.031519 0.684477 6.371647
v -0.035334 0.685822 6.354010
v -0.109640 0.689647 6.286880
v -0.128417 0.688645 6.279517
v -0.098216 0.753218 6.443288
v -0.087957 0.758895 6.431346
v -0.079121 0.761055 6.418569
v -0.071247 0.760132 6.406536
v -0.066017 0.756283 6.394437
v -0.061339 0.750487 6.382772
v -0.054078 0.736054 6.380752
v -0.057916 0.743132 6.372417
v -0.050884 0.728685 6.375221
v -0.054654 0.734945 6.364148
v -0.051156 0.726162 6.357463
v -0.047526 0.716902 6.352820
v -0.043808 0.707204 6.350713
v -0.039719 0.696981 6.351089
v -0.042484 0.686789 6.334406
v -0.054989 0.687813 6.318160
v -0.067228 0.673294 6.308282
v -0.061259 0.660502 6.311853
v -0.071317 0.687834 6.305048
v -0.075976 0.702012 6.302563
v -0.067436 0.573660 6.344879
v -0.077655 0.575333 6.328203
v -0.005448 0.709975 6.487263
v -0.007672 0.712977 6.485031
v -0.007727 0.717390 6.489682
v -0.003177 0.714786 6.496266
v 0.000093 0.708755 6.499535
v 0.000117 0.695883 6.489005
v -0.003471 0.704905 6.488499
v 0.003528 0.700169 6.500837
v 0.005621 0.688015 6.500463
v 0.003134 0.685318 6.487864
v 0.005829 0.675541 6.497434
v 0.004649 0.675012 6.485889
v 0.004915 0.664889 6.490326
v 0.005049 0.667360 6.483504
v -0.001524 0.655404 6.447835
v 0.001835 0.658512 6.460838
v 0.003878 0.662907 6.473742
v -0.016046 0.698747 6.453372
v -0.010433 0.699753 6.465798
v -0.006584 0.701464 6.478364
v -0.003031 0.692271 6.477083
v -0.006196 0.691248 6.464272
v -0.011035 0.690080 6.450846
v -0.112293 0.704156 6.282476
v -0.093907 0.702014 6.290998
v -0.028353 0.692027 6.397018
v -0.024977 0.690456 6.408490
v -0.021345 0.688388 6.421083
v -0.016356 0.688052 6.436333
v -0.020099 0.679254 6.408144
v -0.023992 0.680797 6.396705
v -0.028034 0.682507 6.385141
v -0.089484 0.688675 6.294849
v -0.130818 0.703756 6.274329
v -0.081293 0.616451 6.471055
v -0.064646 0.597430 6.465854
v -0.044439 0.589983 6.455358
v -0.027315 0.594414 6.439943
v -0.019992 0.783909 6.654258
v -0.194179 0.881452 6.291476
v -0.199908 0.907203 6.294414
v -0.183832 0.913650 6.301805
v -0.154500 0.770016 6.273771
v -0.131908 0.713647 6.268489
v -0.175857 0.715824 6.495596
v -0.186681 0.712403 6.494296
v -0.179161 0.700256 6.488009
v -0.168099 0.703936 6.489421
v -0.156913 0.723191 6.492940
v -0.165768 0.719691 6.494795
v -0.158302 0.708024 6.489317
v -0.149457 0.712132 6.487936
v -0.148939 0.727938 6.490048
v -0.141695 0.716647 6.485493
v -0.172250 0.732464 6.498199
v -0.182289 0.729196 6.499521
v -0.192589 0.726159 6.498683
v -0.155515 0.739039 6.492758
v -0.163226 0.735410 6.495819
v -0.205202 0.492880 6.433976
v -0.214042 0.486869 6.446154
v -0.225285 0.447456 6.448890
v -0.224022 0.443856 6.446514
v -0.175011 0.580840 6.398450
v -0.171084 0.571781 6.393992
v -0.243542 0.696825 6.458591
v -0.227615 0.665739 6.446199
v -0.218686 0.658699 6.438020
v -0.210206 0.645882 6.431577
v -0.180317 0.589618 6.405203
v -0.236079 0.680874 6.452906
v -0.163505 1.139807 6.470881
v -0.179841 1.162114 6.462481
v -0.163565 1.143479 6.444341
v -0.176004 1.159392 6.436354
v -0.134770 1.081247 6.426127
v -0.144007 1.103447 6.435554
v -0.126394 1.055064 6.417099
v -0.190765 1.171194 6.421195
v -0.209717 1.178105 6.402115
v -0.199543 1.164626 6.379153
v -0.132373 1.065230 6.395610
v -0.140110 1.090015 6.404884
v -0.163678 1.143592 6.428584
v -0.153325 1.125465 6.442552
v -0.157321 1.131564 6.422631
v -0.183423 1.160055 6.400243
v -0.171371 1.151637 6.419098
v -0.184597 1.007531 6.312803
v -0.205187 1.027245 6.300781
v -0.182928 1.029910 6.316155
v -0.129821 0.996926 6.368902
v -0.136328 1.023993 6.358258
v -0.164806 1.138222 6.405890
v -0.175098 1.143993 6.384218
v -0.190107 1.146954 6.361758
v -0.167747 1.076991 6.337299
v -0.173351 1.100613 6.341557
v -0.158425 1.098950 6.362491
v -0.153203 1.075294 6.356240
v -0.137724 1.046963 6.366505
v -0.141733 1.071460 6.375141
v -0.164895 1.053269 6.333663
v -0.150101 1.050941 6.349741
v -0.149486 1.028171 6.342697
v -0.148211 1.096389 6.384005
v -0.201104 1.124406 6.329235
v -0.181128 1.124524 6.348572
v -0.226397 1.118683 6.314773
v -0.165071 1.029757 6.328868
v -0.167694 1.007632 6.324333
v -0.170603 0.985359 6.320533
v -0.169984 0.916894 6.312140
v -0.302597 1.093473 6.722650
v -0.333025 1.108312 6.478701
v -0.329570 1.126118 6.462587
v -0.166618 1.038095 6.523063
v -0.151549 1.099450 6.494829
v -0.151256 1.115190 6.467618
v -0.316432 1.059402 6.511564
v -0.327629 1.078627 6.499870
v -0.186390 1.022720 6.522177
v -0.244031 1.017547 6.529749
v -0.334269 1.093393 6.489571
v -0.149081 1.112914 6.414835
v -0.157098 1.120067 6.394113
v -0.166758 1.123731 6.370862
v -0.210713 1.146019 6.340108
v -0.235588 1.139253 6.324875
v -0.322816 1.033802 6.482396
v -0.327137 1.027600 6.481483
v -0.333908 1.028845 6.478496
v -0.333737 1.039248 6.477848
v -0.235843 0.959579 6.482705
v -0.257960 0.957317 6.484373
v -0.298485 0.953591 6.479939
v -0.315809 0.950894 6.475246
v -0.169345 0.966191 6.466226
v -0.279069 0.955983 6.482451
v -0.189969 0.964349 6.474979
v -0.213077 0.962384 6.479353
v -0.376051 1.491324 6.627199
v -0.378314 1.517540 6.621860
v -0.373713 1.513715 6.609050
v -0.373756 1.486620 6.615230
v -0.351509 1.479272 6.598861
v -0.363787 1.481699 6.601765
v -0.337029 1.479449 6.599883
v -0.340956 1.507797 6.589783
v -0.331337 1.510208 6.596127
v -0.325087 1.482877 6.605043
v -0.320110 1.486184 6.613768
v -0.323931 1.515667 6.616249
v -0.328591 1.520032 6.632745
v -0.321380 1.496264 6.642500
v -0.318120 1.489871 6.626018
v -0.333276 1.502671 6.656836
v -0.339062 1.524947 6.647815
v -0.349296 1.506359 6.663486
v -0.375059 1.497574 6.640913
v -0.379534 1.522217 6.637266
v -0.354144 1.507313 6.589516
v -0.365455 1.509577 6.594367
v -0.370717 1.484358 6.607238
v -0.369318 1.511463 6.601454
v -0.379628 1.541111 6.605066
v -0.389421 1.542769 6.617314
v -0.358016 1.535342 6.580200
v -0.366940 1.537304 6.588446
v -0.336663 1.537557 6.589235
v -0.344952 1.535030 6.579698
v -0.324577 1.541611 6.609175
v -0.326448 1.512807 6.605577
v -0.330004 1.539607 6.598987
v -0.330054 1.544058 6.625211
v -0.342342 1.547810 6.643652
v -0.386466 1.545601 6.636120
v -0.372246 1.539657 6.596505
v -0.367492 1.628773 6.781608
v -0.374374 1.628672 6.781555
v -0.372418 1.623820 6.780909
v -0.368058 1.624560 6.780716
v -0.403676 1.623366 6.784886
v -0.414530 1.624033 6.780829
v -0.412274 1.615117 6.782802
v -0.404386 1.614702 6.786155
v -0.388173 1.626051 6.787652
v -0.380582 1.627032 6.788053
v -0.382759 1.630456 6.784597
v -0.387352 1.629721 6.784264
v -0.343341 1.629689 6.757205
v -0.338072 1.630947 6.755489
v -0.339209 1.634444 6.754049
v -0.343570 1.633727 6.755106
v -0.358110 1.629943 6.772406
v -0.352550 1.631492 6.770717
v -0.354027 1.634219 6.768744
v -0.358070 1.634378 6.769353
v -0.397999 1.611573 6.764863
v -0.400305 1.612036 6.777810
v -0.411961 1.613056 6.773482
v -0.410858 1.608860 6.759859
v -0.419111 1.620556 6.769025
v -0.412639 1.626692 6.767986
v -0.411928 1.627295 6.754148
v -0.417789 1.618757 6.753944
v -0.401260 1.628665 6.772066
v -0.399489 1.628451 6.759819
v -0.392105 1.621251 6.764794
v -0.392699 1.621352 6.778744
v -0.375362 1.623371 6.769191
v -0.374557 1.625566 6.780943
v -0.379602 1.619270 6.781466
v -0.379563 1.615797 6.769279
v -0.387711 1.618389 6.781253
v -0.389739 1.614850 6.769073
v -0.393939 1.623041 6.767363
v -0.394169 1.623956 6.780319
v -0.389360 1.630007 6.777496
v -0.389668 1.628969 6.764915
v -0.380873 1.629279 6.766060
v -0.380629 1.631086 6.777772
v -0.362393 1.618583 6.765510
v -0.365572 1.623045 6.775416
v -0.372794 1.622371 6.775099
v -0.372629 1.618198 6.765858
v -0.377935 1.628228 6.774567
v -0.373422 1.632624 6.773488
v -0.372656 1.631293 6.763461
v -0.377402 1.626361 6.765171
v -0.363669 1.631710 6.763818
v -0.366413 1.633457 6.774073
v -0.358971 1.625596 6.766269
v -0.361732 1.628695 6.775882
v -0.343389 1.627808 6.756121
v -0.347978 1.631183 6.764758
v -0.349764 1.625144 6.765658
v -0.346064 1.620760 6.756428
v -0.355249 1.623361 6.766299
v -0.354205 1.620134 6.758456
v -0.360269 1.627042 6.766289
v -0.358849 1.634096 6.764114
v -0.356163 1.632560 6.756728
v -0.358086 1.625292 6.759784
v -0.351899 1.635553 6.763477
v -0.348006 1.633827 6.754827
v -0.331232 1.622330 6.742883
v -0.330404 1.628760 6.740575
v -0.332790 1.630204 6.749903
v -0.333772 1.624632 6.751088
v -0.340301 1.623329 6.752375
v -0.338324 1.621051 6.746231
v -0.344461 1.627633 6.751856
v -0.343990 1.634084 6.750048
v -0.341840 1.633470 6.743966
v -0.341346 1.626414 6.747047
v -0.337304 1.635278 6.749150
v -0.335110 1.633674 6.741052
v -0.408971 1.606631 6.746166
v -0.392950 1.612004 6.752233
v -0.411611 1.626535 6.776969
v -0.415566 1.618509 6.740122
v -0.405324 1.627286 6.779054
v -0.394426 1.628279 6.748979
v -0.409093 1.627058 6.740479
v -0.392698 1.621322 6.758612
v -0.381480 1.621954 6.787381
v -0.376881 1.623995 6.760001
v -0.376167 1.630623 6.751195
v -0.386236 1.621330 6.787014
v -0.375743 1.613900 6.754001
v -0.357868 1.617024 6.749121
v -0.372609 1.632170 6.779385
v -0.368807 1.632458 6.779594
v -0.358099 1.632889 6.748384
v -0.357359 1.624689 6.757435
v -0.352498 1.627172 6.770580
v -0.341036 1.626280 6.747221
v -0.343232 1.634220 6.740544
v -0.355630 1.626297 6.770758
v -0.340823 1.618055 6.741416
v -0.338339 1.627499 6.754405
v -0.326683 1.627555 6.729776
v -0.332837 1.634374 6.731268
v -0.341196 1.626333 6.755770
v -0.328650 1.619437 6.733301
v -0.371240 1.502495 6.652974
v -0.375287 1.525366 6.649251
v -0.362603 1.505236 6.660848
v -0.353515 1.527692 6.656385
v -0.365683 1.526846 6.655823
v -0.381117 1.546747 6.651770
v -0.356470 1.549594 6.654224
v -0.369816 1.546485 6.657801
v -0.324720 1.561457 6.602397
v -0.328149 1.563872 6.618443
v -0.332472 1.559780 6.591564
v -0.347980 1.557004 6.570323
v -0.338742 1.558289 6.580653
v -0.385909 1.563019 6.657478
v -0.390162 1.564787 6.637960
v -0.372272 1.561512 6.665650
v -0.355972 1.564703 6.660786
v -0.410404 1.601848 6.729898
v -0.406918 1.601522 6.710420
v -0.392736 1.592694 6.716738
v -0.392476 1.601944 6.734541
v -0.375007 1.595407 6.717623
v -0.375441 1.606332 6.734690
v -0.358619 1.600868 6.713650
v -0.358596 1.609643 6.731136
v -0.343023 1.605669 6.708540
v -0.341972 1.612171 6.725978
v -0.329108 1.612051 6.702732
v -0.327749 1.615971 6.719834
v -0.321932 1.622516 6.699004
v -0.322113 1.625492 6.716804
v -0.416828 1.617189 6.723225
v -0.411051 1.615817 6.704132
v -0.407256 1.629120 6.722793
v -0.402381 1.629160 6.703598
v -0.391071 1.631001 6.725199
v -0.387227 1.631600 6.705461
v -0.326672 1.633970 6.698820
v -0.329315 1.635755 6.716960
v -0.373169 1.632359 6.725027
v -0.369710 1.632017 6.705048
v -0.356504 1.635432 6.722739
v -0.353232 1.634650 6.702899
v -0.341855 1.637084 6.719524
v -0.338737 1.636339 6.700256
v -0.393197 1.585542 6.696590
v -0.374963 1.582733 6.699423
v -0.358731 1.589080 6.694116
v -0.343502 1.596799 6.687508
v -0.330940 1.607224 6.680756
v -0.322551 1.617941 6.677887
v -0.338814 1.585631 6.662070
v -0.330889 1.604189 6.655160
v -0.324992 1.615888 6.655089
v -0.329317 1.601589 6.630566
v -0.326562 1.614234 6.631155
v -0.329587 1.599464 6.590223
v -0.325845 1.614297 6.589710
v -0.325883 1.612918 6.608347
v -0.328992 1.599639 6.607846
v -0.332158 1.583948 6.634439
v -0.330520 1.581582 6.612136
v -0.331081 1.579639 6.595390
v -0.335341 1.613498 6.564302
v -0.328284 1.614523 6.576043
v -0.331842 1.599124 6.577352
v -0.335961 1.597338 6.564295
v -0.350004 1.597230 6.553784
v -0.349627 1.614578 6.555890
v -0.366025 1.599662 6.559642
v -0.366379 1.615922 6.559924
v -0.338653 1.577111 6.571841
v -0.334550 1.579113 6.583405
v -0.348961 1.576088 6.561449
v -0.363352 1.577699 6.566121
v -0.371030 1.579784 6.581076
v -0.374016 1.601044 6.576721
v -0.377021 1.616374 6.574549
v -0.401074 1.600285 6.688307
v -0.401062 1.612822 6.683290
v -0.356405 1.576260 6.675775
v -0.374272 1.570795 6.681230
v -0.391022 1.577112 6.670532
v -0.398212 1.596530 6.664866
v -0.393707 1.610968 6.660974
v -0.388274 1.611532 6.638833
v -0.393781 1.598458 6.640209
v -0.393916 1.623458 6.682073
v -0.385531 1.618392 6.660245
v -0.380856 1.618902 6.638196
v -0.385888 1.613428 6.617808
v -0.389301 1.600341 6.618831
v -0.383314 1.614469 6.601608
v -0.382941 1.600106 6.602690
v -0.378542 1.600422 6.590186
v -0.381287 1.615364 6.588368
v -0.381546 1.581523 6.603159
v -0.376295 1.580329 6.592479
v -0.388783 1.582478 6.619246
v -0.393328 1.580529 6.641930
v -0.325906 1.629380 6.677553
v -0.326207 1.625344 6.655154
v -0.328247 1.622630 6.632045
v -0.328775 1.623688 6.609375
v -0.330257 1.625319 6.591163
v -0.333646 1.625624 6.579272
v -0.351333 1.624421 6.563507
v -0.339558 1.625004 6.569162
v -0.363524 1.624774 6.565689
v -0.371783 1.626468 6.577773
v -0.375994 1.626836 6.589342
v -0.379502 1.622696 6.617195
v -0.378219 1.625821 6.601749
v -0.391487 1.564540 6.616809
v -0.383406 1.562270 6.602601
v -0.376162 1.561009 6.593092
v -0.360832 1.557532 6.573040
v -0.369698 1.559340 6.584444
v -0.380937 1.628094 6.682439
v -0.364448 1.629296 6.681936
v -0.348917 1.631523 6.680044
v -0.336225 1.632563 6.678606
v -0.334610 1.629017 6.655786
v -0.346057 1.628801 6.656562
v -0.360623 1.627273 6.658402
v -0.374952 1.623624 6.659562
v -0.335392 1.627171 6.633013
v -0.345237 1.628070 6.633800
v -0.358763 1.627788 6.634240
v -0.371295 1.624820 6.637018
v -0.370588 1.628222 6.615952
v -0.359600 1.629901 6.613350
v -0.346618 1.629182 6.612811
v -0.337154 1.628015 6.611052
v -0.339162 1.628461 6.594280
v -0.348363 1.629536 6.596627
v -0.359844 1.630112 6.597862
v -0.369381 1.629510 6.600312
v -0.341780 1.628626 6.584040
v -0.352385 1.627879 6.570928
v -0.345609 1.628254 6.575990
v -0.360249 1.628526 6.571857
v -0.365168 1.629376 6.580411
v -0.367776 1.629817 6.589873
v -0.359500 1.629950 6.588836
v -0.358835 1.629486 6.581824
v -0.349626 1.629246 6.587776
v -0.351166 1.628917 6.580693
v -0.357577 1.628967 6.576377
v -0.353456 1.628637 6.575983
v -0.340568 1.567341 6.643499
v -0.366640 1.258147 6.797755
v -0.379119 1.253762 6.789896
v -0.350238 1.254482 6.803645
v -0.212766 1.013899 6.518872
v -0.235214 0.881980 6.462337
v -0.223059 0.848158 6.463484
v -0.229838 0.865861 6.462639
v -0.216760 1.017944 6.535188
v -0.162719 0.837137 6.450305
v -0.159272 0.692055 6.482676
v -0.104204 0.401473 6.414622
v -0.104486 0.405231 6.413111
v -0.104369 0.409095 6.411936
v -0.103997 0.412048 6.409871
v -0.102572 0.413615 6.408007
v -0.101343 0.414470 6.406437
v -0.104190 0.408102 6.410287
v -0.102806 0.406374 6.405900
v -0.104422 0.404641 6.407314
v -0.104194 0.405566 6.411700
f 2 3 1
f 1 3 4
f 3 2 5
f 5 2 6
f 3 7 4
f 4 7 8
f 10 11 9
f 9 11 12
f 14 15 13
f 13 15 16
f 18 19 17
f 17 19 20
f 22 23 21
f 21 23 24
f 26 18 25
f 25 18 17
f 27 28 17
f 17 28 25
f 30 31 29
f 29 31 32
f 34 35 33
f 33 35 36
f 21 24 37
f 37 24 38
f 40 31 39
f 39 31 38
f 34 33 28
f 28 33 25
f 41 42 44
f 44 42 43
f 36 45 33
f 33 45 25
f 46 47 49
f 49 47 48
f 51 52 50
f 50 52 53
f 55 53 54
f 54 53 52
f 57 58 56
f 56 58 59
f 61 62 60
f 60 62 63
f 65 66 64
f 64 66 67
f 69 70 68
f 68 70 71
f 65 73 72
f 72 73 74
f 64 75 65
f 65 75 73
f 77 78 76
f 76 78 79
f 80 81 83
f 83 81 82
f 81 85 84
f 84 85 86
f 88 89 87
f 87 89 69
f 88 87 90
f 90 87 91
f 93 94 92
f 92 94 95
f 96 84 43
f 43 84 44
f 51 98 97
f 97 98 86
f 97 99 51
f 51 99 52
f 54 52 100
f 100 52 99
f 58 101 59
f 59 101 102
f 62 103 63
f 63 103 104
f 105 106 6
f 6 106 5
f 108 109 107
f 107 109 110
f 112 113 111
f 111 113 114
f 116 117 115
f 115 117 118
f 120 121 119
f 119 121 122
f 124 125 123
f 123 125 126
f 128 129 127
f 127 129 130
f 130 131 127
f 127 131 132
f 134 1 133
f 133 1 135
f 1 4 135
f 135 4 136
f 4 8 136
f 136 8 137
f 138 139 15
f 15 139 140
f 140 139 141
f 141 139 142
f 144 57 143
f 143 57 56
f 145 146 141
f 141 146 147
f 146 149 148
f 148 149 150
f 152 153 151
f 151 153 154
f 141 147 140
f 140 147 155
f 157 11 156
f 156 11 158
f 160 161 159
f 159 161 162
f 164 165 163
f 163 165 166
f 165 160 166
f 166 160 159
f 168 169 167
f 167 169 170
f 169 171 170
f 170 171 172
f 149 173 150
f 150 173 174
f 175 176 149
f 149 176 173
f 178 172 177
f 177 172 171
f 180 181 179
f 179 181 182
f 184 180 183
f 183 180 179
f 186 187 185
f 185 187 188
f 190 191 189
f 189 191 192
f 7 193 8
f 8 193 194
f 196 162 195
f 195 162 161
f 197 168 198
f 198 168 167
f 181 199 182
f 182 199 200
f 202 203 201
f 201 203 204
f 187 186 205
f 205 186 206
f 208 209 207
f 207 209 210
f 212 213 211
f 211 213 214
f 215 216 218
f 218 216 217
f 220 209 219
f 219 209 208
f 204 186 221
f 221 186 185
f 201 204 222
f 222 204 221
f 223 211 220
f 220 211 209
f 224 225 214
f 214 225 210
f 203 206 204
f 204 206 186
f 227 187 226
f 226 187 205
f 27 228 21
f 21 228 22
f 230 231 229
f 229 231 232
f 234 235 233
f 233 235 236
f 238 239 237
f 237 239 240
f 119 122 118
f 118 122 115
f 112 242 241
f 241 242 243
f 98 51 244
f 244 51 50
f 245 138 14
f 14 138 15
f 11 10 158
f 158 10 246
f 89 85 69
f 69 85 70
f 11 157 12
f 12 157 247
f 249 164 248
f 248 164 163
f 177 250 178
f 178 250 251
f 253 254 252
f 252 254 255
f 187 227 188
f 188 227 256
f 212 257 213
f 213 257 258
f 260 134 259
f 259 134 133
f 165 164 135
f 135 164 133
f 160 165 136
f 136 165 135
f 136 137 160
f 160 137 161
f 137 261 161
f 161 261 195
f 263 264 262
f 262 264 265
f 13 16 266
f 266 16 267
f 268 267 155
f 155 267 16
f 147 269 155
f 155 269 268
f 162 196 167
f 167 196 198
f 167 170 162
f 162 170 159
f 170 172 159
f 159 172 166
f 172 178 166
f 166 178 163
f 178 251 163
f 163 251 248
f 168 270 169
f 169 270 271
f 272 273 171
f 171 273 177
f 271 272 169
f 169 272 171
f 168 197 270
f 270 197 274
f 250 177 275
f 275 177 273
f 277 45 276
f 276 45 278
f 280 281 279
f 279 281 282
f 284 104 283
f 283 104 103
f 285 215 286
f 286 215 218
f 288 289 287
f 287 289 290
f 291 80 66
f 66 80 83
f 293 294 292
f 292 294 295
f 73 91 74
f 74 91 87
f 91 73 92
f 92 73 75
f 279 77 280
f 280 77 76
f 80 291 70
f 70 291 71
f 277 47 96
f 96 47 82
f 297 175 296
f 296 175 149
f 299 154 298
f 298 154 153
f 225 300 210
f 210 300 207
f 224 301 206
f 206 301 205
f 210 209 214
f 214 209 211
f 226 205 302
f 302 205 301
f 304 305 303
f 303 305 306
f 308 309 307
f 307 309 310
f 72 291 65
f 65 291 66
f 66 83 67
f 67 83 46
f 312 313 311
f 311 313 314
f 316 317 315
f 315 317 36
f 29 318 35
f 35 318 319
f 321 32 320
f 320 32 322
f 311 314 323
f 323 314 324
f 315 325 316
f 316 325 326
f 318 287 319
f 319 287 290
f 328 321 327
f 327 321 320
f 329 330 39
f 39 330 331
f 332 333 40
f 40 333 322
f 309 334 285
f 285 334 335
f 236 2 134
f 134 2 1
f 260 336 233
f 233 336 337
f 237 14 265
f 265 14 13
f 84 86 44
f 44 86 98
f 189 192 7
f 7 192 193
f 44 98 41
f 41 98 244
f 237 240 14
f 14 240 245
f 7 3 189
f 189 3 5
f 338 71 72
f 72 71 291
f 262 265 266
f 266 265 13
f 124 123 339
f 339 123 105
f 123 109 105
f 105 109 106
f 189 5 190
f 190 5 106
f 111 114 12
f 12 114 9
f 264 340 265
f 265 340 237
f 342 343 341
f 341 343 344
f 6 235 105
f 105 235 339
f 234 346 345
f 345 346 347
f 349 350 348
f 348 350 351
f 107 352 108
f 108 352 353
f 355 356 354
f 354 356 357
f 237 340 238
f 238 340 358
f 12 247 111
f 111 247 359
f 264 263 116
f 116 263 360
f 361 362 222
f 222 362 201
f 364 365 363
f 363 365 366
f 368 369 367
f 367 369 370
f 372 373 371
f 371 373 374
f 375 376 372
f 372 376 377
f 378 379 381
f 381 379 380
f 382 383 269
f 269 383 268
f 150 174 365
f 365 174 384
f 380 377 381
f 381 377 376
f 271 270 180
f 180 270 181
f 273 272 252
f 252 272 184
f 272 271 184
f 184 271 180
f 181 270 274
f 252 255 273
f 273 255 275
f 254 385 255
f 255 385 386
f 387 388 179
f 179 388 183
f 389 387 182
f 182 387 179
f 182 200 389
f 389 200 390
f 388 391 183
f 183 391 253
f 391 392 253
f 253 392 254
f 394 379 393
f 393 379 378
f 185 188 395
f 395 188 396
f 221 185 397
f 397 185 395
f 222 221 398
f 398 221 397
f 188 256 396
f 396 256 399
f 400 401 256
f 256 401 399
f 402 403 405
f 405 403 404
f 148 150 364
f 364 150 365
f 393 406 394
f 394 406 407
f 158 246 393
f 393 246 406
f 342 19 238
f 238 19 239
f 23 22 350
f 350 22 354
f 244 50 245
f 245 50 138
f 55 142 53
f 53 142 139
f 145 144 296
f 296 144 143
f 355 228 341
f 341 228 20
f 41 240 42
f 42 240 239
f 283 308 284
f 284 308 307
f 349 409 408
f 408 409 410
f 244 245 41
f 41 245 240
f 268 383 406
f 406 383 407
f 346 411 349
f 349 411 409
f 251 412 248
f 248 412 413
f 275 414 250
f 250 414 415
f 25 45 26
f 26 45 277
f 43 26 96
f 96 26 277
f 416 417 61
f 61 417 62
f 329 24 408
f 408 24 23
f 31 40 32
f 32 40 322
f 39 38 329
f 329 38 24
f 37 38 30
f 30 38 31
f 418 419 421
f 421 419 420
f 78 295 79
f 79 295 294
f 124 339 422
f 422 339 345
f 232 131 357
f 357 131 351
f 2 236 6
f 6 236 235
f 252 184 253
f 253 184 183
f 227 423 256
f 256 423 400
f 423 227 305
f 305 227 226
f 424 258 425
f 425 258 257
f 426 427 212
f 212 427 257
f 259 133 249
f 249 133 164
f 419 418 428
f 428 418 429
f 327 430 328
f 328 430 288
f 49 431 46
f 46 431 67
f 306 302 424
f 424 302 258
f 313 432 314
f 314 432 433
f 32 321 29
f 29 321 318
f 324 314 433
f 287 318 328
f 328 318 321
f 134 260 236
f 236 260 233
f 345 339 234
f 234 339 235
f 357 351 354
f 354 351 350
f 408 23 349
f 349 23 350
f 317 278 36
f 36 278 45
f 432 313 429
f 429 313 428
f 435 428 434
f 434 428 313
f 42 239 18
f 18 239 19
f 43 42 26
f 26 42 18
f 121 120 436
f 436 120 437
f 302 301 258
f 258 301 213
f 110 109 126
f 126 109 123
f 238 358 342
f 342 358 343
f 341 20 342
f 342 20 19
f 322 438 320
f 320 438 439
f 320 439 327
f 327 439 430
f 333 440 322
f 322 440 438
f 289 288 323
f 323 288 430
f 115 340 116
f 116 340 264
f 146 145 149
f 149 145 296
f 15 140 16
f 16 140 155
f 441 442 152
f 152 442 153
f 225 224 203
f 203 224 206
f 175 297 154
f 154 297 151
f 293 443 294
f 294 443 444
f 248 413 249
f 249 413 445
f 446 447 400
f 400 447 401
f 388 387 396
f 396 387 395
f 387 389 395
f 395 389 397
f 391 388 399
f 399 388 396
f 401 392 399
f 399 392 391
f 255 386 275
f 275 386 414
f 449 450 448
f 448 450 451
f 335 452 285
f 285 452 215
f 453 298 442
f 442 298 153
f 211 223 212
f 212 223 426
f 425 257 454
f 454 257 427
f 266 10 262
f 262 10 9
f 360 113 456
f 456 113 455
f 8 194 137
f 137 194 261
f 10 266 246
f 246 266 267
f 203 202 225
f 225 202 300
f 262 9 263
f 263 9 114
f 108 353 190
f 190 353 191
f 389 390 397
f 397 390 398
f 457 422 128
f 128 422 129
f 156 158 378
f 378 158 393
f 347 346 348
f 348 346 349
f 447 458 401
f 401 458 392
f 364 382 148
f 148 382 269
f 55 54 57
f 57 54 58
f 75 64 459
f 459 64 460
f 100 90 101
f 101 90 95
f 101 58 100
f 100 58 54
f 142 55 144
f 144 55 57
f 147 146 269
f 269 146 148
f 459 93 75
f 75 93 92
f 144 145 142
f 142 145 141
f 228 27 20
f 20 27 17
f 154 299 175
f 175 299 176
f 214 213 224
f 224 213 301
f 424 461 306
f 306 461 303
f 285 286 309
f 309 286 310
f 462 334 308
f 308 334 309
f 302 306 226
f 226 306 305
f 37 28 21
f 21 28 27
f 29 35 30
f 30 35 34
f 30 34 37
f 37 34 28
f 344 436 356
f 356 436 229
f 325 290 326
f 326 290 289
f 311 439 312
f 312 439 438
f 35 319 36
f 36 319 315
f 439 311 430
f 430 311 323
f 315 319 325
f 325 319 290
f 440 463 438
f 438 463 312
f 341 344 355
f 355 344 356
f 360 456 116
f 116 456 117
f 354 22 355
f 355 22 228
f 326 289 324
f 324 289 323
f 74 87 68
f 68 87 69
f 50 53 138
f 138 53 139
f 268 406 267
f 267 406 246
f 190 106 108
f 108 106 109
f 241 455 112
f 112 455 113
f 358 122 343
f 343 122 121
f 129 347 130
f 130 347 348
f 348 351 130
f 130 351 131
f 229 232 356
f 356 232 357
f 340 115 358
f 358 115 122
f 111 359 112
f 112 359 242
f 125 124 457
f 457 124 422
f 231 132 232
f 232 132 131
f 343 121 344
f 344 121 436
f 263 114 360
f 360 114 113
f 347 129 345
f 345 129 422
f 230 229 437
f 437 229 436
f 464 446 423
f 423 446 400
f 465 466 468
f 468 466 467
f 470 471 469
f 469 471 472
f 469 472 373
f 373 472 374
f 474 469 473
f 473 469 373
f 471 475 472
f 472 475 476
f 472 477 374
f 374 477 478
f 477 472 476
f 479 480 476
f 476 480 477
f 473 373 377
f 377 373 372
f 481 482 479
f 479 482 480
f 483 484 481
f 481 484 482
f 403 402 485
f 485 402 486
f 487 488 483
f 483 488 484
f 487 489 488
f 488 489 490
f 489 491 490
f 490 491 492
f 491 493 492
f 492 493 494
f 493 495 494
f 494 495 496
f 497 498 481
f 481 498 483
f 484 499 482
f 482 499 367
f 370 480 367
f 367 480 482
f 480 370 477
f 477 370 478
f 500 497 479
f 479 497 481
f 451 473 380
f 380 473 377
f 448 451 379
f 379 451 380
f 501 502 504
f 504 502 503
f 449 505 507
f 507 505 506
f 486 508 505
f 505 508 506
f 508 509 506
f 506 509 510
f 511 507 510
f 510 507 506
f 509 508 512
f 512 508 513
f 515 509 514
f 514 509 512
f 509 515 510
f 510 515 516
f 510 516 511
f 511 516 517
f 486 505 485
f 485 505 518
f 505 449 518
f 518 449 448
f 383 382 403
f 403 382 404
f 363 404 364
f 364 404 382
f 403 485 383
f 383 485 407
f 519 520 361
f 361 520 362
f 522 496 521
f 521 496 495
f 450 474 451
f 451 474 473
f 363 366 523
f 523 366 524
f 525 499 488
f 488 499 484
f 488 490 525
f 525 490 526
f 496 522 520
f 520 522 527
f 494 496 519
f 519 496 520
f 492 494 528
f 528 494 519
f 529 530 495
f 495 530 521
f 490 492 526
f 526 492 528
f 529 495 531
f 531 495 493
f 533 534 532
f 532 534 535
f 523 524 533
f 533 524 534
f 486 402 532
f 532 402 533
f 529 536 530
f 530 536 537
f 536 538 537
f 537 538 539
f 540 541 539
f 539 541 537
f 530 537 535
f 535 537 541
f 542 539 543
f 543 539 538
f 539 542 540
f 540 542 544
f 541 540 513
f 513 540 512
f 540 544 512
f 512 544 514
f 546 547 545
f 545 547 548
f 549 550 531
f 531 550 551
f 550 549 552
f 552 549 553
f 546 550 554
f 554 550 552
f 547 546 555
f 555 546 554
f 498 556 558
f 558 556 557
f 559 557 560
f 560 557 556
f 561 562 560
f 560 562 559
f 557 559 552
f 552 559 554
f 559 562 554
f 554 562 555
f 558 557 553
f 553 557 552
f 475 471 563
f 563 471 564
f 565 563 567
f 567 563 566
f 471 470 564
f 564 470 466
f 564 466 568
f 568 466 465
f 568 465 569
f 569 465 570
f 572 573 571
f 571 573 574
f 569 575 567
f 567 575 576
f 577 565 576
f 576 565 567
f 578 579 581
f 581 579 580
f 575 561 576
f 576 561 560
f 556 577 560
f 560 577 576
f 577 556 497
f 497 556 498
f 565 577 500
f 500 577 497
f 563 565 475
f 475 565 500
f 553 489 558
f 558 489 487
f 531 493 549
f 549 493 491
f 489 553 491
f 491 553 549
f 394 407 518
f 518 407 485
f 518 448 394
f 394 448 379
f 545 548 538
f 538 548 543
f 551 545 536
f 536 545 538
f 536 529 551
f 551 529 531
f 507 582 449
f 449 582 450
f 511 583 507
f 507 583 582
f 511 517 583
f 583 517 584
f 585 586 588
f 588 586 587
f 590 591 589
f 589 591 592
f 591 590 593
f 593 590 594
f 596 597 595
f 595 597 598
f 599 600 602
f 602 600 601
f 604 605 603
f 603 605 606
f 608 609 607
f 607 609 610
f 612 613 611
f 611 613 614
f 615 616 618
f 618 616 617
f 620 621 619
f 619 621 622
f 624 625 623
f 623 625 626
f 628 629 627
f 627 629 630
f 632 633 631
f 631 633 634
f 635 636 638
f 638 636 637
f 639 640 642
f 642 640 641
f 644 645 643
f 643 645 646
f 619 622 647
f 647 622 648
f 650 651 649
f 649 651 652
f 601 653 602
f 602 653 654
f 656 657 655
f 655 657 658
f 660 661 659
f 659 661 662
f 664 665 663
f 663 665 666
f 593 594 667
f 667 594 668
f 669 670 672
f 672 670 671
f 673 674 676
f 676 674 675
f 633 632 677
f 677 632 678
f 663 666 679
f 679 666 680
f 681 682 684
f 684 682 683
f 686 687 685
f 685 687 688
f 690 661 689
f 689 661 691
f 693 686 692
f 692 686 685
f 695 597 694
f 694 597 668
f 594 696 668
f 668 696 694
f 697 698 696
f 696 698 699
f 700 701 697
f 697 701 698
f 702 585 703
f 703 585 588
f 671 690 672
f 672 690 689
f 640 639 704
f 704 639 705
f 679 706 663
f 663 706 658
f 708 709 707
f 707 709 710
f 711 712 610
f 610 712 607
f 713 714 716
f 716 714 715
f 717 718 720
f 720 718 719
f 722 634 721
f 721 634 633
f 724 725 723
f 723 725 726
f 728 729 727
f 727 729 730
f 732 733 731
f 731 733 734
f 707 710 735
f 735 710 736
f 643 737 644
f 644 737 738
f 740 741 739
f 739 741 742
f 608 744 743
f 743 744 745
f 747 748 746
f 746 748 749
f 751 752 750
f 750 752 753
f 754 755 757
f 757 755 756
f 758 759 761
f 761 759 760
f 763 764 762
f 762 764 765
f 767 768 766
f 766 768 769
f 771 772 770
f 770 772 773
f 775 776 774
f 774 776 777
f 779 780 778
f 778 780 781
f 783 712 782
f 782 712 784
f 785 786 788
f 788 786 787
f 790 628 789
f 789 628 627
f 792 793 791
f 791 793 794
f 795 796 726
f 726 796 723
f 798 799 797
f 797 799 800
f 721 633 801
f 801 633 677
f 797 800 802
f 802 800 803
f 805 806 804
f 804 806 807
f 809 810 808
f 808 810 811
f 813 814 812
f 812 814 815
f 809 808 817
f 817 808 816
f 818 819 804
f 804 819 805
f 820 821 818
f 818 821 819
f 821 820 587
f 587 820 822
f 809 823 810
f 810 823 824
f 814 807 815
f 815 807 806
f 826 426 825
f 825 426 223
f 426 826 427
f 427 826 827
f 828 829 454
f 454 829 830
f 831 832 677
f 677 832 801
f 834 835 833
f 833 835 836
f 838 839 837
f 837 839 840
f 841 842 844
f 844 842 843
f 845 846 803
f 803 846 802
f 847 831 678
f 678 831 677
f 848 849 851
f 851 849 850
f 853 854 852
f 852 854 855
f 857 858 856
f 856 858 680
f 860 861 859
f 859 861 862
f 864 865 863
f 863 865 866
f 868 869 867
f 867 869 870
f 839 871 840
f 840 871 872
f 849 848 874
f 874 848 873
f 876 877 875
f 875 877 878
f 880 881 879
f 879 881 882
f 883 884 886
f 886 884 885
f 846 887 802
f 802 887 888
f 890 891 889
f 889 891 888
f 893 894 892
f 892 894 895
f 896 897 728
f 728 897 729
f 899 900 898
f 898 900 901
f 902 852 904
f 904 852 903
f 849 905 850
f 850 905 906
f 875 878 907
f 907 878 908
f 910 911 909
f 909 911 912
f 914 915 913
f 913 915 916
f 917 918 862
f 862 918 859
f 919 920 856
f 856 920 921
f 923 924 922
f 922 924 925
f 926 927 925
f 925 927 922
f 929 930 928
f 928 930 693
f 932 695 931
f 931 695 694
f 823 867 824
f 824 867 933
f 935 936 934
f 934 936 937
f 938 868 823
f 823 868 867
f 940 847 939
f 939 847 678
f 632 655 678
f 678 655 939
f 941 942 619
f 619 942 620
f 687 943 688
f 688 943 944
f 851 850 945
f 945 850 903
f 850 906 903
f 903 906 904
f 946 947 949
f 949 947 948
f 951 952 950
f 950 952 953
f 955 956 954
f 954 956 957
f 907 958 875
f 875 958 874
f 960 961 959
f 959 961 962
f 963 853 902
f 902 853 852
f 909 964 910
f 910 964 965
f 967 968 966
f 966 968 969
f 971 972 970
f 970 972 973
f 974 960 975
f 975 960 959
f 977 978 976
f 976 978 979
f 981 977 980
f 980 977 976
f 980 982 981
f 981 982 983
f 985 983 984
f 984 983 982
f 984 986 985
f 985 986 987
f 989 990 988
f 988 990 991
f 993 994 992
f 992 994 995
f 997 998 996
f 996 998 999
f 1001 1002 1000
f 1000 1002 1003
f 1005 1006 1004
f 1004 1006 1007
f 1004 1008 1005
f 1005 1008 1009
f 1008 1010 1009
f 1009 1010 1011
f 1013 1011 1012
f 1012 1011 1010
f 1014 1015 1017
f 1017 1015 1016
f 1019 1020 1018
f 1018 1020 1021
f 1022 1023 976
f 976 1023 980
f 1024 1025 982
f 982 1025 984
f 992 995 1026
f 1026 995 1027
f 956 955 1028
f 1028 955 1029
f 1030 1031 1033
f 1033 1031 1032
f 1010 1008 1034
f 1034 1008 1035
f 1008 1004 1035
f 1035 1004 1036
f 1037 1038 1002
f 1002 1038 1007
f 1002 1001 1037
f 1037 1001 1039
f 1040 1041 997
f 997 1041 998
f 1015 1014 1043
f 1043 1014 1042
f 1044 1045 1047
f 1047 1045 1046
f 1044 1020 1048
f 1048 1020 1049
f 1050 1051 1003
f 1003 1051 1000
f 1052 1050 1006
f 1006 1050 1003
f 1053 1054 1011
f 1011 1054 1009
f 1013 1045 1055
f 1055 1045 1056
f 1058 1059 1057
f 1057 1059 1060
f 1062 1063 1061
f 1061 1063 1064
f 1065 1066 1050
f 1050 1066 1051
f 1067 1065 1052
f 1052 1065 1050
f 1068 1069 1054
f 1054 1069 1070
f 1071 1068 1053
f 1053 1068 1054
f 1073 1071 1072
f 1072 1071 1074
f 1074 1071 1055
f 1055 1071 1053
f 1076 1077 1075
f 1075 1077 1078
f 1079 1080 1057
f 1057 1080 1058
f 1081 1082 1064
f 1064 1082 1061
f 1084 1085 1083
f 1083 1085 1086
f 1088 1089 1087
f 1087 1089 1090
f 1092 1093 1091
f 1091 1093 1094
f 1096 1097 1095
f 1095 1097 1098
f 1099 1100 1102
f 1102 1100 1101
f 1103 1104 1099
f 1099 1104 1100
f 1106 1107 1105
f 1105 1107 1108
f 1110 1111 1109
f 1109 1111 1112
f 1114 1115 1113
f 1113 1115 1116
f 1118 1119 1117
f 1117 1119 1077
f 1117 1120 1122
f 1122 1120 1121
f 1105 1123 1106
f 1106 1123 1124
f 1125 1126 1128
f 1128 1126 1127
f 1130 1131 1129
f 1129 1131 1132
f 1134 1135 1133
f 1133 1135 1114
f 1113 1136 1114
f 1114 1136 1133
f 1118 1137 1113
f 1113 1137 1136
f 1118 1117 1137
f 1137 1117 1122
f 1139 1140 1138
f 1138 1140 1141
f 1143 953 1142
f 1142 953 952
f 1145 957 1144
f 1144 957 956
f 1028 1146 956
f 956 1146 1144
f 1014 1147 1042
f 1042 1147 1148
f 1014 1017 1147
f 1147 1017 1149
f 1059 1058 1150
f 1150 1058 1151
f 1153 1080 1152
f 1152 1080 1154
f 1156 1088 1155
f 1155 1088 1087
f 1157 1158 1106
f 1106 1158 1107
f 1106 1124 1157
f 1157 1124 1159
f 1161 1162 1160
f 1160 1162 1163
f 1165 1166 1164
f 1164 1166 1167
f 1168 1031 1012
f 1012 1031 1046
f 1024 1023 1035
f 1035 1023 1034
f 1036 1038 1025
f 1025 1038 1169
f 1170 1171 1039
f 1039 1171 1037
f 1028 1029 1042
f 1042 1029 1043
f 1172 1173 1175
f 1175 1173 1174
f 1055 1053 1013
f 1013 1053 1011
f 1005 1009 1070
f 1070 1009 1054
f 996 999 1062
f 1062 999 1063
f 1016 1060 1017
f 1017 1060 1059
f 1017 1059 1149
f 1149 1059 1150
f 1177 1178 1176
f 1176 1178 1103
f 1176 1072 1179
f 1179 1072 1074
f 1073 1102 1086
f 1086 1102 1083
f 1180 1181 1067
f 1067 1181 1065
f 1182 1183 1184
f 1184 1183 1181
f 1186 1187 1185
f 1185 1187 1188
f 1189 1190 798
f 798 1190 799
f 1192 1193 1191
f 1191 1193 1194
f 1195 1196 1194
f 1194 1196 1191
f 1196 1195 1198
f 1198 1195 1197
f 1200 674 1199
f 1199 674 673
f 928 1201 1203
f 1203 1201 1202
f 861 1204 862
f 862 1204 921
f 1205 1206 913
f 913 1206 1207
f 882 1208 879
f 879 1208 1209
f 1210 1211 1167
f 1167 1211 1164
f 1212 769 1213
f 1213 769 768
f 727 1214 728
f 728 1214 1215
f 1217 1218 1216
f 1216 1218 1219
f 1220 813 1221
f 1221 813 812
f 827 828 427
f 427 828 454
f 1223 1224 1222
f 1222 1224 1165
f 1226 1227 1225
f 1225 1227 1228
f 851 1229 848
f 848 1229 1230
f 834 854 835
f 835 854 1231
f 1233 1234 1232
f 1232 1234 1235
f 1237 751 1236
f 1236 751 750
f 743 819 1238
f 1238 819 821
f 1240 1241 1239
f 1239 1241 1242
f 1244 1245 1243
f 1243 1245 1246
f 844 1247 841
f 841 1247 1248
f 1250 1251 1249
f 1249 1251 1252
f 1254 893 1253
f 1253 893 1237
f 1255 1256 1258
f 1258 1256 1257
f 1260 1261 1259
f 1259 1261 1262
f 945 903 855
f 855 903 852
f 855 1263 945
f 945 1263 1264
f 832 845 801
f 801 845 803
f 800 721 803
f 803 721 801
f 721 800 722
f 722 800 799
f 1266 1267 1265
f 1265 1267 1268
f 1270 795 1269
f 1269 795 726
f 725 1271 726
f 726 1271 1269
f 737 765 738
f 738 765 764
f 759 740 760
f 760 740 739
f 717 1272 1274
f 1274 1272 1273
f 1163 1226 1275
f 1275 1226 1225
f 1277 882 1276
f 1276 882 881
f 1041 1040 1027
f 1027 1040 1026
f 900 935 901
f 901 935 934
f 1164 1278 1165
f 1165 1278 1222
f 1211 1279 1164
f 1164 1279 1278
f 442 1280 453
f 453 1280 1281
f 788 1282 785
f 785 1282 1283
f 1285 1286 1284
f 1284 1286 1287
f 1284 1288 1285
f 1285 1288 1289
f 757 1289 754
f 754 1289 1288
f 605 604 675
f 675 604 676
f 1290 1291 1293
f 1293 1291 1292
f 1295 1296 1294
f 1294 1296 1297
f 696 699 694
f 694 699 931
f 1298 1299 592
f 592 1299 589
f 1299 1300 589
f 589 1300 700
f 1300 1301 700
f 700 1301 701
f 743 745 819
f 819 745 805
f 1303 1304 1302
f 1302 1304 1305
f 1306 1307 1305
f 1305 1307 1302
f 609 1298 610
f 610 1298 592
f 587 822 588
f 588 822 1308
f 703 588 1309
f 1309 588 1308
f 1310 703 571
f 571 703 1309
f 1311 1312 789
f 789 1312 790
f 825 223 1313
f 1313 223 220
f 219 1314 220
f 220 1314 1313
f 1315 1316 1311
f 1311 1316 1312
f 1317 1318 1319
f 1319 1318 1241
f 441 1320 442
f 442 1320 1280
f 1321 217 572
f 572 217 216
f 1323 1230 1322
f 1322 1230 1229
f 1324 1325 631
f 631 1325 656
f 1034 1168 1010
f 1010 1168 1012
f 1327 1328 1326
f 1326 1328 1329
f 1331 1202 1330
f 1330 1202 1201
f 571 1309 572
f 572 1309 1321
f 573 572 1332
f 1332 572 216
f 1334 1335 1333
f 1333 1335 1336
f 1337 1338 918
f 918 1338 859
f 1339 863 1340
f 1340 863 866
f 1341 1342 1344
f 1344 1342 1343
f 1345 1346 919
f 919 1346 920
f 1347 1348 673
f 673 1348 1199
f 693 1349 928
f 928 1349 1201
f 1351 1257 1350
f 1350 1257 1256
f 1350 1352 1351
f 1351 1352 1353
f 653 930 654
f 654 930 662
f 1279 1354 1278
f 1278 1354 1355
f 1357 1358 1356
f 1356 1358 1359
f 937 1360 1140
f 1140 1360 1361
f 1225 1228 909
f 909 1228 964
f 901 934 1362
f 1362 934 1139
f 1364 1365 1363
f 1363 1365 1362
f 1367 912 1366
f 1366 912 911
f 1143 1142 1368
f 1368 1142 1369
f 1144 1186 1145
f 1145 1186 1185
f 1146 1175 1144
f 1144 1175 1186
f 1175 1146 1172
f 1172 1146 1148
f 1147 1018 1148
f 1148 1018 1172
f 1018 1147 1019
f 1019 1147 1149
f 1149 1150 1019
f 1019 1150 1370
f 1150 1151 1370
f 1370 1151 1371
f 1151 1153 1371
f 1371 1153 1177
f 1152 1156 1178
f 1178 1156 1372
f 1155 1158 1373
f 1373 1158 1374
f 1157 1159 1376
f 1376 1159 1375
f 1378 1379 1377
f 1377 1379 1380
f 1382 1383 1381
f 1381 1383 1384
f 1382 1386 1385
f 1385 1386 1387
f 1386 1233 1387
f 1387 1233 1232
f 1389 1390 1388
f 1388 1390 1391
f 1393 1394 1392
f 1392 1394 1395
f 1397 1398 1396
f 1396 1398 1399
f 629 1397 630
f 630 1397 1396
f 1342 1400 1343
f 1343 1400 1401
f 1403 1404 1402
f 1402 1404 1405
f 1407 1408 1406
f 1406 1408 1409
f 1411 1412 1410
f 1410 1412 1413
f 793 1414 794
f 794 1414 1415
f 1417 1341 1416
f 1416 1341 1344
f 704 705 1347
f 1347 705 1418
f 741 1419 742
f 742 1419 1420
f 1422 669 1421
f 1421 669 672
f 645 1423 646
f 646 1423 1424
f 1196 1198 614
f 614 1198 611
f 613 1425 614
f 614 1425 1426
f 1427 616 659
f 659 616 660
f 614 1426 1196
f 1196 1426 1191
f 696 594 697
f 697 594 590
f 697 590 700
f 700 590 589
f 703 1310 702
f 702 1310 1428
f 1421 672 1192
f 1192 672 689
f 1271 648 1269
f 1269 648 622
f 621 1270 622
f 622 1270 1269
f 1429 1430 1417
f 1417 1430 1341
f 1431 1432 1434
f 1434 1432 1433
f 1436 1437 1435
f 1435 1437 1438
f 1440 1441 1439
f 1439 1441 1442
f 1443 1444 1446
f 1446 1444 1445
f 823 809 938
f 938 809 817
f 810 1447 811
f 811 1447 1448
f 1449 1450 679
f 679 1450 706
f 913 916 1205
f 1205 916 1451
f 1275 1225 912
f 912 1225 909
f 1452 1453 880
f 880 1453 881
f 1444 1401 1445
f 1445 1401 1400
f 936 1454 937
f 937 1454 1360
f 824 1455 810
f 810 1455 1447
f 631 656 632
f 632 656 655
f 966 1456 967
f 967 1456 1457
f 1459 1460 1458
f 1458 1460 1461
f 1460 1462 1461
f 1461 1462 1463
f 972 974 973
f 973 974 975
f 990 995 991
f 991 995 994
f 1464 1187 1033
f 1033 1187 1174
f 1018 1021 1172
f 1172 1021 1173
f 1000 999 1001
f 1001 999 998
f 976 979 1022
f 1022 979 1032
f 1023 1024 980
f 980 1024 982
f 989 986 1171
f 1171 986 1169
f 1171 1170 989
f 989 1170 990
f 1170 1027 990
f 990 1027 995
f 1041 1039 998
f 998 1039 1001
f 1051 1063 1000
f 1000 1063 999
f 1066 1064 1051
f 1051 1064 1063
f 1183 1081 1066
f 1066 1081 1064
f 1178 1372 1103
f 1103 1372 1104
f 1092 1091 1465
f 1465 1091 1182
f 1467 1465 1466
f 1466 1465 1468
f 1469 1470 1184
f 1184 1470 1468
f 1095 1098 1471
f 1471 1098 1101
f 1076 1374 1120
f 1120 1374 1376
f 1110 1472 1127
f 1127 1472 1132
f 1472 1473 1132
f 1132 1473 1129
f 1474 1475 1466
f 1466 1475 1473
f 1119 1118 1116
f 1116 1118 1113
f 1375 1121 1376
f 1376 1121 1120
f 1127 1132 1128
f 1128 1132 1131
f 1227 1476 1228
f 1228 1476 1361
f 1365 1477 1362
f 1362 1477 872
f 1478 1479 1323
f 1323 1479 1230
f 1480 1481 914
f 914 1481 915
f 913 1277 914
f 914 1277 1276
f 1168 1034 1022
f 1022 1034 1023
f 1035 1036 1024
f 1024 1036 1025
f 1039 1041 1170
f 1170 1041 1027
f 1042 1148 1028
f 1028 1148 1146
f 968 1459 969
f 969 1459 1458
f 1482 1483 664
f 664 1483 665
f 1485 1486 1484
f 1484 1486 1487
f 1489 1490 1488
f 1488 1490 1491
f 1492 1493 722
f 722 1493 634
f 1495 1496 1494
f 1494 1496 1497
f 1498 1207 1339
f 1339 1207 863
f 1224 1499 1165
f 1165 1499 1166
f 1160 1163 1500
f 1500 1163 1275
f 1500 877 1160
f 1160 877 1501
f 876 873 1502
f 1502 873 1479
f 945 1264 851
f 851 1264 1229
f 835 1231 839
f 839 1231 871
f 1503 1283 778
f 778 1283 1282
f 716 715 1505
f 1505 715 1504
f 1446 1445 1507
f 1507 1445 1506
f 779 792 1381
f 1381 792 791
f 1430 1409 1341
f 1341 1409 1342
f 1411 1429 1508
f 1508 1429 1417
f 635 1510 1509
f 1509 1510 1511
f 1377 1380 1315
f 1315 1380 1316
f 1445 1400 1506
f 1506 1400 1408
f 918 917 1336
f 1336 917 1333
f 1513 1514 1512
f 1512 1514 870
f 1515 1516 1363
f 1363 1516 1364
f 1453 1517 881
f 881 1517 1276
f 992 1518 993
f 993 1518 1519
f 1520 1029 1518
f 1518 1029 955
f 1520 1026 1521
f 1521 1026 1040
f 1522 1015 1521
f 1521 1015 1043
f 996 1523 997
f 997 1523 1522
f 1060 1016 1524
f 1524 1016 1523
f 1061 1525 1062
f 1062 1525 1524
f 1079 1527 1526
f 1526 1527 1528
f 1093 1529 1094
f 1094 1529 1528
f 1111 1530 1112
f 1112 1530 1531
f 1532 1533 1105
f 1105 1533 1123
f 934 937 1139
f 1139 937 1140
f 1138 1363 1139
f 1139 1363 1362
f 1534 1222 1355
f 1355 1222 1278
f 1535 1223 1534
f 1534 1223 1222
f 821 587 1238
f 1238 587 586
f 1319 711 1317
f 1317 711 1536
f 1538 1200 1537
f 1537 1200 1199
f 1508 1417 1539
f 1539 1417 1416
f 1540 1541 840
f 840 1541 837
f 1231 898 871
f 871 898 901
f 1500 1275 1367
f 1367 1275 912
f 1543 1379 1542
f 1542 1379 1395
f 1539 772 1508
f 1508 772 1544
f 1546 1403 1545
f 1545 1403 1402
f 1548 1549 1547
f 1547 1549 1550
f 1552 1548 1551
f 1551 1548 1547
f 1554 1555 1553
f 1553 1555 1556
f 1558 1559 1557
f 1557 1559 1560
f 1562 1563 1561
f 1561 1563 1564
f 1566 1567 1565
f 1565 1567 1568
f 1570 1571 1569
f 1569 1571 1572
f 1574 1575 1573
f 1573 1575 1576
f 1577 1578 1572
f 1572 1578 1569
f 1580 1581 1579
f 1579 1581 1582
f 1584 1585 1583
f 1583 1585 1586
f 1588 1555 1587
f 1587 1555 1589
f 1591 1592 1590
f 1590 1592 1593
f 1595 1596 1594
f 1594 1596 1597
f 1596 1581 1597
f 1597 1581 1576
f 1599 1570 1598
f 1598 1570 1569
f 1601 1602 1600
f 1600 1602 1603
f 1605 1606 1604
f 1604 1606 1607
f 1608 1609 1568
f 1568 1609 1565
f 1611 1612 1610
f 1610 1612 1613
f 1615 1616 1614
f 1614 1616 1617
f 1619 1617 1618
f 1618 1617 1616
f 1621 1622 1620
f 1620 1622 1623
f 1625 1626 1624
f 1624 1626 1627
f 1629 1630 1628
f 1628 1630 1631
f 1633 1634 1632
f 1632 1634 1635
f 1636 1637 1639
f 1639 1637 1638
f 1641 1642 1640
f 1640 1642 1643
f 1624 1627 1644
f 1644 1627 1645
f 1647 1648 1646
f 1646 1648 1649
f 1651 1652 1650
f 1650 1652 1653
f 1655 1656 1654
f 1654 1656 1657
f 1659 1660 1658
f 1658 1660 1661
f 1662 1663 1631
f 1631 1663 1628
f 1651 1665 1664
f 1664 1665 1666
f 1667 1656 1619
f 1619 1656 1617
f 1669 1670 1668
f 1668 1670 1671
f 1632 1635 1672
f 1672 1635 1673
f 1674 1675 1638
f 1638 1675 1639
f 1677 1678 1676
f 1676 1678 1679
f 1680 1640 1681
f 1681 1640 1643
f 1682 1683 1643
f 1643 1683 1681
f 1670 1669 1235
f 1235 1669 1232
f 1396 1399 1674
f 1674 1399 1675
f 627 630 1679
f 1679 630 1676
f 1681 1315 1680
f 1680 1315 1311
f 1683 1377 1681
f 1681 1377 1315
f 1672 1673 1387
f 1387 1673 1385
f 1636 1684 1646
f 1646 1684 1685
f 1687 1688 1686
f 1686 1688 1689
f 1585 1690 1586
f 1586 1690 1691
f 1599 1692 1551
f 1551 1692 1693
f 1552 1558 1694
f 1694 1558 1557
f 1696 1615 1695
f 1695 1615 1614
f 1698 1699 1697
f 1697 1699 1623
f 1700 1701 1703
f 1703 1701 1702
f 1705 1706 1704
f 1704 1706 1707
f 1708 1709 1640
f 1640 1709 1641
f 1710 1711 1713
f 1713 1711 1712
f 1652 1655 1653
f 1653 1655 1654
f 1714 1699 1712
f 1712 1699 1713
f 1715 1710 1716
f 1716 1710 1713
f 1717 1708 1680
f 1680 1708 1640
f 1393 1392 1715
f 1715 1392 1710
f 1719 1720 1718
f 1718 1720 1721
f 1680 1311 1717
f 1717 1311 789
f 1378 1711 1392
f 1392 1711 1710
f 1388 1391 1719
f 1719 1391 1720
f 1723 1606 1722
f 1722 1606 1689
f 1725 1568 1724
f 1724 1568 1567
f 1726 1647 1685
f 1685 1647 1646
f 1728 1554 1727
f 1727 1554 1553
f 1591 1687 1600
f 1600 1687 1686
f 1730 1595 1729
f 1729 1595 1594
f 1601 1605 1731
f 1731 1605 1604
f 1733 1663 1732
f 1732 1663 1734
f 1736 1639 1735
f 1735 1639 1675
f 1658 1644 1737
f 1737 1644 1645
f 1726 1662 1724
f 1724 1662 1631
f 1399 1738 1675
f 1675 1738 1735
f 1621 1667 1739
f 1739 1667 1619
f 1714 1740 1620
f 1620 1740 1741
f 1592 1549 1593
f 1593 1549 1742
f 1602 1571 1603
f 1603 1571 1550
f 1688 1690 1689
f 1689 1690 1722
f 1588 1559 1582
f 1582 1559 1579
f 1673 1735 1385
f 1385 1735 1738
f 1387 1232 1672
f 1672 1232 1669
f 1580 1692 1573
f 1573 1692 1743
f 1377 1683 1378
f 1378 1683 1711
f 1664 1666 1744
f 1744 1666 1745
f 1744 1696 1664
f 1664 1696 1695
f 1746 1747 1732
f 1732 1747 1748
f 1749 1750 1677
f 1677 1750 1678
f 1709 1708 1750
f 1750 1708 1678
f 1668 1632 1669
f 1669 1632 1672
f 1633 1746 1734
f 1734 1746 1732
f 1679 1678 1717
f 1717 1678 1708
f 789 627 1717
f 1717 627 1679
f 1563 1723 1564
f 1564 1723 1722
f 1728 1584 1751
f 1751 1584 1583
f 1674 1676 1396
f 1396 1676 630
f 1666 1566 1745
f 1745 1566 1565
f 1627 1629 1645
f 1645 1629 1628
f 1637 1749 1638
f 1638 1749 1677
f 1648 1665 1649
f 1649 1665 1752
f 1740 1642 1741
f 1741 1642 1657
f 1676 1674 1677
f 1677 1674 1638
f 1683 1682 1711
f 1711 1682 1712
f 1618 1753 1619
f 1619 1753 1739
f 1701 1739 1702
f 1702 1739 1753
f 1754 1214 1756
f 1756 1214 1755
f 647 1757 619
f 619 1757 941
f 1759 1193 1758
f 1758 1193 691
f 1419 1760 1420
f 1420 1760 1761
f 682 1762 683
f 683 1762 1763
f 1412 780 1413
f 1413 780 1384
f 1383 1398 1384
f 1384 1398 1413
f 1197 1424 1764
f 1764 1424 1423
f 1537 1287 1538
f 1538 1287 1286
f 1634 1684 1635
f 1635 1684 1736
f 1724 1631 1725
f 1725 1631 1630
f 1562 1730 1610
f 1610 1730 1729
f 1735 1673 1736
f 1736 1673 1635
f 1757 1195 941
f 941 1195 1194
f 1766 200 1765
f 1765 200 199
f 475 500 476
f 476 500 479
f 498 558 483
f 483 558 487
f 545 551 546
f 546 551 550
f 453 1281 219
f 219 1281 1314
f 298 453 208
f 208 453 219
f 368 1765 1767
f 1767 1765 199
f 523 405 363
f 363 405 404
f 523 533 405
f 405 533 402
f 298 208 299
f 299 208 207
f 299 207 176
f 176 207 300
f 176 300 173
f 173 300 202
f 173 202 174
f 174 202 201
f 1337 918 1768
f 1768 918 1336
f 1769 1770 1338
f 1338 1770 859
f 581 570 578
f 578 570 1771
f 555 562 580
f 580 562 561
f 504 1772 501
f 501 1772 548
f 517 542 584
f 584 542 543
f 515 514 516
f 516 514 544
f 542 517 544
f 544 517 516
f 561 575 580
f 580 575 581
f 575 569 581
f 581 569 570
f 501 548 1773
f 1773 548 547
f 1774 1775 570
f 570 1775 1771
f 369 368 1776
f 1776 368 1767
f 372 369 375
f 375 369 1776
f 822 1280 1308
f 1308 1280 1320
f 820 1281 822
f 822 1281 1280
f 818 1314 820
f 820 1314 1281
f 1314 818 1313
f 1313 818 804
f 807 814 825
f 825 814 826
f 814 813 826
f 826 813 827
f 813 1220 827
f 827 1220 828
f 580 579 555
f 555 579 547
f 1477 1540 872
f 872 1540 840
f 367 499 368
f 368 499 1765
f 1766 1765 525
f 525 1765 499
f 1777 1766 526
f 526 1766 525
f 520 527 362
f 362 527 384
f 361 1778 519
f 519 1778 528
f 371 1779 372
f 372 1779 369
f 369 1779 370
f 370 1779 478
f 1779 371 478
f 478 371 374
f 1778 1777 528
f 528 1777 526
f 1781 1782 1780
f 1780 1782 1783
f 431 460 67
f 67 460 64
f 68 338 74
f 74 338 72
f 1785 1782 1784
f 1784 1782 1786
f 1787 1788 1790
f 1790 1788 1789
f 1792 1789 1791
f 1791 1789 1793
f 1791 1794 1792
f 1792 1794 1795
f 1794 1796 1795
f 1795 1796 1797
f 1797 1798 938
f 938 1798 868
f 1798 1799 868
f 868 1799 869
f 1801 1802 1800
f 1800 1802 1451
f 1803 1804 1205
f 1205 1804 1206
f 1805 1806 864
f 864 1806 865
f 1806 1807 865
f 865 1807 1808
f 68 71 338
f 287 328 288
f 1320 1321 1308
f 1308 1321 1309
f 1320 441 1321
f 1321 441 217
f 441 152 217
f 217 152 218
f 151 286 152
f 152 286 218
f 297 310 151
f 151 310 286
f 296 307 297
f 297 307 310
f 296 143 307
f 307 143 284
f 143 56 284
f 284 56 104
f 56 59 104
f 104 59 63
f 59 102 63
f 63 102 60
f 102 94 60
f 60 94 282
f 93 459 279
f 279 459 77
f 459 460 77
f 77 460 78
f 460 431 78
f 78 431 295
f 431 49 295
f 295 49 292
f 48 421 49
f 49 421 292
f 276 278 418
f 418 278 429
f 317 432 278
f 278 432 429
f 432 317 433
f 433 317 316
f 326 324 316
f 316 324 433
f 1536 592 1809
f 1809 592 591
f 1810 744 1812
f 1812 744 1811
f 1814 1815 1813
f 1813 1815 1816
f 1817 748 1818
f 1818 748 747
f 1812 1819 1810
f 1810 1819 1817
f 1820 1821 748
f 748 1821 749
f 1823 1824 1822
f 1822 1824 1825
f 1827 1828 1826
f 1826 1828 1829
f 1831 1832 1830
f 1830 1832 1833
f 1834 1827 1243
f 1243 1827 1826
f 1313 804 825
f 825 804 807
f 1835 1253 1236
f 1236 1253 1237
f 1836 1837 1438
f 1438 1837 1435
f 1838 1505 1840
f 1840 1505 1839
f 1841 1842 716
f 716 1842 713
f 1843 1844 1510
f 1510 1844 1845
f 1847 1848 1846
f 1846 1848 1849
f 1850 1240 1822
f 1822 1240 1239
f 636 1831 637
f 637 1831 1830
f 1852 1853 1851
f 1851 1853 1854
f 1855 1856 1858
f 1858 1856 1857
f 1846 1849 1859
f 1859 1849 1860
f 1343 1401 1509
f 1509 1401 1861
f 1509 1861 635
f 635 1861 636
f 1863 1864 1862
f 1862 1864 1865
f 1283 1503 1867
f 1867 1503 1866
f 1868 1867 681
f 681 1867 682
f 1286 1285 683
f 683 1285 684
f 757 756 1274
f 1274 756 1869
f 1274 1869 717
f 717 1869 718
f 1434 1433 719
f 719 1433 720
f 1200 1538 1545
f 1545 1538 1763
f 1285 1289 684
f 684 1289 1273
f 684 1273 681
f 681 1273 1272
f 785 1283 1868
f 1868 1283 1867
f 786 785 1870
f 1870 785 1868
f 1289 757 1273
f 1273 757 1274
f 1539 1416 1871
f 1871 1416 1872
f 773 1871 1403
f 1403 1871 1404
f 675 674 1405
f 1405 674 1402
f 1864 1873 1865
f 1865 1873 1874
f 638 1843 635
f 635 1843 1510
f 1344 1343 1511
f 1511 1343 1509
f 772 1539 773
f 773 1539 1871
f 674 1200 1402
f 1402 1200 1545
f 1538 1286 1763
f 1763 1286 683
f 1444 1443 1875
f 1875 1443 1876
f 1875 1876 1831
f 1831 1876 1832
f 1416 1344 1872
f 1872 1344 1511
f 1877 1878 774
f 774 1878 1879
f 1878 1847 1879
f 1879 1847 1846
f 1880 714 1881
f 1881 714 1848
f 1401 1444 1861
f 1861 1444 1875
f 1861 1875 636
f 636 1875 1831
f 1823 1863 1882
f 1882 1863 1862
f 1441 1440 1884
f 1884 1440 1883
f 1883 1852 1884
f 1884 1852 1851
f 1886 1887 1885
f 1885 1887 1888
f 1358 1889 1359
f 1359 1889 1890
f 1891 1886 1892
f 1892 1886 1885
f 774 1879 775
f 775 1879 1893
f 1859 1893 1846
f 1846 1893 1879
f 713 1842 1849
f 1849 1842 1860
f 1318 1895 1894
f 1894 1895 1896
f 1873 1897 1874
f 1874 1897 1898
f 1898 605 1899
f 1899 605 675
f 1405 1844 675
f 675 1844 1899
f 1404 1845 1405
f 1405 1845 1844
f 593 1296 591
f 591 1296 1809
f 1295 1292 1900
f 1900 1292 1895
f 606 1897 1291
f 1291 1897 1896
f 1510 1845 1511
f 1511 1845 1872
f 1871 1872 1404
f 1404 1872 1845
f 1866 770 1762
f 1762 770 1546
f 1762 682 1866
f 1866 682 1867
f 1870 1868 1272
f 1272 1868 681
f 1272 717 1870
f 1870 717 720
f 1870 720 786
f 786 720 1433
f 786 1433 787
f 787 1433 1432
f 1261 1414 1432
f 1432 1414 787
f 1389 1234 1260
f 1260 1234 1415
f 1719 1670 1388
f 1388 1670 1235
f 1718 1671 1719
f 1719 1671 1670
f 1705 1747 1718
f 1718 1747 1671
f 1659 1901 1704
f 1704 1901 1748
f 1877 1903 1902
f 1902 1903 1904
f 1259 1905 1390
f 1390 1905 1394
f 1715 1720 1393
f 1393 1720 1391
f 1716 1721 1715
f 1715 1721 1720
f 1698 1706 1716
f 1716 1706 1721
f 277 276 47
f 47 276 48
f 84 96 81
f 81 96 82
f 80 70 81
f 81 70 85
f 99 97 88
f 88 97 89
f 90 100 88
f 88 100 99
f 101 95 102
f 102 95 94
f 1906 1907 280
f 280 1907 281
f 97 86 89
f 89 86 85
f 60 282 61
f 61 282 281
f 83 82 46
f 46 82 47
f 293 292 420
f 420 292 421
f 419 1908 420
f 420 1908 1909
f 92 95 91
f 91 95 90
f 279 282 93
f 93 282 94
f 276 418 48
f 48 418 421
f 1910 1660 1697
f 1697 1660 1707
f 1703 1624 1700
f 1700 1624 1644
f 1622 1910 1623
f 1623 1910 1697
f 1701 1700 1911
f 1911 1700 1661
f 1700 1644 1661
f 1661 1644 1658
f 1901 1737 1733
f 1733 1737 1645
f 1625 1912 1604
f 1604 1912 1731
f 1912 1913 1731
f 1731 1913 1914
f 1913 1577 1914
f 1914 1577 1572
f 1915 1578 1616
f 1616 1578 1618
f 1915 1916 1598
f 1598 1916 1743
f 1916 1574 1743
f 1743 1574 1573
f 1575 1917 1576
f 1576 1917 1597
f 1917 1609 1597
f 1597 1609 1594
f 1608 1611 1729
f 1729 1611 1610
f 1918 1612 1629
f 1629 1612 1630
f 1626 1918 1627
f 1627 1918 1629
f 1920 1921 1919
f 1919 1921 1922
f 1920 1924 1923
f 1923 1924 1925
f 1926 1927 1924
f 1924 1927 1925
f 1929 1930 1928
f 1928 1930 1931
f 1932 1933 1935
f 1935 1933 1934
f 1937 1938 1936
f 1936 1938 1939
f 1941 1942 1940
f 1940 1942 1943
f 1941 1945 1944
f 1944 1945 1946
f 1947 1948 1694
f 1694 1948 1949
f 1950 1951 1953
f 1953 1951 1952
f 1955 1956 1954
f 1954 1956 1589
f 1958 1956 1957
f 1957 1956 1932
f 1960 1934 1959
f 1959 1934 1933
f 1962 1963 1961
f 1961 1963 1964
f 1965 1955 1751
f 1751 1955 1954
f 1935 1930 1932
f 1932 1930 1957
f 1951 1950 1926
f 1926 1950 1929
f 1966 1967 1593
f 1593 1967 1590
f 1969 1967 1968
f 1968 1967 1964
f 1962 1921 1970
f 1970 1921 1971
f 1963 1945 1964
f 1964 1945 1968
f 1972 1948 1922
f 1922 1948 1919
f 1966 1972 1961
f 1961 1972 1922
f 1958 1953 1587
f 1587 1953 1560
f 1974 1975 1973
f 1973 1975 1976
f 1978 1979 1977
f 1977 1979 1691
f 1979 1975 1691
f 1691 1975 1586
f 1938 1942 1939
f 1939 1942 1980
f 1952 1947 1557
f 1557 1947 1694
f 1969 1978 1981
f 1981 1978 1977
f 1983 1984 1982
f 1982 1984 1985
f 1986 1987 1989
f 1989 1987 1988
f 1990 1991 1983
f 1983 1991 1984
f 1990 1993 1992
f 1992 1993 1994
f 1995 1996 1994
f 1994 1996 1997
f 1999 2000 1998
f 1998 2000 2001
f 2003 2004 2002
f 2002 2004 2005
f 2007 2008 2006
f 2006 2008 2009
f 2011 2012 2010
f 2010 2012 2013
f 2014 2015 2017
f 2017 2015 2016
f 2018 2019 2021
f 2021 2019 2020
f 2022 1989 2024
f 2024 1989 2023
f 1989 1988 2023
f 2023 1988 2025
f 2026 2027 2017
f 2017 2027 2014
f 2029 2030 2028
f 2028 2030 2031
f 2033 2034 2032
f 2032 2034 2035
f 2032 2035 2036
f 2036 2035 2037
f 2039 2040 2038
f 2038 2040 2041
f 1982 2042 1983
f 1983 2042 2043
f 2045 2046 2044
f 2044 2046 2047
f 2049 2050 2048
f 2048 2050 2051
f 2053 2054 2052
f 2052 2054 2055
f 2057 2058 2056
f 2056 2058 2059
f 2060 2061 2033
f 2033 2061 2034
f 2063 2064 2062
f 2062 2064 2065
f 2066 2035 2067
f 2067 2035 2034
f 2069 2039 2068
f 2068 2039 2038
f 2025 2070 2023
f 2023 2070 2071
f 2072 2024 2071
f 2071 2024 2023
f 2074 2020 2073
f 2073 2020 2019
f 2050 2049 2047
f 2047 2049 2075
f 1983 2043 1990
f 1990 2043 1993
f 2006 2050 2007
f 2007 2050 2076
f 2050 2006 2051
f 2051 2006 2077
f 2079 2080 2078
f 2078 2080 2081
f 2082 2083 2085
f 2085 2083 2084
f 2010 2013 2086
f 2086 2013 2087
f 2089 2033 2088
f 2088 2033 2032
f 2090 2060 2089
f 2089 2060 2033
f 2092 2093 2091
f 2091 2093 2094
f 2096 1986 2095
f 2095 1986 2097
f 2097 1986 2022
f 2022 1986 1989
f 2015 2094 2016
f 2016 2094 2098
f 2016 2098 2100
f 2100 2098 2099
f 2017 2016 2101
f 2101 2016 2100
f 2017 2101 2026
f 2026 2101 2102
f 2100 2099 2104
f 2104 2099 2103
f 2104 2105 2100
f 2100 2105 2101
f 2105 2106 2101
f 2101 2106 2102
f 2108 2061 2107
f 2107 2061 2109
f 2111 2112 2110
f 2110 2112 2020
f 2020 2074 2110
f 2110 2074 2113
f 2115 2116 2114
f 2114 2116 2117
f 2118 2119 1995
f 1995 2119 2120
f 2121 2122 2027
f 2027 2122 2014
f 2047 2075 2044
f 2044 2075 2123
f 2124 2125 2127
f 2127 2125 2126
f 2129 2130 2128
f 2128 2130 2131
f 2132 2133 2057
f 2057 2133 2058
f 2134 1999 2136
f 2136 1999 2135
f 2055 2138 2137
f 2137 2138 2139
f 2141 2142 2140
f 2140 2142 2143
f 2083 2082 2064
f 2064 2082 2065
f 2082 2144 2065
f 2065 2144 2145
f 2040 2146 2041
f 2041 2146 2147
f 2060 2090 2148
f 2148 2090 2149
f 2048 2051 2137
f 2137 2051 2150
f 2151 1997 2135
f 2135 1997 1996
f 2152 2150 2077
f 2077 2150 2051
f 2046 2045 2118
f 2118 2045 2119
f 2154 2155 2153
f 2153 2155 2156
f 2158 2159 2157
f 2157 2159 2160
f 2162 2163 2161
f 2161 2163 2164
f 2164 2163 2165
f 2165 2163 2166
f 2168 2169 2167
f 2167 2169 2170
f 2003 2172 2171
f 2171 2172 2173
f 2174 2175 2002
f 2002 2175 2176
f 2145 2177 2065
f 2065 2177 2062
f 2178 2179 2180
f 2180 2179 2134
f 2181 2052 2152
f 2152 2052 2150
f 2040 2127 2146
f 2146 2127 2182
f 2130 2162 2131
f 2131 2162 2161
f 2052 2055 2150
f 2150 2055 2137
f 2184 2185 2183
f 2183 2185 2186
f 2159 2030 2160
f 2160 2030 2187
f 2146 2182 2029
f 2029 2182 2188
f 2189 2190 2192
f 2192 2190 2191
f 2172 2003 2176
f 2176 2003 2002
f 1998 2151 1999
f 1999 2151 2135
f 2177 2172 2062
f 2062 2172 2176
f 2172 2177 2173
f 2173 2177 2193
f 2063 2194 2064
f 2064 2194 2195
f 2066 2197 2196
f 2196 2197 2198
f 2002 2005 2174
f 2174 2005 2199
f 2004 2003 2200
f 2200 2003 2171
f 2198 2201 2171
f 2171 2201 2200
f 2197 2202 2198
f 2198 2202 2201
f 2202 2197 2203
f 2203 2197 2204
f 2196 2198 2173
f 2173 2198 2171
f 2205 2069 2170
f 2170 2069 2206
f 2197 2066 2204
f 2204 2066 2067
f 2107 2207 2108
f 2108 2207 2208
f 2210 2208 2209
f 2209 2208 2207
f 2185 2211 2212
f 2213 2214 2211
f 2211 2214 2212
f 1998 2001 2213
f 2213 2001 2214
f 2134 2215 1999
f 1999 2215 2000
f 2216 2217 2219
f 2219 2217 2218
f 2206 2220 2170
f 2170 2220 2167
f 2069 2068 2206
f 2206 2068 2221
f 2151 1998 2222
f 2222 1998 2213
f 2124 2039 2205
f 2205 2039 2069
f 2142 2223 2143
f 2143 2223 2128
f 2203 2186 2202
f 2202 2186 2185
f 2185 2184 2211
f 2211 2184 2224
f 2224 2225 2222
f 2222 2225 2226
f 2071 2227 2072
f 2072 2227 2228
f 2229 2074 2230
f 2230 2074 2073
f 2074 2229 2113
f 2113 2229 2231
f 2232 2225 2227
f 2227 2225 2224
f 2233 2234 2031
f 2031 2234 2028
f 2236 2231 2235
f 2235 2231 2229
f 2230 2183 2229
f 2229 2183 2235
f 2237 1987 2096
f 2096 1987 1986
f 2152 2238 2181
f 2181 2238 2239
f 2080 2240 2081
f 2081 2240 2241
f 2236 2242 1971
f 1971 2242 1970
f 1925 2113 1923
f 1923 2113 2231
f 2110 1927 2111
f 2111 1927 1928
f 2103 2111 1931
f 1931 2111 1928
f 1931 2243 2103
f 2103 2243 2104
f 2105 2104 2244
f 2244 2104 2243
f 1939 1980 2148
f 2148 1980 2109
f 1980 1944 2109
f 2109 1944 2107
f 1946 2245 2207
f 2207 2245 2209
f 2245 1970 2209
f 2209 1970 2242
f 2231 2236 1923
f 1923 2236 1971
f 2113 1925 2110
f 2110 1925 1927
f 2234 2246 2028
f 2028 2246 2147
f 2247 2248 2058
f 2058 2248 2059
f 2114 2117 2249
f 2249 2117 2250
f 2252 2253 2251
f 2251 2253 2254
f 2094 2015 2091
f 2091 2015 2255
f 2256 2255 2014
f 2014 2255 2015
f 2257 2145 2258
f 2258 2145 2144
f 2131 2161 2123
f 2123 2161 2044
f 2045 2044 2164
f 2164 2044 2161
f 2045 2164 2119
f 2119 2164 2165
f 2259 2120 2165
f 2165 2120 2119
f 2260 2261 2259
f 2259 2261 2120
f 2205 2262 2124
f 2124 2262 2125
f 2180 2263 2178
f 2178 2263 2264
f 2265 2266 2092
f 2092 2266 2093
f 1992 2267 2268
f 2184 2228 2224
f 2224 2228 2227
f 2048 2269 2049
f 2049 2269 2141
f 2129 2168 2157
f 2157 2168 2167
f 2049 2141 2075
f 2075 2141 2140
f 2199 2215 2270
f 2270 2215 2271
f 2142 2141 2272
f 2272 2141 2269
f 2089 2026 2090
f 2090 2026 2102
f 2146 2029 2147
f 2147 2029 2028
f 2111 2103 2112
f 2112 2103 2099
f 2061 2060 2109
f 2109 2060 2148
f 2273 2274 2041
f 2041 2274 2038
f 2260 2275 2261
f 2261 2275 2136
f 2057 2138 2132
f 2132 2138 2276
f 2272 2269 2056
f 2056 2269 2139
f 2277 2278 2270
f 2270 2278 2199
f 2029 2188 2030
f 2030 2188 2187
f 2040 2039 2127
f 2127 2039 2124
f 2064 2195 2083
f 2083 2195 2279
f 2056 2139 2057
f 2057 2139 2138
f 2278 2277 2247
f 2247 2277 2248
f 2062 2176 2063
f 2063 2176 2175
f 2280 2210 2242
f 2242 2210 2209
f 2282 2233 2281
f 2281 2233 2031
f 2216 2219 2283
f 2283 2219 2221
f 2158 2220 2218
f 2218 2220 2219
f 2217 2282 2218
f 2218 2282 2281
f 2220 2158 2167
f 2167 2158 2157
f 2223 2264 2128
f 2128 2264 2263
f 2261 1996 2120
f 2120 1996 1995
f 2213 2211 2222
f 2222 2211 2224
f 2283 2221 2284
f 2284 2221 2068
f 2135 1996 2136
f 2136 1996 2261
f 2144 2081 2258
f 2258 2081 2241
f 2235 2280 2236
f 2236 2280 2242
f 2246 2273 2147
f 2147 2273 2041
f 2036 2285 2032
f 2032 2285 2088
f 2077 2286 2152
f 2152 2286 2238
f 1937 1960 1973
f 1973 1960 1959
f 2070 2232 2071
f 2071 2232 2227
f 2244 2287 2105
f 2105 2287 2106
f 1936 1939 2149
f 2149 1939 2148
f 1944 1946 2107
f 2107 1946 2207
f 2285 2121 2088
f 2088 2121 2027
f 2253 2249 2254
f 2254 2249 2250
f 2006 2009 2077
f 2077 2009 2286
f 2289 2086 2288
f 2288 2086 2087
f 2223 2142 2290
f 2290 2142 2272
f 2128 2131 2143
f 2143 2131 2123
f 2156 2291 2153
f 2153 2291 2175
f 2292 2293 2278
f 2278 2293 2294
f 2075 2140 2123
f 2123 2140 2143
f 2262 2169 2275
f 2275 2169 2180
f 2275 2180 2136
f 2136 2180 2134
f 2274 2284 2038
f 2038 2284 2068
f 2127 2126 2182
f 2182 2126 2166
f 2094 2093 2098
f 2098 2093 2021
f 2098 2021 2099
f 2099 2021 2112
f 2018 2021 2266
f 2266 2021 2093
f 2251 2289 2252
f 2252 2289 2288
f 1997 2151 2226
f 2226 2151 2222
f 2206 2221 2220
f 2220 2221 2219
f 2269 2048 2139
f 2139 2048 2137
f 2159 2158 2281
f 2281 2158 2218
f 2156 2155 2190
f 2190 2155 2191
f 1974 1965 1583
f 1583 1965 1751
f 2088 2027 2089
f 2089 2027 2026
f 2030 2159 2031
f 2031 2159 2281
f 2106 2149 2102
f 2102 2149 2090
f 2287 1936 2106
f 2106 1936 2149
f 2293 2154 2294
f 2294 2154 2153
f 2021 2020 2112
f 2247 2295 2278
f 2278 2295 2292
f 2284 2296 2283
f 2283 2296 2297
f 2298 2296 2274
f 2274 2296 2284
f 2273 2299 2274
f 2274 2299 2298
f 2246 2300 2273
f 2273 2300 2299
f 2283 2297 2216
f 2216 2297 2301
f 2216 2301 2217
f 2217 2301 2302
f 2302 2303 2217
f 2217 2303 2282
f 2304 2301 2305
f 2305 2301 2297
f 2307 2308 2306
f 2306 2308 2309
f 2306 2310 2307
f 2307 2310 2311
f 2307 2312 2308
f 2308 2312 2313
f 2314 2315 2312
f 2312 2315 2316
f 2316 2317 2312
f 2312 2317 2313
f 2317 2305 2313
f 2313 2305 2318
f 2314 2312 2311
f 2311 2312 2307
f 2319 2320 2322
f 2322 2320 2321
f 2322 2311 2319
f 2319 2311 2310
f 2313 2318 2308
f 2308 2318 2309
f 2296 2298 2318
f 2318 2298 2309
f 2309 2298 2323
f 2323 2298 2299
f 2306 2309 2324
f 2324 2309 2323
f 2310 2306 2325
f 2325 2306 2324
f 2296 2318 2297
f 2297 2318 2305
f 2319 2310 2326
f 2326 2310 2325
f 2328 2325 2327
f 2327 2325 2324
f 2325 2328 2326
f 2326 2328 2329
f 2331 2328 2330
f 2330 2328 2327
f 2332 2333 2327
f 2327 2333 2330
f 2328 2331 2329
f 2329 2331 2334
f 2324 2323 2327
f 2327 2323 2332
f 2300 2332 2299
f 2299 2332 2323
f 2326 2335 2319
f 2319 2335 2320
f 2305 2317 2336
f 2336 2317 2316
f 2336 2316 2337
f 2337 2316 2315
f 2338 2304 2336
f 2336 2304 2305
f 2337 2339 2336
f 2336 2339 2338
f 2337 2315 2341
f 2341 2315 2340
f 2342 2300 2234
f 2234 2300 2246
f 2303 2343 2282
f 2282 2343 2233
f 2234 2233 2342
f 2342 2233 2343
f 2342 2343 2333
f 2333 2343 2344
f 2333 2344 2330
f 2330 2344 2345
f 2346 2344 2303
f 2303 2344 2343
f 2332 2300 2333
f 2333 2300 2342
f 2347 2346 2302
f 2302 2346 2303
f 2301 2304 2302
f 2302 2304 2347
f 2304 2338 2347
f 2347 2338 2348
f 2348 2349 2347
f 2347 2349 2346
f 2350 2351 2348
f 2348 2351 2349
f 2349 2345 2346
f 2346 2345 2344
f 2345 2349 2352
f 2352 2349 2351
f 2338 2339 2348
f 2348 2339 2350
f 2350 2339 2353
f 2353 2339 2354
f 2356 2357 2355
f 2355 2357 2353
f 2351 2350 2357
f 2357 2350 2353
f 2353 2354 2355
f 2355 2354 2335
f 2320 2335 2341
f 2341 2335 2354
f 2339 2337 2354
f 2354 2337 2341
f 2352 2331 2345
f 2345 2331 2330
f 2356 2334 2352
f 2352 2334 2331
f 2356 2352 2357
f 2357 2352 2351
f 2355 2329 2356
f 2356 2329 2334
f 2335 2326 2355
f 2355 2326 2329
f 2321 2314 2322
f 2322 2314 2311
f 2321 2320 2340
f 2340 2320 2341
f 2315 2314 2340
f 2340 2314 2321
f 2125 2260 2126
f 2126 2260 2259
f 2157 2160 2129
f 2129 2160 2130
f 2188 2163 2187
f 2187 2163 2162
f 2182 2166 2188
f 2188 2166 2163
f 2180 2169 2263
f 2263 2169 2168
f 2160 2187 2130
f 2130 2187 2162
f 2275 2260 2262
f 2262 2260 2125
f 2128 2263 2129
f 2129 2263 2168
f 2262 2205 2169
f 2169 2205 2170
f 2165 2166 2259
f 2259 2166 2126
f 2359 2360 2358
f 2358 2360 2361
f 2363 2364 2362
f 2362 2364 2365
f 2367 2363 2366
f 2366 2363 2362
f 2368 2369 2371
f 2371 2369 2370
f 2372 2373 2248
f 2248 2373 2059
f 2364 2374 2365
f 2365 2374 2375
f 2377 2378 2376
f 2376 2378 2379
f 2290 2380 2223
f 2223 2380 2381
f 2223 2381 2264
f 2264 2381 2382
f 2384 2385 2383
f 2383 2385 2386
f 2364 2371 2374
f 2374 2371 2387
f 2059 2373 2290
f 2290 2373 2380
f 2378 2360 2379
f 2379 2360 2388
f 2374 2387 2359
f 2359 2387 2389
f 2390 2367 2386
f 2386 2367 2391
f 2393 2394 2392
f 2392 2394 2395
f 2386 2391 2383
f 2383 2391 2396
f 2367 2366 2391
f 2391 2366 2397
f 2363 2367 2368
f 2368 2367 2390
f 2398 2399 2361
f 2361 2399 2358
f 2399 2400 2358
f 2358 2400 2375
f 2390 2401 2368
f 2368 2401 2369
f 2372 2384 2376
f 2376 2384 2383
f 2374 2359 2375
f 2375 2359 2358
f 2402 2403 2365
f 2365 2403 2362
f 2359 2389 2360
f 2360 2389 2388
f 2364 2363 2371
f 2371 2363 2368
f 2405 2398 2404
f 2404 2398 2361
f 2392 2395 2406
f 2406 2395 2397
f 2377 2396 2394
f 2394 2396 2395
f 2394 2393 2404
f 2404 2393 2405
f 2396 2377 2383
f 2383 2377 2376
f 2406 2397 2407
f 2407 2397 2366
f 2400 2402 2375
f 2375 2402 2365
f 2385 2270 2401
f 2401 2270 2271
f 2403 2407 2362
f 2362 2407 2366
f 2371 2370 2387
f 2387 2370 2382
f 2391 2397 2396
f 2396 2397 2395
f 2378 2377 2404
f 2404 2377 2394
f 2360 2378 2361
f 2361 2378 2404
f 2407 2408 2406
f 2406 2408 2409
f 2410 2408 2403
f 2403 2408 2407
f 2411 2410 2402
f 2402 2410 2403
f 2412 2411 2400
f 2400 2411 2402
f 2406 2409 2392
f 2392 2409 2413
f 2392 2413 2393
f 2393 2413 2414
f 2415 2405 2414
f 2414 2405 2393
f 2416 2413 2417
f 2417 2413 2409
f 2419 2420 2418
f 2418 2420 2421
f 2420 2422 2421
f 2421 2422 2423
f 2420 2424 2422
f 2422 2424 2425
f 2426 2427 2424
f 2424 2427 2428
f 2428 2429 2424
f 2424 2429 2425
f 2426 2424 2419
f 2419 2424 2420
f 2419 2418 2431
f 2431 2418 2430
f 2425 2432 2422
f 2422 2432 2423
f 2408 2410 2432
f 2432 2410 2423
f 2423 2410 2433
f 2433 2410 2411
f 2421 2423 2434
f 2434 2423 2433
f 2435 2418 2434
f 2434 2418 2421
f 2429 2417 2425
f 2425 2417 2432
f 2408 2432 2409
f 2409 2432 2417
f 2418 2435 2430
f 2430 2435 2436
f 2438 2435 2437
f 2437 2435 2434
f 2435 2438 2436
f 2436 2438 2439
f 2441 2438 2440
f 2440 2438 2437
f 2442 2443 2437
f 2437 2443 2440
f 2439 2438 2444
f 2444 2438 2441
f 2433 2442 2434
f 2434 2442 2437
f 2412 2442 2411
f 2411 2442 2433
f 2436 2445 2430
f 2430 2445 2446
f 2430 2446 2431
f 2431 2446 2447
f 2417 2429 2448
f 2448 2429 2428
f 2427 2449 2428
f 2428 2449 2448
f 2450 2416 2448
f 2448 2416 2417
f 2451 2450 2449
f 2449 2450 2448
f 2427 2452 2449
f 2449 2452 2453
f 2447 2446 2452
f 2452 2446 2453
f 2454 2412 2399
f 2399 2412 2400
f 2415 2455 2405
f 2405 2455 2398
f 2399 2398 2454
f 2454 2398 2455
f 2454 2455 2443
f 2443 2455 2456
f 2443 2456 2440
f 2440 2456 2457
f 2458 2456 2415
f 2415 2456 2455
f 2443 2442 2454
f 2454 2442 2412
f 2459 2458 2414
f 2414 2458 2415
f 2413 2416 2414
f 2414 2416 2459
f 2459 2416 2460
f 2460 2416 2450
f 2460 2461 2459
f 2459 2461 2458
f 2462 2463 2460
f 2460 2463 2461
f 2461 2457 2458
f 2458 2457 2456
f 2457 2461 2464
f 2464 2461 2463
f 2451 2462 2450
f 2450 2462 2460
f 2462 2451 2465
f 2465 2451 2466
f 2468 2469 2467
f 2467 2469 2465
f 2463 2462 2469
f 2469 2462 2465
f 2465 2466 2467
f 2467 2466 2445
f 2446 2445 2453
f 2453 2445 2466
f 2451 2449 2466
f 2466 2449 2453
f 2464 2441 2457
f 2457 2441 2440
f 2468 2444 2464
f 2464 2444 2441
f 2468 2464 2469
f 2469 2464 2463
f 2467 2439 2468
f 2468 2439 2444
f 2445 2436 2467
f 2467 2436 2439
f 2447 2426 2431
f 2431 2426 2419
f 2427 2426 2452
f 2452 2426 2447
f 2369 2179 2370
f 2370 2179 2178
f 2376 2379 2372
f 2372 2379 2373
f 2389 2381 2388
f 2388 2381 2380
f 2387 2382 2389
f 2389 2382 2381
f 2270 2385 2277
f 2277 2385 2384
f 2379 2388 2373
f 2373 2388 2380
f 2401 2271 2369
f 2369 2271 2179
f 2248 2277 2372
f 2372 2277 2384
f 2401 2390 2385
f 2385 2390 2386
f 2264 2382 2178
f 2178 2382 2370
f 2215 2134 2271
f 2271 2134 2179
f 2005 2000 2199
f 2199 2000 2215
f 2004 2001 2005
f 2005 2001 2000
f 2200 2214 2004
f 2004 2214 2001
f 2470 2471 2473
f 2473 2471 2472
f 2475 2476 2474
f 2474 2476 2477
f 2479 2475 2478
f 2478 2475 2474
f 2481 2482 2480
f 2480 2482 2483
f 2476 2484 2477
f 2477 2484 2485
f 2487 2488 2486
f 2486 2488 2489
f 2133 2490 2058
f 2058 2490 2491
f 2058 2491 2247
f 2247 2491 2492
f 2494 2495 2493
f 2493 2495 2496
f 2476 2483 2484
f 2484 2483 2497
f 2472 2498 2488
f 2488 2498 2489
f 2484 2497 2471
f 2471 2497 2499
f 2500 2479 2496
f 2496 2479 2501
f 2502 2503 2505
f 2505 2503 2504
f 2496 2501 2493
f 2493 2501 2506
f 2479 2478 2501
f 2501 2478 2507
f 2475 2479 2480
f 2480 2479 2500
f 2508 2509 2473
f 2473 2509 2470
f 2509 2510 2470
f 2470 2510 2485
f 2511 2481 2500
f 2500 2481 2480
f 2512 2494 2486
f 2486 2494 2493
f 2485 2484 2470
f 2470 2484 2471
f 2513 2514 2477
f 2477 2514 2474
f 2471 2499 2472
f 2472 2499 2498
f 2476 2475 2483
f 2483 2475 2480
f 2516 2508 2515
f 2515 2508 2473
f 2502 2505 2517
f 2517 2505 2507
f 2504 2487 2505
f 2505 2487 2506
f 2503 2516 2504
f 2504 2516 2515
f 2506 2487 2493
f 2493 2487 2486
f 2517 2507 2518
f 2518 2507 2478
f 2510 2513 2485
f 2485 2513 2477
f 2511 2495 2293
f 2293 2495 2154
f 2514 2518 2474
f 2474 2518 2478
f 2483 2482 2497
f 2497 2482 2492
f 2501 2507 2506
f 2506 2507 2505
f 2488 2487 2515
f 2515 2487 2504
f 2472 2488 2473
f 2473 2488 2515
f 2518 2519 2517
f 2517 2519 2520
f 2521 2519 2514
f 2514 2519 2518
f 2522 2521 2513
f 2513 2521 2514
f 2523 2522 2510
f 2510 2522 2513
f 2517 2520 2502
f 2502 2520 2524
f 2502 2524 2503
f 2503 2524 2525
f 2525 2526 2503
f 2503 2526 2516
f 2527 2524 2528
f 2528 2524 2520
f 2530 2531 2529
f 2529 2531 2532
f 2531 2533 2532
f 2532 2533 2534
f 2531 2535 2533
f 2533 2535 2536
f 2537 2538 2535
f 2535 2538 2539
f 2539 2540 2535
f 2535 2540 2536
f 2537 2535 2530
f 2530 2535 2531
f 2529 2541 2530
f 2530 2541 2542
f 2543 2534 2536
f 2536 2534 2533
f 2519 2521 2543
f 2543 2521 2534
f 2534 2521 2544
f 2544 2521 2522
f 2532 2534 2545
f 2545 2534 2544
f 2529 2532 2546
f 2546 2532 2545
f 2536 2540 2543
f 2543 2540 2528
f 2519 2543 2520
f 2520 2543 2528
f 2541 2529 2547
f 2547 2529 2546
f 2548 2549 2545
f 2545 2549 2546
f 2549 2550 2546
f 2546 2550 2547
f 2551 2552 2548
f 2548 2552 2549
f 2548 2553 2551
f 2551 2553 2554
f 2550 2549 2555
f 2555 2549 2552
f 2545 2544 2548
f 2548 2544 2553
f 2523 2553 2522
f 2522 2553 2544
f 2547 2556 2541
f 2541 2556 2557
f 2541 2557 2542
f 2542 2557 2558
f 2528 2540 2559
f 2559 2540 2539
f 2538 2560 2539
f 2539 2560 2559
f 2561 2527 2559
f 2559 2527 2528
f 2560 2562 2559
f 2559 2562 2561
f 2560 2538 2564
f 2564 2538 2563
f 2558 2557 2563
f 2563 2557 2564
f 2565 2523 2509
f 2509 2523 2510
f 2526 2566 2516
f 2516 2566 2508
f 2509 2508 2565
f 2565 2508 2566
f 2565 2566 2554
f 2554 2566 2567
f 2554 2567 2551
f 2551 2567 2568
f 2569 2567 2526
f 2526 2567 2566
f 2553 2523 2554
f 2554 2523 2565
f 2570 2569 2525
f 2525 2569 2526
f 2524 2527 2525
f 2525 2527 2570
f 2527 2561 2570
f 2570 2561 2571
f 2571 2572 2570
f 2570 2572 2569
f 2573 2574 2571
f 2571 2574 2572
f 2572 2568 2569
f 2569 2568 2567
f 2568 2572 2575
f 2575 2572 2574
f 2562 2573 2561
f 2561 2573 2571
f 2573 2562 2576
f 2576 2562 2577
f 2579 2580 2578
f 2578 2580 2576
f 2574 2573 2580
f 2580 2573 2576
f 2576 2577 2578
f 2578 2577 2556
f 2557 2556 2564
f 2564 2556 2577
f 2562 2560 2577
f 2577 2560 2564
f 2575 2552 2568
f 2568 2552 2551
f 2579 2555 2575
f 2575 2555 2552
f 2579 2575 2580
f 2580 2575 2574
f 2550 2555 2578
f 2578 2555 2579
f 2556 2547 2578
f 2578 2547 2550
f 2558 2537 2542
f 2542 2537 2530
f 2538 2537 2563
f 2563 2537 2558
f 2292 2295 2481
f 2481 2295 2482
f 2486 2489 2512
f 2512 2489 2581
f 2499 2491 2498
f 2498 2491 2490
f 2497 2492 2499
f 2499 2492 2491
f 2155 2154 2494
f 2494 2154 2495
f 2581 2489 2490
f 2490 2489 2498
f 2293 2292 2511
f 2511 2292 2481
f 2191 2155 2512
f 2512 2155 2494
f 2500 2496 2511
f 2511 2496 2495
f 2247 2492 2295
f 2295 2492 2482
f 2583 2584 2582
f 2582 2584 2585
f 2587 2588 2586
f 2586 2588 2589
f 2591 2587 2590
f 2590 2587 2586
f 2593 2594 2592
f 2592 2594 2595
f 2596 2597 2599
f 2599 2597 2598
f 2588 2600 2589
f 2589 2600 2601
f 2602 2603 2605
f 2605 2603 2604
f 2606 2607 2609
f 2609 2607 2608
f 2609 2608 2190
f 2190 2608 2610
f 2611 2612 2614
f 2614 2612 2613
f 2600 2588 2615
f 2615 2588 2595
f 2599 2598 2606
f 2606 2598 2607
f 2584 2616 2604
f 2604 2616 2605
f 2600 2615 2583
f 2583 2615 2617
f 2591 2619 2618
f 2618 2619 2614
f 2621 2622 2620
f 2620 2622 2623
f 2619 2624 2614
f 2614 2624 2611
f 2591 2590 2619
f 2619 2590 2625
f 2587 2591 2592
f 2592 2591 2618
f 2626 2627 2585
f 2585 2627 2582
f 2627 2628 2582
f 2582 2628 2601
f 2629 2593 2618
f 2618 2593 2592
f 2602 2597 2611
f 2611 2597 2612
f 2600 2583 2601
f 2601 2583 2582
f 2630 2631 2589
f 2589 2631 2586
f 2583 2617 2584
f 2584 2617 2616
f 2588 2587 2595
f 2595 2587 2592
f 2633 2626 2632
f 2632 2626 2585
f 2620 2623 2634
f 2634 2623 2625
f 2622 2603 2623
f 2623 2603 2624
f 2621 2633 2622
f 2622 2633 2632
f 2611 2624 2602
f 2602 2624 2603
f 2634 2625 2635
f 2635 2625 2590
f 2628 2630 2601
f 2601 2630 2589
f 2613 2195 2629
f 2629 2195 2194
f 2631 2635 2586
f 2586 2635 2590
f 2595 2594 2615
f 2615 2594 2610
f 2619 2625 2624
f 2624 2625 2623
f 2632 2604 2622
f 2622 2604 2603
f 2585 2584 2632
f 2632 2584 2604
f 2635 2636 2634
f 2634 2636 2637
f 2638 2636 2631
f 2631 2636 2635
f 2639 2638 2630
f 2630 2638 2631
f 2640 2639 2628
f 2628 2639 2630
f 2634 2637 2620
f 2620 2637 2641
f 2620 2641 2621
f 2621 2641 2642
f 2642 2643 2621
f 2621 2643 2633
f 2641 2637 2644
f 2644 2637 2645
f 2646 2647 2649
f 2649 2647 2648
f 2648 2650 2649
f 2649 2650 2651
f 2648 2652 2650
f 2650 2652 2653
f 2652 2654 2656
f 2656 2654 2655
f 2656 2657 2652
f 2652 2657 2653
f 2654 2652 2647
f 2647 2652 2648
f 2647 2646 2659
f 2659 2646 2658
f 2660 2651 2653
f 2653 2651 2650
f 2636 2638 2660
f 2660 2638 2651
f 2651 2638 2661
f 2661 2638 2639
f 2651 2661 2649
f 2649 2661 2662
f 2663 2646 2662
f 2662 2646 2649
f 2653 2657 2660
f 2660 2657 2645
f 2636 2660 2637
f 2637 2660 2645
f 2646 2663 2658
f 2658 2663 2664
f 2665 2666 2662
f 2662 2666 2663
f 2666 2667 2663
f 2663 2667 2664
f 2668 2669 2665
f 2665 2669 2666
f 2665 2670 2668
f 2668 2670 2671
f 2667 2666 2672
f 2672 2666 2669
f 2662 2661 2665
f 2665 2661 2670
f 2640 2670 2639
f 2639 2670 2661
f 2673 2674 2664
f 2664 2674 2658
f 2658 2674 2659
f 2659 2674 2675
f 2645 2657 2676
f 2676 2657 2656
f 2677 2676 2655
f 2655 2676 2656
f 2676 2678 2645
f 2645 2678 2644
f 2677 2679 2676
f 2676 2679 2678
f 2655 2680 2677
f 2677 2680 2681
f 2675 2674 2680
f 2680 2674 2681
f 2682 2640 2627
f 2627 2640 2628
f 2643 2683 2633
f 2633 2683 2626
f 2682 2627 2683
f 2683 2627 2626
f 2683 2684 2682
f 2682 2684 2671
f 2684 2685 2671
f 2671 2685 2668
f 2686 2684 2643
f 2643 2684 2683
f 2670 2640 2671
f 2671 2640 2682
f 2687 2686 2642
f 2642 2686 2643
f 2642 2641 2687
f 2687 2641 2644
f 2687 2644 2688
f 2688 2644 2678
f 2688 2689 2687
f 2687 2689 2686
f 2690 2691 2688
f 2688 2691 2689
f 2689 2685 2686
f 2686 2685 2684
f 2685 2689 2692
f 2692 2689 2691
f 2679 2690 2678
f 2678 2690 2688
f 2690 2679 2693
f 2693 2679 2694
f 2696 2697 2695
f 2695 2697 2693
f 2691 2690 2697
f 2697 2690 2693
f 2693 2694 2695
f 2695 2694 2673
f 2674 2673 2681
f 2681 2673 2694
f 2679 2677 2694
f 2694 2677 2681
f 2685 2692 2668
f 2668 2692 2669
f 2696 2672 2692
f 2692 2672 2669
f 2696 2692 2697
f 2697 2692 2691
f 2695 2667 2696
f 2696 2667 2672
f 2673 2664 2695
f 2695 2664 2667
f 2675 2654 2659
f 2659 2654 2647
f 2655 2654 2680
f 2680 2654 2675
f 2291 2156 2593
f 2593 2156 2594
f 2597 2602 2598
f 2598 2602 2605
f 2616 2617 2607
f 2607 2617 2608
f 2615 2610 2617
f 2617 2610 2608
f 2597 2596 2612
f 2612 2596 2698
f 2598 2605 2607
f 2607 2605 2616
f 2194 2291 2629
f 2629 2291 2593
f 2629 2618 2613
f 2613 2618 2614
f 2190 2610 2156
f 2156 2610 2594
f 2700 2010 2699
f 2699 2010 2086
f 2267 2701 2116
f 2116 2701 2702
f 2116 2702 2117
f 2117 2702 2703
f 2704 2705 2250
f 2250 2705 2254
f 2011 2706 2267
f 2267 2706 2701
f 2699 2086 2707
f 2707 2086 2289
f 2010 2700 2011
f 2011 2700 2706
f 2708 2707 2251
f 2251 2707 2289
f 2703 2704 2117
f 2117 2704 2250
f 2705 2708 2254
f 2254 2708 2251
f 2709 2710 2708
f 2708 2710 2707
f 2711 2709 2705
f 2705 2709 2708
f 2712 2711 2704
f 2704 2711 2705
f 2713 2712 2703
f 2703 2712 2704
f 2707 2710 2699
f 2699 2710 2714
f 2699 2714 2700
f 2700 2714 2715
f 2716 2706 2715
f 2715 2706 2700
f 2714 2710 2717
f 2717 2710 2718
f 2720 2721 2719
f 2719 2721 2722
f 2721 2723 2722
f 2722 2723 2724
f 2721 2725 2723
f 2723 2725 2726
f 2727 2728 2725
f 2725 2728 2726
f 2729 2725 2720
f 2720 2725 2721
f 2731 2729 2730
f 2730 2729 2720
f 2719 2732 2720
f 2720 2732 2730
f 2726 2733 2723
f 2723 2733 2724
f 2709 2711 2733
f 2733 2711 2724
f 2724 2711 2734
f 2734 2711 2712
f 2722 2724 2735
f 2735 2724 2734
f 2719 2722 2736
f 2736 2722 2735
f 2726 2728 2733
f 2733 2728 2718
f 2709 2733 2710
f 2710 2733 2718
f 2732 2719 2737
f 2737 2719 2736
f 2738 2739 2735
f 2735 2739 2736
f 2739 2740 2736
f 2736 2740 2737
f 2741 2742 2738
f 2738 2742 2739
f 2738 2743 2741
f 2741 2743 2744
f 2740 2739 2745
f 2745 2739 2742
f 2735 2734 2738
f 2738 2734 2743
f 2713 2743 2712
f 2712 2743 2734
f 2737 2746 2732
f 2732 2746 2747
f 2732 2747 2730
f 2730 2747 2731
f 2718 2728 2748
f 2748 2728 2727
f 2749 2750 2727
f 2727 2750 2748
f 2748 2751 2718
f 2718 2751 2717
f 2750 2752 2748
f 2748 2752 2751
f 2750 2749 2754
f 2754 2749 2753
f 2731 2747 2753
f 2753 2747 2754
f 2727 2725 2749
f 2749 2725 2729
f 2749 2729 2753
f 2753 2729 2731
f 2702 2755 2703
f 2703 2755 2713
f 2706 2716 2701
f 2701 2716 2756
f 2755 2702 2756
f 2756 2702 2701
f 2756 2757 2755
f 2755 2757 2744
f 2757 2758 2744
f 2744 2758 2741
f 2759 2757 2716
f 2716 2757 2756
f 2743 2713 2744
f 2744 2713 2755
f 2760 2759 2715
f 2715 2759 2716
f 2715 2714 2760
f 2760 2714 2717
f 2760 2717 2761
f 2761 2717 2751
f 2761 2762 2760
f 2760 2762 2759
f 2763 2764 2761
f 2761 2764 2762
f 2762 2758 2759
f 2759 2758 2757
f 2758 2762 2765
f 2765 2762 2764
f 2752 2763 2751
f 2751 2763 2761
f 2763 2752 2766
f 2766 2752 2767
f 2768 2769 2766
f 2766 2769 2770
f 2764 2763 2770
f 2770 2763 2766
f 2766 2767 2768
f 2768 2767 2746
f 2747 2746 2754
f 2754 2746 2767
f 2752 2750 2767
f 2767 2750 2754
f 2758 2765 2741
f 2741 2765 2742
f 2769 2745 2765
f 2765 2745 2742
f 2769 2765 2770
f 2770 2765 2764
f 2768 2740 2769
f 2769 2740 2745
f 2746 2737 2768
f 2768 2737 2740
f 2201 2212 2200
f 2200 2212 2214
f 2201 2202 2212
f 2212 2202 2185
f 2512 2581 2191
f 2191 2581 2192
f 2059 2290 2056
f 2056 2290 2272
f 2174 2199 2294
f 2294 2199 2278
f 2063 2175 2194
f 2194 2175 2291
f 2192 2581 2133
f 2133 2581 2490
f 2133 2132 2192
f 2192 2132 2189
f 2054 2276 2055
f 2055 2276 2138
f 2083 2279 2084
f 2084 2279 2771
f 2771 2279 2599
f 2599 2279 2596
f 2606 2772 2599
f 2599 2772 2771
f 2772 2773 2771
f 2771 2773 2084
f 2773 2774 2084
f 2084 2774 2085
f 2085 2775 2082
f 2082 2775 2144
f 2774 2078 2085
f 2085 2078 2775
f 2078 2774 2079
f 2079 2774 2776
f 2774 2773 2776
f 2776 2773 2777
f 2773 2772 2777
f 2777 2772 2778
f 2190 2189 2609
f 2609 2189 2778
f 2053 2052 2779
f 2779 2052 2181
f 2144 2775 2081
f 2081 2775 2078
f 2294 2153 2174
f 2174 2153 2175
f 2132 2276 2189
f 2189 2276 2778
f 2606 2609 2772
f 2772 2609 2778
f 2195 2613 2698
f 2698 2613 2612
f 2596 2279 2698
f 2698 2279 2195
f 2054 2777 2276
f 2276 2777 2778
f 2777 2054 2776
f 2776 2054 2053
f 2053 2779 2776
f 2776 2779 2079
f 2779 2181 2079
f 2079 2181 2080
f 2181 2239 2080
f 2080 2239 2240
f 2122 2256 2014
f 2042 1982 2076
f 2076 1982 2007
f 1982 1985 2007
f 2007 1985 2008
f 2095 2097 2265
f 2265 2097 2266
f 2076 2050 2042
f 2042 2050 2047
f 2046 2043 2047
f 2047 2043 2042
f 2118 1993 2046
f 2046 1993 2043
f 1995 1994 2118
f 2118 1994 1993
f 2267 1992 2011
f 2011 1992 2012
f 1997 2012 1994
f 1994 2012 1992
f 2226 2013 1997
f 1997 2013 2012
f 2225 2087 2226
f 2226 2087 2013
f 2225 2232 2087
f 2087 2232 2288
f 2232 2070 2288
f 2288 2070 2252
f 2070 2025 2252
f 2252 2025 2253
f 1988 2249 2025
f 2025 2249 2253
f 2116 2115 2267
f 2267 2115 2268
f 2096 1984 2237
f 2237 1984 1991
f 2095 1985 2096
f 2096 1985 1984
f 2265 2008 2095
f 2095 2008 1985
f 2092 2009 2265
f 2265 2009 2008
f 2091 2286 2092
f 2092 2286 2009
f 2255 2238 2091
f 2091 2238 2286
f 2256 2239 2255
f 2255 2239 2238
f 2122 2240 2256
f 2256 2240 2239
f 2121 2241 2122
f 2122 2241 2240
f 2022 2018 2097
f 2097 2018 2266
f 2022 2024 2018
f 2018 2024 2019
f 2024 2072 2019
f 2019 2072 2073
f 2072 2228 2073
f 2073 2228 2230
f 2228 2184 2230
f 2230 2184 2183
f 2121 2285 2241
f 2241 2285 2258
f 2285 2036 2258
f 2258 2036 2257
f 2177 2145 2193
f 2193 2145 2257
f 2173 2193 2196
f 2196 2193 2037
f 2036 2037 2257
f 2257 2037 2193
f 2196 2037 2066
f 2066 2037 2035
f 2061 2108 2034
f 2034 2108 2067
f 2108 2208 2067
f 2067 2208 2204
f 2208 2210 2204
f 2204 2210 2203
f 2210 2280 2203
f 2203 2280 2186
f 2183 2186 2235
f 2235 2186 2280
f 1987 2114 1988
f 1988 2114 2249
f 2237 2115 1987
f 1987 2115 2114
f 1991 2268 2237
f 2237 2268 2115
f 1991 1990 2268
f 2268 1990 1992
f 107 110 2781
f 2781 110 2780
f 117 2782 118
f 118 2782 2783
f 119 2784 120
f 120 2784 2785
f 125 2786 126
f 126 2786 2787
f 127 2788 128
f 128 2788 2789
f 127 132 2788
f 2788 132 2790
f 231 230 2792
f 2792 230 2791
f 118 2783 119
f 119 2783 2784
f 241 243 2794
f 2794 243 2793
f 2781 2795 107
f 107 2795 352
f 120 2785 437
f 437 2785 2796
f 126 2787 110
f 110 2787 2780
f 455 2797 456
f 456 2797 2798
f 128 2789 457
f 457 2789 2799
f 456 2798 117
f 117 2798 2782
f 2794 2797 241
f 241 2797 455
f 457 2799 125
f 125 2799 2786
f 132 231 2790
f 2790 231 2792
f 230 437 2791
f 2791 437 2796
f 2792 2789 2790
f 2790 2789 2788
f 2785 2784 2801
f 2801 2784 2800
f 2786 2802 2787
f 2787 2802 2803
f 2792 2791 2805
f 2805 2791 2804
f 2784 2783 2800
f 2800 2783 2806
f 2785 2801 2796
f 2796 2801 2807
f 2787 2803 2780
f 2780 2803 2808
f 2789 2809 2799
f 2799 2809 2810
f 2799 2810 2786
f 2786 2810 2802
f 2791 2796 2804
f 2804 2796 2807
f 2789 2792 2809
f 2809 2792 2805
f 2812 2797 2811
f 2811 2797 2794
f 2809 2805 2810
f 2810 2805 2804
f 2810 2804 2802
f 2802 2804 2807
f 2802 2807 2803
f 2803 2807 2801
f 2808 2803 2800
f 2800 2803 2801
f 2814 699 2813
f 2813 699 698
f 2808 2815 2780
f 2780 2815 2781
f 2817 2782 2816
f 2816 2782 2798
f 2815 2818 2781
f 2781 2818 2795
f 2797 2812 2798
f 2798 2812 2816
f 2783 2782 2806
f 2806 2782 2817
f 2800 2806 2808
f 2808 2806 2815
f 2794 2793 2811
f 2811 2793 2819
f 174 201 384
f 384 201 362
f 200 1766 390
f 390 1766 1777
f 1777 1778 390
f 390 1778 398
f 1778 361 398
f 398 361 222
f 2820 2821 628
f 628 2821 629
f 1406 2820 790
f 790 2820 628
f 794 1415 1233
f 1233 1415 1234
f 1406 790 1407
f 1407 790 1312
f 1407 1312 2822
f 2822 1312 1316
f 2823 1380 1543
f 1543 1380 1379
f 1385 1738 1382
f 1382 1738 1383
f 1381 791 1382
f 1382 791 1386
f 791 794 1386
f 1386 794 1233
f 1259 1390 1260
f 1260 1390 1389
f 1905 1542 1394
f 1394 1542 1395
f 1410 1413 1397
f 1397 1413 1398
f 2821 1410 629
f 629 1410 1397
f 2823 2822 1380
f 1380 2822 1316
f 1392 1395 1378
f 1378 1395 1379
f 1738 1399 1383
f 1383 1399 1398
f 1388 1235 1389
f 1389 1235 1234
f 1393 1391 1394
f 1394 1391 1390
f 1381 1384 779
f 779 1384 780
f 1282 788 792
f 792 788 793
f 1431 1262 1432
f 1432 1262 1261
f 1400 1342 1408
f 1408 1342 1409
f 1508 1544 1411
f 1411 1544 1412
f 788 787 793
f 793 787 1414
f 2821 2820 1429
f 1429 2820 1430
f 2822 2823 1506
f 1506 2823 1507
f 778 1282 779
f 779 1282 792
f 2820 1406 1430
f 1430 1406 1409
f 1410 2821 1411
f 1411 2821 1429
f 1407 2822 1408
f 1408 2822 1506
f 1544 781 1412
f 1412 781 780
f 1260 1415 1261
f 1261 1415 1414
f 1334 2824 923
f 923 2824 924
f 2826 1268 2825
f 2825 1268 1267
f 769 1212 2827
f 2827 1212 2828
f 1492 1190 1266
f 1266 1190 1267
f 1488 2829 1489
f 1489 2829 2830
f 922 1329 923
f 923 1329 1328
f 1484 2831 1485
f 1485 2831 2832
f 1482 2833 1485
f 1485 2833 1486
f 1324 1493 1489
f 1489 1493 1490
f 1265 1491 1266
f 1266 1491 1490
f 2835 2836 2834
f 2834 2836 2837
f 1250 2838 2827
f 2827 2838 2839
f 1488 1491 2840
f 2840 1491 2841
f 1268 2826 2842
f 2842 2826 2843
f 2844 2845 1495
f 1495 2845 1496
f 1427 2847 2846
f 2846 2847 926
f 2829 1488 2848
f 2848 1488 2840
f 1329 922 2849
f 2849 922 927
f 2850 2851 768
f 768 2851 1213
f 1265 1268 2852
f 2852 1268 2842
f 1491 1265 2841
f 2841 1265 2852
f 2854 2855 2853
f 2853 2855 2856
f 2855 2857 2856
f 2856 2857 598
f 2857 2858 598
f 598 2858 595
f 2858 2859 595
f 595 2859 626
f 649 652 2860
f 2860 652 2861
f 639 642 2862
f 2862 642 2863
f 2864 705 2862
f 2862 705 639
f 2865 1418 2864
f 2864 1418 705
f 2866 2867 2865
f 2865 2867 1418
f 1760 1348 1761
f 1761 1348 2867
f 1764 2868 1197
f 1197 2868 1198
f 2869 611 2868
f 2868 611 1198
f 2870 612 2869
f 2869 612 611
f 1352 1350 944
f 944 1350 688
f 1350 1256 688
f 688 1256 685
f 1256 1255 685
f 685 1255 692
f 1255 2871 692
f 692 2871 2872
f 701 2873 698
f 698 2873 2813
f 2872 1349 692
f 692 1349 693
f 1696 1744 1574
f 1574 1744 1575
f 1753 1618 1577
f 1577 1618 1578
f 1729 1594 1608
f 1608 1594 1609
f 1725 1630 1611
f 1611 1630 1612
f 1604 1607 1625
f 1625 1607 1626
f 1624 1703 1625
f 1625 1703 1912
f 1703 1702 1912
f 1912 1702 1913
f 1702 1753 1913
f 1913 1753 1577
f 1598 1569 1915
f 1915 1569 1578
f 1616 1615 1915
f 1915 1615 1916
f 1615 1696 1916
f 1916 1696 1574
f 1744 1745 1575
f 1575 1745 1917
f 1745 1565 1917
f 1917 1565 1609
f 1568 1725 1608
f 1608 1725 1611
f 2874 1613 1918
f 1918 1613 1612
f 1607 2874 1626
f 1626 2874 1918
f 1610 1613 1562
f 1562 1613 1563
f 1547 1550 1570
f 1570 1550 1571
f 1573 1576 1580
f 1580 1576 1581
f 1553 1556 1595
f 1595 1556 1596
f 1556 1582 1596
f 1596 1582 1581
f 1551 1547 1599
f 1599 1547 1570
f 1731 1914 1601
f 1601 1914 1602
f 1686 1689 1605
f 1605 1689 1606
f 1598 1743 1599
f 1599 1743 1692
f 2874 1607 1723
f 1723 1607 1606
f 1727 1553 1730
f 1730 1553 1595
f 1600 1686 1601
f 1601 1686 1605
f 1914 1572 1602
f 1602 1572 1571
f 1579 1693 1580
f 1580 1693 1692
f 1613 2874 1563
f 1563 2874 1723
f 1561 1727 1562
f 1562 1727 1730
f 1949 1742 1548
f 1548 1742 1549
f 1694 1949 1552
f 1552 1949 1548
f 1954 1589 1554
f 1554 1589 1555
f 1693 1579 1558
f 1558 1579 1559
f 1561 1564 1584
f 1584 1564 1585
f 1582 1556 1588
f 1588 1556 1555
f 1600 1603 1591
f 1591 1603 1592
f 1981 1977 1687
f 1687 1977 1688
f 1564 1722 1585
f 1585 1722 1690
f 1551 1693 1552
f 1552 1693 1558
f 1751 1954 1728
f 1728 1954 1554
f 1590 1981 1591
f 1591 1981 1687
f 1603 1550 1592
f 1592 1550 1549
f 1977 1691 1688
f 1688 1691 1690
f 1587 1560 1588
f 1588 1560 1559
f 1727 1561 1728
f 1728 1561 1584
f 2875 1919 1947
f 1947 1919 1948
f 1557 1560 1952
f 1952 1560 1953
f 1933 1932 1955
f 1955 1932 1956
f 1587 1589 1958
f 1958 1589 1956
f 1959 1933 1965
f 1965 1933 1955
f 1961 1964 1966
f 1966 1964 1967
f 1981 1590 1969
f 1969 1590 1967
f 1742 1949 1972
f 1972 1949 1948
f 1593 1742 1966
f 1966 1742 1972
f 1957 1950 1958
f 1958 1950 1953
f 1583 1586 1974
f 1974 1586 1975
f 1940 1943 1978
f 1978 1943 1979
f 1943 1976 1979
f 1979 1976 1975
f 1951 2875 1952
f 1952 2875 1947
f 1968 1940 1969
f 1969 1940 1978
f 1973 1959 1974
f 1974 1959 1965
f 1923 1971 1920
f 1920 1971 1921
f 1919 2875 1920
f 1920 2875 1924
f 2875 1951 1924
f 1924 1951 1926
f 1950 1957 1929
f 1929 1957 1930
f 2244 2243 1934
f 1934 2243 1935
f 1973 1976 1937
f 1937 1976 1938
f 1944 1980 1941
f 1941 1980 1942
f 1940 1968 1941
f 1941 1968 1945
f 2287 2244 1960
f 1960 2244 1934
f 1970 2245 1962
f 1962 2245 1963
f 2243 1931 1935
f 1935 1931 1930
f 1927 1926 1928
f 1928 1926 1929
f 1961 1922 1962
f 1962 1922 1921
f 2245 1946 1963
f 1963 1946 1945
f 1976 1943 1938
f 1938 1943 1942
f 1936 2287 1937
f 1937 2287 1960
f 743 1238 608
f 608 1238 609
f 607 1811 608
f 608 1811 744
f 1304 2876 1305
f 1305 2876 2877
f 586 585 1298
f 1298 585 1299
f 585 702 1299
f 1299 702 1300
f 702 1428 1300
f 1300 1428 1301
f 1238 586 609
f 609 586 1298
f 2878 2879 1218
f 1218 2879 2877
f 2880 2881 1812
f 1812 2881 1819
f 2883 1821 2882
f 2882 1821 1820
f 2840 2841 620
f 620 2841 621
f 2842 2843 795
f 795 2843 796
f 892 895 2844
f 2844 895 2845
f 2848 2840 942
f 942 2840 620
f 2849 927 1202
f 1202 927 1203
f 2852 2842 1270
f 1270 2842 795
f 2841 2852 621
f 621 2852 1270
f 941 1759 942
f 942 1759 2884
f 659 929 1427
f 1427 929 2847
f 1237 2851 751
f 751 2851 2850
f 1216 2885 1217
f 1217 2885 1754
f 2887 734 2886
f 2886 734 733
f 2889 1816 2888
f 2888 1816 1815
f 2890 1245 2889
f 2889 1245 1816
f 1824 2891 1825
f 1825 2891 1246
f 2892 2893 2895
f 2895 2893 2894
f 1854 1833 1851
f 1851 1833 1832
f 1851 1832 1884
f 1884 1832 1876
f 1884 1876 1441
f 1441 1876 1443
f 1441 1443 1442
f 1442 1443 1446
f 1442 1446 2896
f 2896 1446 1507
f 2897 2823 2898
f 2898 2823 1543
f 1542 2899 1543
f 1543 2899 2898
f 1542 1905 2899
f 2899 1905 2900
f 1905 1259 2900
f 2900 1259 2901
f 1262 1431 2902
f 2902 1431 1904
f 1431 1434 1904
f 1904 1434 1902
f 1902 1434 2903
f 2903 1434 719
f 2903 719 2904
f 2904 719 718
f 1869 1881 718
f 718 1881 2904
f 1881 1869 1880
f 1880 1869 756
f 1880 756 2905
f 2905 756 755
f 2905 755 2906
f 2906 755 758
f 762 2907 763
f 763 2907 2908
f 724 723 2909
f 2909 723 894
f 796 895 723
f 723 895 894
f 2843 2845 796
f 796 2845 895
f 2826 1496 2843
f 2843 1496 2845
f 2825 1497 2826
f 2826 1497 1496
f 1189 2836 2825
f 2825 2836 1497
f 797 891 798
f 798 891 2837
f 802 888 797
f 797 888 891
f 2910 2911 2913
f 2913 2911 2912
f 1780 1783 2915
f 2915 1783 2914
f 2916 2917 831
f 831 2917 832
f 2918 2919 845
f 845 2919 846
f 2920 2916 847
f 847 2916 831
f 2921 2922 857
f 857 2922 858
f 2923 2924 860
f 860 2924 861
f 2919 2912 846
f 846 2912 887
f 2925 2920 940
f 940 2920 847
f 2924 2926 861
f 861 2926 1204
f 2917 2918 832
f 832 2918 845
f 2927 2928 1449
f 1449 2928 1450
f 2929 2930 889
f 889 2930 2931
f 2896 1507 2897
f 2897 1507 2823
f 2902 2901 1262
f 1262 2901 1259
f 2932 2933 750
f 750 2933 1236
f 2933 2934 1236
f 1236 2934 1835
f 2936 2937 2935
f 2935 2937 2938
f 2940 2941 2939
f 2939 2941 2942
f 2943 2944 1841
f 1841 2944 1842
f 2945 1860 2944
f 2944 1860 1842
f 2945 2946 1860
f 1860 2946 1859
f 1889 2947 1890
f 1890 2947 1856
f 1856 2947 1857
f 1857 2947 2948
f 2950 709 2949
f 2949 709 1829
f 2952 730 2951
f 2951 730 729
f 2866 2953 2867
f 2867 2953 1761
f 2953 2954 1761
f 1761 2954 1420
f 2954 2955 1420
f 1420 2955 742
f 2955 2956 742
f 742 2956 739
f 2956 2957 739
f 739 2957 760
f 2957 2958 760
f 760 2958 761
f 2958 2959 761
f 761 2959 2960
f 2959 2961 2960
f 2960 2961 2962
f 2963 2964 1839
f 1839 2964 1840
f 2964 2965 1840
f 1840 2965 2942
f 2966 2950 2939
f 2939 2950 2949
f 2935 2967 2936
f 2936 2967 2968
f 2969 2970 736
f 736 2970 735
f 734 2887 1815
f 1815 2887 2888
f 2887 2882 2888
f 2888 2882 2881
f 1819 1820 1817
f 1817 1820 748
f 1195 1757 1197
f 1197 1757 1424
f 1757 647 1424
f 1424 647 646
f 647 648 646
f 646 648 643
f 648 1271 643
f 643 1271 737
f 1271 725 737
f 737 725 765
f 725 724 765
f 765 724 762
f 762 724 2907
f 2907 724 2909
f 1254 1437 2909
f 2909 1437 2907
f 1438 1253 1836
f 1836 1253 1835
f 1836 1835 2938
f 2938 1835 2934
f 2971 2972 2935
f 2935 2972 2967
f 897 896 2969
f 2969 896 2970
f 1815 1814 734
f 734 1814 731
f 728 1215 896
f 896 1215 732
f 2885 1216 733
f 733 1216 2886
f 1216 1219 2886
f 2886 1219 2883
f 2876 1304 1821
f 1821 1304 749
f 1304 1303 749
f 749 1303 746
f 1818 2973 1817
f 1817 2973 1810
f 747 2974 1818
f 1818 2974 2973
f 747 746 2974
f 2974 746 1303
f 2976 2977 2975
f 2975 2977 2978
f 2976 2979 2901
f 2901 2979 2900
f 2980 2981 2982
f 2982 2981 2979
f 2981 2980 2983
f 2983 2980 2984
f 2985 2897 2983
f 2983 2897 2898
f 2987 2988 2986
f 2986 2988 2985
f 2896 2988 1442
f 1442 2988 1439
f 1903 2977 1904
f 1904 2977 2902
f 1856 1855 1890
f 1890 1855 2989
f 2989 2990 1890
f 1890 2990 1359
f 2990 2991 1359
f 1359 2991 1356
f 2946 2992 1859
f 1859 2992 1893
f 2992 2993 1893
f 1893 2993 775
f 2993 2994 775
f 775 2994 776
f 2986 1356 2987
f 2987 1356 2991
f 2975 2978 776
f 776 2978 777
f 2982 2994 2980
f 2980 2994 2995
f 1357 2984 2995
f 2995 2984 2980
f 2995 2996 1357
f 1357 2996 1358
f 2996 2997 1358
f 1358 2997 1889
f 2998 2999 2932
f 2932 2999 2933
f 2999 2971 2933
f 2933 2971 2934
f 1837 1836 2937
f 2937 1836 2938
f 2943 1841 2941
f 2941 1841 1838
f 3001 2944 3000
f 3000 2944 2943
f 3001 3002 2944
f 2944 3002 2945
f 3002 3003 2945
f 2945 3003 2946
f 2997 3003 1889
f 1889 3003 2947
f 2947 3003 2948
f 2948 3003 3002
f 3001 3004 3002
f 3002 3004 2948
f 3000 3005 3001
f 3001 3005 3004
f 2940 3006 3000
f 3000 3006 3005
f 2999 3007 2971
f 2971 3007 2972
f 2998 2951 2999
f 2999 2951 3007
f 3008 2952 2998
f 2998 2952 2951
f 2966 2965 2936
f 2936 2965 2937
f 2935 2938 2971
f 2971 2938 2934
f 3003 2997 2946
f 2946 2997 2992
f 2997 2996 2992
f 2992 2996 2993
f 2996 2995 2993
f 2993 2995 2994
f 1356 2986 1357
f 1357 2986 2984
f 2982 2975 2994
f 2994 2975 776
f 1844 1843 1899
f 1899 1843 3009
f 1843 638 3009
f 3009 638 3010
f 638 637 3010
f 3010 637 3011
f 637 1830 3011
f 3011 1830 3012
f 1830 1833 3012
f 3012 1833 2894
f 1833 1854 2894
f 2894 1854 2895
f 1854 1853 2895
f 2895 1853 1888
f 1858 1857 1885
f 1885 1857 1892
f 1899 3009 1898
f 1898 3009 1874
f 3009 3010 1874
f 1874 3010 1865
f 3010 3011 1865
f 1865 3011 1862
f 3011 3012 1862
f 1862 3012 1882
f 3012 2894 1882
f 1882 2894 2893
f 1850 2890 782
f 782 2890 2889
f 783 2880 1811
f 1811 2880 1812
f 744 1810 745
f 745 1810 2973
f 745 2973 805
f 805 2973 806
f 2973 2974 806
f 806 2974 815
f 1303 812 2974
f 2974 812 815
f 1303 1302 812
f 812 1302 1221
f 1307 3013 1302
f 1302 3013 1221
f 1734 3014 1633
f 1633 3014 1634
f 1646 1649 1636
f 1636 1649 1637
f 1654 1657 1641
f 1641 1657 1642
f 1639 1736 1636
f 1636 1736 1684
f 1716 1713 1698
f 1698 1713 1699
f 1718 1721 1705
f 1705 1721 1706
f 1653 1654 1709
f 1709 1654 1641
f 1620 1623 1714
f 1714 1623 1699
f 1712 1682 1714
f 1714 1682 1740
f 1668 1671 1746
f 1746 1671 1747
f 1752 1650 1749
f 1749 1650 1750
f 1750 1650 1709
f 1709 1650 1653
f 1632 1668 1633
f 1633 1668 1746
f 1649 1752 1637
f 1637 1752 1749
f 1682 1643 1740
f 1740 1643 1642
f 3014 1685 1634
f 1634 1685 1684
f 1704 1748 1705
f 1705 1748 1747
f 1697 1707 1698
f 1698 1707 1706
f 1739 1701 1621
f 1621 1701 1622
f 1567 1566 1647
f 1647 1566 1648
f 1664 1695 1651
f 1651 1695 1652
f 1614 1617 1655
f 1655 1617 1656
f 1704 1707 1659
f 1659 1707 1660
f 3014 1734 1662
f 1662 1734 1663
f 1650 1752 1651
f 1651 1752 1665
f 1741 1657 1667
f 1667 1657 1656
f 1695 1614 1652
f 1652 1614 1655
f 1724 1567 1726
f 1726 1567 1647
f 1645 1628 1733
f 1733 1628 1663
f 1685 3014 1726
f 1726 3014 1662
f 1620 1741 1621
f 1621 1741 1667
f 1566 1666 1648
f 1648 1666 1665
f 1658 1737 1659
f 1659 1737 1901
f 1911 1661 1910
f 1910 1661 1660
f 1701 1911 1622
f 1622 1911 1910
f 1732 1748 1733
f 1733 1748 1901
f 1857 2948 1892
f 1892 2948 3004
f 1892 3004 1891
f 1891 3004 3005
f 1828 3006 1829
f 1829 3006 2949
f 2967 736 2968
f 2968 736 710
f 2972 2969 2967
f 2967 2969 736
f 2969 2972 897
f 897 2972 3007
f 897 3007 729
f 729 3007 2951
f 3016 753 3015
f 3015 753 752
f 3018 767 3017
f 3017 767 766
f 3019 3020 1249
f 1249 3020 3021
f 2915 2914 3019
f 3019 2914 3020
f 3023 2914 3022
f 3022 2914 1783
f 2827 2839 769
f 769 2839 766
f 3025 2838 3024
f 3024 2838 3021
f 768 767 2850
f 2850 767 3026
f 2850 3026 751
f 751 3026 752
f 750 753 2932
f 2932 753 3027
f 3008 2998 3027
f 3027 2998 2932
f 3028 3029 3008
f 3008 3029 2952
f 3029 3030 2952
f 2952 3030 730
f 3032 3033 3031
f 3031 3033 3034
f 3036 3037 3035
f 3035 3037 3038
f 2870 3039 612
f 612 3039 3040
f 3041 3042 3031
f 3031 3042 3038
f 3034 1352 3043
f 3043 1352 944
f 612 3040 613
f 613 3040 3044
f 613 3044 1425
f 1425 3044 1422
f 3045 3042 669
f 669 3042 670
f 3041 3043 599
f 599 3043 600
f 772 771 1544
f 1544 771 781
f 1503 771 1866
f 1866 771 770
f 771 1503 781
f 781 1503 778
f 61 281 416
f 416 281 1907
f 283 103 3046
f 3046 103 3047
f 76 79 3048
f 3048 79 3049
f 280 76 1906
f 1906 76 3048
f 3051 335 3050
f 3050 335 334
f 3053 417 3052
f 3052 417 416
f 3055 435 3054
f 3054 435 434
f 428 435 419
f 419 435 1908
f 420 1909 293
f 293 1909 443
f 79 294 3049
f 3049 294 444
f 3057 444 3056
f 3056 444 443
f 3051 3058 335
f 335 3058 452
f 216 215 1332
f 1332 215 452
f 308 283 462
f 462 283 3046
f 3050 334 3059
f 3059 334 462
f 103 62 3047
f 3047 62 417
f 313 312 434
f 434 312 463
f 3061 574 3060
f 3060 574 573
f 1310 3062 1428
f 1428 3062 3063
f 1258 3064 1255
f 1255 3064 2871
f 932 3065 2853
f 2853 3065 3066
f 699 2814 931
f 931 2814 3067
f 3068 1301 3063
f 3063 1301 1428
f 571 574 1310
f 1310 574 3062
f 3060 573 3069
f 3069 573 1332
f 3070 3071 1906
f 1906 3071 1907
f 3072 3073 1908
f 1908 3073 1909
f 3075 2814 3074
f 3074 2814 2813
f 2854 3076 1258
f 1258 3076 3064
f 2871 3077 2872
f 2872 3077 3078
f 3074 2813 3079
f 3079 2813 2873
f 2872 3078 1349
f 1349 3078 3080
f 2873 701 3068
f 3068 701 1301
f 1330 1201 3080
f 3080 1201 1349
f 1264 1263 3081
f 3081 1263 3082
f 3083 3084 3082
f 3082 3084 3081
f 811 1448 3086
f 3086 1448 3085
f 808 811 3087
f 3087 811 3086
f 3088 3083 833
f 833 3083 3082
f 884 3089 885
f 885 3089 3090
f 3087 1790 808
f 808 1790 816
f 1790 3087 1787
f 1787 3087 3091
f 3092 3091 3086
f 3086 3091 3087
f 3093 3094 3084
f 3084 3094 3095
f 3089 3096 3090
f 3090 3096 3088
f 3097 3093 3083
f 3083 3093 3084
f 3099 3100 3098
f 3098 3100 1786
f 3101 1788 2913
f 2913 1788 3102
f 838 837 885
f 885 837 886
f 886 837 3103
f 3103 837 1541
f 3094 3093 3104
f 3104 3093 3097
f 3105 3106 3089
f 3089 3106 3096
f 3108 3109 3107
f 3107 3109 3110
f 3111 3112 3091
f 3091 3112 1787
f 3114 3108 3113
f 3113 3108 3107
f 3114 3115 3112
f 3112 3115 3102
f 3091 3092 3111
f 3111 3092 3116
f 839 838 835
f 835 838 836
f 885 3090 838
f 838 3090 836
f 3110 3117 1247
f 1247 3117 3118
f 1247 3118 1248
f 1248 3118 3119
f 3120 3121 3119
f 3119 3121 1248
f 1247 844 3110
f 3110 844 3107
f 844 843 3107
f 3107 843 3113
f 843 3099 3113
f 3113 3099 3122
f 1781 3123 3098
f 3098 3123 3124
f 2915 2931 1780
f 1780 2931 2930
f 3019 3125 2915
f 2915 3125 2931
f 890 3125 2834
f 2834 3125 1252
f 3125 3019 1252
f 1252 3019 1249
f 907 908 946
f 946 908 947
f 1185 1188 1369
f 1369 1188 948
f 954 957 951
f 951 957 952
f 910 965 953
f 953 965 950
f 905 958 960
f 960 958 961
f 3126 978 949
f 949 978 962
f 936 935 967
f 967 935 968
f 994 993 969
f 969 993 966
f 902 904 971
f 971 904 972
f 983 985 973
f 973 985 970
f 906 905 974
f 974 905 960
f 977 981 959
f 959 981 975
f 911 910 1143
f 1143 910 953
f 952 957 1142
f 1142 957 1145
f 911 1143 1366
f 1366 1143 1368
f 1185 1369 1145
f 1145 1369 1142
f 993 1519 966
f 966 1519 1456
f 965 1454 950
f 950 1454 1457
f 900 899 1459
f 1459 899 1460
f 988 991 1461
f 1461 991 1458
f 899 963 1460
f 1460 963 1462
f 985 987 970
f 970 987 1463
f 904 906 972
f 972 906 974
f 981 983 975
f 975 983 973
f 935 900 968
f 968 900 1459
f 991 994 1458
f 1458 994 969
f 1154 1526 1088
f 1088 1526 1089
f 1109 1112 1092
f 1092 1112 1093
f 1083 1098 1084
f 1084 1098 1097
f 1078 1471 1100
f 1100 1471 1101
f 1075 1078 1104
f 1104 1078 1100
f 1152 1154 1156
f 1156 1154 1088
f 1156 1155 1372
f 1372 1155 1373
f 1372 1373 1104
f 1104 1373 1075
f 1467 1109 1465
f 1465 1109 1092
f 1465 1182 1468
f 1468 1182 1184
f 1474 1470 1096
f 1096 1470 1097
f 1102 1101 1083
f 1083 1101 1098
f 1112 1531 1093
f 1093 1531 1529
f 1102 1073 1099
f 1099 1073 1072
f 1526 1154 1079
f 1079 1154 1080
f 1081 1091 1082
f 1082 1091 1094
f 1069 1068 1085
f 1085 1068 1086
f 1153 1151 1080
f 1080 1151 1058
f 1371 1177 1179
f 1179 1177 1176
f 1099 1072 1103
f 1103 1072 1176
f 1068 1071 1086
f 1086 1071 1073
f 1085 1084 1180
f 1180 1084 1469
f 1066 1065 1183
f 1183 1065 1181
f 1153 1152 1177
f 1177 1152 1178
f 1091 1081 1182
f 1182 1081 1183
f 1057 1525 1079
f 1079 1525 1527
f 1120 1117 1076
f 1076 1117 1077
f 1087 1090 1107
f 1107 1090 1108
f 1127 1126 1110
f 1110 1126 1111
f 1095 1116 1096
f 1096 1116 1115
f 1471 1078 1119
f 1119 1078 1077
f 1087 1107 1155
f 1155 1107 1158
f 1376 1374 1157
f 1157 1374 1158
f 1076 1075 1374
f 1374 1075 1373
f 1109 1467 1110
f 1110 1467 1472
f 1467 1466 1472
f 1472 1466 1473
f 1135 1475 1114
f 1114 1475 1115
f 1471 1119 1095
f 1095 1119 1116
f 1126 1532 1111
f 1111 1532 1530
f 914 1276 1480
f 1480 1276 1517
f 3127 3128 1223
f 1223 3128 1224
f 824 933 1455
f 1455 933 3129
f 3131 1448 3130
f 3130 1448 1447
f 3132 3133 1452
f 1452 3133 1453
f 3130 1447 1322
f 1322 1447 1455
f 933 1514 3129
f 3129 1514 3134
f 1161 3135 1480
f 1480 3135 1481
f 3128 3136 1224
f 1224 3136 1499
f 3133 1162 1453
f 1453 1162 1517
f 1515 3127 1535
f 1535 3127 1223
f 3095 3085 3131
f 3131 3085 1448
f 3137 3092 3085
f 3085 3092 3086
f 3138 3116 3137
f 3137 3116 3092
f 3110 3109 3117
f 3117 3109 3139
f 3105 3140 3117
f 3117 3140 3118
f 3140 3141 3118
f 3118 3141 3119
f 3142 3120 3141
f 3141 3120 3119
f 1498 3143 1277
f 1277 3143 882
f 3144 3145 1340
f 1340 3145 1339
f 1340 3146 3144
f 3144 3146 3147
f 3145 3144 3143
f 3143 3144 3148
f 871 901 872
f 872 901 1362
f 3149 3148 3147
f 3147 3148 3144
f 1208 3150 1209
f 3098 1786 1781
f 1781 1786 1782
f 2930 2929 3123
f 3123 2929 2911
f 1794 1791 2916
f 2916 1791 2917
f 1793 3101 2918
f 2918 3101 2919
f 1796 1794 2920
f 2920 1794 2916
f 3151 3152 2921
f 2921 3152 2922
f 3153 3154 2923
f 2923 3154 2924
f 2919 3101 2912
f 2912 3101 2913
f 3155 1796 2925
f 2925 1796 2920
f 3154 3156 2924
f 2924 3156 2926
f 1791 1793 2917
f 2917 1793 2918
f 3157 3158 2927
f 2927 3158 2928
f 1780 2930 1781
f 1781 2930 3123
f 2825 1267 1189
f 1189 1267 1190
f 2827 2828 1250
f 1250 2828 1251
f 1489 2830 1324
f 1324 2830 1325
f 923 1328 1334
f 1334 1328 1335
f 1485 2832 1482
f 1482 2832 1483
f 1266 1490 1492
f 1492 1490 1493
f 1333 1346 1334
f 1334 1346 2824
f 722 799 1492
f 1492 799 1190
f 664 657 1482
f 1482 657 2833
f 631 634 1324
f 1324 634 1493
f 2828 1494 1251
f 1251 1494 2835
f 1249 3021 1250
f 1250 3021 2838
f 798 2837 1189
f 1189 2837 2836
f 3100 842 3160
f 3160 842 3159
f 1788 3101 1789
f 1789 3101 1793
f 1792 816 1789
f 1789 816 1790
f 817 816 1795
f 1795 816 1792
f 938 817 1797
f 1797 817 1795
f 1796 3155 1797
f 1797 3155 1798
f 3155 3158 1798
f 1798 3158 1799
f 3157 3152 1801
f 1801 3152 1802
f 3151 3156 1803
f 1803 3156 1804
f 3154 3153 1805
f 1805 3153 1806
f 3153 3161 1806
f 1806 3161 1807
f 3099 843 3100
f 3100 843 842
f 1788 1787 3102
f 3102 1787 3112
f 2910 3115 3124
f 3124 3115 3122
f 3099 3098 3122
f 3122 3098 3124
f 416 1907 3052
f 3052 1907 3071
f 3046 3047 3163
f 3163 3047 3162
f 249 445 259
f 259 445 3164
f 425 3165 424
f 424 3165 461
f 408 410 329
f 329 410 330
f 39 331 40
f 40 331 332
f 305 304 423
f 423 304 464
f 385 254 458
f 458 254 392
f 250 415 251
f 251 415 412
f 233 337 234
f 234 337 3166
f 435 3055 1908
f 1908 3055 3072
f 443 1909 3056
f 3056 1909 3073
f 3167 3049 3057
f 3057 3049 444
f 452 3058 1332
f 1332 3058 3069
f 234 3166 346
f 346 3166 411
f 3046 3163 462
f 462 3163 3059
f 259 3164 260
f 260 3164 336
f 3047 417 3162
f 3162 417 3053
f 463 3168 434
f 434 3168 3054
f 454 830 425
f 425 830 3165
f 3062 3169 3063
f 3063 3169 3170
f 1355 1354 1534
f 1534 1354 3171
f 3063 3170 3068
f 3068 3170 3172
f 574 3061 3062
f 3062 3061 3169
f 1534 3171 1535
f 1535 3171 3173
f 3079 2873 3172
f 3172 2873 3068
f 2838 3025 2839
f 2839 3025 3174
f 3176 3177 3175
f 3175 3177 3178
f 3180 1125 3179
f 3179 1125 1128
f 3182 3183 3181
f 3181 3183 3184
f 1134 3185 1130
f 1130 3185 3182
f 3186 3187 3189
f 3189 3187 3188
f 3191 3189 3190
f 3190 3189 3188
f 1137 1122 3190
f 3190 1122 3192
f 3175 3178 3193
f 3193 3178 3194
f 3181 3184 3179
f 3179 3184 3195
f 3197 3198 3196
f 3196 3198 3180
f 3200 3178 3199
f 3199 3178 3177
f 3202 3196 3201
f 3201 3196 3195
f 3204 3184 3203
f 3203 3184 3183
f 3206 3207 3205
f 3205 3207 3186
f 3205 3186 3208
f 3208 3186 3189
f 3209 3208 3191
f 3191 3208 3189
f 3210 3194 3200
f 3200 3194 3178
f 3201 3195 3204
f 3204 3195 3184
f 3197 3211 3177
f 3177 3211 3199
f 3213 3214 3212
f 3212 3214 3215
f 3217 3218 3216
f 3216 3218 3219
f 3221 3222 3220
f 3220 3222 3223
f 3225 3226 3224
f 3224 3226 3227
f 3229 3230 3228
f 3228 3230 3231
f 3233 3234 3232
f 3232 3234 3235
f 3237 3238 3236
f 3236 3238 3239
f 3238 3240 3239
f 3239 3240 3241
f 3232 3235 3242
f 3242 3235 3243
f 3245 3246 3244
f 3244 3246 3247
f 3248 3249 3245
f 3245 3249 3246
f 3251 3252 3250
f 3250 3252 3253
f 3255 3252 3254
f 3254 3252 3251
f 3256 3257 3259
f 3259 3257 3258
f 3261 3262 3260
f 3260 3262 3263
f 3265 3263 3264
f 3264 3263 3262
f 3256 3259 3266
f 3266 3259 3267
f 3269 3270 3268
f 3268 3270 3271
f 3269 3272 3270
f 3270 3272 3273
f 3274 3275 3277
f 3277 3275 3276
f 3278 3279 3276
f 3276 3279 3277
f 3281 3282 3280
f 3280 3282 3283
f 3280 3284 3281
f 3281 3284 3285
f 3287 3288 3286
f 3286 3288 3289
f 3290 3291 3288
f 3288 3291 3289
f 3234 3218 3235
f 3235 3218 3217
f 3232 3292 3233
f 3233 3292 3293
f 3239 3294 3236
f 3236 3294 3219
f 3233 3293 3237
f 3237 3293 3295
f 3296 3294 3241
f 3241 3294 3239
f 3240 3238 3297
f 3297 3238 3298
f 3217 3216 3235
f 3235 3216 3243
f 3297 3299 3240
f 3240 3299 3242
f 3246 3300 3247
f 3247 3300 3223
f 3301 3302 3254
f 3254 3302 3244
f 3249 3303 3246
f 3246 3303 3300
f 3245 3304 3248
f 3248 3304 3292
f 3252 3221 3253
f 3253 3221 3220
f 3250 3248 3299
f 3299 3248 3292
f 3222 3221 3255
f 3255 3221 3252
f 3297 3301 3251
f 3251 3301 3254
f 3258 3214 3259
f 3259 3214 3213
f 3257 3256 3304
f 3304 3256 3305
f 3263 3306 3260
f 3260 3306 3215
f 3261 3257 3302
f 3302 3257 3304
f 3307 3306 3265
f 3265 3306 3263
f 3262 3301 3264
f 3264 3301 3308
f 3259 3213 3267
f 3267 3213 3212
f 3308 3309 3264
f 3264 3309 3266
f 3270 3310 3271
f 3271 3310 3231
f 3311 3312 3278
f 3278 3312 3268
f 3270 3273 3310
f 3310 3273 3313
f 3272 3269 3305
f 3305 3269 3314
f 3277 3229 3274
f 3274 3229 3228
f 3275 3272 3309
f 3309 3272 3305
f 3279 3230 3277
f 3277 3230 3229
f 3276 3308 3278
f 3278 3308 3311
f 3281 3315 3282
f 3282 3315 3227
f 3290 3316 3283
f 3283 3316 3317
f 3281 3285 3315
f 3315 3285 3318
f 3284 3280 3314
f 3314 3280 3319
f 3289 3225 3286
f 3286 3225 3224
f 3287 3284 3312
f 3284 3314 3312
f 3291 3226 3289
f 3289 3226 3225
f 3288 3311 3290
f 3290 3311 3316
f 3212 3215 3307
f 3307 3215 3306
f 3294 3296 3219
f 3219 3296 3216
f 3303 3220 3300
f 3300 3220 3223
f 3224 3227 3318
f 3318 3227 3315
f 3228 3231 3313
f 3313 3231 3310
f 3234 3233 3236
f 3236 3233 3237
f 3243 3241 3242
f 3242 3241 3240
f 3247 3255 3244
f 3244 3255 3254
f 3253 3249 3250
f 3250 3249 3248
f 3260 3258 3261
f 3261 3258 3257
f 3266 3267 3264
f 3264 3267 3265
f 3268 3271 3278
f 3278 3271 3279
f 3274 3273 3275
f 3275 3273 3272
f 3283 3282 3290
f 3290 3282 3291
f 3286 3285 3287
f 3287 3285 3284
f 3218 3234 3219
f 3219 3234 3236
f 3295 3298 3237
f 3237 3298 3238
f 3216 3296 3243
f 3243 3296 3241
f 3242 3299 3232
f 3232 3299 3292
f 3223 3222 3247
f 3247 3222 3255
f 3244 3302 3245
f 3245 3302 3304
f 3303 3249 3220
f 3220 3249 3253
f 3297 3251 3299
f 3299 3251 3250
f 3215 3214 3260
f 3260 3214 3258
f 3301 3262 3302
f 3302 3262 3261
f 3212 3307 3267
f 3267 3307 3265
f 3266 3309 3256
f 3256 3309 3305
f 3271 3231 3279
f 3279 3231 3230
f 3268 3312 3269
f 3269 3312 3314
f 3228 3313 3274
f 3274 3313 3273
f 3308 3276 3309
f 3309 3276 3275
f 3282 3227 3291
f 3291 3227 3226
f 3317 3319 3283
f 3283 3319 3280
f 3224 3318 3286
f 3286 3318 3285
f 3312 3311 3287
f 3311 3288 3287
f 3320 3321 3194
f 3194 3321 3193
f 1375 3321 1121
f 1121 3321 3322
f 3323 3324 3322
f 3322 3324 3192
f 3175 1124 3176
f 3176 1124 1123
f 3179 3195 3180
f 3180 3195 3196
f 3181 1131 3182
f 3182 1131 1130
f 3207 3185 3186
f 3186 3185 3187
f 1136 3188 1133
f 1133 3188 3187
f 3190 3188 1137
f 1137 3188 1136
f 3193 1159 3175
f 3175 1159 1124
f 3179 1128 3181
f 3181 1128 1131
f 1533 3198 1123
f 1123 3198 3176
f 3321 1375 3193
f 3193 1375 1159
f 3321 3320 3322
f 3322 3320 3323
f 1122 1121 3192
f 3192 1121 3322
f 3194 3210 3320
f 3320 3210 3325
f 3324 3323 3327
f 3327 3323 3326
f 3320 3325 3323
f 3323 3325 3326
f 3208 3328 3205
f 3205 3328 3329
f 3330 3206 3329
f 3329 3206 3205
f 3203 3331 3204
f 3204 3331 3332
f 3210 3333 3325
f 3325 3333 3334
f 3325 3334 3326
f 3326 3334 3335
f 3327 3326 3336
f 3336 3326 3335
f 3327 3209 3324
f 3324 3209 3191
f 3190 3192 3191
f 3191 3192 3324
f 3338 3339 3337
f 3337 3339 3340
f 3338 3341 3339
f 3339 3341 3342
f 3341 3343 3342
f 3342 3343 3344
f 3343 3345 3344
f 3344 3345 3346
f 3345 3347 3346
f 3346 3347 3348
f 3347 3349 3348
f 3348 3349 3350
f 3337 3340 3351
f 3351 3340 3352
f 3351 3352 3353
f 3353 3352 3354
f 3353 3354 3355
f 3355 3354 3356
f 3350 3349 3357
f 3357 3349 3358
f 3355 3356 3359
f 3359 3356 3360
f 3359 3360 3361
f 3361 3360 3362
f 3361 3362 3363
f 3363 3362 3364
f 3363 3364 3358
f 3358 3364 3357
f 3339 3342 3365
f 3365 3342 3366
f 3342 3344 3366
f 3366 3344 3367
f 3344 3346 3367
f 3367 3346 3368
f 3346 3348 3368
f 3368 3348 3369
f 3348 3350 3369
f 3369 3350 3370
f 3368 3369 3371
f 3371 3369 3372
f 3369 3370 3372
f 3372 3370 3373
f 3373 3374 3372
f 3372 3374 3375
f 3377 3378 3376
f 3376 3378 3379
f 3377 3375 3378
f 3378 3375 3374
f 3375 3380 3372
f 3372 3380 3371
f 3377 3381 3375
f 3375 3381 3380
f 3376 3382 3377
f 3377 3382 3381
f 3384 3385 3383
f 3383 3385 3386
f 3384 3383 3388
f 3388 3383 3387
f 3388 3387 3389
f 3389 3387 3390
f 3392 3385 3391
f 3391 3385 3384
f 3388 3393 3384
f 3384 3393 3391
f 3389 3394 3388
f 3388 3394 3393
f 3389 3395 3394
f 3394 3395 3396
f 3395 3389 3397
f 3397 3389 3390
f 3339 3365 3340
f 3340 3365 3398
f 3340 3398 3352
f 3352 3398 3399
f 3371 3400 3368
f 3368 3400 3367
f 3400 3401 3367
f 3367 3401 3366
f 3366 3401 3365
f 3365 3401 3402
f 3398 3365 3403
f 3403 3365 3402
f 3398 3403 3399
f 3399 3403 3404
f 3403 3405 3404
f 3404 3405 3406
f 3352 3399 3354
f 3354 3399 3407
f 3399 3404 3407
f 3407 3404 3408
f 3404 3406 3408
f 3408 3406 3409
f 3405 3410 3406
f 3406 3410 3411
f 3410 3412 3411
f 3411 3412 3413
f 3397 3414 3395
f 3395 3414 3415
f 3417 3415 3416
f 3416 3415 3412
f 3410 3418 3412
f 3412 3418 3416
f 3410 3405 3418
f 3418 3405 3419
f 3405 3403 3419
f 3419 3403 3402
f 3370 3350 3420
f 3420 3350 3357
f 3373 3370 3421
f 3421 3370 3420
f 3374 3373 3422
f 3422 3373 3421
f 3378 3374 3423
f 3423 3374 3422
f 3378 3423 3379
f 3379 3423 3424
f 3424 3425 3379
f 3379 3425 3386
f 3383 3426 3387
f 3387 3426 3427
f 3387 3427 3390
f 3390 3427 3428
f 3390 3428 3397
f 3397 3428 3429
f 3429 3430 3397
f 3397 3430 3414
f 3411 3413 3431
f 3431 3413 3432
f 3406 3411 3409
f 3409 3411 3431
f 3401 3400 3335
f 3335 3400 3336
f 3401 3335 3402
f 3402 3335 3334
f 3402 3334 3419
f 3419 3334 3333
f 3419 3333 3418
f 3418 3333 3433
f 3418 3433 3416
f 3416 3433 3434
f 3435 3417 3434
f 3434 3417 3416
f 3394 3396 3436
f 3436 3396 3437
f 3393 3394 3332
f 3332 3394 3436
f 3393 3332 3391
f 3391 3332 3331
f 3330 3392 3331
f 3331 3392 3391
f 3382 3329 3381
f 3381 3329 3328
f 3354 3407 3356
f 3356 3407 3438
f 3356 3438 3360
f 3360 3438 3439
f 3360 3439 3362
f 3362 3439 3440
f 3362 3440 3364
f 3364 3440 3441
f 3364 3441 3357
f 3357 3441 3420
f 3421 3420 3442
f 3442 3420 3441
f 3442 3441 3443
f 3443 3441 3440
f 3443 3440 3444
f 3444 3440 3439
f 3444 3439 3445
f 3445 3439 3438
f 3445 3438 3408
f 3408 3438 3407
f 3422 3421 3446
f 3446 3421 3442
f 3446 3442 3447
f 3447 3442 3443
f 3447 3443 3448
f 3448 3443 3444
f 3448 3444 3449
f 3449 3444 3445
f 3449 3445 3409
f 3409 3445 3408
f 3409 3431 3449
f 3449 3431 3450
f 3449 3450 3448
f 3448 3450 3451
f 3451 3452 3448
f 3448 3452 3447
f 3447 3452 3446
f 3446 3452 3453
f 3446 3453 3422
f 3422 3453 3423
f 3424 3423 3454
f 3454 3423 3453
f 3452 3455 3453
f 3453 3455 3454
f 3452 3451 3455
f 3455 3451 3456
f 3450 3457 3451
f 3451 3457 3456
f 3431 3432 3450
f 3450 3432 3457
f 3454 3458 3424
f 3424 3458 3425
f 3427 3426 3459
f 3459 3426 3460
f 3428 3427 3461
f 3461 3427 3459
f 3428 3461 3429
f 3429 3461 3462
f 3462 3463 3429
f 3429 3463 3430
f 3464 3465 3462
f 3462 3465 3463
f 3455 3466 3454
f 3454 3466 3458
f 3465 3464 3466
f 3466 3464 3467
f 3461 3459 3468
f 3468 3459 3469
f 3468 3469 3464
f 3464 3469 3467
f 3464 3462 3468
f 3468 3462 3461
f 3459 3460 3469
f 3469 3460 3467
f 3295 3351 3298
f 3298 3351 3353
f 3353 3355 3298
f 3298 3355 3297
f 3297 3355 3301
f 3301 3355 3359
f 3301 3359 3308
f 3308 3359 3361
f 3308 3361 3311
f 3311 3361 3363
f 3311 3363 3316
f 3316 3363 3358
f 3316 3358 3317
f 3317 3358 3349
f 3349 3347 3317
f 3317 3347 3319
f 3347 3345 3319
f 3319 3345 3314
f 3345 3343 3314
f 3314 3343 3305
f 3343 3341 3305
f 3305 3341 3304
f 3304 3341 3292
f 3292 3341 3338
f 3292 3338 3293
f 3293 3338 3337
f 3293 3337 3295
f 3295 3337 3351
f 3437 3202 3436
f 3436 3202 3201
f 3436 3201 3332
f 3332 3201 3204
f 3433 3200 3434
f 3434 3200 3199
f 3211 3435 3199
f 3199 3435 3434
f 3333 3210 3433
f 3433 3210 3200
f 3380 3470 3371
f 3400 3371 3336
f 3336 3371 3470
f 3381 3328 3380
f 3380 3328 3470
f 3470 3328 3209
f 3209 3328 3208
f 3336 3470 3327
f 3327 3470 3209
f 1545 1763 1546
f 1546 1763 1762
f 1403 1546 773
f 773 1546 770
f 1221 3013 1220
f 1220 3013 3471
f 1305 2877 1306
f 1306 2877 2879
f 1220 3471 828
f 828 3471 829
f 1217 1754 3472
f 3472 1754 1756
f 1049 3473 1048
f 1048 3473 3474
f 1371 1179 3473
f 3473 1179 3474
f 1074 3475 1179
f 1179 3475 3474
f 3474 3475 1048
f 1048 3475 1056
f 919 666 1345
f 1345 666 665
f 856 680 919
f 919 680 666
f 679 680 1449
f 1449 680 858
f 1367 878 1500
f 1500 878 877
f 1366 908 1367
f 1367 908 878
f 1512 916 1513
f 1513 916 915
f 947 1368 948
f 948 1368 1369
f 1047 1021 1044
f 1044 1021 1020
f 1370 1049 1019
f 1019 1049 1020
f 1173 1030 1174
f 1174 1030 1033
f 3126 1188 1464
f 1464 1188 1187
f 1800 1451 1512
f 1512 1451 916
f 1175 1174 1186
f 1186 1174 1187
f 1030 1173 1047
f 1047 1173 1021
f 1513 915 3476
f 3476 915 1481
f 1345 665 3477
f 3477 665 1483
f 1502 1501 876
f 876 1501 877
f 1205 1451 1803
f 1803 1451 1802
f 3479 2832 3478
f 3478 2832 2831
f 1449 858 2927
f 2927 858 2922
f 908 1366 947
f 947 1366 1368
f 949 948 3126
f 3126 948 1188
f 3480 3135 1502
f 1502 3135 1501
f 2927 2922 3157
f 3157 2922 3152
f 3477 1483 3479
f 3479 1483 2832
f 1803 1802 3151
f 3151 1802 3152
f 663 658 664
f 664 658 657
f 655 658 939
f 939 658 706
f 1512 870 1800
f 1800 870 869
f 875 874 876
f 876 874 873
f 849 874 905
f 905 874 958
f 949 962 946
f 946 962 961
f 978 3126 979
f 979 3126 1464
f 1031 1168 1032
f 1032 1168 1022
f 1045 1013 1046
f 1046 1013 1012
f 1045 1044 1056
f 1056 1044 1048
f 1047 1046 1030
f 1030 1046 1031
f 939 706 940
f 940 706 1450
f 979 1464 1032
f 1032 1464 1033
f 3480 1478 3476
f 3476 1478 3134
f 2829 1487 2830
f 2830 1487 1486
f 848 1230 873
f 873 1230 1479
f 867 870 933
f 933 870 1514
f 1800 869 1801
f 1801 869 1799
f 2830 1486 1325
f 1325 1486 2833
f 940 1450 2925
f 2925 1450 2928
f 946 961 907
f 907 961 958
f 959 962 977
f 977 962 978
f 3476 3134 1513
f 1513 3134 1514
f 2925 2928 3155
f 3155 2928 3158
f 1325 2833 656
f 656 2833 657
f 1801 1799 3157
f 3157 1799 3158
f 1074 1055 3475
f 3475 1055 1056
f 1371 3473 1370
f 1370 3473 1049
f 2884 615 3481
f 3481 615 618
f 3478 2831 2846
f 2846 2831 617
f 2831 1484 617
f 617 1484 618
f 1484 1487 618
f 618 1487 3481
f 2848 3481 2829
f 2829 3481 1487
f 1480 1517 1161
f 1161 1517 1162
f 3129 1323 1455
f 1455 1323 1322
f 3129 3134 1323
f 1323 3134 1478
f 1535 3173 1515
f 1515 3173 1516
f 3085 3095 3137
f 3137 3095 3094
f 3137 3094 3138
f 3138 3094 3104
f 3117 3139 3105
f 3105 3139 3106
f 1138 1141 3127
f 3127 1141 3128
f 3081 3131 1264
f 1264 3131 3130
f 1227 1226 3132
f 3132 1226 3133
f 1264 3130 1229
f 1229 3130 1322
f 1160 1501 1161
f 1161 1501 3135
f 1141 1476 3128
f 3128 1476 3136
f 1226 1163 3133
f 3133 1163 1162
f 1363 1138 1515
f 1515 1138 3127
f 3084 3095 3081
f 3081 3095 3131
f 3089 884 3105
f 3105 884 3140
f 884 883 3140
f 3140 883 3141
f 883 3482 3141
f 3141 3482 3142
f 3476 1481 3480
f 3480 1481 3135
f 1502 1479 3480
f 3480 1479 1478
f 3168 463 440
f 714 1880 715
f 715 1880 2905
f 896 732 2970
f 2970 732 731
f 1263 834 3082
f 3082 834 833
f 898 1231 853
f 853 1231 854
f 3125 890 2931
f 2931 890 889
f 1237 893 2851
f 2851 893 892
f 898 853 899
f 899 853 963
f 988 987 989
f 989 987 986
f 1002 1007 1003
f 1003 1007 1006
f 1038 1036 1007
f 1007 1036 1004
f 1070 1052 1005
f 1005 1052 1006
f 1069 1067 1070
f 1070 1067 1052
f 1130 1129 1134
f 1134 1129 1135
f 879 1167 880
f 880 1167 1166
f 1171 1169 1037
f 1037 1169 1038
f 1085 1180 1069
f 1069 1180 1067
f 1209 1210 879
f 879 1210 1167
f 2885 1215 1754
f 1754 1215 1214
f 1263 855 834
f 834 855 854
f 708 1244 1826
f 1826 1244 1243
f 2909 894 1254
f 1254 894 893
f 1228 1361 964
f 964 1361 1360
f 2908 2907 1436
f 1436 2907 1437
f 2990 1440 2991
f 2991 1440 1439
f 964 1360 965
f 965 1360 1454
f 950 1457 951
f 951 1457 1456
f 970 1463 971
f 971 1463 1462
f 1025 1169 984
f 984 1169 986
f 1084 1097 1469
f 1469 1097 1470
f 1096 1115 1474
f 1474 1115 1475
f 1140 1361 1141
f 1141 1361 1476
f 1212 1495 2828
f 2828 1495 1494
f 880 1166 1452
f 1452 1166 1499
f 715 2905 1504
f 1504 2905 2906
f 954 1519 955
f 955 1519 1518
f 1026 1520 992
f 992 1520 1518
f 1029 1520 1043
f 1043 1520 1521
f 997 1522 1040
f 1040 1522 1521
f 1015 1522 1016
f 1016 1522 1523
f 1523 996 1524
f 1524 996 1062
f 1057 1060 1525
f 1525 1060 1524
f 1094 1528 1082
f 1082 1528 1527
f 1526 1528 1089
f 1089 1528 1529
f 1090 1531 1108
f 1108 1531 1530
f 1125 1533 1126
f 1126 1533 1532
f 3483 1755 727
f 727 1755 1214
f 735 1814 707
f 707 1814 1813
f 2891 1834 1246
f 1246 1834 1243
f 2904 1881 1847
f 1847 1881 1848
f 1852 1855 1853
f 1853 1855 1858
f 1902 2903 1877
f 1877 2903 1878
f 2903 2904 1878
f 1878 2904 1847
f 714 713 1848
f 1848 713 1849
f 1440 2990 1883
f 1883 2990 2989
f 1883 2989 1852
f 1852 2989 1855
f 2895 1888 2892
f 2892 1888 1887
f 774 777 1877
f 1877 777 1903
f 1251 2835 1252
f 1252 2835 2834
f 1213 2844 1212
f 1212 2844 1495
f 2851 892 1213
f 1213 892 2844
f 3123 2911 3124
f 3124 2911 2910
f 887 2929 888
f 888 2929 889
f 1435 2963 1436
f 1436 2963 2961
f 1253 1438 1254
f 1254 1438 1437
f 2970 731 735
f 735 731 1814
f 733 732 2885
f 2885 732 1215
f 2901 2902 2976
f 2976 2902 2977
f 2975 2982 2976
f 2976 2982 2979
f 2899 2900 2981
f 2981 2900 2979
f 2899 2981 2898
f 2898 2981 2983
f 2986 2985 2984
f 2984 2985 2983
f 2897 2985 2896
f 2896 2985 2988
f 2991 1439 2987
f 2987 1439 2988
f 777 2978 1903
f 1903 2978 2977
f 1885 1888 1858
f 1858 1888 1853
f 3090 3088 836
f 836 3088 833
f 3083 3088 3097
f 3097 3088 3096
f 3097 3096 3104
f 3104 3096 3106
f 3111 3116 3108
f 3108 3116 3109
f 3112 3111 3114
f 3114 3111 3108
f 3113 3122 3114
f 3114 3122 3115
f 891 890 2837
f 2837 890 2834
f 951 1456 954
f 954 1456 1519
f 967 1457 936
f 936 1457 1454
f 971 1462 902
f 902 1462 963
f 1461 1463 988
f 988 1463 987
f 1466 1468 1474
f 1474 1468 1470
f 1089 1529 1090
f 1090 1529 1531
f 1184 1181 1469
f 1469 1181 1180
f 1082 1527 1061
f 1061 1527 1525
f 1129 1473 1135
f 1135 1473 1475
f 1108 1530 1105
f 1105 1530 1532
f 1452 1499 3132
f 3132 1499 3136
f 3109 3116 3139
f 3139 3116 3138
f 2912 2911 887
f 887 2911 2929
f 2836 2835 1497
f 1497 2835 1494
f 2913 3102 2910
f 2910 3102 3115
f 1133 3187 1134
f 1134 3187 3185
f 3177 3176 3197
f 3197 3176 3198
f 3203 3183 3206
f 3206 3183 3207
f 3196 3202 3197
f 3197 3202 3211
f 3183 3182 3207
f 3207 3182 3185
f 1125 3180 1533
f 1533 3180 3198
f 3331 3203 3330
f 3330 3203 3206
f 3376 3379 3385
f 3385 3379 3386
f 3382 3376 3392
f 3392 3376 3385
f 3412 3415 3413
f 3413 3415 3414
f 3417 3396 3415
f 3415 3396 3395
f 3383 3386 3426
f 3426 3386 3425
f 3413 3414 3432
f 3432 3414 3430
f 3437 3396 3435
f 3435 3396 3417
f 3329 3382 3330
f 3330 3382 3392
f 3426 3425 3460
f 3460 3425 3458
f 3432 3430 3457
f 3457 3430 3463
f 3457 3463 3456
f 3456 3463 3465
f 3460 3458 3467
f 3467 3458 3466
f 3466 3455 3465
f 3465 3455 3456
f 3202 3437 3211
f 3211 3437 3435
f 3104 3106 3138
f 3138 3106 3139
f 3132 3136 1227
f 1227 3136 1476
f 943 687 600
f 600 687 601
f 596 625 667
f 667 625 1297
f 687 686 601
f 601 686 653
f 1319 784 711
f 711 784 712
f 1811 607 783
f 783 607 712
f 862 921 917
f 917 921 920
f 3478 925 3479
f 3479 925 924
f 2846 926 3478
f 3478 926 925
f 659 662 929
f 929 662 930
f 856 921 857
f 857 921 1204
f 1206 864 1207
f 1207 864 863
f 2876 1219 2877
f 2877 1219 1218
f 667 1297 593
f 593 1297 1296
f 917 920 1333
f 1333 920 1346
f 686 693 653
f 653 693 930
f 1277 913 1498
f 1498 913 1207
f 592 1536 610
f 610 1536 711
f 864 1206 1805
f 1805 1206 1804
f 1317 1536 1900
f 1900 1536 1809
f 1900 1809 1295
f 1295 1809 1296
f 3479 924 3477
f 3477 924 2824
f 927 926 1203
f 1203 926 2847
f 3484 2859 3032
f 3032 2859 3033
f 3472 2878 1217
f 1217 2878 1218
f 2889 2888 2880
f 2880 2888 2881
f 2886 2883 2887
f 2887 2883 2882
f 929 928 2847
f 2847 928 1203
f 857 1204 2921
f 2921 1204 2926
f 1820 1819 2882
f 2882 1819 2881
f 1821 2883 2876
f 2876 2883 1219
f 782 2889 783
f 783 2889 2880
f 1352 3034 1353
f 1353 3034 3033
f 3031 3034 3041
f 3041 3034 3043
f 944 943 3043
f 3043 943 600
f 1339 3145 1498
f 1498 3145 3143
f 1208 882 3148
f 3148 882 3143
f 2921 2926 3151
f 3151 2926 3156
f 3477 2824 1345
f 1345 2824 1346
f 1805 1804 3154
f 3154 1804 3156
f 886 3103 883
f 883 3103 3482
f 841 1248 3485
f 3485 1248 3121
f 2811 2819 2812
f 2812 2819 2816
f 2818 2815 2817
f 2817 2815 2806
f 2817 2816 2818
f 2818 2816 2819
f 2793 2795 2819
f 2819 2795 2818
f 243 352 2793
f 2793 352 2795
f 242 353 243
f 243 353 352
f 359 191 242
f 242 191 353
f 247 192 359
f 359 192 191
f 157 193 247
f 247 193 192
f 156 194 157
f 157 194 193
f 378 261 156
f 156 261 194
f 378 381 261
f 261 381 195
f 195 381 196
f 196 381 376
f 196 376 198
f 198 376 375
f 375 1776 198
f 198 1776 197
f 1776 1767 197
f 197 1767 274
f 181 274 199
f 199 274 1767
f 568 566 564
f 564 566 563
f 568 569 566
f 566 569 567
f 501 1773 1771
f 1771 1773 578
f 547 579 1773
f 1773 579 578
f 3486 470 474
f 474 470 469
f 450 582 3487
f 3487 582 3488
f 582 583 3488
f 3488 583 3489
f 583 584 3489
f 3489 584 3490
f 3490 584 3491
f 3491 584 543
f 470 3486 466
f 466 3486 467
f 3489 3490 503
f 503 3490 504
f 503 3492 3489
f 3489 3492 3488
f 3492 503 3493
f 3493 503 502
f 3495 3492 3494
f 3494 3492 3493
f 3487 3488 3495
f 3495 3488 3492
f 468 1774 465
f 465 1774 570
f 3494 3493 1775
f 1775 3493 1771
f 3490 3491 504
f 504 3491 1772
f 3491 543 1772
f 1772 543 548
f 450 3487 474
f 474 3487 3486
f 3495 467 3487
f 3487 467 3486
f 3494 468 3495
f 3495 468 467
f 468 3494 1774
f 1774 3494 1775
f 501 1771 502
f 502 1771 3493
f 527 366 384
f 384 366 365
f 522 524 527
f 527 524 366
f 521 534 522
f 522 534 524
f 530 535 521
f 521 535 534
f 508 486 513
f 513 486 532
f 513 532 541
f 541 532 535
f 667 668 596
f 596 668 597
f 1294 1297 624
f 624 1297 625
f 603 641 604
f 604 641 640
f 1290 1293 650
f 650 1293 651
f 1758 691 660
f 660 691 661
f 602 671 599
f 599 671 670
f 654 662 690
f 690 662 661
f 2856 598 695
f 695 598 597
f 602 654 671
f 671 654 690
f 604 640 676
f 676 640 704
f 1826 1829 708
f 708 1829 709
f 1288 1284 740
f 740 1284 741
f 755 754 758
f 758 754 759
f 2853 2856 932
f 932 2856 695
f 689 691 1192
f 1192 691 1193
f 784 1319 1240
f 1240 1319 1241
f 1813 1816 1244
f 1244 1816 1245
f 754 1288 759
f 759 1288 740
f 1894 1242 1318
f 1318 1242 1241
f 2867 1348 1418
f 1418 1348 1347
f 676 704 673
f 673 704 1347
f 1284 1287 741
f 741 1287 1419
f 1421 1426 1422
f 1422 1426 1425
f 1758 660 615
f 615 660 616
f 1192 1191 1421
f 1421 1191 1426
f 2962 1839 1504
f 1504 1839 1505
f 941 1194 1759
f 1759 1194 1193
f 1287 1537 1419
f 1419 1537 1760
f 1882 2893 1823
f 1823 2893 1824
f 1886 1891 1827
f 1827 1891 1828
f 1887 1886 1834
f 1834 1886 1827
f 1841 716 1838
f 1838 716 1505
f 782 784 1850
f 1850 784 1240
f 1239 1242 1863
f 1863 1242 1864
f 1242 1894 1864
f 1864 1894 1873
f 1822 1239 1823
f 1823 1239 1863
f 1318 1317 1895
f 1895 1317 1900
f 1894 1896 1873
f 1873 1896 1897
f 1291 1896 1292
f 1292 1896 1895
f 605 1898 606
f 606 1898 1897
f 1258 1257 2854
f 2854 1257 2855
f 1257 1351 2855
f 2855 1351 2857
f 1351 1353 2857
f 2857 1353 2858
f 1353 3033 2858
f 2858 3033 2859
f 2860 2861 3036
f 3036 2861 3037
f 2862 2863 2870
f 2870 2863 3039
f 2870 2869 2862
f 2862 2869 2864
f 2868 2865 2869
f 2869 2865 2864
f 1764 2866 2868
f 2868 2866 2865
f 1537 1199 1760
f 1760 1199 1348
f 615 2884 1758
f 1758 2884 1759
f 1825 1246 2890
f 2890 1246 1245
f 2893 2892 1824
f 1824 2892 2891
f 761 2960 758
f 758 2960 2906
f 3000 2943 2940
f 2940 2943 2941
f 2968 710 2950
f 2950 710 709
f 1764 1423 2866
f 2866 1423 2953
f 1423 645 2953
f 2953 645 2954
f 645 644 2954
f 2954 644 2955
f 644 738 2955
f 2955 738 2956
f 738 764 2956
f 2956 764 2957
f 764 763 2957
f 2957 763 2958
f 763 2908 2958
f 2958 2908 2959
f 2908 1436 2959
f 2959 1436 2961
f 1837 2964 1435
f 1435 2964 2963
f 1837 2937 2964
f 2964 2937 2965
f 2936 2968 2966
f 2966 2968 2950
f 1840 2942 1838
f 1838 2942 2941
f 2939 2949 2940
f 2940 2949 3006
f 2939 2942 2966
f 2966 2942 2965
f 1822 1825 1850
f 1850 1825 2890
f 1891 3005 1828
f 1828 3005 3006
f 3035 3038 3045
f 3045 3038 3042
f 3045 3044 3035
f 3035 3044 3040
f 669 1422 3045
f 3045 1422 3044
f 599 670 3041
f 3041 670 3042
f 931 3067 932
f 932 3067 3065
f 2853 3066 2854
f 2854 3066 3076
f 3067 3496 3065
f 3065 3496 3497
f 3066 3498 3076
f 3076 3498 3499
f 707 1813 708
f 708 1813 1244
f 2960 2962 2906
f 2906 2962 1504
f 2892 1887 2891
f 2891 1887 1834
f 1839 2962 2963
f 2963 2962 2961
f 595 626 596
f 596 626 625
f 623 626 3484
f 3484 626 2859
f 1291 1290 606
f 606 1290 603
f 1290 650 603
f 603 650 641
f 641 650 642
f 642 650 649
f 2860 2863 649
f 649 2863 642
f 3036 3039 2860
f 2860 3039 2863
f 3035 3040 3036
f 3036 3040 3039
f 1294 1293 1295
f 1295 1293 1292
f 624 651 1294
f 1294 651 1293
f 623 652 624
f 624 652 651
f 3484 2861 623
f 623 2861 652
f 3032 3037 3484
f 3484 3037 2861
f 3031 3038 3032
f 3032 3038 3037
f 3481 2848 2884
f 2884 2848 942
f 2846 617 1427
f 1427 617 616
f 3049 3167 3048
f 3048 3167 3500
f 1906 3048 3070
f 3070 3048 3500
f 1337 1768 3501
f 3501 1768 3502
f 3020 3503 3021
f 3021 3503 3024
f 2914 3023 3020
f 3020 3023 3503
f 859 1770 860
f 860 1770 3504
f 1336 3505 1768
f 1768 3505 3502
f 3065 3497 3066
f 3066 3497 3498
f 2814 3075 3067
f 3067 3075 3496
f 2839 3174 766
f 766 3174 3017
f 1337 3501 1338
f 1338 3501 1769
f 767 3018 3026
f 3026 3018 3506
f 3076 3499 3064
f 3064 3499 3507
f 727 730 3483
f 3483 730 3030
f 3064 3507 2871
f 2871 3507 3077
f 3100 3160 1786
f 1786 3160 1784
f 3026 3506 752
f 752 3506 3015
f 860 3504 2923
f 2923 3504 3508
f 753 3016 3027
f 3027 3016 3509
f 3027 3509 3008
f 3008 3509 3028
f 1782 1785 1783
f 1783 1785 3022
f 2923 3508 3153
f 3153 3508 3161
f 3148 3149 1208
f 1208 3149 3150
f 1335 1328 3510
f 3510 1328 1327
f 1336 1335 3505
f 3505 1335 3510
f 866 3511 1340
f 1340 3511 3146
f 865 1808 866
f 866 1808 3511
f 842 841 3159
f 3159 841 3485
f 2849 3512 1329
f 1329 3512 1326
f 1202 1331 2849
f 2849 1331 3512
f 3514 3515 3513
f 3513 3515 3516
f 3518 3516 3517
f 3517 3516 3515
f 3519 3520 3514
f 3514 3520 3515
f 3522 3523 3521
f 3521 3523 3524
f 3526 3527 3525
f 3525 3527 3528
f 3530 3531 3529
f 3529 3531 3532
f 3534 3535 3533
f 3533 3535 3536
f 3529 3532 3537
f 3537 3532 3538
f 3537 3539 3529
f 3529 3539 3540
f 3542 3543 3541
f 3541 3543 3544
f 3546 3547 3545
f 3545 3547 3548
f 3550 3534 3549
f 3549 3534 3533
f 3550 3543 3551
f 3551 3543 3552
f 3537 3545 3539
f 3539 3545 3548
f 3553 3554 3556
f 3556 3554 3555
f 3537 3557 3545
f 3545 3557 3546
f 3558 3559 3561
f 3561 3559 3560
f 3563 3564 3562
f 3562 3564 3565
f 3564 3563 3566
f 3566 3563 3567
f 3569 3570 3568
f 3568 3570 3571
f 3573 3574 3572
f 3572 3574 3575
f 3577 3578 3576
f 3576 3578 3579
f 3581 3582 3580
f 3580 3582 3583
f 3585 3586 3584
f 3584 3586 3579
f 3586 3587 3579
f 3579 3587 3576
f 3589 3590 3588
f 3588 3590 3591
f 3592 3593 3595
f 3595 3593 3594
f 3597 3598 3596
f 3596 3598 3595
f 3583 3600 3599
f 3599 3600 3601
f 3603 3599 3602
f 3602 3599 3601
f 3605 3606 3604
f 3604 3606 3607
f 3608 3555 3596
f 3596 3555 3554
f 3597 3610 3609
f 3609 3610 3565
f 3564 3611 3565
f 3565 3611 3609
f 3611 3564 3612
f 3612 3564 3566
f 3613 3614 3569
f 3569 3614 3570
f 3615 3616 3573
f 3573 3616 3574
f 3517 3617 3518
f 3518 3617 3618
f 3620 3621 3619
f 3619 3621 3622
f 3624 3625 3623
f 3623 3625 3626
f 3628 3629 3627
f 3627 3629 3630
f 3632 3633 3631
f 3631 3633 3634
f 3636 3637 3635
f 3635 3637 3638
f 3640 3641 3639
f 3639 3641 3642
f 3643 3644 3639
f 3639 3644 3640
f 3646 3513 3645
f 3645 3513 3647
f 3648 3514 3646
f 3646 3514 3513
f 3649 3519 3648
f 3648 3519 3514
f 3650 3651 3527
f 3527 3651 3652
f 3654 3651 3653
f 3653 3651 3650
f 3568 3571 3655
f 3655 3571 3656
f 3657 3658 3653
f 3653 3658 3659
f 3661 3662 3660
f 3660 3662 3658
f 3664 3665 3663
f 3663 3665 3666
f 3667 3657 3650
f 3650 3657 3653
f 3669 3523 3668
f 3668 3523 3670
f 3672 3673 3671
f 3671 3673 3674
f 3676 3677 3675
f 3675 3677 3678
f 3671 3674 3676
f 3676 3674 3677
f 3680 3681 3679
f 3679 3681 3682
f 3683 3684 3680
f 3680 3684 3681
f 3685 3686 3661
f 3661 3686 3662
f 3686 3687 3662
f 3662 3687 3688
f 3684 3683 3689
f 3689 3683 3690
f 3692 3693 3691
f 3691 3693 3694
f 3691 3694 3695
f 3695 3694 3696
f 3698 3699 3697
f 3697 3699 3700
f 3702 3703 3701
f 3701 3703 3704
f 3705 3706 3519
f 3519 3706 3520
f 3673 3672 3707
f 3707 3672 3708
f 3709 3710 3682
f 3682 3710 3679
f 3711 3712 3692
f 3692 3712 3693
f 3714 3715 3713
f 3713 3715 3716
f 3718 3700 3717
f 3717 3700 3699
f 3720 3721 3719
f 3719 3721 3722
f 3724 3725 3723
f 3723 3725 3726
f 3727 3728 3730
f 3730 3728 3729
f 3722 3721 3731
f 3731 3721 3732
f 3697 3700 3733
f 3733 3700 3714
f 3733 3714 3734
f 3734 3714 3713
f 3721 3723 3732
f 3732 3723 3735
f 3720 3736 3724
f 3724 3736 3737
f 3700 3718 3714
f 3714 3718 3715
f 3717 3699 3738
f 3738 3699 3739
f 3536 3740 3533
f 3533 3740 3540
f 3742 3743 3741
f 3741 3743 3744
f 3746 3747 3745
f 3745 3747 3748
f 3750 3751 3749
f 3749 3751 3752
f 3627 3632 3628
f 3628 3632 3631
f 3754 3755 3753
f 3753 3755 3626
f 3562 3565 3756
f 3756 3565 3610
f 3527 3652 3528
f 3528 3652 3757
f 3758 3524 3669
f 3669 3524 3523
f 3582 3598 3583
f 3583 3598 3600
f 3759 3670 3522
f 3522 3670 3523
f 3675 3678 3760
f 3760 3678 3761
f 3762 3763 3690
f 3690 3763 3689
f 3765 3766 3764
f 3764 3766 3767
f 3768 3739 3698
f 3698 3739 3699
f 3726 3725 3770
f 3770 3725 3769
f 3645 3647 3771
f 3771 3647 3772
f 3645 3678 3646
f 3646 3678 3677
f 3646 3677 3648
f 3648 3677 3674
f 3673 3649 3674
f 3674 3649 3648
f 3707 3773 3673
f 3673 3773 3649
f 3775 3776 3774
f 3774 3776 3777
f 3779 3526 3778
f 3778 3526 3525
f 3526 3779 3667
f 3667 3779 3780
f 3780 3781 3667
f 3667 3781 3657
f 3672 3679 3708
f 3708 3679 3710
f 3671 3680 3672
f 3672 3680 3679
f 3676 3683 3671
f 3671 3683 3680
f 3675 3690 3676
f 3676 3690 3683
f 3760 3762 3675
f 3675 3762 3690
f 3682 3681 3783
f 3783 3681 3782
f 3689 3784 3684
f 3684 3784 3785
f 3684 3785 3681
f 3681 3785 3782
f 3786 3709 3783
f 3783 3709 3682
f 3784 3689 3787
f 3787 3689 3763
f 3789 3557 3788
f 3788 3557 3790
f 3792 3793 3791
f 3791 3793 3794
f 3616 3615 3795
f 3795 3615 3796
f 3797 3798 3727
f 3727 3798 3728
f 3800 3801 3799
f 3799 3801 3802
f 3803 3578 3592
f 3592 3578 3593
f 3805 3806 3804
f 3804 3806 3807
f 3599 3603 3585
f 3585 3603 3586
f 3587 3586 3604
f 3604 3586 3603
f 3588 3591 3794
f 3794 3591 3791
f 3581 3803 3582
f 3582 3803 3592
f 3594 3561 3608
f 3608 3561 3790
f 3662 3688 3808
f 3808 3688 3809
f 3665 3664 3810
f 3810 3664 3811
f 3719 3812 3720
f 3720 3812 3736
f 3717 3813 3718
f 3718 3813 3737
f 3723 3721 3724
f 3724 3721 3720
f 3813 3717 3814
f 3814 3717 3738
f 3815 3816 303
f 303 3816 304
f 3818 3819 3817
f 3817 3819 3820
f 3578 3803 3579
f 3579 3803 3584
f 3558 3593 3577
f 3577 3593 3578
f 3822 3823 3821
f 3821 3823 3824
f 3546 3826 3825
f 3825 3826 3827
f 3828 3829 3547
f 3547 3829 3541
f 3831 3542 3830
f 3830 3542 3832
f 3834 3822 3833
f 3833 3822 3821
f 3835 3836 3827
f 3827 3836 3825
f 3800 3799 3828
f 3828 3799 3829
f 3830 3832 3837
f 3837 3832 3838
f 331 330 3551
f 3551 330 3839
f 3831 333 3552
f 3552 333 332
f 3819 3797 3841
f 3841 3797 3840
f 3513 3516 3647
f 3647 3516 3746
f 337 336 3745
f 3745 336 3772
f 3525 3528 3775
f 3775 3528 3749
f 3610 3597 3554
f 3554 3597 3596
f 3706 3702 3520
f 3520 3702 3701
f 3756 3610 3553
f 3553 3610 3554
f 3757 3750 3528
f 3528 3750 3749
f 3517 3515 3701
f 3701 3515 3520
f 3842 3584 3581
f 3581 3584 3803
f 3525 3775 3778
f 3778 3775 3774
f 3638 3843 3635
f 3635 3843 3618
f 3617 3621 3618
f 3618 3621 3635
f 3617 3517 3704
f 3704 3517 3701
f 3521 3624 3522
f 3522 3624 3623
f 3749 3844 3775
f 3775 3844 3776
f 3846 3847 3845
f 3845 3847 3848
f 3843 3747 3618
f 3618 3747 3518
f 3850 3851 3849
f 3849 3851 3748
f 3853 3854 3852
f 3852 3854 3855
f 3856 3857 3622
f 3622 3857 3619
f 3859 3860 3858
f 3858 3860 3861
f 3862 3844 3752
f 3752 3844 3749
f 3863 3759 3623
f 3623 3759 3522
f 3864 3777 3630
f 3630 3777 3776
f 3713 3865 3734
f 3734 3865 3866
f 3868 3869 3867
f 3867 3869 3870
f 3872 3873 3871
f 3871 3873 3874
f 3876 3877 3875
f 3875 3877 3878
f 3879 3880 3878
f 3878 3880 3881
f 3882 3883 3885
f 3885 3883 3884
f 3780 3886 3781
f 3781 3886 3887
f 3888 3685 3869
f 3869 3685 3661
f 3880 3879 3883
f 3883 3879 3884
f 3693 3783 3694
f 3694 3783 3782
f 3696 3785 3764
f 3764 3785 3784
f 3694 3782 3696
f 3696 3782 3785
f 3693 3786 3783
f 3787 3765 3784
f 3784 3765 3764
f 386 385 3765
f 3765 385 3766
f 3695 3889 3691
f 3691 3889 3890
f 3691 3890 3692
f 3692 3890 3891
f 3892 3711 3891
f 3891 3711 3692
f 3767 3893 3695
f 3695 3893 3889
f 3766 3894 3767
f 3767 3894 3893
f 3882 3885 3895
f 3895 3885 3896
f 3898 3698 3897
f 3897 3698 3697
f 3897 3697 3899
f 3899 3697 3733
f 3899 3733 3900
f 3900 3733 3734
f 3901 3768 3898
f 3898 3768 3698
f 3901 3902 3768
f 3768 3902 3903
f 3904 3905 3907
f 3907 3905 3906
f 3869 3661 3870
f 3870 3661 3660
f 3908 3909 3896
f 3896 3909 3895
f 3909 3758 3895
f 3895 3758 3669
f 3751 3531 3752
f 3752 3531 3848
f 3858 3536 3854
f 3854 3536 3535
f 3652 3562 3757
f 3757 3562 3756
f 3651 3654 3563
f 3563 3654 3567
f 3655 3656 3808
f 3808 3656 3659
f 3530 3740 3845
f 3845 3740 3861
f 3751 3750 3556
f 3556 3750 3553
f 3817 3820 3796
f 3796 3820 3795
f 410 409 3910
f 3910 409 3855
f 3750 3757 3553
f 3553 3757 3756
f 3908 3886 3909
f 3909 3886 3780
f 409 411 3855
f 3855 411 3851
f 413 412 3760
f 3760 412 3762
f 415 414 3763
f 3763 414 3787
f 3790 3557 3538
f 3538 3557 3537
f 3555 3608 3538
f 3538 3608 3790
f 3574 3911 3575
f 3575 3911 3912
f 3535 3534 3910
f 3910 3534 3839
f 3831 3552 3542
f 3542 3552 3543
f 3534 3550 3839
f 3839 3550 3551
f 3543 3550 3544
f 3544 3550 3549
f 3913 3914 3916
f 3916 3914 3915
f 3806 3805 3589
f 3589 3805 3590
f 3849 3843 3917
f 3917 3843 3638
f 3853 3644 3859
f 3859 3644 3742
f 3747 3746 3518
f 3518 3746 3516
f 3695 3696 3767
f 3767 3696 3764
f 3903 3918 3768
f 3768 3918 3739
f 3738 3739 3816
f 3816 3739 3918
f 3919 3920 3769
f 3769 3920 3770
f 3921 3726 3922
f 3922 3726 3770
f 3678 3645 3761
f 3761 3645 3771
f 3924 3913 3923
f 3923 3913 3916
f 3802 3925 3838
f 3838 3925 3837
f 3577 3926 3558
f 3558 3926 3559
f 3815 3919 3814
f 3814 3919 3769
f 3927 3928 3822
f 3822 3928 3823
f 3829 3832 3541
f 3541 3832 3542
f 3834 3927 3822
f 3832 3829 3838
f 3838 3829 3799
f 3745 3772 3746
f 3746 3772 3647
f 3849 3748 3843
f 3843 3748 3747
f 3854 3853 3858
f 3858 3853 3859
f 3854 3535 3855
f 3855 3535 3910
f 3557 3789 3546
f 3546 3789 3826
f 3923 3823 3924
f 3924 3823 3928
f 3823 3923 3929
f 3929 3923 3930
f 3531 3751 3532
f 3532 3751 3556
f 3532 3556 3538
f 3538 3556 3555
f 3932 3634 3931
f 3931 3634 3633
f 3814 3769 3813
f 3813 3769 3725
f 3620 3636 3621
f 3621 3636 3635
f 3847 3862 3848
f 3848 3862 3752
f 3531 3530 3848
f 3848 3530 3845
f 3933 3934 3830
f 3830 3934 3831
f 3925 3933 3837
f 3837 3933 3830
f 3934 440 3831
f 3831 440 333
f 3925 3802 3833
f 3833 3802 3801
f 3776 3844 3630
f 3630 3844 3627
f 3808 3659 3662
f 3662 3659 3658
f 3667 3650 3526
f 3526 3650 3527
f 3935 3666 3936
f 3936 3666 3665
f 3718 3737 3715
f 3715 3737 3736
f 3663 3809 3664
f 3664 3809 3688
f 3807 3806 3938
f 3938 3806 3937
f 445 413 3761
f 3761 413 3760
f 3902 447 3903
f 3903 447 446
f 3897 3890 3898
f 3898 3890 3889
f 3899 3891 3897
f 3897 3891 3890
f 3898 3889 3901
f 3901 3889 3893
f 3893 3894 3901
f 3901 3894 3902
f 414 386 3787
f 3787 386 3765
f 3940 3941 3939
f 3939 3941 3942
f 3840 3797 3943
f 3943 3797 3727
f 3665 3810 3936
f 3936 3810 3944
f 3921 3735 3726
f 3726 3735 3723
f 3920 3945 3770
f 3770 3945 3922
f 3521 3524 3774
f 3774 3524 3778
f 3864 3946 3625
f 3625 3946 3947
f 3773 3705 3649
f 3649 3705 3519
f 3779 3778 3758
f 3758 3778 3524
f 3812 3716 3736
f 3736 3716 3715
f 3624 3521 3777
f 3777 3521 3774
f 3703 3856 3704
f 3704 3856 3622
f 3900 3892 3899
f 3899 3892 3891
f 3641 3917 3642
f 3642 3917 3948
f 3895 3669 3882
f 3882 3669 3668
f 3855 3851 3852
f 3852 3851 3850
f 3894 458 3902
f 3902 458 447
f 3781 3887 3660
f 3660 3887 3870
f 3570 3566 3571
f 3571 3566 3567
f 3950 3576 3949
f 3949 3576 3587
f 3605 3602 3614
f 3614 3602 3612
f 3614 3612 3570
f 3570 3612 3566
f 3571 3567 3656
f 3656 3567 3654
f 3660 3658 3781
f 3781 3658 3657
f 3604 3607 3587
f 3587 3607 3949
f 3653 3659 3654
f 3654 3659 3656
f 3529 3540 3530
f 3530 3540 3740
f 3687 3811 3688
f 3688 3811 3664
f 3813 3725 3737
f 3737 3725 3724
f 3919 3815 461
f 461 3815 303
f 3818 3798 3819
f 3819 3798 3797
f 3819 3841 3820
f 3820 3841 3951
f 3816 3815 3738
f 3738 3815 3814
f 3540 3539 3533
f 3533 3539 3549
f 3548 3547 3544
f 3544 3547 3541
f 3539 3548 3549
f 3549 3548 3544
f 3741 3931 3860
f 3860 3931 3846
f 3801 3800 3835
f 3835 3800 3836
f 3934 3933 3824
f 3824 3933 3821
f 3825 3828 3546
f 3546 3828 3547
f 3833 3821 3925
f 3925 3821 3933
f 3800 3828 3836
f 3836 3828 3825
f 3824 3952 3934
f 3934 3952 440
f 3860 3846 3861
f 3861 3846 3845
f 3629 3946 3630
f 3630 3946 3864
f 3740 3536 3861
f 3861 3536 3858
f 3833 3801 3834
f 3834 3801 3835
f 3583 3599 3580
f 3580 3599 3585
f 3651 3563 3652
f 3652 3563 3562
f 3758 3909 3779
f 3779 3909 3780
f 3621 3617 3622
f 3622 3617 3704
f 3625 3947 3626
f 3626 3947 3753
f 3633 3632 3847
f 3847 3632 3862
f 3852 3850 3640
f 3640 3850 3641
f 3644 3853 3640
f 3640 3853 3852
f 3859 3742 3860
f 3860 3742 3741
f 3632 3627 3862
f 3862 3627 3844
f 3755 3863 3626
f 3626 3863 3623
f 3917 3638 3948
f 3948 3638 3637
f 3644 3643 3742
f 3742 3643 3743
f 3931 3633 3846
f 3846 3633 3847
f 3625 3624 3864
f 3864 3624 3777
f 3917 3641 3849
f 3849 3641 3850
f 3744 3932 3741
f 3741 3932 3931
f 3903 446 3918
f 3918 446 464
f 3953 3954 3956
f 3956 3954 3955
f 3958 3959 3957
f 3957 3959 3960
f 3876 3958 3877
f 3877 3958 3957
f 3877 3957 3961
f 3961 3957 3962
f 3963 3964 3958
f 3958 3964 3959
f 3965 3966 3876
f 3876 3966 3958
f 3966 3963 3958
f 3966 3967 3963
f 3963 3967 3968
f 3878 3877 3879
f 3879 3877 3961
f 3967 3969 3968
f 3968 3969 3970
f 3969 3971 3970
f 3970 3971 3972
f 3974 3904 3973
f 3973 3904 3907
f 3971 3975 3972
f 3972 3975 3976
f 3976 3975 3978
f 3978 3975 3977
f 3979 3980 3977
f 3977 3980 3978
f 3981 3982 3979
f 3979 3982 3980
f 3983 3984 3981
f 3981 3984 3982
f 3972 3985 3970
f 3970 3985 3986
f 3871 3987 3969
f 3969 3987 3971
f 3872 3871 3967
f 3967 3871 3969
f 3965 3872 3966
f 3966 3872 3967
f 3970 3986 3968
f 3968 3986 3988
f 3879 3961 3884
f 3884 3961 3940
f 3884 3940 3885
f 3885 3940 3939
f 3989 3990 3992
f 3992 3990 3991
f 3942 3993 3995
f 3995 3993 3994
f 3994 3996 3995
f 3995 3996 3974
f 3997 3998 3994
f 3994 3998 3996
f 3999 3997 3993
f 3993 3997 3994
f 4001 3996 4000
f 4000 3996 3998
f 4000 3998 4002
f 4002 3998 4003
f 4004 4003 3997
f 3997 4003 3998
f 3997 3999 4004
f 4004 3999 4005
f 4006 3995 3973
f 3973 3995 3974
f 3939 3942 4006
f 4006 3942 3995
f 3906 3887 3907
f 3907 3887 3886
f 3887 3906 3870
f 3870 3906 3867
f 3908 3973 3886
f 3886 3973 3907
f 3865 4007 3866
f 3866 4007 4008
f 3984 3983 4009
f 4009 3983 4010
f 3961 3962 3940
f 3940 3962 3941
f 4012 3868 4011
f 4011 3868 3867
f 4013 3975 3987
f 3987 3975 3971
f 4014 3977 4013
f 4013 3977 3975
f 4015 4010 4007
f 4007 4010 3983
f 4007 3983 4008
f 4008 3983 3981
f 4008 3981 4016
f 4016 3981 3979
f 4017 3984 4018
f 4018 3984 4009
f 3977 4014 3979
f 3979 4014 4016
f 3982 3984 4019
f 4019 3984 4017
f 4021 4022 4020
f 4020 4022 4023
f 4022 4012 4023
f 4023 4012 4011
f 4023 3904 4020
f 4020 3904 3974
f 4024 4025 4018
f 4018 4025 4017
f 4026 4027 4024
f 4024 4027 4025
f 4028 4026 4029
f 4029 4026 4024
f 4018 4021 4024
f 4024 4021 4029
f 4030 4031 4026
f 4026 4031 4027
f 4032 4030 4028
f 4028 4030 4026
f 4029 4001 4028
f 4028 4001 4000
f 4028 4000 4032
f 4032 4000 4002
f 4034 4035 4033
f 4033 4035 4036
f 4037 4038 4019
f 4019 4038 4039
f 4041 4039 4040
f 4040 4039 4038
f 4040 4038 4042
f 4042 4038 4036
f 4042 4036 4043
f 4043 4036 4035
f 3985 4044 4046
f 4046 4044 4045
f 4047 4048 4045
f 4045 4048 4046
f 4047 4049 4048
f 4048 4049 4050
f 4042 4047 4040
f 4040 4047 4045
f 4043 4049 4042
f 4042 4049 4047
f 4040 4045 4041
f 4041 4045 4044
f 4052 3959 4051
f 4051 3959 3964
f 4053 4054 4051
f 4051 4054 4055
f 3956 3960 4052
f 4052 3960 3959
f 3953 3956 4056
f 4056 3956 4052
f 4058 3953 4057
f 4057 3953 4056
f 4060 4061 4059
f 4059 4061 4062
f 4063 4064 4054
f 4054 4064 4057
f 4054 4053 4063
f 4063 4053 4065
f 4066 4067 4069
f 4069 4067 4068
f 4048 4050 4063
f 4063 4050 4064
f 4063 4065 4048
f 4048 4065 4046
f 3985 4046 3986
f 3986 4046 4065
f 3986 4065 3988
f 3988 4065 4053
f 3988 4053 3964
f 3964 4053 4051
f 3976 3978 4044
f 4044 3978 4041
f 3980 3982 4039
f 4039 3982 4019
f 4039 4041 3980
f 3980 4041 3978
f 3973 3908 4006
f 4006 3908 3896
f 3885 3939 3896
f 3896 3939 4006
f 4031 4034 4027
f 4027 4034 4033
f 4027 4033 4025
f 4025 4033 4037
f 4019 4017 4037
f 4037 4017 4025
f 3993 3942 4070
f 4070 3942 3941
f 3999 3993 4071
f 4071 3993 4070
f 3999 4071 4005
f 4005 4071 4072
f 4073 4074 4076
f 4076 4074 4075
f 4078 4079 4077
f 4077 4079 4080
f 4082 4080 4081
f 4081 4080 4079
f 4084 4085 4083
f 4083 4085 4086
f 4087 4088 4090
f 4090 4088 4089
f 4092 4093 4091
f 4091 4093 4094
f 4096 4097 4095
f 4095 4097 4098
f 4100 4101 4099
f 4099 4101 4102
f 4103 4104 4106
f 4106 4104 4105
f 4108 4109 4107
f 4107 4109 4110
f 4112 4113 4111
f 4111 4113 4114
f 4116 4117 4115
f 4115 4117 4118
f 4120 4121 4119
f 4119 4121 4122
f 4123 4124 4126
f 4126 4124 4125
f 4127 4128 4130
f 4130 4128 4129
f 4132 4133 4131
f 4131 4133 4134
f 4136 4108 4135
f 4135 4108 4107
f 4138 4139 4137
f 4137 4139 4140
f 4141 4142 4088
f 4088 4142 4089
f 4144 4145 4143
f 4143 4145 4146
f 4148 4149 4147
f 4147 4149 4150
f 4152 4153 4151
f 4151 4153 4154
f 4156 4082 4155
f 4155 4082 4081
f 4157 4158 4160
f 4160 4158 4159
f 4161 4162 4164
f 4164 4162 4163
f 4166 4122 4165
f 4165 4122 4121
f 4168 4152 4167
f 4167 4152 4151
f 4169 4170 4172
f 4172 4170 4171
f 4174 4175 4173
f 4173 4175 4176
f 4178 4149 4177
f 4177 4149 4179
f 4173 4176 4180
f 4180 4176 4181
f 4156 4085 4182
f 4182 4085 4183
f 4182 4184 4156
f 4156 4184 4082
f 4185 4186 4184
f 4184 4186 4187
f 4186 4188 4187
f 4187 4188 4189
f 4190 4191 4073
f 4073 4191 4074
f 4177 4179 4158
f 4158 4179 4159
f 4193 4127 4192
f 4192 4127 4130
f 4144 4194 4151
f 4151 4194 4167
f 4196 4197 4195
f 4195 4197 4198
f 4095 4199 4096
f 4096 4199 4200
f 4201 4202 4204
f 4204 4202 4203
f 4205 4206 4208
f 4208 4206 4207
f 4121 4120 4209
f 4209 4120 4210
f 4212 4213 4211
f 4211 4213 4214
f 4216 4217 4215
f 4215 4217 4218
f 4220 4221 4219
f 4219 4221 4222
f 4224 4196 4223
f 4223 4196 4195
f 4225 4226 4134
f 4134 4226 4131
f 4228 4229 4227
f 4227 4229 4230
f 4232 4233 4231
f 4231 4233 4098
f 4235 4236 4234
f 4234 4236 4237
f 4239 4240 4238
f 4238 4240 4241
f 4242 4243 4245
f 4245 4243 4244
f 4246 4247 4249
f 4249 4247 4248
f 4251 4252 4250
f 4250 4252 4253
f 4255 4256 4254
f 4254 4256 4257
f 4259 4260 4258
f 4258 4260 4261
f 4263 4264 4262
f 4262 4264 4265
f 4267 4268 4266
f 4266 4268 4269
f 4271 4199 4270
f 4270 4199 4272
f 4273 4274 4276
f 4276 4274 4275
f 4115 4118 4277
f 4277 4118 4278
f 4280 4281 4279
f 4279 4281 4282
f 4211 4283 4212
f 4212 4283 4284
f 4286 4287 4285
f 4285 4287 4288
f 4165 4121 4289
f 4289 4121 4209
f 4291 4286 4290
f 4290 4286 4285
f 4293 4294 4292
f 4292 4294 4295
f 4297 4298 4296
f 4296 4298 4299
f 4301 4302 4300
f 4300 4302 4303
f 4299 4304 4296
f 4296 4304 4305
f 4306 4292 4307
f 4307 4292 4295
f 4307 4308 4306
f 4306 4308 4309
f 4310 4309 4075
f 4075 4309 4308
f 4299 4298 4312
f 4312 4298 4311
f 4302 4301 4293
f 4293 4301 4294
f 3735 3921 4313
f 4313 3921 4314
f 4315 4314 3922
f 3922 4314 3921
f 4316 3945 829
f 829 3945 830
f 4289 4317 4165
f 4165 4317 4318
f 4320 4321 4319
f 4319 4321 4322
f 4324 4325 4323
f 4323 4325 4326
f 4327 4328 4330
f 4330 4328 4329
f 4290 4331 4291
f 4291 4331 4332
f 4165 4318 4166
f 4166 4318 4333
f 4334 4335 4337
f 4337 4335 4336
f 4339 4340 4338
f 4338 4340 4341
f 4168 4343 4342
f 4342 4343 4344
f 4346 4347 4345
f 4345 4347 4348
f 4350 4351 4349
f 4349 4351 4352
f 4354 4355 4353
f 4353 4355 4356
f 4357 4358 4324
f 4324 4358 4325
f 4337 4359 4334
f 4334 4359 4360
f 4362 4363 4361
f 4361 4363 4364
f 4366 4367 4365
f 4365 4367 4368
f 4369 4370 4372
f 4372 4370 4371
f 4331 4290 4374
f 4374 4290 4373
f 4373 4376 4375
f 4375 4376 4377
f 4379 4380 4378
f 4378 4380 4381
f 4217 4382 4218
f 4218 4382 4383
f 4385 4386 4384
f 4384 4386 4387
f 4388 4389 4338
f 4338 4389 4390
f 4337 4336 4392
f 4392 4336 4391
f 4394 4362 4393
f 4393 4362 4361
f 4396 4397 4395
f 4395 4397 4398
f 4400 4401 4399
f 4399 4401 4402
f 4345 4403 4346
f 4346 4403 4404
f 4405 4406 4342
f 4342 4406 4407
f 4409 4410 4408
f 4408 4410 4411
f 4408 4412 4409
f 4409 4412 4413
f 4181 4415 4414
f 4414 4415 4416
f 4182 4183 4417
f 4417 4183 4418
f 4419 4353 4311
f 4311 4353 4312
f 4421 4422 4420
f 4420 4422 4423
f 4353 4356 4312
f 4312 4356 4424
f 4166 4333 4425
f 4425 4333 4426
f 4425 4143 4166
f 4166 4143 4122
f 4427 4107 4428
f 4428 4107 4110
f 4429 4430 4174
f 4174 4430 4175
f 4335 4431 4336
f 4336 4431 4390
f 4336 4390 4391
f 4391 4390 4389
f 4432 4433 4435
f 4435 4433 4434
f 4437 4438 4436
f 4436 4438 4439
f 4441 4442 4440
f 4440 4442 4443
f 4359 4444 4361
f 4361 4444 4393
f 4446 4447 4445
f 4445 4447 4448
f 4338 4341 4388
f 4388 4341 4449
f 4450 4451 4398
f 4398 4451 4395
f 4453 4454 4452
f 4452 4454 4455
f 4457 4458 4456
f 4456 4458 4459
f 4460 4461 4448
f 4448 4461 4445
f 4463 4464 4462
f 4462 4464 4465
f 4462 4465 4466
f 4466 4465 4467
f 4468 4469 4467
f 4467 4469 4466
f 4469 4468 4470
f 4470 4468 4471
f 4472 4473 4471
f 4471 4473 4470
f 4475 4476 4474
f 4474 4476 4477
f 4479 4480 4478
f 4478 4480 4481
f 4483 4484 4482
f 4482 4484 4485
f 4487 4488 4486
f 4486 4488 4489
f 4491 4492 4490
f 4490 4492 4493
f 4494 4495 4493
f 4493 4495 4490
f 4496 4497 4494
f 4494 4497 4495
f 4497 4496 4498
f 4498 4496 4499
f 4500 4501 4503
f 4503 4501 4502
f 4505 4506 4504
f 4504 4506 4507
f 4466 4508 4462
f 4462 4508 4509
f 4470 4510 4469
f 4469 4510 4511
f 4513 4479 4512
f 4512 4479 4478
f 4515 4443 4514
f 4514 4443 4442
f 4516 4517 4519
f 4519 4517 4518
f 4521 4495 4520
f 4520 4495 4497
f 4522 4490 4521
f 4521 4490 4495
f 4491 4523 4488
f 4488 4523 4524
f 4525 4489 4524
f 4524 4489 4488
f 4484 4526 4485
f 4485 4526 4527
f 4503 4528 4500
f 4500 4528 4529
f 4530 4531 4533
f 4533 4531 4532
f 4535 4506 4534
f 4534 4506 4530
f 4486 4536 4487
f 4487 4536 4537
f 4487 4537 4492
f 4492 4537 4538
f 4494 4539 4496
f 4496 4539 4540
f 4542 4533 4541
f 4541 4533 4499
f 4544 4545 4543
f 4543 4545 4546
f 4548 4549 4547
f 4547 4549 4550
f 4536 4551 4537
f 4537 4551 4552
f 4537 4552 4538
f 4538 4552 4553
f 4554 4539 4556
f 4556 4539 4555
f 4557 4540 4554
f 4554 4540 4539
f 4559 4557 4558
f 4558 4557 4560
f 4540 4557 4541
f 4541 4557 4559
f 4562 4563 4561
f 4561 4563 4564
f 4546 4565 4543
f 4543 4565 4566
f 4547 4567 4548
f 4548 4567 4568
f 4570 4571 4569
f 4569 4571 4572
f 4574 4575 4573
f 4573 4575 4576
f 4578 4579 4577
f 4577 4579 4580
f 4582 4583 4581
f 4581 4583 4584
f 4585 4586 4588
f 4588 4586 4587
f 4589 4585 4590
f 4590 4585 4588
f 4592 4593 4591
f 4591 4593 4594
f 4596 4597 4595
f 4595 4597 4598
f 4600 4601 4599
f 4599 4601 4602
f 4563 4604 4603
f 4603 4604 4605
f 4603 4606 4608
f 4608 4606 4607
f 4609 4610 4594
f 4594 4610 4591
f 4611 4612 4614
f 4614 4612 4613
f 4616 4617 4615
f 4615 4617 4618
f 4602 4620 4619
f 4619 4620 4621
f 4619 4622 4602
f 4602 4622 4599
f 4605 4599 4623
f 4623 4599 4622
f 4605 4623 4603
f 4603 4623 4606
f 4625 4626 4624
f 4624 4626 4627
f 4438 4437 4628
f 4628 4437 4629
f 4442 4441 4630
f 4630 4441 4631
f 4630 4632 4442
f 4442 4632 4514
f 4633 4634 4529
f 4529 4634 4500
f 4500 4634 4501
f 4501 4634 4635
f 4637 4546 4636
f 4636 4546 4545
f 4639 4565 4638
f 4638 4565 4640
f 4573 4576 4641
f 4641 4576 4642
f 4593 4643 4594
f 4594 4643 4644
f 4645 4609 4644
f 4644 4609 4594
f 4647 4648 4646
f 4646 4648 4649
f 4651 4652 4650
f 4650 4652 4653
f 4654 4498 4519
f 4519 4498 4532
f 4520 4508 4521
f 4521 4508 4511
f 4522 4510 4523
f 4523 4510 4655
f 4524 4656 4525
f 4525 4656 4657
f 4514 4529 4515
f 4515 4529 4528
f 4658 4659 4661
f 4661 4659 4660
f 4496 4540 4499
f 4499 4540 4541
f 4493 4555 4494
f 4494 4555 4539
f 4549 4483 4550
f 4550 4483 4482
f 4545 4544 4501
f 4501 4544 4502
f 4636 4545 4635
f 4635 4545 4501
f 4589 4663 4662
f 4662 4663 4664
f 4662 4665 4558
f 4558 4665 4559
f 4569 4586 4570
f 4570 4586 4560
f 4552 4666 4553
f 4553 4666 4667
f 4668 4669 4670
f 4670 4669 4666
f 4672 4673 4671
f 4671 4673 4674
f 4287 4675 4288
f 4288 4675 4676
f 4678 4679 4677
f 4677 4679 4680
f 4681 4678 4682
f 4682 4678 4677
f 4682 4683 4681
f 4681 4683 4684
f 4161 4164 4685
f 4685 4164 4686
f 4414 4687 4689
f 4689 4687 4688
f 4405 4690 4346
f 4346 4690 4347
f 4691 4399 4693
f 4693 4399 4692
f 1209 4694 4365
f 4365 4694 4366
f 4650 1211 4651
f 4651 1211 1210
f 4695 4696 4255
f 4255 4696 4256
f 4697 4698 4218
f 4218 4698 4215
f 4700 4701 4699
f 4699 4701 4702
f 4703 4704 4303
f 4303 4704 4300
f 4315 3922 4316
f 4316 3922 3945
f 4653 4706 4705
f 4705 4706 4707
f 4709 4710 4708
f 4708 4710 4711
f 4335 4334 4713
f 4713 4334 4712
f 4714 4340 4321
f 4321 4340 4322
f 4716 4717 4715
f 4715 4717 4718
f 4238 4241 4719
f 4719 4241 4720
f 4231 4721 4307
f 4307 4721 4308
f 4723 4724 4722
f 4722 4724 4725
f 4727 4728 4726
f 4726 4728 4729
f 4730 4731 4327
f 4327 4731 4328
f 4733 4734 4732
f 4732 4734 4735
f 4720 4381 4736
f 4736 4381 4737
f 4738 4739 4741
f 4741 4739 4740
f 4743 4744 4742
f 4742 4744 4745
f 4338 4390 4339
f 4339 4390 4431
f 4746 4747 4431
f 4431 4747 4339
f 4291 4332 4289
f 4289 4332 4317
f 4289 4209 4291
f 4291 4209 4286
f 4287 4286 4210
f 4210 4286 4209
f 4749 4750 4748
f 4748 4750 4751
f 4212 4284 4752
f 4752 4284 4753
f 4752 4754 4212
f 4212 4754 4213
f 4252 4251 4225
f 4225 4251 4226
f 4227 4230 4248
f 4248 4230 4249
f 4205 4755 4757
f 4757 4755 4756
f 4708 4711 4758
f 4758 4711 4647
f 4367 4366 4759
f 4759 4366 4760
f 4526 4513 4527
f 4527 4513 4512
f 4420 4423 4385
f 4385 4423 4386
f 4705 4761 4653
f 4653 4761 4650
f 4761 1279 4650
f 4650 1279 1211
f 4762 4763 3944
f 3944 4763 3936
f 4274 4273 4765
f 4765 4273 4764
f 4767 4768 4766
f 4766 4768 4769
f 4770 4771 4769
f 4769 4771 4766
f 4771 4770 4242
f 4242 4770 4243
f 4093 4163 4094
f 4094 4163 4162
f 4772 4773 4775
f 4775 4773 4774
f 4777 4778 4776
f 4776 4778 4779
f 4417 4185 4182
f 4182 4185 4184
f 4780 4078 4781
f 4781 4078 4077
f 4781 4077 4782
f 4782 4077 4189
f 4188 4783 4189
f 4189 4783 4782
f 4295 4232 4307
f 4307 4232 4231
f 4785 4786 4784
f 4784 4786 4787
f 4784 1307 4785
f 4785 1307 1306
f 4078 4780 4096
f 4096 4780 4097
f 4075 4074 4310
f 4310 4074 4788
f 4788 4074 4789
f 4789 4074 4191
f 4789 4191 4059
f 4059 4191 4790
f 4791 4277 4792
f 4792 4277 4278
f 3732 3735 4793
f 4793 3735 4313
f 4793 4794 3732
f 3732 4794 3731
f 4792 4795 4791
f 4791 4795 4796
f 4797 4798 4799
f 4799 4798 4724
f 4763 4800 3936
f 3936 4800 3935
f 4801 4062 3729
f 3729 4062 3730
f 4713 4712 4802
f 4802 4712 4803
f 4146 4804 4119
f 4119 4804 4805
f 4498 4654 4497
f 4497 4654 4520
f 4806 4807 1326
f 1326 4807 1327
f 4689 4688 1330
f 1330 4688 1331
f 4801 4789 4062
f 4062 4789 4059
f 3730 4062 4808
f 4808 4062 4061
f 4810 4811 4809
f 4809 4811 4812
f 4813 4403 4814
f 4814 4403 4345
f 4815 4816 4349
f 4349 4816 4350
f 4817 4818 4820
f 4820 4818 4819
f 4406 4821 4407
f 4407 4821 4822
f 4823 4161 4824
f 4824 4161 4685
f 4181 4414 4825
f 4825 4414 4689
f 4741 4740 4826
f 4826 4740 4827
f 4828 4829 4827
f 4827 4829 4826
f 4142 4141 4415
f 4415 4141 4148
f 4830 1354 4761
f 4761 1354 1279
f 4832 4833 4831
f 4831 4833 4834
f 4835 4836 4626
f 4626 4836 4421
f 4451 4709 4395
f 4395 4709 4708
f 4627 4420 4837
f 4837 4420 4385
f 4837 1365 4838
f 4838 1365 1364
f 4397 4396 4839
f 4839 4396 4840
f 4842 4628 4841
f 4841 4628 4629
f 4671 4674 4631
f 4631 4674 4630
f 4674 4659 4630
f 4630 4659 4632
f 4633 4632 4658
f 4658 4632 4659
f 4658 4504 4633
f 4633 4504 4634
f 4635 4634 4507
f 4507 4634 4504
f 4843 4636 4507
f 4507 4636 4635
f 4844 4637 4843
f 4843 4637 4636
f 4637 4844 4640
f 4640 4844 4664
f 4638 4663 4642
f 4642 4663 4845
f 4847 4643 4846
f 4846 4643 4641
f 4644 4848 4645
f 4645 4848 4849
f 4851 4852 4850
f 4850 4852 4853
f 4855 4856 4854
f 4854 4856 4857
f 4859 4860 4858
f 4858 4860 4857
f 4715 4718 4859
f 4859 4718 4860
f 4862 4863 4861
f 4861 4863 4864
f 4866 4867 4865
f 4865 4867 4868
f 4870 4871 4869
f 4869 4871 4872
f 4869 4872 4116
f 4116 4872 4117
f 4820 4819 4874
f 4874 4819 4873
f 4876 4877 4875
f 4875 4877 4878
f 4880 4881 4879
f 4879 4881 4882
f 4884 4885 4883
f 4883 4885 4886
f 4887 4888 4280
f 4280 4888 4281
f 4818 4817 4889
f 4889 4817 4890
f 4891 4193 4823
f 4823 4193 4192
f 4892 4893 4228
f 4228 4893 4229
f 4158 4157 4894
f 4894 4157 4895
f 4896 4897 4132
f 4132 4897 4133
f 4099 4683 4100
f 4100 4683 4682
f 4101 4100 4899
f 4899 4100 4898
f 4150 4106 4147
f 4147 4106 4900
f 4100 4682 4898
f 4898 4682 4677
f 4080 4082 4187
f 4187 4082 4184
f 4077 4080 4189
f 4189 4080 4187
f 4191 4190 4790
f 4790 4190 4901
f 4177 4158 4680
f 4680 4158 4894
f 4108 4136 4752
f 4752 4136 4754
f 4752 4753 4108
f 4108 4753 4109
f 4817 4902 4890
f 4890 4902 4903
f 4904 4905 4907
f 4907 4905 4906
f 4909 4910 4908
f 4908 4910 4911
f 4913 4914 4912
f 4912 4914 4915
f 4916 4917 4919
f 4919 4917 4918
f 4312 4424 4299
f 4299 4424 4304
f 4920 4921 4297
f 4297 4921 4298
f 4194 4922 4167
f 4167 4922 4923
f 4924 4400 4691
f 4691 4400 4399
f 4395 4708 4396
f 4396 4708 4758
f 4367 4925 4368
f 4368 4925 4926
f 4919 4918 4873
f 4873 4918 4874
f 4836 4927 4421
f 4421 4927 4422
f 4921 4928 4298
f 4298 4928 4311
f 4143 4146 4122
f 4122 4146 4119
f 4929 4930 4455
f 4455 4930 4452
f 4932 4933 4931
f 4931 4933 4934
f 4935 4936 4932
f 4932 4936 4933
f 4461 4460 4457
f 4457 4460 4458
f 4480 4479 4475
f 4475 4479 4476
f 4660 4673 4517
f 4517 4673 4937
f 4661 4505 4658
f 4658 4505 4504
f 4484 4483 4489
f 4489 4483 4486
f 4462 4509 4463
f 4463 4509 4518
f 4469 4511 4466
f 4466 4511 4508
f 4655 4473 4656
f 4656 4473 4477
f 4476 4657 4477
f 4477 4657 4656
f 4479 4513 4476
f 4476 4513 4657
f 4489 4525 4484
f 4484 4525 4526
f 4483 4549 4486
f 4486 4549 4536
f 4549 4548 4536
f 4536 4548 4551
f 4548 4568 4551
f 4551 4568 4670
f 4663 4589 4845
f 4845 4589 4590
f 4668 4577 4938
f 4938 4577 4580
f 4940 4938 4939
f 4939 4938 4941
f 4940 4942 4669
f 4669 4942 4943
f 4587 4582 4944
f 4944 4582 4581
f 4848 4847 4608
f 4608 4847 4564
f 4616 4945 4613
f 4613 4945 4598
f 4615 4946 4616
f 4616 4946 4945
f 4947 4939 4948
f 4948 4939 4946
f 4599 4605 4600
f 4600 4605 4604
f 4608 4607 4848
f 4848 4607 4849
f 4613 4612 4616
f 4616 4612 4617
f 4835 4949 4709
f 4709 4949 4710
f 4357 1477 4837
f 4837 1477 1365
f 4712 4950 4803
f 4803 4950 4951
f 4401 4952 4402
f 4402 4952 4953
f 4759 4760 4402
f 4402 4760 4399
f 4508 4520 4509
f 4509 4520 4654
f 4510 4522 4511
f 4511 4522 4521
f 4513 4526 4657
f 4657 4526 4525
f 4632 4633 4514
f 4514 4633 4529
f 4931 4934 4453
f 4453 4934 4454
f 4153 4954 4154
f 4154 4954 4955
f 4957 4958 4956
f 4956 4958 4959
f 4961 4962 4960
f 4960 4962 4963
f 4120 4964 4210
f 4210 4964 4965
f 4967 4968 4966
f 4966 4968 4969
f 4349 4692 4815
f 4815 4692 4970
f 4652 4971 4653
f 4653 4971 4706
f 4758 4647 4972
f 4972 4647 4646
f 4973 4363 4646
f 4646 4363 4972
f 4950 4360 4974
f 4974 4360 4364
f 4431 4335 4746
f 4746 4335 4713
f 4358 4714 4325
f 4325 4714 4321
f 4765 4764 4266
f 4266 4764 4975
f 4202 4976 4203
f 4203 4976 4977
f 4917 4978 4918
f 4918 4978 4979
f 4279 4282 4854
f 4854 4282 4269
f 4820 4880 4817
f 4817 4880 4902
f 4890 4903 4980
f 4980 4903 4886
f 4982 4983 4981
f 4981 4983 4123
f 4795 4851 4796
f 4796 4851 4850
f 4918 4979 4874
f 4874 4979 4881
f 4809 4404 4810
f 4810 4404 4403
f 4354 4985 4984
f 4984 4985 4986
f 1364 1516 4838
f 4838 1516 4987
f 4759 4988 4367
f 4367 4988 4925
f 4989 4990 4481
f 4481 4990 4478
f 4443 4515 4990
f 4990 4515 4991
f 4527 4512 4992
f 4992 4512 4991
f 4528 4503 4992
f 4992 4503 4993
f 4993 4994 4485
f 4485 4994 4482
f 4544 4995 4502
f 4502 4995 4994
f 4995 4996 4550
f 4550 4996 4547
f 4998 4999 4997
f 4997 4999 4566
f 4998 5000 4578
f 4578 5000 4579
f 5001 5002 4596
f 4596 5002 4597
f 5003 4591 5004
f 5004 4591 4610
f 4626 4421 4627
f 4627 4421 4420
f 4837 4838 4627
f 4627 4838 4624
f 4761 4705 4830
f 4830 4705 5005
f 4705 4707 5005
f 5005 4707 5006
f 4308 4721 4075
f 4075 4721 4076
f 5007 4200 4797
f 4797 4200 4798
f 4685 4686 5008
f 5008 4686 5009
f 4889 4890 5010
f 5010 4890 4980
f 4323 1541 4324
f 4324 1541 1540
f 4385 4384 4358
f 4358 4384 4714
f 4396 4758 4840
f 4840 4758 4972
f 4866 4852 5011
f 5011 4852 5012
f 5013 4260 4980
f 4980 4260 5010
f 4875 4878 5014
f 5014 4878 5015
f 5017 5018 5016
f 5016 5018 5019
f 5016 5019 5020
f 5020 5019 5021
f 5023 5024 5022
f 5022 5024 5025
f 5027 5028 5026
f 5026 5028 5029
f 5031 5032 5030
f 5030 5032 5033
f 5035 5036 5034
f 5034 5036 5037
f 5039 5040 5038
f 5038 5040 5041
f 5043 5044 5042
f 5042 5044 5045
f 5038 5046 5039
f 5039 5046 5047
f 5049 5050 5048
f 5048 5050 5051
f 5053 5054 5052
f 5052 5054 5055
f 5057 5024 5056
f 5056 5024 5058
f 5060 5061 5059
f 5059 5061 5062
f 5064 5065 5063
f 5063 5065 5066
f 5043 5050 5064
f 5064 5050 5065
f 5038 5041 5067
f 5067 5041 5068
f 5070 5071 5069
f 5069 5071 5072
f 5074 5075 5073
f 5073 5075 5076
f 5034 5077 5035
f 5035 5077 5078
f 5080 5081 5079
f 5079 5081 5082
f 5084 5085 5083
f 5083 5085 5086
f 5085 5084 5087
f 5087 5084 5088
f 5090 5091 5089
f 5089 5091 5092
f 5094 5095 5093
f 5093 5095 5096
f 5098 5099 5097
f 5097 5099 5100
f 5102 5103 5101
f 5101 5103 5104
f 5105 5106 5108
f 5108 5106 5107
f 5110 5111 5109
f 5109 5111 5112
f 5114 5094 5113
f 5113 5094 5093
f 5116 5117 5115
f 5115 5117 5118
f 5120 5121 5119
f 5119 5121 5122
f 5124 5125 5123
f 5123 5125 5126
f 5128 5129 5127
f 5127 5129 5130
f 5097 5131 5098
f 5098 5131 5132
f 5134 5135 5133
f 5133 5135 5122
f 5084 5125 5088
f 5088 5125 5136
f 5138 5139 5137
f 5137 5139 5140
f 5142 5102 5141
f 5141 5102 5101
f 5106 5143 5107
f 5107 5143 5144
f 5146 5147 5145
f 5145 5147 5148
f 5149 5150 5109
f 5109 5150 5110
f 5151 5110 5152
f 5152 5110 5150
f 4715 5140 4716
f 4716 5140 5139
f 5143 4870 5144
f 5144 4870 4869
f 4115 5146 4116
f 4116 5146 5145
f 4791 4796 5149
f 5149 4796 5150
f 4796 4850 5150
f 5150 4850 5152
f 4858 5142 4859
f 4859 5142 5141
f 5153 5154 5115
f 5115 5154 5105
f 5156 5157 5155
f 5155 5157 5158
f 5159 5160 5053
f 5053 5160 5054
f 5161 5162 5020
f 5020 5162 5068
f 5026 5029 5163
f 5163 5029 5021
f 5083 5086 5164
f 5164 5086 5165
f 5090 5167 5166
f 5166 5167 5168
f 5169 5170 5172
f 5172 5170 5171
f 5174 5175 5173
f 5173 5175 5176
f 5177 5109 5178
f 5178 5109 5112
f 5179 5180 5182
f 5182 5180 5181
f 5123 5126 5120
f 5120 5126 5121
f 5180 5167 5181
f 5181 5167 5183
f 5184 5185 5179
f 5179 5185 5180
f 5186 5149 5177
f 5177 5149 5109
f 4868 5184 4865
f 4865 5184 5179
f 5188 5189 5187
f 5187 5189 5190
f 4277 4791 5186
f 5186 4791 5149
f 5179 5182 4865
f 4865 5182 4853
f 5189 4862 5190
f 5190 4862 4861
f 5156 5075 5191
f 5191 5075 5192
f 5036 5035 5193
f 5193 5035 5194
f 5115 5118 5153
f 5153 5118 5195
f 5022 5025 5196
f 5196 5025 5197
f 5155 5158 5069
f 5069 5158 5062
f 5063 5066 5198
f 5198 5066 5199
f 5073 5076 5200
f 5200 5076 5072
f 5202 5131 5201
f 5201 5131 5203
f 5143 5106 5204
f 5204 5106 5205
f 5114 5113 5206
f 5206 5113 5127
f 5098 5132 5193
f 5193 5132 5195
f 5204 5207 5143
f 5143 5207 4870
f 5088 5136 5208
f 5208 5136 5092
f 5209 5210 5089
f 5089 5210 5183
f 5211 5018 5060
f 5060 5018 5061
f 5017 5040 5070
f 5070 5040 5071
f 5191 5160 5156
f 5156 5160 5157
f 5048 5028 5049
f 5049 5028 5058
f 5207 5204 4858
f 4858 5204 5142
f 4859 5141 4715
f 4715 5141 5140
f 5212 5162 5042
f 5042 5162 5051
f 5182 5152 4853
f 4853 5152 4850
f 5214 5134 5213
f 5213 5134 5133
f 5164 5165 5133
f 5133 5165 5213
f 5215 5216 5201
f 5201 5216 5217
f 5147 5218 5148
f 5148 5218 5219
f 5147 5177 5218
f 5218 5177 5178
f 5141 5101 5140
f 5140 5101 5137
f 5201 5217 5202
f 5202 5217 5104
f 5146 5186 5147
f 5147 5186 5177
f 4277 5186 4115
f 4115 5186 5146
f 5191 5192 5031
f 5031 5192 5032
f 5052 5055 5220
f 5220 5055 5197
f 4116 5145 4869
f 4869 5145 5144
f 5034 5037 5214
f 5214 5037 5134
f 5097 5100 5114
f 5114 5100 5094
f 5108 5107 5219
f 5219 5107 5148
f 5221 5135 5116
f 5116 5135 5117
f 5124 5111 5209
f 5209 5111 5210
f 5107 5144 5148
f 5148 5144 5145
f 5152 5182 5151
f 5151 5182 5181
f 5208 5222 5088
f 5088 5222 5087
f 5222 5208 5171
f 5171 5208 5172
f 5223 1756 4698
f 4698 1756 1755
f 4427 5224 4107
f 4107 5224 4135
f 4178 4679 5225
f 5225 4679 5226
f 5227 5228 4892
f 4892 5228 4893
f 5229 5230 4171
f 4171 5230 4172
f 4855 4268 4884
f 4884 4268 4885
f 4884 4871 4855
f 4855 4871 4856
f 4684 5231 4896
f 4896 5231 4897
f 4768 4767 5009
f 5009 4767 5008
f 5205 5154 5102
f 5102 5154 5103
f 5099 5098 5194
f 5194 5098 5193
f 5198 5199 5079
f 5079 5199 5033
f 5102 5142 5205
f 5205 5142 5204
f 5224 4427 4681
f 4681 4427 4678
f 3712 3711 5232
f 5232 3711 5233
f 3968 3988 3963
f 3963 3988 3964
f 3976 4044 3972
f 3972 4044 3985
f 4038 4037 4036
f 4036 4037 4033
f 4794 4762 3731
f 3731 4762 3944
f 3731 3944 3722
f 3722 3944 3810
f 3874 5234 5232
f 5232 5234 3712
f 3906 3905 3867
f 3867 3905 4011
f 3904 4023 3905
f 3905 4023 4011
f 3719 3722 3811
f 3811 3722 3810
f 3812 3719 3687
f 3687 3719 3811
f 3716 3812 3686
f 3686 3812 3687
f 3713 3716 3685
f 3685 3716 3686
f 4810 4403 5235
f 5235 4403 4813
f 4345 1770 4814
f 4814 1770 1769
f 4067 4066 4058
f 4058 4066 5236
f 4043 4068 4049
f 4049 4068 4050
f 4034 5237 3989
f 3989 5237 3990
f 4031 4030 4072
f 4072 4030 4005
f 4003 4004 4002
f 4002 4004 4032
f 4004 4005 4032
f 4032 4005 4030
f 4067 4064 4068
f 4068 4064 4050
f 4058 4057 4067
f 4067 4057 4064
f 4035 4034 5238
f 5238 4034 3989
f 5236 5239 4058
f 4058 5239 5240
f 5234 3874 5241
f 5241 3874 3873
f 5241 3873 3881
f 3881 3873 3878
f 4800 4763 4788
f 4788 4763 4310
f 4763 4762 4310
f 4310 4762 4309
f 4762 4794 4309
f 4309 4794 4306
f 4794 4793 4306
f 4306 4793 4292
f 4293 4313 4302
f 4302 4313 4314
f 4302 4314 4303
f 4303 4314 4315
f 4303 4315 4703
f 4703 4315 4316
f 4035 4069 4043
f 4043 4069 4068
f 4324 1540 4357
f 4357 1540 1477
f 5232 3987 3874
f 3874 3987 3871
f 3987 5232 4013
f 4013 5232 5233
f 4013 5233 4014
f 4014 5233 5242
f 3888 4015 3865
f 3865 4015 4007
f 3866 4008 5243
f 5243 4008 4016
f 3873 5244 3878
f 3878 5244 3875
f 3965 5244 3872
f 3872 5244 3873
f 3876 3875 3965
f 3965 3875 5244
f 5243 4016 5242
f 5242 4016 4014
f 5246 5247 5245
f 5245 5247 5248
f 3576 3950 3577
f 3577 3950 3926
f 3584 3842 3585
f 3585 3842 3580
f 5249 5247 1784
f 1784 5247 1785
f 5250 5251 5253
f 5253 5251 5252
f 5255 5252 5254
f 5254 5252 5256
f 5254 5256 5258
f 5258 5256 5257
f 5258 5257 5260
f 5260 5257 5259
f 4356 5261 4424
f 4424 5261 5259
f 4355 5262 4356
f 4356 5262 5261
f 4924 5264 5263
f 5263 5264 5265
f 4693 5266 4691
f 4691 5266 5267
f 4351 5268 4352
f 4352 5268 5269
f 1808 1807 4351
f 4351 1807 5268
f 3580 3842 3581
f 3799 3802 3838
f 4800 4788 4801
f 4801 4788 4789
f 3729 3935 4801
f 4801 3935 4800
f 3728 3666 3729
f 3729 3666 3935
f 3728 3798 3666
f 3666 3798 3663
f 3798 3818 3663
f 3663 3818 3809
f 3818 3817 3809
f 3809 3817 3808
f 3796 3655 3817
f 3817 3655 3808
f 3615 3568 3796
f 3796 3568 3655
f 3573 3569 3615
f 3615 3569 3568
f 3572 3613 3573
f 3573 3613 3569
f 3792 3606 3572
f 3572 3606 3613
f 3607 3791 3949
f 3949 3791 3591
f 3590 3950 3591
f 3591 3950 3949
f 3805 3926 3590
f 3590 3926 3950
f 3804 3559 3805
f 3805 3559 3926
f 3804 3914 3559
f 3559 3914 3560
f 3924 3789 3913
f 3913 3789 3788
f 3924 3928 3789
f 3789 3928 3826
f 3928 3927 3826
f 3826 3927 3827
f 3927 3834 3827
f 3827 3834 3835
f 4079 4078 5270
f 5270 4078 5007
f 5271 5272 4233
f 4233 5272 5273
f 5275 5276 5274
f 5274 5276 5277
f 5278 5279 4236
f 4236 5279 4237
f 5278 5280 5271
f 5271 5280 5272
f 4235 5281 4236
f 4236 5281 5282
f 5284 5285 5283
f 5283 5285 5286
f 5288 5289 5287
f 5287 5289 5290
f 5292 5293 5291
f 5291 5293 5294
f 5287 5290 4726
f 4726 5290 5295
f 4293 4292 4313
f 4313 4292 4793
f 4720 4736 4719
f 4719 4736 5296
f 5297 4909 5298
f 5298 4909 4908
f 5299 5300 4976
f 4976 5300 5301
f 5302 4202 5303
f 5303 4202 4201
f 5304 5305 4983
f 4983 5305 5306
f 5308 5309 5307
f 5307 5309 5310
f 4722 4725 5283
f 5283 4725 5311
f 5291 5294 4125
f 4125 5294 4126
f 5313 5314 5312
f 5312 5314 5315
f 5316 5317 5319
f 5319 5317 5318
f 5321 5308 5320
f 5320 5308 5307
f 4819 4981 4873
f 4873 4981 5322
f 4981 4123 5322
f 5322 4123 4126
f 5324 5325 5323
f 5323 5325 5326
f 4764 5327 4975
f 4975 5327 5328
f 4172 5327 4169
f 4169 5327 5329
f 4768 4171 4769
f 4769 4171 4170
f 4243 4755 4244
f 4244 4755 5330
f 4755 4205 5330
f 5330 4205 4208
f 4206 4906 4207
f 4207 4906 4905
f 4686 5014 5009
f 5009 5014 5229
f 4756 4770 4170
f 4170 4770 4769
f 4170 4169 4756
f 4756 4169 4757
f 4273 5329 4764
f 4764 5329 5327
f 4276 5331 4273
f 4273 5331 5329
f 4770 4756 4243
f 4243 4756 4755
f 5333 4889 5332
f 5332 4889 5010
f 4877 5332 4878
f 4878 5332 4259
f 4875 4164 4876
f 4876 4164 4163
f 5334 5335 5324
f 5324 5335 5325
f 4983 5306 4123
f 4123 5306 4124
f 4818 4982 4819
f 4819 4982 4981
f 5332 5010 4259
f 4259 5010 4260
f 5014 4686 4875
f 4875 4686 4164
f 4171 4768 5229
f 5229 4768 5009
f 5337 4916 5336
f 5336 4916 4919
f 5293 5337 5294
f 5294 5337 5336
f 4982 4818 5333
f 5333 4818 4889
f 5338 5339 4262
f 4262 5339 5340
f 5307 5310 5338
f 5338 5310 5339
f 5341 5342 4204
f 4204 5342 5309
f 5336 4919 5322
f 5322 4919 4873
f 5294 5336 4126
f 4126 5336 5322
f 5323 5326 5343
f 5343 5326 5286
f 4914 5344 4915
f 4915 5344 5345
f 5312 5315 5344
f 5344 5315 5345
f 5347 5348 5346
f 5346 5348 5349
f 5350 5351 4832
f 4832 5351 4833
f 5352 5353 5349
f 5349 5353 5346
f 5354 5338 4265
f 4265 5338 4262
f 5320 5307 5354
f 5354 5307 5338
f 4201 5308 5303
f 5303 5308 5321
f 5356 5357 5355
f 5355 5357 4799
f 5358 5359 5334
f 5334 5359 5335
f 5358 5360 4093
f 4093 5360 4163
f 5360 5305 4163
f 4163 5305 4876
f 5305 5304 4876
f 4876 5304 4877
f 5270 4778 4079
f 4079 4778 4081
f 4779 5361 4774
f 4774 5361 5357
f 5356 5359 4775
f 4775 5359 4092
f 5333 5304 4982
f 4982 5304 4983
f 5332 4877 5333
f 5333 4877 5304
f 5015 4258 5230
f 5230 4258 5328
f 5327 4172 5328
f 5328 4172 5230
f 4169 5329 4757
f 4757 5329 5331
f 4757 5331 4205
f 4205 5331 4206
f 5331 4276 4206
f 4206 4276 4906
f 4276 4275 4906
f 4906 4275 4907
f 4275 4888 4907
f 4907 4888 4744
f 4887 4717 4745
f 4745 4717 4864
f 4716 5139 4861
f 4861 5139 5190
f 5139 5138 5190
f 5190 5138 5187
f 5138 5216 5187
f 5187 5216 5176
f 5215 5362 5173
f 5173 5362 5130
f 5364 5365 5363
f 5363 5365 5340
f 4742 4863 5366
f 5366 4863 4867
f 4862 5189 4868
f 4868 5189 5184
f 5189 5188 5184
f 5184 5188 5185
f 5188 5175 5185
f 5185 5175 5168
f 3560 3788 3561
f 3561 3788 3790
f 3596 3595 3608
f 3608 3595 3594
f 3598 3582 3595
f 3595 3582 3592
f 3600 3609 3601
f 3601 3609 3611
f 3602 3601 3612
f 3612 3601 3611
f 3606 3605 3613
f 3613 3605 3614
f 3793 5367 3794
f 3794 5367 5368
f 3598 3597 3600
f 3600 3597 3609
f 3793 3792 3575
f 3575 3792 3572
f 3561 3594 3558
f 3558 3594 3593
f 3807 3915 3804
f 3804 3915 3914
f 3916 3915 5370
f 5370 3915 5369
f 3602 3605 3603
f 3603 3605 3604
f 3606 3792 3607
f 3607 3792 3791
f 3914 3913 3560
f 3560 3913 3788
f 5174 5129 5166
f 5166 5129 5371
f 5170 5169 5093
f 5093 5169 5113
f 5166 5371 5090
f 5090 5371 5091
f 5128 5169 5372
f 5372 5169 5172
f 5127 5113 5128
f 5128 5113 5169
f 5114 5206 5203
f 5203 5206 5362
f 5200 5373 5073
f 5073 5373 5096
f 5374 5375 5200
f 5200 5375 5373
f 5039 5047 5374
f 5374 5047 5375
f 5087 5046 5085
f 5085 5046 5376
f 5212 5377 5067
f 5067 5377 5376
f 5042 5045 5212
f 5212 5045 5377
f 5064 5378 5043
f 5043 5378 5044
f 5063 5077 5064
f 5064 5077 5378
f 5079 5082 5198
f 5198 5082 5078
f 5099 5081 5100
f 5100 5081 5379
f 5100 5379 5094
f 5094 5379 5095
f 5381 5382 5380
f 5380 5382 5383
f 5385 5386 5384
f 5384 5386 5383
f 5385 5387 5386
f 5386 5387 5388
f 5390 5391 5389
f 5389 5391 5392
f 5393 5394 5396
f 5396 5394 5395
f 5398 5399 5397
f 5397 5399 5400
f 5402 5403 5401
f 5401 5403 5404
f 5406 5407 5405
f 5405 5407 5404
f 5408 5409 5163
f 5163 5409 5410
f 5411 5412 5414
f 5414 5412 5413
f 5057 5416 5415
f 5415 5416 5417
f 5393 5416 5418
f 5418 5416 5419
f 5396 5395 5420
f 5420 5395 5421
f 5423 5424 5422
f 5422 5424 5425
f 5415 5417 5220
f 5220 5417 5426
f 5418 5391 5393
f 5393 5391 5394
f 5414 5388 5411
f 5411 5388 5392
f 5059 5427 5060
f 5060 5427 5428
f 5423 5427 5429
f 5429 5427 5430
f 5432 5382 5431
f 5431 5382 5425
f 5429 5407 5423
f 5423 5407 5424
f 5380 5409 5381
f 5381 5409 5433
f 5381 5433 5422
f 5422 5433 5428
f 5027 5412 5056
f 5056 5412 5419
f 5435 5436 5434
f 5434 5436 5437
f 5159 5439 5438
f 5438 5439 5440
f 5053 5436 5159
f 5159 5436 5439
f 5441 5403 5398
f 5398 5403 5399
f 5163 5410 5026
f 5026 5410 5413
f 5438 5440 5442
f 5442 5440 5430
f 5444 5445 5443
f 5443 5445 5446
f 5447 5448 5450
f 5450 5448 5449
f 5451 5446 5452
f 5452 5446 5445
f 5454 5455 5453
f 5453 5455 5451
f 5456 5454 5458
f 5458 5454 5457
f 5460 5461 5459
f 5459 5461 5462
f 5464 5465 5463
f 5463 5465 5466
f 5468 5469 5467
f 5467 5469 5470
f 5472 5473 5471
f 5471 5473 5474
f 5475 5476 5478
f 5478 5476 5477
f 5479 5480 5482
f 5482 5480 5481
f 5483 5484 5448
f 5448 5484 5485
f 5448 5485 5449
f 5449 5485 5486
f 5487 5476 5488
f 5488 5476 5475
f 5490 5491 5489
f 5489 5491 5492
f 5494 5495 5493
f 5493 5495 5496
f 5498 5494 5497
f 5497 5494 5493
f 5500 5501 5499
f 5499 5501 5502
f 5503 5504 5446
f 5446 5504 5443
f 5506 5507 5505
f 5505 5507 5508
f 5510 5511 5509
f 5509 5511 5512
f 5514 5515 5513
f 5513 5515 5516
f 5518 5519 5517
f 5517 5519 5520
f 5495 5521 5496
f 5496 5521 5522
f 5524 5525 5523
f 5523 5525 5526
f 5527 5528 5494
f 5494 5528 5495
f 5499 5502 5529
f 5529 5502 5530
f 5531 5532 5485
f 5485 5532 5486
f 5485 5484 5531
f 5531 5484 5533
f 5482 5481 5534
f 5534 5481 5535
f 5536 5512 5506
f 5506 5512 5511
f 5455 5503 5451
f 5451 5503 5446
f 5467 5470 5511
f 5511 5470 5537
f 5538 5467 5510
f 5510 5467 5511
f 5540 5541 5539
f 5539 5541 5542
f 5543 5544 5546
f 5546 5544 5545
f 5548 5472 5547
f 5547 5472 5471
f 5493 5496 5549
f 5549 5496 5550
f 5496 5522 5550
f 5550 5522 5551
f 5553 5554 5552
f 5552 5554 5555
f 5557 5447 5556
f 5556 5447 5558
f 5557 5483 5447
f 5447 5483 5448
f 5478 5477 5553
f 5553 5477 5559
f 5477 5560 5559
f 5559 5560 5561
f 5476 5562 5477
f 5477 5562 5560
f 5476 5487 5562
f 5562 5487 5563
f 5560 5564 5561
f 5561 5564 5565
f 5564 5560 5566
f 5566 5560 5562
f 5563 5567 5562
f 5562 5567 5566
f 5569 5521 5568
f 5568 5521 5570
f 5481 5572 5571
f 5571 5572 5573
f 5574 5535 5571
f 5571 5535 5481
f 5576 5577 5575
f 5575 5577 5578
f 5579 5580 5456
f 5456 5580 5581
f 5475 5582 5488
f 5488 5582 5583
f 5584 5536 5505
f 5505 5536 5506
f 5585 5586 5588
f 5588 5586 5587
f 5590 5591 5589
f 5589 5591 5592
f 5519 5593 5520
f 5520 5593 5594
f 5595 5596 5462
f 5462 5596 5597
f 5599 5600 5598
f 5598 5600 5514
f 5602 5603 5601
f 5601 5603 5604
f 5524 5543 5525
f 5525 5543 5546
f 5543 5524 5606
f 5606 5524 5605
f 5607 5608 5500
f 5500 5608 5501
f 5610 5551 5609
f 5609 5551 5522
f 5611 5510 5598
f 5598 5510 5509
f 5612 5597 5457
f 5457 5597 5458
f 5510 5611 5538
f 5538 5611 5613
f 5580 5508 5581
f 5581 5508 5507
f 5615 5616 5614
f 5614 5616 5617
f 5619 5620 5618
f 5618 5620 5621
f 5623 5624 5622
f 5622 5624 5625
f 5627 5624 5626
f 5626 5624 5623
f 5629 5630 5628
f 5628 5630 5631
f 5633 5634 5632
f 5632 5634 5466
f 5635 5636 5463
f 5463 5636 5637
f 5523 5638 5524
f 5524 5638 5605
f 5639 5640 5641
f 5641 5640 5595
f 5611 5513 5613
f 5613 5513 5642
f 5643 5586 5608
f 5608 5586 5501
f 5622 5625 5590
f 5590 5625 5591
f 5598 5514 5611
f 5611 5514 5513
f 5645 5646 5644
f 5644 5646 5647
f 5620 5619 5491
f 5491 5619 5648
f 5649 5643 5492
f 5492 5643 5608
f 5650 5651 5653
f 5653 5651 5652
f 5463 5466 5635
f 5635 5466 5634
f 5597 5612 5462
f 5462 5612 5459
f 5635 5634 5523
f 5523 5634 5638
f 5654 5638 5633
f 5633 5638 5634
f 5655 5656 5525
f 5525 5656 5526
f 5658 5659 5657
f 5657 5659 5527
f 5660 5464 5637
f 5637 5464 5463
f 5632 5466 5661
f 5661 5466 5465
f 5661 5662 5632
f 5632 5662 5658
f 5662 5663 5658
f 5658 5663 5659
f 5665 5659 5664
f 5664 5659 5663
f 5632 5658 5633
f 5633 5658 5657
f 5666 5629 5530
f 5530 5629 5667
f 5528 5527 5665
f 5665 5527 5659
f 5668 5669 5570
f 5570 5669 5568
f 5669 5668 5670
f 5670 5668 5671
f 5646 5672 5673
f 5672 5674 5673
f 5673 5674 5675
f 5674 5460 5675
f 5675 5460 5459
f 5461 5676 5462
f 5462 5676 5595
f 5677 5678 5680
f 5680 5678 5679
f 5628 5681 5629
f 5629 5681 5667
f 5682 5529 5667
f 5667 5529 5530
f 5675 5459 5683
f 5683 5459 5612
f 5585 5666 5502
f 5502 5666 5530
f 5589 5684 5602
f 5602 5684 5603
f 5646 5645 5663
f 5663 5645 5664
f 5685 5647 5673
f 5673 5647 5646
f 5686 5687 5683
f 5683 5687 5685
f 5688 5689 5533
f 5533 5689 5531
f 5690 5691 5535
f 5535 5691 5534
f 5692 5690 5574
f 5574 5690 5535
f 5685 5687 5689
f 5689 5687 5693
f 5489 5694 5490
f 5490 5694 5695
f 5690 5692 5696
f 5696 5692 5697
f 5696 5644 5690
f 5690 5644 5691
f 5447 5450 5558
f 5558 5450 5698
f 5699 5700 5642
f 5642 5700 5613
f 5701 5702 5540
f 5540 5702 5541
f 5431 5703 5432
f 5432 5703 5697
f 5385 5384 5574
f 5574 5384 5692
f 5389 5387 5573
f 5573 5387 5571
f 5565 5390 5573
f 5573 5390 5389
f 5390 5565 5704
f 5704 5565 5564
f 5566 5705 5564
f 5564 5705 5704
f 5569 5441 5609
f 5609 5441 5398
f 5568 5405 5569
f 5569 5405 5441
f 5670 5706 5669
f 5669 5706 5406
f 5703 5431 5670
f 5670 5431 5706
f 5432 5697 5384
f 5384 5697 5692
f 5574 5571 5385
f 5385 5571 5387
f 5607 5707 5489
f 5489 5707 5694
f 5518 5708 5519
f 5519 5708 5709
f 5711 5576 5710
f 5710 5576 5575
f 5713 5714 5712
f 5712 5714 5715
f 5553 5552 5478
f 5478 5552 5716
f 5717 5475 5716
f 5716 5475 5478
f 5718 5719 5605
f 5605 5719 5606
f 5505 5622 5584
f 5584 5622 5590
f 5508 5623 5505
f 5505 5623 5622
f 5626 5623 5580
f 5580 5623 5508
f 5580 5579 5626
f 5626 5579 5720
f 5579 5721 5720
f 5720 5721 5722
f 5666 5585 5723
f 5723 5585 5588
f 5724 5725 5639
f 5639 5725 5640
f 5554 5726 5555
f 5555 5726 5727
f 5453 5728 5729
f 5689 5688 5685
f 5685 5688 5647
f 5604 5730 5512
f 5512 5730 5509
f 5628 5631 5618
f 5618 5631 5592
f 5601 5604 5536
f 5536 5604 5512
f 5732 5676 5731
f 5731 5676 5660
f 5730 5604 5733
f 5733 5604 5603
f 5563 5487 5551
f 5551 5487 5550
f 5489 5492 5607
f 5607 5492 5608
f 5573 5572 5565
f 5565 5572 5561
f 5609 5522 5569
f 5569 5522 5521
f 5499 5734 5500
f 5500 5734 5735
f 5596 5736 5721
f 5721 5736 5722
f 5737 5600 5594
f 5594 5600 5520
f 5599 5730 5517
f 5517 5730 5733
f 5660 5738 5731
f 5731 5738 5739
f 5648 5649 5491
f 5491 5649 5492
f 5501 5586 5502
f 5502 5586 5585
f 5525 5546 5655
f 5655 5546 5740
f 5600 5599 5520
f 5520 5599 5517
f 5708 5739 5709
f 5709 5739 5738
f 5636 5635 5526
f 5526 5635 5523
f 5670 5671 5703
f 5703 5671 5741
f 5490 5695 5742
f 5742 5695 5743
f 5682 5678 5744
f 5744 5678 5677
f 5678 5681 5679
f 5679 5681 5621
f 5742 5743 5679
f 5679 5743 5680
f 5618 5621 5628
f 5628 5621 5681
f 5725 5724 5589
f 5589 5724 5684
f 5456 5458 5579
f 5579 5458 5721
f 5675 5683 5673
f 5673 5683 5685
f 5529 5682 5745
f 5745 5682 5744
f 5721 5458 5596
f 5596 5458 5597
f 5701 5540 5719
f 5719 5540 5606
f 5703 5741 5697
f 5697 5741 5696
f 5500 5735 5607
f 5607 5735 5707
f 5549 5746 5493
f 5493 5746 5497
f 5700 5747 5613
f 5613 5747 5538
f 5420 5421 5434
f 5434 5421 5400
f 5689 5693 5531
f 5531 5693 5532
f 5705 5566 5748
f 5748 5566 5567
f 5609 5398 5610
f 5610 5398 5397
f 5669 5406 5568
f 5568 5406 5405
f 5488 5583 5549
f 5549 5583 5746
f 5714 5713 5710
f 5710 5713 5711
f 5747 5468 5538
f 5538 5468 5467
f 5548 5547 5749
f 5749 5547 5750
f 5733 5603 5751
f 5751 5603 5684
f 5589 5602 5590
f 5590 5602 5584
f 5636 5752 5614
f 5614 5752 5615
f 5753 5754 5738
f 5738 5754 5755
f 5602 5601 5584
f 5584 5601 5536
f 5723 5736 5630
f 5630 5736 5640
f 5595 5640 5596
f 5596 5640 5736
f 5734 5499 5745
f 5745 5499 5529
f 5627 5587 5643
f 5643 5587 5586
f 5553 5559 5554
f 5554 5559 5480
f 5559 5561 5480
f 5480 5561 5572
f 5554 5480 5726
f 5726 5480 5479
f 5749 5750 5715
f 5715 5750 5712
f 5683 5612 5686
f 5686 5612 5457
f 5678 5682 5681
f 5681 5682 5667
f 5598 5509 5599
f 5599 5509 5730
f 5679 5621 5742
f 5742 5621 5620
f 5652 5616 5653
f 5653 5616 5615
f 5220 5426 5052
f 5052 5426 5437
f 5487 5488 5550
f 5550 5488 5549
f 5742 5620 5490
f 5490 5620 5491
f 5551 5610 5563
f 5563 5610 5567
f 5610 5397 5567
f 5567 5397 5748
f 5614 5617 5753
f 5753 5617 5754
f 5480 5572 5481
f 5755 5756 5738
f 5738 5756 5709
f 5745 5744 5758
f 5758 5744 5757
f 5745 5758 5734
f 5734 5758 5759
f 5735 5734 5760
f 5760 5734 5759
f 5707 5735 5761
f 5761 5735 5760
f 5744 5677 5757
f 5757 5677 5762
f 5677 5680 5762
f 5762 5680 5763
f 5763 5680 5764
f 5764 5680 5743
f 5765 5766 5762
f 5762 5766 5757
f 5768 5769 5767
f 5767 5769 5770
f 5771 5772 5770
f 5770 5772 5767
f 5770 5769 5774
f 5774 5769 5773
f 5775 5776 5774
f 5774 5776 5777
f 5773 5778 5774
f 5774 5778 5775
f 5779 5766 5773
f 5773 5766 5778
f 5777 5771 5774
f 5774 5771 5770
f 5780 5781 5783
f 5783 5781 5782
f 5781 5780 5771
f 5771 5780 5772
f 5773 5769 5779
f 5779 5769 5768
f 5768 5759 5779
f 5779 5759 5758
f 5768 5784 5759
f 5759 5784 5760
f 5767 5785 5768
f 5768 5785 5784
f 5785 5767 5786
f 5786 5767 5772
f 5766 5779 5757
f 5757 5779 5758
f 5780 5787 5772
f 5772 5787 5786
f 5785 5786 5788
f 5788 5786 5789
f 5786 5787 5789
f 5789 5787 5790
f 5788 5789 5791
f 5791 5789 5792
f 5791 5793 5788
f 5788 5793 5794
f 5795 5792 5790
f 5790 5792 5789
f 5785 5788 5784
f 5784 5788 5794
f 5784 5794 5760
f 5760 5794 5761
f 5787 5780 5796
f 5796 5780 5783
f 5775 5778 5797
f 5797 5778 5766
f 5797 5798 5775
f 5775 5798 5776
f 5766 5765 5797
f 5797 5765 5799
f 5798 5797 5800
f 5800 5797 5799
f 5798 5801 5776
f 5776 5801 5802
f 5707 5761 5694
f 5694 5761 5803
f 5695 5804 5743
f 5743 5804 5764
f 5804 5695 5803
f 5803 5695 5694
f 5803 5793 5804
f 5804 5793 5805
f 5793 5791 5805
f 5805 5791 5806
f 5804 5805 5764
f 5764 5805 5807
f 5803 5761 5793
f 5793 5761 5794
f 5808 5763 5807
f 5807 5763 5764
f 5808 5765 5763
f 5763 5765 5762
f 5809 5799 5808
f 5808 5799 5765
f 5809 5808 5810
f 5810 5808 5807
f 5811 5809 5812
f 5812 5809 5810
f 5805 5806 5807
f 5807 5806 5810
f 5806 5813 5810
f 5810 5813 5812
f 5799 5809 5800
f 5800 5809 5811
f 5815 5800 5814
f 5814 5800 5811
f 5814 5817 5816
f 5816 5817 5818
f 5814 5811 5817
f 5817 5811 5812
f 5814 5816 5815
f 5815 5816 5796
f 5815 5796 5801
f 5801 5796 5783
f 5801 5798 5815
f 5815 5798 5800
f 5791 5792 5806
f 5806 5792 5813
f 5818 5813 5795
f 5795 5813 5792
f 5818 5817 5813
f 5813 5817 5812
f 5816 5818 5790
f 5790 5818 5795
f 5790 5787 5816
f 5816 5787 5796
f 5771 5777 5781
f 5781 5777 5782
f 5782 5802 5783
f 5783 5802 5801
f 5782 5777 5802
f 5802 5777 5776
f 5588 5587 5722
f 5722 5587 5720
f 5591 5619 5592
f 5592 5619 5618
f 5625 5624 5648
f 5648 5624 5649
f 5624 5627 5649
f 5649 5627 5643
f 5631 5630 5725
f 5725 5630 5640
f 5625 5648 5591
f 5591 5648 5619
f 5588 5722 5723
f 5723 5722 5736
f 5631 5725 5592
f 5592 5725 5589
f 5723 5630 5666
f 5666 5630 5629
f 5587 5627 5720
f 5720 5627 5626
f 5820 5821 5819
f 5819 5821 5822
f 5824 5825 5823
f 5823 5825 5826
f 5823 5826 5827
f 5827 5826 5828
f 5829 5830 5832
f 5832 5830 5831
f 5518 5833 5708
f 5708 5833 5834
f 5835 5836 5824
f 5824 5836 5825
f 5838 5839 5837
f 5837 5839 5840
f 5751 5684 5842
f 5842 5684 5841
f 5843 5841 5724
f 5724 5841 5684
f 5845 5846 5844
f 5844 5846 5847
f 5848 5830 5836
f 5836 5830 5825
f 5518 5751 5833
f 5833 5751 5842
f 5839 5838 5821
f 5821 5838 5849
f 5850 5848 5822
f 5822 5848 5836
f 5851 5845 5828
f 5828 5845 5852
f 5854 5855 5853
f 5853 5855 5856
f 5845 5844 5852
f 5852 5844 5857
f 5858 5827 5852
f 5852 5827 5828
f 5851 5828 5829
f 5829 5828 5826
f 5819 5859 5820
f 5820 5859 5860
f 5835 5861 5819
f 5819 5861 5859
f 5851 5829 5862
f 5862 5829 5832
f 5844 5847 5837
f 5837 5847 5834
f 5819 5822 5835
f 5835 5822 5836
f 5823 5863 5824
f 5824 5863 5864
f 5849 5850 5821
f 5821 5850 5822
f 5825 5830 5826
f 5826 5830 5829
f 5820 5860 5865
f 5865 5860 5866
f 5858 5854 5867
f 5867 5854 5853
f 5854 5857 5855
f 5855 5857 5840
f 5855 5865 5856
f 5856 5865 5866
f 5837 5840 5844
f 5844 5840 5857
f 5827 5858 5868
f 5868 5858 5867
f 5824 5864 5835
f 5835 5864 5861
f 5732 5731 5862
f 5862 5731 5846
f 5863 5823 5868
f 5868 5823 5827
f 5843 5831 5848
f 5848 5831 5830
f 5854 5858 5857
f 5857 5858 5852
f 5855 5840 5865
f 5865 5840 5839
f 5865 5839 5820
f 5820 5839 5821
f 5868 5867 5870
f 5870 5867 5869
f 5868 5870 5863
f 5863 5870 5871
f 5863 5871 5864
f 5864 5871 5872
f 5864 5872 5861
f 5861 5872 5873
f 5867 5853 5869
f 5869 5853 5874
f 5853 5856 5874
f 5874 5856 5875
f 5856 5866 5875
f 5875 5866 5876
f 5877 5878 5874
f 5874 5878 5869
f 5880 5881 5879
f 5879 5881 5882
f 5883 5884 5880
f 5880 5884 5881
f 5881 5884 5886
f 5886 5884 5885
f 5887 5888 5886
f 5886 5888 5889
f 5885 5890 5886
f 5886 5890 5887
f 5889 5882 5886
f 5886 5882 5881
f 5882 5891 5879
f 5879 5891 5892
f 5885 5884 5893
f 5893 5884 5883
f 5883 5871 5893
f 5893 5871 5870
f 5883 5894 5871
f 5871 5894 5872
f 5880 5895 5883
f 5883 5895 5894
f 5896 5895 5879
f 5879 5895 5880
f 5893 5878 5885
f 5885 5878 5890
f 5878 5893 5869
f 5869 5893 5870
f 5897 5896 5892
f 5892 5896 5879
f 5895 5896 5898
f 5898 5896 5899
f 5896 5897 5899
f 5899 5897 5900
f 5898 5899 5901
f 5901 5899 5902
f 5901 5903 5898
f 5898 5903 5904
f 5900 5905 5899
f 5899 5905 5902
f 5898 5904 5895
f 5895 5904 5894
f 5894 5904 5872
f 5872 5904 5873
f 5897 5892 5907
f 5907 5892 5906
f 5892 5891 5906
f 5906 5891 5908
f 5887 5890 5909
f 5909 5890 5878
f 5888 5887 5910
f 5910 5887 5909
f 5878 5877 5909
f 5909 5877 5911
f 5909 5911 5910
f 5910 5911 5912
f 5913 5914 5910
f 5910 5914 5888
f 5908 5914 5906
f 5906 5914 5913
f 5861 5873 5859
f 5859 5873 5915
f 5860 5916 5866
f 5866 5916 5876
f 5916 5860 5915
f 5915 5860 5859
f 5915 5903 5916
f 5916 5903 5917
f 5903 5901 5917
f 5917 5901 5918
f 5916 5917 5876
f 5876 5917 5919
f 5903 5915 5904
f 5904 5915 5873
f 5920 5875 5919
f 5919 5875 5876
f 5920 5877 5875
f 5875 5877 5874
f 5920 5921 5877
f 5877 5921 5911
f 5921 5920 5922
f 5922 5920 5919
f 5923 5921 5924
f 5924 5921 5922
f 5917 5918 5919
f 5919 5918 5922
f 5918 5925 5922
f 5922 5925 5924
f 5921 5923 5911
f 5911 5923 5912
f 5927 5912 5926
f 5926 5912 5923
f 5926 5929 5928
f 5928 5929 5930
f 5926 5923 5929
f 5929 5923 5924
f 5926 5928 5927
f 5927 5928 5907
f 5927 5907 5913
f 5913 5907 5906
f 5913 5910 5927
f 5927 5910 5912
f 5901 5902 5918
f 5918 5902 5925
f 5930 5925 5905
f 5905 5925 5902
f 5930 5929 5925
f 5925 5929 5924
f 5928 5930 5900
f 5900 5930 5905
f 5900 5897 5928
f 5928 5897 5907
f 5882 5889 5891
f 5891 5889 5908
f 5908 5889 5914
f 5914 5889 5888
f 5832 5831 5641
f 5641 5831 5639
f 5833 5838 5834
f 5834 5838 5837
f 5842 5841 5849
f 5849 5841 5850
f 5841 5843 5850
f 5850 5843 5848
f 5847 5846 5739
f 5739 5846 5731
f 5842 5849 5833
f 5833 5849 5838
f 5862 5832 5732
f 5732 5832 5641
f 5847 5739 5834
f 5834 5739 5708
f 5862 5846 5851
f 5851 5846 5845
f 5831 5843 5639
f 5639 5843 5724
f 5676 5732 5595
f 5595 5732 5641
f 5676 5461 5660
f 5660 5461 5464
f 5461 5460 5464
f 5464 5460 5465
f 5460 5674 5465
f 5465 5674 5661
f 5931 5932 5934
f 5934 5932 5933
f 5936 5937 5935
f 5935 5937 5938
f 5935 5938 5939
f 5939 5938 5940
f 5942 5943 5941
f 5941 5943 5944
f 5945 5946 5936
f 5936 5946 5937
f 5948 5949 5947
f 5947 5949 5950
f 5951 5952 5519
f 5519 5952 5593
f 5953 5951 5709
f 5709 5951 5519
f 5955 5956 5954
f 5954 5956 5957
f 5958 5942 5946
f 5946 5942 5937
f 5948 5959 5949
f 5949 5959 5933
f 5960 5958 5934
f 5934 5958 5946
f 5961 5955 5940
f 5940 5955 5962
f 5963 5964 5966
f 5966 5964 5965
f 5955 5954 5962
f 5962 5954 5967
f 5968 5939 5962
f 5962 5939 5940
f 5961 5940 5941
f 5941 5940 5938
f 5931 5969 5932
f 5932 5969 5970
f 5945 5971 5931
f 5931 5971 5969
f 5941 5944 5961
f 5961 5944 5972
f 5954 5957 5947
f 5947 5957 5973
f 5945 5931 5946
f 5946 5931 5934
f 5935 5974 5936
f 5936 5974 5975
f 5959 5960 5933
f 5933 5960 5934
f 5937 5942 5938
f 5938 5942 5941
f 5932 5970 5976
f 5976 5970 5977
f 5968 5964 5978
f 5978 5964 5963
f 5965 5964 5950
f 5950 5964 5967
f 5976 5977 5965
f 5965 5977 5966
f 5947 5950 5954
f 5954 5950 5967
f 5939 5968 5979
f 5979 5968 5978
f 5936 5975 5945
f 5945 5975 5971
f 5972 5754 5956
f 5956 5754 5617
f 5974 5935 5979
f 5979 5935 5939
f 5953 5943 5958
f 5958 5943 5942
f 5964 5968 5967
f 5967 5968 5962
f 5965 5950 5976
f 5976 5950 5949
f 5976 5949 5932
f 5932 5949 5933
f 5979 5978 5981
f 5981 5978 5980
f 5979 5981 5974
f 5974 5981 5982
f 5974 5982 5975
f 5975 5982 5983
f 5975 5983 5971
f 5971 5983 5984
f 5978 5963 5980
f 5980 5963 5985
f 5963 5966 5985
f 5985 5966 5986
f 5986 5966 5987
f 5987 5966 5977
f 5988 5989 5985
f 5985 5989 5980
f 5991 5992 5990
f 5990 5992 5993
f 5994 5995 5991
f 5991 5995 5992
f 5992 5995 5997
f 5997 5995 5996
f 5998 5999 5997
f 5997 5999 6000
f 5996 6001 5997
f 5997 6001 5998
f 6000 5993 5997
f 5997 5993 5992
f 6002 6003 5993
f 5993 6003 5990
f 5995 5994 5996
f 5996 5994 6004
f 5994 5982 6004
f 6004 5982 5981
f 5994 6005 5982
f 5982 6005 5983
f 5991 6006 5994
f 5994 6006 6005
f 6006 5991 6007
f 6007 5991 5990
f 5996 6004 6001
f 6001 6004 5989
f 5989 6004 5980
f 5980 6004 5981
f 6003 6008 5990
f 5990 6008 6007
f 6009 6006 6010
f 6010 6006 6007
f 6008 6011 6007
f 6007 6011 6010
f 6012 6009 6013
f 6013 6009 6010
f 6009 6012 6015
f 6015 6012 6014
f 6011 6016 6010
f 6010 6016 6013
f 6006 6009 6005
f 6005 6009 6015
f 6005 6015 5983
f 5983 6015 5984
f 6008 6003 6018
f 6018 6003 6017
f 6003 6002 6017
f 6017 6002 6019
f 5998 6001 6020
f 6020 6001 5989
f 5999 5998 6021
f 6021 5998 6020
f 5989 5988 6020
f 6020 5988 6022
f 6021 6020 6023
f 6023 6020 6022
f 6021 6024 5999
f 5999 6024 6025
f 6019 6025 6017
f 6017 6025 6024
f 5971 5984 5969
f 5969 5984 6026
f 5970 6027 5977
f 5977 6027 5987
f 6027 5970 6026
f 6026 5970 5969
f 6026 6014 6027
f 6027 6014 6028
f 6014 6012 6028
f 6028 6012 6029
f 6027 6028 5987
f 5987 6028 6030
f 6026 5984 6014
f 6014 5984 6015
f 6031 5986 6030
f 6030 5986 5987
f 6031 5988 5986
f 5986 5988 5985
f 6032 6022 6031
f 6031 6022 5988
f 6032 6031 6033
f 6033 6031 6030
f 6034 6032 6035
f 6035 6032 6033
f 6028 6029 6030
f 6030 6029 6033
f 6029 6036 6033
f 6033 6036 6035
f 6032 6034 6022
f 6022 6034 6023
f 6038 6023 6037
f 6037 6023 6034
f 6037 6040 6039
f 6039 6040 6041
f 6037 6034 6040
f 6040 6034 6035
f 6037 6039 6038
f 6038 6039 6018
f 6038 6018 6024
f 6024 6018 6017
f 6024 6021 6038
f 6038 6021 6023
f 6012 6013 6029
f 6029 6013 6036
f 6041 6036 6016
f 6016 6036 6013
f 6041 6040 6036
f 6036 6040 6035
f 6041 6016 6039
f 6039 6016 6011
f 6011 6008 6039
f 6039 6008 6018
f 5993 6000 6002
f 6002 6000 6019
f 6019 6000 6025
f 6025 6000 5999
f 5943 5756 5944
f 5944 5756 5755
f 6042 5948 5973
f 5973 5948 5947
f 5952 5951 5959
f 5959 5951 5960
f 5951 5953 5960
f 5960 5953 5958
f 5616 5957 5617
f 5617 5957 5956
f 6042 5952 5948
f 5948 5952 5959
f 5944 5755 5972
f 5972 5755 5754
f 5957 5616 5973
f 5973 5616 5652
f 5956 5955 5972
f 5972 5955 5961
f 5943 5953 5756
f 5756 5953 5709
f 6044 6045 6043
f 6043 6045 6046
f 6048 6049 6047
f 6047 6049 6050
f 6047 6050 6051
f 6051 6050 6052
f 6054 6055 6053
f 6053 6055 6056
f 6057 6058 6060
f 6060 6058 6059
f 6061 6062 6048
f 6048 6062 6049
f 6063 6064 6066
f 6066 6064 6065
f 6067 6068 6070
f 6070 6068 6069
f 6071 6069 5653
f 5653 6069 6068
f 6072 6073 6075
f 6075 6073 6074
f 6062 6076 6049
f 6049 6076 6054
f 6058 6067 6059
f 6059 6067 6070
f 6064 6077 6065
f 6065 6077 6045
f 6078 6076 6046
f 6046 6076 6062
f 6073 6080 6079
f 6079 6080 6052
f 6082 6083 6081
f 6081 6083 6084
f 6072 6085 6073
f 6073 6085 6080
f 6086 6051 6080
f 6080 6051 6052
f 6079 6052 6053
f 6053 6052 6050
f 6043 6087 6044
f 6044 6087 6088
f 6061 6089 6043
f 6043 6089 6087
f 6053 6056 6079
f 6079 6056 6090
f 6063 6072 6060
f 6060 6072 6075
f 6043 6046 6061
f 6061 6046 6062
f 6047 6091 6048
f 6048 6091 6092
f 6077 6078 6045
f 6045 6078 6046
f 6049 6054 6050
f 6050 6054 6053
f 6044 6088 6093
f 6093 6088 6094
f 6086 6082 6095
f 6095 6082 6081
f 6083 6082 6066
f 6066 6082 6085
f 6093 6094 6083
f 6083 6094 6084
f 6072 6063 6085
f 6085 6063 6066
f 6051 6086 6096
f 6096 6086 6095
f 6048 6092 6061
f 6061 6092 6089
f 5656 5655 6090
f 6090 5655 6074
f 6091 6047 6096
f 6096 6047 6051
f 6071 6055 6076
f 6076 6055 6054
f 6082 6086 6085
f 6085 6086 6080
f 6093 6083 6065
f 6065 6083 6066
f 6044 6093 6045
f 6045 6093 6065
f 6096 6095 6098
f 6098 6095 6097
f 6096 6098 6091
f 6091 6098 6099
f 6091 6099 6092
f 6092 6099 6100
f 6092 6100 6089
f 6089 6100 6101
f 6095 6081 6097
f 6097 6081 6102
f 6081 6084 6102
f 6102 6084 6103
f 6103 6084 6104
f 6104 6084 6094
f 6106 6097 6105
f 6105 6097 6102
f 6107 6108 6110
f 6110 6108 6109
f 6111 6112 6108
f 6108 6112 6109
f 6109 6112 6114
f 6114 6112 6113
f 6114 6115 6117
f 6117 6115 6116
f 6113 6118 6114
f 6114 6118 6115
f 6117 6110 6114
f 6114 6110 6109
f 6110 6119 6107
f 6107 6119 6120
f 6112 6111 6113
f 6113 6111 6121
f 6111 6099 6121
f 6121 6099 6098
f 6111 6122 6099
f 6099 6122 6100
f 6123 6122 6108
f 6108 6122 6111
f 6124 6123 6107
f 6107 6123 6108
f 6113 6121 6118
f 6118 6121 6106
f 6106 6121 6097
f 6097 6121 6098
f 6125 6124 6120
f 6120 6124 6107
f 6126 6123 6127
f 6127 6123 6124
f 6125 6128 6124
f 6124 6128 6127
f 6129 6126 6130
f 6130 6126 6127
f 6126 6129 6132
f 6132 6129 6131
f 6128 6133 6127
f 6127 6133 6130
f 6123 6126 6122
f 6122 6126 6132
f 6122 6132 6100
f 6100 6132 6101
f 6120 6134 6125
f 6125 6134 6135
f 6120 6119 6134
f 6134 6119 6136
f 6115 6118 6137
f 6137 6118 6106
f 6115 6137 6116
f 6116 6137 6138
f 6137 6106 6139
f 6139 6106 6105
f 6138 6137 6140
f 6140 6137 6139
f 6141 6142 6138
f 6138 6142 6116
f 6136 6142 6134
f 6134 6142 6141
f 6089 6101 6087
f 6087 6101 6143
f 6088 6144 6094
f 6094 6144 6104
f 6143 6144 6087
f 6087 6144 6088
f 6131 6145 6143
f 6143 6145 6144
f 6129 6146 6131
f 6131 6146 6145
f 6144 6145 6104
f 6104 6145 6147
f 6143 6101 6131
f 6131 6101 6132
f 6148 6103 6147
f 6147 6103 6104
f 6103 6148 6102
f 6102 6148 6105
f 6148 6149 6105
f 6105 6149 6139
f 6149 6148 6150
f 6150 6148 6147
f 6151 6149 6152
f 6152 6149 6150
f 6145 6146 6147
f 6147 6146 6150
f 6146 6153 6150
f 6150 6153 6152
f 6149 6151 6139
f 6139 6151 6140
f 6155 6140 6154
f 6154 6140 6151
f 6154 6157 6156
f 6156 6157 6158
f 6154 6151 6157
f 6157 6151 6152
f 6154 6156 6155
f 6155 6156 6135
f 6155 6135 6141
f 6141 6135 6134
f 6141 6138 6155
f 6155 6138 6140
f 6146 6129 6153
f 6153 6129 6130
f 6158 6153 6133
f 6133 6153 6130
f 6158 6157 6153
f 6153 6157 6152
f 6156 6158 6128
f 6128 6158 6133
f 6128 6125 6156
f 6156 6125 6135
f 6110 6117 6119
f 6119 6117 6136
f 6136 6117 6142
f 6142 6117 6116
f 6055 5615 6056
f 6056 5615 5752
f 6060 6059 6063
f 6063 6059 6064
f 6077 6070 6078
f 6078 6070 6069
f 6069 6071 6078
f 6078 6071 6076
f 6159 6057 6075
f 6075 6057 6060
f 6059 6070 6064
f 6064 6070 6077
f 6056 5752 6090
f 6090 5752 5656
f 6090 6074 6079
f 6079 6074 6073
f 6055 6071 5615
f 5615 6071 5653
f 5547 5471 6160
f 6160 5471 6161
f 5729 5577 6163
f 6163 5577 6162
f 5577 5576 6162
f 6162 5576 6164
f 5713 6165 5711
f 5711 6165 6166
f 5474 5729 6167
f 6167 5729 6163
f 5750 5547 6168
f 6168 5547 6160
f 5471 5474 6161
f 6161 5474 6167
f 6169 5712 6168
f 6168 5712 5750
f 5711 6166 5576
f 5576 6166 6164
f 6165 5713 6169
f 6169 5713 5712
f 6168 6170 6169
f 6169 6170 6171
f 6169 6171 6165
f 6165 6171 6172
f 6165 6172 6166
f 6166 6172 6173
f 6166 6173 6164
f 6164 6173 6174
f 6168 6160 6170
f 6170 6160 6175
f 6160 6161 6175
f 6175 6161 6176
f 6161 6167 6176
f 6176 6167 6177
f 6179 6170 6178
f 6178 6170 6175
f 6181 6182 6180
f 6180 6182 6183
f 6184 6185 6181
f 6181 6185 6182
f 6186 6187 6185
f 6185 6187 6182
f 6186 6188 6187
f 6187 6188 6189
f 6190 6183 6187
f 6187 6183 6182
f 6183 6190 6191
f 6191 6190 6192
f 6191 6193 6183
f 6183 6193 6180
f 6186 6185 6194
f 6194 6185 6184
f 6184 6172 6194
f 6194 6172 6171
f 6184 6195 6172
f 6172 6195 6173
f 6181 6196 6184
f 6184 6196 6195
f 6196 6181 6197
f 6197 6181 6180
f 6186 6194 6188
f 6188 6194 6179
f 6179 6194 6170
f 6170 6194 6171
f 6193 6198 6180
f 6180 6198 6197
f 6199 6196 6200
f 6200 6196 6197
f 6198 6201 6197
f 6197 6201 6200
f 6202 6199 6203
f 6203 6199 6200
f 6199 6202 6205
f 6205 6202 6204
f 6201 6206 6200
f 6200 6206 6203
f 6196 6199 6195
f 6195 6199 6205
f 6195 6205 6173
f 6173 6205 6174
f 6198 6193 6208
f 6208 6193 6207
f 6193 6191 6207
f 6207 6191 6192
f 6189 6188 6209
f 6209 6188 6179
f 6210 6189 6211
f 6211 6189 6209
f 6209 6179 6212
f 6212 6179 6178
f 6211 6209 6213
f 6213 6209 6212
f 6211 6214 6210
f 6210 6214 6215
f 6192 6215 6207
f 6207 6215 6214
f 6190 6187 6210
f 6210 6187 6189
f 6192 6190 6215
f 6215 6190 6210
f 6162 6164 6216
f 6216 6164 6174
f 6167 6163 6177
f 6177 6163 6217
f 6216 6217 6162
f 6162 6217 6163
f 6204 6218 6216
f 6216 6218 6217
f 6202 6219 6204
f 6204 6219 6218
f 6217 6218 6177
f 6177 6218 6220
f 6216 6174 6204
f 6204 6174 6205
f 6221 6176 6220
f 6220 6176 6177
f 6176 6221 6175
f 6175 6221 6178
f 6221 6222 6178
f 6178 6222 6212
f 6222 6221 6223
f 6223 6221 6220
f 6224 6222 6225
f 6225 6222 6223
f 6218 6219 6220
f 6220 6219 6223
f 6219 6226 6223
f 6223 6226 6225
f 6222 6224 6212
f 6212 6224 6213
f 6228 6213 6227
f 6227 6213 6224
f 6229 6227 6231
f 6231 6227 6230
f 6227 6224 6230
f 6230 6224 6225
f 6227 6229 6228
f 6228 6229 6208
f 6228 6208 6214
f 6214 6208 6207
f 6214 6211 6228
f 6228 6211 6213
f 6219 6202 6226
f 6226 6202 6203
f 6231 6226 6206
f 6206 6226 6203
f 6231 6230 6226
f 6226 6230 6225
f 6229 6231 6201
f 6201 6231 6206
f 6201 6198 6229
f 6229 6198 6208
f 5674 5672 5661
f 5661 5672 5662
f 5662 5672 5663
f 5663 5672 5646
f 5651 6042 5652
f 5652 6042 5973
f 5518 5517 5751
f 5751 5517 5733
f 5738 5660 5753
f 5753 5660 5637
f 5752 5636 5656
f 5656 5636 5526
f 5952 6042 5593
f 5593 6042 5651
f 5593 5651 5594
f 5594 5651 5650
f 5600 5737 5514
f 5514 5737 5515
f 5546 5545 5740
f 5740 5545 6232
f 6232 6058 5740
f 5740 6058 6057
f 6067 6058 6233
f 6233 6058 6232
f 6233 6232 6234
f 6234 6232 5545
f 6234 5545 6235
f 6235 5545 5544
f 5606 6236 5543
f 5543 6236 5544
f 6235 5544 5539
f 5539 5544 6236
f 6237 6235 5542
f 5542 6235 5539
f 6235 6237 6234
f 6234 6237 6238
f 6234 6238 6233
f 6233 6238 6239
f 5653 6068 5650
f 5650 6068 6239
f 5642 5513 6240
f 6240 5513 5516
f 5539 6236 5540
f 5540 6236 5606
f 5636 5614 5637
f 5637 5614 5753
f 6239 5737 5650
f 5650 5737 5594
f 6239 6068 6233
f 6233 6068 6067
f 6075 6074 6159
f 6159 6074 5655
f 6057 6159 5740
f 5740 6159 5655
f 5515 5737 6238
f 6238 5737 6239
f 6238 6237 5515
f 5515 6237 5516
f 5542 6240 6237
f 6237 6240 5516
f 6240 5542 5642
f 5642 5542 5541
f 5702 5699 5541
f 5541 5699 5642
f 5582 5475 5717
f 5470 5443 5537
f 5537 5443 5504
f 5469 5444 5470
f 5470 5444 5443
f 5726 5557 5727
f 5727 5557 5556
f 5537 5504 5511
f 5511 5504 5506
f 5504 5503 5506
f 5506 5503 5507
f 5503 5455 5507
f 5507 5455 5581
f 5455 5454 5581
f 5581 5454 5456
f 5473 5453 5474
f 5474 5453 5729
f 5457 5454 5473
f 5473 5454 5453
f 5473 5472 5457
f 5457 5472 5686
f 5472 5548 5686
f 5686 5548 5687
f 5749 5693 5548
f 5548 5693 5687
f 5715 5532 5749
f 5749 5532 5693
f 5714 5486 5715
f 5715 5486 5532
f 5714 5710 5486
f 5486 5710 5449
f 5728 5578 5729
f 5729 5578 5577
f 5452 5445 5698
f 5698 5445 5558
f 5445 5444 5558
f 5558 5444 5556
f 5444 5469 5556
f 5556 5469 5727
f 5469 5468 5727
f 5727 5468 5555
f 5468 5747 5555
f 5555 5747 5552
f 5747 5700 5552
f 5552 5700 5716
f 5700 5699 5716
f 5716 5699 5717
f 5699 5702 5717
f 5717 5702 5582
f 5702 5701 5582
f 5582 5701 5583
f 5726 5479 5557
f 5557 5479 5483
f 5483 5479 5484
f 5484 5479 5482
f 5534 5533 5482
f 5482 5533 5484
f 5691 5688 5534
f 5534 5688 5533
f 5644 5647 5691
f 5691 5647 5688
f 5719 5746 5701
f 5701 5746 5583
f 5718 5497 5719
f 5719 5497 5746
f 5718 5605 5654
f 5654 5605 5638
f 5498 5654 5657
f 5657 5654 5633
f 5497 5718 5498
f 5498 5718 5654
f 5657 5527 5498
f 5498 5527 5494
f 5528 5570 5495
f 5495 5570 5521
f 5665 5668 5528
f 5528 5668 5570
f 5664 5671 5665
f 5665 5671 5668
f 5645 5741 5664
f 5664 5741 5671
f 5644 5696 5645
f 5645 5696 5741
f 5710 5575 5449
f 5449 5575 5450
f 5575 5578 5450
f 5450 5578 5698
f 5578 5728 5698
f 5698 5728 5452
f 5452 5728 5451
f 5451 5728 5453
f 3619 6241 3620
f 3620 6241 6242
f 6243 6244 3628
f 3628 6244 3629
f 6245 6246 3634
f 3634 6246 3631
f 6247 6248 3636
f 3636 6248 3637
f 6249 6250 3642
f 3642 6250 3639
f 3639 6250 3643
f 3643 6250 6251
f 3743 6252 3744
f 3744 6252 6253
f 6246 6243 3631
f 3631 6243 3628
f 3753 6254 3754
f 3754 6254 6255
f 3857 6256 3619
f 3619 6256 6241
f 6257 6245 3932
f 3932 6245 3634
f 6242 6247 3620
f 3620 6247 3636
f 6258 6259 3946
f 3946 6259 3947
f 6260 6249 3948
f 3948 6249 3642
f 6244 6258 3629
f 3629 6258 3946
f 3947 6259 3753
f 3753 6259 6254
f 6248 6260 3637
f 3637 6260 3948
f 3643 6251 3743
f 3743 6251 6252
f 3744 6253 3932
f 3932 6253 6257
f 6250 6249 6251
f 6251 6249 6252
f 6245 6261 6246
f 6246 6261 6262
f 6263 6264 6247
f 6247 6264 6248
f 6252 6265 6253
f 6253 6265 6266
f 6246 6262 6243
f 6243 6262 6267
f 6268 6261 6257
f 6257 6261 6245
f 6269 6263 6242
f 6242 6263 6247
f 6270 6271 6260
f 6260 6271 6249
f 6264 6270 6248
f 6248 6270 6260
f 6253 6266 6257
f 6257 6266 6268
f 6249 6271 6252
f 6252 6271 6265
f 6254 6259 6272
f 6272 6259 6273
f 6266 6265 6270
f 6270 6265 6271
f 6268 6266 6264
f 6264 6266 6270
f 6261 6268 6263
f 6263 6268 6264
f 6269 6262 6263
f 6263 6262 6261
f 4186 4185 6274
f 6274 4185 6275
f 6241 6276 6242
f 6242 6276 6269
f 6258 6244 6277
f 6277 6244 6278
f 6256 6279 6241
f 6241 6279 6276
f 6259 6258 6273
f 6273 6258 6277
f 6243 6267 6244
f 6244 6267 6278
f 6276 6267 6269
f 6269 6267 6262
f 6254 6272 6255
f 6255 6272 6280
f 3865 3713 3888
f 3888 3713 3685
f 5242 5233 3892
f 3892 5233 3711
f 3900 5243 3892
f 3892 5243 5242
f 3734 3866 3900
f 3900 3866 5243
f 4117 6281 4118
f 4118 6281 6282
f 4118 6282 4278
f 4278 6282 4879
f 4717 4887 4718
f 4718 4887 4280
f 4792 4278 4882
f 4882 4278 4879
f 4795 4792 6283
f 6283 4792 4882
f 4852 4851 5012
f 5012 4851 6284
f 4856 5207 4857
f 4857 5207 4858
f 4860 4279 4857
f 4857 4279 4854
f 4718 4280 4860
f 4860 4280 4279
f 4864 4863 4745
f 4745 4863 4742
f 5366 4867 5011
f 5011 4867 4866
f 4871 4884 4872
f 4872 4884 4883
f 4872 4883 4117
f 4117 4883 6281
f 6284 4851 6283
f 6283 4851 4795
f 4852 4866 4853
f 4853 4866 4865
f 4871 4870 4856
f 4856 4870 5207
f 4717 4716 4864
f 4864 4716 4861
f 4868 4867 4862
f 4862 4867 4863
f 4268 4855 4269
f 4269 4855 4854
f 4281 4274 4282
f 4282 4274 4765
f 4744 4743 4907
f 4907 4743 4904
f 4874 4881 4820
f 4820 4881 4880
f 4885 5013 4886
f 4886 5013 4980
f 4888 4275 4281
f 4281 4275 4274
f 4902 6282 4903
f 4903 6282 6281
f 6283 4979 6284
f 6284 4979 4978
f 4282 4765 4269
f 4269 4765 4266
f 4880 4879 4902
f 4902 4879 6282
f 4903 6281 4886
f 4886 6281 4883
f 4882 4881 6283
f 6283 4881 4979
f 5013 4885 4267
f 4267 4885 4268
f 4888 4887 4744
f 4744 4887 4745
f 4410 6285 4411
f 4411 6285 4812
f 4750 4749 6286
f 6286 4749 6287
f 6289 4695 6288
f 6288 4695 4255
f 4750 4675 4751
f 4751 4675 4965
f 6290 6291 4963
f 4963 6291 4960
f 4807 4806 4411
f 4411 4806 4408
f 6292 6293 4959
f 4959 6293 4956
f 4958 6294 4959
f 4959 6294 4955
f 4962 4964 4963
f 4963 4964 4805
f 4962 4961 4751
f 4751 4961 4748
f 6296 6297 6295
f 6295 6297 6298
f 6299 6300 6288
f 6288 6300 4735
f 6302 4961 6301
f 6301 4961 4960
f 6304 6287 6303
f 6303 6287 4749
f 4968 6305 4969
f 4969 6305 6306
f 4413 6308 6307
f 6307 6308 4900
f 6301 4960 6309
f 6309 4960 6291
f 4412 4408 6310
f 6310 4408 4806
f 4696 6311 4256
f 4256 6311 6312
f 6303 4749 6313
f 6313 4749 4748
f 6313 4748 6302
f 6302 4748 4961
f 6315 6316 6314
f 6314 6316 6317
f 4084 6318 6315
f 6315 6318 6316
f 4083 6319 4084
f 4084 6319 6318
f 4112 6320 4083
f 4083 6320 6319
f 6322 4138 6321
f 6321 4138 4137
f 6324 4128 6323
f 6323 4128 4127
f 4127 4193 6323
f 6323 4193 6325
f 4193 4891 6325
f 6325 4891 6326
f 4891 6327 6326
f 6326 6327 6328
f 6327 4824 5227
f 5227 4824 5228
f 5231 4684 6329
f 6329 4684 4683
f 4683 4099 6329
f 6329 4099 6330
f 4099 4102 6330
f 6330 4102 6331
f 4174 4826 4429
f 4429 4826 4829
f 4173 4741 4174
f 4174 4741 4826
f 4180 4738 4173
f 4173 4738 4741
f 6332 6333 4180
f 4180 6333 4738
f 6274 6334 4186
f 4186 6334 4188
f 4181 4825 4180
f 4180 4825 6332
f 5044 5213 5045
f 5045 5213 5165
f 5046 5087 5047
f 5047 5087 5222
f 5077 5063 5078
f 5078 5063 5198
f 5081 5099 5082
f 5082 5099 5194
f 5095 5074 5096
f 5096 5074 5073
f 5373 5170 5096
f 5096 5170 5093
f 5375 5171 5373
f 5373 5171 5170
f 5047 5222 5375
f 5375 5222 5171
f 5046 5038 5376
f 5376 5038 5067
f 5377 5086 5376
f 5376 5086 5085
f 5045 5165 5377
f 5377 5165 5086
f 5378 5214 5044
f 5044 5214 5213
f 5077 5034 5378
f 5378 5034 5214
f 5082 5194 5078
f 5078 5194 5035
f 5081 5080 5379
f 5379 5080 6335
f 5379 6335 5095
f 5095 6335 5074
f 5032 5080 5033
f 5033 5080 5079
f 5040 5017 5041
f 5041 5017 5016
f 5050 5043 5051
f 5051 5043 5042
f 5065 5023 5066
f 5066 5023 5022
f 5050 5049 5065
f 5065 5049 5023
f 5041 5016 5068
f 5068 5016 5020
f 5071 5374 5072
f 5072 5374 5200
f 5075 5156 5076
f 5076 5156 5155
f 5162 5212 5068
f 5068 5212 5067
f 5075 5074 5192
f 5192 5074 6335
f 5066 5022 5199
f 5199 5022 5196
f 5076 5155 5072
f 5072 5155 5069
f 5040 5039 5071
f 5071 5039 5374
f 5162 5161 5051
f 5051 5161 5048
f 5192 6335 5032
f 5032 6335 5080
f 5199 5196 5033
f 5033 5196 5030
f 5018 5211 5019
f 5019 5211 5408
f 5019 5408 5021
f 5021 5408 5163
f 5024 5057 5025
f 5025 5057 5415
f 5028 5048 5029
f 5029 5048 5161
f 5054 5031 5055
f 5055 5031 5030
f 5024 5023 5058
f 5058 5023 5049
f 5061 5070 5062
f 5062 5070 5069
f 5157 5438 5158
f 5158 5438 5442
f 5160 5191 5054
f 5054 5191 5031
f 5029 5161 5021
f 5021 5161 5020
f 5025 5415 5197
f 5197 5415 5220
f 5158 5442 5062
f 5062 5442 5059
f 5018 5017 5061
f 5061 5017 5070
f 5160 5159 5157
f 5157 5159 5438
f 5028 5027 5058
f 5058 5027 5056
f 5055 5030 5197
f 5197 5030 5196
f 5409 5380 5410
f 5410 5380 6336
f 5026 5413 5027
f 5027 5413 5412
f 5396 5417 5393
f 5393 5417 5416
f 5416 5057 5419
f 5419 5057 5056
f 5417 5396 5426
f 5426 5396 5420
f 5427 5423 5428
f 5428 5423 5422
f 5427 5059 5430
f 5430 5059 5442
f 5409 5408 5433
f 5433 5408 5211
f 5433 5211 5428
f 5428 5211 5060
f 5412 5411 5419
f 5419 5411 5418
f 5436 5053 5437
f 5437 5053 5052
f 5439 5402 5440
f 5440 5402 5401
f 5436 5435 5439
f 5439 5435 5402
f 5410 6336 5413
f 5413 6336 5414
f 5440 5401 5430
f 5430 5401 5429
f 5426 5420 5437
f 5437 5420 5434
f 5382 5432 5383
f 5383 5432 5384
f 5386 6336 5383
f 5383 6336 5380
f 6336 5386 5414
f 5414 5386 5388
f 5391 5418 5392
f 5392 5418 5411
f 5705 5395 5704
f 5704 5395 5394
f 5399 5435 5400
f 5400 5435 5434
f 5403 5441 5404
f 5404 5441 5405
f 5407 5429 5404
f 5404 5429 5401
f 5395 5705 5421
f 5421 5705 5748
f 5424 5706 5425
f 5425 5706 5431
f 5391 5390 5394
f 5394 5390 5704
f 5392 5388 5389
f 5389 5388 5387
f 5382 5381 5425
f 5425 5381 5422
f 5407 5406 5424
f 5424 5406 5706
f 5403 5402 5399
f 5399 5402 5435
f 5421 5748 5400
f 5400 5748 5397
f 4097 4721 4098
f 4098 4721 4231
f 4233 5273 4098
f 4098 5273 4095
f 6337 6338 4785
f 4785 6338 4786
f 4076 4780 4073
f 4073 4780 4781
f 4782 4190 4781
f 4781 4190 4073
f 4783 4901 4782
f 4782 4901 4190
f 4780 4076 4097
f 4097 4076 4721
f 6337 2879 4701
f 4701 2879 2878
f 5280 6339 5272
f 5272 6339 6340
f 5282 5281 6341
f 6341 5281 6342
f 4109 6302 4110
f 4110 6302 6301
f 4283 6304 4284
f 4284 6304 6303
f 6305 4379 6306
f 6306 4379 4378
f 4110 6301 4428
f 4428 6301 6309
f 6310 4688 4412
f 4412 4688 4687
f 4284 6303 4753
f 4753 6303 6313
f 4753 6313 4109
f 4109 6313 6302
f 6343 5226 4428
f 4428 5226 4427
f 4147 4900 4416
f 4416 4900 6308
f 6312 6311 4241
f 4241 6311 4720
f 5223 6344 4702
f 4702 6344 4699
f 4221 4220 6345
f 6345 4220 6346
f 5276 5275 6347
f 6347 5275 6348
f 5275 4728 6348
f 6348 4728 6349
f 4727 6350 5284
f 5284 6350 5285
f 6351 6352 6354
f 6354 6352 6353
f 5313 5312 5292
f 5292 5312 5293
f 5312 5344 5293
f 5293 5344 5337
f 5344 4914 5337
f 5337 4914 4916
f 4914 4913 4916
f 4916 4913 4917
f 4913 6355 4917
f 4917 6355 4978
f 6356 6357 6284
f 6284 6357 5012
f 6357 6358 5012
f 5012 6358 5011
f 5011 6358 5366
f 5366 6358 6359
f 6360 4742 6359
f 6359 4742 5366
f 4743 6361 4904
f 4904 6361 5364
f 5363 4905 5364
f 5364 4905 4904
f 5363 6362 4905
f 4905 6362 4207
f 6362 6363 4207
f 4207 6363 4208
f 6363 5342 4208
f 4208 5342 5330
f 5342 5341 5330
f 5330 5341 4244
f 5341 6364 4244
f 4244 6364 4245
f 6364 6365 4245
f 4245 6365 4246
f 6366 6367 4253
f 4253 6367 4250
f 4214 6368 4211
f 4211 6368 4380
f 4380 4379 4211
f 4211 4379 4283
f 4379 6305 4283
f 4283 6305 6304
f 6305 4968 6304
f 6304 4968 6287
f 4968 4967 6287
f 6287 4967 6286
f 4967 6297 6286
f 6286 6297 4676
f 6296 4376 4288
f 4288 4376 4285
f 4376 4373 4285
f 4285 4373 4290
f 6369 6370 6372
f 6372 6370 6371
f 5245 6373 5246
f 5246 6373 6374
f 4317 6375 4318
f 4318 6375 6376
f 4331 6377 4332
f 4332 6377 6378
f 6379 4333 6376
f 6376 4333 4318
f 4343 6380 4344
f 4344 6380 6381
f 4347 6382 4348
f 4348 6382 6383
f 4374 6371 4331
f 4331 6371 6377
f 4333 6379 4426
f 4426 6379 6384
f 4690 6385 4347
f 4347 6385 6382
f 4332 6378 4317
f 4317 6378 6375
f 4922 6386 4923
f 4923 6386 6387
f 6388 6389 4375
f 4375 6389 6390
f 6355 6356 4978
f 4978 6356 6284
f 4742 6360 4743
f 4743 6360 6361
f 6391 4238 6392
f 6392 4238 4719
f 6392 4719 6393
f 6393 4719 5296
f 6395 6396 6394
f 6394 6396 6397
f 6399 6400 6398
f 6398 6400 6401
f 6402 5302 6403
f 6403 5302 5303
f 5303 5321 6403
f 6403 5321 6404
f 5320 6405 5321
f 5321 6405 6404
f 5319 6406 5350
f 5350 6406 5351
f 5319 5318 6406
f 6406 5318 6407
f 5288 4197 6408
f 6408 4197 6409
f 4217 4216 6410
f 6410 4216 6411
f 5227 6412 6327
f 6327 6412 6328
f 4892 6413 5227
f 5227 6413 6412
f 4228 6414 4892
f 4892 6414 6413
f 4227 6415 4228
f 4228 6415 6414
f 4248 6416 4227
f 4227 6416 6415
f 4247 6417 4248
f 4248 6417 6416
f 6417 4247 6419
f 6419 4247 6418
f 6419 6418 6421
f 6421 6418 6420
f 6422 5301 6423
f 6423 5301 5300
f 6423 5300 6424
f 6424 5300 6399
f 6408 6409 6398
f 6398 6409 6425
f 6426 6427 6397
f 6397 6427 6394
f 6428 4224 6429
f 6429 4224 4223
f 6347 6346 5276
f 5276 6346 4220
f 6346 6347 6341
f 6341 6347 6339
f 5280 5278 5282
f 5282 5278 4236
f 4896 5224 4684
f 4684 5224 4681
f 4132 4135 4896
f 4896 4135 5224
f 4131 4136 4132
f 4132 4136 4135
f 4226 4754 4131
f 4131 4754 4136
f 4251 4213 4226
f 4226 4213 4754
f 4250 4214 4251
f 4251 4214 4213
f 4250 6367 4214
f 4214 6367 6368
f 6367 4910 6368
f 6368 4910 4737
f 4909 5297 4736
f 4736 5297 5296
f 5297 6395 5296
f 5296 6395 6393
f 6427 6430 6394
f 6394 6430 6431
f 6429 4383 6428
f 6428 4383 4382
f 4219 5277 4220
f 4220 5277 5276
f 4222 4697 4383
f 4383 4697 4218
f 6345 4699 4221
f 4221 4699 6344
f 6342 4700 6345
f 6345 4700 4699
f 4235 4786 5281
f 5281 4786 6338
f 4234 4787 4235
f 4235 4787 4786
f 5279 5278 6432
f 6432 5278 5271
f 4237 5279 6433
f 6433 5279 6432
f 4787 4234 6433
f 6433 4234 4237
f 6435 6436 6434
f 6434 6436 6437
f 6359 6438 6360
f 6360 6438 6437
f 6439 6440 6441
f 6441 6440 6438
f 6443 6439 6442
f 6442 6439 6441
f 6357 6356 6442
f 6442 6356 6444
f 6444 6446 6445
f 6445 6446 6447
f 4912 6446 4913
f 4913 6446 6355
f 6361 6436 5364
f 5364 6436 5365
f 5319 5350 5316
f 5316 5350 6448
f 4832 6449 5350
f 5350 6449 6448
f 4831 6450 4832
f 4832 6450 6449
f 5354 6451 5320
f 5320 6451 6405
f 4265 6452 5354
f 5354 6452 6451
f 4264 6453 4265
f 4265 6453 6452
f 6450 4831 6447
f 6447 4831 6445
f 4263 6435 4264
f 4264 6435 6434
f 6454 6453 6439
f 6439 6453 6440
f 6439 6443 6454
f 6454 6443 4834
f 4833 6455 4834
f 4834 6455 6454
f 5351 6456 4833
f 4833 6456 6455
f 6457 6391 6458
f 6458 6391 6392
f 6458 6392 6431
f 6431 6392 6393
f 5298 6396 5297
f 5297 6396 6395
f 6402 6400 5302
f 5302 6400 5299
f 6402 6403 6459
f 6459 6403 6460
f 6460 6403 6461
f 6461 6403 6404
f 6405 6462 6404
f 6404 6462 6461
f 6406 6462 5351
f 5351 6462 6456
f 6406 6407 6462
f 6462 6407 6461
f 6407 6463 6461
f 6461 6463 6460
f 6463 6464 6460
f 6460 6464 6459
f 6464 6465 6459
f 6459 6465 6401
f 6430 6466 6431
f 6431 6466 6458
f 6466 6410 6458
f 6458 6410 6457
f 6410 6411 6457
f 6457 6411 6467
f 6396 6424 6397
f 6397 6424 6425
f 6393 6395 6431
f 6431 6395 6394
f 6451 6456 6405
f 6405 6456 6462
f 6452 6455 6451
f 6451 6455 6456
f 6453 6454 6452
f 6452 6454 6455
f 6443 6445 4834
f 4834 6445 4831
f 6440 6453 6434
f 6434 6453 4264
f 6468 5306 5360
f 5360 5306 5305
f 6469 4124 6468
f 6468 4124 5306
f 6470 4125 6469
f 6469 4125 4124
f 6471 5291 6470
f 6470 5291 4125
f 6353 5292 6471
f 6471 5292 5291
f 5292 6353 5313
f 5313 6353 6352
f 5347 5314 6352
f 6352 5314 5313
f 5353 5318 5346
f 5346 5318 5317
f 5334 6468 5358
f 5358 6468 5360
f 5324 6469 5334
f 5334 6469 6468
f 5323 6470 5324
f 5324 6470 6469
f 5343 6471 5323
f 5323 6471 6470
f 6354 6353 5343
f 5343 6353 6471
f 6348 6349 4270
f 4270 6349 5311
f 5272 6340 5273
f 5273 6340 4272
f 6432 5271 4232
f 4232 5271 4233
f 4294 6432 4295
f 4295 6432 4232
f 6432 4294 6433
f 6433 4294 4301
f 4301 4300 6433
f 6433 4300 4787
f 4704 4784 4300
f 4300 4784 4787
f 4704 3013 4784
f 4784 3013 1307
f 5103 6472 5104
f 5104 6472 5202
f 5108 5116 5105
f 5105 5116 5115
f 5111 5124 5112
f 5112 5124 5123
f 5154 5205 5105
f 5105 5205 5106
f 5167 5180 5168
f 5168 5180 5185
f 5175 5188 5176
f 5176 5188 5187
f 5112 5123 5178
f 5178 5123 5120
f 5167 5090 5183
f 5183 5090 5089
f 5210 5151 5183
f 5183 5151 5181
f 5216 5138 5217
f 5217 5138 5137
f 5218 5119 5219
f 5219 5119 5221
f 5218 5178 5119
f 5119 5178 5120
f 5217 5137 5104
f 5104 5137 5101
f 5116 5108 5221
f 5221 5108 5219
f 5111 5110 5210
f 5210 5110 5151
f 5154 5153 5103
f 5103 5153 6472
f 5216 5215 5176
f 5176 5215 5173
f 5175 5174 5168
f 5168 5174 5166
f 5091 5172 5092
f 5092 5172 5208
f 5117 5037 5118
f 5118 5037 5036
f 5121 5164 5122
f 5122 5164 5133
f 5125 5084 5126
f 5126 5084 5083
f 5129 5174 5130
f 5130 5174 5173
f 5131 5202 5132
f 5132 5202 6472
f 5135 5221 5122
f 5122 5221 5119
f 5125 5124 5136
f 5136 5124 5209
f 5126 5083 5121
f 5121 5083 5164
f 5118 5036 5195
f 5195 5036 5193
f 5131 5097 5203
f 5203 5097 5114
f 5132 6472 5195
f 5195 6472 5153
f 5136 5209 5092
f 5092 5209 5089
f 5135 5134 5117
f 5117 5134 5037
f 5362 5206 5130
f 5130 5206 5127
f 5372 5371 5128
f 5128 5371 5129
f 5371 5372 5091
f 5091 5372 5172
f 5362 5215 5203
f 5203 5215 5201
f 6463 6407 5353
f 5353 6407 5318
f 6464 6463 5352
f 5352 6463 5353
f 6408 6465 5288
f 5288 6465 5289
f 4196 4224 6426
f 6426 4224 6427
f 6430 6427 6428
f 6428 6427 4224
f 6466 6430 4382
f 4382 6430 6428
f 6410 6466 4217
f 4217 6466 4382
f 4240 4239 3015
f 3015 4239 3016
f 4254 4257 3017
f 3017 4257 3018
f 6473 6474 4732
f 4732 6474 6475
f 6474 6374 6475
f 6475 6374 6373
f 5246 6374 3022
f 3022 6374 3023
f 4254 6299 4255
f 4255 6299 6288
f 6473 6300 3024
f 3024 6300 3025
f 6476 4257 6312
f 6312 4257 4256
f 4240 6476 4241
f 4241 6476 6312
f 6477 4239 6391
f 6391 4239 4238
f 6467 6477 6457
f 6457 6477 6391
f 6411 3029 6467
f 6467 3029 3028
f 4216 3030 6411
f 6411 3030 3029
f 6479 6480 6478
f 6478 6480 6481
f 6483 6484 6482
f 6482 6484 6485
f 6486 6487 4102
f 4102 6487 6331
f 6483 6488 6478
f 6478 6488 6489
f 4429 4829 6490
f 6490 4829 6479
f 6491 6486 4101
f 4101 6486 4102
f 4895 6491 4899
f 4899 6491 4101
f 4160 6488 4157
f 4157 6488 6492
f 6489 4087 6490
f 6490 4087 4090
f 4267 4261 5013
f 5013 4261 4260
f 4258 4261 5328
f 5328 4261 4975
f 4261 4267 4975
f 4975 4267 4266
f 5367 3793 3912
f 3912 3793 3575
f 6494 3616 6493
f 6493 3616 3795
f 6496 3589 6495
f 6495 3589 3588
f 6495 3588 5368
f 5368 3588 3794
f 3841 3840 3050
f 3050 3840 3051
f 3912 3911 3052
f 3052 3911 3053
f 3929 3930 3054
f 3054 3930 3055
f 5370 3930 3916
f 3916 3930 3923
f 3938 5369 3807
f 3807 5369 3915
f 3589 6496 3806
f 3806 6496 3937
f 3938 3937 3056
f 3056 3937 3057
f 3051 3840 3058
f 3058 3840 3943
f 3730 4808 3727
f 3727 4808 3943
f 3820 3951 3795
f 3795 3951 6493
f 3951 3841 3059
f 3059 3841 3050
f 3911 3574 6494
f 6494 3574 3616
f 3823 3929 3824
f 3824 3929 3952
f 4061 4060 3060
f 3060 4060 3061
f 6497 6498 4901
f 4901 6498 4790
f 6333 6499 4738
f 4738 6499 4739
f 6500 6501 6314
f 6314 6501 4418
f 6502 6275 4417
f 4417 6275 4185
f 6503 6497 4783
f 4783 6497 4901
f 6498 4060 4790
f 4790 4060 4059
f 4808 4061 3069
f 3069 4061 3060
f 5367 3071 5368
f 5368 3071 3070
f 5369 3073 5370
f 5370 3073 3072
f 6274 6275 3074
f 3074 6275 3075
f 6499 6504 4739
f 4739 6504 6317
f 6333 6332 3077
f 3077 6332 3078
f 6334 6274 3079
f 3079 6274 3074
f 6332 4825 3078
f 3078 4825 3080
f 6334 6503 4188
f 4188 6503 4783
f 4825 4689 3080
f 3080 4689 1330
f 6506 4747 6505
f 6505 4747 4746
f 6505 6507 6506
f 6506 6507 6508
f 4297 6509 4920
f 4920 6509 6510
f 4296 6511 4297
f 4297 6511 6509
f 6506 6508 4319
f 4319 6508 6512
f 4372 4371 6514
f 6514 4371 6513
f 6511 4296 5251
f 5251 4296 4305
f 5251 5250 6511
f 6511 5250 6515
f 6516 6509 6515
f 6515 6509 6511
f 6517 6507 6519
f 6519 6507 6518
f 6512 6520 6513
f 6513 6520 6514
f 6507 6517 6508
f 6508 6517 6521
f 5249 6523 6522
f 6522 6523 6524
f 6525 6370 5253
f 5253 6370 6526
f 4370 4323 4371
f 4371 4323 4326
f 4370 3103 4323
f 4323 3103 1541
f 6521 6517 6527
f 6527 6517 6519
f 6520 6528 6514
f 6514 6528 6529
f 6531 6532 6530
f 6530 6532 6533
f 5250 6534 6515
f 6515 6534 6535
f 6530 6533 6536
f 6536 6533 6537
f 6526 6538 6534
f 6534 6538 6537
f 6515 6535 6516
f 6516 6535 6539
f 4325 4321 4326
f 4326 4321 4320
f 4371 4326 6513
f 6513 4326 4320
f 6531 4731 6541
f 6541 4731 6540
f 4731 4730 6540
f 6540 4730 6542
f 4730 3121 6542
f 6542 3121 3120
f 6530 4328 6531
f 6531 4328 4731
f 4328 6530 4329
f 4329 6530 6536
f 4329 6536 6524
f 6524 6536 6543
f 6544 6545 6522
f 6522 6545 5248
f 6389 6388 5245
f 5245 6388 6373
f 6388 6546 6373
f 6373 6546 6475
f 4733 6546 6295
f 6295 6546 4377
f 4732 6475 4733
f 4733 6475 6546
f 4393 4432 4394
f 4394 4432 4435
f 4434 4672 4842
f 4842 4672 4671
f 4440 4439 4441
f 4441 4439 4438
f 4436 4450 4437
f 4437 4450 4398
f 4447 4444 4448
f 4448 4444 4392
f 4446 4464 4433
f 4433 4464 6547
f 4454 4423 4455
f 4455 4423 4422
f 4452 4481 4453
f 4453 4481 4480
f 4458 4389 4459
f 4459 4389 4388
f 4456 4471 4457
f 4457 4471 4468
f 4391 4460 4392
f 4392 4460 4448
f 4461 4467 4445
f 4445 4467 4465
f 4437 4398 4629
f 4629 4398 4397
f 4438 4628 4441
f 4441 4628 4631
f 4841 4629 4839
f 4839 4629 4397
f 4628 4842 4631
f 4631 4842 4671
f 4930 4989 4452
f 4452 4989 4481
f 4929 4927 4436
f 4436 4927 4450
f 4933 4387 4934
f 4934 4387 4386
f 4931 4475 4932
f 4932 4475 4474
f 4936 4449 4933
f 4933 4449 4387
f 4935 4472 4456
f 4456 4472 4471
f 4389 4458 4391
f 4391 4458 4460
f 4457 4468 4461
f 4461 4468 4467
f 4934 4386 4454
f 4454 4386 4423
f 4453 4480 4931
f 4931 4480 4475
f 4575 4997 4576
f 4576 4997 4639
f 4579 4596 4580
f 4580 4596 4595
f 4583 4582 4572
f 4572 4582 4569
f 4587 4944 4588
f 4588 4944 4562
f 4588 4562 4590
f 4590 4562 4561
f 4576 4639 4642
f 4642 4639 4638
f 4642 4845 4641
f 4641 4845 4846
f 4845 4590 4846
f 4846 4590 4561
f 4941 4938 4595
f 4595 4938 4580
f 4938 4940 4668
f 4668 4940 4669
f 4583 4942 4584
f 4584 4942 4947
f 4582 4587 4569
f 4569 4587 4586
f 5000 5001 4579
f 4579 5001 4596
f 4558 4560 4585
f 4585 4560 4586
f 4565 4639 4566
f 4566 4639 4997
f 4568 4567 4577
f 4577 4567 4578
f 4570 4554 4571
f 4571 4554 4556
f 4640 4565 4637
f 4637 4565 4546
f 4662 4664 4665
f 4665 4664 4844
f 4662 4558 4589
f 4589 4558 4585
f 4554 4570 4557
f 4557 4570 4560
f 4571 4667 4572
f 4572 4667 4943
f 4551 4670 4552
f 4552 4670 4666
f 4640 4664 4638
f 4638 4664 4663
f 4670 4568 4668
f 4668 4568 4577
f 4999 4996 4566
f 4566 4996 4543
f 4608 4564 4603
f 4603 4564 4563
f 4573 4593 4574
f 4574 4593 4592
f 4597 4614 4598
f 4598 4614 4613
f 4601 4600 4584
f 4584 4600 4581
f 4563 4562 4604
f 4604 4562 4944
f 4643 4593 4641
f 4641 4593 4573
f 4643 4847 4644
f 4644 4847 4848
f 4564 4847 4561
f 4561 4847 4846
f 4945 4941 4598
f 4598 4941 4595
f 4941 4945 4939
f 4939 4945 4946
f 4601 4948 4602
f 4602 4948 4620
f 4600 4604 4581
f 4581 4604 4944
f 5002 5003 4597
f 4597 5003 4614
f 4988 4759 4953
f 4953 4759 4402
f 4706 6548 4707
f 4707 6548 6549
f 4311 4928 4419
f 4419 4928 6550
f 4921 4920 6551
f 6551 4920 6552
f 4925 6553 4926
f 4926 6553 6554
f 4928 4921 4802
f 4802 4921 6551
f 6555 4985 6550
f 6550 4985 4419
f 4952 6556 4953
f 4953 6556 4649
f 4971 6557 4706
f 4706 6557 6548
f 4988 4648 4925
f 4925 4648 6553
f 4707 6549 5006
f 5006 6549 4987
f 4920 6510 6552
f 6552 6510 6518
f 6558 6510 6516
f 6516 6510 6509
f 6559 6558 6539
f 6539 6558 6516
f 6531 6541 6532
f 6532 6541 6560
f 6540 6561 6541
f 6541 6561 6529
f 6542 6562 6540
f 6540 6562 6561
f 6542 3120 6562
f 6562 3120 3142
f 4366 6563 4760
f 4760 6563 4970
f 4815 6564 4816
f 4816 6564 6565
f 3147 3146 6565
f 6565 3146 4816
f 6564 6563 6565
f 6565 6563 6566
f 4837 4385 4357
f 4357 4385 4358
f 6565 6566 3147
f 3147 6566 3149
f 4694 1209 3150
f 5247 5249 5248
f 5248 5249 6522
f 6372 6390 6545
f 6545 6390 6389
f 6375 5254 6376
f 6376 5254 5258
f 6377 6525 6378
f 6378 6525 5255
f 5260 6379 5258
f 5258 6379 6376
f 6380 6567 6381
f 6381 6567 6568
f 6382 6569 6383
f 6383 6569 6570
f 6377 6371 6525
f 6525 6371 6370
f 6379 5260 6384
f 6384 5260 6571
f 6385 6572 6382
f 6382 6572 6569
f 6378 5255 6375
f 6375 5255 5254
f 6386 6573 6387
f 6387 6573 6574
f 6545 6389 5248
f 5248 6389 5245
f 4675 4750 4676
f 4676 4750 6286
f 4734 6289 4735
f 4735 6289 6288
f 4804 6290 4805
f 4805 6290 4963
f 4811 4807 4812
f 4812 4807 4411
f 4954 6292 4955
f 4955 6292 4959
f 4964 4962 4965
f 4965 4962 4751
f 6285 4821 4812
f 4812 4821 4809
f 4675 4287 4965
f 4965 4287 4210
f 6294 4145 4955
f 4955 4145 4154
f 4964 4120 4805
f 4805 4120 4119
f 6298 4966 4734
f 4734 4966 6289
f 6300 6473 4735
f 4735 6473 4732
f 6297 6296 4676
f 4676 6296 4288
f 6523 3160 4330
f 4330 3160 3159
f 5253 5252 6525
f 6525 5252 5255
f 5256 5252 4305
f 4305 5252 5251
f 4304 5257 4305
f 4305 5257 5256
f 4424 5259 4304
f 4304 5259 5257
f 5261 6571 5259
f 5259 6571 5260
f 5262 6573 5261
f 5261 6573 6571
f 5264 6567 5265
f 5265 6567 6574
f 5266 6572 5267
f 5267 6572 6568
f 5268 6570 5269
f 5269 6570 6569
f 1807 3161 5268
f 5268 3161 6570
f 6524 6523 4329
f 4329 6523 4330
f 5253 6526 5250
f 5250 6526 6534
f 6543 6538 6544
f 6544 6538 6369
f 6524 6543 6522
f 6522 6543 6544
f 3071 5367 3052
f 3052 5367 3912
f 6493 3163 6494
f 6494 3163 3162
f 3164 445 3771
f 3771 445 3761
f 461 3165 3919
f 3919 3165 3920
f 330 410 3839
f 3839 410 3910
f 332 331 3552
f 3552 331 3551
f 464 304 3918
f 3918 304 3816
f 385 458 3766
f 3766 458 3894
f 412 415 3762
f 3762 415 3763
f 3166 337 3748
f 3748 337 3745
f 3072 3055 5370
f 5370 3055 3930
f 3073 5369 3056
f 3056 5369 3938
f 3167 3057 6496
f 6496 3057 3937
f 3069 3058 4808
f 4808 3058 3943
f 411 3166 3851
f 3851 3166 3748
f 3059 3163 3951
f 3951 3163 6493
f 336 3164 3772
f 3772 3164 3771
f 3053 3911 3162
f 3162 3911 6494
f 3054 3168 3929
f 3929 3168 3952
f 3165 830 3920
f 3920 830 3945
f 3170 3169 6497
f 6497 3169 6498
f 3171 1354 5005
f 5005 1354 4830
f 3172 3170 6503
f 6503 3170 6497
f 3169 3061 6498
f 6498 3061 4060
f 3173 3171 5006
f 5006 3171 5005
f 3079 3172 6334
f 6334 3172 6503
f 3174 3025 6299
f 6299 3025 6300
f 6576 6577 6575
f 6575 6577 6578
f 4612 4611 6579
f 6579 4611 6580
f 6582 6583 6581
f 6581 6583 6584
f 6584 6585 4618
f 4618 6585 4621
f 6586 6587 6589
f 6589 6587 6588
f 6588 6587 6590
f 6590 6587 6591
f 6592 4606 6590
f 6590 4606 4623
f 6594 6576 6593
f 6593 6576 6575
f 6595 6582 6579
f 6579 6582 6581
f 6580 6597 6596
f 6596 6597 6598
f 6577 6576 6599
f 6599 6576 6600
f 6595 6596 6601
f 6601 6596 6602
f 6583 6582 6603
f 6603 6582 6604
f 6586 6606 6605
f 6605 6606 6607
f 6587 6586 6608
f 6608 6586 6605
f 6587 6608 6591
f 6591 6608 6609
f 6576 6594 6600
f 6600 6594 6610
f 6582 6595 6604
f 6604 6595 6601
f 6599 6611 6577
f 6577 6611 6598
f 6613 6614 6612
f 6612 6614 6615
f 6617 6618 6616
f 6616 6618 6619
f 6621 6622 6620
f 6620 6622 6623
f 6625 6626 6624
f 6624 6626 6627
f 6629 6630 6628
f 6628 6630 6631
f 6633 6634 6632
f 6632 6634 6635
f 6637 6638 6636
f 6636 6638 6639
f 6640 6641 6637
f 6637 6641 6638
f 6643 6633 6642
f 6642 6633 6632
f 6645 6646 6644
f 6644 6646 6647
f 6646 6648 6647
f 6647 6648 6649
f 6651 6652 6650
f 6650 6652 6653
f 6653 6652 6654
f 6654 6652 6655
f 6656 6657 6659
f 6659 6657 6658
f 6661 6662 6660
f 6660 6662 6663
f 6662 6661 6664
f 6664 6661 6665
f 6667 6657 6666
f 6666 6657 6656
f 6669 6670 6668
f 6668 6670 6671
f 6672 6673 6670
f 6670 6673 6671
f 6674 6675 6677
f 6677 6675 6676
f 6675 6678 6676
f 6676 6678 6679
f 6681 6682 6680
f 6680 6682 6683
f 6684 6685 6683
f 6683 6685 6680
f 6687 6688 6686
f 6686 6688 6689
f 6687 6690 6688
f 6688 6690 6691
f 6619 6618 6633
f 6633 6618 6634
f 6632 6635 6693
f 6693 6635 6692
f 6617 6694 6636
f 6636 6694 6637
f 6695 6692 6639
f 6639 6692 6635
f 6637 6694 6640
f 6640 6694 6696
f 6698 6638 6697
f 6697 6638 6641
f 6643 6616 6633
f 6633 6616 6619
f 6642 6699 6641
f 6641 6699 6697
f 6646 6645 6700
f 6700 6645 6621
f 6644 6701 6654
f 6654 6701 6702
f 6700 6703 6646
f 6646 6703 6648
f 6693 6704 6649
f 6649 6704 6647
f 6620 6623 6651
f 6651 6623 6652
f 6693 6649 6699
f 6699 6649 6650
f 6652 6623 6655
f 6655 6623 6622
f 6654 6702 6653
f 6653 6702 6697
f 6615 6614 6657
f 6657 6614 6658
f 6705 6656 6704
f 6704 6656 6659
f 6613 6706 6660
f 6660 6706 6661
f 6704 6659 6701
f 6701 6659 6663
f 6661 6706 6665
f 6665 6706 6707
f 6708 6702 6664
f 6664 6702 6662
f 6612 6615 6667
f 6667 6615 6657
f 6666 6709 6664
f 6664 6709 6708
f 6629 6710 6669
f 6669 6710 6670
f 6668 6711 6679
f 6679 6711 6712
f 6713 6672 6710
f 6710 6672 6670
f 6714 6671 6705
f 6705 6671 6673
f 6628 6631 6674
f 6674 6631 6675
f 6705 6673 6709
f 6709 6673 6677
f 6631 6630 6675
f 6675 6630 6678
f 6712 6708 6679
f 6679 6708 6676
f 6625 6715 6682
f 6682 6715 6683
f 6716 6717 6681
f 6681 6717 6691
f 6718 6684 6715
f 6715 6684 6683
f 6719 6680 6714
f 6714 6680 6685
f 6624 6627 6686
f 6686 6627 6687
f 6689 6711 6685
f 6685 6711 6714
f 6627 6626 6687
f 6687 6626 6690
f 6717 6712 6691
f 6691 6712 6688
f 6612 6707 6613
f 6613 6707 6706
f 6616 6696 6617
f 6617 6696 6694
f 6703 6700 6620
f 6620 6700 6621
f 6715 6625 6718
f 6718 6625 6624
f 6710 6629 6713
f 6713 6629 6628
f 6639 6635 6636
f 6636 6635 6634
f 6641 6640 6642
f 6642 6640 6643
f 6654 6655 6644
f 6644 6655 6645
f 6651 6650 6648
f 6648 6650 6649
f 6659 6658 6663
f 6663 6658 6660
f 6665 6667 6664
f 6664 6667 6666
f 6678 6669 6679
f 6679 6669 6668
f 6673 6672 6677
f 6677 6672 6674
f 6690 6682 6691
f 6691 6682 6681
f 6685 6684 6689
f 6689 6684 6686
f 6636 6634 6617
f 6617 6634 6618
f 6638 6698 6639
f 6639 6698 6695
f 6640 6696 6643
f 6643 6696 6616
f 6693 6699 6632
f 6632 6699 6642
f 6655 6622 6645
f 6645 6622 6621
f 6704 6701 6647
f 6647 6701 6644
f 6651 6648 6620
f 6620 6648 6703
f 6650 6653 6699
f 6699 6653 6697
f 6613 6660 6614
f 6614 6660 6658
f 6663 6662 6701
f 6701 6662 6702
f 6665 6707 6667
f 6667 6707 6612
f 6705 6709 6656
f 6656 6709 6666
f 6630 6629 6678
f 6678 6629 6669
f 6714 6711 6671
f 6671 6711 6668
f 6672 6713 6674
f 6674 6713 6628
f 6677 6676 6709
f 6709 6676 6708
f 6626 6625 6690
f 6690 6625 6682
f 6680 6719 6681
f 6681 6719 6716
f 6684 6718 6686
f 6686 6718 6624
f 6711 6689 6712
f 6689 6688 6712
f 6593 6720 6594
f 6594 6720 6721
f 6722 6720 4607
f 4607 6720 4849
f 6592 6723 6722
f 6722 6723 6724
f 4610 4609 6578
f 6578 4609 6575
f 6596 6595 6580
f 6580 6595 6579
f 4618 4617 6584
f 6584 4617 6581
f 6589 6585 6586
f 6586 6585 6606
f 4622 4619 6588
f 6588 4619 6589
f 4622 6588 4623
f 4623 6588 6590
f 4609 4645 6575
f 6575 4645 6593
f 4617 4612 6581
f 6581 4612 6579
f 5004 4610 6597
f 6597 4610 6578
f 4645 4849 6593
f 6593 4849 6720
f 6724 6721 6722
f 6722 6721 6720
f 6722 4607 6592
f 6592 4607 4606
f 6725 6610 6721
f 6721 6610 6594
f 6723 6726 6724
f 6724 6726 6727
f 6727 6725 6724
f 6724 6725 6721
f 6728 6729 6605
f 6605 6729 6608
f 6605 6607 6728
f 6728 6607 6730
f 6731 6732 6604
f 6604 6732 6603
f 6733 6734 6725
f 6725 6734 6610
f 6735 6733 6727
f 6727 6733 6725
f 6735 6727 6736
f 6736 6727 6726
f 6591 6609 6723
f 6723 6609 6726
f 6723 6592 6591
f 6591 6592 6590
f 6738 6739 6737
f 6737 6739 6740
f 6740 6739 6742
f 6742 6739 6741
f 6743 6744 6741
f 6741 6744 6742
f 6745 6746 6743
f 6743 6746 6744
f 6747 6748 6745
f 6745 6748 6746
f 6749 6750 6747
f 6747 6750 6748
f 6752 6738 6751
f 6751 6738 6737
f 6754 6752 6753
f 6753 6752 6751
f 6756 6754 6755
f 6755 6754 6753
f 6758 6750 6757
f 6757 6750 6749
f 6760 6756 6759
f 6759 6756 6755
f 6762 6760 6761
f 6761 6760 6759
f 6764 6762 6763
f 6763 6762 6761
f 6757 6764 6758
f 6758 6764 6763
f 6766 6741 6765
f 6765 6741 6739
f 6767 6743 6766
f 6766 6743 6741
f 6768 6745 6767
f 6767 6745 6743
f 6769 6747 6768
f 6768 6747 6745
f 6770 6749 6769
f 6769 6749 6747
f 6772 6769 6771
f 6771 6769 6768
f 6773 6770 6772
f 6772 6770 6769
f 6774 6775 6772
f 6772 6775 6773
f 6777 6778 6776
f 6776 6778 6779
f 6775 6774 6778
f 6778 6774 6779
f 6771 6780 6772
f 6772 6780 6774
f 6780 6781 6774
f 6774 6781 6779
f 6781 6782 6779
f 6779 6782 6776
f 6784 6785 6783
f 6783 6785 6786
f 6786 6787 6783
f 6783 6787 6788
f 6790 6788 6789
f 6789 6788 6787
f 6786 6785 6791
f 6791 6785 6792
f 6791 6793 6786
f 6786 6793 6787
f 6793 6794 6787
f 6787 6794 6789
f 6795 6796 6794
f 6794 6796 6789
f 6790 6789 6797
f 6797 6789 6796
f 6798 6765 6738
f 6738 6765 6739
f 6799 6798 6752
f 6752 6798 6738
f 6767 6800 6768
f 6768 6800 6771
f 6766 6801 6767
f 6767 6801 6800
f 6802 6801 6765
f 6765 6801 6766
f 6798 6803 6765
f 6765 6803 6802
f 6804 6803 6799
f 6799 6803 6798
f 6805 6806 6804
f 6804 6806 6803
f 6807 6799 6754
f 6754 6799 6752
f 6808 6804 6807
f 6807 6804 6799
f 6809 6805 6808
f 6808 6805 6804
f 6810 6811 6805
f 6805 6811 6806
f 6812 6813 6810
f 6810 6813 6811
f 6814 6815 6796
f 6796 6815 6797
f 6813 6814 6816
f 6816 6814 6817
f 6816 6818 6813
f 6813 6818 6811
f 6819 6806 6818
f 6818 6806 6811
f 6802 6803 6819
f 6819 6803 6806
f 6757 6749 6820
f 6820 6749 6770
f 6820 6770 6821
f 6821 6770 6773
f 6821 6773 6822
f 6822 6773 6775
f 6822 6775 6823
f 6823 6775 6778
f 6824 6823 6777
f 6777 6823 6778
f 6784 6825 6777
f 6777 6825 6824
f 6826 6827 6788
f 6788 6827 6783
f 6828 6826 6790
f 6790 6826 6788
f 6829 6828 6797
f 6797 6828 6790
f 6815 6830 6797
f 6797 6830 6829
f 6832 6812 6831
f 6831 6812 6810
f 6831 6810 6809
f 6809 6810 6805
f 6736 6800 6735
f 6735 6800 6801
f 6733 6735 6802
f 6802 6735 6801
f 6734 6733 6819
f 6819 6733 6802
f 6833 6734 6818
f 6818 6734 6819
f 6834 6833 6816
f 6816 6833 6818
f 6816 6817 6834
f 6834 6817 6835
f 6837 6795 6836
f 6836 6795 6794
f 6836 6794 6731
f 6731 6794 6793
f 6732 6731 6791
f 6791 6731 6793
f 6791 6792 6732
f 6732 6792 6730
f 6729 6728 6781
f 6781 6728 6782
f 6838 6807 6756
f 6756 6807 6754
f 6839 6838 6760
f 6760 6838 6756
f 6840 6839 6762
f 6762 6839 6760
f 6841 6840 6764
f 6764 6840 6762
f 6820 6841 6757
f 6757 6841 6764
f 6841 6820 6842
f 6842 6820 6821
f 6840 6841 6843
f 6843 6841 6842
f 6839 6840 6844
f 6844 6840 6843
f 6838 6839 6845
f 6845 6839 6844
f 6807 6838 6808
f 6808 6838 6845
f 6842 6821 6846
f 6846 6821 6822
f 6843 6842 6847
f 6847 6842 6846
f 6844 6843 6848
f 6848 6843 6847
f 6845 6844 6849
f 6849 6844 6848
f 6808 6845 6809
f 6809 6845 6849
f 6850 6831 6849
f 6849 6831 6809
f 6851 6850 6848
f 6848 6850 6849
f 6847 6852 6848
f 6848 6852 6851
f 6853 6852 6846
f 6846 6852 6847
f 6846 6822 6853
f 6853 6822 6823
f 6853 6823 6854
f 6854 6823 6824
f 6854 6855 6853
f 6853 6855 6852
f 6856 6851 6855
f 6855 6851 6852
f 6856 6857 6851
f 6851 6857 6850
f 6857 6832 6850
f 6850 6832 6831
f 6825 6858 6824
f 6824 6858 6854
f 6860 6827 6859
f 6859 6827 6826
f 6859 6826 6861
f 6861 6826 6828
f 6862 6861 6829
f 6829 6861 6828
f 6830 6863 6829
f 6829 6863 6862
f 6863 6864 6862
f 6862 6864 6865
f 6858 6866 6854
f 6854 6866 6855
f 6867 6865 6866
f 6866 6865 6864
f 6869 6859 6868
f 6868 6859 6861
f 6867 6869 6865
f 6865 6869 6868
f 6861 6862 6868
f 6868 6862 6865
f 6867 6860 6869
f 6869 6860 6859
f 6753 6751 6698
f 6698 6751 6695
f 6697 6755 6698
f 6698 6755 6753
f 6759 6755 6702
f 6702 6755 6697
f 6761 6759 6708
f 6708 6759 6702
f 6763 6761 6712
f 6712 6761 6708
f 6758 6763 6717
f 6717 6763 6712
f 6750 6758 6716
f 6716 6758 6717
f 6719 6748 6716
f 6716 6748 6750
f 6714 6746 6719
f 6719 6746 6748
f 6705 6744 6714
f 6714 6744 6746
f 6704 6742 6705
f 6705 6742 6744
f 6740 6742 6693
f 6693 6742 6704
f 6737 6740 6692
f 6692 6740 6693
f 6751 6737 6695
f 6695 6737 6692
f 6601 6602 6836
f 6836 6602 6837
f 6604 6601 6731
f 6731 6601 6836
f 6599 6600 6834
f 6834 6600 6833
f 6834 6835 6599
f 6599 6835 6611
f 6600 6610 6833
f 6833 6610 6734
f 6780 6771 6870
f 6870 6771 6736
f 6736 6771 6800
f 6870 6729 6780
f 6780 6729 6781
f 6608 6729 6609
f 6609 6729 6870
f 6609 6870 6726
f 6726 6870 6736
f 5014 5015 5229
f 5229 5015 5230
f 4258 5015 4259
f 4259 5015 4878
f 3471 3013 4703
f 4703 3013 4704
f 2879 6337 1306
f 1306 6337 4785
f 829 3471 4316
f 4316 3471 4703
f 4702 3472 5223
f 5223 3472 1756
f 6871 6872 4534
f 4534 6872 4535
f 6871 4665 6872
f 6872 4665 4844
f 6871 6873 4665
f 4665 6873 4559
f 6871 4534 6873
f 6873 4534 4542
f 4153 4152 4822
f 4822 4152 4407
f 4152 4168 4407
f 4407 4168 4342
f 4343 4168 4923
f 4923 4168 4167
f 4363 4362 4972
f 4972 4362 4840
f 4362 4394 4840
f 4840 4394 4839
f 4401 4400 4986
f 4986 4400 4984
f 4435 4434 4841
f 4841 4434 4842
f 4506 4505 4530
f 4530 4505 4531
f 4506 4535 4507
f 4507 4535 4843
f 4661 4660 4516
f 4516 4660 4517
f 4673 4672 4937
f 4937 4672 6547
f 4400 4924 4984
f 4984 4924 5263
f 4673 4660 4674
f 4674 4660 4659
f 4505 4661 4531
f 4531 4661 4516
f 4952 4401 6874
f 6874 4401 4986
f 4954 4153 6875
f 6875 4153 4822
f 4363 4973 4364
f 4364 4973 4974
f 5264 4924 5267
f 5267 4924 4691
f 6293 6292 6876
f 6876 6292 6877
f 6380 4343 6387
f 6387 4343 4923
f 4394 4435 4839
f 4839 4435 4841
f 4672 4434 6547
f 6547 4434 4433
f 4973 6556 4974
f 4974 6556 6878
f 6567 6380 6574
f 6574 6380 6387
f 6292 4954 6877
f 6877 4954 6875
f 6567 5264 6568
f 6568 5264 5267
f 4145 4144 4154
f 4154 4144 4151
f 4194 4144 4425
f 4425 4144 4143
f 4355 4354 5263
f 5263 4354 4984
f 4360 4359 4364
f 4364 4359 4361
f 4444 4359 4392
f 4392 4359 4337
f 4447 4446 4432
f 4432 4446 4433
f 4464 4463 6547
f 6547 4463 4937
f 4519 4518 4654
f 4654 4518 4509
f 4533 4532 4499
f 4499 4532 4498
f 4533 4542 4530
f 4530 4542 4534
f 4519 4532 4516
f 4516 4532 4531
f 4922 4194 4426
f 4426 4194 4425
f 4463 4518 4937
f 4937 4518 4517
f 6555 4951 6874
f 6874 4951 6878
f 4958 4957 6290
f 6290 4957 6291
f 4334 4360 4712
f 4712 4360 4950
f 4985 4354 4419
f 4419 4354 4353
f 5262 4355 5265
f 5265 4355 5263
f 6294 4958 4804
f 4804 4958 6290
f 6386 4922 6384
f 6384 4922 4426
f 4444 4447 4393
f 4393 4447 4432
f 4464 4446 4465
f 4465 4446 4445
f 4985 6555 4986
f 4986 6555 6874
f 6573 6386 6571
f 6571 6386 6384
f 4145 6294 4146
f 4146 6294 4804
f 6573 5262 6574
f 6574 5262 5265
f 4542 4541 6873
f 6873 4541 4559
f 4535 6872 4843
f 4843 6872 4844
f 4104 4103 6879
f 6879 4103 6343
f 4105 6293 6307
f 6307 6293 6876
f 4104 4956 4105
f 4105 4956 6293
f 4956 4104 4957
f 4957 4104 6879
f 4957 6879 6291
f 6291 6879 6309
f 4648 4988 4649
f 4649 4988 4953
f 4802 4803 4928
f 4928 4803 6550
f 6550 4803 6555
f 6555 4803 4951
f 1516 3173 4987
f 4987 3173 5006
f 6519 6518 6558
f 6558 6518 6510
f 6527 6519 6559
f 6559 6519 6558
f 6528 6560 6529
f 6529 6560 6541
f 6548 4625 6549
f 6549 4625 4624
f 6551 6552 4746
f 4746 6552 6505
f 6553 4711 6554
f 6554 4711 4710
f 4802 6551 4713
f 4713 6551 4746
f 6556 4973 4649
f 4649 4973 4646
f 6557 4949 6548
f 6548 4949 4625
f 4648 4647 6553
f 6553 4647 4711
f 6549 4624 4987
f 4987 4624 4838
f 6552 6518 6505
f 6505 6518 6507
f 6561 4372 6529
f 6529 4372 6514
f 6562 4369 6561
f 6561 4369 4372
f 3142 3482 6562
f 6562 3482 4369
f 6556 4952 6878
f 6878 4952 6874
f 4951 4950 6878
f 6878 4950 4974
f 3168 440 3952
f 4204 4203 5341
f 5341 4203 6364
f 4219 4222 6429
f 6429 4222 4383
f 4319 4322 6506
f 6506 4322 4747
f 4340 4714 4341
f 4341 4714 4384
f 4375 4377 6388
f 6388 4377 6546
f 4378 4381 6311
f 6311 4381 4720
f 4449 4341 4387
f 4387 4341 4384
f 4473 4472 4477
f 4477 4472 4474
f 4492 4491 4487
f 4487 4491 4488
f 4523 4491 4522
f 4522 4491 4490
f 4492 4538 4493
f 4493 4538 4555
f 4538 4553 4555
f 4555 4553 4556
f 4620 4615 4621
f 4621 4615 4618
f 4652 4651 4368
f 4368 4651 4365
f 4523 4655 4524
f 4524 4655 4656
f 4553 4667 4556
f 4556 4667 4571
f 4651 1210 4365
f 4365 1210 1209
f 4698 4697 5223
f 5223 4697 6344
f 4340 4339 4322
f 4322 4339 4747
f 4726 4729 5287
f 5287 4729 4198
f 4381 4380 4737
f 4737 4380 6368
f 4836 4835 4451
f 4451 4835 4709
f 4910 6367 4911
f 4911 6367 6366
f 4912 4915 6450
f 6450 4915 6449
f 4927 4836 4450
f 4450 4836 4451
f 4930 4929 4439
f 4439 4929 4436
f 4936 4935 4459
f 4459 4935 4456
f 4473 4655 4470
f 4470 4655 4510
f 4942 4583 4943
f 4943 4583 4572
f 4948 4601 4947
f 4947 4601 4584
f 4949 4835 4625
f 4625 4835 4626
f 4966 4969 6289
f 6289 4969 4695
f 4971 4652 4926
f 4926 4652 4368
f 4203 4977 6364
f 6364 4977 6365
f 4990 4989 4443
f 4443 4989 4440
f 4990 4991 4478
f 4478 4991 4512
f 4992 4991 4528
f 4528 4991 4515
f 4992 4993 4527
f 4527 4993 4485
f 4994 4993 4502
f 4502 4993 4503
f 4994 4995 4482
f 4482 4995 4550
f 4543 4996 4544
f 4544 4996 4995
f 4999 4998 4567
f 4567 4998 4578
f 5000 4998 4575
f 4575 4998 4997
f 5002 5001 4592
f 4592 5001 4574
f 5003 5004 4614
f 4614 5004 4611
f 3483 4215 1755
f 1755 4215 4698
f 5274 5277 4195
f 4195 5277 4223
f 4726 5295 4727
f 4727 5295 6350
f 5309 5342 5310
f 5310 5342 6363
f 5315 5314 5316
f 5316 5314 5317
f 5339 6362 5340
f 5340 6362 5363
f 5310 6363 5339
f 5339 6363 6362
f 4204 5309 4201
f 4201 5309 5308
f 4915 5345 6449
f 6449 5345 6448
f 5345 5315 6448
f 6448 5315 5316
f 5348 5347 6351
f 6351 5347 6352
f 5365 4263 5340
f 5340 4263 4262
f 6295 6298 4733
f 4733 6298 4734
f 4969 6306 4695
f 4695 6306 4696
f 6306 4378 4696
f 4696 4378 6311
f 6369 6372 6544
f 6544 6372 6545
f 4375 6390 4373
f 4373 6390 4374
f 6421 6422 4911
f 4911 6422 4908
f 4910 4909 4737
f 4737 4909 4736
f 5277 4219 4223
f 4223 4219 6429
f 4697 4222 6344
f 6344 4222 4221
f 6436 6361 6437
f 6437 6361 6360
f 6438 6440 6437
f 6437 6440 6434
f 6438 6359 6441
f 6441 6359 6358
f 6442 6441 6357
f 6357 6441 6358
f 6442 6444 6443
f 6443 6444 6445
f 6446 6444 6355
f 6355 6444 6356
f 6446 4912 6447
f 6447 4912 6450
f 6436 6435 5365
f 5365 6435 4263
f 5314 5347 5317
f 5317 5347 5346
f 4319 6512 4320
f 4320 6512 6513
f 6520 6512 6521
f 6521 6512 6508
f 6528 6520 6527
f 6527 6520 6521
f 6532 6539 6533
f 6533 6539 6535
f 6533 6535 6537
f 6537 6535 6534
f 6538 6543 6537
f 6537 6543 6536
f 6295 4377 6296
f 6296 4377 4376
f 4989 4930 4440
f 4440 4930 4439
f 4927 4929 4422
f 4422 4929 4455
f 4449 4936 4388
f 4388 4936 4459
f 4472 4935 4474
f 4474 4935 4932
f 4942 4940 4947
f 4947 4940 4939
f 5001 5000 4574
f 4574 5000 4575
f 4669 4943 4666
f 4666 4943 4667
f 4996 4999 4547
f 4547 4999 4567
f 4948 4946 4620
f 4620 4946 4615
f 5003 5002 4591
f 4591 5002 4592
f 6557 4971 6554
f 6554 4971 4926
f 6532 6560 6539
f 6539 6560 6559
f 6390 6372 4374
f 4374 6372 6371
f 4966 6298 4967
f 4967 6298 6297
f 6538 6526 6369
f 6369 6526 6370
f 6585 6589 4621
f 4621 6589 4619
f 6597 6578 6598
f 6598 6578 6577
f 6606 6583 6607
f 6607 6583 6603
f 6611 6602 6598
f 6598 6602 6596
f 6585 6584 6606
f 6606 6584 6583
f 6597 6580 5004
f 5004 6580 4611
f 6607 6603 6730
f 6730 6603 6732
f 6776 6785 6777
f 6777 6785 6784
f 6785 6776 6792
f 6792 6776 6782
f 6815 6814 6812
f 6812 6814 6813
f 6817 6814 6795
f 6795 6814 6796
f 6825 6784 6827
f 6827 6784 6783
f 6830 6815 6832
f 6832 6815 6812
f 6817 6795 6835
f 6835 6795 6837
f 6792 6782 6730
f 6730 6782 6728
f 6858 6825 6860
f 6860 6825 6827
f 6863 6830 6857
f 6857 6830 6832
f 6864 6863 6856
f 6856 6863 6857
f 6866 6858 6867
f 6867 6858 6860
f 6866 6864 6855
f 6855 6864 6856
f 6835 6837 6611
f 6611 6837 6602
f 6560 6528 6559
f 6559 6528 6527
f 4949 6557 4710
f 4710 6557 6554
f 4430 4090 4175
f 4175 4090 4089
f 4777 4113 4155
f 4155 4113 4086
f 4175 4089 4176
f 4176 4089 4142
f 4199 4271 4200
f 4200 4271 4798
f 4199 4095 4272
f 4272 4095 5273
f 4406 4405 4404
f 4404 4405 4346
f 4410 4409 6877
f 6877 4409 6876
f 4409 4413 6876
f 6876 4413 6307
f 4415 4148 4416
f 4416 4148 4147
f 4690 4405 4344
f 4344 4405 4342
f 4693 4692 4352
f 4352 4692 4349
f 4701 4700 6337
f 6337 4700 6338
f 4778 4777 4081
f 4081 4777 4155
f 4821 4406 4809
f 4809 4406 4404
f 4176 4142 4181
f 4181 4142 4415
f 4760 4970 4399
f 4399 4970 4692
f 4200 5007 4096
f 4096 5007 4078
f 5266 4693 5269
f 5269 4693 4352
f 5270 5007 5361
f 5361 5007 4797
f 4778 5270 4779
f 4779 5270 5361
f 6285 4410 6875
f 6875 4410 6877
f 6308 4413 4687
f 4687 4413 4412
f 6480 6320 6481
f 6481 6320 6880
f 4701 2878 4702
f 4702 2878 3472
f 6339 6347 6340
f 6340 6347 6348
f 6341 6342 6346
f 6346 6342 6345
f 4416 6308 4414
f 4414 6308 4687
f 6385 4690 6381
f 6381 4690 4344
f 5282 6341 5280
f 5280 6341 6339
f 4700 6342 6338
f 6338 6342 5281
f 6340 6348 4272
f 4272 6348 4270
f 6480 6479 4828
f 4828 6479 4829
f 6490 6479 6489
f 6489 6479 6478
f 4090 4430 6490
f 6490 4430 4429
f 6563 6564 4970
f 4970 6564 4815
f 4694 6566 4366
f 4366 6566 6563
f 6572 6385 6568
f 6568 6385 6381
f 4821 6285 4822
f 4822 6285 6875
f 6572 5266 6569
f 6569 5266 5269
f 3482 3103 4369
f 4369 3103 4370
f 3121 4730 3485
f 3485 4730 4327
f 6277 6280 6273
f 6273 6280 6272
f 6267 6276 6278
f 6278 6276 6279
f 6278 6279 6277
f 6277 6279 6280
f 6279 6256 6280
f 6280 6256 6255
f 6256 3857 6255
f 6255 3857 3754
f 3857 3856 3754
f 3754 3856 3755
f 3856 3703 3755
f 3755 3703 3863
f 3703 3702 3863
f 3863 3702 3759
f 3702 3706 3759
f 3759 3706 3670
f 3706 3705 3670
f 3670 3705 3668
f 3705 3773 3668
f 3668 3773 3882
f 3882 3773 3883
f 3883 3773 3707
f 3707 3708 3883
f 3883 3708 3880
f 3708 3710 3880
f 3880 3710 3881
f 3709 5241 3710
f 3710 5241 3881
f 5241 3709 5234
f 5234 3709 3786
f 3693 3712 3786
f 3786 3712 5234
f 4051 4055 4052
f 4052 4055 4056
f 4056 4055 4057
f 4057 4055 4054
f 4066 5238 5236
f 5236 5238 3989
f 4066 4069 5238
f 5238 4069 4035
f 6881 3962 3960
f 3960 3962 3957
f 6883 4070 6882
f 6882 4070 3941
f 4070 6883 4071
f 4071 6883 6884
f 4071 6884 4072
f 4072 6884 6885
f 6885 6886 4072
f 4072 6886 4031
f 3955 6881 3956
f 3956 6881 3960
f 6884 3991 6885
f 6885 3991 3990
f 6883 6887 6884
f 6884 6887 3991
f 6887 6888 3991
f 3991 6888 3992
f 6888 6887 6889
f 6889 6887 6890
f 6887 6883 6890
f 6890 6883 6882
f 4058 5240 3953
f 3953 5240 3954
f 5236 6888 5239
f 5239 6888 6889
f 5237 6886 3990
f 3990 6886 6885
f 4034 4031 5237
f 5237 4031 6886
f 6881 6882 3962
f 3962 6882 3941
f 6881 3955 6882
f 6882 3955 6890
f 3955 3954 6890
f 6890 3954 6889
f 5239 6889 5240
f 5240 6889 3954
f 6888 5236 3992
f 3992 5236 3989
f 3869 3868 3888
f 3888 3868 4015
f 3868 4012 4015
f 4015 4012 4010
f 4012 4022 4010
f 4010 4022 4009
f 4022 4021 4009
f 4009 4021 4018
f 4020 3974 4001
f 4001 3974 3996
f 4021 4020 4029
f 4029 4020 4001
f 4085 4156 4086
f 4086 4156 4155
f 4113 4777 4114
f 4114 4777 4776
f 4130 4129 4094
f 4094 4129 4091
f 4139 4773 4140
f 4140 4773 4772
f 4149 4178 4150
f 4150 4178 5225
f 4160 4159 4087
f 4087 4159 4088
f 4149 4148 4179
f 4179 4148 4141
f 4085 4084 4183
f 4183 4084 6315
f 4179 4141 4159
f 4159 4141 4088
f 4192 4130 4162
f 4162 4130 4094
f 4197 5288 4198
f 4198 5288 5287
f 4229 4766 4230
f 4230 4766 4771
f 4245 4246 4242
f 4242 4246 4249
f 4183 6315 4418
f 4418 6315 6314
f 4679 4178 4680
f 4680 4178 4177
f 4724 4798 4725
f 4725 4798 4271
f 4728 5275 4729
f 4729 5275 5274
f 4230 4771 4249
f 4249 4771 4242
f 4724 4723 4799
f 4799 4723 5355
f 4823 4824 4891
f 4891 4824 6327
f 4823 4192 4161
f 4161 4192 4162
f 4893 4767 4229
f 4229 4767 4766
f 4894 4895 4898
f 4898 4895 4899
f 4106 4150 4103
f 4103 4150 5225
f 4680 4894 4677
f 4677 4894 4898
f 6420 4977 5301
f 5301 4977 4976
f 4679 4678 5226
f 5226 4678 4427
f 5228 5008 4893
f 4893 5008 4767
f 5285 6354 5286
f 5286 6354 5343
f 5289 5352 5290
f 5290 5352 5349
f 5290 5349 5295
f 5295 5349 5348
f 5302 5299 4202
f 4202 5299 4976
f 4725 4271 5311
f 5311 4271 4270
f 5325 4723 5326
f 5326 4723 4722
f 5335 5355 5325
f 5325 5355 4723
f 5326 4722 5286
f 5286 4722 5283
f 4799 5357 4797
f 4797 5357 5361
f 5359 5356 5335
f 5335 5356 5355
f 4775 4774 5356
f 5356 4774 5357
f 5359 5358 4092
f 4092 5358 4093
f 6316 4740 6317
f 6317 4740 4739
f 6318 4827 6316
f 6316 4827 4740
f 6319 4828 6318
f 6318 4828 4827
f 6320 6480 6319
f 6319 6480 4828
f 6484 6322 6485
f 6485 6322 6321
f 6487 6324 6331
f 6331 6324 6323
f 6331 6323 6330
f 6330 6323 6325
f 6325 6326 6330
f 6330 6326 6329
f 6326 6328 6329
f 6329 6328 5231
f 4824 4685 5228
f 5228 4685 5008
f 5226 6343 5225
f 5225 6343 4103
f 4728 4727 6349
f 6349 4727 5284
f 6350 6351 5285
f 5285 6351 6354
f 4247 4246 6418
f 6418 4246 6365
f 6400 6402 6401
f 6401 6402 6459
f 4197 4196 6409
f 6409 4196 6426
f 6412 4897 6328
f 6328 4897 5231
f 6413 4133 6412
f 6412 4133 4897
f 6414 4134 6413
f 6413 4134 4133
f 6415 4225 6414
f 6414 4225 4134
f 6416 4252 6415
f 6415 4252 4225
f 6417 4253 6416
f 6416 4253 4252
f 4253 6417 6366
f 6366 6417 6419
f 6366 6419 4911
f 4911 6419 6421
f 6422 6423 4908
f 4908 6423 5298
f 5298 6423 6396
f 6396 6423 6424
f 6409 6426 6425
f 6425 6426 6397
f 5300 5299 6399
f 6399 5299 6400
f 6465 6408 6401
f 6401 6408 6398
f 6424 6399 6425
f 6425 6399 6398
f 6349 5284 5311
f 5311 5284 5283
f 6465 6464 5289
f 5289 6464 5352
f 6488 6483 6492
f 6492 6483 6482
f 6486 6491 6482
f 6482 6491 6492
f 6491 4895 6492
f 6492 4895 4157
f 6488 4160 6489
f 6489 4160 4087
f 6501 6502 4418
f 4418 6502 4417
f 6504 6500 6317
f 6317 6500 6314
f 3497 3496 6501
f 6501 3496 6502
f 3499 3498 6504
f 6504 3498 6500
f 4729 5274 4198
f 4198 5274 4195
f 6418 6365 6420
f 6420 6365 4977
f 5295 5348 6350
f 6350 5348 6351
f 5301 6422 6420
f 6420 6422 6421
f 4113 4112 4086
f 4086 4112 4083
f 6320 4112 6880
f 6880 4112 4111
f 4091 4772 4092
f 4092 4772 4775
f 4129 4140 4091
f 4091 4140 4772
f 4137 4140 4128
f 4128 4140 4129
f 4128 6324 4137
f 4137 6324 6321
f 6324 6487 6321
f 6321 6487 6485
f 6487 6486 6485
f 6485 6486 6482
f 4774 4773 4779
f 4779 4773 4776
f 4773 4139 4776
f 4776 4139 4114
f 4139 4138 4114
f 4114 4138 4111
f 4138 6322 4111
f 4111 6322 6880
f 6322 6484 6880
f 6880 6484 6481
f 6484 6483 6481
f 6481 6483 6478
f 6879 6343 6309
f 6309 6343 4428
f 4106 4105 4900
f 4900 4105 6307
f 3500 3167 6495
f 6495 3167 6496
f 3500 6495 3070
f 3070 6495 5368
f 3502 5235 3501
f 3501 5235 4813
f 3024 3503 6473
f 6473 3503 6474
f 3503 3023 6474
f 6474 3023 6374
f 3504 1770 4348
f 4348 1770 4345
f 3502 3505 5235
f 5235 3505 4810
f 3498 3497 6500
f 6500 3497 6501
f 3496 3075 6502
f 6502 3075 6275
f 6299 4254 3174
f 3174 4254 3017
f 1769 3501 4814
f 4814 3501 4813
f 3506 3018 6476
f 6476 3018 4257
f 3507 3499 6499
f 6499 3499 6504
f 3030 4216 3483
f 3483 4216 4215
f 3077 3507 6333
f 6333 3507 6499
f 1784 3160 5249
f 5249 3160 6523
f 3015 3506 4240
f 4240 3506 6476
f 3508 3504 6383
f 6383 3504 4348
f 3509 3016 6477
f 6477 3016 4239
f 3028 3509 6467
f 6467 3509 6477
f 3022 1785 5246
f 5246 1785 5247
f 3161 3508 6570
f 6570 3508 6383
f 3150 3149 4694
f 4694 3149 6566
f 1327 4807 3510
f 3510 4807 4811
f 3510 4811 3505
f 3505 4811 4810
f 3146 3511 4816
f 4816 3511 4350
f 3511 1808 4350
f 4350 1808 4351
f 3485 4327 3159
f 3159 4327 4330
f 1326 3512 4806
f 4806 3512 6310
f 3512 1331 6310
f 6310 1331 4688
