v 0.131226 0.001712 5.328395
v 0.127173 0.000683 5.345641
v 0.117713 0.009530 5.339441
v 0.119807 0.013673 5.324603
v 0.114850 0.008166 5.351089
v 0.122761 0.002811 5.357430
v 0.109752 0.020045 5.336784
v 0.111070 0.026412 5.325125
v 0.088348 0.042359 5.355982
v 0.083982 0.051743 5.353676
v 0.090771 0.046116 5.345634
v 0.094191 0.038426 5.350328
v 0.076303 0.054943 5.374674
v 0.076170 0.052468 5.387870
v 0.071262 0.064914 5.390123
v 0.072680 0.068730 5.377449
v 0.104588 0.029217 5.403373
v 0.096879 0.032444 5.404665
v 0.097099 0.029783 5.397325
v 0.104943 0.027279 5.396546
v 0.116158 0.020538 5.403011
v 0.118295 0.021296 5.396959
v 0.123556 0.015762 5.398719
v 0.120453 0.014286 5.405041
v 0.105295 0.030984 5.410484
v 0.097754 0.034785 5.411543
v 0.110660 0.025401 5.402087
v 0.110060 0.025781 5.407435
v 0.107580 0.018719 5.417340
v 0.110356 0.018962 5.413123
v 0.112148 0.012459 5.416120
v 0.109268 0.014365 5.420317
v 0.107000 0.027502 5.413058
v 0.108235 0.024155 5.411946
v 0.106952 0.023170 5.416138
v 0.107153 0.026801 5.417245
v 0.114211 0.019805 5.408093
v 0.116916 0.013297 5.410569
v 0.120197 0.007951 5.414492
v 0.114696 0.007568 5.421042
v 0.083082 0.042760 5.406600
v 0.089448 0.036700 5.405503
v 0.090515 0.038314 5.412243
v 0.084758 0.043103 5.412658
v 0.105346 0.031505 5.417768
v 0.093488 0.039007 5.427065
v 0.095682 0.036693 5.424378
v 0.100391 0.033943 5.428247
v 0.097939 0.035721 5.430640
v 0.073947 0.055948 5.410746
v 0.077199 0.053151 5.416466
v 0.074707 0.057950 5.420103
v 0.071018 0.062727 5.415710
v 0.073290 0.061934 5.425215
v 0.069496 0.068549 5.420866
v 0.069387 0.076675 5.436569
v 0.068979 0.073549 5.429005
v 0.072532 0.064268 5.431157
v 0.073301 0.064556 5.438614
v 0.082581 0.055938 5.444294
v 0.086234 0.054914 5.449209
v 0.078095 0.063462 5.454594
v 0.075026 0.063728 5.447415
v 0.092504 0.046849 5.427908
v 0.090232 0.048699 5.424832
v 0.089751 0.045004 5.425800
v 0.092450 0.041963 5.428589
v 0.087432 0.048854 5.423203
v 0.085622 0.049099 5.423007
v 0.086445 0.048235 5.422319
v 0.087480 0.048922 5.423040
v 0.089153 0.049184 5.423687
v 0.088777 0.047527 5.425835
v 0.088331 0.048982 5.423321
v 0.090086 0.045746 5.429470
v 0.097458 0.041834 5.441140
v 0.094847 0.042288 5.438219
v 0.098506 0.043084 5.435227
v 0.100736 0.042206 5.437603
v 0.087742 0.045690 5.423125
v 0.087224 0.044750 5.420543
v 0.091112 0.040770 5.422092
v 0.089903 0.042835 5.424425
v 0.086443 0.043785 5.417399
v 0.085280 0.047440 5.420593
v 0.083521 0.047231 5.417962
v 0.085120 0.049391 5.424595
v 0.082593 0.051096 5.424023
v 0.083949 0.050000 5.422478
v 0.082331 0.052160 5.427212
v 0.085572 0.049260 5.427185
v 0.086947 0.048335 5.431055
v 0.089089 0.046914 5.435729
v 0.085464 0.051138 5.436965
v 0.083477 0.052016 5.431638
v 0.091712 0.038806 5.417211
v 0.080639 0.051310 5.420237
v 0.080889 0.047572 5.413573
v 0.078956 0.053956 5.422837
v 0.078072 0.056231 5.426855
v 0.078435 0.057190 5.431925
v 0.080259 0.056685 5.438022
v 0.074766 0.075203 5.454393
v 0.071398 0.075576 5.446476
v 0.120554 0.008103 5.362310
v 0.114012 0.010802 5.358171
v 0.110485 0.017985 5.361562
v 0.109731 0.016956 5.359035
v 0.114636 0.014000 5.362039
v 0.113837 0.015315 5.363715
v 0.098217 0.033068 5.353698
v 0.101782 0.029156 5.356129
v 0.099786 0.031182 5.358263
v 0.094209 0.036166 5.357211
v 0.100392 0.027909 5.370719
v 0.098512 0.029952 5.366096
v 0.104808 0.026063 5.364100
v 0.105464 0.023721 5.367503
v 0.108241 0.022491 5.370844
v 0.111739 0.021400 5.373402
v 0.108326 0.024697 5.376908
v 0.104021 0.026208 5.374323
v 0.119024 0.013109 5.364571
v 0.124232 0.014097 5.368607
v 0.122844 0.015504 5.369929
v 0.118562 0.014655 5.366597
v 0.128086 0.021506 5.378697
v 0.128179 0.020482 5.376399
v 0.130892 0.019409 5.378036
v 0.129668 0.021779 5.381160
v 0.126435 0.022968 5.381904
v 0.125881 0.022283 5.378308
v 0.150865 -0.002994 5.315516
v 0.143799 -0.007412 5.335103
v 0.136534 0.008405 5.309245
v 0.123699 0.020859 5.308873
v 0.112533 0.034148 5.313006
v 0.072227 0.059536 5.402189
v 0.068190 0.069650 5.405979
v 0.067627 0.077000 5.392626
v 0.065743 0.086723 5.399223
v 0.066396 0.078130 5.413542
v 0.070842 0.092627 5.431652
v 0.066930 0.086737 5.422155
v 0.067638 0.098393 5.407578
v 0.070381 0.104805 5.389562
v 0.068482 0.093009 5.384876
v 0.075170 0.107183 5.372293
v 0.075453 0.120163 5.392908
v 0.078815 0.115870 5.371055
v 0.079959 0.151972 5.420755
v 0.076557 0.166846 5.423777
v 0.072591 0.169742 5.410183
v 0.075124 0.155510 5.406813
v 0.069704 0.082053 5.380386
v 0.096322 0.048183 5.333941
v 0.097599 0.039025 5.340690
v 0.088366 0.056001 5.341153
v 0.127233 0.043688 5.281914
v 0.126510 0.030248 5.294148
v 0.114316 0.041414 5.301112
v 0.116734 0.052083 5.288470
v 0.167043 0.025638 5.272765
v 0.158649 0.008518 5.292852
v 0.143040 0.017974 5.291194
v 0.147958 0.031662 5.274735
v 0.117685 0.064101 5.280521
v 0.119714 0.080550 5.273296
v 0.132285 0.080506 5.261258
v 0.130073 0.060015 5.269336
v 0.152948 0.081282 5.248929
v 0.151507 0.055625 5.258117
v 0.077065 0.131134 5.377696
v 0.081242 0.122557 5.362255
v 0.077580 0.139081 5.402544
v 0.075986 0.144817 5.388535
v 0.176836 0.084529 5.242853
v 0.175053 0.052001 5.254221
v 0.124250 0.132401 5.279830
v 0.128683 0.118759 5.268038
v 0.115806 0.108134 5.279060
v 0.112387 0.121452 5.287758
v 0.138540 0.144558 5.274303
v 0.146025 0.130037 5.259845
v 0.107935 0.150128 5.326244
v 0.105412 0.152997 5.343310
v 0.113370 0.162397 5.341826
v 0.117364 0.161678 5.324509
v 0.108246 0.015479 5.347349
v 0.108661 0.015210 5.355037
v 0.105021 0.021142 5.352778
v 0.103661 0.023706 5.345835
v 0.103658 0.029802 5.337621
v 0.103996 0.037746 5.328642
v 0.106717 0.052201 5.308595
v 0.109376 0.061064 5.295861
v 0.111731 0.083136 5.283378
v 0.110624 0.070016 5.288753
v 0.108015 0.105351 5.290459
v 0.105950 0.113842 5.295681
v 0.089209 0.130266 5.348924
v 0.082823 0.140699 5.365979
v 0.092463 0.150246 5.360228
v 0.097729 0.142879 5.345029
v 0.110822 0.168729 5.354955
v 0.101707 0.159398 5.357338
v 0.077715 0.167507 5.384569
v 0.077117 0.182869 5.388647
v 0.084455 0.189397 5.380419
v 0.085201 0.175191 5.377719
v 0.094173 0.198185 5.374893
v 0.104977 0.204912 5.372091
v 0.105938 0.191210 5.369362
v 0.096110 0.184028 5.372444
v 0.087541 0.163654 5.445060
v 0.085798 0.175392 5.447715
v 0.079522 0.176741 5.438140
v 0.082418 0.164728 5.435598
v 0.076033 0.197241 5.389359
v 0.083052 0.202808 5.379707
v 0.099978 0.138262 5.329284
v 0.094294 0.128005 5.330696
v 0.092324 0.211355 5.374344
v 0.097967 0.170295 5.367735
v 0.088607 0.162910 5.371801
v 0.120518 0.176302 5.354003
v 0.123949 0.172020 5.342332
v 0.112077 0.024963 5.396094
v 0.117772 0.022952 5.380280
v 0.120010 0.021641 5.377055
v 0.123793 0.022432 5.377951
v 0.122291 0.022962 5.381347
v 0.146702 -0.006408 5.362450
v 0.139316 0.001592 5.376067
v 0.130881 0.000054 5.365505
v 0.137128 -0.004934 5.353430
v 0.083247 0.039173 5.384856
v 0.091817 0.031414 5.388379
v 0.089389 0.034139 5.397804
v 0.082332 0.041017 5.397920
v 0.104584 0.026307 5.358395
v 0.104477 0.025551 5.356295
v 0.106303 0.023893 5.358880
v 0.078609 0.048866 5.408318
v 0.076968 0.049944 5.399652
v 0.081517 0.063574 5.351530
v 0.099398 0.032145 5.346667
v 0.189559 0.021464 5.278606
v 0.178099 0.000547 5.300384
v 0.200975 0.086173 5.244629
v 0.197621 0.049266 5.258118
v 0.166670 0.141046 5.256066
v 0.156996 0.157239 5.272972
v 0.175526 0.167677 5.273572
v 0.187154 0.152036 5.253045
v 0.127979 0.172421 5.326952
v 0.115833 0.208757 5.372557
v 0.117871 0.196215 5.367868
v 0.165122 -0.008537 5.322870
v 0.155187 -0.010810 5.345254
v 0.105245 0.046059 5.318779
v 0.083932 0.043785 5.363709
v 0.090391 0.036771 5.363057
v 0.089283 0.035383 5.369167
v 0.081726 0.043515 5.372040
v 0.078833 0.054761 5.364370
v 0.076745 0.068497 5.364377
v 0.075110 0.084859 5.363706
v 0.073371 0.097291 5.369445
v 0.120124 0.095916 5.272036
v 0.132934 0.101272 5.261031
v 0.151801 0.106657 5.248946
v 0.173763 0.115945 5.244162
v 0.112870 0.095278 5.281185
v 0.197218 0.122527 5.244809
v 0.103493 0.032051 5.425079
v 0.098666 0.035156 5.419509
v 0.107283 0.029593 5.422821
v 0.091899 0.045813 5.440416
v 0.094802 0.045381 5.443705
v 0.091711 0.050205 5.445602
v 0.088236 0.050562 5.441574
v 0.078601 0.093181 5.450577
v 0.074658 0.093851 5.442135
v 0.088988 0.150367 5.443056
v 0.084594 0.151287 5.433911
v 0.110287 0.020049 5.418052
v 0.111466 0.018524 5.418425
v 0.110574 0.021392 5.416709
v 0.110055 0.023302 5.416882
v 0.088452 0.046932 5.424354
v 0.101682 0.033972 5.434177
v 0.103896 0.033603 5.436401
v 0.102144 0.037042 5.437853
v 0.099707 0.037326 5.435598
v 0.073428 0.111901 5.418119
v 0.081231 0.136809 5.418235
v 0.073030 0.176262 5.400341
v 0.074116 0.160701 5.395418
v 0.079627 0.153388 5.377693
v 0.108986 0.178002 5.363844
v 0.118556 0.184637 5.362400
v 0.138966 0.190102 5.371720
v 0.140053 0.185237 5.366874
v 0.129981 0.182016 5.358969
v 0.129184 0.189107 5.365630
v 0.079039 0.113061 5.434780
v 0.083240 0.110737 5.444130
v 0.085899 0.130661 5.441767
v 0.085404 0.137419 5.432220
v 0.112652 0.020978 5.423883
v 0.112853 0.020607 5.426760
v 0.112265 0.024278 5.426204
v 0.111732 0.023044 5.422968
v 0.108514 0.024797 5.418699
v 0.110134 0.025036 5.419313
v 0.109139 0.026879 5.420775
v 0.108746 0.019664 5.418765
v 0.108397 0.023012 5.417893
v 0.111912 0.015844 5.423015
v 0.110073 0.016696 5.420769
v 0.111330 0.012007 5.425574
v 0.113584 0.022121 5.421129
v 0.112107 0.023652 5.420381
v 0.110499 0.024706 5.417457
v 0.111627 0.025213 5.417764
v 0.112340 0.016471 5.421082
v 0.111123 0.017828 5.419709
v 0.124843 0.008901 5.407694
v 0.128910 0.006136 5.410885
v 0.124291 0.005259 5.418239
v 0.119440 0.004752 5.426010
v 0.115470 0.010604 5.430645
v 0.088682 0.128837 5.448107
v 0.093474 0.150528 5.449106
v 0.167023 -0.011082 5.355316
v 0.156180 -0.004932 5.370458
v 0.088213 0.049215 5.423093
v 0.127292 0.008737 5.368101
v 0.091919 0.031961 5.376166
v 0.106865 0.025938 5.389896
v 0.099602 0.028069 5.389400
v 0.103892 0.026606 5.382573
v 0.109778 0.024993 5.384073
v 0.132797 0.010498 5.375843
v 0.137605 0.008853 5.386003
v 0.133826 0.014334 5.381881
v 0.131309 0.017871 5.386055
v 0.132722 0.012397 5.392930
v 0.125864 0.018363 5.392497
v 0.126746 0.021544 5.386982
v 0.108043 0.020667 5.359987
v 0.106823 0.021025 5.357334
v 0.119931 0.022464 5.391376
v 0.113729 0.024753 5.390486
v 0.115731 0.024350 5.385207
v 0.121420 0.023692 5.386350
v 0.097568 0.028721 5.380278
v 0.101703 0.028147 5.351828
v 0.098566 0.031227 5.361925
v 0.091305 0.118158 5.328271
v 0.087742 0.119122 5.341807
v 0.076279 0.108279 5.353224
v 0.079432 0.108413 5.361298
v 0.081737 0.111522 5.358454
v 0.079100 0.110138 5.351916
v 0.101112 0.095539 5.303548
v 0.103800 0.095380 5.297225
v 0.103165 0.088509 5.299309
v 0.100961 0.092314 5.304149
v 0.101002 0.085180 5.304873
v 0.101617 0.081523 5.303983
v 0.097602 0.082189 5.310515
v 0.099777 0.086714 5.306380
v 0.105331 0.076055 5.296420
v 0.103564 0.068556 5.305477
v 0.099286 0.076666 5.311274
v 0.096498 0.059456 5.326386
v 0.092221 0.074565 5.327770
v 0.096623 0.074293 5.319139
v 0.101164 0.063590 5.314984
v 0.077726 0.102490 5.358372
v 0.078108 0.094653 5.353371
v 0.083956 0.115266 5.352215
v 0.194805 0.173423 5.283771
v 0.213492 0.161199 5.257226
v 0.118033 0.141505 5.294094
v 0.130937 0.153847 5.290491
v 0.108200 0.130140 5.299586
v 0.102621 0.120684 5.305539
v 0.147191 0.166079 5.288898
v 0.165449 0.174704 5.292805
v 0.087064 0.067949 5.337811
v 0.086301 0.079973 5.336957
v 0.111437 0.147554 5.309731
v 0.123818 0.159674 5.307231
v 0.103238 0.135412 5.313919
v 0.098146 0.124911 5.316651
v 0.137376 0.171970 5.306982
v 0.140671 0.178872 5.334076
v 0.151036 0.179791 5.311911
v 0.078530 0.101879 5.345342
v 0.079634 0.100323 5.349677
v 0.077546 0.105696 5.353332
v 0.075064 0.104880 5.349796
v 0.080861 0.076726 5.349096
v 0.081548 0.087257 5.345533
v 0.128443 0.009956 5.400820
v 0.137649 0.008003 5.397003
v 0.133267 0.006864 5.403847
v 0.142276 0.006317 5.389949
v 0.219473 0.049022 5.268827
v 0.208727 0.019952 5.289114
v 0.220497 0.125314 5.252704
v 0.223917 0.087553 5.254438
v 0.089629 0.054629 5.452437
v 0.082015 0.063227 5.459736
v 0.107075 0.030124 5.428636
v 0.108928 0.030075 5.431104
v 0.106249 0.032325 5.433740
v 0.104256 0.032385 5.431475
v 0.129488 0.016356 5.373487
v 0.135829 0.178001 5.347233
v 0.128123 0.198150 5.371237
v 0.126355 0.209171 5.376482
v 0.103175 0.217411 5.372690
v 0.114984 0.221553 5.374837
v 0.110897 0.027259 5.428793
v 0.109298 0.027625 5.426244
v 0.112787 0.016690 5.420222
v 0.096317 0.038897 5.432274
v 0.110423 0.025755 5.424174
v 0.110691 0.024080 5.421579
v 0.113533 0.024399 5.428401
v 0.112004 0.027646 5.430111
v 0.113047 0.023415 5.378701
v 0.116012 0.021195 5.375271
v 0.112274 0.016748 5.427122
v 0.113277 0.017841 5.424276
v 0.114366 0.017372 5.430523
v 0.073684 0.179224 5.426532
v 0.070861 0.183985 5.413665
v 0.105494 0.033685 5.437731
v 0.103839 0.037242 5.439370
v 0.196358 -0.001239 5.311442
v 0.155529 0.182168 5.344187
v 0.167400 0.182134 5.323855
v 0.089718 0.084044 5.328960
v 0.087238 0.090668 5.328547
v 0.089941 0.088146 5.322176
v 0.093393 0.081494 5.321724
v 0.092210 0.163224 5.451231
v 0.072356 0.190888 5.401159
v 0.125966 0.222122 5.379561
v 0.103951 0.027345 5.359330
v 0.104326 0.027286 5.361337
v 0.126537 0.018018 5.373363
v 0.181246 0.178050 5.302119
v 0.091999 0.043883 5.433995
v 0.095605 0.044795 5.431666
v 0.137416 0.198301 5.376625
v 0.087062 0.109653 5.449813
v 0.113711 0.020611 5.428791
v 0.148360 0.180451 5.354262
v 0.095156 0.089868 5.313535
v 0.092050 0.087149 5.314658
v 0.093501 0.091542 5.318207
v 0.093589 0.091412 5.317825
v 0.092218 0.083358 5.314079
v 0.091056 0.086836 5.314653
v 0.091354 0.085107 5.311360
v 0.093660 0.082579 5.309746
v 0.095532 0.081437 5.315643
v 0.091296 0.085567 5.317888
v 0.091738 0.086085 5.307693
v 0.093156 0.084090 5.306348
v 0.099124 0.085267 5.306269
v 0.100159 0.089289 5.305892
v 0.091872 0.087118 5.302179
v 0.098584 0.088157 5.302113
v 0.090302 0.092314 5.298827
v 0.096788 0.093683 5.298577
v 0.088452 0.098823 5.297217
v 0.094461 0.100351 5.298401
v 0.081735 0.094815 5.344185
v 0.081955 0.098902 5.340749
v 0.085565 0.103991 5.299933
v 0.091691 0.106236 5.302538
v 0.081875 0.109178 5.304623
v 0.087852 0.111208 5.307618
v 0.078339 0.112346 5.311197
v 0.083514 0.114295 5.313912
v 0.075831 0.114655 5.318420
v 0.079974 0.116363 5.321501
v 0.073811 0.114838 5.326308
v 0.076510 0.116951 5.330961
v 0.091253 0.093008 5.301221
v 0.091808 0.100266 5.301669
v 0.100189 0.099507 5.306127
v 0.092212 0.088886 5.304018
v 0.090387 0.100147 5.318481
v 0.092521 0.098515 5.319490
v 0.091354 0.099116 5.318893
v 0.091150 0.101948 5.319248
v 0.083073 0.093928 5.334773
v 0.084526 0.096269 5.334376
v 0.086427 0.094403 5.329593
v 0.084209 0.097965 5.337870
v 0.085330 0.097965 5.337437
v 0.087440 0.097147 5.334945
v 0.090558 0.095459 5.330844
v 0.085753 0.102349 5.337941
v 0.082210 0.100905 5.336916
v 0.088193 0.101506 5.337411
v 0.088877 0.101150 5.337860
v 0.091898 0.100275 5.335081
v 0.091314 0.097932 5.332775
v 0.085344 0.088738 5.336814
v 0.089334 0.112050 5.326488
v 0.085845 0.113177 5.337206
v 0.072608 0.113250 5.334153
v 0.073078 0.116268 5.340024
v 0.072745 0.108808 5.349086
v 0.072060 0.113137 5.346391
v 0.097557 0.102497 5.309655
v 0.094799 0.106277 5.314077
v 0.082485 0.112082 5.345630
v 0.092259 0.109536 5.319341
v 0.076739 0.112197 5.324982
v 0.076239 0.110314 5.330282
v 0.078533 0.112366 5.319014
v 0.079080 0.102648 5.338198
v 0.075835 0.106238 5.343051
v 0.073290 0.110501 5.339800
v 0.076925 0.106810 5.334709
v 0.077960 0.107784 5.324043
v 0.078684 0.106952 5.328544
v 0.082830 0.108193 5.323203
v 0.086285 0.105410 5.329550
v 0.086049 0.103640 5.334230
v 0.080566 0.104361 5.333155
v 0.087190 0.103262 5.328745
v 0.088974 0.103860 5.324160
v 0.088315 0.101532 5.334858
v 0.082093 0.106324 5.319735
v 0.082561 0.103926 5.316256
v 0.085637 0.101391 5.316381
v 0.087118 0.104536 5.319438
v 0.081522 0.111061 5.313515
v 0.081591 0.107728 5.315200
v 0.078657 0.108395 5.319206
v 0.085195 0.105926 5.311069
v 0.085508 0.108657 5.308289
v 0.085053 0.103259 5.312347
v 0.085934 0.100054 5.313575
v 0.090652 0.099272 5.305269
v 0.088452 0.102935 5.307806
v 0.089056 0.104862 5.303785
v 0.087635 0.101013 5.310151
v 0.089530 0.098183 5.308189
v 0.088790 0.097327 5.311110
v 0.087494 0.099629 5.311078
v 0.092911 0.087181 5.309032
v 0.092790 0.086678 5.311779
v 0.093750 0.090911 5.306141
v 0.094726 0.089329 5.307316
v 0.092914 0.091573 5.308824
v 0.094911 0.089167 5.309022
v 0.092894 0.092136 5.311909
v 0.092344 0.092615 5.315896
v 0.078794 0.195537 5.451785
v 0.082833 0.186883 5.449473
v 0.089544 0.187084 5.455680
v 0.086555 0.196228 5.457762
v 0.090622 0.094681 5.311807
v 0.091061 0.094652 5.308138
v 0.092459 0.095039 5.304671
v 0.088952 0.097238 5.316226
v 0.087840 0.098615 5.315732
v 0.088257 0.097804 5.313970
v 0.089992 0.095700 5.314739
v 0.088358 0.092775 5.324863
v 0.090819 0.096995 5.323936
v 0.089626 0.100013 5.324518
v 0.055398 0.214990 5.434563
v 0.049980 0.219601 5.416493
v 0.057771 0.216866 5.415337
v 0.062644 0.210895 5.431131
v 0.039761 0.211992 5.449775
v 0.028248 0.216301 5.465769
v 0.021475 0.213819 5.452496
v 0.031899 0.214989 5.427402
v 0.009488 0.215412 5.471968
v 0.015788 0.219404 5.482749
v -0.021705 0.227157 5.520898
v -0.012351 0.222708 5.505526
v -0.003379 0.222978 5.514767
v -0.011691 0.226687 5.529989
v -0.072636 0.268969 5.572096
v -0.066119 0.264146 5.578516
v -0.065178 0.278207 5.589873
v -0.073109 0.285974 5.582933
v -0.029868 0.217142 5.467355
v -0.037285 0.225218 5.468008
v -0.027469 0.209050 5.455894
v -0.019026 0.203977 5.453775
v 0.035960 0.225523 5.375398
v 0.043146 0.227334 5.377950
v 0.040446 0.222883 5.399384
v 0.034079 0.218203 5.398900
v -0.080140 0.284901 5.521146
v -0.075585 0.271513 5.523826
v -0.080316 0.277642 5.535830
v -0.084090 0.290997 5.534695
v -0.083672 0.357257 5.579929
v -0.078123 0.348420 5.593379
v -0.085586 0.360167 5.604827
v -0.090264 0.371203 5.591387
v -0.085170 0.379633 5.522378
v -0.086471 0.395257 5.533560
v -0.080480 0.410496 5.520460
v -0.080342 0.393723 5.508897
v -0.036223 0.230523 5.505641
v -0.025595 0.223503 5.490751
v -0.020041 0.223086 5.497535
v -0.029928 0.228581 5.512743
v -0.073634 0.082126 5.486183
v -0.064913 0.101778 5.474375
v -0.065690 0.106796 5.488290
v -0.074215 0.087339 5.500323
v -0.113052 0.448194 5.611194
v -0.119608 0.452499 5.624447
v -0.111840 0.469471 5.616972
v -0.104700 0.464100 5.603045
v -0.018191 0.164301 5.403610
v -0.024170 0.164960 5.381873
v -0.017522 0.171691 5.376158
v -0.012453 0.169191 5.398628
v -0.052549 0.249013 5.487358
v -0.045938 0.238512 5.477428
v -0.038460 0.228742 5.478938
v -0.046954 0.239597 5.490934
v -0.080103 0.366401 5.484033
v -0.077129 0.352410 5.471005
v -0.081804 0.341512 5.481949
v -0.085363 0.354078 5.496044
v -0.086722 0.366935 5.509783
v -0.081078 0.380541 5.497159
v -0.043698 0.235456 5.494942
v -0.032924 0.223603 5.481589
v -0.029248 0.223317 5.485506
v -0.040611 0.232862 5.499662
v -0.059598 0.292891 5.598534
v -0.069272 0.302899 5.590337
v -0.123977 0.435096 5.634803
v -0.117783 0.431584 5.622238
v -0.117888 0.415808 5.634902
v -0.124279 0.418657 5.646928
v -0.061637 0.330054 5.596591
v -0.069471 0.336903 5.585578
v -0.071260 0.324597 5.582985
v -0.062776 0.318782 5.592715
v -0.120235 0.403344 5.659762
v -0.114094 0.401646 5.648033
v -0.106844 0.389172 5.660544
v -0.113242 0.390036 5.672304
v -0.002028 0.218621 5.489271
v 0.005539 0.220816 5.498945
v -0.080658 0.277671 5.556942
v -0.077679 0.273726 5.564512
v -0.079022 0.291458 5.574303
v -0.082873 0.295113 5.565475
v -0.054848 0.260659 5.465772
v -0.050881 0.246742 5.458704
v -0.037822 0.219903 5.457553
v -0.046585 0.239610 5.468079
v -0.120955 0.473194 5.627515
v -0.129117 0.455427 5.634474
v -0.127164 0.403838 5.669169
v -0.119988 0.389673 5.681893
v -0.068985 0.255170 5.444525
v -0.064241 0.251415 5.447675
v -0.065919 0.269980 5.444139
v -0.068828 0.275360 5.438748
v -0.036791 0.259288 5.596127
v -0.047457 0.277865 5.601927
v -0.054755 0.265954 5.591707
v -0.045435 0.252202 5.584920
v -0.080815 0.312092 5.571507
v -0.075829 0.308387 5.581387
v -0.078056 0.328106 5.572442
v -0.027018 0.269531 5.605262
v -0.036860 0.294743 5.610332
v 0.015408 0.223148 5.509494
v 0.007432 0.224621 5.524286
v 0.025092 0.220625 5.494404
v 0.035682 0.217118 5.480213
v 0.044860 0.218263 5.492760
v 0.034558 0.222244 5.506774
v 0.046502 0.212013 5.467377
v 0.054736 0.212430 5.480781
v 0.063108 0.210181 5.450058
v 0.069270 0.206335 5.445276
v -0.052673 0.252755 5.476058
v -0.058560 0.262859 5.484491
v -0.132339 0.419606 5.656501
v 0.000833 0.310786 5.362552
v -0.013323 0.295032 5.362237
v -0.017031 0.307265 5.370052
v 0.000164 0.324112 5.370125
v 0.028065 0.212678 5.396420
v 0.030210 0.221500 5.372718
v -0.070005 0.280806 5.419330
v -0.068635 0.287045 5.423155
v -0.058461 0.307470 5.416266
v -0.060210 0.299518 5.412682
v -0.075017 0.253345 5.440290
v -0.078066 0.247631 5.438835
v -0.088858 0.223827 5.449017
v -0.085868 0.227720 5.451172
v -0.099201 0.484831 5.612459
v -0.091450 0.478585 5.598414
v -0.039513 0.418879 5.476418
v -0.043150 0.401482 5.461900
v -0.058203 0.397563 5.472940
v -0.056041 0.413582 5.487150
v 0.100857 0.341642 5.423733
v 0.082225 0.341187 5.409341
v 0.079954 0.352600 5.416634
v 0.097709 0.353456 5.430784
v 0.043222 0.324359 5.370230
v 0.064246 0.329690 5.385982
v 0.065910 0.320278 5.380348
v 0.045069 0.312703 5.364046
v 0.020087 0.325010 5.367802
v 0.020707 0.337400 5.376690
v -0.070430 0.375668 5.472181
v -0.069308 0.360033 5.460629
v -0.067625 0.338500 5.441538
v -0.067330 0.328597 5.436613
v -0.072281 0.321651 5.444271
v -0.073248 0.330446 5.449891
v 0.052478 0.226991 5.378746
v 0.048994 0.237903 5.362354
v 0.060317 0.237151 5.364473
v 0.090732 0.276876 5.373118
v 0.082614 0.271133 5.367991
v 0.075624 0.277746 5.367064
v 0.088742 0.283957 5.374959
v 0.064371 0.404808 5.450307
v 0.056031 0.419668 5.465936
v 0.075379 0.419330 5.476779
v 0.083721 0.406688 5.462320
v -0.063545 0.319709 5.427972
v -0.060189 0.318272 5.423500
v -0.066168 0.298640 5.426747
v -0.067288 0.301461 5.430307
v -0.055530 0.332670 5.423560
v -0.061363 0.332521 5.429628
v -0.061087 0.342986 5.433758
v -0.053370 0.344889 5.426627
v -0.046769 0.383824 5.450455
v -0.050535 0.368747 5.440393
v -0.061056 0.364787 5.450130
v -0.059390 0.380567 5.460666
v 0.052652 0.462245 5.539194
v 0.060541 0.451372 5.517614
v 0.043876 0.453459 5.509679
v 0.037577 0.467586 5.532500
v -0.057253 0.217848 5.455256
v -0.061980 0.199691 5.465779
v -0.052355 0.193179 5.463679
v -0.049863 0.207675 5.455677
v -0.099680 0.209591 5.439055
v -0.099282 0.207965 5.433610
v -0.105031 0.194803 5.436866
v -0.105934 0.196894 5.441606
v -0.077717 0.184650 5.481707
v -0.085820 0.165572 5.495225
v -0.074674 0.162218 5.490592
v -0.067692 0.181559 5.477940
v 0.021412 0.234639 5.351074
v 0.029089 0.235434 5.352933
v 0.023852 0.218118 5.369725
v -0.085430 0.209527 5.469524
v -0.090843 0.210357 5.467259
v -0.099940 0.192175 5.479378
v -0.093688 0.190950 5.483116
v -0.080001 0.079051 5.471895
v -0.070829 0.098211 5.460193
v -0.104304 0.148919 5.508860
v -0.095195 0.168036 5.497483
v -0.103395 0.170393 5.495391
v -0.114119 0.151019 5.507238
v -0.053411 0.428748 5.501333
v -0.036085 0.433939 5.492684
v -0.068191 0.510264 5.613118
v -0.056025 0.500430 5.596531
v -0.073170 0.491616 5.596512
v -0.084322 0.499683 5.611953
v -0.107847 0.491751 5.625876
v -0.079036 0.516622 5.629177
v -0.094150 0.505704 5.626259
v 0.077177 0.226663 5.372550
v 0.068796 0.233374 5.367094
v 0.080726 0.243812 5.365249
v 0.089474 0.235121 5.368952
v -0.188440 0.522284 5.699131
v -0.196866 0.497718 5.695907
v -0.209947 0.500244 5.713688
v -0.200377 0.525823 5.721180
v 0.107130 0.260625 5.375718
v 0.111615 0.249044 5.376086
v 0.100235 0.242814 5.371300
v 0.093404 0.253108 5.368852
v -0.174943 0.514575 5.679231
v -0.183717 0.491287 5.679554
v 0.066946 0.218323 5.384790
v 0.059443 0.224488 5.380319
v 0.065032 0.213902 5.400754
v 0.056846 0.220532 5.398300
v 0.064862 0.207685 5.415343
v -0.200323 0.472952 5.698143
v -0.213637 0.472864 5.710812
v 0.090600 0.222705 5.372267
v 0.102157 0.229364 5.372302
v 0.114996 0.234843 5.376688
v 0.127112 0.235529 5.382001
v 0.138392 0.233577 5.387949
v 0.137342 0.223228 5.385971
v -0.131897 0.476311 5.637857
v -0.120759 0.495378 5.635608
v -0.214977 0.557189 5.840289
v -0.231206 0.539013 5.846271
v -0.209400 0.543298 5.871766
v -0.194655 0.562644 5.861723
v -0.131898 0.558247 5.895337
v -0.167196 0.561033 5.881370
v -0.180269 0.540789 5.891816
v -0.145459 0.533550 5.905490
v -0.063704 0.582806 5.774951
v -0.053865 0.574173 5.753646
v -0.078585 0.578097 5.741114
v -0.088521 0.587829 5.760880
v -0.106497 0.512507 5.637981
v -0.091446 0.524642 5.642188
v -0.137422 0.457604 5.644220
v -0.286911 0.427376 5.764049
v -0.309707 0.413283 5.781156
v -0.311307 0.446667 5.793673
v -0.290026 0.460690 5.776999
v -0.287991 0.496226 5.840607
v -0.269560 0.504895 5.865914
v -0.252583 0.516871 5.853749
v -0.272286 0.506767 5.824578
v -0.111791 0.376824 5.694432
v -0.118054 0.375923 5.704485
v -0.125876 0.389701 5.691525
v -0.079731 0.349109 5.727153
v -0.084451 0.347191 5.738043
v -0.097516 0.354752 5.727623
v -0.093011 0.356845 5.716557
v -0.122626 0.372078 5.807124
v -0.115676 0.372127 5.789135
v -0.106004 0.365457 5.798685
v -0.112158 0.370575 5.815104
v -0.197300 0.446188 5.703377
v -0.185491 0.445670 5.695080
v -0.176658 0.425554 5.706744
v -0.186915 0.423642 5.713144
v -0.192567 0.517111 5.898723
v -0.157436 0.508261 5.909752
v -0.273839 0.394586 5.760544
v -0.296935 0.382461 5.776170
v -0.279561 0.357845 5.783539
v -0.255173 0.370779 5.767959
v -0.235152 0.358464 5.786522
v -0.258654 0.344215 5.801561
v -0.142567 0.404849 5.872487
v -0.149331 0.408314 5.872388
v -0.149420 0.396810 5.846925
v -0.139463 0.392823 5.847666
v -0.106579 0.585905 5.860505
v -0.135628 0.591430 5.848595
v -0.151130 0.579030 5.866981
v -0.118504 0.575612 5.878927
v -0.075784 0.532422 5.648510
v -0.063354 0.523145 5.633369
v -0.048861 0.526599 5.640544
v -0.036325 0.518403 5.620355
v -0.052795 0.515745 5.615662
v 0.004445 0.437862 5.481675
v 0.000874 0.422221 5.462598
v -0.020264 0.422745 5.469142
v -0.016897 0.437534 5.486043
v 0.063951 0.340279 5.393419
v 0.062500 0.351064 5.401278
v -0.240893 0.504710 5.890722
v -0.267857 0.489458 5.899062
v -0.240664 0.480389 5.915638
v -0.202623 0.495925 5.906343
v -0.309261 0.479357 5.853916
v -0.304454 0.473822 5.813838
v -0.323041 0.461673 5.830225
v -0.331261 0.398279 5.796029
v -0.332474 0.431098 5.809802
v -0.303768 0.344190 5.800240
v -0.282674 0.331509 5.817998
v -0.209742 0.373182 5.877053
v -0.231210 0.366196 5.889110
v -0.244030 0.348268 5.866374
v -0.222503 0.356808 5.853373
v -0.146239 0.383780 5.784681
v -0.159021 0.387985 5.787580
v -0.169301 0.396813 5.759415
v -0.159926 0.397262 5.752724
v -0.087908 0.357861 5.705858
v -0.077938 0.352283 5.715245
v -0.105448 0.377344 5.684835
v -0.096702 0.365983 5.696119
v -0.102556 0.365190 5.706205
v -0.063562 0.336819 5.654772
v -0.069140 0.343178 5.668428
v -0.079970 0.353401 5.657658
v -0.075440 0.346579 5.643602
v -0.069838 0.338280 5.629439
v -0.057332 0.329163 5.640607
v -0.037580 0.314307 5.613918
v -0.050821 0.322180 5.605839
v -0.051615 0.309427 5.602187
v 0.025496 0.225759 5.520941
v 0.017547 0.227883 5.534801
v -0.212207 0.440470 5.712542
v -0.187200 0.467766 5.914998
v -0.220114 0.459826 5.925622
v -0.213129 0.434146 5.925891
v -0.187066 0.440000 5.916154
v -0.188142 0.468855 5.686250
v -0.133554 0.436529 5.644763
v -0.140152 0.438430 5.653934
v -0.086417 0.357775 5.539307
v -0.088381 0.377971 5.548534
v -0.058490 0.259289 5.581888
v -0.053309 0.250347 5.574242
v -0.283729 0.489187 5.797200
v -0.325880 0.331739 5.818092
v -0.304670 0.320054 5.835574
v -0.326260 0.307601 5.854755
v -0.347336 0.319023 5.836040
v -0.248642 0.377330 5.917660
v -0.276792 0.368674 5.929693
v -0.281297 0.348599 5.916167
v -0.255406 0.358429 5.902434
v -0.304572 0.356861 5.941919
v -0.330279 0.345658 5.955200
v -0.332764 0.325019 5.946960
v -0.307701 0.336411 5.930701
v -0.320532 0.369802 5.792947
v -0.371421 0.372484 5.831262
v -0.350847 0.386569 5.813728
v -0.341950 0.357159 5.810669
v -0.363469 0.343844 5.828029
v -0.292670 0.487136 5.877063
v -0.201348 0.390586 5.895947
v -0.222789 0.385579 5.905898
v -0.280254 0.407768 5.944179
v -0.247542 0.419008 5.935510
v -0.257086 0.443366 5.936157
v -0.289850 0.429670 5.943967
v -0.352518 0.443083 5.877427
v -0.332468 0.459320 5.865312
v -0.344628 0.441959 5.843527
v -0.364713 0.425352 5.857493
v -0.352182 0.415184 5.825555
v -0.371714 0.400550 5.842138
v -0.412078 0.341678 5.865514
v -0.391934 0.357806 5.848188
v -0.383698 0.329383 5.846342
v -0.403741 0.314352 5.865803
v -0.412322 0.370448 5.873093
v -0.392156 0.386036 5.857637
v -0.405587 0.391884 5.885260
v -0.385355 0.408928 5.871529
v -0.393178 0.406816 5.901003
v -0.373142 0.424202 5.889197
v -0.380887 0.416429 5.917882
v -0.360614 0.433795 5.908534
v -0.346114 0.435913 5.926557
v -0.367984 0.418766 5.933956
v -0.354864 0.413283 5.948195
v -0.330778 0.430233 5.941315
v -0.335268 0.384888 5.962855
v -0.309730 0.395620 5.952950
v -0.318079 0.416311 5.950670
v -0.343532 0.402198 5.958461
v -0.407912 0.363273 5.992171
v -0.395345 0.363347 5.988753
v -0.403131 0.371428 5.975397
v -0.414805 0.369998 5.978414
v -0.423018 0.375297 5.965719
v -0.412219 0.376169 5.962264
v -0.422534 0.380165 5.949550
v -0.433098 0.378229 5.953041
v -0.446640 0.367496 5.927763
v -0.459056 0.366297 5.935383
v -0.445877 0.375625 5.942353
v -0.434668 0.378243 5.937312
v -0.459103 0.353443 5.918351
v -0.472458 0.352439 5.929691
v -0.468053 0.334071 5.915778
v -0.481188 0.334374 5.931765
v -0.468538 0.308669 5.921040
v -0.482549 0.311818 5.941777
v -0.397930 0.316545 5.991336
v -0.390943 0.332994 5.995869
v -0.403975 0.337753 6.007245
v -0.410829 0.322118 6.006107
v -0.418476 0.280823 5.978993
v -0.436049 0.295519 5.997173
v -0.450541 0.277902 5.986294
v -0.433631 0.263894 5.963867
v -0.432474 0.325449 5.882842
v -0.431926 0.354003 5.888021
v -0.424632 0.375477 5.897547
v -0.412960 0.390770 5.911587
v -0.357753 0.376183 5.973442
v -0.366186 0.390932 5.966313
v -0.357145 0.317203 5.963186
v -0.353073 0.338083 5.969943
v -0.430692 0.269312 5.920614
v -0.444362 0.287992 5.907425
v -0.423321 0.300358 5.886486
v -0.407902 0.281462 5.899165
v -0.450284 0.341274 5.902083
v -0.442648 0.362129 5.908429
v -0.431130 0.377469 5.919996
v -0.407455 0.389482 5.945281
v -0.419873 0.387621 5.932209
v -0.396479 0.385679 5.958453
v -0.378042 0.369219 5.982696
v -0.386048 0.380596 5.971612
v -0.379702 0.314629 5.977612
v -0.373633 0.334204 5.983185
v -0.469785 0.275347 5.967170
v -0.483304 0.290217 5.949391
v -0.465391 0.282615 5.928075
v -0.452990 0.264411 5.943399
v -0.482434 0.295097 5.988974
v -0.464354 0.296166 6.004141
v -0.442303 0.385103 5.959979
v -0.432392 0.382781 5.971081
v -0.455225 0.382376 5.950253
v -0.494012 0.341805 5.951126
v -0.483962 0.361652 5.942433
v -0.497711 0.322448 5.963479
v -0.494349 0.303243 5.970790
v -0.427400 0.366308 6.024835
v -0.435973 0.353019 6.029516
v -0.421998 0.334917 6.017013
v -0.415489 0.349174 6.014601
v -0.426578 0.387843 6.006290
v -0.419591 0.369799 5.996557
v -0.425733 0.376139 5.983706
v -0.429799 0.396969 5.993423
v -0.451321 0.402750 5.968329
v -0.438510 0.402325 5.980384
v -0.465347 0.399962 5.958372
v -0.496294 0.376952 5.958309
v -0.481382 0.391725 5.953942
v -0.469608 0.374694 5.943447
v -0.507688 0.355442 5.972293
v -0.522160 0.358496 6.012205
v -0.523338 0.375246 5.991157
v -0.507654 0.336427 5.992602
v -0.540531 0.419535 6.091281
v -0.551434 0.443735 6.113522
v -0.565144 0.446470 6.097927
v -0.556310 0.422962 6.074930
v -0.436827 0.387866 6.041057
v -0.447321 0.373943 6.045356
v -0.435379 0.420519 6.007201
v -0.431324 0.411278 6.021543
v -0.524949 0.418666 5.991360
v -0.507092 0.435896 5.983568
v -0.494036 0.412964 5.967154
v -0.510692 0.396304 5.974696
v -0.478933 0.437332 6.110372
v -0.465987 0.415500 6.089683
v -0.453969 0.430781 6.083730
v -0.466970 0.452014 6.104895
v -0.443832 0.445157 6.025027
v -0.454868 0.467707 6.045012
v -0.449474 0.456773 6.061240
v -0.438968 0.434947 6.040559
v -0.548421 0.460729 6.037641
v -0.533478 0.477777 6.030084
v -0.520354 0.458124 6.004372
v -0.537094 0.440669 6.012324
v -0.534663 0.379419 6.032239
v -0.546394 0.401264 6.052593
v -0.547804 0.418530 6.029694
v -0.536741 0.397200 6.008779
v -0.517577 0.375300 6.050927
v -0.529532 0.396789 6.070462
v -0.507221 0.494542 6.143416
v -0.516255 0.484369 6.149434
v -0.497488 0.460628 6.129729
v -0.486599 0.473251 6.124103
v -0.470079 0.487595 6.066996
v -0.489542 0.504697 6.090347
v -0.483550 0.495818 6.103601
v -0.463270 0.477733 6.082233
v -0.571680 0.501532 6.094846
v -0.558083 0.516275 6.089323
v -0.546290 0.497051 6.059123
v -0.559637 0.481220 6.065501
v -0.575438 0.471953 6.123029
v -0.579432 0.484715 6.106745
v -0.569254 0.461141 6.079038
v -0.562981 0.469201 6.136607
v -0.575618 0.491464 6.159949
v -0.586075 0.494555 6.148662
v -0.524927 0.515156 6.164221
v -0.534467 0.505977 6.168133
v -0.520532 0.530651 6.150195
v -0.503541 0.512952 6.126589
v -0.508237 0.520951 6.114926
v -0.523954 0.538328 6.139475
v -0.531959 0.528728 6.094650
v -0.546108 0.545329 6.121602
v -0.532757 0.544681 6.129248
v -0.517610 0.528412 6.103871
v -0.567324 0.535284 6.118383
v -0.556030 0.543004 6.118587
v -0.543442 0.527378 6.090251
v -0.581426 0.521676 6.122601
v -0.589472 0.507104 6.133867
v -0.157018 0.460646 5.908257
v -0.168388 0.464462 5.906245
v -0.172201 0.438111 5.907817
v -0.162848 0.433520 5.903050
v -0.292111 0.326558 5.898078
v -0.267654 0.338068 5.881620
v -0.339243 0.305031 5.934145
v -0.316047 0.314917 5.915984
v -0.364183 0.297424 5.952564
v -0.408022 0.299847 5.987116
v -0.388684 0.294441 5.970277
v -0.421505 0.310467 6.003149
v -0.434891 0.323441 6.016933
v -0.450512 0.341466 6.031096
v -0.473797 0.382488 6.066869
v -0.462838 0.362673 6.047251
v -0.456347 0.394566 6.067328
v -0.498073 0.425588 6.110007
v -0.484713 0.403343 6.089087
v -0.530494 0.476621 6.151246
v -0.513940 0.450688 6.130576
v -0.547879 0.499341 6.169052
v -0.198519 0.369995 5.802417
v -0.181069 0.381659 5.794521
v -0.175149 0.381095 5.823260
v -0.188503 0.373865 5.830749
v -0.142342 0.424925 5.893634
v -0.147281 0.426500 5.893319
v -0.148883 0.417598 5.884964
v -0.143060 0.416327 5.885534
v -0.451248 0.313558 5.901450
v -0.401246 0.400256 5.925778
v -0.376938 0.398649 5.954317
v -0.388501 0.403150 5.940402
v -0.397934 0.274162 5.958984
v -0.412980 0.263690 5.939475
v -0.390172 0.273454 5.917501
v -0.375083 0.279877 5.937152
v -0.505996 0.356407 6.034741
v -0.484386 0.356190 6.044205
v -0.495331 0.377761 6.061472
v -0.497214 0.335182 6.018878
v -0.476258 0.422749 5.969584
v -0.460145 0.426197 5.978985
v -0.454896 0.450246 6.008350
v -0.445957 0.425111 5.991895
v -0.470528 0.451381 5.993859
v -0.330440 0.298553 5.897057
v -0.351765 0.288433 5.916807
v -0.368184 0.284185 5.896485
v -0.347273 0.295558 5.875288
v -0.046874 0.488286 5.577389
v -0.064203 0.481612 5.579399
v -0.086856 0.313100 5.546799
v -0.084903 0.314644 5.559779
v -0.082107 0.331253 5.559733
v -0.086215 0.332374 5.544283
v -0.087240 0.327494 5.530672
v -0.086770 0.308633 5.533672
v -0.086054 0.320210 5.516633
v -0.084198 0.302190 5.519742
v -0.062005 0.273875 5.461217
v -0.059593 0.263124 5.456059
v -0.024327 0.310715 5.624789
v -0.033751 0.316638 5.637125
v -0.048468 0.321814 5.627080
v -0.108390 0.363706 5.716924
v -0.135921 0.389334 5.762426
v -0.124465 0.379934 5.777094
v -0.131162 0.380028 5.797880
v -0.129498 0.391545 5.862459
v -0.127504 0.400586 5.880244
v -0.131482 0.415141 5.893338
v -0.132669 0.425467 5.899753
v 0.020139 0.470177 5.527919
v 0.025376 0.454285 5.504747
v 0.103540 0.330701 5.417645
v 0.083700 0.330708 5.402671
v 0.088662 0.312619 5.393072
v 0.108227 0.312526 5.407260
v 0.111589 0.303922 5.403312
v 0.092908 0.304483 5.389819
v 0.126927 0.248503 5.383358
v 0.124316 0.262480 5.386086
v -0.144014 0.439119 5.900652
v -0.147261 0.444980 5.903821
v -0.152365 0.426319 5.894393
v -0.193930 0.376739 5.864839
v -0.181899 0.381198 5.856398
v -0.175532 0.394110 5.876715
v -0.186323 0.391885 5.885370
v -0.266033 0.475730 5.759661
v -0.263028 0.442532 5.747470
v -0.224802 0.521136 5.879307
v -0.133570 0.109920 5.525781
v -0.124162 0.131296 5.516488
v -0.133178 0.130679 5.509701
v -0.141829 0.109070 5.518504
v 0.042828 0.401441 5.438620
v 0.028156 0.416583 5.455756
v 0.048949 0.223786 5.397623
v 0.010179 0.207354 5.368054
v 0.016883 0.213300 5.368596
v 0.017125 0.202856 5.391445
v 0.011939 0.196531 5.390743
v -0.017614 0.273907 5.354406
v -0.007904 0.285161 5.354609
v -0.001899 0.270402 5.347347
v -0.011277 0.258724 5.347595
v -0.097938 0.595138 5.782620
v -0.073042 0.589473 5.796496
v 0.010085 0.505759 5.607810
v 0.020553 0.494568 5.583397
v 0.004484 0.497568 5.578261
v -0.006246 0.508630 5.602381
v 0.010757 0.401685 5.437829
v -0.007411 0.405779 5.446582
v -0.016849 0.250761 5.592847
v -0.027143 0.245724 5.582992
v -0.017267 0.237420 5.568174
v -0.007290 0.240125 5.577533
v -0.128763 0.152216 5.471255
v -0.128549 0.151683 5.491248
v -0.116803 0.172221 5.482967
v -0.119078 0.174493 5.468547
v -0.251444 0.524680 5.813587
v -0.259005 0.503200 5.778150
v -0.071924 0.454214 5.542365
v -0.075773 0.464553 5.562738
v -0.057791 0.474757 5.558130
v -0.053853 0.464008 5.536140
v -0.069904 0.405117 5.497665
v -0.068519 0.421705 5.510760
v -0.071072 0.390798 5.484934
v -0.072530 0.256608 5.442339
v -0.070115 0.276956 5.434034
v -0.070628 0.275053 5.430387
v -0.204016 0.365986 5.840363
v -0.154521 0.386396 5.815821
v -0.144258 0.383081 5.816132
v -0.139456 0.436709 5.899823
v -0.132593 0.436752 5.903680
v 0.068629 0.196506 5.414841
v 0.069669 0.203595 5.401716
v -0.086475 0.187867 5.483527
v -0.078695 0.207424 5.469094
v -0.071251 0.311058 5.441257
v -0.069870 0.296421 5.440915
v -0.069167 0.288171 5.446864
v -0.071988 0.300535 5.448884
v -0.067923 0.317464 5.434062
v -0.068883 0.300592 5.435163
v -0.021998 0.212707 5.468403
v -0.012116 0.203403 5.453550
v -0.005834 0.205412 5.455770
v -0.017312 0.212859 5.471067
v -0.013444 0.215694 5.475223
v -0.000759 0.209657 5.458275
v 0.004092 0.212529 5.463759
v -0.008632 0.217359 5.481400
v 0.041085 0.215941 5.420556
v 0.047009 0.211311 5.440134
v 0.054772 0.209199 5.457351
v 0.062546 0.207163 5.470768
v 0.120096 0.275783 5.389227
v 0.100129 0.273892 5.376878
v 0.097688 0.286042 5.382082
v 0.115863 0.286427 5.394040
v 0.133557 0.285324 5.406888
v 0.136632 0.274963 5.401100
v 0.068189 0.199832 5.428759
v 0.072992 0.197962 5.441637
v 0.075099 0.202076 5.456680
v -0.089889 0.079656 5.462588
v -0.080643 0.098534 5.450309
v 0.080658 0.215106 5.378185
v 0.073676 0.209349 5.389067
v -0.103298 0.082770 5.457471
v -0.094481 0.101218 5.444749
v 0.016064 0.204492 5.417687
v 0.011739 0.199302 5.415457
v 0.022514 0.208625 5.393253
v 0.071209 0.189233 5.427394
v 0.076139 0.188128 5.439649
v -0.245177 0.474017 5.740273
v -0.242379 0.445970 5.732204
v -0.106304 0.442167 5.596546
v -0.111719 0.426399 5.608059
v -0.033329 0.325555 5.673368
v -0.040208 0.331708 5.687454
v -0.055736 0.336131 5.677907
v -0.049337 0.330242 5.664536
v -0.008825 0.308225 5.635049
v -0.017022 0.314513 5.646858
v 0.091184 0.175726 5.454185
v -0.081098 0.355053 5.694781
v -0.074677 0.349470 5.681674
v -0.060860 0.343296 5.691087
v -0.066824 0.349982 5.706257
v -0.069592 0.349510 5.723875
v -0.071899 0.347665 5.730070
v -0.124025 0.374857 5.822432
v -0.116150 0.374697 5.828364
v -0.040846 0.148496 5.442947
v -0.041379 0.142885 5.426064
v -0.031575 0.151910 5.417435
v -0.033359 0.158628 5.435811
v -0.099242 0.375997 5.672566
v -0.090743 0.363461 5.683815
v -0.059129 0.270944 5.473360
v -0.064730 0.285462 5.467740
v -0.020221 0.295619 5.619844
v -0.038290 0.242949 5.572628
v -0.029059 0.235934 5.559109
v -0.046824 0.242164 5.562811
v -0.038618 0.236141 5.549806
v -0.130973 0.449491 5.906765
v -0.137695 0.445592 5.903794
v -0.093348 0.182936 5.406313
v -0.097947 0.185184 5.414994
v -0.092290 0.199777 5.408854
v -0.087607 0.196890 5.399613
v -0.195309 0.409458 5.909454
v -0.179444 0.410358 5.900682
v -0.163128 0.488569 5.909551
v -0.146369 0.479554 5.913058
v -0.128764 0.486576 5.917253
v -0.127122 0.494670 5.916141
v -0.261650 0.332595 5.842196
v -0.237971 0.344430 5.826560
v -0.285346 0.321574 5.859926
v -0.308675 0.309345 5.878184
v -0.450923 0.313197 6.013631
v -0.472046 0.332134 6.027083
v -0.507167 0.400060 6.080961
v -0.519431 0.422470 6.101580
v -0.532674 0.446393 6.123087
v -0.562359 0.494338 6.166108
v -0.547071 0.471534 6.145057
v -0.116968 0.087313 5.457963
v -0.129779 0.091531 5.464017
v -0.122526 0.111688 5.450906
v -0.108711 0.106792 5.443927
v -0.094289 0.147094 5.506866
v -0.102501 0.128853 5.517189
v -0.090872 0.124851 5.513929
v -0.083113 0.143196 5.502551
v -0.111464 0.109898 5.528399
v -0.113656 0.131323 5.518011
v -0.123025 0.111142 5.528623
v -0.146608 0.107365 5.506349
v -0.138497 0.129867 5.498079
v -0.139471 0.126760 5.482973
v -0.147193 0.104478 5.494133
v -0.138381 0.096429 5.472744
v -0.144326 0.100906 5.483084
v -0.137085 0.121739 5.472411
v -0.132019 0.116817 5.461647
v -0.079728 0.093782 5.512431
v -0.071320 0.112544 5.499737
v -0.079785 0.118459 5.508301
v -0.088094 0.100052 5.521069
v -0.048688 0.140289 5.410653
v -0.038103 0.149563 5.398532
v -0.048519 0.234169 5.449616
v -0.045907 0.225129 5.451676
v -0.038992 0.205743 5.449317
v -0.038404 0.215797 5.451073
v -0.061285 0.116674 5.447546
v -0.070991 0.115194 5.438241
v -0.059858 0.129806 5.424084
v -0.051655 0.131593 5.436075
v -0.064125 0.132607 5.487320
v -0.056270 0.151039 5.476713
v -0.064486 0.157239 5.484487
v -0.072245 0.137391 5.496070
v -0.111077 0.172085 5.489768
v -0.122491 0.151386 5.500291
v -0.038317 0.168426 5.449389
v -0.044827 0.156838 5.457165
v -0.064080 0.279256 5.481935
v -0.073538 0.309858 5.453362
v -0.075672 0.319129 5.459351
v -0.084343 0.295432 5.557137
v -0.081935 0.280423 5.550290
v -0.083139 0.327936 5.493559
v -0.086370 0.338249 5.508326
v -0.082645 0.282979 5.544811
v -0.085142 0.294567 5.547237
v -0.070934 0.339128 5.605401
v 0.069670 0.205618 5.462909
v -0.051006 0.143199 5.466969
v -0.048582 0.135689 5.453375
v -0.109740 0.191487 5.465573
v -0.105780 0.191685 5.474321
v -0.094981 0.209944 5.462866
v -0.099230 0.207608 5.459525
v -0.018166 0.368465 5.416033
v -0.028196 0.370444 5.423903
v -0.018998 0.387682 5.433861
v -0.004854 0.384943 5.425601
v -0.084755 0.174204 5.395653
v -0.078264 0.186109 5.385404
v -0.072726 0.176470 5.380720
v -0.080971 0.164212 5.393761
v -0.063990 0.165303 5.379333
v -0.051091 0.154392 5.384403
v -0.060682 0.143901 5.398392
v -0.072912 0.153490 5.393754
v -0.223013 0.497547 5.731109
v -0.213525 0.525500 5.742998
v -0.133380 0.404961 5.678842
v -0.138784 0.421105 5.666121
v -0.152811 0.393890 5.740841
v -0.157818 0.401879 5.873192
v -0.159989 0.391039 5.848411
v -0.215700 0.409723 5.919331
v -0.226647 0.475198 5.725920
v -0.276312 0.387879 5.938077
v -0.246272 0.397669 5.927907
v -0.304810 0.446867 5.934539
v -0.274907 0.463559 5.926520
v -0.296545 0.471918 5.909587
v -0.322302 0.454569 5.918770
v -0.316331 0.470111 5.888102
v -0.338835 0.452849 5.898519
v -0.387226 0.294107 5.876504
v -0.466672 0.473863 6.028400
v -0.498342 0.494601 6.038985
v -0.482361 0.493701 6.051615
v -0.482885 0.474696 6.014083
v -0.487928 0.446924 5.984751
v -0.501463 0.469634 6.005313
v -0.558695 0.438788 6.053599
v -0.500899 0.510276 6.077039
v -0.515552 0.511481 6.066412
v -0.516602 0.488622 6.030905
v -0.531283 0.506898 6.059897
v -0.169701 0.410244 5.893248
v -0.124947 0.508217 5.917043
v -0.229691 0.416164 5.733478
v -0.250811 0.407520 5.745749
v -0.168367 0.388050 5.789388
v -0.180169 0.391681 5.762312
v -0.107942 0.397890 5.634912
v -0.100586 0.385887 5.647597
v -0.096519 0.382944 5.605440
v -0.102421 0.391839 5.620603
v -0.106168 0.404542 5.606333
v -0.100180 0.395092 5.590869
v -0.095915 0.424402 5.562964
v -0.100320 0.434523 5.580154
v -0.090202 0.450402 5.570141
v -0.085889 0.440321 5.551239
v -0.081988 0.471763 5.582708
v -0.096275 0.457662 5.587671
v -0.004565 0.485625 5.551596
v 0.001778 0.471353 5.526928
v -0.016306 0.471210 5.527857
v -0.022245 0.483968 5.552313
v -0.132910 0.378299 5.817728
v -0.155883 0.414157 5.885736
v -0.217986 0.356423 5.812306
v -0.212620 0.372258 5.774211
v -0.231053 0.384661 5.754403
v -0.071146 0.203840 5.467601
v -0.048913 0.324922 5.413444
v -0.048406 0.318075 5.407888
v -0.072161 0.132833 5.415281
v -0.083169 0.141510 5.410995
v -0.049755 0.166788 5.467600
v -0.023972 0.158682 5.410306
v -0.019916 0.171774 5.425267
v -0.025898 0.166141 5.429394
v -0.172835 0.411256 5.730584
v -0.181695 0.412392 5.736135
v -0.196609 0.426006 5.720100
v -0.142925 0.469038 5.911168
v -0.129846 0.475984 5.913805
v -0.162682 0.386633 5.818715
v -0.330257 0.365895 5.961969
v -0.304877 0.375770 5.949903
v -0.352659 0.358285 5.974246
v -0.373660 0.351664 5.985965
v -0.390464 0.349277 5.996703
v -0.404339 0.352483 6.003704
v -0.418088 0.359412 6.008186
v -0.426208 0.376789 6.016990
v -0.444433 0.409462 6.061966
v -0.432091 0.399929 6.032761
v -0.439430 0.422382 6.052943
v -0.449179 0.444214 6.074477
v -0.482545 0.485767 6.114686
v -0.462278 0.466419 6.094974
v -0.503159 0.506437 6.135313
v -0.520439 0.525211 6.157565
v -0.139396 0.452603 5.905921
v -0.140377 0.461430 5.908950
v 0.020569 0.209809 5.421426
v -0.068702 0.287185 5.455623
v -0.065621 0.276605 5.452497
v -0.044649 0.181260 5.459171
v -0.117014 0.525167 5.908451
v -0.105240 0.545626 5.898667
v -0.125077 0.136235 5.451675
v -0.116031 0.131193 5.439314
v -0.057788 0.176759 5.473262
v -0.055346 0.248777 5.450486
v -0.051521 0.239182 5.451969
v -0.131866 -0.074474 5.513080
v -0.129875 -0.092320 5.519262
v -0.140886 -0.092085 5.517763
v -0.143753 -0.073585 5.512323
v -0.121937 -0.073844 5.519289
v -0.121068 -0.091381 5.525624
v -0.127499 -0.065735 5.573512
v -0.130117 -0.085239 5.576338
v -0.121993 -0.085071 5.567237
v -0.119391 -0.065948 5.563972
v -0.115648 -0.107159 5.540746
v -0.115603 -0.089645 5.534846
v -0.114050 -0.087184 5.545999
v -0.115349 -0.105284 5.551011
v -0.151738 -0.065875 5.579006
v -0.149222 -0.046652 5.578122
v -0.160634 -0.046064 5.573009
v -0.162382 -0.065314 5.573523
v -0.115718 0.009787 5.556460
v -0.111951 0.023331 5.551974
v -0.119093 0.024056 5.562965
v -0.123067 0.009827 5.566875
v -0.134870 -0.037839 5.501117
v -0.133438 -0.056080 5.507092
v -0.145946 -0.054448 5.507276
v -0.147352 -0.035229 5.503159
v -0.111276 -0.032649 5.529824
v -0.111856 -0.013313 5.524728
v -0.111520 -0.010448 5.538302
v -0.111795 -0.029335 5.543305
v -0.148453 -0.015451 5.500133
v -0.136913 -0.018669 5.496164
v -0.112642 -0.069448 5.540516
v -0.111804 -0.051343 5.535005
v -0.112875 -0.048493 5.547768
v -0.114468 -0.067417 5.552444
v -0.153521 -0.103651 5.580164
v -0.153202 -0.084949 5.579760
v -0.162784 -0.084405 5.573708
v -0.162082 -0.103295 5.574111
v -0.118783 -0.104319 5.560726
v -0.116778 -0.085689 5.556835
v -0.124014 -0.104064 5.570199
v -0.158715 -0.107984 5.533181
v -0.162386 -0.088639 5.529462
v -0.152295 -0.090382 5.521905
v -0.148932 -0.109280 5.526708
v -0.121823 -0.027245 5.566166
v -0.124560 -0.046825 5.570079
v -0.117037 -0.047121 5.560036
v -0.115308 -0.027794 5.555558
v -0.122814 -0.037565 5.506408
v -0.122322 -0.055834 5.512989
v -0.165493 -0.069248 5.526474
v -0.167820 -0.048875 5.523991
v -0.157305 -0.051311 5.513913
v -0.155262 -0.071108 5.517334
v -0.174654 -0.027151 5.535977
v -0.173556 -0.047020 5.536736
v -0.173568 -0.045759 5.550618
v -0.173273 -0.026001 5.550512
v -0.127946 -0.007983 5.570755
v -0.119175 -0.007608 5.561242
v -0.145974 -0.026929 5.576544
v -0.141301 -0.007952 5.575032
v -0.154655 -0.007045 5.571760
v -0.158333 -0.026426 5.572419
v -0.114886 0.015811 5.500751
v -0.115230 0.001521 5.505122
v -0.125437 -0.000515 5.495385
v -0.125314 0.013886 5.492097
v -0.138160 0.000019 5.492461
v -0.139622 0.015854 5.490267
v -0.147714 0.040806 5.492196
v -0.150059 0.030817 5.495327
v -0.156595 0.036210 5.505324
v -0.155262 0.045078 5.501215
v -0.175610 0.011516 5.537752
v -0.175732 -0.007309 5.536238
v -0.172303 -0.006016 5.551509
v -0.170665 0.013789 5.552945
v -0.158945 0.030219 5.565606
v -0.162404 0.013667 5.564449
v -0.150533 0.011435 5.571607
v -0.146325 0.027041 5.571450
v -0.137938 0.075218 5.545993
v -0.142193 0.062711 5.553360
v -0.131037 0.062226 5.556195
v -0.127332 0.074099 5.548553
v -0.107963 0.056903 5.547513
v -0.100616 0.052497 5.538026
v -0.096049 0.062009 5.532180
v -0.104094 0.067844 5.541594
v -0.106937 0.047591 5.484819
v -0.110433 0.040354 5.491164
v -0.123075 0.041827 5.482371
v -0.119312 0.050455 5.478226
v -0.174286 0.027238 5.538592
v -0.168614 0.032800 5.554238
v -0.111456 0.047110 5.553187
v -0.115099 0.036309 5.558817
v -0.108194 0.034613 5.547731
v -0.103941 0.044158 5.542661
v -0.103434 0.037385 5.518607
v -0.106806 0.029341 5.523969
v -0.109122 0.026960 5.511408
v -0.106127 0.035094 5.507751
v -0.112595 0.032988 5.495135
v -0.114518 0.024487 5.499279
v -0.125256 0.023906 5.490230
v -0.124433 0.033332 5.486362
v -0.171783 0.037020 5.537694
v -0.168838 0.044723 5.536911
v -0.166665 0.043437 5.525447
v -0.169009 0.035666 5.525630
v -0.141275 0.040001 5.569511
v -0.153232 0.041576 5.564110
v -0.109964 0.020840 5.528380
v -0.104920 0.032490 5.536005
v -0.109336 0.021156 5.540785
v -0.139063 0.026704 5.488259
v -0.146898 0.075286 5.541070
v -0.141741 0.089419 5.534301
v -0.149147 0.088902 5.527005
v -0.154166 0.074841 5.534137
v -0.132214 0.089977 5.538399
v -0.121189 0.088761 5.540175
v -0.088748 0.075541 5.523695
v -0.097317 0.081266 5.532733
v -0.083943 0.068796 5.511479
v -0.092218 0.055331 5.519890
v -0.093212 0.049956 5.505649
v -0.083872 0.063191 5.497134
v -0.098817 0.062478 5.473936
v -0.112154 0.065410 5.468760
v -0.130899 0.054308 5.478532
v -0.125066 0.068905 5.470360
v -0.119076 0.060745 5.553944
v -0.122648 0.050171 5.560641
v -0.171906 -0.066961 5.538181
v -0.169022 -0.086733 5.540072
v -0.171100 -0.085139 5.552314
v -0.172893 -0.065503 5.551221
v -0.168846 -0.084378 5.564021
v -0.167229 -0.103430 5.564728
v -0.114862 -0.053900 5.522820
v -0.115231 -0.072081 5.528796
v -0.119528 -0.108652 5.531612
v -0.112428 0.016920 5.515809
v -0.112423 0.005006 5.519732
v -0.160209 0.048786 5.511372
v -0.157954 0.057274 5.506551
v -0.152538 0.053213 5.496659
v -0.170487 0.024828 5.523676
v -0.159158 0.024999 5.510558
v -0.158095 0.006810 5.508969
v -0.170879 0.009573 5.521647
v -0.165088 0.052541 5.534428
v -0.161780 0.061898 5.529643
v -0.161301 0.059927 5.517880
v -0.164027 0.051226 5.522660
v -0.097898 0.047873 5.494665
v -0.102622 0.040929 5.502648
v -0.144350 0.077203 5.483946
v -0.136400 0.072097 5.476417
v -0.141087 0.058554 5.484038
v -0.148815 0.062957 5.491047
v -0.144798 0.049124 5.488601
v -0.150114 0.081131 5.493116
v -0.154411 0.066739 5.500550
v -0.088932 0.061578 5.483964
v -0.158106 0.073216 5.523391
v -0.153286 0.087317 5.516098
v -0.153357 0.084528 5.504022
v -0.157947 0.070728 5.511550
v -0.169368 -0.064984 5.563508
v -0.168734 -0.045463 5.563034
v -0.131648 0.025321 5.571132
v -0.136149 0.010374 5.573642
v -0.127225 0.038439 5.566888
v -0.138972 -0.066317 5.579220
v -0.141418 -0.085431 5.580997
v -0.132319 -0.027170 5.574282
v -0.136076 -0.046496 5.576912
v -0.169228 -0.029163 5.522251
v -0.155737 0.052129 5.553190
v -0.161812 0.043650 5.556638
v -0.147326 0.051505 5.560112
v -0.108051 0.086362 5.538004
v -0.115149 0.071780 5.547469
v -0.170423 0.039394 5.547345
v -0.099177 0.105153 5.526430
v -0.150245 0.019852 5.497029
v -0.134802 0.045142 5.483035
v -0.137189 0.036334 5.486362
v -0.137814 -0.110134 5.523005
v -0.114385 -0.035418 5.517024
v -0.111694 0.008057 5.533168
v -0.112176 0.009208 5.545457
v -0.150968 0.062085 5.547568
v -0.158123 0.062207 5.540463
v -0.162375 0.052848 5.545501
v -0.097546 0.047233 5.526312
v -0.099023 0.042623 5.512288
v -0.142820 -0.104102 5.582097
v -0.101556 0.040381 5.530900
v -0.149447 0.002923 5.498219
v 0.105836 0.321188 5.412255
v 0.122228 0.330072 5.429922
v 0.125070 0.320365 5.424651
v -0.087304 0.348280 5.523027
v -0.075792 0.342459 5.573231
v -0.081556 0.349137 5.559379
v -0.070539 0.296746 5.460676
v -0.073957 0.307047 5.468364
v -0.058013 0.247655 5.451572
v -0.060948 0.261537 5.449169
v -0.082222 0.312224 5.502443
v 0.103313 0.102092 5.298411
v 0.101426 0.107555 5.302858
v 0.107730 0.095576 5.289438
v -0.064259 0.350494 5.718168
v -0.062253 0.344801 5.736588
v -0.064526 0.342958 5.740279
v 0.091114 0.096008 5.318227
v 0.089879 0.104027 5.319839
v 0.088364 0.099489 5.317099
v 0.092452 0.092031 5.317742
v 0.092130 0.094470 5.318848
v 0.106864 0.085795 5.291226
v 0.098816 0.111889 5.309680
v 0.094755 0.115481 5.317623
v 0.101603 0.087221 5.303064
v -0.029912 0.535292 5.673549
v -0.042112 0.546656 5.689780
v -0.022124 0.541610 5.700081
v -0.011603 0.530056 5.682406
v -0.007747 0.546318 5.728792
v 0.001090 0.534539 5.709528
v -0.033269 0.553147 5.718393
v -0.149339 0.555747 5.697226
v -0.134747 0.549887 5.678977
v -0.148867 0.532083 5.670245
v -0.163403 0.537391 5.686080
v -0.146010 0.505091 5.655776
v -0.160494 0.509721 5.666340
v -0.133194 0.525567 5.658978
v -0.154641 0.482502 5.657566
v -0.169060 0.486174 5.667834
v -0.158994 0.461021 5.664236
v -0.173190 0.464419 5.674938
v -0.172587 0.444738 5.685246
v -0.166291 0.426403 5.697906
v -0.163331 0.413571 5.722362
v -0.156099 0.409298 5.713032
v -0.144662 0.395680 5.729083
v -0.131744 0.385474 5.745100
v -0.120417 0.374352 5.759215
v -0.110207 0.365862 5.771218
v -0.099540 0.359428 5.781363
v -0.088445 0.355179 5.789033
v -0.096159 0.361622 5.805835
v 0.014876 0.210012 5.443499
v 0.054564 0.253551 5.357517
v 0.037536 0.237666 5.356824
v 0.043695 0.256832 5.352675
v 0.005399 0.300186 5.355896
v 0.022596 0.314238 5.360979
v 0.026280 0.300859 5.355023
v 0.010056 0.283860 5.349561
v 0.063159 0.267412 5.360738
v 0.071685 0.264676 5.363232
v 0.053274 0.274115 5.356118
v 0.068140 0.286785 5.364229
v 0.079911 0.294102 5.374063
v 0.004643 0.223748 5.352374
v -0.003006 0.215075 5.351670
v -0.010674 0.234320 5.346010
v -0.002439 0.243807 5.345219
v -0.023303 0.285090 5.362938
v -0.031292 0.274260 5.363008
v -0.037000 0.283326 5.371977
v -0.028197 0.295533 5.371752
v -0.026278 0.182981 5.360841
v -0.034450 0.173781 5.366088
v -0.044715 0.187743 5.359962
v -0.035186 0.199232 5.354399
v -0.024856 0.261218 5.353938
v 0.024261 0.391493 5.426553
v 0.008407 0.378849 5.416344
v -0.007712 0.364300 5.407710
v -0.048200 0.311353 5.401810
v -0.036883 0.335189 5.407102
v -0.035217 0.328742 5.399907
v -0.060034 0.293875 5.405897
v -0.068508 0.278953 5.410651
v -0.015254 0.175800 5.422496
v -0.026305 0.191570 5.442069
v -0.029269 0.186713 5.441299
v -0.082568 0.241698 5.429094
v -0.081154 0.243351 5.433476
v -0.076126 0.260536 5.426864
v -0.077148 0.259819 5.422593
v 0.012894 0.230455 5.351888
v -0.052871 0.201803 5.361840
v -0.062316 0.211842 5.369814
v -0.052122 0.224893 5.363768
v -0.043423 0.214676 5.356478
v -0.067066 0.221420 5.376850
v -0.072425 0.227888 5.385150
v -0.063738 0.243172 5.380420
v -0.057595 0.236161 5.371254
v -0.082939 0.240964 5.423551
v -0.076159 0.259671 5.416661
v -0.030557 0.157616 5.389060
v -0.003772 0.188283 5.369185
v 0.002950 0.198450 5.368350
v 0.006241 0.188084 5.391775
v 0.000810 0.180988 5.392785
v -0.064105 0.225212 5.455616
v -0.070167 0.229362 5.455142
v -0.075968 0.231449 5.455035
v -0.071604 0.269338 5.428340
v -0.081418 0.230477 5.453661
v -0.041233 0.194423 5.452488
v -0.033467 0.179321 5.443923
v 0.002687 0.188452 5.415868
v -0.003364 0.183549 5.417849
v -0.042715 0.164298 5.373873
v -0.054508 0.176524 5.368208
v -0.100860 0.208190 5.445332
v -0.091975 0.222790 5.440312
v -0.092158 0.223258 5.434823
v -0.067244 0.293120 5.425138
v -0.074049 0.262685 5.429780
v -0.010274 0.203818 5.352012
v -0.071318 0.199529 5.377877
v -0.064659 0.188893 5.370467
v -0.048684 0.249436 5.366909
v -0.040563 0.261611 5.364103
v -0.033624 0.251719 5.355378
v -0.042062 0.239419 5.358569
v -0.084403 0.218239 5.402515
v -0.079914 0.213263 5.392123
v -0.045533 0.269281 5.373314
v -0.054663 0.256782 5.376131
v -0.092108 0.221838 5.428890
v 0.007299 0.193540 5.414489
v 0.004038 0.200239 5.437011
v -0.001102 0.196110 5.435500
v -0.007188 0.193867 5.436802
v -0.014078 0.192474 5.438710
v -0.021736 0.192605 5.441233
v 0.008254 0.205576 5.439558
v -0.167480 0.045287 5.547694
v -0.101386 0.207276 5.453477
v -0.107991 0.194830 5.448650
v -0.109661 0.192818 5.456017
v -0.128303 0.142200 5.461751
v 0.097048 0.045350 5.445395
v 0.094453 0.050212 5.447553
v 0.109986 0.030726 5.432341
v 0.107459 0.032708 5.435193
v -0.162163 0.041093 5.514761
v -0.163929 0.034377 5.517164
v -0.170367 -0.009480 5.521331
v -0.159039 -0.012609 5.509763
v -0.158771 -0.031730 5.511096
v -0.123842 -0.018992 5.500179
v -0.115010 -0.016846 5.510852
v -0.113806 -0.008703 5.550709
v -0.165383 -0.005795 5.563483
v -0.121712 -0.144173 5.535199
v -0.119128 -0.161335 5.540572
v -0.127877 -0.162478 5.536442
v -0.131030 -0.145248 5.531800
v -0.116310 -0.177992 5.544681
v -0.114743 -0.160402 5.547900
v -0.112983 -0.176934 5.552824
v -0.114361 -0.159832 5.555861
v -0.113192 -0.176400 5.560981
v -0.116457 -0.176119 5.568521
v -0.116823 -0.159301 5.564167
v -0.121276 -0.158838 5.571995
v -0.121297 -0.175576 5.575729
v -0.126716 -0.140809 5.575670
v -0.134620 -0.140806 5.581787
v -0.135284 -0.158990 5.582998
v -0.127542 -0.158908 5.578434
v -0.150804 -0.175748 5.582866
v -0.152241 -0.158554 5.582070
v -0.157798 -0.158800 5.575868
v -0.155731 -0.175889 5.577016
v -0.162401 -0.142280 5.556483
v -0.160342 -0.160442 5.557882
v -0.160436 -0.159777 5.567277
v -0.162859 -0.141060 5.566382
v -0.159600 -0.177134 5.559149
v -0.155822 -0.161759 5.550113
v -0.154055 -0.177705 5.551455
v -0.117824 -0.125859 5.537128
v -0.124622 -0.127047 5.530032
v -0.127318 -0.109807 5.525023
v -0.116365 -0.141327 5.560117
v -0.114698 -0.142007 5.551342
v -0.115075 -0.124438 5.546276
v -0.115958 -0.123401 5.555606
v -0.132162 -0.104236 5.578376
v -0.133642 -0.122645 5.580183
v -0.125509 -0.122655 5.572900
v -0.120542 -0.140958 5.568140
v -0.119792 -0.122854 5.564337
v -0.143980 -0.140619 5.584035
v -0.144154 -0.158723 5.584463
v -0.141536 -0.145519 5.534606
v -0.138202 -0.162914 5.538036
v -0.147632 -0.162571 5.543536
v -0.150883 -0.145073 5.540187
v -0.143537 -0.122468 5.582934
v -0.145268 -0.127645 5.530753
v -0.154769 -0.126932 5.536788
v -0.158415 -0.143979 5.547722
v -0.161737 -0.125571 5.545346
v -0.135712 -0.179142 5.540730
v -0.125056 -0.179018 5.539651
v -0.134540 -0.127783 5.527495
v -0.153242 -0.140514 5.581682
v -0.153471 -0.122189 5.580918
v -0.161029 -0.122106 5.574620
v -0.159867 -0.140468 5.575297
v -0.168473 -0.104143 5.553390
v -0.165256 -0.123538 5.555157
v -0.164930 -0.122262 5.565450
v -0.159098 -0.176710 5.568707
v -0.165397 -0.106512 5.542872
v -0.118135 -0.251226 5.574889
v -0.111406 -0.256557 5.574217
v -0.110805 -0.248047 5.577282
v -0.116844 -0.241714 5.575418
v -0.104022 -0.233472 5.590742
v -0.097097 -0.244003 5.593039
v -0.089519 -0.238426 5.591448
v -0.095417 -0.226562 5.590480
v -0.106132 -0.260736 5.573065
v -0.105310 -0.253903 5.579245
v -0.102535 -0.259726 5.571525
v -0.106646 -0.267658 5.567286
v -0.105470 -0.266620 5.561020
v -0.108093 -0.273783 5.556786
v -0.113515 -0.272031 5.550024
v -0.108498 -0.260219 5.552611
v -0.133395 -0.252336 5.550179
v -0.134226 -0.266699 5.551038
v -0.144418 -0.264114 5.554214
v -0.142724 -0.249457 5.554056
v -0.157463 -0.256073 5.566252
v -0.154679 -0.242873 5.564705
v -0.148728 -0.246460 5.559295
v -0.150354 -0.260973 5.560396
v -0.130100 -0.245155 5.579504
v -0.125074 -0.246796 5.576722
v -0.124173 -0.237331 5.576526
v -0.129675 -0.235563 5.580011
v -0.093659 -0.260706 5.573041
v -0.095759 -0.261447 5.576717
v -0.101187 -0.258368 5.565299
v -0.098491 -0.253420 5.562288
v -0.136521 -0.214886 5.594270
v -0.130677 -0.213911 5.590640
v -0.128732 -0.204242 5.588500
v -0.135441 -0.203716 5.592825
v -0.105890 -0.208786 5.585151
v -0.100103 -0.204572 5.573117
v -0.106172 -0.198400 5.570601
v -0.111493 -0.203304 5.582078
v -0.100850 -0.216981 5.588335
v -0.089983 -0.223332 5.581557
v -0.094660 -0.213243 5.577448
v -0.085498 -0.236712 5.583559
v -0.145804 -0.202379 5.593965
v -0.147603 -0.210433 5.597393
v -0.106152 -0.310074 5.578486
v -0.107018 -0.307867 5.576044
v -0.111365 -0.306869 5.579642
v -0.110241 -0.308901 5.581975
v -0.159091 -0.207248 5.583491
v -0.157298 -0.201565 5.582967
v -0.159076 -0.202081 5.574268
v -0.159621 -0.207861 5.574352
v -0.161813 -0.214894 5.584197
v -0.160760 -0.215676 5.574225
v -0.108249 -0.320325 5.571429
v -0.110503 -0.317482 5.566393
v -0.106946 -0.314469 5.568446
v -0.105117 -0.317401 5.572841
v -0.117833 -0.260780 5.574678
v -0.110865 -0.265362 5.572607
v -0.114386 -0.281040 5.571925
v -0.109891 -0.280012 5.568187
v -0.109938 -0.273386 5.570221
v -0.117187 -0.271815 5.573965
v -0.134135 -0.263565 5.580564
v -0.128113 -0.268067 5.578001
v -0.127873 -0.257460 5.577630
v -0.133878 -0.253580 5.580667
v -0.142390 -0.250546 5.588114
v -0.146460 -0.250402 5.592354
v -0.147991 -0.257976 5.591575
v -0.143337 -0.259667 5.587277
v -0.141335 -0.277763 5.581986
v -0.145257 -0.276109 5.584837
v -0.146343 -0.283817 5.583941
v -0.142322 -0.285269 5.581286
v -0.156509 -0.196073 5.581434
v -0.158980 -0.196284 5.572858
v -0.167951 -0.247993 5.580169
v -0.172120 -0.257170 5.581716
v -0.172689 -0.253412 5.591385
v -0.169309 -0.244034 5.588531
v -0.156865 -0.209688 5.565562
v -0.157304 -0.203570 5.565009
v -0.113343 -0.322534 5.572165
v -0.115490 -0.319843 5.566525
v -0.084689 -0.237319 5.573728
v -0.090570 -0.222663 5.567716
v -0.097507 -0.211733 5.563299
v -0.103264 -0.204772 5.561005
v -0.106933 -0.198932 5.558937
v -0.121758 -0.275919 5.575306
v -0.124102 -0.254711 5.576178
v -0.133564 -0.243676 5.582082
v -0.154117 -0.240006 5.600125
v -0.148478 -0.242315 5.596799
v -0.145888 -0.236307 5.596691
v -0.153505 -0.233017 5.600487
v -0.166743 -0.243470 5.596885
v -0.169061 -0.251592 5.598273
v -0.162845 -0.252109 5.600559
v -0.161149 -0.245436 5.600420
v -0.089700 -0.259818 5.569941
v -0.093321 -0.249332 5.561592
v -0.155429 -0.208051 5.592191
v -0.152859 -0.201733 5.590411
v -0.151208 -0.195524 5.587016
v -0.130622 -0.224460 5.585439
v -0.127116 -0.225230 5.582462
v -0.121507 -0.214331 5.587150
v -0.126545 -0.213410 5.588300
v -0.115314 -0.233604 5.580990
v -0.109245 -0.241182 5.584024
v -0.110193 -0.224554 5.588631
v -0.121864 -0.203690 5.585421
v -0.121213 -0.196670 5.580719
v -0.128580 -0.196653 5.584591
v -0.136381 -0.196094 5.588786
v -0.144824 -0.195896 5.589650
v -0.120973 -0.188358 5.578200
v -0.127847 -0.188623 5.582390
v -0.135941 -0.188576 5.585833
v -0.143775 -0.188436 5.586980
v -0.158941 -0.188861 5.561146
v -0.157801 -0.196832 5.563106
v -0.159276 -0.188441 5.571341
v -0.110455 -0.189211 5.564599
v -0.115326 -0.189184 5.571926
v -0.114010 -0.197357 5.575701
v -0.110606 -0.189944 5.555502
v -0.091867 -0.250397 5.592502
v -0.097304 -0.254419 5.588996
v -0.093119 -0.258724 5.589702
v -0.087247 -0.256203 5.592041
v -0.107308 -0.273884 5.563719
v -0.108121 -0.280433 5.562729
v -0.109765 -0.281561 5.556184
v -0.150362 -0.218866 5.599253
v -0.141130 -0.222924 5.596383
v -0.119185 -0.282768 5.573730
v -0.112106 -0.311678 5.562254
v -0.113728 -0.299017 5.556801
v -0.109486 -0.296474 5.560804
v -0.108198 -0.308804 5.565203
v -0.124258 -0.290244 5.572566
v -0.123515 -0.296256 5.573127
v -0.118249 -0.293384 5.575085
v -0.118684 -0.287689 5.573551
v -0.149411 -0.273073 5.589349
v -0.150284 -0.279824 5.588795
v -0.133907 -0.281262 5.554743
v -0.123775 -0.268775 5.546697
v -0.125040 -0.281382 5.547500
v -0.139201 -0.261147 5.583786
v -0.144269 -0.268329 5.586195
v -0.140264 -0.269931 5.583272
v -0.124211 -0.278799 5.575575
v -0.128304 -0.275493 5.577521
v -0.128098 -0.282061 5.575451
v -0.123453 -0.283949 5.574077
v -0.163736 -0.233469 5.597235
v -0.166682 -0.233771 5.586491
v -0.105445 -0.310854 5.571989
v -0.104429 -0.313094 5.575407
v -0.155131 -0.188387 5.579697
v -0.149942 -0.188626 5.584969
v -0.138205 -0.251452 5.584087
v -0.121913 -0.255357 5.547463
v -0.136981 -0.242284 5.585278
v -0.162897 -0.272611 5.579083
v -0.161997 -0.280180 5.582411
v -0.160168 -0.278490 5.588387
v -0.161815 -0.271897 5.587972
v -0.121918 -0.306500 5.575478
v -0.120583 -0.311363 5.578551
v -0.116349 -0.308108 5.580297
v -0.117394 -0.303932 5.577919
v -0.114342 -0.285745 5.572343
v -0.113389 -0.292241 5.574292
v -0.109686 -0.292272 5.570882
v -0.110541 -0.285197 5.568913
v -0.109086 -0.286104 5.563787
v -0.108554 -0.293950 5.565719
v -0.124785 -0.310529 5.571284
v -0.126575 -0.299505 5.567339
v -0.125371 -0.300440 5.560403
v -0.122514 -0.313511 5.565916
v -0.153065 -0.230385 5.562605
v -0.160237 -0.239906 5.571493
v -0.158315 -0.227837 5.568944
v -0.160346 -0.268259 5.567548
v -0.164880 -0.263630 5.576901
v -0.162952 -0.252303 5.573725
v -0.164237 -0.236926 5.577675
v -0.132046 -0.289758 5.566356
v -0.135769 -0.289311 5.561672
v -0.128692 -0.290853 5.558636
v -0.141798 -0.240869 5.590035
v -0.106832 -0.305615 5.569446
v -0.120921 -0.207494 5.546352
v -0.118716 -0.214741 5.547275
v -0.133892 -0.215519 5.547151
v -0.133228 -0.207479 5.546264
v -0.112306 -0.302926 5.577440
v -0.108104 -0.303157 5.574411
v -0.153992 -0.271687 5.593019
v -0.157852 -0.272963 5.594955
v -0.158075 -0.278476 5.593043
v -0.154086 -0.278422 5.591973
v -0.162206 -0.225656 5.575130
v -0.173146 -0.263655 5.586581
v -0.172256 -0.260586 5.597241
v -0.157206 -0.217520 5.566718
v -0.150681 -0.211596 5.558156
v -0.151740 -0.219645 5.560127
v -0.150770 -0.275993 5.563590
v -0.147727 -0.233465 5.557579
v -0.146428 -0.221797 5.555370
v -0.144375 -0.212778 5.552538
v -0.143399 -0.206021 5.550537
v -0.150500 -0.205028 5.556481
v -0.117308 -0.313462 5.561974
v -0.120824 -0.318472 5.570445
v -0.152488 -0.189111 5.552602
v -0.150837 -0.197619 5.554456
v -0.144194 -0.190050 5.547407
v -0.143061 -0.198789 5.548748
v -0.131146 -0.226486 5.547578
v -0.139866 -0.224455 5.550845
v -0.132893 -0.239156 5.549348
v -0.141627 -0.236052 5.553006
v -0.145521 -0.278144 5.554444
v -0.116465 -0.322360 5.585981
v -0.116546 -0.318715 5.588376
v -0.118608 -0.313501 5.582448
v -0.119610 -0.317555 5.579880
v -0.122432 -0.314757 5.575372
v -0.118013 -0.320419 5.576307
v -0.119840 -0.242179 5.547816
v -0.128837 -0.288189 5.573637
v -0.113884 -0.227816 5.548652
v -0.100851 -0.239041 5.552986
v -0.106541 -0.248153 5.550806
v -0.096978 -0.223287 5.555076
v -0.104953 -0.212511 5.552304
v -0.112902 -0.200218 5.550600
v -0.110384 -0.205972 5.551870
v -0.114594 -0.191197 5.548176
v -0.089324 -0.236422 5.561690
v -0.109560 -0.312154 5.586930
v -0.105016 -0.312963 5.583987
v -0.121830 -0.201086 5.545122
v -0.123057 -0.191913 5.542520
v -0.103097 -0.249123 5.587469
v -0.135602 -0.233460 5.586045
v -0.139019 -0.232430 5.590381
v -0.143664 -0.230260 5.596512
v -0.152562 -0.226586 5.600336
v -0.134318 -0.191142 5.542569
v -0.127955 -0.176052 5.580843
v -0.136050 -0.176215 5.583880
v -0.145482 -0.178383 5.545932
v -0.102949 -0.316671 5.581115
v -0.148076 -0.287866 5.579318
v -0.146321 -0.288612 5.578638
v -0.085812 -0.246934 5.590569
v -0.082026 -0.254332 5.589476
v -0.079475 -0.257442 5.577249
v -0.080977 -0.248161 5.575483
v -0.081774 -0.246219 5.583572
v -0.079487 -0.255164 5.584159
v -0.133314 -0.224469 5.588297
v -0.136768 -0.224451 5.591617
v -0.164343 -0.223885 5.584943
v -0.161729 -0.224006 5.595502
v -0.110521 -0.287938 5.557903
v -0.115357 -0.289448 5.553683
v -0.115586 -0.281979 5.550807
v -0.120140 -0.299797 5.555959
v -0.128047 -0.292783 5.567008
v -0.129619 -0.290847 5.569702
v -0.121581 -0.228229 5.580330
v -0.115948 -0.218278 5.587363
v -0.096707 -0.260247 5.583265
v -0.100388 -0.256976 5.581472
v -0.134350 -0.271984 5.580170
v -0.148074 -0.288130 5.566288
v -0.143702 -0.288300 5.559732
v -0.135021 -0.279501 5.578450
v -0.102880 -0.320824 5.579657
v -0.105258 -0.324845 5.578954
v -0.122791 -0.289952 5.552050
v -0.148919 -0.265791 5.590457
v -0.148426 -0.289228 5.572943
v -0.152276 -0.283489 5.571365
v -0.168569 -0.256766 5.600059
v -0.133111 -0.200536 5.544570
v -0.115177 -0.310066 5.583519
v -0.114013 -0.314143 5.588695
v -0.114365 -0.325304 5.583399
v -0.110259 -0.325867 5.579883
v -0.158905 -0.215618 5.593838
v -0.132891 -0.234364 5.582995
v -0.143994 -0.175950 5.584926
v -0.086104 -0.248280 5.567685
v -0.083602 -0.258890 5.571220
v -0.135616 -0.285570 5.577491
v -0.166923 -0.268209 5.585719
v -0.153976 -0.288403 5.574329
v -0.160077 -0.284581 5.575809
v -0.160388 -0.276703 5.571746
v -0.150131 -0.290146 5.577412
v -0.107839 -0.328987 5.586366
v -0.111829 -0.328167 5.589703
v -0.103073 -0.327333 5.585065
v -0.101373 -0.322834 5.584866
v -0.101946 -0.318441 5.585814
v -0.113909 -0.325068 5.592216
v -0.114390 -0.320990 5.593579
v -0.112780 -0.315893 5.592561
v -0.111944 -0.326120 5.597823
v -0.108905 -0.330081 5.596810
v -0.097241 -0.328026 5.597815
v -0.098838 -0.330324 5.599686
v -0.100582 -0.330178 5.596240
v -0.100160 -0.328826 5.592613
v -0.095937 -0.328031 5.602836
v -0.097354 -0.330867 5.604165
v -0.102112 -0.332086 5.600914
v -0.103561 -0.331247 5.596320
v -0.100523 -0.332702 5.605816
v -0.103936 -0.331680 5.607018
v -0.105390 -0.330986 5.602378
v -0.106132 -0.330984 5.598433
v -0.105085 -0.330796 5.592695
v -0.095965 -0.328674 5.607542
v -0.098929 -0.329914 5.611307
v -0.099134 -0.332798 5.609759
v -0.096659 -0.331244 5.607403
v -0.099617 -0.323943 5.590452
v -0.097420 -0.324472 5.596986
v -0.096455 -0.324741 5.602729
v -0.096835 -0.325463 5.607555
v -0.098833 -0.321124 5.597831
v -0.098125 -0.321990 5.603435
v -0.098816 -0.322993 5.607335
v -0.101456 -0.318708 5.599669
v -0.100497 -0.320428 5.604711
v -0.100936 -0.319657 5.590261
v -0.103586 -0.316606 5.591886
v -0.100464 -0.321758 5.607141
v -0.099922 -0.327029 5.611141
v -0.108216 -0.329795 5.602707
v -0.106260 -0.329922 5.607681
v -0.109732 -0.327225 5.603430
v -0.107373 -0.327708 5.608040
v -0.102608 -0.332323 5.610211
v -0.103595 -0.330186 5.611367
v -0.104416 -0.315062 5.587942
v -0.109088 -0.314408 5.590734
v -0.108125 -0.315975 5.594815
v -0.105665 -0.317948 5.601982
v -0.111553 -0.318386 5.597232
v -0.112541 -0.323284 5.598696
v -0.110127 -0.324182 5.603848
v -0.109179 -0.320555 5.603493
v -0.107489 -0.324619 5.608143
v -0.106549 -0.321991 5.607589
v -0.103664 -0.320410 5.606403
v -0.104709 -0.324719 5.610371
v -0.104337 -0.327430 5.611217
v -0.101293 -0.324183 5.609931
v -0.102410 -0.322315 5.608533
v -0.104632 -0.322966 5.609256
v -0.131049 -0.314420 5.589042
v -0.133262 -0.311846 5.584179
v -0.136498 -0.310721 5.587396
v -0.134485 -0.312801 5.592337
v -0.134531 -0.324879 5.581421
v -0.137641 -0.322038 5.574765
v -0.133604 -0.318290 5.577413
v -0.130803 -0.320844 5.583832
v -0.141123 -0.325128 5.582057
v -0.144582 -0.322977 5.575578
v -0.138129 -0.314836 5.569636
v -0.136974 -0.299790 5.565236
v -0.133137 -0.298591 5.569422
v -0.134028 -0.312009 5.572969
v -0.146417 -0.295622 5.581115
v -0.141891 -0.293648 5.582067
v -0.132422 -0.314532 5.580814
v -0.130036 -0.317160 5.586512
v -0.146170 -0.307554 5.584380
v -0.144715 -0.312531 5.589129
v -0.140543 -0.310654 5.589322
v -0.141798 -0.305759 5.585381
v -0.136407 -0.293808 5.579765
v -0.131329 -0.294820 5.576499
v -0.131091 -0.296790 5.572845
v -0.149408 -0.310456 5.580961
v -0.149349 -0.298304 5.576008
v -0.148731 -0.299284 5.569340
v -0.149431 -0.313641 5.575455
v -0.132911 -0.309032 5.576549
v -0.137016 -0.305758 5.583598
v -0.133392 -0.306810 5.580324
v -0.144805 -0.314747 5.570019
v -0.148039 -0.320310 5.581912
v -0.140134 -0.323277 5.599877
v -0.139204 -0.319436 5.601874
v -0.142260 -0.314934 5.594579
v -0.143707 -0.318710 5.592601
v -0.146762 -0.315752 5.586727
v -0.144148 -0.322490 5.588163
v -0.132109 -0.316473 5.600201
v -0.128253 -0.318266 5.597281
v -0.126724 -0.321239 5.595055
v -0.143761 -0.299938 5.563925
v -0.127373 -0.324763 5.593143
v -0.130379 -0.328632 5.591374
v -0.138623 -0.312991 5.594678
v -0.136181 -0.316806 5.602425
v -0.139542 -0.326731 5.596590
v -0.135934 -0.329058 5.592138
v -0.132987 -0.332321 5.600625
v -0.136523 -0.328805 5.603400
v -0.128024 -0.331248 5.598886
v -0.125489 -0.326681 5.598988
v -0.125333 -0.322973 5.599842
v -0.137309 -0.326074 5.606342
v -0.136798 -0.322640 5.607615
v -0.134344 -0.318900 5.606801
v -0.134023 -0.326401 5.613466
v -0.132751 -0.330120 5.612691
v -0.118578 -0.329080 5.617967
v -0.120129 -0.331419 5.619548
v -0.122607 -0.331156 5.614845
v -0.120897 -0.329829 5.612472
v -0.124802 -0.331538 5.611485
v -0.124507 -0.331282 5.607379
v -0.125953 -0.331953 5.616655
v -0.127672 -0.331329 5.612361
v -0.123248 -0.332589 5.622422
v -0.126196 -0.330276 5.623663
v -0.128282 -0.329572 5.618079
v -0.129653 -0.329738 5.614112
v -0.117755 -0.329003 5.623482
v -0.118547 -0.331507 5.623441
v -0.129859 -0.332224 5.607925
v -0.123288 -0.327109 5.604262
v -0.119982 -0.326643 5.610955
v -0.118109 -0.326010 5.617395
v -0.118010 -0.325854 5.623097
v -0.120384 -0.322849 5.610970
v -0.118741 -0.322973 5.617408
v -0.119241 -0.323371 5.622266
v -0.122382 -0.319493 5.612329
v -0.120767 -0.320660 5.618453
v -0.123682 -0.323083 5.603724
v -0.125733 -0.319884 5.604966
v -0.120560 -0.321867 5.621642
v -0.120329 -0.326297 5.627098
v -0.119914 -0.329578 5.628033
v -0.120656 -0.332940 5.627156
v -0.129591 -0.327515 5.618240
v -0.126835 -0.327815 5.623911
v -0.130703 -0.325318 5.618928
v -0.127509 -0.325851 5.624391
v -0.124129 -0.331004 5.627537
v -0.124133 -0.328820 5.628124
v -0.127111 -0.320060 5.601675
v -0.130659 -0.318279 5.604284
v -0.129281 -0.317809 5.607458
v -0.126195 -0.318032 5.614944
v -0.132782 -0.318223 5.610050
v -0.134126 -0.321658 5.612177
v -0.130852 -0.322450 5.618420
v -0.129607 -0.319342 5.617143
v -0.127552 -0.323747 5.623721
v -0.126713 -0.321046 5.622245
v -0.123882 -0.319729 5.620360
v -0.124497 -0.324041 5.626215
v -0.124243 -0.326323 5.627719
v -0.121227 -0.323820 5.625408
v -0.122339 -0.321759 5.623377
v -0.124622 -0.322150 5.624421
v -0.145725 -0.302229 5.599411
v -0.147791 -0.301241 5.595792
v -0.150004 -0.298434 5.599489
v -0.147974 -0.298767 5.603122
v -0.149944 -0.310873 5.596567
v -0.153118 -0.309470 5.589487
v -0.149568 -0.307716 5.590754
v -0.147023 -0.309387 5.596699
v -0.153916 -0.310314 5.599038
v -0.158748 -0.309124 5.591883
v -0.154565 -0.305394 5.584511
v -0.154439 -0.295018 5.578682
v -0.150392 -0.294619 5.581254
v -0.150428 -0.304118 5.586404
v -0.147722 -0.304541 5.592990
v -0.145595 -0.306284 5.597752
v -0.157835 -0.294330 5.599628
v -0.156274 -0.297854 5.603498
v -0.153136 -0.297139 5.602508
v -0.154676 -0.293928 5.598916
v -0.151137 -0.286019 5.591037
v -0.148617 -0.288770 5.587550
v -0.148541 -0.291872 5.584356
v -0.161378 -0.296659 5.597244
v -0.161170 -0.286290 5.591383
v -0.162790 -0.289222 5.586348
v -0.163273 -0.300609 5.592067
v -0.148672 -0.301097 5.589586
v -0.150521 -0.295052 5.596726
v -0.148448 -0.297739 5.592829
v -0.160036 -0.303440 5.586348
v -0.160982 -0.305176 5.597363
v -0.151458 -0.306269 5.613923
v -0.150329 -0.302557 5.614511
v -0.154756 -0.298391 5.607236
v -0.156833 -0.302466 5.606426
v -0.159473 -0.300104 5.601670
v -0.156821 -0.306792 5.603095
v -0.144334 -0.301049 5.609490
v -0.141637 -0.303960 5.606355
v -0.141405 -0.308228 5.605183
v -0.159954 -0.292879 5.580328
v -0.158133 -0.284292 5.594851
v -0.142228 -0.311597 5.604926
v -0.144477 -0.314152 5.605606
v -0.151557 -0.297271 5.605921
v -0.147883 -0.300405 5.612780
v -0.151100 -0.310468 5.611383
v -0.148528 -0.313926 5.607690
v -0.143875 -0.315870 5.613739
v -0.146666 -0.312433 5.616913
v -0.139874 -0.315851 5.611080
v -0.138168 -0.312881 5.610146
v -0.137951 -0.309387 5.609835
v -0.146894 -0.307639 5.618509
v -0.146189 -0.305194 5.618354
v -0.144753 -0.302461 5.616108
v -0.143721 -0.307278 5.621724
v -0.142185 -0.312321 5.621213
v -0.127359 -0.314190 5.624402
v -0.128571 -0.315300 5.625843
v -0.131887 -0.315055 5.622233
v -0.130781 -0.314671 5.620516
v -0.134825 -0.315892 5.619774
v -0.135663 -0.316192 5.616830
v -0.134679 -0.315771 5.624569
v -0.137531 -0.315585 5.620854
v -0.131376 -0.315817 5.628345
v -0.134124 -0.312869 5.629436
v -0.137270 -0.312490 5.625559
v -0.139426 -0.313374 5.622530
v -0.125352 -0.314162 5.628287
v -0.126658 -0.315549 5.628678
v -0.139941 -0.315773 5.617905
v -0.134389 -0.313313 5.614236
v -0.130024 -0.312438 5.618808
v -0.126606 -0.311879 5.623161
v -0.125116 -0.311201 5.627245
v -0.130315 -0.309162 5.618153
v -0.127224 -0.308988 5.622577
v -0.126106 -0.308604 5.626239
v -0.131476 -0.305961 5.618582
v -0.128509 -0.306492 5.622981
v -0.134615 -0.309702 5.613490
v -0.136070 -0.306275 5.613721
v -0.127534 -0.307031 5.625608
v -0.127126 -0.310153 5.631156
v -0.127202 -0.313521 5.632076
v -0.128527 -0.315833 5.631542
v -0.138971 -0.310296 5.625974
v -0.135231 -0.310736 5.629940
v -0.139652 -0.307418 5.625994
v -0.135563 -0.308260 5.629796
v -0.131564 -0.313681 5.632006
v -0.131583 -0.311910 5.632464
v -0.139337 -0.305724 5.610576
v -0.141933 -0.302905 5.612877
v -0.138728 -0.303670 5.615473
v -0.133999 -0.303422 5.620612
v -0.141705 -0.302571 5.618169
v -0.142854 -0.304352 5.620873
v -0.139247 -0.304636 5.624819
v -0.137231 -0.302960 5.623097
v -0.135021 -0.305803 5.628711
v -0.133640 -0.304115 5.626863
v -0.130741 -0.304412 5.624666
v -0.131428 -0.306777 5.630166
v -0.131548 -0.309080 5.631751
v -0.127886 -0.307567 5.629142
v -0.128976 -0.305985 5.627324
v -0.131261 -0.305327 5.628538
v -0.154677 -0.284692 5.593528
v -0.160910 -0.282423 5.611840
v -0.162069 -0.282111 5.608792
v -0.163570 -0.279033 5.611397
v -0.162498 -0.279207 5.613966
v -0.166829 -0.289513 5.611078
v -0.169234 -0.288975 5.605231
v -0.165394 -0.288054 5.604837
v -0.163242 -0.288875 5.610178
v -0.170438 -0.287134 5.613517
v -0.173290 -0.286733 5.608223
v -0.169554 -0.285214 5.600092
v -0.167798 -0.274748 5.591697
v -0.163610 -0.275937 5.593419
v -0.165496 -0.284537 5.600356
v -0.166848 -0.261674 5.603680
v -0.168120 -0.267269 5.607816
v -0.163995 -0.268316 5.607479
v -0.163102 -0.261064 5.602573
v -0.162844 -0.285273 5.606021
v -0.161377 -0.285965 5.610656
v -0.169960 -0.274848 5.613008
v -0.168868 -0.276217 5.615595
v -0.165892 -0.276955 5.613739
v -0.166184 -0.275304 5.611743
v -0.159200 -0.263392 5.601317
v -0.161295 -0.270625 5.605482
v -0.159650 -0.272186 5.601439
v -0.157936 -0.267703 5.598246
v -0.160988 -0.274717 5.598118
v -0.173622 -0.276168 5.611417
v -0.171695 -0.267446 5.605757
v -0.174208 -0.268769 5.601288
v -0.175489 -0.279714 5.607901
v -0.163302 -0.282894 5.603204
v -0.163763 -0.276911 5.608880
v -0.162602 -0.280365 5.606565
v -0.173959 -0.283072 5.602306
v -0.173877 -0.282266 5.612594
v -0.167203 -0.279822 5.625404
v -0.165116 -0.277585 5.624388
v -0.167749 -0.276171 5.618841
v -0.170657 -0.278542 5.619327
v -0.172079 -0.278646 5.615621
v -0.171679 -0.282692 5.617605
v -0.159643 -0.279956 5.619041
v -0.158073 -0.283672 5.617352
v -0.158453 -0.287107 5.616817
v -0.172699 -0.271864 5.593578
v -0.159883 -0.289928 5.617270
v -0.162886 -0.291004 5.618594
v -0.164793 -0.277026 5.616516
v -0.162345 -0.278008 5.621642
v -0.167971 -0.283772 5.624414
v -0.166319 -0.288368 5.620995
v -0.163254 -0.290040 5.626577
v -0.164173 -0.284721 5.629539
v -0.160017 -0.292012 5.623462
v -0.157721 -0.290806 5.621288
v -0.156508 -0.288122 5.620384
v -0.163484 -0.280207 5.629772
v -0.161661 -0.278497 5.627911
v -0.159826 -0.279243 5.625071
v -0.159427 -0.281838 5.632844
v -0.159708 -0.286270 5.633027
v -0.149023 -0.292963 5.632380
v -0.150253 -0.293336 5.633580
v -0.152937 -0.292492 5.631385
v -0.152113 -0.292583 5.629568
v -0.155870 -0.291993 5.629783
v -0.156602 -0.292021 5.627317
v -0.154847 -0.291659 5.633847
v -0.157776 -0.290593 5.631301
v -0.152044 -0.292738 5.636575
v -0.152568 -0.289324 5.638589
v -0.155872 -0.288583 5.636241
v -0.157972 -0.288457 5.633701
v -0.146826 -0.293337 5.635555
v -0.148488 -0.294003 5.635875
v -0.159958 -0.290166 5.629559
v -0.155113 -0.291024 5.624544
v -0.151087 -0.291620 5.628087
v -0.147378 -0.291985 5.631676
v -0.145527 -0.291448 5.635222
v -0.150585 -0.289512 5.627109
v -0.147125 -0.289861 5.630939
v -0.145715 -0.289441 5.634241
v -0.150795 -0.286705 5.626976
v -0.147617 -0.287638 5.630779
v -0.154444 -0.288569 5.623197
v -0.154475 -0.285442 5.623088
v -0.146281 -0.288052 5.633307
v -0.146134 -0.289813 5.637998
v -0.147256 -0.291828 5.638985
v -0.149508 -0.293273 5.638879
v -0.155884 -0.286127 5.636606
v -0.152080 -0.287212 5.639174
v -0.155472 -0.283500 5.635811
v -0.151124 -0.285357 5.638366
v -0.150521 -0.290562 5.640000
v -0.149188 -0.289185 5.640198
v -0.156235 -0.284579 5.620504
v -0.157729 -0.281355 5.622237
v -0.155438 -0.282162 5.624615
v -0.151592 -0.283735 5.628356
v -0.156878 -0.280132 5.627678
v -0.158363 -0.279814 5.630666
v -0.154240 -0.281895 5.634060
v -0.152777 -0.281709 5.631276
v -0.150146 -0.284174 5.636601
v -0.149205 -0.283950 5.634274
v -0.148281 -0.285361 5.631986
v -0.147450 -0.286503 5.637317
v -0.147933 -0.287563 5.639094
v -0.146037 -0.288203 5.636425
v -0.146666 -0.286959 5.634613
v -0.147415 -0.285845 5.635648
v -0.169863 -0.262528 5.602287
v -0.087429 -0.270166 5.574487
v -0.091457 -0.270043 5.576952
v -0.093563 -0.267411 5.586345
v -0.090131 -0.265251 5.591627
v -0.084195 -0.263749 5.593804
v -0.079622 -0.264187 5.590972
v -0.077017 -0.265570 5.586304
v -0.093580 -0.269205 5.581096
v -0.082429 -0.269663 5.574543
v -0.077685 -0.267610 5.579926
v -0.075289 -0.276671 5.584869
v -0.079060 -0.278552 5.579161
v -0.074936 -0.273611 5.591767
v -0.078767 -0.271203 5.595440
v -0.083546 -0.269359 5.596833
v -0.084945 -0.277890 5.577287
v -0.089154 -0.276788 5.578830
v -0.091948 -0.274746 5.582794
v -0.082935 -0.287143 5.579904
v -0.077003 -0.290976 5.584359
v -0.075917 -0.292831 5.601499
v -0.072643 -0.294693 5.599037
v -0.073471 -0.290627 5.597514
v -0.076016 -0.287991 5.600093
v -0.074232 -0.288455 5.595539
v -0.075405 -0.284190 5.596629
v -0.072010 -0.293970 5.592515
v -0.073744 -0.290798 5.591315
v -0.074192 -0.296809 5.587674
v -0.074516 -0.293301 5.587649
v -0.070489 -0.298078 5.594349
v -0.072537 -0.298285 5.599601
v -0.071701 -0.301371 5.596191
v -0.075504 -0.297832 5.600823
v -0.074189 -0.287549 5.589608
v -0.079396 -0.278472 5.599340
v -0.079827 -0.285288 5.602003
v -0.080124 -0.291635 5.602600
v -0.079977 -0.297228 5.600765
v -0.085258 -0.283951 5.601541
v -0.084953 -0.291152 5.601379
v -0.083998 -0.296119 5.599106
v -0.089603 -0.284515 5.597806
v -0.088097 -0.291567 5.598093
v -0.084695 -0.275089 5.599496
v -0.089680 -0.274691 5.595920
v -0.086549 -0.295282 5.597598
v -0.080030 -0.301240 5.596312
v -0.075454 -0.302612 5.597021
v -0.078018 -0.296683 5.585105
v -0.073340 -0.300244 5.589404
v -0.077581 -0.300804 5.587409
v -0.082597 -0.295024 5.583295
v -0.082061 -0.300117 5.586797
v -0.072815 -0.302602 5.591942
v -0.076450 -0.303297 5.591290
v -0.089113 -0.269853 5.594140
v -0.092174 -0.272215 5.588586
v -0.092348 -0.276960 5.589850
v -0.090955 -0.286632 5.591876
v -0.091955 -0.281012 5.583785
v -0.088166 -0.284532 5.579830
v -0.086975 -0.292997 5.583673
v -0.090227 -0.289892 5.586501
v -0.085767 -0.298136 5.587773
v -0.088044 -0.295572 5.589800
v -0.088646 -0.293368 5.593689
v -0.084423 -0.299998 5.591602
v -0.080999 -0.302182 5.591257
v -0.083836 -0.299121 5.595505
v -0.086335 -0.296955 5.594764
v -0.086265 -0.297879 5.592046
v -0.163307 -0.257005 5.601200
v -0.158346 -0.259617 5.599536
v -0.157615 -0.254203 5.598964
v -0.155811 -0.247546 5.600003
v -0.159369 -0.239388 5.600633
v -0.150724 -0.249345 5.596664
v -0.152794 -0.256427 5.595833
v -0.153987 -0.264355 5.595706
v -0.145266 -0.244639 5.593274
v 0.113424 0.017208 5.364484
v 0.110843 0.019182 5.362659
v 0.107692 0.024714 5.363819
v 0.108752 0.020954 5.366461
v 0.110685 0.019282 5.369181
v 0.113319 0.017877 5.372191
v 0.122432 0.015478 5.369062
v 0.117450 0.016523 5.367155
v 0.126008 0.022571 5.376952
v 0.125735 0.022259 5.375658
v 0.125536 0.022868 5.377133
v 0.121503 0.019162 5.375072
v 0.124065 0.023213 5.375980
v 0.106760 0.023545 5.359893
v 0.105967 0.025050 5.359488
v 0.108736 0.021795 5.361107
v 0.117613 0.017682 5.374561
v 0.105764 0.025558 5.360083
v 0.106670 0.025215 5.361560
v 0.125598 0.017981 5.371382
v 0.111431 0.017919 5.367301
v 0.114461 0.015913 5.370204
v 0.120785 0.015255 5.370637
v 0.116259 0.014791 5.367872
v 0.122213 0.017989 5.373807
v 0.124078 0.019480 5.374287
v 0.109454 0.019789 5.365007
v 0.119028 0.016043 5.372799
v 0.112763 0.016730 5.365201
v 0.124074 0.021384 5.374201
v 0.123281 0.019956 5.372530
v 0.106623 0.024837 5.360378
v 0.106646 0.024928 5.360466
v 0.053985 0.218998 5.503845
v 0.044130 0.223646 5.518672
v 0.110483 0.018791 5.363217
v 0.107298 0.024839 5.361418
v 0.108514 0.021572 5.363096
v 0.109190 0.020887 5.361928
v 0.107622 0.024267 5.360701
v -0.056471 0.120535 5.463556
v -0.058211 0.126012 5.477161
v -0.083633 0.118477 5.430740
v -0.098540 0.127449 5.428525
v -0.085025 0.359313 5.670977
v -0.039783 0.480507 5.554545
v -0.034775 0.469171 5.530832
v 0.030474 0.481643 5.556643
v 0.013386 0.485226 5.552592
v -0.100561 0.408853 5.576199
v -0.105804 0.418884 5.592612
v -0.091484 0.371287 5.618953
v -0.095688 0.380183 5.633770
v -0.112579 0.411127 5.621467
v -0.022758 0.508636 5.598751
v -0.012405 0.497677 5.577178
v -0.029158 0.494429 5.577177
v -0.039366 0.506194 5.597347
v 0.035204 0.485947 5.588593
v 0.045079 0.473886 5.562503
v -0.091636 0.410719 5.546363
v -0.082540 0.426303 5.533932
v -0.051715 0.448071 5.517047
v -0.033257 0.453168 5.510905
v 0.005382 0.454674 5.504523
v -0.014310 0.454800 5.506625
v -0.079245 0.349213 5.617669
v -0.061174 0.330129 5.616770
v -0.095694 0.395087 5.560823
v -0.042756 0.323455 5.651011
v 0.050320 0.438309 5.487465
v 0.028238 0.438251 5.480962
v -0.069142 0.438950 5.524240
v 0.010471 0.229085 5.548861
v 0.001639 0.233901 5.563491
v -0.009092 0.231721 5.553651
v -0.000794 0.227803 5.539120
v -0.020106 0.230941 5.544716
v -0.030064 0.231676 5.535721
v -0.038488 0.233641 5.527316
v -0.053524 0.244710 5.508014
v -0.049892 0.240534 5.513513
v -0.059793 0.257040 5.498204
v -0.056176 0.249508 5.502860
v -0.065216 0.270737 5.494673
v -0.071269 0.287256 5.492186
v -0.076912 0.304811 5.488722
v -0.069812 0.295853 5.476588
v -0.078753 0.294588 5.505581
v -0.073024 0.277598 5.507059
v -0.068149 0.264369 5.510723
v -0.006390 0.256018 5.602228
v -0.014044 0.274614 5.613689
v 0.063685 0.213876 5.490212
v -0.167364 -0.025709 5.562985
v -0.116098 -0.143164 5.542439
v 0.097233 0.296446 5.386214
v 0.115908 0.295855 5.399318
v 0.129545 0.303077 5.414937
v 0.131997 0.294812 5.410281
v 0.030706 0.257367 5.348684
v 0.042187 0.279520 5.352842
v 0.058807 0.294261 5.362002
v 0.075842 0.302647 5.375525
v -0.087678 0.366467 5.564784
v 0.086215 0.323033 5.397948
v 0.070154 0.312356 5.376993
v 0.050637 0.303998 5.361462
v 0.032279 0.287975 5.352011
v 0.017313 0.262726 5.345686
v 0.005456 0.252507 5.344707
v -0.017525 0.252027 5.347402
v -0.025980 0.239606 5.349533
v -0.019008 0.223967 5.347533
v -0.027193 0.211417 5.350590
v -0.033569 0.227224 5.353260
v -0.088859 0.154440 5.406677
v -0.099566 0.147823 5.420174
v -0.110912 0.148431 5.432375
v -0.118405 0.152919 5.444168
v -0.120882 0.157491 5.451108
v -0.120595 0.164964 5.455372
v -0.116555 0.177781 5.456818
v -0.091888 0.220875 5.447915
v -0.080825 0.241437 5.439500
v -0.058457 0.314147 5.419680
v -0.051487 0.329874 5.418407
v -0.032265 0.387725 5.441822
v -0.039623 0.370843 5.432017
v -0.026264 0.405566 5.454148
v -0.087647 0.558354 5.685456
v -0.073191 0.547562 5.671973
v -0.088692 0.542217 5.662626
v -0.103457 0.552742 5.674666
v -0.000838 0.518096 5.662050
v -0.017456 0.523871 5.654225
v -0.142061 0.479335 5.647922
v -0.132702 0.500819 5.646156
v -0.119433 0.518866 5.648590
v -0.104027 0.532725 5.654078
v -0.147500 0.458435 5.653714
v -0.123719 0.377356 5.716076
v -0.132286 0.391211 5.702791
v -0.088981 0.347648 5.750104
v -0.102399 0.354947 5.740165
v -0.149001 0.438954 5.663999
v -0.113929 0.364830 5.728676
v -0.139975 0.405968 5.689473
v -0.146144 0.421755 5.676442
v -0.060954 0.536549 5.656769
v -0.045475 0.537489 5.664823
v -0.033206 0.526739 5.646877
v 0.072837 0.391464 5.438049
v 0.054165 0.387620 5.427246
v 0.035647 0.380275 5.416961
v 0.020015 0.359346 5.397251
v 0.000851 0.347415 5.388374
v -0.001483 0.357156 5.398894
v 0.016490 0.369687 5.407424
v -0.034508 0.312219 5.386252
v -0.045205 0.299043 5.388644
v -0.047422 0.304147 5.395281
v -0.035021 0.321351 5.392805
v -0.057391 0.290848 5.398623
v -0.066571 0.275833 5.403380
v -0.074480 0.258116 5.410622
v -0.082181 0.239179 5.416487
v -0.076130 0.234229 5.396131
v -0.068001 0.249612 5.390378
v -0.031817 0.305496 5.379377
v -0.016801 0.320982 5.377533
v 0.077185 0.365112 5.424880
v 0.093195 0.366758 5.439184
v -0.078854 0.317728 5.480040
v -0.078627 0.330636 5.469398
v -0.074888 0.341034 5.459294
v -0.068009 0.348555 5.450169
v -0.061159 0.353569 5.440586
v -0.052413 0.356564 5.431861
v -0.042686 0.356884 5.424229
v -0.046403 0.344236 5.419985
v -0.034209 0.355498 5.417375
v -0.040820 0.340432 5.413768
v -0.026919 0.352719 5.409534
v -0.021484 0.348122 5.401265
v -0.019110 0.340456 5.392955
v -0.018578 0.330494 5.384907
v 0.020323 0.348904 5.386601
v 0.000298 0.336571 5.379133
v 0.041409 0.345770 5.387057
v 0.041090 0.334968 5.377772
v 0.041646 0.369345 5.407094
v 0.040846 0.357429 5.396989
v 0.070999 0.253961 5.361310
v 0.087100 0.264111 5.367677
v -0.110025 0.184281 5.441258
v -0.114716 0.175924 5.447014
v -0.112492 0.184166 5.448896
v -0.109665 0.187854 5.443518
v -0.114406 0.170394 5.442434
v -0.107145 0.177108 5.429519
v -0.112495 0.164616 5.436270
v -0.110150 0.179979 5.438465
v -0.106427 0.161504 5.426305
v -0.102629 0.173504 5.421313
v -0.098845 0.160790 5.415986
v -0.096991 0.172013 5.412356
v -0.092151 0.172261 5.405234
v -0.091472 0.164886 5.405940
v -0.075891 0.207280 5.383954
v -0.082309 0.193242 5.390772
v -0.087981 0.181243 5.398581
v -0.090626 0.221836 5.422144
v -0.098299 0.205685 5.426923
v -0.104391 0.192041 5.431949
v -0.101697 0.189499 5.423656
v -0.095524 0.203723 5.418427
v -0.087958 0.220686 5.412690
v 0.075442 0.380672 5.432320
v 0.060082 0.376035 5.418129
v -0.054668 0.285120 5.391307
v -0.062063 0.272260 5.394501
v -0.069323 0.257241 5.398999
v -0.078842 0.238511 5.405827
v -0.058585 0.265700 5.386025
v -0.050252 0.278879 5.382802
v -0.041754 0.291901 5.380778
v 0.061367 0.363218 5.410617
v 0.091348 0.382942 5.446177
v -0.010168 0.179748 5.419486
v -0.006288 0.174536 5.394970
v -0.010762 0.179229 5.372208
v -0.018536 0.193315 5.356202
v 0.139398 0.262422 5.395695
v -0.135911 0.051435 5.563641
v 0.092785 0.419668 5.487949
v 0.100448 0.407041 5.473510
v 0.066735 0.453358 5.546016
v 0.075812 0.447729 5.525218
v -0.002386 0.514283 5.630924
v 0.012682 0.507695 5.637711
v 0.025218 0.497622 5.613467
v 0.007626 0.523921 5.691387
v 0.014705 0.508985 5.672026
v 0.038315 0.487513 5.619512
v 0.047790 0.475687 5.595299
v 0.068310 0.436324 5.496352
v 0.091335 0.395647 5.450700
v 0.107974 0.382480 5.458063
v 0.110288 0.369192 5.453075
v 0.115647 0.355872 5.444336
v -0.060647 0.247326 5.547280
v -0.052989 0.241663 5.533915
v -0.046166 0.238403 5.541266
v -0.053955 0.243993 5.554485
v -0.069201 0.256836 5.533476
v -0.061803 0.251144 5.520823
v -0.058039 0.246160 5.527013
v -0.065951 0.252031 5.540135
v -0.064874 0.256816 5.515296
v -0.072152 0.263180 5.527911
v -0.067792 0.255585 5.560248
v -0.072585 0.260137 5.553008
v -0.061476 0.252249 5.567187
v -0.077956 0.270523 5.539976
v -0.075790 0.264974 5.546135
v 0.082930 0.092879 5.455812
v 0.079886 0.075710 5.460235
v 0.099447 0.041996 5.442914
v 0.102249 0.042095 5.439256
v 0.098818 0.137960 5.450089
v 0.098037 0.150910 5.452916
v 0.092978 0.054364 5.455010
v 0.086068 0.063270 5.463618
v 0.114351 0.024466 5.429461
v 0.112995 0.027961 5.431013
v 0.106939 0.033684 5.438742
v 0.105133 0.037476 5.440588
v 0.097541 0.163630 5.455463
v 0.091008 0.110334 5.453031
v 0.096260 0.188098 5.459610
v 0.094465 0.196627 5.462048
v 0.083971 0.203821 5.462154
v 0.078046 0.207991 5.469925
v 0.002489 0.243456 5.588265
v 0.027197 0.232981 5.546630
v 0.020111 0.230219 5.559023
v 0.035111 0.229344 5.532970
v 0.070074 0.209385 5.480009
v 0.097174 0.176794 5.457741
v 0.098976 0.045272 5.446751
v 0.096718 0.050370 5.449236
v 0.111142 0.030978 5.433198
v 0.108796 0.032863 5.436092
v 0.064122 0.218810 5.512188
v 0.054918 0.223825 5.527667
v 0.011255 0.235812 5.573875
v 0.005049 0.257913 5.609683
v -0.001251 0.276660 5.622825
v 0.072843 0.213619 5.497905
v -0.003753 0.296275 5.629300
v -0.232739 0.534844 5.787681
v -0.231157 0.543853 5.812339
v -0.211423 0.562722 5.812083
v -0.215419 0.554850 5.793302
v -0.199246 0.550020 5.755035
v -0.189067 0.546849 5.732301
v -0.177640 0.542733 5.708548
v -0.199008 0.571013 5.830945
v -0.161780 0.588957 5.833519
v -0.178705 0.576856 5.849156
v -0.163605 0.560128 5.719053
v -0.175846 0.563546 5.742195
v -0.205195 0.563938 5.794625
v -0.198415 0.565234 5.782357
v -0.211312 0.550281 5.774134
v -0.182928 0.581386 5.819011
v -0.198050 0.571430 5.805595
v -0.054941 0.557749 5.706606
v -0.067618 0.568136 5.722626
v -0.043985 0.564270 5.735315
v -0.118812 0.541111 5.664717
v -0.119049 0.561295 5.689077
v -0.093156 0.561546 5.886530
v -0.185924 0.576320 5.792793
v -0.146518 0.595511 5.814759
v -0.168656 0.587141 5.802973
v -0.110955 0.586724 5.749183
v -0.130807 0.581427 5.738760
v -0.143019 0.586638 5.760477
v -0.121696 0.593098 5.769876
v -0.147895 0.572745 5.729098
v -0.133702 0.567620 5.707764
v -0.099307 0.578316 5.728998
v -0.117247 0.574691 5.717995
v -0.102768 0.567291 5.699971
v -0.160940 0.576472 5.751895
v -0.132719 0.596826 5.793155
v -0.108538 0.599126 5.805430
v -0.083327 0.592304 5.818520
v -0.058715 0.581459 5.834074
v -0.046982 0.580615 5.813507
v -0.086022 0.569150 5.711315
v -0.058417 0.547759 5.680356
v -0.071690 0.558965 5.695716
v -0.019544 0.517671 5.625983
v -0.366936 0.305292 5.856138
v -0.150780 0.451795 5.906983
v -0.156887 0.427749 5.897945
v -0.222820 0.449236 5.720620
v -0.237480 0.504956 5.752854
v -0.223523 0.530826 5.764810
v -0.166581 0.397081 5.873014
v -0.171053 0.386079 5.850741
v -0.214733 0.415614 5.724945
v -0.194734 0.382818 5.766092
v -0.161864 0.411234 5.888227
v -0.187436 0.565340 5.764861
v -0.173793 0.577612 5.774873
v -0.155059 0.589425 5.783141
v -0.120912 0.597513 5.827815
v -0.094471 0.591950 5.839512
v -0.069611 0.578894 5.852446
v -0.131591 0.381960 5.835729
v -0.121204 0.377586 5.839515
v -0.125610 0.378058 5.832647
v -0.109385 0.373283 5.834799
v -0.115224 0.375232 5.846118
v -0.126132 0.382317 5.848905
v -0.118793 0.381703 5.858447
v -0.123258 0.389380 5.869977
v -0.128143 0.380903 5.729996
v -0.138073 0.394896 5.716049
v -0.094179 0.352744 5.764843
v -0.105963 0.359659 5.754829
v -0.159777 0.441584 5.674549
v -0.117357 0.369014 5.743119
v -0.147546 0.408752 5.701583
v -0.155813 0.424439 5.687315
v -0.025624 0.568317 5.769439
v -0.016813 0.558059 5.749209
v -0.081497 0.348500 5.773324
v 0.084385 0.076170 5.464520
v 0.087364 0.093181 5.459027
v 0.180971 -0.010350 5.334250
v 0.137463 0.211215 5.382604
v 0.148127 0.000873 5.381685
v 0.103683 0.042107 5.440389
v 0.114441 0.020963 5.429691
v 0.091578 0.205806 5.467125
v 0.085881 0.210292 5.475966
v -0.130767 0.459330 5.910248
v 0.078857 0.209921 5.487005
v -0.130378 0.467593 5.912730
v 0.057955 0.463175 5.568627
v -0.551465 0.522892 6.186228
v -0.541800 0.532900 6.182309
v -0.558004 0.545061 6.200078
v -0.566539 0.534675 6.205124
v -0.537113 0.555051 6.161600
v -0.534787 0.547272 6.172428
v -0.545252 0.560358 6.152128
v -0.557431 0.560365 6.145607
v -0.567534 0.572489 6.168818
v -0.556293 0.573683 6.173205
v -0.567485 0.555948 6.143466
v -0.587279 0.562866 6.165846
v -0.576681 0.549665 6.143451
v -0.589351 0.537129 6.147695
v -0.597988 0.550013 6.170146
v -0.597063 0.523091 6.158541
v -0.606565 0.535592 6.180027
v -0.595535 0.512122 6.172400
v -0.564530 0.514609 6.187767
v -0.579486 0.523924 6.208086
v -0.548703 0.568105 6.182353
v -0.548550 0.560815 6.191859
v -0.553370 0.552874 6.195896
v -0.537242 0.539420 6.178961
v -0.570501 0.556886 6.221595
v -0.575075 0.541497 6.229605
v -0.557443 0.583013 6.202837
v -0.562125 0.573963 6.210419
v -0.576445 0.585294 6.191197
v -0.563432 0.588936 6.193738
v -0.600266 0.578047 6.184252
v -0.588627 0.581838 6.187403
v -0.577833 0.568362 6.166599
v -0.609754 0.564763 6.188842
v -0.619401 0.547223 6.199571
v -0.591381 0.531065 6.229378
v -0.566646 0.566869 6.216157
v -0.748718 0.502613 6.297859
v -0.745975 0.500206 6.295699
v -0.743867 0.497722 6.298615
v -0.745841 0.499458 6.302914
v -0.733410 0.480647 6.321409
v -0.730040 0.474085 6.316868
v -0.724185 0.473086 6.322730
v -0.725725 0.478919 6.329695
v -0.743233 0.487675 6.312230
v -0.742748 0.492507 6.313477
v -0.745461 0.494821 6.310446
v -0.747378 0.491247 6.307192
v -0.740613 0.529097 6.277730
v -0.740700 0.533191 6.280324
v -0.742189 0.535807 6.277152
v -0.742467 0.533361 6.274360
v -0.745768 0.513312 6.291465
v -0.745595 0.517745 6.293672
v -0.746685 0.520043 6.290646
v -0.747936 0.517847 6.287392
v -0.714818 0.488856 6.308013
v -0.703809 0.484257 6.315279
v -0.716109 0.477864 6.320202
v -0.724163 0.479779 6.311448
v -0.712662 0.482243 6.329697
v -0.700468 0.490839 6.325556
v -0.707024 0.498911 6.327040
v -0.717566 0.489568 6.328626
v -0.717856 0.501826 6.319281
v -0.726986 0.493390 6.321673
v -0.721943 0.497335 6.309824
v -0.732547 0.488364 6.311370
v -0.733448 0.503172 6.299412
v -0.728236 0.496472 6.297631
v -0.739143 0.491035 6.301229
v -0.743851 0.497554 6.301229
v -0.723019 0.491585 6.304856
v -0.735105 0.487407 6.306649
v -0.723772 0.495997 6.313092
v -0.726352 0.503135 6.313189
v -0.736777 0.495905 6.314434
v -0.734137 0.488400 6.314847
v -0.731226 0.506473 6.306893
v -0.741348 0.500355 6.308522
v -0.733721 0.508190 6.286775
v -0.729388 0.503375 6.294146
v -0.738546 0.500324 6.297645
v -0.742233 0.503748 6.292364
v -0.738581 0.502070 6.305235
v -0.730672 0.506945 6.302605
v -0.733675 0.513187 6.301904
v -0.741691 0.507351 6.304393
v -0.738049 0.517158 6.295448
v -0.745614 0.510682 6.299433
v -0.738743 0.514011 6.288505
v -0.746672 0.508504 6.293184
v -0.738601 0.528425 6.277369
v -0.734616 0.522748 6.275127
v -0.742186 0.518545 6.281157
v -0.745081 0.523378 6.283376
v -0.732474 0.517676 6.280904
v -0.739598 0.514478 6.284404
v -0.738664 0.514338 6.290995
v -0.733963 0.518458 6.287387
v -0.735889 0.525701 6.289909
v -0.741067 0.520653 6.293644
v -0.738442 0.531170 6.284335
v -0.744509 0.525091 6.288711
v -0.731638 0.538677 6.263678
v -0.737911 0.533728 6.266954
v -0.739845 0.538544 6.269773
v -0.732984 0.544494 6.266816
v -0.730498 0.532761 6.268346
v -0.735284 0.529408 6.271728
v -0.734861 0.530444 6.277336
v -0.732094 0.534178 6.273729
v -0.732735 0.540213 6.278125
v -0.736697 0.535998 6.280571
v -0.733442 0.545054 6.273091
v -0.739519 0.540564 6.275967
v -0.707388 0.498563 6.302991
v -0.693072 0.491446 6.310121
v -0.725127 0.484204 6.328629
v -0.690612 0.499409 6.321058
v -0.730196 0.486170 6.324471
v -0.711458 0.510892 6.314452
v -0.697670 0.507697 6.322246
v -0.716561 0.500909 6.310039
v -0.743998 0.488290 6.304769
v -0.722479 0.519020 6.302731
v -0.725785 0.508905 6.300089
v -0.741493 0.486152 6.307721
v -0.717130 0.506602 6.292112
v -0.722443 0.519583 6.280625
v -0.746398 0.504017 6.303511
v -0.748353 0.505667 6.300619
v -0.728946 0.530225 6.290740
v -0.732358 0.519654 6.286000
v -0.745939 0.515521 6.284636
v -0.729878 0.542336 6.279750
v -0.732295 0.534228 6.273795
v -0.744153 0.512926 6.286967
v -0.724321 0.532598 6.268217
v -0.739852 0.531198 6.272794
v -0.727447 0.552741 6.271625
v -0.726354 0.552132 6.263000
v -0.738908 0.528398 6.274464
v -0.724390 0.544066 6.259454
v -0.592075 0.518311 6.206460
v -0.577363 0.508822 6.186980
v -0.588585 0.508119 6.181928
v -0.602633 0.518935 6.201139
v -0.607117 0.524170 6.192421
v -0.606505 0.524492 6.226223
v -0.617404 0.527002 6.218902
v -0.621111 0.534851 6.211907
v -0.618489 0.580712 6.201162
v -0.607201 0.592444 6.196832
v -0.593150 0.595023 6.200744
v -0.579985 0.599763 6.203241
v -0.566759 0.602560 6.207095
v -0.602866 0.537947 6.244899
v -0.619027 0.527224 6.242802
v -0.631666 0.527658 6.234824
v -0.636410 0.539292 6.225807
v -0.677761 0.497283 6.305207
v -0.689374 0.502898 6.293777
v -0.673231 0.506502 6.283140
v -0.665495 0.508141 6.296991
v -0.699866 0.512364 6.283426
v -0.682815 0.515692 6.272584
v -0.706105 0.524624 6.273648
v -0.689599 0.529287 6.264691
v -0.710415 0.537475 6.262969
v -0.695144 0.543124 6.256553
v -0.714621 0.549761 6.254720
v -0.700292 0.557524 6.250658
v -0.719227 0.560202 6.256779
v -0.705361 0.569256 6.252213
v -0.676981 0.506192 6.317582
v -0.664077 0.518099 6.308915
v -0.685148 0.519829 6.319882
v -0.673059 0.531947 6.312361
v -0.696016 0.528045 6.310299
v -0.682073 0.540921 6.304230
v -0.706413 0.574799 6.263785
v -0.719662 0.563812 6.268509
v -0.704459 0.537311 6.298372
v -0.689588 0.549670 6.292534
v -0.711516 0.548179 6.287879
v -0.696803 0.560570 6.282678
v -0.716116 0.557652 6.278343
v -0.702364 0.569907 6.273608
v -0.654808 0.513986 6.273222
v -0.664417 0.519225 6.259596
v -0.671030 0.533817 6.252125
v -0.676564 0.549640 6.246436
v -0.681662 0.566546 6.244368
v -0.687432 0.579691 6.246071
v -0.655539 0.560178 6.230549
v -0.661404 0.579979 6.237996
v -0.667937 0.591495 6.242802
v -0.648373 0.604054 6.239198
v -0.642628 0.594647 6.231709
v -0.610533 0.619537 6.225059
v -0.625041 0.608315 6.227109
v -0.630966 0.617817 6.234313
v -0.616227 0.630265 6.232445
v -0.637489 0.579369 6.221649
v -0.620626 0.593708 6.216008
v -0.606705 0.603719 6.212989
v -0.591909 0.640240 6.234746
v -0.586699 0.630811 6.224193
v -0.599019 0.626179 6.224238
v -0.604463 0.637202 6.232267
v -0.577786 0.638507 6.243538
v -0.570840 0.630246 6.232059
v -0.567726 0.619737 6.244649
v -0.572684 0.628057 6.255383
v -0.582745 0.614825 6.213746
v -0.594732 0.610303 6.213705
v -0.569100 0.615622 6.218743
v -0.565713 0.606791 6.230020
v -0.577398 0.606063 6.253862
v -0.574798 0.594404 6.238545
v -0.579019 0.613729 6.265102
v -0.650871 0.523165 6.287784
v -0.650745 0.534308 6.296269
v -0.653482 0.537587 6.237710
v -0.646739 0.524184 6.246664
v -0.633108 0.525213 6.260160
v -0.632217 0.536864 6.278830
v -0.635670 0.551322 6.285726
v -0.615299 0.555932 6.273572
v -0.620835 0.567438 6.278942
v -0.657190 0.545113 6.298385
v -0.641363 0.560220 6.285100
v -0.626069 0.576269 6.278831
v -0.601893 0.571434 6.268414
v -0.606713 0.581936 6.275344
v -0.592846 0.585168 6.262152
v -0.596183 0.593507 6.271839
v -0.587391 0.603008 6.269140
v -0.585831 0.595469 6.258089
v -0.587334 0.575414 6.248629
v -0.581598 0.584502 6.243371
v -0.596551 0.562340 6.255082
v -0.610716 0.544960 6.260118
v -0.688944 0.585871 6.256804
v -0.670345 0.596963 6.250777
v -0.650366 0.608279 6.246796
v -0.632934 0.622364 6.244240
v -0.617913 0.633614 6.243597
v -0.606998 0.639066 6.244305
v -0.596105 0.641804 6.246178
v -0.585221 0.639051 6.252274
v -0.581001 0.631449 6.260725
v -0.586113 0.620833 6.269285
v -0.593598 0.611868 6.273980
v -0.612154 0.590766 6.277187
v -0.601555 0.602609 6.276241
v -0.585153 0.552169 6.244733
v -0.577709 0.565101 6.237107
v -0.574077 0.574646 6.230793
v -0.562913 0.594855 6.216419
v -0.569922 0.583542 6.225128
v -0.665058 0.554503 6.293289
v -0.672784 0.564083 6.283272
v -0.679812 0.574489 6.274273
v -0.685558 0.582357 6.265835
v -0.667267 0.594921 6.258787
v -0.661788 0.588754 6.266212
v -0.654892 0.579619 6.274851
v -0.647683 0.568944 6.281584
v -0.648514 0.606990 6.254560
v -0.644171 0.602062 6.261657
v -0.637295 0.594655 6.270233
v -0.631765 0.585149 6.276268
v -0.617258 0.599747 6.275235
v -0.621323 0.608059 6.269168
v -0.627532 0.614797 6.260177
v -0.630529 0.619753 6.253036
v -0.616283 0.629449 6.252211
v -0.613764 0.623862 6.259165
v -0.608614 0.617503 6.267252
v -0.605940 0.610453 6.273186
v -0.607162 0.634083 6.252370
v -0.591343 0.635959 6.256577
v -0.598881 0.636633 6.253308
v -0.588046 0.631640 6.262127
v -0.592179 0.624465 6.267319
v -0.598495 0.617652 6.270817
v -0.596430 0.627031 6.263594
v -0.601798 0.622799 6.265461
v -0.605674 0.628359 6.258507
v -0.599490 0.631426 6.257996
v -0.592768 0.630630 6.261436
v -0.594497 0.632812 6.258474
v -0.631358 0.559429 6.215409
v 0.139384 0.247437 5.390441
v 0.127665 0.311362 5.419685
v -0.476288 0.315882 6.012147
v -0.489669 0.316356 6.004982
v -0.499121 0.317562 5.990611
v -0.198626 0.398434 5.738544
v -0.092063 0.371870 5.658326
v -0.083948 0.358951 5.631092
v -0.087530 0.366659 5.645298
v -0.213200 0.392174 5.744748
v -0.094464 0.382057 5.576545
v -0.080460 0.572463 5.870362
v 0.119703 0.342797 5.436615
v -0.044205 0.236079 5.519874
v -0.035599 0.576100 5.790620
v 0.091302 0.088845 5.317689
v 0.092357 0.090465 5.320350
v 0.091221 0.093765 5.322262
v 0.092396 0.098285 5.322280
v 0.091322 0.100831 5.322042
v 0.089947 0.103944 5.320685
v 0.091650 0.095202 5.318519
v 0.092560 0.096236 5.319172
v 0.092754 0.093779 5.319241
v 0.091951 0.093510 5.318661
v 0.045795 0.231340 5.542302
v 0.037580 0.234038 5.555328
v 0.029468 0.230148 5.568203
v 0.020632 0.235927 5.582103
v 0.101019 0.042119 5.444313
v -0.058554 0.347869 5.730256
v -0.054303 0.351500 5.722635
v 0.026752 0.497474 5.645172
v -0.068648 0.341610 5.746644
v -0.050839 0.347083 5.713711
v 0.084621 0.433724 5.505373
v 0.011983 0.244829 5.596268
v -0.074951 0.343276 5.758738
v 0.106964 0.395841 5.461446
v -0.046242 0.339608 5.701080
v -0.103235 0.367652 5.821121
v -0.025712 0.320435 5.660387
v 0.203203 0.011028 5.376744
v 0.208413 0.024702 5.384624
v 0.196691 0.019618 5.392603
v 0.189113 0.008693 5.386607
v 0.187160 0.017260 5.399570
v 0.179533 0.009778 5.395133
v 0.209302 0.037914 5.391368
v 0.199677 0.030990 5.397344
v 0.187120 0.053174 5.422253
v 0.190345 0.049003 5.414675
v 0.194792 0.057172 5.415698
v 0.189355 0.063095 5.424677
v 0.172850 0.066093 5.439926
v 0.170324 0.079084 5.442487
v 0.160110 0.074013 5.449115
v 0.162343 0.061959 5.445379
v 0.141190 0.033892 5.427600
v 0.147353 0.032722 5.424422
v 0.149189 0.036204 5.431689
v 0.142168 0.038143 5.434657
v 0.138604 0.023681 5.417787
v 0.136147 0.016419 5.415215
v 0.140206 0.018097 5.409770
v 0.142804 0.024613 5.413210
v 0.133918 0.034834 5.429523
v 0.135295 0.039736 5.436278
v 0.135741 0.029113 5.424976
v 0.140544 0.029397 5.421955
v 0.129152 0.021699 5.431906
v 0.126374 0.016881 5.432209
v 0.129865 0.014372 5.427821
v 0.132073 0.021387 5.427703
v 0.131861 0.030513 5.429754
v 0.128067 0.029645 5.431429
v 0.129807 0.026340 5.431567
v 0.132899 0.027013 5.428588
v 0.134503 0.022628 5.422151
v 0.132648 0.015264 5.421078
v 0.128970 0.008820 5.420220
v 0.125278 0.008263 5.427901
v 0.144059 0.049794 5.446720
v 0.137746 0.049176 5.447444
v 0.136813 0.044001 5.442518
v 0.143565 0.043412 5.441226
v 0.127307 0.034336 5.432600
v 0.121655 0.041654 5.445912
v 0.117378 0.037614 5.443726
v 0.119267 0.035978 5.440759
v 0.123980 0.040462 5.443068
v 0.142089 0.063994 5.455255
v 0.137612 0.070342 5.459271
v 0.131931 0.063992 5.457865
v 0.135248 0.060036 5.455031
v 0.126540 0.067875 5.460760
v 0.131830 0.075683 5.462259
v 0.115775 0.081771 5.468194
v 0.113599 0.069378 5.465498
v 0.120733 0.069681 5.463273
v 0.124186 0.079657 5.465421
v 0.106299 0.058661 5.459739
v 0.105296 0.067570 5.467332
v 0.097733 0.065802 5.467569
v 0.100769 0.056751 5.458671
v 0.117925 0.050053 5.446045
v 0.119956 0.044229 5.447305
v 0.122994 0.048223 5.448313
v 0.122089 0.050905 5.447714
v 0.124889 0.053980 5.448900
v 0.125464 0.052970 5.449091
v 0.126842 0.052791 5.449529
v 0.125892 0.054296 5.450093
v 0.123984 0.052559 5.448373
v 0.124021 0.053955 5.448012
v 0.121802 0.052398 5.448287
v 0.118134 0.049429 5.448782
v 0.105114 0.042975 5.446886
v 0.107195 0.043109 5.442116
v 0.109917 0.044748 5.443245
v 0.108771 0.044086 5.448276
v 0.126262 0.049786 5.448825
v 0.124736 0.046364 5.447581
v 0.126997 0.045162 5.445628
v 0.128895 0.049172 5.448435
v 0.132670 0.048512 5.447753
v 0.132707 0.052848 5.450793
v 0.129177 0.052477 5.450136
v 0.124453 0.054587 5.450739
v 0.127768 0.055261 5.451924
v 0.125850 0.056419 5.453079
v 0.122785 0.056957 5.454083
v 0.121796 0.053766 5.451245
v 0.117880 0.051889 5.451778
v 0.118237 0.056595 5.454609
v 0.112922 0.054345 5.455193
v 0.112895 0.049557 5.452122
v 0.131663 0.044055 5.443402
v 0.130666 0.057237 5.453770
v 0.137255 0.054236 5.451193
v 0.128062 0.059743 5.455702
v 0.124010 0.061514 5.457411
v 0.113011 0.060948 5.459937
v 0.119084 0.061990 5.459066
v 0.106534 0.079900 5.469678
v 0.097362 0.077661 5.469698
v 0.180487 0.019216 5.402289
v 0.174661 0.015452 5.398419
v 0.177942 0.025843 5.405865
v 0.175359 0.022761 5.404078
v 0.176369 0.021855 5.402713
v 0.180137 0.025434 5.405346
v 0.186645 0.043163 5.412453
v 0.184452 0.046230 5.417535
v 0.181824 0.040668 5.412871
v 0.183368 0.038304 5.410237
v 0.171089 0.036625 5.417865
v 0.172851 0.032035 5.412483
v 0.176053 0.034126 5.411757
v 0.175589 0.039082 5.417584
v 0.169321 0.030078 5.411402
v 0.166719 0.034043 5.416396
v 0.163061 0.031854 5.413581
v 0.165958 0.028327 5.409419
v 0.172543 0.020046 5.399976
v 0.171082 0.021171 5.401134
v 0.166374 0.021316 5.398240
v 0.166747 0.019797 5.396602
v 0.154994 0.025299 5.396738
v 0.152437 0.024451 5.396568
v 0.154676 0.022763 5.394311
v 0.156997 0.024654 5.395741
v 0.155815 0.026009 5.398832
v 0.152846 0.026388 5.399785
v 0.209224 0.003951 5.353678
v 0.217557 0.017995 5.364197
v 0.193791 -0.001237 5.369249
v 0.220651 0.032362 5.375305
v 0.218709 0.046354 5.385045
v 0.156959 0.085245 5.452534
v 0.146358 0.077615 5.457311
v 0.149943 0.068225 5.453268
v 0.151329 0.094577 5.456407
v 0.139362 0.085469 5.461296
v 0.120690 0.098597 5.464755
v 0.130791 0.093280 5.464254
v 0.162608 0.103161 5.446629
v 0.157441 0.113556 5.446183
v 0.143320 0.105790 5.457369
v 0.170618 0.118112 5.433584
v 0.169167 0.126086 5.428691
v 0.152375 0.126535 5.441828
v 0.133568 0.152232 5.452765
v 0.146225 0.155661 5.449409
v 0.146733 0.169207 5.454702
v 0.134295 0.165720 5.457654
v 0.167316 0.092246 5.444723
v 0.203595 0.059943 5.405682
v 0.198476 0.068378 5.415092
v 0.198007 0.049935 5.407631
v 0.241412 0.057886 5.355325
v 0.237211 0.067592 5.369019
v 0.228522 0.056131 5.377770
v 0.231870 0.043848 5.365030
v 0.236763 0.034037 5.318760
v 0.241974 0.045559 5.336457
v 0.230840 0.028767 5.350498
v 0.224932 0.015820 5.335766
v 0.242647 0.081290 5.362477
v 0.248308 0.075673 5.346550
v 0.251120 0.096160 5.340428
v 0.244984 0.097059 5.356773
v 0.250895 0.068586 5.324532
v 0.254112 0.094385 5.317419
v 0.174513 0.133267 5.421714
v 0.162912 0.139050 5.431938
v 0.158484 0.148465 5.438690
v 0.147975 0.140421 5.445081
v 0.250908 0.093846 5.293700
v 0.247230 0.060929 5.303008
v 0.227676 0.144653 5.350111
v 0.227042 0.135906 5.364879
v 0.235959 0.123383 5.360261
v 0.239183 0.132335 5.342833
v 0.226083 0.154294 5.334017
v 0.239096 0.140894 5.322758
v 0.190783 0.159285 5.379273
v 0.186947 0.169050 5.369476
v 0.175442 0.168351 5.378551
v 0.178854 0.159754 5.387619
v 0.191848 0.025822 5.403113
v 0.193348 0.034581 5.405715
v 0.186759 0.030949 5.406970
v 0.184764 0.024787 5.405134
v 0.206780 0.049283 5.397965
v 0.199729 0.041428 5.401872
v 0.222280 0.067051 5.387448
v 0.230826 0.076392 5.379955
v 0.238436 0.099710 5.368140
v 0.236063 0.086483 5.372901
v 0.223494 0.129215 5.374741
v 0.229204 0.120803 5.372150
v 0.182266 0.140771 5.408585
v 0.180492 0.150842 5.396776
v 0.170931 0.157487 5.409033
v 0.170017 0.148760 5.421000
v 0.167804 0.171038 5.387838
v 0.168792 0.164660 5.397510
v 0.162216 0.169429 5.434678
v 0.162628 0.177723 5.423196
v 0.163524 0.187257 5.427693
v 0.161428 0.181041 5.438590
v 0.163815 0.195393 5.416709
v 0.161894 0.183919 5.411191
v 0.159916 0.191604 5.401268
v 0.162213 0.203600 5.406039
v 0.111370 0.163177 5.458554
v 0.121889 0.163920 5.458338
v 0.122527 0.174855 5.463294
v 0.111274 0.174020 5.462549
v 0.163850 0.193439 5.441838
v 0.168196 0.199357 5.430660
v 0.192965 0.148832 5.388332
v 0.194639 0.139464 5.395917
v 0.169491 0.207155 5.420285
v 0.165871 0.166647 5.417669
v 0.164009 0.173503 5.406346
v 0.163019 0.177565 5.378668
v 0.169341 0.175286 5.369828
v 0.145365 0.029317 5.418090
v 0.157177 0.028215 5.406544
v 0.154740 0.027308 5.403043
v 0.157252 0.026590 5.400828
v 0.159698 0.026786 5.403662
v 0.166781 -0.003784 5.376428
v 0.178801 -0.000004 5.381403
v 0.169327 0.004304 5.391029
v 0.156619 0.003324 5.387725
v 0.163834 0.048364 5.438648
v 0.152650 0.049386 5.444385
v 0.150994 0.041585 5.438629
v 0.158820 0.039420 5.432783
v 0.180910 0.034930 5.408927
v 0.180547 0.032241 5.408106
v 0.182924 0.034235 5.408371
v 0.143814 0.056654 5.451058
v 0.152144 0.058724 5.449208
v 0.190435 0.076021 5.424632
v 0.192699 0.042981 5.408852
v 0.224687 0.025783 5.302003
v 0.212661 0.004698 5.322526
v 0.235818 0.054619 5.283848
v 0.241201 0.091077 5.272168
v 0.233954 0.148177 5.301998
v 0.227571 0.155504 5.280928
v 0.210031 0.171012 5.298594
v 0.219838 0.163807 5.316647
v 0.179901 0.177226 5.359918
v 0.156613 0.197622 5.390378
v 0.157524 0.208668 5.396617
v 0.197275 -0.005778 5.344192
v 0.180901 -0.008072 5.362586
v 0.214520 0.058751 5.393027
v 0.181955 0.054966 5.428983
v 0.174689 0.054152 5.434910
v 0.175758 0.045147 5.426924
v 0.180822 0.046941 5.423212
v 0.181968 0.066473 5.432933
v 0.180418 0.080901 5.433540
v 0.179557 0.096983 5.432726
v 0.174053 0.109006 5.435062
v 0.247730 0.115617 5.338418
v 0.243263 0.111743 5.354674
v 0.245684 0.124605 5.294263
v 0.250652 0.119433 5.317005
v 0.237844 0.111357 5.365003
v 0.236065 0.127009 5.272192
v 0.121111 0.034016 5.436902
v 0.122346 0.031604 5.433128
v 0.127660 0.038754 5.438709
v 0.107751 0.047713 5.451531
v 0.107344 0.053005 5.454647
v 0.102429 0.051157 5.452884
v 0.103421 0.046121 5.449960
v 0.098995 0.095092 5.464360
v 0.108903 0.097453 5.465106
v 0.111803 0.149927 5.455884
v 0.121404 0.151154 5.455336
v 0.127232 0.022565 5.429833
v 0.127727 0.025786 5.429117
v 0.124798 0.025447 5.426718
v 0.126732 0.020554 5.429007
v 0.124732 0.050919 5.448877
v 0.113202 0.035074 5.441927
v 0.111715 0.038564 5.443913
v 0.108860 0.037956 5.442496
v 0.110254 0.034307 5.440754
v 0.130473 0.117470 5.455289
v 0.134093 0.137753 5.450315
v 0.155588 0.174525 5.448224
v 0.156195 0.161625 5.443815
v 0.165053 0.157915 5.429403
v 0.161930 0.179702 5.396566
v 0.158531 0.186144 5.385607
v 0.150252 0.188993 5.378379
v 0.152635 0.182045 5.371713
v 0.113159 0.116114 5.457505
v 0.121669 0.138270 5.453529
v 0.106759 0.131090 5.454678
v 0.102456 0.112123 5.457450
v 0.120361 0.022155 5.430283
v 0.120940 0.024787 5.430269
v 0.117802 0.025344 5.430551
v 0.117704 0.021571 5.430546
v 0.126396 0.027413 5.430911
v 0.123481 0.029122 5.430997
v 0.124571 0.027263 5.430540
v 0.127546 0.025916 5.430884
v 0.127249 0.022381 5.430960
v 0.122771 0.017184 5.430361
v 0.121145 0.013174 5.432631
v 0.125356 0.018871 5.430849
v 0.122854 0.023126 5.427898
v 0.123591 0.024914 5.428588
v 0.125590 0.026610 5.427892
v 0.126600 0.026712 5.429028
v 0.124436 0.017889 5.429391
v 0.125874 0.019817 5.429768
v 0.133023 0.009850 5.413164
v 0.104319 0.150478 5.454955
v 0.098307 0.129706 5.453949
v 0.124778 0.053432 5.448571
v 0.166650 0.013083 5.394444
v 0.169401 0.040981 5.427723
v 0.152451 0.032052 5.419853
v 0.156353 0.031042 5.415022
v 0.159751 0.033674 5.419803
v 0.155290 0.035089 5.426232
v 0.157479 0.013392 5.392477
v 0.151217 0.016604 5.393664
v 0.147433 0.009800 5.392679
v 0.147862 0.020718 5.397405
v 0.148442 0.024405 5.401648
v 0.144148 0.021137 5.404846
v 0.142388 0.013956 5.399630
v 0.181887 0.029550 5.406976
v 0.179692 0.028973 5.407234
v 0.146833 0.026089 5.409261
v 0.150576 0.027279 5.405797
v 0.153399 0.028849 5.410361
v 0.149527 0.029319 5.414249
v 0.163974 0.036867 5.424572
v 0.187481 0.037837 5.408880
v 0.179266 0.040704 5.415702
v 0.189736 0.131607 5.407393
v 0.199115 0.131306 5.399941
v 0.184473 0.120415 5.423135
v 0.184085 0.121634 5.418486
v 0.178485 0.123337 5.420523
v 0.178093 0.120045 5.424477
v 0.222014 0.110108 5.384693
v 0.221569 0.106143 5.386135
v 0.225519 0.103457 5.383258
v 0.226104 0.110771 5.380496
v 0.222006 0.099167 5.388072
v 0.220752 0.098057 5.390234
v 0.218258 0.097021 5.393566
v 0.222497 0.096173 5.387937
v 0.218095 0.091554 5.392622
v 0.223413 0.083285 5.388069
v 0.229913 0.091409 5.381146
v 0.208490 0.073547 5.401922
v 0.216524 0.077995 5.393524
v 0.211861 0.089287 5.397393
v 0.205642 0.089500 5.404851
v 0.184990 0.107186 5.424904
v 0.180594 0.114235 5.426520
v 0.183044 0.127983 5.414906
v 0.213095 0.162806 5.345777
v 0.215912 0.152661 5.359985
v 0.216622 0.143606 5.371667
v 0.215249 0.134953 5.380776
v 0.207394 0.172001 5.330133
v 0.195775 0.177433 5.314947
v 0.199857 0.081296 5.414191
v 0.198575 0.093512 5.412938
v 0.203661 0.157781 5.370249
v 0.199995 0.167113 5.357551
v 0.204840 0.148311 5.380670
v 0.205693 0.138740 5.388220
v 0.193979 0.175194 5.343361
v 0.182247 0.180131 5.333026
v 0.169738 0.181120 5.351646
v 0.190738 0.115720 5.421873
v 0.188062 0.118988 5.424976
v 0.185462 0.118338 5.423973
v 0.187255 0.113818 5.421914
v 0.191263 0.100055 5.419487
v 0.190680 0.089692 5.422974
v 0.137565 0.011155 5.406817
v 0.091659 0.064348 5.466068
v 0.096632 0.055423 5.456908
v 0.116687 0.031337 5.435420
v 0.114973 0.033442 5.438735
v 0.111951 0.032970 5.437873
v 0.113876 0.030720 5.434633
v 0.159846 0.020522 5.393861
v 0.160465 0.179740 5.361568
v 0.148627 0.199498 5.383609
v 0.148644 0.211066 5.388908
v 0.166174 0.214322 5.410400
v 0.159404 0.219045 5.401591
v 0.115632 0.028057 5.432239
v 0.118415 0.029088 5.432809
v 0.122206 0.021125 5.427714
v 0.115738 0.040462 5.445631
v 0.122445 0.026129 5.430416
v 0.120217 0.027285 5.431294
v 0.115544 0.024783 5.430007
v 0.114042 0.028005 5.431633
v 0.160057 0.029766 5.409978
v 0.162776 0.027273 5.406549
v 0.120683 0.019137 5.429810
v 0.118506 0.017628 5.431668
v 0.135239 0.176853 5.462854
v 0.147648 0.181440 5.459276
v 0.106920 0.037706 5.441550
v 0.108517 0.034010 5.439822
v 0.204331 0.098791 5.406536
v 0.209610 0.097156 5.400536
v 0.209044 0.104170 5.402830
v 0.204284 0.105640 5.407979
v 0.103429 0.162679 5.457428
v 0.157290 0.187412 5.451877
v 0.149624 0.221369 5.393556
v 0.178495 0.035628 5.410657
v 0.180149 0.035933 5.409908
v 0.161121 0.022858 5.395992
v 0.113551 0.046482 5.448840
v 0.113821 0.047246 5.444664
v 0.095523 0.110216 5.455905
v 0.115631 0.021012 5.430306
v 0.214146 0.105055 5.394448
v 0.209894 0.107343 5.395885
v 0.212126 0.105460 5.399300
v 0.214612 0.103188 5.397111
v 0.216669 0.099593 5.397401
v 0.220059 0.098169 5.395375
v 0.219139 0.101302 5.397014
v 0.215968 0.102896 5.398303
v 0.214512 0.096823 5.396181
v 0.213131 0.100988 5.399539
v 0.223510 0.099053 5.393845
v 0.222362 0.100923 5.395547
v 0.221170 0.102521 5.388002
v 0.221659 0.098509 5.389324
v 0.224799 0.102848 5.386789
v 0.227948 0.102914 5.392576
v 0.228114 0.109449 5.385604
v 0.231041 0.108792 5.391717
v 0.227990 0.116818 5.387137
v 0.232184 0.116189 5.392003
v 0.191388 0.107860 5.417978
v 0.194221 0.112544 5.416080
v 0.225082 0.122230 5.390756
v 0.230143 0.122116 5.394816
v 0.220750 0.126840 5.395890
v 0.225937 0.127006 5.399500
v 0.215950 0.130488 5.401953
v 0.220234 0.130132 5.405107
v 0.210014 0.132042 5.407959
v 0.214102 0.130973 5.410577
v 0.202611 0.131632 5.414977
v 0.207360 0.129957 5.415739
v 0.226622 0.116179 5.390906
v 0.226873 0.110319 5.390294
v 0.219400 0.114018 5.385977
v 0.225880 0.104433 5.392810
v 0.210219 0.116860 5.397117
v 0.207644 0.115663 5.398742
v 0.207384 0.114063 5.398311
v 0.208977 0.114253 5.396610
v 0.203181 0.109883 5.408267
v 0.199603 0.111067 5.411779
v 0.198770 0.108407 5.413074
v 0.196148 0.114625 5.414453
v 0.197313 0.111562 5.409916
v 0.195479 0.112263 5.411691
v 0.199162 0.110534 5.406396
v 0.197081 0.115607 5.413137
v 0.197757 0.115021 5.414999
v 0.195293 0.116242 5.410079
v 0.194377 0.115251 5.409970
v 0.194021 0.114629 5.407273
v 0.196451 0.113704 5.403594
v 0.197713 0.102458 5.412730
v 0.194954 0.126688 5.408852
v 0.202312 0.126257 5.402468
v 0.200880 0.128028 5.420378
v 0.195371 0.129972 5.421480
v 0.189170 0.122065 5.425609
v 0.191082 0.126368 5.425038
v 0.216576 0.117703 5.389494
v 0.213326 0.121270 5.393619
v 0.188794 0.123960 5.415508
v 0.208145 0.124259 5.397130
v 0.207914 0.126695 5.413040
v 0.202832 0.124434 5.415588
v 0.212827 0.127996 5.408871
v 0.196699 0.116479 5.417987
v 0.199400 0.120718 5.417796
v 0.196208 0.123961 5.422215
v 0.193095 0.119462 5.422365
v 0.204040 0.121093 5.413994
v 0.208667 0.122770 5.412405
v 0.202041 0.120760 5.410308
v 0.206377 0.122967 5.408891
v 0.199381 0.117732 5.412173
v 0.201021 0.118007 5.415181
v 0.199726 0.120261 5.408112
v 0.204288 0.119639 5.403453
v 0.196394 0.117105 5.409668
v 0.210964 0.122650 5.406646
v 0.208311 0.120027 5.400423
v 0.214052 0.118370 5.402021
v 0.214693 0.120401 5.404695
v 0.213059 0.123879 5.409723
v 0.216476 0.123495 5.405693
v 0.217154 0.127117 5.404013
v 0.219447 0.121440 5.400931
v 0.221082 0.124290 5.398610
v 0.217946 0.118665 5.402185
v 0.215993 0.116635 5.400971
v 0.224646 0.120944 5.393832
v 0.221600 0.118599 5.396546
v 0.224091 0.115043 5.393964
v 0.220046 0.116686 5.398697
v 0.221068 0.113632 5.396442
v 0.218054 0.115202 5.399510
v 0.217544 0.112977 5.398006
v 0.219911 0.102189 5.394588
v 0.217121 0.101928 5.395871
v 0.222228 0.106043 5.392420
v 0.218597 0.106801 5.394034
v 0.218267 0.104914 5.392814
v 0.215148 0.104357 5.393356
v 0.214864 0.106753 5.395428
v 0.213474 0.109306 5.397441
v 0.110916 0.194002 5.471093
v 0.101892 0.195311 5.466928
v 0.103108 0.186456 5.463378
v 0.111917 0.185342 5.466392
v 0.220324 0.109906 5.395512
v 0.216155 0.109649 5.396935
v 0.224288 0.110331 5.392833
v 0.213590 0.114305 5.398746
v 0.214446 0.111996 5.398358
v 0.215043 0.113882 5.399359
v 0.214597 0.115238 5.399678
v 0.205478 0.108454 5.404002
v 0.202096 0.110520 5.403110
v 0.202647 0.114554 5.403955
v 0.137179 0.208158 5.486621
v 0.137641 0.205372 5.478116
v 0.154673 0.208519 5.475673
v 0.156122 0.210758 5.484027
v 0.129674 0.205718 5.509658
v 0.153576 0.206497 5.508405
v 0.136091 0.206122 5.528251
v 0.120638 0.209708 5.526738
v 0.123669 0.208149 5.546809
v 0.111178 0.212638 5.544322
v 0.093885 0.220000 5.594404
v 0.081532 0.220834 5.588957
v 0.091185 0.217043 5.575116
v 0.103308 0.215730 5.580125
v 0.077933 0.254076 5.661267
v 0.070678 0.269820 5.667016
v 0.059497 0.264327 5.662884
v 0.068260 0.250368 5.658302
v 0.146957 0.211058 5.588138
v 0.153648 0.199699 5.574180
v 0.156296 0.205306 5.584880
v 0.150126 0.219963 5.596619
v 0.198708 0.214437 5.482194
v 0.177917 0.207668 5.493458
v 0.175393 0.212515 5.486295
v 0.193519 0.215693 5.475207
v 0.126291 0.268767 5.648730
v 0.117635 0.272932 5.656820
v 0.113071 0.262012 5.654817
v 0.120300 0.257417 5.646613
v 0.086178 0.325708 5.678664
v 0.081082 0.334707 5.691100
v 0.063758 0.328173 5.691385
v 0.069658 0.320388 5.679061
v 0.139933 0.347317 5.654684
v 0.151373 0.362969 5.645153
v 0.147345 0.372667 5.652463
v 0.136596 0.356837 5.662889
v 0.114634 0.221531 5.602727
v 0.105248 0.220386 5.598809
v 0.114378 0.215191 5.584343
v 0.123050 0.215039 5.588062
v 0.186287 0.148977 5.706888
v 0.176427 0.158489 5.714152
v 0.176017 0.166118 5.691892
v 0.185471 0.156627 5.684654
v 0.097611 0.393019 5.734395
v 0.106097 0.408996 5.726270
v 0.101461 0.414636 5.741449
v 0.093005 0.397576 5.748332
v 0.197266 0.167008 5.572142
v 0.196970 0.167583 5.558259
v 0.218817 0.168248 5.547670
v 0.218654 0.165533 5.561405
v 0.139745 0.240189 5.614855
v 0.133744 0.231092 5.610752
v 0.140293 0.221753 5.599228
v 0.145409 0.231902 5.605631
v 0.165800 0.345787 5.634503
v 0.156586 0.332379 5.643726
v 0.165249 0.324527 5.635401
v 0.173336 0.336336 5.626726
v 0.148925 0.340257 5.650765
v 0.159065 0.355024 5.641026
v 0.128378 0.226468 5.608479
v 0.122245 0.223739 5.605798
v 0.130131 0.215346 5.591136
v 0.135428 0.216175 5.594491
v 0.064613 0.285798 5.667450
v 0.051142 0.279224 5.662314
v 0.080062 0.381840 5.753438
v 0.063896 0.368879 5.756391
v 0.068626 0.365459 5.744246
v 0.084684 0.377565 5.740491
v 0.057882 0.310076 5.665916
v 0.060935 0.300319 5.663624
v 0.074603 0.303187 5.666660
v 0.072569 0.313460 5.667856
v 0.046094 0.359252 5.756373
v 0.027485 0.352634 5.754842
v 0.032359 0.351532 5.742220
v 0.050507 0.357079 5.744504
v 0.113198 0.211473 5.563982
v 0.101237 0.214112 5.560337
v 0.095941 0.260944 5.661461
v 0.091540 0.275595 5.667341
v 0.081766 0.273403 5.668044
v 0.087511 0.257598 5.661987
v 0.160588 0.255423 5.608406
v 0.154434 0.235364 5.604118
v 0.159454 0.218034 5.597087
v 0.164179 0.244766 5.605683
v 0.099074 0.418430 5.754120
v 0.090989 0.400019 5.760740
v 0.043156 0.359494 5.767888
v 0.024329 0.352178 5.766197
v 0.195877 0.272380 5.615177
v 0.197428 0.284221 5.612147
v 0.189869 0.277987 5.612669
v 0.188820 0.266592 5.614507
v 0.037825 0.251480 5.640885
v 0.051005 0.243309 5.643503
v 0.051656 0.255001 5.654930
v 0.040528 0.267671 5.653453
v 0.088899 0.291004 5.669550
v 0.087946 0.304938 5.668271
v 0.077318 0.289226 5.669379
v 0.025756 0.263028 5.636102
v 0.029615 0.285298 5.648847
v 0.087783 0.217934 5.556551
v 0.078051 0.219601 5.569890
v 0.096908 0.215870 5.541418
v 0.081970 0.218924 5.538019
v 0.089566 0.215109 5.522265
v 0.104596 0.212751 5.525213
v 0.095751 0.209573 5.507257
v 0.111236 0.207819 5.509345
v 0.119290 0.205868 5.485818
v 0.121471 0.202520 5.477778
v 0.150288 0.246254 5.610888
v 0.145682 0.253520 5.619158
v 0.061882 0.369906 5.768513
v 0.228865 0.304292 5.506702
v 0.223621 0.318113 5.510186
v 0.230730 0.303330 5.525625
v 0.235491 0.291151 5.520235
v 0.204251 0.209624 5.488219
v 0.183420 0.201447 5.500463
v 0.218112 0.294422 5.595914
v 0.217356 0.306506 5.584416
v 0.213435 0.312356 5.585705
v 0.213888 0.298702 5.597624
v 0.205575 0.274823 5.615843
v 0.208315 0.261018 5.632086
v 0.212822 0.259749 5.631586
v 0.209422 0.271610 5.615924
v 0.104994 0.432406 5.731127
v 0.109161 0.425837 5.714650
v 0.163339 0.396932 5.596450
v 0.161598 0.387682 5.615399
v 0.170481 0.376291 5.610671
v 0.173091 0.383799 5.592091
v 0.137845 0.339959 5.446577
v 0.132714 0.351973 5.453177
v 0.152641 0.348659 5.461077
v 0.157484 0.337006 5.454930
v 0.206012 0.315703 5.471550
v 0.208564 0.305054 5.466125
v 0.188399 0.312575 5.454628
v 0.184527 0.323280 5.459056
v 0.216629 0.317803 5.490891
v 0.210578 0.330457 5.494813
v 0.179652 0.345495 5.615757
v 0.172329 0.356275 5.621337
v 0.192949 0.329781 5.607677
v 0.186541 0.321386 5.616136
v 0.190971 0.315042 5.613394
v 0.197492 0.322603 5.605793
v 0.190425 0.215790 5.466570
v 0.200611 0.226329 5.453518
v 0.207044 0.225885 5.464327
v 0.183331 0.269949 5.429412
v 0.183511 0.277230 5.432361
v 0.194952 0.269903 5.440021
v 0.191495 0.263439 5.434648
v 0.135112 0.399101 5.493789
v 0.116474 0.404822 5.484016
v 0.109153 0.417582 5.499133
v 0.128096 0.411910 5.509472
v 0.204231 0.318062 5.598063
v 0.204884 0.306779 5.602878
v 0.208068 0.306096 5.599356
v 0.206946 0.318764 5.592027
v 0.204530 0.328750 5.588017
v 0.201037 0.338021 5.587175
v 0.197801 0.335102 5.597994
v 0.201612 0.327076 5.596664
v 0.181021 0.368981 5.588989
v 0.177583 0.363563 5.605967
v 0.184702 0.351704 5.602018
v 0.188581 0.355926 5.587803
v 0.082407 0.455170 5.556427
v 0.097201 0.453793 5.566865
v 0.106490 0.441457 5.546455
v 0.091197 0.445044 5.535697
v 0.179309 0.235835 5.621428
v 0.174160 0.224179 5.618975
v 0.172939 0.218178 5.630062
v 0.179345 0.229136 5.635484
v 0.231083 0.251115 5.633965
v 0.235183 0.243313 5.642493
v 0.238456 0.240606 5.638995
v 0.235169 0.248324 5.630356
v 0.184066 0.230649 5.659545
v 0.178231 0.222838 5.652605
v 0.177198 0.214964 5.672186
v 0.183380 0.223937 5.679299
v 0.227487 0.221584 5.488260
v 0.209630 0.204476 5.493894
v 0.222017 0.223470 5.480549
v 0.196753 0.249931 5.648226
v 0.196221 0.242934 5.666522
v 0.203461 0.246238 5.666317
v 0.202702 0.252953 5.648813
v 0.201726 0.144559 5.701545
v 0.200935 0.152116 5.679375
v 0.191214 0.222896 5.705078
v 0.200233 0.227838 5.707617
v 0.196673 0.234747 5.688043
v 0.189169 0.230955 5.686198
v 0.151864 0.408473 5.602441
v 0.152574 0.398987 5.621021
v 0.099767 0.465723 5.710771
v 0.104086 0.450165 5.721101
v 0.108170 0.443258 5.701825
v 0.104537 0.457503 5.689415
v 0.101412 0.437932 5.746440
v 0.094026 0.471551 5.729138
v 0.099771 0.455445 5.737905
v 0.186111 0.218692 5.438855
v 0.183385 0.228445 5.425595
v 0.190715 0.235377 5.432892
v 0.193191 0.224021 5.444895
v 0.089674 0.457004 5.856306
v 0.078245 0.462129 5.878079
v 0.078275 0.437258 5.876736
v 0.085443 0.430577 5.857237
v 0.169841 0.255186 5.413430
v 0.181718 0.245926 5.422293
v 0.174919 0.237216 5.415660
v 0.163649 0.244514 5.407882
v 0.092170 0.425657 5.836671
v 0.098062 0.450771 5.834181
v 0.176108 0.210210 5.451820
v 0.184623 0.214340 5.458412
v 0.169938 0.210552 5.469265
v 0.164210 0.206373 5.461669
v 0.151011 0.201981 5.468406
v 0.070916 0.409090 5.876175
v 0.076305 0.406955 5.858490
v 0.176413 0.217523 5.424034
v 0.170224 0.224809 5.413435
v 0.161186 0.231352 5.404564
v 0.150202 0.234845 5.396090
v 0.101263 0.442067 5.763392
v 0.097853 0.420940 5.769640
v 0.003829 0.524797 5.960455
v -0.021712 0.539207 5.955087
v -0.030586 0.523882 5.969092
v 0.000066 0.509250 5.974216
v -0.082317 0.552524 5.918964
v -0.094026 0.530530 5.930501
v -0.061904 0.530011 5.954148
v -0.051657 0.547846 5.941688
v -0.007762 0.570553 5.806664
v 0.017396 0.565056 5.820586
v 0.025512 0.554877 5.800356
v 0.001862 0.561346 5.786676
v 0.093314 0.478043 5.749124
v 0.100014 0.460886 5.757411
v 0.088601 0.400988 5.773760
v 0.044388 0.373283 5.973510
v 0.051307 0.408165 5.981321
v 0.042321 0.401016 6.009967
v 0.036529 0.366811 6.003754
v 0.016899 0.463722 6.015485
v 0.024193 0.473284 5.991971
v -0.003856 0.496104 5.991070
v -0.008820 0.483993 6.012033
v 0.004879 0.345427 5.763319
v 0.020032 0.351825 5.777593
v 0.000802 0.344906 5.775023
v -0.045848 0.339849 5.747324
v -0.028762 0.338697 5.754885
v -0.035903 0.337896 5.764959
v -0.052962 0.338644 5.757385
v -0.083076 0.365164 5.834165
v -0.094318 0.366334 5.827181
v -0.085505 0.360195 5.812320
v -0.072048 0.360627 5.818834
v 0.058573 0.385894 5.855167
v 0.037875 0.372111 5.849785
v 0.040634 0.373438 5.836761
v 0.061996 0.387051 5.840060
v -0.100799 0.505415 5.938158
v -0.070948 0.510990 5.963299
v 0.021547 0.340103 5.993891
v 0.028633 0.349440 5.962068
v -0.003939 0.321225 5.985586
v -0.033303 0.318957 5.976847
v -0.026582 0.329132 5.948217
v 0.003940 0.332512 5.954158
v -0.116535 0.403934 5.895400
v -0.100674 0.385099 5.880950
v -0.094880 0.387234 5.893144
v -0.110871 0.406188 5.906921
v -0.055550 0.577019 5.886732
v -0.068498 0.568263 5.903023
v -0.041772 0.563646 5.924782
v -0.028762 0.574017 5.903682
v 0.085454 0.483802 5.721690
v 0.082692 0.492376 5.741290
v 0.074668 0.493164 5.712975
v 0.092345 0.477721 5.699786
v 0.082317 0.486920 5.689336
v 0.142026 0.421548 5.563148
v 0.148504 0.416337 5.583444
v 0.161505 0.404063 5.576302
v 0.156950 0.407169 5.554405
v 0.173854 0.344877 5.469287
v 0.179103 0.333591 5.463519
v -0.043673 0.498691 5.998549
v -0.078745 0.496145 5.971809
v -0.071919 0.485308 6.009540
v -0.041332 0.485626 6.024418
v 0.010007 0.455215 6.038628
v 0.026341 0.427601 6.039729
v 0.035152 0.434615 6.013494
v 0.032795 0.392444 6.037317
v 0.028591 0.358788 6.031270
v -0.011421 0.312892 6.014795
v -0.040749 0.311435 6.005699
v -0.100669 0.375223 5.970260
v -0.084203 0.352141 5.970170
v -0.089717 0.348307 5.996098
v -0.104535 0.373709 5.993891
v -0.050075 0.361282 5.851933
v -0.013973 0.362462 5.848670
v -0.016252 0.361212 5.863034
v -0.046419 0.362675 5.869095
v -0.036382 0.341433 5.739074
v -0.023221 0.340865 5.743925
v -0.012834 0.340971 5.759675
v -0.008628 0.342304 5.748148
v 0.008807 0.346723 5.751820
v 0.000273 0.320460 5.692631
v 0.018712 0.323574 5.698749
v 0.009224 0.329395 5.710251
v -0.008330 0.326173 5.704698
v 0.009891 0.314156 5.679916
v 0.028575 0.317224 5.686238
v 0.026974 0.302675 5.652116
v 0.046043 0.295115 5.658319
v 0.042113 0.306163 5.660140
v 0.073326 0.221998 5.552546
v 0.064421 0.223904 5.565506
v 0.055584 0.385159 5.870397
v -0.102718 0.472241 5.963363
v -0.114374 0.451116 5.964612
v -0.111602 0.449405 5.992709
v -0.097522 0.470824 5.997692
v 0.080364 0.403378 5.840191
v 0.078297 0.383086 5.766459
v 0.074827 0.383642 5.777003
v 0.122436 0.328406 5.661826
v 0.120912 0.342923 5.670056
v 0.063563 0.239655 5.645422
v 0.060665 0.247539 5.653740
v 0.044975 0.445492 5.986444
v -0.020111 0.306729 6.043063
v -0.029436 0.299988 6.070685
v -0.058812 0.299802 6.063213
v -0.048754 0.305098 6.034543
v -0.113426 0.393544 6.022302
v -0.107188 0.371061 6.021828
v -0.109112 0.367057 6.050891
v -0.112936 0.391481 6.052506
v -0.114332 0.383853 6.082280
v -0.113630 0.361184 6.081281
v -0.119350 0.356415 6.110846
v -0.118100 0.378918 6.111164
v 0.013616 0.329628 6.024418
v 0.008841 0.343431 6.085702
v -0.004843 0.316795 6.079531
v 0.004397 0.323300 6.052390
v 0.018447 0.350926 6.058865
v -0.012593 0.473592 6.034597
v -0.113241 0.399011 5.992966
v -0.111931 0.399957 5.970771
v -0.103864 0.431421 6.060169
v -0.089553 0.449858 6.067093
v -0.093966 0.460969 6.034894
v -0.108653 0.440016 6.027558
v -0.003236 0.430072 6.088831
v 0.008911 0.403641 6.089806
v 0.017984 0.414261 6.064798
v 0.003848 0.440628 6.064304
v 0.022649 0.382360 6.063046
v 0.012660 0.374380 6.088980
v -0.011772 0.326561 6.138168
v -0.027870 0.302488 6.133001
v -0.015517 0.309505 6.106333
v -0.000912 0.335254 6.112364
v -0.004793 0.356327 6.140225
v 0.003939 0.365762 6.114735
v 0.000731 0.393865 6.114583
v -0.007371 0.383124 6.139068
v -0.017636 0.405452 6.136681
v -0.010349 0.416962 6.113119
v -0.026968 0.435655 6.110993
v -0.032241 0.423034 6.134124
v -0.046910 0.446455 6.106193
v -0.068820 0.446560 6.101021
v -0.069467 0.434088 6.125383
v -0.049894 0.433298 6.129953
v -0.102631 0.415580 6.116994
v -0.087715 0.428172 6.121171
v -0.088151 0.438641 6.095370
v -0.102461 0.422692 6.089771
v -0.100862 0.401238 6.209385
v -0.083991 0.400111 6.207708
v -0.087349 0.403990 6.189662
v -0.104750 0.402176 6.190235
v -0.068137 0.399262 6.206162
v -0.052346 0.396164 6.207081
v -0.055066 0.397929 6.191298
v -0.070886 0.400909 6.190775
v -0.031325 0.373759 6.198654
v -0.040690 0.389525 6.193899
v -0.038836 0.387906 6.210158
v -0.030372 0.372578 6.215786
v -0.022640 0.354245 6.222661
v -0.021957 0.354616 6.204098
v -0.027808 0.334722 6.229533
v -0.024526 0.333840 6.208285
v -0.039120 0.311748 6.211168
v -0.044013 0.316302 6.234611
v -0.128162 0.360749 6.195335
v -0.128793 0.367643 6.219732
v -0.126054 0.383992 6.213457
v -0.127130 0.378874 6.190838
v -0.118233 0.318756 6.205409
v -0.106644 0.292074 6.207660
v -0.108509 0.306386 6.236071
v -0.116434 0.332358 6.232198
v -0.013314 0.346928 6.164055
v -0.022619 0.318342 6.163390
v -0.024254 0.393468 6.159287
v -0.014630 0.371945 6.162370
v -0.104116 0.410268 6.142601
v -0.088385 0.419939 6.145898
v -0.124011 0.354337 6.141077
v -0.122190 0.376196 6.139730
v -0.073588 0.280277 6.182670
v -0.064310 0.285845 6.154056
v -0.040225 0.295867 6.159729
v -0.049828 0.289810 6.186993
v -0.020101 0.339225 6.186709
v -0.019237 0.361575 6.184366
v -0.028377 0.382360 6.179967
v -0.039338 0.398361 6.176307
v -0.054244 0.407018 6.173544
v -0.070757 0.410921 6.170725
v -0.088015 0.412299 6.168530
v -0.104949 0.405630 6.167175
v -0.125144 0.376178 6.166284
v -0.126422 0.356101 6.169360
v -0.084633 0.293053 6.238632
v -0.081887 0.279960 6.211461
v -0.056749 0.289319 6.212610
v -0.058124 0.298169 6.238231
v -0.083987 0.310700 6.263096
v -0.104649 0.322040 6.259703
v -0.063629 0.403986 6.224117
v -0.049512 0.400357 6.224233
v -0.036225 0.392004 6.227437
v -0.020714 0.360370 6.241540
v -0.030107 0.340566 6.252409
v -0.044701 0.324228 6.261036
v -0.060111 0.309658 6.261796
v -0.111321 0.403068 6.257032
v -0.119008 0.391057 6.235126
v -0.123105 0.376232 6.241161
v -0.115415 0.388490 6.264773
v -0.088998 0.417091 6.247695
v -0.074196 0.420945 6.242976
v -0.078893 0.403089 6.226139
v -0.093215 0.403144 6.229061
v -0.057673 0.420069 6.241050
v -0.042147 0.413647 6.242446
v -0.028180 0.403720 6.245370
v -0.017631 0.371322 6.263620
v -0.025472 0.377981 6.232962
v -0.017728 0.389879 6.252275
v -0.030014 0.349674 6.278209
v -0.047568 0.352019 6.315903
v -0.051966 0.337028 6.288705
v -0.025081 0.362812 6.304677
v -0.066297 0.408386 6.394500
v -0.043265 0.402318 6.394400
v -0.044152 0.423209 6.420923
v -0.064371 0.429344 6.421326
v -0.110504 0.404709 6.288744
v -0.106684 0.419785 6.280629
v -0.085940 0.437370 6.267767
v -0.069828 0.441431 6.262409
v -0.005969 0.399422 6.313621
v -0.011960 0.384108 6.288181
v -0.010490 0.404706 6.274487
v -0.003997 0.421089 6.299144
v -0.108297 0.454662 6.368613
v -0.105022 0.471444 6.359197
v -0.106870 0.455463 6.331490
v -0.111214 0.438341 6.341164
v -0.066874 0.460895 6.285696
v -0.084279 0.456122 6.291502
v -0.083088 0.474647 6.317505
v -0.064375 0.478737 6.311834
v -0.006168 0.434125 6.369594
v -0.003625 0.416907 6.340585
v -0.000569 0.437998 6.326846
v -0.002141 0.453979 6.357427
v -0.045136 0.367403 6.341421
v -0.019967 0.378681 6.329752
v -0.018716 0.395748 6.355856
v -0.042888 0.384488 6.367804
v -0.070283 0.373626 6.342159
v -0.067308 0.389763 6.367958
v -0.090475 0.498397 6.421754
v -0.097998 0.484685 6.390213
v -0.100676 0.470260 6.398772
v -0.093374 0.486869 6.429898
v -0.062317 0.494080 6.341222
v -0.081082 0.490800 6.345702
v -0.076273 0.502175 6.377698
v -0.059870 0.505189 6.373997
v -0.014978 0.469633 6.433208
v -0.010537 0.451257 6.400817
v -0.006615 0.470003 6.390198
v -0.012666 0.487361 6.422550
v -0.044728 0.445770 6.449881
v -0.023390 0.431742 6.412553
v -0.025817 0.453143 6.443692
v -0.046118 0.465554 6.478875
v -0.061513 0.468532 6.478653
v -0.062488 0.450438 6.449935
v -0.085058 0.501627 6.458548
v -0.084411 0.512718 6.451312
v -0.072534 0.524380 6.442125
v -0.059498 0.528203 6.438190
v -0.058956 0.516103 6.407007
v -0.073484 0.512787 6.410697
v -0.027072 0.509417 6.410390
v -0.042451 0.514831 6.406915
v -0.044141 0.527014 6.438002
v -0.030320 0.521786 6.441909
v -0.019781 0.501907 6.452476
v -0.016790 0.500122 6.415335
v -0.023114 0.514984 6.445874
v -0.020037 0.486634 6.462578
v -0.029338 0.471749 6.473286
v -0.113287 0.464707 5.932788
v -0.116589 0.440763 5.936640
v -0.114901 0.445420 5.946858
v -0.105478 0.467956 5.941748
v -0.099933 0.339079 6.053540
v -0.094278 0.343974 6.023647
v -0.114368 0.331474 6.112944
v -0.107510 0.334114 6.083517
v -0.120010 0.331275 6.142723
v -0.123013 0.334698 6.173241
v -0.124524 0.342773 6.201717
v -0.124224 0.352242 6.226606
v -0.118840 0.361277 6.249977
v -0.112303 0.372946 6.274878
v -0.104963 0.403773 6.323964
v -0.110167 0.421361 6.314561
v -0.106542 0.388329 6.298911
v -0.101506 0.436341 6.378902
v -0.104604 0.419739 6.350814
v -0.095651 0.455340 6.408617
v -0.088715 0.474161 6.438852
v -0.080697 0.489346 6.466705
v -0.049563 0.345631 5.923274
v -0.074430 0.359807 5.927919
v -0.071734 0.363933 5.910314
v -0.046171 0.353619 5.902780
v -0.123993 0.427669 5.907196
v -0.122328 0.415268 5.902899
v -0.117226 0.417965 5.912672
v -0.120668 0.428817 5.915262
v -0.031490 0.312821 6.187632
v -0.036866 0.410269 6.156207
v -0.052842 0.418958 6.152897
v -0.070689 0.421596 6.149413
v -0.116061 0.308271 6.176493
v -0.109682 0.306736 6.145545
v -0.090343 0.289968 6.148489
v -0.099584 0.287075 6.177498
v -0.073692 0.360338 6.319339
v -0.089218 0.388744 6.334001
v -0.093255 0.372254 6.310642
v -0.077209 0.344404 6.298654
v -0.033775 0.431381 6.261624
v -0.019119 0.420607 6.265721
v -0.046555 0.458673 6.283038
v -0.027163 0.450920 6.283899
v -0.051409 0.438043 6.260204
v -0.093058 0.309889 6.087362
v -0.069848 0.295734 6.091501
v -0.080885 0.292722 6.119778
v -0.102161 0.308305 6.115443
v 0.113974 0.435051 5.682322
v 0.111433 0.447473 5.668880
v 0.112261 0.290739 5.663982
v 0.116180 0.307211 5.663451
v 0.102127 0.306712 5.667428
v 0.100409 0.291917 5.668149
v 0.126829 0.304193 5.658216
v 0.122107 0.287371 5.658395
v 0.131204 0.282882 5.650982
v 0.136188 0.299546 5.651711
v 0.167897 0.269118 5.612589
v 0.171243 0.261658 5.610590
v 0.019271 0.309051 5.665896
v 0.000992 0.309329 5.657219
v 0.009231 0.304111 5.644498
v -0.018172 0.339872 5.770999
v -0.036199 0.359353 5.830420
v -0.070083 0.362666 5.842894
v -0.056222 0.358369 5.825329
v -0.118015 0.388223 5.874042
v 0.110398 0.450248 5.579519
v 0.119982 0.437247 5.559701
v 0.162935 0.325746 5.450033
v 0.142016 0.328164 5.440506
v 0.168353 0.306768 5.439853
v 0.168907 0.298014 5.434367
v 0.148708 0.300924 5.425332
v 0.147266 0.309499 5.430564
v 0.152262 0.247224 5.399552
v 0.153533 0.259792 5.404343
v -0.123564 0.442930 5.916321
v -0.118685 0.430462 5.922083
v -0.121471 0.449463 5.921435
v -0.096797 0.375605 5.950118
v -0.109538 0.397207 5.952286
v -0.106715 0.396330 5.937802
v -0.092847 0.377576 5.933904
v 0.049891 0.378400 5.943371
v 0.059053 0.411793 5.951081
v -0.037161 0.507377 5.982239
v 0.205066 0.208996 5.750173
v 0.216473 0.209106 5.750552
v 0.213736 0.220243 5.729793
v 0.202636 0.219374 5.729456
v 0.155102 0.393791 5.505991
v 0.149387 0.406138 5.527522
v 0.173526 0.212787 5.476696
v 0.216140 0.193717 5.507893
v 0.194744 0.184400 5.517144
v 0.192410 0.190543 5.511007
v 0.213302 0.199401 5.500247
v 0.242977 0.267262 5.522230
v 0.244726 0.251698 5.513868
v 0.241790 0.260913 5.505360
v 0.239571 0.277689 5.513304
v -0.018945 0.577797 5.826671
v 0.006824 0.573811 5.841129
v 0.068385 0.487854 5.640634
v 0.081003 0.484792 5.652930
v 0.090522 0.474762 5.627463
v 0.077865 0.477601 5.614927
v 0.170745 0.391249 5.533076
v 0.171506 0.392920 5.553124
v 0.029947 0.245697 5.621135
v 0.037451 0.235722 5.605689
v 0.050441 0.231120 5.611055
v 0.042625 0.238824 5.626173
v 0.235766 0.224961 5.690605
v 0.227278 0.238147 5.674736
v 0.215331 0.239507 5.684041
v 0.221648 0.230371 5.703245
v 0.052478 0.453710 5.955475
v 0.029016 0.485672 5.970471
v 0.137435 0.406049 5.663809
v 0.137659 0.420626 5.646489
v 0.125308 0.428625 5.664710
v 0.125504 0.413680 5.680293
v 0.157402 0.376393 5.631614
v 0.151801 0.386089 5.638605
v 0.165849 0.367299 5.626619
v 0.208541 0.287642 5.607621
v 0.203914 0.287946 5.609821
v 0.200906 0.275514 5.616088
v -0.079258 0.355727 5.947574
v -0.071705 0.370062 5.880585
v -0.078284 0.369119 5.867987
v -0.126237 0.438069 5.909861
v 0.159817 0.198418 5.456522
v 0.148865 0.192719 5.463570
v 0.191186 0.244529 5.645602
v 0.189898 0.237806 5.664276
v 0.193486 0.307955 5.611459
v 0.185741 0.297078 5.615597
v 0.186696 0.289466 5.613855
v 0.193975 0.298667 5.611465
v 0.200155 0.303928 5.607631
v 0.199804 0.314801 5.605237
v 0.142025 0.206601 5.579986
v 0.137253 0.206345 5.575121
v 0.145267 0.199207 5.559289
v 0.150093 0.197894 5.565876
v 0.131620 0.208198 5.571420
v 0.123788 0.210141 5.567839
v 0.133895 0.205342 5.550109
v 0.141130 0.202608 5.554319
v 0.155307 0.207083 5.494216
v 0.134587 0.203968 5.497197
v 0.115543 0.204466 5.496762
v 0.099911 0.204392 5.495166
v 0.154657 0.271567 5.409853
v 0.150835 0.282741 5.416135
v 0.167800 0.279837 5.424583
v 0.173474 0.267502 5.420254
v 0.136908 0.195640 5.471064
v 0.123178 0.194800 5.472251
v 0.108061 0.200637 5.476775
v 0.215795 0.146433 5.699815
v 0.215576 0.153081 5.678509
v 0.175581 0.209092 5.435041
v 0.168982 0.203076 5.446314
v 0.230082 0.158868 5.679249
v 0.229480 0.152496 5.702295
v 0.168894 0.194531 5.522050
v 0.188451 0.196240 5.505699
v 0.173118 0.190005 5.526752
v 0.136780 0.186293 5.466493
v 0.123514 0.185492 5.467753
v 0.063543 0.412336 5.920515
v 0.053502 0.385106 5.914537
v 0.090925 0.373509 5.726271
v 0.103414 0.387683 5.719180
v -0.017587 0.320842 5.683750
v -0.024732 0.327117 5.696756
v 0.103182 0.175147 5.460743
v -0.019876 0.338807 5.730920
v -0.036669 0.341831 5.724378
v -0.030362 0.334444 5.709545
v -0.014680 0.332666 5.717575
v -0.048185 0.343676 5.736455
v -0.052274 0.342217 5.741794
v -0.094463 0.370373 5.846131
v -0.102558 0.371421 5.840262
v 0.184743 0.173141 5.626172
v 0.183716 0.176018 5.610779
v 0.197411 0.166535 5.600590
v 0.198753 0.165286 5.617570
v -0.003974 0.340026 5.735500
v 0.014190 0.345541 5.739266
v 0.155880 0.263221 5.614541
v 0.163829 0.277444 5.616527
v 0.012554 0.290282 5.639086
v 0.056694 0.234118 5.630894
v 0.063875 0.228201 5.616862
v 0.076575 0.227273 5.621185
v 0.069633 0.232196 5.634145
v -0.126131 0.445915 5.912021
v 0.251844 0.219185 5.613970
v 0.251713 0.227148 5.602656
v 0.248713 0.234045 5.610696
v 0.249518 0.225526 5.621608
v -0.116385 0.420423 5.951724
v -0.116910 0.422802 5.969155
v -0.103942 0.485963 5.940377
v -0.117391 0.479886 5.927299
v -0.067890 0.324126 5.999758
v -0.061214 0.330665 5.971358
v -0.075508 0.320221 6.028418
v -0.083963 0.314270 6.058078
v -0.111084 0.345095 6.257478
v -0.099337 0.353939 6.285686
v -0.086282 0.405366 6.359654
v -0.083799 0.422833 6.386874
v -0.080760 0.442326 6.415365
v -0.076280 0.462389 6.444654
v -0.072442 0.477795 6.473617
v 0.239526 0.161542 5.708019
v 0.242200 0.169838 5.684398
v 0.247521 0.182537 5.694031
v 0.245366 0.171918 5.716393
v 0.183994 0.216642 5.700736
v 0.177513 0.207319 5.693804
v 0.177733 0.199900 5.714510
v 0.184913 0.208779 5.720674
v 0.185990 0.201046 5.742105
v 0.195119 0.206613 5.747250
v 0.193327 0.215361 5.725579
v 0.228225 0.206204 5.746040
v 0.237510 0.200161 5.739702
v 0.237202 0.212019 5.718034
v 0.225284 0.218449 5.726130
v 0.246562 0.183017 5.724663
v 0.247221 0.194481 5.703077
v 0.243448 0.204197 5.710788
v 0.243372 0.192507 5.732730
v 0.171867 0.170128 5.721965
v 0.172723 0.181815 5.729668
v 0.172701 0.188475 5.707119
v 0.172430 0.177773 5.700021
v 0.217024 0.162976 5.592280
v 0.216810 0.162091 5.611579
v 0.170732 0.235755 5.604378
v 0.164816 0.217134 5.599973
v 0.168578 0.212396 5.605743
v 0.170388 0.232751 5.607387
v 0.200212 0.158638 5.657004
v 0.199886 0.162998 5.636007
v 0.215919 0.161873 5.632879
v 0.215234 0.159003 5.656017
v 0.172275 0.185186 5.678737
v 0.172632 0.196246 5.686357
v 0.172549 0.204590 5.665354
v 0.171607 0.192805 5.658328
v 0.210031 0.230043 5.708524
v 0.205676 0.238046 5.687644
v 0.174784 0.187953 5.620255
v 0.175272 0.184779 5.635021
v 0.151711 0.268975 5.622684
v 0.178339 0.310120 5.622290
v 0.182719 0.303714 5.618167
v 0.100567 0.276464 5.665654
v 0.102627 0.263463 5.660353
v 0.145263 0.316513 5.648941
v 0.154723 0.309868 5.640435
v 0.108720 0.275653 5.662472
v 0.107612 0.266052 5.659421
v 0.053448 0.315744 5.677249
v 0.104503 0.203824 5.484518
v 0.184948 0.169669 5.643057
v 0.175557 0.180822 5.650815
v 0.221005 0.247018 5.660048
v 0.215514 0.253760 5.646216
v 0.209295 0.253841 5.647339
v 0.211492 0.247720 5.664468
v 0.198008 0.360820 5.546359
v 0.185130 0.375795 5.539187
v 0.183918 0.376533 5.555176
v 0.194617 0.361275 5.558823
v 0.253517 0.204617 5.605971
v 0.251605 0.193933 5.606016
v 0.253777 0.197985 5.588222
v 0.254971 0.209972 5.591706
v 0.248426 0.183727 5.586594
v 0.245975 0.180210 5.607768
v 0.234175 0.167655 5.609446
v 0.235887 0.169233 5.588424
v 0.068113 0.468275 5.900109
v 0.070314 0.439501 5.899011
v 0.058172 0.370101 5.779375
v 0.039323 0.360132 5.779216
v -0.010357 0.360374 5.832530
v -0.093509 0.382382 5.906185
v -0.109225 0.401695 5.916710
v -0.116130 0.423718 5.993151
v 0.067251 0.414763 5.895965
v -0.113773 0.417162 6.024308
v -0.111053 0.410266 6.055556
v -0.068600 0.459794 6.074678
v -0.044305 0.459142 6.081922
v -0.041870 0.472922 6.053877
v -0.068780 0.474234 6.043903
v -0.021693 0.448444 6.086669
v -0.016675 0.461750 6.060474
v -0.052658 0.291114 6.125876
v -0.043784 0.477252 6.309184
v -0.023022 0.484656 6.342008
v -0.023769 0.469317 6.310548
v -0.041986 0.491795 6.339839
v -0.008712 0.455783 6.316519
v -0.012490 0.438617 6.288918
v -0.020805 0.412638 6.383772
v -0.041472 0.503472 6.373312
v -0.024753 0.496672 6.376146
v -0.008908 0.470691 6.348076
v -0.012236 0.484850 6.381915
v -0.114837 0.419108 5.939623
v 0.029835 0.353151 5.934374
v 0.031979 0.361459 5.906033
v -0.017035 0.355476 5.879167
v -0.045231 0.358656 5.884572
v 0.038034 0.347866 5.729213
v 0.056573 0.353348 5.731503
v 0.073074 0.342497 5.704518
v 0.091161 0.350538 5.702485
v 0.082524 0.356862 5.716506
v 0.064531 0.348355 5.718385
v 0.121985 0.374715 5.689656
v 0.132414 0.390355 5.678183
v 0.121244 0.397548 5.693617
v 0.111690 0.382139 5.703884
v 0.111528 0.403915 5.709366
v 0.114977 0.420041 5.697875
v 0.111372 0.457798 5.617390
v 0.118420 0.450169 5.632466
v 0.129467 0.439679 5.610613
v 0.121144 0.445658 5.594547
v -0.084990 0.367956 5.855417
v -0.114782 0.417758 5.921355
v -0.054502 0.338163 5.945885
v -0.021197 0.338883 5.921587
v 0.007500 0.342483 5.924581
v 0.185829 0.237377 5.640939
v 0.215616 0.319917 5.571915
v 0.211028 0.324938 5.575640
v 0.243077 0.178681 5.630192
v 0.231608 0.167094 5.631468
v 0.170795 0.198430 5.640712
v 0.196832 0.166956 5.586063
v 0.182390 0.177019 5.597338
v 0.180391 0.177245 5.585412
v 0.012319 0.364316 5.848272
v 0.034925 0.369064 5.865571
v 0.012051 0.363355 5.862412
v -0.122407 0.472245 5.922169
v -0.071759 0.367388 5.893661
v -0.111618 0.403427 6.085409
v -0.113647 0.398329 6.113729
v -0.115974 0.395376 6.140100
v -0.117899 0.392941 6.165355
v -0.119066 0.392997 6.189610
v -0.116069 0.395396 6.211294
v -0.109073 0.399496 6.231529
v -0.101852 0.411144 6.252123
v -0.106481 0.438276 6.305359
v -0.097723 0.448701 6.298233
v -0.098533 0.429707 6.273978
v -0.097167 0.467154 6.324302
v -0.095328 0.483195 6.352046
v -0.088504 0.495819 6.382989
v -0.082757 0.507562 6.415370
v -0.079413 0.520160 6.446033
v -0.126531 0.453928 5.913936
v -0.124479 0.463181 5.918173
v 0.163661 0.200809 5.517307
v 0.177348 0.283267 5.615800
v 0.178828 0.277201 5.613588
v 0.170210 0.203043 5.626209
v 0.246895 0.204910 5.683127
v 0.249297 0.192233 5.672643
v 0.172469 0.212596 5.645892
v 0.175163 0.252763 5.608498
v 0.174187 0.248513 5.608725
v 0.182500 0.045814 5.832724
v 0.193133 0.047348 5.838348
v 0.182657 0.034236 5.848868
v 0.172298 0.033650 5.843784
v 0.170685 0.048464 5.831066
v 0.161387 0.037095 5.842529
v 0.148371 0.082858 5.867763
v 0.146440 0.077201 5.856586
v 0.141573 0.063271 5.868881
v 0.144021 0.068333 5.879689
v 0.144295 0.031072 5.857319
v 0.139393 0.037666 5.863280
v 0.145875 0.049909 5.851067
v 0.152213 0.042490 5.845372
v 0.166866 0.087146 5.884614
v 0.178820 0.085345 5.886364
v 0.182811 0.101276 5.876622
v 0.170132 0.102576 5.874355
v 0.168007 0.134546 5.813128
v 0.168786 0.140780 5.824794
v 0.171222 0.148665 5.812636
v 0.171201 0.142170 5.801270
v 0.202177 0.070841 5.810194
v 0.212686 0.075286 5.817299
v 0.203320 0.061293 5.827681
v 0.192487 0.058527 5.821286
v 0.167655 0.086745 5.812890
v 0.161058 0.095877 5.820747
v 0.169212 0.109286 5.808005
v 0.176739 0.099872 5.800783
v 0.212451 0.085367 5.799464
v 0.221330 0.090775 5.806921
v 0.152692 0.061808 5.838359
v 0.148162 0.070121 5.846532
v 0.154000 0.082954 5.833671
v 0.159719 0.073760 5.825815
v 0.157686 0.056169 5.903350
v 0.168286 0.053763 5.903841
v 0.174072 0.069555 5.895473
v 0.162705 0.071574 5.894385
v 0.137200 0.043777 5.871197
v 0.136807 0.049374 5.880610
v 0.142879 0.057083 5.859209
v 0.186058 0.030018 5.876032
v 0.180128 0.025228 5.866886
v 0.190773 0.039047 5.856993
v 0.196342 0.044871 5.867020
v 0.157502 0.110806 5.841549
v 0.157542 0.104127 5.830667
v 0.151439 0.090842 5.843733
v 0.152653 0.097040 5.854902
v 0.189347 0.072691 5.806566
v 0.179797 0.060464 5.818946
v 0.205671 0.059486 5.858360
v 0.200996 0.053079 5.847208
v 0.210297 0.067611 5.837605
v 0.214390 0.075615 5.848801
v 0.219461 0.100551 5.851487
v 0.210613 0.108387 5.859893
v 0.205868 0.091824 5.868718
v 0.213139 0.083922 5.860139
v 0.163342 0.123611 5.827466
v 0.165946 0.129249 5.839077
v 0.173027 0.117850 5.862440
v 0.186067 0.117365 5.866043
v 0.188268 0.132879 5.854548
v 0.174934 0.132500 5.849414
v 0.202126 0.112203 5.775238
v 0.215292 0.108520 5.776577
v 0.209627 0.097902 5.784578
v 0.196225 0.102178 5.784580
v 0.221336 0.099721 5.789424
v 0.228274 0.112467 5.780905
v 0.239419 0.138934 5.773137
v 0.241260 0.147747 5.781196
v 0.239150 0.139199 5.789968
v 0.237326 0.129900 5.781868
v 0.229023 0.135025 5.835948
v 0.217071 0.143544 5.841541
v 0.214232 0.125602 5.850913
v 0.225170 0.117400 5.844065
v 0.203512 0.162159 5.833946
v 0.189656 0.160060 5.831793
v 0.189573 0.147886 5.842800
v 0.203538 0.147756 5.844086
v 0.197991 0.190502 5.784602
v 0.187612 0.186342 5.781207
v 0.187376 0.180926 5.794742
v 0.198148 0.184359 5.799327
v 0.175014 0.164573 5.778741
v 0.174762 0.168721 5.766923
v 0.174869 0.158219 5.759277
v 0.175644 0.154298 5.770975
v 0.214453 0.131561 5.740410
v 0.227848 0.137310 5.741961
v 0.227041 0.131332 5.750866
v 0.212607 0.127510 5.749590
v 0.231456 0.149689 5.827528
v 0.218788 0.161236 5.831761
v 0.174751 0.159909 5.789463
v 0.175052 0.150890 5.780564
v 0.173744 0.146658 5.790845
v 0.173376 0.155012 5.800634
v 0.188235 0.134431 5.765997
v 0.197083 0.128215 5.760808
v 0.194985 0.125853 5.767584
v 0.185294 0.132445 5.774378
v 0.210425 0.124237 5.755811
v 0.224091 0.124161 5.758513
v 0.220110 0.118676 5.765246
v 0.206529 0.119697 5.763982
v 0.232444 0.158691 5.820069
v 0.236666 0.150415 5.810990
v 0.236566 0.158576 5.804855
v 0.231619 0.166062 5.813385
v 0.201554 0.171413 5.823400
v 0.188441 0.169012 5.820625
v 0.183417 0.127307 5.784574
v 0.174891 0.135055 5.792162
v 0.177990 0.138700 5.781443
v 0.231424 0.123639 5.771131
v 0.208763 0.192503 5.786305
v 0.219273 0.191944 5.786193
v 0.218516 0.199469 5.770221
v 0.207717 0.199498 5.770739
v 0.197246 0.197175 5.768929
v 0.187087 0.191952 5.765105
v 0.173929 0.174143 5.751130
v 0.173270 0.163437 5.743599
v 0.178099 0.151496 5.735762
v 0.188532 0.141867 5.728363
v 0.191048 0.137367 5.745571
v 0.180528 0.147405 5.751577
v 0.215054 0.138406 5.721578
v 0.228491 0.145005 5.724150
v 0.236275 0.145393 5.746705
v 0.237483 0.153403 5.730361
v 0.178696 0.168943 5.799451
v 0.179099 0.173777 5.787361
v 0.205726 0.067590 5.869151
v 0.199856 0.074861 5.877788
v 0.192554 0.058840 5.886280
v 0.197186 0.051970 5.877495
v 0.177558 0.049088 5.900413
v 0.184321 0.064932 5.892244
v 0.160331 0.054050 5.832831
v 0.168433 0.065971 5.820403
v 0.152249 0.025360 5.854258
v 0.191623 0.119943 5.777688
v 0.185766 0.112516 5.788323
v 0.240253 0.157348 5.788709
v 0.242506 0.155818 5.771374
v 0.241253 0.164742 5.779356
v 0.235977 0.139392 5.816481
v 0.233478 0.124534 5.823112
v 0.231347 0.114727 5.808862
v 0.235736 0.131589 5.801381
v 0.230349 0.172529 5.805455
v 0.236698 0.165568 5.797415
v 0.236866 0.172445 5.787489
v 0.229725 0.179525 5.794894
v 0.201145 0.132460 5.741993
v 0.199229 0.130334 5.752781
v 0.244778 0.171829 5.745320
v 0.243395 0.162961 5.760047
v 0.241103 0.153921 5.753640
v 0.242843 0.162223 5.738670
v 0.240337 0.146839 5.764064
v 0.243266 0.180830 5.752175
v 0.242182 0.171959 5.767458
v 0.201375 0.137814 5.723318
v 0.229489 0.187222 5.781427
v 0.237410 0.179950 5.774904
v 0.237870 0.188785 5.759143
v 0.229159 0.195556 5.765627
v 0.190180 0.081100 5.883410
v 0.195046 0.097226 5.874035
v 0.177307 0.155649 5.824285
v 0.176269 0.146270 5.836765
v 0.178078 0.162791 5.812058
v 0.155724 0.086178 5.878077
v 0.151636 0.071223 5.889047
v 0.162388 0.115655 5.853334
v 0.159178 0.101165 5.866346
v 0.222016 0.091350 5.839654
v 0.210836 0.178023 5.813042
v 0.199366 0.177830 5.812277
v 0.213533 0.171916 5.823265
v 0.178579 0.184157 5.757092
v 0.178998 0.178209 5.775071
v 0.226097 0.165447 5.824899
v 0.177452 0.191610 5.735450
v 0.234268 0.120737 5.788807
v 0.234114 0.130413 5.765218
v 0.235517 0.138615 5.756994
v 0.172044 0.021565 5.859059
v 0.176869 0.078338 5.807701
v 0.177295 0.121106 5.795588
v 0.170966 0.128406 5.803240
v 0.221274 0.177085 5.811249
v 0.219765 0.184030 5.799861
v 0.209216 0.184601 5.800595
v 0.190692 0.135589 5.757296
v 0.180899 0.144835 5.763535
v 0.147440 0.056301 5.898899
v 0.179851 0.141680 5.773133
v 0.228266 0.105421 5.798302
v 0.143948 0.318729 5.435181
v 0.135728 0.322742 5.656052
v 0.087411 0.316240 5.668237
v 0.103512 0.320783 5.667118
v 0.168202 0.296457 5.625135
v 0.173055 0.289038 5.619633
v 0.180783 0.266636 5.613088
v 0.180619 0.259472 5.613386
v 0.145325 0.294141 5.643259
v 0.224057 0.117601 5.379902
v 0.219850 0.123445 5.382604
v 0.232107 0.111401 5.373675
v -0.045444 0.345548 5.728018
v 0.210486 0.112751 5.396090
v 0.207542 0.117876 5.399567
v 0.212846 0.117351 5.399149
v 0.209446 0.110455 5.395235
v 0.209659 0.109306 5.395417
v 0.232328 0.102134 5.376733
v 0.213984 0.127491 5.387117
v 0.207449 0.129653 5.393096
v 0.222623 0.101186 5.386934
v 0.042976 0.514887 5.717525
v 0.025764 0.520093 5.705623
v 0.020539 0.530084 5.725634
v 0.039014 0.525135 5.737786
v 0.013842 0.541413 5.745980
v 0.086861 0.501815 5.830534
v 0.096177 0.477947 5.832365
v 0.100164 0.474077 5.811344
v 0.092404 0.497074 5.807551
v 0.102722 0.446361 5.797232
v 0.100951 0.470132 5.792041
v 0.101076 0.448088 5.814877
v 0.095233 0.423420 5.818134
v 0.097023 0.422252 5.801194
v 0.083434 0.402349 5.821620
v 0.085704 0.401303 5.804396
v 0.066427 0.385604 5.823783
v 0.045873 0.372809 5.822923
v 0.017941 0.367937 5.833646
v -0.002168 0.360014 5.816833
v 0.021858 0.364793 5.819664
v -0.045576 0.354245 5.808669
v -0.025370 0.356516 5.813567
v -0.076532 0.352840 5.796247
v -0.062175 0.353005 5.803018
v 0.146656 0.202055 5.532153
v 0.206266 0.243878 5.452795
v 0.216887 0.244399 5.463895
v 0.214384 0.226133 5.472729
v 0.233179 0.291305 5.500782
v 0.235493 0.272487 5.494132
v 0.224410 0.290325 5.480579
v 0.221214 0.303603 5.485583
v 0.201380 0.259189 5.446044
v 0.195648 0.256390 5.439079
v 0.211733 0.262994 5.455262
v 0.184122 0.285933 5.437064
v 0.200437 0.277296 5.445825
v 0.232845 0.211463 5.504199
v 0.242906 0.233006 5.506935
v 0.244186 0.224992 5.514701
v 0.235731 0.203618 5.512487
v 0.239334 0.280538 5.530377
v 0.234820 0.292516 5.537690
v 0.238678 0.282650 5.545846
v 0.242756 0.271594 5.537439
v 0.237618 0.181097 5.541273
v 0.248407 0.199490 5.540754
v 0.249251 0.192265 5.553535
v 0.237584 0.175829 5.554767
v 0.245529 0.257328 5.528363
v 0.173253 0.383265 5.516073
v 0.187658 0.370319 5.524821
v 0.200855 0.357630 5.534842
v 0.220139 0.313970 5.568633
v 0.216719 0.326858 5.556614
v 0.211932 0.332442 5.562691
v 0.222603 0.301953 5.580571
v 0.224097 0.291401 5.589948
v 0.170396 0.192209 5.596998
v 0.167186 0.193007 5.589237
v 0.178658 0.177759 5.572353
v 0.220530 0.267893 5.611290
v 0.219879 0.279298 5.602880
v 0.216548 0.280106 5.605591
v 0.216626 0.268926 5.613523
v 0.230066 0.217657 5.495782
v 0.254111 0.210414 5.557177
v 0.252416 0.218614 5.545084
v 0.251925 0.232912 5.552475
v 0.254142 0.224323 5.564732
v 0.252204 0.235816 5.571103
v 0.250178 0.245416 5.560424
v 0.246905 0.256310 5.568932
v 0.249182 0.246173 5.578731
v 0.225390 0.265220 5.609399
v 0.224498 0.279066 5.598032
v 0.217752 0.164118 5.575365
v 0.219421 0.178327 5.524283
v 0.196485 0.172752 5.533432
v 0.195740 0.177836 5.524557
v 0.218387 0.185994 5.515939
v 0.192891 0.254135 5.627815
v 0.186499 0.247521 5.624578
v 0.199006 0.259941 5.630527
v 0.212736 0.284114 5.607112
v 0.203603 0.261407 5.632303
v 0.170367 0.207806 5.614202
v 0.173407 0.191166 5.607101
v 0.176930 0.179521 5.548543
v 0.176548 0.181604 5.539425
v 0.237181 0.172099 5.569996
v 0.249358 0.187175 5.569036
v 0.226037 0.257979 5.624113
v 0.222031 0.258782 5.627212
v 0.227107 0.252211 5.638179
v 0.211515 0.302499 5.599135
v 0.213691 0.280608 5.606821
v 0.237972 0.194225 5.520265
v 0.254478 0.203905 5.571214
v 0.254977 0.217570 5.577818
v 0.248092 0.255133 5.551489
v 0.250117 0.242461 5.542805
v 0.248193 0.251005 5.534966
v 0.245640 0.263675 5.543876
v 0.251320 0.236249 5.589625
v 0.246702 0.243944 5.599186
v 0.241670 0.272505 5.553057
v 0.244185 0.263904 5.560503
v 0.230913 0.256858 5.620198
v 0.175960 0.185424 5.532185
v 0.161241 0.190345 5.548711
v 0.157183 0.193359 5.542906
v 0.163662 0.189919 5.566988
v 0.162793 0.189420 5.556643
v 0.164505 0.191878 5.579627
v 0.152985 0.197613 5.537771
v 0.223825 0.171249 5.819822
v 0.222235 0.253239 5.642642
v 0.228002 0.245755 5.653520
v 0.232140 0.245400 5.647248
v 0.242814 0.213561 5.688415
v 0.099271 0.050729 5.450866
v 0.101010 0.045649 5.448276
v 0.110171 0.032987 5.437120
v 0.112302 0.031031 5.433988
v 0.238959 0.149905 5.796642
v 0.237198 0.144196 5.803152
v 0.228360 0.108180 5.830841
v 0.218754 0.082847 5.827162
v 0.225646 0.098635 5.817411
v 0.199371 0.085338 5.794592
v 0.186526 0.091183 5.794842
v 0.164768 0.116590 5.817599
v 0.201745 0.130780 5.854529
v 0.141680 -0.003117 5.873566
v 0.151160 -0.004836 5.877282
v 0.140547 -0.018041 5.885908
v 0.131167 -0.015286 5.883463
v 0.120860 -0.027527 5.892521
v 0.114427 -0.021785 5.895966
v 0.123848 -0.010390 5.885563
v 0.111254 -0.016305 5.901459
v 0.120110 -0.005212 5.890761
v 0.111156 -0.011598 5.908238
v 0.112401 -0.007095 5.915660
v 0.118822 0.004558 5.904980
v 0.118548 -0.000067 5.897439
v 0.126765 0.021585 5.902155
v 0.121440 0.007979 5.912868
v 0.126223 0.010513 5.920264
v 0.130599 0.025050 5.910693
v 0.136024 -0.003567 5.935791
v 0.143149 -0.007108 5.934167
v 0.149744 0.007073 5.927117
v 0.141657 0.010772 5.928601
v 0.168103 0.011114 5.909678
v 0.163349 0.017466 5.915747
v 0.156164 0.001610 5.923047
v 0.160494 -0.004210 5.916986
v 0.154311 -0.018378 5.924270
v 0.152262 -0.023016 5.916440
v 0.159560 -0.009263 5.909704
v 0.162093 0.021449 5.854827
v 0.152172 0.009385 5.864533
v 0.142904 0.013570 5.864680
v 0.125330 0.012675 5.886243
v 0.132421 0.025213 5.874740
v 0.136145 0.019291 5.868453
v 0.127922 0.007207 5.879721
v 0.139841 0.053950 5.890565
v 0.131961 0.035440 5.891481
v 0.135260 0.039389 5.900719
v 0.125072 0.017377 5.893833
v 0.131289 0.030587 5.882710
v 0.137812 0.026723 5.917398
v 0.133300 0.011793 5.925954
v 0.158825 -0.002426 5.884409
v 0.164949 0.001229 5.892719
v 0.154678 -0.013453 5.901375
v 0.148619 -0.016913 5.892878
v 0.142588 0.041389 5.908108
v 0.175477 0.015319 5.884594
v 0.169467 0.011467 5.875834
v 0.168749 0.005896 5.901371
v 0.178031 0.020870 5.893719
v 0.139576 -0.030090 5.900483
v 0.130442 -0.030740 5.894210
v 0.161886 0.008828 5.868092
v 0.146945 0.026052 5.920745
v 0.156168 0.022741 5.919954
v 0.162246 0.038155 5.912098
v 0.152379 0.041053 5.912218
v 0.184482 0.042850 5.894257
v 0.170506 0.033539 5.908051
v 0.176130 0.027140 5.902032
v 0.149739 -0.012367 5.930308
v 0.187459 0.036065 5.886050
v 0.086618 -0.066900 5.955914
v 0.088040 -0.058940 5.951295
v 0.080040 -0.061977 5.953752
v 0.079112 -0.070774 5.955636
v 0.075028 -0.042308 5.952021
v 0.069421 -0.037454 5.944165
v 0.060331 -0.045376 5.949815
v 0.064839 -0.048701 5.957119
v 0.073133 -0.074252 5.955230
v 0.072572 -0.064891 5.955940
v 0.070405 -0.074594 5.952828
v 0.073752 -0.086641 5.949634
v 0.072977 -0.083493 5.954854
v 0.074999 -0.094958 5.951146
v 0.080932 -0.087324 5.941410
v 0.082442 -0.097946 5.947839
v 0.107162 -0.084522 5.945655
v 0.115590 -0.080412 5.950859
v 0.112187 -0.091421 5.959924
v 0.102853 -0.094561 5.954773
v 0.123302 -0.078073 5.969878
v 0.116933 -0.085334 5.965315
v 0.120677 -0.075116 5.955518
v 0.125566 -0.068975 5.960035
v 0.097851 -0.060038 5.960808
v 0.100254 -0.052375 5.955492
v 0.095815 -0.055594 5.951962
v 0.093773 -0.062863 5.957652
v 0.062342 -0.073941 5.951077
v 0.071543 -0.075545 5.940864
v 0.071362 -0.077688 5.946841
v 0.062713 -0.072358 5.954895
v 0.108135 -0.027876 5.956802
v 0.111127 -0.020139 5.949035
v 0.106502 -0.022972 5.943159
v 0.104654 -0.029372 5.950783
v 0.085639 -0.028160 5.934381
v 0.093425 -0.026015 5.930597
v 0.093755 -0.028838 5.917553
v 0.085371 -0.032453 5.920732
v 0.077707 -0.031995 5.939369
v 0.076581 -0.036181 5.926779
v 0.068007 -0.040683 5.933727
v 0.059371 -0.049006 5.941702
v 0.120261 -0.019092 5.953777
v 0.118311 -0.023169 5.961317
v 0.056604 -0.107771 5.986117
v 0.060211 -0.105544 5.989544
v 0.061402 -0.105376 5.986923
v 0.058142 -0.107731 5.983337
v 0.134306 -0.030153 5.955207
v 0.137807 -0.036320 5.949336
v 0.139285 -0.031504 5.945817
v 0.134555 -0.025793 5.950824
v 0.134421 -0.035748 5.961319
v 0.136602 -0.042637 5.954039
v 0.055995 -0.120381 5.987474
v 0.054176 -0.116371 5.985523
v 0.057513 -0.117260 5.981616
v 0.060121 -0.121411 5.983388
v 0.076525 -0.078804 5.958735
v 0.083660 -0.074532 5.960632
v 0.074324 -0.091347 5.968145
v 0.079650 -0.083267 5.965912
v 0.073627 -0.086289 5.961075
v 0.071761 -0.092742 5.962991
v 0.095520 -0.073647 5.973662
v 0.098230 -0.065815 5.968059
v 0.092721 -0.070638 5.965335
v 0.089405 -0.078471 5.971548
v 0.104760 -0.059003 5.975636
v 0.103243 -0.066738 5.980483
v 0.106792 -0.062822 5.984559
v 0.107352 -0.056338 5.980282
v 0.096690 -0.084022 5.985971
v 0.095365 -0.090039 5.990152
v 0.098893 -0.087290 5.993059
v 0.100057 -0.081149 5.988773
v 0.141922 -0.027503 5.941684
v 0.136398 -0.021996 5.946416
v 0.131832 -0.063844 5.980035
v 0.131661 -0.055617 5.984348
v 0.131255 -0.061060 5.993042
v 0.132212 -0.070084 5.988080
v 0.137797 -0.043067 5.942694
v 0.140382 -0.038185 5.938918
v 0.060050 -0.122093 5.990879
v 0.063851 -0.123850 5.986984
v 0.072966 -0.048906 5.923726
v 0.061216 -0.055617 5.934590
v 0.083984 -0.044027 5.916769
v 0.092298 -0.040251 5.912976
v 0.098704 -0.036457 5.909586
v 0.081960 -0.085876 5.970964
v 0.090696 -0.069314 5.961163
v 0.100490 -0.057289 5.963390
v 0.115162 -0.043924 5.983442
v 0.116368 -0.038569 5.979510
v 0.109689 -0.043047 5.975163
v 0.110302 -0.047505 5.979738
v 0.126809 -0.049546 5.988638
v 0.119988 -0.048336 5.989779
v 0.119578 -0.053458 5.994229
v 0.126297 -0.055013 5.994941
v 0.059732 -0.075085 5.946790
v 0.068433 -0.072649 5.935953
v 0.127714 -0.025114 5.960155
v 0.127842 -0.021284 5.954167
v 0.129687 -0.017985 5.947838
v 0.102988 -0.040701 5.953033
v 0.101939 -0.030491 5.946845
v 0.097409 -0.031850 5.944386
v 0.100437 -0.043094 5.949893
v 0.087660 -0.048873 5.950377
v 0.083678 -0.037468 5.947914
v 0.079205 -0.052343 5.954298
v 0.101572 -0.024464 5.937451
v 0.110113 -0.018989 5.936272
v 0.104649 -0.021124 5.930275
v 0.115872 -0.016514 5.942388
v 0.123067 -0.016261 5.946942
v 0.112038 -0.013896 5.930088
v 0.107560 -0.016014 5.923723
v 0.118243 -0.012155 5.936300
v 0.124821 -0.011492 5.940812
v 0.148900 -0.027332 5.929931
v 0.144975 -0.020936 5.937341
v 0.144203 -0.033605 5.934129
v 0.103023 -0.025382 5.909587
v 0.099686 -0.024480 5.923867
v 0.104766 -0.020371 5.916877
v 0.106849 -0.031476 5.903905
v 0.058807 -0.053995 5.958220
v 0.053288 -0.058608 5.959784
v 0.058118 -0.062326 5.962011
v 0.063164 -0.059286 5.960258
v 0.073998 -0.101328 5.955332
v 0.071192 -0.096408 5.958591
v 0.072712 -0.090567 5.955771
v 0.109150 -0.032936 5.965086
v 0.117779 -0.028630 5.968699
v 0.077464 -0.091862 5.972339
v 0.064165 -0.120275 5.977767
v 0.060807 -0.115778 5.976511
v 0.066948 -0.109551 5.966510
v 0.070813 -0.114610 5.967220
v 0.079623 -0.098585 5.977641
v 0.075387 -0.095569 5.974372
v 0.072745 -0.098862 5.978692
v 0.076856 -0.102854 5.981357
v 0.102667 -0.080981 5.995774
v 0.103718 -0.076101 5.992033
v 0.096490 -0.103075 5.965165
v 0.090494 -0.107830 5.955644
v 0.093808 -0.098416 5.947807
v 0.099891 -0.069901 5.976973
v 0.098311 -0.077175 5.981808
v 0.101639 -0.074279 5.984882
v 0.083010 -0.087873 5.973912
v 0.080906 -0.092798 5.975194
v 0.085341 -0.090637 5.977531
v 0.087237 -0.084350 5.975396
v 0.133047 -0.048974 5.975790
v 0.126788 -0.041670 5.981913
v 0.054488 -0.111746 5.984992
v 0.056653 -0.112324 5.981649
v 0.138066 -0.015784 5.941149
v 0.131145 -0.012865 5.942461
v 0.101809 -0.062170 5.971295
v 0.096314 -0.087819 5.940389
v 0.103004 -0.054264 5.966433
v 0.119002 -0.082909 5.990114
v 0.116665 -0.076630 5.995450
v 0.112737 -0.080916 5.998622
v 0.115257 -0.086250 5.996058
v 0.071695 -0.108807 5.988206
v 0.067857 -0.104801 5.986441
v 0.065347 -0.106484 5.990108
v 0.068545 -0.110560 5.992424
v 0.072242 -0.094395 5.970377
v 0.069632 -0.096000 5.966073
v 0.066293 -0.099870 5.971227
v 0.068947 -0.097983 5.975292
v 0.069269 -0.099913 5.962296
v 0.065865 -0.104329 5.967995
v 0.073993 -0.114848 5.988840
v 0.072271 -0.120260 5.985955
v 0.080098 -0.114567 5.976130
v 0.079935 -0.109394 5.980803
v 0.128683 -0.060903 5.950786
v 0.132551 -0.055308 5.956157
v 0.129810 -0.062895 5.965708
v 0.127514 -0.070712 5.975656
v 0.124196 -0.077150 5.984928
v 0.121490 -0.086938 5.978649
v 0.132675 -0.056972 5.970199
v 0.088803 -0.102164 5.976699
v 0.087064 -0.108408 5.970315
v 0.093581 -0.104862 5.975049
v 0.106541 -0.050375 5.971275
v 0.059629 -0.110611 5.977005
v 0.112923 -0.052072 5.911917
v 0.124073 -0.052336 5.916993
v 0.121116 -0.058619 5.922910
v 0.107642 -0.057384 5.915882
v 0.063679 -0.103906 5.983290
v 0.060440 -0.105632 5.979513
v 0.107547 -0.072710 5.995794
v 0.106065 -0.078167 5.998729
v 0.109887 -0.077562 6.000914
v 0.110862 -0.072560 5.999434
v 0.134869 -0.049970 5.961013
v 0.127682 -0.062823 6.000782
v 0.130231 -0.072012 5.995279
v 0.135296 -0.048688 5.948271
v 0.131674 -0.054208 5.942339
v 0.134088 -0.049115 5.935820
v 0.111129 -0.094746 5.976216
v 0.124388 -0.066269 5.946570
v 0.127550 -0.058685 5.937890
v 0.129808 -0.053347 5.929750
v 0.132145 -0.048946 5.923964
v 0.136911 -0.044688 5.930670
v 0.068393 -0.122456 5.980934
v 0.068009 -0.121321 5.991221
v 0.140581 -0.039407 5.925282
v 0.146299 -0.032482 5.921283
v 0.140012 -0.035925 5.914214
v 0.135238 -0.043285 5.918325
v 0.122191 -0.063464 5.933216
v 0.114522 -0.066713 5.928284
v 0.119376 -0.071041 5.942005
v 0.111454 -0.075246 5.937398
v 0.108274 -0.101692 5.968537
v 0.060063 -0.114896 6.003490
v 0.065608 -0.115297 5.997271
v 0.065846 -0.110598 5.996346
v 0.061219 -0.110748 6.002961
v 0.069599 -0.115680 5.993155
v 0.064263 -0.119242 5.995075
v 0.099018 -0.077930 5.932280
v 0.084400 -0.096198 5.979961
v 0.098200 -0.066402 5.922279
v 0.083962 -0.079671 5.932332
v 0.081108 -0.071300 5.926256
v 0.093960 -0.052023 5.912724
v 0.082414 -0.057619 5.917768
v 0.106971 -0.042799 5.907029
v 0.101742 -0.047207 5.910477
v 0.113251 -0.036134 5.901771
v 0.069315 -0.062721 5.926919
v 0.053597 -0.106430 5.991611
v 0.057617 -0.104841 5.995244
v 0.116874 -0.046965 5.907745
v 0.122933 -0.040399 5.901692
v 0.070188 -0.056113 5.958341
v 0.106390 -0.043720 5.965431
v 0.104326 -0.047036 5.961287
v 0.117372 -0.033914 5.975088
v 0.109381 -0.038611 5.970602
v 0.132970 -0.039816 5.906747
v 0.116218 -0.004557 5.922875
v 0.122046 -0.002894 5.929314
v 0.146336 -0.026648 5.908631
v 0.050793 -0.110348 5.990626
v 0.098924 -0.094380 5.991832
v 0.100528 -0.093424 5.992660
v 0.054930 -0.052549 5.952462
v 0.050094 -0.058593 5.954961
v 0.050470 -0.067762 5.946896
v 0.049298 -0.062204 5.950986
v 0.053608 -0.056053 5.945876
v 0.054811 -0.062177 5.940641
v 0.104413 -0.038783 5.956575
v 0.106333 -0.036759 5.960661
v 0.134125 -0.042333 5.968019
v 0.128153 -0.035533 5.974384
v 0.071496 -0.105255 5.959769
v 0.080214 -0.105705 5.954089
v 0.076136 -0.109559 5.960030
v 0.076584 -0.116383 5.970109
v 0.085361 -0.100746 5.978682
v 0.083495 -0.104460 5.977092
v 0.091140 -0.034357 5.945038
v 0.095082 -0.046146 5.948483
v 0.066831 -0.065924 5.957576
v 0.062323 -0.067553 5.959594
v 0.093021 -0.080286 5.978161
v 0.103873 -0.101954 5.983427
v 0.101687 -0.105790 5.976816
v 0.091392 -0.087116 5.981555
v 0.050411 -0.118329 5.994359
v 0.049500 -0.114330 5.991774
v 0.083192 -0.111776 5.962554
v 0.105528 -0.069807 5.988505
v 0.107832 -0.095830 5.986175
v 0.102314 -0.098670 5.988875
v 0.124218 -0.057752 5.998717
v 0.127358 -0.047182 5.912203
v 0.063985 -0.106348 5.993514
v 0.060832 -0.106038 5.999473
v 0.057968 -0.118085 6.001587
v 0.054463 -0.119676 5.997696
v 0.128354 -0.030123 5.967012
v 0.102562 -0.049649 5.958303
v 0.129031 -0.002181 5.933977
v 0.060545 -0.067555 5.937032
v 0.054603 -0.072985 5.944491
v 0.090014 -0.092201 5.984527
v 0.123247 -0.075449 5.994334
v 0.117407 -0.090941 5.986053
v 0.113904 -0.093999 5.993177
v 0.107326 -0.097430 5.991814
v 0.102401 -0.096488 5.993414
v 0.052986 -0.116636 6.006845
v 0.049674 -0.117930 6.003301
v 0.045850 -0.116234 5.999431
v 0.046077 -0.112375 5.996441
v 0.048113 -0.108621 5.995069
v 0.055419 -0.113475 6.008354
v 0.056912 -0.109663 6.007382
v 0.057823 -0.105336 6.003472
v 0.051453 -0.111098 6.011915
v 0.047857 -0.113989 6.011656
v 0.037240 -0.109522 6.007185
v 0.040795 -0.113536 6.004590
v 0.040130 -0.112798 6.008306
v 0.037669 -0.110625 6.010399
v 0.035237 -0.108379 6.013496
v 0.035007 -0.106525 6.010576
v 0.042667 -0.114142 6.009981
v 0.040094 -0.112062 6.013347
v 0.043268 -0.110961 6.015083
v 0.040776 -0.108745 6.018362
v 0.037451 -0.109512 6.016739
v 0.044732 -0.113148 6.012355
v 0.044768 -0.116082 6.007492
v 0.033940 -0.104456 6.014529
v 0.033840 -0.106763 6.015906
v 0.035263 -0.107138 6.019298
v 0.035618 -0.103931 6.019011
v 0.042206 -0.110400 6.000207
v 0.038709 -0.107136 6.004857
v 0.036579 -0.103993 6.009070
v 0.035724 -0.102142 6.013287
v 0.040936 -0.104193 6.004259
v 0.038866 -0.101815 6.008827
v 0.038392 -0.100636 6.012624
v 0.043790 -0.101713 6.005346
v 0.041309 -0.100341 6.009860
v 0.048233 -0.104312 5.999272
v 0.045002 -0.107226 5.998459
v 0.040339 -0.100067 6.012419
v 0.037460 -0.101723 6.017752
v 0.046221 -0.110174 6.015644
v 0.043275 -0.107306 6.018764
v 0.048214 -0.108105 6.015462
v 0.044980 -0.105406 6.018360
v 0.039868 -0.105245 6.020768
v 0.038574 -0.107374 6.020572
v 0.051437 -0.105267 5.995694
v 0.055480 -0.104195 5.999393
v 0.052017 -0.103114 6.002673
v 0.047536 -0.100713 6.008133
v 0.054041 -0.104337 6.006816
v 0.053150 -0.107695 6.010653
v 0.049334 -0.105327 6.014349
v 0.049758 -0.102357 6.011813
v 0.045969 -0.103113 6.016978
v 0.045932 -0.101088 6.014942
v 0.043921 -0.099911 6.012227
v 0.042754 -0.101580 6.017824
v 0.041379 -0.103253 6.019650
v 0.039776 -0.100761 6.016039
v 0.043461 -0.100694 6.016070
v 0.041696 -0.100161 6.014399
v 0.074628 -0.107215 6.007221
v 0.077507 -0.104165 6.010291
v 0.081031 -0.105515 6.006091
v 0.078527 -0.108093 6.002975
v 0.076384 -0.120330 6.008962
v 0.073614 -0.115346 6.006792
v 0.078553 -0.117307 6.001853
v 0.081997 -0.122161 6.003802
v 0.082023 -0.120898 6.012826
v 0.087910 -0.122705 6.007862
v 0.086341 -0.119636 5.996184
v 0.082344 -0.115235 5.995256
v 0.086682 -0.107092 5.984363
v 0.091134 -0.110668 5.983788
v 0.092479 -0.095741 5.994693
v 0.096381 -0.098015 5.996956
v 0.073403 -0.110705 6.006287
v 0.077758 -0.112094 6.001740
v 0.091645 -0.105256 6.005946
v 0.087847 -0.103125 6.003872
v 0.084377 -0.104634 6.008955
v 0.087571 -0.106657 6.011854
v 0.084123 -0.099563 5.986877
v 0.087912 -0.096891 5.990790
v 0.084453 -0.103462 5.985163
v 0.094721 -0.109918 6.006737
v 0.095350 -0.115745 6.004629
v 0.100691 -0.108473 5.991831
v 0.099915 -0.103401 5.995947
v 0.081196 -0.110657 5.995637
v 0.083913 -0.103927 6.000586
v 0.081261 -0.106582 5.997352
v 0.092386 -0.119750 5.999373
v 0.090162 -0.117028 6.012416
v 0.077409 -0.107643 6.024403
v 0.083868 -0.109416 6.018471
v 0.083256 -0.105164 6.016913
v 0.077449 -0.103324 6.023145
v 0.089225 -0.110996 6.013083
v 0.084110 -0.115290 6.017523
v 0.068901 -0.104193 6.013815
v 0.072413 -0.101388 6.016630
v 0.066984 -0.107754 6.013173
v 0.097536 -0.112052 5.986065
v 0.068661 -0.116269 6.016697
v 0.066876 -0.111740 6.014212
v 0.080832 -0.103015 6.013446
v 0.075691 -0.100476 6.019855
v 0.076434 -0.112377 6.023872
v 0.073371 -0.116489 6.020127
v 0.070728 -0.109330 6.028397
v 0.067369 -0.113127 6.025910
v 0.063204 -0.112824 6.022328
v 0.062521 -0.109199 6.018839
v 0.063734 -0.105837 6.017166
v 0.072257 -0.105296 6.028620
v 0.073027 -0.101821 6.026903
v 0.072307 -0.099357 6.023431
v 0.067772 -0.099569 6.032019
v 0.065548 -0.102852 6.033009
v 0.051613 -0.097828 6.030577
v 0.054785 -0.102097 6.028041
v 0.055463 -0.101672 6.031183
v 0.051968 -0.098684 6.033626
v 0.058701 -0.106612 6.026864
v 0.058148 -0.104292 6.030023
v 0.060463 -0.103829 6.031988
v 0.057767 -0.101352 6.034472
v 0.060120 -0.098691 6.035394
v 0.056895 -0.095663 6.038452
v 0.053834 -0.097946 6.037536
v 0.062188 -0.101634 6.033354
v 0.049635 -0.096109 6.035802
v 0.049664 -0.094141 6.034146
v 0.062836 -0.107466 6.030411
v 0.059126 -0.105337 6.021959
v 0.055254 -0.100562 6.025012
v 0.052280 -0.095874 6.028358
v 0.050962 -0.091978 6.032283
v 0.056605 -0.097717 6.023240
v 0.053744 -0.093527 6.027114
v 0.052897 -0.090693 6.030903
v 0.059085 -0.094410 6.023147
v 0.055931 -0.091240 6.027386
v 0.063626 -0.099842 6.019464
v 0.060871 -0.102782 6.019517
v 0.054683 -0.090088 6.030137
v 0.050379 -0.091643 6.038489
v 0.051918 -0.089823 6.036173
v 0.050280 -0.094816 6.039978
v 0.061910 -0.097193 6.034995
v 0.058241 -0.093711 6.037636
v 0.063520 -0.095222 6.034735
v 0.059416 -0.091836 6.037208
v 0.054465 -0.091501 6.039857
v 0.053926 -0.093545 6.040611
v 0.066136 -0.102763 6.017620
v 0.069584 -0.100120 6.020061
v 0.067161 -0.097106 6.021522
v 0.062457 -0.091784 6.025560
v 0.069595 -0.096059 6.025234
v 0.069163 -0.097135 6.029488
v 0.064661 -0.093255 6.032676
v 0.064650 -0.091566 6.029269
v 0.060323 -0.090474 6.035213
v 0.060568 -0.089328 6.032247
v 0.058643 -0.089400 6.029234
v 0.056728 -0.088717 6.035882
v 0.055495 -0.089568 6.038220
v 0.053864 -0.088938 6.033893
v 0.057748 -0.088466 6.033573
v 0.055961 -0.088807 6.031833
v 0.089305 -0.091972 6.014890
v 0.091386 -0.086996 6.016647
v 0.094925 -0.088981 6.014416
v 0.093016 -0.093378 6.012413
v 0.091689 -0.100960 6.019366
v 0.089401 -0.099426 6.017397
v 0.094231 -0.101683 6.013169
v 0.097290 -0.104014 6.014591
v 0.094783 -0.099398 6.022782
v 0.101667 -0.102642 6.018466
v 0.100155 -0.103950 6.008911
v 0.096191 -0.101364 6.007999
v 0.100457 -0.097391 5.998785
v 0.104804 -0.099847 5.998753
v 0.088560 -0.096166 6.015812
v 0.092871 -0.097642 6.012204
v 0.102860 -0.085980 6.014465
v 0.100118 -0.085910 6.012471
v 0.097519 -0.086486 6.017164
v 0.099707 -0.086779 6.019610
v 0.098782 -0.088573 5.999217
v 0.101128 -0.084315 6.001024
v 0.098622 -0.093108 5.998682
v 0.105981 -0.089664 6.015838
v 0.107897 -0.096214 6.015150
v 0.112374 -0.090873 6.004090
v 0.110361 -0.085062 6.005243
v 0.094499 -0.097000 6.007918
v 0.096363 -0.087855 6.010149
v 0.094451 -0.092325 6.008168
v 0.105560 -0.101876 6.011409
v 0.103326 -0.096382 6.021477
v 0.088833 -0.086589 6.030247
v 0.097130 -0.088708 6.024984
v 0.096217 -0.084742 6.022434
v 0.088738 -0.083015 6.027763
v 0.102144 -0.090191 6.021399
v 0.097157 -0.094384 6.025184
v 0.082716 -0.088741 6.019080
v 0.085141 -0.084471 6.020788
v 0.081686 -0.092734 6.020438
v 0.110238 -0.097442 6.000957
v 0.107327 -0.081128 6.005312
v 0.082933 -0.097347 6.025349
v 0.081678 -0.095735 6.022561
v 0.094108 -0.084341 6.019466
v 0.087702 -0.082077 6.024133
v 0.088109 -0.091604 6.030831
v 0.086023 -0.096227 6.028533
v 0.082154 -0.088899 6.033809
v 0.079654 -0.093419 6.032054
v 0.076861 -0.094779 6.028462
v 0.076517 -0.093081 6.025110
v 0.077331 -0.090532 6.022816
v 0.083234 -0.084051 6.032257
v 0.083747 -0.081562 6.029261
v 0.083545 -0.081283 6.025917
v 0.079451 -0.081011 6.032850
v 0.077040 -0.084826 6.034029
v 0.062213 -0.083824 6.031055
v 0.066078 -0.086912 6.030013
v 0.066566 -0.086017 6.031805
v 0.062686 -0.083732 6.033117
v 0.070911 -0.090592 6.030231
v 0.069534 -0.088367 6.031741
v 0.071837 -0.087407 6.033472
v 0.068269 -0.084941 6.034796
v 0.071299 -0.081971 6.034883
v 0.067607 -0.079647 6.036267
v 0.064433 -0.082461 6.036068
v 0.073589 -0.084877 6.034533
v 0.060304 -0.082016 6.034423
v 0.059623 -0.081195 6.032909
v 0.074877 -0.089628 6.032797
v 0.071309 -0.090197 6.026219
v 0.066521 -0.086412 6.027189
v 0.062564 -0.082878 6.028573
v 0.060568 -0.079625 6.030426
v 0.068016 -0.084353 6.024964
v 0.064217 -0.081063 6.026631
v 0.062547 -0.078253 6.028527
v 0.070043 -0.081673 6.023894
v 0.066191 -0.078944 6.025985
v 0.075607 -0.085339 6.022649
v 0.072954 -0.088037 6.023693
v 0.064475 -0.077513 6.027706
v 0.060642 -0.078060 6.035631
v 0.061833 -0.076222 6.033174
v 0.061210 -0.080296 6.037116
v 0.073362 -0.080203 6.034824
v 0.069164 -0.077608 6.035764
v 0.074759 -0.077975 6.033394
v 0.070203 -0.075780 6.034472
v 0.064997 -0.076803 6.036694
v 0.064513 -0.078437 6.037394
v 0.079127 -0.087215 6.022048
v 0.081659 -0.083633 6.023022
v 0.078223 -0.082084 6.023215
v 0.072626 -0.078306 6.024690
v 0.080305 -0.079599 6.025832
v 0.079894 -0.079197 6.029637
v 0.075173 -0.076433 6.030752
v 0.074777 -0.076218 6.027474
v 0.070757 -0.074789 6.032209
v 0.070520 -0.074669 6.029442
v 0.068405 -0.076218 6.026856
v 0.066865 -0.074304 6.032347
v 0.065924 -0.075023 6.034733
v 0.063739 -0.075537 6.030714
v 0.067605 -0.074302 6.030315
v 0.065646 -0.075546 6.028897
v 0.104414 -0.082011 6.003273
v 0.106452 -0.069434 6.019570
v 0.108311 -0.065858 6.019762
v 0.110070 -0.067306 6.017999
v 0.108426 -0.071048 6.017279
v 0.109610 -0.075341 6.025652
v 0.106984 -0.075282 6.023195
v 0.110558 -0.078168 6.019314
v 0.113623 -0.078851 6.021709
v 0.113219 -0.071626 6.026917
v 0.117237 -0.075558 6.024175
v 0.116474 -0.079900 6.015543
v 0.112664 -0.078941 6.013725
v 0.116222 -0.076467 6.002934
v 0.121031 -0.076974 6.002852
v 0.120996 -0.058942 6.003649
v 0.117497 -0.059110 6.000634
v 0.115080 -0.061212 6.008980
v 0.119205 -0.060346 6.010331
v 0.106103 -0.072773 6.021069
v 0.108891 -0.075104 6.017597
v 0.116419 -0.063223 6.018946
v 0.113025 -0.064278 6.016812
v 0.112129 -0.064379 6.019297
v 0.114540 -0.062636 6.021257
v 0.113626 -0.061405 5.999243
v 0.111734 -0.066469 5.998828
v 0.111554 -0.068053 6.004618
v 0.112443 -0.064275 6.007676
v 0.113063 -0.072237 6.004350
v 0.120025 -0.065333 6.020058
v 0.121708 -0.070645 6.020616
v 0.126317 -0.065892 6.009269
v 0.122948 -0.062036 6.010613
v 0.110426 -0.075568 6.013979
v 0.111020 -0.067332 6.014725
v 0.109556 -0.071495 6.014497
v 0.120840 -0.077026 6.017909
v 0.118202 -0.069034 6.024512
v 0.109144 -0.058677 6.029677
v 0.114218 -0.061933 6.026287
v 0.112561 -0.060435 6.023370
v 0.108299 -0.057723 6.026918
v 0.116459 -0.064647 6.024007
v 0.114321 -0.066129 6.028054
v 0.101909 -0.066842 6.023015
v 0.104153 -0.063253 6.022647
v 0.101292 -0.069687 6.024898
v 0.126142 -0.073803 6.004937
v 0.103597 -0.071446 6.030306
v 0.101645 -0.071455 6.027526
v 0.110394 -0.062644 6.021127
v 0.106310 -0.059867 6.024223
v 0.108841 -0.062199 6.031577
v 0.106704 -0.067754 6.031675
v 0.104122 -0.059336 6.033805
v 0.102040 -0.065154 6.035317
v 0.099804 -0.068667 6.032851
v 0.098579 -0.069216 6.029785
v 0.098586 -0.067868 6.026997
v 0.104471 -0.055958 6.031482
v 0.104000 -0.055934 6.028333
v 0.102883 -0.058316 6.026299
v 0.099953 -0.054958 6.031973
v 0.098813 -0.057997 6.034859
v 0.087157 -0.064130 6.034542
v 0.090826 -0.065806 6.033888
v 0.091149 -0.064369 6.035376
v 0.087753 -0.063442 6.036104
v 0.095843 -0.066861 6.033881
v 0.094441 -0.065024 6.035172
v 0.096325 -0.062641 6.035658
v 0.092559 -0.061774 6.036896
v 0.093855 -0.057753 6.036808
v 0.089860 -0.056813 6.037687
v 0.089018 -0.060878 6.038372
v 0.096447 -0.059266 6.035925
v 0.085418 -0.062452 6.037222
v 0.084285 -0.062248 6.035867
v 0.098990 -0.063491 6.035179
v 0.095641 -0.068096 6.030770
v 0.090679 -0.066218 6.031836
v 0.086321 -0.064012 6.032757
v 0.083834 -0.061194 6.033891
v 0.091293 -0.065360 6.029581
v 0.086951 -0.063005 6.030836
v 0.084843 -0.060382 6.032089
v 0.092384 -0.063237 6.027693
v 0.088126 -0.061356 6.029480
v 0.097096 -0.064716 6.025850
v 0.096167 -0.067181 6.027986
v 0.086007 -0.059935 6.030836
v 0.084070 -0.058647 6.037413
v 0.083991 -0.057946 6.034956
v 0.085680 -0.059721 6.039217
v 0.094469 -0.055607 6.035573
v 0.089926 -0.054756 6.036641
v 0.095104 -0.054283 6.033258
v 0.089831 -0.054030 6.034604
v 0.086233 -0.055679 6.037438
v 0.087125 -0.056822 6.038665
v 0.099515 -0.065182 6.024739
v 0.101083 -0.061750 6.024792
v 0.098535 -0.060987 6.025362
v 0.093536 -0.059896 6.027022
v 0.099476 -0.057454 6.026720
v 0.100109 -0.055018 6.028857
v 0.094812 -0.054416 6.030883
v 0.094324 -0.056313 6.028325
v 0.089722 -0.054494 6.032244
v 0.089601 -0.056084 6.030177
v 0.089001 -0.058749 6.029085
v 0.086394 -0.055939 6.032973
v 0.085981 -0.055373 6.035073
v 0.084867 -0.057908 6.032853
v 0.087016 -0.056625 6.031449
v 0.086286 -0.058191 6.031153
v 0.123860 -0.060704 6.004903
v 0.053454 -0.079722 5.955029
v 0.056376 -0.078650 5.958332
v 0.052936 -0.065690 5.966213
v 0.056293 -0.070887 5.964679
v 0.047801 -0.062961 5.964165
v 0.043199 -0.067869 5.957312
v 0.044532 -0.064519 5.960690
v 0.057182 -0.075666 5.961711
v 0.049316 -0.078687 5.953122
v 0.044640 -0.073156 5.953904
v 0.042671 -0.081051 5.960049
v 0.037878 -0.076497 5.960786
v 0.037077 -0.069478 5.964272
v 0.040119 -0.066388 5.966851
v 0.044766 -0.065078 5.968742
v 0.048668 -0.083004 5.960574
v 0.052006 -0.082351 5.962420
v 0.053806 -0.078536 5.965289
v 0.042836 -0.086404 5.967049
v 0.035458 -0.085990 5.969831
v 0.028500 -0.077538 5.982608
v 0.030737 -0.074810 5.978899
v 0.028440 -0.078054 5.977398
v 0.026099 -0.080099 5.980471
v 0.032628 -0.073611 5.973756
v 0.030214 -0.077527 5.974925
v 0.030381 -0.081744 5.972989
v 0.027662 -0.083281 5.975107
v 0.031538 -0.085672 5.972380
v 0.029954 -0.088199 5.974148
v 0.024644 -0.085087 5.978046
v 0.024509 -0.082330 5.982793
v 0.023782 -0.086470 5.981706
v 0.026771 -0.081526 5.984981
v 0.032722 -0.080017 5.970294
v 0.037449 -0.068445 5.974156
v 0.034418 -0.072132 5.980188
v 0.032145 -0.076510 5.984624
v 0.030819 -0.081599 5.986281
v 0.039578 -0.072183 5.981349
v 0.036898 -0.077472 5.985365
v 0.035125 -0.082218 5.986350
v 0.044250 -0.075502 5.981029
v 0.040331 -0.080124 5.984631
v 0.048640 -0.069464 5.974488
v 0.043079 -0.067051 5.974614
v 0.037894 -0.082778 5.985496
v 0.026197 -0.087248 5.984971
v 0.030785 -0.087179 5.985686
v 0.033905 -0.090053 5.973835
v 0.027501 -0.089890 5.976818
v 0.031369 -0.091961 5.977529
v 0.038850 -0.090447 5.973565
v 0.035558 -0.092212 5.978583
v 0.028464 -0.091450 5.981423
v 0.025401 -0.090104 5.979781
v 0.050122 -0.067399 5.969727
v 0.053257 -0.072995 5.968240
v 0.051586 -0.075080 5.972532
v 0.046670 -0.080285 5.978767
v 0.051101 -0.081293 5.970279
v 0.048143 -0.085459 5.967622
v 0.043291 -0.089166 5.974697
v 0.046234 -0.085536 5.976480
v 0.039340 -0.090544 5.979842
v 0.041574 -0.087557 5.981011
v 0.041825 -0.083835 5.982923
v 0.036428 -0.089488 5.983238
v 0.032717 -0.091109 5.982715
v 0.035004 -0.086416 5.985384
v 0.038700 -0.087799 5.983191
v 0.038242 -0.085487 5.984607
v 0.118713 -0.056837 5.997570
v 0.113682 -0.059601 5.995652
v 0.114752 -0.055901 5.991875
v 0.114606 -0.049950 5.988235
v 0.120091 -0.043554 5.985785
v 0.110529 -0.053170 5.984539
v 0.110643 -0.059366 5.988702
v 0.109283 -0.065498 5.993588
v 0.107846 -0.051342 5.977120
v 0.176714 0.027534 5.405823
v 0.174464 0.025064 5.404307
v 0.172934 0.028937 5.409849
v 0.175340 0.030668 5.409667
v 0.166094 0.025373 5.407935
v 0.169962 0.027290 5.409288
v 0.170792 0.023300 5.402131
v 0.166357 0.022375 5.398473
v 0.158864 0.026845 5.397346
v 0.157432 0.026789 5.397655
v 0.157297 0.027131 5.398294
v 0.158782 0.027452 5.399334
v 0.160980 0.025725 5.401407
v 0.179427 0.033803 5.408147
v 0.179078 0.032408 5.407282
v 0.178258 0.029928 5.406677
v 0.162680 0.024812 5.404670
v 0.177789 0.033881 5.408733
v 0.179081 0.034185 5.408502
v 0.162879 0.024348 5.396179
v 0.167835 0.023429 5.406401
v 0.171422 0.025592 5.407795
v 0.169562 0.022207 5.403762
v 0.165445 0.022232 5.400744
v 0.160290 0.027635 5.398914
v 0.161950 0.024589 5.400589
v 0.174113 0.027661 5.408608
v 0.164000 0.023122 5.403199
v 0.172942 0.024500 5.405875
v 0.163008 0.025231 5.398603
v 0.160827 0.026425 5.398302
v 0.178870 0.033664 5.407733
v 0.178620 0.033938 5.407988
v 0.075957 0.217156 5.517994
v 0.067533 0.221838 5.533733
v 0.175415 0.026685 5.407101
v 0.177395 0.031008 5.408449
v 0.176123 0.029531 5.408727
v 0.177033 0.028821 5.407610
v 0.177968 0.030616 5.407845
v 0.175688 0.174111 5.670516
v 0.184493 0.163909 5.663290
v 0.230997 0.164588 5.655722
v 0.244794 0.178719 5.656812
v 0.002240 0.334439 5.722444
v 0.122834 0.439837 5.649450
v 0.134974 0.431398 5.628573
v 0.087993 0.466854 5.590487
v 0.100993 0.463609 5.603503
v 0.098479 0.367782 5.712102
v 0.107899 0.360935 5.698002
v 0.046208 0.342563 5.716758
v 0.055368 0.336015 5.704331
v 0.075009 0.361418 5.730504
v 0.090717 0.478772 5.666274
v 0.098596 0.469429 5.678024
v 0.106011 0.459081 5.655749
v 0.099539 0.468525 5.642518
v 0.072996 0.466713 5.579400
v 0.061939 0.478101 5.605523
v 0.131115 0.366004 5.675745
v 0.141685 0.381541 5.664154
v 0.146199 0.410039 5.631246
v 0.143486 0.420224 5.612478
v 0.137982 0.427102 5.594232
v 0.130121 0.432507 5.576686
v 0.046660 0.322252 5.689812
v 0.036668 0.311954 5.672933
v 0.116125 0.352585 5.683860
v -0.008140 0.315129 5.671210
v 0.132207 0.424473 5.542648
v 0.116979 0.428623 5.527579
v 0.146296 0.396742 5.649051
v 0.054862 0.225274 5.576875
v 0.068570 0.222719 5.582955
v 0.059194 0.226434 5.596669
v 0.045606 0.230120 5.591182
v 0.072101 0.224221 5.602537
v 0.084625 0.223709 5.607773
v 0.096165 0.224641 5.612215
v 0.121449 0.233802 5.620418
v 0.114329 0.229846 5.618623
v 0.133589 0.246216 5.624681
v 0.127568 0.238706 5.622554
v 0.140119 0.259142 5.628366
v 0.146489 0.274032 5.631859
v 0.159906 0.284128 5.624253
v 0.153532 0.289751 5.634180
v 0.139482 0.278604 5.641557
v 0.133785 0.264086 5.638922
v 0.126966 0.251841 5.635971
v 0.013227 0.271046 5.629628
v 0.016782 0.253311 5.616076
v 0.082858 0.211839 5.503290
v 0.198962 0.113808 5.864227
v 0.133316 0.001502 5.874882
v 0.149422 0.292478 5.420697
v 0.167860 0.289617 5.429161
v 0.218032 0.267967 5.464656
v 0.225257 0.245979 5.474309
v 0.205393 0.284142 5.453321
v 0.187129 0.294094 5.443325
v 0.103495 0.332766 5.675670
v 0.165392 0.317321 5.445713
v 0.188251 0.302666 5.448736
v 0.209177 0.293593 5.460150
v 0.224548 0.275653 5.474308
v 0.234635 0.249867 5.487185
v 0.239735 0.240087 5.498131
v 0.247023 0.244169 5.520548
v 0.248941 0.235981 5.527176
v 0.250774 0.227327 5.535710
v 0.247690 0.208594 5.530094
v 0.246090 0.216784 5.522120
v 0.249793 0.191901 5.623639
v 0.250133 0.194010 5.642167
v 0.250623 0.202477 5.655540
v 0.247607 0.213023 5.665616
v 0.243402 0.219784 5.670149
v 0.238190 0.227872 5.670724
v 0.233233 0.237313 5.663025
v 0.216528 0.259590 5.631077
v 0.212211 0.268915 5.616499
v 0.209776 0.316371 5.588525
v 0.207263 0.327576 5.581449
v 0.192373 0.358942 5.572409
v 0.182928 0.372923 5.570824
v 0.173310 0.389791 5.572842
v 0.066855 0.520564 5.775022
v 0.081578 0.507768 5.780935
v 0.081949 0.500456 5.760110
v 0.067572 0.511843 5.753691
v 0.048086 0.505744 5.694680
v 0.031865 0.508840 5.683647
v 0.101372 0.444523 5.779742
v 0.097110 0.421409 5.784615
v 0.092614 0.484854 5.766131
v 0.099256 0.466112 5.773726
v 0.086564 0.400842 5.787734
v 0.013441 0.352473 5.789807
v -0.006101 0.346103 5.787197
v -0.044158 0.339024 5.776396
v -0.060694 0.340552 5.768348
v 0.072067 0.383318 5.790643
v -0.026047 0.340431 5.782982
v 0.054330 0.370832 5.792336
v 0.033971 0.361083 5.791859
v 0.062535 0.499534 5.704615
v 0.057256 0.509762 5.725541
v 0.070335 0.502698 5.733836
v 0.140383 0.387397 5.480398
v 0.158307 0.381992 5.491161
v 0.176082 0.373798 5.501550
v 0.196791 0.353873 5.504480
v 0.191035 0.363248 5.512191
v 0.204825 0.351674 5.524483
v 0.210633 0.342557 5.518088
v 0.225839 0.312294 5.548347
v 0.221250 0.320584 5.552222
v 0.224803 0.307697 5.564356
v 0.229483 0.302261 5.559453
v 0.227460 0.298717 5.574761
v 0.229165 0.288221 5.583950
v 0.229346 0.276060 5.593674
v 0.231774 0.264266 5.604183
v 0.244522 0.254613 5.587432
v 0.241806 0.263433 5.577388
v 0.230302 0.304292 5.543564
v 0.225537 0.316565 5.529639
v 0.147616 0.362450 5.469395
v 0.128359 0.364579 5.461585
v 0.162302 0.303740 5.632610
v 0.171982 0.317358 5.628496
v 0.180236 0.328632 5.620884
v 0.186891 0.337024 5.610657
v 0.191799 0.342570 5.599854
v 0.195886 0.346668 5.587557
v 0.203813 0.338377 5.577569
v 0.199200 0.348631 5.575204
v 0.207571 0.336705 5.569188
v 0.202579 0.348464 5.563904
v 0.206460 0.346554 5.553275
v 0.210690 0.342734 5.544218
v 0.215379 0.336423 5.537844
v 0.220473 0.327744 5.533268
v 0.217316 0.331144 5.513747
v 0.203396 0.342863 5.498966
v 0.192700 0.338740 5.479846
v 0.200309 0.327422 5.475477
v 0.186790 0.351692 5.485805
v 0.180745 0.363553 5.492164
v 0.196952 0.243480 5.440994
v 0.185581 0.255442 5.428290
v 0.240028 0.235291 5.648215
v 0.237826 0.238771 5.648585
v 0.236148 0.238188 5.654651
v 0.239735 0.231723 5.657588
v 0.243288 0.225666 5.655710
v 0.246870 0.224974 5.640026
v 0.242555 0.231378 5.645188
v 0.247443 0.219041 5.650981
v 0.250485 0.210852 5.642725
v 0.250210 0.218138 5.632278
v 0.251460 0.204349 5.631932
v 0.252089 0.212210 5.623802
v 0.252027 0.202114 5.619301
v 0.252939 0.208507 5.616526
v 0.253713 0.227270 5.582920
v 0.254281 0.219062 5.594931
v 0.253676 0.212359 5.607153
v 0.236043 0.254287 5.615655
v 0.239796 0.245015 5.625830
v 0.241765 0.236878 5.635813
v 0.246109 0.231514 5.629351
v 0.244575 0.240477 5.619208
v 0.241622 0.250246 5.608294
v 0.143680 0.376869 5.475310
v 0.162674 0.370542 5.481513
v 0.232410 0.292059 5.568452
v 0.234183 0.282521 5.576138
v 0.235976 0.272242 5.584139
v 0.238588 0.260535 5.595682
v 0.239756 0.274922 5.568459
v 0.237226 0.283943 5.560808
v 0.233956 0.293265 5.553030
v 0.168061 0.357803 5.476236
v 0.124813 0.380527 5.468340
v 0.177476 0.178295 5.560286
v 0.196538 0.169562 5.544575
v 0.219164 0.172581 5.534834
v 0.237867 0.187746 5.529572
v 0.187397 0.175208 5.808205
v 0.052407 0.489030 5.629810
v 0.042128 0.499198 5.656022
v 0.057062 0.498013 5.668341
v 0.100352 0.431825 5.515973
v 0.123059 0.392850 5.470881
v 0.090387 0.235285 5.639658
v 0.080457 0.232743 5.636861
v 0.087736 0.228272 5.624668
v 0.097871 0.230767 5.627923
v 0.107496 0.243374 5.643009
v 0.099600 0.239018 5.641935
v 0.106690 0.234470 5.630613
v 0.114567 0.238835 5.632534
v 0.114466 0.249270 5.644322
v 0.121240 0.244383 5.633996
v 0.093100 0.245829 5.652296
v 0.084057 0.242093 5.651082
v 0.074559 0.239607 5.649083
v 0.107843 0.255188 5.652987
v 0.101097 0.250172 5.652663
v 0.092184 0.093458 5.462148
v 0.090482 0.076604 5.467476
v 0.102812 0.042507 5.445471
v 0.105170 0.042467 5.441354
v 0.093711 0.205630 5.481267
v 0.098328 0.202012 5.472554
v 0.023862 0.241382 5.601350
v 0.041295 0.228620 5.572281
v 0.049885 0.230374 5.561417
v 0.058578 0.227054 5.548372
v 0.087871 0.207507 5.491678
v 0.032175 0.233962 5.587246
v 0.044630 0.487747 5.943213
v 0.026858 0.506639 5.956166
v 0.040845 0.507252 5.935475
v 0.026489 0.522019 5.943270
v 0.072806 0.487824 5.879140
v 0.061333 0.491296 5.900115
v 0.085797 0.482721 5.856146
v 0.008298 0.537676 5.944293
v -0.013717 0.551482 5.937712
v -0.005880 0.561965 5.917887
v 0.076755 0.505681 5.854247
v 0.064680 0.509879 5.877586
v 0.038024 0.518080 5.930076
v 0.051589 0.498488 5.920732
v 0.044569 0.516172 5.918149
v 0.013195 0.546567 5.926962
v 0.028275 0.529300 5.930949
v 0.034552 0.535494 5.758709
v 0.008656 0.552010 5.766129
v 0.030734 0.545144 5.779565
v 0.093658 0.491460 5.786375
v 0.080060 0.515375 5.802483
v 0.034307 0.531845 5.915474
v 0.021257 0.550777 5.908196
v 0.004130 0.566927 5.897331
v 0.037227 0.555113 5.831959
v 0.027381 0.562938 5.852859
v 0.042828 0.547424 5.864271
v 0.052546 0.541390 5.842162
v 0.074100 0.520606 5.825722
v 0.065239 0.525555 5.849300
v 0.044379 0.546310 5.810732
v 0.060447 0.534695 5.819092
v 0.065560 0.528219 5.796378
v 0.054478 0.530007 5.873359
v -0.005622 0.579039 5.862013
v 0.015655 0.567806 5.874973
v -0.030404 0.581205 5.846390
v 0.049102 0.537546 5.788846
v 0.051049 0.528767 5.767485
v 0.052833 0.519435 5.746353
v 0.070406 0.493190 5.679385
v -0.040741 0.294659 6.097981
v -0.117356 0.434158 5.928978
v -0.118530 0.457306 5.927030
v 0.054639 0.383028 5.891642
v 0.062889 0.445484 5.924255
v 0.057749 0.473666 5.922654
v -0.092526 0.378686 5.919647
v -0.106092 0.399925 5.927206
v 0.036341 0.365881 5.883362
v -0.018843 0.347613 5.898547
v -0.114148 0.416453 5.929043
v 0.053185 0.513233 5.899578
v 0.043136 0.532573 5.895193
v 0.031271 0.552129 5.887208
v -0.017768 0.579157 5.883068
v -0.042110 0.581769 5.867047
v -0.099774 0.375287 5.864285
v -0.101203 0.372028 5.854716
v -0.107838 0.373974 5.851907
v -0.111435 0.379636 5.863612
v 0.005311 0.355115 5.802884
v -0.015800 0.349017 5.799458
v -0.052833 0.345208 5.788815
v -0.068444 0.345916 5.781458
v 0.069610 0.384359 5.806772
v -0.034988 0.346660 5.794911
v 0.049904 0.372364 5.807537
v 0.027414 0.362860 5.805577
v -0.080441 0.510830 6.485697
v -0.080573 0.517044 6.511695
v -0.077249 0.529434 6.504186
v -0.079476 0.522534 6.478474
v -0.060172 0.539617 6.465858
v -0.071418 0.535799 6.469921
v -0.045968 0.538882 6.465268
v -0.048268 0.550106 6.489561
v -0.038761 0.543315 6.493633
v -0.034036 0.533375 6.468491
v -0.028378 0.525251 6.473147
v -0.028607 0.525718 6.503533
v -0.031169 0.511069 6.511657
v -0.026197 0.500076 6.488314
v -0.025565 0.515025 6.478944
v -0.035313 0.485689 6.498382
v -0.038591 0.495600 6.521650
v -0.050145 0.479053 6.504606
v -0.077689 0.497959 6.494049
v -0.080162 0.502302 6.520431
v -0.061412 0.550329 6.489860
v -0.071145 0.544489 6.495209
v -0.077350 0.529975 6.474207
v -0.073570 0.537293 6.499547
v -0.081431 0.536426 6.531490
v -0.090754 0.523846 6.537852
v -0.064533 0.562760 6.513696
v -0.070731 0.553507 6.520688
v -0.043290 0.553649 6.518476
v -0.051596 0.563669 6.512111
v -0.027096 0.536456 6.528084
v -0.032755 0.534560 6.498467
v -0.035107 0.544934 6.523500
v -0.029667 0.521539 6.535235
v -0.038806 0.503309 6.546598
v -0.085354 0.506664 6.547101
v -0.074977 0.545691 6.526433
v -0.041386 0.427595 6.699313
v -0.048349 0.426087 6.699462
v -0.046238 0.424374 6.694983
v -0.041993 0.425581 6.695316
v -0.077083 0.415262 6.698073
v -0.088587 0.417349 6.696747
v -0.085712 0.410992 6.690368
v -0.077250 0.409166 6.691576
v -0.061120 0.417215 6.701156
v -0.053661 0.418795 6.701984
v -0.056368 0.423011 6.702987
v -0.060986 0.422096 6.702307
v -0.020926 0.451761 6.684855
v -0.016184 0.454452 6.684894
v -0.017568 0.457604 6.686765
v -0.021577 0.455669 6.687248
v -0.034082 0.437632 6.694829
v -0.028730 0.440338 6.694816
v -0.030732 0.443587 6.696058
v -0.034402 0.442487 6.696564
v -0.073785 0.425936 6.676483
v -0.074277 0.415240 6.684472
v -0.086691 0.417645 6.683277
v -0.087659 0.426529 6.671978
v -0.094993 0.424329 6.687321
v -0.088988 0.429772 6.691531
v -0.090639 0.441489 6.684093
v -0.096425 0.435966 6.677131
v -0.077138 0.429347 6.694888
v -0.077096 0.439387 6.687814
v -0.068599 0.432342 6.684426
v -0.067238 0.420933 6.692437
v -0.051007 0.432712 6.688064
v -0.048698 0.424504 6.696525
v -0.053338 0.419874 6.691814
v -0.054753 0.427929 6.681947
v -0.061078 0.418276 6.691307
v -0.065080 0.425699 6.681442
v -0.069814 0.431163 6.687585
v -0.068148 0.421181 6.695561
v -0.064139 0.427535 6.698638
v -0.066291 0.437166 6.690810
v -0.057364 0.437933 6.691378
v -0.055442 0.429385 6.699357
v -0.038956 0.435520 6.681379
v -0.040583 0.429473 6.690877
v -0.047452 0.428282 6.690555
v -0.048716 0.433412 6.681681
v -0.052857 0.431338 6.695312
v -0.048947 0.435266 6.698053
v -0.049640 0.442859 6.691172
v -0.053797 0.437812 6.688285
v -0.040648 0.444292 6.691322
v -0.041783 0.436305 6.698845
v -0.035577 0.439760 6.687426
v -0.036787 0.432961 6.695730
v -0.021560 0.451469 6.682724
v -0.024723 0.445748 6.690978
v -0.026181 0.441397 6.686458
v -0.023859 0.446679 6.677186
v -0.031743 0.439138 6.685739
v -0.031590 0.443557 6.678299
v -0.036885 0.440582 6.688951
v -0.035930 0.446439 6.693350
v -0.034111 0.451854 6.687747
v -0.035243 0.445131 6.683632
v -0.029024 0.448783 6.693845
v -0.026326 0.455247 6.687179
v -0.010860 0.460639 6.669931
v -0.010708 0.466120 6.673789
v -0.011525 0.459477 6.680490
v -0.012128 0.455231 6.676636
v -0.018435 0.452350 6.676890
v -0.017379 0.456346 6.671309
v -0.022690 0.454728 6.680188
v -0.022807 0.459927 6.684463
v -0.021703 0.464697 6.680292
v -0.020442 0.458356 6.676190
v -0.016371 0.462296 6.684575
v -0.015468 0.468139 6.678454
v -0.088030 0.436535 6.662182
v -0.070749 0.436977 6.669429
v -0.086674 0.422366 6.696431
v -0.095874 0.447256 6.669171
v -0.080031 0.422152 6.698001
v -0.073895 0.449253 6.681310
v -0.089923 0.452801 6.676096
v -0.070260 0.437299 6.680923
v -0.054377 0.416104 6.697357
v -0.053997 0.440507 6.683303
v -0.055106 0.451631 6.683780
v -0.058873 0.415336 6.696926
v -0.053443 0.439632 6.671318
v -0.036427 0.448392 6.670216
v -0.046954 0.430360 6.701045
v -0.043143 0.430952 6.701248
v -0.037497 0.458250 6.683123
v -0.035193 0.446257 6.681606
v -0.028262 0.438064 6.691287
v -0.020478 0.458059 6.676279
v -0.023832 0.467557 6.678988
v -0.031751 0.437174 6.690688
v -0.020757 0.457949 6.665856
v -0.016500 0.453296 6.681370
v -0.008632 0.474225 6.666301
v -0.014889 0.476373 6.673481
v -0.019046 0.451131 6.681344
v -0.009855 0.466787 6.661673
v -0.072135 0.486716 6.501271
v -0.074033 0.490908 6.527285
v -0.062494 0.479374 6.505719
v -0.051519 0.486889 6.528839
v -0.063263 0.485295 6.531240
v -0.077165 0.492654 6.554161
v -0.051772 0.492980 6.554849
v -0.064629 0.488337 6.556841
v -0.026538 0.548252 6.545449
v -0.025869 0.533675 6.553513
v -0.036866 0.557396 6.539979
v -0.054910 0.577157 6.528043
v -0.044483 0.568002 6.533697
v -0.079739 0.493111 6.575614
v -0.086765 0.510813 6.568734
v -0.064756 0.487338 6.577699
v -0.049469 0.493671 6.575940
v -0.091827 0.447224 6.649568
v -0.091269 0.463814 6.639183
v -0.075926 0.456114 6.633914
v -0.073009 0.445801 6.650991
v -0.057624 0.459212 6.635518
v -0.055794 0.450720 6.653860
v -0.042286 0.467788 6.636940
v -0.039881 0.458263 6.653808
v -0.027810 0.476679 6.637093
v -0.024028 0.466674 6.652144
v -0.014925 0.486913 6.638471
v -0.011005 0.475632 6.651110
v -0.008484 0.496083 6.644619
v -0.005874 0.483591 6.656848
v -0.100050 0.460034 6.659086
v -0.096991 0.476166 6.648266
v -0.091005 0.468697 6.668430
v -0.088803 0.485065 6.658342
v -0.074425 0.470346 6.670304
v -0.073278 0.487240 6.660053
v -0.013550 0.502214 6.654849
v -0.013492 0.488463 6.666289
v -0.056371 0.474011 6.670305
v -0.055880 0.490441 6.658998
v -0.039925 0.480114 6.670695
v -0.039620 0.496035 6.659081
v -0.025773 0.485687 6.669475
v -0.025510 0.500982 6.658283
v -0.079394 0.470050 6.617723
v -0.060779 0.468535 6.615187
v -0.045683 0.477911 6.616468
v -0.031707 0.489084 6.618441
v -0.020106 0.501775 6.622968
v -0.012018 0.511116 6.629644
v -0.031100 0.504936 6.595222
v -0.024022 0.521413 6.607513
v -0.017816 0.529548 6.616826
v -0.026031 0.541311 6.593446
v -0.023363 0.548833 6.604007
v -0.032360 0.576414 6.572368
v -0.029273 0.585111 6.583082
v -0.026167 0.567815 6.591840
v -0.028990 0.560361 6.581301
v -0.029021 0.527797 6.580038
v -0.029764 0.547170 6.567932
v -0.033183 0.562020 6.558736
v -0.043037 0.605043 6.571378
v -0.034319 0.596514 6.576738
v -0.036842 0.587677 6.565703
v -0.043256 0.597596 6.558693
v -0.059082 0.605040 6.554476
v -0.058598 0.611122 6.568923
v -0.074154 0.599086 6.560450
v -0.074582 0.606326 6.573133
v -0.044492 0.582724 6.545579
v -0.038647 0.573119 6.552641
v -0.056896 0.590108 6.540840
v -0.070786 0.585399 6.545759
v -0.075714 0.572069 6.556217
v -0.079749 0.584209 6.571554
v -0.082874 0.592764 6.582335
v -0.088968 0.483134 6.626945
v -0.090312 0.493813 6.635112
v -0.046710 0.486550 6.595129
v -0.063557 0.478530 6.595081
v -0.082113 0.488280 6.596533
v -0.090073 0.502447 6.612007
v -0.086239 0.514118 6.622429
v -0.084406 0.534187 6.611603
v -0.089614 0.525204 6.601548
v -0.083241 0.501790 6.642890
v -0.078120 0.519918 6.627491
v -0.077086 0.539694 6.616670
v -0.085121 0.553074 6.602686
v -0.088329 0.544669 6.592070
v -0.084844 0.567648 6.595296
v -0.084131 0.559468 6.584107
v -0.081947 0.571317 6.578304
v -0.085020 0.579775 6.589245
v -0.082732 0.550598 6.568416
v -0.079029 0.560662 6.562432
v -0.087785 0.535639 6.576869
v -0.089115 0.514511 6.586262
v -0.015664 0.517837 6.639753
v -0.019112 0.534999 6.625275
v -0.025055 0.553089 6.611543
v -0.029247 0.573000 6.601044
v -0.033964 0.589189 6.593097
v -0.039299 0.598892 6.587684
v -0.059275 0.609337 6.580204
v -0.046675 0.606273 6.582767
v -0.070888 0.606055 6.582891
v -0.077286 0.595637 6.591055
v -0.079675 0.585592 6.597867
v -0.079108 0.559269 6.609213
v -0.080382 0.574170 6.603499
v -0.091332 0.530070 6.559587
v -0.084943 0.543666 6.551201
v -0.078609 0.553330 6.545629
v -0.067716 0.573719 6.531524
v -0.073377 0.562272 6.540051
v -0.070363 0.505976 6.645757
v -0.054081 0.509432 6.645093
v -0.038799 0.514240 6.644678
v -0.025904 0.517455 6.643670
v -0.027760 0.535464 6.629040
v -0.039175 0.533283 6.630113
v -0.053430 0.529551 6.631385
v -0.067552 0.524644 6.630370
v -0.032283 0.553912 6.616247
v -0.042116 0.552444 6.618143
v -0.055610 0.550239 6.619418
v -0.067597 0.544939 6.619730
v -0.070214 0.564551 6.611859
v -0.059714 0.569143 6.610482
v -0.046773 0.570849 6.608509
v -0.037776 0.572820 6.605906
v -0.042280 0.587223 6.597900
v -0.051199 0.584599 6.600518
v -0.062520 0.582314 6.602697
v -0.071547 0.578682 6.604559
v -0.046521 0.595570 6.592985
v -0.059131 0.604839 6.586797
v -0.051642 0.601679 6.588970
v -0.066910 0.603437 6.588295
v -0.070470 0.596041 6.593664
v -0.071568 0.587894 6.599235
v -0.063552 0.589948 6.597782
v -0.063987 0.595758 6.593722
v -0.053887 0.591773 6.595827
v -0.056495 0.597405 6.592029
v -0.063623 0.600262 6.590423
v -0.059578 0.600926 6.589577
v -0.036655 0.511376 6.568556
v -0.080500 0.329059 6.281048
v -0.093955 0.335756 6.275937
v -0.064677 0.323913 6.278800
v 0.010589 0.356674 5.879794
v 0.020865 0.341480 5.726110
v 0.037633 0.329737 5.702222
v 0.028389 0.336378 5.714015
v 0.009433 0.348645 5.900477
v 0.098716 0.342391 5.688852
v 0.106139 0.226635 5.615670
v 0.212849 0.104136 5.399727
v 0.210738 0.106952 5.401103
v 0.208529 0.109935 5.402549
v 0.206671 0.112947 5.402669
v 0.205819 0.115537 5.401825
v 0.205980 0.117624 5.401155
v 0.208623 0.110240 5.400535
v 0.208984 0.112328 5.395577
v 0.209001 0.109710 5.395557
v 0.210358 0.108014 5.400161
f 2 3 1
f 1 3 4
f 3 2 5
f 5 2 6
f 3 7 4
f 4 7 8
f 10 11 9
f 9 11 12
f 14 15 13
f 13 15 16
f 18 19 17
f 17 19 20
f 22 23 21
f 21 23 24
f 26 18 25
f 25 18 17
f 27 28 17
f 17 28 25
f 30 31 29
f 29 31 32
f 34 35 33
f 33 35 36
f 21 24 37
f 37 24 38
f 40 31 39
f 39 31 38
f 34 33 28
f 28 33 25
f 41 42 44
f 44 42 43
f 36 45 33
f 33 45 25
f 46 47 49
f 49 47 48
f 51 52 50
f 50 52 53
f 55 53 54
f 54 53 52
f 57 58 56
f 56 58 59
f 61 62 60
f 60 62 63
f 65 66 64
f 64 66 67
f 69 70 68
f 68 70 71
f 65 73 72
f 72 73 74
f 64 75 65
f 65 75 73
f 77 78 76
f 76 78 79
f 80 81 83
f 83 81 82
f 81 85 84
f 84 85 86
f 88 89 87
f 87 89 69
f 88 87 90
f 90 87 91
f 93 94 92
f 92 94 95
f 96 84 43
f 43 84 44
f 51 98 97
f 97 98 86
f 97 99 51
f 51 99 52
f 54 52 100
f 100 52 99
f 58 101 59
f 59 101 102
f 62 103 63
f 63 103 104
f 105 106 6
f 6 106 5
f 108 109 107
f 107 109 110
f 112 113 111
f 111 113 114
f 116 117 115
f 115 117 118
f 120 121 119
f 119 121 122
f 124 125 123
f 123 125 126
f 128 129 127
f 127 129 130
f 130 131 127
f 127 131 132
f 134 1 133
f 133 1 135
f 1 4 135
f 135 4 136
f 4 8 136
f 136 8 137
f 138 139 15
f 15 139 140
f 140 139 141
f 141 139 142
f 144 57 143
f 143 57 56
f 145 146 141
f 141 146 147
f 146 149 148
f 148 149 150
f 152 153 151
f 151 153 154
f 141 147 140
f 140 147 155
f 157 11 156
f 156 11 158
f 160 161 159
f 159 161 162
f 164 165 163
f 163 165 166
f 165 160 166
f 166 160 159
f 168 169 167
f 167 169 170
f 169 171 170
f 170 171 172
f 149 173 150
f 150 173 174
f 175 176 149
f 149 176 173
f 178 172 177
f 177 172 171
f 180 181 179
f 179 181 182
f 184 180 183
f 183 180 179
f 186 187 185
f 185 187 188
f 190 191 189
f 189 191 192
f 7 193 8
f 8 193 194
f 196 162 195
f 195 162 161
f 197 168 198
f 198 168 167
f 181 199 182
f 182 199 200
f 202 203 201
f 201 203 204
f 187 186 205
f 205 186 206
f 208 209 207
f 207 209 210
f 212 213 211
f 211 213 214
f 215 216 218
f 218 216 217
f 220 209 219
f 219 209 208
f 204 186 221
f 221 186 185
f 201 204 222
f 222 204 221
f 223 211 220
f 220 211 209
f 224 225 214
f 214 225 210
f 203 206 204
f 204 206 186
f 227 187 226
f 226 187 205
f 27 228 21
f 21 228 22
f 230 231 229
f 229 231 232
f 234 235 233
f 233 235 236
f 238 239 237
f 237 239 240
f 119 122 118
f 118 122 115
f 112 242 241
f 241 242 243
f 98 51 244
f 244 51 50
f 245 138 14
f 14 138 15
f 11 10 158
f 158 10 246
f 89 85 69
f 69 85 70
f 11 157 12
f 12 157 247
f 249 164 248
f 248 164 163
f 177 250 178
f 178 250 251
f 253 254 252
f 252 254 255
f 187 227 188
f 188 227 256
f 212 257 213
f 213 257 258
f 260 134 259
f 259 134 133
f 165 164 135
f 135 164 133
f 160 165 136
f 136 165 135
f 136 137 160
f 160 137 161
f 137 261 161
f 161 261 195
f 263 264 262
f 262 264 265
f 13 16 266
f 266 16 267
f 268 267 155
f 155 267 16
f 147 269 155
f 155 269 268
f 162 196 167
f 167 196 198
f 167 170 162
f 162 170 159
f 170 172 159
f 159 172 166
f 172 178 166
f 166 178 163
f 178 251 163
f 163 251 248
f 168 270 169
f 169 270 271
f 272 273 171
f 171 273 177
f 271 272 169
f 169 272 171
f 168 197 270
f 270 197 274
f 250 177 275
f 275 177 273
f 277 45 276
f 276 45 278
f 280 281 279
f 279 281 282
f 284 104 283
f 283 104 103
f 285 215 286
f 286 215 218
f 288 289 287
f 287 289 290
f 291 80 66
f 66 80 83
f 293 294 292
f 292 294 295
f 73 91 74
f 74 91 87
f 91 73 92
f 92 73 75
f 279 77 280
f 280 77 76
f 80 291 70
f 70 291 71
f 277 47 96
f 96 47 82
f 297 175 296
f 296 175 149
f 299 154 298
f 298 154 153
f 225 300 210
f 210 300 207
f 224 301 206
f 206 301 205
f 210 209 214
f 214 209 211
f 226 205 302
f 302 205 301
f 304 305 303
f 303 305 306
f 308 309 307
f 307 309 310
f 72 291 65
f 65 291 66
f 66 83 67
f 67 83 46
f 312 313 311
f 311 313 314
f 316 317 315
f 315 317 36
f 29 318 35
f 35 318 319
f 321 32 320
f 320 32 322
f 311 314 323
f 323 314 324
f 315 325 316
f 316 325 326
f 318 287 319
f 319 287 290
f 328 321 327
f 327 321 320
f 329 330 39
f 39 330 331
f 332 333 40
f 40 333 322
f 309 334 285
f 285 334 335
f 236 2 134
f 134 2 1
f 260 336 233
f 233 336 337
f 237 14 265
f 265 14 13
f 84 86 44
f 44 86 98
f 189 192 7
f 7 192 193
f 44 98 41
f 41 98 244
f 237 240 14
f 14 240 245
f 7 3 189
f 189 3 5
f 338 71 72
f 72 71 291
f 262 265 266
f 266 265 13
f 124 123 339
f 339 123 105
f 123 109 105
f 105 109 106
f 189 5 190
f 190 5 106
f 111 114 12
f 12 114 9
f 264 340 265
f 265 340 237
f 342 343 341
f 341 343 344
f 6 235 105
f 105 235 339
f 234 346 345
f 345 346 347
f 349 350 348
f 348 350 351
f 107 352 108
f 108 352 353
f 355 356 354
f 354 356 357
f 237 340 238
f 238 340 358
f 12 247 111
f 111 247 359
f 264 263 116
f 116 263 360
f 361 362 222
f 222 362 201
f 364 365 363
f 363 365 366
f 368 369 367
f 367 369 370
f 372 373 371
f 371 373 374
f 375 376 372
f 372 376 377
f 378 379 381
f 381 379 380
f 382 383 269
f 269 383 268
f 150 174 365
f 365 174 384
f 380 377 381
f 381 377 376
f 271 270 180
f 180 270 181
f 273 272 252
f 252 272 184
f 272 271 184
f 184 271 180
f 181 270 274
f 252 255 273
f 273 255 275
f 254 385 255
f 255 385 386
f 387 388 179
f 179 388 183
f 389 387 182
f 182 387 179
f 182 200 389
f 389 200 390
f 388 391 183
f 183 391 253
f 391 392 253
f 253 392 254
f 394 379 393
f 393 379 378
f 185 188 395
f 395 188 396
f 221 185 397
f 397 185 395
f 222 221 398
f 398 221 397
f 188 256 396
f 396 256 399
f 400 401 256
f 256 401 399
f 402 403 405
f 405 403 404
f 148 150 364
f 364 150 365
f 393 406 394
f 394 406 407
f 158 246 393
f 393 246 406
f 342 19 238
f 238 19 239
f 23 22 350
f 350 22 354
f 244 50 245
f 245 50 138
f 55 142 53
f 53 142 139
f 145 144 296
f 296 144 143
f 355 228 341
f 341 228 20
f 41 240 42
f 42 240 239
f 283 308 284
f 284 308 307
f 349 409 408
f 408 409 410
f 244 245 41
f 41 245 240
f 268 383 406
f 406 383 407
f 346 411 349
f 349 411 409
f 251 412 248
f 248 412 413
f 275 414 250
f 250 414 415
f 25 45 26
f 26 45 277
f 43 26 96
f 96 26 277
f 416 417 61
f 61 417 62
f 329 24 408
f 408 24 23
f 31 40 32
f 32 40 322
f 39 38 329
f 329 38 24
f 37 38 30
f 30 38 31
f 418 419 421
f 421 419 420
f 78 295 79
f 79 295 294
f 124 339 422
f 422 339 345
f 232 131 357
f 357 131 351
f 2 236 6
f 6 236 235
f 252 184 253
f 253 184 183
f 227 423 256
f 256 423 400
f 423 227 305
f 305 227 226
f 424 258 425
f 425 258 257
f 426 427 212
f 212 427 257
f 259 133 249
f 249 133 164
f 419 418 428
f 428 418 429
f 327 430 328
f 328 430 288
f 49 431 46
f 46 431 67
f 306 302 424
f 424 302 258
f 313 432 314
f 314 432 433
f 32 321 29
f 29 321 318
f 324 314 433
f 287 318 328
f 328 318 321
f 134 260 236
f 236 260 233
f 345 339 234
f 234 339 235
f 357 351 354
f 354 351 350
f 408 23 349
f 349 23 350
f 317 278 36
f 36 278 45
f 432 313 429
f 429 313 428
f 435 428 434
f 434 428 313
f 42 239 18
f 18 239 19
f 43 42 26
f 26 42 18
f 121 120 436
f 436 120 437
f 302 301 258
f 258 301 213
f 110 109 126
f 126 109 123
f 238 358 342
f 342 358 343
f 341 20 342
f 342 20 19
f 322 438 320
f 320 438 439
f 320 439 327
f 327 439 430
f 333 440 322
f 322 440 438
f 289 288 323
f 323 288 430
f 115 340 116
f 116 340 264
f 146 145 149
f 149 145 296
f 15 140 16
f 16 140 155
f 441 442 152
f 152 442 153
f 225 224 203
f 203 224 206
f 175 297 154
f 154 297 151
f 293 443 294
f 294 443 444
f 248 413 249
f 249 413 445
f 446 447 400
f 400 447 401
f 388 387 396
f 396 387 395
f 387 389 395
f 395 389 397
f 391 388 399
f 399 388 396
f 401 392 399
f 399 392 391
f 255 386 275
f 275 386 414
f 449 450 448
f 448 450 451
f 335 452 285
f 285 452 215
f 453 298 442
f 442 298 153
f 211 223 212
f 212 223 426
f 425 257 454
f 454 257 427
f 266 10 262
f 262 10 9
f 360 113 456
f 456 113 455
f 8 194 137
f 137 194 261
f 10 266 246
f 246 266 267
f 203 202 225
f 225 202 300
f 262 9 263
f 263 9 114
f 108 353 190
f 190 353 191
f 389 390 397
f 397 390 398
f 457 422 128
f 128 422 129
f 156 158 378
f 378 158 393
f 347 346 348
f 348 346 349
f 447 458 401
f 401 458 392
f 364 382 148
f 148 382 269
f 55 54 57
f 57 54 58
f 75 64 459
f 459 64 460
f 100 90 101
f 101 90 95
f 101 58 100
f 100 58 54
f 142 55 144
f 144 55 57
f 147 146 269
f 269 146 148
f 459 93 75
f 75 93 92
f 144 145 142
f 142 145 141
f 228 27 20
f 20 27 17
f 154 299 175
f 175 299 176
f 214 213 224
f 224 213 301
f 424 461 306
f 306 461 303
f 285 286 309
f 309 286 310
f 462 334 308
f 308 334 309
f 302 306 226
f 226 306 305
f 37 28 21
f 21 28 27
f 29 35 30
f 30 35 34
f 30 34 37
f 37 34 28
f 344 436 356
f 356 436 229
f 325 290 326
f 326 290 289
f 311 439 312
f 312 439 438
f 35 319 36
f 36 319 315
f 439 311 430
f 430 311 323
f 315 319 325
f 325 319 290
f 440 463 438
f 438 463 312
f 341 344 355
f 355 344 356
f 360 456 116
f 116 456 117
f 354 22 355
f 355 22 228
f 326 289 324
f 324 289 323
f 74 87 68
f 68 87 69
f 50 53 138
f 138 53 139
f 268 406 267
f 267 406 246
f 190 106 108
f 108 106 109
f 241 455 112
f 112 455 113
f 358 122 343
f 343 122 121
f 129 347 130
f 130 347 348
f 348 351 130
f 130 351 131
f 229 232 356
f 356 232 357
f 340 115 358
f 358 115 122
f 111 359 112
f 112 359 242
f 125 124 457
f 457 124 422
f 231 132 232
f 232 132 131
f 343 121 344
f 344 121 436
f 263 114 360
f 360 114 113
f 347 129 345
f 345 129 422
f 230 229 437
f 437 229 436
f 464 446 423
f 423 446 400
f 465 466 468
f 468 466 467
f 470 471 469
f 469 471 472
f 469 472 373
f 373 472 374
f 474 469 473
f 473 469 373
f 471 475 472
f 472 475 476
f 472 477 374
f 374 477 478
f 477 472 476
f 479 480 476
f 476 480 477
f 473 373 377
f 377 373 372
f 481 482 479
f 479 482 480
f 483 484 481
f 481 484 482
f 403 402 485
f 485 402 486
f 487 488 483
f 483 488 484
f 487 489 488
f 488 489 490
f 489 491 490
f 490 491 492
f 491 493 492
f 492 493 494
f 493 495 494
f 494 495 496
f 497 498 481
f 481 498 483
f 484 499 482
f 482 499 367
f 370 480 367
f 367 480 482
f 480 370 477
f 477 370 478
f 500 497 479
f 479 497 481
f 451 473 380
f 380 473 377
f 448 451 379
f 379 451 380
f 501 502 504
f 504 502 503
f 449 505 507
f 507 505 506
f 486 508 505
f 505 508 506
f 508 509 506
f 506 509 510
f 511 507 510
f 510 507 506
f 509 508 512
f 512 508 513
f 515 509 514
f 514 509 512
f 509 515 510
f 510 515 516
f 510 516 511
f 511 516 517
f 486 505 485
f 485 505 518
f 505 449 518
f 518 449 448
f 383 382 403
f 403 382 404
f 363 404 364
f 364 404 382
f 403 485 383
f 383 485 407
f 519 520 361
f 361 520 362
f 522 496 521
f 521 496 495
f 450 474 451
f 451 474 473
f 363 366 523
f 523 366 524
f 525 499 488
f 488 499 484
f 488 490 525
f 525 490 526
f 496 522 520
f 520 522 527
f 494 496 519
f 519 496 520
f 492 494 528
f 528 494 519
f 529 530 495
f 495 530 521
f 490 492 526
f 526 492 528
f 529 495 531
f 531 495 493
f 533 534 532
f 532 534 535
f 523 524 533
f 533 524 534
f 486 402 532
f 532 402 533
f 529 536 530
f 530 536 537
f 536 538 537
f 537 538 539
f 540 541 539
f 539 541 537
f 530 537 535
f 535 537 541
f 542 539 543
f 543 539 538
f 539 542 540
f 540 542 544
f 541 540 513
f 513 540 512
f 540 544 512
f 512 544 514
f 546 547 545
f 545 547 548
f 549 550 531
f 531 550 551
f 550 549 552
f 552 549 553
f 546 550 554
f 554 550 552
f 547 546 555
f 555 546 554
f 498 556 558
f 558 556 557
f 559 557 560
f 560 557 556
f 561 562 560
f 560 562 559
f 557 559 552
f 552 559 554
f 559 562 554
f 554 562 555
f 558 557 553
f 553 557 552
f 475 471 563
f 563 471 564
f 565 563 567
f 567 563 566
f 471 470 564
f 564 470 466
f 564 466 568
f 568 466 465
f 568 465 569
f 569 465 570
f 572 573 571
f 571 573 574
f 569 575 567
f 567 575 576
f 577 565 576
f 576 565 567
f 578 579 581
f 581 579 580
f 575 561 576
f 576 561 560
f 556 577 560
f 560 577 576
f 577 556 497
f 497 556 498
f 565 577 500
f 500 577 497
f 563 565 475
f 475 565 500
f 553 489 558
f 558 489 487
f 531 493 549
f 549 493 491
f 489 553 491
f 491 553 549
f 394 407 518
f 518 407 485
f 518 448 394
f 394 448 379
f 545 548 538
f 538 548 543
f 551 545 536
f 536 545 538
f 536 529 551
f 551 529 531
f 507 582 449
f 449 582 450
f 511 583 507
f 507 583 582
f 511 517 583
f 583 517 584
f 585 586 588
f 588 586 587
f 590 591 589
f 589 591 592
f 591 590 593
f 593 590 594
f 596 597 595
f 595 597 598
f 599 600 602
f 602 600 601
f 604 605 603
f 603 605 606
f 608 609 607
f 607 609 610
f 612 613 611
f 611 613 614
f 615 616 618
f 618 616 617
f 620 621 619
f 619 621 622
f 624 625 623
f 623 625 626
f 628 629 627
f 627 629 630
f 632 633 631
f 631 633 634
f 635 636 638
f 638 636 637
f 639 640 642
f 642 640 641
f 644 645 643
f 643 645 646
f 619 622 647
f 647 622 648
f 650 651 649
f 649 651 652
f 601 653 602
f 602 653 654
f 656 657 655
f 655 657 658
f 660 661 659
f 659 661 662
f 664 665 663
f 663 665 666
f 593 594 667
f 667 594 668
f 669 670 672
f 672 670 671
f 673 674 676
f 676 674 675
f 633 632 677
f 677 632 678
f 663 666 679
f 679 666 680
f 681 682 684
f 684 682 683
f 686 687 685
f 685 687 688
f 690 661 689
f 689 661 691
f 693 686 692
f 692 686 685
f 695 597 694
f 694 597 668
f 594 696 668
f 668 696 694
f 697 698 696
f 696 698 699
f 700 701 697
f 697 701 698
f 702 585 703
f 703 585 588
f 671 690 672
f 672 690 689
f 640 639 704
f 704 639 705
f 679 706 663
f 663 706 658
f 708 709 707
f 707 709 710
f 711 712 610
f 610 712 607
f 713 714 716
f 716 714 715
f 717 718 720
f 720 718 719
f 722 634 721
f 721 634 633
f 724 725 723
f 723 725 726
f 728 729 727
f 727 729 730
f 732 733 731
f 731 733 734
f 707 710 735
f 735 710 736
f 643 737 644
f 644 737 738
f 740 741 739
f 739 741 742
f 608 744 743
f 743 744 745
f 747 748 746
f 746 748 749
f 751 752 750
f 750 752 753
f 754 755 757
f 757 755 756
f 758 759 761
f 761 759 760
f 763 764 762
f 762 764 765
f 767 768 766
f 766 768 769
f 771 772 770
f 770 772 773
f 775 776 774
f 774 776 777
f 779 780 778
f 778 780 781
f 783 712 782
f 782 712 784
f 785 786 788
f 788 786 787
f 790 628 789
f 789 628 627
f 792 793 791
f 791 793 794
f 795 796 726
f 726 796 723
f 798 799 797
f 797 799 800
f 721 633 801
f 801 633 677
f 797 800 802
f 802 800 803
f 805 806 804
f 804 806 807
f 809 810 808
f 808 810 811
f 813 814 812
f 812 814 815
f 809 808 817
f 817 808 816
f 818 819 804
f 804 819 805
f 820 821 818
f 818 821 819
f 821 820 587
f 587 820 822
f 809 823 810
f 810 823 824
f 814 807 815
f 815 807 806
f 826 426 825
f 825 426 223
f 426 826 427
f 427 826 827
f 828 829 454
f 454 829 830
f 831 832 677
f 677 832 801
f 834 835 833
f 833 835 836
f 838 839 837
f 837 839 840
f 841 842 844
f 844 842 843
f 845 846 803
f 803 846 802
f 847 831 678
f 678 831 677
f 848 849 851
f 851 849 850
f 853 854 852
f 852 854 855
f 857 858 856
f 856 858 680
f 860 861 859
f 859 861 862
f 864 865 863
f 863 865 866
f 868 869 867
f 867 869 870
f 839 871 840
f 840 871 872
f 849 848 874
f 874 848 873
f 876 877 875
f 875 877 878
f 880 881 879
f 879 881 882
f 883 884 886
f 886 884 885
f 846 887 802
f 802 887 888
f 890 891 889
f 889 891 888
f 893 894 892
f 892 894 895
f 896 897 728
f 728 897 729
f 899 900 898
f 898 900 901
f 902 852 904
f 904 852 903
f 849 905 850
f 850 905 906
f 875 878 907
f 907 878 908
f 910 911 909
f 909 911 912
f 914 915 913
f 913 915 916
f 917 918 862
f 862 918 859
f 919 920 856
f 856 920 921
f 923 924 922
f 922 924 925
f 926 927 925
f 925 927 922
f 929 930 928
f 928 930 693
f 932 695 931
f 931 695 694
f 823 867 824
f 824 867 933
f 935 936 934
f 934 936 937
f 938 868 823
f 823 868 867
f 940 847 939
f 939 847 678
f 632 655 678
f 678 655 939
f 941 942 619
f 619 942 620
f 687 943 688
f 688 943 944
f 851 850 945
f 945 850 903
f 850 906 903
f 903 906 904
f 946 947 949
f 949 947 948
f 951 952 950
f 950 952 953
f 955 956 954
f 954 956 957
f 907 958 875
f 875 958 874
f 960 961 959
f 959 961 962
f 963 853 902
f 902 853 852
f 909 964 910
f 910 964 965
f 967 968 966
f 966 968 969
f 971 972 970
f 970 972 973
f 974 960 975
f 975 960 959
f 977 978 976
f 976 978 979
f 981 977 980
f 980 977 976
f 980 982 981
f 981 982 983
f 985 983 984
f 984 983 982
f 984 986 985
f 985 986 987
f 989 990 988
f 988 990 991
f 993 994 992
f 992 994 995
f 997 998 996
f 996 998 999
f 1001 1002 1000
f 1000 1002 1003
f 1005 1006 1004
f 1004 1006 1007
f 1004 1008 1005
f 1005 1008 1009
f 1008 1010 1009
f 1009 1010 1011
f 1013 1011 1012
f 1012 1011 1010
f 1014 1015 1017
f 1017 1015 1016
f 1019 1020 1018
f 1018 1020 1021
f 1022 1023 976
f 976 1023 980
f 1024 1025 982
f 982 1025 984
f 992 995 1026
f 1026 995 1027
f 956 955 1028
f 1028 955 1029
f 1030 1031 1033
f 1033 1031 1032
f 1010 1008 1034
f 1034 1008 1035
f 1008 1004 1035
f 1035 1004 1036
f 1037 1038 1002
f 1002 1038 1007
f 1002 1001 1037
f 1037 1001 1039
f 1040 1041 997
f 997 1041 998
f 1015 1014 1043
f 1043 1014 1042
f 1044 1045 1047
f 1047 1045 1046
f 1044 1020 1048
f 1048 1020 1049
f 1050 1051 1003
f 1003 1051 1000
f 1052 1050 1006
f 1006 1050 1003
f 1053 1054 1011
f 1011 1054 1009
f 1013 1045 1055
f 1055 1045 1056
f 1058 1059 1057
f 1057 1059 1060
f 1062 1063 1061
f 1061 1063 1064
f 1065 1066 1050
f 1050 1066 1051
f 1067 1065 1052
f 1052 1065 1050
f 1068 1069 1054
f 1054 1069 1070
f 1071 1068 1053
f 1053 1068 1054
f 1073 1071 1072
f 1072 1071 1074
f 1074 1071 1055
f 1055 1071 1053
f 1076 1077 1075
f 1075 1077 1078
f 1079 1080 1057
f 1057 1080 1058
f 1081 1082 1064
f 1064 1082 1061
f 1084 1085 1083
f 1083 1085 1086
f 1088 1089 1087
f 1087 1089 1090
f 1092 1093 1091
f 1091 1093 1094
f 1096 1097 1095
f 1095 1097 1098
f 1099 1100 1102
f 1102 1100 1101
f 1103 1104 1099
f 1099 1104 1100
f 1106 1107 1105
f 1105 1107 1108
f 1110 1111 1109
f 1109 1111 1112
f 1114 1115 1113
f 1113 1115 1116
f 1118 1119 1117
f 1117 1119 1077
f 1117 1120 1122
f 1122 1120 1121
f 1105 1123 1106
f 1106 1123 1124
f 1125 1126 1128
f 1128 1126 1127
f 1130 1131 1129
f 1129 1131 1132
f 1134 1135 1133
f 1133 1135 1114
f 1113 1136 1114
f 1114 1136 1133
f 1118 1137 1113
f 1113 1137 1136
f 1118 1117 1137
f 1137 1117 1122
f 1139 1140 1138
f 1138 1140 1141
f 1143 953 1142
f 1142 953 952
f 1145 957 1144
f 1144 957 956
f 1028 1146 956
f 956 1146 1144
f 1014 1147 1042
f 1042 1147 1148
f 1014 1017 1147
f 1147 1017 1149
f 1059 1058 1150
f 1150 1058 1151
f 1153 1080 1152
f 1152 1080 1154
f 1156 1088 1155
f 1155 1088 1087
f 1157 1158 1106
f 1106 1158 1107
f 1106 1124 1157
f 1157 1124 1159
f 1161 1162 1160
f 1160 1162 1163
f 1165 1166 1164
f 1164 1166 1167
f 1168 1031 1012
f 1012 1031 1046
f 1024 1023 1035
f 1035 1023 1034
f 1036 1038 1025
f 1025 1038 1169
f 1170 1171 1039
f 1039 1171 1037
f 1028 1029 1042
f 1042 1029 1043
f 1172 1173 1175
f 1175 1173 1174
f 1055 1053 1013
f 1013 1053 1011
f 1005 1009 1070
f 1070 1009 1054
f 996 999 1062
f 1062 999 1063
f 1016 1060 1017
f 1017 1060 1059
f 1017 1059 1149
f 1149 1059 1150
f 1177 1178 1176
f 1176 1178 1103
f 1176 1072 1179
f 1179 1072 1074
f 1073 1102 1086
f 1086 1102 1083
f 1180 1181 1067
f 1067 1181 1065
f 1182 1183 1184
f 1184 1183 1181
f 1186 1187 1185
f 1185 1187 1188
f 1189 1190 798
f 798 1190 799
f 1192 1193 1191
f 1191 1193 1194
f 1195 1196 1194
f 1194 1196 1191
f 1196 1195 1198
f 1198 1195 1197
f 1200 674 1199
f 1199 674 673
f 928 1201 1203
f 1203 1201 1202
f 861 1204 862
f 862 1204 921
f 1205 1206 913
f 913 1206 1207
f 882 1208 879
f 879 1208 1209
f 1210 1211 1167
f 1167 1211 1164
f 1212 769 1213
f 1213 769 768
f 727 1214 728
f 728 1214 1215
f 1217 1218 1216
f 1216 1218 1219
f 1220 813 1221
f 1221 813 812
f 827 828 427
f 427 828 454
f 1223 1224 1222
f 1222 1224 1165
f 1226 1227 1225
f 1225 1227 1228
f 851 1229 848
f 848 1229 1230
f 834 854 835
f 835 854 1231
f 1233 1234 1232
f 1232 1234 1235
f 1237 751 1236
f 1236 751 750
f 743 819 1238
f 1238 819 821
f 1240 1241 1239
f 1239 1241 1242
f 1244 1245 1243
f 1243 1245 1246
f 844 1247 841
f 841 1247 1248
f 1250 1251 1249
f 1249 1251 1252
f 1254 893 1253
f 1253 893 1237
f 1255 1256 1258
f 1258 1256 1257
f 1260 1261 1259
f 1259 1261 1262
f 945 903 855
f 855 903 852
f 855 1263 945
f 945 1263 1264
f 832 845 801
f 801 845 803
f 800 721 803
f 803 721 801
f 721 800 722
f 722 800 799
f 1266 1267 1265
f 1265 1267 1268
f 1270 795 1269
f 1269 795 726
f 725 1271 726
f 726 1271 1269
f 737 765 738
f 738 765 764
f 759 740 760
f 760 740 739
f 717 1272 1274
f 1274 1272 1273
f 1163 1226 1275
f 1275 1226 1225
f 1277 882 1276
f 1276 882 881
f 1041 1040 1027
f 1027 1040 1026
f 900 935 901
f 901 935 934
f 1164 1278 1165
f 1165 1278 1222
f 1211 1279 1164
f 1164 1279 1278
f 442 1280 453
f 453 1280 1281
f 788 1282 785
f 785 1282 1283
f 1285 1286 1284
f 1284 1286 1287
f 1284 1288 1285
f 1285 1288 1289
f 757 1289 754
f 754 1289 1288
f 605 604 675
f 675 604 676
f 1290 1291 1293
f 1293 1291 1292
f 1295 1296 1294
f 1294 1296 1297
f 696 699 694
f 694 699 931
f 1298 1299 592
f 592 1299 589
f 1299 1300 589
f 589 1300 700
f 1300 1301 700
f 700 1301 701
f 743 745 819
f 819 745 805
f 1303 1304 1302
f 1302 1304 1305
f 1306 1307 1305
f 1305 1307 1302
f 609 1298 610
f 610 1298 592
f 587 822 588
f 588 822 1308
f 703 588 1309
f 1309 588 1308
f 1310 703 571
f 571 703 1309
f 1311 1312 789
f 789 1312 790
f 825 223 1313
f 1313 223 220
f 219 1314 220
f 220 1314 1313
f 1315 1316 1311
f 1311 1316 1312
f 1317 1318 1319
f 1319 1318 1241
f 441 1320 442
f 442 1320 1280
f 1321 217 572
f 572 217 216
f 1323 1230 1322
f 1322 1230 1229
f 1324 1325 631
f 631 1325 656
f 1034 1168 1010
f 1010 1168 1012
f 1327 1328 1326
f 1326 1328 1329
f 1331 1202 1330
f 1330 1202 1201
f 571 1309 572
f 572 1309 1321
f 573 572 1332
f 1332 572 216
f 1334 1335 1333
f 1333 1335 1336
f 1337 1338 918
f 918 1338 859
f 1339 863 1340
f 1340 863 866
f 1341 1342 1344
f 1344 1342 1343
f 1345 1346 919
f 919 1346 920
f 1347 1348 673
f 673 1348 1199
f 693 1349 928
f 928 1349 1201
f 1351 1257 1350
f 1350 1257 1256
f 1350 1352 1351
f 1351 1352 1353
f 653 930 654
f 654 930 662
f 1279 1354 1278
f 1278 1354 1355
f 1357 1358 1356
f 1356 1358 1359
f 937 1360 1140
f 1140 1360 1361
f 1225 1228 909
f 909 1228 964
f 901 934 1362
f 1362 934 1139
f 1364 1365 1363
f 1363 1365 1362
f 1367 912 1366
f 1366 912 911
f 1143 1142 1368
f 1368 1142 1369
f 1144 1186 1145
f 1145 1186 1185
f 1146 1175 1144
f 1144 1175 1186
f 1175 1146 1172
f 1172 1146 1148
f 1147 1018 1148
f 1148 1018 1172
f 1018 1147 1019
f 1019 1147 1149
f 1149 1150 1019
f 1019 1150 1370
f 1150 1151 1370
f 1370 1151 1371
f 1151 1153 1371
f 1371 1153 1177
f 1152 1156 1178
f 1178 1156 1372
f 1155 1158 1373
f 1373 1158 1374
f 1157 1159 1376
f 1376 1159 1375
f 1378 1379 1377
f 1377 1379 1380
f 1382 1383 1381
f 1381 1383 1384
f 1382 1386 1385
f 1385 1386 1387
f 1386 1233 1387
f 1387 1233 1232
f 1389 1390 1388
f 1388 1390 1391
f 1393 1394 1392
f 1392 1394 1395
f 1397 1398 1396
f 1396 1398 1399
f 629 1397 630
f 630 1397 1396
f 1342 1400 1343
f 1343 1400 1401
f 1403 1404 1402
f 1402 1404 1405
f 1407 1408 1406
f 1406 1408 1409
f 1411 1412 1410
f 1410 1412 1413
f 793 1414 794
f 794 1414 1415
f 1417 1341 1416
f 1416 1341 1344
f 704 705 1347
f 1347 705 1418
f 741 1419 742
f 742 1419 1420
f 1422 669 1421
f 1421 669 672
f 645 1423 646
f 646 1423 1424
f 1196 1198 614
f 614 1198 611
f 613 1425 614
f 614 1425 1426
f 1427 616 659
f 659 616 660
f 614 1426 1196
f 1196 1426 1191
f 696 594 697
f 697 594 590
f 697 590 700
f 700 590 589
f 703 1310 702
f 702 1310 1428
f 1421 672 1192
f 1192 672 689
f 1271 648 1269
f 1269 648 622
f 621 1270 622
f 622 1270 1269
f 1429 1430 1417
f 1417 1430 1341
f 1431 1432 1434
f 1434 1432 1433
f 1436 1437 1435
f 1435 1437 1438
f 1440 1441 1439
f 1439 1441 1442
f 1443 1444 1446
f 1446 1444 1445
f 823 809 938
f 938 809 817
f 810 1447 811
f 811 1447 1448
f 1449 1450 679
f 679 1450 706
f 913 916 1205
f 1205 916 1451
f 1275 1225 912
f 912 1225 909
f 1452 1453 880
f 880 1453 881
f 1444 1401 1445
f 1445 1401 1400
f 936 1454 937
f 937 1454 1360
f 824 1455 810
f 810 1455 1447
f 631 656 632
f 632 656 655
f 966 1456 967
f 967 1456 1457
f 1459 1460 1458
f 1458 1460 1461
f 1460 1462 1461
f 1461 1462 1463
f 972 974 973
f 973 974 975
f 990 995 991
f 991 995 994
f 1464 1187 1033
f 1033 1187 1174
f 1018 1021 1172
f 1172 1021 1173
f 1000 999 1001
f 1001 999 998
f 976 979 1022
f 1022 979 1032
f 1023 1024 980
f 980 1024 982
f 989 986 1171
f 1171 986 1169
f 1171 1170 989
f 989 1170 990
f 1170 1027 990
f 990 1027 995
f 1041 1039 998
f 998 1039 1001
f 1051 1063 1000
f 1000 1063 999
f 1066 1064 1051
f 1051 1064 1063
f 1183 1081 1066
f 1066 1081 1064
f 1178 1372 1103
f 1103 1372 1104
f 1092 1091 1465
f 1465 1091 1182
f 1467 1465 1466
f 1466 1465 1468
f 1469 1470 1184
f 1184 1470 1468
f 1095 1098 1471
f 1471 1098 1101
f 1076 1374 1120
f 1120 1374 1376
f 1110 1472 1127
f 1127 1472 1132
f 1472 1473 1132
f 1132 1473 1129
f 1474 1475 1466
f 1466 1475 1473
f 1119 1118 1116
f 1116 1118 1113
f 1375 1121 1376
f 1376 1121 1120
f 1127 1132 1128
f 1128 1132 1131
f 1227 1476 1228
f 1228 1476 1361
f 1365 1477 1362
f 1362 1477 872
f 1478 1479 1323
f 1323 1479 1230
f 1480 1481 914
f 914 1481 915
f 913 1277 914
f 914 1277 1276
f 1168 1034 1022
f 1022 1034 1023
f 1035 1036 1024
f 1024 1036 1025
f 1039 1041 1170
f 1170 1041 1027
f 1042 1148 1028
f 1028 1148 1146
f 968 1459 969
f 969 1459 1458
f 1482 1483 664
f 664 1483 665
f 1485 1486 1484
f 1484 1486 1487
f 1489 1490 1488
f 1488 1490 1491
f 1492 1493 722
f 722 1493 634
f 1495 1496 1494
f 1494 1496 1497
f 1498 1207 1339
f 1339 1207 863
f 1224 1499 1165
f 1165 1499 1166
f 1160 1163 1500
f 1500 1163 1275
f 1500 877 1160
f 1160 877 1501
f 876 873 1502
f 1502 873 1479
f 945 1264 851
f 851 1264 1229
f 835 1231 839
f 839 1231 871
f 1503 1283 778
f 778 1283 1282
f 716 715 1505
f 1505 715 1504
f 1446 1445 1507
f 1507 1445 1506
f 779 792 1381
f 1381 792 791
f 1430 1409 1341
f 1341 1409 1342
f 1411 1429 1508
f 1508 1429 1417
f 635 1510 1509
f 1509 1510 1511
f 1377 1380 1315
f 1315 1380 1316
f 1445 1400 1506
f 1506 1400 1408
f 918 917 1336
f 1336 917 1333
f 1513 1514 1512
f 1512 1514 870
f 1515 1516 1363
f 1363 1516 1364
f 1453 1517 881
f 881 1517 1276
f 992 1518 993
f 993 1518 1519
f 1520 1029 1518
f 1518 1029 955
f 1520 1026 1521
f 1521 1026 1040
f 1522 1015 1521
f 1521 1015 1043
f 996 1523 997
f 997 1523 1522
f 1060 1016 1524
f 1524 1016 1523
f 1061 1525 1062
f 1062 1525 1524
f 1079 1527 1526
f 1526 1527 1528
f 1093 1529 1094
f 1094 1529 1528
f 1111 1530 1112
f 1112 1530 1531
f 1532 1533 1105
f 1105 1533 1123
f 934 937 1139
f 1139 937 1140
f 1138 1363 1139
f 1139 1363 1362
f 1534 1222 1355
f 1355 1222 1278
f 1535 1223 1534
f 1534 1223 1222
f 821 587 1238
f 1238 587 586
f 1319 711 1317
f 1317 711 1536
f 1538 1200 1537
f 1537 1200 1199
f 1508 1417 1539
f 1539 1417 1416
f 1540 1541 840
f 840 1541 837
f 1231 898 871
f 871 898 901
f 1500 1275 1367
f 1367 1275 912
f 1543 1379 1542
f 1542 1379 1395
f 1539 772 1508
f 1508 772 1544
f 1546 1403 1545
f 1545 1403 1402
f 1548 1549 1547
f 1547 1549 1550
f 1552 1548 1551
f 1551 1548 1547
f 1554 1555 1553
f 1553 1555 1556
f 1558 1559 1557
f 1557 1559 1560
f 1562 1563 1561
f 1561 1563 1564
f 1566 1567 1565
f 1565 1567 1568
f 1570 1571 1569
f 1569 1571 1572
f 1574 1575 1573
f 1573 1575 1576
f 1577 1578 1572
f 1572 1578 1569
f 1580 1581 1579
f 1579 1581 1582
f 1584 1585 1583
f 1583 1585 1586
f 1588 1555 1587
f 1587 1555 1589
f 1591 1592 1590
f 1590 1592 1593
f 1595 1596 1594
f 1594 1596 1597
f 1596 1581 1597
f 1597 1581 1576
f 1599 1570 1598
f 1598 1570 1569
f 1601 1602 1600
f 1600 1602 1603
f 1605 1606 1604
f 1604 1606 1607
f 1608 1609 1568
f 1568 1609 1565
f 1611 1612 1610
f 1610 1612 1613
f 1615 1616 1614
f 1614 1616 1617
f 1619 1617 1618
f 1618 1617 1616
f 1621 1622 1620
f 1620 1622 1623
f 1625 1626 1624
f 1624 1626 1627
f 1629 1630 1628
f 1628 1630 1631
f 1633 1634 1632
f 1632 1634 1635
f 1636 1637 1639
f 1639 1637 1638
f 1641 1642 1640
f 1640 1642 1643
f 1624 1627 1644
f 1644 1627 1645
f 1647 1648 1646
f 1646 1648 1649
f 1651 1652 1650
f 1650 1652 1653
f 1655 1656 1654
f 1654 1656 1657
f 1659 1660 1658
f 1658 1660 1661
f 1662 1663 1631
f 1631 1663 1628
f 1651 1665 1664
f 1664 1665 1666
f 1667 1656 1619
f 1619 1656 1617
f 1669 1670 1668
f 1668 1670 1671
f 1632 1635 1672
f 1672 1635 1673
f 1674 1675 1638
f 1638 1675 1639
f 1677 1678 1676
f 1676 1678 1679
f 1680 1640 1681
f 1681 1640 1643
f 1682 1683 1643
f 1643 1683 1681
f 1670 1669 1235
f 1235 1669 1232
f 1396 1399 1674
f 1674 1399 1675
f 627 630 1679
f 1679 630 1676
f 1681 1315 1680
f 1680 1315 1311
f 1683 1377 1681
f 1681 1377 1315
f 1672 1673 1387
f 1387 1673 1385
f 1636 1684 1646
f 1646 1684 1685
f 1687 1688 1686
f 1686 1688 1689
f 1585 1690 1586
f 1586 1690 1691
f 1599 1692 1551
f 1551 1692 1693
f 1552 1558 1694
f 1694 1558 1557
f 1696 1615 1695
f 1695 1615 1614
f 1698 1699 1697
f 1697 1699 1623
f 1700 1701 1703
f 1703 1701 1702
f 1705 1706 1704
f 1704 1706 1707
f 1708 1709 1640
f 1640 1709 1641
f 1710 1711 1713
f 1713 1711 1712
f 1652 1655 1653
f 1653 1655 1654
f 1714 1699 1712
f 1712 1699 1713
f 1715 1710 1716
f 1716 1710 1713
f 1717 1708 1680
f 1680 1708 1640
f 1393 1392 1715
f 1715 1392 1710
f 1719 1720 1718
f 1718 1720 1721
f 1680 1311 1717
f 1717 1311 789
f 1378 1711 1392
f 1392 1711 1710
f 1388 1391 1719
f 1719 1391 1720
f 1723 1606 1722
f 1722 1606 1689
f 1725 1568 1724
f 1724 1568 1567
f 1726 1647 1685
f 1685 1647 1646
f 1728 1554 1727
f 1727 1554 1553
f 1591 1687 1600
f 1600 1687 1686
f 1730 1595 1729
f 1729 1595 1594
f 1601 1605 1731
f 1731 1605 1604
f 1733 1663 1732
f 1732 1663 1734
f 1736 1639 1735
f 1735 1639 1675
f 1658 1644 1737
f 1737 1644 1645
f 1726 1662 1724
f 1724 1662 1631
f 1399 1738 1675
f 1675 1738 1735
f 1621 1667 1739
f 1739 1667 1619
f 1714 1740 1620
f 1620 1740 1741
f 1592 1549 1593
f 1593 1549 1742
f 1602 1571 1603
f 1603 1571 1550
f 1688 1690 1689
f 1689 1690 1722
f 1588 1559 1582
f 1582 1559 1579
f 1673 1735 1385
f 1385 1735 1738
f 1387 1232 1672
f 1672 1232 1669
f 1580 1692 1573
f 1573 1692 1743
f 1377 1683 1378
f 1378 1683 1711
f 1664 1666 1744
f 1744 1666 1745
f 1744 1696 1664
f 1664 1696 1695
f 1746 1747 1732
f 1732 1747 1748
f 1749 1750 1677
f 1677 1750 1678
f 1709 1708 1750
f 1750 1708 1678
f 1668 1632 1669
f 1669 1632 1672
f 1633 1746 1734
f 1734 1746 1732
f 1679 1678 1717
f 1717 1678 1708
f 789 627 1717
f 1717 627 1679
f 1563 1723 1564
f 1564 1723 1722
f 1728 1584 1751
f 1751 1584 1583
f 1674 1676 1396
f 1396 1676 630
f 1666 1566 1745
f 1745 1566 1565
f 1627 1629 1645
f 1645 1629 1628
f 1637 1749 1638
f 1638 1749 1677
f 1648 1665 1649
f 1649 1665 1752
f 1740 1642 1741
f 1741 1642 1657
f 1676 1674 1677
f 1677 1674 1638
f 1683 1682 1711
f 1711 1682 1712
f 1618 1753 1619
f 1619 1753 1739
f 1701 1739 1702
f 1702 1739 1753
f 1754 1214 1756
f 1756 1214 1755
f 647 1757 619
f 619 1757 941
f 1759 1193 1758
f 1758 1193 691
f 1419 1760 1420
f 1420 1760 1761
f 682 1762 683
f 683 1762 1763
f 1412 780 1413
f 1413 780 1384
f 1383 1398 1384
f 1384 1398 1413
f 1197 1424 1764
f 1764 1424 1423
f 1537 1287 1538
f 1538 1287 1286
f 1634 1684 1635
f 1635 1684 1736
f 1724 1631 1725
f 1725 1631 1630
f 1562 1730 1610
f 1610 1730 1729
f 1735 1673 1736
f 1736 1673 1635
f 1757 1195 941
f 941 1195 1194
f 1766 200 1765
f 1765 200 199
f 475 500 476
f 476 500 479
f 498 558 483
f 483 558 487
f 545 551 546
f 546 551 550
f 453 1281 219
f 219 1281 1314
f 298 453 208
f 208 453 219
f 368 1765 1767
f 1767 1765 199
f 523 405 363
f 363 405 404
f 523 533 405
f 405 533 402
f 298 208 299
f 299 208 207
f 299 207 176
f 176 207 300
f 176 300 173
f 173 300 202
f 173 202 174
f 174 202 201
f 1337 918 1768
f 1768 918 1336
f 1769 1770 1338
f 1338 1770 859
f 581 570 578
f 578 570 1771
f 555 562 580
f 580 562 561
f 504 1772 501
f 501 1772 548
f 517 542 584
f 584 542 543
f 515 514 516
f 516 514 544
f 542 517 544
f 544 517 516
f 561 575 580
f 580 575 581
f 575 569 581
f 581 569 570
f 501 548 1773
f 1773 548 547
f 1774 1775 570
f 570 1775 1771
f 369 368 1776
f 1776 368 1767
f 372 369 375
f 375 369 1776
f 822 1280 1308
f 1308 1280 1320
f 820 1281 822
f 822 1281 1280
f 818 1314 820
f 820 1314 1281
f 1314 818 1313
f 1313 818 804
f 807 814 825
f 825 814 826
f 814 813 826
f 826 813 827
f 813 1220 827
f 827 1220 828
f 580 579 555
f 555 579 547
f 1477 1540 872
f 872 1540 840
f 367 499 368
f 368 499 1765
f 1766 1765 525
f 525 1765 499
f 1777 1766 526
f 526 1766 525
f 520 527 362
f 362 527 384
f 361 1778 519
f 519 1778 528
f 371 1779 372
f 372 1779 369
f 369 1779 370
f 370 1779 478
f 1779 371 478
f 478 371 374
f 1778 1777 528
f 528 1777 526
f 1781 1782 1780
f 1780 1782 1783
f 431 460 67
f 67 460 64
f 68 338 74
f 74 338 72
f 1785 1782 1784
f 1784 1782 1786
f 1787 1788 1790
f 1790 1788 1789
f 1792 1789 1791
f 1791 1789 1793
f 1791 1794 1792
f 1792 1794 1795
f 1794 1796 1795
f 1795 1796 1797
f 1797 1798 938
f 938 1798 868
f 1798 1799 868
f 868 1799 869
f 1801 1802 1800
f 1800 1802 1451
f 1803 1804 1205
f 1205 1804 1206
f 1805 1806 864
f 864 1806 865
f 1806 1807 865
f 865 1807 1808
f 68 71 338
f 287 328 288
f 1320 1321 1308
f 1308 1321 1309
f 1320 441 1321
f 1321 441 217
f 441 152 217
f 217 152 218
f 151 286 152
f 152 286 218
f 297 310 151
f 151 310 286
f 296 307 297
f 297 307 310
f 296 143 307
f 307 143 284
f 143 56 284
f 284 56 104
f 56 59 104
f 104 59 63
f 59 102 63
f 63 102 60
f 102 94 60
f 60 94 282
f 93 459 279
f 279 459 77
f 459 460 77
f 77 460 78
f 460 431 78
f 78 431 295
f 431 49 295
f 295 49 292
f 48 421 49
f 49 421 292
f 276 278 418
f 418 278 429
f 317 432 278
f 278 432 429
f 432 317 433
f 433 317 316
f 326 324 316
f 316 324 433
f 1536 592 1809
f 1809 592 591
f 1810 744 1812
f 1812 744 1811
f 1814 1815 1813
f 1813 1815 1816
f 1817 748 1818
f 1818 748 747
f 1812 1819 1810
f 1810 1819 1817
f 1820 1821 748
f 748 1821 749
f 1823 1824 1822
f 1822 1824 1825
f 1827 1828 1826
f 1826 1828 1829
f 1831 1832 1830
f 1830 1832 1833
f 1834 1827 1243
f 1243 1827 1826
f 1313 804 825
f 825 804 807
f 1835 1253 1236
f 1236 1253 1237
f 1836 1837 1438
f 1438 1837 1435
f 1838 1505 1840
f 1840 1505 1839
f 1841 1842 716
f 716 1842 713
f 1843 1844 1510
f 1510 1844 1845
f 1847 1848 1846
f 1846 1848 1849
f 1850 1240 1822
f 1822 1240 1239
f 636 1831 637
f 637 1831 1830
f 1852 1853 1851
f 1851 1853 1854
f 1855 1856 1858
f 1858 1856 1857
f 1846 1849 1859
f 1859 1849 1860
f 1343 1401 1509
f 1509 1401 1861
f 1509 1861 635
f 635 1861 636
f 1863 1864 1862
f 1862 1864 1865
f 1283 1503 1867
f 1867 1503 1866
f 1868 1867 681
f 681 1867 682
f 1286 1285 683
f 683 1285 684
f 757 756 1274
f 1274 756 1869
f 1274 1869 717
f 717 1869 718
f 1434 1433 719
f 719 1433 720
f 1200 1538 1545
f 1545 1538 1763
f 1285 1289 684
f 684 1289 1273
f 684 1273 681
f 681 1273 1272
f 785 1283 1868
f 1868 1283 1867
f 786 785 1870
f 1870 785 1868
f 1289 757 1273
f 1273 757 1274
f 1539 1416 1871
f 1871 1416 1872
f 773 1871 1403
f 1403 1871 1404
f 675 674 1405
f 1405 674 1402
f 1864 1873 1865
f 1865 1873 1874
f 638 1843 635
f 635 1843 1510
f 1344 1343 1511
f 1511 1343 1509
f 772 1539 773
f 773 1539 1871
f 674 1200 1402
f 1402 1200 1545
f 1538 1286 1763
f 1763 1286 683
f 1444 1443 1875
f 1875 1443 1876
f 1875 1876 1831
f 1831 1876 1832
f 1416 1344 1872
f 1872 1344 1511
f 1877 1878 774
f 774 1878 1879
f 1878 1847 1879
f 1879 1847 1846
f 1880 714 1881
f 1881 714 1848
f 1401 1444 1861
f 1861 1444 1875
f 1861 1875 636
f 636 1875 1831
f 1823 1863 1882
f 1882 1863 1862
f 1441 1440 1884
f 1884 1440 1883
f 1883 1852 1884
f 1884 1852 1851
f 1886 1887 1885
f 1885 1887 1888
f 1358 1889 1359
f 1359 1889 1890
f 1891 1886 1892
f 1892 1886 1885
f 774 1879 775
f 775 1879 1893
f 1859 1893 1846
f 1846 1893 1879
f 713 1842 1849
f 1849 1842 1860
f 1318 1895 1894
f 1894 1895 1896
f 1873 1897 1874
f 1874 1897 1898
f 1898 605 1899
f 1899 605 675
f 1405 1844 675
f 675 1844 1899
f 1404 1845 1405
f 1405 1845 1844
f 593 1296 591
f 591 1296 1809
f 1295 1292 1900
f 1900 1292 1895
f 606 1897 1291
f 1291 1897 1896
f 1510 1845 1511
f 1511 1845 1872
f 1871 1872 1404
f 1404 1872 1845
f 1866 770 1762
f 1762 770 1546
f 1762 682 1866
f 1866 682 1867
f 1870 1868 1272
f 1272 1868 681
f 1272 717 1870
f 1870 717 720
f 1870 720 786
f 786 720 1433
f 786 1433 787
f 787 1433 1432
f 1261 1414 1432
f 1432 1414 787
f 1389 1234 1260
f 1260 1234 1415
f 1719 1670 1388
f 1388 1670 1235
f 1718 1671 1719
f 1719 1671 1670
f 1705 1747 1718
f 1718 1747 1671
f 1659 1901 1704
f 1704 1901 1748
f 1877 1903 1902
f 1902 1903 1904
f 1259 1905 1390
f 1390 1905 1394
f 1715 1720 1393
f 1393 1720 1391
f 1716 1721 1715
f 1715 1721 1720
f 1698 1706 1716
f 1716 1706 1721
f 277 276 47
f 47 276 48
f 84 96 81
f 81 96 82
f 80 70 81
f 81 70 85
f 99 97 88
f 88 97 89
f 90 100 88
f 88 100 99
f 101 95 102
f 102 95 94
f 1906 1907 280
f 280 1907 281
f 97 86 89
f 89 86 85
f 60 282 61
f 61 282 281
f 83 82 46
f 46 82 47
f 293 292 420
f 420 292 421
f 419 1908 420
f 420 1908 1909
f 92 95 91
f 91 95 90
f 279 282 93
f 93 282 94
f 276 418 48
f 48 418 421
f 1910 1660 1697
f 1697 1660 1707
f 1703 1624 1700
f 1700 1624 1644
f 1622 1910 1623
f 1623 1910 1697
f 1701 1700 1911
f 1911 1700 1661
f 1700 1644 1661
f 1661 1644 1658
f 1901 1737 1733
f 1733 1737 1645
f 1625 1912 1604
f 1604 1912 1731
f 1912 1913 1731
f 1731 1913 1914
f 1913 1577 1914
f 1914 1577 1572
f 1915 1578 1616
f 1616 1578 1618
f 1915 1916 1598
f 1598 1916 1743
f 1916 1574 1743
f 1743 1574 1573
f 1575 1917 1576
f 1576 1917 1597
f 1917 1609 1597
f 1597 1609 1594
f 1608 1611 1729
f 1729 1611 1610
f 1918 1612 1629
f 1629 1612 1630
f 1626 1918 1627
f 1627 1918 1629
f 1920 1921 1919
f 1919 1921 1922
f 1920 1924 1923
f 1923 1924 1925
f 1926 1927 1924
f 1924 1927 1925
f 1929 1930 1928
f 1928 1930 1931
f 1932 1933 1935
f 1935 1933 1934
f 1937 1938 1936
f 1936 1938 1939
f 1941 1942 1940
f 1940 1942 1943
f 1941 1945 1944
f 1944 1945 1946
f 1947 1948 1694
f 1694 1948 1949
f 1950 1951 1953
f 1953 1951 1952
f 1955 1956 1954
f 1954 1956 1589
f 1958 1956 1957
f 1957 1956 1932
f 1960 1934 1959
f 1959 1934 1933
f 1962 1963 1961
f 1961 1963 1964
f 1965 1955 1751
f 1751 1955 1954
f 1935 1930 1932
f 1932 1930 1957
f 1951 1950 1926
f 1926 1950 1929
f 1966 1967 1593
f 1593 1967 1590
f 1969 1967 1968
f 1968 1967 1964
f 1962 1921 1970
f 1970 1921 1971
f 1963 1945 1964
f 1964 1945 1968
f 1972 1948 1922
f 1922 1948 1919
f 1966 1972 1961
f 1961 1972 1922
f 1958 1953 1587
f 1587 1953 1560
f 1974 1975 1973
f 1973 1975 1976
f 1978 1979 1977
f 1977 1979 1691
f 1979 1975 1691
f 1691 1975 1586
f 1938 1942 1939
f 1939 1942 1980
f 1952 1947 1557
f 1557 1947 1694
f 1969 1978 1981
f 1981 1978 1977
f 1983 1984 1982
f 1982 1984 1985
f 1986 1987 1989
f 1989 1987 1988
f 1990 1991 1983
f 1983 1991 1984
f 1990 1993 1992
f 1992 1993 1994
f 1995 1996 1994
f 1994 1996 1997
f 1999 2000 1998
f 1998 2000 2001
f 2003 2004 2002
f 2002 2004 2005
f 2007 2008 2006
f 2006 2008 2009
f 2011 2012 2010
f 2010 2012 2013
f 2014 2015 2017
f 2017 2015 2016
f 2018 2019 2021
f 2021 2019 2020
f 2022 1989 2024
f 2024 1989 2023
f 1989 1988 2023
f 2023 1988 2025
f 2026 2027 2017
f 2017 2027 2014
f 2029 2030 2028
f 2028 2030 2031
f 2033 2034 2032
f 2032 2034 2035
f 2032 2035 2036
f 2036 2035 2037
f 2039 2040 2038
f 2038 2040 2041
f 1982 2042 1983
f 1983 2042 2043
f 2045 2046 2044
f 2044 2046 2047
f 2049 2050 2048
f 2048 2050 2051
f 2053 2054 2052
f 2052 2054 2055
f 2057 2058 2056
f 2056 2058 2059
f 2060 2061 2033
f 2033 2061 2034
f 2063 2064 2062
f 2062 2064 2065
f 2066 2035 2067
f 2067 2035 2034
f 2069 2039 2068
f 2068 2039 2038
f 2025 2070 2023
f 2023 2070 2071
f 2072 2024 2071
f 2071 2024 2023
f 2074 2020 2073
f 2073 2020 2019
f 2050 2049 2047
f 2047 2049 2075
f 1983 2043 1990
f 1990 2043 1993
f 2006 2050 2007
f 2007 2050 2076
f 2050 2006 2051
f 2051 2006 2077
f 2079 2080 2078
f 2078 2080 2081
f 2082 2083 2085
f 2085 2083 2084
f 2010 2013 2086
f 2086 2013 2087
f 2089 2033 2088
f 2088 2033 2032
f 2090 2060 2089
f 2089 2060 2033
f 2092 2093 2091
f 2091 2093 2094
f 2096 1986 2095
f 2095 1986 2097
f 2097 1986 2022
f 2022 1986 1989
f 2015 2094 2016
f 2016 2094 2098
f 2016 2098 2100
f 2100 2098 2099
f 2017 2016 2101
f 2101 2016 2100
f 2017 2101 2026
f 2026 2101 2102
f 2100 2099 2104
f 2104 2099 2103
f 2104 2105 2100
f 2100 2105 2101
f 2105 2106 2101
f 2101 2106 2102
f 2108 2061 2107
f 2107 2061 2109
f 2111 2112 2110
f 2110 2112 2020
f 2020 2074 2110
f 2110 2074 2113
f 2115 2116 2114
f 2114 2116 2117
f 2118 2119 1995
f 1995 2119 2120
f 2121 2122 2027
f 2027 2122 2014
f 2047 2075 2044
f 2044 2075 2123
f 2124 2125 2127
f 2127 2125 2126
f 2129 2130 2128
f 2128 2130 2131
f 2132 2133 2057
f 2057 2133 2058
f 2134 1999 2136
f 2136 1999 2135
f 2055 2138 2137
f 2137 2138 2139
f 2141 2142 2140
f 2140 2142 2143
f 2083 2082 2064
f 2064 2082 2065
f 2082 2144 2065
f 2065 2144 2145
f 2040 2146 2041
f 2041 2146 2147
f 2060 2090 2148
f 2148 2090 2149
f 2048 2051 2137
f 2137 2051 2150
f 2151 1997 2135
f 2135 1997 1996
f 2152 2150 2077
f 2077 2150 2051
f 2046 2045 2118
f 2118 2045 2119
f 2154 2155 2153
f 2153 2155 2156
f 2158 2159 2157
f 2157 2159 2160
f 2162 2163 2161
f 2161 2163 2164
f 2164 2163 2165
f 2165 2163 2166
f 2168 2169 2167
f 2167 2169 2170
f 2003 2172 2171
f 2171 2172 2173
f 2174 2175 2002
f 2002 2175 2176
f 2145 2177 2065
f 2065 2177 2062
f 2178 2179 2180
f 2180 2179 2134
f 2181 2052 2152
f 2152 2052 2150
f 2040 2127 2146
f 2146 2127 2182
f 2130 2162 2131
f 2131 2162 2161
f 2052 2055 2150
f 2150 2055 2137
f 2184 2185 2183
f 2183 2185 2186
f 2159 2030 2160
f 2160 2030 2187
f 2146 2182 2029
f 2029 2182 2188
f 2189 2190 2192
f 2192 2190 2191
f 2172 2003 2176
f 2176 2003 2002
f 1998 2151 1999
f 1999 2151 2135
f 2177 2172 2062
f 2062 2172 2176
f 2172 2177 2173
f 2173 2177 2193
f 2063 2194 2064
f 2064 2194 2195
f 2066 2197 2196
f 2196 2197 2198
f 2002 2005 2174
f 2174 2005 2199
f 2004 2003 2200
f 2200 2003 2171
f 2198 2201 2171
f 2171 2201 2200
f 2197 2202 2198
f 2198 2202 2201
f 2202 2197 2203
f 2203 2197 2204
f 2196 2198 2173
f 2173 2198 2171
f 2205 2069 2170
f 2170 2069 2206
f 2197 2066 2204
f 2204 2066 2067
f 2107 2207 2108
f 2108 2207 2208
f 2210 2208 2209
f 2209 2208 2207
f 2185 2211 2212
f 2213 2214 2211
f 2211 2214 2212
f 1998 2001 2213
f 2213 2001 2214
f 2134 2215 1999
f 1999 2215 2000
f 2216 2217 2219
f 2219 2217 2218
f 2206 2220 2170
f 2170 2220 2167
f 2069 2068 2206
f 2206 2068 2221
f 2151 1998 2222
f 2222 1998 2213
f 2124 2039 2205
f 2205 2039 2069
f 2142 2223 2143
f 2143 2223 2128
f 2203 2186 2202
f 2202 2186 2185
f 2185 2184 2211
f 2211 2184 2224
f 2224 2225 2222
f 2222 2225 2226
f 2071 2227 2072
f 2072 2227 2228
f 2229 2074 2230
f 2230 2074 2073
f 2074 2229 2113
f 2113 2229 2231
f 2232 2225 2227
f 2227 2225 2224
f 2233 2234 2031
f 2031 2234 2028
f 2236 2231 2235
f 2235 2231 2229
f 2230 2183 2229
f 2229 2183 2235
f 2237 1987 2096
f 2096 1987 1986
f 2152 2238 2181
f 2181 2238 2239
f 2080 2240 2081
f 2081 2240 2241
f 2236 2242 1971
f 1971 2242 1970
f 1925 2113 1923
f 1923 2113 2231
f 2110 1927 2111
f 2111 1927 1928
f 2103 2111 1931
f 1931 2111 1928
f 1931 2243 2103
f 2103 2243 2104
f 2105 2104 2244
f 2244 2104 2243
f 1939 1980 2148
f 2148 1980 2109
f 1980 1944 2109
f 2109 1944 2107
f 1946 2245 2207
f 2207 2245 2209
f 2245 1970 2209
f 2209 1970 2242
f 2231 2236 1923
f 1923 2236 1971
f 2113 1925 2110
f 2110 1925 1927
f 2234 2246 2028
f 2028 2246 2147
f 2247 2248 2058
f 2058 2248 2059
f 2114 2117 2249
f 2249 2117 2250
f 2252 2253 2251
f 2251 2253 2254
f 2094 2015 2091
f 2091 2015 2255
f 2256 2255 2014
f 2014 2255 2015
f 2257 2145 2258
f 2258 2145 2144
f 2131 2161 2123
f 2123 2161 2044
f 2045 2044 2164
f 2164 2044 2161
f 2045 2164 2119
f 2119 2164 2165
f 2259 2120 2165
f 2165 2120 2119
f 2260 2261 2259
f 2259 2261 2120
f 2205 2262 2124
f 2124 2262 2125
f 2180 2263 2178
f 2178 2263 2264
f 2265 2266 2092
f 2092 2266 2093
f 1992 2267 2268
f 2184 2228 2224
f 2224 2228 2227
f 2048 2269 2049
f 2049 2269 2141
f 2129 2168 2157
f 2157 2168 2167
f 2049 2141 2075
f 2075 2141 2140
f 2199 2215 2270
f 2270 2215 2271
f 2142 2141 2272
f 2272 2141 2269
f 2089 2026 2090
f 2090 2026 2102
f 2146 2029 2147
f 2147 2029 2028
f 2111 2103 2112
f 2112 2103 2099
f 2061 2060 2109
f 2109 2060 2148
f 2273 2274 2041
f 2041 2274 2038
f 2260 2275 2261
f 2261 2275 2136
f 2057 2138 2132
f 2132 2138 2276
f 2272 2269 2056
f 2056 2269 2139
f 2277 2278 2270
f 2270 2278 2199
f 2029 2188 2030
f 2030 2188 2187
f 2040 2039 2127
f 2127 2039 2124
f 2064 2195 2083
f 2083 2195 2279
f 2056 2139 2057
f 2057 2139 2138
f 2278 2277 2247
f 2247 2277 2248
f 2062 2176 2063
f 2063 2176 2175
f 2280 2210 2242
f 2242 2210 2209
f 2282 2233 2281
f 2281 2233 2031
f 2216 2219 2283
f 2283 2219 2221
f 2158 2220 2218
f 2218 2220 2219
f 2217 2282 2218
f 2218 2282 2281
f 2220 2158 2167
f 2167 2158 2157
f 2223 2264 2128
f 2128 2264 2263
f 2261 1996 2120
f 2120 1996 1995
f 2213 2211 2222
f 2222 2211 2224
f 2283 2221 2284
f 2284 2221 2068
f 2135 1996 2136
f 2136 1996 2261
f 2144 2081 2258
f 2258 2081 2241
f 2235 2280 2236
f 2236 2280 2242
f 2246 2273 2147
f 2147 2273 2041
f 2036 2285 2032
f 2032 2285 2088
f 2077 2286 2152
f 2152 2286 2238
f 1937 1960 1973
f 1973 1960 1959
f 2070 2232 2071
f 2071 2232 2227
f 2244 2287 2105
f 2105 2287 2106
f 1936 1939 2149
f 2149 1939 2148
f 1944 1946 2107
f 2107 1946 2207
f 2285 2121 2088
f 2088 2121 2027
f 2253 2249 2254
f 2254 2249 2250
f 2006 2009 2077
f 2077 2009 2286
f 2289 2086 2288
f 2288 2086 2087
f 2223 2142 2290
f 2290 2142 2272
f 2128 2131 2143
f 2143 2131 2123
f 2156 2291 2153
f 2153 2291 2175
f 2292 2293 2278
f 2278 2293 2294
f 2075 2140 2123
f 2123 2140 2143
f 2262 2169 2275
f 2275 2169 2180
f 2275 2180 2136
f 2136 2180 2134
f 2274 2284 2038
f 2038 2284 2068
f 2127 2126 2182
f 2182 2126 2166
f 2094 2093 2098
f 2098 2093 2021
f 2098 2021 2099
f 2099 2021 2112
f 2018 2021 2266
f 2266 2021 2093
f 2251 2289 2252
f 2252 2289 2288
f 1997 2151 2226
f 2226 2151 2222
f 2206 2221 2220
f 2220 2221 2219
f 2269 2048 2139
f 2139 2048 2137
f 2159 2158 2281
f 2281 2158 2218
f 2156 2155 2190
f 2190 2155 2191
f 1974 1965 1583
f 1583 1965 1751
f 2088 2027 2089
f 2089 2027 2026
f 2030 2159 2031
f 2031 2159 2281
f 2106 2149 2102
f 2102 2149 2090
f 2287 1936 2106
f 2106 1936 2149
f 2293 2154 2294
f 2294 2154 2153
f 2021 2020 2112
f 2247 2295 2278
f 2278 2295 2292
f 2284 2296 2283
f 2283 2296 2297
f 2298 2296 2274
f 2274 2296 2284
f 2273 2299 2274
f 2274 2299 2298
f 2246 2300 2273
f 2273 2300 2299
f 2283 2297 2216
f 2216 2297 2301
f 2216 2301 2217
f 2217 2301 2302
f 2302 2303 2217
f 2217 2303 2282
f 2304 2301 2305
f 2305 2301 2297
f 2307 2308 2306
f 2306 2308 2309
f 2306 2310 2307
f 2307 2310 2311
f 2307 2312 2308
f 2308 2312 2313
f 2314 2315 2312
f 2312 2315 2316
f 2316 2317 2312
f 2312 2317 2313
f 2317 2305 2313
f 2313 2305 2318
f 2314 2312 2311
f 2311 2312 2307
f 2319 2320 2322
f 2322 2320 2321
f 2322 2311 2319
f 2319 2311 2310
f 2313 2318 2308
f 2308 2318 2309
f 2296 2298 2318
f 2318 2298 2309
f 2309 2298 2323
f 2323 2298 2299
f 2306 2309 2324
f 2324 2309 2323
f 2310 2306 2325
f 2325 2306 2324
f 2296 2318 2297
f 2297 2318 2305
f 2319 2310 2326
f 2326 2310 2325
f 2328 2325 2327
f 2327 2325 2324
f 2325 2328 2326
f 2326 2328 2329
f 2331 2328 2330
f 2330 2328 2327
f 2332 2333 2327
f 2327 2333 2330
f 2328 2331 2329
f 2329 2331 2334
f 2324 2323 2327
f 2327 2323 2332
f 2300 2332 2299
f 2299 2332 2323
f 2326 2335 2319
f 2319 2335 2320
f 2305 2317 2336
f 2336 2317 2316
f 2336 2316 2337
f 2337 2316 2315
f 2338 2304 2336
f 2336 2304 2305
f 2337 2339 2336
f 2336 2339 2338
f 2337 2315 2341
f 2341 2315 2340
f 2342 2300 2234
f 2234 2300 2246
f 2303 2343 2282
f 2282 2343 2233
f 2234 2233 2342
f 2342 2233 2343
f 2342 2343 2333
f 2333 2343 2344
f 2333 2344 2330
f 2330 2344 2345
f 2346 2344 2303
f 2303 2344 2343
f 2332 2300 2333
f 2333 2300 2342
f 2347 2346 2302
f 2302 2346 2303
f 2301 2304 2302
f 2302 2304 2347
f 2304 2338 2347
f 2347 2338 2348
f 2348 2349 2347
f 2347 2349 2346
f 2350 2351 2348
f 2348 2351 2349
f 2349 2345 2346
f 2346 2345 2344
f 2345 2349 2352
f 2352 2349 2351
f 2338 2339 2348
f 2348 2339 2350
f 2350 2339 2353
f 2353 2339 2354
f 2356 2357 2355
f 2355 2357 2353
f 2351 2350 2357
f 2357 2350 2353
f 2353 2354 2355
f 2355 2354 2335
f 2320 2335 2341
f 2341 2335 2354
f 2339 2337 2354
f 2354 2337 2341
f 2352 2331 2345
f 2345 2331 2330
f 2356 2334 2352
f 2352 2334 2331
f 2356 2352 2357
f 2357 2352 2351
f 2355 2329 2356
f 2356 2329 2334
f 2335 2326 2355
f 2355 2326 2329
f 2321 2314 2322
f 2322 2314 2311
f 2321 2320 2340
f 2340 2320 2341
f 2315 2314 2340
f 2340 2314 2321
f 2125 2260 2126
f 2126 2260 2259
f 2157 2160 2129
f 2129 2160 2130
f 2188 2163 2187
f 2187 2163 2162
f 2182 2166 2188
f 2188 2166 2163
f 2180 2169 2263
f 2263 2169 2168
f 2160 2187 2130
f 2130 2187 2162
f 2275 2260 2262
f 2262 2260 2125
f 2128 2263 2129
f 2129 2263 2168
f 2262 2205 2169
f 2169 2205 2170
f 2165 2166 2259
f 2259 2166 2126
f 2359 2360 2358
f 2358 2360 2361
f 2363 2364 2362
f 2362 2364 2365
f 2367 2363 2366
f 2366 2363 2362
f 2368 2369 2371
f 2371 2369 2370
f 2372 2373 2248
f 2248 2373 2059
f 2364 2374 2365
f 2365 2374 2375
f 2377 2378 2376
f 2376 2378 2379
f 2290 2380 2223
f 2223 2380 2381
f 2223 2381 2264
f 2264 2381 2382
f 2384 2385 2383
f 2383 2385 2386
f 2364 2371 2374
f 2374 2371 2387
f 2059 2373 2290
f 2290 2373 2380
f 2378 2360 2379
f 2379 2360 2388
f 2374 2387 2359
f 2359 2387 2389
f 2390 2367 2386
f 2386 2367 2391
f 2393 2394 2392
f 2392 2394 2395
f 2386 2391 2383
f 2383 2391 2396
f 2367 2366 2391
f 2391 2366 2397
f 2363 2367 2368
f 2368 2367 2390
f 2398 2399 2361
f 2361 2399 2358
f 2399 2400 2358
f 2358 2400 2375
f 2390 2401 2368
f 2368 2401 2369
f 2372 2384 2376
f 2376 2384 2383
f 2374 2359 2375
f 2375 2359 2358
f 2402 2403 2365
f 2365 2403 2362
f 2359 2389 2360
f 2360 2389 2388
f 2364 2363 2371
f 2371 2363 2368
f 2405 2398 2404
f 2404 2398 2361
f 2392 2395 2406
f 2406 2395 2397
f 2377 2396 2394
f 2394 2396 2395
f 2394 2393 2404
f 2404 2393 2405
f 2396 2377 2383
f 2383 2377 2376
f 2406 2397 2407
f 2407 2397 2366
f 2400 2402 2375
f 2375 2402 2365
f 2385 2270 2401
f 2401 2270 2271
f 2403 2407 2362
f 2362 2407 2366
f 2371 2370 2387
f 2387 2370 2382
f 2391 2397 2396
f 2396 2397 2395
f 2378 2377 2404
f 2404 2377 2394
f 2360 2378 2361
f 2361 2378 2404
f 2407 2408 2406
f 2406 2408 2409
f 2410 2408 2403
f 2403 2408 2407
f 2411 2410 2402
f 2402 2410 2403
f 2412 2411 2400
f 2400 2411 2402
f 2406 2409 2392
f 2392 2409 2413
f 2392 2413 2393
f 2393 2413 2414
f 2415 2405 2414
f 2414 2405 2393
f 2416 2413 2417
f 2417 2413 2409
f 2419 2420 2418
f 2418 2420 2421
f 2420 2422 2421
f 2421 2422 2423
f 2420 2424 2422
f 2422 2424 2425
f 2426 2427 2424
f 2424 2427 2428
f 2428 2429 2424
f 2424 2429 2425
f 2426 2424 2419
f 2419 2424 2420
f 2419 2418 2431
f 2431 2418 2430
f 2425 2432 2422
f 2422 2432 2423
f 2408 2410 2432
f 2432 2410 2423
f 2423 2410 2433
f 2433 2410 2411
f 2421 2423 2434
f 2434 2423 2433
f 2435 2418 2434
f 2434 2418 2421
f 2429 2417 2425
f 2425 2417 2432
f 2408 2432 2409
f 2409 2432 2417
f 2418 2435 2430
f 2430 2435 2436
f 2438 2435 2437
f 2437 2435 2434
f 2435 2438 2436
f 2436 2438 2439
f 2441 2438 2440
f 2440 2438 2437
f 2442 2443 2437
f 2437 2443 2440
f 2439 2438 2444
f 2444 2438 2441
f 2433 2442 2434
f 2434 2442 2437
f 2412 2442 2411
f 2411 2442 2433
f 2436 2445 2430
f 2430 2445 2446
f 2430 2446 2431
f 2431 2446 2447
f 2417 2429 2448
f 2448 2429 2428
f 2427 2449 2428
f 2428 2449 2448
f 2450 2416 2448
f 2448 2416 2417
f 2451 2450 2449
f 2449 2450 2448
f 2427 2452 2449
f 2449 2452 2453
f 2447 2446 2452
f 2452 2446 2453
f 2454 2412 2399
f 2399 2412 2400
f 2415 2455 2405
f 2405 2455 2398
f 2399 2398 2454
f 2454 2398 2455
f 2454 2455 2443
f 2443 2455 2456
f 2443 2456 2440
f 2440 2456 2457
f 2458 2456 2415
f 2415 2456 2455
f 2443 2442 2454
f 2454 2442 2412
f 2459 2458 2414
f 2414 2458 2415
f 2413 2416 2414
f 2414 2416 2459
f 2459 2416 2460
f 2460 2416 2450
f 2460 2461 2459
f 2459 2461 2458
f 2462 2463 2460
f 2460 2463 2461
f 2461 2457 2458
f 2458 2457 2456
f 2457 2461 2464
f 2464 2461 2463
f 2451 2462 2450
f 2450 2462 2460
f 2462 2451 2465
f 2465 2451 2466
f 2468 2469 2467
f 2467 2469 2465
f 2463 2462 2469
f 2469 2462 2465
f 2465 2466 2467
f 2467 2466 2445
f 2446 2445 2453
f 2453 2445 2466
f 2451 2449 2466
f 2466 2449 2453
f 2464 2441 2457
f 2457 2441 2440
f 2468 2444 2464
f 2464 2444 2441
f 2468 2464 2469
f 2469 2464 2463
f 2467 2439 2468
f 2468 2439 2444
f 2445 2436 2467
f 2467 2436 2439
f 2447 2426 2431
f 2431 2426 2419
f 2427 2426 2452
f 2452 2426 2447
f 2369 2179 2370
f 2370 2179 2178
f 2376 2379 2372
f 2372 2379 2373
f 2389 2381 2388
f 2388 2381 2380
f 2387 2382 2389
f 2389 2382 2381
f 2270 2385 2277
f 2277 2385 2384
f 2379 2388 2373
f 2373 2388 2380
f 2401 2271 2369
f 2369 2271 2179
f 2248 2277 2372
f 2372 2277 2384
f 2401 2390 2385
f 2385 2390 2386
f 2264 2382 2178
f 2178 2382 2370
f 2215 2134 2271
f 2271 2134 2179
f 2005 2000 2199
f 2199 2000 2215
f 2004 2001 2005
f 2005 2001 2000
f 2200 2214 2004
f 2004 2214 2001
f 2470 2471 2473
f 2473 2471 2472
f 2475 2476 2474
f 2474 2476 2477
f 2479 2475 2478
f 2478 2475 2474
f 2481 2482 2480
f 2480 2482 2483
f 2476 2484 2477
f 2477 2484 2485
f 2487 2488 2486
f 2486 2488 2489
f 2133 2490 2058
f 2058 2490 2491
f 2058 2491 2247
f 2247 2491 2492
f 2494 2495 2493
f 2493 2495 2496
f 2476 2483 2484
f 2484 2483 2497
f 2472 2498 2488
f 2488 2498 2489
f 2484 2497 2471
f 2471 2497 2499
f 2500 2479 2496
f 2496 2479 2501
f 2502 2503 2505
f 2505 2503 2504
f 2496 2501 2493
f 2493 2501 2506
f 2479 2478 2501
f 2501 2478 2507
f 2475 2479 2480
f 2480 2479 2500
f 2508 2509 2473
f 2473 2509 2470
f 2509 2510 2470
f 2470 2510 2485
f 2511 2481 2500
f 2500 2481 2480
f 2512 2494 2486
f 2486 2494 2493
f 2485 2484 2470
f 2470 2484 2471
f 2513 2514 2477
f 2477 2514 2474
f 2471 2499 2472
f 2472 2499 2498
f 2476 2475 2483
f 2483 2475 2480
f 2516 2508 2515
f 2515 2508 2473
f 2502 2505 2517
f 2517 2505 2507
f 2504 2487 2505
f 2505 2487 2506
f 2503 2516 2504
f 2504 2516 2515
f 2506 2487 2493
f 2493 2487 2486
f 2517 2507 2518
f 2518 2507 2478
f 2510 2513 2485
f 2485 2513 2477
f 2511 2495 2293
f 2293 2495 2154
f 2514 2518 2474
f 2474 2518 2478
f 2483 2482 2497
f 2497 2482 2492
f 2501 2507 2506
f 2506 2507 2505
f 2488 2487 2515
f 2515 2487 2504
f 2472 2488 2473
f 2473 2488 2515
f 2518 2519 2517
f 2517 2519 2520
f 2521 2519 2514
f 2514 2519 2518
f 2522 2521 2513
f 2513 2521 2514
f 2523 2522 2510
f 2510 2522 2513
f 2517 2520 2502
f 2502 2520 2524
f 2502 2524 2503
f 2503 2524 2525
f 2525 2526 2503
f 2503 2526 2516
f 2527 2524 2528
f 2528 2524 2520
f 2530 2531 2529
f 2529 2531 2532
f 2531 2533 2532
f 2532 2533 2534
f 2531 2535 2533
f 2533 2535 2536
f 2537 2538 2535
f 2535 2538 2539
f 2539 2540 2535
f 2535 2540 2536
f 2537 2535 2530
f 2530 2535 2531
f 2529 2541 2530
f 2530 2541 2542
f 2543 2534 2536
f 2536 2534 2533
f 2519 2521 2543
f 2543 2521 2534
f 2534 2521 2544
f 2544 2521 2522
f 2532 2534 2545
f 2545 2534 2544
f 2529 2532 2546
f 2546 2532 2545
f 2536 2540 2543
f 2543 2540 2528
f 2519 2543 2520
f 2520 2543 2528
f 2541 2529 2547
f 2547 2529 2546
f 2548 2549 2545
f 2545 2549 2546
f 2549 2550 2546
f 2546 2550 2547
f 2551 2552 2548
f 2548 2552 2549
f 2548 2553 2551
f 2551 2553 2554
f 2550 2549 2555
f 2555 2549 2552
f 2545 2544 2548
f 2548 2544 2553
f 2523 2553 2522
f 2522 2553 2544
f 2547 2556 2541
f 2541 2556 2557
f 2541 2557 2542
f 2542 2557 2558
f 2528 2540 2559
f 2559 2540 2539
f 2538 2560 2539
f 2539 2560 2559
f 2561 2527 2559
f 2559 2527 2528
f 2560 2562 2559
f 2559 2562 2561
f 2560 2538 2564
f 2564 2538 2563
f 2558 2557 2563
f 2563 2557 2564
f 2565 2523 2509
f 2509 2523 2510
f 2526 2566 2516
f 2516 2566 2508
f 2509 2508 2565
f 2565 2508 2566
f 2565 2566 2554
f 2554 2566 2567
f 2554 2567 2551
f 2551 2567 2568
f 2569 2567 2526
f 2526 2567 2566
f 2553 2523 2554
f 2554 2523 2565
f 2570 2569 2525
f 2525 2569 2526
f 2524 2527 2525
f 2525 2527 2570
f 2527 2561 2570
f 2570 2561 2571
f 2571 2572 2570
f 2570 2572 2569
f 2573 2574 2571
f 2571 2574 2572
f 2572 2568 2569
f 2569 2568 2567
f 2568 2572 2575
f 2575 2572 2574
f 2562 2573 2561
f 2561 2573 2571
f 2573 2562 2576
f 2576 2562 2577
f 2579 2580 2578
f 2578 2580 2576
f 2574 2573 2580
f 2580 2573 2576
f 2576 2577 2578
f 2578 2577 2556
f 2557 2556 2564
f 2564 2556 2577
f 2562 2560 2577
f 2577 2560 2564
f 2575 2552 2568
f 2568 2552 2551
f 2579 2555 2575
f 2575 2555 2552
f 2579 2575 2580
f 2580 2575 2574
f 2550 2555 2578
f 2578 2555 2579
f 2556 2547 2578
f 2578 2547 2550
f 2558 2537 2542
f 2542 2537 2530
f 2538 2537 2563
f 2563 2537 2558
f 2292 2295 2481
f 2481 2295 2482
f 2486 2489 2512
f 2512 2489 2581
f 2499 2491 2498
f 2498 2491 2490
f 2497 2492 2499
f 2499 2492 2491
f 2155 2154 2494
f 2494 2154 2495
f 2581 2489 2490
f 2490 2489 2498
f 2293 2292 2511
f 2511 2292 2481
f 2191 2155 2512
f 2512 2155 2494
f 2500 2496 2511
f 2511 2496 2495
f 2247 2492 2295
f 2295 2492 2482
f 2583 2584 2582
f 2582 2584 2585
f 2587 2588 2586
f 2586 2588 2589
f 2591 2587 2590
f 2590 2587 2586
f 2593 2594 2592
f 2592 2594 2595
f 2596 2597 2599
f 2599 2597 2598
f 2588 2600 2589
f 2589 2600 2601
f 2602 2603 2605
f 2605 2603 2604
f 2606 2607 2609
f 2609 2607 2608
f 2609 2608 2190
f 2190 2608 2610
f 2611 2612 2614
f 2614 2612 2613
f 2600 2588 2615
f 2615 2588 2595
f 2599 2598 2606
f 2606 2598 2607
f 2584 2616 2604
f 2604 2616 2605
f 2600 2615 2583
f 2583 2615 2617
f 2591 2619 2618
f 2618 2619 2614
f 2621 2622 2620
f 2620 2622 2623
f 2619 2624 2614
f 2614 2624 2611
f 2591 2590 2619
f 2619 2590 2625
f 2587 2591 2592
f 2592 2591 2618
f 2626 2627 2585
f 2585 2627 2582
f 2627 2628 2582
f 2582 2628 2601
f 2629 2593 2618
f 2618 2593 2592
f 2602 2597 2611
f 2611 2597 2612
f 2600 2583 2601
f 2601 2583 2582
f 2630 2631 2589
f 2589 2631 2586
f 2583 2617 2584
f 2584 2617 2616
f 2588 2587 2595
f 2595 2587 2592
f 2633 2626 2632
f 2632 2626 2585
f 2620 2623 2634
f 2634 2623 2625
f 2622 2603 2623
f 2623 2603 2624
f 2621 2633 2622
f 2622 2633 2632
f 2611 2624 2602
f 2602 2624 2603
f 2634 2625 2635
f 2635 2625 2590
f 2628 2630 2601
f 2601 2630 2589
f 2613 2195 2629
f 2629 2195 2194
f 2631 2635 2586
f 2586 2635 2590
f 2595 2594 2615
f 2615 2594 2610
f 2619 2625 2624
f 2624 2625 2623
f 2632 2604 2622
f 2622 2604 2603
f 2585 2584 2632
f 2632 2584 2604
f 2635 2636 2634
f 2634 2636 2637
f 2638 2636 2631
f 2631 2636 2635
f 2639 2638 2630
f 2630 2638 2631
f 2640 2639 2628
f 2628 2639 2630
f 2634 2637 2620
f 2620 2637 2641
f 2620 2641 2621
f 2621 2641 2642
f 2642 2643 2621
f 2621 2643 2633
f 2641 2637 2644
f 2644 2637 2645
f 2646 2647 2649
f 2649 2647 2648
f 2648 2650 2649
f 2649 2650 2651
f 2648 2652 2650
f 2650 2652 2653
f 2652 2654 2656
f 2656 2654 2655
f 2656 2657 2652
f 2652 2657 2653
f 2654 2652 2647
f 2647 2652 2648
f 2647 2646 2659
f 2659 2646 2658
f 2660 2651 2653
f 2653 2651 2650
f 2636 2638 2660
f 2660 2638 2651
f 2651 2638 2661
f 2661 2638 2639
f 2651 2661 2649
f 2649 2661 2662
f 2663 2646 2662
f 2662 2646 2649
f 2653 2657 2660
f 2660 2657 2645
f 2636 2660 2637
f 2637 2660 2645
f 2646 2663 2658
f 2658 2663 2664
f 2665 2666 2662
f 2662 2666 2663
f 2666 2667 2663
f 2663 2667 2664
f 2668 2669 2665
f 2665 2669 2666
f 2665 2670 2668
f 2668 2670 2671
f 2667 2666 2672
f 2672 2666 2669
f 2662 2661 2665
f 2665 2661 2670
f 2640 2670 2639
f 2639 2670 2661
f 2673 2674 2664
f 2664 2674 2658
f 2658 2674 2659
f 2659 2674 2675
f 2645 2657 2676
f 2676 2657 2656
f 2677 2676 2655
f 2655 2676 2656
f 2676 2678 2645
f 2645 2678 2644
f 2677 2679 2676
f 2676 2679 2678
f 2655 2680 2677
f 2677 2680 2681
f 2675 2674 2680
f 2680 2674 2681
f 2682 2640 2627
f 2627 2640 2628
f 2643 2683 2633
f 2633 2683 2626
f 2682 2627 2683
f 2683 2627 2626
f 2683 2684 2682
f 2682 2684 2671
f 2684 2685 2671
f 2671 2685 2668
f 2686 2684 2643
f 2643 2684 2683
f 2670 2640 2671
f 2671 2640 2682
f 2687 2686 2642
f 2642 2686 2643
f 2642 2641 2687
f 2687 2641 2644
f 2687 2644 2688
f 2688 2644 2678
f 2688 2689 2687
f 2687 2689 2686
f 2690 2691 2688
f 2688 2691 2689
f 2689 2685 2686
f 2686 2685 2684
f 2685 2689 2692
f 2692 2689 2691
f 2679 2690 2678
f 2678 2690 2688
f 2690 2679 2693
f 2693 2679 2694
f 2696 2697 2695
f 2695 2697 2693
f 2691 2690 2697
f 2697 2690 2693
f 2693 2694 2695
f 2695 2694 2673
f 2674 2673 2681
f 2681 2673 2694
f 2679 2677 2694
f 2694 2677 2681
f 2685 2692 2668
f 2668 2692 2669
f 2696 2672 2692
f 2692 2672 2669
f 2696 2692 2697
f 2697 2692 2691
f 2695 2667 2696
f 2696 2667 2672
f 2673 2664 2695
f 2695 2664 2667
f 2675 2654 2659
f 2659 2654 2647
f 2655 2654 2680
f 2680 2654 2675
f 2291 2156 2593
f 2593 2156 2594
f 2597 2602 2598
f 2598 2602 2605
f 2616 2617 2607
f 2607 2617 2608
f 2615 2610 2617
f 2617 2610 2608
f 2597 2596 2612
f 2612 2596 2698
f 2598 2605 2607
f 2607 2605 2616
f 2194 2291 2629
f 2629 2291 2593
f 2629 2618 2613
f 2613 2618 2614
f 2190 2610 2156
f 2156 2610 2594
f 2700 2010 2699
f 2699 2010 2086
f 2267 2701 2116
f 2116 2701 2702
f 2116 2702 2117
f 2117 2702 2703
f 2704 2705 2250
f 2250 2705 2254
f 2011 2706 2267
f 2267 2706 2701
f 2699 2086 2707
f 2707 2086 2289
f 2010 2700 2011
f 2011 2700 2706
f 2708 2707 2251
f 2251 2707 2289
f 2703 2704 2117
f 2117 2704 2250
f 2705 2708 2254
f 2254 2708 2251
f 2709 2710 2708
f 2708 2710 2707
f 2711 2709 2705
f 2705 2709 2708
f 2712 2711 2704
f 2704 2711 2705
f 2713 2712 2703
f 2703 2712 2704
f 2707 2710 2699
f 2699 2710 2714
f 2699 2714 2700
f 2700 2714 2715
f 2716 2706 2715
f 2715 2706 2700
f 2714 2710 2717
f 2717 2710 2718
f 2720 2721 2719
f 2719 2721 2722
f 2721 2723 2722
f 2722 2723 2724
f 2721 2725 2723
f 2723 2725 2726
f 2727 2728 2725
f 2725 2728 2726
f 2729 2725 2720
f 2720 2725 2721
f 2731 2729 2730
f 2730 2729 2720
f 2719 2732 2720
f 2720 2732 2730
f 2726 2733 2723
f 2723 2733 2724
f 2709 2711 2733
f 2733 2711 2724
f 2724 2711 2734
f 2734 2711 2712
f 2722 2724 2735
f 2735 2724 2734
f 2719 2722 2736
f 2736 2722 2735
f 2726 2728 2733
f 2733 2728 2718
f 2709 2733 2710
f 2710 2733 2718
f 2732 2719 2737
f 2737 2719 2736
f 2738 2739 2735
f 2735 2739 2736
f 2739 2740 2736
f 2736 2740 2737
f 2741 2742 2738
f 2738 2742 2739
f 2738 2743 2741
f 2741 2743 2744
f 2740 2739 2745
f 2745 2739 2742
f 2735 2734 2738
f 2738 2734 2743
f 2713 2743 2712
f 2712 2743 2734
f 2737 2746 2732
f 2732 2746 2747
f 2732 2747 2730
f 2730 2747 2731
f 2718 2728 2748
f 2748 2728 2727
f 2749 2750 2727
f 2727 2750 2748
f 2748 2751 2718
f 2718 2751 2717
f 2750 2752 2748
f 2748 2752 2751
f 2750 2749 2754
f 2754 2749 2753
f 2731 2747 2753
f 2753 2747 2754
f 2727 2725 2749
f 2749 2725 2729
f 2749 2729 2753
f 2753 2729 2731
f 2702 2755 2703
f 2703 2755 2713
f 2706 2716 2701
f 2701 2716 2756
f 2755 2702 2756
f 2756 2702 2701
f 2756 2757 2755
f 2755 2757 2744
f 2757 2758 2744
f 2744 2758 2741
f 2759 2757 2716
f 2716 2757 2756
f 2743 2713 2744
f 2744 2713 2755
f 2760 2759 2715
f 2715 2759 2716
f 2715 2714 2760
f 2760 2714 2717
f 2760 2717 2761
f 2761 2717 2751
f 2761 2762 2760
f 2760 2762 2759
f 2763 2764 2761
f 2761 2764 2762
f 2762 2758 2759
f 2759 2758 2757
f 2758 2762 2765
f 2765 2762 2764
f 2752 2763 2751
f 2751 2763 2761
f 2763 2752 2766
f 2766 2752 2767
f 2768 2769 2766
f 2766 2769 2770
f 2764 2763 2770
f 2770 2763 2766
f 2766 2767 2768
f 2768 2767 2746
f 2747 2746 2754
f 2754 2746 2767
f 2752 2750 2767
f 2767 2750 2754
f 2758 2765 2741
f 2741 2765 2742
f 2769 2745 2765
f 2765 2745 2742
f 2769 2765 2770
f 2770 2765 2764
f 2768 2740 2769
f 2769 2740 2745
f 2746 2737 2768
f 2768 2737 2740
f 2201 2212 2200
f 2200 2212 2214
f 2201 2202 2212
f 2212 2202 2185
f 2512 2581 2191
f 2191 2581 2192
f 2059 2290 2056
f 2056 2290 2272
f 2174 2199 2294
f 2294 2199 2278
f 2063 2175 2194
f 2194 2175 2291
f 2192 2581 2133
f 2133 2581 2490
f 2133 2132 2192
f 2192 2132 2189
f 2054 2276 2055
f 2055 2276 2138
f 2083 2279 2084
f 2084 2279 2771
f 2771 2279 2599
f 2599 2279 2596
f 2606 2772 2599
f 2599 2772 2771
f 2772 2773 2771
f 2771 2773 2084
f 2773 2774 2084
f 2084 2774 2085
f 2085 2775 2082
f 2082 2775 2144
f 2774 2078 2085
f 2085 2078 2775
f 2078 2774 2079
f 2079 2774 2776
f 2774 2773 2776
f 2776 2773 2777
f 2773 2772 2777
f 2777 2772 2778
f 2190 2189 2609
f 2609 2189 2778
f 2053 2052 2779
f 2779 2052 2181
f 2144 2775 2081
f 2081 2775 2078
f 2294 2153 2174
f 2174 2153 2175
f 2132 2276 2189
f 2189 2276 2778
f 2606 2609 2772
f 2772 2609 2778
f 2195 2613 2698
f 2698 2613 2612
f 2596 2279 2698
f 2698 2279 2195
f 2054 2777 2276
f 2276 2777 2778
f 2777 2054 2776
f 2776 2054 2053
f 2053 2779 2776
f 2776 2779 2079
f 2779 2181 2079
f 2079 2181 2080
f 2181 2239 2080
f 2080 2239 2240
f 2122 2256 2014
f 2042 1982 2076
f 2076 1982 2007
f 1982 1985 2007
f 2007 1985 2008
f 2095 2097 2265
f 2265 2097 2266
f 2076 2050 2042
f 2042 2050 2047
f 2046 2043 2047
f 2047 2043 2042
f 2118 1993 2046
f 2046 1993 2043
f 1995 1994 2118
f 2118 1994 1993
f 2267 1992 2011
f 2011 1992 2012
f 1997 2012 1994
f 1994 2012 1992
f 2226 2013 1997
f 1997 2013 2012
f 2225 2087 2226
f 2226 2087 2013
f 2225 2232 2087
f 2087 2232 2288
f 2232 2070 2288
f 2288 2070 2252
f 2070 2025 2252
f 2252 2025 2253
f 1988 2249 2025
f 2025 2249 2253
f 2116 2115 2267
f 2267 2115 2268
f 2096 1984 2237
f 2237 1984 1991
f 2095 1985 2096
f 2096 1985 1984
f 2265 2008 2095
f 2095 2008 1985
f 2092 2009 2265
f 2265 2009 2008
f 2091 2286 2092
f 2092 2286 2009
f 2255 2238 2091
f 2091 2238 2286
f 2256 2239 2255
f 2255 2239 2238
f 2122 2240 2256
f 2256 2240 2239
f 2121 2241 2122
f 2122 2241 2240
f 2022 2018 2097
f 2097 2018 2266
f 2022 2024 2018
f 2018 2024 2019
f 2024 2072 2019
f 2019 2072 2073
f 2072 2228 2073
f 2073 2228 2230
f 2228 2184 2230
f 2230 2184 2183
f 2121 2285 2241
f 2241 2285 2258
f 2285 2036 2258
f 2258 2036 2257
f 2177 2145 2193
f 2193 2145 2257
f 2173 2193 2196
f 2196 2193 2037
f 2036 2037 2257
f 2257 2037 2193
f 2196 2037 2066
f 2066 2037 2035
f 2061 2108 2034
f 2034 2108 2067
f 2108 2208 2067
f 2067 2208 2204
f 2208 2210 2204
f 2204 2210 2203
f 2210 2280 2203
f 2203 2280 2186
f 2183 2186 2235
f 2235 2186 2280
f 1987 2114 1988
f 1988 2114 2249
f 2237 2115 1987
f 1987 2115 2114
f 1991 2268 2237
f 2237 2268 2115
f 1991 1990 2268
f 2268 1990 1992
f 107 110 2781
f 2781 110 2780
f 117 2782 118
f 118 2782 2783
f 119 2784 120
f 120 2784 2785
f 125 2786 126
f 126 2786 2787
f 127 2788 128
f 128 2788 2789
f 127 132 2788
f 2788 132 2790
f 231 230 2792
f 2792 230 2791
f 118 2783 119
f 119 2783 2784
f 241 243 2794
f 2794 243 2793
f 2781 2795 107
f 107 2795 352
f 120 2785 437
f 437 2785 2796
f 126 2787 110
f 110 2787 2780
f 455 2797 456
f 456 2797 2798
f 128 2789 457
f 457 2789 2799
f 456 2798 117
f 117 2798 2782
f 2794 2797 241
f 241 2797 455
f 457 2799 125
f 125 2799 2786
f 132 231 2790
f 2790 231 2792
f 230 437 2791
f 2791 437 2796
f 2792 2789 2790
f 2790 2789 2788
f 2785 2784 2801
f 2801 2784 2800
f 2786 2802 2787
f 2787 2802 2803
f 2792 2791 2805
f 2805 2791 2804
f 2784 2783 2800
f 2800 2783 2806
f 2785 2801 2796
f 2796 2801 2807
f 2787 2803 2780
f 2780 2803 2808
f 2789 2809 2799
f 2799 2809 2810
f 2799 2810 2786
f 2786 2810 2802
f 2791 2796 2804
f 2804 2796 2807
f 2789 2792 2809
f 2809 2792 2805
f 2812 2797 2811
f 2811 2797 2794
f 2809 2805 2810
f 2810 2805 2804
f 2810 2804 2802
f 2802 2804 2807
f 2802 2807 2803
f 2803 2807 2801
f 2808 2803 2800
f 2800 2803 2801
f 2814 699 2813
f 2813 699 698
f 2808 2815 2780
f 2780 2815 2781
f 2817 2782 2816
f 2816 2782 2798
f 2815 2818 2781
f 2781 2818 2795
f 2797 2812 2798
f 2798 2812 2816
f 2783 2782 2806
f 2806 2782 2817
f 2800 2806 2808
f 2808 2806 2815
f 2794 2793 2811
f 2811 2793 2819
f 174 201 384
f 384 201 362
f 200 1766 390
f 390 1766 1777
f 1777 1778 390
f 390 1778 398
f 1778 361 398
f 398 361 222
f 2820 2821 628
f 628 2821 629
f 1406 2820 790
f 790 2820 628
f 794 1415 1233
f 1233 1415 1234
f 1406 790 1407
f 1407 790 1312
f 1407 1312 2822
f 2822 1312 1316
f 2823 1380 1543
f 1543 1380 1379
f 1385 1738 1382
f 1382 1738 1383
f 1381 791 1382
f 1382 791 1386
f 791 794 1386
f 1386 794 1233
f 1259 1390 1260
f 1260 1390 1389
f 1905 1542 1394
f 1394 1542 1395
f 1410 1413 1397
f 1397 1413 1398
f 2821 1410 629
f 629 1410 1397
f 2823 2822 1380
f 1380 2822 1316
f 1392 1395 1378
f 1378 1395 1379
f 1738 1399 1383
f 1383 1399 1398
f 1388 1235 1389
f 1389 1235 1234
f 1393 1391 1394
f 1394 1391 1390
f 1381 1384 779
f 779 1384 780
f 1282 788 792
f 792 788 793
f 1431 1262 1432
f 1432 1262 1261
f 1400 1342 1408
f 1408 1342 1409
f 1508 1544 1411
f 1411 1544 1412
f 788 787 793
f 793 787 1414
f 2821 2820 1429
f 1429 2820 1430
f 2822 2823 1506
f 1506 2823 1507
f 778 1282 779
f 779 1282 792
f 2820 1406 1430
f 1430 1406 1409
f 1410 2821 1411
f 1411 2821 1429
f 1407 2822 1408
f 1408 2822 1506
f 1544 781 1412
f 1412 781 780
f 1260 1415 1261
f 1261 1415 1414
f 1334 2824 923
f 923 2824 924
f 2826 1268 2825
f 2825 1268 1267
f 769 1212 2827
f 2827 1212 2828
f 1492 1190 1266
f 1266 1190 1267
f 1488 2829 1489
f 1489 2829 2830
f 922 1329 923
f 923 1329 1328
f 1484 2831 1485
f 1485 2831 2832
f 1482 2833 1485
f 1485 2833 1486
f 1324 1493 1489
f 1489 1493 1490
f 1265 1491 1266
f 1266 1491 1490
f 2835 2836 2834
f 2834 2836 2837
f 1250 2838 2827
f 2827 2838 2839
f 1488 1491 2840
f 2840 1491 2841
f 1268 2826 2842
f 2842 2826 2843
f 2844 2845 1495
f 1495 2845 1496
f 1427 2847 2846
f 2846 2847 926
f 2829 1488 2848
f 2848 1488 2840
f 1329 922 2849
f 2849 922 927
f 2850 2851 768
f 768 2851 1213
f 1265 1268 2852
f 2852 1268 2842
f 1491 1265 2841
f 2841 1265 2852
f 2854 2855 2853
f 2853 2855 2856
f 2855 2857 2856
f 2856 2857 598
f 2857 2858 598
f 598 2858 595
f 2858 2859 595
f 595 2859 626
f 649 652 2860
f 2860 652 2861
f 639 642 2862
f 2862 642 2863
f 2864 705 2862
f 2862 705 639
f 2865 1418 2864
f 2864 1418 705
f 2866 2867 2865
f 2865 2867 1418
f 1760 1348 1761
f 1761 1348 2867
f 1764 2868 1197
f 1197 2868 1198
f 2869 611 2868
f 2868 611 1198
f 2870 612 2869
f 2869 612 611
f 1352 1350 944
f 944 1350 688
f 1350 1256 688
f 688 1256 685
f 1256 1255 685
f 685 1255 692
f 1255 2871 692
f 692 2871 2872
f 701 2873 698
f 698 2873 2813
f 2872 1349 692
f 692 1349 693
f 1696 1744 1574
f 1574 1744 1575
f 1753 1618 1577
f 1577 1618 1578
f 1729 1594 1608
f 1608 1594 1609
f 1725 1630 1611
f 1611 1630 1612
f 1604 1607 1625
f 1625 1607 1626
f 1624 1703 1625
f 1625 1703 1912
f 1703 1702 1912
f 1912 1702 1913
f 1702 1753 1913
f 1913 1753 1577
f 1598 1569 1915
f 1915 1569 1578
f 1616 1615 1915
f 1915 1615 1916
f 1615 1696 1916
f 1916 1696 1574
f 1744 1745 1575
f 1575 1745 1917
f 1745 1565 1917
f 1917 1565 1609
f 1568 1725 1608
f 1608 1725 1611
f 2874 1613 1918
f 1918 1613 1612
f 1607 2874 1626
f 1626 2874 1918
f 1610 1613 1562
f 1562 1613 1563
f 1547 1550 1570
f 1570 1550 1571
f 1573 1576 1580
f 1580 1576 1581
f 1553 1556 1595
f 1595 1556 1596
f 1556 1582 1596
f 1596 1582 1581
f 1551 1547 1599
f 1599 1547 1570
f 1731 1914 1601
f 1601 1914 1602
f 1686 1689 1605
f 1605 1689 1606
f 1598 1743 1599
f 1599 1743 1692
f 2874 1607 1723
f 1723 1607 1606
f 1727 1553 1730
f 1730 1553 1595
f 1600 1686 1601
f 1601 1686 1605
f 1914 1572 1602
f 1602 1572 1571
f 1579 1693 1580
f 1580 1693 1692
f 1613 2874 1563
f 1563 2874 1723
f 1561 1727 1562
f 1562 1727 1730
f 1949 1742 1548
f 1548 1742 1549
f 1694 1949 1552
f 1552 1949 1548
f 1954 1589 1554
f 1554 1589 1555
f 1693 1579 1558
f 1558 1579 1559
f 1561 1564 1584
f 1584 1564 1585
f 1582 1556 1588
f 1588 1556 1555
f 1600 1603 1591
f 1591 1603 1592
f 1981 1977 1687
f 1687 1977 1688
f 1564 1722 1585
f 1585 1722 1690
f 1551 1693 1552
f 1552 1693 1558
f 1751 1954 1728
f 1728 1954 1554
f 1590 1981 1591
f 1591 1981 1687
f 1603 1550 1592
f 1592 1550 1549
f 1977 1691 1688
f 1688 1691 1690
f 1587 1560 1588
f 1588 1560 1559
f 1727 1561 1728
f 1728 1561 1584
f 2875 1919 1947
f 1947 1919 1948
f 1557 1560 1952
f 1952 1560 1953
f 1933 1932 1955
f 1955 1932 1956
f 1587 1589 1958
f 1958 1589 1956
f 1959 1933 1965
f 1965 1933 1955
f 1961 1964 1966
f 1966 1964 1967
f 1981 1590 1969
f 1969 1590 1967
f 1742 1949 1972
f 1972 1949 1948
f 1593 1742 1966
f 1966 1742 1972
f 1957 1950 1958
f 1958 1950 1953
f 1583 1586 1974
f 1974 1586 1975
f 1940 1943 1978
f 1978 1943 1979
f 1943 1976 1979
f 1979 1976 1975
f 1951 2875 1952
f 1952 2875 1947
f 1968 1940 1969
f 1969 1940 1978
f 1973 1959 1974
f 1974 1959 1965
f 1923 1971 1920
f 1920 1971 1921
f 1919 2875 1920
f 1920 2875 1924
f 2875 1951 1924
f 1924 1951 1926
f 1950 1957 1929
f 1929 1957 1930
f 2244 2243 1934
f 1934 2243 1935
f 1973 1976 1937
f 1937 1976 1938
f 1944 1980 1941
f 1941 1980 1942
f 1940 1968 1941
f 1941 1968 1945
f 2287 2244 1960
f 1960 2244 1934
f 1970 2245 1962
f 1962 2245 1963
f 2243 1931 1935
f 1935 1931 1930
f 1927 1926 1928
f 1928 1926 1929
f 1961 1922 1962
f 1962 1922 1921
f 2245 1946 1963
f 1963 1946 1945
f 1976 1943 1938
f 1938 1943 1942
f 1936 2287 1937
f 1937 2287 1960
f 743 1238 608
f 608 1238 609
f 607 1811 608
f 608 1811 744
f 1304 2876 1305
f 1305 2876 2877
f 586 585 1298
f 1298 585 1299
f 585 702 1299
f 1299 702 1300
f 702 1428 1300
f 1300 1428 1301
f 1238 586 609
f 609 586 1298
f 2878 2879 1218
f 1218 2879 2877
f 2880 2881 1812
f 1812 2881 1819
f 2883 1821 2882
f 2882 1821 1820
f 2840 2841 620
f 620 2841 621
f 2842 2843 795
f 795 2843 796
f 892 895 2844
f 2844 895 2845
f 2848 2840 942
f 942 2840 620
f 2849 927 1202
f 1202 927 1203
f 2852 2842 1270
f 1270 2842 795
f 2841 2852 621
f 621 2852 1270
f 941 1759 942
f 942 1759 2884
f 659 929 1427
f 1427 929 2847
f 1237 2851 751
f 751 2851 2850
f 1216 2885 1217
f 1217 2885 1754
f 2887 734 2886
f 2886 734 733
f 2889 1816 2888
f 2888 1816 1815
f 2890 1245 2889
f 2889 1245 1816
f 1824 2891 1825
f 1825 2891 1246
f 2892 2893 2895
f 2895 2893 2894
f 1854 1833 1851
f 1851 1833 1832
f 1851 1832 1884
f 1884 1832 1876
f 1884 1876 1441
f 1441 1876 1443
f 1441 1443 1442
f 1442 1443 1446
f 1442 1446 2896
f 2896 1446 1507
f 2897 2823 2898
f 2898 2823 1543
f 1542 2899 1543
f 1543 2899 2898
f 1542 1905 2899
f 2899 1905 2900
f 1905 1259 2900
f 2900 1259 2901
f 1262 1431 2902
f 2902 1431 1904
f 1431 1434 1904
f 1904 1434 1902
f 1902 1434 2903
f 2903 1434 719
f 2903 719 2904
f 2904 719 718
f 1869 1881 718
f 718 1881 2904
f 1881 1869 1880
f 1880 1869 756
f 1880 756 2905
f 2905 756 755
f 2905 755 2906
f 2906 755 758
f 762 2907 763
f 763 2907 2908
f 724 723 2909
f 2909 723 894
f 796 895 723
f 723 895 894
f 2843 2845 796
f 796 2845 895
f 2826 1496 2843
f 2843 1496 2845
f 2825 1497 2826
f 2826 1497 1496
f 1189 2836 2825
f 2825 2836 1497
f 797 891 798
f 798 891 2837
f 802 888 797
f 797 888 891
f 2910 2911 2913
f 2913 2911 2912
f 1780 1783 2915
f 2915 1783 2914
f 2916 2917 831
f 831 2917 832
f 2918 2919 845
f 845 2919 846
f 2920 2916 847
f 847 2916 831
f 2921 2922 857
f 857 2922 858
f 2923 2924 860
f 860 2924 861
f 2919 2912 846
f 846 2912 887
f 2925 2920 940
f 940 2920 847
f 2924 2926 861
f 861 2926 1204
f 2917 2918 832
f 832 2918 845
f 2927 2928 1449
f 1449 2928 1450
f 2929 2930 889
f 889 2930 2931
f 2896 1507 2897
f 2897 1507 2823
f 2902 2901 1262
f 1262 2901 1259
f 2932 2933 750
f 750 2933 1236
f 2933 2934 1236
f 1236 2934 1835
f 2936 2937 2935
f 2935 2937 2938
f 2940 2941 2939
f 2939 2941 2942
f 2943 2944 1841
f 1841 2944 1842
f 2945 1860 2944
f 2944 1860 1842
f 2945 2946 1860
f 1860 2946 1859
f 1889 2947 1890
f 1890 2947 1856
f 1856 2947 1857
f 1857 2947 2948
f 2950 709 2949
f 2949 709 1829
f 2952 730 2951
f 2951 730 729
f 2866 2953 2867
f 2867 2953 1761
f 2953 2954 1761
f 1761 2954 1420
f 2954 2955 1420
f 1420 2955 742
f 2955 2956 742
f 742 2956 739
f 2956 2957 739
f 739 2957 760
f 2957 2958 760
f 760 2958 761
f 2958 2959 761
f 761 2959 2960
f 2959 2961 2960
f 2960 2961 2962
f 2963 2964 1839
f 1839 2964 1840
f 2964 2965 1840
f 1840 2965 2942
f 2966 2950 2939
f 2939 2950 2949
f 2935 2967 2936
f 2936 2967 2968
f 2969 2970 736
f 736 2970 735
f 734 2887 1815
f 1815 2887 2888
f 2887 2882 2888
f 2888 2882 2881
f 1819 1820 1817
f 1817 1820 748
f 1195 1757 1197
f 1197 1757 1424
f 1757 647 1424
f 1424 647 646
f 647 648 646
f 646 648 643
f 648 1271 643
f 643 1271 737
f 1271 725 737
f 737 725 765
f 725 724 765
f 765 724 762
f 762 724 2907
f 2907 724 2909
f 1254 1437 2909
f 2909 1437 2907
f 1438 1253 1836
f 1836 1253 1835
f 1836 1835 2938
f 2938 1835 2934
f 2971 2972 2935
f 2935 2972 2967
f 897 896 2969
f 2969 896 2970
f 1815 1814 734
f 734 1814 731
f 728 1215 896
f 896 1215 732
f 2885 1216 733
f 733 1216 2886
f 1216 1219 2886
f 2886 1219 2883
f 2876 1304 1821
f 1821 1304 749
f 1304 1303 749
f 749 1303 746
f 1818 2973 1817
f 1817 2973 1810
f 747 2974 1818
f 1818 2974 2973
f 747 746 2974
f 2974 746 1303
f 2976 2977 2975
f 2975 2977 2978
f 2976 2979 2901
f 2901 2979 2900
f 2980 2981 2982
f 2982 2981 2979
f 2981 2980 2983
f 2983 2980 2984
f 2985 2897 2983
f 2983 2897 2898
f 2987 2988 2986
f 2986 2988 2985
f 2896 2988 1442
f 1442 2988 1439
f 1903 2977 1904
f 1904 2977 2902
f 1856 1855 1890
f 1890 1855 2989
f 2989 2990 1890
f 1890 2990 1359
f 2990 2991 1359
f 1359 2991 1356
f 2946 2992 1859
f 1859 2992 1893
f 2992 2993 1893
f 1893 2993 775
f 2993 2994 775
f 775 2994 776
f 2986 1356 2987
f 2987 1356 2991
f 2975 2978 776
f 776 2978 777
f 2982 2994 2980
f 2980 2994 2995
f 1357 2984 2995
f 2995 2984 2980
f 2995 2996 1357
f 1357 2996 1358
f 2996 2997 1358
f 1358 2997 1889
f 2998 2999 2932
f 2932 2999 2933
f 2999 2971 2933
f 2933 2971 2934
f 1837 1836 2937
f 2937 1836 2938
f 2943 1841 2941
f 2941 1841 1838
f 3001 2944 3000
f 3000 2944 2943
f 3001 3002 2944
f 2944 3002 2945
f 3002 3003 2945
f 2945 3003 2946
f 2997 3003 1889
f 1889 3003 2947
f 2947 3003 2948
f 2948 3003 3002
f 3001 3004 3002
f 3002 3004 2948
f 3000 3005 3001
f 3001 3005 3004
f 2940 3006 3000
f 3000 3006 3005
f 2999 3007 2971
f 2971 3007 2972
f 2998 2951 2999
f 2999 2951 3007
f 3008 2952 2998
f 2998 2952 2951
f 2966 2965 2936
f 2936 2965 2937
f 2935 2938 2971
f 2971 2938 2934
f 3003 2997 2946
f 2946 2997 2992
f 2997 2996 2992
f 2992 2996 2993
f 2996 2995 2993
f 2993 2995 2994
f 1356 2986 1357
f 1357 2986 2984
f 2982 2975 2994
f 2994 2975 776
f 1844 1843 1899
f 1899 1843 3009
f 1843 638 3009
f 3009 638 3010
f 638 637 3010
f 3010 637 3011
f 637 1830 3011
f 3011 1830 3012
f 1830 1833 3012
f 3012 1833 2894
f 1833 1854 2894
f 2894 1854 2895
f 1854 1853 2895
f 2895 1853 1888
f 1858 1857 1885
f 1885 1857 1892
f 1899 3009 1898
f 1898 3009 1874
f 3009 3010 1874
f 1874 3010 1865
f 3010 3011 1865
f 1865 3011 1862
f 3011 3012 1862
f 1862 3012 1882
f 3012 2894 1882
f 1882 2894 2893
f 1850 2890 782
f 782 2890 2889
f 783 2880 1811
f 1811 2880 1812
f 744 1810 745
f 745 1810 2973
f 745 2973 805
f 805 2973 806
f 2973 2974 806
f 806 2974 815
f 1303 812 2974
f 2974 812 815
f 1303 1302 812
f 812 1302 1221
f 1307 3013 1302
f 1302 3013 1221
f 1734 3014 1633
f 1633 3014 1634
f 1646 1649 1636
f 1636 1649 1637
f 1654 1657 1641
f 1641 1657 1642
f 1639 1736 1636
f 1636 1736 1684
f 1716 1713 1698
f 1698 1713 1699
f 1718 1721 1705
f 1705 1721 1706
f 1653 1654 1709
f 1709 1654 1641
f 1620 1623 1714
f 1714 1623 1699
f 1712 1682 1714
f 1714 1682 1740
f 1668 1671 1746
f 1746 1671 1747
f 1752 1650 1749
f 1749 1650 1750
f 1750 1650 1709
f 1709 1650 1653
f 1632 1668 1633
f 1633 1668 1746
f 1649 1752 1637
f 1637 1752 1749
f 1682 1643 1740
f 1740 1643 1642
f 3014 1685 1634
f 1634 1685 1684
f 1704 1748 1705
f 1705 1748 1747
f 1697 1707 1698
f 1698 1707 1706
f 1739 1701 1621
f 1621 1701 1622
f 1567 1566 1647
f 1647 1566 1648
f 1664 1695 1651
f 1651 1695 1652
f 1614 1617 1655
f 1655 1617 1656
f 1704 1707 1659
f 1659 1707 1660
f 3014 1734 1662
f 1662 1734 1663
f 1650 1752 1651
f 1651 1752 1665
f 1741 1657 1667
f 1667 1657 1656
f 1695 1614 1652
f 1652 1614 1655
f 1724 1567 1726
f 1726 1567 1647
f 1645 1628 1733
f 1733 1628 1663
f 1685 3014 1726
f 1726 3014 1662
f 1620 1741 1621
f 1621 1741 1667
f 1566 1666 1648
f 1648 1666 1665
f 1658 1737 1659
f 1659 1737 1901
f 1911 1661 1910
f 1910 1661 1660
f 1701 1911 1622
f 1622 1911 1910
f 1732 1748 1733
f 1733 1748 1901
f 1857 2948 1892
f 1892 2948 3004
f 1892 3004 1891
f 1891 3004 3005
f 1828 3006 1829
f 1829 3006 2949
f 2967 736 2968
f 2968 736 710
f 2972 2969 2967
f 2967 2969 736
f 2969 2972 897
f 897 2972 3007
f 897 3007 729
f 729 3007 2951
f 3016 753 3015
f 3015 753 752
f 3018 767 3017
f 3017 767 766
f 3019 3020 1249
f 1249 3020 3021
f 2915 2914 3019
f 3019 2914 3020
f 3023 2914 3022
f 3022 2914 1783
f 2827 2839 769
f 769 2839 766
f 3025 2838 3024
f 3024 2838 3021
f 768 767 2850
f 2850 767 3026
f 2850 3026 751
f 751 3026 752
f 750 753 2932
f 2932 753 3027
f 3008 2998 3027
f 3027 2998 2932
f 3028 3029 3008
f 3008 3029 2952
f 3029 3030 2952
f 2952 3030 730
f 3032 3033 3031
f 3031 3033 3034
f 3036 3037 3035
f 3035 3037 3038
f 2870 3039 612
f 612 3039 3040
f 3041 3042 3031
f 3031 3042 3038
f 3034 1352 3043
f 3043 1352 944
f 612 3040 613
f 613 3040 3044
f 613 3044 1425
f 1425 3044 1422
f 3045 3042 669
f 669 3042 670
f 3041 3043 599
f 599 3043 600
f 772 771 1544
f 1544 771 781
f 1503 771 1866
f 1866 771 770
f 771 1503 781
f 781 1503 778
f 61 281 416
f 416 281 1907
f 283 103 3046
f 3046 103 3047
f 76 79 3048
f 3048 79 3049
f 280 76 1906
f 1906 76 3048
f 3051 335 3050
f 3050 335 334
f 3053 417 3052
f 3052 417 416
f 3055 435 3054
f 3054 435 434
f 428 435 419
f 419 435 1908
f 420 1909 293
f 293 1909 443
f 79 294 3049
f 3049 294 444
f 3057 444 3056
f 3056 444 443
f 3051 3058 335
f 335 3058 452
f 216 215 1332
f 1332 215 452
f 308 283 462
f 462 283 3046
f 3050 334 3059
f 3059 334 462
f 103 62 3047
f 3047 62 417
f 313 312 434
f 434 312 463
f 3061 574 3060
f 3060 574 573
f 1310 3062 1428
f 1428 3062 3063
f 1258 3064 1255
f 1255 3064 2871
f 932 3065 2853
f 2853 3065 3066
f 699 2814 931
f 931 2814 3067
f 3068 1301 3063
f 3063 1301 1428
f 571 574 1310
f 1310 574 3062
f 3060 573 3069
f 3069 573 1332
f 3070 3071 1906
f 1906 3071 1907
f 3072 3073 1908
f 1908 3073 1909
f 3075 2814 3074
f 3074 2814 2813
f 2854 3076 1258
f 1258 3076 3064
f 2871 3077 2872
f 2872 3077 3078
f 3074 2813 3079
f 3079 2813 2873
f 2872 3078 1349
f 1349 3078 3080
f 2873 701 3068
f 3068 701 1301
f 1330 1201 3080
f 3080 1201 1349
f 1264 1263 3081
f 3081 1263 3082
f 3083 3084 3082
f 3082 3084 3081
f 811 1448 3086
f 3086 1448 3085
f 808 811 3087
f 3087 811 3086
f 3088 3083 833
f 833 3083 3082
f 884 3089 885
f 885 3089 3090
f 3087 1790 808
f 808 1790 816
f 1790 3087 1787
f 1787 3087 3091
f 3092 3091 3086
f 3086 3091 3087
f 3093 3094 3084
f 3084 3094 3095
f 3089 3096 3090
f 3090 3096 3088
f 3097 3093 3083
f 3083 3093 3084
f 3099 3100 3098
f 3098 3100 1786
f 3101 1788 2913
f 2913 1788 3102
f 838 837 885
f 885 837 886
f 886 837 3103
f 3103 837 1541
f 3094 3093 3104
f 3104 3093 3097
f 3105 3106 3089
f 3089 3106 3096
f 3108 3109 3107
f 3107 3109 3110
f 3111 3112 3091
f 3091 3112 1787
f 3114 3108 3113
f 3113 3108 3107
f 3114 3115 3112
f 3112 3115 3102
f 3091 3092 3111
f 3111 3092 3116
f 839 838 835
f 835 838 836
f 885 3090 838
f 838 3090 836
f 3110 3117 1247
f 1247 3117 3118
f 1247 3118 1248
f 1248 3118 3119
f 3120 3121 3119
f 3119 3121 1248
f 1247 844 3110
f 3110 844 3107
f 844 843 3107
f 3107 843 3113
f 843 3099 3113
f 3113 3099 3122
f 1781 3123 3098
f 3098 3123 3124
f 2915 2931 1780
f 1780 2931 2930
f 3019 3125 2915
f 2915 3125 2931
f 890 3125 2834
f 2834 3125 1252
f 3125 3019 1252
f 1252 3019 1249
f 907 908 946
f 946 908 947
f 1185 1188 1369
f 1369 1188 948
f 954 957 951
f 951 957 952
f 910 965 953
f 953 965 950
f 905 958 960
f 960 958 961
f 3126 978 949
f 949 978 962
f 936 935 967
f 967 935 968
f 994 993 969
f 969 993 966
f 902 904 971
f 971 904 972
f 983 985 973
f 973 985 970
f 906 905 974
f 974 905 960
f 977 981 959
f 959 981 975
f 911 910 1143
f 1143 910 953
f 952 957 1142
f 1142 957 1145
f 911 1143 1366
f 1366 1143 1368
f 1185 1369 1145
f 1145 1369 1142
f 993 1519 966
f 966 1519 1456
f 965 1454 950
f 950 1454 1457
f 900 899 1459
f 1459 899 1460
f 988 991 1461
f 1461 991 1458
f 899 963 1460
f 1460 963 1462
f 985 987 970
f 970 987 1463
f 904 906 972
f 972 906 974
f 981 983 975
f 975 983 973
f 935 900 968
f 968 900 1459
f 991 994 1458
f 1458 994 969
f 1154 1526 1088
f 1088 1526 1089
f 1109 1112 1092
f 1092 1112 1093
f 1083 1098 1084
f 1084 1098 1097
f 1078 1471 1100
f 1100 1471 1101
f 1075 1078 1104
f 1104 1078 1100
f 1152 1154 1156
f 1156 1154 1088
f 1156 1155 1372
f 1372 1155 1373
f 1372 1373 1104
f 1104 1373 1075
f 1467 1109 1465
f 1465 1109 1092
f 1465 1182 1468
f 1468 1182 1184
f 1474 1470 1096
f 1096 1470 1097
f 1102 1101 1083
f 1083 1101 1098
f 1112 1531 1093
f 1093 1531 1529
f 1102 1073 1099
f 1099 1073 1072
f 1526 1154 1079
f 1079 1154 1080
f 1081 1091 1082
f 1082 1091 1094
f 1069 1068 1085
f 1085 1068 1086
f 1153 1151 1080
f 1080 1151 1058
f 1371 1177 1179
f 1179 1177 1176
f 1099 1072 1103
f 1103 1072 1176
f 1068 1071 1086
f 1086 1071 1073
f 1085 1084 1180
f 1180 1084 1469
f 1066 1065 1183
f 1183 1065 1181
f 1153 1152 1177
f 1177 1152 1178
f 1091 1081 1182
f 1182 1081 1183
f 1057 1525 1079
f 1079 1525 1527
f 1120 1117 1076
f 1076 1117 1077
f 1087 1090 1107
f 1107 1090 1108
f 1127 1126 1110
f 1110 1126 1111
f 1095 1116 1096
f 1096 1116 1115
f 1471 1078 1119
f 1119 1078 1077
f 1087 1107 1155
f 1155 1107 1158
f 1376 1374 1157
f 1157 1374 1158
f 1076 1075 1374
f 1374 1075 1373
f 1109 1467 1110
f 1110 1467 1472
f 1467 1466 1472
f 1472 1466 1473
f 1135 1475 1114
f 1114 1475 1115
f 1471 1119 1095
f 1095 1119 1116
f 1126 1532 1111
f 1111 1532 1530
f 914 1276 1480
f 1480 1276 1517
f 3127 3128 1223
f 1223 3128 1224
f 824 933 1455
f 1455 933 3129
f 3131 1448 3130
f 3130 1448 1447
f 3132 3133 1452
f 1452 3133 1453
f 3130 1447 1322
f 1322 1447 1455
f 933 1514 3129
f 3129 1514 3134
f 1161 3135 1480
f 1480 3135 1481
f 3128 3136 1224
f 1224 3136 1499
f 3133 1162 1453
f 1453 1162 1517
f 1515 3127 1535
f 1535 3127 1223
f 3095 3085 3131
f 3131 3085 1448
f 3137 3092 3085
f 3085 3092 3086
f 3138 3116 3137
f 3137 3116 3092
f 3110 3109 3117
f 3117 3109 3139
f 3105 3140 3117
f 3117 3140 3118
f 3140 3141 3118
f 3118 3141 3119
f 3142 3120 3141
f 3141 3120 3119
f 1498 3143 1277
f 1277 3143 882
f 3144 3145 1340
f 1340 3145 1339
f 1340 3146 3144
f 3144 3146 3147
f 3145 3144 3143
f 3143 3144 3148
f 871 901 872
f 872 901 1362
f 3149 3148 3147
f 3147 3148 3144
f 1208 3150 1209
f 3098 1786 1781
f 1781 1786 1782
f 2930 2929 3123
f 3123 2929 2911
f 1794 1791 2916
f 2916 1791 2917
f 1793 3101 2918
f 2918 3101 2919
f 1796 1794 2920
f 2920 1794 2916
f 3151 3152 2921
f 2921 3152 2922
f 3153 3154 2923
f 2923 3154 2924
f 2919 3101 2912
f 2912 3101 2913
f 3155 1796 2925
f 2925 1796 2920
f 3154 3156 2924
f 2924 3156 2926
f 1791 1793 2917
f 2917 1793 2918
f 3157 3158 2927
f 2927 3158 2928
f 1780 2930 1781
f 1781 2930 3123
f 2825 1267 1189
f 1189 1267 1190
f 2827 2828 1250
f 1250 2828 1251
f 1489 2830 1324
f 1324 2830 1325
f 923 1328 1334
f 1334 1328 1335
f 1485 2832 1482
f 1482 2832 1483
f 1266 1490 1492
f 1492 1490 1493
f 1333 1346 1334
f 1334 1346 2824
f 722 799 1492
f 1492 799 1190
f 664 657 1482
f 1482 657 2833
f 631 634 1324
f 1324 634 1493
f 2828 1494 1251
f 1251 1494 2835
f 1249 3021 1250
f 1250 3021 2838
f 798 2837 1189
f 1189 2837 2836
f 3100 842 3160
f 3160 842 3159
f 1788 3101 1789
f 1789 3101 1793
f 1792 816 1789
f 1789 816 1790
f 817 816 1795
f 1795 816 1792
f 938 817 1797
f 1797 817 1795
f 1796 3155 1797
f 1797 3155 1798
f 3155 3158 1798
f 1798 3158 1799
f 3157 3152 1801
f 1801 3152 1802
f 3151 3156 1803
f 1803 3156 1804
f 3154 3153 1805
f 1805 3153 1806
f 3153 3161 1806
f 1806 3161 1807
f 3099 843 3100
f 3100 843 842
f 1788 1787 3102
f 3102 1787 3112
f 2910 3115 3124
f 3124 3115 3122
f 3099 3098 3122
f 3122 3098 3124
f 416 1907 3052
f 3052 1907 3071
f 3046 3047 3163
f 3163 3047 3162
f 249 445 259
f 259 445 3164
f 425 3165 424
f 424 3165 461
f 408 410 329
f 329 410 330
f 39 331 40
f 40 331 332
f 305 304 423
f 423 304 464
f 385 254 458
f 458 254 392
f 250 415 251
f 251 415 412
f 233 337 234
f 234 337 3166
f 435 3055 1908
f 1908 3055 3072
f 443 1909 3056
f 3056 1909 3073
f 3167 3049 3057
f 3057 3049 444
f 452 3058 1332
f 1332 3058 3069
f 234 3166 346
f 346 3166 411
f 3046 3163 462
f 462 3163 3059
f 259 3164 260
f 260 3164 336
f 3047 417 3162
f 3162 417 3053
f 463 3168 434
f 434 3168 3054
f 454 830 425
f 425 830 3165
f 3062 3169 3063
f 3063 3169 3170
f 1355 1354 1534
f 1534 1354 3171
f 3063 3170 3068
f 3068 3170 3172
f 574 3061 3062
f 3062 3061 3169
f 1534 3171 1535
f 1535 3171 3173
f 3079 2873 3172
f 3172 2873 3068
f 2838 3025 2839
f 2839 3025 3174
f 3176 3177 3175
f 3175 3177 3178
f 3180 1125 3179
f 3179 1125 1128
f 3182 3183 3181
f 3181 3183 3184
f 1134 3185 1130
f 1130 3185 3182
f 3186 3187 3189
f 3189 3187 3188
f 3191 3189 3190
f 3190 3189 3188
f 1137 1122 3190
f 3190 1122 3192
f 3175 3178 3193
f 3193 3178 3194
f 3181 3184 3179
f 3179 3184 3195
f 3197 3198 3196
f 3196 3198 3180
f 3200 3178 3199
f 3199 3178 3177
f 3202 3196 3201
f 3201 3196 3195
f 3204 3184 3203
f 3203 3184 3183
f 3206 3207 3205
f 3205 3207 3186
f 3205 3186 3208
f 3208 3186 3189
f 3209 3208 3191
f 3191 3208 3189
f 3210 3194 3200
f 3200 3194 3178
f 3201 3195 3204
f 3204 3195 3184
f 3197 3211 3177
f 3177 3211 3199
f 3213 3214 3212
f 3212 3214 3215
f 3217 3218 3216
f 3216 3218 3219
f 3221 3222 3220
f 3220 3222 3223
f 3225 3226 3224
f 3224 3226 3227
f 3229 3230 3228
f 3228 3230 3231
f 3233 3234 3232
f 3232 3234 3235
f 3237 3238 3236
f 3236 3238 3239
f 3238 3240 3239
f 3239 3240 3241
f 3232 3235 3242
f 3242 3235 3243
f 3245 3246 3244
f 3244 3246 3247
f 3248 3249 3245
f 3245 3249 3246
f 3251 3252 3250
f 3250 3252 3253
f 3255 3252 3254
f 3254 3252 3251
f 3256 3257 3259
f 3259 3257 3258
f 3261 3262 3260
f 3260 3262 3263
f 3265 3263 3264
f 3264 3263 3262
f 3256 3259 3266
f 3266 3259 3267
f 3269 3270 3268
f 3268 3270 3271
f 3269 3272 3270
f 3270 3272 3273
f 3274 3275 3277
f 3277 3275 3276
f 3278 3279 3276
f 3276 3279 3277
f 3281 3282 3280
f 3280 3282 3283
f 3280 3284 3281
f 3281 3284 3285
f 3287 3288 3286
f 3286 3288 3289
f 3290 3291 3288
f 3288 3291 3289
f 3234 3218 3235
f 3235 3218 3217
f 3232 3292 3233
f 3233 3292 3293
f 3239 3294 3236
f 3236 3294 3219
f 3233 3293 3237
f 3237 3293 3295
f 3296 3294 3241
f 3241 3294 3239
f 3240 3238 3297
f 3297 3238 3298
f 3217 3216 3235
f 3235 3216 3243
f 3297 3299 3240
f 3240 3299 3242
f 3246 3300 3247
f 3247 3300 3223
f 3301 3302 3254
f 3254 3302 3244
f 3249 3303 3246
f 3246 3303 3300
f 3245 3304 3248
f 3248 3304 3292
f 3252 3221 3253
f 3253 3221 3220
f 3250 3248 3299
f 3299 3248 3292
f 3222 3221 3255
f 3255 3221 3252
f 3297 3301 3251
f 3251 3301 3254
f 3258 3214 3259
f 3259 3214 3213
f 3257 3256 3304
f 3304 3256 3305
f 3263 3306 3260
f 3260 3306 3215
f 3261 3257 3302
f 3302 3257 3304
f 3307 3306 3265
f 3265 3306 3263
f 3262 3301 3264
f 3264 3301 3308
f 3259 3213 3267
f 3267 3213 3212
f 3308 3309 3264
f 3264 3309 3266
f 3270 3310 3271
f 3271 3310 3231
f 3311 3312 3278
f 3278 3312 3268
f 3270 3273 3310
f 3310 3273 3313
f 3272 3269 3305
f 3305 3269 3314
f 3277 3229 3274
f 3274 3229 3228
f 3275 3272 3309
f 3309 3272 3305
f 3279 3230 3277
f 3277 3230 3229
f 3276 3308 3278
f 3278 3308 3311
f 3281 3315 3282
f 3282 3315 3227
f 3290 3316 3283
f 3283 3316 3317
f 3281 3285 3315
f 3315 3285 3318
f 3284 3280 3314
f 3314 3280 3319
f 3289 3225 3286
f 3286 3225 3224
f 3287 3284 3312
f 3284 3314 3312
f 3291 3226 3289
f 3289 3226 3225
f 3288 3311 3290
f 3290 3311 3316
f 3212 3215 3307
f 3307 3215 3306
f 3294 3296 3219
f 3219 3296 3216
f 3303 3220 3300
f 3300 3220 3223
f 3224 3227 3318
f 3318 3227 3315
f 3228 3231 3313
f 3313 3231 3310
f 3234 3233 3236
f 3236 3233 3237
f 3243 3241 3242
f 3242 3241 3240
f 3247 3255 3244
f 3244 3255 3254
f 3253 3249 3250
f 3250 3249 3248
f 3260 3258 3261
f 3261 3258 3257
f 3266 3267 3264
f 3264 3267 3265
f 3268 3271 3278
f 3278 3271 3279
f 3274 3273 3275
f 3275 3273 3272
f 3283 3282 3290
f 3290 3282 3291
f 3286 3285 3287
f 3287 3285 3284
f 3218 3234 3219
f 3219 3234 3236
f 3295 3298 3237
f 3237 3298 3238
f 3216 3296 3243
f 3243 3296 3241
f 3242 3299 3232
f 3232 3299 3292
f 3223 3222 3247
f 3247 3222 3255
f 3244 3302 3245
f 3245 3302 3304
f 3303 3249 3220
f 3220 3249 3253
f 3297 3251 3299
f 3299 3251 3250
f 3215 3214 3260
f 3260 3214 3258
f 3301 3262 3302
f 3302 3262 3261
f 3212 3307 3267
f 3267 3307 3265
f 3266 3309 3256
f 3256 3309 3305
f 3271 3231 3279
f 3279 3231 3230
f 3268 3312 3269
f 3269 3312 3314
f 3228 3313 3274
f 3274 3313 3273
f 3308 3276 3309
f 3309 3276 3275
f 3282 3227 3291
f 3291 3227 3226
f 3317 3319 3283
f 3283 3319 3280
f 3224 3318 3286
f 3286 3318 3285
f 3312 3311 3287
f 3311 3288 3287
f 3320 3321 3194
f 3194 3321 3193
f 1375 3321 1121
f 1121 3321 3322
f 3323 3324 3322
f 3322 3324 3192
f 3175 1124 3176
f 3176 1124 1123
f 3179 3195 3180
f 3180 3195 3196
f 3181 1131 3182
f 3182 1131 1130
f 3207 3185 3186
f 3186 3185 3187
f 1136 3188 1133
f 1133 3188 3187
f 3190 3188 1137
f 1137 3188 1136
f 3193 1159 3175
f 3175 1159 1124
f 3179 1128 3181
f 3181 1128 1131
f 1533 3198 1123
f 1123 3198 3176
f 3321 1375 3193
f 3193 1375 1159
f 3321 3320 3322
f 3322 3320 3323
f 1122 1121 3192
f 3192 1121 3322
f 3194 3210 3320
f 3320 3210 3325
f 3324 3323 3327
f 3327 3323 3326
f 3320 3325 3323
f 3323 3325 3326
f 3208 3328 3205
f 3205 3328 3329
f 3330 3206 3329
f 3329 3206 3205
f 3203 3331 3204
f 3204 3331 3332
f 3210 3333 3325
f 3325 3333 3334
f 3325 3334 3326
f 3326 3334 3335
f 3327 3326 3336
f 3336 3326 3335
f 3327 3209 3324
f 3324 3209 3191
f 3190 3192 3191
f 3191 3192 3324
f 3338 3339 3337
f 3337 3339 3340
f 3338 3341 3339
f 3339 3341 3342
f 3341 3343 3342
f 3342 3343 3344
f 3343 3345 3344
f 3344 3345 3346
f 3345 3347 3346
f 3346 3347 3348
f 3347 3349 3348
f 3348 3349 3350
f 3337 3340 3351
f 3351 3340 3352
f 3351 3352 3353
f 3353 3352 3354
f 3353 3354 3355
f 3355 3354 3356
f 3350 3349 3357
f 3357 3349 3358
f 3355 3356 3359
f 3359 3356 3360
f 3359 3360 3361
f 3361 3360 3362
f 3361 3362 3363
f 3363 3362 3364
f 3363 3364 3358
f 3358 3364 3357
f 3339 3342 3365
f 3365 3342 3366
f 3342 3344 3366
f 3366 3344 3367
f 3344 3346 3367
f 3367 3346 3368
f 3346 3348 3368
f 3368 3348 3369
f 3348 3350 3369
f 3369 3350 3370
f 3368 3369 3371
f 3371 3369 3372
f 3369 3370 3372
f 3372 3370 3373
f 3373 3374 3372
f 3372 3374 3375
f 3377 3378 3376
f 3376 3378 3379
f 3377 3375 3378
f 3378 3375 3374
f 3375 3380 3372
f 3372 3380 3371
f 3377 3381 3375
f 3375 3381 3380
f 3376 3382 3377
f 3377 3382 3381
f 3384 3385 3383
f 3383 3385 3386
f 3384 3383 3388
f 3388 3383 3387
f 3388 3387 3389
f 3389 3387 3390
f 3392 3385 3391
f 3391 3385 3384
f 3388 3393 3384
f 3384 3393 3391
f 3389 3394 3388
f 3388 3394 3393
f 3389 3395 3394
f 3394 3395 3396
f 3395 3389 3397
f 3397 3389 3390
f 3339 3365 3340
f 3340 3365 3398
f 3340 3398 3352
f 3352 3398 3399
f 3371 3400 3368
f 3368 3400 3367
f 3400 3401 3367
f 3367 3401 3366
f 3366 3401 3365
f 3365 3401 3402
f 3398 3365 3403
f 3403 3365 3402
f 3398 3403 3399
f 3399 3403 3404
f 3403 3405 3404
f 3404 3405 3406
f 3352 3399 3354
f 3354 3399 3407
f 3399 3404 3407
f 3407 3404 3408
f 3404 3406 3408
f 3408 3406 3409
f 3405 3410 3406
f 3406 3410 3411
f 3410 3412 3411
f 3411 3412 3413
f 3397 3414 3395
f 3395 3414 3415
f 3417 3415 3416
f 3416 3415 3412
f 3410 3418 3412
f 3412 3418 3416
f 3410 3405 3418
f 3418 3405 3419
f 3405 3403 3419
f 3419 3403 3402
f 3370 3350 3420
f 3420 3350 3357
f 3373 3370 3421
f 3421 3370 3420
f 3374 3373 3422
f 3422 3373 3421
f 3378 3374 3423
f 3423 3374 3422
f 3378 3423 3379
f 3379 3423 3424
f 3424 3425 3379
f 3379 3425 3386
f 3383 3426 3387
f 3387 3426 3427
f 3387 3427 3390
f 3390 3427 3428
f 3390 3428 3397
f 3397 3428 3429
f 3429 3430 3397
f 3397 3430 3414
f 3411 3413 3431
f 3431 3413 3432
f 3406 3411 3409
f 3409 3411 3431
f 3401 3400 3335
f 3335 3400 3336
f 3401 3335 3402
f 3402 3335 3334
f 3402 3334 3419
f 3419 3334 3333
f 3419 3333 3418
f 3418 3333 3433
f 3418 3433 3416
f 3416 3433 3434
f 3435 3417 3434
f 3434 3417 3416
f 3394 3396 3436
f 3436 3396 3437
f 3393 3394 3332
f 3332 3394 3436
f 3393 3332 3391
f 3391 3332 3331
f 3330 3392 3331
f 3331 3392 3391
f 3382 3329 3381
f 3381 3329 3328
f 3354 3407 3356
f 3356 3407 3438
f 3356 3438 3360
f 3360 3438 3439
f 3360 3439 3362
f 3362 3439 3440
f 3362 3440 3364
f 3364 3440 3441
f 3364 3441 3357
f 3357 3441 3420
f 3421 3420 3442
f 3442 3420 3441
f 3442 3441 3443
f 3443 3441 3440
f 3443 3440 3444
f 3444 3440 3439
f 3444 3439 3445
f 3445 3439 3438
f 3445 3438 3408
f 3408 3438 3407
f 3422 3421 3446
f 3446 3421 3442
f 3446 3442 3447
f 3447 3442 3443
f 3447 3443 3448
f 3448 3443 3444
f 3448 3444 3449
f 3449 3444 3445
f 3449 3445 3409
f 3409 3445 3408
f 3409 3431 3449
f 3449 3431 3450
f 3449 3450 3448
f 3448 3450 3451
f 3451 3452 3448
f 3448 3452 3447
f 3447 3452 3446
f 3446 3452 3453
f 3446 3453 3422
f 3422 3453 3423
f 3424 3423 3454
f 3454 3423 3453
f 3452 3455 3453
f 3453 3455 3454
f 3452 3451 3455
f 3455 3451 3456
f 3450 3457 3451
f 3451 3457 3456
f 3431 3432 3450
f 3450 3432 3457
f 3454 3458 3424
f 3424 3458 3425
f 3427 3426 3459
f 3459 3426 3460
f 3428 3427 3461
f 3461 3427 3459
f 3428 3461 3429
f 3429 3461 3462
f 3462 3463 3429
f 3429 3463 3430
f 3464 3465 3462
f 3462 3465 3463
f 3455 3466 3454
f 3454 3466 3458
f 3465 3464 3466
f 3466 3464 3467
f 3461 3459 3468
f 3468 3459 3469
f 3468 3469 3464
f 3464 3469 3467
f 3464 3462 3468
f 3468 3462 3461
f 3459 3460 3469
f 3469 3460 3467
f 3295 3351 3298
f 3298 3351 3353
f 3353 3355 3298
f 3298 3355 3297
f 3297 3355 3301
f 3301 3355 3359
f 3301 3359 3308
f 3308 3359 3361
f 3308 3361 3311
f 3311 3361 3363
f 3311 3363 3316
f 3316 3363 3358
f 3316 3358 3317
f 3317 3358 3349
f 3349 3347 3317
f 3317 3347 3319
f 3347 3345 3319
f 3319 3345 3314
f 3345 3343 3314
f 3314 3343 3305
f 3343 3341 3305
f 3305 3341 3304
f 3304 3341 3292
f 3292 3341 3338
f 3292 3338 3293
f 3293 3338 3337
f 3293 3337 3295
f 3295 3337 3351
f 3437 3202 3436
f 3436 3202 3201
f 3436 3201 3332
f 3332 3201 3204
f 3433 3200 3434
f 3434 3200 3199
f 3211 3435 3199
f 3199 3435 3434
f 3333 3210 3433
f 3433 3210 3200
f 3380 3470 3371
f 3400 3371 3336
f 3336 3371 3470
f 3381 3328 3380
f 3380 3328 3470
f 3470 3328 3209
f 3209 3328 3208
f 3336 3470 3327
f 3327 3470 3209
f 1545 1763 1546
f 1546 1763 1762
f 1403 1546 773
f 773 1546 770
f 1221 3013 1220
f 1220 3013 3471
f 1305 2877 1306
f 1306 2877 2879
f 1220 3471 828
f 828 3471 829
f 1217 1754 3472
f 3472 1754 1756
f 1049 3473 1048
f 1048 3473 3474
f 1371 1179 3473
f 3473 1179 3474
f 1074 3475 1179
f 1179 3475 3474
f 3474 3475 1048
f 1048 3475 1056
f 919 666 1345
f 1345 666 665
f 856 680 919
f 919 680 666
f 679 680 1449
f 1449 680 858
f 1367 878 1500
f 1500 878 877
f 1366 908 1367
f 1367 908 878
f 1512 916 1513
f 1513 916 915
f 947 1368 948
f 948 1368 1369
f 1047 1021 1044
f 1044 1021 1020
f 1370 1049 1019
f 1019 1049 1020
f 1173 1030 1174
f 1174 1030 1033
f 3126 1188 1464
f 1464 1188 1187
f 1800 1451 1512
f 1512 1451 916
f 1175 1174 1186
f 1186 1174 1187
f 1030 1173 1047
f 1047 1173 1021
f 1513 915 3476
f 3476 915 1481
f 1345 665 3477
f 3477 665 1483
f 1502 1501 876
f 876 1501 877
f 1205 1451 1803
f 1803 1451 1802
f 3479 2832 3478
f 3478 2832 2831
f 1449 858 2927
f 2927 858 2922
f 908 1366 947
f 947 1366 1368
f 949 948 3126
f 3126 948 1188
f 3480 3135 1502
f 1502 3135 1501
f 2927 2922 3157
f 3157 2922 3152
f 3477 1483 3479
f 3479 1483 2832
f 1803 1802 3151
f 3151 1802 3152
f 663 658 664
f 664 658 657
f 655 658 939
f 939 658 706
f 1512 870 1800
f 1800 870 869
f 875 874 876
f 876 874 873
f 849 874 905
f 905 874 958
f 949 962 946
f 946 962 961
f 978 3126 979
f 979 3126 1464
f 1031 1168 1032
f 1032 1168 1022
f 1045 1013 1046
f 1046 1013 1012
f 1045 1044 1056
f 1056 1044 1048
f 1047 1046 1030
f 1030 1046 1031
f 939 706 940
f 940 706 1450
f 979 1464 1032
f 1032 1464 1033
f 3480 1478 3476
f 3476 1478 3134
f 2829 1487 2830
f 2830 1487 1486
f 848 1230 873
f 873 1230 1479
f 867 870 933
f 933 870 1514
f 1800 869 1801
f 1801 869 1799
f 2830 1486 1325
f 1325 1486 2833
f 940 1450 2925
f 2925 1450 2928
f 946 961 907
f 907 961 958
f 959 962 977
f 977 962 978
f 3476 3134 1513
f 1513 3134 1514
f 2925 2928 3155
f 3155 2928 3158
f 1325 2833 656
f 656 2833 657
f 1801 1799 3157
f 3157 1799 3158
f 1074 1055 3475
f 3475 1055 1056
f 1371 3473 1370
f 1370 3473 1049
f 2884 615 3481
f 3481 615 618
f 3478 2831 2846
f 2846 2831 617
f 2831 1484 617
f 617 1484 618
f 1484 1487 618
f 618 1487 3481
f 2848 3481 2829
f 2829 3481 1487
f 1480 1517 1161
f 1161 1517 1162
f 3129 1323 1455
f 1455 1323 1322
f 3129 3134 1323
f 1323 3134 1478
f 1535 3173 1515
f 1515 3173 1516
f 3085 3095 3137
f 3137 3095 3094
f 3137 3094 3138
f 3138 3094 3104
f 3117 3139 3105
f 3105 3139 3106
f 1138 1141 3127
f 3127 1141 3128
f 3081 3131 1264
f 1264 3131 3130
f 1227 1226 3132
f 3132 1226 3133
f 1264 3130 1229
f 1229 3130 1322
f 1160 1501 1161
f 1161 1501 3135
f 1141 1476 3128
f 3128 1476 3136
f 1226 1163 3133
f 3133 1163 1162
f 1363 1138 1515
f 1515 1138 3127
f 3084 3095 3081
f 3081 3095 3131
f 3089 884 3105
f 3105 884 3140
f 884 883 3140
f 3140 883 3141
f 883 3482 3141
f 3141 3482 3142
f 3476 1481 3480
f 3480 1481 3135
f 1502 1479 3480
f 3480 1479 1478
f 3168 463 440
f 714 1880 715
f 715 1880 2905
f 896 732 2970
f 2970 732 731
f 1263 834 3082
f 3082 834 833
f 898 1231 853
f 853 1231 854
f 3125 890 2931
f 2931 890 889
f 1237 893 2851
f 2851 893 892
f 898 853 899
f 899 853 963
f 988 987 989
f 989 987 986
f 1002 1007 1003
f 1003 1007 1006
f 1038 1036 1007
f 1007 1036 1004
f 1070 1052 1005
f 1005 1052 1006
f 1069 1067 1070
f 1070 1067 1052
f 1130 1129 1134
f 1134 1129 1135
f 879 1167 880
f 880 1167 1166
f 1171 1169 1037
f 1037 1169 1038
f 1085 1180 1069
f 1069 1180 1067
f 1209 1210 879
f 879 1210 1167
f 2885 1215 1754
f 1754 1215 1214
f 1263 855 834
f 834 855 854
f 708 1244 1826
f 1826 1244 1243
f 2909 894 1254
f 1254 894 893
f 1228 1361 964
f 964 1361 1360
f 2908 2907 1436
f 1436 2907 1437
f 2990 1440 2991
f 2991 1440 1439
f 964 1360 965
f 965 1360 1454
f 950 1457 951
f 951 1457 1456
f 970 1463 971
f 971 1463 1462
f 1025 1169 984
f 984 1169 986
f 1084 1097 1469
f 1469 1097 1470
f 1096 1115 1474
f 1474 1115 1475
f 1140 1361 1141
f 1141 1361 1476
f 1212 1495 2828
f 2828 1495 1494
f 880 1166 1452
f 1452 1166 1499
f 715 2905 1504
f 1504 2905 2906
f 954 1519 955
f 955 1519 1518
f 1026 1520 992
f 992 1520 1518
f 1029 1520 1043
f 1043 1520 1521
f 997 1522 1040
f 1040 1522 1521
f 1015 1522 1016
f 1016 1522 1523
f 1523 996 1524
f 1524 996 1062
f 1057 1060 1525
f 1525 1060 1524
f 1094 1528 1082
f 1082 1528 1527
f 1526 1528 1089
f 1089 1528 1529
f 1090 1531 1108
f 1108 1531 1530
f 1125 1533 1126
f 1126 1533 1532
f 3483 1755 727
f 727 1755 1214
f 735 1814 707
f 707 1814 1813
f 2891 1834 1246
f 1246 1834 1243
f 2904 1881 1847
f 1847 1881 1848
f 1852 1855 1853
f 1853 1855 1858
f 1902 2903 1877
f 1877 2903 1878
f 2903 2904 1878
f 1878 2904 1847
f 714 713 1848
f 1848 713 1849
f 1440 2990 1883
f 1883 2990 2989
f 1883 2989 1852
f 1852 2989 1855
f 2895 1888 2892
f 2892 1888 1887
f 774 777 1877
f 1877 777 1903
f 1251 2835 1252
f 1252 2835 2834
f 1213 2844 1212
f 1212 2844 1495
f 2851 892 1213
f 1213 892 2844
f 3123 2911 3124
f 3124 2911 2910
f 887 2929 888
f 888 2929 889
f 1435 2963 1436
f 1436 2963 2961
f 1253 1438 1254
f 1254 1438 1437
f 2970 731 735
f 735 731 1814
f 733 732 2885
f 2885 732 1215
f 2901 2902 2976
f 2976 2902 2977
f 2975 2982 2976
f 2976 2982 2979
f 2899 2900 2981
f 2981 2900 2979
f 2899 2981 2898
f 2898 2981 2983
f 2986 2985 2984
f 2984 2985 2983
f 2897 2985 2896
f 2896 2985 2988
f 2991 1439 2987
f 2987 1439 2988
f 777 2978 1903
f 1903 2978 2977
f 1885 1888 1858
f 1858 1888 1853
f 3090 3088 836
f 836 3088 833
f 3083 3088 3097
f 3097 3088 3096
f 3097 3096 3104
f 3104 3096 3106
f 3111 3116 3108
f 3108 3116 3109
f 3112 3111 3114
f 3114 3111 3108
f 3113 3122 3114
f 3114 3122 3115
f 891 890 2837
f 2837 890 2834
f 951 1456 954
f 954 1456 1519
f 967 1457 936
f 936 1457 1454
f 971 1462 902
f 902 1462 963
f 1461 1463 988
f 988 1463 987
f 1466 1468 1474
f 1474 1468 1470
f 1089 1529 1090
f 1090 1529 1531
f 1184 1181 1469
f 1469 1181 1180
f 1082 1527 1061
f 1061 1527 1525
f 1129 1473 1135
f 1135 1473 1475
f 1108 1530 1105
f 1105 1530 1532
f 1452 1499 3132
f 3132 1499 3136
f 3109 3116 3139
f 3139 3116 3138
f 2912 2911 887
f 887 2911 2929
f 2836 2835 1497
f 1497 2835 1494
f 2913 3102 2910
f 2910 3102 3115
f 1133 3187 1134
f 1134 3187 3185
f 3177 3176 3197
f 3197 3176 3198
f 3203 3183 3206
f 3206 3183 3207
f 3196 3202 3197
f 3197 3202 3211
f 3183 3182 3207
f 3207 3182 3185
f 1125 3180 1533
f 1533 3180 3198
f 3331 3203 3330
f 3330 3203 3206
f 3376 3379 3385
f 3385 3379 3386
f 3382 3376 3392
f 3392 3376 3385
f 3412 3415 3413
f 3413 3415 3414
f 3417 3396 3415
f 3415 3396 3395
f 3383 3386 3426
f 3426 3386 3425
f 3413 3414 3432
f 3432 3414 3430
f 3437 3396 3435
f 3435 3396 3417
f 3329 3382 3330
f 3330 3382 3392
f 3426 3425 3460
f 3460 3425 3458
f 3432 3430 3457
f 3457 3430 3463
f 3457 3463 3456
f 3456 3463 3465
f 3460 3458 3467
f 3467 3458 3466
f 3466 3455 3465
f 3465 3455 3456
f 3202 3437 3211
f 3211 3437 3435
f 3104 3106 3138
f 3138 3106 3139
f 3132 3136 1227
f 1227 3136 1476
f 943 687 600
f 600 687 601
f 596 625 667
f 667 625 1297
f 687 686 601
f 601 686 653
f 1319 784 711
f 711 784 712
f 1811 607 783
f 783 607 712
f 862 921 917
f 917 921 920
f 3478 925 3479
f 3479 925 924
f 2846 926 3478
f 3478 926 925
f 659 662 929
f 929 662 930
f 856 921 857
f 857 921 1204
f 1206 864 1207
f 1207 864 863
f 2876 1219 2877
f 2877 1219 1218
f 667 1297 593
f 593 1297 1296
f 917 920 1333
f 1333 920 1346
f 686 693 653
f 653 693 930
f 1277 913 1498
f 1498 913 1207
f 592 1536 610
f 610 1536 711
f 864 1206 1805
f 1805 1206 1804
f 1317 1536 1900
f 1900 1536 1809
f 1900 1809 1295
f 1295 1809 1296
f 3479 924 3477
f 3477 924 2824
f 927 926 1203
f 1203 926 2847
f 3484 2859 3032
f 3032 2859 3033
f 3472 2878 1217
f 1217 2878 1218
f 2889 2888 2880
f 2880 2888 2881
f 2886 2883 2887
f 2887 2883 2882
f 929 928 2847
f 2847 928 1203
f 857 1204 2921
f 2921 1204 2926
f 1820 1819 2882
f 2882 1819 2881
f 1821 2883 2876
f 2876 2883 1219
f 782 2889 783
f 783 2889 2880
f 1352 3034 1353
f 1353 3034 3033
f 3031 3034 3041
f 3041 3034 3043
f 944 943 3043
f 3043 943 600
f 1339 3145 1498
f 1498 3145 3143
f 1208 882 3148
f 3148 882 3143
f 2921 2926 3151
f 3151 2926 3156
f 3477 2824 1345
f 1345 2824 1346
f 1805 1804 3154
f 3154 1804 3156
f 886 3103 883
f 883 3103 3482
f 841 1248 3485
f 3485 1248 3121
f 2811 2819 2812
f 2812 2819 2816
f 2818 2815 2817
f 2817 2815 2806
f 2817 2816 2818
f 2818 2816 2819
f 2793 2795 2819
f 2819 2795 2818
f 243 352 2793
f 2793 352 2795
f 242 353 243
f 243 353 352
f 359 191 242
f 242 191 353
f 247 192 359
f 359 192 191
f 157 193 247
f 247 193 192
f 156 194 157
f 157 194 193
f 378 261 156
f 156 261 194
f 378 381 261
f 261 381 195
f 195 381 196
f 196 381 376
f 196 376 198
f 198 376 375
f 375 1776 198
f 198 1776 197
f 1776 1767 197
f 197 1767 274
f 181 274 199
f 199 274 1767
f 568 566 564
f 564 566 563
f 568 569 566
f 566 569 567
f 501 1773 1771
f 1771 1773 578
f 547 579 1773
f 1773 579 578
f 3486 470 474
f 474 470 469
f 450 582 3487
f 3487 582 3488
f 582 583 3488
f 3488 583 3489
f 583 584 3489
f 3489 584 3490
f 3490 584 3491
f 3491 584 543
f 470 3486 466
f 466 3486 467
f 3489 3490 503
f 503 3490 504
f 503 3492 3489
f 3489 3492 3488
f 3492 503 3493
f 3493 503 502
f 3495 3492 3494
f 3494 3492 3493
f 3487 3488 3495
f 3495 3488 3492
f 468 1774 465
f 465 1774 570
f 3494 3493 1775
f 1775 3493 1771
f 3490 3491 504
f 504 3491 1772
f 3491 543 1772
f 1772 543 548
f 450 3487 474
f 474 3487 3486
f 3495 467 3487
f 3487 467 3486
f 3494 468 3495
f 3495 468 467
f 468 3494 1774
f 1774 3494 1775
f 501 1771 502
f 502 1771 3493
f 527 366 384
f 384 366 365
f 522 524 527
f 527 524 366
f 521 534 522
f 522 534 524
f 530 535 521
f 521 535 534
f 508 486 513
f 513 486 532
f 513 532 541
f 541 532 535
f 667 668 596
f 596 668 597
f 1294 1297 624
f 624 1297 625
f 603 641 604
f 604 641 640
f 1290 1293 650
f 650 1293 651
f 1758 691 660
f 660 691 661
f 602 671 599
f 599 671 670
f 654 662 690
f 690 662 661
f 2856 598 695
f 695 598 597
f 602 654 671
f 671 654 690
f 604 640 676
f 676 640 704
f 1826 1829 708
f 708 1829 709
f 1288 1284 740
f 740 1284 741
f 755 754 758
f 758 754 759
f 2853 2856 932
f 932 2856 695
f 689 691 1192
f 1192 691 1193
f 784 1319 1240
f 1240 1319 1241
f 1813 1816 1244
f 1244 1816 1245
f 754 1288 759
f 759 1288 740
f 1894 1242 1318
f 1318 1242 1241
f 2867 1348 1418
f 1418 1348 1347
f 676 704 673
f 673 704 1347
f 1284 1287 741
f 741 1287 1419
f 1421 1426 1422
f 1422 1426 1425
f 1758 660 615
f 615 660 616
f 1192 1191 1421
f 1421 1191 1426
f 2962 1839 1504
f 1504 1839 1505
f 941 1194 1759
f 1759 1194 1193
f 1287 1537 1419
f 1419 1537 1760
f 1882 2893 1823
f 1823 2893 1824
f 1886 1891 1827
f 1827 1891 1828
f 1887 1886 1834
f 1834 1886 1827
f 1841 716 1838
f 1838 716 1505
f 782 784 1850
f 1850 784 1240
f 1239 1242 1863
f 1863 1242 1864
f 1242 1894 1864
f 1864 1894 1873
f 1822 1239 1823
f 1823 1239 1863
f 1318 1317 1895
f 1895 1317 1900
f 1894 1896 1873
f 1873 1896 1897
f 1291 1896 1292
f 1292 1896 1895
f 605 1898 606
f 606 1898 1897
f 1258 1257 2854
f 2854 1257 2855
f 1257 1351 2855
f 2855 1351 2857
f 1351 1353 2857
f 2857 1353 2858
f 1353 3033 2858
f 2858 3033 2859
f 2860 2861 3036
f 3036 2861 3037
f 2862 2863 2870
f 2870 2863 3039
f 2870 2869 2862
f 2862 2869 2864
f 2868 2865 2869
f 2869 2865 2864
f 1764 2866 2868
f 2868 2866 2865
f 1537 1199 1760
f 1760 1199 1348
f 615 2884 1758
f 1758 2884 1759
f 1825 1246 2890
f 2890 1246 1245
f 2893 2892 1824
f 1824 2892 2891
f 761 2960 758
f 758 2960 2906
f 3000 2943 2940
f 2940 2943 2941
f 2968 710 2950
f 2950 710 709
f 1764 1423 2866
f 2866 1423 2953
f 1423 645 2953
f 2953 645 2954
f 645 644 2954
f 2954 644 2955
f 644 738 2955
f 2955 738 2956
f 738 764 2956
f 2956 764 2957
f 764 763 2957
f 2957 763 2958
f 763 2908 2958
f 2958 2908 2959
f 2908 1436 2959
f 2959 1436 2961
f 1837 2964 1435
f 1435 2964 2963
f 1837 2937 2964
f 2964 2937 2965
f 2936 2968 2966
f 2966 2968 2950
f 1840 2942 1838
f 1838 2942 2941
f 2939 2949 2940
f 2940 2949 3006
f 2939 2942 2966
f 2966 2942 2965
f 1822 1825 1850
f 1850 1825 2890
f 1891 3005 1828
f 1828 3005 3006
f 3035 3038 3045
f 3045 3038 3042
f 3045 3044 3035
f 3035 3044 3040
f 669 1422 3045
f 3045 1422 3044
f 599 670 3041
f 3041 670 3042
f 931 3067 932
f 932 3067 3065
f 2853 3066 2854
f 2854 3066 3076
f 3067 3496 3065
f 3065 3496 3497
f 3066 3498 3076
f 3076 3498 3499
f 707 1813 708
f 708 1813 1244
f 2960 2962 2906
f 2906 2962 1504
f 2892 1887 2891
f 2891 1887 1834
f 1839 2962 2963
f 2963 2962 2961
f 595 626 596
f 596 626 625
f 623 626 3484
f 3484 626 2859
f 1291 1290 606
f 606 1290 603
f 1290 650 603
f 603 650 641
f 641 650 642
f 642 650 649
f 2860 2863 649
f 649 2863 642
f 3036 3039 2860
f 2860 3039 2863
f 3035 3040 3036
f 3036 3040 3039
f 1294 1293 1295
f 1295 1293 1292
f 624 651 1294
f 1294 651 1293
f 623 652 624
f 624 652 651
f 3484 2861 623
f 623 2861 652
f 3032 3037 3484
f 3484 3037 2861
f 3031 3038 3032
f 3032 3038 3037
f 3481 2848 2884
f 2884 2848 942
f 2846 617 1427
f 1427 617 616
f 3049 3167 3048
f 3048 3167 3500
f 1906 3048 3070
f 3070 3048 3500
f 1337 1768 3501
f 3501 1768 3502
f 3020 3503 3021
f 3021 3503 3024
f 2914 3023 3020
f 3020 3023 3503
f 859 1770 860
f 860 1770 3504
f 1336 3505 1768
f 1768 3505 3502
f 3065 3497 3066
f 3066 3497 3498
f 2814 3075 3067
f 3067 3075 3496
f 2839 3174 766
f 766 3174 3017
f 1337 3501 1338
f 1338 3501 1769
f 767 3018 3026
f 3026 3018 3506
f 3076 3499 3064
f 3064 3499 3507
f 727 730 3483
f 3483 730 3030
f 3064 3507 2871
f 2871 3507 3077
f 3100 3160 1786
f 1786 3160 1784
f 3026 3506 752
f 752 3506 3015
f 860 3504 2923
f 2923 3504 3508
f 753 3016 3027
f 3027 3016 3509
f 3027 3509 3008
f 3008 3509 3028
f 1782 1785 1783
f 1783 1785 3022
f 2923 3508 3153
f 3153 3508 3161
f 3148 3149 1208
f 1208 3149 3150
f 1335 1328 3510
f 3510 1328 1327
f 1336 1335 3505
f 3505 1335 3510
f 866 3511 1340
f 1340 3511 3146
f 865 1808 866
f 866 1808 3511
f 842 841 3159
f 3159 841 3485
f 2849 3512 1329
f 1329 3512 1326
f 1202 1331 2849
f 2849 1331 3512
f 3514 3515 3513
f 3513 3515 3516
f 3518 3516 3517
f 3517 3516 3515
f 3519 3520 3514
f 3514 3520 3515
f 3522 3523 3521
f 3521 3523 3524
f 3526 3527 3525
f 3525 3527 3528
f 3530 3531 3529
f 3529 3531 3532
f 3534 3535 3533
f 3533 3535 3536
f 3529 3532 3537
f 3537 3532 3538
f 3537 3539 3529
f 3529 3539 3540
f 3542 3543 3541
f 3541 3543 3544
f 3546 3547 3545
f 3545 3547 3548
f 3550 3534 3549
f 3549 3534 3533
f 3550 3543 3551
f 3551 3543 3552
f 3537 3545 3539
f 3539 3545 3548
f 3553 3554 3556
f 3556 3554 3555
f 3537 3557 3545
f 3545 3557 3546
f 3558 3559 3561
f 3561 3559 3560
f 3563 3564 3562
f 3562 3564 3565
f 3564 3563 3566
f 3566 3563 3567
f 3569 3570 3568
f 3568 3570 3571
f 3573 3574 3572
f 3572 3574 3575
f 3577 3578 3576
f 3576 3578 3579
f 3581 3582 3580
f 3580 3582 3583
f 3585 3586 3584
f 3584 3586 3579
f 3586 3587 3579
f 3579 3587 3576
f 3589 3590 3588
f 3588 3590 3591
f 3592 3593 3595
f 3595 3593 3594
f 3597 3598 3596
f 3596 3598 3595
f 3583 3600 3599
f 3599 3600 3601
f 3603 3599 3602
f 3602 3599 3601
f 3605 3606 3604
f 3604 3606 3607
f 3608 3555 3596
f 3596 3555 3554
f 3597 3610 3609
f 3609 3610 3565
f 3564 3611 3565
f 3565 3611 3609
f 3611 3564 3612
f 3612 3564 3566
f 3613 3614 3569
f 3569 3614 3570
f 3615 3616 3573
f 3573 3616 3574
f 3517 3617 3518
f 3518 3617 3618
f 3620 3621 3619
f 3619 3621 3622
f 3624 3625 3623
f 3623 3625 3626
f 3628 3629 3627
f 3627 3629 3630
f 3632 3633 3631
f 3631 3633 3634
f 3636 3637 3635
f 3635 3637 3638
f 3640 3641 3639
f 3639 3641 3642
f 3643 3644 3639
f 3639 3644 3640
f 3646 3513 3645
f 3645 3513 3647
f 3648 3514 3646
f 3646 3514 3513
f 3649 3519 3648
f 3648 3519 3514
f 3650 3651 3527
f 3527 3651 3652
f 3654 3651 3653
f 3653 3651 3650
f 3568 3571 3655
f 3655 3571 3656
f 3657 3658 3653
f 3653 3658 3659
f 3661 3662 3660
f 3660 3662 3658
f 3664 3665 3663
f 3663 3665 3666
f 3667 3657 3650
f 3650 3657 3653
f 3669 3523 3668
f 3668 3523 3670
f 3672 3673 3671
f 3671 3673 3674
f 3676 3677 3675
f 3675 3677 3678
f 3671 3674 3676
f 3676 3674 3677
f 3680 3681 3679
f 3679 3681 3682
f 3683 3684 3680
f 3680 3684 3681
f 3685 3686 3661
f 3661 3686 3662
f 3686 3687 3662
f 3662 3687 3688
f 3684 3683 3689
f 3689 3683 3690
f 3692 3693 3691
f 3691 3693 3694
f 3691 3694 3695
f 3695 3694 3696
f 3698 3699 3697
f 3697 3699 3700
f 3702 3703 3701
f 3701 3703 3704
f 3705 3706 3519
f 3519 3706 3520
f 3673 3672 3707
f 3707 3672 3708
f 3709 3710 3682
f 3682 3710 3679
f 3711 3712 3692
f 3692 3712 3693
f 3714 3715 3713
f 3713 3715 3716
f 3718 3700 3717
f 3717 3700 3699
f 3720 3721 3719
f 3719 3721 3722
f 3724 3725 3723
f 3723 3725 3726
f 3727 3728 3730
f 3730 3728 3729
f 3722 3721 3731
f 3731 3721 3732
f 3697 3700 3733
f 3733 3700 3714
f 3733 3714 3734
f 3734 3714 3713
f 3721 3723 3732
f 3732 3723 3735
f 3720 3736 3724
f 3724 3736 3737
f 3700 3718 3714
f 3714 3718 3715
f 3717 3699 3738
f 3738 3699 3739
f 3536 3740 3533
f 3533 3740 3540
f 3742 3743 3741
f 3741 3743 3744
f 3746 3747 3745
f 3745 3747 3748
f 3750 3751 3749
f 3749 3751 3752
f 3627 3632 3628
f 3628 3632 3631
f 3754 3755 3753
f 3753 3755 3626
f 3562 3565 3756
f 3756 3565 3610
f 3527 3652 3528
f 3528 3652 3757
f 3758 3524 3669
f 3669 3524 3523
f 3582 3598 3583
f 3583 3598 3600
f 3759 3670 3522
f 3522 3670 3523
f 3675 3678 3760
f 3760 3678 3761
f 3762 3763 3690
f 3690 3763 3689
f 3765 3766 3764
f 3764 3766 3767
f 3768 3739 3698
f 3698 3739 3699
f 3726 3725 3770
f 3770 3725 3769
f 3645 3647 3771
f 3771 3647 3772
f 3645 3678 3646
f 3646 3678 3677
f 3646 3677 3648
f 3648 3677 3674
f 3673 3649 3674
f 3674 3649 3648
f 3707 3773 3673
f 3673 3773 3649
f 3775 3776 3774
f 3774 3776 3777
f 3779 3526 3778
f 3778 3526 3525
f 3526 3779 3667
f 3667 3779 3780
f 3780 3781 3667
f 3667 3781 3657
f 3672 3679 3708
f 3708 3679 3710
f 3671 3680 3672
f 3672 3680 3679
f 3676 3683 3671
f 3671 3683 3680
f 3675 3690 3676
f 3676 3690 3683
f 3760 3762 3675
f 3675 3762 3690
f 3682 3681 3783
f 3783 3681 3782
f 3689 3784 3684
f 3684 3784 3785
f 3684 3785 3681
f 3681 3785 3782
f 3786 3709 3783
f 3783 3709 3682
f 3784 3689 3787
f 3787 3689 3763
f 3789 3557 3788
f 3788 3557 3790
f 3792 3793 3791
f 3791 3793 3794
f 3616 3615 3795
f 3795 3615 3796
f 3797 3798 3727
f 3727 3798 3728
f 3800 3801 3799
f 3799 3801 3802
f 3803 3578 3592
f 3592 3578 3593
f 3805 3806 3804
f 3804 3806 3807
f 3599 3603 3585
f 3585 3603 3586
f 3587 3586 3604
f 3604 3586 3603
f 3588 3591 3794
f 3794 3591 3791
f 3581 3803 3582
f 3582 3803 3592
f 3594 3561 3608
f 3608 3561 3790
f 3662 3688 3808
f 3808 3688 3809
f 3665 3664 3810
f 3810 3664 3811
f 3719 3812 3720
f 3720 3812 3736
f 3717 3813 3718
f 3718 3813 3737
f 3723 3721 3724
f 3724 3721 3720
f 3813 3717 3814
f 3814 3717 3738
f 3815 3816 303
f 303 3816 304
f 3818 3819 3817
f 3817 3819 3820
f 3578 3803 3579
f 3579 3803 3584
f 3558 3593 3577
f 3577 3593 3578
f 3822 3823 3821
f 3821 3823 3824
f 3546 3826 3825
f 3825 3826 3827
f 3828 3829 3547
f 3547 3829 3541
f 3831 3542 3830
f 3830 3542 3832
f 3834 3822 3833
f 3833 3822 3821
f 3835 3836 3827
f 3827 3836 3825
f 3800 3799 3828
f 3828 3799 3829
f 3830 3832 3837
f 3837 3832 3838
f 331 330 3551
f 3551 330 3839
f 3831 333 3552
f 3552 333 332
f 3819 3797 3841
f 3841 3797 3840
f 3513 3516 3647
f 3647 3516 3746
f 337 336 3745
f 3745 336 3772
f 3525 3528 3775
f 3775 3528 3749
f 3610 3597 3554
f 3554 3597 3596
f 3706 3702 3520
f 3520 3702 3701
f 3756 3610 3553
f 3553 3610 3554
f 3757 3750 3528
f 3528 3750 3749
f 3517 3515 3701
f 3701 3515 3520
f 3842 3584 3581
f 3581 3584 3803
f 3525 3775 3778
f 3778 3775 3774
f 3638 3843 3635
f 3635 3843 3618
f 3617 3621 3618
f 3618 3621 3635
f 3617 3517 3704
f 3704 3517 3701
f 3521 3624 3522
f 3522 3624 3623
f 3749 3844 3775
f 3775 3844 3776
f 3846 3847 3845
f 3845 3847 3848
f 3843 3747 3618
f 3618 3747 3518
f 3850 3851 3849
f 3849 3851 3748
f 3853 3854 3852
f 3852 3854 3855
f 3856 3857 3622
f 3622 3857 3619
f 3859 3860 3858
f 3858 3860 3861
f 3862 3844 3752
f 3752 3844 3749
f 3863 3759 3623
f 3623 3759 3522
f 3864 3777 3630
f 3630 3777 3776
f 3713 3865 3734
f 3734 3865 3866
f 3868 3869 3867
f 3867 3869 3870
f 3872 3873 3871
f 3871 3873 3874
f 3876 3877 3875
f 3875 3877 3878
f 3879 3880 3878
f 3878 3880 3881
f 3882 3883 3885
f 3885 3883 3884
f 3780 3886 3781
f 3781 3886 3887
f 3888 3685 3869
f 3869 3685 3661
f 3880 3879 3883
f 3883 3879 3884
f 3693 3783 3694
f 3694 3783 3782
f 3696 3785 3764
f 3764 3785 3784
f 3694 3782 3696
f 3696 3782 3785
f 3693 3786 3783
f 3787 3765 3784
f 3784 3765 3764
f 386 385 3765
f 3765 385 3766
f 3695 3889 3691
f 3691 3889 3890
f 3691 3890 3692
f 3692 3890 3891
f 3892 3711 3891
f 3891 3711 3692
f 3767 3893 3695
f 3695 3893 3889
f 3766 3894 3767
f 3767 3894 3893
f 3882 3885 3895
f 3895 3885 3896
f 3898 3698 3897
f 3897 3698 3697
f 3897 3697 3899
f 3899 3697 3733
f 3899 3733 3900
f 3900 3733 3734
f 3901 3768 3898
f 3898 3768 3698
f 3901 3902 3768
f 3768 3902 3903
f 3904 3905 3907
f 3907 3905 3906
f 3869 3661 3870
f 3870 3661 3660
f 3908 3909 3896
f 3896 3909 3895
f 3909 3758 3895
f 3895 3758 3669
f 3751 3531 3752
f 3752 3531 3848
f 3858 3536 3854
f 3854 3536 3535
f 3652 3562 3757
f 3757 3562 3756
f 3651 3654 3563
f 3563 3654 3567
f 3655 3656 3808
f 3808 3656 3659
f 3530 3740 3845
f 3845 3740 3861
f 3751 3750 3556
f 3556 3750 3553
f 3817 3820 3796
f 3796 3820 3795
f 410 409 3910
f 3910 409 3855
f 3750 3757 3553
f 3553 3757 3756
f 3908 3886 3909
f 3909 3886 3780
f 409 411 3855
f 3855 411 3851
f 413 412 3760
f 3760 412 3762
f 415 414 3763
f 3763 414 3787
f 3790 3557 3538
f 3538 3557 3537
f 3555 3608 3538
f 3538 3608 3790
f 3574 3911 3575
f 3575 3911 3912
f 3535 3534 3910
f 3910 3534 3839
f 3831 3552 3542
f 3542 3552 3543
f 3534 3550 3839
f 3839 3550 3551
f 3543 3550 3544
f 3544 3550 3549
f 3913 3914 3916
f 3916 3914 3915
f 3806 3805 3589
f 3589 3805 3590
f 3849 3843 3917
f 3917 3843 3638
f 3853 3644 3859
f 3859 3644 3742
f 3747 3746 3518
f 3518 3746 3516
f 3695 3696 3767
f 3767 3696 3764
f 3903 3918 3768
f 3768 3918 3739
f 3738 3739 3816
f 3816 3739 3918
f 3919 3920 3769
f 3769 3920 3770
f 3921 3726 3922
f 3922 3726 3770
f 3678 3645 3761
f 3761 3645 3771
f 3924 3913 3923
f 3923 3913 3916
f 3802 3925 3838
f 3838 3925 3837
f 3577 3926 3558
f 3558 3926 3559
f 3815 3919 3814
f 3814 3919 3769
f 3927 3928 3822
f 3822 3928 3823
f 3829 3832 3541
f 3541 3832 3542
f 3834 3927 3822
f 3832 3829 3838
f 3838 3829 3799
f 3745 3772 3746
f 3746 3772 3647
f 3849 3748 3843
f 3843 3748 3747
f 3854 3853 3858
f 3858 3853 3859
f 3854 3535 3855
f 3855 3535 3910
f 3557 3789 3546
f 3546 3789 3826
f 3923 3823 3924
f 3924 3823 3928
f 3823 3923 3929
f 3929 3923 3930
f 3531 3751 3532
f 3532 3751 3556
f 3532 3556 3538
f 3538 3556 3555
f 3932 3634 3931
f 3931 3634 3633
f 3814 3769 3813
f 3813 3769 3725
f 3620 3636 3621
f 3621 3636 3635
f 3847 3862 3848
f 3848 3862 3752
f 3531 3530 3848
f 3848 3530 3845
f 3933 3934 3830
f 3830 3934 3831
f 3925 3933 3837
f 3837 3933 3830
f 3934 440 3831
f 3831 440 333
f 3925 3802 3833
f 3833 3802 3801
f 3776 3844 3630
f 3630 3844 3627
f 3808 3659 3662
f 3662 3659 3658
f 3667 3650 3526
f 3526 3650 3527
f 3935 3666 3936
f 3936 3666 3665
f 3718 3737 3715
f 3715 3737 3736
f 3663 3809 3664
f 3664 3809 3688
f 3807 3806 3938
f 3938 3806 3937
f 445 413 3761
f 3761 413 3760
f 3902 447 3903
f 3903 447 446
f 3897 3890 3898
f 3898 3890 3889
f 3899 3891 3897
f 3897 3891 3890
f 3898 3889 3901
f 3901 3889 3893
f 3893 3894 3901
f 3901 3894 3902
f 414 386 3787
f 3787 386 3765
f 3940 3941 3939
f 3939 3941 3942
f 3840 3797 3943
f 3943 3797 3727
f 3665 3810 3936
f 3936 3810 3944
f 3921 3735 3726
f 3726 3735 3723
f 3920 3945 3770
f 3770 3945 3922
f 3521 3524 3774
f 3774 3524 3778
f 3864 3946 3625
f 3625 3946 3947
f 3773 3705 3649
f 3649 3705 3519
f 3779 3778 3758
f 3758 3778 3524
f 3812 3716 3736
f 3736 3716 3715
f 3624 3521 3777
f 3777 3521 3774
f 3703 3856 3704
f 3704 3856 3622
f 3900 3892 3899
f 3899 3892 3891
f 3641 3917 3642
f 3642 3917 3948
f 3895 3669 3882
f 3882 3669 3668
f 3855 3851 3852
f 3852 3851 3850
f 3894 458 3902
f 3902 458 447
f 3781 3887 3660
f 3660 3887 3870
f 3570 3566 3571
f 3571 3566 3567
f 3950 3576 3949
f 3949 3576 3587
f 3605 3602 3614
f 3614 3602 3612
f 3614 3612 3570
f 3570 3612 3566
f 3571 3567 3656
f 3656 3567 3654
f 3660 3658 3781
f 3781 3658 3657
f 3604 3607 3587
f 3587 3607 3949
f 3653 3659 3654
f 3654 3659 3656
f 3529 3540 3530
f 3530 3540 3740
f 3687 3811 3688
f 3688 3811 3664
f 3813 3725 3737
f 3737 3725 3724
f 3919 3815 461
f 461 3815 303
f 3818 3798 3819
f 3819 3798 3797
f 3819 3841 3820
f 3820 3841 3951
f 3816 3815 3738
f 3738 3815 3814
f 3540 3539 3533
f 3533 3539 3549
f 3548 3547 3544
f 3544 3547 3541
f 3539 3548 3549
f 3549 3548 3544
f 3741 3931 3860
f 3860 3931 3846
f 3801 3800 3835
f 3835 3800 3836
f 3934 3933 3824
f 3824 3933 3821
f 3825 3828 3546
f 3546 3828 3547
f 3833 3821 3925
f 3925 3821 3933
f 3800 3828 3836
f 3836 3828 3825
f 3824 3952 3934
f 3934 3952 440
f 3860 3846 3861
f 3861 3846 3845
f 3629 3946 3630
f 3630 3946 3864
f 3740 3536 3861
f 3861 3536 3858
f 3833 3801 3834
f 3834 3801 3835
f 3583 3599 3580
f 3580 3599 3585
f 3651 3563 3652
f 3652 3563 3562
f 3758 3909 3779
f 3779 3909 3780
f 3621 3617 3622
f 3622 3617 3704
f 3625 3947 3626
f 3626 3947 3753
f 3633 3632 3847
f 3847 3632 3862
f 3852 3850 3640
f 3640 3850 3641
f 3644 3853 3640
f 3640 3853 3852
f 3859 3742 3860
f 3860 3742 3741
f 3632 3627 3862
f 3862 3627 3844
f 3755 3863 3626
f 3626 3863 3623
f 3917 3638 3948
f 3948 3638 3637
f 3644 3643 3742
f 3742 3643 3743
f 3931 3633 3846
f 3846 3633 3847
f 3625 3624 3864
f 3864 3624 3777
f 3917 3641 3849
f 3849 3641 3850
f 3744 3932 3741
f 3741 3932 3931
f 3903 446 3918
f 3918 446 464
f 3953 3954 3956
f 3956 3954 3955
f 3958 3959 3957
f 3957 3959 3960
f 3876 3958 3877
f 3877 3958 3957
f 3877 3957 3961
f 3961 3957 3962
f 3963 3964 3958
f 3958 3964 3959
f 3965 3966 3876
f 3876 3966 3958
f 3966 3963 3958
f 3966 3967 3963
f 3963 3967 3968
f 3878 3877 3879
f 3879 3877 3961
f 3967 3969 3968
f 3968 3969 3970
f 3969 3971 3970
f 3970 3971 3972
f 3974 3904 3973
f 3973 3904 3907
f 3971 3975 3972
f 3972 3975 3976
f 3976 3975 3978
f 3978 3975 3977
f 3979 3980 3977
f 3977 3980 3978
f 3981 3982 3979
f 3979 3982 3980
f 3983 3984 3981
f 3981 3984 3982
f 3972 3985 3970
f 3970 3985 3986
f 3871 3987 3969
f 3969 3987 3971
f 3872 3871 3967
f 3967 3871 3969
f 3965 3872 3966
f 3966 3872 3967
f 3970 3986 3968
f 3968 3986 3988
f 3879 3961 3884
f 3884 3961 3940
f 3884 3940 3885
f 3885 3940 3939
f 3989 3990 3992
f 3992 3990 3991
f 3942 3993 3995
f 3995 3993 3994
f 3994 3996 3995
f 3995 3996 3974
f 3997 3998 3994
f 3994 3998 3996
f 3999 3997 3993
f 3993 3997 3994
f 4001 3996 4000
f 4000 3996 3998
f 4000 3998 4002
f 4002 3998 4003
f 4004 4003 3997
f 3997 4003 3998
f 3997 3999 4004
f 4004 3999 4005
f 4006 3995 3973
f 3973 3995 3974
f 3939 3942 4006
f 4006 3942 3995
f 3906 3887 3907
f 3907 3887 3886
f 3887 3906 3870
f 3870 3906 3867
f 3908 3973 3886
f 3886 3973 3907
f 3865 4007 3866
f 3866 4007 4008
f 3984 3983 4009
f 4009 3983 4010
f 3961 3962 3940
f 3940 3962 3941
f 4012 3868 4011
f 4011 3868 3867
f 4013 3975 3987
f 3987 3975 3971
f 4014 3977 4013
f 4013 3977 3975
f 4015 4010 4007
f 4007 4010 3983
f 4007 3983 4008
f 4008 3983 3981
f 4008 3981 4016
f 4016 3981 3979
f 4017 3984 4018
f 4018 3984 4009
f 3977 4014 3979
f 3979 4014 4016
f 3982 3984 4019
f 4019 3984 4017
f 4021 4022 4020
f 4020 4022 4023
f 4022 4012 4023
f 4023 4012 4011
f 4023 3904 4020
f 4020 3904 3974
f 4024 4025 4018
f 4018 4025 4017
f 4026 4027 4024
f 4024 4027 4025
f 4028 4026 4029
f 4029 4026 4024
f 4018 4021 4024
f 4024 4021 4029
f 4030 4031 4026
f 4026 4031 4027
f 4032 4030 4028
f 4028 4030 4026
f 4029 4001 4028
f 4028 4001 4000
f 4028 4000 4032
f 4032 4000 4002
f 4034 4035 4033
f 4033 4035 4036
f 4037 4038 4019
f 4019 4038 4039
f 4041 4039 4040
f 4040 4039 4038
f 4040 4038 4042
f 4042 4038 4036
f 4042 4036 4043
f 4043 4036 4035
f 3985 4044 4046
f 4046 4044 4045
f 4047 4048 4045
f 4045 4048 4046
f 4047 4049 4048
f 4048 4049 4050
f 4042 4047 4040
f 4040 4047 4045
f 4043 4049 4042
f 4042 4049 4047
f 4040 4045 4041
f 4041 4045 4044
f 4052 3959 4051
f 4051 3959 3964
f 4053 4054 4051
f 4051 4054 4055
f 3956 3960 4052
f 4052 3960 3959
f 3953 3956 4056
f 4056 3956 4052
f 4058 3953 4057
f 4057 3953 4056
f 4060 4061 4059
f 4059 4061 4062
f 4063 4064 4054
f 4054 4064 4057
f 4054 4053 4063
f 4063 4053 4065
f 4066 4067 4069
f 4069 4067 4068
f 4048 4050 4063
f 4063 4050 4064
f 4063 4065 4048
f 4048 4065 4046
f 3985 4046 3986
f 3986 4046 4065
f 3986 4065 3988
f 3988 4065 4053
f 3988 4053 3964
f 3964 4053 4051
f 3976 3978 4044
f 4044 3978 4041
f 3980 3982 4039
f 4039 3982 4019
f 4039 4041 3980
f 3980 4041 3978
f 3973 3908 4006
f 4006 3908 3896
f 3885 3939 3896
f 3896 3939 4006
f 4031 4034 4027
f 4027 4034 4033
f 4027 4033 4025
f 4025 4033 4037
f 4019 4017 4037
f 4037 4017 4025
f 3993 3942 4070
f 4070 3942 3941
f 3999 3993 4071
f 4071 3993 4070
f 3999 4071 4005
f 4005 4071 4072
f 4073 4074 4076
f 4076 4074 4075
f 4078 4079 4077
f 4077 4079 4080
f 4082 4080 4081
f 4081 4080 4079
f 4084 4085 4083
f 4083 4085 4086
f 4087 4088 4090
f 4090 4088 4089
f 4092 4093 4091
f 4091 4093 4094
f 4096 4097 4095
f 4095 4097 4098
f 4100 4101 4099
f 4099 4101 4102
f 4103 4104 4106
f 4106 4104 4105
f 4108 4109 4107
f 4107 4109 4110
f 4112 4113 4111
f 4111 4113 4114
f 4116 4117 4115
f 4115 4117 4118
f 4120 4121 4119
f 4119 4121 4122
f 4123 4124 4126
f 4126 4124 4125
f 4127 4128 4130
f 4130 4128 4129
f 4132 4133 4131
f 4131 4133 4134
f 4136 4108 4135
f 4135 4108 4107
f 4138 4139 4137
f 4137 4139 4140
f 4141 4142 4088
f 4088 4142 4089
f 4144 4145 4143
f 4143 4145 4146
f 4148 4149 4147
f 4147 4149 4150
f 4152 4153 4151
f 4151 4153 4154
f 4156 4082 4155
f 4155 4082 4081
f 4157 4158 4160
f 4160 4158 4159
f 4161 4162 4164
f 4164 4162 4163
f 4166 4122 4165
f 4165 4122 4121
f 4168 4152 4167
f 4167 4152 4151
f 4169 4170 4172
f 4172 4170 4171
f 4174 4175 4173
f 4173 4175 4176
f 4178 4149 4177
f 4177 4149 4179
f 4173 4176 4180
f 4180 4176 4181
f 4156 4085 4182
f 4182 4085 4183
f 4182 4184 4156
f 4156 4184 4082
f 4185 4186 4184
f 4184 4186 4187
f 4186 4188 4187
f 4187 4188 4189
f 4190 4191 4073
f 4073 4191 4074
f 4177 4179 4158
f 4158 4179 4159
f 4193 4127 4192
f 4192 4127 4130
f 4144 4194 4151
f 4151 4194 4167
f 4196 4197 4195
f 4195 4197 4198
f 4095 4199 4096
f 4096 4199 4200
f 4201 4202 4204
f 4204 4202 4203
f 4205 4206 4208
f 4208 4206 4207
f 4121 4120 4209
f 4209 4120 4210
f 4212 4213 4211
f 4211 4213 4214
f 4216 4217 4215
f 4215 4217 4218
f 4220 4221 4219
f 4219 4221 4222
f 4224 4196 4223
f 4223 4196 4195
f 4225 4226 4134
f 4134 4226 4131
f 4228 4229 4227
f 4227 4229 4230
f 4232 4233 4231
f 4231 4233 4098
f 4235 4236 4234
f 4234 4236 4237
f 4239 4240 4238
f 4238 4240 4241
f 4242 4243 4245
f 4245 4243 4244
f 4246 4247 4249
f 4249 4247 4248
f 4251 4252 4250
f 4250 4252 4253
f 4255 4256 4254
f 4254 4256 4257
f 4259 4260 4258
f 4258 4260 4261
f 4263 4264 4262
f 4262 4264 4265
f 4267 4268 4266
f 4266 4268 4269
f 4271 4199 4270
f 4270 4199 4272
f 4273 4274 4276
f 4276 4274 4275
f 4115 4118 4277
f 4277 4118 4278
f 4280 4281 4279
f 4279 4281 4282
f 4211 4283 4212
f 4212 4283 4284
f 4286 4287 4285
f 4285 4287 4288
f 4165 4121 4289
f 4289 4121 4209
f 4291 4286 4290
f 4290 4286 4285
f 4293 4294 4292
f 4292 4294 4295
f 4297 4298 4296
f 4296 4298 4299
f 4301 4302 4300
f 4300 4302 4303
f 4299 4304 4296
f 4296 4304 4305
f 4306 4292 4307
f 4307 4292 4295
f 4307 4308 4306
f 4306 4308 4309
f 4310 4309 4075
f 4075 4309 4308
f 4299 4298 4312
f 4312 4298 4311
f 4302 4301 4293
f 4293 4301 4294
f 3735 3921 4313
f 4313 3921 4314
f 4315 4314 3922
f 3922 4314 3921
f 4316 3945 829
f 829 3945 830
f 4289 4317 4165
f 4165 4317 4318
f 4320 4321 4319
f 4319 4321 4322
f 4324 4325 4323
f 4323 4325 4326
f 4327 4328 4330
f 4330 4328 4329
f 4290 4331 4291
f 4291 4331 4332
f 4165 4318 4166
f 4166 4318 4333
f 4334 4335 4337
f 4337 4335 4336
f 4339 4340 4338
f 4338 4340 4341
f 4168 4343 4342
f 4342 4343 4344
f 4346 4347 4345
f 4345 4347 4348
f 4350 4351 4349
f 4349 4351 4352
f 4354 4355 4353
f 4353 4355 4356
f 4357 4358 4324
f 4324 4358 4325
f 4337 4359 4334
f 4334 4359 4360
f 4362 4363 4361
f 4361 4363 4364
f 4366 4367 4365
f 4365 4367 4368
f 4369 4370 4372
f 4372 4370 4371
f 4331 4290 4374
f 4374 4290 4373
f 4373 4376 4375
f 4375 4376 4377
f 4379 4380 4378
f 4378 4380 4381
f 4217 4382 4218
f 4218 4382 4383
f 4385 4386 4384
f 4384 4386 4387
f 4388 4389 4338
f 4338 4389 4390
f 4337 4336 4392
f 4392 4336 4391
f 4394 4362 4393
f 4393 4362 4361
f 4396 4397 4395
f 4395 4397 4398
f 4400 4401 4399
f 4399 4401 4402
f 4345 4403 4346
f 4346 4403 4404
f 4405 4406 4342
f 4342 4406 4407
f 4409 4410 4408
f 4408 4410 4411
f 4408 4412 4409
f 4409 4412 4413
f 4181 4415 4414
f 4414 4415 4416
f 4182 4183 4417
f 4417 4183 4418
f 4419 4353 4311
f 4311 4353 4312
f 4421 4422 4420
f 4420 4422 4423
f 4353 4356 4312
f 4312 4356 4424
f 4166 4333 4425
f 4425 4333 4426
f 4425 4143 4166
f 4166 4143 4122
f 4427 4107 4428
f 4428 4107 4110
f 4429 4430 4174
f 4174 4430 4175
f 4335 4431 4336
f 4336 4431 4390
f 4336 4390 4391
f 4391 4390 4389
f 4432 4433 4435
f 4435 4433 4434
f 4437 4438 4436
f 4436 4438 4439
f 4441 4442 4440
f 4440 4442 4443
f 4359 4444 4361
f 4361 4444 4393
f 4446 4447 4445
f 4445 4447 4448
f 4338 4341 4388
f 4388 4341 4449
f 4450 4451 4398
f 4398 4451 4395
f 4453 4454 4452
f 4452 4454 4455
f 4457 4458 4456
f 4456 4458 4459
f 4460 4461 4448
f 4448 4461 4445
f 4463 4464 4462
f 4462 4464 4465
f 4462 4465 4466
f 4466 4465 4467
f 4468 4469 4467
f 4467 4469 4466
f 4469 4468 4470
f 4470 4468 4471
f 4472 4473 4471
f 4471 4473 4470
f 4475 4476 4474
f 4474 4476 4477
f 4479 4480 4478
f 4478 4480 4481
f 4483 4484 4482
f 4482 4484 4485
f 4487 4488 4486
f 4486 4488 4489
f 4491 4492 4490
f 4490 4492 4493
f 4494 4495 4493
f 4493 4495 4490
f 4496 4497 4494
f 4494 4497 4495
f 4497 4496 4498
f 4498 4496 4499
f 4500 4501 4503
f 4503 4501 4502
f 4505 4506 4504
f 4504 4506 4507
f 4466 4508 4462
f 4462 4508 4509
f 4470 4510 4469
f 4469 4510 4511
f 4513 4479 4512
f 4512 4479 4478
f 4515 4443 4514
f 4514 4443 4442
f 4516 4517 4519
f 4519 4517 4518
f 4521 4495 4520
f 4520 4495 4497
f 4522 4490 4521
f 4521 4490 4495
f 4491 4523 4488
f 4488 4523 4524
f 4525 4489 4524
f 4524 4489 4488
f 4484 4526 4485
f 4485 4526 4527
f 4503 4528 4500
f 4500 4528 4529
f 4530 4531 4533
f 4533 4531 4532
f 4535 4506 4534
f 4534 4506 4530
f 4486 4536 4487
f 4487 4536 4537
f 4487 4537 4492
f 4492 4537 4538
f 4494 4539 4496
f 4496 4539 4540
f 4542 4533 4541
f 4541 4533 4499
f 4544 4545 4543
f 4543 4545 4546
f 4548 4549 4547
f 4547 4549 4550
f 4536 4551 4537
f 4537 4551 4552
f 4537 4552 4538
f 4538 4552 4553
f 4554 4539 4556
f 4556 4539 4555
f 4557 4540 4554
f 4554 4540 4539
f 4559 4557 4558
f 4558 4557 4560
f 4540 4557 4541
f 4541 4557 4559
f 4562 4563 4561
f 4561 4563 4564
f 4546 4565 4543
f 4543 4565 4566
f 4547 4567 4548
f 4548 4567 4568
f 4570 4571 4569
f 4569 4571 4572
f 4574 4575 4573
f 4573 4575 4576
f 4578 4579 4577
f 4577 4579 4580
f 4582 4583 4581
f 4581 4583 4584
f 4585 4586 4588
f 4588 4586 4587
f 4589 4585 4590
f 4590 4585 4588
f 4592 4593 4591
f 4591 4593 4594
f 4596 4597 4595
f 4595 4597 4598
f 4600 4601 4599
f 4599 4601 4602
f 4563 4604 4603
f 4603 4604 4605
f 4603 4606 4608
f 4608 4606 4607
f 4609 4610 4594
f 4594 4610 4591
f 4611 4612 4614
f 4614 4612 4613
f 4616 4617 4615
f 4615 4617 4618
f 4602 4620 4619
f 4619 4620 4621
f 4619 4622 4602
f 4602 4622 4599
f 4605 4599 4623
f 4623 4599 4622
f 4605 4623 4603
f 4603 4623 4606
f 4625 4626 4624
f 4624 4626 4627
f 4438 4437 4628
f 4628 4437 4629
f 4442 4441 4630
f 4630 4441 4631
f 4630 4632 4442
f 4442 4632 4514
f 4633 4634 4529
f 4529 4634 4500
f 4500 4634 4501
f 4501 4634 4635
f 4637 4546 4636
f 4636 4546 4545
f 4639 4565 4638
f 4638 4565 4640
f 4573 4576 4641
f 4641 4576 4642
f 4593 4643 4594
f 4594 4643 4644
f 4645 4609 4644
f 4644 4609 4594
f 4647 4648 4646
f 4646 4648 4649
f 4651 4652 4650
f 4650 4652 4653
f 4654 4498 4519
f 4519 4498 4532
f 4520 4508 4521
f 4521 4508 4511
f 4522 4510 4523
f 4523 4510 4655
f 4524 4656 4525
f 4525 4656 4657
f 4514 4529 4515
f 4515 4529 4528
f 4658 4659 4661
f 4661 4659 4660
f 4496 4540 4499
f 4499 4540 4541
f 4493 4555 4494
f 4494 4555 4539
f 4549 4483 4550
f 4550 4483 4482
f 4545 4544 4501
f 4501 4544 4502
f 4636 4545 4635
f 4635 4545 4501
f 4589 4663 4662
f 4662 4663 4664
f 4662 4665 4558
f 4558 4665 4559
f 4569 4586 4570
f 4570 4586 4560
f 4552 4666 4553
f 4553 4666 4667
f 4668 4669 4670
f 4670 4669 4666
f 4672 4673 4671
f 4671 4673 4674
f 4287 4675 4288
f 4288 4675 4676
f 4678 4679 4677
f 4677 4679 4680
f 4681 4678 4682
f 4682 4678 4677
f 4682 4683 4681
f 4681 4683 4684
f 4161 4164 4685
f 4685 4164 4686
f 4414 4687 4689
f 4689 4687 4688
f 4405 4690 4346
f 4346 4690 4347
f 4691 4399 4693
f 4693 4399 4692
f 1209 4694 4365
f 4365 4694 4366
f 4650 1211 4651
f 4651 1211 1210
f 4695 4696 4255
f 4255 4696 4256
f 4697 4698 4218
f 4218 4698 4215
f 4700 4701 4699
f 4699 4701 4702
f 4703 4704 4303
f 4303 4704 4300
f 4315 3922 4316
f 4316 3922 3945
f 4653 4706 4705
f 4705 4706 4707
f 4709 4710 4708
f 4708 4710 4711
f 4335 4334 4713
f 4713 4334 4712
f 4714 4340 4321
f 4321 4340 4322
f 4716 4717 4715
f 4715 4717 4718
f 4238 4241 4719
f 4719 4241 4720
f 4231 4721 4307
f 4307 4721 4308
f 4723 4724 4722
f 4722 4724 4725
f 4727 4728 4726
f 4726 4728 4729
f 4730 4731 4327
f 4327 4731 4328
f 4733 4734 4732
f 4732 4734 4735
f 4720 4381 4736
f 4736 4381 4737
f 4738 4739 4741
f 4741 4739 4740
f 4743 4744 4742
f 4742 4744 4745
f 4338 4390 4339
f 4339 4390 4431
f 4746 4747 4431
f 4431 4747 4339
f 4291 4332 4289
f 4289 4332 4317
f 4289 4209 4291
f 4291 4209 4286
f 4287 4286 4210
f 4210 4286 4209
f 4749 4750 4748
f 4748 4750 4751
f 4212 4284 4752
f 4752 4284 4753
f 4752 4754 4212
f 4212 4754 4213
f 4252 4251 4225
f 4225 4251 4226
f 4227 4230 4248
f 4248 4230 4249
f 4205 4755 4757
f 4757 4755 4756
f 4708 4711 4758
f 4758 4711 4647
f 4367 4366 4759
f 4759 4366 4760
f 4526 4513 4527
f 4527 4513 4512
f 4420 4423 4385
f 4385 4423 4386
f 4705 4761 4653
f 4653 4761 4650
f 4761 1279 4650
f 4650 1279 1211
f 4762 4763 3944
f 3944 4763 3936
f 4274 4273 4765
f 4765 4273 4764
f 4767 4768 4766
f 4766 4768 4769
f 4770 4771 4769
f 4769 4771 4766
f 4771 4770 4242
f 4242 4770 4243
f 4093 4163 4094
f 4094 4163 4162
f 4772 4773 4775
f 4775 4773 4774
f 4777 4778 4776
f 4776 4778 4779
f 4417 4185 4182
f 4182 4185 4184
f 4780 4078 4781
f 4781 4078 4077
f 4781 4077 4782
f 4782 4077 4189
f 4188 4783 4189
f 4189 4783 4782
f 4295 4232 4307
f 4307 4232 4231
f 4785 4786 4784
f 4784 4786 4787
f 4784 1307 4785
f 4785 1307 1306
f 4078 4780 4096
f 4096 4780 4097
f 4075 4074 4310
f 4310 4074 4788
f 4788 4074 4789
f 4789 4074 4191
f 4789 4191 4059
f 4059 4191 4790
f 4791 4277 4792
f 4792 4277 4278
f 3732 3735 4793
f 4793 3735 4313
f 4793 4794 3732
f 3732 4794 3731
f 4792 4795 4791
f 4791 4795 4796
f 4797 4798 4799
f 4799 4798 4724
f 4763 4800 3936
f 3936 4800 3935
f 4801 4062 3729
f 3729 4062 3730
f 4713 4712 4802
f 4802 4712 4803
f 4146 4804 4119
f 4119 4804 4805
f 4498 4654 4497
f 4497 4654 4520
f 4806 4807 1326
f 1326 4807 1327
f 4689 4688 1330
f 1330 4688 1331
f 4801 4789 4062
f 4062 4789 4059
f 3730 4062 4808
f 4808 4062 4061
f 4810 4811 4809
f 4809 4811 4812
f 4813 4403 4814
f 4814 4403 4345
f 4815 4816 4349
f 4349 4816 4350
f 4817 4818 4820
f 4820 4818 4819
f 4406 4821 4407
f 4407 4821 4822
f 4823 4161 4824
f 4824 4161 4685
f 4181 4414 4825
f 4825 4414 4689
f 4741 4740 4826
f 4826 4740 4827
f 4828 4829 4827
f 4827 4829 4826
f 4142 4141 4415
f 4415 4141 4148
f 4830 1354 4761
f 4761 1354 1279
f 4832 4833 4831
f 4831 4833 4834
f 4835 4836 4626
f 4626 4836 4421
f 4451 4709 4395
f 4395 4709 4708
f 4627 4420 4837
f 4837 4420 4385
f 4837 1365 4838
f 4838 1365 1364
f 4397 4396 4839
f 4839 4396 4840
f 4842 4628 4841
f 4841 4628 4629
f 4671 4674 4631
f 4631 4674 4630
f 4674 4659 4630
f 4630 4659 4632
f 4633 4632 4658
f 4658 4632 4659
f 4658 4504 4633
f 4633 4504 4634
f 4635 4634 4507
f 4507 4634 4504
f 4843 4636 4507
f 4507 4636 4635
f 4844 4637 4843
f 4843 4637 4636
f 4637 4844 4640
f 4640 4844 4664
f 4638 4663 4642
f 4642 4663 4845
f 4847 4643 4846
f 4846 4643 4641
f 4644 4848 4645
f 4645 4848 4849
f 4851 4852 4850
f 4850 4852 4853
f 4855 4856 4854
f 4854 4856 4857
f 4859 4860 4858
f 4858 4860 4857
f 4715 4718 4859
f 4859 4718 4860
f 4862 4863 4861
f 4861 4863 4864
f 4866 4867 4865
f 4865 4867 4868
f 4870 4871 4869
f 4869 4871 4872
f 4869 4872 4116
f 4116 4872 4117
f 4820 4819 4874
f 4874 4819 4873
f 4876 4877 4875
f 4875 4877 4878
f 4880 4881 4879
f 4879 4881 4882
f 4884 4885 4883
f 4883 4885 4886
f 4887 4888 4280
f 4280 4888 4281
f 4818 4817 4889
f 4889 4817 4890
f 4891 4193 4823
f 4823 4193 4192
f 4892 4893 4228
f 4228 4893 4229
f 4158 4157 4894
f 4894 4157 4895
f 4896 4897 4132
f 4132 4897 4133
f 4099 4683 4100
f 4100 4683 4682
f 4101 4100 4899
f 4899 4100 4898
f 4150 4106 4147
f 4147 4106 4900
f 4100 4682 4898
f 4898 4682 4677
f 4080 4082 4187
f 4187 4082 4184
f 4077 4080 4189
f 4189 4080 4187
f 4191 4190 4790
f 4790 4190 4901
f 4177 4158 4680
f 4680 4158 4894
f 4108 4136 4752
f 4752 4136 4754
f 4752 4753 4108
f 4108 4753 4109
f 4817 4902 4890
f 4890 4902 4903
f 4904 4905 4907
f 4907 4905 4906
f 4909 4910 4908
f 4908 4910 4911
f 4913 4914 4912
f 4912 4914 4915
f 4916 4917 4919
f 4919 4917 4918
f 4312 4424 4299
f 4299 4424 4304
f 4920 4921 4297
f 4297 4921 4298
f 4194 4922 4167
f 4167 4922 4923
f 4924 4400 4691
f 4691 4400 4399
f 4395 4708 4396
f 4396 4708 4758
f 4367 4925 4368
f 4368 4925 4926
f 4919 4918 4873
f 4873 4918 4874
f 4836 4927 4421
f 4421 4927 4422
f 4921 4928 4298
f 4298 4928 4311
f 4143 4146 4122
f 4122 4146 4119
f 4929 4930 4455
f 4455 4930 4452
f 4932 4933 4931
f 4931 4933 4934
f 4935 4936 4932
f 4932 4936 4933
f 4461 4460 4457
f 4457 4460 4458
f 4480 4479 4475
f 4475 4479 4476
f 4660 4673 4517
f 4517 4673 4937
f 4661 4505 4658
f 4658 4505 4504
f 4484 4483 4489
f 4489 4483 4486
f 4462 4509 4463
f 4463 4509 4518
f 4469 4511 4466
f 4466 4511 4508
f 4655 4473 4656
f 4656 4473 4477
f 4476 4657 4477
f 4477 4657 4656
f 4479 4513 4476
f 4476 4513 4657
f 4489 4525 4484
f 4484 4525 4526
f 4483 4549 4486
f 4486 4549 4536
f 4549 4548 4536
f 4536 4548 4551
f 4548 4568 4551
f 4551 4568 4670
f 4663 4589 4845
f 4845 4589 4590
f 4668 4577 4938
f 4938 4577 4580
f 4940 4938 4939
f 4939 4938 4941
f 4940 4942 4669
f 4669 4942 4943
f 4587 4582 4944
f 4944 4582 4581
f 4848 4847 4608
f 4608 4847 4564
f 4616 4945 4613
f 4613 4945 4598
f 4615 4946 4616
f 4616 4946 4945
f 4947 4939 4948
f 4948 4939 4946
f 4599 4605 4600
f 4600 4605 4604
f 4608 4607 4848
f 4848 4607 4849
f 4613 4612 4616
f 4616 4612 4617
f 4835 4949 4709
f 4709 4949 4710
f 4357 1477 4837
f 4837 1477 1365
f 4712 4950 4803
f 4803 4950 4951
f 4401 4952 4402
f 4402 4952 4953
f 4759 4760 4402
f 4402 4760 4399
f 4508 4520 4509
f 4509 4520 4654
f 4510 4522 4511
f 4511 4522 4521
f 4513 4526 4657
f 4657 4526 4525
f 4632 4633 4514
f 4514 4633 4529
f 4931 4934 4453
f 4453 4934 4454
f 4153 4954 4154
f 4154 4954 4955
f 4957 4958 4956
f 4956 4958 4959
f 4961 4962 4960
f 4960 4962 4963
f 4120 4964 4210
f 4210 4964 4965
f 4967 4968 4966
f 4966 4968 4969
f 4349 4692 4815
f 4815 4692 4970
f 4652 4971 4653
f 4653 4971 4706
f 4758 4647 4972
f 4972 4647 4646
f 4973 4363 4646
f 4646 4363 4972
f 4950 4360 4974
f 4974 4360 4364
f 4431 4335 4746
f 4746 4335 4713
f 4358 4714 4325
f 4325 4714 4321
f 4765 4764 4266
f 4266 4764 4975
f 4202 4976 4203
f 4203 4976 4977
f 4917 4978 4918
f 4918 4978 4979
f 4279 4282 4854
f 4854 4282 4269
f 4820 4880 4817
f 4817 4880 4902
f 4890 4903 4980
f 4980 4903 4886
f 4982 4983 4981
f 4981 4983 4123
f 4795 4851 4796
f 4796 4851 4850
f 4918 4979 4874
f 4874 4979 4881
f 4809 4404 4810
f 4810 4404 4403
f 4354 4985 4984
f 4984 4985 4986
f 1364 1516 4838
f 4838 1516 4987
f 4759 4988 4367
f 4367 4988 4925
f 4989 4990 4481
f 4481 4990 4478
f 4443 4515 4990
f 4990 4515 4991
f 4527 4512 4992
f 4992 4512 4991
f 4528 4503 4992
f 4992 4503 4993
f 4993 4994 4485
f 4485 4994 4482
f 4544 4995 4502
f 4502 4995 4994
f 4995 4996 4550
f 4550 4996 4547
f 4998 4999 4997
f 4997 4999 4566
f 4998 5000 4578
f 4578 5000 4579
f 5001 5002 4596
f 4596 5002 4597
f 5003 4591 5004
f 5004 4591 4610
f 4626 4421 4627
f 4627 4421 4420
f 4837 4838 4627
f 4627 4838 4624
f 4761 4705 4830
f 4830 4705 5005
f 4705 4707 5005
f 5005 4707 5006
f 4308 4721 4075
f 4075 4721 4076
f 5007 4200 4797
f 4797 4200 4798
f 4685 4686 5008
f 5008 4686 5009
f 4889 4890 5010
f 5010 4890 4980
f 4323 1541 4324
f 4324 1541 1540
f 4385 4384 4358
f 4358 4384 4714
f 4396 4758 4840
f 4840 4758 4972
f 4866 4852 5011
f 5011 4852 5012
f 5013 4260 4980
f 4980 4260 5010
f 4875 4878 5014
f 5014 4878 5015
f 5017 5018 5016
f 5016 5018 5019
f 5016 5019 5020
f 5020 5019 5021
f 5023 5024 5022
f 5022 5024 5025
f 5027 5028 5026
f 5026 5028 5029
f 5031 5032 5030
f 5030 5032 5033
f 5035 5036 5034
f 5034 5036 5037
f 5039 5040 5038
f 5038 5040 5041
f 5043 5044 5042
f 5042 5044 5045
f 5038 5046 5039
f 5039 5046 5047
f 5049 5050 5048
f 5048 5050 5051
f 5053 5054 5052
f 5052 5054 5055
f 5057 5024 5056
f 5056 5024 5058
f 5060 5061 5059
f 5059 5061 5062
f 5064 5065 5063
f 5063 5065 5066
f 5043 5050 5064
f 5064 5050 5065
f 5038 5041 5067
f 5067 5041 5068
f 5070 5071 5069
f 5069 5071 5072
f 5074 5075 5073
f 5073 5075 5076
f 5034 5077 5035
f 5035 5077 5078
f 5080 5081 5079
f 5079 5081 5082
f 5084 5085 5083
f 5083 5085 5086
f 5085 5084 5087
f 5087 5084 5088
f 5090 5091 5089
f 5089 5091 5092
f 5094 5095 5093
f 5093 5095 5096
f 5098 5099 5097
f 5097 5099 5100
f 5102 5103 5101
f 5101 5103 5104
f 5105 5106 5108
f 5108 5106 5107
f 5110 5111 5109
f 5109 5111 5112
f 5114 5094 5113
f 5113 5094 5093
f 5116 5117 5115
f 5115 5117 5118
f 5120 5121 5119
f 5119 5121 5122
f 5124 5125 5123
f 5123 5125 5126
f 5128 5129 5127
f 5127 5129 5130
f 5097 5131 5098
f 5098 5131 5132
f 5134 5135 5133
f 5133 5135 5122
f 5084 5125 5088
f 5088 5125 5136
f 5138 5139 5137
f 5137 5139 5140
f 5142 5102 5141
f 5141 5102 5101
f 5106 5143 5107
f 5107 5143 5144
f 5146 5147 5145
f 5145 5147 5148
f 5149 5150 5109
f 5109 5150 5110
f 5151 5110 5152
f 5152 5110 5150
f 4715 5140 4716
f 4716 5140 5139
f 5143 4870 5144
f 5144 4870 4869
f 4115 5146 4116
f 4116 5146 5145
f 4791 4796 5149
f 5149 4796 5150
f 4796 4850 5150
f 5150 4850 5152
f 4858 5142 4859
f 4859 5142 5141
f 5153 5154 5115
f 5115 5154 5105
f 5156 5157 5155
f 5155 5157 5158
f 5159 5160 5053
f 5053 5160 5054
f 5161 5162 5020
f 5020 5162 5068
f 5026 5029 5163
f 5163 5029 5021
f 5083 5086 5164
f 5164 5086 5165
f 5090 5167 5166
f 5166 5167 5168
f 5169 5170 5172
f 5172 5170 5171
f 5174 5175 5173
f 5173 5175 5176
f 5177 5109 5178
f 5178 5109 5112
f 5179 5180 5182
f 5182 5180 5181
f 5123 5126 5120
f 5120 5126 5121
f 5180 5167 5181
f 5181 5167 5183
f 5184 5185 5179
f 5179 5185 5180
f 5186 5149 5177
f 5177 5149 5109
f 4868 5184 4865
f 4865 5184 5179
f 5188 5189 5187
f 5187 5189 5190
f 4277 4791 5186
f 5186 4791 5149
f 5179 5182 4865
f 4865 5182 4853
f 5189 4862 5190
f 5190 4862 4861
f 5156 5075 5191
f 5191 5075 5192
f 5036 5035 5193
f 5193 5035 5194
f 5115 5118 5153
f 5153 5118 5195
f 5022 5025 5196
f 5196 5025 5197
f 5155 5158 5069
f 5069 5158 5062
f 5063 5066 5198
f 5198 5066 5199
f 5073 5076 5200
f 5200 5076 5072
f 5202 5131 5201
f 5201 5131 5203
f 5143 5106 5204
f 5204 5106 5205
f 5114 5113 5206
f 5206 5113 5127
f 5098 5132 5193
f 5193 5132 5195
f 5204 5207 5143
f 5143 5207 4870
f 5088 5136 5208
f 5208 5136 5092
f 5209 5210 5089
f 5089 5210 5183
f 5211 5018 5060
f 5060 5018 5061
f 5017 5040 5070
f 5070 5040 5071
f 5191 5160 5156
f 5156 5160 5157
f 5048 5028 5049
f 5049 5028 5058
f 5207 5204 4858
f 4858 5204 5142
f 4859 5141 4715
f 4715 5141 5140
f 5212 5162 5042
f 5042 5162 5051
f 5182 5152 4853
f 4853 5152 4850
f 5214 5134 5213
f 5213 5134 5133
f 5164 5165 5133
f 5133 5165 5213
f 5215 5216 5201
f 5201 5216 5217
f 5147 5218 5148
f 5148 5218 5219
f 5147 5177 5218
f 5218 5177 5178
f 5141 5101 5140
f 5140 5101 5137
f 5201 5217 5202
f 5202 5217 5104
f 5146 5186 5147
f 5147 5186 5177
f 4277 5186 4115
f 4115 5186 5146
f 5191 5192 5031
f 5031 5192 5032
f 5052 5055 5220
f 5220 5055 5197
f 4116 5145 4869
f 4869 5145 5144
f 5034 5037 5214
f 5214 5037 5134
f 5097 5100 5114
f 5114 5100 5094
f 5108 5107 5219
f 5219 5107 5148
f 5221 5135 5116
f 5116 5135 5117
f 5124 5111 5209
f 5209 5111 5210
f 5107 5144 5148
f 5148 5144 5145
f 5152 5182 5151
f 5151 5182 5181
f 5208 5222 5088
f 5088 5222 5087
f 5222 5208 5171
f 5171 5208 5172
f 5223 1756 4698
f 4698 1756 1755
f 4427 5224 4107
f 4107 5224 4135
f 4178 4679 5225
f 5225 4679 5226
f 5227 5228 4892
f 4892 5228 4893
f 5229 5230 4171
f 4171 5230 4172
f 4855 4268 4884
f 4884 4268 4885
f 4884 4871 4855
f 4855 4871 4856
f 4684 5231 4896
f 4896 5231 4897
f 4768 4767 5009
f 5009 4767 5008
f 5205 5154 5102
f 5102 5154 5103
f 5099 5098 5194
f 5194 5098 5193
f 5198 5199 5079
f 5079 5199 5033
f 5102 5142 5205
f 5205 5142 5204
f 5224 4427 4681
f 4681 4427 4678
f 3712 3711 5232
f 5232 3711 5233
f 3968 3988 3963
f 3963 3988 3964
f 3976 4044 3972
f 3972 4044 3985
f 4038 4037 4036
f 4036 4037 4033
f 4794 4762 3731
f 3731 4762 3944
f 3731 3944 3722
f 3722 3944 3810
f 3874 5234 5232
f 5232 5234 3712
f 3906 3905 3867
f 3867 3905 4011
f 3904 4023 3905
f 3905 4023 4011
f 3719 3722 3811
f 3811 3722 3810
f 3812 3719 3687
f 3687 3719 3811
f 3716 3812 3686
f 3686 3812 3687
f 3713 3716 3685
f 3685 3716 3686
f 4810 4403 5235
f 5235 4403 4813
f 4345 1770 4814
f 4814 1770 1769
f 4067 4066 4058
f 4058 4066 5236
f 4043 4068 4049
f 4049 4068 4050
f 4034 5237 3989
f 3989 5237 3990
f 4031 4030 4072
f 4072 4030 4005
f 4003 4004 4002
f 4002 4004 4032
f 4004 4005 4032
f 4032 4005 4030
f 4067 4064 4068
f 4068 4064 4050
f 4058 4057 4067
f 4067 4057 4064
f 4035 4034 5238
f 5238 4034 3989
f 5236 5239 4058
f 4058 5239 5240
f 5234 3874 5241
f 5241 3874 3873
f 5241 3873 3881
f 3881 3873 3878
f 4800 4763 4788
f 4788 4763 4310
f 4763 4762 4310
f 4310 4762 4309
f 4762 4794 4309
f 4309 4794 4306
f 4794 4793 4306
f 4306 4793 4292
f 4293 4313 4302
f 4302 4313 4314
f 4302 4314 4303
f 4303 4314 4315
f 4303 4315 4703
f 4703 4315 4316
f 4035 4069 4043
f 4043 4069 4068
f 4324 1540 4357
f 4357 1540 1477
f 5232 3987 3874
f 3874 3987 3871
f 3987 5232 4013
f 4013 5232 5233
f 4013 5233 4014
f 4014 5233 5242
f 3888 4015 3865
f 3865 4015 4007
f 3866 4008 5243
f 5243 4008 4016
f 3873 5244 3878
f 3878 5244 3875
f 3965 5244 3872
f 3872 5244 3873
f 3876 3875 3965
f 3965 3875 5244
f 5243 4016 5242
f 5242 4016 4014
f 5246 5247 5245
f 5245 5247 5248
f 3576 3950 3577
f 3577 3950 3926
f 3584 3842 3585
f 3585 3842 3580
f 5249 5247 1784
f 1784 5247 1785
f 5250 5251 5253
f 5253 5251 5252
f 5255 5252 5254
f 5254 5252 5256
f 5254 5256 5258
f 5258 5256 5257
f 5258 5257 5260
f 5260 5257 5259
f 4356 5261 4424
f 4424 5261 5259
f 4355 5262 4356
f 4356 5262 5261
f 4924 5264 5263
f 5263 5264 5265
f 4693 5266 4691
f 4691 5266 5267
f 4351 5268 4352
f 4352 5268 5269
f 1808 1807 4351
f 4351 1807 5268
f 3580 3842 3581
f 3799 3802 3838
f 4800 4788 4801
f 4801 4788 4789
f 3729 3935 4801
f 4801 3935 4800
f 3728 3666 3729
f 3729 3666 3935
f 3728 3798 3666
f 3666 3798 3663
f 3798 3818 3663
f 3663 3818 3809
f 3818 3817 3809
f 3809 3817 3808
f 3796 3655 3817
f 3817 3655 3808
f 3615 3568 3796
f 3796 3568 3655
f 3573 3569 3615
f 3615 3569 3568
f 3572 3613 3573
f 3573 3613 3569
f 3792 3606 3572
f 3572 3606 3613
f 3607 3791 3949
f 3949 3791 3591
f 3590 3950 3591
f 3591 3950 3949
f 3805 3926 3590
f 3590 3926 3950
f 3804 3559 3805
f 3805 3559 3926
f 3804 3914 3559
f 3559 3914 3560
f 3924 3789 3913
f 3913 3789 3788
f 3924 3928 3789
f 3789 3928 3826
f 3928 3927 3826
f 3826 3927 3827
f 3927 3834 3827
f 3827 3834 3835
f 4079 4078 5270
f 5270 4078 5007
f 5271 5272 4233
f 4233 5272 5273
f 5275 5276 5274
f 5274 5276 5277
f 5278 5279 4236
f 4236 5279 4237
f 5278 5280 5271
f 5271 5280 5272
f 4235 5281 4236
f 4236 5281 5282
f 5284 5285 5283
f 5283 5285 5286
f 5288 5289 5287
f 5287 5289 5290
f 5292 5293 5291
f 5291 5293 5294
f 5287 5290 4726
f 4726 5290 5295
f 4293 4292 4313
f 4313 4292 4793
f 4720 4736 4719
f 4719 4736 5296
f 5297 4909 5298
f 5298 4909 4908
f 5299 5300 4976
f 4976 5300 5301
f 5302 4202 5303
f 5303 4202 4201
f 5304 5305 4983
f 4983 5305 5306
f 5308 5309 5307
f 5307 5309 5310
f 4722 4725 5283
f 5283 4725 5311
f 5291 5294 4125
f 4125 5294 4126
f 5313 5314 5312
f 5312 5314 5315
f 5316 5317 5319
f 5319 5317 5318
f 5321 5308 5320
f 5320 5308 5307
f 4819 4981 4873
f 4873 4981 5322
f 4981 4123 5322
f 5322 4123 4126
f 5324 5325 5323
f 5323 5325 5326
f 4764 5327 4975
f 4975 5327 5328
f 4172 5327 4169
f 4169 5327 5329
f 4768 4171 4769
f 4769 4171 4170
f 4243 4755 4244
f 4244 4755 5330
f 4755 4205 5330
f 5330 4205 4208
f 4206 4906 4207
f 4207 4906 4905
f 4686 5014 5009
f 5009 5014 5229
f 4756 4770 4170
f 4170 4770 4769
f 4170 4169 4756
f 4756 4169 4757
f 4273 5329 4764
f 4764 5329 5327
f 4276 5331 4273
f 4273 5331 5329
f 4770 4756 4243
f 4243 4756 4755
f 5333 4889 5332
f 5332 4889 5010
f 4877 5332 4878
f 4878 5332 4259
f 4875 4164 4876
f 4876 4164 4163
f 5334 5335 5324
f 5324 5335 5325
f 4983 5306 4123
f 4123 5306 4124
f 4818 4982 4819
f 4819 4982 4981
f 5332 5010 4259
f 4259 5010 4260
f 5014 4686 4875
f 4875 4686 4164
f 4171 4768 5229
f 5229 4768 5009
f 5337 4916 5336
f 5336 4916 4919
f 5293 5337 5294
f 5294 5337 5336
f 4982 4818 5333
f 5333 4818 4889
f 5338 5339 4262
f 4262 5339 5340
f 5307 5310 5338
f 5338 5310 5339
f 5341 5342 4204
f 4204 5342 5309
f 5336 4919 5322
f 5322 4919 4873
f 5294 5336 4126
f 4126 5336 5322
f 5323 5326 5343
f 5343 5326 5286
f 4914 5344 4915
f 4915 5344 5345
f 5312 5315 5344
f 5344 5315 5345
f 5347 5348 5346
f 5346 5348 5349
f 5350 5351 4832
f 4832 5351 4833
f 5352 5353 5349
f 5349 5353 5346
f 5354 5338 4265
f 4265 5338 4262
f 5320 5307 5354
f 5354 5307 5338
f 4201 5308 5303
f 5303 5308 5321
f 5356 5357 5355
f 5355 5357 4799
f 5358 5359 5334
f 5334 5359 5335
f 5358 5360 4093
f 4093 5360 4163
f 5360 5305 4163
f 4163 5305 4876
f 5305 5304 4876
f 4876 5304 4877
f 5270 4778 4079
f 4079 4778 4081
f 4779 5361 4774
f 4774 5361 5357
f 5356 5359 4775
f 4775 5359 4092
f 5333 5304 4982
f 4982 5304 4983
f 5332 4877 5333
f 5333 4877 5304
f 5015 4258 5230
f 5230 4258 5328
f 5327 4172 5328
f 5328 4172 5230
f 4169 5329 4757
f 4757 5329 5331
f 4757 5331 4205
f 4205 5331 4206
f 5331 4276 4206
f 4206 4276 4906
f 4276 4275 4906
f 4906 4275 4907
f 4275 4888 4907
f 4907 4888 4744
f 4887 4717 4745
f 4745 4717 4864
f 4716 5139 4861
f 4861 5139 5190
f 5139 5138 5190
f 5190 5138 5187
f 5138 5216 5187
f 5187 5216 5176
f 5215 5362 5173
f 5173 5362 5130
f 5364 5365 5363
f 5363 5365 5340
f 4742 4863 5366
f 5366 4863 4867
f 4862 5189 4868
f 4868 5189 5184
f 5189 5188 5184
f 5184 5188 5185
f 5188 5175 5185
f 5185 5175 5168
f 3560 3788 3561
f 3561 3788 3790
f 3596 3595 3608
f 3608 3595 3594
f 3598 3582 3595
f 3595 3582 3592
f 3600 3609 3601
f 3601 3609 3611
f 3602 3601 3612
f 3612 3601 3611
f 3606 3605 3613
f 3613 3605 3614
f 3793 5367 3794
f 3794 5367 5368
f 3598 3597 3600
f 3600 3597 3609
f 3793 3792 3575
f 3575 3792 3572
f 3561 3594 3558
f 3558 3594 3593
f 3807 3915 3804
f 3804 3915 3914
f 3916 3915 5370
f 5370 3915 5369
f 3602 3605 3603
f 3603 3605 3604
f 3606 3792 3607
f 3607 3792 3791
f 3914 3913 3560
f 3560 3913 3788
f 5174 5129 5166
f 5166 5129 5371
f 5170 5169 5093
f 5093 5169 5113
f 5166 5371 5090
f 5090 5371 5091
f 5128 5169 5372
f 5372 5169 5172
f 5127 5113 5128
f 5128 5113 5169
f 5114 5206 5203
f 5203 5206 5362
f 5200 5373 5073
f 5073 5373 5096
f 5374 5375 5200
f 5200 5375 5373
f 5039 5047 5374
f 5374 5047 5375
f 5087 5046 5085
f 5085 5046 5376
f 5212 5377 5067
f 5067 5377 5376
f 5042 5045 5212
f 5212 5045 5377
f 5064 5378 5043
f 5043 5378 5044
f 5063 5077 5064
f 5064 5077 5378
f 5079 5082 5198
f 5198 5082 5078
f 5099 5081 5100
f 5100 5081 5379
f 5100 5379 5094
f 5094 5379 5095
f 5381 5382 5380
f 5380 5382 5383
f 5385 5386 5384
f 5384 5386 5383
f 5385 5387 5386
f 5386 5387 5388
f 5390 5391 5389
f 5389 5391 5392
f 5393 5394 5396
f 5396 5394 5395
f 5398 5399 5397
f 5397 5399 5400
f 5402 5403 5401
f 5401 5403 5404
f 5406 5407 5405
f 5405 5407 5404
f 5408 5409 5163
f 5163 5409 5410
f 5411 5412 5414
f 5414 5412 5413
f 5057 5416 5415
f 5415 5416 5417
f 5393 5416 5418
f 5418 5416 5419
f 5396 5395 5420
f 5420 5395 5421
f 5423 5424 5422
f 5422 5424 5425
f 5415 5417 5220
f 5220 5417 5426
f 5418 5391 5393
f 5393 5391 5394
f 5414 5388 5411
f 5411 5388 5392
f 5059 5427 5060
f 5060 5427 5428
f 5423 5427 5429
f 5429 5427 5430
f 5432 5382 5431
f 5431 5382 5425
f 5429 5407 5423
f 5423 5407 5424
f 5380 5409 5381
f 5381 5409 5433
f 5381 5433 5422
f 5422 5433 5428
f 5027 5412 5056
f 5056 5412 5419
f 5435 5436 5434
f 5434 5436 5437
f 5159 5439 5438
f 5438 5439 5440
f 5053 5436 5159
f 5159 5436 5439
f 5441 5403 5398
f 5398 5403 5399
f 5163 5410 5026
f 5026 5410 5413
f 5438 5440 5442
f 5442 5440 5430
f 5444 5445 5443
f 5443 5445 5446
f 5447 5448 5450
f 5450 5448 5449
f 5451 5446 5452
f 5452 5446 5445
f 5454 5455 5453
f 5453 5455 5451
f 5456 5454 5458
f 5458 5454 5457
f 5460 5461 5459
f 5459 5461 5462
f 5464 5465 5463
f 5463 5465 5466
f 5468 5469 5467
f 5467 5469 5470
f 5472 5473 5471
f 5471 5473 5474
f 5475 5476 5478
f 5478 5476 5477
f 5479 5480 5482
f 5482 5480 5481
f 5483 5484 5448
f 5448 5484 5485
f 5448 5485 5449
f 5449 5485 5486
f 5487 5476 5488
f 5488 5476 5475
f 5490 5491 5489
f 5489 5491 5492
f 5494 5495 5493
f 5493 5495 5496
f 5498 5494 5497
f 5497 5494 5493
f 5500 5501 5499
f 5499 5501 5502
f 5503 5504 5446
f 5446 5504 5443
f 5506 5507 5505
f 5505 5507 5508
f 5510 5511 5509
f 5509 5511 5512
f 5514 5515 5513
f 5513 5515 5516
f 5518 5519 5517
f 5517 5519 5520
f 5495 5521 5496
f 5496 5521 5522
f 5524 5525 5523
f 5523 5525 5526
f 5527 5528 5494
f 5494 5528 5495
f 5499 5502 5529
f 5529 5502 5530
f 5531 5532 5485
f 5485 5532 5486
f 5485 5484 5531
f 5531 5484 5533
f 5482 5481 5534
f 5534 5481 5535
f 5536 5512 5506
f 5506 5512 5511
f 5455 5503 5451
f 5451 5503 5446
f 5467 5470 5511
f 5511 5470 5537
f 5538 5467 5510
f 5510 5467 5511
f 5540 5541 5539
f 5539 5541 5542
f 5543 5544 5546
f 5546 5544 5545
f 5548 5472 5547
f 5547 5472 5471
f 5493 5496 5549
f 5549 5496 5550
f 5496 5522 5550
f 5550 5522 5551
f 5553 5554 5552
f 5552 5554 5555
f 5557 5447 5556
f 5556 5447 5558
f 5557 5483 5447
f 5447 5483 5448
f 5478 5477 5553
f 5553 5477 5559
f 5477 5560 5559
f 5559 5560 5561
f 5476 5562 5477
f 5477 5562 5560
f 5476 5487 5562
f 5562 5487 5563
f 5560 5564 5561
f 5561 5564 5565
f 5564 5560 5566
f 5566 5560 5562
f 5563 5567 5562
f 5562 5567 5566
f 5569 5521 5568
f 5568 5521 5570
f 5481 5572 5571
f 5571 5572 5573
f 5574 5535 5571
f 5571 5535 5481
f 5576 5577 5575
f 5575 5577 5578
f 5579 5580 5456
f 5456 5580 5581
f 5475 5582 5488
f 5488 5582 5583
f 5584 5536 5505
f 5505 5536 5506
f 5585 5586 5588
f 5588 5586 5587
f 5590 5591 5589
f 5589 5591 5592
f 5519 5593 5520
f 5520 5593 5594
f 5595 5596 5462
f 5462 5596 5597
f 5599 5600 5598
f 5598 5600 5514
f 5602 5603 5601
f 5601 5603 5604
f 5524 5543 5525
f 5525 5543 5546
f 5543 5524 5606
f 5606 5524 5605
f 5607 5608 5500
f 5500 5608 5501
f 5610 5551 5609
f 5609 5551 5522
f 5611 5510 5598
f 5598 5510 5509
f 5612 5597 5457
f 5457 5597 5458
f 5510 5611 5538
f 5538 5611 5613
f 5580 5508 5581
f 5581 5508 5507
f 5615 5616 5614
f 5614 5616 5617
f 5619 5620 5618
f 5618 5620 5621
f 5623 5624 5622
f 5622 5624 5625
f 5627 5624 5626
f 5626 5624 5623
f 5629 5630 5628
f 5628 5630 5631
f 5633 5634 5632
f 5632 5634 5466
f 5635 5636 5463
f 5463 5636 5637
f 5523 5638 5524
f 5524 5638 5605
f 5639 5640 5641
f 5641 5640 5595
f 5611 5513 5613
f 5613 5513 5642
f 5643 5586 5608
f 5608 5586 5501
f 5622 5625 5590
f 5590 5625 5591
f 5598 5514 5611
f 5611 5514 5513
f 5645 5646 5644
f 5644 5646 5647
f 5620 5619 5491
f 5491 5619 5648
f 5649 5643 5492
f 5492 5643 5608
f 5650 5651 5653
f 5653 5651 5652
f 5463 5466 5635
f 5635 5466 5634
f 5597 5612 5462
f 5462 5612 5459
f 5635 5634 5523
f 5523 5634 5638
f 5654 5638 5633
f 5633 5638 5634
f 5655 5656 5525
f 5525 5656 5526
f 5658 5659 5657
f 5657 5659 5527
f 5660 5464 5637
f 5637 5464 5463
f 5632 5466 5661
f 5661 5466 5465
f 5661 5662 5632
f 5632 5662 5658
f 5662 5663 5658
f 5658 5663 5659
f 5665 5659 5664
f 5664 5659 5663
f 5632 5658 5633
f 5633 5658 5657
f 5666 5629 5530
f 5530 5629 5667
f 5528 5527 5665
f 5665 5527 5659
f 5668 5669 5570
f 5570 5669 5568
f 5669 5668 5670
f 5670 5668 5671
f 5646 5672 5673
f 5672 5674 5673
f 5673 5674 5675
f 5674 5460 5675
f 5675 5460 5459
f 5461 5676 5462
f 5462 5676 5595
f 5677 5678 5680
f 5680 5678 5679
f 5628 5681 5629
f 5629 5681 5667
f 5682 5529 5667
f 5667 5529 5530
f 5675 5459 5683
f 5683 5459 5612
f 5585 5666 5502
f 5502 5666 5530
f 5589 5684 5602
f 5602 5684 5603
f 5646 5645 5663
f 5663 5645 5664
f 5685 5647 5673
f 5673 5647 5646
f 5686 5687 5683
f 5683 5687 5685
f 5688 5689 5533
f 5533 5689 5531
f 5690 5691 5535
f 5535 5691 5534
f 5692 5690 5574
f 5574 5690 5535
f 5685 5687 5689
f 5689 5687 5693
f 5489 5694 5490
f 5490 5694 5695
f 5690 5692 5696
f 5696 5692 5697
f 5696 5644 5690
f 5690 5644 5691
f 5447 5450 5558
f 5558 5450 5698
f 5699 5700 5642
f 5642 5700 5613
f 5701 5702 5540
f 5540 5702 5541
f 5431 5703 5432
f 5432 5703 5697
f 5385 5384 5574
f 5574 5384 5692
f 5389 5387 5573
f 5573 5387 5571
f 5565 5390 5573
f 5573 5390 5389
f 5390 5565 5704
f 5704 5565 5564
f 5566 5705 5564
f 5564 5705 5704
f 5569 5441 5609
f 5609 5441 5398
f 5568 5405 5569
f 5569 5405 5441
f 5670 5706 5669
f 5669 5706 5406
f 5703 5431 5670
f 5670 5431 5706
f 5432 5697 5384
f 5384 5697 5692
f 5574 5571 5385
f 5385 5571 5387
f 5607 5707 5489
f 5489 5707 5694
f 5518 5708 5519
f 5519 5708 5709
f 5711 5576 5710
f 5710 5576 5575
f 5713 5714 5712
f 5712 5714 5715
f 5553 5552 5478
f 5478 5552 5716
f 5717 5475 5716
f 5716 5475 5478
f 5718 5719 5605
f 5605 5719 5606
f 5505 5622 5584
f 5584 5622 5590
f 5508 5623 5505
f 5505 5623 5622
f 5626 5623 5580
f 5580 5623 5508
f 5580 5579 5626
f 5626 5579 5720
f 5579 5721 5720
f 5720 5721 5722
f 5666 5585 5723
f 5723 5585 5588
f 5724 5725 5639
f 5639 5725 5640
f 5554 5726 5555
f 5555 5726 5727
f 5453 5728 5729
f 5689 5688 5685
f 5685 5688 5647
f 5604 5730 5512
f 5512 5730 5509
f 5628 5631 5618
f 5618 5631 5592
f 5601 5604 5536
f 5536 5604 5512
f 5732 5676 5731
f 5731 5676 5660
f 5730 5604 5733
f 5733 5604 5603
f 5563 5487 5551
f 5551 5487 5550
f 5489 5492 5607
f 5607 5492 5608
f 5573 5572 5565
f 5565 5572 5561
f 5609 5522 5569
f 5569 5522 5521
f 5499 5734 5500
f 5500 5734 5735
f 5596 5736 5721
f 5721 5736 5722
f 5737 5600 5594
f 5594 5600 5520
f 5599 5730 5517
f 5517 5730 5733
f 5660 5738 5731
f 5731 5738 5739
f 5648 5649 5491
f 5491 5649 5492
f 5501 5586 5502
f 5502 5586 5585
f 5525 5546 5655
f 5655 5546 5740
f 5600 5599 5520
f 5520 5599 5517
f 5708 5739 5709
f 5709 5739 5738
f 5636 5635 5526
f 5526 5635 5523
f 5670 5671 5703
f 5703 5671 5741
f 5490 5695 5742
f 5742 5695 5743
f 5682 5678 5744
f 5744 5678 5677
f 5678 5681 5679
f 5679 5681 5621
f 5742 5743 5679
f 5679 5743 5680
f 5618 5621 5628
f 5628 5621 5681
f 5725 5724 5589
f 5589 5724 5684
f 5456 5458 5579
f 5579 5458 5721
f 5675 5683 5673
f 5673 5683 5685
f 5529 5682 5745
f 5745 5682 5744
f 5721 5458 5596
f 5596 5458 5597
f 5701 5540 5719
f 5719 5540 5606
f 5703 5741 5697
f 5697 5741 5696
f 5500 5735 5607
f 5607 5735 5707
f 5549 5746 5493
f 5493 5746 5497
f 5700 5747 5613
f 5613 5747 5538
f 5420 5421 5434
f 5434 5421 5400
f 5689 5693 5531
f 5531 5693 5532
f 5705 5566 5748
f 5748 5566 5567
f 5609 5398 5610
f 5610 5398 5397
f 5669 5406 5568
f 5568 5406 5405
f 5488 5583 5549
f 5549 5583 5746
f 5714 5713 5710
f 5710 5713 5711
f 5747 5468 5538
f 5538 5468 5467
f 5548 5547 5749
f 5749 5547 5750
f 5733 5603 5751
f 5751 5603 5684
f 5589 5602 5590
f 5590 5602 5584
f 5636 5752 5614
f 5614 5752 5615
f 5753 5754 5738
f 5738 5754 5755
f 5602 5601 5584
f 5584 5601 5536
f 5723 5736 5630
f 5630 5736 5640
f 5595 5640 5596
f 5596 5640 5736
f 5734 5499 5745
f 5745 5499 5529
f 5627 5587 5643
f 5643 5587 5586
f 5553 5559 5554
f 5554 5559 5480
f 5559 5561 5480
f 5480 5561 5572
f 5554 5480 5726
f 5726 5480 5479
f 5749 5750 5715
f 5715 5750 5712
f 5683 5612 5686
f 5686 5612 5457
f 5678 5682 5681
f 5681 5682 5667
f 5598 5509 5599
f 5599 5509 5730
f 5679 5621 5742
f 5742 5621 5620
f 5652 5616 5653
f 5653 5616 5615
f 5220 5426 5052
f 5052 5426 5437
f 5487 5488 5550
f 5550 5488 5549
f 5742 5620 5490
f 5490 5620 5491
f 5551 5610 5563
f 5563 5610 5567
f 5610 5397 5567
f 5567 5397 5748
f 5614 5617 5753
f 5753 5617 5754
f 5480 5572 5481
f 5755 5756 5738
f 5738 5756 5709
f 5745 5744 5758
f 5758 5744 5757
f 5745 5758 5734
f 5734 5758 5759
f 5735 5734 5760
f 5760 5734 5759
f 5707 5735 5761
f 5761 5735 5760
f 5744 5677 5757
f 5757 5677 5762
f 5677 5680 5762
f 5762 5680 5763
f 5763 5680 5764
f 5764 5680 5743
f 5765 5766 5762
f 5762 5766 5757
f 5768 5769 5767
f 5767 5769 5770
f 5771 5772 5770
f 5770 5772 5767
f 5770 5769 5774
f 5774 5769 5773
f 5775 5776 5774
f 5774 5776 5777
f 5773 5778 5774
f 5774 5778 5775
f 5779 5766 5773
f 5773 5766 5778
f 5777 5771 5774
f 5774 5771 5770
f 5780 5781 5783
f 5783 5781 5782
f 5781 5780 5771
f 5771 5780 5772
f 5773 5769 5779
f 5779 5769 5768
f 5768 5759 5779
f 5779 5759 5758
f 5768 5784 5759
f 5759 5784 5760
f 5767 5785 5768
f 5768 5785 5784
f 5785 5767 5786
f 5786 5767 5772
f 5766 5779 5757
f 5757 5779 5758
f 5780 5787 5772
f 5772 5787 5786
f 5785 5786 5788
f 5788 5786 5789
f 5786 5787 5789
f 5789 5787 5790
f 5788 5789 5791
f 5791 5789 5792
f 5791 5793 5788
f 5788 5793 5794
f 5795 5792 5790
f 5790 5792 5789
f 5785 5788 5784
f 5784 5788 5794
f 5784 5794 5760
f 5760 5794 5761
f 5787 5780 5796
f 5796 5780 5783
f 5775 5778 5797
f 5797 5778 5766
f 5797 5798 5775
f 5775 5798 5776
f 5766 5765 5797
f 5797 5765 5799
f 5798 5797 5800
f 5800 5797 5799
f 5798 5801 5776
f 5776 5801 5802
f 5707 5761 5694
f 5694 5761 5803
f 5695 5804 5743
f 5743 5804 5764
f 5804 5695 5803
f 5803 5695 5694
f 5803 5793 5804
f 5804 5793 5805
f 5793 5791 5805
f 5805 5791 5806
f 5804 5805 5764
f 5764 5805 5807
f 5803 5761 5793
f 5793 5761 5794
f 5808 5763 5807
f 5807 5763 5764
f 5808 5765 5763
f 5763 5765 5762
f 5809 5799 5808
f 5808 5799 5765
f 5809 5808 5810
f 5810 5808 5807
f 5811 5809 5812
f 5812 5809 5810
f 5805 5806 5807
f 5807 5806 5810
f 5806 5813 5810
f 5810 5813 5812
f 5799 5809 5800
f 5800 5809 5811
f 5815 5800 5814
f 5814 5800 5811
f 5814 5817 5816
f 5816 5817 5818
f 5814 5811 5817
f 5817 5811 5812
f 5814 5816 5815
f 5815 5816 5796
f 5815 5796 5801
f 5801 5796 5783
f 5801 5798 5815
f 5815 5798 5800
f 5791 5792 5806
f 5806 5792 5813
f 5818 5813 5795
f 5795 5813 5792
f 5818 5817 5813
f 5813 5817 5812
f 5816 5818 5790
f 5790 5818 5795
f 5790 5787 5816
f 5816 5787 5796
f 5771 5777 5781
f 5781 5777 5782
f 5782 5802 5783
f 5783 5802 5801
f 5782 5777 5802
f 5802 5777 5776
f 5588 5587 5722
f 5722 5587 5720
f 5591 5619 5592
f 5592 5619 5618
f 5625 5624 5648
f 5648 5624 5649
f 5624 5627 5649
f 5649 5627 5643
f 5631 5630 5725
f 5725 5630 5640
f 5625 5648 5591
f 5591 5648 5619
f 5588 5722 5723
f 5723 5722 5736
f 5631 5725 5592
f 5592 5725 5589
f 5723 5630 5666
f 5666 5630 5629
f 5587 5627 5720
f 5720 5627 5626
f 5820 5821 5819
f 5819 5821 5822
f 5824 5825 5823
f 5823 5825 5826
f 5823 5826 5827
f 5827 5826 5828
f 5829 5830 5832
f 5832 5830 5831
f 5518 5833 5708
f 5708 5833 5834
f 5835 5836 5824
f 5824 5836 5825
f 5838 5839 5837
f 5837 5839 5840
f 5751 5684 5842
f 5842 5684 5841
f 5843 5841 5724
f 5724 5841 5684
f 5845 5846 5844
f 5844 5846 5847
f 5848 5830 5836
f 5836 5830 5825
f 5518 5751 5833
f 5833 5751 5842
f 5839 5838 5821
f 5821 5838 5849
f 5850 5848 5822
f 5822 5848 5836
f 5851 5845 5828
f 5828 5845 5852
f 5854 5855 5853
f 5853 5855 5856
f 5845 5844 5852
f 5852 5844 5857
f 5858 5827 5852
f 5852 5827 5828
f 5851 5828 5829
f 5829 5828 5826
f 5819 5859 5820
f 5820 5859 5860
f 5835 5861 5819
f 5819 5861 5859
f 5851 5829 5862
f 5862 5829 5832
f 5844 5847 5837
f 5837 5847 5834
f 5819 5822 5835
f 5835 5822 5836
f 5823 5863 5824
f 5824 5863 5864
f 5849 5850 5821
f 5821 5850 5822
f 5825 5830 5826
f 5826 5830 5829
f 5820 5860 5865
f 5865 5860 5866
f 5858 5854 5867
f 5867 5854 5853
f 5854 5857 5855
f 5855 5857 5840
f 5855 5865 5856
f 5856 5865 5866
f 5837 5840 5844
f 5844 5840 5857
f 5827 5858 5868
f 5868 5858 5867
f 5824 5864 5835
f 5835 5864 5861
f 5732 5731 5862
f 5862 5731 5846
f 5863 5823 5868
f 5868 5823 5827
f 5843 5831 5848
f 5848 5831 5830
f 5854 5858 5857
f 5857 5858 5852
f 5855 5840 5865
f 5865 5840 5839
f 5865 5839 5820
f 5820 5839 5821
f 5868 5867 5870
f 5870 5867 5869
f 5868 5870 5863
f 5863 5870 5871
f 5863 5871 5864
f 5864 5871 5872
f 5864 5872 5861
f 5861 5872 5873
f 5867 5853 5869
f 5869 5853 5874
f 5853 5856 5874
f 5874 5856 5875
f 5856 5866 5875
f 5875 5866 5876
f 5877 5878 5874
f 5874 5878 5869
f 5880 5881 5879
f 5879 5881 5882
f 5883 5884 5880
f 5880 5884 5881
f 5881 5884 5886
f 5886 5884 5885
f 5887 5888 5886
f 5886 5888 5889
f 5885 5890 5886
f 5886 5890 5887
f 5889 5882 5886
f 5886 5882 5881
f 5882 5891 5879
f 5879 5891 5892
f 5885 5884 5893
f 5893 5884 5883
f 5883 5871 5893
f 5893 5871 5870
f 5883 5894 5871
f 5871 5894 5872
f 5880 5895 5883
f 5883 5895 5894
f 5896 5895 5879
f 5879 5895 5880
f 5893 5878 5885
f 5885 5878 5890
f 5878 5893 5869
f 5869 5893 5870
f 5897 5896 5892
f 5892 5896 5879
f 5895 5896 5898
f 5898 5896 5899
f 5896 5897 5899
f 5899 5897 5900
f 5898 5899 5901
f 5901 5899 5902
f 5901 5903 5898
f 5898 5903 5904
f 5900 5905 5899
f 5899 5905 5902
f 5898 5904 5895
f 5895 5904 5894
f 5894 5904 5872
f 5872 5904 5873
f 5897 5892 5907
f 5907 5892 5906
f 5892 5891 5906
f 5906 5891 5908
f 5887 5890 5909
f 5909 5890 5878
f 5888 5887 5910
f 5910 5887 5909
f 5878 5877 5909
f 5909 5877 5911
f 5909 5911 5910
f 5910 5911 5912
f 5913 5914 5910
f 5910 5914 5888
f 5908 5914 5906
f 5906 5914 5913
f 5861 5873 5859
f 5859 5873 5915
f 5860 5916 5866
f 5866 5916 5876
f 5916 5860 5915
f 5915 5860 5859
f 5915 5903 5916
f 5916 5903 5917
f 5903 5901 5917
f 5917 5901 5918
f 5916 5917 5876
f 5876 5917 5919
f 5903 5915 5904
f 5904 5915 5873
f 5920 5875 5919
f 5919 5875 5876
f 5920 5877 5875
f 5875 5877 5874
f 5920 5921 5877
f 5877 5921 5911
f 5921 5920 5922
f 5922 5920 5919
f 5923 5921 5924
f 5924 5921 5922
f 5917 5918 5919
f 5919 5918 5922
f 5918 5925 5922
f 5922 5925 5924
f 5921 5923 5911
f 5911 5923 5912
f 5927 5912 5926
f 5926 5912 5923
f 5926 5929 5928
f 5928 5929 5930
f 5926 5923 5929
f 5929 5923 5924
f 5926 5928 5927
f 5927 5928 5907
f 5927 5907 5913
f 5913 5907 5906
f 5913 5910 5927
f 5927 5910 5912
f 5901 5902 5918
f 5918 5902 5925
f 5930 5925 5905
f 5905 5925 5902
f 5930 5929 5925
f 5925 5929 5924
f 5928 5930 5900
f 5900 5930 5905
f 5900 5897 5928
f 5928 5897 5907
f 5882 5889 5891
f 5891 5889 5908
f 5908 5889 5914
f 5914 5889 5888
f 5832 5831 5641
f 5641 5831 5639
f 5833 5838 5834
f 5834 5838 5837
f 5842 5841 5849
f 5849 5841 5850
f 5841 5843 5850
f 5850 5843 5848
f 5847 5846 5739
f 5739 5846 5731
f 5842 5849 5833
f 5833 5849 5838
f 5862 5832 5732
f 5732 5832 5641
f 5847 5739 5834
f 5834 5739 5708
f 5862 5846 5851
f 5851 5846 5845
f 5831 5843 5639
f 5639 5843 5724
f 5676 5732 5595
f 5595 5732 5641
f 5676 5461 5660
f 5660 5461 5464
f 5461 5460 5464
f 5464 5460 5465
f 5460 5674 5465
f 5465 5674 5661
f 5931 5932 5934
f 5934 5932 5933
f 5936 5937 5935
f 5935 5937 5938
f 5935 5938 5939
f 5939 5938 5940
f 5942 5943 5941
f 5941 5943 5944
f 5945 5946 5936
f 5936 5946 5937
f 5948 5949 5947
f 5947 5949 5950
f 5951 5952 5519
f 5519 5952 5593
f 5953 5951 5709
f 5709 5951 5519
f 5955 5956 5954
f 5954 5956 5957
f 5958 5942 5946
f 5946 5942 5937
f 5948 5959 5949
f 5949 5959 5933
f 5960 5958 5934
f 5934 5958 5946
f 5961 5955 5940
f 5940 5955 5962
f 5963 5964 5966
f 5966 5964 5965
f 5955 5954 5962
f 5962 5954 5967
f 5968 5939 5962
f 5962 5939 5940
f 5961 5940 5941
f 5941 5940 5938
f 5931 5969 5932
f 5932 5969 5970
f 5945 5971 5931
f 5931 5971 5969
f 5941 5944 5961
f 5961 5944 5972
f 5954 5957 5947
f 5947 5957 5973
f 5945 5931 5946
f 5946 5931 5934
f 5935 5974 5936
f 5936 5974 5975
f 5959 5960 5933
f 5933 5960 5934
f 5937 5942 5938
f 5938 5942 5941
f 5932 5970 5976
f 5976 5970 5977
f 5968 5964 5978
f 5978 5964 5963
f 5965 5964 5950
f 5950 5964 5967
f 5976 5977 5965
f 5965 5977 5966
f 5947 5950 5954
f 5954 5950 5967
f 5939 5968 5979
f 5979 5968 5978
f 5936 5975 5945
f 5945 5975 5971
f 5972 5754 5956
f 5956 5754 5617
f 5974 5935 5979
f 5979 5935 5939
f 5953 5943 5958
f 5958 5943 5942
f 5964 5968 5967
f 5967 5968 5962
f 5965 5950 5976
f 5976 5950 5949
f 5976 5949 5932
f 5932 5949 5933
f 5979 5978 5981
f 5981 5978 5980
f 5979 5981 5974
f 5974 5981 5982
f 5974 5982 5975
f 5975 5982 5983
f 5975 5983 5971
f 5971 5983 5984
f 5978 5963 5980
f 5980 5963 5985
f 5963 5966 5985
f 5985 5966 5986
f 5986 5966 5987
f 5987 5966 5977
f 5988 5989 5985
f 5985 5989 5980
f 5991 5992 5990
f 5990 5992 5993
f 5994 5995 5991
f 5991 5995 5992
f 5992 5995 5997
f 5997 5995 5996
f 5998 5999 5997
f 5997 5999 6000
f 5996 6001 5997
f 5997 6001 5998
f 6000 5993 5997
f 5997 5993 5992
f 6002 6003 5993
f 5993 6003 5990
f 5995 5994 5996
f 5996 5994 6004
f 5994 5982 6004
f 6004 5982 5981
f 5994 6005 5982
f 5982 6005 5983
f 5991 6006 5994
f 5994 6006 6005
f 6006 5991 6007
f 6007 5991 5990
f 5996 6004 6001
f 6001 6004 5989
f 5989 6004 5980
f 5980 6004 5981
f 6003 6008 5990
f 5990 6008 6007
f 6009 6006 6010
f 6010 6006 6007
f 6008 6011 6007
f 6007 6011 6010
f 6012 6009 6013
f 6013 6009 6010
f 6009 6012 6015
f 6015 6012 6014
f 6011 6016 6010
f 6010 6016 6013
f 6006 6009 6005
f 6005 6009 6015
f 6005 6015 5983
f 5983 6015 5984
f 6008 6003 6018
f 6018 6003 6017
f 6003 6002 6017
f 6017 6002 6019
f 5998 6001 6020
f 6020 6001 5989
f 5999 5998 6021
f 6021 5998 6020
f 5989 5988 6020
f 6020 5988 6022
f 6021 6020 6023
f 6023 6020 6022
f 6021 6024 5999
f 5999 6024 6025
f 6019 6025 6017
f 6017 6025 6024
f 5971 5984 5969
f 5969 5984 6026
f 5970 6027 5977
f 5977 6027 5987
f 6027 5970 6026
f 6026 5970 5969
f 6026 6014 6027
f 6027 6014 6028
f 6014 6012 6028
f 6028 6012 6029
f 6027 6028 5987
f 5987 6028 6030
f 6026 5984 6014
f 6014 5984 6015
f 6031 5986 6030
f 6030 5986 5987
f 6031 5988 5986
f 5986 5988 5985
f 6032 6022 6031
f 6031 6022 5988
f 6032 6031 6033
f 6033 6031 6030
f 6034 6032 6035
f 6035 6032 6033
f 6028 6029 6030
f 6030 6029 6033
f 6029 6036 6033
f 6033 6036 6035
f 6032 6034 6022
f 6022 6034 6023
f 6038 6023 6037
f 6037 6023 6034
f 6037 6040 6039
f 6039 6040 6041
f 6037 6034 6040
f 6040 6034 6035
f 6037 6039 6038
f 6038 6039 6018
f 6038 6018 6024
f 6024 6018 6017
f 6024 6021 6038
f 6038 6021 6023
f 6012 6013 6029
f 6029 6013 6036
f 6041 6036 6016
f 6016 6036 6013
f 6041 6040 6036
f 6036 6040 6035
f 6041 6016 6039
f 6039 6016 6011
f 6011 6008 6039
f 6039 6008 6018
f 5993 6000 6002
f 6002 6000 6019
f 6019 6000 6025
f 6025 6000 5999
f 5943 5756 5944
f 5944 5756 5755
f 6042 5948 5973
f 5973 5948 5947
f 5952 5951 5959
f 5959 5951 5960
f 5951 5953 5960
f 5960 5953 5958
f 5616 5957 5617
f 5617 5957 5956
f 6042 5952 5948
f 5948 5952 5959
f 5944 5755 5972
f 5972 5755 5754
f 5957 5616 5973
f 5973 5616 5652
f 5956 5955 5972
f 5972 5955 5961
f 5943 5953 5756
f 5756 5953 5709
f 6044 6045 6043
f 6043 6045 6046
f 6048 6049 6047
f 6047 6049 6050
f 6047 6050 6051
f 6051 6050 6052
f 6054 6055 6053
f 6053 6055 6056
f 6057 6058 6060
f 6060 6058 6059
f 6061 6062 6048
f 6048 6062 6049
f 6063 6064 6066
f 6066 6064 6065
f 6067 6068 6070
f 6070 6068 6069
f 6071 6069 5653
f 5653 6069 6068
f 6072 6073 6075
f 6075 6073 6074
f 6062 6076 6049
f 6049 6076 6054
f 6058 6067 6059
f 6059 6067 6070
f 6064 6077 6065
f 6065 6077 6045
f 6078 6076 6046
f 6046 6076 6062
f 6073 6080 6079
f 6079 6080 6052
f 6082 6083 6081
f 6081 6083 6084
f 6072 6085 6073
f 6073 6085 6080
f 6086 6051 6080
f 6080 6051 6052
f 6079 6052 6053
f 6053 6052 6050
f 6043 6087 6044
f 6044 6087 6088
f 6061 6089 6043
f 6043 6089 6087
f 6053 6056 6079
f 6079 6056 6090
f 6063 6072 6060
f 6060 6072 6075
f 6043 6046 6061
f 6061 6046 6062
f 6047 6091 6048
f 6048 6091 6092
f 6077 6078 6045
f 6045 6078 6046
f 6049 6054 6050
f 6050 6054 6053
f 6044 6088 6093
f 6093 6088 6094
f 6086 6082 6095
f 6095 6082 6081
f 6083 6082 6066
f 6066 6082 6085
f 6093 6094 6083
f 6083 6094 6084
f 6072 6063 6085
f 6085 6063 6066
f 6051 6086 6096
f 6096 6086 6095
f 6048 6092 6061
f 6061 6092 6089
f 5656 5655 6090
f 6090 5655 6074
f 6091 6047 6096
f 6096 6047 6051
f 6071 6055 6076
f 6076 6055 6054
f 6082 6086 6085
f 6085 6086 6080
f 6093 6083 6065
f 6065 6083 6066
f 6044 6093 6045
f 6045 6093 6065
f 6096 6095 6098
f 6098 6095 6097
f 6096 6098 6091
f 6091 6098 6099
f 6091 6099 6092
f 6092 6099 6100
f 6092 6100 6089
f 6089 6100 6101
f 6095 6081 6097
f 6097 6081 6102
f 6081 6084 6102
f 6102 6084 6103
f 6103 6084 6104
f 6104 6084 6094
f 6106 6097 6105
f 6105 6097 6102
f 6107 6108 6110
f 6110 6108 6109
f 6111 6112 6108
f 6108 6112 6109
f 6109 6112 6114
f 6114 6112 6113
f 6114 6115 6117
f 6117 6115 6116
f 6113 6118 6114
f 6114 6118 6115
f 6117 6110 6114
f 6114 6110 6109
f 6110 6119 6107
f 6107 6119 6120
f 6112 6111 6113
f 6113 6111 6121
f 6111 6099 6121
f 6121 6099 6098
f 6111 6122 6099
f 6099 6122 6100
f 6123 6122 6108
f 6108 6122 6111
f 6124 6123 6107
f 6107 6123 6108
f 6113 6121 6118
f 6118 6121 6106
f 6106 6121 6097
f 6097 6121 6098
f 6125 6124 6120
f 6120 6124 6107
f 6126 6123 6127
f 6127 6123 6124
f 6125 6128 6124
f 6124 6128 6127
f 6129 6126 6130
f 6130 6126 6127
f 6126 6129 6132
f 6132 6129 6131
f 6128 6133 6127
f 6127 6133 6130
f 6123 6126 6122
f 6122 6126 6132
f 6122 6132 6100
f 6100 6132 6101
f 6120 6134 6125
f 6125 6134 6135
f 6120 6119 6134
f 6134 6119 6136
f 6115 6118 6137
f 6137 6118 6106
f 6115 6137 6116
f 6116 6137 6138
f 6137 6106 6139
f 6139 6106 6105
f 6138 6137 6140
f 6140 6137 6139
f 6141 6142 6138
f 6138 6142 6116
f 6136 6142 6134
f 6134 6142 6141
f 6089 6101 6087
f 6087 6101 6143
f 6088 6144 6094
f 6094 6144 6104
f 6143 6144 6087
f 6087 6144 6088
f 6131 6145 6143
f 6143 6145 6144
f 6129 6146 6131
f 6131 6146 6145
f 6144 6145 6104
f 6104 6145 6147
f 6143 6101 6131
f 6131 6101 6132
f 6148 6103 6147
f 6147 6103 6104
f 6103 6148 6102
f 6102 6148 6105
f 6148 6149 6105
f 6105 6149 6139
f 6149 6148 6150
f 6150 6148 6147
f 6151 6149 6152
f 6152 6149 6150
f 6145 6146 6147
f 6147 6146 6150
f 6146 6153 6150
f 6150 6153 6152
f 6149 6151 6139
f 6139 6151 6140
f 6155 6140 6154
f 6154 6140 6151
f 6154 6157 6156
f 6156 6157 6158
f 6154 6151 6157
f 6157 6151 6152
f 6154 6156 6155
f 6155 6156 6135
f 6155 6135 6141
f 6141 6135 6134
f 6141 6138 6155
f 6155 6138 6140
f 6146 6129 6153
f 6153 6129 6130
f 6158 6153 6133
f 6133 6153 6130
f 6158 6157 6153
f 6153 6157 6152
f 6156 6158 6128
f 6128 6158 6133
f 6128 6125 6156
f 6156 6125 6135
f 6110 6117 6119
f 6119 6117 6136
f 6136 6117 6142
f 6142 6117 6116
f 6055 5615 6056
f 6056 5615 5752
f 6060 6059 6063
f 6063 6059 6064
f 6077 6070 6078
f 6078 6070 6069
f 6069 6071 6078
f 6078 6071 6076
f 6159 6057 6075
f 6075 6057 6060
f 6059 6070 6064
f 6064 6070 6077
f 6056 5752 6090
f 6090 5752 5656
f 6090 6074 6079
f 6079 6074 6073
f 6055 6071 5615
f 5615 6071 5653
f 5547 5471 6160
f 6160 5471 6161
f 5729 5577 6163
f 6163 5577 6162
f 5577 5576 6162
f 6162 5576 6164
f 5713 6165 5711
f 5711 6165 6166
f 5474 5729 6167
f 6167 5729 6163
f 5750 5547 6168
f 6168 5547 6160
f 5471 5474 6161
f 6161 5474 6167
f 6169 5712 6168
f 6168 5712 5750
f 5711 6166 5576
f 5576 6166 6164
f 6165 5713 6169
f 6169 5713 5712
f 6168 6170 6169
f 6169 6170 6171
f 6169 6171 6165
f 6165 6171 6172
f 6165 6172 6166
f 6166 6172 6173
f 6166 6173 6164
f 6164 6173 6174
f 6168 6160 6170
f 6170 6160 6175
f 6160 6161 6175
f 6175 6161 6176
f 6161 6167 6176
f 6176 6167 6177
f 6179 6170 6178
f 6178 6170 6175
f 6181 6182 6180
f 6180 6182 6183
f 6184 6185 6181
f 6181 6185 6182
f 6186 6187 6185
f 6185 6187 6182
f 6186 6188 6187
f 6187 6188 6189
f 6190 6183 6187
f 6187 6183 6182
f 6183 6190 6191
f 6191 6190 6192
f 6191 6193 6183
f 6183 6193 6180
f 6186 6185 6194
f 6194 6185 6184
f 6184 6172 6194
f 6194 6172 6171
f 6184 6195 6172
f 6172 6195 6173
f 6181 6196 6184
f 6184 6196 6195
f 6196 6181 6197
f 6197 6181 6180
f 6186 6194 6188
f 6188 6194 6179
f 6179 6194 6170
f 6170 6194 6171
f 6193 6198 6180
f 6180 6198 6197
f 6199 6196 6200
f 6200 6196 6197
f 6198 6201 6197
f 6197 6201 6200
f 6202 6199 6203
f 6203 6199 6200
f 6199 6202 6205
f 6205 6202 6204
f 6201 6206 6200
f 6200 6206 6203
f 6196 6199 6195
f 6195 6199 6205
f 6195 6205 6173
f 6173 6205 6174
f 6198 6193 6208
f 6208 6193 6207
f 6193 6191 6207
f 6207 6191 6192
f 6189 6188 6209
f 6209 6188 6179
f 6210 6189 6211
f 6211 6189 6209
f 6209 6179 6212
f 6212 6179 6178
f 6211 6209 6213
f 6213 6209 6212
f 6211 6214 6210
f 6210 6214 6215
f 6192 6215 6207
f 6207 6215 6214
f 6190 6187 6210
f 6210 6187 6189
f 6192 6190 6215
f 6215 6190 6210
f 6162 6164 6216
f 6216 6164 6174
f 6167 6163 6177
f 6177 6163 6217
f 6216 6217 6162
f 6162 6217 6163
f 6204 6218 6216
f 6216 6218 6217
f 6202 6219 6204
f 6204 6219 6218
f 6217 6218 6177
f 6177 6218 6220
f 6216 6174 6204
f 6204 6174 6205
f 6221 6176 6220
f 6220 6176 6177
f 6176 6221 6175
f 6175 6221 6178
f 6221 6222 6178
f 6178 6222 6212
f 6222 6221 6223
f 6223 6221 6220
f 6224 6222 6225
f 6225 6222 6223
f 6218 6219 6220
f 6220 6219 6223
f 6219 6226 6223
f 6223 6226 6225
f 6222 6224 6212
f 6212 6224 6213
f 6228 6213 6227
f 6227 6213 6224
f 6229 6227 6231
f 6231 6227 6230
f 6227 6224 6230
f 6230 6224 6225
f 6227 6229 6228
f 6228 6229 6208
f 6228 6208 6214
f 6214 6208 6207
f 6214 6211 6228
f 6228 6211 6213
f 6219 6202 6226
f 6226 6202 6203
f 6231 6226 6206
f 6206 6226 6203
f 6231 6230 6226
f 6226 6230 6225
f 6229 6231 6201
f 6201 6231 6206
f 6201 6198 6229
f 6229 6198 6208
f 5674 5672 5661
f 5661 5672 5662
f 5662 5672 5663
f 5663 5672 5646
f 5651 6042 5652
f 5652 6042 5973
f 5518 5517 5751
f 5751 5517 5733
f 5738 5660 5753
f 5753 5660 5637
f 5752 5636 5656
f 5656 5636 5526
f 5952 6042 5593
f 5593 6042 5651
f 5593 5651 5594
f 5594 5651 5650
f 5600 5737 5514
f 5514 5737 5515
f 5546 5545 5740
f 5740 5545 6232
f 6232 6058 5740
f 5740 6058 6057
f 6067 6058 6233
f 6233 6058 6232
f 6233 6232 6234
f 6234 6232 5545
f 6234 5545 6235
f 6235 5545 5544
f 5606 6236 5543
f 5543 6236 5544
f 6235 5544 5539
f 5539 5544 6236
f 6237 6235 5542
f 5542 6235 5539
f 6235 6237 6234
f 6234 6237 6238
f 6234 6238 6233
f 6233 6238 6239
f 5653 6068 5650
f 5650 6068 6239
f 5642 5513 6240
f 6240 5513 5516
f 5539 6236 5540
f 5540 6236 5606
f 5636 5614 5637
f 5637 5614 5753
f 6239 5737 5650
f 5650 5737 5594
f 6239 6068 6233
f 6233 6068 6067
f 6075 6074 6159
f 6159 6074 5655
f 6057 6159 5740
f 5740 6159 5655
f 5515 5737 6238
f 6238 5737 6239
f 6238 6237 5515
f 5515 6237 5516
f 5542 6240 6237
f 6237 6240 5516
f 6240 5542 5642
f 5642 5542 5541
f 5702 5699 5541
f 5541 5699 5642
f 5582 5475 5717
f 5470 5443 5537
f 5537 5443 5504
f 5469 5444 5470
f 5470 5444 5443
f 5726 5557 5727
f 5727 5557 5556
f 5537 5504 5511
f 5511 5504 5506
f 5504 5503 5506
f 5506 5503 5507
f 5503 5455 5507
f 5507 5455 5581
f 5455 5454 5581
f 5581 5454 5456
f 5473 5453 5474
f 5474 5453 5729
f 5457 5454 5473
f 5473 5454 5453
f 5473 5472 5457
f 5457 5472 5686
f 5472 5548 5686
f 5686 5548 5687
f 5749 5693 5548
f 5548 5693 5687
f 5715 5532 5749
f 5749 5532 5693
f 5714 5486 5715
f 5715 5486 5532
f 5714 5710 5486
f 5486 5710 5449
f 5728 5578 5729
f 5729 5578 5577
f 5452 5445 5698
f 5698 5445 5558
f 5445 5444 5558
f 5558 5444 5556
f 5444 5469 5556
f 5556 5469 5727
f 5469 5468 5727
f 5727 5468 5555
f 5468 5747 5555
f 5555 5747 5552
f 5747 5700 5552
f 5552 5700 5716
f 5700 5699 5716
f 5716 5699 5717
f 5699 5702 5717
f 5717 5702 5582
f 5702 5701 5582
f 5582 5701 5583
f 5726 5479 5557
f 5557 5479 5483
f 5483 5479 5484
f 5484 5479 5482
f 5534 5533 5482
f 5482 5533 5484
f 5691 5688 5534
f 5534 5688 5533
f 5644 5647 5691
f 5691 5647 5688
f 5719 5746 5701
f 5701 5746 5583
f 5718 5497 5719
f 5719 5497 5746
f 5718 5605 5654
f 5654 5605 5638
f 5498 5654 5657
f 5657 5654 5633
f 5497 5718 5498
f 5498 5718 5654
f 5657 5527 5498
f 5498 5527 5494
f 5528 5570 5495
f 5495 5570 5521
f 5665 5668 5528
f 5528 5668 5570
f 5664 5671 5665
f 5665 5671 5668
f 5645 5741 5664
f 5664 5741 5671
f 5644 5696 5645
f 5645 5696 5741
f 5710 5575 5449
f 5449 5575 5450
f 5575 5578 5450
f 5450 5578 5698
f 5578 5728 5698
f 5698 5728 5452
f 5452 5728 5451
f 5451 5728 5453
f 3619 6241 3620
f 3620 6241 6242
f 6243 6244 3628
f 3628 6244 3629
f 6245 6246 3634
f 3634 6246 3631
f 6247 6248 3636
f 3636 6248 3637
f 6249 6250 3642
f 3642 6250 3639
f 3639 6250 3643
f 3643 6250 6251
f 3743 6252 3744
f 3744 6252 6253
f 6246 6243 3631
f 3631 6243 3628
f 3753 6254 3754
f 3754 6254 6255
f 3857 6256 3619
f 3619 6256 6241
f 6257 6245 3932
f 3932 6245 3634
f 6242 6247 3620
f 3620 6247 3636
f 6258 6259 3946
f 3946 6259 3947
f 6260 6249 3948
f 3948 6249 3642
f 6244 6258 3629
f 3629 6258 3946
f 3947 6259 3753
f 3753 6259 6254
f 6248 6260 3637
f 3637 6260 3948
f 3643 6251 3743
f 3743 6251 6252
f 3744 6253 3932
f 3932 6253 6257
f 6250 6249 6251
f 6251 6249 6252
f 6245 6261 6246
f 6246 6261 6262
f 6263 6264 6247
f 6247 6264 6248
f 6252 6265 6253
f 6253 6265 6266
f 6246 6262 6243
f 6243 6262 6267
f 6268 6261 6257
f 6257 6261 6245
f 6269 6263 6242
f 6242 6263 6247
f 6270 6271 6260
f 6260 6271 6249
f 6264 6270 6248
f 6248 6270 6260
f 6253 6266 6257
f 6257 6266 6268
f 6249 6271 6252
f 6252 6271 6265
f 6254 6259 6272
f 6272 6259 6273
f 6266 6265 6270
f 6270 6265 6271
f 6268 6266 6264
f 6264 6266 6270
f 6261 6268 6263
f 6263 6268 6264
f 6269 6262 6263
f 6263 6262 6261
f 4186 4185 6274
f 6274 4185 6275
f 6241 6276 6242
f 6242 6276 6269
f 6258 6244 6277
f 6277 6244 6278
f 6256 6279 6241
f 6241 6279 6276
f 6259 6258 6273
f 6273 6258 6277
f 6243 6267 6244
f 6244 6267 6278
f 6276 6267 6269
f 6269 6267 6262
f 6254 6272 6255
f 6255 6272 6280
f 3865 3713 3888
f 3888 3713 3685
f 5242 5233 3892
f 3892 5233 3711
f 3900 5243 3892
f 3892 5243 5242
f 3734 3866 3900
f 3900 3866 5243
f 4117 6281 4118
f 4118 6281 6282
f 4118 6282 4278
f 4278 6282 4879
f 4717 4887 4718
f 4718 4887 4280
f 4792 4278 4882
f 4882 4278 4879
f 4795 4792 6283
f 6283 4792 4882
f 4852 4851 5012
f 5012 4851 6284
f 4856 5207 4857
f 4857 5207 4858
f 4860 4279 4857
f 4857 4279 4854
f 4718 4280 4860
f 4860 4280 4279
f 4864 4863 4745
f 4745 4863 4742
f 5366 4867 5011
f 5011 4867 4866
f 4871 4884 4872
f 4872 4884 4883
f 4872 4883 4117
f 4117 4883 6281
f 6284 4851 6283
f 6283 4851 4795
f 4852 4866 4853
f 4853 4866 4865
f 4871 4870 4856
f 4856 4870 5207
f 4717 4716 4864
f 4864 4716 4861
f 4868 4867 4862
f 4862 4867 4863
f 4268 4855 4269
f 4269 4855 4854
f 4281 4274 4282
f 4282 4274 4765
f 4744 4743 4907
f 4907 4743 4904
f 4874 4881 4820
f 4820 4881 4880
f 4885 5013 4886
f 4886 5013 4980
f 4888 4275 4281
f 4281 4275 4274
f 4902 6282 4903
f 4903 6282 6281
f 6283 4979 6284
f 6284 4979 4978
f 4282 4765 4269
f 4269 4765 4266
f 4880 4879 4902
f 4902 4879 6282
f 4903 6281 4886
f 4886 6281 4883
f 4882 4881 6283
f 6283 4881 4979
f 5013 4885 4267
f 4267 4885 4268
f 4888 4887 4744
f 4744 4887 4745
f 4410 6285 4411
f 4411 6285 4812
f 4750 4749 6286
f 6286 4749 6287
f 6289 4695 6288
f 6288 4695 4255
f 4750 4675 4751
f 4751 4675 4965
f 6290 6291 4963
f 4963 6291 4960
f 4807 4806 4411
f 4411 4806 4408
f 6292 6293 4959
f 4959 6293 4956
f 4958 6294 4959
f 4959 6294 4955
f 4962 4964 4963
f 4963 4964 4805
f 4962 4961 4751
f 4751 4961 4748
f 6296 6297 6295
f 6295 6297 6298
f 6299 6300 6288
f 6288 6300 4735
f 6302 4961 6301
f 6301 4961 4960
f 6304 6287 6303
f 6303 6287 4749
f 4968 6305 4969
f 4969 6305 6306
f 4413 6308 6307
f 6307 6308 4900
f 6301 4960 6309
f 6309 4960 6291
f 4412 4408 6310
f 6310 4408 4806
f 4696 6311 4256
f 4256 6311 6312
f 6303 4749 6313
f 6313 4749 4748
f 6313 4748 6302
f 6302 4748 4961
f 6315 6316 6314
f 6314 6316 6317
f 4084 6318 6315
f 6315 6318 6316
f 4083 6319 4084
f 4084 6319 6318
f 4112 6320 4083
f 4083 6320 6319
f 6322 4138 6321
f 6321 4138 4137
f 6324 4128 6323
f 6323 4128 4127
f 4127 4193 6323
f 6323 4193 6325
f 4193 4891 6325
f 6325 4891 6326
f 4891 6327 6326
f 6326 6327 6328
f 6327 4824 5227
f 5227 4824 5228
f 5231 4684 6329
f 6329 4684 4683
f 4683 4099 6329
f 6329 4099 6330
f 4099 4102 6330
f 6330 4102 6331
f 4174 4826 4429
f 4429 4826 4829
f 4173 4741 4174
f 4174 4741 4826
f 4180 4738 4173
f 4173 4738 4741
f 6332 6333 4180
f 4180 6333 4738
f 6274 6334 4186
f 4186 6334 4188
f 4181 4825 4180
f 4180 4825 6332
f 5044 5213 5045
f 5045 5213 5165
f 5046 5087 5047
f 5047 5087 5222
f 5077 5063 5078
f 5078 5063 5198
f 5081 5099 5082
f 5082 5099 5194
f 5095 5074 5096
f 5096 5074 5073
f 5373 5170 5096
f 5096 5170 5093
f 5375 5171 5373
f 5373 5171 5170
f 5047 5222 5375
f 5375 5222 5171
f 5046 5038 5376
f 5376 5038 5067
f 5377 5086 5376
f 5376 5086 5085
f 5045 5165 5377
f 5377 5165 5086
f 5378 5214 5044
f 5044 5214 5213
f 5077 5034 5378
f 5378 5034 5214
f 5082 5194 5078
f 5078 5194 5035
f 5081 5080 5379
f 5379 5080 6335
f 5379 6335 5095
f 5095 6335 5074
f 5032 5080 5033
f 5033 5080 5079
f 5040 5017 5041
f 5041 5017 5016
f 5050 5043 5051
f 5051 5043 5042
f 5065 5023 5066
f 5066 5023 5022
f 5050 5049 5065
f 5065 5049 5023
f 5041 5016 5068
f 5068 5016 5020
f 5071 5374 5072
f 5072 5374 5200
f 5075 5156 5076
f 5076 5156 5155
f 5162 5212 5068
f 5068 5212 5067
f 5075 5074 5192
f 5192 5074 6335
f 5066 5022 5199
f 5199 5022 5196
f 5076 5155 5072
f 5072 5155 5069
f 5040 5039 5071
f 5071 5039 5374
f 5162 5161 5051
f 5051 5161 5048
f 5192 6335 5032
f 5032 6335 5080
f 5199 5196 5033
f 5033 5196 5030
f 5018 5211 5019
f 5019 5211 5408
f 5019 5408 5021
f 5021 5408 5163
f 5024 5057 5025
f 5025 5057 5415
f 5028 5048 5029
f 5029 5048 5161
f 5054 5031 5055
f 5055 5031 5030
f 5024 5023 5058
f 5058 5023 5049
f 5061 5070 5062
f 5062 5070 5069
f 5157 5438 5158
f 5158 5438 5442
f 5160 5191 5054
f 5054 5191 5031
f 5029 5161 5021
f 5021 5161 5020
f 5025 5415 5197
f 5197 5415 5220
f 5158 5442 5062
f 5062 5442 5059
f 5018 5017 5061
f 5061 5017 5070
f 5160 5159 5157
f 5157 5159 5438
f 5028 5027 5058
f 5058 5027 5056
f 5055 5030 5197
f 5197 5030 5196
f 5409 5380 5410
f 5410 5380 6336
f 5026 5413 5027
f 5027 5413 5412
f 5396 5417 5393
f 5393 5417 5416
f 5416 5057 5419
f 5419 5057 5056
f 5417 5396 5426
f 5426 5396 5420
f 5427 5423 5428
f 5428 5423 5422
f 5427 5059 5430
f 5430 5059 5442
f 5409 5408 5433
f 5433 5408 5211
f 5433 5211 5428
f 5428 5211 5060
f 5412 5411 5419
f 5419 5411 5418
f 5436 5053 5437
f 5437 5053 5052
f 5439 5402 5440
f 5440 5402 5401
f 5436 5435 5439
f 5439 5435 5402
f 5410 6336 5413
f 5413 6336 5414
f 5440 5401 5430
f 5430 5401 5429
f 5426 5420 5437
f 5437 5420 5434
f 5382 5432 5383
f 5383 5432 5384
f 5386 6336 5383
f 5383 6336 5380
f 6336 5386 5414
f 5414 5386 5388
f 5391 5418 5392
f 5392 5418 5411
f 5705 5395 5704
f 5704 5395 5394
f 5399 5435 5400
f 5400 5435 5434
f 5403 5441 5404
f 5404 5441 5405
f 5407 5429 5404
f 5404 5429 5401
f 5395 5705 5421
f 5421 5705 5748
f 5424 5706 5425
f 5425 5706 5431
f 5391 5390 5394
f 5394 5390 5704
f 5392 5388 5389
f 5389 5388 5387
f 5382 5381 5425
f 5425 5381 5422
f 5407 5406 5424
f 5424 5406 5706
f 5403 5402 5399
f 5399 5402 5435
f 5421 5748 5400
f 5400 5748 5397
f 4097 4721 4098
f 4098 4721 4231
f 4233 5273 4098
f 4098 5273 4095
f 6337 6338 4785
f 4785 6338 4786
f 4076 4780 4073
f 4073 4780 4781
f 4782 4190 4781
f 4781 4190 4073
f 4783 4901 4782
f 4782 4901 4190
f 4780 4076 4097
f 4097 4076 4721
f 6337 2879 4701
f 4701 2879 2878
f 5280 6339 5272
f 5272 6339 6340
f 5282 5281 6341
f 6341 5281 6342
f 4109 6302 4110
f 4110 6302 6301
f 4283 6304 4284
f 4284 6304 6303
f 6305 4379 6306
f 6306 4379 4378
f 4110 6301 4428
f 4428 6301 6309
f 6310 4688 4412
f 4412 4688 4687
f 4284 6303 4753
f 4753 6303 6313
f 4753 6313 4109
f 4109 6313 6302
f 6343 5226 4428
f 4428 5226 4427
f 4147 4900 4416
f 4416 4900 6308
f 6312 6311 4241
f 4241 6311 4720
f 5223 6344 4702
f 4702 6344 4699
f 4221 4220 6345
f 6345 4220 6346
f 5276 5275 6347
f 6347 5275 6348
f 5275 4728 6348
f 6348 4728 6349
f 4727 6350 5284
f 5284 6350 5285
f 6351 6352 6354
f 6354 6352 6353
f 5313 5312 5292
f 5292 5312 5293
f 5312 5344 5293
f 5293 5344 5337
f 5344 4914 5337
f 5337 4914 4916
f 4914 4913 4916
f 4916 4913 4917
f 4913 6355 4917
f 4917 6355 4978
f 6356 6357 6284
f 6284 6357 5012
f 6357 6358 5012
f 5012 6358 5011
f 5011 6358 5366
f 5366 6358 6359
f 6360 4742 6359
f 6359 4742 5366
f 4743 6361 4904
f 4904 6361 5364
f 5363 4905 5364
f 5364 4905 4904
f 5363 6362 4905
f 4905 6362 4207
f 6362 6363 4207
f 4207 6363 4208
f 6363 5342 4208
f 4208 5342 5330
f 5342 5341 5330
f 5330 5341 4244
f 5341 6364 4244
f 4244 6364 4245
f 6364 6365 4245
f 4245 6365 4246
f 6366 6367 4253
f 4253 6367 4250
f 4214 6368 4211
f 4211 6368 4380
f 4380 4379 4211
f 4211 4379 4283
f 4379 6305 4283
f 4283 6305 6304
f 6305 4968 6304
f 6304 4968 6287
f 4968 4967 6287
f 6287 4967 6286
f 4967 6297 6286
f 6286 6297 4676
f 6296 4376 4288
f 4288 4376 4285
f 4376 4373 4285
f 4285 4373 4290
f 6369 6370 6372
f 6372 6370 6371
f 5245 6373 5246
f 5246 6373 6374
f 4317 6375 4318
f 4318 6375 6376
f 4331 6377 4332
f 4332 6377 6378
f 6379 4333 6376
f 6376 4333 4318
f 4343 6380 4344
f 4344 6380 6381
f 4347 6382 4348
f 4348 6382 6383
f 4374 6371 4331
f 4331 6371 6377
f 4333 6379 4426
f 4426 6379 6384
f 4690 6385 4347
f 4347 6385 6382
f 4332 6378 4317
f 4317 6378 6375
f 4922 6386 4923
f 4923 6386 6387
f 6388 6389 4375
f 4375 6389 6390
f 6355 6356 4978
f 4978 6356 6284
f 4742 6360 4743
f 4743 6360 6361
f 6391 4238 6392
f 6392 4238 4719
f 6392 4719 6393
f 6393 4719 5296
f 6395 6396 6394
f 6394 6396 6397
f 6399 6400 6398
f 6398 6400 6401
f 6402 5302 6403
f 6403 5302 5303
f 5303 5321 6403
f 6403 5321 6404
f 5320 6405 5321
f 5321 6405 6404
f 5319 6406 5350
f 5350 6406 5351
f 5319 5318 6406
f 6406 5318 6407
f 5288 4197 6408
f 6408 4197 6409
f 4217 4216 6410
f 6410 4216 6411
f 5227 6412 6327
f 6327 6412 6328
f 4892 6413 5227
f 5227 6413 6412
f 4228 6414 4892
f 4892 6414 6413
f 4227 6415 4228
f 4228 6415 6414
f 4248 6416 4227
f 4227 6416 6415
f 4247 6417 4248
f 4248 6417 6416
f 6417 4247 6419
f 6419 4247 6418
f 6419 6418 6421
f 6421 6418 6420
f 6422 5301 6423
f 6423 5301 5300
f 6423 5300 6424
f 6424 5300 6399
f 6408 6409 6398
f 6398 6409 6425
f 6426 6427 6397
f 6397 6427 6394
f 6428 4224 6429
f 6429 4224 4223
f 6347 6346 5276
f 5276 6346 4220
f 6346 6347 6341
f 6341 6347 6339
f 5280 5278 5282
f 5282 5278 4236
f 4896 5224 4684
f 4684 5224 4681
f 4132 4135 4896
f 4896 4135 5224
f 4131 4136 4132
f 4132 4136 4135
f 4226 4754 4131
f 4131 4754 4136
f 4251 4213 4226
f 4226 4213 4754
f 4250 4214 4251
f 4251 4214 4213
f 4250 6367 4214
f 4214 6367 6368
f 6367 4910 6368
f 6368 4910 4737
f 4909 5297 4736
f 4736 5297 5296
f 5297 6395 5296
f 5296 6395 6393
f 6427 6430 6394
f 6394 6430 6431
f 6429 4383 6428
f 6428 4383 4382
f 4219 5277 4220
f 4220 5277 5276
f 4222 4697 4383
f 4383 4697 4218
f 6345 4699 4221
f 4221 4699 6344
f 6342 4700 6345
f 6345 4700 4699
f 4235 4786 5281
f 5281 4786 6338
f 4234 4787 4235
f 4235 4787 4786
f 5279 5278 6432
f 6432 5278 5271
f 4237 5279 6433
f 6433 5279 6432
f 4787 4234 6433
f 6433 4234 4237
f 6435 6436 6434
f 6434 6436 6437
f 6359 6438 6360
f 6360 6438 6437
f 6439 6440 6441
f 6441 6440 6438
f 6443 6439 6442
f 6442 6439 6441
f 6357 6356 6442
f 6442 6356 6444
f 6444 6446 6445
f 6445 6446 6447
f 4912 6446 4913
f 4913 6446 6355
f 6361 6436 5364
f 5364 6436 5365
f 5319 5350 5316
f 5316 5350 6448
f 4832 6449 5350
f 5350 6449 6448
f 4831 6450 4832
f 4832 6450 6449
f 5354 6451 5320
f 5320 6451 6405
f 4265 6452 5354
f 5354 6452 6451
f 4264 6453 4265
f 4265 6453 6452
f 6450 4831 6447
f 6447 4831 6445
f 4263 6435 4264
f 4264 6435 6434
f 6454 6453 6439
f 6439 6453 6440
f 6439 6443 6454
f 6454 6443 4834
f 4833 6455 4834
f 4834 6455 6454
f 5351 6456 4833
f 4833 6456 6455
f 6457 6391 6458
f 6458 6391 6392
f 6458 6392 6431
f 6431 6392 6393
f 5298 6396 5297
f 5297 6396 6395
f 6402 6400 5302
f 5302 6400 5299
f 6402 6403 6459
f 6459 6403 6460
f 6460 6403 6461
f 6461 6403 6404
f 6405 6462 6404
f 6404 6462 6461
f 6406 6462 5351
f 5351 6462 6456
f 6406 6407 6462
f 6462 6407 6461
f 6407 6463 6461
f 6461 6463 6460
f 6463 6464 6460
f 6460 6464 6459
f 6464 6465 6459
f 6459 6465 6401
f 6430 6466 6431
f 6431 6466 6458
f 6466 6410 6458
f 6458 6410 6457
f 6410 6411 6457
f 6457 6411 6467
f 6396 6424 6397
f 6397 6424 6425
f 6393 6395 6431
f 6431 6395 6394
f 6451 6456 6405
f 6405 6456 6462
f 6452 6455 6451
f 6451 6455 6456
f 6453 6454 6452
f 6452 6454 6455
f 6443 6445 4834
f 4834 6445 4831
f 6440 6453 6434
f 6434 6453 4264
f 6468 5306 5360
f 5360 5306 5305
f 6469 4124 6468
f 6468 4124 5306
f 6470 4125 6469
f 6469 4125 4124
f 6471 5291 6470
f 6470 5291 4125
f 6353 5292 6471
f 6471 5292 5291
f 5292 6353 5313
f 5313 6353 6352
f 5347 5314 6352
f 6352 5314 5313
f 5353 5318 5346
f 5346 5318 5317
f 5334 6468 5358
f 5358 6468 5360
f 5324 6469 5334
f 5334 6469 6468
f 5323 6470 5324
f 5324 6470 6469
f 5343 6471 5323
f 5323 6471 6470
f 6354 6353 5343
f 5343 6353 6471
f 6348 6349 4270
f 4270 6349 5311
f 5272 6340 5273
f 5273 6340 4272
f 6432 5271 4232
f 4232 5271 4233
f 4294 6432 4295
f 4295 6432 4232
f 6432 4294 6433
f 6433 4294 4301
f 4301 4300 6433
f 6433 4300 4787
f 4704 4784 4300
f 4300 4784 4787
f 4704 3013 4784
f 4784 3013 1307
f 5103 6472 5104
f 5104 6472 5202
f 5108 5116 5105
f 5105 5116 5115
f 5111 5124 5112
f 5112 5124 5123
f 5154 5205 5105
f 5105 5205 5106
f 5167 5180 5168
f 5168 5180 5185
f 5175 5188 5176
f 5176 5188 5187
f 5112 5123 5178
f 5178 5123 5120
f 5167 5090 5183
f 5183 5090 5089
f 5210 5151 5183
f 5183 5151 5181
f 5216 5138 5217
f 5217 5138 5137
f 5218 5119 5219
f 5219 5119 5221
f 5218 5178 5119
f 5119 5178 5120
f 5217 5137 5104
f 5104 5137 5101
f 5116 5108 5221
f 5221 5108 5219
f 5111 5110 5210
f 5210 5110 5151
f 5154 5153 5103
f 5103 5153 6472
f 5216 5215 5176
f 5176 5215 5173
f 5175 5174 5168
f 5168 5174 5166
f 5091 5172 5092
f 5092 5172 5208
f 5117 5037 5118
f 5118 5037 5036
f 5121 5164 5122
f 5122 5164 5133
f 5125 5084 5126
f 5126 5084 5083
f 5129 5174 5130
f 5130 5174 5173
f 5131 5202 5132
f 5132 5202 6472
f 5135 5221 5122
f 5122 5221 5119
f 5125 5124 5136
f 5136 5124 5209
f 5126 5083 5121
f 5121 5083 5164
f 5118 5036 5195
f 5195 5036 5193
f 5131 5097 5203
f 5203 5097 5114
f 5132 6472 5195
f 5195 6472 5153
f 5136 5209 5092
f 5092 5209 5089
f 5135 5134 5117
f 5117 5134 5037
f 5362 5206 5130
f 5130 5206 5127
f 5372 5371 5128
f 5128 5371 5129
f 5371 5372 5091
f 5091 5372 5172
f 5362 5215 5203
f 5203 5215 5201
f 6463 6407 5353
f 5353 6407 5318
f 6464 6463 5352
f 5352 6463 5353
f 6408 6465 5288
f 5288 6465 5289
f 4196 4224 6426
f 6426 4224 6427
f 6430 6427 6428
f 6428 6427 4224
f 6466 6430 4382
f 4382 6430 6428
f 6410 6466 4217
f 4217 6466 4382
f 4240 4239 3015
f 3015 4239 3016
f 4254 4257 3017
f 3017 4257 3018
f 6473 6474 4732
f 4732 6474 6475
f 6474 6374 6475
f 6475 6374 6373
f 5246 6374 3022
f 3022 6374 3023
f 4254 6299 4255
f 4255 6299 6288
f 6473 6300 3024
f 3024 6300 3025
f 6476 4257 6312
f 6312 4257 4256
f 4240 6476 4241
f 4241 6476 6312
f 6477 4239 6391
f 6391 4239 4238
f 6467 6477 6457
f 6457 6477 6391
f 6411 3029 6467
f 6467 3029 3028
f 4216 3030 6411
f 6411 3030 3029
f 6479 6480 6478
f 6478 6480 6481
f 6483 6484 6482
f 6482 6484 6485
f 6486 6487 4102
f 4102 6487 6331
f 6483 6488 6478
f 6478 6488 6489
f 4429 4829 6490
f 6490 4829 6479
f 6491 6486 4101
f 4101 6486 4102
f 4895 6491 4899
f 4899 6491 4101
f 4160 6488 4157
f 4157 6488 6492
f 6489 4087 6490
f 6490 4087 4090
f 4267 4261 5013
f 5013 4261 4260
f 4258 4261 5328
f 5328 4261 4975
f 4261 4267 4975
f 4975 4267 4266
f 5367 3793 3912
f 3912 3793 3575
f 6494 3616 6493
f 6493 3616 3795
f 6496 3589 6495
f 6495 3589 3588
f 6495 3588 5368
f 5368 3588 3794
f 3841 3840 3050
f 3050 3840 3051
f 3912 3911 3052
f 3052 3911 3053
f 3929 3930 3054
f 3054 3930 3055
f 5370 3930 3916
f 3916 3930 3923
f 3938 5369 3807
f 3807 5369 3915
f 3589 6496 3806
f 3806 6496 3937
f 3938 3937 3056
f 3056 3937 3057
f 3051 3840 3058
f 3058 3840 3943
f 3730 4808 3727
f 3727 4808 3943
f 3820 3951 3795
f 3795 3951 6493
f 3951 3841 3059
f 3059 3841 3050
f 3911 3574 6494
f 6494 3574 3616
f 3823 3929 3824
f 3824 3929 3952
f 4061 4060 3060
f 3060 4060 3061
f 6497 6498 4901
f 4901 6498 4790
f 6333 6499 4738
f 4738 6499 4739
f 6500 6501 6314
f 6314 6501 4418
f 6502 6275 4417
f 4417 6275 4185
f 6503 6497 4783
f 4783 6497 4901
f 6498 4060 4790
f 4790 4060 4059
f 4808 4061 3069
f 3069 4061 3060
f 5367 3071 5368
f 5368 3071 3070
f 5369 3073 5370
f 5370 3073 3072
f 6274 6275 3074
f 3074 6275 3075
f 6499 6504 4739
f 4739 6504 6317
f 6333 6332 3077
f 3077 6332 3078
f 6334 6274 3079
f 3079 6274 3074
f 6332 4825 3078
f 3078 4825 3080
f 6334 6503 4188
f 4188 6503 4783
f 4825 4689 3080
f 3080 4689 1330
f 6506 4747 6505
f 6505 4747 4746
f 6505 6507 6506
f 6506 6507 6508
f 4297 6509 4920
f 4920 6509 6510
f 4296 6511 4297
f 4297 6511 6509
f 6506 6508 4319
f 4319 6508 6512
f 4372 4371 6514
f 6514 4371 6513
f 6511 4296 5251
f 5251 4296 4305
f 5251 5250 6511
f 6511 5250 6515
f 6516 6509 6515
f 6515 6509 6511
f 6517 6507 6519
f 6519 6507 6518
f 6512 6520 6513
f 6513 6520 6514
f 6507 6517 6508
f 6508 6517 6521
f 5249 6523 6522
f 6522 6523 6524
f 6525 6370 5253
f 5253 6370 6526
f 4370 4323 4371
f 4371 4323 4326
f 4370 3103 4323
f 4323 3103 1541
f 6521 6517 6527
f 6527 6517 6519
f 6520 6528 6514
f 6514 6528 6529
f 6531 6532 6530
f 6530 6532 6533
f 5250 6534 6515
f 6515 6534 6535
f 6530 6533 6536
f 6536 6533 6537
f 6526 6538 6534
f 6534 6538 6537
f 6515 6535 6516
f 6516 6535 6539
f 4325 4321 4326
f 4326 4321 4320
f 4371 4326 6513
f 6513 4326 4320
f 6531 4731 6541
f 6541 4731 6540
f 4731 4730 6540
f 6540 4730 6542
f 4730 3121 6542
f 6542 3121 3120
f 6530 4328 6531
f 6531 4328 4731
f 4328 6530 4329
f 4329 6530 6536
f 4329 6536 6524
f 6524 6536 6543
f 6544 6545 6522
f 6522 6545 5248
f 6389 6388 5245
f 5245 6388 6373
f 6388 6546 6373
f 6373 6546 6475
f 4733 6546 6295
f 6295 6546 4377
f 4732 6475 4733
f 4733 6475 6546
f 4393 4432 4394
f 4394 4432 4435
f 4434 4672 4842
f 4842 4672 4671
f 4440 4439 4441
f 4441 4439 4438
f 4436 4450 4437
f 4437 4450 4398
f 4447 4444 4448
f 4448 4444 4392
f 4446 4464 4433
f 4433 4464 6547
f 4454 4423 4455
f 4455 4423 4422
f 4452 4481 4453
f 4453 4481 4480
f 4458 4389 4459
f 4459 4389 4388
f 4456 4471 4457
f 4457 4471 4468
f 4391 4460 4392
f 4392 4460 4448
f 4461 4467 4445
f 4445 4467 4465
f 4437 4398 4629
f 4629 4398 4397
f 4438 4628 4441
f 4441 4628 4631
f 4841 4629 4839
f 4839 4629 4397
f 4628 4842 4631
f 4631 4842 4671
f 4930 4989 4452
f 4452 4989 4481
f 4929 4927 4436
f 4436 4927 4450
f 4933 4387 4934
f 4934 4387 4386
f 4931 4475 4932
f 4932 4475 4474
f 4936 4449 4933
f 4933 4449 4387
f 4935 4472 4456
f 4456 4472 4471
f 4389 4458 4391
f 4391 4458 4460
f 4457 4468 4461
f 4461 4468 4467
f 4934 4386 4454
f 4454 4386 4423
f 4453 4480 4931
f 4931 4480 4475
f 4575 4997 4576
f 4576 4997 4639
f 4579 4596 4580
f 4580 4596 4595
f 4583 4582 4572
f 4572 4582 4569
f 4587 4944 4588
f 4588 4944 4562
f 4588 4562 4590
f 4590 4562 4561
f 4576 4639 4642
f 4642 4639 4638
f 4642 4845 4641
f 4641 4845 4846
f 4845 4590 4846
f 4846 4590 4561
f 4941 4938 4595
f 4595 4938 4580
f 4938 4940 4668
f 4668 4940 4669
f 4583 4942 4584
f 4584 4942 4947
f 4582 4587 4569
f 4569 4587 4586
f 5000 5001 4579
f 4579 5001 4596
f 4558 4560 4585
f 4585 4560 4586
f 4565 4639 4566
f 4566 4639 4997
f 4568 4567 4577
f 4577 4567 4578
f 4570 4554 4571
f 4571 4554 4556
f 4640 4565 4637
f 4637 4565 4546
f 4662 4664 4665
f 4665 4664 4844
f 4662 4558 4589
f 4589 4558 4585
f 4554 4570 4557
f 4557 4570 4560
f 4571 4667 4572
f 4572 4667 4943
f 4551 4670 4552
f 4552 4670 4666
f 4640 4664 4638
f 4638 4664 4663
f 4670 4568 4668
f 4668 4568 4577
f 4999 4996 4566
f 4566 4996 4543
f 4608 4564 4603
f 4603 4564 4563
f 4573 4593 4574
f 4574 4593 4592
f 4597 4614 4598
f 4598 4614 4613
f 4601 4600 4584
f 4584 4600 4581
f 4563 4562 4604
f 4604 4562 4944
f 4643 4593 4641
f 4641 4593 4573
f 4643 4847 4644
f 4644 4847 4848
f 4564 4847 4561
f 4561 4847 4846
f 4945 4941 4598
f 4598 4941 4595
f 4941 4945 4939
f 4939 4945 4946
f 4601 4948 4602
f 4602 4948 4620
f 4600 4604 4581
f 4581 4604 4944
f 5002 5003 4597
f 4597 5003 4614
f 4988 4759 4953
f 4953 4759 4402
f 4706 6548 4707
f 4707 6548 6549
f 4311 4928 4419
f 4419 4928 6550
f 4921 4920 6551
f 6551 4920 6552
f 4925 6553 4926
f 4926 6553 6554
f 4928 4921 4802
f 4802 4921 6551
f 6555 4985 6550
f 6550 4985 4419
f 4952 6556 4953
f 4953 6556 4649
f 4971 6557 4706
f 4706 6557 6548
f 4988 4648 4925
f 4925 4648 6553
f 4707 6549 5006
f 5006 6549 4987
f 4920 6510 6552
f 6552 6510 6518
f 6558 6510 6516
f 6516 6510 6509
f 6559 6558 6539
f 6539 6558 6516
f 6531 6541 6532
f 6532 6541 6560
f 6540 6561 6541
f 6541 6561 6529
f 6542 6562 6540
f 6540 6562 6561
f 6542 3120 6562
f 6562 3120 3142
f 4366 6563 4760
f 4760 6563 4970
f 4815 6564 4816
f 4816 6564 6565
f 3147 3146 6565
f 6565 3146 4816
f 6564 6563 6565
f 6565 6563 6566
f 4837 4385 4357
f 4357 4385 4358
f 6565 6566 3147
f 3147 6566 3149
f 4694 1209 3150
f 5247 5249 5248
f 5248 5249 6522
f 6372 6390 6545
f 6545 6390 6389
f 6375 5254 6376
f 6376 5254 5258
f 6377 6525 6378
f 6378 6525 5255
f 5260 6379 5258
f 5258 6379 6376
f 6380 6567 6381
f 6381 6567 6568
f 6382 6569 6383
f 6383 6569 6570
f 6377 6371 6525
f 6525 6371 6370
f 6379 5260 6384
f 6384 5260 6571
f 6385 6572 6382
f 6382 6572 6569
f 6378 5255 6375
f 6375 5255 5254
f 6386 6573 6387
f 6387 6573 6574
f 6545 6389 5248
f 5248 6389 5245
f 4675 4750 4676
f 4676 4750 6286
f 4734 6289 4735
f 4735 6289 6288
f 4804 6290 4805
f 4805 6290 4963
f 4811 4807 4812
f 4812 4807 4411
f 4954 6292 4955
f 4955 6292 4959
f 4964 4962 4965
f 4965 4962 4751
f 6285 4821 4812
f 4812 4821 4809
f 4675 4287 4965
f 4965 4287 4210
f 6294 4145 4955
f 4955 4145 4154
f 4964 4120 4805
f 4805 4120 4119
f 6298 4966 4734
f 4734 4966 6289
f 6300 6473 4735
f 4735 6473 4732
f 6297 6296 4676
f 4676 6296 4288
f 6523 3160 4330
f 4330 3160 3159
f 5253 5252 6525
f 6525 5252 5255
f 5256 5252 4305
f 4305 5252 5251
f 4304 5257 4305
f 4305 5257 5256
f 4424 5259 4304
f 4304 5259 5257
f 5261 6571 5259
f 5259 6571 5260
f 5262 6573 5261
f 5261 6573 6571
f 5264 6567 5265
f 5265 6567 6574
f 5266 6572 5267
f 5267 6572 6568
f 5268 6570 5269
f 5269 6570 6569
f 1807 3161 5268
f 5268 3161 6570
f 6524 6523 4329
f 4329 6523 4330
f 5253 6526 5250
f 5250 6526 6534
f 6543 6538 6544
f 6544 6538 6369
f 6524 6543 6522
f 6522 6543 6544
f 3071 5367 3052
f 3052 5367 3912
f 6493 3163 6494
f 6494 3163 3162
f 3164 445 3771
f 3771 445 3761
f 461 3165 3919
f 3919 3165 3920
f 330 410 3839
f 3839 410 3910
f 332 331 3552
f 3552 331 3551
f 464 304 3918
f 3918 304 3816
f 385 458 3766
f 3766 458 3894
f 412 415 3762
f 3762 415 3763
f 3166 337 3748
f 3748 337 3745
f 3072 3055 5370
f 5370 3055 3930
f 3073 5369 3056
f 3056 5369 3938
f 3167 3057 6496
f 6496 3057 3937
f 3069 3058 4808
f 4808 3058 3943
f 411 3166 3851
f 3851 3166 3748
f 3059 3163 3951
f 3951 3163 6493
f 336 3164 3772
f 3772 3164 3771
f 3053 3911 3162
f 3162 3911 6494
f 3054 3168 3929
f 3929 3168 3952
f 3165 830 3920
f 3920 830 3945
f 3170 3169 6497
f 6497 3169 6498
f 3171 1354 5005
f 5005 1354 4830
f 3172 3170 6503
f 6503 3170 6497
f 3169 3061 6498
f 6498 3061 4060
f 3173 3171 5006
f 5006 3171 5005
f 3079 3172 6334
f 6334 3172 6503
f 3174 3025 6299
f 6299 3025 6300
f 6576 6577 6575
f 6575 6577 6578
f 4612 4611 6579
f 6579 4611 6580
f 6582 6583 6581
f 6581 6583 6584
f 6584 6585 4618
f 4618 6585 4621
f 6586 6587 6589
f 6589 6587 6588
f 6588 6587 6590
f 6590 6587 6591
f 6592 4606 6590
f 6590 4606 4623
f 6594 6576 6593
f 6593 6576 6575
f 6595 6582 6579
f 6579 6582 6581
f 6580 6597 6596
f 6596 6597 6598
f 6577 6576 6599
f 6599 6576 6600
f 6595 6596 6601
f 6601 6596 6602
f 6583 6582 6603
f 6603 6582 6604
f 6586 6606 6605
f 6605 6606 6607
f 6587 6586 6608
f 6608 6586 6605
f 6587 6608 6591
f 6591 6608 6609
f 6576 6594 6600
f 6600 6594 6610
f 6582 6595 6604
f 6604 6595 6601
f 6599 6611 6577
f 6577 6611 6598
f 6613 6614 6612
f 6612 6614 6615
f 6617 6618 6616
f 6616 6618 6619
f 6621 6622 6620
f 6620 6622 6623
f 6625 6626 6624
f 6624 6626 6627
f 6629 6630 6628
f 6628 6630 6631
f 6633 6634 6632
f 6632 6634 6635
f 6637 6638 6636
f 6636 6638 6639
f 6640 6641 6637
f 6637 6641 6638
f 6643 6633 6642
f 6642 6633 6632
f 6645 6646 6644
f 6644 6646 6647
f 6646 6648 6647
f 6647 6648 6649
f 6651 6652 6650
f 6650 6652 6653
f 6653 6652 6654
f 6654 6652 6655
f 6656 6657 6659
f 6659 6657 6658
f 6661 6662 6660
f 6660 6662 6663
f 6662 6661 6664
f 6664 6661 6665
f 6667 6657 6666
f 6666 6657 6656
f 6669 6670 6668
f 6668 6670 6671
f 6672 6673 6670
f 6670 6673 6671
f 6674 6675 6677
f 6677 6675 6676
f 6675 6678 6676
f 6676 6678 6679
f 6681 6682 6680
f 6680 6682 6683
f 6684 6685 6683
f 6683 6685 6680
f 6687 6688 6686
f 6686 6688 6689
f 6687 6690 6688
f 6688 6690 6691
f 6619 6618 6633
f 6633 6618 6634
f 6632 6635 6693
f 6693 6635 6692
f 6617 6694 6636
f 6636 6694 6637
f 6695 6692 6639
f 6639 6692 6635
f 6637 6694 6640
f 6640 6694 6696
f 6698 6638 6697
f 6697 6638 6641
f 6643 6616 6633
f 6633 6616 6619
f 6642 6699 6641
f 6641 6699 6697
f 6646 6645 6700
f 6700 6645 6621
f 6644 6701 6654
f 6654 6701 6702
f 6700 6703 6646
f 6646 6703 6648
f 6693 6704 6649
f 6649 6704 6647
f 6620 6623 6651
f 6651 6623 6652
f 6693 6649 6699
f 6699 6649 6650
f 6652 6623 6655
f 6655 6623 6622
f 6654 6702 6653
f 6653 6702 6697
f 6615 6614 6657
f 6657 6614 6658
f 6705 6656 6704
f 6704 6656 6659
f 6613 6706 6660
f 6660 6706 6661
f 6704 6659 6701
f 6701 6659 6663
f 6661 6706 6665
f 6665 6706 6707
f 6708 6702 6664
f 6664 6702 6662
f 6612 6615 6667
f 6667 6615 6657
f 6666 6709 6664
f 6664 6709 6708
f 6629 6710 6669
f 6669 6710 6670
f 6668 6711 6679
f 6679 6711 6712
f 6713 6672 6710
f 6710 6672 6670
f 6714 6671 6705
f 6705 6671 6673
f 6628 6631 6674
f 6674 6631 6675
f 6705 6673 6709
f 6709 6673 6677
f 6631 6630 6675
f 6675 6630 6678
f 6712 6708 6679
f 6679 6708 6676
f 6625 6715 6682
f 6682 6715 6683
f 6716 6717 6681
f 6681 6717 6691
f 6718 6684 6715
f 6715 6684 6683
f 6719 6680 6714
f 6714 6680 6685
f 6624 6627 6686
f 6686 6627 6687
f 6689 6711 6685
f 6685 6711 6714
f 6627 6626 6687
f 6687 6626 6690
f 6717 6712 6691
f 6691 6712 6688
f 6612 6707 6613
f 6613 6707 6706
f 6616 6696 6617
f 6617 6696 6694
f 6703 6700 6620
f 6620 6700 6621
f 6715 6625 6718
f 6718 6625 6624
f 6710 6629 6713
f 6713 6629 6628
f 6639 6635 6636
f 6636 6635 6634
f 6641 6640 6642
f 6642 6640 6643
f 6654 6655 6644
f 6644 6655 6645
f 6651 6650 6648
f 6648 6650 6649
f 6659 6658 6663
f 6663 6658 6660
f 6665 6667 6664
f 6664 6667 6666
f 6678 6669 6679
f 6679 6669 6668
f 6673 6672 6677
f 6677 6672 6674
f 6690 6682 6691
f 6691 6682 6681
f 6685 6684 6689
f 6689 6684 6686
f 6636 6634 6617
f 6617 6634 6618
f 6638 6698 6639
f 6639 6698 6695
f 6640 6696 6643
f 6643 6696 6616
f 6693 6699 6632
f 6632 6699 6642
f 6655 6622 6645
f 6645 6622 6621
f 6704 6701 6647
f 6647 6701 6644
f 6651 6648 6620
f 6620 6648 6703
f 6650 6653 6699
f 6699 6653 6697
f 6613 6660 6614
f 6614 6660 6658
f 6663 6662 6701
f 6701 6662 6702
f 6665 6707 6667
f 6667 6707 6612
f 6705 6709 6656
f 6656 6709 6666
f 6630 6629 6678
f 6678 6629 6669
f 6714 6711 6671
f 6671 6711 6668
f 6672 6713 6674
f 6674 6713 6628
f 6677 6676 6709
f 6709 6676 6708
f 6626 6625 6690
f 6690 6625 6682
f 6680 6719 6681
f 6681 6719 6716
f 6684 6718 6686
f 6686 6718 6624
f 6711 6689 6712
f 6689 6688 6712
f 6593 6720 6594
f 6594 6720 6721
f 6722 6720 4607
f 4607 6720 4849
f 6592 6723 6722
f 6722 6723 6724
f 4610 4609 6578
f 6578 4609 6575
f 6596 6595 6580
f 6580 6595 6579
f 4618 4617 6584
f 6584 4617 6581
f 6589 6585 6586
f 6586 6585 6606
f 4622 4619 6588
f 6588 4619 6589
f 4622 6588 4623
f 4623 6588 6590
f 4609 4645 6575
f 6575 4645 6593
f 4617 4612 6581
f 6581 4612 6579
f 5004 4610 6597
f 6597 4610 6578
f 4645 4849 6593
f 6593 4849 6720
f 6724 6721 6722
f 6722 6721 6720
f 6722 4607 6592
f 6592 4607 4606
f 6725 6610 6721
f 6721 6610 6594
f 6723 6726 6724
f 6724 6726 6727
f 6727 6725 6724
f 6724 6725 6721
f 6728 6729 6605
f 6605 6729 6608
f 6605 6607 6728
f 6728 6607 6730
f 6731 6732 6604
f 6604 6732 6603
f 6733 6734 6725
f 6725 6734 6610
f 6735 6733 6727
f 6727 6733 6725
f 6735 6727 6736
f 6736 6727 6726
f 6591 6609 6723
f 6723 6609 6726
f 6723 6592 6591
f 6591 6592 6590
f 6738 6739 6737
f 6737 6739 6740
f 6740 6739 6742
f 6742 6739 6741
f 6743 6744 6741
f 6741 6744 6742
f 6745 6746 6743
f 6743 6746 6744
f 6747 6748 6745
f 6745 6748 6746
f 6749 6750 6747
f 6747 6750 6748
f 6752 6738 6751
f 6751 6738 6737
f 6754 6752 6753
f 6753 6752 6751
f 6756 6754 6755
f 6755 6754 6753
f 6758 6750 6757
f 6757 6750 6749
f 6760 6756 6759
f 6759 6756 6755
f 6762 6760 6761
f 6761 6760 6759
f 6764 6762 6763
f 6763 6762 6761
f 6757 6764 6758
f 6758 6764 6763
f 6766 6741 6765
f 6765 6741 6739
f 6767 6743 6766
f 6766 6743 6741
f 6768 6745 6767
f 6767 6745 6743
f 6769 6747 6768
f 6768 6747 6745
f 6770 6749 6769
f 6769 6749 6747
f 6772 6769 6771
f 6771 6769 6768
f 6773 6770 6772
f 6772 6770 6769
f 6774 6775 6772
f 6772 6775 6773
f 6777 6778 6776
f 6776 6778 6779
f 6775 6774 6778
f 6778 6774 6779
f 6771 6780 6772
f 6772 6780 6774
f 6780 6781 6774
f 6774 6781 6779
f 6781 6782 6779
f 6779 6782 6776
f 6784 6785 6783
f 6783 6785 6786
f 6786 6787 6783
f 6783 6787 6788
f 6790 6788 6789
f 6789 6788 6787
f 6786 6785 6791
f 6791 6785 6792
f 6791 6793 6786
f 6786 6793 6787
f 6793 6794 6787
f 6787 6794 6789
f 6795 6796 6794
f 6794 6796 6789
f 6790 6789 6797
f 6797 6789 6796
f 6798 6765 6738
f 6738 6765 6739
f 6799 6798 6752
f 6752 6798 6738
f 6767 6800 6768
f 6768 6800 6771
f 6766 6801 6767
f 6767 6801 6800
f 6802 6801 6765
f 6765 6801 6766
f 6798 6803 6765
f 6765 6803 6802
f 6804 6803 6799
f 6799 6803 6798
f 6805 6806 6804
f 6804 6806 6803
f 6807 6799 6754
f 6754 6799 6752
f 6808 6804 6807
f 6807 6804 6799
f 6809 6805 6808
f 6808 6805 6804
f 6810 6811 6805
f 6805 6811 6806
f 6812 6813 6810
f 6810 6813 6811
f 6814 6815 6796
f 6796 6815 6797
f 6813 6814 6816
f 6816 6814 6817
f 6816 6818 6813
f 6813 6818 6811
f 6819 6806 6818
f 6818 6806 6811
f 6802 6803 6819
f 6819 6803 6806
f 6757 6749 6820
f 6820 6749 6770
f 6820 6770 6821
f 6821 6770 6773
f 6821 6773 6822
f 6822 6773 6775
f 6822 6775 6823
f 6823 6775 6778
f 6824 6823 6777
f 6777 6823 6778
f 6784 6825 6777
f 6777 6825 6824
f 6826 6827 6788
f 6788 6827 6783
f 6828 6826 6790
f 6790 6826 6788
f 6829 6828 6797
f 6797 6828 6790
f 6815 6830 6797
f 6797 6830 6829
f 6832 6812 6831
f 6831 6812 6810
f 6831 6810 6809
f 6809 6810 6805
f 6736 6800 6735
f 6735 6800 6801
f 6733 6735 6802
f 6802 6735 6801
f 6734 6733 6819
f 6819 6733 6802
f 6833 6734 6818
f 6818 6734 6819
f 6834 6833 6816
f 6816 6833 6818
f 6816 6817 6834
f 6834 6817 6835
f 6837 6795 6836
f 6836 6795 6794
f 6836 6794 6731
f 6731 6794 6793
f 6732 6731 6791
f 6791 6731 6793
f 6791 6792 6732
f 6732 6792 6730
f 6729 6728 6781
f 6781 6728 6782
f 6838 6807 6756
f 6756 6807 6754
f 6839 6838 6760
f 6760 6838 6756
f 6840 6839 6762
f 6762 6839 6760
f 6841 6840 6764
f 6764 6840 6762
f 6820 6841 6757
f 6757 6841 6764
f 6841 6820 6842
f 6842 6820 6821
f 6840 6841 6843
f 6843 6841 6842
f 6839 6840 6844
f 6844 6840 6843
f 6838 6839 6845
f 6845 6839 6844
f 6807 6838 6808
f 6808 6838 6845
f 6842 6821 6846
f 6846 6821 6822
f 6843 6842 6847
f 6847 6842 6846
f 6844 6843 6848
f 6848 6843 6847
f 6845 6844 6849
f 6849 6844 6848
f 6808 6845 6809
f 6809 6845 6849
f 6850 6831 6849
f 6849 6831 6809
f 6851 6850 6848
f 6848 6850 6849
f 6847 6852 6848
f 6848 6852 6851
f 6853 6852 6846
f 6846 6852 6847
f 6846 6822 6853
f 6853 6822 6823
f 6853 6823 6854
f 6854 6823 6824
f 6854 6855 6853
f 6853 6855 6852
f 6856 6851 6855
f 6855 6851 6852
f 6856 6857 6851
f 6851 6857 6850
f 6857 6832 6850
f 6850 6832 6831
f 6825 6858 6824
f 6824 6858 6854
f 6860 6827 6859
f 6859 6827 6826
f 6859 6826 6861
f 6861 6826 6828
f 6862 6861 6829
f 6829 6861 6828
f 6830 6863 6829
f 6829 6863 6862
f 6863 6864 6862
f 6862 6864 6865
f 6858 6866 6854
f 6854 6866 6855
f 6867 6865 6866
f 6866 6865 6864
f 6869 6859 6868
f 6868 6859 6861
f 6867 6869 6865
f 6865 6869 6868
f 6861 6862 6868
f 6868 6862 6865
f 6867 6860 6869
f 6869 6860 6859
f 6753 6751 6698
f 6698 6751 6695
f 6697 6755 6698
f 6698 6755 6753
f 6759 6755 6702
f 6702 6755 6697
f 6761 6759 6708
f 6708 6759 6702
f 6763 6761 6712
f 6712 6761 6708
f 6758 6763 6717
f 6717 6763 6712
f 6750 6758 6716
f 6716 6758 6717
f 6719 6748 6716
f 6716 6748 6750
f 6714 6746 6719
f 6719 6746 6748
f 6705 6744 6714
f 6714 6744 6746
f 6704 6742 6705
f 6705 6742 6744
f 6740 6742 6693
f 6693 6742 6704
f 6737 6740 6692
f 6692 6740 6693
f 6751 6737 6695
f 6695 6737 6692
f 6601 6602 6836
f 6836 6602 6837
f 6604 6601 6731
f 6731 6601 6836
f 6599 6600 6834
f 6834 6600 6833
f 6834 6835 6599
f 6599 6835 6611
f 6600 6610 6833
f 6833 6610 6734
f 6780 6771 6870
f 6870 6771 6736
f 6736 6771 6800
f 6870 6729 6780
f 6780 6729 6781
f 6608 6729 6609
f 6609 6729 6870
f 6609 6870 6726
f 6726 6870 6736
f 5014 5015 5229
f 5229 5015 5230
f 4258 5015 4259
f 4259 5015 4878
f 3471 3013 4703
f 4703 3013 4704
f 2879 6337 1306
f 1306 6337 4785
f 829 3471 4316
f 4316 3471 4703
f 4702 3472 5223
f 5223 3472 1756
f 6871 6872 4534
f 4534 6872 4535
f 6871 4665 6872
f 6872 4665 4844
f 6871 6873 4665
f 4665 6873 4559
f 6871 4534 6873
f 6873 4534 4542
f 4153 4152 4822
f 4822 4152 4407
f 4152 4168 4407
f 4407 4168 4342
f 4343 4168 4923
f 4923 4168 4167
f 4363 4362 4972
f 4972 4362 4840
f 4362 4394 4840
f 4840 4394 4839
f 4401 4400 4986
f 4986 4400 4984
f 4435 4434 4841
f 4841 4434 4842
f 4506 4505 4530
f 4530 4505 4531
f 4506 4535 4507
f 4507 4535 4843
f 4661 4660 4516
f 4516 4660 4517
f 4673 4672 4937
f 4937 4672 6547
f 4400 4924 4984
f 4984 4924 5263
f 4673 4660 4674
f 4674 4660 4659
f 4505 4661 4531
f 4531 4661 4516
f 4952 4401 6874
f 6874 4401 4986
f 4954 4153 6875
f 6875 4153 4822
f 4363 4973 4364
f 4364 4973 4974
f 5264 4924 5267
f 5267 4924 4691
f 6293 6292 6876
f 6876 6292 6877
f 6380 4343 6387
f 6387 4343 4923
f 4394 4435 4839
f 4839 4435 4841
f 4672 4434 6547
f 6547 4434 4433
f 4973 6556 4974
f 4974 6556 6878
f 6567 6380 6574
f 6574 6380 6387
f 6292 4954 6877
f 6877 4954 6875
f 6567 5264 6568
f 6568 5264 5267
f 4145 4144 4154
f 4154 4144 4151
f 4194 4144 4425
f 4425 4144 4143
f 4355 4354 5263
f 5263 4354 4984
f 4360 4359 4364
f 4364 4359 4361
f 4444 4359 4392
f 4392 4359 4337
f 4447 4446 4432
f 4432 4446 4433
f 4464 4463 6547
f 6547 4463 4937
f 4519 4518 4654
f 4654 4518 4509
f 4533 4532 4499
f 4499 4532 4498
f 4533 4542 4530
f 4530 4542 4534
f 4519 4532 4516
f 4516 4532 4531
f 4922 4194 4426
f 4426 4194 4425
f 4463 4518 4937
f 4937 4518 4517
f 6555 4951 6874
f 6874 4951 6878
f 4958 4957 6290
f 6290 4957 6291
f 4334 4360 4712
f 4712 4360 4950
f 4985 4354 4419
f 4419 4354 4353
f 5262 4355 5265
f 5265 4355 5263
f 6294 4958 4804
f 4804 4958 6290
f 6386 4922 6384
f 6384 4922 4426
f 4444 4447 4393
f 4393 4447 4432
f 4464 4446 4465
f 4465 4446 4445
f 4985 6555 4986
f 4986 6555 6874
f 6573 6386 6571
f 6571 6386 6384
f 4145 6294 4146
f 4146 6294 4804
f 6573 5262 6574
f 6574 5262 5265
f 4542 4541 6873
f 6873 4541 4559
f 4535 6872 4843
f 4843 6872 4844
f 4104 4103 6879
f 6879 4103 6343
f 4105 6293 6307
f 6307 6293 6876
f 4104 4956 4105
f 4105 4956 6293
f 4956 4104 4957
f 4957 4104 6879
f 4957 6879 6291
f 6291 6879 6309
f 4648 4988 4649
f 4649 4988 4953
f 4802 4803 4928
f 4928 4803 6550
f 6550 4803 6555
f 6555 4803 4951
f 1516 3173 4987
f 4987 3173 5006
f 6519 6518 6558
f 6558 6518 6510
f 6527 6519 6559
f 6559 6519 6558
f 6528 6560 6529
f 6529 6560 6541
f 6548 4625 6549
f 6549 4625 4624
f 6551 6552 4746
f 4746 6552 6505
f 6553 4711 6554
f 6554 4711 4710
f 4802 6551 4713
f 4713 6551 4746
f 6556 4973 4649
f 4649 4973 4646
f 6557 4949 6548
f 6548 4949 4625
f 4648 4647 6553
f 6553 4647 4711
f 6549 4624 4987
f 4987 4624 4838
f 6552 6518 6505
f 6505 6518 6507
f 6561 4372 6529
f 6529 4372 6514
f 6562 4369 6561
f 6561 4369 4372
f 3142 3482 6562
f 6562 3482 4369
f 6556 4952 6878
f 6878 4952 6874
f 4951 4950 6878
f 6878 4950 4974
f 3168 440 3952
f 4204 4203 5341
f 5341 4203 6364
f 4219 4222 6429
f 6429 4222 4383
f 4319 4322 6506
f 6506 4322 4747
f 4340 4714 4341
f 4341 4714 4384
f 4375 4377 6388
f 6388 4377 6546
f 4378 4381 6311
f 6311 4381 4720
f 4449 4341 4387
f 4387 4341 4384
f 4473 4472 4477
f 4477 4472 4474
f 4492 4491 4487
f 4487 4491 4488
f 4523 4491 4522
f 4522 4491 4490
f 4492 4538 4493
f 4493 4538 4555
f 4538 4553 4555
f 4555 4553 4556
f 4620 4615 4621
f 4621 4615 4618
f 4652 4651 4368
f 4368 4651 4365
f 4523 4655 4524
f 4524 4655 4656
f 4553 4667 4556
f 4556 4667 4571
f 4651 1210 4365
f 4365 1210 1209
f 4698 4697 5223
f 5223 4697 6344
f 4340 4339 4322
f 4322 4339 4747
f 4726 4729 5287
f 5287 4729 4198
f 4381 4380 4737
f 4737 4380 6368
f 4836 4835 4451
f 4451 4835 4709
f 4910 6367 4911
f 4911 6367 6366
f 4912 4915 6450
f 6450 4915 6449
f 4927 4836 4450
f 4450 4836 4451
f 4930 4929 4439
f 4439 4929 4436
f 4936 4935 4459
f 4459 4935 4456
f 4473 4655 4470
f 4470 4655 4510
f 4942 4583 4943
f 4943 4583 4572
f 4948 4601 4947
f 4947 4601 4584
f 4949 4835 4625
f 4625 4835 4626
f 4966 4969 6289
f 6289 4969 4695
f 4971 4652 4926
f 4926 4652 4368
f 4203 4977 6364
f 6364 4977 6365
f 4990 4989 4443
f 4443 4989 4440
f 4990 4991 4478
f 4478 4991 4512
f 4992 4991 4528
f 4528 4991 4515
f 4992 4993 4527
f 4527 4993 4485
f 4994 4993 4502
f 4502 4993 4503
f 4994 4995 4482
f 4482 4995 4550
f 4543 4996 4544
f 4544 4996 4995
f 4999 4998 4567
f 4567 4998 4578
f 5000 4998 4575
f 4575 4998 4997
f 5002 5001 4592
f 4592 5001 4574
f 5003 5004 4614
f 4614 5004 4611
f 3483 4215 1755
f 1755 4215 4698
f 5274 5277 4195
f 4195 5277 4223
f 4726 5295 4727
f 4727 5295 6350
f 5309 5342 5310
f 5310 5342 6363
f 5315 5314 5316
f 5316 5314 5317
f 5339 6362 5340
f 5340 6362 5363
f 5310 6363 5339
f 5339 6363 6362
f 4204 5309 4201
f 4201 5309 5308
f 4915 5345 6449
f 6449 5345 6448
f 5345 5315 6448
f 6448 5315 5316
f 5348 5347 6351
f 6351 5347 6352
f 5365 4263 5340
f 5340 4263 4262
f 6295 6298 4733
f 4733 6298 4734
f 4969 6306 4695
f 4695 6306 4696
f 6306 4378 4696
f 4696 4378 6311
f 6369 6372 6544
f 6544 6372 6545
f 4375 6390 4373
f 4373 6390 4374
f 6421 6422 4911
f 4911 6422 4908
f 4910 4909 4737
f 4737 4909 4736
f 5277 4219 4223
f 4223 4219 6429
f 4697 4222 6344
f 6344 4222 4221
f 6436 6361 6437
f 6437 6361 6360
f 6438 6440 6437
f 6437 6440 6434
f 6438 6359 6441
f 6441 6359 6358
f 6442 6441 6357
f 6357 6441 6358
f 6442 6444 6443
f 6443 6444 6445
f 6446 6444 6355
f 6355 6444 6356
f 6446 4912 6447
f 6447 4912 6450
f 6436 6435 5365
f 5365 6435 4263
f 5314 5347 5317
f 5317 5347 5346
f 4319 6512 4320
f 4320 6512 6513
f 6520 6512 6521
f 6521 6512 6508
f 6528 6520 6527
f 6527 6520 6521
f 6532 6539 6533
f 6533 6539 6535
f 6533 6535 6537
f 6537 6535 6534
f 6538 6543 6537
f 6537 6543 6536
f 6295 4377 6296
f 6296 4377 4376
f 4989 4930 4440
f 4440 4930 4439
f 4927 4929 4422
f 4422 4929 4455
f 4449 4936 4388
f 4388 4936 4459
f 4472 4935 4474
f 4474 4935 4932
f 4942 4940 4947
f 4947 4940 4939
f 5001 5000 4574
f 4574 5000 4575
f 4669 4943 4666
f 4666 4943 4667
f 4996 4999 4547
f 4547 4999 4567
f 4948 4946 4620
f 4620 4946 4615
f 5003 5002 4591
f 4591 5002 4592
f 6557 4971 6554
f 6554 4971 4926
f 6532 6560 6539
f 6539 6560 6559
f 6390 6372 4374
f 4374 6372 6371
f 4966 6298 4967
f 4967 6298 6297
f 6538 6526 6369
f 6369 6526 6370
f 6585 6589 4621
f 4621 6589 4619
f 6597 6578 6598
f 6598 6578 6577
f 6606 6583 6607
f 6607 6583 6603
f 6611 6602 6598
f 6598 6602 6596
f 6585 6584 6606
f 6606 6584 6583
f 6597 6580 5004
f 5004 6580 4611
f 6607 6603 6730
f 6730 6603 6732
f 6776 6785 6777
f 6777 6785 6784
f 6785 6776 6792
f 6792 6776 6782
f 6815 6814 6812
f 6812 6814 6813
f 6817 6814 6795
f 6795 6814 6796
f 6825 6784 6827
f 6827 6784 6783
f 6830 6815 6832
f 6832 6815 6812
f 6817 6795 6835
f 6835 6795 6837
f 6792 6782 6730
f 6730 6782 6728
f 6858 6825 6860
f 6860 6825 6827
f 6863 6830 6857
f 6857 6830 6832
f 6864 6863 6856
f 6856 6863 6857
f 6866 6858 6867
f 6867 6858 6860
f 6866 6864 6855
f 6855 6864 6856
f 6835 6837 6611
f 6611 6837 6602
f 6560 6528 6559
f 6559 6528 6527
f 4949 6557 4710
f 4710 6557 6554
f 4430 4090 4175
f 4175 4090 4089
f 4777 4113 4155
f 4155 4113 4086
f 4175 4089 4176
f 4176 4089 4142
f 4199 4271 4200
f 4200 4271 4798
f 4199 4095 4272
f 4272 4095 5273
f 4406 4405 4404
f 4404 4405 4346
f 4410 4409 6877
f 6877 4409 6876
f 4409 4413 6876
f 6876 4413 6307
f 4415 4148 4416
f 4416 4148 4147
f 4690 4405 4344
f 4344 4405 4342
f 4693 4692 4352
f 4352 4692 4349
f 4701 4700 6337
f 6337 4700 6338
f 4778 4777 4081
f 4081 4777 4155
f 4821 4406 4809
f 4809 4406 4404
f 4176 4142 4181
f 4181 4142 4415
f 4760 4970 4399
f 4399 4970 4692
f 4200 5007 4096
f 4096 5007 4078
f 5266 4693 5269
f 5269 4693 4352
f 5270 5007 5361
f 5361 5007 4797
f 4778 5270 4779
f 4779 5270 5361
f 6285 4410 6875
f 6875 4410 6877
f 6308 4413 4687
f 4687 4413 4412
f 6480 6320 6481
f 6481 6320 6880
f 4701 2878 4702
f 4702 2878 3472
f 6339 6347 6340
f 6340 6347 6348
f 6341 6342 6346
f 6346 6342 6345
f 4416 6308 4414
f 4414 6308 4687
f 6385 4690 6381
f 6381 4690 4344
f 5282 6341 5280
f 5280 6341 6339
f 4700 6342 6338
f 6338 6342 5281
f 6340 6348 4272
f 4272 6348 4270
f 6480 6479 4828
f 4828 6479 4829
f 6490 6479 6489
f 6489 6479 6478
f 4090 4430 6490
f 6490 4430 4429
f 6563 6564 4970
f 4970 6564 4815
f 4694 6566 4366
f 4366 6566 6563
f 6572 6385 6568
f 6568 6385 6381
f 4821 6285 4822
f 4822 6285 6875
f 6572 5266 6569
f 6569 5266 5269
f 3482 3103 4369
f 4369 3103 4370
f 3121 4730 3485
f 3485 4730 4327
f 6277 6280 6273
f 6273 6280 6272
f 6267 6276 6278
f 6278 6276 6279
f 6278 6279 6277
f 6277 6279 6280
f 6279 6256 6280
f 6280 6256 6255
f 6256 3857 6255
f 6255 3857 3754
f 3857 3856 3754
f 3754 3856 3755
f 3856 3703 3755
f 3755 3703 3863
f 3703 3702 3863
f 3863 3702 3759
f 3702 3706 3759
f 3759 3706 3670
f 3706 3705 3670
f 3670 3705 3668
f 3705 3773 3668
f 3668 3773 3882
f 3882 3773 3883
f 3883 3773 3707
f 3707 3708 3883
f 3883 3708 3880
f 3708 3710 3880
f 3880 3710 3881
f 3709 5241 3710
f 3710 5241 3881
f 5241 3709 5234
f 5234 3709 3786
f 3693 3712 3786
f 3786 3712 5234
f 4051 4055 4052
f 4052 4055 4056
f 4056 4055 4057
f 4057 4055 4054
f 4066 5238 5236
f 5236 5238 3989
f 4066 4069 5238
f 5238 4069 4035
f 6881 3962 3960
f 3960 3962 3957
f 6883 4070 6882
f 6882 4070 3941
f 4070 6883 4071
f 4071 6883 6884
f 4071 6884 4072
f 4072 6884 6885
f 6885 6886 4072
f 4072 6886 4031
f 3955 6881 3956
f 3956 6881 3960
f 6884 3991 6885
f 6885 3991 3990
f 6883 6887 6884
f 6884 6887 3991
f 6887 6888 3991
f 3991 6888 3992
f 6888 6887 6889
f 6889 6887 6890
f 6887 6883 6890
f 6890 6883 6882
f 4058 5240 3953
f 3953 5240 3954
f 5236 6888 5239
f 5239 6888 6889
f 5237 6886 3990
f 3990 6886 6885
f 4034 4031 5237
f 5237 4031 6886
f 6881 6882 3962
f 3962 6882 3941
f 6881 3955 6882
f 6882 3955 6890
f 3955 3954 6890
f 6890 3954 6889
f 5239 6889 5240
f 5240 6889 3954
f 6888 5236 3992
f 3992 5236 3989
f 3869 3868 3888
f 3888 3868 4015
f 3868 4012 4015
f 4015 4012 4010
f 4012 4022 4010
f 4010 4022 4009
f 4022 4021 4009
f 4009 4021 4018
f 4020 3974 4001
f 4001 3974 3996
f 4021 4020 4029
f 4029 4020 4001
f 4085 4156 4086
f 4086 4156 4155
f 4113 4777 4114
f 4114 4777 4776
f 4130 4129 4094
f 4094 4129 4091
f 4139 4773 4140
f 4140 4773 4772
f 4149 4178 4150
f 4150 4178 5225
f 4160 4159 4087
f 4087 4159 4088
f 4149 4148 4179
f 4179 4148 4141
f 4085 4084 4183
f 4183 4084 6315
f 4179 4141 4159
f 4159 4141 4088
f 4192 4130 4162
f 4162 4130 4094
f 4197 5288 4198
f 4198 5288 5287
f 4229 4766 4230
f 4230 4766 4771
f 4245 4246 4242
f 4242 4246 4249
f 4183 6315 4418
f 4418 6315 6314
f 4679 4178 4680
f 4680 4178 4177
f 4724 4798 4725
f 4725 4798 4271
f 4728 5275 4729
f 4729 5275 5274
f 4230 4771 4249
f 4249 4771 4242
f 4724 4723 4799
f 4799 4723 5355
f 4823 4824 4891
f 4891 4824 6327
f 4823 4192 4161
f 4161 4192 4162
f 4893 4767 4229
f 4229 4767 4766
f 4894 4895 4898
f 4898 4895 4899
f 4106 4150 4103
f 4103 4150 5225
f 4680 4894 4677
f 4677 4894 4898
f 6420 4977 5301
f 5301 4977 4976
f 4679 4678 5226
f 5226 4678 4427
f 5228 5008 4893
f 4893 5008 4767
f 5285 6354 5286
f 5286 6354 5343
f 5289 5352 5290
f 5290 5352 5349
f 5290 5349 5295
f 5295 5349 5348
f 5302 5299 4202
f 4202 5299 4976
f 4725 4271 5311
f 5311 4271 4270
f 5325 4723 5326
f 5326 4723 4722
f 5335 5355 5325
f 5325 5355 4723
f 5326 4722 5286
f 5286 4722 5283
f 4799 5357 4797
f 4797 5357 5361
f 5359 5356 5335
f 5335 5356 5355
f 4775 4774 5356
f 5356 4774 5357
f 5359 5358 4092
f 4092 5358 4093
f 6316 4740 6317
f 6317 4740 4739
f 6318 4827 6316
f 6316 4827 4740
f 6319 4828 6318
f 6318 4828 4827
f 6320 6480 6319
f 6319 6480 4828
f 6484 6322 6485
f 6485 6322 6321
f 6487 6324 6331
f 6331 6324 6323
f 6331 6323 6330
f 6330 6323 6325
f 6325 6326 6330
f 6330 6326 6329
f 6326 6328 6329
f 6329 6328 5231
f 4824 4685 5228
f 5228 4685 5008
f 5226 6343 5225
f 5225 6343 4103
f 4728 4727 6349
f 6349 4727 5284
f 6350 6351 5285
f 5285 6351 6354
f 4247 4246 6418
f 6418 4246 6365
f 6400 6402 6401
f 6401 6402 6459
f 4197 4196 6409
f 6409 4196 6426
f 6412 4897 6328
f 6328 4897 5231
f 6413 4133 6412
f 6412 4133 4897
f 6414 4134 6413
f 6413 4134 4133
f 6415 4225 6414
f 6414 4225 4134
f 6416 4252 6415
f 6415 4252 4225
f 6417 4253 6416
f 6416 4253 4252
f 4253 6417 6366
f 6366 6417 6419
f 6366 6419 4911
f 4911 6419 6421
f 6422 6423 4908
f 4908 6423 5298
f 5298 6423 6396
f 6396 6423 6424
f 6409 6426 6425
f 6425 6426 6397
f 5300 5299 6399
f 6399 5299 6400
f 6465 6408 6401
f 6401 6408 6398
f 6424 6399 6425
f 6425 6399 6398
f 6349 5284 5311
f 5311 5284 5283
f 6465 6464 5289
f 5289 6464 5352
f 6488 6483 6492
f 6492 6483 6482
f 6486 6491 6482
f 6482 6491 6492
f 6491 4895 6492
f 6492 4895 4157
f 6488 4160 6489
f 6489 4160 4087
f 6501 6502 4418
f 4418 6502 4417
f 6504 6500 6317
f 6317 6500 6314
f 3497 3496 6501
f 6501 3496 6502
f 3499 3498 6504
f 6504 3498 6500
f 4729 5274 4198
f 4198 5274 4195
f 6418 6365 6420
f 6420 6365 4977
f 5295 5348 6350
f 6350 5348 6351
f 5301 6422 6420
f 6420 6422 6421
f 4113 4112 4086
f 4086 4112 4083
f 6320 4112 6880
f 6880 4112 4111
f 4091 4772 4092
f 4092 4772 4775
f 4129 4140 4091
f 4091 4140 4772
f 4137 4140 4128
f 4128 4140 4129
f 4128 6324 4137
f 4137 6324 6321
f 6324 6487 6321
f 6321 6487 6485
f 6487 6486 6485
f 6485 6486 6482
f 4774 4773 4779
f 4779 4773 4776
f 4773 4139 4776
f 4776 4139 4114
f 4139 4138 4114
f 4114 4138 4111
f 4138 6322 4111
f 4111 6322 6880
f 6322 6484 6880
f 6880 6484 6481
f 6484 6483 6481
f 6481 6483 6478
f 6879 6343 6309
f 6309 6343 4428
f 4106 4105 4900
f 4900 4105 6307
f 3500 3167 6495
f 6495 3167 6496
f 3500 6495 3070
f 3070 6495 5368
f 3502 5235 3501
f 3501 5235 4813
f 3024 3503 6473
f 6473 3503 6474
f 3503 3023 6474
f 6474 3023 6374
f 3504 1770 4348
f 4348 1770 4345
f 3502 3505 5235
f 5235 3505 4810
f 3498 3497 6500
f 6500 3497 6501
f 3496 3075 6502
f 6502 3075 6275
f 6299 4254 3174
f 3174 4254 3017
f 1769 3501 4814
f 4814 3501 4813
f 3506 3018 6476
f 6476 3018 4257
f 3507 3499 6499
f 6499 3499 6504
f 3030 4216 3483
f 3483 4216 4215
f 3077 3507 6333
f 6333 3507 6499
f 1784 3160 5249
f 5249 3160 6523
f 3015 3506 4240
f 4240 3506 6476
f 3508 3504 6383
f 6383 3504 4348
f 3509 3016 6477
f 6477 3016 4239
f 3028 3509 6467
f 6467 3509 6477
f 3022 1785 5246
f 5246 1785 5247
f 3161 3508 6570
f 6570 3508 6383
f 3150 3149 4694
f 4694 3149 6566
f 1327 4807 3510
f 3510 4807 4811
f 3510 4811 3505
f 3505 4811 4810
f 3146 3511 4816
f 4816 3511 4350
f 3511 1808 4350
f 4350 1808 4351
f 3485 4327 3159
f 3159 4327 4330
f 1326 3512 4806
f 4806 3512 6310
f 3512 1331 6310
f 6310 1331 4688
