v 0.600423 -0.520135 5.492074
v 0.595890 -0.515288 5.508646
v 0.589961 -0.505746 5.499901
v 0.593617 -0.506365 5.484813
v 0.586684 -0.503009 5.511061
v 0.592293 -0.508798 5.519087
v 0.585960 -0.494012 5.494265
v 0.589619 -0.491679 5.481721
v 0.572882 -0.461151 5.505782
v 0.571969 -0.451577 5.501257
v 0.576551 -0.461283 5.495277
v 0.577160 -0.468215 5.501591
v 0.565372 -0.441581 5.519918
v 0.563969 -0.440536 5.533103
v 0.563429 -0.427023 5.532012
v 0.566470 -0.427104 5.519227
v 0.582895 -0.467165 5.555886
v 0.576688 -0.461535 5.555768
v 0.576273 -0.465760 5.549274
v 0.582819 -0.470620 5.549709
v 0.590846 -0.479101 5.558691
v 0.593258 -0.480461 5.552824
v 0.596260 -0.486931 5.556337
v 0.592627 -0.485904 5.562413
v 0.583891 -0.464317 5.562528
v 0.578177 -0.458068 5.562021
v 0.587377 -0.472963 5.556121
v 0.586726 -0.471309 5.561171
v 0.581654 -0.474935 5.572129
v 0.584575 -0.476436 5.568314
v 0.583907 -0.482440 5.572832
v 0.581602 -0.478755 5.576239
v 0.584225 -0.467521 5.565928
v 0.584331 -0.471177 5.565794
v 0.582591 -0.470889 5.569871
v 0.583976 -0.467316 5.570249
v 0.588677 -0.478067 5.563608
v 0.588895 -0.484471 5.567710
v 0.589929 -0.489505 5.572949
v 0.584411 -0.486522 5.578898
v 0.566911 -0.447136 5.554108
v 0.571030 -0.455075 5.554992
v 0.572498 -0.452367 5.561285
v 0.568529 -0.445922 5.560088
v 0.583937 -0.462118 5.569488
v 0.575606 -0.449102 5.575735
v 0.576887 -0.452865 5.573847
v 0.580168 -0.455949 5.578730
v 0.578589 -0.452742 5.580382
v 0.562645 -0.430959 5.554311
v 0.564516 -0.433016 5.560788
v 0.563738 -0.427038 5.563061
v 0.562049 -0.422788 5.557242
v 0.563669 -0.421840 5.567004
v 0.562314 -0.416100 5.560708
v 0.563994 -0.405191 5.574338
v 0.563000 -0.409660 5.567535
v 0.563616 -0.418207 5.572187
v 0.564329 -0.416694 5.579430
v 0.570333 -0.426108 5.587831
v 0.573147 -0.427105 5.593106
v 0.567983 -0.415552 5.595608
v 0.565547 -0.416043 5.588324
v 0.576311 -0.441135 5.574576
v 0.575001 -0.439345 5.571056
v 0.573966 -0.442607 5.572815
v 0.575514 -0.445679 5.576474
v 0.572804 -0.438692 5.569332
v 0.571165 -0.437918 5.568869
v 0.571758 -0.439207 5.568422
v 0.572908 -0.438716 5.569150
v 0.574272 -0.438766 5.569804
v 0.573339 -0.439593 5.572260
v 0.573528 -0.438772 5.569458
v 0.573873 -0.440854 5.576277
v 0.579143 -0.444499 5.589112
v 0.576926 -0.443818 5.585964
v 0.580553 -0.445032 5.583172
v 0.582295 -0.446042 5.585824
v 0.572324 -0.441843 5.569853
v 0.571417 -0.443150 5.567405
v 0.573934 -0.447954 5.570183
v 0.573486 -0.444918 5.571952
v 0.570279 -0.444594 5.564608
v 0.570267 -0.439942 5.566643
v 0.568497 -0.440191 5.563993
v 0.570685 -0.437026 5.570327
v 0.568828 -0.434761 5.569102
v 0.569708 -0.436570 5.567812
v 0.568964 -0.432944 5.572011
v 0.571003 -0.436652 5.572922
v 0.571905 -0.437097 5.577028
v 0.573307 -0.438110 5.582082
v 0.571505 -0.433063 5.581954
v 0.569983 -0.432545 5.576348
v 0.573757 -0.451176 5.566002
v 0.567019 -0.434877 5.565099
v 0.566219 -0.440146 5.559497
v 0.566352 -0.431239 5.566999
v 0.566285 -0.427917 5.570351
v 0.566921 -0.425974 5.575088
v 0.568453 -0.425935 5.581383
v 0.568588 -0.403665 5.592841
v 0.565477 -0.404302 5.584593
v 0.591751 -0.501934 5.522547
v 0.586479 -0.498425 5.517215
v 0.585752 -0.489521 5.518487
v 0.584562 -0.491021 5.516307
v 0.588090 -0.494520 5.520264
v 0.588008 -0.492415 5.521459
v 0.579153 -0.473539 5.506377
v 0.581224 -0.477727 5.510088
v 0.580070 -0.474600 5.511418
v 0.576404 -0.468400 5.508785
v 0.579418 -0.474673 5.524278
v 0.578396 -0.473316 5.519201
v 0.583007 -0.479479 5.518637
v 0.582731 -0.481107 5.522481
v 0.584908 -0.482278 5.526289
v 0.587660 -0.483740 5.529264
v 0.585796 -0.478673 5.531667
v 0.582241 -0.476505 5.528441
v 0.591959 -0.496112 5.523321
v 0.597174 -0.495819 5.527469
v 0.596246 -0.493559 5.528326
v 0.592102 -0.493710 5.524832
v 0.602970 -0.487664 5.536118
v 0.602794 -0.489239 5.534114
v 0.604959 -0.490788 5.536166
v 0.604431 -0.487274 5.538430
v 0.601841 -0.484866 5.538621
v 0.601166 -0.486220 5.535369
v 0.617582 -0.534118 5.482935
v 0.609307 -0.530668 5.501806
v 0.608170 -0.520822 5.472680
v 0.600594 -0.505128 5.468513
v 0.594305 -0.487924 5.468606
v 0.562352 -0.429360 5.544951
v 0.561712 -0.418135 5.545925
v 0.563958 -0.414323 5.531490
v 0.564895 -0.403614 5.535483
v 0.562341 -0.408581 5.551137
v 0.568668 -0.392736 5.565811
v 0.564641 -0.399117 5.557609
v 0.568695 -0.392369 5.540574
v 0.574132 -0.391224 5.522197
v 0.569816 -0.402170 5.520530
v 0.580786 -0.394524 5.505718
v 0.581839 -0.378945 5.522224
v 0.586635 -0.388749 5.502835
v 0.588914 -0.347505 5.540788
v 0.588108 -0.334179 5.540874
v 0.586442 -0.334305 5.526532
v 0.587132 -0.347032 5.526514
v 0.567842 -0.413361 5.518878
v 0.582865 -0.464130 5.484341
v 0.580584 -0.471561 5.492700
v 0.577879 -0.452338 5.488848
v 0.612530 -0.491490 5.437858
v 0.607319 -0.500833 5.452644
v 0.598966 -0.484795 5.455700
v 0.605128 -0.478881 5.441215
v 0.644436 -0.522931 5.436822
v 0.629916 -0.531436 5.459171
v 0.618510 -0.518200 5.453996
v 0.628348 -0.511025 5.435633
v 0.610192 -0.469965 5.431026
v 0.617891 -0.457104 5.420665
v 0.630046 -0.464117 5.410377
v 0.620886 -0.480422 5.422364
v 0.650040 -0.472698 5.400414
v 0.640072 -0.493837 5.414720
v 0.588594 -0.373594 5.505766
v 0.591977 -0.385511 5.493457
v 0.586742 -0.362075 5.526164
v 0.589052 -0.359858 5.511837
v 0.673854 -0.478594 5.396238
v 0.661249 -0.505509 5.414047
v 0.639154 -0.409221 5.416057
v 0.639144 -0.425978 5.408184
v 0.623315 -0.429023 5.419941
v 0.624168 -0.413644 5.425050
v 0.656611 -0.403987 5.409431
v 0.659111 -0.423058 5.399440
v 0.627765 -0.377212 5.455186
v 0.624427 -0.370026 5.470107
v 0.634921 -0.364077 5.467492
v 0.640552 -0.369984 5.451858
v 0.582808 -0.495324 5.505184
v 0.582964 -0.493779 5.512658
v 0.581549 -0.487613 5.508813
v 0.581241 -0.486620 5.501380
v 0.583234 -0.483065 5.492338
v 0.586615 -0.477982 5.481939
v 0.595045 -0.470563 5.459721
v 0.600980 -0.466343 5.445675
v 0.610901 -0.449595 5.429044
v 0.605307 -0.460098 5.436928
v 0.614614 -0.426212 5.430618
v 0.615382 -0.416365 5.433808
v 0.602308 -0.384087 5.479259
v 0.597495 -0.369248 5.492584
v 0.609228 -0.364638 5.485675
v 0.614156 -0.376217 5.473416
v 0.631835 -0.354179 5.478911
v 0.620664 -0.359574 5.482036
v 0.594299 -0.342243 5.503559
v 0.594557 -0.328628 5.503937
v 0.603767 -0.325678 5.495996
v 0.604217 -0.338010 5.496282
v 0.614002 -0.320906 5.490522
v 0.624600 -0.317158 5.487368
v 0.626867 -0.329335 5.487162
v 0.616342 -0.333422 5.490676
v 0.596422 -0.332584 5.562827
v 0.596546 -0.321500 5.563538
v 0.591222 -0.322596 5.553811
v 0.592265 -0.333633 5.553229
v 0.593007 -0.317392 5.503190
v 0.601085 -0.315489 5.493790
v 0.616488 -0.384632 5.459795
v 0.607920 -0.391299 5.463192
v 0.610220 -0.310304 5.488175
v 0.617735 -0.346589 5.489123
v 0.606837 -0.350345 5.493614
v 0.643068 -0.349431 5.477137
v 0.647894 -0.357028 5.466887
v 0.588665 -0.475167 5.550482
v 0.593906 -0.482465 5.536239
v 0.595489 -0.485230 5.533568
v 0.599234 -0.485514 5.534634
v 0.598021 -0.483636 5.537695
v 0.611793 -0.523599 5.528387
v 0.606980 -0.510514 5.539130
v 0.598796 -0.511828 5.528393
v 0.603167 -0.521537 5.518471
v 0.566535 -0.455594 5.533868
v 0.572039 -0.464628 5.539755
v 0.570316 -0.459235 5.548078
v 0.565810 -0.450677 5.545988
v 0.582944 -0.480671 5.513041
v 0.582523 -0.481922 5.511220
v 0.583720 -0.483411 5.514085
v 0.564615 -0.439503 5.553897
v 0.563636 -0.440295 5.545119
v 0.573819 -0.440540 5.496478
v 0.579937 -0.476825 5.499957
v 0.664040 -0.532244 5.445800
v 0.645336 -0.542600 5.470165
v 0.697167 -0.484375 5.399857
v 0.681565 -0.514357 5.420475
v 0.682227 -0.420500 5.395756
v 0.678078 -0.398863 5.407882
v 0.699012 -0.394678 5.407966
v 0.705187 -0.417378 5.392616
v 0.653628 -0.361758 5.452440
v 0.635606 -0.314434 5.487344
v 0.639097 -0.326559 5.485721
v 0.629059 -0.541884 5.492850
v 0.618752 -0.534553 5.513508
v 0.591105 -0.472949 5.470803
v 0.569188 -0.456403 5.512609
v 0.572988 -0.465077 5.513971
v 0.571361 -0.464631 5.520142
v 0.566780 -0.453958 5.520522
v 0.568079 -0.444778 5.510458
v 0.570508 -0.431604 5.507206
v 0.574278 -0.416192 5.502860
v 0.576510 -0.403169 5.505319
v 0.623340 -0.443342 5.416154
v 0.637328 -0.445123 5.405600
v 0.657176 -0.449054 5.394532
v 0.681077 -0.448533 5.390278
v 0.616196 -0.439372 5.424463
v 0.705478 -0.449694 5.391864
v 0.582281 -0.459335 5.576398
v 0.578946 -0.456103 5.569689
v 0.584981 -0.463414 5.575197
v 0.575370 -0.438970 5.587069
v 0.577887 -0.439629 5.590639
v 0.576671 -0.433771 5.591181
v 0.573751 -0.433266 5.586931
v 0.576381 -0.389336 5.585071
v 0.572480 -0.389892 5.576202
v 0.595069 -0.344883 5.563075
v 0.591819 -0.345676 5.553768
v 0.584485 -0.474280 5.572722
v 0.585083 -0.475960 5.573555
v 0.585232 -0.473407 5.571144
v 0.585386 -0.471447 5.570826
v 0.573332 -0.440680 5.570853
v 0.581366 -0.454768 5.584592
v 0.583264 -0.455371 5.587106
v 0.582800 -0.451195 5.587640
v 0.580638 -0.450660 5.585125
v 0.575954 -0.379831 5.548244
v 0.587411 -0.361009 5.541578
v 0.588571 -0.331205 5.515875
v 0.588471 -0.345107 5.514704
v 0.595682 -0.355506 5.500183
v 0.630264 -0.342804 5.484947
v 0.640817 -0.338633 5.483087
v 0.662331 -0.335275 5.493448
v 0.664306 -0.341829 5.491036
v 0.654167 -0.344414 5.482885
v 0.652645 -0.335789 5.486679
v 0.581069 -0.376357 5.564724
v 0.584730 -0.377117 5.574707
v 0.590627 -0.361494 5.567408
v 0.589994 -0.358178 5.554918
v 0.586970 -0.472801 5.578568
v 0.586952 -0.472540 5.581467
v 0.587664 -0.469106 5.580064
v 0.586829 -0.470823 5.577131
v 0.584446 -0.469237 5.572143
v 0.586038 -0.469312 5.572854
v 0.585844 -0.467057 5.574013
v 0.582920 -0.474037 5.573382
v 0.583741 -0.471021 5.571730
v 0.584528 -0.477509 5.578791
v 0.583098 -0.476736 5.576172
v 0.582615 -0.480232 5.582102
v 0.588235 -0.472596 5.575638
v 0.587391 -0.470914 5.574437
v 0.586270 -0.470142 5.571113
v 0.587492 -0.469903 5.571428
v 0.585175 -0.477521 5.576770
v 0.584485 -0.476233 5.574940
v 0.594719 -0.491734 5.566575
v 0.597513 -0.494760 5.570727
v 0.592781 -0.492310 5.577502
v 0.587838 -0.489369 5.584779
v 0.585963 -0.481546 5.587726
v 0.593318 -0.361753 5.575095
v 0.598756 -0.343876 5.569530
v 0.629691 -0.536029 5.524512
v 0.620910 -0.523387 5.536775
v 0.573601 -0.438651 5.569176
v 0.598084 -0.501938 5.528635
v 0.572589 -0.466986 5.527806
v 0.584329 -0.474046 5.543759
v 0.578307 -0.469888 5.542139
v 0.581966 -0.474091 5.536193
v 0.586994 -0.477205 5.538666
v 0.603550 -0.500242 5.536227
v 0.607151 -0.500933 5.546917
v 0.605674 -0.495655 5.541285
v 0.604587 -0.490458 5.544359
v 0.603678 -0.494505 5.552328
v 0.599526 -0.486683 5.549963
v 0.601507 -0.485185 5.543897
v 0.584348 -0.486696 5.516126
v 0.583168 -0.486680 5.513401
v 0.595391 -0.481123 5.547278
v 0.590346 -0.477172 5.545265
v 0.592269 -0.479412 5.540471
v 0.597274 -0.481505 5.542271
v 0.576754 -0.470696 5.532934
v 0.580864 -0.479792 5.506127
v 0.578869 -0.473174 5.514838
v 0.602083 -0.399343 5.463037
v 0.598508 -0.394772 5.475357
v 0.584082 -0.397859 5.487607
v 0.586028 -0.397329 5.495560
v 0.589224 -0.396013 5.492381
v 0.587286 -0.397089 5.486340
v 0.604560 -0.429567 5.444731
v 0.607113 -0.432326 5.438843
v 0.604161 -0.437930 5.442344
v 0.603316 -0.432425 5.445968
v 0.600802 -0.438836 5.448224
v 0.600199 -0.442619 5.448237
v 0.596385 -0.438930 5.454062
v 0.600191 -0.436605 5.449190
v 0.602187 -0.450785 5.442525
v 0.597645 -0.455005 5.452762
v 0.595933 -0.444386 5.456212
v 0.587307 -0.455852 5.474684
v 0.588168 -0.440049 5.472345
v 0.592485 -0.443874 5.464402
v 0.593395 -0.456474 5.463000
v 0.582922 -0.402471 5.494005
v 0.581354 -0.410491 5.491480
v 0.593244 -0.394688 5.485969
v 0.718699 -0.392465 5.417971
v 0.733129 -0.416147 5.397165
v 0.635858 -0.395458 5.427140
v 0.651853 -0.389034 5.422010
v 0.622686 -0.401431 5.434163
v 0.614156 -0.406479 5.441567
v 0.671068 -0.383026 5.419223
v 0.691597 -0.380455 5.423254
v 0.580743 -0.441735 5.482951
v 0.584369 -0.430674 5.479481
v 0.631301 -0.384315 5.440484
v 0.646799 -0.377697 5.436477
v 0.619295 -0.391788 5.446240
v 0.611000 -0.398616 5.450869
v 0.663474 -0.369967 5.434783
v 0.667605 -0.358050 5.459403
v 0.678519 -0.365650 5.439105
v 0.584301 -0.405964 5.481936
v 0.584834 -0.406512 5.486758
v 0.584238 -0.400576 5.488449
v 0.581734 -0.401609 5.485013
v 0.577659 -0.428800 5.491313
v 0.582419 -0.420174 5.485836
v 0.598592 -0.493504 5.560056
v 0.606701 -0.499197 5.557765
v 0.602097 -0.497189 5.564170
v 0.610628 -0.503870 5.551741
v 0.701956 -0.518755 5.433049
v 0.681501 -0.536985 5.458068
v 0.728091 -0.452390 5.401191
v 0.719200 -0.487691 5.411202
v 0.576055 -0.427746 5.596609
v 0.571481 -0.415767 5.601081
v 0.584874 -0.461480 5.580719
v 0.586530 -0.461494 5.583297
v 0.584950 -0.458052 5.585103
v 0.583139 -0.457850 5.582666
v 0.602669 -0.494237 5.532235
v 0.660773 -0.352703 5.472532
v 0.650080 -0.325461 5.489815
v 0.647297 -0.313575 5.491638
v 0.620799 -0.306283 5.485730
v 0.632724 -0.302515 5.486935
v 0.587451 -0.465326 5.581936
v 0.586157 -0.465103 5.579229
v 0.585695 -0.477672 5.575906
v 0.578065 -0.448837 5.581164
v 0.586555 -0.467680 5.577683
v 0.586256 -0.469898 5.575474
v 0.588854 -0.468854 5.582306
v 0.588618 -0.464984 5.583164
v 0.589749 -0.480964 5.534161
v 0.591531 -0.484810 5.531499
v 0.585074 -0.475813 5.582653
v 0.586498 -0.475787 5.579739
v 0.587196 -0.475106 5.586026
v 0.586912 -0.322982 5.541714
v 0.585527 -0.321867 5.527596
v 0.584770 -0.455512 5.588569
v 0.584449 -0.451181 5.589246
v 0.661984 -0.547227 5.482918
v 0.682091 -0.357293 5.470737
v 0.693874 -0.366143 5.452328
v 0.589334 -0.430072 5.471056
v 0.589180 -0.423061 5.469097
v 0.590873 -0.427648 5.463661
v 0.591939 -0.435458 5.464907
v 0.600453 -0.331745 5.569288
v 0.588038 -0.319585 5.514835
v 0.645263 -0.301044 5.491193
v 0.582689 -0.479255 5.513652
v 0.583037 -0.478847 5.515643
v 0.600491 -0.491677 5.531503
v 0.706406 -0.380284 5.433408
v 0.574930 -0.442271 5.581272
v 0.578446 -0.443292 5.579034
v 0.659950 -0.325709 5.495865
v 0.588299 -0.377651 5.581154
v 0.587701 -0.472328 5.583534
v 0.672963 -0.352739 5.480526
v 0.596886 -0.429948 5.455351
v 0.592911 -0.431156 5.456707
v 0.595734 -0.426535 5.459410
v 0.595792 -0.426772 5.459066
v 0.591795 -0.435085 5.456889
v 0.591789 -0.431027 5.456685
v 0.591703 -0.433790 5.453785
v 0.593099 -0.437366 5.452957
v 0.594036 -0.437593 5.459159
v 0.591469 -0.431468 5.460147
v 0.592537 -0.433813 5.450084
v 0.593252 -0.436490 5.449345
v 0.599056 -0.437727 5.449354
v 0.601458 -0.434478 5.448246
v 0.593214 -0.434114 5.444573
v 0.599848 -0.435693 5.444824
v 0.593493 -0.429697 5.440021
v 0.600015 -0.430626 5.440070
v 0.594003 -0.423638 5.436687
v 0.600119 -0.423834 5.438145
v 0.585436 -0.413649 5.482918
v 0.586862 -0.411274 5.478429
v 0.593040 -0.417297 5.437830
v 0.599329 -0.416460 5.440443
v 0.591179 -0.410211 5.440845
v 0.597281 -0.409439 5.443877
v 0.588806 -0.404627 5.446240
v 0.594183 -0.403754 5.448975
v 0.587065 -0.399908 5.452626
v 0.591350 -0.398823 5.455709
v 0.585070 -0.397239 5.460118
v 0.588100 -0.394882 5.464434
v 0.594546 -0.428702 5.442286
v 0.597485 -0.422256 5.441030
v 0.604885 -0.424673 5.446411
v 0.593982 -0.432127 5.446034
v 0.595705 -0.417698 5.457420
v 0.597113 -0.419588 5.459031
v 0.596255 -0.418833 5.458167
v 0.596940 -0.416107 5.457894
v 0.586387 -0.417475 5.473948
v 0.588538 -0.416167 5.473162
v 0.589806 -0.419194 5.469337
v 0.588765 -0.413756 5.476052
v 0.589833 -0.414246 5.475779
v 0.591615 -0.415646 5.473994
v 0.594151 -0.419233 5.470649
v 0.591746 -0.410051 5.475316
v 0.587830 -0.410524 5.474295
v 0.593836 -0.411764 5.475243
v 0.594360 -0.412217 5.475821
v 0.596941 -0.414281 5.473750
v 0.595683 -0.416809 5.471929
v 0.586783 -0.422234 5.477350
v 0.598150 -0.404346 5.462477
v 0.594665 -0.399664 5.471901
v 0.583220 -0.396505 5.467943
v 0.584434 -0.392438 5.472953
v 0.581286 -0.397405 5.483173
v 0.582297 -0.393756 5.479583
v 0.603351 -0.420342 5.448887
v 0.601678 -0.414797 5.452125
v 0.590910 -0.397195 5.480274
v 0.600168 -0.409548 5.456311
v 0.586901 -0.400944 5.459630
v 0.585556 -0.401253 5.465162
v 0.588689 -0.402803 5.453866
v 0.585284 -0.407414 5.474854
v 0.583462 -0.401785 5.478423
v 0.582718 -0.397938 5.474098
v 0.584795 -0.403647 5.470378
v 0.586494 -0.405656 5.459663
v 0.586653 -0.405536 5.464538
v 0.591116 -0.407062 5.459146
v 0.593518 -0.409001 5.466644
v 0.592600 -0.409835 5.471524
v 0.587351 -0.407381 5.469811
v 0.593900 -0.411536 5.466575
v 0.595797 -0.412628 5.462136
v 0.594041 -0.412148 5.472865
v 0.590081 -0.409215 5.456198
v 0.589779 -0.412388 5.453520
v 0.591807 -0.415589 5.454472
v 0.594069 -0.412559 5.456897
v 0.591262 -0.406280 5.449140
v 0.590145 -0.408898 5.451501
v 0.587653 -0.406498 5.455041
v 0.593050 -0.412584 5.448273
v 0.594267 -0.410861 5.444952
v 0.591954 -0.414689 5.450102
v 0.591653 -0.417602 5.452185
v 0.596005 -0.421859 5.444692
v 0.595206 -0.417157 5.446174
v 0.596451 -0.416596 5.441788
v 0.593719 -0.418083 5.448830
v 0.594596 -0.421655 5.447770
v 0.593505 -0.421539 5.450739
v 0.593099 -0.419064 5.450073
v 0.593926 -0.432753 5.451317
v 0.593602 -0.432571 5.454063
v 0.595984 -0.430355 5.447803
v 0.596357 -0.431800 5.449404
v 0.595382 -0.428763 5.450191
v 0.596443 -0.431554 5.451122
v 0.595474 -0.427525 5.453030
v 0.595133 -0.425935 5.456683
v 0.594624 -0.302450 5.567522
v 0.596036 -0.310905 5.564606
v 0.603478 -0.308742 5.571384
v 0.603076 -0.299842 5.573503
v 0.594257 -0.424378 5.452162
v 0.594868 -0.425452 5.448632
v 0.596243 -0.426501 5.445299
v 0.593519 -0.420454 5.455660
v 0.592940 -0.418972 5.454743
v 0.593071 -0.420283 5.453310
v 0.593974 -0.422562 5.454726
v 0.591076 -0.422313 5.465102
v 0.595112 -0.419324 5.463695
v 0.595121 -0.416202 5.463506
v 0.572286 -0.291693 5.552758
v 0.565571 -0.293696 5.534836
v 0.572302 -0.296249 5.531224
v 0.577870 -0.296277 5.546896
v 0.559656 -0.288905 5.574285
v 0.549364 -0.279191 5.589077
v 0.542698 -0.286842 5.578384
v 0.551185 -0.294496 5.553054
v 0.532131 -0.278607 5.597722
v 0.538550 -0.270433 5.605416
v 0.505634 -0.250206 5.643276
v 0.513447 -0.259857 5.629375
v 0.523403 -0.255858 5.636467
v 0.516736 -0.246949 5.650422
v 0.460078 -0.190074 5.683698
v 0.467263 -0.192274 5.690733
v 0.469343 -0.174328 5.695550
v 0.460631 -0.169479 5.687356
v 0.495475 -0.283315 5.596604
v 0.487298 -0.276611 5.595385
v 0.498871 -0.296990 5.588085
v 0.507843 -0.300622 5.586612
v 0.551466 -0.301652 5.499752
v 0.558374 -0.299745 5.499098
v 0.556851 -0.296556 5.520588
v 0.551523 -0.300247 5.524282
v 0.445865 -0.196107 5.631943
v 0.451563 -0.208034 5.638308
v 0.448109 -0.197134 5.648195
v 0.443350 -0.184613 5.643204
v 0.448418 -0.100807 5.661063
v 0.455932 -0.104336 5.675532
v 0.450345 -0.087231 5.682496
v 0.443689 -0.081626 5.667084
v 0.436896 -0.104007 5.600503
v 0.437897 -0.082494 5.605841
v 0.441802 -0.073580 5.587360
v 0.439277 -0.096524 5.582025
v 0.489652 -0.253354 5.629863
v 0.499309 -0.265544 5.616804
v 0.505066 -0.262813 5.622683
v 0.496570 -0.252208 5.636403
v 0.467702 -0.447325 5.618475
v 0.473518 -0.426023 5.606402
v 0.470382 -0.420946 5.619716
v 0.464822 -0.441874 5.631933
v 0.432213 0.007771 5.658122
v 0.429701 0.018561 5.668324
v 0.437489 0.031358 5.656000
v 0.440271 0.019077 5.644823
v 0.516770 -0.358640 5.542082
v 0.512122 -0.362735 5.519001
v 0.516773 -0.356734 5.514700
v 0.521636 -0.353462 5.538606
v 0.471380 -0.244828 5.608190
v 0.477840 -0.259344 5.601131
v 0.486232 -0.267413 5.604982
v 0.478017 -0.251980 5.614058
v 0.435427 -0.134150 5.568467
v 0.437019 -0.153010 5.560413
v 0.434650 -0.158932 5.575425
v 0.432774 -0.140867 5.585104
v 0.433587 -0.122372 5.593668
v 0.436406 -0.114724 5.575897
v 0.481551 -0.253803 5.618825
v 0.492085 -0.270269 5.608639
v 0.495671 -0.268385 5.612174
v 0.484880 -0.253895 5.623962
v 0.475749 -0.157319 5.697020
v 0.465100 -0.150840 5.687295
v 0.425265 0.005567 5.683258
v 0.427765 -0.003925 5.673858
v 0.427574 -0.014994 5.690256
v 0.424927 -0.006593 5.699074
v 0.472452 -0.122518 5.683233
v 0.463356 -0.119717 5.671916
v 0.461451 -0.133164 5.673712
v 0.471000 -0.135279 5.683434
v 0.429127 -0.018459 5.714704
v 0.431843 -0.025099 5.706212
v 0.439216 -0.033941 5.721116
v 0.436279 -0.028224 5.729670
v 0.522086 -0.269374 5.614309
v 0.530277 -0.263437 5.621381
v 0.450299 -0.187900 5.668004
v 0.454140 -0.188591 5.675775
v 0.453702 -0.167502 5.678307
v 0.448757 -0.167481 5.669675
v 0.465892 -0.244045 5.583364
v 0.470004 -0.262680 5.580656
v 0.486480 -0.288583 5.587078
v 0.476421 -0.263519 5.591554
v 0.431112 0.040739 5.664777
v 0.422815 0.026791 5.676732
v 0.424860 -0.013873 5.721880
v 0.432126 -0.025107 5.736872
v 0.446917 -0.274480 5.561515
v 0.451721 -0.275715 5.566538
v 0.449133 -0.254003 5.559101
v 0.445784 -0.251830 5.551692
v 0.498523 -0.190757 5.704291
v 0.488239 -0.170598 5.704075
v 0.479959 -0.185823 5.700300
v 0.488826 -0.202079 5.697717
v 0.451246 -0.149207 5.668797
v 0.457527 -0.149091 5.678242
v 0.453352 -0.133651 5.663805
v 0.508951 -0.177440 5.707379
v 0.499162 -0.151789 5.704057
v 0.541191 -0.256726 5.628799
v 0.535118 -0.250260 5.643208
v 0.548988 -0.264546 5.614309
v 0.557849 -0.272891 5.601003
v 0.568560 -0.267260 5.610641
v 0.559932 -0.258573 5.623657
v 0.567219 -0.282524 5.589248
v 0.576758 -0.277144 5.600008
v 0.581009 -0.290548 5.568163
v 0.585473 -0.295653 5.561622
v 0.469814 -0.246619 5.595816
v 0.464062 -0.232872 5.601500
v 0.419524 -0.001466 5.706332
v 0.508847 -0.231327 5.462495
v 0.499419 -0.247190 5.468246
v 0.492673 -0.233931 5.471777
v 0.506678 -0.216732 5.465117
v 0.548715 -0.306043 5.525057
v 0.548386 -0.306049 5.499689
v 0.445447 -0.252709 5.530699
v 0.446331 -0.245242 5.532744
v 0.454585 -0.223959 5.519444
v 0.453585 -0.233540 5.518296
v 0.441615 -0.279325 5.557135
v 0.439471 -0.285942 5.556825
v 0.431175 -0.311794 5.569693
v 0.433501 -0.307123 5.571304
v 0.450214 0.042923 5.646088
v 0.453256 0.029773 5.634483
v 0.473833 -0.086868 5.536483
v 0.468326 -0.109517 5.529809
v 0.455024 -0.108767 5.543703
v 0.459318 -0.087281 5.550831
v 0.607959 -0.176908 5.495074
v 0.587725 -0.182498 5.484616
v 0.586085 -0.169256 5.487512
v 0.605497 -0.163425 5.497676
v 0.547432 -0.213543 5.460540
v 0.568266 -0.201858 5.470201
v 0.570164 -0.212356 5.468776
v 0.551228 -0.225085 5.458835
v 0.525603 -0.214850 5.460510
v 0.525134 -0.201046 5.464338
v 0.443071 -0.129870 5.552547
v 0.443223 -0.149977 5.546935
v 0.444009 -0.178946 5.535760
v 0.444360 -0.191671 5.534149
v 0.440440 -0.194971 5.544542
v 0.439727 -0.183290 5.547332
v 0.566019 -0.299623 5.498426
v 0.562033 -0.294001 5.481146
v 0.571909 -0.293979 5.481777
v 0.598329 -0.254273 5.474331
v 0.590314 -0.261394 5.472443
v 0.583705 -0.255013 5.470490
v 0.595721 -0.247144 5.474189
v 0.573524 -0.108666 5.501086
v 0.567120 -0.089517 5.511080
v 0.588469 -0.085068 5.518612
v 0.595516 -0.101709 5.509068
v 0.448440 -0.206017 5.528009
v 0.451955 -0.209562 5.523640
v 0.447471 -0.231433 5.532968
v 0.445866 -0.227011 5.535628
v 0.455720 -0.192925 5.518911
v 0.449991 -0.190585 5.525444
v 0.449917 -0.177774 5.525996
v 0.457215 -0.178650 5.517633
v 0.463803 -0.131170 5.525733
v 0.459714 -0.149937 5.522318
v 0.450333 -0.149943 5.534385
v 0.452396 -0.129975 5.538367
v 0.578669 -0.022079 5.565160
v 0.582110 -0.039850 5.547596
v 0.564039 -0.040497 5.542224
v 0.562944 -0.018693 5.559674
v 0.462262 -0.307915 5.581484
v 0.459132 -0.327794 5.592479
v 0.469948 -0.331777 5.592130
v 0.470951 -0.315957 5.584092
v 0.424448 -0.327965 5.559719
v 0.425675 -0.329741 5.554489
v 0.422575 -0.343631 5.557729
v 0.420749 -0.341595 5.562192
v 0.444753 -0.346154 5.607050
v 0.439147 -0.366797 5.620360
v 0.450845 -0.367410 5.617432
v 0.455829 -0.346821 5.604572
v 0.538047 -0.302417 5.476344
v 0.545031 -0.300163 5.476554
v 0.542895 -0.310482 5.499510
v 0.434642 -0.323783 5.591540
v 0.429776 -0.324478 5.588470
v 0.423008 -0.343871 5.600915
v 0.428668 -0.343572 5.605554
v 0.463680 -0.451722 5.603752
v 0.470326 -0.430913 5.591760
v 0.423780 -0.386217 5.632362
v 0.429587 -0.366042 5.621415
v 0.421614 -0.365492 5.618181
v 0.414447 -0.386156 5.629256
v 0.464952 -0.066478 5.558366
v 0.480349 -0.065578 5.545611
v 0.481988 0.063715 5.636463
v 0.488982 0.045971 5.622200
v 0.471702 0.039525 5.626723
v 0.465564 0.055174 5.640102
v 0.445067 0.056387 5.657287
v 0.475352 0.077423 5.650961
v 0.459528 0.067972 5.652634
v 0.590115 -0.299576 5.487187
v 0.580355 -0.295828 5.483479
v 0.591499 -0.286515 5.477452
v 0.602078 -0.292706 5.481130
v 0.375145 0.117934 5.726893
v 0.364987 0.093834 5.729676
v 0.354387 0.103325 5.747338
v 0.366188 0.128178 5.748939
v 0.617564 -0.267772 5.479557
v 0.625158 -0.277649 5.482126
v 0.613508 -0.284761 5.480585
v 0.604047 -0.276674 5.476797
v 0.386555 0.103890 5.708419
v 0.376195 0.082200 5.714219
v 0.581115 -0.302950 5.500040
v 0.572914 -0.300344 5.498144
v 0.579171 -0.302577 5.514951
v 0.570767 -0.298686 5.514587
v 0.579154 -0.303254 5.529667
v 0.359460 0.070771 5.737332
v 0.346895 0.075617 5.749988
v 0.605918 -0.301963 5.485366
v 0.617560 -0.296284 5.483379
v 0.630655 -0.290514 5.485308
v 0.644370 -0.288526 5.489365
v 0.657016 -0.288884 5.495901
v 0.657441 -0.298600 5.497690
v 0.422637 0.049038 5.674353
v 0.434710 0.065299 5.666625
v 0.371684 0.178480 5.865103
v 0.355549 0.163454 5.876994
v 0.380819 0.167333 5.898450
v 0.395086 0.183663 5.882803
v 0.458410 0.174894 5.911764
v 0.423886 0.180748 5.899985
v 0.410917 0.162767 5.915249
v 0.444443 0.150951 5.927531
v 0.513597 0.178430 5.778725
v 0.520556 0.165296 5.758245
v 0.494873 0.169580 5.747677
v 0.487340 0.183513 5.766407
v 0.450278 0.080560 5.663610
v 0.466275 0.091639 5.663113
v 0.416350 0.033449 5.685249
v 0.275550 0.051153 5.819679
v 0.253899 0.041449 5.841564
v 0.258758 0.075888 5.850177
v 0.279097 0.085294 5.828816
v 0.295914 0.127882 5.885672
v 0.318788 0.137581 5.907034
v 0.333504 0.145646 5.890878
v 0.308844 0.134065 5.866239
v 0.440650 -0.035220 5.751362
v 0.435893 -0.034263 5.759696
v 0.427900 -0.022748 5.744622
v 0.474948 -0.058296 5.786451
v 0.471884 -0.059490 5.795196
v 0.457643 -0.052495 5.785140
v 0.460661 -0.051559 5.775801
v 0.445378 -0.021087 5.853882
v 0.451263 -0.024074 5.836560
v 0.462088 -0.030370 5.846139
v 0.458086 -0.022409 5.861136
v 0.360483 0.044985 5.746312
v 0.372209 0.040697 5.738162
v 0.379999 0.022168 5.751922
v 0.369182 0.024319 5.758138
v 0.398391 0.141351 5.927838
v 0.431133 0.126189 5.935946
v 0.283527 0.016753 5.818853
v 0.260942 0.008391 5.839597
v 0.276602 -0.018082 5.846989
v 0.300081 -0.009234 5.827393
v 0.321586 -0.022894 5.844092
v 0.298603 -0.032493 5.863771
v 0.434466 0.020770 5.907473
v 0.426174 0.024745 5.908847
v 0.422841 0.010858 5.885808
v 0.434478 0.005930 5.886758
v 0.480924 0.198253 5.869420
v 0.451693 0.204607 5.858352
v 0.438151 0.195759 5.881073
v 0.470685 0.190606 5.891066
v 0.482773 0.099142 5.665362
v 0.491499 0.083069 5.651305
v 0.506579 0.086748 5.655779
v 0.514143 0.070101 5.637087
v 0.497173 0.067775 5.635515
v 0.518136 -0.066649 5.527245
v 0.511256 -0.088865 5.515736
v 0.491330 -0.086040 5.525043
v 0.497962 -0.065046 5.534922
v 0.567697 -0.189499 5.473041
v 0.566712 -0.176594 5.476477
v 0.349712 0.135439 5.928876
v 0.323513 0.125180 5.941270
v 0.351574 0.113868 5.955030
v 0.388334 0.121651 5.940701
v 0.274921 0.114781 5.904381
v 0.272286 0.104025 5.865457
v 0.254460 0.095326 5.885948
v 0.232793 0.030419 5.861428
v 0.238387 0.064448 5.871363
v 0.253732 -0.026843 5.868306
v 0.275884 -0.040059 5.884396
v 0.363056 -0.001578 5.927382
v 0.342507 -0.004280 5.942815
v 0.324420 -0.023023 5.925107
v 0.344838 -0.019450 5.908338
v 0.417069 -0.009800 5.829754
v 0.403501 -0.003229 5.831861
v 0.389661 0.002704 5.804437
v 0.399565 0.000704 5.797745
v 0.463675 -0.052592 5.768036
v 0.474624 -0.056769 5.777387
v 0.444703 -0.037586 5.744317
v 0.454074 -0.046322 5.757383
v 0.450467 -0.044635 5.764579
v 0.477709 -0.090973 5.732626
v 0.474435 -0.079431 5.743020
v 0.461892 -0.072825 5.731088
v 0.464789 -0.085143 5.720554
v 0.468532 -0.099571 5.710191
v 0.481994 -0.104378 5.721847
v 0.498158 -0.131666 5.701181
v 0.484200 -0.127045 5.692990
v 0.483161 -0.140889 5.693664
v 0.552660 -0.249897 5.636841
v 0.546559 -0.243102 5.650184
v 0.344112 0.046839 5.756493
v 0.401002 0.092211 5.949092
v 0.370374 0.090886 5.964920
v 0.374196 0.064437 5.967274
v 0.398177 0.065597 5.953191
v 0.371208 0.061944 5.725813
v 0.418438 0.011502 5.691271
v 0.413146 0.017543 5.698944
v 0.439109 -0.118256 5.624324
v 0.438186 -0.093382 5.626022
v 0.475183 -0.196083 5.694554
v 0.479582 -0.207841 5.689973
v 0.291659 0.114504 5.843503
v 0.232744 -0.034855 5.890113
v 0.254904 -0.047143 5.905915
v 0.234945 -0.055163 5.928926
v 0.212641 -0.043144 5.912217
v 0.331003 0.011845 5.971491
v 0.303945 0.007395 5.988101
v 0.294959 -0.013398 5.978517
v 0.319757 -0.007676 5.960225
v 0.276972 -0.000741 6.005642
v 0.252496 -0.008355 6.023841
v 0.246050 -0.029144 6.018622
v 0.269524 -0.021687 5.997749
v 0.238804 -0.000026 5.860310
v 0.194442 0.012310 5.904960
v 0.214190 0.022170 5.883287
v 0.218502 -0.008527 5.882358
v 0.198232 -0.017392 5.903844
v 0.294582 0.123037 5.923506
v 0.376094 0.016694 5.942302
v 0.356064 0.015528 5.955913
v 0.307508 0.047828 5.997252
v 0.339905 0.054774 5.983016
v 0.333570 0.080234 5.981785
v 0.300839 0.070826 5.995740
v 0.230026 0.085491 5.939315
v 0.249900 0.098136 5.922252
v 0.232261 0.079946 5.905238
v 0.212181 0.066950 5.923934
v 0.218962 0.052358 5.892019
v 0.199725 0.041530 5.912744
v 0.155104 -0.009776 5.948298
v 0.174555 0.001928 5.926310
v 0.178958 -0.027685 5.926455
v 0.160291 -0.038342 5.950723
v 0.160084 0.019586 5.952909
v 0.179797 0.031241 5.932610
v 0.172114 0.041373 5.961881
v 0.192063 0.054605 5.942988
v 0.188646 0.056348 5.973394
v 0.208985 0.070241 5.956507
v 0.204697 0.066164 5.986765
v 0.225704 0.080605 5.972159
v 0.243309 0.082431 5.987223
v 0.220662 0.068155 5.999920
v 0.235482 0.062194 6.012325
v 0.260320 0.076011 5.999470
v 0.253783 0.032364 6.026746
v 0.278608 0.039726 6.011550
v 0.272630 0.061179 6.008125
v 0.247139 0.050448 6.021594
v 0.186399 0.016821 6.068813
v 0.196885 0.016947 6.063725
v 0.187861 0.025265 6.051148
v 0.177915 0.023818 6.055978
v 0.168342 0.029447 6.044764
v 0.177045 0.030092 6.039534
v 0.165019 0.034806 6.028371
v 0.156272 0.033709 6.034414
v 0.136116 0.025495 6.013081
v 0.126916 0.025979 6.023295
v 0.141933 0.032774 6.026821
v 0.150874 0.034237 6.019117
v 0.121017 0.013046 6.008029
v 0.111172 0.014639 6.021781
v 0.109013 -0.005019 6.008793
v 0.100006 -0.001161 6.026626
v 0.104946 -0.029679 6.015690
v 0.096662 -0.023023 6.038271
v 0.188712 -0.029164 6.072623
v 0.198553 -0.013948 6.073962
v 0.189729 -0.008316 6.086153
v 0.180382 -0.023140 6.088034
v 0.160730 -0.062603 6.066504
v 0.150280 -0.046057 6.085865
v 0.131437 -0.060547 6.079171
v 0.141014 -0.077282 6.055600
v 0.136023 -0.021264 5.970762
v 0.141284 0.007553 5.973033
v 0.153118 0.028850 5.979121
v 0.168538 0.043830 5.988951
v 0.232160 0.026585 6.041810
v 0.224407 0.041707 6.034264
v 0.223818 -0.033409 6.038884
v 0.231684 -0.012543 6.042607
v 0.136453 -0.075214 6.013241
v 0.122938 -0.055539 6.000237
v 0.142450 -0.047878 5.974911
v 0.157383 -0.067850 5.987493
v 0.124381 -0.001538 5.991441
v 0.135820 0.018873 5.994534
v 0.150493 0.033475 6.001644
v 0.179629 0.043072 6.020713
v 0.164923 0.042339 6.010661
v 0.192610 0.038899 6.031926
v 0.213078 0.021694 6.054523
v 0.204388 0.033300 6.043463
v 0.203426 -0.033163 6.056676
v 0.213055 -0.013998 6.059203
v 0.108659 -0.059937 6.064144
v 0.093863 -0.043680 6.047662
v 0.105443 -0.055862 6.024450
v 0.118184 -0.075127 6.039223
v 0.104588 -0.037728 6.086432
v 0.125416 -0.040129 6.097796
v 0.151826 0.041176 6.043109
v 0.163339 0.037535 6.051669
v 0.137667 0.040966 6.036739
v 0.093978 0.009519 6.047900
v 0.105303 0.026614 6.036163
v 0.089182 -0.008501 6.062226
v 0.090558 -0.027920 6.070151
v 0.179053 0.020660 6.104787
v 0.169497 0.009510 6.112420
v 0.175442 -0.010235 6.098920
v 0.183431 0.002835 6.093931
v 0.179679 0.041202 6.084801
v 0.178374 0.023351 6.074939
v 0.171564 0.030237 6.062953
v 0.175330 0.050633 6.072565
v 0.150666 0.060186 6.052710
v 0.165085 0.057255 6.061526
v 0.134831 0.060160 6.046245
v 0.100849 0.044711 6.053518
v 0.117272 0.055771 6.045618
v 0.121199 0.036100 6.033454
v 0.088533 0.026502 6.071095
v 0.085098 0.032976 6.113739
v 0.082646 0.049691 6.092225
v 0.089228 0.007995 6.092540
v 0.101956 0.097286 6.191277
v 0.102895 0.123502 6.213699
v 0.086752 0.129319 6.201616
v 0.083606 0.104335 6.178804
v 0.178940 0.043240 6.121558
v 0.167310 0.032034 6.128977
v 0.179516 0.074322 6.086241
v 0.184943 0.064535 6.099674
v 0.091918 0.092518 6.090545
v 0.110956 0.105247 6.077956
v 0.113818 0.079498 6.060316
v 0.095755 0.067177 6.072006
v 0.168345 0.100457 6.196141
v 0.170049 0.076430 6.174050
v 0.183520 0.088587 6.164631
v 0.181768 0.112191 6.187131
v 0.182182 0.100055 6.103989
v 0.182072 0.124608 6.124551
v 0.188309 0.112787 6.139968
v 0.187976 0.089190 6.118742
v 0.090949 0.139490 6.138289
v 0.107263 0.153025 6.126469
v 0.108790 0.130326 6.099867
v 0.090754 0.117010 6.112503
v 0.082999 0.056584 6.134993
v 0.082240 0.080715 6.156258
v 0.079418 0.097808 6.133154
v 0.079577 0.074320 6.111419
v 0.102926 0.048491 6.150048
v 0.101701 0.072426 6.170203
v 0.163877 0.163062 6.231045
v 0.154413 0.155184 6.239105
v 0.161452 0.127447 6.217674
v 0.173469 0.137431 6.209160
v 0.178340 0.147788 6.148243
v 0.169992 0.169166 6.174321
v 0.176949 0.159110 6.186625
v 0.186044 0.136571 6.162349
v 0.092946 0.184908 6.196552
v 0.107736 0.196392 6.187305
v 0.106812 0.175006 6.156297
v 0.092057 0.162370 6.166500
v 0.089698 0.156700 6.226565
v 0.084854 0.170138 6.210924
v 0.081926 0.144831 6.183161
v 0.104037 0.151063 6.237063
v 0.103572 0.175655 6.260597
v 0.091432 0.181097 6.252045
v 0.157461 0.187380 6.253838
v 0.147222 0.180641 6.259776
v 0.161929 0.201716 6.238458
v 0.167839 0.180400 6.212571
v 0.162290 0.189183 6.201618
v 0.157889 0.210031 6.228351
v 0.137107 0.202708 6.186243
v 0.134661 0.222557 6.214802
v 0.148787 0.218650 6.219915
v 0.152540 0.198966 6.192640
v 0.111147 0.217430 6.216711
v 0.123918 0.222546 6.214107
v 0.124727 0.204291 6.184421
v 0.095338 0.207143 6.224649
v 0.087495 0.194422 6.238046
v 0.427165 0.079124 5.940414
v 0.416804 0.084245 5.939271
v 0.410592 0.060432 5.943407
v 0.418399 0.054082 5.938320
v 0.278315 -0.035785 5.964639
v 0.301716 -0.028616 5.944240
v 0.234729 -0.049587 6.009080
v 0.255916 -0.043539 5.986897
v 0.212220 -0.053151 6.031457
v 0.175184 -0.045174 6.071222
v 0.190616 -0.052489 6.052612
v 0.167585 -0.033768 6.087744
v 0.161088 -0.019138 6.102417
v 0.153993 0.001008 6.118174
v 0.149559 0.046023 6.155431
v 0.150820 0.024195 6.135106
v 0.168815 0.054085 6.151216
v 0.147682 0.093321 6.200574
v 0.149586 0.068681 6.178486
v 0.139798 0.150907 6.244144
v 0.143989 0.121641 6.222220
v 0.133447 0.177394 6.263520
v 0.363044 -0.014826 5.853402
v 0.381028 -0.006524 5.841702
v 0.391029 -0.004838 5.868605
v 0.377365 -0.009301 5.878958
v 0.437272 0.039727 5.925879
v 0.431761 0.042735 5.927363
v 0.428594 0.034062 5.920078
v 0.435222 0.031746 5.918757
v 0.119131 -0.028934 5.993680
v 0.183391 0.052525 5.999885
v 0.212373 0.049609 6.023664
v 0.199354 0.055101 6.011282
v 0.176606 -0.071620 6.044584
v 0.156778 -0.081506 6.029123
v 0.177104 -0.076622 6.003494
v 0.196380 -0.070225 6.019704
v 0.105487 0.027274 6.132836
v 0.128246 0.022308 6.137426
v 0.126962 0.045864 6.155371
v 0.105250 0.004475 6.116636
v 0.133112 0.084971 6.058699
v 0.150939 0.084767 6.064270
v 0.168710 0.107284 6.090244
v 0.166946 0.080748 6.073578
v 0.151104 0.111707 6.079454
v 0.236487 -0.059928 5.972295
v 0.217259 -0.065981 5.995703
v 0.197051 -0.070325 5.978711
v 0.215993 -0.063021 5.953660
v 0.492051 0.024996 5.606689
v 0.475076 0.021091 5.612890
v 0.441459 -0.158072 5.647048
v 0.445481 -0.151190 5.658099
v 0.447786 -0.135199 5.652092
v 0.441078 -0.140783 5.637826
v 0.437816 -0.151337 5.627326
v 0.439465 -0.167932 5.636585
v 0.436951 -0.164354 5.616612
v 0.440267 -0.179949 5.625372
v 0.456733 -0.234054 5.575592
v 0.458508 -0.249345 5.573942
v 0.512435 -0.130552 5.710375
v 0.504544 -0.119271 5.720188
v 0.488937 -0.118065 5.711475
v 0.446186 -0.044385 5.773695
v 0.426927 -0.009517 5.808565
v 0.440470 -0.017570 5.823843
v 0.436123 -0.014053 5.844059
v 0.447942 0.006154 5.898401
v 0.451987 0.015022 5.911638
v 0.448385 0.028582 5.923288
v 0.447603 0.038272 5.928976
v 0.545129 -0.017165 5.557302
v 0.544679 -0.041078 5.540319
v 0.610306 -0.189095 5.493005
v 0.588997 -0.194447 5.482213
v 0.593846 -0.214257 5.479902
v 0.614575 -0.209108 5.489799
v 0.617955 -0.218531 5.488600
v 0.598265 -0.223091 5.479311
v 0.640998 -0.276474 5.487234
v 0.635758 -0.263368 5.486067
v 0.436722 0.054677 5.933546
v 0.434380 0.061669 5.936545
v 0.426735 0.043933 5.929500
v 0.376762 -0.001974 5.912965
v 0.388185 -0.000222 5.902249
v 0.398253 0.014458 5.919474
v 0.389072 0.014679 5.929726
v 0.301922 0.095271 5.805979
v 0.298676 0.061537 5.797833
v 0.365800 0.149196 5.912578
v 0.401319 -0.430076 5.647473
v 0.407415 -0.407580 5.638170
v 0.399945 -0.410233 5.630333
v 0.394979 -0.432401 5.639079
v 0.550198 -0.116808 5.494939
v 0.537443 -0.096327 5.507246
v 0.563754 -0.296318 5.516194
v 0.533126 -0.322573 5.502692
v 0.537679 -0.315679 5.500797
v 0.540849 -0.318255 5.525478
v 0.537354 -0.325242 5.527196
v 0.498726 -0.268829 5.468641
v 0.504921 -0.257276 5.464390
v 0.511973 -0.272558 5.462554
v 0.506084 -0.285138 5.467385
v 0.481117 0.195521 5.787457
v 0.507006 0.189562 5.800061
v 0.555387 0.047949 5.622550
v 0.559529 0.027269 5.601364
v 0.543019 0.029310 5.597311
v 0.538658 0.050099 5.618474
v 0.518026 -0.117619 5.498663
v 0.501362 -0.110760 5.508299
v 0.518346 -0.200262 5.701226
v 0.506937 -0.208953 5.695681
v 0.515432 -0.222510 5.683515
v 0.526467 -0.216226 5.689351
v 0.404551 -0.389212 5.591431
v 0.402033 -0.389466 5.611403
v 0.409973 -0.366748 5.603925
v 0.409279 -0.365379 5.588930
v 0.328972 0.147850 5.848929
v 0.314176 0.123117 5.818164
v 0.457035 -0.021217 5.590463
v 0.458393 -0.001961 5.605400
v 0.475646 0.004494 5.595113
v 0.474000 -0.015766 5.578708
v 0.447454 -0.090631 5.565764
v 0.451871 -0.067493 5.572548
v 0.444172 -0.110120 5.559200
v 0.443458 -0.274906 5.558389
v 0.444264 -0.253127 5.545866
v 0.444301 -0.256699 5.542563
v 0.362112 -0.014337 5.891738
v 0.413132 -0.001538 5.857996
v 0.424444 -0.005991 5.858973
v 0.440887 0.050789 5.931384
v 0.448206 0.049231 5.932950
v 0.583238 -0.311848 5.528424
v 0.584677 -0.309807 5.515038
v 0.435926 -0.345133 5.607432
v 0.441589 -0.324243 5.592538
v 0.441607 -0.208410 5.544815
v 0.443562 -0.226408 5.548387
v 0.445234 -0.231004 5.557305
v 0.442286 -0.215056 5.556139
v 0.444200 -0.205481 5.535123
v 0.444181 -0.225408 5.541002
v 0.503652 -0.285743 5.597999
v 0.514206 -0.299691 5.585858
v 0.519765 -0.295945 5.586605
v 0.507885 -0.283616 5.600220
v 0.510912 -0.278422 5.603057
v 0.523543 -0.290404 5.587780
v 0.527379 -0.284944 5.591681
v 0.515409 -0.273987 5.608059
v 0.558906 -0.295415 5.542645
v 0.565666 -0.293104 5.562098
v 0.574251 -0.288768 5.578061
v 0.583284 -0.285653 5.590259
v 0.629597 -0.249592 5.485864
v 0.608849 -0.255158 5.477519
v 0.606118 -0.241790 5.478732
v 0.624664 -0.237870 5.486693
v 0.643632 -0.234145 5.495140
v 0.646970 -0.246214 5.493317
v 0.582406 -0.305899 5.543534
v 0.587893 -0.303895 5.557022
v 0.592818 -0.295049 5.573241
v 0.455191 -0.453531 5.593738
v 0.462444 -0.432890 5.580871
v 0.596478 -0.306692 5.491919
v 0.589331 -0.308581 5.502419
v 0.443244 -0.452973 5.586535
v 0.448927 -0.433715 5.574039
v 0.539598 -0.307901 5.549385
v 0.536566 -0.314241 5.549564
v 0.544374 -0.311638 5.524882
v 0.585251 -0.314388 5.541442
v 0.589755 -0.312381 5.554376
v 0.318406 0.088808 5.783240
v 0.316822 0.059919 5.779131
v 0.434194 -0.005724 5.646999
v 0.429565 -0.016152 5.663393
v 0.510680 -0.097606 5.749314
v 0.506715 -0.086157 5.760278
v 0.489560 -0.083633 5.751943
v 0.493269 -0.094669 5.741892
v 0.529046 -0.128969 5.718136
v 0.522493 -0.118281 5.727374
v 0.602013 -0.319384 5.570171
v 0.467944 -0.058597 5.761049
v 0.471796 -0.068470 5.752162
v 0.487100 -0.072272 5.760694
v 0.483870 -0.061732 5.771353
v 0.484341 -0.057759 5.785953
v 0.483018 -0.058589 5.790716
v 0.445936 -0.016041 5.867531
v 0.456073 -0.015583 5.872621
v 0.491471 -0.375448 5.575638
v 0.494980 -0.382384 5.559324
v 0.504416 -0.372224 5.552243
v 0.498365 -0.364215 5.569648
v 0.447422 -0.043540 5.735613
v 0.457009 -0.052801 5.749033
v 0.461727 -0.230119 5.587906
v 0.454124 -0.218616 5.578706
v 0.516910 -0.146967 5.710271
v 0.494805 -0.215770 5.688880
v 0.502625 -0.227551 5.677127
v 0.484954 -0.220230 5.681212
v 0.491875 -0.230976 5.669818
v 0.450469 0.061964 5.936214
v 0.443247 0.059343 5.934831
v 0.438902 -0.355237 5.530568
v 0.433185 -0.353268 5.538397
v 0.435972 -0.338804 5.532021
v 0.442036 -0.341717 5.523573
v 0.385518 0.035268 5.952312
v 0.399743 0.033510 5.941224
v 0.423820 0.106933 5.939163
v 0.438970 0.095427 5.942063
v 0.455716 0.098818 5.944444
v 0.457888 0.107195 5.942637
v 0.300668 -0.038962 5.905452
v 0.323343 -0.032329 5.885468
v 0.278262 -0.045006 5.927419
v 0.256453 -0.052854 5.949966
v 0.143288 -0.026460 6.103367
v 0.130618 -0.003727 6.119515
v 0.125950 0.070502 6.175463
v 0.124999 0.095300 6.196659
v 0.123692 0.121736 6.218807
v 0.118295 0.175711 6.263598
v 0.121956 0.149809 6.241517
v 0.429247 -0.451626 5.584593
v 0.415641 -0.449719 5.588320
v 0.419593 -0.429183 5.575062
v 0.435069 -0.430972 5.570523
v 0.433642 -0.386025 5.631846
v 0.428030 -0.405580 5.642241
v 0.440092 -0.407232 5.640653
v 0.445391 -0.387617 5.629145
v 0.421628 -0.425932 5.653157
v 0.417001 -0.405400 5.641304
v 0.410574 -0.426856 5.651741
v 0.391224 -0.435522 5.627037
v 0.396253 -0.412434 5.618456
v 0.397781 -0.416031 5.603798
v 0.392914 -0.438787 5.615191
v 0.405342 -0.446422 5.595489
v 0.397705 -0.442382 5.604865
v 0.402029 -0.421124 5.594053
v 0.408373 -0.425636 5.584218
v 0.456752 -0.436282 5.642694
v 0.462606 -0.416144 5.629766
v 0.452420 -0.411797 5.636630
v 0.446412 -0.431604 5.649641
v 0.490904 -0.387971 5.542852
v 0.500599 -0.377629 5.532661
v 0.471087 -0.282096 5.575712
v 0.473385 -0.294940 5.579075
v 0.483632 -0.312969 5.580415
v 0.484563 -0.298157 5.581288
v 0.477089 -0.411140 5.579475
v 0.469573 -0.415169 5.569223
v 0.479840 -0.399378 5.555249
v 0.485259 -0.395027 5.568195
v 0.466973 -0.394945 5.617077
v 0.471964 -0.375004 5.606388
v 0.462262 -0.370340 5.612792
v 0.457309 -0.391630 5.624266
v 0.414422 -0.365805 5.611807
v 0.406729 -0.388229 5.621542
v 0.489288 -0.354346 5.581749
v 0.483870 -0.367218 5.588459
v 0.457204 -0.218144 5.594398
v 0.440877 -0.202572 5.557768
v 0.439256 -0.190222 5.560884
v 0.446111 -0.170794 5.662241
v 0.448050 -0.188076 5.661041
v 0.435754 -0.166776 5.591383
v 0.434405 -0.150788 5.602433
v 0.446591 -0.188121 5.655171
v 0.443931 -0.175781 5.653619
v 0.464619 -0.109108 5.688715
v 0.588799 -0.289714 5.580824
v 0.479559 -0.382337 5.597602
v 0.484978 -0.389568 5.585011
v 0.415269 -0.346817 5.585995
v 0.418000 -0.345560 5.595240
v 0.426384 -0.326000 5.583651
v 0.423035 -0.329062 5.580035
v 0.488579 -0.158984 5.494621
v 0.479710 -0.154520 5.502799
v 0.489000 -0.133655 5.504797
v 0.501839 -0.139287 5.496187
v 0.451690 -0.362009 5.520363
v 0.456264 -0.350684 5.510460
v 0.462429 -0.360172 5.507874
v 0.457410 -0.371536 5.519825
v 0.474651 -0.369057 5.508351
v 0.488167 -0.376629 5.516317
v 0.479816 -0.387313 5.528942
v 0.467233 -0.380445 5.521776
v 0.341712 0.106199 5.766509
v 0.355117 0.134263 5.772041
v 0.420329 -0.009905 5.729680
v 0.414744 0.003399 5.714282
v 0.405383 -0.005351 5.787595
v 0.416975 0.018586 5.911990
v 0.411190 0.005397 5.889431
v 0.367954 0.039975 5.964564
v 0.333915 0.083405 5.766398
v 0.308133 0.027341 5.993365
v 0.337546 0.032835 5.978293
v 0.286888 0.089176 5.986750
v 0.317088 0.101677 5.972357
v 0.294184 0.111220 5.958066
v 0.267975 0.097637 5.973254
v 0.270861 0.109660 5.940303
v 0.248129 0.096044 5.956374
v 0.176117 -0.059520 5.961492
v 0.168523 0.133185 6.110730
v 0.146595 0.161341 6.126554
v 0.164512 0.156632 6.135465
v 0.150011 0.137689 6.100384
v 0.131775 0.111570 6.074470
v 0.129350 0.137248 6.096014
v 0.079890 0.120243 6.157534
v 0.157286 0.177180 6.163399
v 0.141228 0.181820 6.156036
v 0.125834 0.159737 6.122897
v 0.123494 0.181068 6.153273
v 0.408272 0.031431 5.932699
v 0.460860 0.120890 5.942090
v 0.326462 0.028804 5.783473
v 0.305998 0.024859 5.799418
v 0.393629 -0.002024 5.834260
v 0.377425 0.000383 5.809119
v 0.434260 -0.034694 5.696902
v 0.441993 -0.042906 5.711735
v 0.439982 -0.063470 5.675990
v 0.436781 -0.047601 5.686556
v 0.431914 -0.040118 5.669718
v 0.434430 -0.056945 5.658929
v 0.435295 -0.039784 5.622769
v 0.435380 -0.021529 5.634748
v 0.444608 -0.011198 5.618833
v 0.444044 -0.029898 5.605163
v 0.457487 0.014814 5.621243
v 0.443368 0.004852 5.632289
v 0.527295 0.008406 5.577498
v 0.527046 -0.015638 5.558813
v 0.509489 -0.014433 5.562603
v 0.509994 0.008254 5.581437
v 0.436675 -0.011916 5.862133
v 0.421252 0.032249 5.922721
v 0.342471 -0.024323 5.867263
v 0.344014 -0.013083 5.827804
v 0.324059 0.000002 5.809202
v 0.449460 -0.326063 5.592564
v 0.462304 -0.205092 5.510516
v 0.463173 -0.214251 5.507126
v 0.468940 -0.399442 5.544525
v 0.457216 -0.393220 5.538218
v 0.476181 -0.357778 5.597486
v 0.511723 -0.364851 5.546892
v 0.511433 -0.347685 5.562731
v 0.505321 -0.354946 5.565323
v 0.384549 0.013379 5.775396
v 0.376717 0.017447 5.780491
v 0.359139 0.030319 5.765066
v 0.441193 0.084376 5.941324
v 0.453919 0.088367 5.942010
v 0.404261 -0.001665 5.861830
v 0.255842 0.012371 6.027707
v 0.280121 0.018919 6.010746
v 0.235048 0.007817 6.044268
v 0.216008 0.003753 6.059589
v 0.201369 0.002656 6.072501
v 0.190489 0.006488 6.080910
v 0.180937 0.013493 6.086834
v 0.180181 0.030453 6.095881
v 0.182212 0.065703 6.142397
v 0.184298 0.053674 6.111471
v 0.187671 0.077034 6.131677
v 0.188885 0.100501 6.153695
v 0.178343 0.149013 6.198113
v 0.187283 0.125136 6.175491
v 0.168534 0.173943 6.221538
v 0.162277 0.196351 6.245933
v 0.442510 0.066810 5.937044
v 0.442546 0.076175 5.939743
v 0.541687 -0.301171 5.550021
v 0.447665 -0.224457 5.566899
v 0.450348 -0.239066 5.566598
v 0.479687 -0.342019 5.589612
v 0.469202 0.137686 5.930974
v 0.481310 0.158656 5.917635
v 0.412645 -0.405273 5.574069
v 0.423785 -0.408820 5.563305
v 0.466320 -0.349546 5.601723
v 0.461995 -0.269482 5.572399
v 0.465744 -0.282672 5.575788
v 0.419332 -0.618391 5.668026
v 0.420392 -0.634487 5.678670
v 0.409715 -0.635282 5.675082
v 0.407606 -0.618403 5.664964
v 0.428013 -0.615741 5.675831
v 0.427980 -0.631600 5.686260
v 0.413026 -0.596000 5.724867
v 0.410075 -0.614637 5.731507
v 0.419925 -0.615923 5.724452
v 0.422996 -0.597728 5.717392
v 0.430800 -0.643389 5.705592
v 0.431776 -0.627492 5.695819
v 0.431766 -0.622250 5.706114
v 0.429639 -0.638996 5.714931
v 0.387774 -0.596536 5.725765
v 0.390305 -0.577876 5.720949
v 0.379928 -0.579116 5.713844
v 0.378364 -0.597833 5.718371
v 0.426217 -0.524856 5.692456
v 0.430475 -0.511597 5.685258
v 0.421601 -0.510037 5.694891
v 0.417425 -0.523713 5.701316
v 0.417756 -0.584556 5.647551
v 0.418479 -0.601503 5.657753
v 0.405963 -0.600684 5.655243
v 0.405061 -0.582472 5.646335
v 0.435710 -0.571860 5.678011
v 0.436010 -0.553286 5.667738
v 0.433871 -0.547823 5.680301
v 0.432874 -0.565837 5.690157
v 0.404012 -0.563301 5.638800
v 0.416965 -0.565915 5.637374
v 0.433912 -0.606073 5.696836
v 0.434878 -0.589414 5.687504
v 0.431603 -0.583980 5.699013
v 0.429682 -0.601699 5.707726
v 0.386149 -0.633268 5.735366
v 0.386393 -0.615067 5.730641
v 0.378176 -0.616508 5.722867
v 0.378992 -0.634867 5.727690
v 0.424480 -0.636081 5.723385
v 0.427117 -0.618573 5.715663
v 0.417450 -0.634031 5.731350
v 0.389762 -0.648783 5.689932
v 0.386474 -0.630762 5.681212
v 0.397762 -0.633515 5.676221
v 0.400487 -0.650863 5.685944
v 0.419100 -0.559885 5.709848
v 0.416064 -0.578385 5.717772
v 0.425464 -0.580243 5.709614
v 0.427443 -0.562098 5.700938
v 0.428758 -0.582332 5.654531
v 0.428427 -0.599267 5.665392
v 0.383684 -0.612494 5.673359
v 0.381749 -0.593033 5.665956
v 0.393846 -0.596897 5.658607
v 0.395374 -0.615695 5.666863
v 0.372692 -0.569509 5.671612
v 0.373938 -0.588751 5.676944
v 0.371467 -0.584460 5.690030
v 0.371580 -0.565213 5.685560
v 0.412057 -0.540765 5.708495
v 0.422256 -0.541488 5.700803
v 0.393698 -0.558862 5.715619
v 0.398118 -0.540795 5.710628
v 0.385535 -0.541405 5.705133
v 0.382136 -0.560050 5.709260
v 0.437169 -0.526679 5.636285
v 0.435705 -0.541836 5.644691
v 0.427402 -0.546591 5.634444
v 0.428370 -0.531154 5.627029
v 0.415472 -0.547690 5.629395
v 0.413066 -0.531483 5.623369
v 0.402472 -0.505387 5.619167
v 0.400475 -0.516101 5.623886
v 0.393085 -0.510100 5.631373
v 0.394018 -0.500913 5.626068
v 0.370605 -0.531841 5.664671
v 0.371411 -0.550141 5.667177
v 0.372066 -0.545667 5.682180
v 0.373083 -0.526446 5.679564
v 0.382278 -0.508061 5.690361
v 0.379182 -0.523781 5.692198
v 0.389374 -0.523634 5.701850
v 0.393282 -0.508727 5.699028
v 0.400700 -0.464073 5.668844
v 0.397336 -0.476765 5.676262
v 0.407169 -0.475964 5.680701
v 0.410614 -0.463383 5.672850
v 0.431403 -0.478478 5.676207
v 0.441036 -0.482079 5.668427
v 0.444981 -0.471162 5.662220
v 0.434891 -0.466166 5.669678
v 0.442168 -0.490391 5.616452
v 0.438782 -0.499577 5.623450
v 0.427235 -0.500614 5.613415
v 0.430357 -0.490179 5.608329
v 0.371465 -0.516400 5.662453
v 0.374661 -0.508306 5.677093
v 0.428193 -0.488292 5.682281
v 0.425102 -0.498330 5.688867
v 0.433327 -0.500499 5.679517
v 0.437715 -0.491178 5.673375
v 0.441973 -0.499930 5.651635
v 0.438744 -0.507956 5.657411
v 0.438280 -0.512319 5.645513
v 0.441057 -0.503580 5.640945
v 0.436648 -0.507967 5.628307
v 0.435308 -0.517073 5.633630
v 0.426152 -0.520314 5.623878
v 0.425978 -0.510243 5.618818
v 0.373667 -0.506971 5.660199
v 0.376171 -0.499407 5.658612
v 0.380106 -0.501575 5.648162
v 0.378415 -0.509481 5.649426
v 0.397895 -0.496454 5.695289
v 0.387213 -0.497090 5.687802
v 0.435480 -0.517353 5.662806
v 0.438718 -0.503364 5.668522
v 0.434916 -0.514796 5.674722
v 0.412685 -0.519669 5.619539
v 0.392870 -0.465573 5.662738
v 0.396348 -0.451024 5.656017
v 0.389914 -0.452980 5.648011
v 0.386649 -0.467434 5.655136
v 0.404915 -0.448782 5.661124
v 0.415356 -0.447987 5.664356
v 0.450775 -0.455924 5.653751
v 0.440263 -0.451273 5.660998
v 0.458163 -0.462145 5.642938
v 0.451302 -0.477719 5.651485
v 0.453105 -0.483800 5.637601
v 0.460609 -0.468225 5.629196
v 0.448654 -0.472930 5.604968
v 0.435971 -0.473053 5.598183
v 0.418581 -0.488330 5.606389
v 0.422592 -0.472102 5.597391
v 0.419790 -0.475404 5.680489
v 0.416534 -0.485737 5.687619
v 0.375398 -0.607978 5.683076
v 0.378060 -0.626866 5.689851
v 0.373887 -0.622585 5.700941
v 0.372172 -0.603657 5.695162
v 0.374126 -0.619035 5.712440
v 0.375684 -0.637533 5.717741
v 0.434147 -0.594701 5.675770
v 0.432946 -0.611477 5.685815
v 0.428516 -0.647128 5.696452
v 0.434858 -0.523295 5.651778
v 0.435120 -0.535690 5.658403
v 0.387569 -0.496734 5.634526
v 0.389304 -0.487781 5.629034
v 0.395751 -0.492343 5.620956
v 0.378087 -0.520633 5.649321
v 0.391091 -0.521255 5.638513
v 0.393149 -0.539952 5.640380
v 0.378377 -0.536004 5.650272
v 0.379517 -0.491113 5.655614
v 0.381880 -0.481652 5.650578
v 0.384030 -0.484499 5.639333
v 0.381996 -0.493567 5.644516
v 0.449929 -0.487465 5.626585
v 0.444971 -0.496577 5.635238
v 0.401723 -0.466096 5.606936
v 0.410932 -0.470523 5.601185
v 0.407366 -0.485489 5.609609
v 0.398354 -0.481641 5.614758
v 0.404691 -0.496016 5.614934
v 0.394241 -0.462606 5.614989
v 0.391099 -0.478054 5.622902
v 0.457326 -0.471305 5.615751
v 0.384199 -0.470304 5.644230
v 0.387036 -0.455811 5.636915
v 0.389071 -0.459244 5.625144
v 0.386321 -0.473352 5.632796
v 0.373375 -0.600185 5.707441
v 0.373811 -0.581184 5.702730
v 0.407848 -0.508930 5.701015
v 0.403299 -0.523099 5.706150
v 0.411887 -0.496722 5.695100
v 0.400324 -0.596252 5.728248
v 0.397780 -0.614633 5.733952
v 0.407604 -0.558772 5.715779
v 0.403657 -0.577080 5.722096
v 0.380493 -0.574031 5.659676
v 0.386278 -0.488464 5.674995
v 0.380520 -0.497188 5.678596
v 0.392934 -0.487371 5.683349
v 0.427929 -0.448390 5.664277
v 0.423020 -0.463637 5.673565
v 0.373545 -0.503307 5.669155
v 0.434460 -0.428195 5.652946
v 0.401432 -0.527722 5.627457
v 0.415408 -0.498960 5.611749
v 0.413508 -0.508933 5.616023
v 0.412121 -0.651691 5.684999
v 0.434977 -0.577509 5.665761
v 0.433549 -0.530117 5.670840
v 0.431221 -0.526977 5.682403
v 0.390111 -0.478921 5.669386
v 0.383968 -0.480233 5.661541
v 0.380838 -0.489469 5.666557
v 0.446260 -0.487631 5.658014
v 0.447414 -0.493095 5.644442
v 0.396329 -0.632640 5.739203
v 0.442351 -0.495350 5.662868
v 0.403553 -0.544774 5.632236
v 0.612491 -0.199554 5.491374
v 0.630953 -0.184875 5.501504
v 0.633379 -0.195537 5.499928
v 0.435830 -0.134640 5.612911
v 0.455328 -0.118851 5.659623
v 0.447338 -0.117929 5.645384
v 0.446101 -0.211543 5.569005
v 0.443203 -0.197406 5.573367
v 0.458202 -0.276389 5.572403
v 0.454896 -0.259109 5.566919
v 0.439033 -0.177803 5.605330
v 0.608925 -0.425526 5.438643
v 0.608838 -0.418833 5.441694
v 0.611139 -0.435420 5.431736
v 0.488799 -0.058562 5.781365
v 0.493843 -0.060698 5.796277
v 0.492153 -0.063309 5.798069
v 0.595088 -0.421751 5.458134
v 0.596419 -0.413728 5.457821
v 0.593683 -0.417999 5.455937
v 0.594960 -0.425996 5.458675
v 0.595460 -0.423339 5.459226
v 0.606854 -0.443618 5.435490
v 0.607564 -0.412243 5.447152
v 0.604649 -0.405533 5.453660
v 0.602149 -0.437633 5.446090
v 0.530971 0.103649 5.683528
v 0.522607 0.121723 5.698532
v 0.543512 0.117050 5.707323
v 0.549830 0.098537 5.690788
v 0.562497 0.128008 5.733234
v 0.567653 0.110106 5.714448
v 0.535912 0.134943 5.724933
v 0.416529 0.145998 5.714971
v 0.429157 0.133899 5.697236
v 0.413138 0.115651 5.693847
v 0.400045 0.127059 5.709033
v 0.413366 0.084705 5.685745
v 0.400056 0.093974 5.696156
v 0.427796 0.103830 5.683225
v 0.403246 0.064083 5.693244
v 0.390304 0.072275 5.703487
v 0.398021 0.045146 5.704645
v 0.384912 0.052863 5.714715
v 0.385094 0.035246 5.728286
v 0.390942 0.019016 5.743413
v 0.395019 0.011643 5.767975
v 0.401024 0.003908 5.760036
v 0.413449 -0.007771 5.777099
v 0.428878 -0.016712 5.793645
v 0.441810 -0.026410 5.808494
v 0.453700 -0.033781 5.820972
v 0.465569 -0.039614 5.831010
v 0.477952 -0.043321 5.837625
v 0.473172 -0.033928 5.852406
v 0.537208 -0.294103 5.572234
v 0.566753 -0.279313 5.470968
v 0.551238 -0.296271 5.478600
v 0.553997 -0.281176 5.468404
v 0.515098 -0.241499 5.459360
v 0.529575 -0.225749 5.457957
v 0.534115 -0.239693 5.456728
v 0.520898 -0.258465 5.458949
v 0.573518 -0.265578 5.468985
v 0.580963 -0.267943 5.471217
v 0.560978 -0.263993 5.464379
v 0.573536 -0.249537 5.465877
v 0.585307 -0.238247 5.470660
v 0.524738 -0.313440 5.482921
v 0.519272 -0.322613 5.485547
v 0.508880 -0.307715 5.474258
v 0.515669 -0.297508 5.469673
v 0.491537 -0.256338 5.473249
v 0.485616 -0.267404 5.476642
v 0.479245 -0.256876 5.483175
v 0.485731 -0.244625 5.478719
v 0.506154 -0.351162 5.496132
v 0.500740 -0.359017 5.500424
v 0.488097 -0.348820 5.490972
v 0.494425 -0.338849 5.485878
v 0.494497 -0.282037 5.472021
v 0.530019 -0.131461 5.490195
v 0.514118 -0.147852 5.487802
v 0.498206 -0.165755 5.486940
v 0.463748 -0.223332 5.503122
v 0.472510 -0.195806 5.499474
v 0.474063 -0.204880 5.494397
v 0.454456 -0.241050 5.513041
v 0.447268 -0.256226 5.522348
v 0.516036 -0.341772 5.561594
v 0.501246 -0.323290 5.577499
v 0.497695 -0.331677 5.575550
v 0.436343 -0.293132 5.548832
v 0.437458 -0.290666 5.552504
v 0.440931 -0.272781 5.543202
v 0.440099 -0.274350 5.539243
v 0.531105 -0.306609 5.479436
v 0.478687 -0.336735 5.489038
v 0.467790 -0.326508 5.493843
v 0.476129 -0.315183 5.486990
v 0.485462 -0.325296 5.483304
v 0.461717 -0.317409 5.499059
v 0.452871 -0.311945 5.506773
v 0.459131 -0.297213 5.499819
v 0.468686 -0.303729 5.491677
v 0.437086 -0.294139 5.542983
v 0.441711 -0.275353 5.533301
v 0.507225 -0.369589 5.524795
v 0.526186 -0.341377 5.508100
v 0.528450 -0.331929 5.505750
v 0.535180 -0.333029 5.530115
v 0.531080 -0.340828 5.533152
v 0.454073 -0.302593 5.579424
v 0.447741 -0.300343 5.577295
v 0.441725 -0.300347 5.575666
v 0.443943 -0.262878 5.542646
v 0.436671 -0.303327 5.573605
v 0.481931 -0.327305 5.583425
v 0.493304 -0.341566 5.577324
v 0.531390 -0.325964 5.553498
v 0.526922 -0.331452 5.557015
v 0.494755 -0.367385 5.507048
v 0.480948 -0.358781 5.498394
v 0.422430 -0.329654 5.566205
v 0.428831 -0.313623 5.561219
v 0.429069 -0.313470 5.555903
v 0.446866 -0.237549 5.533398
v 0.442303 -0.270058 5.545532
v 0.515126 -0.333758 5.488159
v 0.460865 -0.337871 5.502286
v 0.468249 -0.349138 5.497718
v 0.472555 -0.292333 5.486009
v 0.478952 -0.281145 5.480896
v 0.485717 -0.291916 5.475860
v 0.480881 -0.302731 5.480672
v 0.441286 -0.319980 5.524437
v 0.448363 -0.324896 5.514612
v 0.473681 -0.271745 5.487782
v 0.466041 -0.284216 5.493224
v 0.429775 -0.315347 5.550322
v 0.534028 -0.320691 5.550323
v 0.529715 -0.307026 5.569934
v 0.525904 -0.312262 5.570166
v 0.520884 -0.315187 5.572431
v 0.514690 -0.317483 5.575318
v 0.506418 -0.319109 5.578073
v 0.532371 -0.300105 5.569946
v 0.376372 -0.497293 5.668952
v 0.421717 -0.329960 5.573708
v 0.418420 -0.343635 5.568928
v 0.416204 -0.345760 5.576210
v 0.407893 -0.399386 5.582931
v 0.580001 -0.440074 5.592479
v 0.579222 -0.434302 5.593304
v 0.587777 -0.460926 5.584420
v 0.586219 -0.457802 5.586545
v 0.386110 -0.504541 5.638917
v 0.384919 -0.511294 5.642404
v 0.379172 -0.554850 5.654376
v 0.392504 -0.559279 5.645491
v 0.392740 -0.578120 5.651174
v 0.428981 -0.564636 5.643634
v 0.435754 -0.559708 5.654744
v 0.429418 -0.544083 5.691586
v 0.376623 -0.542562 5.694957
v 0.426150 -0.681372 5.707985
v 0.428024 -0.696859 5.717877
v 0.420303 -0.699629 5.712657
v 0.417617 -0.683796 5.703327
v 0.430872 -0.711916 5.726928
v 0.430875 -0.693729 5.725374
v 0.432267 -0.708338 5.734965
v 0.429564 -0.691207 5.732824
v 0.430019 -0.705761 5.742394
v 0.425030 -0.703984 5.748690
v 0.425473 -0.688889 5.740131
v 0.419443 -0.686817 5.746763
v 0.418569 -0.701959 5.754455
v 0.413503 -0.668889 5.744871
v 0.404435 -0.668041 5.749084
v 0.403238 -0.685472 5.754318
v 0.411863 -0.685817 5.751649
v 0.388295 -0.703720 5.754108
v 0.386919 -0.686914 5.749341
v 0.382907 -0.689216 5.742254
v 0.384911 -0.705982 5.747537
v 0.382185 -0.677707 5.719320
v 0.384272 -0.695542 5.725058
v 0.382205 -0.692553 5.733773
v 0.379863 -0.674164 5.728396
v 0.385261 -0.712180 5.730292
v 0.390275 -0.698354 5.718868
v 0.392319 -0.714205 5.724288
v 0.429404 -0.662695 5.706125
v 0.424024 -0.665895 5.698383
v 0.422126 -0.650248 5.688867
v 0.426725 -0.672371 5.732071
v 0.429988 -0.674963 5.724140
v 0.430490 -0.659041 5.715034
v 0.428036 -0.655904 5.723581
v 0.407660 -0.633042 5.737520
v 0.405884 -0.650649 5.743355
v 0.415348 -0.651811 5.738042
v 0.421079 -0.670382 5.738877
v 0.422639 -0.653601 5.731113
v 0.394714 -0.667995 5.749269
v 0.394226 -0.685682 5.753662
v 0.406845 -0.684288 5.703670
v 0.409954 -0.700545 5.712006
v 0.399569 -0.699960 5.714616
v 0.396617 -0.683419 5.706684
v 0.395501 -0.650421 5.744220
v 0.403599 -0.667780 5.694910
v 0.393241 -0.666453 5.698494
v 0.387839 -0.681152 5.712078
v 0.384820 -0.663562 5.705039
v 0.412760 -0.716093 5.719203
v 0.423445 -0.715188 5.720617
v 0.414740 -0.667788 5.694254
v 0.386206 -0.669161 5.744951
v 0.386167 -0.651273 5.740226
v 0.380042 -0.653193 5.732589
v 0.381059 -0.671185 5.737398
v 0.376402 -0.640917 5.706779
v 0.379466 -0.659513 5.713327
v 0.378013 -0.655796 5.723019
v 0.383621 -0.709205 5.739233
v 0.381376 -0.645535 5.697678
v 0.428958 -0.772147 5.779983
v 0.436112 -0.775668 5.782985
v 0.434641 -0.766557 5.783062
v 0.428729 -0.762845 5.777638
v 0.434932 -0.747389 5.790977
v 0.442118 -0.754688 5.798537
v 0.448946 -0.748192 5.796757
v 0.442127 -0.739219 5.790154
v 0.442131 -0.778574 5.784659
v 0.440077 -0.769982 5.788077
v 0.446079 -0.777383 5.783919
v 0.444449 -0.786904 5.781757
v 0.447459 -0.787577 5.776005
v 0.447454 -0.795997 5.773949
v 0.444447 -0.797577 5.765790
v 0.446718 -0.784827 5.765356
v 0.422923 -0.783698 5.753928
v 0.423840 -0.796871 5.759772
v 0.412915 -0.795875 5.758977
v 0.412566 -0.781879 5.754104
v 0.395855 -0.787595 5.763978
v 0.397128 -0.775123 5.758544
v 0.404860 -0.778821 5.756342
v 0.404954 -0.792395 5.762036
v 0.415631 -0.767719 5.778544
v 0.421360 -0.769037 5.778128
v 0.421039 -0.760155 5.774931
v 0.414618 -0.758611 5.775867
v 0.454235 -0.775437 5.787965
v 0.451123 -0.775642 5.791036
v 0.449365 -0.777713 5.778123
v 0.452287 -0.773212 5.774282
v 0.401164 -0.736331 5.779691
v 0.407660 -0.735358 5.777524
v 0.409006 -0.726430 5.772957
v 0.401363 -0.726083 5.774832
v 0.431850 -0.727038 5.777128
v 0.440693 -0.725593 5.766188
v 0.435236 -0.722183 5.760166
v 0.427090 -0.724376 5.771044
v 0.436391 -0.732412 5.783901
v 0.449314 -0.737622 5.782516
v 0.445188 -0.730742 5.774443
v 0.454594 -0.747998 5.790249
v 0.391004 -0.726420 5.772816
v 0.389164 -0.733491 5.778193
v 0.446788 -0.822144 5.807809
v 0.446550 -0.821318 5.804286
v 0.441271 -0.820368 5.806087
v 0.441679 -0.820888 5.809466
v 0.382021 -0.736836 5.761736
v 0.383203 -0.730969 5.759696
v 0.384056 -0.734278 5.751517
v 0.384419 -0.740172 5.753544
v 0.380392 -0.744611 5.764445
v 0.384633 -0.748042 5.755986
v 0.448391 -0.834230 5.804935
v 0.447610 -0.834051 5.798282
v 0.449852 -0.829707 5.799968
v 0.450616 -0.830417 5.805692
v 0.430552 -0.780931 5.782803
v 0.438370 -0.784194 5.784471
v 0.437462 -0.799585 5.788532
v 0.442740 -0.798771 5.785926
v 0.441124 -0.792072 5.785470
v 0.432910 -0.791143 5.786044
v 0.413951 -0.785317 5.784670
v 0.420973 -0.788883 5.785568
v 0.419874 -0.779169 5.781744
v 0.412856 -0.775968 5.781393
v 0.402095 -0.772785 5.784744
v 0.396974 -0.772270 5.787562
v 0.396830 -0.779900 5.789110
v 0.402727 -0.781744 5.786924
v 0.408856 -0.799627 5.789600
v 0.404182 -0.798166 5.790601
v 0.404646 -0.805709 5.792781
v 0.409196 -0.806845 5.791963
v 0.383696 -0.725693 5.756593
v 0.383746 -0.728723 5.748181
v 0.380469 -0.778282 5.771041
v 0.377476 -0.787280 5.774717
v 0.373420 -0.781097 5.781936
v 0.376001 -0.772465 5.776770
v 0.390012 -0.743883 5.746922
v 0.388690 -0.738005 5.744058
v 0.443743 -0.837259 5.804916
v 0.443148 -0.837374 5.798035
v 0.458514 -0.751411 5.782033
v 0.453010 -0.741306 5.769901
v 0.446876 -0.734245 5.760302
v 0.441405 -0.730059 5.754326
v 0.437906 -0.726215 5.749427
v 0.428831 -0.795539 5.787512
v 0.423451 -0.776285 5.780532
v 0.411406 -0.766277 5.779373
v 0.386028 -0.761934 5.789303
v 0.392646 -0.763826 5.788387
v 0.394263 -0.757664 5.786798
v 0.385548 -0.755144 5.787499
v 0.375837 -0.768916 5.784781
v 0.374414 -0.776575 5.788404
v 0.379572 -0.775045 5.792105
v 0.380191 -0.768455 5.790010
v 0.458686 -0.774472 5.785909
v 0.456445 -0.768288 5.773582
v 0.382982 -0.734313 5.770798
v 0.385273 -0.728183 5.767615
v 0.387284 -0.722704 5.762753
v 0.410601 -0.746806 5.776568
v 0.414884 -0.747752 5.775117
v 0.417311 -0.734999 5.777021
v 0.412175 -0.734778 5.776342
v 0.427405 -0.753238 5.779956
v 0.433203 -0.757738 5.786748
v 0.428621 -0.741461 5.784658
v 0.416351 -0.725585 5.771655
v 0.417625 -0.720391 5.765087
v 0.409453 -0.720469 5.766712
v 0.400895 -0.720154 5.768279
v 0.392676 -0.721169 5.766829
v 0.418327 -0.713387 5.760287
v 0.410511 -0.713418 5.762514
v 0.401817 -0.713640 5.763615
v 0.394086 -0.714385 5.762617
v 0.386176 -0.723864 5.735327
v 0.387729 -0.731762 5.739782
v 0.383266 -0.720787 5.744536
v 0.432271 -0.716418 5.750443
v 0.425552 -0.715236 5.755891
v 0.425971 -0.721422 5.762463
v 0.434719 -0.719745 5.742243
v 0.447788 -0.759609 5.801653
v 0.444385 -0.765833 5.798874
v 0.448550 -0.768451 5.802463
v 0.452875 -0.763827 5.804949
v 0.445738 -0.793882 5.780350
v 0.446314 -0.800328 5.781582
v 0.447157 -0.803641 5.775729
v 0.386922 -0.741458 5.782146
v 0.397100 -0.744168 5.783141
v 0.432723 -0.801824 5.789439
v 0.447067 -0.830438 5.791506
v 0.445577 -0.820607 5.781786
v 0.447991 -0.816070 5.785514
v 0.449337 -0.825897 5.794210
v 0.429473 -0.810191 5.790244
v 0.430814 -0.815502 5.793199
v 0.434746 -0.811092 5.795180
v 0.434105 -0.806333 5.791400
v 0.398524 -0.794927 5.792809
v 0.399023 -0.801375 5.794883
v 0.425006 -0.809094 5.768226
v 0.435325 -0.797862 5.758844
v 0.435546 -0.809484 5.763860
v 0.407934 -0.783223 5.785450
v 0.403442 -0.790317 5.788918
v 0.408341 -0.791759 5.787882
v 0.426890 -0.798648 5.788183
v 0.422008 -0.795927 5.787639
v 0.423800 -0.802581 5.788352
v 0.428806 -0.803726 5.789100
v 0.377032 -0.758758 5.782256
v 0.377607 -0.762860 5.771949
v 0.449760 -0.824911 5.802035
v 0.449893 -0.825421 5.806572
v 0.385120 -0.717931 5.753162
v 0.388811 -0.715988 5.759292
v 0.407461 -0.773919 5.782551
v 0.434997 -0.784774 5.755645
v 0.407022 -0.764735 5.780818
v 0.389303 -0.800246 5.780376
v 0.390145 -0.805647 5.786687
v 0.389751 -0.802048 5.791892
v 0.387515 -0.796647 5.788558
v 0.433008 -0.823989 5.799204
v 0.433486 -0.826946 5.804579
v 0.436523 -0.822439 5.805954
v 0.436103 -0.819833 5.801656
v 0.438153 -0.803930 5.790763
v 0.439478 -0.809136 5.795127
v 0.444010 -0.809278 5.792985
v 0.442708 -0.803544 5.788391
v 0.445848 -0.805519 5.784553
v 0.446939 -0.812082 5.789302
v 0.432192 -0.829615 5.796015
v 0.430206 -0.820913 5.788344
v 0.433639 -0.823505 5.782739
v 0.436337 -0.833446 5.792849
v 0.397605 -0.763716 5.752606
v 0.389409 -0.771572 5.762279
v 0.390343 -0.760579 5.756169
v 0.394553 -0.799226 5.768810
v 0.386833 -0.793009 5.774669
v 0.387852 -0.783058 5.768071
v 0.383240 -0.767847 5.765773
v 0.424116 -0.813153 5.782545
v 0.422213 -0.814964 5.777009
v 0.429919 -0.815798 5.776611
v 0.400812 -0.763020 5.783388
v 0.448914 -0.821341 5.797218
v 0.429538 -0.740372 5.737496
v 0.432488 -0.746299 5.741572
v 0.418318 -0.750134 5.738019
v 0.417846 -0.742687 5.734425
v 0.440942 -0.817932 5.802023
v 0.445808 -0.817950 5.800488
v 0.392966 -0.793478 5.794677
v 0.389060 -0.794732 5.796187
v 0.390312 -0.800189 5.796590
v 0.394300 -0.799837 5.796476
v 0.384403 -0.757565 5.760000
v 0.376263 -0.791911 5.781398
v 0.373297 -0.785703 5.790253
v 0.390567 -0.751221 5.750710
v 0.398409 -0.746602 5.742408
v 0.398076 -0.754000 5.746862
v 0.405808 -0.805523 5.770251
v 0.404603 -0.766970 5.750450
v 0.404892 -0.756288 5.744735
v 0.406327 -0.748104 5.739433
v 0.406687 -0.741894 5.735314
v 0.398006 -0.740519 5.738565
v 0.442356 -0.833343 5.790785
v 0.436520 -0.836021 5.800114
v 0.394633 -0.725500 5.728997
v 0.397132 -0.733671 5.733995
v 0.404112 -0.726681 5.726503
v 0.406394 -0.735147 5.731127
v 0.422226 -0.759837 5.743153
v 0.412788 -0.758767 5.743255
v 0.421863 -0.771564 5.748706
v 0.412070 -0.769436 5.748771
v 0.413821 -0.808996 5.763881
v 0.436096 -0.832998 5.817349
v 0.434895 -0.828881 5.817743
v 0.434003 -0.826639 5.810141
v 0.434490 -0.831346 5.809258
v 0.432924 -0.831437 5.802850
v 0.437501 -0.834820 5.807232
v 0.435212 -0.772028 5.751473
v 0.424657 -0.808882 5.789356
v 0.438462 -0.757066 5.748687
v 0.450882 -0.763260 5.759899
v 0.447650 -0.773717 5.759770
v 0.451601 -0.747042 5.757038
v 0.443528 -0.739819 5.748755
v 0.434881 -0.730875 5.740699
v 0.437653 -0.735272 5.744635
v 0.433077 -0.723502 5.734840
v 0.458356 -0.755478 5.769674
v 0.441202 -0.821909 5.815516
v 0.446548 -0.822582 5.814240
v 0.428081 -0.734836 5.733692
v 0.426086 -0.726926 5.727695
v 0.438889 -0.762504 5.794288
v 0.406958 -0.755990 5.778913
v 0.402226 -0.754422 5.781484
v 0.395605 -0.751567 5.785092
v 0.385509 -0.748879 5.785223
v 0.415044 -0.727653 5.724867
v 0.410779 -0.701794 5.757855
v 0.402133 -0.702077 5.758895
v 0.402028 -0.715262 5.721335
v 0.449912 -0.826424 5.813511
v 0.404913 -0.811096 5.789678
v 0.406694 -0.811458 5.789816
v 0.453544 -0.755397 5.800044
v 0.458384 -0.761444 5.803312
v 0.464999 -0.767526 5.794281
v 0.462790 -0.759929 5.788473
v 0.459488 -0.755668 5.794559
v 0.462757 -0.763034 5.799416
v 0.407235 -0.746430 5.778373
v 0.402933 -0.746077 5.780461
v 0.378987 -0.753479 5.767664
v 0.378097 -0.749917 5.777843
v 0.446654 -0.809247 5.779629
v 0.443681 -0.812941 5.775218
v 0.443510 -0.806912 5.769525
v 0.439885 -0.823012 5.779772
v 0.428053 -0.815000 5.785293
v 0.425475 -0.812675 5.786673
v 0.421052 -0.750028 5.775775
v 0.422820 -0.737474 5.779994
v 0.447712 -0.772775 5.796329
v 0.444362 -0.771201 5.792450
v 0.415058 -0.793260 5.787321
v 0.408973 -0.815146 5.777793
v 0.415237 -0.816319 5.772904
v 0.416039 -0.800873 5.788482
v 0.451017 -0.830676 5.813776
v 0.449477 -0.835151 5.814075
v 0.437301 -0.815576 5.772035
v 0.397434 -0.787721 5.790781
v 0.406562 -0.814137 5.784313
v 0.403041 -0.810243 5.779818
v 0.375192 -0.780745 5.792101
v 0.417324 -0.736324 5.730309
v 0.436705 -0.822470 5.810241
v 0.436665 -0.824083 5.816785
v 0.439689 -0.836134 5.815948
v 0.444715 -0.836865 5.814069
v 0.380097 -0.741800 5.774072
v 0.410543 -0.757219 5.777251
v 0.394251 -0.702531 5.757833
v 0.460793 -0.763577 5.780578
v 0.463615 -0.771787 5.788266
v 0.416660 -0.806799 5.790181
v 0.382946 -0.794944 5.783917
v 0.401065 -0.814071 5.784009
v 0.394467 -0.811244 5.782651
v 0.394449 -0.805606 5.775794
v 0.403857 -0.814133 5.788283
v 0.445407 -0.837022 5.821773
v 0.440567 -0.836039 5.823283
v 0.450155 -0.834771 5.821349
v 0.451097 -0.830384 5.819881
v 0.449621 -0.826205 5.818866
v 0.437055 -0.832771 5.824243
v 0.435600 -0.828584 5.823750
v 0.436619 -0.823886 5.821533
v 0.437425 -0.831326 5.830008
v 0.441456 -0.834681 5.831066
v 0.451976 -0.829464 5.834623
v 0.450160 -0.831419 5.836709
v 0.449548 -0.832862 5.833090
v 0.450945 -0.832735 5.829512
v 0.451621 -0.827474 5.839466
v 0.450267 -0.830071 5.841300
v 0.446881 -0.833509 5.837557
v 0.446832 -0.834602 5.832709
v 0.446962 -0.832078 5.842593
v 0.443120 -0.831617 5.842398
v 0.443103 -0.832837 5.837542
v 0.443633 -0.834307 5.833750
v 0.446568 -0.835770 5.828818
v 0.450182 -0.826538 5.843895
v 0.446347 -0.827219 5.846934
v 0.447079 -0.830488 5.846524
v 0.449959 -0.829179 5.844517
v 0.451415 -0.828759 5.825938
v 0.451547 -0.826448 5.832533
v 0.450643 -0.824522 5.838039
v 0.448838 -0.823716 5.842505
v 0.449345 -0.823348 5.831676
v 0.448371 -0.822098 5.837226
v 0.446619 -0.821900 5.840897
v 0.445841 -0.821122 5.831688
v 0.445436 -0.820771 5.837164
v 0.449519 -0.825187 5.823857
v 0.445941 -0.822486 5.823494
v 0.444906 -0.821192 5.839836
v 0.444987 -0.824775 5.845398
v 0.440072 -0.832316 5.836530
v 0.440391 -0.830304 5.841646
v 0.437973 -0.830007 5.835774
v 0.438841 -0.828346 5.840826
v 0.443524 -0.830780 5.845839
v 0.441879 -0.828637 5.845860
v 0.446067 -0.823002 5.818874
v 0.440652 -0.822423 5.819924
v 0.440608 -0.821929 5.824394
v 0.440955 -0.820613 5.832217
v 0.436940 -0.824183 5.826356
v 0.436262 -0.828514 5.829117
v 0.437027 -0.826992 5.834891
v 0.437493 -0.823420 5.833436
v 0.438257 -0.825334 5.839751
v 0.438934 -0.822782 5.838568
v 0.441851 -0.820957 5.837779
v 0.440248 -0.824035 5.842621
v 0.440754 -0.826248 5.844501
v 0.443593 -0.822812 5.842980
v 0.442682 -0.821758 5.840748
v 0.440401 -0.822684 5.841007
v 0.420786 -0.828159 5.812746
v 0.419546 -0.828432 5.806573
v 0.415287 -0.827095 5.808193
v 0.416192 -0.826316 5.814234
v 0.421635 -0.841522 5.808531
v 0.419962 -0.841893 5.800372
v 0.422437 -0.836654 5.802601
v 0.423807 -0.835964 5.810317
v 0.414901 -0.843053 5.807657
v 0.413222 -0.843923 5.799601
v 0.420347 -0.836804 5.792850
v 0.421142 -0.823880 5.783758
v 0.423075 -0.820664 5.788311
v 0.422624 -0.832333 5.796073
v 0.406560 -0.817194 5.794354
v 0.410222 -0.814118 5.795788
v 0.421840 -0.831811 5.804708
v 0.423103 -0.831362 5.811616
v 0.406995 -0.827268 5.801589
v 0.407102 -0.829953 5.808288
v 0.410910 -0.827243 5.808735
v 0.410529 -0.824393 5.803081
v 0.416098 -0.813796 5.795240
v 0.421986 -0.814611 5.794072
v 0.423620 -0.817512 5.791474
v 0.405238 -0.831651 5.798820
v 0.405801 -0.821782 5.789801
v 0.408444 -0.824486 5.784568
v 0.407531 -0.836182 5.794967
v 0.422095 -0.828219 5.798639
v 0.415543 -0.823983 5.802693
v 0.420119 -0.825111 5.801140
v 0.413846 -0.837869 5.791593
v 0.407488 -0.840136 5.803596
v 0.409712 -0.834720 5.823632
v 0.409383 -0.830270 5.824128
v 0.408154 -0.829377 5.815243
v 0.407973 -0.833823 5.814583
v 0.406325 -0.834096 5.806832
v 0.409687 -0.839051 5.811695
v 0.416443 -0.826296 5.823131
v 0.421378 -0.828057 5.822126
v 0.424084 -0.831190 5.821621
v 0.415017 -0.825674 5.781120
v 0.424694 -0.835276 5.821071
v 0.422950 -0.840221 5.820272
v 0.411703 -0.826659 5.814991
v 0.412018 -0.826867 5.823899
v 0.411994 -0.838793 5.822098
v 0.417374 -0.841593 5.819824
v 0.418154 -0.841163 5.828959
v 0.412965 -0.837732 5.829710
v 0.423210 -0.839397 5.828313
v 0.424908 -0.834572 5.827394
v 0.424181 -0.830854 5.826867
v 0.410954 -0.834562 5.830790
v 0.410676 -0.830842 5.830460
v 0.412735 -0.827015 5.829062
v 0.411994 -0.831758 5.837889
v 0.414123 -0.835105 5.838934
v 0.425898 -0.829195 5.846997
v 0.424303 -0.831265 5.848908
v 0.423343 -0.833014 5.843952
v 0.425474 -0.832079 5.841721
v 0.422309 -0.834878 5.840569
v 0.423785 -0.835795 5.836817
v 0.419677 -0.833969 5.845185
v 0.419197 -0.835085 5.840743
v 0.420622 -0.832215 5.851182
v 0.417021 -0.830383 5.850842
v 0.416574 -0.831871 5.845167
v 0.416458 -0.833539 5.841364
v 0.424955 -0.827274 5.852177
v 0.424603 -0.829806 5.852858
v 0.418478 -0.837759 5.836590
v 0.425209 -0.832578 5.832745
v 0.426265 -0.829360 5.839414
v 0.425999 -0.826409 5.845485
v 0.424312 -0.824514 5.850637
v 0.425215 -0.825951 5.837959
v 0.424856 -0.823729 5.844257
v 0.422976 -0.822750 5.848692
v 0.422350 -0.822896 5.837487
v 0.422232 -0.821753 5.843878
v 0.424343 -0.829132 5.830675
v 0.421472 -0.826297 5.830114
v 0.421663 -0.821862 5.847265
v 0.420948 -0.824295 5.853869
v 0.421569 -0.826987 5.855989
v 0.421661 -0.830546 5.856230
v 0.414907 -0.830237 5.844282
v 0.415916 -0.828206 5.850033
v 0.413214 -0.828291 5.843858
v 0.414781 -0.826411 5.849598
v 0.417941 -0.829461 5.855030
v 0.417406 -0.827261 5.854778
v 0.421419 -0.827967 5.826962
v 0.416872 -0.826341 5.827784
v 0.416942 -0.824433 5.830754
v 0.417664 -0.821679 5.838374
v 0.412719 -0.824878 5.832523
v 0.411257 -0.827737 5.835570
v 0.412736 -0.825828 5.842256
v 0.413880 -0.823046 5.840134
v 0.414649 -0.824670 5.848039
v 0.415469 -0.822386 5.845928
v 0.418542 -0.821049 5.844501
v 0.416873 -0.823457 5.851226
v 0.417014 -0.825076 5.853482
v 0.420198 -0.822690 5.851224
v 0.419421 -0.821660 5.848369
v 0.416983 -0.822255 5.848879
v 0.402161 -0.816878 5.814210
v 0.401264 -0.818223 5.809707
v 0.397717 -0.815135 5.811414
v 0.398403 -0.813128 5.815569
v 0.400185 -0.826416 5.813802
v 0.399269 -0.828490 5.805759
v 0.401972 -0.825692 5.807243
v 0.402719 -0.824437 5.814122
v 0.395506 -0.826014 5.814734
v 0.393252 -0.828919 5.806156
v 0.399401 -0.827013 5.798877
v 0.400094 -0.819056 5.790082
v 0.402942 -0.817189 5.793229
v 0.402420 -0.824438 5.801267
v 0.402624 -0.821868 5.808458
v 0.403340 -0.820953 5.814314
v 0.390250 -0.813007 5.808144
v 0.390539 -0.814160 5.813001
v 0.393725 -0.813511 5.812775
v 0.393371 -0.812343 5.808070
v 0.398188 -0.806599 5.799044
v 0.401835 -0.809754 5.797341
v 0.403259 -0.813488 5.795539
v 0.387848 -0.816564 5.806020
v 0.388880 -0.808499 5.797283
v 0.389367 -0.812957 5.793252
v 0.388296 -0.822123 5.802172
v 0.402619 -0.820532 5.803479
v 0.397956 -0.813268 5.807470
v 0.401346 -0.816514 5.805337
v 0.393459 -0.825766 5.798649
v 0.388833 -0.823944 5.809237
v 0.392636 -0.817033 5.827211
v 0.393051 -0.813238 5.826497
v 0.390500 -0.812696 5.817341
v 0.389381 -0.817080 5.817630
v 0.388176 -0.817409 5.811764
v 0.390991 -0.822085 5.816308
v 0.400179 -0.812241 5.823134
v 0.404086 -0.815259 5.822248
v 0.405227 -0.819423 5.822882
v 0.394198 -0.817576 5.789674
v 0.390298 -0.805082 5.800447
v 0.404986 -0.822777 5.823654
v 0.403017 -0.825332 5.824547
v 0.393896 -0.811559 5.816586
v 0.395725 -0.811344 5.824662
v 0.394294 -0.821563 5.826611
v 0.398435 -0.825374 5.825147
v 0.401402 -0.824050 5.832585
v 0.397332 -0.820394 5.833300
v 0.406240 -0.823894 5.831378
v 0.407712 -0.821142 5.829859
v 0.407495 -0.818030 5.828354
v 0.396009 -0.815552 5.832754
v 0.396645 -0.813156 5.831480
v 0.398186 -0.811287 5.829099
v 0.398219 -0.812928 5.836169
v 0.400622 -0.817489 5.837956
v 0.413701 -0.814859 5.845010
v 0.412249 -0.815715 5.846307
v 0.410413 -0.817408 5.842183
v 0.411953 -0.817334 5.840919
v 0.408679 -0.819651 5.839589
v 0.408930 -0.821142 5.837114
v 0.407158 -0.817910 5.843641
v 0.405711 -0.819586 5.839825
v 0.408870 -0.816024 5.847828
v 0.405605 -0.813470 5.846926
v 0.403974 -0.815020 5.842651
v 0.403060 -0.817320 5.839975
v 0.414190 -0.813117 5.848871
v 0.413042 -0.814590 5.849346
v 0.404252 -0.821395 5.837045
v 0.410534 -0.819001 5.834219
v 0.412892 -0.815608 5.838862
v 0.414455 -0.812892 5.843305
v 0.414330 -0.810588 5.846965
v 0.412340 -0.812800 5.837005
v 0.413633 -0.810474 5.841575
v 0.413372 -0.808681 5.844867
v 0.410707 -0.809950 5.835870
v 0.411975 -0.808300 5.840614
v 0.410050 -0.815925 5.832177
v 0.408010 -0.813170 5.830854
v 0.412045 -0.807733 5.843343
v 0.410984 -0.808767 5.849353
v 0.411070 -0.811692 5.851347
v 0.410381 -0.814354 5.851386
v 0.401867 -0.813214 5.841840
v 0.404119 -0.811540 5.846257
v 0.400853 -0.810695 5.840572
v 0.403488 -0.809347 5.845147
v 0.407146 -0.812845 5.850132
v 0.406710 -0.811017 5.849847
v 0.405335 -0.814897 5.827260
v 0.401828 -0.812178 5.827436
v 0.404604 -0.810797 5.830570
v 0.407331 -0.807561 5.835957
v 0.400729 -0.809526 5.831773
v 0.399097 -0.810362 5.834363
v 0.401203 -0.808370 5.838799
v 0.403478 -0.807021 5.837117
v 0.404006 -0.807309 5.843477
v 0.405628 -0.805994 5.841668
v 0.409072 -0.806327 5.840683
v 0.406916 -0.806911 5.846109
v 0.406602 -0.808581 5.848276
v 0.410620 -0.807170 5.846503
v 0.410006 -0.806531 5.844049
v 0.407410 -0.806051 5.844220
v 0.394038 -0.805255 5.800021
v 0.381661 -0.797863 5.814394
v 0.381511 -0.798854 5.811319
v 0.378832 -0.795625 5.812151
v 0.379003 -0.794760 5.814746
v 0.377670 -0.805877 5.814431
v 0.377230 -0.807673 5.808331
v 0.380698 -0.806118 5.808785
v 0.381131 -0.804737 5.814412
v 0.373186 -0.803859 5.814757
v 0.372151 -0.805708 5.809120
v 0.377867 -0.806410 5.802605
v 0.380904 -0.799227 5.791715
v 0.384317 -0.798927 5.794876
v 0.381383 -0.804882 5.803760
v 0.376361 -0.783523 5.798010
v 0.374383 -0.787474 5.803625
v 0.378426 -0.787736 5.804776
v 0.380075 -0.782754 5.797473
v 0.382185 -0.802643 5.809648
v 0.382129 -0.801508 5.814405
v 0.371846 -0.793264 5.810441
v 0.372246 -0.793020 5.813411
v 0.375660 -0.793602 5.812876
v 0.375778 -0.793180 5.810575
v 0.384354 -0.784421 5.798110
v 0.381835 -0.789974 5.804462
v 0.384937 -0.792502 5.801469
v 0.387117 -0.789043 5.797067
v 0.385091 -0.795973 5.799186
v 0.369169 -0.795816 5.808426
v 0.371849 -0.788955 5.800848
v 0.371245 -0.792004 5.796553
v 0.369150 -0.800474 5.805946
v 0.382157 -0.802123 5.806365
v 0.379130 -0.794946 5.809254
v 0.381372 -0.798752 5.808664
v 0.372860 -0.804799 5.802573
v 0.369490 -0.800558 5.811347
v 0.371048 -0.793138 5.823818
v 0.372911 -0.790881 5.822755
v 0.372171 -0.791840 5.816538
v 0.369685 -0.794485 5.816948
v 0.369589 -0.796008 5.813380
v 0.369976 -0.798994 5.816535
v 0.380035 -0.793416 5.820343
v 0.382610 -0.796821 5.820580
v 0.382962 -0.800153 5.821161
v 0.375425 -0.796930 5.791080
v 0.382007 -0.802955 5.822113
v 0.378982 -0.804261 5.822835
v 0.375746 -0.792598 5.815622
v 0.376407 -0.791496 5.821259
v 0.371308 -0.797246 5.824207
v 0.374635 -0.801993 5.823175
v 0.375914 -0.801270 5.829653
v 0.373323 -0.795729 5.830233
v 0.380335 -0.803112 5.828506
v 0.382896 -0.802076 5.826769
v 0.383820 -0.799584 5.825359
v 0.373115 -0.791306 5.828957
v 0.375115 -0.789774 5.827207
v 0.377800 -0.790905 5.825440
v 0.376111 -0.790651 5.833238
v 0.376587 -0.794716 5.834947
v 0.388017 -0.798329 5.839662
v 0.386501 -0.798648 5.840526
v 0.384618 -0.799197 5.837547
v 0.386075 -0.799612 5.836199
v 0.382347 -0.799960 5.835167
v 0.382512 -0.800938 5.832851
v 0.381807 -0.798196 5.838910
v 0.379770 -0.798706 5.835491
v 0.383633 -0.797674 5.842485
v 0.381784 -0.794041 5.842845
v 0.379423 -0.794878 5.839572
v 0.378358 -0.796055 5.836785
v 0.388962 -0.797173 5.843192
v 0.387438 -0.798138 5.843278
v 0.378224 -0.799505 5.833324
v 0.384632 -0.800455 5.830494
v 0.387367 -0.798865 5.834807
v 0.389601 -0.797190 5.839107
v 0.389943 -0.795176 5.842554
v 0.387744 -0.797061 5.833307
v 0.389678 -0.795380 5.837747
v 0.389733 -0.793652 5.840899
v 0.386998 -0.794585 5.832142
v 0.388818 -0.793490 5.836683
v 0.385226 -0.798444 5.828623
v 0.384610 -0.795645 5.827409
v 0.389269 -0.792795 5.839424
v 0.388089 -0.793007 5.844261
v 0.387050 -0.794892 5.845579
v 0.385268 -0.796853 5.845397
v 0.378810 -0.792490 5.839036
v 0.381639 -0.791769 5.842706
v 0.379017 -0.790197 5.837452
v 0.382493 -0.790021 5.841569
v 0.383410 -0.794262 5.845123
v 0.384329 -0.792580 5.845157
v 0.383470 -0.796233 5.824321
v 0.380930 -0.793273 5.824275
v 0.382557 -0.792502 5.827342
v 0.385229 -0.791692 5.832086
v 0.379907 -0.789982 5.828772
v 0.377485 -0.789160 5.830905
v 0.380501 -0.788927 5.835627
v 0.382795 -0.789236 5.833549
v 0.383820 -0.789206 5.839863
v 0.385468 -0.789478 5.838010
v 0.387375 -0.791222 5.836755
v 0.386499 -0.790479 5.842102
v 0.385606 -0.791068 5.843927
v 0.388441 -0.791945 5.842313
v 0.388268 -0.791485 5.840087
v 0.387005 -0.790356 5.840401
v 0.373969 -0.785277 5.796518
v 0.460845 -0.781982 5.794532
v 0.456257 -0.782209 5.795631
v 0.450604 -0.777430 5.802712
v 0.451604 -0.772967 5.807559
v 0.456237 -0.769295 5.810383
v 0.461494 -0.769412 5.809086
v 0.465618 -0.771449 5.806124
v 0.452745 -0.780743 5.798566
v 0.465223 -0.780145 5.795768
v 0.467249 -0.775506 5.801091
v 0.469290 -0.781659 5.809175
v 0.468029 -0.786151 5.803758
v 0.466696 -0.776520 5.814271
v 0.461687 -0.774074 5.815765
v 0.456494 -0.773197 5.815119
v 0.463091 -0.787520 5.800420
v 0.458446 -0.787163 5.800378
v 0.454181 -0.784719 5.802564
v 0.465119 -0.794288 5.806845
v 0.470024 -0.794997 5.813710
v 0.465669 -0.791130 5.829899
v 0.469882 -0.792722 5.829297
v 0.469062 -0.789718 5.826162
v 0.465332 -0.787176 5.826809
v 0.468681 -0.788511 5.823438
v 0.466470 -0.784597 5.822450
v 0.472508 -0.793953 5.823344
v 0.470788 -0.791843 5.820659
v 0.472375 -0.798534 5.819568
v 0.471644 -0.795456 5.818136
v 0.473814 -0.796783 5.826907
v 0.470262 -0.795790 5.831213
v 0.472547 -0.799499 5.829524
v 0.467005 -0.795754 5.831335
v 0.470526 -0.789506 5.817765
v 0.460731 -0.779604 5.821654
v 0.460611 -0.785083 5.826531
v 0.461110 -0.790751 5.829407
v 0.462655 -0.796295 5.830019
v 0.455397 -0.785375 5.824191
v 0.456841 -0.791825 5.826890
v 0.459174 -0.796750 5.827070
v 0.452659 -0.788045 5.819935
v 0.454962 -0.793913 5.823422
v 0.455147 -0.777832 5.819129
v 0.451503 -0.779764 5.814644
v 0.457141 -0.797005 5.824798
v 0.464622 -0.801351 5.827590
v 0.468947 -0.801252 5.829842
v 0.469541 -0.800077 5.816353
v 0.473089 -0.800987 5.822637
v 0.469774 -0.803058 5.820063
v 0.465535 -0.800205 5.813001
v 0.465665 -0.803619 5.818180
v 0.473053 -0.802212 5.825941
v 0.469938 -0.803918 5.824751
v 0.452093 -0.775886 5.811747
v 0.451667 -0.780578 5.806825
v 0.451309 -0.784352 5.809502
v 0.453438 -0.792000 5.815182
v 0.454193 -0.789878 5.805644
v 0.459751 -0.793303 5.804426
v 0.460874 -0.799310 5.811458
v 0.456284 -0.796428 5.811954
v 0.461528 -0.802443 5.817322
v 0.458361 -0.800041 5.817568
v 0.456145 -0.796996 5.819998
v 0.461831 -0.802647 5.821775
v 0.465501 -0.803953 5.823191
v 0.460970 -0.800546 5.825099
v 0.458564 -0.799345 5.822932
v 0.459660 -0.800998 5.820865
v 0.379681 -0.779542 5.794425
v 0.385100 -0.781358 5.794856
v 0.385155 -0.776325 5.792462
v 0.385594 -0.769393 5.791485
v 0.380940 -0.762348 5.788431
v 0.391549 -0.770932 5.790145
v 0.390891 -0.778230 5.791410
v 0.390983 -0.785911 5.794024
v 0.397047 -0.766335 5.786751
v 0.588202 -0.490393 5.521807
v 0.586410 -0.488519 5.519349
v 0.585082 -0.481774 5.518839
v 0.584928 -0.484983 5.522537
v 0.586143 -0.486435 5.525705
v 0.588110 -0.487798 5.529151
v 0.595962 -0.493572 5.527458
v 0.591617 -0.491587 5.524808
v 0.601414 -0.486335 5.533983
v 0.601107 -0.486826 5.532767
v 0.601074 -0.485876 5.534070
v 0.596229 -0.488538 5.532316
v 0.599808 -0.485379 5.532632
v 0.584100 -0.483722 5.515320
v 0.583850 -0.482088 5.514444
v 0.585305 -0.485730 5.517103
v 0.592062 -0.488756 5.531840
v 0.583843 -0.481366 5.514916
v 0.584419 -0.481545 5.516446
v 0.599761 -0.491773 5.529379
v 0.586420 -0.488342 5.524272
v 0.588558 -0.490393 5.527787
v 0.594305 -0.492873 5.528887
v 0.589916 -0.492526 5.525952
v 0.596525 -0.490115 5.531428
v 0.598783 -0.489254 5.531703
v 0.585222 -0.486597 5.521465
v 0.592875 -0.491094 5.530640
v 0.587311 -0.490331 5.522636
v 0.599286 -0.487482 5.531426
v 0.598158 -0.488962 5.530015
v 0.584360 -0.482310 5.515450
v 0.584401 -0.482206 5.515509
v 0.579047 -0.262658 5.619156
v 0.570913 -0.252863 5.632651
v 0.585886 -0.488245 5.520058
v 0.584897 -0.482282 5.516519
v 0.584967 -0.485164 5.519134
v 0.585393 -0.486272 5.518224
v 0.585040 -0.483133 5.516022
v 0.479198 -0.405966 5.595206
v 0.475106 -0.400602 5.608071
v 0.458109 -0.414894 5.559998
v 0.443231 -0.409059 5.554731
v 0.459637 -0.061811 5.740547
v 0.492884 0.007024 5.587380
v 0.491812 -0.014311 5.569073
v 0.562080 0.003684 5.578146
v 0.544911 0.007002 5.575884
v 0.432023 -0.049364 5.640966
v 0.431158 -0.031431 5.652348
v 0.446432 -0.070038 5.691840
v 0.444159 -0.054947 5.702098
v 0.429347 -0.026503 5.680659
v 0.521893 0.050871 5.617459
v 0.526315 0.030942 5.598958
v 0.509804 0.029172 5.602357
v 0.505582 0.049904 5.619115
v 0.573946 0.019775 5.606637
v 0.576939 -0.002542 5.583725
v 0.435789 -0.061122 5.612375
v 0.443076 -0.051622 5.594295
v 0.471015 -0.039723 5.566506
v 0.488168 -0.038317 5.556247
v 0.524817 -0.040418 5.543258
v 0.505877 -0.038917 5.548447
v 0.458002 -0.093380 5.697122
v 0.475402 -0.113894 5.700840
v 0.433585 -0.070347 5.631548
v 0.497570 -0.106631 5.731520
v 0.565952 -0.063093 5.526014
v 0.542607 -0.065322 5.523579
v 0.454870 -0.044387 5.578903
v 0.541132 -0.236826 5.663804
v 0.534115 -0.227079 5.677163
v 0.522154 -0.233288 5.670440
v 0.528749 -0.242239 5.656934
v 0.510056 -0.237673 5.664058
v 0.498988 -0.240539 5.656940
v 0.489537 -0.242031 5.649638
v 0.472483 -0.239646 5.629510
v 0.476611 -0.241195 5.635796
v 0.464906 -0.232505 5.616718
v 0.469280 -0.237546 5.623193
v 0.458215 -0.220877 5.609470
v 0.450735 -0.206002 5.602531
v 0.443138 -0.190589 5.594137
v 0.449393 -0.204290 5.584653
v 0.444307 -0.193369 5.613951
v 0.451600 -0.209166 5.620068
v 0.457594 -0.220381 5.627270
v 0.529750 -0.191724 5.706352
v 0.523016 -0.169752 5.711140
v 0.587278 -0.272075 5.607274
v 0.374820 -0.561952 5.698443
v 0.430332 -0.678267 5.715603
v 0.602268 -0.232189 5.478499
v 0.621782 -0.227837 5.487131
v 0.636936 -0.214594 5.496674
v 0.639172 -0.223971 5.494765
v 0.543408 -0.281555 5.464740
v 0.550021 -0.259406 5.460386
v 0.564282 -0.243656 5.462707
v 0.580452 -0.230424 5.469787
v 0.441765 -0.097778 5.644638
v 0.591013 -0.202887 5.480679
v 0.574329 -0.220659 5.468334
v 0.556660 -0.233183 5.459066
v 0.540501 -0.252135 5.457682
v 0.530067 -0.278375 5.461881
v 0.520827 -0.289013 5.465691
v 0.500555 -0.291217 5.469545
v 0.494995 -0.303243 5.474326
v 0.503071 -0.317409 5.478079
v 0.500147 -0.327912 5.481339
v 0.493009 -0.312867 5.478441
v 0.450819 -0.380982 5.531781
v 0.440175 -0.388744 5.544424
v 0.427770 -0.390035 5.554977
v 0.418165 -0.386783 5.565529
v 0.413443 -0.382874 5.571982
v 0.410719 -0.375741 5.576540
v 0.411893 -0.362330 5.577722
v 0.428597 -0.315261 5.568816
v 0.437355 -0.292678 5.558807
v 0.453996 -0.215101 5.521225
v 0.459694 -0.197802 5.514395
v 0.477279 -0.130554 5.514013
v 0.469456 -0.151099 5.512029
v 0.483890 -0.108687 5.518377
v 0.477637 0.138252 5.697147
v 0.490011 0.121257 5.684928
v 0.473467 0.114851 5.678766
v 0.460437 0.131628 5.689450
v 0.556199 0.079286 5.671972
v 0.538639 0.084602 5.665514
v 0.414493 0.056518 5.683977
v 0.425455 0.075803 5.676527
v 0.440179 0.091969 5.673635
v 0.456762 0.104678 5.674282
v 0.407709 0.038316 5.694531
v 0.432062 -0.030834 5.769699
v 0.423204 -0.018951 5.754416
v 0.469329 -0.058097 5.805490
v 0.454703 -0.051042 5.796105
v 0.405944 0.022008 5.708429
v 0.442324 -0.042031 5.783864
v 0.415142 -0.006396 5.738966
v 0.408771 0.007375 5.723552
v 0.498411 0.103634 5.670645
v 0.514630 0.105026 5.676444
v 0.522565 0.087052 5.659831
v 0.580947 -0.125198 5.493644
v 0.560475 -0.133388 5.487900
v 0.540763 -0.144935 5.484131
v 0.524723 -0.172532 5.475648
v 0.505955 -0.188452 5.473684
v 0.503796 -0.175291 5.480385
v 0.521576 -0.159472 5.481936
v 0.476461 -0.226026 5.486976
v 0.468967 -0.238429 5.494533
v 0.465495 -0.232002 5.499112
v 0.474825 -0.214848 5.490008
v 0.457949 -0.245296 5.506841
v 0.450404 -0.260246 5.515875
v 0.444282 -0.277434 5.527147
v 0.438647 -0.296781 5.536102
v 0.446776 -0.303770 5.516289
v 0.452105 -0.289457 5.508585
v 0.480565 -0.233549 5.482844
v 0.491353 -0.218653 5.473958
v 0.584269 -0.154517 5.490769
v 0.602109 -0.147848 5.501317
v 0.438997 -0.182209 5.581480
v 0.436954 -0.174503 5.566773
v 0.438595 -0.168836 5.552922
v 0.444061 -0.165381 5.540743
v 0.449873 -0.164392 5.529099
v 0.457781 -0.164855 5.518585
v 0.466724 -0.167462 5.509863
v 0.463847 -0.181908 5.510629
v 0.474229 -0.171403 5.502529
v 0.468822 -0.188162 5.505074
v 0.480668 -0.176826 5.494946
v 0.485370 -0.184085 5.487794
v 0.487516 -0.194691 5.482077
v 0.488710 -0.207311 5.477777
v 0.524334 -0.186709 5.469352
v 0.505793 -0.202071 5.468775
v 0.544730 -0.188022 5.468091
v 0.544679 -0.201363 5.463666
v 0.545972 -0.158520 5.478390
v 0.544812 -0.173290 5.473232
v 0.580818 -0.278990 5.472992
v 0.595747 -0.267672 5.473556
v 0.419570 -0.354726 5.562025
v 0.416047 -0.363604 5.567709
v 0.416256 -0.355030 5.569252
v 0.418858 -0.351072 5.564062
v 0.418135 -0.369116 5.563604
v 0.425452 -0.361307 5.551250
v 0.422616 -0.374234 5.558066
v 0.420830 -0.358955 5.559599
v 0.430341 -0.376261 5.548946
v 0.432017 -0.364116 5.543843
v 0.439066 -0.375862 5.539575
v 0.439004 -0.364843 5.535566
v 0.444230 -0.364312 5.529078
v 0.446371 -0.371242 5.530154
v 0.454307 -0.330805 5.507287
v 0.450340 -0.344265 5.514869
v 0.446787 -0.355693 5.522646
v 0.432582 -0.315162 5.543165
v 0.427924 -0.332280 5.548251
v 0.424492 -0.346454 5.553126
v 0.428641 -0.348731 5.545533
v 0.431868 -0.334231 5.540318
v 0.436288 -0.316803 5.534024
v 0.583273 -0.136830 5.492363
v 0.565582 -0.147398 5.483011
v 0.461631 -0.252300 5.501400
v 0.455770 -0.265061 5.507876
v 0.450142 -0.279787 5.515698
v 0.442866 -0.298508 5.525569
v 0.460193 -0.272999 5.500875
v 0.466971 -0.259985 5.494706
v 0.473533 -0.247037 5.489308
v 0.566595 -0.161976 5.480629
v 0.601243 -0.129263 5.502341
v 0.520990 -0.336510 5.559097
v 0.526352 -0.347716 5.535882
v 0.520861 -0.349814 5.511665
v 0.510338 -0.342108 5.492029
v 0.651279 -0.260151 5.492917
v 0.402786 -0.485990 5.688518
v 0.608604 -0.080146 5.526948
v 0.614109 -0.096819 5.517335
v 0.593484 -0.028601 5.572158
v 0.598301 -0.040708 5.553515
v 0.548253 0.065570 5.643285
v 0.564051 0.060448 5.649825
v 0.570561 0.040948 5.628020
v 0.570784 0.093929 5.698409
v 0.573048 0.072975 5.681857
v 0.583723 0.032471 5.634448
v 0.587043 0.011777 5.613886
v 0.585521 -0.061640 5.532099
v 0.601869 -0.115843 5.501672
v 0.620393 -0.125389 5.510655
v 0.621944 -0.139771 5.510513
v 0.625657 -0.155328 5.506428
v 0.469368 -0.221298 5.666844
v 0.475584 -0.232009 5.655074
v 0.483235 -0.232287 5.662373
v 0.476818 -0.221760 5.674055
v 0.459329 -0.217701 5.651605
v 0.465342 -0.228415 5.640735
v 0.469776 -0.230479 5.647660
v 0.463303 -0.219587 5.659126
v 0.461637 -0.225421 5.633882
v 0.455733 -0.214061 5.644626
v 0.463668 -0.208085 5.676957
v 0.458130 -0.206512 5.669167
v 0.470667 -0.208528 5.683961
v 0.451161 -0.202033 5.654277
v 0.454177 -0.204684 5.661670
v 0.580634 -0.389627 5.590814
v 0.573289 -0.403272 5.598726
v 0.581051 -0.444613 5.590967
v 0.583674 -0.446337 5.587595
v 0.601622 -0.355158 5.574370
v 0.602660 -0.343057 5.574087
v 0.578961 -0.428513 5.599487
v 0.575464 -0.416110 5.605388
v 0.589616 -0.468809 5.583388
v 0.589652 -0.464778 5.584026
v 0.586097 -0.455755 5.589723
v 0.585734 -0.451082 5.590516
v 0.605512 -0.330385 5.574228
v 0.592478 -0.377423 5.584803
v 0.611244 -0.306412 5.575733
v 0.612027 -0.297482 5.577820
v 0.602550 -0.291417 5.578146
v 0.598380 -0.284949 5.586483
v 0.537298 -0.208815 5.696278
v 0.557278 -0.233453 5.657742
v 0.551810 -0.231502 5.671157
v 0.563523 -0.241985 5.645277
v 0.592052 -0.280081 5.597469
v 0.608437 -0.317381 5.574648
v 0.581795 -0.440500 5.593937
v 0.581367 -0.434550 5.595141
v 0.588978 -0.460850 5.585277
v 0.587529 -0.457936 5.587523
v 0.590128 -0.259454 5.625692
v 0.582698 -0.248980 5.639479
v 0.544791 -0.221290 5.684320
v 0.541940 -0.187383 5.710961
v 0.536398 -0.164420 5.717247
v 0.597221 -0.269196 5.612848
v 0.533721 -0.143365 5.716302
v 0.343216 0.151859 5.818511
v 0.350087 0.164386 5.841083
v 0.370077 0.179753 5.834744
v 0.362433 0.169857 5.817814
v 0.372934 0.157530 5.778302
v 0.379519 0.149404 5.754992
v 0.388234 0.139114 5.731333
v 0.385899 0.189031 5.850515
v 0.424520 0.203176 5.845629
v 0.409689 0.194754 5.865665
v 0.404823 0.156707 5.736729
v 0.395447 0.166005 5.759966
v 0.373501 0.177796 5.816063
v 0.379259 0.176925 5.802562
v 0.364616 0.163286 5.798727
v 0.400411 0.195726 5.834591
v 0.382853 0.185925 5.824833
v 0.512760 0.138882 5.714731
v 0.502630 0.154556 5.730008
v 0.527710 0.150984 5.740870
v 0.442828 0.118677 5.683817
v 0.446608 0.145892 5.703367
v 0.494094 0.175015 5.900567
v 0.394064 0.187643 5.809718
v 0.436892 0.205131 5.824122
v 0.413296 0.197756 5.816021
v 0.463632 0.182774 5.757213
v 0.442000 0.177711 5.749666
v 0.432432 0.187788 5.771284
v 0.455477 0.193566 5.777635
v 0.422908 0.169172 5.743035
v 0.434358 0.158110 5.721821
v 0.472418 0.169374 5.737782
v 0.452704 0.165446 5.729099
v 0.464615 0.152586 5.711351
v 0.412772 0.178648 5.765967
v 0.448099 0.202186 5.800880
v 0.473550 0.203910 5.810509
v 0.499486 0.196946 5.822330
v 0.525098 0.186322 5.838343
v 0.534794 0.181204 5.816516
v 0.483054 0.155206 5.720422
v 0.505096 0.121947 5.691165
v 0.494925 0.139474 5.705290
v 0.531164 0.069289 5.640266
v 0.194430 -0.052659 5.936945
v 0.432005 0.069296 5.939442
v 0.422932 0.046689 5.933454
v 0.335501 0.057222 5.765145
v 0.331053 0.118493 5.789833
v 0.347966 0.143215 5.794519
v 0.407309 0.015632 5.914139
v 0.399269 0.002489 5.894112
v 0.339929 0.024637 5.772991
v 0.361809 -0.005677 5.815866
v 0.415892 0.030758 5.926369
v 0.386878 0.172685 5.784151
v 0.402740 0.184928 5.790368
v 0.423546 0.195346 5.794434
v 0.464039 0.206831 5.834658
v 0.490842 0.200589 5.845006
v 0.516039 0.187390 5.858404
v 0.441303 -0.005656 5.877635
v 0.453296 -0.010403 5.881415
v 0.446984 -0.010674 5.876281
v 0.464955 -0.015945 5.876728
v 0.460357 -0.012467 5.885064
v 0.449573 -0.004068 5.888008
v 0.459040 -0.004879 5.894135
v 0.455466 0.003440 5.903658
v 0.429639 -0.024629 5.781403
v 0.419489 -0.012456 5.765757
v 0.467214 -0.050265 5.817694
v 0.454039 -0.043850 5.808069
v 0.396684 0.028308 5.718194
v 0.441517 -0.035337 5.795818
v 0.409583 -0.000417 5.749698
v 0.400816 0.013363 5.733363
v 0.550291 0.159485 5.772195
v 0.556538 0.144950 5.752872
v 0.481108 -0.054076 5.824983
v 0.577730 -0.403434 5.603266
v 0.585024 -0.390121 5.594331
v 0.643670 -0.545137 5.505445
v 0.658824 -0.311175 5.498244
v 0.614801 -0.512746 5.545552
v 0.585023 -0.446613 5.588823
v 0.588498 -0.472009 5.584413
v 0.610891 -0.287378 5.581977
v 0.606892 -0.280301 5.590590
v 0.451471 0.071495 5.939554
v 0.601670 -0.276492 5.602519
v 0.452520 0.079631 5.941655
v 0.590041 -0.010870 5.590433
v 0.139817 0.201526 6.279707
v 0.150250 0.209144 6.273788
v 0.142297 0.225092 6.293886
v 0.133034 0.216481 6.300198
v 0.155023 0.229929 6.252298
v 0.157920 0.221715 6.262547
v 0.146480 0.237271 6.244519
v 0.133716 0.240362 6.240333
v 0.132695 0.255074 6.264874
v 0.144481 0.253310 6.267341
v 0.122658 0.238290 6.240270
v 0.110580 0.249783 6.265425
v 0.111965 0.234138 6.242101
v 0.097966 0.224222 6.249662
v 0.098444 0.238806 6.272345
v 0.090388 0.211824 6.262220
v 0.089656 0.225872 6.283429
v 0.092440 0.200396 6.275301
v 0.126132 0.196223 6.283564
v 0.119127 0.208444 6.305249
v 0.152252 0.245915 6.275020
v 0.152696 0.238684 6.283848
v 0.147390 0.231798 6.288933
v 0.155336 0.214494 6.269646
v 0.137603 0.238834 6.316632
v 0.131729 0.224365 6.326035
v 0.151547 0.263190 6.297323
v 0.146585 0.254630 6.304938
v 0.131720 0.269891 6.288318
v 0.145417 0.270450 6.289513
v 0.105719 0.267417 6.285425
v 0.118408 0.268846 6.286697
v 0.121221 0.253125 6.264475
v 0.094932 0.255409 6.291934
v 0.084209 0.239361 6.303659
v 0.113608 0.217039 6.327701
v 0.141743 0.248201 6.309734
v -0.039240 0.202577 6.404595
v -0.036909 0.199944 6.402172
v -0.034937 0.197105 6.404911
v -0.036483 0.198845 6.409387
v -0.025426 0.177517 6.426651
v -0.023121 0.170826 6.421641
v -0.017140 0.168840 6.427114
v -0.017580 0.174461 6.434370
v -0.034657 0.186394 6.418097
v -0.033539 0.191043 6.419545
v -0.036118 0.193828 6.416757
v -0.038573 0.190690 6.413419
v -0.029311 0.228802 6.384747
v -0.028753 0.232767 6.387537
v -0.030081 0.235694 6.384482
v -0.030731 0.233429 6.381646
v -0.035367 0.213033 6.398405
v -0.034573 0.217333 6.400795
v -0.035575 0.219903 6.397881
v -0.037223 0.217967 6.394619
v -0.006569 0.184184 6.412456
v 0.004110 0.177915 6.418840
v -0.008612 0.172815 6.424359
v -0.016855 0.176060 6.416101
v -0.004102 0.176141 6.433857
v 0.008858 0.183434 6.429188
v 0.003226 0.192266 6.431371
v -0.008180 0.184147 6.433337
v -0.007472 0.196910 6.424438
v -0.017429 0.189471 6.427156
v -0.012558 0.193419 6.415107
v -0.024063 0.185569 6.416955
v -0.023749 0.201266 6.405431
v -0.019491 0.194103 6.403110
v -0.030719 0.189790 6.407050
v -0.034725 0.196801 6.407537
v -0.014607 0.188228 6.409758
v -0.026928 0.185416 6.412037
v -0.014364 0.192299 6.418216
v -0.016053 0.199562 6.418712
v -0.027157 0.193610 6.420298
v -0.025427 0.185855 6.420274
v -0.020806 0.203812 6.412857
v -0.031537 0.198917 6.414813
v -0.024259 0.206977 6.393124
v -0.020115 0.201253 6.399960
v -0.029383 0.199088 6.403756
v -0.032950 0.203195 6.398750
v -0.028791 0.200481 6.411538
v -0.020605 0.204564 6.408602
v -0.022872 0.211117 6.408307
v -0.031410 0.206165 6.411063
v -0.027101 0.215875 6.402294
v -0.035166 0.210181 6.406432
v -0.028544 0.213244 6.395231
v -0.036839 0.208461 6.400063
v -0.027281 0.228057 6.384676
v -0.024184 0.222044 6.381975
v -0.031886 0.218303 6.387884
v -0.033973 0.223359 6.390671
v -0.022248 0.216434 6.387416
v -0.029439 0.213854 6.391124
v -0.028268 0.213299 6.397695
v -0.023304 0.217047 6.393979
v -0.024209 0.224391 6.396979
v -0.029754 0.219761 6.400768
v -0.026418 0.230442 6.391777
v -0.032951 0.224748 6.396015
v -0.019948 0.238215 6.371070
v -0.026391 0.233800 6.374586
v -0.027641 0.238671 6.377712
v -0.020459 0.244185 6.374724
v -0.019247 0.231953 6.375412
v -0.024139 0.228911 6.378907
v -0.023345 0.229626 6.384530
v -0.020405 0.233273 6.380916
v -0.020104 0.239135 6.385610
v -0.024342 0.235215 6.388067
v -0.020490 0.244342 6.380935
v -0.026906 0.240208 6.383529
v 0.001678 0.193365 6.407457
v 0.015428 0.184090 6.413424
v -0.016397 0.179745 6.433591
v 0.019631 0.191038 6.424496
v -0.021337 0.182502 6.429845
v -0.000307 0.205470 6.419491
v 0.013615 0.200121 6.426455
v -0.006922 0.196393 6.414933
v -0.035812 0.187486 6.410666
v -0.010932 0.215473 6.408751
v -0.015628 0.206041 6.405839
v -0.033428 0.184906 6.413377
v -0.007696 0.203142 6.397415
v -0.012185 0.217297 6.386746
v -0.036518 0.203434 6.410247
v -0.038499 0.205459 6.407516
v -0.016814 0.227996 6.397569
v -0.021728 0.218176 6.392583
v -0.035659 0.215549 6.391538
v -0.016906 0.240846 6.387240
v -0.020546 0.233330 6.381014
v -0.034087 0.212643 6.393795
v -0.013304 0.231155 6.374911
v -0.028410 0.231123 6.380307
v -0.013757 0.251571 6.379647
v -0.013205 0.251600 6.371114
v -0.027850 0.228119 6.381673
v -0.012504 0.243295 6.366769
v 0.105552 0.205266 6.305724
v 0.112701 0.193208 6.285428
v 0.100866 0.194776 6.282481
v 0.094678 0.207733 6.302114
v 0.089251 0.214241 6.295164
v 0.097113 0.212976 6.326410
v 0.085955 0.217322 6.320896
v 0.082105 0.226529 6.315036
v 0.091912 0.272479 6.305258
v 0.104395 0.282673 6.299423
v 0.118899 0.282916 6.301295
v 0.132874 0.285168 6.302028
v 0.146850 0.285245 6.304292
v 0.106402 0.224374 6.344646
v 0.088231 0.216421 6.343983
v 0.074915 0.219183 6.337636
v 0.070727 0.232428 6.329765
v 0.030974 0.188453 6.407602
v 0.019278 0.196155 6.397266
v 0.035539 0.198664 6.386482
v 0.044526 0.198294 6.399640
v 0.009804 0.207473 6.388605
v 0.026397 0.209962 6.377293
v 0.004423 0.221028 6.379633
v 0.020820 0.224925 6.370464
v 0.000971 0.235062 6.369729
v 0.016452 0.240014 6.363298
v -0.002207 0.248614 6.362487
v 0.012743 0.255515 6.358547
v -0.005220 0.259648 6.365757
v 0.009535 0.267768 6.361505
v 0.034067 0.196403 6.420635
v 0.047984 0.207200 6.411829
v 0.027513 0.210827 6.423800
v 0.041081 0.221851 6.416551
v 0.017183 0.220926 6.415462
v 0.032461 0.232459 6.409293
v 0.009853 0.272239 6.372862
v -0.004371 0.262246 6.377326
v 0.009083 0.231802 6.404373
v 0.024969 0.242839 6.398378
v 0.002848 0.244141 6.394915
v 0.018676 0.255252 6.389655
v -0.001221 0.254813 6.386195
v 0.013809 0.265985 6.381742
v 0.053930 0.204994 6.375823
v 0.044074 0.212622 6.363549
v 0.038881 0.228773 6.357560
v 0.035054 0.245749 6.353266
v 0.032129 0.263282 6.352293
v 0.028407 0.276550 6.355231
v 0.055981 0.255390 6.337292
v 0.053808 0.274717 6.345648
v 0.049276 0.285986 6.351448
v 0.070304 0.296341 6.347276
v 0.073963 0.287492 6.338565
v 0.108784 0.308250 6.330039
v 0.093048 0.299045 6.333036
v 0.089116 0.308332 6.341794
v 0.105226 0.318922 6.339327
v 0.075574 0.272743 6.327328
v 0.094089 0.285008 6.320801
v 0.109102 0.292935 6.316760
v 0.131302 0.325606 6.339615
v 0.134349 0.316294 6.327249
v 0.121170 0.313372 6.328647
v 0.117867 0.324404 6.338462
v 0.145892 0.321115 6.347101
v 0.150850 0.312775 6.333496
v 0.153457 0.300872 6.345331
v 0.150323 0.308913 6.357878
v 0.134381 0.300244 6.314498
v 0.121795 0.297539 6.315834
v 0.148797 0.298737 6.317861
v 0.151978 0.288466 6.328076
v 0.142813 0.287760 6.354167
v 0.142207 0.276611 6.336768
v 0.143023 0.294564 6.367186
v 0.060328 0.212373 6.390104
v 0.062671 0.222634 6.398914
v 0.055379 0.232030 6.342707
v 0.060981 0.216688 6.349962
v 0.075923 0.214781 6.362115
v 0.080136 0.224655 6.380598
v 0.079294 0.238603 6.388268
v 0.099454 0.241670 6.374604
v 0.095702 0.253091 6.381161
v 0.057724 0.233992 6.402133
v 0.074559 0.248027 6.388630
v 0.091451 0.262296 6.382102
v 0.114595 0.255481 6.369162
v 0.111618 0.265750 6.377359
v 0.125229 0.268302 6.362707
v 0.123607 0.276147 6.373831
v 0.133511 0.284670 6.371064
v 0.133441 0.277968 6.358390
v 0.128277 0.258829 6.347606
v 0.134792 0.267405 6.341908
v 0.117708 0.246687 6.354510
v 0.101451 0.231138 6.360316
v 0.028509 0.281667 6.365979
v 0.048299 0.290811 6.359795
v 0.069363 0.299867 6.355103
v 0.088474 0.311857 6.352184
v 0.104747 0.321185 6.351005
v 0.116416 0.325289 6.351059
v 0.127934 0.326562 6.352051
v 0.138904 0.321841 6.357009
v 0.142752 0.312851 6.364523
v 0.136815 0.302061 6.372842
v 0.128600 0.293703 6.377536
v 0.107387 0.274917 6.380553
v 0.119545 0.285319 6.379591
v 0.126174 0.235719 6.342380
v 0.134885 0.247736 6.334314
v 0.139066 0.256947 6.327490
v 0.150704 0.276301 6.312674
v 0.143470 0.265451 6.321537
v 0.050433 0.244574 6.397921
v 0.043096 0.255795 6.388890
v 0.036924 0.267709 6.381282
v 0.031913 0.277003 6.374189
v 0.051390 0.287798 6.367054
v 0.056366 0.280367 6.373403
v 0.062573 0.269670 6.380660
v 0.068958 0.257641 6.386049
v 0.071447 0.297650 6.362383
v 0.075492 0.291599 6.368565
v 0.081966 0.282560 6.375914
v 0.086625 0.271954 6.380649
v 0.103185 0.284531 6.379671
v 0.099748 0.293770 6.374674
v 0.093742 0.302130 6.366763
v 0.090974 0.308083 6.360408
v 0.106397 0.315944 6.359121
v 0.108616 0.309392 6.365342
v 0.113549 0.301672 6.372485
v 0.115793 0.293850 6.377637
v 0.116114 0.319424 6.358837
v 0.132566 0.318967 6.361758
v 0.124840 0.320907 6.359209
v 0.135741 0.313708 6.366641
v 0.130966 0.306538 6.371695
v 0.124043 0.300256 6.375213
v 0.126700 0.309933 6.368565
v 0.120917 0.306230 6.370531
v 0.117270 0.312891 6.364377
v 0.123835 0.315265 6.363578
v 0.130724 0.313314 6.366354
v 0.129058 0.315985 6.363729
v 0.077362 0.252714 6.319919
v 0.654893 -0.275692 5.493472
v 0.635386 -0.205499 5.498235
v 0.119542 -0.018775 6.106874
v 0.105229 -0.015494 6.102445
v 0.093196 -0.012352 6.089946
v 0.356449 0.007206 5.786987
v 0.450877 -0.053503 5.725164
v 0.454852 -0.077889 5.705976
v 0.452726 -0.064533 5.716030
v 0.341597 0.004125 5.795980
v 0.437075 -0.076816 5.650333
v 0.506871 0.184569 5.879436
v 0.628856 -0.170074 5.503346
v 0.482957 -0.242667 5.642561
v 0.543074 0.171437 5.792833
v 0.592650 -0.428529 5.459277
v 0.594183 -0.426687 5.461655
v 0.594263 -0.422854 5.462703
v 0.597162 -0.419103 5.461928
v 0.597005 -0.416591 5.460994
v 0.596556 -0.413666 5.458692
v 0.595294 -0.422588 5.458670
v 0.596440 -0.421756 5.459206
v 0.595792 -0.424063 5.459835
v 0.594976 -0.424208 5.459236
v 0.575455 -0.236155 5.651565
v 0.568770 -0.228908 5.663776
v 0.562182 -0.228095 5.678176
v 0.554928 -0.218161 5.690494
v 0.582557 -0.444707 5.592429
v 0.496365 -0.058852 5.791331
v 0.499400 -0.057338 5.784820
v 0.578721 0.052496 5.657542
v 0.488826 -0.065666 5.802478
v 0.501407 -0.063430 5.778222
v 0.603131 -0.060681 5.539037
v 0.547512 -0.204656 5.702075
v 0.484562 -0.062582 5.812824
v 0.619261 -0.111895 5.509082
v 0.503794 -0.073806 5.769814
v 0.468508 -0.024710 5.865657
v 0.515921 -0.107539 5.739045
v 0.670779 -0.521863 5.544087
v 0.679988 -0.508978 5.549654
v 0.666831 -0.508274 5.557162
v 0.656243 -0.517282 5.552971
v 0.656891 -0.505777 5.563664
v 0.647281 -0.511391 5.560153
v 0.684923 -0.495885 5.553447
v 0.673337 -0.497640 5.559608
v 0.668527 -0.467590 5.578023
v 0.670398 -0.474217 5.572004
v 0.677304 -0.467913 5.571443
v 0.673871 -0.458663 5.578176
v 0.658896 -0.447344 5.590379
v 0.660900 -0.433997 5.589900
v 0.649504 -0.434009 5.596506
v 0.647553 -0.446683 5.595562
v 0.618067 -0.469350 5.582324
v 0.623620 -0.473197 5.580146
v 0.626482 -0.469051 5.586740
v 0.620368 -0.464365 5.588528
v 0.612409 -0.480033 5.574595
v 0.607670 -0.486318 5.573293
v 0.612180 -0.487485 5.568127
v 0.616785 -0.481583 5.570359
v 0.611593 -0.465615 5.583133
v 0.614483 -0.460215 5.588975
v 0.611309 -0.472487 5.579987
v 0.616062 -0.474501 5.577602
v 0.602550 -0.475310 5.587555
v 0.598343 -0.478908 5.588694
v 0.600792 -0.483388 5.585148
v 0.605160 -0.477550 5.583718
v 0.608034 -0.468636 5.583710
v 0.604155 -0.467851 5.585248
v 0.604674 -0.471303 5.586173
v 0.607786 -0.472424 5.583507
v 0.608049 -0.478633 5.578510
v 0.603856 -0.484919 5.578809
v 0.598297 -0.489877 5.579080
v 0.594503 -0.487544 5.586249
v 0.626108 -0.451638 5.597805
v 0.619979 -0.449898 5.597945
v 0.617355 -0.455408 5.594302
v 0.623424 -0.458424 5.593930
v 0.605216 -0.463131 5.585529
v 0.602534 -0.451591 5.596045
v 0.597196 -0.454237 5.594477
v 0.598333 -0.457117 5.592313
v 0.604282 -0.453875 5.594057
v 0.629024 -0.435942 5.602738
v 0.626980 -0.427848 5.604924
v 0.619455 -0.432185 5.604366
v 0.621252 -0.437449 5.602811
v 0.615677 -0.426408 5.605845
v 0.623089 -0.420406 5.606197
v 0.609233 -0.408331 5.609054
v 0.603598 -0.419814 5.608831
v 0.610624 -0.422336 5.607311
v 0.616803 -0.413595 5.607671
v 0.593171 -0.428407 5.604645
v 0.595022 -0.418286 5.610139
v 0.587191 -0.417118 5.609822
v 0.587234 -0.428352 5.603368
v 0.601350 -0.443249 5.593873
v 0.601786 -0.448383 5.596654
v 0.605939 -0.445384 5.597213
v 0.606020 -0.442785 5.595964
v 0.609506 -0.440777 5.596899
v 0.609712 -0.441799 5.597316
v 0.610938 -0.442415 5.597922
v 0.610503 -0.440661 5.598105
v 0.608263 -0.441743 5.596513
v 0.608633 -0.440733 5.595907
v 0.605880 -0.441523 5.596220
v 0.601295 -0.443095 5.596774
v 0.586740 -0.444866 5.595152
v 0.588688 -0.446496 5.590649
v 0.591858 -0.445777 5.591668
v 0.590530 -0.444842 5.596548
v 0.609486 -0.444975 5.597741
v 0.606978 -0.447891 5.597064
v 0.608653 -0.449946 5.595726
v 0.611757 -0.446655 5.597722
v 0.615011 -0.448681 5.597692
v 0.616528 -0.444120 5.599799
v 0.613099 -0.443430 5.598799
v 0.609172 -0.439808 5.598558
v 0.612636 -0.440100 5.599925
v 0.611164 -0.438179 5.600632
v 0.608397 -0.436485 5.601155
v 0.606316 -0.439625 5.598877
v 0.601933 -0.440049 5.599222
v 0.603902 -0.435042 5.601304
v 0.598073 -0.435405 5.601699
v 0.596408 -0.440376 5.599497
v 0.612596 -0.453189 5.594537
v 0.616015 -0.438872 5.601697
v 0.621274 -0.444265 5.600423
v 0.614377 -0.435280 5.602835
v 0.611130 -0.431985 5.603663
v 0.600391 -0.428346 5.605148
v 0.606580 -0.429513 5.604632
v 0.599840 -0.406654 5.609912
v 0.590613 -0.405593 5.609426
v 0.651085 -0.501171 5.565187
v 0.644336 -0.503766 5.561641
v 0.650824 -0.493419 5.566936
v 0.647409 -0.495906 5.565646
v 0.648089 -0.497275 5.564487
v 0.652683 -0.494639 5.566763
v 0.664883 -0.478835 5.570720
v 0.663790 -0.474367 5.574903
v 0.659415 -0.479510 5.571115
v 0.660031 -0.482652 5.569079
v 0.647693 -0.478738 5.575745
v 0.647848 -0.484671 5.571583
v 0.651634 -0.483960 5.570788
v 0.652833 -0.478031 5.575444
v 0.643853 -0.485628 5.570608
v 0.642640 -0.480046 5.574330
v 0.638495 -0.481442 5.571582
v 0.640131 -0.486649 5.568794
v 0.643883 -0.498406 5.561800
v 0.642836 -0.496702 5.562711
v 0.638446 -0.495843 5.559381
v 0.638365 -0.497624 5.557937
v 0.628991 -0.488725 5.555582
v 0.626273 -0.489028 5.555201
v 0.627896 -0.491451 5.553480
v 0.630735 -0.490186 5.554919
v 0.629989 -0.488237 5.557850
v 0.627207 -0.486604 5.558068
v 0.674710 -0.535998 5.523853
v 0.686942 -0.523328 5.532024
v 0.657828 -0.532026 5.538520
v 0.694246 -0.508522 5.540034
v 0.696961 -0.493044 5.546426
v 0.650105 -0.421777 5.597140
v 0.637521 -0.424346 5.602429
v 0.637938 -0.435108 5.600791
v 0.647397 -0.410273 5.598295
v 0.633048 -0.413840 5.603935
v 0.618078 -0.394528 5.602425
v 0.626747 -0.402958 5.604053
v 0.661042 -0.407879 5.587860
v 0.658583 -0.396052 5.584356
v 0.642043 -0.396419 5.595835
v 0.672881 -0.398795 5.572215
v 0.673490 -0.390640 5.565940
v 0.656167 -0.381850 5.576940
v 0.637474 -0.346802 5.579867
v 0.651309 -0.346838 5.577606
v 0.653004 -0.331118 5.579374
v 0.640145 -0.331641 5.581603
v 0.662324 -0.420233 5.588968
v 0.686692 -0.470578 5.562059
v 0.684423 -0.458953 5.568552
v 0.678049 -0.477326 5.565520
v 0.723520 -0.496161 5.517194
v 0.722257 -0.482683 5.527830
v 0.709883 -0.488588 5.538119
v 0.709376 -0.503617 5.528647
v 0.711974 -0.525449 5.486485
v 0.720477 -0.511991 5.501817
v 0.703817 -0.520936 5.517745
v 0.694193 -0.534110 5.505660
v 0.732109 -0.473281 5.519074
v 0.736343 -0.484039 5.505566
v 0.745699 -0.467514 5.495478
v 0.739724 -0.460873 5.510530
v 0.736849 -0.496543 5.485983
v 0.748457 -0.475533 5.473742
v 0.681130 -0.386716 5.558987
v 0.669851 -0.374529 5.566385
v 0.665094 -0.360667 5.570578
v 0.651714 -0.364031 5.576944
v 0.745726 -0.480773 5.450509
v 0.731053 -0.507780 5.466243
v 0.738969 -0.412935 5.491764
v 0.735041 -0.417312 5.507879
v 0.739499 -0.432780 5.507186
v 0.745966 -0.429715 5.488665
v 0.740911 -0.407542 5.473893
v 0.749015 -0.426784 5.467386
v 0.706629 -0.379031 5.513745
v 0.706145 -0.372023 5.501468
v 0.692941 -0.365147 5.509585
v 0.693407 -0.371366 5.520699
v 0.663939 -0.498548 5.565470
v 0.668299 -0.490358 5.566295
v 0.660764 -0.491267 5.567665
v 0.656835 -0.496779 5.567186
v 0.686301 -0.483145 5.557128
v 0.676915 -0.487009 5.561851
v 0.707388 -0.474332 5.544564
v 0.718776 -0.470064 5.535968
v 0.734170 -0.453597 5.520365
v 0.727340 -0.464020 5.527499
v 0.729567 -0.419944 5.518568
v 0.732202 -0.430229 5.518651
v 0.691048 -0.385012 5.545996
v 0.692316 -0.377566 5.532232
v 0.682997 -0.364838 5.540942
v 0.679834 -0.370015 5.554501
v 0.683542 -0.356639 5.517018
v 0.683064 -0.360399 5.527862
v 0.671968 -0.340724 5.561708
v 0.675453 -0.335665 5.549507
v 0.676072 -0.323885 5.550503
v 0.671453 -0.326233 5.562069
v 0.678270 -0.319154 5.537204
v 0.676276 -0.333849 5.535662
v 0.676257 -0.328666 5.523556
v 0.678026 -0.314065 5.523626
v 0.617278 -0.330995 5.579672
v 0.627619 -0.331507 5.580851
v 0.630311 -0.318918 5.583040
v 0.619422 -0.318919 5.580714
v 0.674715 -0.311161 5.560431
v 0.680964 -0.309269 5.548673
v 0.705396 -0.386757 5.525175
v 0.704587 -0.394520 5.534912
v 0.683508 -0.305154 5.536125
v 0.677942 -0.350922 5.546801
v 0.678181 -0.347377 5.533883
v 0.681762 -0.351417 5.506571
v 0.690198 -0.359337 5.499122
v 0.620709 -0.477029 5.574410
v 0.631847 -0.484649 5.564828
v 0.629279 -0.485630 5.561346
v 0.631502 -0.487547 5.559888
v 0.633743 -0.487521 5.562912
v 0.631179 -0.524420 5.543684
v 0.643635 -0.523622 5.548839
v 0.635888 -0.514286 5.556119
v 0.623640 -0.511929 5.551643
v 0.644421 -0.460812 5.592247
v 0.634091 -0.455165 5.596466
v 0.629935 -0.463035 5.592518
v 0.636742 -0.468863 5.588163
v 0.656557 -0.485384 5.568268
v 0.655308 -0.487857 5.567954
v 0.658226 -0.486696 5.567967
v 0.628166 -0.444182 5.600455
v 0.636795 -0.445482 5.599088
v 0.679266 -0.447084 5.575217
v 0.670631 -0.481611 5.567754
v 0.698293 -0.533339 5.470811
v 0.679175 -0.543962 5.494013
v 0.718534 -0.514782 5.447962
v 0.736184 -0.485647 5.429176
v 0.746856 -0.423550 5.445301
v 0.743969 -0.420051 5.422645
v 0.732072 -0.395939 5.434285
v 0.738617 -0.401174 5.454326
v 0.702219 -0.365774 5.489311
v 0.674722 -0.324988 5.510829
v 0.674570 -0.311561 5.512774
v 0.660362 -0.543431 5.515505
v 0.643494 -0.536045 5.532418
v 0.697006 -0.478230 5.550983
v 0.663963 -0.462611 5.583386
v 0.656652 -0.459690 5.588472
v 0.654918 -0.470335 5.583049
v 0.660447 -0.471174 5.579725
v 0.667741 -0.451304 5.584370
v 0.671206 -0.437318 5.581699
v 0.675680 -0.422317 5.577339
v 0.673873 -0.408639 5.576107
v 0.748569 -0.448925 5.488917
v 0.742842 -0.447165 5.505129
v 0.750655 -0.450602 5.443905
v 0.753038 -0.451473 5.467549
v 0.737425 -0.443348 5.514704
v 0.742857 -0.450714 5.421274
v 0.599388 -0.460508 5.589343
v 0.599601 -0.463925 5.586163
v 0.607065 -0.457934 5.590766
v 0.590893 -0.440318 5.598894
v 0.592330 -0.434649 5.600937
v 0.587081 -0.435107 5.599023
v 0.586277 -0.440718 5.597243
v 0.596566 -0.391009 5.600610
v 0.606512 -0.391812 5.601894
v 0.614890 -0.344669 5.580083
v 0.624682 -0.345019 5.580914
v 0.601096 -0.474525 5.585181
v 0.602636 -0.471874 5.583789
v 0.599742 -0.471884 5.581280
v 0.599985 -0.476446 5.584799
v 0.608407 -0.443332 5.597461
v 0.592450 -0.455616 5.593017
v 0.592228 -0.451487 5.593983
v 0.589361 -0.451375 5.592559
v 0.589406 -0.455711 5.591786
v 0.631935 -0.381442 5.590129
v 0.636193 -0.361923 5.580809
v 0.663245 -0.329165 5.572415
v 0.663202 -0.344662 5.571918
v 0.674586 -0.355858 5.560109
v 0.677854 -0.343796 5.522609
v 0.676921 -0.339778 5.510095
v 0.671329 -0.336984 5.501273
v 0.674780 -0.346137 5.498010
v 0.614625 -0.377445 5.591012
v 0.622772 -0.358016 5.582152
v 0.609785 -0.361768 5.583855
v 0.603728 -0.378129 5.590414
v 0.594352 -0.472718 5.585001
v 0.595757 -0.470391 5.584546
v 0.593061 -0.468794 5.584522
v 0.591717 -0.472299 5.585252
v 0.601836 -0.469462 5.585028
v 0.599757 -0.467134 5.584688
v 0.600037 -0.469192 5.584561
v 0.602454 -0.471230 5.585460
v 0.601023 -0.474401 5.586322
v 0.595055 -0.478185 5.586413
v 0.592156 -0.480697 5.589416
v 0.598107 -0.477140 5.586859
v 0.597104 -0.473124 5.582766
v 0.598344 -0.471499 5.583080
v 0.600870 -0.470742 5.582209
v 0.601872 -0.470680 5.583377
v 0.596910 -0.478242 5.585510
v 0.598926 -0.476686 5.585630
v 0.602599 -0.491933 5.572463
v 0.607961 -0.343558 5.577496
v 0.602305 -0.361749 5.582147
v 0.609238 -0.441265 5.596621
v 0.636139 -0.504438 5.557163
v 0.647458 -0.471870 5.584066
v 0.628316 -0.476525 5.576469
v 0.631782 -0.479775 5.572279
v 0.635772 -0.477388 5.576943
v 0.631952 -0.473231 5.582328
v 0.627540 -0.501544 5.554079
v 0.622556 -0.496156 5.553827
v 0.616741 -0.501764 5.553955
v 0.620669 -0.490370 5.556384
v 0.622323 -0.486361 5.559771
v 0.617099 -0.487156 5.563178
v 0.613116 -0.494450 5.559421
v 0.655662 -0.491013 5.567565
v 0.653434 -0.490670 5.567667
v 0.621175 -0.482516 5.566621
v 0.625149 -0.483561 5.563357
v 0.628324 -0.482075 5.567695
v 0.624729 -0.479400 5.571091
v 0.640862 -0.474708 5.581390
v 0.663801 -0.484630 5.568213
v 0.656930 -0.478096 5.573653
v 0.697030 -0.397534 5.547344
v 0.706985 -0.403623 5.540614
v 0.687950 -0.404128 5.563717
v 0.687514 -0.403013 5.558636
v 0.682520 -0.398617 5.559696
v 0.680847 -0.401383 5.563748
v 0.721663 -0.434931 5.532611
v 0.719875 -0.438191 5.534883
v 0.722800 -0.442600 5.532975
v 0.725839 -0.436621 5.528760
v 0.717902 -0.444487 5.538372
v 0.716282 -0.444688 5.540663
v 0.713453 -0.443971 5.543878
v 0.717399 -0.447444 5.538879
v 0.711392 -0.449095 5.543869
v 0.713908 -0.459625 5.541745
v 0.722997 -0.455678 5.533928
v 0.696029 -0.460345 5.555846
v 0.705388 -0.460884 5.547476
v 0.704487 -0.447836 5.548341
v 0.698635 -0.443957 5.554827
v 0.684454 -0.416379 5.568185
v 0.681820 -0.407683 5.567495
v 0.688650 -0.396603 5.554213
v 0.731068 -0.392898 5.482094
v 0.730342 -0.399270 5.498406
v 0.727574 -0.405026 5.511698
v 0.723471 -0.410411 5.522253
v 0.729102 -0.386562 5.464286
v 0.719909 -0.382066 5.447154
v 0.690043 -0.447711 5.564768
v 0.693250 -0.436374 5.560980
v 0.719833 -0.387464 5.506250
v 0.719344 -0.381187 5.491382
v 0.717679 -0.394377 5.518417
v 0.715664 -0.401929 5.528008
v 0.716717 -0.375882 5.475111
v 0.707150 -0.370418 5.462831
v 0.694299 -0.361423 5.479289
v 0.692873 -0.411317 5.564612
v 0.691053 -0.406240 5.566590
v 0.688275 -0.406220 5.565292
v 0.688712 -0.411790 5.564510
v 0.688642 -0.426409 5.565559
v 0.684132 -0.434843 5.570730
v 0.607489 -0.493706 5.566525
v 0.580915 -0.416583 5.607946
v 0.582824 -0.428427 5.601488
v 0.594293 -0.461787 5.588009
v 0.593469 -0.458603 5.590514
v 0.590495 -0.458307 5.589506
v 0.591430 -0.461643 5.587105
v 0.632077 -0.495327 5.554239
v 0.683297 -0.355314 5.489220
v 0.669000 -0.324226 5.502948
v 0.667544 -0.310792 5.504757
v 0.681392 -0.301636 5.523858
v 0.675565 -0.299824 5.513826
v 0.592063 -0.465222 5.585463
v 0.595033 -0.465020 5.586054
v 0.595840 -0.474936 5.582956
v 0.596616 -0.450858 5.595478
v 0.597625 -0.469623 5.584544
v 0.596020 -0.467640 5.585078
v 0.590795 -0.468746 5.583937
v 0.590630 -0.464924 5.584741
v 0.635038 -0.483209 5.568138
v 0.636789 -0.487348 5.565935
v 0.593689 -0.475886 5.585237
v 0.591141 -0.476087 5.587190
v 0.642944 -0.318532 5.583624
v 0.655543 -0.316632 5.580083
v 0.587473 -0.451209 5.591545
v 0.587685 -0.455674 5.590824
v 0.700622 -0.434715 5.554392
v 0.705085 -0.439268 5.549746
v 0.706852 -0.432033 5.550044
v 0.702780 -0.428020 5.554257
v 0.609822 -0.331117 5.577340
v 0.666286 -0.313622 5.571045
v 0.667533 -0.299665 5.505705
v 0.654467 -0.483631 5.569628
v 0.656164 -0.484009 5.568949
v 0.633984 -0.493193 5.556139
v 0.595872 -0.444228 5.597004
v 0.596429 -0.444673 5.592841
v 0.596773 -0.378232 5.588327
v 0.589621 -0.472204 5.585059
v 0.712112 -0.435155 5.542609
v 0.708823 -0.431260 5.542952
v 0.710358 -0.432834 5.546827
v 0.711994 -0.436296 5.545545
v 0.712710 -0.440099 5.546874
v 0.715482 -0.443194 5.545677
v 0.715578 -0.439464 5.546443
v 0.713197 -0.436690 5.546901
v 0.709728 -0.442202 5.545979
v 0.709826 -0.437173 5.548132
v 0.719098 -0.443791 5.544351
v 0.718547 -0.441335 5.545413
v 0.718195 -0.441097 5.537549
v 0.717301 -0.444743 5.539803
v 0.721738 -0.442273 5.536685
v 0.724603 -0.441774 5.542724
v 0.727010 -0.437375 5.534492
v 0.729474 -0.437457 5.540894
v 0.729299 -0.430013 5.534138
v 0.732970 -0.430810 5.539623
v 0.691307 -0.419681 5.562594
v 0.695439 -0.416867 5.560161
v 0.728236 -0.423316 5.536157
v 0.732950 -0.423998 5.540879
v 0.725604 -0.416674 5.539638
v 0.730499 -0.417270 5.543780
v 0.722153 -0.410431 5.544367
v 0.726022 -0.411329 5.547948
v 0.716924 -0.405683 5.549287
v 0.720328 -0.407348 5.552474
v 0.709618 -0.402349 5.555529
v 0.713525 -0.404998 5.556967
v 0.727770 -0.429405 5.538079
v 0.725988 -0.435107 5.538668
v 0.720500 -0.429960 5.532705
v 0.723093 -0.439688 5.542254
v 0.712192 -0.422303 5.542212
v 0.709536 -0.422216 5.543702
v 0.708668 -0.423584 5.543636
v 0.710226 -0.424319 5.542196
v 0.703214 -0.423715 5.553508
v 0.700284 -0.420762 5.556622
v 0.698613 -0.422702 5.558423
v 0.697945 -0.415890 5.558178
v 0.698332 -0.420078 5.554454
v 0.696762 -0.418482 5.555918
v 0.699609 -0.422384 5.551113
v 0.699263 -0.415629 5.556768
v 0.699779 -0.416122 5.558863
v 0.697748 -0.415052 5.553324
v 0.696629 -0.415740 5.553390
v 0.696153 -0.416830 5.550836
v 0.698461 -0.419443 5.547473
v 0.695774 -0.427912 5.559221
v 0.700816 -0.404442 5.549573
v 0.708375 -0.409146 5.544259
v 0.706579 -0.403477 5.561266
v 0.701972 -0.399839 5.561363
v 0.693052 -0.403502 5.566467
v 0.696292 -0.400350 5.565125
v 0.718901 -0.424699 5.534838
v 0.717193 -0.419381 5.537814
v 0.693372 -0.403634 5.555976
v 0.713335 -0.414034 5.540115
v 0.713184 -0.408855 5.555427
v 0.707566 -0.408773 5.557800
v 0.718361 -0.410162 5.551568
v 0.699054 -0.413693 5.561343
v 0.703083 -0.410698 5.560383
v 0.700845 -0.405368 5.563457
v 0.696339 -0.408379 5.564420
v 0.707706 -0.412662 5.557237
v 0.712701 -0.413098 5.555820
v 0.705816 -0.413139 5.553397
v 0.710684 -0.412940 5.552042
v 0.702120 -0.414614 5.555537
v 0.703746 -0.414269 5.558626
v 0.703495 -0.413320 5.551055
v 0.707807 -0.416491 5.547275
v 0.699046 -0.414680 5.552725
v 0.714854 -0.415163 5.550353
v 0.711613 -0.418165 5.544529
v 0.716393 -0.421222 5.547286
v 0.717613 -0.418849 5.549428
v 0.717223 -0.413931 5.553371
v 0.720388 -0.416241 5.549848
v 0.722378 -0.413477 5.547544
v 0.722686 -0.420220 5.545993
v 0.725202 -0.418600 5.543198
v 0.720231 -0.422122 5.547756
v 0.717681 -0.423715 5.546917
v 0.727465 -0.423728 5.539723
v 0.723851 -0.424376 5.542727
v 0.724892 -0.428973 5.541024
v 0.721569 -0.425263 5.544916
v 0.721502 -0.428798 5.543451
v 0.719138 -0.425908 5.545923
v 0.717874 -0.428088 5.544853
v 0.716601 -0.439534 5.543977
v 0.713862 -0.438573 5.545009
v 0.720058 -0.437087 5.541126
v 0.716836 -0.435025 5.542284
v 0.715913 -0.436842 5.541409
v 0.712785 -0.436280 5.541874
v 0.713361 -0.433682 5.543393
v 0.712820 -0.430110 5.544775
v 0.625739 -0.296502 5.586140
v 0.618423 -0.296584 5.581711
v 0.616499 -0.306268 5.578894
v 0.623352 -0.306674 5.582617
v 0.719452 -0.432133 5.543108
v 0.715452 -0.430967 5.544360
v 0.723488 -0.433662 5.540866
v 0.714569 -0.425373 5.544954
v 0.714623 -0.427782 5.545198
v 0.715835 -0.426155 5.545841
v 0.715861 -0.424742 5.545801
v 0.704947 -0.426772 5.549807
v 0.702639 -0.424173 5.548085
v 0.704548 -0.420476 5.548377
v 0.657083 -0.275856 5.594279
v 0.653584 -0.282172 5.587595
v 0.670945 -0.278577 5.582862
v 0.676003 -0.272647 5.589289
v 0.656636 -0.271379 5.617319
v 0.681723 -0.269703 5.612540
v 0.666000 -0.264319 5.633505
v 0.649674 -0.261820 5.633523
v 0.655044 -0.257059 5.652503
v 0.641992 -0.253483 5.650811
v 0.629678 -0.229736 5.697931
v 0.616489 -0.230853 5.694422
v 0.624979 -0.239082 5.681281
v 0.637865 -0.238760 5.684590
v 0.620398 -0.173286 5.749995
v 0.613430 -0.156188 5.750430
v 0.602082 -0.162683 5.750453
v 0.610650 -0.177736 5.750183
v 0.681448 -0.239261 5.685350
v 0.687570 -0.254421 5.674450
v 0.689378 -0.245156 5.681321
v 0.684176 -0.227294 5.689305
v 0.724138 -0.267434 5.581455
v 0.704635 -0.270819 5.595821
v 0.698949 -0.268908 5.589019
v 0.716712 -0.269163 5.576432
v 0.665477 -0.163877 5.726201
v 0.657942 -0.157320 5.733033
v 0.653603 -0.168095 5.735583
v 0.659680 -0.175220 5.728692
v 0.629063 -0.102670 5.737858
v 0.626259 -0.090639 5.746435
v 0.608802 -0.095468 5.751554
v 0.612517 -0.106509 5.742214
v 0.678589 -0.091287 5.700941
v 0.689228 -0.080130 5.685527
v 0.686720 -0.070217 5.688694
v 0.677075 -0.081130 5.705091
v 0.651078 -0.225277 5.701890
v 0.641244 -0.227874 5.700423
v 0.649136 -0.237982 5.687191
v 0.658243 -0.236819 5.688996
v 0.661044 -0.274648 5.804734
v 0.650485 -0.263603 5.806343
v 0.658199 -0.260648 5.784107
v 0.668104 -0.271741 5.782067
v 0.655912 -0.028220 5.762424
v 0.663826 -0.016024 5.748695
v 0.662236 -0.006875 5.762125
v 0.653769 -0.020613 5.774270
v 0.720720 -0.284311 5.678921
v 0.725772 -0.286890 5.666436
v 0.747922 -0.288345 5.659335
v 0.743021 -0.288105 5.673754
v 0.675711 -0.202228 5.702810
v 0.669800 -0.212649 5.702864
v 0.675460 -0.225560 5.693869
v 0.680490 -0.213198 5.695943
v 0.700747 -0.097330 5.681190
v 0.693142 -0.106704 5.695504
v 0.700453 -0.116030 5.690134
v 0.706766 -0.107901 5.676970
v 0.686462 -0.098060 5.699317
v 0.695377 -0.087632 5.684123
v 0.664679 -0.218218 5.703154
v 0.658698 -0.221980 5.702634
v 0.665350 -0.235304 5.690373
v 0.670650 -0.233143 5.692337
v 0.606851 -0.141333 5.745503
v 0.593107 -0.148975 5.745422
v 0.640845 -0.033335 5.785370
v 0.624495 -0.043615 5.793931
v 0.627305 -0.049273 5.784418
v 0.643474 -0.040312 5.774777
v 0.598897 -0.120242 5.735682
v 0.602043 -0.129651 5.736904
v 0.615706 -0.126376 5.736454
v 0.613531 -0.116967 5.734077
v 0.606258 -0.051328 5.799086
v 0.587345 -0.056617 5.802278
v 0.590185 -0.059874 5.792155
v 0.608685 -0.055449 5.789689
v 0.646068 -0.248428 5.669422
v 0.633620 -0.246598 5.666875
v 0.637806 -0.166897 5.744855
v 0.633660 -0.151148 5.745277
v 0.624345 -0.152742 5.748242
v 0.629730 -0.169883 5.747897
v 0.693514 -0.188930 5.689550
v 0.687695 -0.209810 5.691525
v 0.690676 -0.228660 5.687532
v 0.694831 -0.199472 5.688454
v 0.663432 -0.000608 5.774614
v 0.654530 -0.016055 5.786082
v 0.604798 -0.049678 5.808113
v 0.585801 -0.055987 5.811146
v 0.716595 -0.170296 5.688192
v 0.722214 -0.159394 5.680604
v 0.715555 -0.164987 5.682838
v 0.710230 -0.175884 5.688347
v 0.578060 -0.182915 5.738096
v 0.592213 -0.189837 5.741544
v 0.593616 -0.174557 5.747821
v 0.581809 -0.162932 5.743259
v 0.630655 -0.136310 5.741784
v 0.628933 -0.124341 5.735230
v 0.619458 -0.137732 5.744053
v 0.565050 -0.173374 5.730944
v 0.569773 -0.147740 5.733804
v 0.619355 -0.244323 5.663992
v 0.611064 -0.238284 5.677384
v 0.626774 -0.251718 5.649334
v 0.611034 -0.250158 5.647118
v 0.616816 -0.259024 5.632388
v 0.632685 -0.259947 5.633687
v 0.621338 -0.269172 5.619179
v 0.637491 -0.269815 5.619191
v 0.639392 -0.279336 5.596046
v 0.638093 -0.285543 5.589281
v 0.684981 -0.197462 5.695972
v 0.681519 -0.187854 5.701853
v 0.623784 -0.040739 5.803515
v 0.750384 -0.170109 5.573935
v 0.744537 -0.157234 5.572927
v 0.753571 -0.164411 5.592718
v 0.759234 -0.176327 5.591005
v 0.732032 -0.268271 5.587899
v 0.712872 -0.273100 5.603142
v 0.742051 -0.153715 5.665847
v 0.742382 -0.145831 5.649656
v 0.738961 -0.140573 5.647800
v 0.738335 -0.149597 5.665016
v 0.725024 -0.168098 5.690061
v 0.720325 -0.178525 5.711766
v 0.723888 -0.179822 5.713688
v 0.727898 -0.171185 5.692600
v 0.666537 0.007244 5.748215
v 0.666897 -0.003531 5.733175
v 0.693717 -0.064755 5.627023
v 0.694792 -0.067170 5.648077
v 0.702116 -0.078077 5.647177
v 0.701851 -0.077063 5.627030
v 0.648589 -0.168820 5.510860
v 0.644436 -0.155450 5.513282
v 0.665631 -0.154583 5.519853
v 0.670280 -0.167014 5.517944
v 0.722971 -0.174737 5.538264
v 0.726031 -0.186536 5.537162
v 0.703247 -0.185657 5.524765
v 0.699239 -0.174957 5.525605
v 0.735922 -0.164924 5.555048
v 0.729424 -0.153039 5.554440
v 0.711333 -0.102898 5.662745
v 0.705252 -0.091972 5.664439
v 0.722551 -0.118261 5.660061
v 0.717556 -0.123531 5.671458
v 0.721013 -0.129969 5.670971
v 0.726099 -0.125291 5.660770
v 0.711902 -0.272928 5.569726
v 0.720594 -0.267467 5.553933
v 0.729509 -0.262765 5.562981
v 0.698411 -0.237757 5.517394
v 0.698863 -0.229565 5.517584
v 0.712362 -0.233024 5.526347
v 0.707461 -0.241567 5.523782
v 0.651002 -0.098049 5.533831
v 0.631804 -0.095500 5.525445
v 0.626743 -0.078643 5.535828
v 0.646134 -0.081325 5.544437
v 0.731442 -0.131846 5.655303
v 0.731220 -0.140870 5.664523
v 0.733876 -0.142662 5.662107
v 0.733478 -0.133058 5.649919
v 0.731355 -0.125318 5.641881
v 0.727878 -0.117347 5.637559
v 0.726118 -0.116485 5.648777
v 0.729351 -0.124170 5.650323
v 0.709027 -0.090663 5.629032
v 0.708175 -0.090337 5.646961
v 0.714284 -0.101652 5.647428
v 0.716210 -0.102109 5.632477
v 0.611362 -0.023991 5.579390
v 0.627762 -0.022606 5.587311
v 0.632278 -0.041079 5.571430
v 0.615541 -0.040565 5.562278
v 0.695111 -0.204726 5.701749
v 0.690460 -0.216738 5.701158
v 0.683322 -0.220801 5.712954
v 0.688530 -0.208884 5.716951
v 0.738581 -0.187539 5.724753
v 0.738394 -0.193957 5.737404
v 0.742235 -0.197343 5.735742
v 0.743165 -0.191061 5.723114
v 0.684168 -0.202916 5.741252
v 0.680305 -0.211821 5.734696
v 0.671132 -0.215894 5.755224
v 0.675333 -0.205611 5.761045
v 0.755468 -0.253514 5.582546
v 0.739348 -0.269081 5.594326
v 0.747815 -0.255752 5.575432
v 0.702711 -0.186123 5.727778
v 0.694127 -0.189533 5.747846
v 0.700929 -0.186414 5.749659
v 0.707898 -0.183224 5.729542
v 0.676858 -0.280358 5.805549
v 0.683760 -0.277525 5.782934
v 0.672693 -0.201688 5.788140
v 0.680663 -0.196175 5.792165
v 0.685024 -0.193544 5.771465
v 0.678962 -0.197560 5.767776
v 0.684530 -0.053808 5.629477
v 0.687978 -0.056414 5.649851
v 0.660784 0.034502 5.720486
v 0.665530 0.021992 5.734228
v 0.665060 0.009870 5.716571
v 0.660414 0.020088 5.701131
v 0.666440 0.016655 5.762577
v 0.658780 0.044775 5.737197
v 0.664399 0.030741 5.749288
v 0.702353 -0.283346 5.546844
v 0.699179 -0.280080 5.531405
v 0.707219 -0.269308 5.533561
v 0.711169 -0.274431 5.548289
v 0.674681 0.054575 5.873532
v 0.666591 0.063751 5.898533
v 0.665380 0.040181 5.901008
v 0.669384 0.029872 5.879285
v 0.684178 -0.259273 5.509880
v 0.697132 -0.264524 5.520851
v 0.690422 -0.276007 5.519532
v 0.677734 -0.272587 5.508962
v 0.670717 0.020764 5.857439
v 0.677908 0.043580 5.849817
v 0.690581 -0.286902 5.561113
v 0.703253 -0.278737 5.564429
v 0.686350 -0.278817 5.575844
v 0.677442 -0.287248 5.571444
v 0.663602 -0.289699 5.579286
v 0.657251 0.012421 5.904433
v 0.659195 0.007943 5.884920
v 0.690417 -0.292879 5.534676
v 0.685042 -0.290162 5.522326
v 0.676566 -0.286920 5.511553
v 0.667057 -0.286413 5.503007
v 0.669035 0.023572 5.778493
v 0.664928 0.004845 5.789667
v 0.587670 0.125752 5.979600
v 0.563763 0.143459 5.972667
v 0.551238 0.124480 5.991647
v 0.579729 0.105816 5.998068
v 0.504869 0.164392 5.936565
v 0.491977 0.139986 5.951931
v 0.521815 0.135273 5.976222
v 0.534457 0.155444 5.959646
v 0.572951 0.166288 5.807559
v 0.599932 0.160065 5.820098
v 0.605562 0.146440 5.800670
v 0.580053 0.152968 5.788074
v 0.660558 0.055279 5.755267
v 0.666591 0.039695 5.766502
v 0.654575 -0.012607 5.798819
v 0.621064 -0.039902 5.996391
v 0.625963 -0.005263 6.008619
v 0.612254 -0.020632 6.033349
v 0.608899 -0.053557 6.021620
v 0.586007 0.044921 6.041878
v 0.597815 0.061806 6.019681
v 0.571444 0.087246 6.017064
v 0.562085 0.068093 6.038661
v 0.565799 -0.062007 5.812468
v 0.582867 -0.055063 5.820871
v 0.562719 -0.061131 5.822630
v 0.511580 -0.066258 5.804100
v 0.530109 -0.067379 5.809901
v 0.524122 -0.067512 5.818442
v 0.505990 -0.067122 5.812400
v 0.491613 -0.026879 5.875396
v 0.478311 -0.025989 5.870699
v 0.485154 -0.034820 5.857509
v 0.500690 -0.033733 5.861226
v 0.641878 -0.011760 5.886101
v 0.621528 -0.024406 5.883232
v 0.619452 -0.025258 5.869644
v 0.640334 -0.013111 5.869342
v 0.483118 0.113021 5.962212
v 0.509476 0.113386 5.988644
v 0.596135 -0.077767 6.004537
v 0.607884 -0.059467 5.976755
v 0.570874 -0.094236 5.989488
v 0.542438 -0.092899 5.976841
v 0.551710 -0.075420 5.951803
v 0.582052 -0.074757 5.961354
v 0.464736 0.016746 5.921556
v 0.480303 -0.002161 5.907914
v 0.487311 -0.002231 5.914872
v 0.470444 0.015617 5.928060
v 0.532765 0.188199 5.894410
v 0.519613 0.181065 5.915260
v 0.547236 0.173572 5.936616
v 0.560424 0.183187 5.909932
v 0.648883 0.055609 5.727058
v 0.650274 0.068686 5.745553
v 0.637535 0.063558 5.717492
v 0.651969 0.042980 5.706684
v 0.640949 0.049742 5.695168
v 0.668696 -0.054954 5.589709
v 0.678268 -0.053077 5.609540
v 0.688914 -0.065418 5.605883
v 0.680940 -0.070125 5.584888
v 0.688443 -0.153369 5.527584
v 0.693906 -0.164889 5.526285
v 0.530665 0.089227 6.024325
v 0.498159 0.094423 5.997285
v 0.498855 0.071633 6.032006
v 0.527296 0.066861 6.048353
v 0.575017 0.029521 6.062257
v 0.590984 -0.000210 6.062423
v 0.604321 0.013154 6.040057
v 0.599132 -0.037453 6.057728
v 0.597000 -0.070293 6.045761
v 0.559184 -0.110324 6.015248
v 0.530945 -0.107968 6.002488
v 0.474612 -0.031542 5.974844
v 0.491220 -0.055369 5.971598
v 0.482912 -0.066074 5.995128
v 0.467760 -0.039284 5.996486
v 0.530347 -0.029277 5.883810
v 0.567968 -0.029394 5.880684
v 0.568665 -0.028828 5.890034
v 0.537535 -0.025949 5.893786
v 0.519648 -0.065753 5.798199
v 0.533966 -0.066190 5.801629
v 0.547065 -0.065326 5.812201
v 0.549699 -0.065207 5.803499
v 0.568207 -0.061658 5.803436
v 0.546961 -0.099149 5.765207
v 0.566236 -0.095815 5.767315
v 0.559896 -0.086895 5.776515
v 0.541200 -0.089639 5.774603
v 0.553822 -0.109553 5.754531
v 0.573340 -0.105926 5.756732
v 0.567106 -0.130379 5.730700
v 0.586863 -0.135729 5.736384
v 0.583023 -0.125000 5.734503
v 0.604048 -0.241970 5.660773
v 0.596619 -0.235669 5.673519
v 0.642349 -0.011056 5.902975
v 0.473943 0.070829 5.985898
v 0.461890 0.047880 5.982005
v 0.460840 0.039333 6.007123
v 0.474579 0.060117 6.016694
v 0.658041 0.000727 5.865365
v 0.640498 -0.029850 5.796121
v 0.639757 -0.027484 5.806990
v 0.661818 -0.105620 5.716300
v 0.662303 -0.090685 5.718971
v 0.605142 -0.192803 5.742733
v 0.602987 -0.182122 5.747937
v 0.618774 0.033375 6.014552
v 0.546922 -0.123730 6.040754
v 0.534488 -0.137903 6.065165
v 0.505830 -0.135119 6.054197
v 0.519564 -0.121847 6.028623
v 0.455119 -0.028183 6.026409
v 0.461331 -0.050476 6.022215
v 0.455229 -0.063021 6.048667
v 0.451250 -0.038895 6.053918
v 0.444916 -0.055856 6.082006
v 0.446453 -0.077928 6.076815
v 0.435985 -0.092290 6.104306
v 0.436161 -0.069813 6.108576
v 0.582930 -0.097641 6.031643
v 0.570793 -0.099952 6.093827
v 0.558027 -0.124382 6.080503
v 0.570603 -0.110746 6.056318
v 0.583233 -0.085858 6.070028
v 0.553833 0.050315 6.058883
v 0.458386 -0.012981 5.998827
v 0.462803 -0.006202 5.978172
v 0.458289 -0.001255 6.069158
v 0.471429 0.015166 6.080308
v 0.472306 0.037419 6.051403
v 0.458537 0.017608 6.039452
v 0.555066 -0.013739 6.109473
v 0.567546 -0.041290 6.109104
v 0.580156 -0.023776 6.086457
v 0.565555 0.004291 6.087421
v 0.585539 -0.056055 6.080444
v 0.572920 -0.070336 6.103428
v 0.543349 -0.129778 6.140741
v 0.527651 -0.152324 6.128850
v 0.543952 -0.138718 6.104400
v 0.557799 -0.114820 6.117621
v 0.549133 -0.101461 6.149068
v 0.561387 -0.085589 6.126494
v 0.556162 -0.057629 6.130823
v 0.544730 -0.074772 6.152123
v 0.534303 -0.052136 6.152195
v 0.544337 -0.034289 6.131494
v 0.528147 -0.014101 6.129322
v 0.519937 -0.033828 6.149742
v 0.508777 -0.000977 6.122969
v 0.487550 0.001208 6.115472
v 0.483388 -0.019070 6.137213
v 0.502705 -0.021470 6.144094
v 0.450488 -0.034164 6.122041
v 0.465373 -0.023396 6.129800
v 0.469111 -0.004909 6.106191
v 0.455557 -0.019134 6.096651
v 0.437323 -0.080104 6.190785
v 0.454978 -0.080993 6.190905
v 0.454765 -0.073406 6.183718
v 0.436715 -0.074237 6.182597
v 0.471642 -0.082084 6.191628
v 0.487763 -0.084050 6.195194
v 0.488107 -0.079576 6.189736
v 0.471590 -0.077405 6.186852
v 0.511679 -0.100022 6.199996
v 0.502489 -0.086398 6.194454
v 0.500891 -0.089712 6.200712
v 0.508853 -0.101471 6.208133
v 0.515253 -0.115620 6.216071
v 0.519647 -0.116654 6.204664
v 0.509837 -0.132452 6.222985
v 0.516935 -0.135131 6.206575
v 0.504768 -0.156668 6.206791
v 0.494880 -0.149704 6.227624
v 0.415241 -0.111991 6.180468
v 0.409474 -0.110066 6.196071
v 0.411920 -0.095516 6.191189
v 0.415379 -0.095507 6.177906
v 0.424130 -0.152620 6.189147
v 0.437035 -0.176067 6.193269
v 0.429171 -0.160838 6.219409
v 0.419928 -0.139712 6.211718
v 0.536858 -0.116702 6.170073
v 0.528779 -0.143954 6.163833
v 0.524948 -0.070694 6.171631
v 0.534359 -0.092001 6.172416
v 0.444671 -0.048120 6.145867
v 0.460785 -0.040398 6.152205
v 0.426573 -0.104027 6.132891
v 0.427232 -0.081479 6.135216
v 0.473816 -0.186052 6.172983
v 0.487404 -0.174454 6.143808
v 0.511187 -0.165788 6.154225
v 0.497839 -0.177342 6.181386
v 0.525490 -0.128480 6.189500
v 0.525966 -0.107323 6.190630
v 0.517986 -0.087428 6.188128
v 0.506972 -0.072290 6.184327
v 0.491615 -0.064088 6.179538
v 0.475469 -0.059303 6.174067
v 0.458019 -0.056652 6.169943
v 0.439737 -0.062185 6.166790
v 0.420850 -0.090025 6.158954
v 0.420772 -0.110460 6.158913
v 0.453878 -0.171956 6.227417
v 0.462188 -0.187624 6.201211
v 0.487770 -0.178838 6.206184
v 0.480801 -0.166419 6.231102
v 0.447812 -0.150110 6.249643
v 0.426593 -0.142734 6.240157
v 0.471413 -0.075633 6.198424
v 0.485677 -0.077437 6.201374
v 0.498736 -0.082222 6.207885
v 0.512613 -0.104606 6.228592
v 0.501952 -0.120567 6.241298
v 0.487252 -0.135130 6.251722
v 0.472224 -0.150155 6.251823
v 0.414038 -0.071291 6.214122
v 0.413493 -0.088404 6.202496
v 0.409371 -0.101324 6.208555
v 0.409624 -0.083114 6.224342
v 0.438114 -0.058179 6.205474
v 0.454115 -0.054313 6.202681
v 0.455602 -0.076521 6.197967
v 0.440264 -0.076679 6.198771
v 0.470797 -0.054092 6.204068
v 0.486783 -0.057135 6.209332
v 0.501177 -0.063105 6.216908
v 0.509035 -0.085349 6.244392
v 0.509241 -0.092054 6.217018
v 0.511116 -0.072076 6.228748
v 0.494472 -0.101237 6.262500
v 0.467460 -0.086764 6.294147
v 0.471641 -0.113342 6.273769
v 0.491809 -0.076171 6.283477
v 0.424579 -0.004871 6.339171
v 0.448716 -0.006797 6.345446
v 0.439275 0.023275 6.360057
v 0.418116 0.026153 6.354813
v 0.406587 -0.058848 6.239724
v 0.410842 -0.046977 6.227746
v 0.433557 -0.030968 6.213425
v 0.450828 -0.026683 6.209949
v 0.506771 -0.034941 6.280691
v 0.507597 -0.061292 6.262835
v 0.510698 -0.047157 6.243459
v 0.510071 -0.019768 6.259719
v 0.383104 0.020201 6.290288
v 0.387420 0.033250 6.275523
v 0.394595 0.006656 6.257555
v 0.388926 -0.006504 6.272363
v 0.446033 0.001819 6.221782
v 0.427272 -0.003738 6.225951
v 0.420455 0.023931 6.241518
v 0.439674 0.029140 6.237605
v 0.490057 0.020690 6.316465
v 0.501519 -0.006567 6.298289
v 0.505682 0.008578 6.277858
v 0.494864 0.035486 6.297952
v 0.462650 -0.060588 6.312248
v 0.490380 -0.049935 6.301064
v 0.484066 -0.023303 6.317683
v 0.457376 -0.033689 6.329535
v 0.436661 -0.058754 6.306158
v 0.431506 -0.032833 6.323257
v 0.385173 0.086039 6.321861
v 0.385305 0.059491 6.298191
v 0.382321 0.048590 6.311761
v 0.381841 0.078117 6.333292
v 0.432867 0.055894 6.256958
v 0.413370 0.050995 6.259356
v 0.409217 0.075751 6.282897
v 0.426529 0.079623 6.281279
v 0.461700 0.076957 6.356160
v 0.476259 0.047849 6.336074
v 0.480730 0.062214 6.319415
v 0.464799 0.089980 6.339815
v 0.429531 0.055962 6.376205
v 0.461666 0.031864 6.352277
v 0.449482 0.063798 6.370335
v 0.418529 0.086121 6.393119
v 0.402795 0.086134 6.388823
v 0.411026 0.057742 6.371398
v 0.381700 0.105470 6.353797
v 0.382961 0.113112 6.343198
v 0.396055 0.121297 6.331917
v 0.409649 0.125414 6.329011
v 0.418850 0.102337 6.306480
v 0.403679 0.098454 6.308580
v 0.450363 0.103055 6.317273
v 0.435413 0.103835 6.309631
v 0.425112 0.127022 6.331666
v 0.438458 0.126210 6.339339
v 0.449001 0.113567 6.358926
v 0.460708 0.098186 6.327261
v 0.445097 0.123935 6.347034
v 0.447271 0.104310 6.374324
v 0.436500 0.092650 6.388195
v 0.466397 0.069680 5.957556
v 0.462111 0.043663 5.956375
v 0.462685 0.046010 5.966501
v 0.472609 0.071204 5.966118
v 0.464685 -0.091575 6.047417
v 0.474415 -0.077883 6.020460
v 0.441438 -0.117894 6.102708
v 0.453008 -0.106143 6.074968
v 0.431191 -0.127403 6.131111
v 0.424086 -0.132427 6.160135
v 0.418454 -0.130657 6.184582
v 0.413512 -0.123439 6.202692
v 0.412373 -0.111971 6.220059
v 0.411455 -0.093234 6.238735
v 0.402500 -0.045552 6.272388
v 0.398296 -0.033013 6.255876
v 0.409183 -0.069608 6.255672
v 0.389453 0.008376 6.308239
v 0.394692 -0.019557 6.289882
v 0.387382 0.039995 6.327282
v 0.385774 0.071155 6.347214
v 0.385525 0.097859 6.366552
v 0.531951 -0.051917 5.930499
v 0.506445 -0.037275 5.935911
v 0.511171 -0.028562 5.922176
v 0.537677 -0.039259 5.915036
v 0.456445 0.038458 5.932786
v 0.458820 0.027126 5.928319
v 0.463549 0.026367 5.934181
v 0.459907 0.036814 5.937988
v 0.515712 -0.154160 6.186211
v 0.512367 -0.053801 6.169396
v 0.496455 -0.044360 6.164090
v 0.478385 -0.040536 6.158410
v 0.431470 -0.158198 6.162338
v 0.441726 -0.152182 6.132015
v 0.461413 -0.169600 6.135360
v 0.448179 -0.178814 6.164429
v 0.439045 -0.081556 6.290595
v 0.417227 -0.052048 6.290160
v 0.420456 -0.077675 6.274886
v 0.442296 -0.106223 6.276898
v 0.488498 -0.030554 6.218350
v 0.503018 -0.036920 6.228381
v 0.467355 0.002030 6.223631
v 0.487521 -0.001492 6.230544
v 0.470296 -0.027867 6.211722
v 0.467626 -0.131625 6.076065
v 0.490667 -0.147429 6.079813
v 0.475159 -0.158785 6.106622
v 0.453905 -0.141665 6.102219
v 0.665796 -0.004703 5.698837
v 0.661040 0.002988 5.682216
v 0.652903 -0.138555 5.733275
v 0.655921 -0.124011 5.726012
v 0.642671 -0.123017 5.731853
v 0.641724 -0.135957 5.738415
v 0.665961 -0.128256 5.721467
v 0.662029 -0.143567 5.728240
v 0.670352 -0.150138 5.722369
v 0.674769 -0.134337 5.716570
v 0.699784 -0.174141 5.688145
v 0.701277 -0.181388 5.687210
v 0.561047 -0.119797 5.742589
v 0.541565 -0.121029 5.736714
v 0.548365 -0.130827 5.725748
v 0.542992 -0.065591 5.822006
v 0.541307 -0.033403 5.866825
v 0.507142 -0.029001 5.879864
v 0.519121 -0.035310 5.864169
v 0.462096 0.003303 5.904955
v 0.642683 -0.022647 5.598338
v 0.647437 -0.041246 5.583444
v 0.675632 -0.178536 5.517739
v 0.652231 -0.181399 5.509015
v 0.680985 -0.198859 5.514556
v 0.681230 -0.209010 5.512392
v 0.658114 -0.211570 5.504211
v 0.657078 -0.201818 5.506260
v 0.667185 -0.273921 5.501072
v 0.666349 -0.259077 5.500285
v 0.457365 0.051447 5.941182
v 0.461394 0.036721 5.942567
v 0.459275 0.056821 5.945918
v 0.481073 -0.026429 5.957106
v 0.467645 -0.004847 5.961992
v 0.472177 -0.002245 5.949454
v 0.486932 -0.020353 5.943392
v 0.631402 -0.027825 5.970926
v 0.639167 0.005726 5.981375
v 0.540361 0.102923 6.008062
v 0.667763 -0.205771 5.838487
v 0.678303 -0.205321 5.842325
v 0.684022 -0.198942 5.819304
v 0.673817 -0.200184 5.815481
v 0.672215 -0.098472 5.544786
v 0.669452 -0.080143 5.561048
v 0.694129 -0.272605 5.580967
v 0.748633 -0.272897 5.610431
v 0.727820 -0.280957 5.623357
v 0.724406 -0.277596 5.615430
v 0.744436 -0.270452 5.601315
v 0.769453 -0.196826 5.599609
v 0.772793 -0.214015 5.596068
v 0.768021 -0.208649 5.585240
v 0.764291 -0.190523 5.588066
v 0.563893 0.177667 5.827960
v 0.591848 0.172794 5.840238
v 0.617343 0.036520 5.649207
v 0.632360 0.036353 5.660615
v 0.635491 0.017415 5.637949
v 0.620580 0.016915 5.626635
v 0.691315 -0.090805 5.569655
v 0.694850 -0.082393 5.587581
v 0.567871 -0.195374 5.722779
v 0.574003 -0.210556 5.710773
v 0.587721 -0.213253 5.715726
v 0.581798 -0.200324 5.728191
v 0.719303 -0.201945 5.789382
v 0.718867 -0.192065 5.768057
v 0.703901 -0.188970 5.773205
v 0.701520 -0.193983 5.795317
v 0.633353 0.049439 5.984254
v 0.609107 0.079593 5.997258
v 0.681453 -0.037951 5.687821
v 0.679211 -0.030118 5.666770
v 0.671748 -0.016781 5.682265
v 0.673752 -0.025823 5.701728
v 0.693462 -0.072452 5.667420
v 0.689078 -0.062593 5.670624
v 0.700161 -0.081057 5.665617
v 0.732276 -0.157774 5.676531
v 0.728176 -0.156710 5.677832
v 0.721005 -0.167334 5.688957
v 0.499114 -0.046038 5.952257
v 0.511050 -0.018851 5.903491
v 0.502798 -0.019558 5.896402
v 0.454813 0.048517 5.936504
v 0.670370 -0.299211 5.570535
v 0.658639 -0.302537 5.579100
v 0.698227 -0.191817 5.725167
v 0.688722 -0.194974 5.744989
v 0.722715 -0.137067 5.671363
v 0.715946 -0.145988 5.679636
v 0.715178 -0.153595 5.680105
v 0.721542 -0.145683 5.674698
v 0.726949 -0.141985 5.669602
v 0.727924 -0.132628 5.662920
v 0.676317 -0.247072 5.680331
v 0.671423 -0.249398 5.676780
v 0.678672 -0.260900 5.662369
v 0.684049 -0.259323 5.668348
v 0.665409 -0.249167 5.674151
v 0.656931 -0.248650 5.671755
v 0.665759 -0.258463 5.654671
v 0.673859 -0.259578 5.657940
v 0.679167 -0.272962 5.599874
v 0.658314 -0.276341 5.605780
v 0.639040 -0.276911 5.607524
v 0.623367 -0.277792 5.608311
v 0.667677 -0.245435 5.501437
v 0.662502 -0.232538 5.501909
v 0.681190 -0.231225 5.509579
v 0.687650 -0.244243 5.510856
v 0.649094 -0.295406 5.584668
v 0.636628 -0.295412 5.586554
v 0.625738 -0.288142 5.590540
v 0.690349 -0.278617 5.808105
v 0.697483 -0.276397 5.786942
v 0.688637 -0.296635 5.548226
v 0.680703 -0.298224 5.560296
v 0.711755 -0.269721 5.791891
v 0.702905 -0.271381 5.813637
v 0.700444 -0.273711 5.626481
v 0.719134 -0.274950 5.608719
v 0.705667 -0.275536 5.631858
v 0.646328 -0.307617 5.584048
v 0.633852 -0.306840 5.584838
v 0.648369 0.012741 5.951768
v 0.639648 -0.013570 5.944671
v 0.646562 -0.047557 5.762452
v 0.658190 -0.037181 5.749299
v 0.527933 -0.100034 5.758651
v 0.523828 -0.089497 5.768415
v 0.612700 -0.317970 5.577800
v 0.534985 -0.070467 5.792967
v 0.516982 -0.067947 5.787488
v 0.520669 -0.078390 5.777107
v 0.537677 -0.079298 5.783814
v 0.507562 -0.062584 5.797123
v 0.504413 -0.063136 5.801229
v 0.482679 -0.017911 5.884053
v 0.473056 -0.017367 5.881053
v 0.688289 -0.267001 5.724096
v 0.693352 -0.267237 5.708801
v 0.708625 -0.278525 5.705410
v 0.703300 -0.276199 5.722029
v 0.552125 -0.069494 5.794799
v 0.571331 -0.064878 5.794105
v 0.690082 -0.179873 5.693463
v 0.697346 -0.165492 5.689754
v 0.551539 -0.145651 5.725447
v 0.596321 -0.203177 5.732598
v 0.601918 -0.213931 5.720562
v 0.615158 -0.213282 5.723044
v 0.609723 -0.203931 5.734495
v 0.455193 0.056233 5.939127
v 0.759629 -0.223938 5.719870
v 0.764030 -0.217956 5.705054
v 0.759549 -0.209419 5.710497
v 0.755685 -0.216114 5.725351
v 0.460410 0.018996 5.965539
v 0.457990 0.017331 5.981543
v 0.477239 0.093036 5.965519
v 0.465172 0.088600 5.953942
v 0.505239 -0.092257 5.996264
v 0.515065 -0.078070 5.970844
v 0.493452 -0.103978 6.022594
v 0.481249 -0.118563 6.049394
v 0.418778 -0.123445 6.232750
v 0.422485 -0.105031 6.257752
v 0.412719 -0.025539 6.306471
v 0.407443 0.002518 6.323404
v 0.402099 0.033009 6.340908
v 0.397232 0.064836 6.359217
v 0.392719 0.091167 6.378491
v 0.710919 -0.260587 5.820466
v 0.722292 -0.257315 5.797649
v 0.724632 -0.242866 5.805655
v 0.713841 -0.248564 5.828264
v 0.666860 -0.208976 5.783506
v 0.662665 -0.219460 5.777194
v 0.654947 -0.222586 5.797898
v 0.659839 -0.212507 5.803862
v 0.652671 -0.215677 5.825478
v 0.659506 -0.208934 5.831913
v 0.666415 -0.205013 5.809620
v 0.690705 -0.208815 5.842459
v 0.701082 -0.215782 5.840897
v 0.709565 -0.209035 5.817837
v 0.695881 -0.201047 5.820179
v 0.712966 -0.235590 5.833837
v 0.722266 -0.229072 5.812204
v 0.716886 -0.217980 5.815862
v 0.708095 -0.224601 5.838073
v 0.644643 -0.250575 5.809831
v 0.643752 -0.237509 5.814361
v 0.652332 -0.235132 5.792097
v 0.653594 -0.247354 5.787695
v 0.729421 -0.283900 5.703481
v 0.721797 -0.280195 5.722160
v 0.697732 -0.208346 5.687098
v 0.692224 -0.228140 5.687346
v 0.690212 -0.231254 5.692135
v 0.692872 -0.210738 5.688865
v 0.690808 -0.275491 5.760464
v 0.697955 -0.275085 5.739660
v 0.713336 -0.276122 5.742353
v 0.704702 -0.274798 5.764627
v 0.661640 -0.244253 5.766407
v 0.660352 -0.231762 5.771146
v 0.668527 -0.227584 5.749480
v 0.668744 -0.240708 5.745350
v 0.688984 -0.193806 5.796361
v 0.693685 -0.190183 5.773381
v 0.683544 -0.253137 5.711864
v 0.678469 -0.253493 5.726351
v 0.687144 -0.171955 5.699437
v 0.710874 -0.132383 5.682025
v 0.714309 -0.139278 5.680326
v 0.642224 -0.150886 5.742061
v 0.644064 -0.164923 5.741921
v 0.682936 -0.119679 5.707077
v 0.691359 -0.128039 5.701208
v 0.649795 -0.152797 5.738330
v 0.648632 -0.162770 5.739351
v 0.596416 -0.110977 5.745039
v 0.625156 -0.282025 5.597404
v 0.682415 -0.267117 5.740170
v 0.672880 -0.254370 5.742617
v 0.719116 -0.186451 5.749756
v 0.719766 -0.182799 5.732070
v 0.714070 -0.182631 5.730372
v 0.708835 -0.185055 5.750539
v 0.721038 -0.111068 5.591762
v 0.706988 -0.101068 5.579404
v 0.707752 -0.094945 5.594391
v 0.719032 -0.106547 5.603531
v 0.762298 -0.240015 5.716492
v 0.759326 -0.250481 5.719215
v 0.767661 -0.249990 5.700479
v 0.768776 -0.237434 5.700550
v 0.762039 -0.264382 5.701548
v 0.751985 -0.263318 5.723304
v 0.739194 -0.275188 5.724301
v 0.748722 -0.278553 5.704162
v 0.657048 0.071352 5.922463
v 0.657510 0.041974 5.926526
v 0.622158 -0.038794 5.813668
v 0.602748 -0.047481 5.817866
v 0.568716 -0.034904 5.868817
v 0.488176 -0.008706 5.922470
v 0.471010 0.008646 5.933834
v 0.455743 0.012529 6.003291
v 0.654208 0.018436 5.926253
v 0.454078 -0.004682 6.032025
v 0.451991 -0.021418 6.060955
v 0.491756 0.023556 6.092056
v 0.514884 0.019964 6.101743
v 0.521232 0.044222 6.075732
v 0.496092 0.049479 6.063663
v 0.536769 0.006609 6.107504
v 0.544953 0.029609 6.082723
v 0.503218 -0.161882 6.116114
v 0.461605 0.030650 6.239221
v 0.473171 0.054641 6.267895
v 0.482380 0.027364 6.246963
v 0.453812 0.056874 6.259862
v 0.497946 0.019698 6.260137
v 0.502259 -0.008723 6.242351
v 0.473083 0.002787 6.335075
v 0.445369 0.080833 6.284647
v 0.462058 0.078707 6.292735
v 0.488084 0.046256 6.281420
v 0.474911 0.072051 6.304859
v 0.463785 0.020981 5.953700
v 0.613092 -0.051712 5.955786
v 0.619250 -0.037242 5.931521
v 0.568760 -0.035434 5.900105
v 0.539692 -0.030943 5.903064
v 0.593310 -0.066714 5.782031
v 0.612219 -0.062123 5.779145
v 0.621265 -0.079404 5.756480
v 0.639458 -0.073986 5.749288
v 0.634475 -0.064332 5.760626
v 0.616287 -0.070048 5.768016
v 0.668847 -0.057746 5.724719
v 0.678023 -0.047571 5.707176
v 0.670848 -0.036311 5.720090
v 0.662495 -0.046813 5.736263
v 0.665095 -0.025605 5.733787
v 0.667616 -0.013964 5.717238
v 0.651693 -0.003684 5.630458
v 0.660893 -0.006631 5.646347
v 0.665949 -0.023661 5.628119
v 0.655442 -0.022911 5.612366
v 0.493913 -0.019984 5.888739
v 0.465190 0.023942 5.939541
v 0.524158 -0.064456 5.948622
v 0.560804 -0.059538 5.929541
v 0.590642 -0.057577 5.936733
v 0.693967 -0.199622 5.721401
v 0.740702 -0.137602 5.631580
v 0.736559 -0.132284 5.632708
v 0.741461 -0.259914 5.744579
v 0.729174 -0.271050 5.744686
v 0.674498 -0.238541 5.727520
v 0.714360 -0.281336 5.691378
v 0.698375 -0.269007 5.695689
v 0.702473 -0.271452 5.684892
v 0.596352 -0.031449 5.882238
v 0.622297 -0.026315 5.898329
v 0.597969 -0.029031 5.892292
v 0.459824 0.081236 5.949347
v 0.512226 -0.021819 5.910283
v 0.446912 -0.037316 6.088722
v 0.439493 -0.050793 6.115112
v 0.432592 -0.061776 6.139525
v 0.426936 -0.073349 6.161744
v 0.422375 -0.082150 6.179627
v 0.421568 -0.084874 6.192341
v 0.423749 -0.081037 6.201163
v 0.424109 -0.064704 6.209672
v 0.403042 -0.019462 6.241806
v 0.412886 -0.010653 6.232883
v 0.419983 -0.038427 6.219728
v 0.405225 0.017238 6.248541
v 0.398364 0.043996 6.265830
v 0.395938 0.070216 6.288466
v 0.393757 0.094668 6.313753
v 0.388572 0.118860 6.336447
v 0.455222 0.064371 5.941627
v 0.457527 0.072716 5.945683
v 0.693406 -0.270748 5.621165
v 0.708583 -0.159308 5.685501
v 0.708285 -0.165468 5.684362
v 0.679778 -0.236583 5.712237
v 0.730139 -0.223175 5.791814
v 0.734428 -0.237918 5.784943
v 0.676356 -0.223426 5.729168
v 0.701953 -0.190564 5.686181
v 0.697273 -0.194982 5.686431
v 0.612541 -0.346383 5.948586
v 0.619787 -0.341327 5.956997
v 0.606561 -0.351993 5.967130
v 0.599306 -0.355867 5.959081
v 0.602344 -0.346135 5.942098
v 0.589757 -0.354750 5.952881
v 0.567489 -0.305912 5.954792
v 0.570288 -0.314859 5.946279
v 0.560972 -0.325304 5.960034
v 0.558676 -0.316852 5.968511
v 0.568849 -0.358510 5.961745
v 0.561729 -0.351426 5.962811
v 0.572181 -0.342467 5.950180
v 0.580436 -0.350151 5.950000
v 0.576741 -0.293968 5.974641
v 0.586840 -0.293185 5.981010
v 0.594235 -0.280691 5.968719
v 0.584052 -0.282020 5.961649
v 0.605543 -0.268731 5.897968
v 0.602291 -0.259879 5.906274
v 0.609302 -0.254382 5.894036
v 0.612796 -0.263134 5.886293
v 0.638672 -0.326345 5.926366
v 0.645235 -0.318503 5.934993
v 0.632851 -0.330227 5.946002
v 0.625662 -0.336471 5.937493
v 0.605273 -0.315121 5.911982
v 0.596464 -0.305102 5.914011
v 0.608063 -0.294416 5.901182
v 0.617529 -0.304748 5.899839
v 0.651140 -0.314886 5.916037
v 0.656461 -0.305593 5.923489
v 0.583103 -0.333886 5.937364
v 0.575708 -0.324257 5.940326
v 0.585845 -0.314848 5.926858
v 0.594106 -0.325026 5.924709
v 0.561066 -0.318869 5.997768
v 0.570401 -0.319176 6.002885
v 0.579024 -0.306051 5.992386
v 0.569205 -0.306267 5.986741
v 0.556276 -0.343771 5.966902
v 0.552094 -0.335700 5.973060
v 0.566142 -0.333761 5.953874
v 0.598541 -0.346853 5.993681
v 0.597163 -0.355042 5.985287
v 0.610392 -0.343614 5.975564
v 0.611270 -0.334297 5.984290
v 0.585760 -0.285609 5.926299
v 0.590138 -0.294932 5.918834
v 0.579653 -0.304818 5.932383
v 0.576003 -0.295684 5.940742
v 0.628234 -0.327532 5.917973
v 0.615203 -0.336933 5.930129
v 0.622979 -0.321904 5.974793
v 0.623205 -0.332130 5.965546
v 0.635353 -0.319991 5.954875
v 0.634229 -0.308443 5.963938
v 0.637350 -0.283767 5.959599
v 0.626021 -0.275284 5.960830
v 0.618370 -0.288679 5.972602
v 0.628322 -0.297400 5.970523
v 0.596408 -0.276451 5.912107
v 0.594156 -0.267654 5.921416
v 0.591188 -0.270737 5.947652
v 0.601291 -0.268413 5.955528
v 0.607856 -0.256923 5.941586
v 0.597805 -0.260522 5.932755
v 0.650429 -0.296045 5.880881
v 0.662262 -0.297757 5.887823
v 0.653881 -0.307205 5.896626
v 0.642394 -0.303920 5.890280
v 0.662986 -0.302086 5.904625
v 0.672467 -0.291827 5.895216
v 0.686569 -0.267418 5.885497
v 0.685365 -0.257055 5.890535
v 0.679477 -0.263167 5.899185
v 0.680934 -0.273855 5.894240
v 0.652552 -0.255583 5.937676
v 0.639345 -0.247510 5.936088
v 0.632962 -0.261499 5.948784
v 0.645830 -0.269843 5.948908
v 0.630579 -0.233890 5.920064
v 0.618805 -0.237029 5.914383
v 0.613908 -0.245865 5.927357
v 0.626160 -0.244280 5.932937
v 0.647108 -0.217159 5.870092
v 0.638325 -0.222750 5.865372
v 0.632411 -0.224975 5.877735
v 0.640906 -0.220291 5.884177
v 0.626122 -0.245107 5.863694
v 0.630742 -0.243215 5.852443
v 0.632739 -0.255011 5.847950
v 0.629438 -0.256678 5.859043
v 0.674863 -0.284005 5.849628
v 0.686892 -0.277436 5.854389
v 0.682361 -0.281515 5.864728
v 0.669782 -0.286047 5.859106
v 0.658242 -0.244353 5.927266
v 0.644942 -0.234312 5.923034
v 0.621471 -0.247441 5.873626
v 0.625142 -0.257991 5.867829
v 0.620025 -0.259916 5.876556
v 0.616179 -0.249860 5.882955
v 0.642231 -0.276364 5.864034
v 0.651294 -0.283020 5.863939
v 0.646260 -0.283319 5.869726
v 0.635734 -0.275720 5.870603
v 0.664360 -0.287179 5.865520
v 0.677114 -0.285928 5.871792
v 0.669909 -0.289553 5.878038
v 0.657843 -0.289676 5.871882
v 0.662418 -0.238116 5.918880
v 0.669767 -0.247458 5.914604
v 0.672255 -0.241594 5.907213
v 0.664683 -0.233132 5.910828
v 0.633518 -0.227437 5.908145
v 0.622648 -0.231002 5.902099
v 0.630116 -0.279979 5.879272
v 0.619441 -0.271361 5.881709
v 0.626123 -0.269129 5.872501
v 0.678536 -0.282696 5.885979
v 0.656514 -0.214663 5.874596
v 0.666214 -0.214582 5.877928
v 0.672106 -0.210792 5.862378
v 0.661855 -0.211081 5.859545
v 0.652634 -0.214032 5.855223
v 0.644634 -0.220149 5.849764
v 0.636956 -0.240933 5.836545
v 0.637751 -0.253117 5.832150
v 0.643900 -0.266252 5.828699
v 0.655563 -0.277226 5.827209
v 0.651938 -0.278110 5.845113
v 0.640214 -0.266947 5.845292
v 0.681927 -0.281682 5.830538
v 0.694130 -0.273915 5.836010
v 0.693339 -0.267977 5.859214
v 0.700796 -0.263658 5.842623
v 0.621897 -0.236178 5.880995
v 0.627183 -0.234050 5.870377
v 0.618333 -0.310990 5.981356
v 0.609385 -0.302571 5.984220
v 0.599596 -0.316032 5.994553
v 0.607529 -0.324245 5.991210
v 0.580298 -0.323054 6.004884
v 0.589662 -0.309735 5.994789
v 0.592031 -0.341767 5.938126
v 0.603726 -0.332848 5.925913
v 0.577514 -0.363588 5.963733
v 0.639948 -0.287944 5.877917
v 0.630441 -0.294121 5.887860
v 0.681996 -0.246252 5.894551
v 0.690353 -0.251834 5.880791
v 0.686951 -0.241407 5.885102
v 0.666774 -0.256201 5.922114
v 0.661731 -0.268334 5.931462
v 0.664509 -0.281827 5.920548
v 0.671645 -0.267806 5.910401
v 0.667295 -0.228775 5.901883
v 0.675892 -0.236715 5.898932
v 0.680588 -0.232241 5.888737
v 0.671522 -0.224256 5.891098
v 0.661934 -0.283250 5.846560
v 0.656685 -0.282944 5.856585
v 0.702897 -0.242129 5.854353
v 0.695898 -0.247432 5.869049
v 0.695684 -0.257712 5.864745
v 0.702979 -0.252966 5.849669
v 0.691096 -0.262158 5.875766
v 0.699862 -0.231820 5.858082
v 0.692925 -0.237005 5.873129
v 0.668666 -0.282202 5.827520
v 0.676965 -0.219762 5.878015
v 0.686488 -0.227774 5.876357
v 0.693163 -0.222720 5.860960
v 0.683149 -0.215099 5.862490
v 0.598351 -0.296366 5.983835
v 0.606340 -0.283420 5.972028
v 0.610396 -0.244252 5.904726
v 0.604404 -0.250556 5.917733
v 0.616356 -0.239502 5.892687
v 0.569452 -0.298598 5.965346
v 0.561485 -0.310024 5.978323
v 0.585397 -0.277084 5.936732
v 0.577455 -0.287394 5.951401
v 0.644405 -0.295535 5.953136
v 0.646910 -0.222736 5.900555
v 0.636770 -0.223518 5.896431
v 0.644394 -0.226747 5.911465
v 0.639138 -0.229827 5.841479
v 0.632870 -0.231915 5.858539
v 0.654603 -0.231464 5.918797
v 0.646199 -0.226897 5.820251
v 0.675206 -0.281183 5.901839
v 0.684420 -0.277931 5.879181
v 0.688927 -0.272125 5.870255
v 0.593245 -0.362350 5.976687
v 0.615682 -0.323413 5.913297
v 0.620038 -0.284629 5.889258
v 0.611630 -0.276452 5.892052
v 0.657033 -0.223625 5.902623
v 0.660748 -0.219292 5.891208
v 0.650754 -0.219239 5.888397
v 0.647377 -0.277365 5.856680
v 0.636119 -0.267370 5.856687
v 0.553727 -0.321768 5.990242
v 0.631934 -0.268268 5.865081
v 0.665774 -0.293587 5.913037
v 0.654899 -0.191652 5.508143
v 0.674196 -0.112188 5.711615
v 0.628543 -0.114170 5.731272
v 0.644084 -0.110737 5.726336
v 0.702355 -0.145039 5.690527
v 0.705908 -0.153405 5.687479
v 0.706738 -0.176085 5.685617
v 0.702504 -0.183327 5.687788
v 0.683154 -0.141818 5.710252
v 0.726251 -0.429635 5.526401
v 0.724096 -0.422103 5.527058
v 0.731852 -0.439484 5.522535
v 0.508798 -0.062730 5.789906
v 0.711080 -0.426241 5.542267
v 0.710238 -0.420035 5.544075
v 0.714863 -0.422364 5.544513
v 0.709373 -0.428152 5.541805
v 0.709217 -0.429250 5.542231
v 0.728957 -0.447390 5.527534
v 0.719906 -0.415387 5.530084
v 0.714583 -0.409753 5.534993
v 0.719177 -0.443033 5.536858
v 0.609111 0.089174 5.721175
v 0.591332 0.092926 5.710907
v 0.589482 0.108581 5.729394
v 0.609637 0.105299 5.740396
v 0.586357 0.125088 5.749234
v 0.669339 0.093542 5.837180
v 0.677576 0.069916 5.843491
v 0.677235 0.062014 5.821730
v 0.671012 0.084675 5.813888
v 0.675207 0.032487 5.812528
v 0.674887 0.055090 5.802576
v 0.676150 0.037152 5.830149
v 0.668735 0.014583 5.838120
v 0.667715 0.010460 5.821202
v 0.655999 -0.003877 5.845841
v 0.654873 -0.008099 5.828836
v 0.638718 -0.017841 5.852350
v 0.618216 -0.028036 5.855271
v 0.596573 -0.027446 5.867915
v 0.571723 -0.036889 5.854824
v 0.595293 -0.033877 5.855371
v 0.526347 -0.042073 5.851357
v 0.548053 -0.039697 5.853702
v 0.491316 -0.044797 5.843665
v 0.507683 -0.044127 5.848237
v 0.677255 -0.266830 5.636892
v 0.726886 -0.252187 5.547208
v 0.738185 -0.243268 5.553401
v 0.738330 -0.257509 5.568166
v 0.755844 -0.182766 5.572095
v 0.758855 -0.202938 5.571678
v 0.744759 -0.192253 5.553254
v 0.740853 -0.179009 5.553949
v 0.720806 -0.241207 5.535811
v 0.713657 -0.247078 5.531036
v 0.730629 -0.229918 5.540339
v 0.697713 -0.218682 5.517103
v 0.716821 -0.221504 5.527807
v 0.763948 -0.256037 5.600503
v 0.773034 -0.233387 5.595497
v 0.774928 -0.239468 5.606392
v 0.768080 -0.260973 5.611531
v 0.764811 -0.181849 5.604020
v 0.759555 -0.169075 5.607712
v 0.764335 -0.175104 5.619203
v 0.769351 -0.187639 5.614130
v 0.767145 -0.276484 5.651630
v 0.776900 -0.258291 5.646545
v 0.774049 -0.262872 5.664121
v 0.762865 -0.278806 5.667767
v 0.773713 -0.203958 5.610243
v 0.691954 -0.103306 5.556326
v 0.708102 -0.110588 5.567741
v 0.722944 -0.117966 5.581858
v 0.744966 -0.143430 5.631175
v 0.740964 -0.136179 5.613956
v 0.736584 -0.129782 5.617435
v 0.747414 -0.150402 5.647943
v 0.747974 -0.157668 5.661592
v 0.692520 -0.253927 5.689549
v 0.694806 -0.255337 5.684081
v 0.707253 -0.274080 5.674306
v 0.739004 -0.174979 5.691928
v 0.741931 -0.165942 5.678519
v 0.738150 -0.165102 5.679980
v 0.734501 -0.173954 5.692988
v 0.759663 -0.253487 5.590858
v 0.778871 -0.243310 5.661938
v 0.780514 -0.237749 5.644527
v 0.778695 -0.222111 5.648668
v 0.777267 -0.228424 5.667034
v 0.774724 -0.214932 5.668752
v 0.775661 -0.207456 5.651902
v 0.771242 -0.194756 5.655863
v 0.770738 -0.202847 5.671131
v 0.743887 -0.177832 5.692097
v 0.746906 -0.166654 5.674602
v 0.737118 -0.286351 5.687059
v 0.753509 -0.282824 5.632474
v 0.730618 -0.287066 5.642275
v 0.729898 -0.284471 5.632557
v 0.752406 -0.277416 5.621672
v 0.707118 -0.185875 5.704795
v 0.701818 -0.192825 5.702308
v 0.712366 -0.179698 5.707033
v 0.734937 -0.161518 5.678134
v 0.716012 -0.178030 5.710033
v 0.685873 -0.234144 5.700204
v 0.689051 -0.252552 5.698839
v 0.710437 -0.278841 5.654502
v 0.710305 -0.279305 5.646165
v 0.756999 -0.279363 5.684596
v 0.769331 -0.264437 5.682515
v 0.738372 -0.182543 5.710269
v 0.733478 -0.181356 5.712373
v 0.733121 -0.185887 5.728036
v 0.736231 -0.146171 5.663992
v 0.735058 -0.164761 5.680326
v 0.771349 -0.268080 5.623868
v 0.774421 -0.247251 5.680547
v 0.773711 -0.232647 5.683817
v 0.775000 -0.199858 5.636959
v 0.778503 -0.214653 5.632724
v 0.776731 -0.208023 5.619690
v 0.772687 -0.193371 5.624462
v 0.768996 -0.210769 5.688123
v 0.762658 -0.201273 5.693739
v 0.767272 -0.183096 5.630792
v 0.769572 -0.189476 5.642860
v 0.744037 -0.184229 5.707724
v 0.709306 -0.277585 5.638333
v 0.694662 -0.270458 5.653240
v 0.690112 -0.269750 5.647350
v 0.696935 -0.265019 5.668616
v 0.696400 -0.268889 5.660470
v 0.695913 -0.259439 5.677780
v 0.684768 -0.268414 5.642030
v 0.655434 -0.227411 5.912229
v 0.726807 -0.184149 5.731080
v 0.727585 -0.189362 5.745885
v 0.733808 -0.190980 5.741042
v 0.725410 -0.213586 5.792193
v 0.583931 -0.434757 5.596881
v 0.583844 -0.440617 5.595513
v 0.588859 -0.457963 5.588621
v 0.590080 -0.460993 5.586190
v 0.677251 -0.251435 5.902877
v 0.672804 -0.255274 5.909332
v 0.653533 -0.281632 5.942232
v 0.646241 -0.307782 5.943685
v 0.655774 -0.294810 5.932156
v 0.641419 -0.317213 5.906476
v 0.628905 -0.313260 5.900812
v 0.601319 -0.285501 5.905790
v 0.620017 -0.257154 5.946709
v 0.561050 -0.385779 5.987029
v 0.567969 -0.384441 5.994415
v 0.555681 -0.395591 6.002843
v 0.548355 -0.395800 5.996006
v 0.536627 -0.406033 6.004256
v 0.528780 -0.401205 6.002536
v 0.540568 -0.392066 5.993309
v 0.522863 -0.395520 6.003989
v 0.534552 -0.386731 5.994504
v 0.519142 -0.389498 6.007908
v 0.516212 -0.382825 6.012839
v 0.526396 -0.373799 6.002369
v 0.529884 -0.380465 5.997649
v 0.534093 -0.357145 5.997043
v 0.524715 -0.367637 6.008770
v 0.525417 -0.362062 6.016112
v 0.533707 -0.350633 6.004618
v 0.526107 -0.367745 6.038369
v 0.533286 -0.369618 6.041330
v 0.542884 -0.357960 6.032613
v 0.534938 -0.355923 6.029260
v 0.567821 -0.356411 6.022986
v 0.560719 -0.349559 6.024287
v 0.550660 -0.362749 6.033733
v 0.557542 -0.369056 6.032146
v 0.548644 -0.380232 6.041495
v 0.551164 -0.387000 6.036057
v 0.560585 -0.376045 6.027548
v 0.586290 -0.365485 5.969062
v 0.573641 -0.375288 5.978546
v 0.565088 -0.372876 5.973950
v 0.540244 -0.370501 5.986282
v 0.550951 -0.360895 5.974614
v 0.557159 -0.367587 5.972741
v 0.545547 -0.376890 5.983644
v 0.550549 -0.327866 5.981102
v 0.543230 -0.346413 5.985192
v 0.542170 -0.339305 5.992975
v 0.536559 -0.363949 5.990872
v 0.546622 -0.353746 5.979009
v 0.537059 -0.345615 6.012498
v 0.528836 -0.357660 6.023263
v 0.571401 -0.378390 6.002797
v 0.572870 -0.371128 6.011023
v 0.560431 -0.383361 6.020105
v 0.559446 -0.390582 6.011705
v 0.545496 -0.333830 6.001369
v 0.585621 -0.359250 6.002618
v 0.584100 -0.366615 5.994155
v 0.572145 -0.363446 6.018208
v 0.583685 -0.350780 6.009424
v 0.549061 -0.401427 6.019967
v 0.544376 -0.406272 6.010978
v 0.580754 -0.372945 5.985541
v 0.543669 -0.343437 6.019150
v 0.552286 -0.344893 6.023195
v 0.561427 -0.332139 6.013192
v 0.552498 -0.331230 6.008609
v 0.589132 -0.329635 6.004190
v 0.570661 -0.336172 6.014472
v 0.578418 -0.342964 6.013535
v 0.541194 -0.374004 6.042655
v 0.595424 -0.337769 6.000735
v 0.482173 -0.436285 6.055599
v 0.484696 -0.429444 6.049569
v 0.477520 -0.434605 6.049081
v 0.476982 -0.442508 6.053281
v 0.470303 -0.418377 6.038124
v 0.468797 -0.417420 6.027315
v 0.460181 -0.427033 6.030725
v 0.460470 -0.426832 6.040005
v 0.473141 -0.447852 6.051362
v 0.470845 -0.439442 6.048428
v 0.472149 -0.449664 6.048354
v 0.478647 -0.460150 6.051849
v 0.474477 -0.456466 6.054498
v 0.480053 -0.467105 6.056704
v 0.488967 -0.460064 6.048811
v 0.488526 -0.468024 6.058638
v 0.507305 -0.447718 6.063560
v 0.510461 -0.439972 6.070189
v 0.504881 -0.449295 6.080031
v 0.500663 -0.456411 6.072648
v 0.506080 -0.431164 6.088329
v 0.504753 -0.440972 6.084401
v 0.511209 -0.432430 6.074380
v 0.511699 -0.424207 6.078024
v 0.487419 -0.425077 6.062320
v 0.490878 -0.418211 6.056322
v 0.489866 -0.423468 6.052514
v 0.486237 -0.429725 6.058914
v 0.466337 -0.452628 6.043129
v 0.479579 -0.453004 6.039631
v 0.476657 -0.453582 6.045145
v 0.464201 -0.450073 6.045853
v 0.492221 -0.392587 6.052291
v 0.497879 -0.386109 6.044637
v 0.497577 -0.391534 6.038650
v 0.492826 -0.396306 6.046387
v 0.485590 -0.405149 6.023489
v 0.493822 -0.401345 6.023328
v 0.501689 -0.407155 6.014070
v 0.493548 -0.412371 6.013982
v 0.476898 -0.410321 6.025137
v 0.483604 -0.417594 6.015820
v 0.473889 -0.423298 6.019152
v 0.464452 -0.432537 6.024864
v 0.502891 -0.381257 6.052296
v 0.497571 -0.384005 6.059010
v 0.447689 -0.478063 6.080595
v 0.448289 -0.473978 6.084278
v 0.450808 -0.473913 6.082627
v 0.450558 -0.477964 6.079022
v 0.515318 -0.386675 6.063915
v 0.522338 -0.392505 6.062958
v 0.524851 -0.388556 6.058949
v 0.517390 -0.383593 6.058913
v 0.512809 -0.390402 6.070905
v 0.519704 -0.397570 6.068559
v 0.449017 -0.489369 6.086271
v 0.447782 -0.486896 6.082212
v 0.452857 -0.487179 6.080941
v 0.454767 -0.489606 6.085145
v 0.474345 -0.450152 6.057575
v 0.478377 -0.443390 6.060874
v 0.469406 -0.460462 6.068818
v 0.473696 -0.451714 6.066425
v 0.471978 -0.457613 6.060778
v 0.470305 -0.463752 6.063849
v 0.481070 -0.435818 6.076651
v 0.484920 -0.428803 6.070493
v 0.482674 -0.435727 6.067467
v 0.478047 -0.442838 6.073853
v 0.484814 -0.418625 6.077126
v 0.482262 -0.425313 6.083148
v 0.482132 -0.419600 6.086617
v 0.483899 -0.414323 6.081084
v 0.476921 -0.442310 6.090910
v 0.474447 -0.447467 6.095895
v 0.475052 -0.443181 6.098823
v 0.477485 -0.437911 6.093673
v 0.528786 -0.385313 6.055127
v 0.520943 -0.380786 6.054501
v 0.504895 -0.413082 6.095009
v 0.500977 -0.404762 6.095180
v 0.496600 -0.407803 6.104138
v 0.501642 -0.416925 6.103955
v 0.526868 -0.400109 6.060009
v 0.530440 -0.395886 6.056332
v 0.450789 -0.488638 6.091616
v 0.456232 -0.489662 6.090707
v 0.484958 -0.431385 6.016478
v 0.471068 -0.439557 6.022242
v 0.496589 -0.424516 6.014345
v 0.504708 -0.419198 6.013898
v 0.511312 -0.414694 6.012523
v 0.473388 -0.452298 6.072611
v 0.483034 -0.436056 6.062630
v 0.487718 -0.421071 6.064639
v 0.486286 -0.399541 6.082746
v 0.488359 -0.395186 6.078222
v 0.486227 -0.402358 6.073171
v 0.485127 -0.405304 6.078789
v 0.493734 -0.399847 6.094290
v 0.487462 -0.400762 6.091632
v 0.485468 -0.404649 6.096828
v 0.490624 -0.403535 6.101162
v 0.466700 -0.455586 6.038796
v 0.479177 -0.452558 6.033045
v 0.506430 -0.383011 6.063165
v 0.509348 -0.380688 6.057005
v 0.514025 -0.378845 6.051201
v 0.492188 -0.406862 6.051475
v 0.492874 -0.399096 6.042306
v 0.490677 -0.402454 6.038626
v 0.492254 -0.410631 6.048568
v 0.483029 -0.420485 6.045015
v 0.478426 -0.411559 6.037028
v 0.474815 -0.425892 6.045643
v 0.496679 -0.395705 6.032201
v 0.503865 -0.388457 6.033066
v 0.502789 -0.393542 6.026448
v 0.505238 -0.383025 6.039928
v 0.508836 -0.379659 6.046781
v 0.508695 -0.384928 6.027064
v 0.508556 -0.389864 6.020606
v 0.510478 -0.379920 6.034296
v 0.513668 -0.376295 6.040713
v 0.541285 -0.386919 6.048171
v 0.533449 -0.380258 6.050002
v 0.535653 -0.392021 6.052365
v 0.512975 -0.403436 6.010320
v 0.502757 -0.399914 6.020069
v 0.510217 -0.396616 6.015361
v 0.520063 -0.409550 6.009415
v 0.455899 -0.433872 6.040126
v 0.451003 -0.439635 6.040339
v 0.454531 -0.440899 6.045803
v 0.459398 -0.436749 6.045668
v 0.478028 -0.472486 6.062015
v 0.472974 -0.468304 6.061439
v 0.474870 -0.462961 6.057634
v 0.489415 -0.395282 6.061262
v 0.493865 -0.387785 6.066667
v 0.469940 -0.459018 6.073948
v 0.460979 -0.488356 6.082228
v 0.458164 -0.485697 6.078000
v 0.467651 -0.480113 6.070869
v 0.471275 -0.483155 6.075056
v 0.470109 -0.463461 6.081816
v 0.467922 -0.462884 6.076161
v 0.464021 -0.465984 6.079448
v 0.466598 -0.467554 6.084938
v 0.475241 -0.435568 6.100341
v 0.477499 -0.431309 6.096085
v 0.491460 -0.464343 6.081225
v 0.492436 -0.472614 6.072518
v 0.497745 -0.464476 6.064169
v 0.482124 -0.430128 6.079983
v 0.479256 -0.436328 6.085780
v 0.479743 -0.431840 6.088742
v 0.473006 -0.453148 6.076205
v 0.471434 -0.458122 6.078156
v 0.473457 -0.454104 6.081206
v 0.475098 -0.448143 6.078091
v 0.505767 -0.399963 6.086711
v 0.496149 -0.394058 6.086132
v 0.447393 -0.482694 6.080124
v 0.451152 -0.483022 6.078640
v 0.525098 -0.376338 6.048348
v 0.518301 -0.375288 6.045358
v 0.485396 -0.423505 6.073443
v 0.501910 -0.455422 6.055415
v 0.487627 -0.416767 6.067141
v 0.492056 -0.432639 6.104335
v 0.485821 -0.426539 6.104896
v 0.481607 -0.431384 6.107154
v 0.486173 -0.435913 6.108467
v 0.459491 -0.473240 6.090017
v 0.456704 -0.471471 6.085298
v 0.452482 -0.472804 6.087482
v 0.454552 -0.474680 6.092400
v 0.467273 -0.463709 6.071081
v 0.467718 -0.466945 6.066892
v 0.462907 -0.470682 6.070887
v 0.462574 -0.467226 6.074685
v 0.470228 -0.471475 6.065159
v 0.465060 -0.475513 6.069684
v 0.462005 -0.477639 6.093819
v 0.463081 -0.483699 6.092634
v 0.473966 -0.477945 6.086546
v 0.470483 -0.472397 6.088313
v 0.517834 -0.417693 6.068932
v 0.517281 -0.410095 6.073032
v 0.511064 -0.415948 6.082272
v 0.505109 -0.421763 6.092176
v 0.498339 -0.426769 6.100567
v 0.501366 -0.438006 6.097854
v 0.509904 -0.408642 6.084951
v 0.478541 -0.463628 6.086510
v 0.481711 -0.471254 6.083057
v 0.483860 -0.464853 6.088436
v 0.487181 -0.410944 6.071251
v 0.456048 -0.481427 6.075960
v 0.524073 -0.423696 6.026562
v 0.530570 -0.419139 6.036008
v 0.526035 -0.424256 6.041923
v 0.518531 -0.429093 6.029522
v 0.454883 -0.472786 6.080551
v 0.454489 -0.476174 6.076571
v 0.477681 -0.426085 6.099541
v 0.475683 -0.431115 6.103157
v 0.477382 -0.428874 6.106370
v 0.478177 -0.424031 6.103727
v 0.515619 -0.403385 6.076005
v 0.489164 -0.408790 6.109140
v 0.496071 -0.417560 6.109443
v 0.522702 -0.404821 6.065445
v 0.523765 -0.412394 6.060999
v 0.528273 -0.408404 6.054799
v 0.495675 -0.449181 6.093943
v 0.517502 -0.424957 6.065561
v 0.523445 -0.418814 6.057160
v 0.528667 -0.415060 6.049517
v 0.533012 -0.411888 6.044091
v 0.532730 -0.404884 6.050216
v 0.463003 -0.488174 6.087561
v 0.456851 -0.484860 6.095217
v 0.538018 -0.400639 6.045501
v 0.544240 -0.394716 6.041803
v 0.543139 -0.401407 6.034554
v 0.537830 -0.407480 6.038784
v 0.522360 -0.425982 6.052686
v 0.519382 -0.432618 6.046317
v 0.516664 -0.431997 6.061311
v 0.513520 -0.439511 6.055428
v 0.498946 -0.458291 6.088963
v 0.442403 -0.479507 6.099107
v 0.450533 -0.478996 6.096854
v 0.450258 -0.474861 6.094452
v 0.442774 -0.475444 6.097665
v 0.456003 -0.478708 6.095399
v 0.451454 -0.483746 6.095748
v 0.506785 -0.447287 6.046457
v 0.472275 -0.459008 6.084825
v 0.509270 -0.439094 6.033665
v 0.494916 -0.454014 6.040092
v 0.494383 -0.448748 6.030604
v 0.508316 -0.429576 6.018419
v 0.497414 -0.437515 6.019189
v 0.520498 -0.418663 6.016312
v 0.514969 -0.423229 6.018433
v 0.527267 -0.412604 6.012195
v 0.483018 -0.444913 6.022392
v 0.441791 -0.476938 6.083186
v 0.442804 -0.473204 6.087475
v 0.528885 -0.419253 6.022912
v 0.535835 -0.413990 6.017974
v 0.465939 -0.431716 6.046232
v 0.488960 -0.406066 6.064058
v 0.490143 -0.410642 6.060974
v 0.490926 -0.391521 6.073438
v 0.487589 -0.399323 6.067787
v 0.541590 -0.409184 6.026524
v 0.515651 -0.377394 6.019560
v 0.517320 -0.372564 6.026831
v 0.550241 -0.393954 6.028451
v 0.440936 -0.481763 6.082513
v 0.477066 -0.449914 6.100604
v 0.477623 -0.448324 6.101587
v 0.455620 -0.435230 6.033025
v 0.451041 -0.441896 6.034741
v 0.457681 -0.452068 6.031742
v 0.453383 -0.446425 6.032493
v 0.458841 -0.440361 6.028302
v 0.463806 -0.446726 6.026716
v 0.491145 -0.403929 6.054299
v 0.490193 -0.400626 6.057738
v 0.509964 -0.395061 6.078602
v 0.500425 -0.389482 6.078512
v 0.474392 -0.476081 6.066172
v 0.484627 -0.474577 6.065738
v 0.478756 -0.478232 6.070160
v 0.474696 -0.482089 6.080713
v 0.474454 -0.463143 6.085988
v 0.474504 -0.467511 6.085364
v 0.485559 -0.406790 6.037055
v 0.489400 -0.415648 6.045923
v 0.465252 -0.442069 6.047454
v 0.460351 -0.444661 6.047730
v 0.477670 -0.441851 6.081526
v 0.487134 -0.456907 6.099048
v 0.489693 -0.462608 6.094067
v 0.475547 -0.447899 6.086008
v 0.440234 -0.488225 6.088498
v 0.440072 -0.485617 6.084359
v 0.483509 -0.477265 6.076373
v 0.480044 -0.425624 6.091787
v 0.487602 -0.449240 6.100729
v 0.482186 -0.453327 6.101466
v 0.486877 -0.405829 6.104151
v 0.535179 -0.415088 6.031453
v 0.449378 -0.472396 6.089621
v 0.443390 -0.472114 6.092895
v 0.442389 -0.483589 6.097826
v 0.441972 -0.487183 6.093647
v 0.503797 -0.385963 6.070680
v 0.490748 -0.414300 6.058710
v 0.520871 -0.368783 6.033399
v 0.471339 -0.450373 6.028334
v 0.463380 -0.456024 6.033680
v 0.473596 -0.452442 6.089636
v 0.491556 -0.423325 6.106688
v 0.494472 -0.441397 6.103274
v 0.488131 -0.444031 6.108460
v 0.484168 -0.449747 6.105512
v 0.479146 -0.450302 6.104115
v 0.435072 -0.483052 6.099098
v 0.434555 -0.486236 6.095201
v 0.433225 -0.487077 6.089471
v 0.434237 -0.484152 6.085776
v 0.435907 -0.480261 6.084256
v 0.435623 -0.478895 6.100289
v 0.436625 -0.475017 6.098790
v 0.438626 -0.471615 6.094448
v 0.429711 -0.477569 6.100286
v 0.427425 -0.481661 6.099385
v 0.420472 -0.482571 6.088757
v 0.425666 -0.485461 6.089953
v 0.422759 -0.484214 6.092363
v 0.419105 -0.482715 6.092036
v 0.414849 -0.480959 6.092535
v 0.416064 -0.479954 6.089329
v 0.424111 -0.484126 6.095511
v 0.419540 -0.482506 6.096207
v 0.420915 -0.479928 6.098775
v 0.416437 -0.478212 6.099394
v 0.414917 -0.480507 6.096726
v 0.424204 -0.481927 6.098081
v 0.427724 -0.485639 6.095277
v 0.412442 -0.477661 6.091271
v 0.411976 -0.479535 6.093224
v 0.411177 -0.478633 6.096842
v 0.411003 -0.475632 6.095571
v 0.428745 -0.482983 6.085890
v 0.422583 -0.480316 6.086682
v 0.417713 -0.477367 6.087898
v 0.414114 -0.475094 6.090251
v 0.424141 -0.476906 6.086187
v 0.419255 -0.474569 6.088046
v 0.416343 -0.472857 6.090466
v 0.425293 -0.473309 6.087595
v 0.420283 -0.472070 6.089551
v 0.432923 -0.475241 6.085892
v 0.431342 -0.479362 6.084660
v 0.417903 -0.471656 6.091068
v 0.412763 -0.473135 6.094609
v 0.422857 -0.477967 6.100409
v 0.417946 -0.475826 6.100430
v 0.424215 -0.475326 6.100493
v 0.419198 -0.473500 6.100245
v 0.413518 -0.474822 6.099593
v 0.413014 -0.477321 6.099605
v 0.437521 -0.475805 6.085077
v 0.438671 -0.472397 6.089592
v 0.433910 -0.471937 6.090040
v 0.426383 -0.470353 6.091361
v 0.433483 -0.471400 6.094881
v 0.431190 -0.474019 6.098829
v 0.425276 -0.472544 6.099098
v 0.426532 -0.470205 6.096086
v 0.420390 -0.471283 6.098742
v 0.421178 -0.469881 6.096275
v 0.420903 -0.470144 6.092617
v 0.416897 -0.470945 6.097246
v 0.414995 -0.472632 6.098697
v 0.415384 -0.471685 6.093987
v 0.418365 -0.470224 6.095824
v 0.417813 -0.470769 6.093384
v 0.450458 -0.466707 6.106135
v 0.450546 -0.462382 6.108865
v 0.456401 -0.463261 6.107769
v 0.456505 -0.467076 6.104983
v 0.453300 -0.477716 6.112774
v 0.451364 -0.474502 6.107998
v 0.458599 -0.475668 6.107199
v 0.461115 -0.478587 6.112115
v 0.455822 -0.475524 6.118763
v 0.463713 -0.476265 6.118410
v 0.468492 -0.476407 6.107113
v 0.465102 -0.473865 6.102895
v 0.473346 -0.467288 6.093354
v 0.477840 -0.469234 6.096258
v 0.470498 -0.452774 6.100446
v 0.472753 -0.453129 6.104958
v 0.450615 -0.470430 6.105933
v 0.457174 -0.471209 6.104923
v 0.465056 -0.459477 6.112493
v 0.462876 -0.459214 6.108320
v 0.457305 -0.460706 6.111280
v 0.458576 -0.460815 6.115772
v 0.468723 -0.460763 6.091492
v 0.469169 -0.456199 6.095506
v 0.470553 -0.464555 6.091645
v 0.467804 -0.462591 6.116201
v 0.470461 -0.468159 6.116923
v 0.480745 -0.462365 6.106541
v 0.477008 -0.457153 6.107697
v 0.463285 -0.469968 6.101066
v 0.461713 -0.461955 6.104076
v 0.461835 -0.465958 6.101152
v 0.471610 -0.473847 6.112653
v 0.462067 -0.469364 6.121143
v 0.443274 -0.462960 6.120947
v 0.452225 -0.463428 6.119936
v 0.451786 -0.460036 6.116999
v 0.443157 -0.459268 6.118553
v 0.459944 -0.463957 6.119021
v 0.453963 -0.468841 6.121361
v 0.441441 -0.464641 6.107570
v 0.442212 -0.460411 6.110481
v 0.440904 -0.468602 6.107261
v 0.481989 -0.467889 6.101700
v 0.441984 -0.475135 6.113794
v 0.441030 -0.472060 6.109400
v 0.451313 -0.459616 6.112451
v 0.442964 -0.457875 6.114183
v 0.443663 -0.467679 6.121650
v 0.443971 -0.473132 6.118769
v 0.435788 -0.465979 6.121511
v 0.435175 -0.471088 6.119268
v 0.433604 -0.472936 6.114237
v 0.434357 -0.470437 6.109860
v 0.435627 -0.467261 6.108049
v 0.436141 -0.461692 6.121090
v 0.437038 -0.458517 6.118941
v 0.437887 -0.457203 6.114977
v 0.429486 -0.457237 6.119550
v 0.427704 -0.460863 6.120240
v 0.416896 -0.461348 6.109608
v 0.421704 -0.464669 6.110571
v 0.420327 -0.463506 6.113306
v 0.415569 -0.461476 6.112508
v 0.426334 -0.467781 6.113125
v 0.423615 -0.465235 6.114601
v 0.424288 -0.463659 6.117169
v 0.420174 -0.461808 6.117002
v 0.421060 -0.458398 6.118046
v 0.416067 -0.456132 6.117898
v 0.414619 -0.459440 6.116345
v 0.424484 -0.460803 6.118417
v 0.411949 -0.459506 6.112261
v 0.412558 -0.457977 6.110311
v 0.427827 -0.466542 6.118370
v 0.429240 -0.467283 6.109092
v 0.423547 -0.463580 6.107942
v 0.418343 -0.459673 6.107596
v 0.414240 -0.455831 6.108795
v 0.425103 -0.460788 6.106306
v 0.419770 -0.457192 6.106607
v 0.416321 -0.454208 6.108262
v 0.426468 -0.456852 6.106409
v 0.420885 -0.454231 6.107134
v 0.433135 -0.461104 6.107665
v 0.431501 -0.464771 6.107229
v 0.418059 -0.453141 6.108346
v 0.410106 -0.454662 6.113321
v 0.412309 -0.452840 6.111695
v 0.409781 -0.457365 6.115509
v 0.422460 -0.456496 6.118148
v 0.417241 -0.454036 6.117303
v 0.423549 -0.454161 6.118136
v 0.418056 -0.451976 6.116979
v 0.412476 -0.452884 6.116457
v 0.412035 -0.454789 6.117429
v 0.436695 -0.463547 6.108612
v 0.437669 -0.459527 6.111299
v 0.434200 -0.457010 6.110252
v 0.427242 -0.452839 6.109187
v 0.434096 -0.454526 6.113979
v 0.431604 -0.454927 6.117432
v 0.425286 -0.452253 6.116470
v 0.426867 -0.451286 6.113198
v 0.419680 -0.450724 6.115418
v 0.421349 -0.450072 6.112802
v 0.421580 -0.451295 6.109418
v 0.416056 -0.450222 6.113555
v 0.413878 -0.451050 6.115047
v 0.415005 -0.451744 6.110588
v 0.418154 -0.450018 6.112148
v 0.417828 -0.451245 6.109962
v 0.455420 -0.446163 6.112875
v 0.455277 -0.440560 6.113395
v 0.459792 -0.441676 6.114339
v 0.460146 -0.446794 6.113406
v 0.456408 -0.452531 6.120774
v 0.455376 -0.452371 6.117640
v 0.462152 -0.453734 6.117559
v 0.464261 -0.454492 6.121005
v 0.456777 -0.449304 6.124337
v 0.465446 -0.450817 6.125736
v 0.469819 -0.454659 6.118168
v 0.466683 -0.453971 6.114583
v 0.474641 -0.450702 6.107781
v 0.478568 -0.451346 6.110740
v 0.455025 -0.450004 6.114831
v 0.460901 -0.450756 6.114725
v 0.465563 -0.436110 6.117174
v 0.464466 -0.437443 6.114315
v 0.459939 -0.437811 6.116763
v 0.460456 -0.436751 6.119675
v 0.471512 -0.443217 6.104063
v 0.471543 -0.438123 6.105016
v 0.472493 -0.447496 6.105241
v 0.468021 -0.438076 6.121116
v 0.471145 -0.443489 6.123967
v 0.480038 -0.439465 6.115276
v 0.476665 -0.434689 6.112988
v 0.464592 -0.450556 6.112137
v 0.463136 -0.441109 6.111411
v 0.463547 -0.446277 6.110557
v 0.472380 -0.450248 6.121965
v 0.464028 -0.443826 6.126502
v 0.445513 -0.438120 6.122547
v 0.455707 -0.438333 6.123153
v 0.455637 -0.435656 6.119258
v 0.446183 -0.435449 6.119208
v 0.462070 -0.438644 6.123466
v 0.456562 -0.443399 6.125415
v 0.447103 -0.444626 6.111748
v 0.447329 -0.439575 6.112696
v 0.446227 -0.448284 6.113877
v 0.481263 -0.446787 6.114197
v 0.473417 -0.432041 6.110122
v 0.445271 -0.451028 6.119943
v 0.445542 -0.450603 6.116580
v 0.455471 -0.436605 6.115875
v 0.447150 -0.435767 6.115583
v 0.445464 -0.442814 6.124497
v 0.445802 -0.448261 6.123483
v 0.438515 -0.441663 6.123038
v 0.438187 -0.447081 6.122187
v 0.438110 -0.450071 6.118570
v 0.439411 -0.449392 6.115110
v 0.440927 -0.447266 6.112735
v 0.439435 -0.437189 6.120500
v 0.441099 -0.435349 6.117445
v 0.442670 -0.435939 6.114604
v 0.435494 -0.435509 6.118435
v 0.433709 -0.439555 6.119414
v 0.422708 -0.444650 6.110031
v 0.426966 -0.446288 6.112107
v 0.426215 -0.444870 6.113487
v 0.421920 -0.443908 6.111916
v 0.431427 -0.447834 6.115887
v 0.429061 -0.445952 6.115705
v 0.429942 -0.443868 6.117740
v 0.425718 -0.442611 6.116388
v 0.427655 -0.438816 6.116847
v 0.423421 -0.437717 6.115373
v 0.421452 -0.441474 6.114719
v 0.430256 -0.440706 6.118659
v 0.418960 -0.442945 6.111235
v 0.419110 -0.442801 6.109370
v 0.433334 -0.444996 6.119192
v 0.433930 -0.448240 6.112637
v 0.428807 -0.446318 6.109809
v 0.424210 -0.444255 6.107784
v 0.421002 -0.441617 6.107196
v 0.430923 -0.444423 6.107921
v 0.426327 -0.442458 6.106298
v 0.423422 -0.440106 6.106053
v 0.432722 -0.441496 6.107017
v 0.427935 -0.439978 6.105914
v 0.438618 -0.443104 6.109864
v 0.436311 -0.446270 6.110537
v 0.425323 -0.438935 6.106022
v 0.417853 -0.438994 6.110930
v 0.419900 -0.437467 6.108793
v 0.417879 -0.440458 6.113239
v 0.429143 -0.436503 6.117051
v 0.424671 -0.435468 6.114912
v 0.430729 -0.434332 6.115691
v 0.425950 -0.433751 6.113630
v 0.420577 -0.436023 6.113399
v 0.420065 -0.437511 6.114366
v 0.442232 -0.443825 6.111758
v 0.443114 -0.439447 6.112395
v 0.439902 -0.439065 6.110391
v 0.433802 -0.437341 6.107673
v 0.439786 -0.435482 6.112547
v 0.437318 -0.434449 6.115366
v 0.432270 -0.433394 6.113120
v 0.433707 -0.434064 6.110174
v 0.427420 -0.433171 6.111666
v 0.428759 -0.433770 6.109235
v 0.428763 -0.436524 6.106697
v 0.424106 -0.434121 6.109762
v 0.422125 -0.434565 6.111555
v 0.422696 -0.436731 6.107400
v 0.425839 -0.434313 6.108439
v 0.425263 -0.436454 6.106803
v 0.472448 -0.434333 6.107505
v 0.462339 -0.418683 6.116282
v 0.463004 -0.414689 6.115876
v 0.465787 -0.415776 6.115769
v 0.465632 -0.419954 6.115917
v 0.462943 -0.421392 6.124808
v 0.462052 -0.422952 6.121716
v 0.467683 -0.425206 6.121411
v 0.469015 -0.424043 6.124934
v 0.464800 -0.416337 6.125575
v 0.469966 -0.419046 6.127207
v 0.474849 -0.425290 6.121698
v 0.472636 -0.426336 6.118154
v 0.481134 -0.425117 6.110354
v 0.485121 -0.423724 6.112748
v 0.481276 -0.407102 6.106550
v 0.480365 -0.409086 6.102767
v 0.473835 -0.410276 6.108596
v 0.476285 -0.407713 6.111127
v 0.461955 -0.421493 6.118666
v 0.466660 -0.423396 6.118067
v 0.469657 -0.409465 6.117640
v 0.468257 -0.412138 6.114839
v 0.466159 -0.412042 6.116538
v 0.466773 -0.409054 6.118386
v 0.478359 -0.412795 6.100692
v 0.478112 -0.418143 6.101461
v 0.474921 -0.418623 6.106361
v 0.473000 -0.414316 6.107529
v 0.477041 -0.422010 6.108397
v 0.472430 -0.409790 6.120916
v 0.474413 -0.413801 6.124329
v 0.483776 -0.410449 6.115668
v 0.479484 -0.407762 6.113845
v 0.470033 -0.423974 6.115949
v 0.468443 -0.416121 6.113454
v 0.468247 -0.420486 6.114302
v 0.476457 -0.420481 6.124332
v 0.469465 -0.412692 6.124922
v 0.457151 -0.405482 6.121124
v 0.463777 -0.407267 6.122203
v 0.463615 -0.407245 6.118585
v 0.457565 -0.405603 6.118348
v 0.467213 -0.409474 6.122303
v 0.463772 -0.410648 6.125231
v 0.456224 -0.417254 6.115954
v 0.457534 -0.413221 6.115293
v 0.455318 -0.419616 6.118312
v 0.487431 -0.418504 6.115487
v 0.454712 -0.419085 6.124239
v 0.454561 -0.420484 6.121261
v 0.463292 -0.410688 6.116706
v 0.457805 -0.408948 6.116254
v 0.456719 -0.408355 6.123703
v 0.455917 -0.414236 6.125052
v 0.451007 -0.407064 6.122301
v 0.449558 -0.412795 6.124961
v 0.449636 -0.417373 6.123557
v 0.450343 -0.419060 6.120848
v 0.451551 -0.418449 6.118077
v 0.451723 -0.404396 6.119443
v 0.452864 -0.405257 6.116823
v 0.453406 -0.408336 6.115736
v 0.447702 -0.404891 6.117442
v 0.445996 -0.407452 6.120249
v 0.437533 -0.417608 6.117672
v 0.441176 -0.417899 6.119422
v 0.440347 -0.416129 6.120176
v 0.437042 -0.416407 6.118899
v 0.445530 -0.416964 6.121879
v 0.443339 -0.415522 6.121622
v 0.444412 -0.412474 6.121647
v 0.440373 -0.412829 6.120759
v 0.440782 -0.408621 6.119652
v 0.436719 -0.409097 6.118363
v 0.436384 -0.413032 6.120171
v 0.443749 -0.409235 6.120582
v 0.434360 -0.416095 6.118341
v 0.434141 -0.416636 6.116687
v 0.447000 -0.412426 6.122657
v 0.447172 -0.418874 6.119881
v 0.442243 -0.418726 6.117901
v 0.437799 -0.418172 6.115834
v 0.434623 -0.416252 6.114514
v 0.443768 -0.418190 6.116032
v 0.439123 -0.417420 6.114194
v 0.436241 -0.415521 6.113242
v 0.445231 -0.416229 6.114226
v 0.440462 -0.415751 6.113017
v 0.450297 -0.416292 6.115324
v 0.448909 -0.418427 6.117553
v 0.437760 -0.414946 6.112609
v 0.432430 -0.413072 6.116426
v 0.433523 -0.412964 6.114179
v 0.432942 -0.413043 6.118973
v 0.441528 -0.406667 6.118114
v 0.436878 -0.407410 6.116821
v 0.442933 -0.405737 6.116139
v 0.437611 -0.407226 6.115019
v 0.433541 -0.409503 6.116276
v 0.433886 -0.409960 6.118012
v 0.452940 -0.416169 6.115609
v 0.453496 -0.412497 6.115047
v 0.450941 -0.412517 6.114098
v 0.445838 -0.412874 6.112966
v 0.450301 -0.408563 6.114312
v 0.449448 -0.405567 6.115108
v 0.443783 -0.406472 6.114373
v 0.445068 -0.409005 6.112967
v 0.438891 -0.408193 6.113274
v 0.440235 -0.410158 6.112204
v 0.440861 -0.413093 6.112112
v 0.436105 -0.410633 6.112922
v 0.434540 -0.409820 6.114184
v 0.435344 -0.413055 6.112904
v 0.437575 -0.411370 6.112266
v 0.437464 -0.413155 6.112317
v 0.483211 -0.407373 6.109543
v 0.457932 -0.460264 6.044252
v 0.458271 -0.457445 6.047966
v 0.448662 -0.445039 6.047897
v 0.453188 -0.448888 6.050309
v 0.445066 -0.444730 6.042815
v 0.445994 -0.452424 6.036770
v 0.444572 -0.448125 6.038970
v 0.456448 -0.453660 6.050030
v 0.455443 -0.461290 6.040292
v 0.450079 -0.457480 6.036776
v 0.447073 -0.464002 6.043316
v 0.441485 -0.461375 6.040201
v 0.437750 -0.454461 6.039958
v 0.438156 -0.450026 6.042543
v 0.440587 -0.446753 6.045782
v 0.451861 -0.463540 6.047419
v 0.453062 -0.461287 6.050504
v 0.452200 -0.456617 6.052275
v 0.444350 -0.467568 6.050687
v 0.436824 -0.469144 6.049192
v 0.422487 -0.461442 6.052837
v 0.425833 -0.458796 6.050014
v 0.425408 -0.462897 6.048928
v 0.422168 -0.465047 6.050938
v 0.429940 -0.457971 6.046451
v 0.428131 -0.462223 6.047705
v 0.429962 -0.466410 6.047809
v 0.426930 -0.468396 6.048708
v 0.431994 -0.469737 6.049239
v 0.430133 -0.472363 6.050789
v 0.423104 -0.470649 6.050131
v 0.420020 -0.467233 6.052802
v 0.420678 -0.471531 6.053103
v 0.420508 -0.465301 6.055310
v 0.433152 -0.464542 6.046089
v 0.432689 -0.451440 6.047273
v 0.427547 -0.454765 6.051786
v 0.424032 -0.458835 6.055751
v 0.422888 -0.463658 6.058312
v 0.431067 -0.452794 6.055292
v 0.427570 -0.457934 6.058970
v 0.426359 -0.462740 6.060639
v 0.435432 -0.454331 6.058403
v 0.431101 -0.459328 6.061007
v 0.441621 -0.448235 6.053419
v 0.436670 -0.448017 6.049922
v 0.429129 -0.462454 6.061519
v 0.420942 -0.470789 6.057113
v 0.424163 -0.468946 6.059822
v 0.433854 -0.472656 6.053142
v 0.426916 -0.474300 6.052358
v 0.429965 -0.474695 6.055538
v 0.438116 -0.471286 6.055459
v 0.432771 -0.473256 6.058549
v 0.425384 -0.474539 6.056983
v 0.423625 -0.474715 6.053750
v 0.444784 -0.446778 6.049966
v 0.449172 -0.451116 6.052348
v 0.446012 -0.452802 6.055358
v 0.439453 -0.458334 6.059620
v 0.448049 -0.459091 6.055703
v 0.448055 -0.464684 6.053489
v 0.440734 -0.468395 6.057992
v 0.441274 -0.463753 6.059680
v 0.434790 -0.470143 6.060715
v 0.435387 -0.466391 6.061668
v 0.433838 -0.462552 6.061790
v 0.430371 -0.469541 6.061594
v 0.428007 -0.472460 6.059939
v 0.427542 -0.466811 6.061391
v 0.431927 -0.467203 6.062021
v 0.430353 -0.464978 6.062004
v 0.483184 -0.407322 6.100267
v 0.480654 -0.411906 6.097439
v 0.483268 -0.408976 6.093577
v 0.484289 -0.404360 6.088486
v 0.488894 -0.397109 6.086806
v 0.483650 -0.409467 6.084833
v 0.482280 -0.414199 6.090408
v 0.479331 -0.419270 6.095953
v 0.485147 -0.410192 6.076942
v 0.650192 -0.491503 5.566489
v 0.647292 -0.493334 5.565315
v 0.646686 -0.488147 5.569613
v 0.649553 -0.487425 5.569342
v 0.639096 -0.489555 5.567730
v 0.643345 -0.488783 5.569079
v 0.643263 -0.494395 5.563307
v 0.638559 -0.494674 5.559247
v 0.633140 -0.488538 5.556483
v 0.631781 -0.488043 5.556621
v 0.631739 -0.487591 5.557231
v 0.633252 -0.487921 5.558494
v 0.634656 -0.489104 5.560728
v 0.654745 -0.486109 5.567656
v 0.653972 -0.487487 5.567076
v 0.652472 -0.489726 5.567005
v 0.635814 -0.489712 5.564287
v 0.653175 -0.485477 5.568069
v 0.654539 -0.485595 5.567890
v 0.636094 -0.492267 5.556186
v 0.640071 -0.492282 5.566873
v 0.644145 -0.491180 5.568173
v 0.641325 -0.494615 5.564785
v 0.637589 -0.493943 5.561372
v 0.634711 -0.487962 5.558120
v 0.635178 -0.490662 5.560298
v 0.647367 -0.490006 5.568829
v 0.636485 -0.492051 5.563386
v 0.645230 -0.493152 5.566730
v 0.636472 -0.491104 5.558657
v 0.634803 -0.489370 5.557823
v 0.654177 -0.486173 5.567280
v 0.654024 -0.485792 5.567457
v 0.602426 -0.258734 5.629750
v 0.595827 -0.248703 5.644017
v 0.648278 -0.491699 5.567733
v 0.651627 -0.488103 5.568331
v 0.649905 -0.488952 5.568772
v 0.650533 -0.490175 5.567952
v 0.652040 -0.488799 5.567899
v 0.665743 -0.257240 5.762743
v 0.674497 -0.268885 5.760536
v 0.720041 -0.268851 5.768365
v 0.734111 -0.254697 5.770918
v 0.555524 -0.078338 5.785752
v 0.667247 -0.011474 5.664838
v 0.674120 -0.026171 5.647032
v 0.624671 -0.002597 5.606184
v 0.639679 -0.002156 5.617425
v 0.650085 -0.057082 5.750728
v 0.655549 -0.067190 5.739255
v 0.597906 -0.075094 5.772102
v 0.603237 -0.084244 5.761679
v 0.630907 -0.056987 5.772696
v 0.644722 0.034566 5.675188
v 0.653973 0.028455 5.688046
v 0.655399 0.010749 5.668791
v 0.647319 0.016166 5.654281
v 0.608026 -0.005061 5.597986
v 0.603944 0.016494 5.621354
v 0.674364 -0.069706 5.714145
v 0.683608 -0.059803 5.696462
v 0.683991 -0.044409 5.655875
v 0.678641 -0.041127 5.635437
v 0.670445 -0.040520 5.616963
v 0.660051 -0.041007 5.599871
v 0.591679 -0.100781 5.755175
v 0.579419 -0.115405 5.745620
v 0.660368 -0.078637 5.728557
v 0.534839 -0.110203 5.748608
v 0.656107 -0.058499 5.570750
v 0.639109 -0.059419 5.557229
v 0.686642 -0.050809 5.676836
v 0.588594 -0.230524 5.684976
v 0.602787 -0.230996 5.689921
v 0.595081 -0.222847 5.702811
v 0.580607 -0.221157 5.697738
v 0.608629 -0.222824 5.707276
v 0.621798 -0.221366 5.710502
v 0.633767 -0.218854 5.712554
v 0.658659 -0.207028 5.713262
v 0.652055 -0.211444 5.713672
v 0.670586 -0.193284 5.710893
v 0.664893 -0.201390 5.712188
v 0.676977 -0.179618 5.708867
v 0.683169 -0.164319 5.706392
v 0.694849 -0.157047 5.694724
v 0.690141 -0.148688 5.702493
v 0.677492 -0.156963 5.714749
v 0.671833 -0.171443 5.717515
v 0.665134 -0.184092 5.719934
v 0.551769 -0.167831 5.723541
v 0.554114 -0.189728 5.717111
v 0.607591 -0.268512 5.616698
v 0.613696 -0.270333 5.959511
v 0.552797 -0.382542 5.983516
v 0.659092 -0.221424 5.502658
v 0.679296 -0.219591 5.509679
v 0.737671 -0.221007 5.545933
v 0.748352 -0.236642 5.562134
v 0.721749 -0.210780 5.530593
v 0.700838 -0.207435 5.519739
v 0.645928 -0.097972 5.730277
v 0.677290 -0.187173 5.515713
v 0.702401 -0.197229 5.521872
v 0.726933 -0.199052 5.535400
v 0.745624 -0.208517 5.553267
v 0.759862 -0.226395 5.572766
v 0.767298 -0.231052 5.585152
v 0.776510 -0.218898 5.605661
v 0.779075 -0.225077 5.616649
v 0.780566 -0.231556 5.630301
v 0.778343 -0.251569 5.630589
v 0.777498 -0.245483 5.617928
v 0.751513 -0.248624 5.737646
v 0.745546 -0.242759 5.755547
v 0.742577 -0.231593 5.767037
v 0.737642 -0.219128 5.773577
v 0.733183 -0.211545 5.775202
v 0.729577 -0.203016 5.771799
v 0.728580 -0.195616 5.759408
v 0.726858 -0.179855 5.715277
v 0.729205 -0.173603 5.695676
v 0.735891 -0.136433 5.648015
v 0.733471 -0.128551 5.636539
v 0.718225 -0.104205 5.617128
v 0.708680 -0.092846 5.610673
v 0.699444 -0.078368 5.606862
v 0.642663 0.105041 5.777462
v 0.657369 0.091889 5.784825
v 0.653497 0.080299 5.763600
v 0.639090 0.091973 5.756123
v 0.610652 0.073791 5.700504
v 0.592660 0.074827 5.691032
v 0.671244 0.028357 5.795177
v 0.665895 0.007390 5.805088
v 0.663632 0.064873 5.772031
v 0.670210 0.048236 5.784783
v 0.653904 -0.010817 5.813072
v 0.578661 -0.051687 5.831873
v 0.558176 -0.057782 5.833437
v 0.518009 -0.066059 5.828387
v 0.500020 -0.064529 5.821712
v 0.638531 -0.025942 5.820401
v 0.537219 -0.064616 5.832572
v 0.620173 -0.035999 5.825750
v 0.599428 -0.044010 5.829559
v 0.624907 0.068749 5.708992
v 0.624339 0.084966 5.728733
v 0.637847 0.078541 5.737097
v 0.654630 -0.113261 5.524931
v 0.674007 -0.113998 5.534788
v 0.693058 -0.116890 5.545870
v 0.715469 -0.131188 5.554874
v 0.710214 -0.121050 5.558268
v 0.725972 -0.126090 5.574148
v 0.731141 -0.135089 5.571610
v 0.749624 -0.150041 5.612083
v 0.745233 -0.142228 5.612387
v 0.749347 -0.149543 5.629548
v 0.754249 -0.154606 5.626744
v 0.752342 -0.153913 5.643572
v 0.753283 -0.161252 5.657338
v 0.751588 -0.170429 5.672198
v 0.750503 -0.179650 5.687936
v 0.764611 -0.192910 5.676462
v 0.764862 -0.186509 5.661581
v 0.754428 -0.157448 5.610101
v 0.748135 -0.151890 5.592112
v 0.661068 -0.139075 5.523085
v 0.640821 -0.140965 5.517141
v 0.697800 -0.135979 5.695516
v 0.705900 -0.124317 5.685739
v 0.712312 -0.116176 5.673642
v 0.717264 -0.111473 5.660809
v 0.720767 -0.109597 5.648167
v 0.723242 -0.109807 5.635018
v 0.729753 -0.120084 5.628674
v 0.725106 -0.111948 5.622778
v 0.732780 -0.123984 5.621706
v 0.727359 -0.115490 5.612365
v 0.730297 -0.120605 5.602939
v 0.733756 -0.126767 5.595657
v 0.738107 -0.133616 5.592371
v 0.742989 -0.141760 5.591526
v 0.737823 -0.145390 5.571631
v 0.722107 -0.141621 5.553876
v 0.709330 -0.152919 5.537566
v 0.717138 -0.163571 5.538057
v 0.703214 -0.140432 5.539516
v 0.697335 -0.128688 5.541276
v 0.715160 -0.257266 5.536844
v 0.701454 -0.252368 5.521714
v 0.739715 -0.200931 5.747599
v 0.738081 -0.197349 5.746015
v 0.734307 -0.196615 5.751842
v 0.735853 -0.202455 5.757702
v 0.739234 -0.208669 5.759372
v 0.747530 -0.212679 5.745039
v 0.742390 -0.205482 5.747450
v 0.743586 -0.216352 5.757856
v 0.747902 -0.226253 5.752358
v 0.751917 -0.221480 5.739954
v 0.751616 -0.234968 5.743462
v 0.755752 -0.229149 5.733332
v 0.756320 -0.239614 5.731465
v 0.758702 -0.234111 5.726832
v 0.772171 -0.221313 5.685310
v 0.768328 -0.227350 5.700876
v 0.763101 -0.231949 5.715755
v 0.749596 -0.187546 5.705037
v 0.748259 -0.195275 5.720829
v 0.745887 -0.201440 5.735973
v 0.751321 -0.208145 5.731901
v 0.754028 -0.201159 5.716431
v 0.756136 -0.193008 5.699866
v 0.657887 -0.123938 5.523700
v 0.677553 -0.127222 5.529286
v 0.757296 -0.161104 5.639909
v 0.758593 -0.167989 5.651442
v 0.758980 -0.176090 5.663801
v 0.758119 -0.185146 5.681386
v 0.764502 -0.176884 5.646850
v 0.762508 -0.170191 5.634757
v 0.758925 -0.164020 5.623217
v 0.682913 -0.139993 5.529563
v 0.638381 -0.123253 5.518099
v 0.709398 -0.276963 5.664368
v 0.729074 -0.287914 5.653591
v 0.751664 -0.286560 5.644949
v 0.769911 -0.272756 5.636470
v 0.627093 -0.227416 5.889904
v 0.600525 0.036284 5.642063
v 0.596592 0.055946 5.665421
v 0.613797 0.057144 5.675798
v 0.620871 -0.059641 5.547567
v 0.636584 -0.111252 5.516485
v 0.630648 -0.199187 5.735141
v 0.620946 -0.202576 5.734739
v 0.626772 -0.211054 5.723968
v 0.636757 -0.207442 5.724804
v 0.647547 -0.189969 5.732344
v 0.639956 -0.194598 5.734264
v 0.645686 -0.202756 5.724300
v 0.653382 -0.197870 5.723367
v 0.654161 -0.183824 5.730323
v 0.659726 -0.192003 5.721654
v 0.634539 -0.184796 5.742571
v 0.625621 -0.188821 5.744346
v 0.616333 -0.191704 5.744751
v 0.648476 -0.175423 5.737462
v 0.642045 -0.180406 5.739961
v 0.589750 -0.390728 5.597939
v 0.583579 -0.404499 5.606585
v 0.584394 -0.444758 5.593651
v 0.586550 -0.446563 5.589840
v 0.614460 -0.281711 5.595132
v 0.616901 -0.288135 5.586524
v 0.559856 -0.206341 5.706394
v 0.574862 -0.228460 5.680937
v 0.581670 -0.230724 5.669065
v 0.588929 -0.238337 5.656843
v 0.610671 -0.276201 5.605942
v 0.566689 -0.218362 5.694363
v 0.630039 0.088340 5.966017
v 0.610940 0.106398 5.977128
v 0.628049 0.110095 5.952460
v 0.613382 0.124995 5.958800
v 0.662254 0.088741 5.893468
v 0.650882 0.093952 5.917295
v 0.672047 0.079456 5.868827
v 0.595549 0.141691 5.957949
v 0.574188 0.157966 5.950337
v 0.583613 0.168993 5.924704
v 0.663037 0.101867 5.862026
v 0.653802 0.110112 5.886633
v 0.626805 0.122018 5.942593
v 0.640031 0.101629 5.937968
v 0.633753 0.119820 5.929598
v 0.602045 0.151790 5.935337
v 0.616741 0.133201 5.942504
v 0.608710 0.120018 5.760930
v 0.583933 0.139698 5.768333
v 0.607621 0.133150 5.780993
v 0.669048 0.075547 5.793215
v 0.659221 0.102692 5.805781
v 0.623567 0.135615 5.923913
v 0.610709 0.155309 5.912865
v 0.593231 0.172086 5.899972
v 0.620856 0.149677 5.831352
v 0.612980 0.161204 5.852048
v 0.629761 0.146089 5.865327
v 0.637158 0.136298 5.843142
v 0.656601 0.111823 5.828780
v 0.650873 0.120867 5.852934
v 0.625326 0.137542 5.811337
v 0.642214 0.125769 5.820410
v 0.644514 0.115870 5.798285
v 0.642786 0.129334 5.877424
v 0.581321 0.181960 5.861785
v 0.603285 0.169749 5.874630
v 0.554770 0.184789 5.847932
v 0.627163 0.125338 5.789971
v 0.626194 0.113285 5.769472
v 0.624722 0.099941 5.749474
v 0.628551 0.053912 5.685452
v 0.519537 -0.150899 6.089722
v 0.462075 0.039087 5.948597
v 0.461588 0.063458 5.951221
v 0.642663 -0.015551 5.923978
v 0.648497 0.046448 5.952166
v 0.644855 0.075855 5.946617
v 0.488094 -0.015795 5.931935
v 0.473842 0.004290 5.940519
v 0.624047 -0.028707 5.912282
v 0.566527 -0.046637 5.912930
v 0.464781 0.020843 5.945140
v 0.643179 0.115832 5.910135
v 0.631913 0.134999 5.901518
v 0.620163 0.153972 5.888486
v 0.570848 0.185593 5.885093
v 0.545125 0.189591 5.870445
v 0.479849 -0.011558 5.896281
v 0.476594 -0.015760 5.891055
v 0.469437 -0.013620 5.889318
v 0.467560 -0.006675 5.896961
v 0.574391 -0.046498 5.842999
v 0.552917 -0.052412 5.843017
v 0.512520 -0.055943 5.837861
v 0.495368 -0.055906 5.832138
v 0.638304 -0.022258 5.835622
v 0.531853 -0.053987 5.841705
v 0.618276 -0.031539 5.840173
v 0.595977 -0.039000 5.842053
v 0.379083 0.125514 6.374348
v 0.371998 0.141656 6.394583
v 0.375452 0.150901 6.383883
v 0.380486 0.133716 6.363689
v 0.401124 0.147511 6.349209
v 0.389200 0.144003 6.352618
v 0.415316 0.149021 6.350925
v 0.405975 0.169275 6.368258
v 0.415531 0.166378 6.375418
v 0.426959 0.147902 6.357802
v 0.432308 0.143292 6.366017
v 0.424900 0.154864 6.392603
v 0.421448 0.143493 6.405442
v 0.433398 0.125630 6.390322
v 0.435078 0.136047 6.375891
v 0.422750 0.114235 6.403246
v 0.412678 0.131265 6.418694
v 0.406938 0.107624 6.409059
v 0.381017 0.117271 6.387286
v 0.371788 0.131123 6.407947
v 0.392937 0.167436 6.366616
v 0.382563 0.162572 6.371642
v 0.382941 0.139585 6.357646
v 0.379418 0.157051 6.377511
v 0.364648 0.167403 6.404738
v 0.355591 0.156629 6.413731
v 0.383803 0.188072 6.382872
v 0.376223 0.181212 6.390854
v 0.405457 0.184751 6.392811
v 0.396884 0.190175 6.382941
v 0.420188 0.173701 6.410255
v 0.421374 0.160981 6.383869
v 0.413159 0.179359 6.401607
v 0.416542 0.161655 6.422080
v 0.405895 0.146755 6.437321
v 0.360122 0.144435 6.429336
v 0.371040 0.175117 6.398252
v 0.380998 0.118223 6.601009
v 0.374263 0.116842 6.600707
v 0.376732 0.113951 6.597093
v 0.380927 0.115319 6.597591
v 0.345705 0.105806 6.598569
v 0.334556 0.107289 6.595409
v 0.338150 0.099478 6.591393
v 0.346290 0.098117 6.593954
v 0.361439 0.108599 6.602951
v 0.368697 0.110418 6.604272
v 0.366075 0.114762 6.603597
v 0.361536 0.113651 6.602644
v 0.402957 0.137953 6.583028
v 0.407968 0.140782 6.582833
v 0.406075 0.144209 6.583683
v 0.402250 0.142409 6.583814
v 0.389022 0.126905 6.594775
v 0.394431 0.129680 6.594551
v 0.392226 0.133081 6.594737
v 0.388263 0.132119 6.595249
v 0.351708 0.110006 6.575384
v 0.350176 0.102028 6.585880
v 0.338020 0.103751 6.582675
v 0.338599 0.109068 6.569415
v 0.329426 0.111205 6.583792
v 0.334913 0.117811 6.587022
v 0.334482 0.126982 6.576610
v 0.329612 0.119542 6.570826
v 0.346271 0.118634 6.591709
v 0.347286 0.126157 6.582211
v 0.356009 0.118596 6.581836
v 0.356203 0.109790 6.592853
v 0.373201 0.120067 6.587371
v 0.374426 0.114463 6.598050
v 0.370357 0.108605 6.594210
v 0.370093 0.113721 6.582258
v 0.362626 0.106862 6.593152
v 0.359916 0.111260 6.581353
v 0.354483 0.118225 6.585073
v 0.355148 0.110862 6.595665
v 0.358812 0.117952 6.597468
v 0.357636 0.125032 6.587074
v 0.366494 0.126030 6.588480
v 0.367397 0.120032 6.598697
v 0.386005 0.121219 6.581985
v 0.383084 0.117929 6.592484
v 0.376136 0.116497 6.591562
v 0.376188 0.119060 6.581593
v 0.370145 0.120745 6.594676
v 0.373926 0.125518 6.596786
v 0.374101 0.130920 6.588036
v 0.370336 0.125106 6.586053
v 0.382951 0.132460 6.588910
v 0.381016 0.126778 6.597889
v 0.388467 0.126934 6.587102
v 0.386256 0.122709 6.596614
v 0.402983 0.137303 6.580899
v 0.398770 0.134020 6.589958
v 0.397799 0.128539 6.586684
v 0.401418 0.131237 6.576733
v 0.392610 0.126008 6.586023
v 0.393715 0.128261 6.577692
v 0.386998 0.128095 6.587956
v 0.387395 0.135101 6.590683
v 0.389873 0.138815 6.584035
v 0.389171 0.131110 6.581876
v 0.394015 0.137672 6.591514
v 0.397583 0.142047 6.583467
v 0.415049 0.142974 6.567505
v 0.414823 0.149333 6.569700
v 0.412864 0.144455 6.577611
v 0.412712 0.139278 6.575008
v 0.406748 0.136468 6.575154
v 0.408487 0.138949 6.569135
v 0.401883 0.139494 6.577221
v 0.401253 0.145698 6.579914
v 0.402932 0.149367 6.575016
v 0.404650 0.142097 6.572950
v 0.407580 0.148168 6.580174
v 0.409375 0.152369 6.573057
v 0.339721 0.115932 6.557408
v 0.355855 0.118954 6.566174
v 0.336522 0.112087 6.594052
v 0.331230 0.128017 6.559994
v 0.342916 0.112478 6.596317
v 0.351520 0.133858 6.573828
v 0.336444 0.135604 6.565904
v 0.354993 0.122341 6.577125
v 0.368552 0.106515 6.600462
v 0.370873 0.126304 6.580503
v 0.369809 0.137306 6.577878
v 0.364123 0.105681 6.599598
v 0.372991 0.122165 6.569413
v 0.389775 0.130651 6.568162
v 0.375416 0.121450 6.601075
v 0.379168 0.122111 6.601600
v 0.387132 0.143789 6.577688
v 0.389806 0.131743 6.579712
v 0.395386 0.126525 6.591718
v 0.404985 0.142000 6.573121
v 0.401179 0.151886 6.572792
v 0.391896 0.125399 6.591419
v 0.405840 0.138972 6.563315
v 0.408100 0.138696 6.579770
v 0.418035 0.155403 6.560566
v 0.410971 0.159256 6.566090
v 0.405545 0.136505 6.580009
v 0.417420 0.146752 6.558136
v 0.385550 0.110389 6.398793
v 0.376941 0.123720 6.419213
v 0.394131 0.106392 6.407175
v 0.398643 0.123297 6.426324
v 0.386338 0.121184 6.426489
v 0.367637 0.134077 6.441462
v 0.392156 0.138047 6.446261
v 0.379423 0.131898 6.446880
v 0.416802 0.190168 6.421358
v 0.415430 0.179075 6.434258
v 0.407960 0.196139 6.411695
v 0.390097 0.208516 6.392221
v 0.400445 0.203037 6.401684
v 0.360575 0.141690 6.460097
v 0.353717 0.155902 6.447071
v 0.375223 0.137826 6.465749
v 0.390314 0.145416 6.464870
v 0.337794 0.122467 6.541989
v 0.339900 0.135082 6.527265
v 0.355633 0.126435 6.526470
v 0.356097 0.122155 6.546051
v 0.373374 0.130457 6.529119
v 0.372788 0.128051 6.549463
v 0.388388 0.139724 6.530074
v 0.388665 0.135612 6.549366
v 0.402817 0.148600 6.529426
v 0.404701 0.143254 6.546951
v 0.415465 0.159220 6.529249
v 0.417679 0.152277 6.545303
v 0.420894 0.170638 6.533320
v 0.421856 0.162135 6.549027
v 0.328797 0.137294 6.546377
v 0.333373 0.149428 6.531519
v 0.336616 0.148631 6.553843
v 0.340056 0.161335 6.539608
v 0.352609 0.151365 6.557436
v 0.355058 0.164589 6.542758
v 0.414689 0.179310 6.540609
v 0.413261 0.169213 6.555807
v 0.370377 0.155384 6.558716
v 0.372440 0.167963 6.543146
v 0.386556 0.161753 6.559366
v 0.388420 0.173869 6.543537
v 0.400748 0.167112 6.558307
v 0.402449 0.178791 6.542925
v 0.354594 0.133891 6.506184
v 0.373279 0.132501 6.506736
v 0.387882 0.142767 6.507297
v 0.401391 0.154614 6.507612
v 0.412248 0.168652 6.509406
v 0.419269 0.180303 6.513953
v 0.405173 0.162863 6.481216
v 0.410339 0.182762 6.488247
v 0.415293 0.193296 6.495066
v 0.409843 0.197410 6.468512
v 0.411138 0.207548 6.476297
v 0.405964 0.223854 6.436625
v 0.407738 0.235180 6.444641
v 0.409422 0.221803 6.458567
v 0.408153 0.211796 6.450595
v 0.409140 0.180775 6.460339
v 0.409456 0.195574 6.442310
v 0.407463 0.206460 6.428264
v 0.395978 0.249986 6.425462
v 0.403994 0.243838 6.434511
v 0.402534 0.231968 6.426284
v 0.397265 0.238918 6.415418
v 0.382329 0.243741 6.406895
v 0.381184 0.254237 6.419132
v 0.366568 0.239105 6.412519
v 0.364794 0.250249 6.422500
v 0.397695 0.220672 6.407818
v 0.402825 0.214398 6.418330
v 0.386250 0.225213 6.398994
v 0.371634 0.221271 6.403285
v 0.365036 0.211323 6.416577
v 0.359411 0.227995 6.426791
v 0.355198 0.239653 6.434240
v 0.343942 0.149487 6.510013
v 0.341692 0.162268 6.514370
v 0.390056 0.144523 6.484734
v 0.373645 0.135212 6.484537
v 0.354993 0.143912 6.480474
v 0.344893 0.161907 6.489276
v 0.347253 0.176553 6.495988
v 0.350513 0.192198 6.479609
v 0.346639 0.180014 6.472187
v 0.347463 0.172407 6.520195
v 0.354557 0.184100 6.500111
v 0.357040 0.199569 6.483733
v 0.350752 0.207723 6.465313
v 0.348933 0.196264 6.457497
v 0.351727 0.219491 6.453879
v 0.353658 0.208027 6.445697
v 0.356394 0.217647 6.436840
v 0.352190 0.229213 6.444488
v 0.356844 0.194342 6.433894
v 0.361049 0.202155 6.425520
v 0.351135 0.182587 6.446053
v 0.349047 0.164931 6.461386
v 0.414224 0.189533 6.520838
v 0.412649 0.200915 6.501040
v 0.408547 0.213592 6.481747
v 0.405513 0.229224 6.465185
v 0.402167 0.241956 6.452304
v 0.397738 0.249316 6.443524
v 0.379133 0.256154 6.430502
v 0.391113 0.254541 6.435488
v 0.367175 0.253274 6.432457
v 0.359705 0.245512 6.442692
v 0.356388 0.238050 6.451785
v 0.355925 0.216204 6.470545
v 0.355356 0.228711 6.460745
v 0.350385 0.170866 6.431476
v 0.357441 0.181326 6.419870
v 0.363641 0.189125 6.412512
v 0.376691 0.204860 6.394772
v 0.369503 0.196199 6.405184
v 0.359926 0.177835 6.523487
v 0.376102 0.181688 6.523979
v 0.391147 0.186895 6.524076
v 0.403688 0.190199 6.523540
v 0.403643 0.202443 6.503601
v 0.392322 0.200335 6.503929
v 0.378271 0.195796 6.504140
v 0.364511 0.190119 6.502831
v 0.400942 0.215682 6.485183
v 0.391036 0.214557 6.486224
v 0.377601 0.212125 6.486341
v 0.365877 0.206163 6.486375
v 0.364157 0.222671 6.472698
v 0.374646 0.227317 6.471574
v 0.387622 0.228911 6.470794
v 0.396870 0.230245 6.468945
v 0.393385 0.241196 6.456405
v 0.384359 0.239377 6.458591
v 0.372883 0.237235 6.459950
v 0.363694 0.233981 6.461442
v 0.389943 0.247576 6.448640
v 0.378355 0.253937 6.438227
v 0.385420 0.251965 6.442249
v 0.370405 0.252735 6.439070
v 0.366180 0.247198 6.446034
v 0.364309 0.241138 6.453655
v 0.372517 0.243077 6.452818
v 0.372642 0.247288 6.447124
v 0.382315 0.244497 6.451701
v 0.380276 0.248670 6.445990
v 0.373443 0.250563 6.442628
v 0.377564 0.251090 6.442173
v 0.404229 0.161127 6.454261
v 0.445028 -0.127452 6.264126
v 0.432109 -0.124821 6.255260
v 0.462447 -0.131340 6.265394
v 0.597218 -0.036161 5.903834
v 0.575362 -0.072620 5.784338
v 0.585473 -0.089949 5.765163
v 0.579748 -0.080769 5.775015
v 0.594568 -0.047176 5.917943
v 0.643686 -0.085479 5.739157
v 0.643752 -0.215699 5.713634
v 0.710663 -0.434173 5.547649
v 0.709373 -0.430405 5.547964
v 0.708218 -0.426608 5.548442
v 0.707418 -0.423239 5.547805
v 0.707829 -0.421066 5.546642
v 0.708689 -0.419377 5.545561
v 0.708383 -0.426827 5.546435
v 0.709545 -0.426234 5.541668
v 0.708702 -0.428619 5.542227
v 0.709329 -0.429549 5.546761
f 2 3 1
f 1 3 4
f 3 2 5
f 5 2 6
f 3 7 4
f 4 7 8
f 10 11 9
f 9 11 12
f 14 15 13
f 13 15 16
f 18 19 17
f 17 19 20
f 22 23 21
f 21 23 24
f 26 18 25
f 25 18 17
f 27 28 17
f 17 28 25
f 30 31 29
f 29 31 32
f 34 35 33
f 33 35 36
f 21 24 37
f 37 24 38
f 40 31 39
f 39 31 38
f 34 33 28
f 28 33 25
f 41 42 44
f 44 42 43
f 36 45 33
f 33 45 25
f 46 47 49
f 49 47 48
f 51 52 50
f 50 52 53
f 55 53 54
f 54 53 52
f 57 58 56
f 56 58 59
f 61 62 60
f 60 62 63
f 65 66 64
f 64 66 67
f 69 70 68
f 68 70 71
f 65 73 72
f 72 73 74
f 64 75 65
f 65 75 73
f 77 78 76
f 76 78 79
f 80 81 83
f 83 81 82
f 81 85 84
f 84 85 86
f 88 89 87
f 87 89 69
f 88 87 90
f 90 87 91
f 93 94 92
f 92 94 95
f 96 84 43
f 43 84 44
f 51 98 97
f 97 98 86
f 97 99 51
f 51 99 52
f 54 52 100
f 100 52 99
f 58 101 59
f 59 101 102
f 62 103 63
f 63 103 104
f 105 106 6
f 6 106 5
f 108 109 107
f 107 109 110
f 112 113 111
f 111 113 114
f 116 117 115
f 115 117 118
f 120 121 119
f 119 121 122
f 124 125 123
f 123 125 126
f 128 129 127
f 127 129 130
f 130 131 127
f 127 131 132
f 134 1 133
f 133 1 135
f 1 4 135
f 135 4 136
f 4 8 136
f 136 8 137
f 138 139 15
f 15 139 140
f 140 139 141
f 141 139 142
f 144 57 143
f 143 57 56
f 145 146 141
f 141 146 147
f 146 149 148
f 148 149 150
f 152 153 151
f 151 153 154
f 141 147 140
f 140 147 155
f 157 11 156
f 156 11 158
f 160 161 159
f 159 161 162
f 164 165 163
f 163 165 166
f 165 160 166
f 166 160 159
f 168 169 167
f 167 169 170
f 169 171 170
f 170 171 172
f 149 173 150
f 150 173 174
f 175 176 149
f 149 176 173
f 178 172 177
f 177 172 171
f 180 181 179
f 179 181 182
f 184 180 183
f 183 180 179
f 186 187 185
f 185 187 188
f 190 191 189
f 189 191 192
f 7 193 8
f 8 193 194
f 196 162 195
f 195 162 161
f 197 168 198
f 198 168 167
f 181 199 182
f 182 199 200
f 202 203 201
f 201 203 204
f 187 186 205
f 205 186 206
f 208 209 207
f 207 209 210
f 212 213 211
f 211 213 214
f 215 216 218
f 218 216 217
f 220 209 219
f 219 209 208
f 204 186 221
f 221 186 185
f 201 204 222
f 222 204 221
f 223 211 220
f 220 211 209
f 224 225 214
f 214 225 210
f 203 206 204
f 204 206 186
f 227 187 226
f 226 187 205
f 27 228 21
f 21 228 22
f 230 231 229
f 229 231 232
f 234 235 233
f 233 235 236
f 238 239 237
f 237 239 240
f 119 122 118
f 118 122 115
f 112 242 241
f 241 242 243
f 98 51 244
f 244 51 50
f 245 138 14
f 14 138 15
f 11 10 158
f 158 10 246
f 89 85 69
f 69 85 70
f 11 157 12
f 12 157 247
f 249 164 248
f 248 164 163
f 177 250 178
f 178 250 251
f 253 254 252
f 252 254 255
f 187 227 188
f 188 227 256
f 212 257 213
f 213 257 258
f 260 134 259
f 259 134 133
f 165 164 135
f 135 164 133
f 160 165 136
f 136 165 135
f 136 137 160
f 160 137 161
f 137 261 161
f 161 261 195
f 263 264 262
f 262 264 265
f 13 16 266
f 266 16 267
f 268 267 155
f 155 267 16
f 147 269 155
f 155 269 268
f 162 196 167
f 167 196 198
f 167 170 162
f 162 170 159
f 170 172 159
f 159 172 166
f 172 178 166
f 166 178 163
f 178 251 163
f 163 251 248
f 168 270 169
f 169 270 271
f 272 273 171
f 171 273 177
f 271 272 169
f 169 272 171
f 168 197 270
f 270 197 274
f 250 177 275
f 275 177 273
f 277 45 276
f 276 45 278
f 280 281 279
f 279 281 282
f 284 104 283
f 283 104 103
f 285 215 286
f 286 215 218
f 288 289 287
f 287 289 290
f 291 80 66
f 66 80 83
f 293 294 292
f 292 294 295
f 73 91 74
f 74 91 87
f 91 73 92
f 92 73 75
f 279 77 280
f 280 77 76
f 80 291 70
f 70 291 71
f 277 47 96
f 96 47 82
f 297 175 296
f 296 175 149
f 299 154 298
f 298 154 153
f 225 300 210
f 210 300 207
f 224 301 206
f 206 301 205
f 210 209 214
f 214 209 211
f 226 205 302
f 302 205 301
f 304 305 303
f 303 305 306
f 308 309 307
f 307 309 310
f 72 291 65
f 65 291 66
f 66 83 67
f 67 83 46
f 312 313 311
f 311 313 314
f 316 317 315
f 315 317 36
f 29 318 35
f 35 318 319
f 321 32 320
f 320 32 322
f 311 314 323
f 323 314 324
f 315 325 316
f 316 325 326
f 318 287 319
f 319 287 290
f 328 321 327
f 327 321 320
f 329 330 39
f 39 330 331
f 332 333 40
f 40 333 322
f 309 334 285
f 285 334 335
f 236 2 134
f 134 2 1
f 260 336 233
f 233 336 337
f 237 14 265
f 265 14 13
f 84 86 44
f 44 86 98
f 189 192 7
f 7 192 193
f 44 98 41
f 41 98 244
f 237 240 14
f 14 240 245
f 7 3 189
f 189 3 5
f 338 71 72
f 72 71 291
f 262 265 266
f 266 265 13
f 124 123 339
f 339 123 105
f 123 109 105
f 105 109 106
f 189 5 190
f 190 5 106
f 111 114 12
f 12 114 9
f 264 340 265
f 265 340 237
f 342 343 341
f 341 343 344
f 6 235 105
f 105 235 339
f 234 346 345
f 345 346 347
f 349 350 348
f 348 350 351
f 107 352 108
f 108 352 353
f 355 356 354
f 354 356 357
f 237 340 238
f 238 340 358
f 12 247 111
f 111 247 359
f 264 263 116
f 116 263 360
f 361 362 222
f 222 362 201
f 364 365 363
f 363 365 366
f 368 369 367
f 367 369 370
f 372 373 371
f 371 373 374
f 375 376 372
f 372 376 377
f 378 379 381
f 381 379 380
f 382 383 269
f 269 383 268
f 150 174 365
f 365 174 384
f 380 377 381
f 381 377 376
f 271 270 180
f 180 270 181
f 273 272 252
f 252 272 184
f 272 271 184
f 184 271 180
f 181 270 274
f 252 255 273
f 273 255 275
f 254 385 255
f 255 385 386
f 387 388 179
f 179 388 183
f 389 387 182
f 182 387 179
f 182 200 389
f 389 200 390
f 388 391 183
f 183 391 253
f 391 392 253
f 253 392 254
f 394 379 393
f 393 379 378
f 185 188 395
f 395 188 396
f 221 185 397
f 397 185 395
f 222 221 398
f 398 221 397
f 188 256 396
f 396 256 399
f 400 401 256
f 256 401 399
f 402 403 405
f 405 403 404
f 148 150 364
f 364 150 365
f 393 406 394
f 394 406 407
f 158 246 393
f 393 246 406
f 342 19 238
f 238 19 239
f 23 22 350
f 350 22 354
f 244 50 245
f 245 50 138
f 55 142 53
f 53 142 139
f 145 144 296
f 296 144 143
f 355 228 341
f 341 228 20
f 41 240 42
f 42 240 239
f 283 308 284
f 284 308 307
f 349 409 408
f 408 409 410
f 244 245 41
f 41 245 240
f 268 383 406
f 406 383 407
f 346 411 349
f 349 411 409
f 251 412 248
f 248 412 413
f 275 414 250
f 250 414 415
f 25 45 26
f 26 45 277
f 43 26 96
f 96 26 277
f 416 417 61
f 61 417 62
f 329 24 408
f 408 24 23
f 31 40 32
f 32 40 322
f 39 38 329
f 329 38 24
f 37 38 30
f 30 38 31
f 418 419 421
f 421 419 420
f 78 295 79
f 79 295 294
f 124 339 422
f 422 339 345
f 232 131 357
f 357 131 351
f 2 236 6
f 6 236 235
f 252 184 253
f 253 184 183
f 227 423 256
f 256 423 400
f 423 227 305
f 305 227 226
f 424 258 425
f 425 258 257
f 426 427 212
f 212 427 257
f 259 133 249
f 249 133 164
f 419 418 428
f 428 418 429
f 327 430 328
f 328 430 288
f 49 431 46
f 46 431 67
f 306 302 424
f 424 302 258
f 313 432 314
f 314 432 433
f 32 321 29
f 29 321 318
f 324 314 433
f 287 318 328
f 328 318 321
f 134 260 236
f 236 260 233
f 345 339 234
f 234 339 235
f 357 351 354
f 354 351 350
f 408 23 349
f 349 23 350
f 317 278 36
f 36 278 45
f 432 313 429
f 429 313 428
f 435 428 434
f 434 428 313
f 42 239 18
f 18 239 19
f 43 42 26
f 26 42 18
f 121 120 436
f 436 120 437
f 302 301 258
f 258 301 213
f 110 109 126
f 126 109 123
f 238 358 342
f 342 358 343
f 341 20 342
f 342 20 19
f 322 438 320
f 320 438 439
f 320 439 327
f 327 439 430
f 333 440 322
f 322 440 438
f 289 288 323
f 323 288 430
f 115 340 116
f 116 340 264
f 146 145 149
f 149 145 296
f 15 140 16
f 16 140 155
f 441 442 152
f 152 442 153
f 225 224 203
f 203 224 206
f 175 297 154
f 154 297 151
f 293 443 294
f 294 443 444
f 248 413 249
f 249 413 445
f 446 447 400
f 400 447 401
f 388 387 396
f 396 387 395
f 387 389 395
f 395 389 397
f 391 388 399
f 399 388 396
f 401 392 399
f 399 392 391
f 255 386 275
f 275 386 414
f 449 450 448
f 448 450 451
f 335 452 285
f 285 452 215
f 453 298 442
f 442 298 153
f 211 223 212
f 212 223 426
f 425 257 454
f 454 257 427
f 266 10 262
f 262 10 9
f 360 113 456
f 456 113 455
f 8 194 137
f 137 194 261
f 10 266 246
f 246 266 267
f 203 202 225
f 225 202 300
f 262 9 263
f 263 9 114
f 108 353 190
f 190 353 191
f 389 390 397
f 397 390 398
f 457 422 128
f 128 422 129
f 156 158 378
f 378 158 393
f 347 346 348
f 348 346 349
f 447 458 401
f 401 458 392
f 364 382 148
f 148 382 269
f 55 54 57
f 57 54 58
f 75 64 459
f 459 64 460
f 100 90 101
f 101 90 95
f 101 58 100
f 100 58 54
f 142 55 144
f 144 55 57
f 147 146 269
f 269 146 148
f 459 93 75
f 75 93 92
f 144 145 142
f 142 145 141
f 228 27 20
f 20 27 17
f 154 299 175
f 175 299 176
f 214 213 224
f 224 213 301
f 424 461 306
f 306 461 303
f 285 286 309
f 309 286 310
f 462 334 308
f 308 334 309
f 302 306 226
f 226 306 305
f 37 28 21
f 21 28 27
f 29 35 30
f 30 35 34
f 30 34 37
f 37 34 28
f 344 436 356
f 356 436 229
f 325 290 326
f 326 290 289
f 311 439 312
f 312 439 438
f 35 319 36
f 36 319 315
f 439 311 430
f 430 311 323
f 315 319 325
f 325 319 290
f 440 463 438
f 438 463 312
f 341 344 355
f 355 344 356
f 360 456 116
f 116 456 117
f 354 22 355
f 355 22 228
f 326 289 324
f 324 289 323
f 74 87 68
f 68 87 69
f 50 53 138
f 138 53 139
f 268 406 267
f 267 406 246
f 190 106 108
f 108 106 109
f 241 455 112
f 112 455 113
f 358 122 343
f 343 122 121
f 129 347 130
f 130 347 348
f 348 351 130
f 130 351 131
f 229 232 356
f 356 232 357
f 340 115 358
f 358 115 122
f 111 359 112
f 112 359 242
f 125 124 457
f 457 124 422
f 231 132 232
f 232 132 131
f 343 121 344
f 344 121 436
f 263 114 360
f 360 114 113
f 347 129 345
f 345 129 422
f 230 229 437
f 437 229 436
f 464 446 423
f 423 446 400
f 465 466 468
f 468 466 467
f 470 471 469
f 469 471 472
f 469 472 373
f 373 472 374
f 474 469 473
f 473 469 373
f 471 475 472
f 472 475 476
f 472 477 374
f 374 477 478
f 477 472 476
f 479 480 476
f 476 480 477
f 473 373 377
f 377 373 372
f 481 482 479
f 479 482 480
f 483 484 481
f 481 484 482
f 403 402 485
f 485 402 486
f 487 488 483
f 483 488 484
f 487 489 488
f 488 489 490
f 489 491 490
f 490 491 492
f 491 493 492
f 492 493 494
f 493 495 494
f 494 495 496
f 497 498 481
f 481 498 483
f 484 499 482
f 482 499 367
f 370 480 367
f 367 480 482
f 480 370 477
f 477 370 478
f 500 497 479
f 479 497 481
f 451 473 380
f 380 473 377
f 448 451 379
f 379 451 380
f 501 502 504
f 504 502 503
f 449 505 507
f 507 505 506
f 486 508 505
f 505 508 506
f 508 509 506
f 506 509 510
f 511 507 510
f 510 507 506
f 509 508 512
f 512 508 513
f 515 509 514
f 514 509 512
f 509 515 510
f 510 515 516
f 510 516 511
f 511 516 517
f 486 505 485
f 485 505 518
f 505 449 518
f 518 449 448
f 383 382 403
f 403 382 404
f 363 404 364
f 364 404 382
f 403 485 383
f 383 485 407
f 519 520 361
f 361 520 362
f 522 496 521
f 521 496 495
f 450 474 451
f 451 474 473
f 363 366 523
f 523 366 524
f 525 499 488
f 488 499 484
f 488 490 525
f 525 490 526
f 496 522 520
f 520 522 527
f 494 496 519
f 519 496 520
f 492 494 528
f 528 494 519
f 529 530 495
f 495 530 521
f 490 492 526
f 526 492 528
f 529 495 531
f 531 495 493
f 533 534 532
f 532 534 535
f 523 524 533
f 533 524 534
f 486 402 532
f 532 402 533
f 529 536 530
f 530 536 537
f 536 538 537
f 537 538 539
f 540 541 539
f 539 541 537
f 530 537 535
f 535 537 541
f 542 539 543
f 543 539 538
f 539 542 540
f 540 542 544
f 541 540 513
f 513 540 512
f 540 544 512
f 512 544 514
f 546 547 545
f 545 547 548
f 549 550 531
f 531 550 551
f 550 549 552
f 552 549 553
f 546 550 554
f 554 550 552
f 547 546 555
f 555 546 554
f 498 556 558
f 558 556 557
f 559 557 560
f 560 557 556
f 561 562 560
f 560 562 559
f 557 559 552
f 552 559 554
f 559 562 554
f 554 562 555
f 558 557 553
f 553 557 552
f 475 471 563
f 563 471 564
f 565 563 567
f 567 563 566
f 471 470 564
f 564 470 466
f 564 466 568
f 568 466 465
f 568 465 569
f 569 465 570
f 572 573 571
f 571 573 574
f 569 575 567
f 567 575 576
f 577 565 576
f 576 565 567
f 578 579 581
f 581 579 580
f 575 561 576
f 576 561 560
f 556 577 560
f 560 577 576
f 577 556 497
f 497 556 498
f 565 577 500
f 500 577 497
f 563 565 475
f 475 565 500
f 553 489 558
f 558 489 487
f 531 493 549
f 549 493 491
f 489 553 491
f 491 553 549
f 394 407 518
f 518 407 485
f 518 448 394
f 394 448 379
f 545 548 538
f 538 548 543
f 551 545 536
f 536 545 538
f 536 529 551
f 551 529 531
f 507 582 449
f 449 582 450
f 511 583 507
f 507 583 582
f 511 517 583
f 583 517 584
f 585 586 588
f 588 586 587
f 590 591 589
f 589 591 592
f 591 590 593
f 593 590 594
f 596 597 595
f 595 597 598
f 599 600 602
f 602 600 601
f 604 605 603
f 603 605 606
f 608 609 607
f 607 609 610
f 612 613 611
f 611 613 614
f 615 616 618
f 618 616 617
f 620 621 619
f 619 621 622
f 624 625 623
f 623 625 626
f 628 629 627
f 627 629 630
f 632 633 631
f 631 633 634
f 635 636 638
f 638 636 637
f 639 640 642
f 642 640 641
f 644 645 643
f 643 645 646
f 619 622 647
f 647 622 648
f 650 651 649
f 649 651 652
f 601 653 602
f 602 653 654
f 656 657 655
f 655 657 658
f 660 661 659
f 659 661 662
f 664 665 663
f 663 665 666
f 593 594 667
f 667 594 668
f 669 670 672
f 672 670 671
f 673 674 676
f 676 674 675
f 633 632 677
f 677 632 678
f 663 666 679
f 679 666 680
f 681 682 684
f 684 682 683
f 686 687 685
f 685 687 688
f 690 661 689
f 689 661 691
f 693 686 692
f 692 686 685
f 695 597 694
f 694 597 668
f 594 696 668
f 668 696 694
f 697 698 696
f 696 698 699
f 700 701 697
f 697 701 698
f 702 585 703
f 703 585 588
f 671 690 672
f 672 690 689
f 640 639 704
f 704 639 705
f 679 706 663
f 663 706 658
f 708 709 707
f 707 709 710
f 711 712 610
f 610 712 607
f 713 714 716
f 716 714 715
f 717 718 720
f 720 718 719
f 722 634 721
f 721 634 633
f 724 725 723
f 723 725 726
f 728 729 727
f 727 729 730
f 732 733 731
f 731 733 734
f 707 710 735
f 735 710 736
f 643 737 644
f 644 737 738
f 740 741 739
f 739 741 742
f 608 744 743
f 743 744 745
f 747 748 746
f 746 748 749
f 751 752 750
f 750 752 753
f 754 755 757
f 757 755 756
f 758 759 761
f 761 759 760
f 763 764 762
f 762 764 765
f 767 768 766
f 766 768 769
f 771 772 770
f 770 772 773
f 775 776 774
f 774 776 777
f 779 780 778
f 778 780 781
f 783 712 782
f 782 712 784
f 785 786 788
f 788 786 787
f 790 628 789
f 789 628 627
f 792 793 791
f 791 793 794
f 795 796 726
f 726 796 723
f 798 799 797
f 797 799 800
f 721 633 801
f 801 633 677
f 797 800 802
f 802 800 803
f 805 806 804
f 804 806 807
f 809 810 808
f 808 810 811
f 813 814 812
f 812 814 815
f 809 808 817
f 817 808 816
f 818 819 804
f 804 819 805
f 820 821 818
f 818 821 819
f 821 820 587
f 587 820 822
f 809 823 810
f 810 823 824
f 814 807 815
f 815 807 806
f 826 426 825
f 825 426 223
f 426 826 427
f 427 826 827
f 828 829 454
f 454 829 830
f 831 832 677
f 677 832 801
f 834 835 833
f 833 835 836
f 838 839 837
f 837 839 840
f 841 842 844
f 844 842 843
f 845 846 803
f 803 846 802
f 847 831 678
f 678 831 677
f 848 849 851
f 851 849 850
f 853 854 852
f 852 854 855
f 857 858 856
f 856 858 680
f 860 861 859
f 859 861 862
f 864 865 863
f 863 865 866
f 868 869 867
f 867 869 870
f 839 871 840
f 840 871 872
f 849 848 874
f 874 848 873
f 876 877 875
f 875 877 878
f 880 881 879
f 879 881 882
f 883 884 886
f 886 884 885
f 846 887 802
f 802 887 888
f 890 891 889
f 889 891 888
f 893 894 892
f 892 894 895
f 896 897 728
f 728 897 729
f 899 900 898
f 898 900 901
f 902 852 904
f 904 852 903
f 849 905 850
f 850 905 906
f 875 878 907
f 907 878 908
f 910 911 909
f 909 911 912
f 914 915 913
f 913 915 916
f 917 918 862
f 862 918 859
f 919 920 856
f 856 920 921
f 923 924 922
f 922 924 925
f 926 927 925
f 925 927 922
f 929 930 928
f 928 930 693
f 932 695 931
f 931 695 694
f 823 867 824
f 824 867 933
f 935 936 934
f 934 936 937
f 938 868 823
f 823 868 867
f 940 847 939
f 939 847 678
f 632 655 678
f 678 655 939
f 941 942 619
f 619 942 620
f 687 943 688
f 688 943 944
f 851 850 945
f 945 850 903
f 850 906 903
f 903 906 904
f 946 947 949
f 949 947 948
f 951 952 950
f 950 952 953
f 955 956 954
f 954 956 957
f 907 958 875
f 875 958 874
f 960 961 959
f 959 961 962
f 963 853 902
f 902 853 852
f 909 964 910
f 910 964 965
f 967 968 966
f 966 968 969
f 971 972 970
f 970 972 973
f 974 960 975
f 975 960 959
f 977 978 976
f 976 978 979
f 981 977 980
f 980 977 976
f 980 982 981
f 981 982 983
f 985 983 984
f 984 983 982
f 984 986 985
f 985 986 987
f 989 990 988
f 988 990 991
f 993 994 992
f 992 994 995
f 997 998 996
f 996 998 999
f 1001 1002 1000
f 1000 1002 1003
f 1005 1006 1004
f 1004 1006 1007
f 1004 1008 1005
f 1005 1008 1009
f 1008 1010 1009
f 1009 1010 1011
f 1013 1011 1012
f 1012 1011 1010
f 1014 1015 1017
f 1017 1015 1016
f 1019 1020 1018
f 1018 1020 1021
f 1022 1023 976
f 976 1023 980
f 1024 1025 982
f 982 1025 984
f 992 995 1026
f 1026 995 1027
f 956 955 1028
f 1028 955 1029
f 1030 1031 1033
f 1033 1031 1032
f 1010 1008 1034
f 1034 1008 1035
f 1008 1004 1035
f 1035 1004 1036
f 1037 1038 1002
f 1002 1038 1007
f 1002 1001 1037
f 1037 1001 1039
f 1040 1041 997
f 997 1041 998
f 1015 1014 1043
f 1043 1014 1042
f 1044 1045 1047
f 1047 1045 1046
f 1044 1020 1048
f 1048 1020 1049
f 1050 1051 1003
f 1003 1051 1000
f 1052 1050 1006
f 1006 1050 1003
f 1053 1054 1011
f 1011 1054 1009
f 1013 1045 1055
f 1055 1045 1056
f 1058 1059 1057
f 1057 1059 1060
f 1062 1063 1061
f 1061 1063 1064
f 1065 1066 1050
f 1050 1066 1051
f 1067 1065 1052
f 1052 1065 1050
f 1068 1069 1054
f 1054 1069 1070
f 1071 1068 1053
f 1053 1068 1054
f 1073 1071 1072
f 1072 1071 1074
f 1074 1071 1055
f 1055 1071 1053
f 1076 1077 1075
f 1075 1077 1078
f 1079 1080 1057
f 1057 1080 1058
f 1081 1082 1064
f 1064 1082 1061
f 1084 1085 1083
f 1083 1085 1086
f 1088 1089 1087
f 1087 1089 1090
f 1092 1093 1091
f 1091 1093 1094
f 1096 1097 1095
f 1095 1097 1098
f 1099 1100 1102
f 1102 1100 1101
f 1103 1104 1099
f 1099 1104 1100
f 1106 1107 1105
f 1105 1107 1108
f 1110 1111 1109
f 1109 1111 1112
f 1114 1115 1113
f 1113 1115 1116
f 1118 1119 1117
f 1117 1119 1077
f 1117 1120 1122
f 1122 1120 1121
f 1105 1123 1106
f 1106 1123 1124
f 1125 1126 1128
f 1128 1126 1127
f 1130 1131 1129
f 1129 1131 1132
f 1134 1135 1133
f 1133 1135 1114
f 1113 1136 1114
f 1114 1136 1133
f 1118 1137 1113
f 1113 1137 1136
f 1118 1117 1137
f 1137 1117 1122
f 1139 1140 1138
f 1138 1140 1141
f 1143 953 1142
f 1142 953 952
f 1145 957 1144
f 1144 957 956
f 1028 1146 956
f 956 1146 1144
f 1014 1147 1042
f 1042 1147 1148
f 1014 1017 1147
f 1147 1017 1149
f 1059 1058 1150
f 1150 1058 1151
f 1153 1080 1152
f 1152 1080 1154
f 1156 1088 1155
f 1155 1088 1087
f 1157 1158 1106
f 1106 1158 1107
f 1106 1124 1157
f 1157 1124 1159
f 1161 1162 1160
f 1160 1162 1163
f 1165 1166 1164
f 1164 1166 1167
f 1168 1031 1012
f 1012 1031 1046
f 1024 1023 1035
f 1035 1023 1034
f 1036 1038 1025
f 1025 1038 1169
f 1170 1171 1039
f 1039 1171 1037
f 1028 1029 1042
f 1042 1029 1043
f 1172 1173 1175
f 1175 1173 1174
f 1055 1053 1013
f 1013 1053 1011
f 1005 1009 1070
f 1070 1009 1054
f 996 999 1062
f 1062 999 1063
f 1016 1060 1017
f 1017 1060 1059
f 1017 1059 1149
f 1149 1059 1150
f 1177 1178 1176
f 1176 1178 1103
f 1176 1072 1179
f 1179 1072 1074
f 1073 1102 1086
f 1086 1102 1083
f 1180 1181 1067
f 1067 1181 1065
f 1182 1183 1184
f 1184 1183 1181
f 1186 1187 1185
f 1185 1187 1188
f 1189 1190 798
f 798 1190 799
f 1192 1193 1191
f 1191 1193 1194
f 1195 1196 1194
f 1194 1196 1191
f 1196 1195 1198
f 1198 1195 1197
f 1200 674 1199
f 1199 674 673
f 928 1201 1203
f 1203 1201 1202
f 861 1204 862
f 862 1204 921
f 1205 1206 913
f 913 1206 1207
f 882 1208 879
f 879 1208 1209
f 1210 1211 1167
f 1167 1211 1164
f 1212 769 1213
f 1213 769 768
f 727 1214 728
f 728 1214 1215
f 1217 1218 1216
f 1216 1218 1219
f 1220 813 1221
f 1221 813 812
f 827 828 427
f 427 828 454
f 1223 1224 1222
f 1222 1224 1165
f 1226 1227 1225
f 1225 1227 1228
f 851 1229 848
f 848 1229 1230
f 834 854 835
f 835 854 1231
f 1233 1234 1232
f 1232 1234 1235
f 1237 751 1236
f 1236 751 750
f 743 819 1238
f 1238 819 821
f 1240 1241 1239
f 1239 1241 1242
f 1244 1245 1243
f 1243 1245 1246
f 844 1247 841
f 841 1247 1248
f 1250 1251 1249
f 1249 1251 1252
f 1254 893 1253
f 1253 893 1237
f 1255 1256 1258
f 1258 1256 1257
f 1260 1261 1259
f 1259 1261 1262
f 945 903 855
f 855 903 852
f 855 1263 945
f 945 1263 1264
f 832 845 801
f 801 845 803
f 800 721 803
f 803 721 801
f 721 800 722
f 722 800 799
f 1266 1267 1265
f 1265 1267 1268
f 1270 795 1269
f 1269 795 726
f 725 1271 726
f 726 1271 1269
f 737 765 738
f 738 765 764
f 759 740 760
f 760 740 739
f 717 1272 1274
f 1274 1272 1273
f 1163 1226 1275
f 1275 1226 1225
f 1277 882 1276
f 1276 882 881
f 1041 1040 1027
f 1027 1040 1026
f 900 935 901
f 901 935 934
f 1164 1278 1165
f 1165 1278 1222
f 1211 1279 1164
f 1164 1279 1278
f 442 1280 453
f 453 1280 1281
f 788 1282 785
f 785 1282 1283
f 1285 1286 1284
f 1284 1286 1287
f 1284 1288 1285
f 1285 1288 1289
f 757 1289 754
f 754 1289 1288
f 605 604 675
f 675 604 676
f 1290 1291 1293
f 1293 1291 1292
f 1295 1296 1294
f 1294 1296 1297
f 696 699 694
f 694 699 931
f 1298 1299 592
f 592 1299 589
f 1299 1300 589
f 589 1300 700
f 1300 1301 700
f 700 1301 701
f 743 745 819
f 819 745 805
f 1303 1304 1302
f 1302 1304 1305
f 1306 1307 1305
f 1305 1307 1302
f 609 1298 610
f 610 1298 592
f 587 822 588
f 588 822 1308
f 703 588 1309
f 1309 588 1308
f 1310 703 571
f 571 703 1309
f 1311 1312 789
f 789 1312 790
f 825 223 1313
f 1313 223 220
f 219 1314 220
f 220 1314 1313
f 1315 1316 1311
f 1311 1316 1312
f 1317 1318 1319
f 1319 1318 1241
f 441 1320 442
f 442 1320 1280
f 1321 217 572
f 572 217 216
f 1323 1230 1322
f 1322 1230 1229
f 1324 1325 631
f 631 1325 656
f 1034 1168 1010
f 1010 1168 1012
f 1327 1328 1326
f 1326 1328 1329
f 1331 1202 1330
f 1330 1202 1201
f 571 1309 572
f 572 1309 1321
f 573 572 1332
f 1332 572 216
f 1334 1335 1333
f 1333 1335 1336
f 1337 1338 918
f 918 1338 859
f 1339 863 1340
f 1340 863 866
f 1341 1342 1344
f 1344 1342 1343
f 1345 1346 919
f 919 1346 920
f 1347 1348 673
f 673 1348 1199
f 693 1349 928
f 928 1349 1201
f 1351 1257 1350
f 1350 1257 1256
f 1350 1352 1351
f 1351 1352 1353
f 653 930 654
f 654 930 662
f 1279 1354 1278
f 1278 1354 1355
f 1357 1358 1356
f 1356 1358 1359
f 937 1360 1140
f 1140 1360 1361
f 1225 1228 909
f 909 1228 964
f 901 934 1362
f 1362 934 1139
f 1364 1365 1363
f 1363 1365 1362
f 1367 912 1366
f 1366 912 911
f 1143 1142 1368
f 1368 1142 1369
f 1144 1186 1145
f 1145 1186 1185
f 1146 1175 1144
f 1144 1175 1186
f 1175 1146 1172
f 1172 1146 1148
f 1147 1018 1148
f 1148 1018 1172
f 1018 1147 1019
f 1019 1147 1149
f 1149 1150 1019
f 1019 1150 1370
f 1150 1151 1370
f 1370 1151 1371
f 1151 1153 1371
f 1371 1153 1177
f 1152 1156 1178
f 1178 1156 1372
f 1155 1158 1373
f 1373 1158 1374
f 1157 1159 1376
f 1376 1159 1375
f 1378 1379 1377
f 1377 1379 1380
f 1382 1383 1381
f 1381 1383 1384
f 1382 1386 1385
f 1385 1386 1387
f 1386 1233 1387
f 1387 1233 1232
f 1389 1390 1388
f 1388 1390 1391
f 1393 1394 1392
f 1392 1394 1395
f 1397 1398 1396
f 1396 1398 1399
f 629 1397 630
f 630 1397 1396
f 1342 1400 1343
f 1343 1400 1401
f 1403 1404 1402
f 1402 1404 1405
f 1407 1408 1406
f 1406 1408 1409
f 1411 1412 1410
f 1410 1412 1413
f 793 1414 794
f 794 1414 1415
f 1417 1341 1416
f 1416 1341 1344
f 704 705 1347
f 1347 705 1418
f 741 1419 742
f 742 1419 1420
f 1422 669 1421
f 1421 669 672
f 645 1423 646
f 646 1423 1424
f 1196 1198 614
f 614 1198 611
f 613 1425 614
f 614 1425 1426
f 1427 616 659
f 659 616 660
f 614 1426 1196
f 1196 1426 1191
f 696 594 697
f 697 594 590
f 697 590 700
f 700 590 589
f 703 1310 702
f 702 1310 1428
f 1421 672 1192
f 1192 672 689
f 1271 648 1269
f 1269 648 622
f 621 1270 622
f 622 1270 1269
f 1429 1430 1417
f 1417 1430 1341
f 1431 1432 1434
f 1434 1432 1433
f 1436 1437 1435
f 1435 1437 1438
f 1440 1441 1439
f 1439 1441 1442
f 1443 1444 1446
f 1446 1444 1445
f 823 809 938
f 938 809 817
f 810 1447 811
f 811 1447 1448
f 1449 1450 679
f 679 1450 706
f 913 916 1205
f 1205 916 1451
f 1275 1225 912
f 912 1225 909
f 1452 1453 880
f 880 1453 881
f 1444 1401 1445
f 1445 1401 1400
f 936 1454 937
f 937 1454 1360
f 824 1455 810
f 810 1455 1447
f 631 656 632
f 632 656 655
f 966 1456 967
f 967 1456 1457
f 1459 1460 1458
f 1458 1460 1461
f 1460 1462 1461
f 1461 1462 1463
f 972 974 973
f 973 974 975
f 990 995 991
f 991 995 994
f 1464 1187 1033
f 1033 1187 1174
f 1018 1021 1172
f 1172 1021 1173
f 1000 999 1001
f 1001 999 998
f 976 979 1022
f 1022 979 1032
f 1023 1024 980
f 980 1024 982
f 989 986 1171
f 1171 986 1169
f 1171 1170 989
f 989 1170 990
f 1170 1027 990
f 990 1027 995
f 1041 1039 998
f 998 1039 1001
f 1051 1063 1000
f 1000 1063 999
f 1066 1064 1051
f 1051 1064 1063
f 1183 1081 1066
f 1066 1081 1064
f 1178 1372 1103
f 1103 1372 1104
f 1092 1091 1465
f 1465 1091 1182
f 1467 1465 1466
f 1466 1465 1468
f 1469 1470 1184
f 1184 1470 1468
f 1095 1098 1471
f 1471 1098 1101
f 1076 1374 1120
f 1120 1374 1376
f 1110 1472 1127
f 1127 1472 1132
f 1472 1473 1132
f 1132 1473 1129
f 1474 1475 1466
f 1466 1475 1473
f 1119 1118 1116
f 1116 1118 1113
f 1375 1121 1376
f 1376 1121 1120
f 1127 1132 1128
f 1128 1132 1131
f 1227 1476 1228
f 1228 1476 1361
f 1365 1477 1362
f 1362 1477 872
f 1478 1479 1323
f 1323 1479 1230
f 1480 1481 914
f 914 1481 915
f 913 1277 914
f 914 1277 1276
f 1168 1034 1022
f 1022 1034 1023
f 1035 1036 1024
f 1024 1036 1025
f 1039 1041 1170
f 1170 1041 1027
f 1042 1148 1028
f 1028 1148 1146
f 968 1459 969
f 969 1459 1458
f 1482 1483 664
f 664 1483 665
f 1485 1486 1484
f 1484 1486 1487
f 1489 1490 1488
f 1488 1490 1491
f 1492 1493 722
f 722 1493 634
f 1495 1496 1494
f 1494 1496 1497
f 1498 1207 1339
f 1339 1207 863
f 1224 1499 1165
f 1165 1499 1166
f 1160 1163 1500
f 1500 1163 1275
f 1500 877 1160
f 1160 877 1501
f 876 873 1502
f 1502 873 1479
f 945 1264 851
f 851 1264 1229
f 835 1231 839
f 839 1231 871
f 1503 1283 778
f 778 1283 1282
f 716 715 1505
f 1505 715 1504
f 1446 1445 1507
f 1507 1445 1506
f 779 792 1381
f 1381 792 791
f 1430 1409 1341
f 1341 1409 1342
f 1411 1429 1508
f 1508 1429 1417
f 635 1510 1509
f 1509 1510 1511
f 1377 1380 1315
f 1315 1380 1316
f 1445 1400 1506
f 1506 1400 1408
f 918 917 1336
f 1336 917 1333
f 1513 1514 1512
f 1512 1514 870
f 1515 1516 1363
f 1363 1516 1364
f 1453 1517 881
f 881 1517 1276
f 992 1518 993
f 993 1518 1519
f 1520 1029 1518
f 1518 1029 955
f 1520 1026 1521
f 1521 1026 1040
f 1522 1015 1521
f 1521 1015 1043
f 996 1523 997
f 997 1523 1522
f 1060 1016 1524
f 1524 1016 1523
f 1061 1525 1062
f 1062 1525 1524
f 1079 1527 1526
f 1526 1527 1528
f 1093 1529 1094
f 1094 1529 1528
f 1111 1530 1112
f 1112 1530 1531
f 1532 1533 1105
f 1105 1533 1123
f 934 937 1139
f 1139 937 1140
f 1138 1363 1139
f 1139 1363 1362
f 1534 1222 1355
f 1355 1222 1278
f 1535 1223 1534
f 1534 1223 1222
f 821 587 1238
f 1238 587 586
f 1319 711 1317
f 1317 711 1536
f 1538 1200 1537
f 1537 1200 1199
f 1508 1417 1539
f 1539 1417 1416
f 1540 1541 840
f 840 1541 837
f 1231 898 871
f 871 898 901
f 1500 1275 1367
f 1367 1275 912
f 1543 1379 1542
f 1542 1379 1395
f 1539 772 1508
f 1508 772 1544
f 1546 1403 1545
f 1545 1403 1402
f 1548 1549 1547
f 1547 1549 1550
f 1552 1548 1551
f 1551 1548 1547
f 1554 1555 1553
f 1553 1555 1556
f 1558 1559 1557
f 1557 1559 1560
f 1562 1563 1561
f 1561 1563 1564
f 1566 1567 1565
f 1565 1567 1568
f 1570 1571 1569
f 1569 1571 1572
f 1574 1575 1573
f 1573 1575 1576
f 1577 1578 1572
f 1572 1578 1569
f 1580 1581 1579
f 1579 1581 1582
f 1584 1585 1583
f 1583 1585 1586
f 1588 1555 1587
f 1587 1555 1589
f 1591 1592 1590
f 1590 1592 1593
f 1595 1596 1594
f 1594 1596 1597
f 1596 1581 1597
f 1597 1581 1576
f 1599 1570 1598
f 1598 1570 1569
f 1601 1602 1600
f 1600 1602 1603
f 1605 1606 1604
f 1604 1606 1607
f 1608 1609 1568
f 1568 1609 1565
f 1611 1612 1610
f 1610 1612 1613
f 1615 1616 1614
f 1614 1616 1617
f 1619 1617 1618
f 1618 1617 1616
f 1621 1622 1620
f 1620 1622 1623
f 1625 1626 1624
f 1624 1626 1627
f 1629 1630 1628
f 1628 1630 1631
f 1633 1634 1632
f 1632 1634 1635
f 1636 1637 1639
f 1639 1637 1638
f 1641 1642 1640
f 1640 1642 1643
f 1624 1627 1644
f 1644 1627 1645
f 1647 1648 1646
f 1646 1648 1649
f 1651 1652 1650
f 1650 1652 1653
f 1655 1656 1654
f 1654 1656 1657
f 1659 1660 1658
f 1658 1660 1661
f 1662 1663 1631
f 1631 1663 1628
f 1651 1665 1664
f 1664 1665 1666
f 1667 1656 1619
f 1619 1656 1617
f 1669 1670 1668
f 1668 1670 1671
f 1632 1635 1672
f 1672 1635 1673
f 1674 1675 1638
f 1638 1675 1639
f 1677 1678 1676
f 1676 1678 1679
f 1680 1640 1681
f 1681 1640 1643
f 1682 1683 1643
f 1643 1683 1681
f 1670 1669 1235
f 1235 1669 1232
f 1396 1399 1674
f 1674 1399 1675
f 627 630 1679
f 1679 630 1676
f 1681 1315 1680
f 1680 1315 1311
f 1683 1377 1681
f 1681 1377 1315
f 1672 1673 1387
f 1387 1673 1385
f 1636 1684 1646
f 1646 1684 1685
f 1687 1688 1686
f 1686 1688 1689
f 1585 1690 1586
f 1586 1690 1691
f 1599 1692 1551
f 1551 1692 1693
f 1552 1558 1694
f 1694 1558 1557
f 1696 1615 1695
f 1695 1615 1614
f 1698 1699 1697
f 1697 1699 1623
f 1700 1701 1703
f 1703 1701 1702
f 1705 1706 1704
f 1704 1706 1707
f 1708 1709 1640
f 1640 1709 1641
f 1710 1711 1713
f 1713 1711 1712
f 1652 1655 1653
f 1653 1655 1654
f 1714 1699 1712
f 1712 1699 1713
f 1715 1710 1716
f 1716 1710 1713
f 1717 1708 1680
f 1680 1708 1640
f 1393 1392 1715
f 1715 1392 1710
f 1719 1720 1718
f 1718 1720 1721
f 1680 1311 1717
f 1717 1311 789
f 1378 1711 1392
f 1392 1711 1710
f 1388 1391 1719
f 1719 1391 1720
f 1723 1606 1722
f 1722 1606 1689
f 1725 1568 1724
f 1724 1568 1567
f 1726 1647 1685
f 1685 1647 1646
f 1728 1554 1727
f 1727 1554 1553
f 1591 1687 1600
f 1600 1687 1686
f 1730 1595 1729
f 1729 1595 1594
f 1601 1605 1731
f 1731 1605 1604
f 1733 1663 1732
f 1732 1663 1734
f 1736 1639 1735
f 1735 1639 1675
f 1658 1644 1737
f 1737 1644 1645
f 1726 1662 1724
f 1724 1662 1631
f 1399 1738 1675
f 1675 1738 1735
f 1621 1667 1739
f 1739 1667 1619
f 1714 1740 1620
f 1620 1740 1741
f 1592 1549 1593
f 1593 1549 1742
f 1602 1571 1603
f 1603 1571 1550
f 1688 1690 1689
f 1689 1690 1722
f 1588 1559 1582
f 1582 1559 1579
f 1673 1735 1385
f 1385 1735 1738
f 1387 1232 1672
f 1672 1232 1669
f 1580 1692 1573
f 1573 1692 1743
f 1377 1683 1378
f 1378 1683 1711
f 1664 1666 1744
f 1744 1666 1745
f 1744 1696 1664
f 1664 1696 1695
f 1746 1747 1732
f 1732 1747 1748
f 1749 1750 1677
f 1677 1750 1678
f 1709 1708 1750
f 1750 1708 1678
f 1668 1632 1669
f 1669 1632 1672
f 1633 1746 1734
f 1734 1746 1732
f 1679 1678 1717
f 1717 1678 1708
f 789 627 1717
f 1717 627 1679
f 1563 1723 1564
f 1564 1723 1722
f 1728 1584 1751
f 1751 1584 1583
f 1674 1676 1396
f 1396 1676 630
f 1666 1566 1745
f 1745 1566 1565
f 1627 1629 1645
f 1645 1629 1628
f 1637 1749 1638
f 1638 1749 1677
f 1648 1665 1649
f 1649 1665 1752
f 1740 1642 1741
f 1741 1642 1657
f 1676 1674 1677
f 1677 1674 1638
f 1683 1682 1711
f 1711 1682 1712
f 1618 1753 1619
f 1619 1753 1739
f 1701 1739 1702
f 1702 1739 1753
f 1754 1214 1756
f 1756 1214 1755
f 647 1757 619
f 619 1757 941
f 1759 1193 1758
f 1758 1193 691
f 1419 1760 1420
f 1420 1760 1761
f 682 1762 683
f 683 1762 1763
f 1412 780 1413
f 1413 780 1384
f 1383 1398 1384
f 1384 1398 1413
f 1197 1424 1764
f 1764 1424 1423
f 1537 1287 1538
f 1538 1287 1286
f 1634 1684 1635
f 1635 1684 1736
f 1724 1631 1725
f 1725 1631 1630
f 1562 1730 1610
f 1610 1730 1729
f 1735 1673 1736
f 1736 1673 1635
f 1757 1195 941
f 941 1195 1194
f 1766 200 1765
f 1765 200 199
f 475 500 476
f 476 500 479
f 498 558 483
f 483 558 487
f 545 551 546
f 546 551 550
f 453 1281 219
f 219 1281 1314
f 298 453 208
f 208 453 219
f 368 1765 1767
f 1767 1765 199
f 523 405 363
f 363 405 404
f 523 533 405
f 405 533 402
f 298 208 299
f 299 208 207
f 299 207 176
f 176 207 300
f 176 300 173
f 173 300 202
f 173 202 174
f 174 202 201
f 1337 918 1768
f 1768 918 1336
f 1769 1770 1338
f 1338 1770 859
f 581 570 578
f 578 570 1771
f 555 562 580
f 580 562 561
f 504 1772 501
f 501 1772 548
f 517 542 584
f 584 542 543
f 515 514 516
f 516 514 544
f 542 517 544
f 544 517 516
f 561 575 580
f 580 575 581
f 575 569 581
f 581 569 570
f 501 548 1773
f 1773 548 547
f 1774 1775 570
f 570 1775 1771
f 369 368 1776
f 1776 368 1767
f 372 369 375
f 375 369 1776
f 822 1280 1308
f 1308 1280 1320
f 820 1281 822
f 822 1281 1280
f 818 1314 820
f 820 1314 1281
f 1314 818 1313
f 1313 818 804
f 807 814 825
f 825 814 826
f 814 813 826
f 826 813 827
f 813 1220 827
f 827 1220 828
f 580 579 555
f 555 579 547
f 1477 1540 872
f 872 1540 840
f 367 499 368
f 368 499 1765
f 1766 1765 525
f 525 1765 499
f 1777 1766 526
f 526 1766 525
f 520 527 362
f 362 527 384
f 361 1778 519
f 519 1778 528
f 371 1779 372
f 372 1779 369
f 369 1779 370
f 370 1779 478
f 1779 371 478
f 478 371 374
f 1778 1777 528
f 528 1777 526
f 1781 1782 1780
f 1780 1782 1783
f 431 460 67
f 67 460 64
f 68 338 74
f 74 338 72
f 1785 1782 1784
f 1784 1782 1786
f 1787 1788 1790
f 1790 1788 1789
f 1792 1789 1791
f 1791 1789 1793
f 1791 1794 1792
f 1792 1794 1795
f 1794 1796 1795
f 1795 1796 1797
f 1797 1798 938
f 938 1798 868
f 1798 1799 868
f 868 1799 869
f 1801 1802 1800
f 1800 1802 1451
f 1803 1804 1205
f 1205 1804 1206
f 1805 1806 864
f 864 1806 865
f 1806 1807 865
f 865 1807 1808
f 68 71 338
f 287 328 288
f 1320 1321 1308
f 1308 1321 1309
f 1320 441 1321
f 1321 441 217
f 441 152 217
f 217 152 218
f 151 286 152
f 152 286 218
f 297 310 151
f 151 310 286
f 296 307 297
f 297 307 310
f 296 143 307
f 307 143 284
f 143 56 284
f 284 56 104
f 56 59 104
f 104 59 63
f 59 102 63
f 63 102 60
f 102 94 60
f 60 94 282
f 93 459 279
f 279 459 77
f 459 460 77
f 77 460 78
f 460 431 78
f 78 431 295
f 431 49 295
f 295 49 292
f 48 421 49
f 49 421 292
f 276 278 418
f 418 278 429
f 317 432 278
f 278 432 429
f 432 317 433
f 433 317 316
f 326 324 316
f 316 324 433
f 1536 592 1809
f 1809 592 591
f 1810 744 1812
f 1812 744 1811
f 1814 1815 1813
f 1813 1815 1816
f 1817 748 1818
f 1818 748 747
f 1812 1819 1810
f 1810 1819 1817
f 1820 1821 748
f 748 1821 749
f 1823 1824 1822
f 1822 1824 1825
f 1827 1828 1826
f 1826 1828 1829
f 1831 1832 1830
f 1830 1832 1833
f 1834 1827 1243
f 1243 1827 1826
f 1313 804 825
f 825 804 807
f 1835 1253 1236
f 1236 1253 1237
f 1836 1837 1438
f 1438 1837 1435
f 1838 1505 1840
f 1840 1505 1839
f 1841 1842 716
f 716 1842 713
f 1843 1844 1510
f 1510 1844 1845
f 1847 1848 1846
f 1846 1848 1849
f 1850 1240 1822
f 1822 1240 1239
f 636 1831 637
f 637 1831 1830
f 1852 1853 1851
f 1851 1853 1854
f 1855 1856 1858
f 1858 1856 1857
f 1846 1849 1859
f 1859 1849 1860
f 1343 1401 1509
f 1509 1401 1861
f 1509 1861 635
f 635 1861 636
f 1863 1864 1862
f 1862 1864 1865
f 1283 1503 1867
f 1867 1503 1866
f 1868 1867 681
f 681 1867 682
f 1286 1285 683
f 683 1285 684
f 757 756 1274
f 1274 756 1869
f 1274 1869 717
f 717 1869 718
f 1434 1433 719
f 719 1433 720
f 1200 1538 1545
f 1545 1538 1763
f 1285 1289 684
f 684 1289 1273
f 684 1273 681
f 681 1273 1272
f 785 1283 1868
f 1868 1283 1867
f 786 785 1870
f 1870 785 1868
f 1289 757 1273
f 1273 757 1274
f 1539 1416 1871
f 1871 1416 1872
f 773 1871 1403
f 1403 1871 1404
f 675 674 1405
f 1405 674 1402
f 1864 1873 1865
f 1865 1873 1874
f 638 1843 635
f 635 1843 1510
f 1344 1343 1511
f 1511 1343 1509
f 772 1539 773
f 773 1539 1871
f 674 1200 1402
f 1402 1200 1545
f 1538 1286 1763
f 1763 1286 683
f 1444 1443 1875
f 1875 1443 1876
f 1875 1876 1831
f 1831 1876 1832
f 1416 1344 1872
f 1872 1344 1511
f 1877 1878 774
f 774 1878 1879
f 1878 1847 1879
f 1879 1847 1846
f 1880 714 1881
f 1881 714 1848
f 1401 1444 1861
f 1861 1444 1875
f 1861 1875 636
f 636 1875 1831
f 1823 1863 1882
f 1882 1863 1862
f 1441 1440 1884
f 1884 1440 1883
f 1883 1852 1884
f 1884 1852 1851
f 1886 1887 1885
f 1885 1887 1888
f 1358 1889 1359
f 1359 1889 1890
f 1891 1886 1892
f 1892 1886 1885
f 774 1879 775
f 775 1879 1893
f 1859 1893 1846
f 1846 1893 1879
f 713 1842 1849
f 1849 1842 1860
f 1318 1895 1894
f 1894 1895 1896
f 1873 1897 1874
f 1874 1897 1898
f 1898 605 1899
f 1899 605 675
f 1405 1844 675
f 675 1844 1899
f 1404 1845 1405
f 1405 1845 1844
f 593 1296 591
f 591 1296 1809
f 1295 1292 1900
f 1900 1292 1895
f 606 1897 1291
f 1291 1897 1896
f 1510 1845 1511
f 1511 1845 1872
f 1871 1872 1404
f 1404 1872 1845
f 1866 770 1762
f 1762 770 1546
f 1762 682 1866
f 1866 682 1867
f 1870 1868 1272
f 1272 1868 681
f 1272 717 1870
f 1870 717 720
f 1870 720 786
f 786 720 1433
f 786 1433 787
f 787 1433 1432
f 1261 1414 1432
f 1432 1414 787
f 1389 1234 1260
f 1260 1234 1415
f 1719 1670 1388
f 1388 1670 1235
f 1718 1671 1719
f 1719 1671 1670
f 1705 1747 1718
f 1718 1747 1671
f 1659 1901 1704
f 1704 1901 1748
f 1877 1903 1902
f 1902 1903 1904
f 1259 1905 1390
f 1390 1905 1394
f 1715 1720 1393
f 1393 1720 1391
f 1716 1721 1715
f 1715 1721 1720
f 1698 1706 1716
f 1716 1706 1721
f 277 276 47
f 47 276 48
f 84 96 81
f 81 96 82
f 80 70 81
f 81 70 85
f 99 97 88
f 88 97 89
f 90 100 88
f 88 100 99
f 101 95 102
f 102 95 94
f 1906 1907 280
f 280 1907 281
f 97 86 89
f 89 86 85
f 60 282 61
f 61 282 281
f 83 82 46
f 46 82 47
f 293 292 420
f 420 292 421
f 419 1908 420
f 420 1908 1909
f 92 95 91
f 91 95 90
f 279 282 93
f 93 282 94
f 276 418 48
f 48 418 421
f 1910 1660 1697
f 1697 1660 1707
f 1703 1624 1700
f 1700 1624 1644
f 1622 1910 1623
f 1623 1910 1697
f 1701 1700 1911
f 1911 1700 1661
f 1700 1644 1661
f 1661 1644 1658
f 1901 1737 1733
f 1733 1737 1645
f 1625 1912 1604
f 1604 1912 1731
f 1912 1913 1731
f 1731 1913 1914
f 1913 1577 1914
f 1914 1577 1572
f 1915 1578 1616
f 1616 1578 1618
f 1915 1916 1598
f 1598 1916 1743
f 1916 1574 1743
f 1743 1574 1573
f 1575 1917 1576
f 1576 1917 1597
f 1917 1609 1597
f 1597 1609 1594
f 1608 1611 1729
f 1729 1611 1610
f 1918 1612 1629
f 1629 1612 1630
f 1626 1918 1627
f 1627 1918 1629
f 1920 1921 1919
f 1919 1921 1922
f 1920 1924 1923
f 1923 1924 1925
f 1926 1927 1924
f 1924 1927 1925
f 1929 1930 1928
f 1928 1930 1931
f 1932 1933 1935
f 1935 1933 1934
f 1937 1938 1936
f 1936 1938 1939
f 1941 1942 1940
f 1940 1942 1943
f 1941 1945 1944
f 1944 1945 1946
f 1947 1948 1694
f 1694 1948 1949
f 1950 1951 1953
f 1953 1951 1952
f 1955 1956 1954
f 1954 1956 1589
f 1958 1956 1957
f 1957 1956 1932
f 1960 1934 1959
f 1959 1934 1933
f 1962 1963 1961
f 1961 1963 1964
f 1965 1955 1751
f 1751 1955 1954
f 1935 1930 1932
f 1932 1930 1957
f 1951 1950 1926
f 1926 1950 1929
f 1966 1967 1593
f 1593 1967 1590
f 1969 1967 1968
f 1968 1967 1964
f 1962 1921 1970
f 1970 1921 1971
f 1963 1945 1964
f 1964 1945 1968
f 1972 1948 1922
f 1922 1948 1919
f 1966 1972 1961
f 1961 1972 1922
f 1958 1953 1587
f 1587 1953 1560
f 1974 1975 1973
f 1973 1975 1976
f 1978 1979 1977
f 1977 1979 1691
f 1979 1975 1691
f 1691 1975 1586
f 1938 1942 1939
f 1939 1942 1980
f 1952 1947 1557
f 1557 1947 1694
f 1969 1978 1981
f 1981 1978 1977
f 1983 1984 1982
f 1982 1984 1985
f 1986 1987 1989
f 1989 1987 1988
f 1990 1991 1983
f 1983 1991 1984
f 1990 1993 1992
f 1992 1993 1994
f 1995 1996 1994
f 1994 1996 1997
f 1999 2000 1998
f 1998 2000 2001
f 2003 2004 2002
f 2002 2004 2005
f 2007 2008 2006
f 2006 2008 2009
f 2011 2012 2010
f 2010 2012 2013
f 2014 2015 2017
f 2017 2015 2016
f 2018 2019 2021
f 2021 2019 2020
f 2022 1989 2024
f 2024 1989 2023
f 1989 1988 2023
f 2023 1988 2025
f 2026 2027 2017
f 2017 2027 2014
f 2029 2030 2028
f 2028 2030 2031
f 2033 2034 2032
f 2032 2034 2035
f 2032 2035 2036
f 2036 2035 2037
f 2039 2040 2038
f 2038 2040 2041
f 1982 2042 1983
f 1983 2042 2043
f 2045 2046 2044
f 2044 2046 2047
f 2049 2050 2048
f 2048 2050 2051
f 2053 2054 2052
f 2052 2054 2055
f 2057 2058 2056
f 2056 2058 2059
f 2060 2061 2033
f 2033 2061 2034
f 2063 2064 2062
f 2062 2064 2065
f 2066 2035 2067
f 2067 2035 2034
f 2069 2039 2068
f 2068 2039 2038
f 2025 2070 2023
f 2023 2070 2071
f 2072 2024 2071
f 2071 2024 2023
f 2074 2020 2073
f 2073 2020 2019
f 2050 2049 2047
f 2047 2049 2075
f 1983 2043 1990
f 1990 2043 1993
f 2006 2050 2007
f 2007 2050 2076
f 2050 2006 2051
f 2051 2006 2077
f 2079 2080 2078
f 2078 2080 2081
f 2082 2083 2085
f 2085 2083 2084
f 2010 2013 2086
f 2086 2013 2087
f 2089 2033 2088
f 2088 2033 2032
f 2090 2060 2089
f 2089 2060 2033
f 2092 2093 2091
f 2091 2093 2094
f 2096 1986 2095
f 2095 1986 2097
f 2097 1986 2022
f 2022 1986 1989
f 2015 2094 2016
f 2016 2094 2098
f 2016 2098 2100
f 2100 2098 2099
f 2017 2016 2101
f 2101 2016 2100
f 2017 2101 2026
f 2026 2101 2102
f 2100 2099 2104
f 2104 2099 2103
f 2104 2105 2100
f 2100 2105 2101
f 2105 2106 2101
f 2101 2106 2102
f 2108 2061 2107
f 2107 2061 2109
f 2111 2112 2110
f 2110 2112 2020
f 2020 2074 2110
f 2110 2074 2113
f 2115 2116 2114
f 2114 2116 2117
f 2118 2119 1995
f 1995 2119 2120
f 2121 2122 2027
f 2027 2122 2014
f 2047 2075 2044
f 2044 2075 2123
f 2124 2125 2127
f 2127 2125 2126
f 2129 2130 2128
f 2128 2130 2131
f 2132 2133 2057
f 2057 2133 2058
f 2134 1999 2136
f 2136 1999 2135
f 2055 2138 2137
f 2137 2138 2139
f 2141 2142 2140
f 2140 2142 2143
f 2083 2082 2064
f 2064 2082 2065
f 2082 2144 2065
f 2065 2144 2145
f 2040 2146 2041
f 2041 2146 2147
f 2060 2090 2148
f 2148 2090 2149
f 2048 2051 2137
f 2137 2051 2150
f 2151 1997 2135
f 2135 1997 1996
f 2152 2150 2077
f 2077 2150 2051
f 2046 2045 2118
f 2118 2045 2119
f 2154 2155 2153
f 2153 2155 2156
f 2158 2159 2157
f 2157 2159 2160
f 2162 2163 2161
f 2161 2163 2164
f 2164 2163 2165
f 2165 2163 2166
f 2168 2169 2167
f 2167 2169 2170
f 2003 2172 2171
f 2171 2172 2173
f 2174 2175 2002
f 2002 2175 2176
f 2145 2177 2065
f 2065 2177 2062
f 2178 2179 2180
f 2180 2179 2134
f 2181 2052 2152
f 2152 2052 2150
f 2040 2127 2146
f 2146 2127 2182
f 2130 2162 2131
f 2131 2162 2161
f 2052 2055 2150
f 2150 2055 2137
f 2184 2185 2183
f 2183 2185 2186
f 2159 2030 2160
f 2160 2030 2187
f 2146 2182 2029
f 2029 2182 2188
f 2189 2190 2192
f 2192 2190 2191
f 2172 2003 2176
f 2176 2003 2002
f 1998 2151 1999
f 1999 2151 2135
f 2177 2172 2062
f 2062 2172 2176
f 2172 2177 2173
f 2173 2177 2193
f 2063 2194 2064
f 2064 2194 2195
f 2066 2197 2196
f 2196 2197 2198
f 2002 2005 2174
f 2174 2005 2199
f 2004 2003 2200
f 2200 2003 2171
f 2198 2201 2171
f 2171 2201 2200
f 2197 2202 2198
f 2198 2202 2201
f 2202 2197 2203
f 2203 2197 2204
f 2196 2198 2173
f 2173 2198 2171
f 2205 2069 2170
f 2170 2069 2206
f 2197 2066 2204
f 2204 2066 2067
f 2107 2207 2108
f 2108 2207 2208
f 2210 2208 2209
f 2209 2208 2207
f 2185 2211 2212
f 2213 2214 2211
f 2211 2214 2212
f 1998 2001 2213
f 2213 2001 2214
f 2134 2215 1999
f 1999 2215 2000
f 2216 2217 2219
f 2219 2217 2218
f 2206 2220 2170
f 2170 2220 2167
f 2069 2068 2206
f 2206 2068 2221
f 2151 1998 2222
f 2222 1998 2213
f 2124 2039 2205
f 2205 2039 2069
f 2142 2223 2143
f 2143 2223 2128
f 2203 2186 2202
f 2202 2186 2185
f 2185 2184 2211
f 2211 2184 2224
f 2224 2225 2222
f 2222 2225 2226
f 2071 2227 2072
f 2072 2227 2228
f 2229 2074 2230
f 2230 2074 2073
f 2074 2229 2113
f 2113 2229 2231
f 2232 2225 2227
f 2227 2225 2224
f 2233 2234 2031
f 2031 2234 2028
f 2236 2231 2235
f 2235 2231 2229
f 2230 2183 2229
f 2229 2183 2235
f 2237 1987 2096
f 2096 1987 1986
f 2152 2238 2181
f 2181 2238 2239
f 2080 2240 2081
f 2081 2240 2241
f 2236 2242 1971
f 1971 2242 1970
f 1925 2113 1923
f 1923 2113 2231
f 2110 1927 2111
f 2111 1927 1928
f 2103 2111 1931
f 1931 2111 1928
f 1931 2243 2103
f 2103 2243 2104
f 2105 2104 2244
f 2244 2104 2243
f 1939 1980 2148
f 2148 1980 2109
f 1980 1944 2109
f 2109 1944 2107
f 1946 2245 2207
f 2207 2245 2209
f 2245 1970 2209
f 2209 1970 2242
f 2231 2236 1923
f 1923 2236 1971
f 2113 1925 2110
f 2110 1925 1927
f 2234 2246 2028
f 2028 2246 2147
f 2247 2248 2058
f 2058 2248 2059
f 2114 2117 2249
f 2249 2117 2250
f 2252 2253 2251
f 2251 2253 2254
f 2094 2015 2091
f 2091 2015 2255
f 2256 2255 2014
f 2014 2255 2015
f 2257 2145 2258
f 2258 2145 2144
f 2131 2161 2123
f 2123 2161 2044
f 2045 2044 2164
f 2164 2044 2161
f 2045 2164 2119
f 2119 2164 2165
f 2259 2120 2165
f 2165 2120 2119
f 2260 2261 2259
f 2259 2261 2120
f 2205 2262 2124
f 2124 2262 2125
f 2180 2263 2178
f 2178 2263 2264
f 2265 2266 2092
f 2092 2266 2093
f 1992 2267 2268
f 2184 2228 2224
f 2224 2228 2227
f 2048 2269 2049
f 2049 2269 2141
f 2129 2168 2157
f 2157 2168 2167
f 2049 2141 2075
f 2075 2141 2140
f 2199 2215 2270
f 2270 2215 2271
f 2142 2141 2272
f 2272 2141 2269
f 2089 2026 2090
f 2090 2026 2102
f 2146 2029 2147
f 2147 2029 2028
f 2111 2103 2112
f 2112 2103 2099
f 2061 2060 2109
f 2109 2060 2148
f 2273 2274 2041
f 2041 2274 2038
f 2260 2275 2261
f 2261 2275 2136
f 2057 2138 2132
f 2132 2138 2276
f 2272 2269 2056
f 2056 2269 2139
f 2277 2278 2270
f 2270 2278 2199
f 2029 2188 2030
f 2030 2188 2187
f 2040 2039 2127
f 2127 2039 2124
f 2064 2195 2083
f 2083 2195 2279
f 2056 2139 2057
f 2057 2139 2138
f 2278 2277 2247
f 2247 2277 2248
f 2062 2176 2063
f 2063 2176 2175
f 2280 2210 2242
f 2242 2210 2209
f 2282 2233 2281
f 2281 2233 2031
f 2216 2219 2283
f 2283 2219 2221
f 2158 2220 2218
f 2218 2220 2219
f 2217 2282 2218
f 2218 2282 2281
f 2220 2158 2167
f 2167 2158 2157
f 2223 2264 2128
f 2128 2264 2263
f 2261 1996 2120
f 2120 1996 1995
f 2213 2211 2222
f 2222 2211 2224
f 2283 2221 2284
f 2284 2221 2068
f 2135 1996 2136
f 2136 1996 2261
f 2144 2081 2258
f 2258 2081 2241
f 2235 2280 2236
f 2236 2280 2242
f 2246 2273 2147
f 2147 2273 2041
f 2036 2285 2032
f 2032 2285 2088
f 2077 2286 2152
f 2152 2286 2238
f 1937 1960 1973
f 1973 1960 1959
f 2070 2232 2071
f 2071 2232 2227
f 2244 2287 2105
f 2105 2287 2106
f 1936 1939 2149
f 2149 1939 2148
f 1944 1946 2107
f 2107 1946 2207
f 2285 2121 2088
f 2088 2121 2027
f 2253 2249 2254
f 2254 2249 2250
f 2006 2009 2077
f 2077 2009 2286
f 2289 2086 2288
f 2288 2086 2087
f 2223 2142 2290
f 2290 2142 2272
f 2128 2131 2143
f 2143 2131 2123
f 2156 2291 2153
f 2153 2291 2175
f 2292 2293 2278
f 2278 2293 2294
f 2075 2140 2123
f 2123 2140 2143
f 2262 2169 2275
f 2275 2169 2180
f 2275 2180 2136
f 2136 2180 2134
f 2274 2284 2038
f 2038 2284 2068
f 2127 2126 2182
f 2182 2126 2166
f 2094 2093 2098
f 2098 2093 2021
f 2098 2021 2099
f 2099 2021 2112
f 2018 2021 2266
f 2266 2021 2093
f 2251 2289 2252
f 2252 2289 2288
f 1997 2151 2226
f 2226 2151 2222
f 2206 2221 2220
f 2220 2221 2219
f 2269 2048 2139
f 2139 2048 2137
f 2159 2158 2281
f 2281 2158 2218
f 2156 2155 2190
f 2190 2155 2191
f 1974 1965 1583
f 1583 1965 1751
f 2088 2027 2089
f 2089 2027 2026
f 2030 2159 2031
f 2031 2159 2281
f 2106 2149 2102
f 2102 2149 2090
f 2287 1936 2106
f 2106 1936 2149
f 2293 2154 2294
f 2294 2154 2153
f 2021 2020 2112
f 2247 2295 2278
f 2278 2295 2292
f 2284 2296 2283
f 2283 2296 2297
f 2298 2296 2274
f 2274 2296 2284
f 2273 2299 2274
f 2274 2299 2298
f 2246 2300 2273
f 2273 2300 2299
f 2283 2297 2216
f 2216 2297 2301
f 2216 2301 2217
f 2217 2301 2302
f 2302 2303 2217
f 2217 2303 2282
f 2304 2301 2305
f 2305 2301 2297
f 2307 2308 2306
f 2306 2308 2309
f 2306 2310 2307
f 2307 2310 2311
f 2307 2312 2308
f 2308 2312 2313
f 2314 2315 2312
f 2312 2315 2316
f 2316 2317 2312
f 2312 2317 2313
f 2317 2305 2313
f 2313 2305 2318
f 2314 2312 2311
f 2311 2312 2307
f 2319 2320 2322
f 2322 2320 2321
f 2322 2311 2319
f 2319 2311 2310
f 2313 2318 2308
f 2308 2318 2309
f 2296 2298 2318
f 2318 2298 2309
f 2309 2298 2323
f 2323 2298 2299
f 2306 2309 2324
f 2324 2309 2323
f 2310 2306 2325
f 2325 2306 2324
f 2296 2318 2297
f 2297 2318 2305
f 2319 2310 2326
f 2326 2310 2325
f 2328 2325 2327
f 2327 2325 2324
f 2325 2328 2326
f 2326 2328 2329
f 2331 2328 2330
f 2330 2328 2327
f 2332 2333 2327
f 2327 2333 2330
f 2328 2331 2329
f 2329 2331 2334
f 2324 2323 2327
f 2327 2323 2332
f 2300 2332 2299
f 2299 2332 2323
f 2326 2335 2319
f 2319 2335 2320
f 2305 2317 2336
f 2336 2317 2316
f 2336 2316 2337
f 2337 2316 2315
f 2338 2304 2336
f 2336 2304 2305
f 2337 2339 2336
f 2336 2339 2338
f 2337 2315 2341
f 2341 2315 2340
f 2342 2300 2234
f 2234 2300 2246
f 2303 2343 2282
f 2282 2343 2233
f 2234 2233 2342
f 2342 2233 2343
f 2342 2343 2333
f 2333 2343 2344
f 2333 2344 2330
f 2330 2344 2345
f 2346 2344 2303
f 2303 2344 2343
f 2332 2300 2333
f 2333 2300 2342
f 2347 2346 2302
f 2302 2346 2303
f 2301 2304 2302
f 2302 2304 2347
f 2304 2338 2347
f 2347 2338 2348
f 2348 2349 2347
f 2347 2349 2346
f 2350 2351 2348
f 2348 2351 2349
f 2349 2345 2346
f 2346 2345 2344
f 2345 2349 2352
f 2352 2349 2351
f 2338 2339 2348
f 2348 2339 2350
f 2350 2339 2353
f 2353 2339 2354
f 2356 2357 2355
f 2355 2357 2353
f 2351 2350 2357
f 2357 2350 2353
f 2353 2354 2355
f 2355 2354 2335
f 2320 2335 2341
f 2341 2335 2354
f 2339 2337 2354
f 2354 2337 2341
f 2352 2331 2345
f 2345 2331 2330
f 2356 2334 2352
f 2352 2334 2331
f 2356 2352 2357
f 2357 2352 2351
f 2355 2329 2356
f 2356 2329 2334
f 2335 2326 2355
f 2355 2326 2329
f 2321 2314 2322
f 2322 2314 2311
f 2321 2320 2340
f 2340 2320 2341
f 2315 2314 2340
f 2340 2314 2321
f 2125 2260 2126
f 2126 2260 2259
f 2157 2160 2129
f 2129 2160 2130
f 2188 2163 2187
f 2187 2163 2162
f 2182 2166 2188
f 2188 2166 2163
f 2180 2169 2263
f 2263 2169 2168
f 2160 2187 2130
f 2130 2187 2162
f 2275 2260 2262
f 2262 2260 2125
f 2128 2263 2129
f 2129 2263 2168
f 2262 2205 2169
f 2169 2205 2170
f 2165 2166 2259
f 2259 2166 2126
f 2359 2360 2358
f 2358 2360 2361
f 2363 2364 2362
f 2362 2364 2365
f 2367 2363 2366
f 2366 2363 2362
f 2368 2369 2371
f 2371 2369 2370
f 2372 2373 2248
f 2248 2373 2059
f 2364 2374 2365
f 2365 2374 2375
f 2377 2378 2376
f 2376 2378 2379
f 2290 2380 2223
f 2223 2380 2381
f 2223 2381 2264
f 2264 2381 2382
f 2384 2385 2383
f 2383 2385 2386
f 2364 2371 2374
f 2374 2371 2387
f 2059 2373 2290
f 2290 2373 2380
f 2378 2360 2379
f 2379 2360 2388
f 2374 2387 2359
f 2359 2387 2389
f 2390 2367 2386
f 2386 2367 2391
f 2393 2394 2392
f 2392 2394 2395
f 2386 2391 2383
f 2383 2391 2396
f 2367 2366 2391
f 2391 2366 2397
f 2363 2367 2368
f 2368 2367 2390
f 2398 2399 2361
f 2361 2399 2358
f 2399 2400 2358
f 2358 2400 2375
f 2390 2401 2368
f 2368 2401 2369
f 2372 2384 2376
f 2376 2384 2383
f 2374 2359 2375
f 2375 2359 2358
f 2402 2403 2365
f 2365 2403 2362
f 2359 2389 2360
f 2360 2389 2388
f 2364 2363 2371
f 2371 2363 2368
f 2405 2398 2404
f 2404 2398 2361
f 2392 2395 2406
f 2406 2395 2397
f 2377 2396 2394
f 2394 2396 2395
f 2394 2393 2404
f 2404 2393 2405
f 2396 2377 2383
f 2383 2377 2376
f 2406 2397 2407
f 2407 2397 2366
f 2400 2402 2375
f 2375 2402 2365
f 2385 2270 2401
f 2401 2270 2271
f 2403 2407 2362
f 2362 2407 2366
f 2371 2370 2387
f 2387 2370 2382
f 2391 2397 2396
f 2396 2397 2395
f 2378 2377 2404
f 2404 2377 2394
f 2360 2378 2361
f 2361 2378 2404
f 2407 2408 2406
f 2406 2408 2409
f 2410 2408 2403
f 2403 2408 2407
f 2411 2410 2402
f 2402 2410 2403
f 2412 2411 2400
f 2400 2411 2402
f 2406 2409 2392
f 2392 2409 2413
f 2392 2413 2393
f 2393 2413 2414
f 2415 2405 2414
f 2414 2405 2393
f 2416 2413 2417
f 2417 2413 2409
f 2419 2420 2418
f 2418 2420 2421
f 2420 2422 2421
f 2421 2422 2423
f 2420 2424 2422
f 2422 2424 2425
f 2426 2427 2424
f 2424 2427 2428
f 2428 2429 2424
f 2424 2429 2425
f 2426 2424 2419
f 2419 2424 2420
f 2419 2418 2431
f 2431 2418 2430
f 2425 2432 2422
f 2422 2432 2423
f 2408 2410 2432
f 2432 2410 2423
f 2423 2410 2433
f 2433 2410 2411
f 2421 2423 2434
f 2434 2423 2433
f 2435 2418 2434
f 2434 2418 2421
f 2429 2417 2425
f 2425 2417 2432
f 2408 2432 2409
f 2409 2432 2417
f 2418 2435 2430
f 2430 2435 2436
f 2438 2435 2437
f 2437 2435 2434
f 2435 2438 2436
f 2436 2438 2439
f 2441 2438 2440
f 2440 2438 2437
f 2442 2443 2437
f 2437 2443 2440
f 2439 2438 2444
f 2444 2438 2441
f 2433 2442 2434
f 2434 2442 2437
f 2412 2442 2411
f 2411 2442 2433
f 2436 2445 2430
f 2430 2445 2446
f 2430 2446 2431
f 2431 2446 2447
f 2417 2429 2448
f 2448 2429 2428
f 2427 2449 2428
f 2428 2449 2448
f 2450 2416 2448
f 2448 2416 2417
f 2451 2450 2449
f 2449 2450 2448
f 2427 2452 2449
f 2449 2452 2453
f 2447 2446 2452
f 2452 2446 2453
f 2454 2412 2399
f 2399 2412 2400
f 2415 2455 2405
f 2405 2455 2398
f 2399 2398 2454
f 2454 2398 2455
f 2454 2455 2443
f 2443 2455 2456
f 2443 2456 2440
f 2440 2456 2457
f 2458 2456 2415
f 2415 2456 2455
f 2443 2442 2454
f 2454 2442 2412
f 2459 2458 2414
f 2414 2458 2415
f 2413 2416 2414
f 2414 2416 2459
f 2459 2416 2460
f 2460 2416 2450
f 2460 2461 2459
f 2459 2461 2458
f 2462 2463 2460
f 2460 2463 2461
f 2461 2457 2458
f 2458 2457 2456
f 2457 2461 2464
f 2464 2461 2463
f 2451 2462 2450
f 2450 2462 2460
f 2462 2451 2465
f 2465 2451 2466
f 2468 2469 2467
f 2467 2469 2465
f 2463 2462 2469
f 2469 2462 2465
f 2465 2466 2467
f 2467 2466 2445
f 2446 2445 2453
f 2453 2445 2466
f 2451 2449 2466
f 2466 2449 2453
f 2464 2441 2457
f 2457 2441 2440
f 2468 2444 2464
f 2464 2444 2441
f 2468 2464 2469
f 2469 2464 2463
f 2467 2439 2468
f 2468 2439 2444
f 2445 2436 2467
f 2467 2436 2439
f 2447 2426 2431
f 2431 2426 2419
f 2427 2426 2452
f 2452 2426 2447
f 2369 2179 2370
f 2370 2179 2178
f 2376 2379 2372
f 2372 2379 2373
f 2389 2381 2388
f 2388 2381 2380
f 2387 2382 2389
f 2389 2382 2381
f 2270 2385 2277
f 2277 2385 2384
f 2379 2388 2373
f 2373 2388 2380
f 2401 2271 2369
f 2369 2271 2179
f 2248 2277 2372
f 2372 2277 2384
f 2401 2390 2385
f 2385 2390 2386
f 2264 2382 2178
f 2178 2382 2370
f 2215 2134 2271
f 2271 2134 2179
f 2005 2000 2199
f 2199 2000 2215
f 2004 2001 2005
f 2005 2001 2000
f 2200 2214 2004
f 2004 2214 2001
f 2470 2471 2473
f 2473 2471 2472
f 2475 2476 2474
f 2474 2476 2477
f 2479 2475 2478
f 2478 2475 2474
f 2481 2482 2480
f 2480 2482 2483
f 2476 2484 2477
f 2477 2484 2485
f 2487 2488 2486
f 2486 2488 2489
f 2133 2490 2058
f 2058 2490 2491
f 2058 2491 2247
f 2247 2491 2492
f 2494 2495 2493
f 2493 2495 2496
f 2476 2483 2484
f 2484 2483 2497
f 2472 2498 2488
f 2488 2498 2489
f 2484 2497 2471
f 2471 2497 2499
f 2500 2479 2496
f 2496 2479 2501
f 2502 2503 2505
f 2505 2503 2504
f 2496 2501 2493
f 2493 2501 2506
f 2479 2478 2501
f 2501 2478 2507
f 2475 2479 2480
f 2480 2479 2500
f 2508 2509 2473
f 2473 2509 2470
f 2509 2510 2470
f 2470 2510 2485
f 2511 2481 2500
f 2500 2481 2480
f 2512 2494 2486
f 2486 2494 2493
f 2485 2484 2470
f 2470 2484 2471
f 2513 2514 2477
f 2477 2514 2474
f 2471 2499 2472
f 2472 2499 2498
f 2476 2475 2483
f 2483 2475 2480
f 2516 2508 2515
f 2515 2508 2473
f 2502 2505 2517
f 2517 2505 2507
f 2504 2487 2505
f 2505 2487 2506
f 2503 2516 2504
f 2504 2516 2515
f 2506 2487 2493
f 2493 2487 2486
f 2517 2507 2518
f 2518 2507 2478
f 2510 2513 2485
f 2485 2513 2477
f 2511 2495 2293
f 2293 2495 2154
f 2514 2518 2474
f 2474 2518 2478
f 2483 2482 2497
f 2497 2482 2492
f 2501 2507 2506
f 2506 2507 2505
f 2488 2487 2515
f 2515 2487 2504
f 2472 2488 2473
f 2473 2488 2515
f 2518 2519 2517
f 2517 2519 2520
f 2521 2519 2514
f 2514 2519 2518
f 2522 2521 2513
f 2513 2521 2514
f 2523 2522 2510
f 2510 2522 2513
f 2517 2520 2502
f 2502 2520 2524
f 2502 2524 2503
f 2503 2524 2525
f 2525 2526 2503
f 2503 2526 2516
f 2527 2524 2528
f 2528 2524 2520
f 2530 2531 2529
f 2529 2531 2532
f 2531 2533 2532
f 2532 2533 2534
f 2531 2535 2533
f 2533 2535 2536
f 2537 2538 2535
f 2535 2538 2539
f 2539 2540 2535
f 2535 2540 2536
f 2537 2535 2530
f 2530 2535 2531
f 2529 2541 2530
f 2530 2541 2542
f 2543 2534 2536
f 2536 2534 2533
f 2519 2521 2543
f 2543 2521 2534
f 2534 2521 2544
f 2544 2521 2522
f 2532 2534 2545
f 2545 2534 2544
f 2529 2532 2546
f 2546 2532 2545
f 2536 2540 2543
f 2543 2540 2528
f 2519 2543 2520
f 2520 2543 2528
f 2541 2529 2547
f 2547 2529 2546
f 2548 2549 2545
f 2545 2549 2546
f 2549 2550 2546
f 2546 2550 2547
f 2551 2552 2548
f 2548 2552 2549
f 2548 2553 2551
f 2551 2553 2554
f 2550 2549 2555
f 2555 2549 2552
f 2545 2544 2548
f 2548 2544 2553
f 2523 2553 2522
f 2522 2553 2544
f 2547 2556 2541
f 2541 2556 2557
f 2541 2557 2542
f 2542 2557 2558
f 2528 2540 2559
f 2559 2540 2539
f 2538 2560 2539
f 2539 2560 2559
f 2561 2527 2559
f 2559 2527 2528
f 2560 2562 2559
f 2559 2562 2561
f 2560 2538 2564
f 2564 2538 2563
f 2558 2557 2563
f 2563 2557 2564
f 2565 2523 2509
f 2509 2523 2510
f 2526 2566 2516
f 2516 2566 2508
f 2509 2508 2565
f 2565 2508 2566
f 2565 2566 2554
f 2554 2566 2567
f 2554 2567 2551
f 2551 2567 2568
f 2569 2567 2526
f 2526 2567 2566
f 2553 2523 2554
f 2554 2523 2565
f 2570 2569 2525
f 2525 2569 2526
f 2524 2527 2525
f 2525 2527 2570
f 2527 2561 2570
f 2570 2561 2571
f 2571 2572 2570
f 2570 2572 2569
f 2573 2574 2571
f 2571 2574 2572
f 2572 2568 2569
f 2569 2568 2567
f 2568 2572 2575
f 2575 2572 2574
f 2562 2573 2561
f 2561 2573 2571
f 2573 2562 2576
f 2576 2562 2577
f 2579 2580 2578
f 2578 2580 2576
f 2574 2573 2580
f 2580 2573 2576
f 2576 2577 2578
f 2578 2577 2556
f 2557 2556 2564
f 2564 2556 2577
f 2562 2560 2577
f 2577 2560 2564
f 2575 2552 2568
f 2568 2552 2551
f 2579 2555 2575
f 2575 2555 2552
f 2579 2575 2580
f 2580 2575 2574
f 2550 2555 2578
f 2578 2555 2579
f 2556 2547 2578
f 2578 2547 2550
f 2558 2537 2542
f 2542 2537 2530
f 2538 2537 2563
f 2563 2537 2558
f 2292 2295 2481
f 2481 2295 2482
f 2486 2489 2512
f 2512 2489 2581
f 2499 2491 2498
f 2498 2491 2490
f 2497 2492 2499
f 2499 2492 2491
f 2155 2154 2494
f 2494 2154 2495
f 2581 2489 2490
f 2490 2489 2498
f 2293 2292 2511
f 2511 2292 2481
f 2191 2155 2512
f 2512 2155 2494
f 2500 2496 2511
f 2511 2496 2495
f 2247 2492 2295
f 2295 2492 2482
f 2583 2584 2582
f 2582 2584 2585
f 2587 2588 2586
f 2586 2588 2589
f 2591 2587 2590
f 2590 2587 2586
f 2593 2594 2592
f 2592 2594 2595
f 2596 2597 2599
f 2599 2597 2598
f 2588 2600 2589
f 2589 2600 2601
f 2602 2603 2605
f 2605 2603 2604
f 2606 2607 2609
f 2609 2607 2608
f 2609 2608 2190
f 2190 2608 2610
f 2611 2612 2614
f 2614 2612 2613
f 2600 2588 2615
f 2615 2588 2595
f 2599 2598 2606
f 2606 2598 2607
f 2584 2616 2604
f 2604 2616 2605
f 2600 2615 2583
f 2583 2615 2617
f 2591 2619 2618
f 2618 2619 2614
f 2621 2622 2620
f 2620 2622 2623
f 2619 2624 2614
f 2614 2624 2611
f 2591 2590 2619
f 2619 2590 2625
f 2587 2591 2592
f 2592 2591 2618
f 2626 2627 2585
f 2585 2627 2582
f 2627 2628 2582
f 2582 2628 2601
f 2629 2593 2618
f 2618 2593 2592
f 2602 2597 2611
f 2611 2597 2612
f 2600 2583 2601
f 2601 2583 2582
f 2630 2631 2589
f 2589 2631 2586
f 2583 2617 2584
f 2584 2617 2616
f 2588 2587 2595
f 2595 2587 2592
f 2633 2626 2632
f 2632 2626 2585
f 2620 2623 2634
f 2634 2623 2625
f 2622 2603 2623
f 2623 2603 2624
f 2621 2633 2622
f 2622 2633 2632
f 2611 2624 2602
f 2602 2624 2603
f 2634 2625 2635
f 2635 2625 2590
f 2628 2630 2601
f 2601 2630 2589
f 2613 2195 2629
f 2629 2195 2194
f 2631 2635 2586
f 2586 2635 2590
f 2595 2594 2615
f 2615 2594 2610
f 2619 2625 2624
f 2624 2625 2623
f 2632 2604 2622
f 2622 2604 2603
f 2585 2584 2632
f 2632 2584 2604
f 2635 2636 2634
f 2634 2636 2637
f 2638 2636 2631
f 2631 2636 2635
f 2639 2638 2630
f 2630 2638 2631
f 2640 2639 2628
f 2628 2639 2630
f 2634 2637 2620
f 2620 2637 2641
f 2620 2641 2621
f 2621 2641 2642
f 2642 2643 2621
f 2621 2643 2633
f 2641 2637 2644
f 2644 2637 2645
f 2646 2647 2649
f 2649 2647 2648
f 2648 2650 2649
f 2649 2650 2651
f 2648 2652 2650
f 2650 2652 2653
f 2652 2654 2656
f 2656 2654 2655
f 2656 2657 2652
f 2652 2657 2653
f 2654 2652 2647
f 2647 2652 2648
f 2647 2646 2659
f 2659 2646 2658
f 2660 2651 2653
f 2653 2651 2650
f 2636 2638 2660
f 2660 2638 2651
f 2651 2638 2661
f 2661 2638 2639
f 2651 2661 2649
f 2649 2661 2662
f 2663 2646 2662
f 2662 2646 2649
f 2653 2657 2660
f 2660 2657 2645
f 2636 2660 2637
f 2637 2660 2645
f 2646 2663 2658
f 2658 2663 2664
f 2665 2666 2662
f 2662 2666 2663
f 2666 2667 2663
f 2663 2667 2664
f 2668 2669 2665
f 2665 2669 2666
f 2665 2670 2668
f 2668 2670 2671
f 2667 2666 2672
f 2672 2666 2669
f 2662 2661 2665
f 2665 2661 2670
f 2640 2670 2639
f 2639 2670 2661
f 2673 2674 2664
f 2664 2674 2658
f 2658 2674 2659
f 2659 2674 2675
f 2645 2657 2676
f 2676 2657 2656
f 2677 2676 2655
f 2655 2676 2656
f 2676 2678 2645
f 2645 2678 2644
f 2677 2679 2676
f 2676 2679 2678
f 2655 2680 2677
f 2677 2680 2681
f 2675 2674 2680
f 2680 2674 2681
f 2682 2640 2627
f 2627 2640 2628
f 2643 2683 2633
f 2633 2683 2626
f 2682 2627 2683
f 2683 2627 2626
f 2683 2684 2682
f 2682 2684 2671
f 2684 2685 2671
f 2671 2685 2668
f 2686 2684 2643
f 2643 2684 2683
f 2670 2640 2671
f 2671 2640 2682
f 2687 2686 2642
f 2642 2686 2643
f 2642 2641 2687
f 2687 2641 2644
f 2687 2644 2688
f 2688 2644 2678
f 2688 2689 2687
f 2687 2689 2686
f 2690 2691 2688
f 2688 2691 2689
f 2689 2685 2686
f 2686 2685 2684
f 2685 2689 2692
f 2692 2689 2691
f 2679 2690 2678
f 2678 2690 2688
f 2690 2679 2693
f 2693 2679 2694
f 2696 2697 2695
f 2695 2697 2693
f 2691 2690 2697
f 2697 2690 2693
f 2693 2694 2695
f 2695 2694 2673
f 2674 2673 2681
f 2681 2673 2694
f 2679 2677 2694
f 2694 2677 2681
f 2685 2692 2668
f 2668 2692 2669
f 2696 2672 2692
f 2692 2672 2669
f 2696 2692 2697
f 2697 2692 2691
f 2695 2667 2696
f 2696 2667 2672
f 2673 2664 2695
f 2695 2664 2667
f 2675 2654 2659
f 2659 2654 2647
f 2655 2654 2680
f 2680 2654 2675
f 2291 2156 2593
f 2593 2156 2594
f 2597 2602 2598
f 2598 2602 2605
f 2616 2617 2607
f 2607 2617 2608
f 2615 2610 2617
f 2617 2610 2608
f 2597 2596 2612
f 2612 2596 2698
f 2598 2605 2607
f 2607 2605 2616
f 2194 2291 2629
f 2629 2291 2593
f 2629 2618 2613
f 2613 2618 2614
f 2190 2610 2156
f 2156 2610 2594
f 2700 2010 2699
f 2699 2010 2086
f 2267 2701 2116
f 2116 2701 2702
f 2116 2702 2117
f 2117 2702 2703
f 2704 2705 2250
f 2250 2705 2254
f 2011 2706 2267
f 2267 2706 2701
f 2699 2086 2707
f 2707 2086 2289
f 2010 2700 2011
f 2011 2700 2706
f 2708 2707 2251
f 2251 2707 2289
f 2703 2704 2117
f 2117 2704 2250
f 2705 2708 2254
f 2254 2708 2251
f 2709 2710 2708
f 2708 2710 2707
f 2711 2709 2705
f 2705 2709 2708
f 2712 2711 2704
f 2704 2711 2705
f 2713 2712 2703
f 2703 2712 2704
f 2707 2710 2699
f 2699 2710 2714
f 2699 2714 2700
f 2700 2714 2715
f 2716 2706 2715
f 2715 2706 2700
f 2714 2710 2717
f 2717 2710 2718
f 2720 2721 2719
f 2719 2721 2722
f 2721 2723 2722
f 2722 2723 2724
f 2721 2725 2723
f 2723 2725 2726
f 2727 2728 2725
f 2725 2728 2726
f 2729 2725 2720
f 2720 2725 2721
f 2731 2729 2730
f 2730 2729 2720
f 2719 2732 2720
f 2720 2732 2730
f 2726 2733 2723
f 2723 2733 2724
f 2709 2711 2733
f 2733 2711 2724
f 2724 2711 2734
f 2734 2711 2712
f 2722 2724 2735
f 2735 2724 2734
f 2719 2722 2736
f 2736 2722 2735
f 2726 2728 2733
f 2733 2728 2718
f 2709 2733 2710
f 2710 2733 2718
f 2732 2719 2737
f 2737 2719 2736
f 2738 2739 2735
f 2735 2739 2736
f 2739 2740 2736
f 2736 2740 2737
f 2741 2742 2738
f 2738 2742 2739
f 2738 2743 2741
f 2741 2743 2744
f 2740 2739 2745
f 2745 2739 2742
f 2735 2734 2738
f 2738 2734 2743
f 2713 2743 2712
f 2712 2743 2734
f 2737 2746 2732
f 2732 2746 2747
f 2732 2747 2730
f 2730 2747 2731
f 2718 2728 2748
f 2748 2728 2727
f 2749 2750 2727
f 2727 2750 2748
f 2748 2751 2718
f 2718 2751 2717
f 2750 2752 2748
f 2748 2752 2751
f 2750 2749 2754
f 2754 2749 2753
f 2731 2747 2753
f 2753 2747 2754
f 2727 2725 2749
f 2749 2725 2729
f 2749 2729 2753
f 2753 2729 2731
f 2702 2755 2703
f 2703 2755 2713
f 2706 2716 2701
f 2701 2716 2756
f 2755 2702 2756
f 2756 2702 2701
f 2756 2757 2755
f 2755 2757 2744
f 2757 2758 2744
f 2744 2758 2741
f 2759 2757 2716
f 2716 2757 2756
f 2743 2713 2744
f 2744 2713 2755
f 2760 2759 2715
f 2715 2759 2716
f 2715 2714 2760
f 2760 2714 2717
f 2760 2717 2761
f 2761 2717 2751
f 2761 2762 2760
f 2760 2762 2759
f 2763 2764 2761
f 2761 2764 2762
f 2762 2758 2759
f 2759 2758 2757
f 2758 2762 2765
f 2765 2762 2764
f 2752 2763 2751
f 2751 2763 2761
f 2763 2752 2766
f 2766 2752 2767
f 2768 2769 2766
f 2766 2769 2770
f 2764 2763 2770
f 2770 2763 2766
f 2766 2767 2768
f 2768 2767 2746
f 2747 2746 2754
f 2754 2746 2767
f 2752 2750 2767
f 2767 2750 2754
f 2758 2765 2741
f 2741 2765 2742
f 2769 2745 2765
f 2765 2745 2742
f 2769 2765 2770
f 2770 2765 2764
f 2768 2740 2769
f 2769 2740 2745
f 2746 2737 2768
f 2768 2737 2740
f 2201 2212 2200
f 2200 2212 2214
f 2201 2202 2212
f 2212 2202 2185
f 2512 2581 2191
f 2191 2581 2192
f 2059 2290 2056
f 2056 2290 2272
f 2174 2199 2294
f 2294 2199 2278
f 2063 2175 2194
f 2194 2175 2291
f 2192 2581 2133
f 2133 2581 2490
f 2133 2132 2192
f 2192 2132 2189
f 2054 2276 2055
f 2055 2276 2138
f 2083 2279 2084
f 2084 2279 2771
f 2771 2279 2599
f 2599 2279 2596
f 2606 2772 2599
f 2599 2772 2771
f 2772 2773 2771
f 2771 2773 2084
f 2773 2774 2084
f 2084 2774 2085
f 2085 2775 2082
f 2082 2775 2144
f 2774 2078 2085
f 2085 2078 2775
f 2078 2774 2079
f 2079 2774 2776
f 2774 2773 2776
f 2776 2773 2777
f 2773 2772 2777
f 2777 2772 2778
f 2190 2189 2609
f 2609 2189 2778
f 2053 2052 2779
f 2779 2052 2181
f 2144 2775 2081
f 2081 2775 2078
f 2294 2153 2174
f 2174 2153 2175
f 2132 2276 2189
f 2189 2276 2778
f 2606 2609 2772
f 2772 2609 2778
f 2195 2613 2698
f 2698 2613 2612
f 2596 2279 2698
f 2698 2279 2195
f 2054 2777 2276
f 2276 2777 2778
f 2777 2054 2776
f 2776 2054 2053
f 2053 2779 2776
f 2776 2779 2079
f 2779 2181 2079
f 2079 2181 2080
f 2181 2239 2080
f 2080 2239 2240
f 2122 2256 2014
f 2042 1982 2076
f 2076 1982 2007
f 1982 1985 2007
f 2007 1985 2008
f 2095 2097 2265
f 2265 2097 2266
f 2076 2050 2042
f 2042 2050 2047
f 2046 2043 2047
f 2047 2043 2042
f 2118 1993 2046
f 2046 1993 2043
f 1995 1994 2118
f 2118 1994 1993
f 2267 1992 2011
f 2011 1992 2012
f 1997 2012 1994
f 1994 2012 1992
f 2226 2013 1997
f 1997 2013 2012
f 2225 2087 2226
f 2226 2087 2013
f 2225 2232 2087
f 2087 2232 2288
f 2232 2070 2288
f 2288 2070 2252
f 2070 2025 2252
f 2252 2025 2253
f 1988 2249 2025
f 2025 2249 2253
f 2116 2115 2267
f 2267 2115 2268
f 2096 1984 2237
f 2237 1984 1991
f 2095 1985 2096
f 2096 1985 1984
f 2265 2008 2095
f 2095 2008 1985
f 2092 2009 2265
f 2265 2009 2008
f 2091 2286 2092
f 2092 2286 2009
f 2255 2238 2091
f 2091 2238 2286
f 2256 2239 2255
f 2255 2239 2238
f 2122 2240 2256
f 2256 2240 2239
f 2121 2241 2122
f 2122 2241 2240
f 2022 2018 2097
f 2097 2018 2266
f 2022 2024 2018
f 2018 2024 2019
f 2024 2072 2019
f 2019 2072 2073
f 2072 2228 2073
f 2073 2228 2230
f 2228 2184 2230
f 2230 2184 2183
f 2121 2285 2241
f 2241 2285 2258
f 2285 2036 2258
f 2258 2036 2257
f 2177 2145 2193
f 2193 2145 2257
f 2173 2193 2196
f 2196 2193 2037
f 2036 2037 2257
f 2257 2037 2193
f 2196 2037 2066
f 2066 2037 2035
f 2061 2108 2034
f 2034 2108 2067
f 2108 2208 2067
f 2067 2208 2204
f 2208 2210 2204
f 2204 2210 2203
f 2210 2280 2203
f 2203 2280 2186
f 2183 2186 2235
f 2235 2186 2280
f 1987 2114 1988
f 1988 2114 2249
f 2237 2115 1987
f 1987 2115 2114
f 1991 2268 2237
f 2237 2268 2115
f 1991 1990 2268
f 2268 1990 1992
f 107 110 2781
f 2781 110 2780
f 117 2782 118
f 118 2782 2783
f 119 2784 120
f 120 2784 2785
f 125 2786 126
f 126 2786 2787
f 127 2788 128
f 128 2788 2789
f 127 132 2788
f 2788 132 2790
f 231 230 2792
f 2792 230 2791
f 118 2783 119
f 119 2783 2784
f 241 243 2794
f 2794 243 2793
f 2781 2795 107
f 107 2795 352
f 120 2785 437
f 437 2785 2796
f 126 2787 110
f 110 2787 2780
f 455 2797 456
f 456 2797 2798
f 128 2789 457
f 457 2789 2799
f 456 2798 117
f 117 2798 2782
f 2794 2797 241
f 241 2797 455
f 457 2799 125
f 125 2799 2786
f 132 231 2790
f 2790 231 2792
f 230 437 2791
f 2791 437 2796
f 2792 2789 2790
f 2790 2789 2788
f 2785 2784 2801
f 2801 2784 2800
f 2786 2802 2787
f 2787 2802 2803
f 2792 2791 2805
f 2805 2791 2804
f 2784 2783 2800
f 2800 2783 2806
f 2785 2801 2796
f 2796 2801 2807
f 2787 2803 2780
f 2780 2803 2808
f 2789 2809 2799
f 2799 2809 2810
f 2799 2810 2786
f 2786 2810 2802
f 2791 2796 2804
f 2804 2796 2807
f 2789 2792 2809
f 2809 2792 2805
f 2812 2797 2811
f 2811 2797 2794
f 2809 2805 2810
f 2810 2805 2804
f 2810 2804 2802
f 2802 2804 2807
f 2802 2807 2803
f 2803 2807 2801
f 2808 2803 2800
f 2800 2803 2801
f 2814 699 2813
f 2813 699 698
f 2808 2815 2780
f 2780 2815 2781
f 2817 2782 2816
f 2816 2782 2798
f 2815 2818 2781
f 2781 2818 2795
f 2797 2812 2798
f 2798 2812 2816
f 2783 2782 2806
f 2806 2782 2817
f 2800 2806 2808
f 2808 2806 2815
f 2794 2793 2811
f 2811 2793 2819
f 174 201 384
f 384 201 362
f 200 1766 390
f 390 1766 1777
f 1777 1778 390
f 390 1778 398
f 1778 361 398
f 398 361 222
f 2820 2821 628
f 628 2821 629
f 1406 2820 790
f 790 2820 628
f 794 1415 1233
f 1233 1415 1234
f 1406 790 1407
f 1407 790 1312
f 1407 1312 2822
f 2822 1312 1316
f 2823 1380 1543
f 1543 1380 1379
f 1385 1738 1382
f 1382 1738 1383
f 1381 791 1382
f 1382 791 1386
f 791 794 1386
f 1386 794 1233
f 1259 1390 1260
f 1260 1390 1389
f 1905 1542 1394
f 1394 1542 1395
f 1410 1413 1397
f 1397 1413 1398
f 2821 1410 629
f 629 1410 1397
f 2823 2822 1380
f 1380 2822 1316
f 1392 1395 1378
f 1378 1395 1379
f 1738 1399 1383
f 1383 1399 1398
f 1388 1235 1389
f 1389 1235 1234
f 1393 1391 1394
f 1394 1391 1390
f 1381 1384 779
f 779 1384 780
f 1282 788 792
f 792 788 793
f 1431 1262 1432
f 1432 1262 1261
f 1400 1342 1408
f 1408 1342 1409
f 1508 1544 1411
f 1411 1544 1412
f 788 787 793
f 793 787 1414
f 2821 2820 1429
f 1429 2820 1430
f 2822 2823 1506
f 1506 2823 1507
f 778 1282 779
f 779 1282 792
f 2820 1406 1430
f 1430 1406 1409
f 1410 2821 1411
f 1411 2821 1429
f 1407 2822 1408
f 1408 2822 1506
f 1544 781 1412
f 1412 781 780
f 1260 1415 1261
f 1261 1415 1414
f 1334 2824 923
f 923 2824 924
f 2826 1268 2825
f 2825 1268 1267
f 769 1212 2827
f 2827 1212 2828
f 1492 1190 1266
f 1266 1190 1267
f 1488 2829 1489
f 1489 2829 2830
f 922 1329 923
f 923 1329 1328
f 1484 2831 1485
f 1485 2831 2832
f 1482 2833 1485
f 1485 2833 1486
f 1324 1493 1489
f 1489 1493 1490
f 1265 1491 1266
f 1266 1491 1490
f 2835 2836 2834
f 2834 2836 2837
f 1250 2838 2827
f 2827 2838 2839
f 1488 1491 2840
f 2840 1491 2841
f 1268 2826 2842
f 2842 2826 2843
f 2844 2845 1495
f 1495 2845 1496
f 1427 2847 2846
f 2846 2847 926
f 2829 1488 2848
f 2848 1488 2840
f 1329 922 2849
f 2849 922 927
f 2850 2851 768
f 768 2851 1213
f 1265 1268 2852
f 2852 1268 2842
f 1491 1265 2841
f 2841 1265 2852
f 2854 2855 2853
f 2853 2855 2856
f 2855 2857 2856
f 2856 2857 598
f 2857 2858 598
f 598 2858 595
f 2858 2859 595
f 595 2859 626
f 649 652 2860
f 2860 652 2861
f 639 642 2862
f 2862 642 2863
f 2864 705 2862
f 2862 705 639
f 2865 1418 2864
f 2864 1418 705
f 2866 2867 2865
f 2865 2867 1418
f 1760 1348 1761
f 1761 1348 2867
f 1764 2868 1197
f 1197 2868 1198
f 2869 611 2868
f 2868 611 1198
f 2870 612 2869
f 2869 612 611
f 1352 1350 944
f 944 1350 688
f 1350 1256 688
f 688 1256 685
f 1256 1255 685
f 685 1255 692
f 1255 2871 692
f 692 2871 2872
f 701 2873 698
f 698 2873 2813
f 2872 1349 692
f 692 1349 693
f 1696 1744 1574
f 1574 1744 1575
f 1753 1618 1577
f 1577 1618 1578
f 1729 1594 1608
f 1608 1594 1609
f 1725 1630 1611
f 1611 1630 1612
f 1604 1607 1625
f 1625 1607 1626
f 1624 1703 1625
f 1625 1703 1912
f 1703 1702 1912
f 1912 1702 1913
f 1702 1753 1913
f 1913 1753 1577
f 1598 1569 1915
f 1915 1569 1578
f 1616 1615 1915
f 1915 1615 1916
f 1615 1696 1916
f 1916 1696 1574
f 1744 1745 1575
f 1575 1745 1917
f 1745 1565 1917
f 1917 1565 1609
f 1568 1725 1608
f 1608 1725 1611
f 2874 1613 1918
f 1918 1613 1612
f 1607 2874 1626
f 1626 2874 1918
f 1610 1613 1562
f 1562 1613 1563
f 1547 1550 1570
f 1570 1550 1571
f 1573 1576 1580
f 1580 1576 1581
f 1553 1556 1595
f 1595 1556 1596
f 1556 1582 1596
f 1596 1582 1581
f 1551 1547 1599
f 1599 1547 1570
f 1731 1914 1601
f 1601 1914 1602
f 1686 1689 1605
f 1605 1689 1606
f 1598 1743 1599
f 1599 1743 1692
f 2874 1607 1723
f 1723 1607 1606
f 1727 1553 1730
f 1730 1553 1595
f 1600 1686 1601
f 1601 1686 1605
f 1914 1572 1602
f 1602 1572 1571
f 1579 1693 1580
f 1580 1693 1692
f 1613 2874 1563
f 1563 2874 1723
f 1561 1727 1562
f 1562 1727 1730
f 1949 1742 1548
f 1548 1742 1549
f 1694 1949 1552
f 1552 1949 1548
f 1954 1589 1554
f 1554 1589 1555
f 1693 1579 1558
f 1558 1579 1559
f 1561 1564 1584
f 1584 1564 1585
f 1582 1556 1588
f 1588 1556 1555
f 1600 1603 1591
f 1591 1603 1592
f 1981 1977 1687
f 1687 1977 1688
f 1564 1722 1585
f 1585 1722 1690
f 1551 1693 1552
f 1552 1693 1558
f 1751 1954 1728
f 1728 1954 1554
f 1590 1981 1591
f 1591 1981 1687
f 1603 1550 1592
f 1592 1550 1549
f 1977 1691 1688
f 1688 1691 1690
f 1587 1560 1588
f 1588 1560 1559
f 1727 1561 1728
f 1728 1561 1584
f 2875 1919 1947
f 1947 1919 1948
f 1557 1560 1952
f 1952 1560 1953
f 1933 1932 1955
f 1955 1932 1956
f 1587 1589 1958
f 1958 1589 1956
f 1959 1933 1965
f 1965 1933 1955
f 1961 1964 1966
f 1966 1964 1967
f 1981 1590 1969
f 1969 1590 1967
f 1742 1949 1972
f 1972 1949 1948
f 1593 1742 1966
f 1966 1742 1972
f 1957 1950 1958
f 1958 1950 1953
f 1583 1586 1974
f 1974 1586 1975
f 1940 1943 1978
f 1978 1943 1979
f 1943 1976 1979
f 1979 1976 1975
f 1951 2875 1952
f 1952 2875 1947
f 1968 1940 1969
f 1969 1940 1978
f 1973 1959 1974
f 1974 1959 1965
f 1923 1971 1920
f 1920 1971 1921
f 1919 2875 1920
f 1920 2875 1924
f 2875 1951 1924
f 1924 1951 1926
f 1950 1957 1929
f 1929 1957 1930
f 2244 2243 1934
f 1934 2243 1935
f 1973 1976 1937
f 1937 1976 1938
f 1944 1980 1941
f 1941 1980 1942
f 1940 1968 1941
f 1941 1968 1945
f 2287 2244 1960
f 1960 2244 1934
f 1970 2245 1962
f 1962 2245 1963
f 2243 1931 1935
f 1935 1931 1930
f 1927 1926 1928
f 1928 1926 1929
f 1961 1922 1962
f 1962 1922 1921
f 2245 1946 1963
f 1963 1946 1945
f 1976 1943 1938
f 1938 1943 1942
f 1936 2287 1937
f 1937 2287 1960
f 743 1238 608
f 608 1238 609
f 607 1811 608
f 608 1811 744
f 1304 2876 1305
f 1305 2876 2877
f 586 585 1298
f 1298 585 1299
f 585 702 1299
f 1299 702 1300
f 702 1428 1300
f 1300 1428 1301
f 1238 586 609
f 609 586 1298
f 2878 2879 1218
f 1218 2879 2877
f 2880 2881 1812
f 1812 2881 1819
f 2883 1821 2882
f 2882 1821 1820
f 2840 2841 620
f 620 2841 621
f 2842 2843 795
f 795 2843 796
f 892 895 2844
f 2844 895 2845
f 2848 2840 942
f 942 2840 620
f 2849 927 1202
f 1202 927 1203
f 2852 2842 1270
f 1270 2842 795
f 2841 2852 621
f 621 2852 1270
f 941 1759 942
f 942 1759 2884
f 659 929 1427
f 1427 929 2847
f 1237 2851 751
f 751 2851 2850
f 1216 2885 1217
f 1217 2885 1754
f 2887 734 2886
f 2886 734 733
f 2889 1816 2888
f 2888 1816 1815
f 2890 1245 2889
f 2889 1245 1816
f 1824 2891 1825
f 1825 2891 1246
f 2892 2893 2895
f 2895 2893 2894
f 1854 1833 1851
f 1851 1833 1832
f 1851 1832 1884
f 1884 1832 1876
f 1884 1876 1441
f 1441 1876 1443
f 1441 1443 1442
f 1442 1443 1446
f 1442 1446 2896
f 2896 1446 1507
f 2897 2823 2898
f 2898 2823 1543
f 1542 2899 1543
f 1543 2899 2898
f 1542 1905 2899
f 2899 1905 2900
f 1905 1259 2900
f 2900 1259 2901
f 1262 1431 2902
f 2902 1431 1904
f 1431 1434 1904
f 1904 1434 1902
f 1902 1434 2903
f 2903 1434 719
f 2903 719 2904
f 2904 719 718
f 1869 1881 718
f 718 1881 2904
f 1881 1869 1880
f 1880 1869 756
f 1880 756 2905
f 2905 756 755
f 2905 755 2906
f 2906 755 758
f 762 2907 763
f 763 2907 2908
f 724 723 2909
f 2909 723 894
f 796 895 723
f 723 895 894
f 2843 2845 796
f 796 2845 895
f 2826 1496 2843
f 2843 1496 2845
f 2825 1497 2826
f 2826 1497 1496
f 1189 2836 2825
f 2825 2836 1497
f 797 891 798
f 798 891 2837
f 802 888 797
f 797 888 891
f 2910 2911 2913
f 2913 2911 2912
f 1780 1783 2915
f 2915 1783 2914
f 2916 2917 831
f 831 2917 832
f 2918 2919 845
f 845 2919 846
f 2920 2916 847
f 847 2916 831
f 2921 2922 857
f 857 2922 858
f 2923 2924 860
f 860 2924 861
f 2919 2912 846
f 846 2912 887
f 2925 2920 940
f 940 2920 847
f 2924 2926 861
f 861 2926 1204
f 2917 2918 832
f 832 2918 845
f 2927 2928 1449
f 1449 2928 1450
f 2929 2930 889
f 889 2930 2931
f 2896 1507 2897
f 2897 1507 2823
f 2902 2901 1262
f 1262 2901 1259
f 2932 2933 750
f 750 2933 1236
f 2933 2934 1236
f 1236 2934 1835
f 2936 2937 2935
f 2935 2937 2938
f 2940 2941 2939
f 2939 2941 2942
f 2943 2944 1841
f 1841 2944 1842
f 2945 1860 2944
f 2944 1860 1842
f 2945 2946 1860
f 1860 2946 1859
f 1889 2947 1890
f 1890 2947 1856
f 1856 2947 1857
f 1857 2947 2948
f 2950 709 2949
f 2949 709 1829
f 2952 730 2951
f 2951 730 729
f 2866 2953 2867
f 2867 2953 1761
f 2953 2954 1761
f 1761 2954 1420
f 2954 2955 1420
f 1420 2955 742
f 2955 2956 742
f 742 2956 739
f 2956 2957 739
f 739 2957 760
f 2957 2958 760
f 760 2958 761
f 2958 2959 761
f 761 2959 2960
f 2959 2961 2960
f 2960 2961 2962
f 2963 2964 1839
f 1839 2964 1840
f 2964 2965 1840
f 1840 2965 2942
f 2966 2950 2939
f 2939 2950 2949
f 2935 2967 2936
f 2936 2967 2968
f 2969 2970 736
f 736 2970 735
f 734 2887 1815
f 1815 2887 2888
f 2887 2882 2888
f 2888 2882 2881
f 1819 1820 1817
f 1817 1820 748
f 1195 1757 1197
f 1197 1757 1424
f 1757 647 1424
f 1424 647 646
f 647 648 646
f 646 648 643
f 648 1271 643
f 643 1271 737
f 1271 725 737
f 737 725 765
f 725 724 765
f 765 724 762
f 762 724 2907
f 2907 724 2909
f 1254 1437 2909
f 2909 1437 2907
f 1438 1253 1836
f 1836 1253 1835
f 1836 1835 2938
f 2938 1835 2934
f 2971 2972 2935
f 2935 2972 2967
f 897 896 2969
f 2969 896 2970
f 1815 1814 734
f 734 1814 731
f 728 1215 896
f 896 1215 732
f 2885 1216 733
f 733 1216 2886
f 1216 1219 2886
f 2886 1219 2883
f 2876 1304 1821
f 1821 1304 749
f 1304 1303 749
f 749 1303 746
f 1818 2973 1817
f 1817 2973 1810
f 747 2974 1818
f 1818 2974 2973
f 747 746 2974
f 2974 746 1303
f 2976 2977 2975
f 2975 2977 2978
f 2976 2979 2901
f 2901 2979 2900
f 2980 2981 2982
f 2982 2981 2979
f 2981 2980 2983
f 2983 2980 2984
f 2985 2897 2983
f 2983 2897 2898
f 2987 2988 2986
f 2986 2988 2985
f 2896 2988 1442
f 1442 2988 1439
f 1903 2977 1904
f 1904 2977 2902
f 1856 1855 1890
f 1890 1855 2989
f 2989 2990 1890
f 1890 2990 1359
f 2990 2991 1359
f 1359 2991 1356
f 2946 2992 1859
f 1859 2992 1893
f 2992 2993 1893
f 1893 2993 775
f 2993 2994 775
f 775 2994 776
f 2986 1356 2987
f 2987 1356 2991
f 2975 2978 776
f 776 2978 777
f 2982 2994 2980
f 2980 2994 2995
f 1357 2984 2995
f 2995 2984 2980
f 2995 2996 1357
f 1357 2996 1358
f 2996 2997 1358
f 1358 2997 1889
f 2998 2999 2932
f 2932 2999 2933
f 2999 2971 2933
f 2933 2971 2934
f 1837 1836 2937
f 2937 1836 2938
f 2943 1841 2941
f 2941 1841 1838
f 3001 2944 3000
f 3000 2944 2943
f 3001 3002 2944
f 2944 3002 2945
f 3002 3003 2945
f 2945 3003 2946
f 2997 3003 1889
f 1889 3003 2947
f 2947 3003 2948
f 2948 3003 3002
f 3001 3004 3002
f 3002 3004 2948
f 3000 3005 3001
f 3001 3005 3004
f 2940 3006 3000
f 3000 3006 3005
f 2999 3007 2971
f 2971 3007 2972
f 2998 2951 2999
f 2999 2951 3007
f 3008 2952 2998
f 2998 2952 2951
f 2966 2965 2936
f 2936 2965 2937
f 2935 2938 2971
f 2971 2938 2934
f 3003 2997 2946
f 2946 2997 2992
f 2997 2996 2992
f 2992 2996 2993
f 2996 2995 2993
f 2993 2995 2994
f 1356 2986 1357
f 1357 2986 2984
f 2982 2975 2994
f 2994 2975 776
f 1844 1843 1899
f 1899 1843 3009
f 1843 638 3009
f 3009 638 3010
f 638 637 3010
f 3010 637 3011
f 637 1830 3011
f 3011 1830 3012
f 1830 1833 3012
f 3012 1833 2894
f 1833 1854 2894
f 2894 1854 2895
f 1854 1853 2895
f 2895 1853 1888
f 1858 1857 1885
f 1885 1857 1892
f 1899 3009 1898
f 1898 3009 1874
f 3009 3010 1874
f 1874 3010 1865
f 3010 3011 1865
f 1865 3011 1862
f 3011 3012 1862
f 1862 3012 1882
f 3012 2894 1882
f 1882 2894 2893
f 1850 2890 782
f 782 2890 2889
f 783 2880 1811
f 1811 2880 1812
f 744 1810 745
f 745 1810 2973
f 745 2973 805
f 805 2973 806
f 2973 2974 806
f 806 2974 815
f 1303 812 2974
f 2974 812 815
f 1303 1302 812
f 812 1302 1221
f 1307 3013 1302
f 1302 3013 1221
f 1734 3014 1633
f 1633 3014 1634
f 1646 1649 1636
f 1636 1649 1637
f 1654 1657 1641
f 1641 1657 1642
f 1639 1736 1636
f 1636 1736 1684
f 1716 1713 1698
f 1698 1713 1699
f 1718 1721 1705
f 1705 1721 1706
f 1653 1654 1709
f 1709 1654 1641
f 1620 1623 1714
f 1714 1623 1699
f 1712 1682 1714
f 1714 1682 1740
f 1668 1671 1746
f 1746 1671 1747
f 1752 1650 1749
f 1749 1650 1750
f 1750 1650 1709
f 1709 1650 1653
f 1632 1668 1633
f 1633 1668 1746
f 1649 1752 1637
f 1637 1752 1749
f 1682 1643 1740
f 1740 1643 1642
f 3014 1685 1634
f 1634 1685 1684
f 1704 1748 1705
f 1705 1748 1747
f 1697 1707 1698
f 1698 1707 1706
f 1739 1701 1621
f 1621 1701 1622
f 1567 1566 1647
f 1647 1566 1648
f 1664 1695 1651
f 1651 1695 1652
f 1614 1617 1655
f 1655 1617 1656
f 1704 1707 1659
f 1659 1707 1660
f 3014 1734 1662
f 1662 1734 1663
f 1650 1752 1651
f 1651 1752 1665
f 1741 1657 1667
f 1667 1657 1656
f 1695 1614 1652
f 1652 1614 1655
f 1724 1567 1726
f 1726 1567 1647
f 1645 1628 1733
f 1733 1628 1663
f 1685 3014 1726
f 1726 3014 1662
f 1620 1741 1621
f 1621 1741 1667
f 1566 1666 1648
f 1648 1666 1665
f 1658 1737 1659
f 1659 1737 1901
f 1911 1661 1910
f 1910 1661 1660
f 1701 1911 1622
f 1622 1911 1910
f 1732 1748 1733
f 1733 1748 1901
f 1857 2948 1892
f 1892 2948 3004
f 1892 3004 1891
f 1891 3004 3005
f 1828 3006 1829
f 1829 3006 2949
f 2967 736 2968
f 2968 736 710
f 2972 2969 2967
f 2967 2969 736
f 2969 2972 897
f 897 2972 3007
f 897 3007 729
f 729 3007 2951
f 3016 753 3015
f 3015 753 752
f 3018 767 3017
f 3017 767 766
f 3019 3020 1249
f 1249 3020 3021
f 2915 2914 3019
f 3019 2914 3020
f 3023 2914 3022
f 3022 2914 1783
f 2827 2839 769
f 769 2839 766
f 3025 2838 3024
f 3024 2838 3021
f 768 767 2850
f 2850 767 3026
f 2850 3026 751
f 751 3026 752
f 750 753 2932
f 2932 753 3027
f 3008 2998 3027
f 3027 2998 2932
f 3028 3029 3008
f 3008 3029 2952
f 3029 3030 2952
f 2952 3030 730
f 3032 3033 3031
f 3031 3033 3034
f 3036 3037 3035
f 3035 3037 3038
f 2870 3039 612
f 612 3039 3040
f 3041 3042 3031
f 3031 3042 3038
f 3034 1352 3043
f 3043 1352 944
f 612 3040 613
f 613 3040 3044
f 613 3044 1425
f 1425 3044 1422
f 3045 3042 669
f 669 3042 670
f 3041 3043 599
f 599 3043 600
f 772 771 1544
f 1544 771 781
f 1503 771 1866
f 1866 771 770
f 771 1503 781
f 781 1503 778
f 61 281 416
f 416 281 1907
f 283 103 3046
f 3046 103 3047
f 76 79 3048
f 3048 79 3049
f 280 76 1906
f 1906 76 3048
f 3051 335 3050
f 3050 335 334
f 3053 417 3052
f 3052 417 416
f 3055 435 3054
f 3054 435 434
f 428 435 419
f 419 435 1908
f 420 1909 293
f 293 1909 443
f 79 294 3049
f 3049 294 444
f 3057 444 3056
f 3056 444 443
f 3051 3058 335
f 335 3058 452
f 216 215 1332
f 1332 215 452
f 308 283 462
f 462 283 3046
f 3050 334 3059
f 3059 334 462
f 103 62 3047
f 3047 62 417
f 313 312 434
f 434 312 463
f 3061 574 3060
f 3060 574 573
f 1310 3062 1428
f 1428 3062 3063
f 1258 3064 1255
f 1255 3064 2871
f 932 3065 2853
f 2853 3065 3066
f 699 2814 931
f 931 2814 3067
f 3068 1301 3063
f 3063 1301 1428
f 571 574 1310
f 1310 574 3062
f 3060 573 3069
f 3069 573 1332
f 3070 3071 1906
f 1906 3071 1907
f 3072 3073 1908
f 1908 3073 1909
f 3075 2814 3074
f 3074 2814 2813
f 2854 3076 1258
f 1258 3076 3064
f 2871 3077 2872
f 2872 3077 3078
f 3074 2813 3079
f 3079 2813 2873
f 2872 3078 1349
f 1349 3078 3080
f 2873 701 3068
f 3068 701 1301
f 1330 1201 3080
f 3080 1201 1349
f 1264 1263 3081
f 3081 1263 3082
f 3083 3084 3082
f 3082 3084 3081
f 811 1448 3086
f 3086 1448 3085
f 808 811 3087
f 3087 811 3086
f 3088 3083 833
f 833 3083 3082
f 884 3089 885
f 885 3089 3090
f 3087 1790 808
f 808 1790 816
f 1790 3087 1787
f 1787 3087 3091
f 3092 3091 3086
f 3086 3091 3087
f 3093 3094 3084
f 3084 3094 3095
f 3089 3096 3090
f 3090 3096 3088
f 3097 3093 3083
f 3083 3093 3084
f 3099 3100 3098
f 3098 3100 1786
f 3101 1788 2913
f 2913 1788 3102
f 838 837 885
f 885 837 886
f 886 837 3103
f 3103 837 1541
f 3094 3093 3104
f 3104 3093 3097
f 3105 3106 3089
f 3089 3106 3096
f 3108 3109 3107
f 3107 3109 3110
f 3111 3112 3091
f 3091 3112 1787
f 3114 3108 3113
f 3113 3108 3107
f 3114 3115 3112
f 3112 3115 3102
f 3091 3092 3111
f 3111 3092 3116
f 839 838 835
f 835 838 836
f 885 3090 838
f 838 3090 836
f 3110 3117 1247
f 1247 3117 3118
f 1247 3118 1248
f 1248 3118 3119
f 3120 3121 3119
f 3119 3121 1248
f 1247 844 3110
f 3110 844 3107
f 844 843 3107
f 3107 843 3113
f 843 3099 3113
f 3113 3099 3122
f 1781 3123 3098
f 3098 3123 3124
f 2915 2931 1780
f 1780 2931 2930
f 3019 3125 2915
f 2915 3125 2931
f 890 3125 2834
f 2834 3125 1252
f 3125 3019 1252
f 1252 3019 1249
f 907 908 946
f 946 908 947
f 1185 1188 1369
f 1369 1188 948
f 954 957 951
f 951 957 952
f 910 965 953
f 953 965 950
f 905 958 960
f 960 958 961
f 3126 978 949
f 949 978 962
f 936 935 967
f 967 935 968
f 994 993 969
f 969 993 966
f 902 904 971
f 971 904 972
f 983 985 973
f 973 985 970
f 906 905 974
f 974 905 960
f 977 981 959
f 959 981 975
f 911 910 1143
f 1143 910 953
f 952 957 1142
f 1142 957 1145
f 911 1143 1366
f 1366 1143 1368
f 1185 1369 1145
f 1145 1369 1142
f 993 1519 966
f 966 1519 1456
f 965 1454 950
f 950 1454 1457
f 900 899 1459
f 1459 899 1460
f 988 991 1461
f 1461 991 1458
f 899 963 1460
f 1460 963 1462
f 985 987 970
f 970 987 1463
f 904 906 972
f 972 906 974
f 981 983 975
f 975 983 973
f 935 900 968
f 968 900 1459
f 991 994 1458
f 1458 994 969
f 1154 1526 1088
f 1088 1526 1089
f 1109 1112 1092
f 1092 1112 1093
f 1083 1098 1084
f 1084 1098 1097
f 1078 1471 1100
f 1100 1471 1101
f 1075 1078 1104
f 1104 1078 1100
f 1152 1154 1156
f 1156 1154 1088
f 1156 1155 1372
f 1372 1155 1373
f 1372 1373 1104
f 1104 1373 1075
f 1467 1109 1465
f 1465 1109 1092
f 1465 1182 1468
f 1468 1182 1184
f 1474 1470 1096
f 1096 1470 1097
f 1102 1101 1083
f 1083 1101 1098
f 1112 1531 1093
f 1093 1531 1529
f 1102 1073 1099
f 1099 1073 1072
f 1526 1154 1079
f 1079 1154 1080
f 1081 1091 1082
f 1082 1091 1094
f 1069 1068 1085
f 1085 1068 1086
f 1153 1151 1080
f 1080 1151 1058
f 1371 1177 1179
f 1179 1177 1176
f 1099 1072 1103
f 1103 1072 1176
f 1068 1071 1086
f 1086 1071 1073
f 1085 1084 1180
f 1180 1084 1469
f 1066 1065 1183
f 1183 1065 1181
f 1153 1152 1177
f 1177 1152 1178
f 1091 1081 1182
f 1182 1081 1183
f 1057 1525 1079
f 1079 1525 1527
f 1120 1117 1076
f 1076 1117 1077
f 1087 1090 1107
f 1107 1090 1108
f 1127 1126 1110
f 1110 1126 1111
f 1095 1116 1096
f 1096 1116 1115
f 1471 1078 1119
f 1119 1078 1077
f 1087 1107 1155
f 1155 1107 1158
f 1376 1374 1157
f 1157 1374 1158
f 1076 1075 1374
f 1374 1075 1373
f 1109 1467 1110
f 1110 1467 1472
f 1467 1466 1472
f 1472 1466 1473
f 1135 1475 1114
f 1114 1475 1115
f 1471 1119 1095
f 1095 1119 1116
f 1126 1532 1111
f 1111 1532 1530
f 914 1276 1480
f 1480 1276 1517
f 3127 3128 1223
f 1223 3128 1224
f 824 933 1455
f 1455 933 3129
f 3131 1448 3130
f 3130 1448 1447
f 3132 3133 1452
f 1452 3133 1453
f 3130 1447 1322
f 1322 1447 1455
f 933 1514 3129
f 3129 1514 3134
f 1161 3135 1480
f 1480 3135 1481
f 3128 3136 1224
f 1224 3136 1499
f 3133 1162 1453
f 1453 1162 1517
f 1515 3127 1535
f 1535 3127 1223
f 3095 3085 3131
f 3131 3085 1448
f 3137 3092 3085
f 3085 3092 3086
f 3138 3116 3137
f 3137 3116 3092
f 3110 3109 3117
f 3117 3109 3139
f 3105 3140 3117
f 3117 3140 3118
f 3140 3141 3118
f 3118 3141 3119
f 3142 3120 3141
f 3141 3120 3119
f 1498 3143 1277
f 1277 3143 882
f 3144 3145 1340
f 1340 3145 1339
f 1340 3146 3144
f 3144 3146 3147
f 3145 3144 3143
f 3143 3144 3148
f 871 901 872
f 872 901 1362
f 3149 3148 3147
f 3147 3148 3144
f 1208 3150 1209
f 3098 1786 1781
f 1781 1786 1782
f 2930 2929 3123
f 3123 2929 2911
f 1794 1791 2916
f 2916 1791 2917
f 1793 3101 2918
f 2918 3101 2919
f 1796 1794 2920
f 2920 1794 2916
f 3151 3152 2921
f 2921 3152 2922
f 3153 3154 2923
f 2923 3154 2924
f 2919 3101 2912
f 2912 3101 2913
f 3155 1796 2925
f 2925 1796 2920
f 3154 3156 2924
f 2924 3156 2926
f 1791 1793 2917
f 2917 1793 2918
f 3157 3158 2927
f 2927 3158 2928
f 1780 2930 1781
f 1781 2930 3123
f 2825 1267 1189
f 1189 1267 1190
f 2827 2828 1250
f 1250 2828 1251
f 1489 2830 1324
f 1324 2830 1325
f 923 1328 1334
f 1334 1328 1335
f 1485 2832 1482
f 1482 2832 1483
f 1266 1490 1492
f 1492 1490 1493
f 1333 1346 1334
f 1334 1346 2824
f 722 799 1492
f 1492 799 1190
f 664 657 1482
f 1482 657 2833
f 631 634 1324
f 1324 634 1493
f 2828 1494 1251
f 1251 1494 2835
f 1249 3021 1250
f 1250 3021 2838
f 798 2837 1189
f 1189 2837 2836
f 3100 842 3160
f 3160 842 3159
f 1788 3101 1789
f 1789 3101 1793
f 1792 816 1789
f 1789 816 1790
f 817 816 1795
f 1795 816 1792
f 938 817 1797
f 1797 817 1795
f 1796 3155 1797
f 1797 3155 1798
f 3155 3158 1798
f 1798 3158 1799
f 3157 3152 1801
f 1801 3152 1802
f 3151 3156 1803
f 1803 3156 1804
f 3154 3153 1805
f 1805 3153 1806
f 3153 3161 1806
f 1806 3161 1807
f 3099 843 3100
f 3100 843 842
f 1788 1787 3102
f 3102 1787 3112
f 2910 3115 3124
f 3124 3115 3122
f 3099 3098 3122
f 3122 3098 3124
f 416 1907 3052
f 3052 1907 3071
f 3046 3047 3163
f 3163 3047 3162
f 249 445 259
f 259 445 3164
f 425 3165 424
f 424 3165 461
f 408 410 329
f 329 410 330
f 39 331 40
f 40 331 332
f 305 304 423
f 423 304 464
f 385 254 458
f 458 254 392
f 250 415 251
f 251 415 412
f 233 337 234
f 234 337 3166
f 435 3055 1908
f 1908 3055 3072
f 443 1909 3056
f 3056 1909 3073
f 3167 3049 3057
f 3057 3049 444
f 452 3058 1332
f 1332 3058 3069
f 234 3166 346
f 346 3166 411
f 3046 3163 462
f 462 3163 3059
f 259 3164 260
f 260 3164 336
f 3047 417 3162
f 3162 417 3053
f 463 3168 434
f 434 3168 3054
f 454 830 425
f 425 830 3165
f 3062 3169 3063
f 3063 3169 3170
f 1355 1354 1534
f 1534 1354 3171
f 3063 3170 3068
f 3068 3170 3172
f 574 3061 3062
f 3062 3061 3169
f 1534 3171 1535
f 1535 3171 3173
f 3079 2873 3172
f 3172 2873 3068
f 2838 3025 2839
f 2839 3025 3174
f 3176 3177 3175
f 3175 3177 3178
f 3180 1125 3179
f 3179 1125 1128
f 3182 3183 3181
f 3181 3183 3184
f 1134 3185 1130
f 1130 3185 3182
f 3186 3187 3189
f 3189 3187 3188
f 3191 3189 3190
f 3190 3189 3188
f 1137 1122 3190
f 3190 1122 3192
f 3175 3178 3193
f 3193 3178 3194
f 3181 3184 3179
f 3179 3184 3195
f 3197 3198 3196
f 3196 3198 3180
f 3200 3178 3199
f 3199 3178 3177
f 3202 3196 3201
f 3201 3196 3195
f 3204 3184 3203
f 3203 3184 3183
f 3206 3207 3205
f 3205 3207 3186
f 3205 3186 3208
f 3208 3186 3189
f 3209 3208 3191
f 3191 3208 3189
f 3210 3194 3200
f 3200 3194 3178
f 3201 3195 3204
f 3204 3195 3184
f 3197 3211 3177
f 3177 3211 3199
f 3213 3214 3212
f 3212 3214 3215
f 3217 3218 3216
f 3216 3218 3219
f 3221 3222 3220
f 3220 3222 3223
f 3225 3226 3224
f 3224 3226 3227
f 3229 3230 3228
f 3228 3230 3231
f 3233 3234 3232
f 3232 3234 3235
f 3237 3238 3236
f 3236 3238 3239
f 3238 3240 3239
f 3239 3240 3241
f 3232 3235 3242
f 3242 3235 3243
f 3245 3246 3244
f 3244 3246 3247
f 3248 3249 3245
f 3245 3249 3246
f 3251 3252 3250
f 3250 3252 3253
f 3255 3252 3254
f 3254 3252 3251
f 3256 3257 3259
f 3259 3257 3258
f 3261 3262 3260
f 3260 3262 3263
f 3265 3263 3264
f 3264 3263 3262
f 3256 3259 3266
f 3266 3259 3267
f 3269 3270 3268
f 3268 3270 3271
f 3269 3272 3270
f 3270 3272 3273
f 3274 3275 3277
f 3277 3275 3276
f 3278 3279 3276
f 3276 3279 3277
f 3281 3282 3280
f 3280 3282 3283
f 3280 3284 3281
f 3281 3284 3285
f 3287 3288 3286
f 3286 3288 3289
f 3290 3291 3288
f 3288 3291 3289
f 3234 3218 3235
f 3235 3218 3217
f 3232 3292 3233
f 3233 3292 3293
f 3239 3294 3236
f 3236 3294 3219
f 3233 3293 3237
f 3237 3293 3295
f 3296 3294 3241
f 3241 3294 3239
f 3240 3238 3297
f 3297 3238 3298
f 3217 3216 3235
f 3235 3216 3243
f 3297 3299 3240
f 3240 3299 3242
f 3246 3300 3247
f 3247 3300 3223
f 3301 3302 3254
f 3254 3302 3244
f 3249 3303 3246
f 3246 3303 3300
f 3245 3304 3248
f 3248 3304 3292
f 3252 3221 3253
f 3253 3221 3220
f 3250 3248 3299
f 3299 3248 3292
f 3222 3221 3255
f 3255 3221 3252
f 3297 3301 3251
f 3251 3301 3254
f 3258 3214 3259
f 3259 3214 3213
f 3257 3256 3304
f 3304 3256 3305
f 3263 3306 3260
f 3260 3306 3215
f 3261 3257 3302
f 3302 3257 3304
f 3307 3306 3265
f 3265 3306 3263
f 3262 3301 3264
f 3264 3301 3308
f 3259 3213 3267
f 3267 3213 3212
f 3308 3309 3264
f 3264 3309 3266
f 3270 3310 3271
f 3271 3310 3231
f 3311 3312 3278
f 3278 3312 3268
f 3270 3273 3310
f 3310 3273 3313
f 3272 3269 3305
f 3305 3269 3314
f 3277 3229 3274
f 3274 3229 3228
f 3275 3272 3309
f 3309 3272 3305
f 3279 3230 3277
f 3277 3230 3229
f 3276 3308 3278
f 3278 3308 3311
f 3281 3315 3282
f 3282 3315 3227
f 3290 3316 3283
f 3283 3316 3317
f 3281 3285 3315
f 3315 3285 3318
f 3284 3280 3314
f 3314 3280 3319
f 3289 3225 3286
f 3286 3225 3224
f 3287 3284 3312
f 3284 3314 3312
f 3291 3226 3289
f 3289 3226 3225
f 3288 3311 3290
f 3290 3311 3316
f 3212 3215 3307
f 3307 3215 3306
f 3294 3296 3219
f 3219 3296 3216
f 3303 3220 3300
f 3300 3220 3223
f 3224 3227 3318
f 3318 3227 3315
f 3228 3231 3313
f 3313 3231 3310
f 3234 3233 3236
f 3236 3233 3237
f 3243 3241 3242
f 3242 3241 3240
f 3247 3255 3244
f 3244 3255 3254
f 3253 3249 3250
f 3250 3249 3248
f 3260 3258 3261
f 3261 3258 3257
f 3266 3267 3264
f 3264 3267 3265
f 3268 3271 3278
f 3278 3271 3279
f 3274 3273 3275
f 3275 3273 3272
f 3283 3282 3290
f 3290 3282 3291
f 3286 3285 3287
f 3287 3285 3284
f 3218 3234 3219
f 3219 3234 3236
f 3295 3298 3237
f 3237 3298 3238
f 3216 3296 3243
f 3243 3296 3241
f 3242 3299 3232
f 3232 3299 3292
f 3223 3222 3247
f 3247 3222 3255
f 3244 3302 3245
f 3245 3302 3304
f 3303 3249 3220
f 3220 3249 3253
f 3297 3251 3299
f 3299 3251 3250
f 3215 3214 3260
f 3260 3214 3258
f 3301 3262 3302
f 3302 3262 3261
f 3212 3307 3267
f 3267 3307 3265
f 3266 3309 3256
f 3256 3309 3305
f 3271 3231 3279
f 3279 3231 3230
f 3268 3312 3269
f 3269 3312 3314
f 3228 3313 3274
f 3274 3313 3273
f 3308 3276 3309
f 3309 3276 3275
f 3282 3227 3291
f 3291 3227 3226
f 3317 3319 3283
f 3283 3319 3280
f 3224 3318 3286
f 3286 3318 3285
f 3312 3311 3287
f 3311 3288 3287
f 3320 3321 3194
f 3194 3321 3193
f 1375 3321 1121
f 1121 3321 3322
f 3323 3324 3322
f 3322 3324 3192
f 3175 1124 3176
f 3176 1124 1123
f 3179 3195 3180
f 3180 3195 3196
f 3181 1131 3182
f 3182 1131 1130
f 3207 3185 3186
f 3186 3185 3187
f 1136 3188 1133
f 1133 3188 3187
f 3190 3188 1137
f 1137 3188 1136
f 3193 1159 3175
f 3175 1159 1124
f 3179 1128 3181
f 3181 1128 1131
f 1533 3198 1123
f 1123 3198 3176
f 3321 1375 3193
f 3193 1375 1159
f 3321 3320 3322
f 3322 3320 3323
f 1122 1121 3192
f 3192 1121 3322
f 3194 3210 3320
f 3320 3210 3325
f 3324 3323 3327
f 3327 3323 3326
f 3320 3325 3323
f 3323 3325 3326
f 3208 3328 3205
f 3205 3328 3329
f 3330 3206 3329
f 3329 3206 3205
f 3203 3331 3204
f 3204 3331 3332
f 3210 3333 3325
f 3325 3333 3334
f 3325 3334 3326
f 3326 3334 3335
f 3327 3326 3336
f 3336 3326 3335
f 3327 3209 3324
f 3324 3209 3191
f 3190 3192 3191
f 3191 3192 3324
f 3338 3339 3337
f 3337 3339 3340
f 3338 3341 3339
f 3339 3341 3342
f 3341 3343 3342
f 3342 3343 3344
f 3343 3345 3344
f 3344 3345 3346
f 3345 3347 3346
f 3346 3347 3348
f 3347 3349 3348
f 3348 3349 3350
f 3337 3340 3351
f 3351 3340 3352
f 3351 3352 3353
f 3353 3352 3354
f 3353 3354 3355
f 3355 3354 3356
f 3350 3349 3357
f 3357 3349 3358
f 3355 3356 3359
f 3359 3356 3360
f 3359 3360 3361
f 3361 3360 3362
f 3361 3362 3363
f 3363 3362 3364
f 3363 3364 3358
f 3358 3364 3357
f 3339 3342 3365
f 3365 3342 3366
f 3342 3344 3366
f 3366 3344 3367
f 3344 3346 3367
f 3367 3346 3368
f 3346 3348 3368
f 3368 3348 3369
f 3348 3350 3369
f 3369 3350 3370
f 3368 3369 3371
f 3371 3369 3372
f 3369 3370 3372
f 3372 3370 3373
f 3373 3374 3372
f 3372 3374 3375
f 3377 3378 3376
f 3376 3378 3379
f 3377 3375 3378
f 3378 3375 3374
f 3375 3380 3372
f 3372 3380 3371
f 3377 3381 3375
f 3375 3381 3380
f 3376 3382 3377
f 3377 3382 3381
f 3384 3385 3383
f 3383 3385 3386
f 3384 3383 3388
f 3388 3383 3387
f 3388 3387 3389
f 3389 3387 3390
f 3392 3385 3391
f 3391 3385 3384
f 3388 3393 3384
f 3384 3393 3391
f 3389 3394 3388
f 3388 3394 3393
f 3389 3395 3394
f 3394 3395 3396
f 3395 3389 3397
f 3397 3389 3390
f 3339 3365 3340
f 3340 3365 3398
f 3340 3398 3352
f 3352 3398 3399
f 3371 3400 3368
f 3368 3400 3367
f 3400 3401 3367
f 3367 3401 3366
f 3366 3401 3365
f 3365 3401 3402
f 3398 3365 3403
f 3403 3365 3402
f 3398 3403 3399
f 3399 3403 3404
f 3403 3405 3404
f 3404 3405 3406
f 3352 3399 3354
f 3354 3399 3407
f 3399 3404 3407
f 3407 3404 3408
f 3404 3406 3408
f 3408 3406 3409
f 3405 3410 3406
f 3406 3410 3411
f 3410 3412 3411
f 3411 3412 3413
f 3397 3414 3395
f 3395 3414 3415
f 3417 3415 3416
f 3416 3415 3412
f 3410 3418 3412
f 3412 3418 3416
f 3410 3405 3418
f 3418 3405 3419
f 3405 3403 3419
f 3419 3403 3402
f 3370 3350 3420
f 3420 3350 3357
f 3373 3370 3421
f 3421 3370 3420
f 3374 3373 3422
f 3422 3373 3421
f 3378 3374 3423
f 3423 3374 3422
f 3378 3423 3379
f 3379 3423 3424
f 3424 3425 3379
f 3379 3425 3386
f 3383 3426 3387
f 3387 3426 3427
f 3387 3427 3390
f 3390 3427 3428
f 3390 3428 3397
f 3397 3428 3429
f 3429 3430 3397
f 3397 3430 3414
f 3411 3413 3431
f 3431 3413 3432
f 3406 3411 3409
f 3409 3411 3431
f 3401 3400 3335
f 3335 3400 3336
f 3401 3335 3402
f 3402 3335 3334
f 3402 3334 3419
f 3419 3334 3333
f 3419 3333 3418
f 3418 3333 3433
f 3418 3433 3416
f 3416 3433 3434
f 3435 3417 3434
f 3434 3417 3416
f 3394 3396 3436
f 3436 3396 3437
f 3393 3394 3332
f 3332 3394 3436
f 3393 3332 3391
f 3391 3332 3331
f 3330 3392 3331
f 3331 3392 3391
f 3382 3329 3381
f 3381 3329 3328
f 3354 3407 3356
f 3356 3407 3438
f 3356 3438 3360
f 3360 3438 3439
f 3360 3439 3362
f 3362 3439 3440
f 3362 3440 3364
f 3364 3440 3441
f 3364 3441 3357
f 3357 3441 3420
f 3421 3420 3442
f 3442 3420 3441
f 3442 3441 3443
f 3443 3441 3440
f 3443 3440 3444
f 3444 3440 3439
f 3444 3439 3445
f 3445 3439 3438
f 3445 3438 3408
f 3408 3438 3407
f 3422 3421 3446
f 3446 3421 3442
f 3446 3442 3447
f 3447 3442 3443
f 3447 3443 3448
f 3448 3443 3444
f 3448 3444 3449
f 3449 3444 3445
f 3449 3445 3409
f 3409 3445 3408
f 3409 3431 3449
f 3449 3431 3450
f 3449 3450 3448
f 3448 3450 3451
f 3451 3452 3448
f 3448 3452 3447
f 3447 3452 3446
f 3446 3452 3453
f 3446 3453 3422
f 3422 3453 3423
f 3424 3423 3454
f 3454 3423 3453
f 3452 3455 3453
f 3453 3455 3454
f 3452 3451 3455
f 3455 3451 3456
f 3450 3457 3451
f 3451 3457 3456
f 3431 3432 3450
f 3450 3432 3457
f 3454 3458 3424
f 3424 3458 3425
f 3427 3426 3459
f 3459 3426 3460
f 3428 3427 3461
f 3461 3427 3459
f 3428 3461 3429
f 3429 3461 3462
f 3462 3463 3429
f 3429 3463 3430
f 3464 3465 3462
f 3462 3465 3463
f 3455 3466 3454
f 3454 3466 3458
f 3465 3464 3466
f 3466 3464 3467
f 3461 3459 3468
f 3468 3459 3469
f 3468 3469 3464
f 3464 3469 3467
f 3464 3462 3468
f 3468 3462 3461
f 3459 3460 3469
f 3469 3460 3467
f 3295 3351 3298
f 3298 3351 3353
f 3353 3355 3298
f 3298 3355 3297
f 3297 3355 3301
f 3301 3355 3359
f 3301 3359 3308
f 3308 3359 3361
f 3308 3361 3311
f 3311 3361 3363
f 3311 3363 3316
f 3316 3363 3358
f 3316 3358 3317
f 3317 3358 3349
f 3349 3347 3317
f 3317 3347 3319
f 3347 3345 3319
f 3319 3345 3314
f 3345 3343 3314
f 3314 3343 3305
f 3343 3341 3305
f 3305 3341 3304
f 3304 3341 3292
f 3292 3341 3338
f 3292 3338 3293
f 3293 3338 3337
f 3293 3337 3295
f 3295 3337 3351
f 3437 3202 3436
f 3436 3202 3201
f 3436 3201 3332
f 3332 3201 3204
f 3433 3200 3434
f 3434 3200 3199
f 3211 3435 3199
f 3199 3435 3434
f 3333 3210 3433
f 3433 3210 3200
f 3380 3470 3371
f 3400 3371 3336
f 3336 3371 3470
f 3381 3328 3380
f 3380 3328 3470
f 3470 3328 3209
f 3209 3328 3208
f 3336 3470 3327
f 3327 3470 3209
f 1545 1763 1546
f 1546 1763 1762
f 1403 1546 773
f 773 1546 770
f 1221 3013 1220
f 1220 3013 3471
f 1305 2877 1306
f 1306 2877 2879
f 1220 3471 828
f 828 3471 829
f 1217 1754 3472
f 3472 1754 1756
f 1049 3473 1048
f 1048 3473 3474
f 1371 1179 3473
f 3473 1179 3474
f 1074 3475 1179
f 1179 3475 3474
f 3474 3475 1048
f 1048 3475 1056
f 919 666 1345
f 1345 666 665
f 856 680 919
f 919 680 666
f 679 680 1449
f 1449 680 858
f 1367 878 1500
f 1500 878 877
f 1366 908 1367
f 1367 908 878
f 1512 916 1513
f 1513 916 915
f 947 1368 948
f 948 1368 1369
f 1047 1021 1044
f 1044 1021 1020
f 1370 1049 1019
f 1019 1049 1020
f 1173 1030 1174
f 1174 1030 1033
f 3126 1188 1464
f 1464 1188 1187
f 1800 1451 1512
f 1512 1451 916
f 1175 1174 1186
f 1186 1174 1187
f 1030 1173 1047
f 1047 1173 1021
f 1513 915 3476
f 3476 915 1481
f 1345 665 3477
f 3477 665 1483
f 1502 1501 876
f 876 1501 877
f 1205 1451 1803
f 1803 1451 1802
f 3479 2832 3478
f 3478 2832 2831
f 1449 858 2927
f 2927 858 2922
f 908 1366 947
f 947 1366 1368
f 949 948 3126
f 3126 948 1188
f 3480 3135 1502
f 1502 3135 1501
f 2927 2922 3157
f 3157 2922 3152
f 3477 1483 3479
f 3479 1483 2832
f 1803 1802 3151
f 3151 1802 3152
f 663 658 664
f 664 658 657
f 655 658 939
f 939 658 706
f 1512 870 1800
f 1800 870 869
f 875 874 876
f 876 874 873
f 849 874 905
f 905 874 958
f 949 962 946
f 946 962 961
f 978 3126 979
f 979 3126 1464
f 1031 1168 1032
f 1032 1168 1022
f 1045 1013 1046
f 1046 1013 1012
f 1045 1044 1056
f 1056 1044 1048
f 1047 1046 1030
f 1030 1046 1031
f 939 706 940
f 940 706 1450
f 979 1464 1032
f 1032 1464 1033
f 3480 1478 3476
f 3476 1478 3134
f 2829 1487 2830
f 2830 1487 1486
f 848 1230 873
f 873 1230 1479
f 867 870 933
f 933 870 1514
f 1800 869 1801
f 1801 869 1799
f 2830 1486 1325
f 1325 1486 2833
f 940 1450 2925
f 2925 1450 2928
f 946 961 907
f 907 961 958
f 959 962 977
f 977 962 978
f 3476 3134 1513
f 1513 3134 1514
f 2925 2928 3155
f 3155 2928 3158
f 1325 2833 656
f 656 2833 657
f 1801 1799 3157
f 3157 1799 3158
f 1074 1055 3475
f 3475 1055 1056
f 1371 3473 1370
f 1370 3473 1049
f 2884 615 3481
f 3481 615 618
f 3478 2831 2846
f 2846 2831 617
f 2831 1484 617
f 617 1484 618
f 1484 1487 618
f 618 1487 3481
f 2848 3481 2829
f 2829 3481 1487
f 1480 1517 1161
f 1161 1517 1162
f 3129 1323 1455
f 1455 1323 1322
f 3129 3134 1323
f 1323 3134 1478
f 1535 3173 1515
f 1515 3173 1516
f 3085 3095 3137
f 3137 3095 3094
f 3137 3094 3138
f 3138 3094 3104
f 3117 3139 3105
f 3105 3139 3106
f 1138 1141 3127
f 3127 1141 3128
f 3081 3131 1264
f 1264 3131 3130
f 1227 1226 3132
f 3132 1226 3133
f 1264 3130 1229
f 1229 3130 1322
f 1160 1501 1161
f 1161 1501 3135
f 1141 1476 3128
f 3128 1476 3136
f 1226 1163 3133
f 3133 1163 1162
f 1363 1138 1515
f 1515 1138 3127
f 3084 3095 3081
f 3081 3095 3131
f 3089 884 3105
f 3105 884 3140
f 884 883 3140
f 3140 883 3141
f 883 3482 3141
f 3141 3482 3142
f 3476 1481 3480
f 3480 1481 3135
f 1502 1479 3480
f 3480 1479 1478
f 3168 463 440
f 714 1880 715
f 715 1880 2905
f 896 732 2970
f 2970 732 731
f 1263 834 3082
f 3082 834 833
f 898 1231 853
f 853 1231 854
f 3125 890 2931
f 2931 890 889
f 1237 893 2851
f 2851 893 892
f 898 853 899
f 899 853 963
f 988 987 989
f 989 987 986
f 1002 1007 1003
f 1003 1007 1006
f 1038 1036 1007
f 1007 1036 1004
f 1070 1052 1005
f 1005 1052 1006
f 1069 1067 1070
f 1070 1067 1052
f 1130 1129 1134
f 1134 1129 1135
f 879 1167 880
f 880 1167 1166
f 1171 1169 1037
f 1037 1169 1038
f 1085 1180 1069
f 1069 1180 1067
f 1209 1210 879
f 879 1210 1167
f 2885 1215 1754
f 1754 1215 1214
f 1263 855 834
f 834 855 854
f 708 1244 1826
f 1826 1244 1243
f 2909 894 1254
f 1254 894 893
f 1228 1361 964
f 964 1361 1360
f 2908 2907 1436
f 1436 2907 1437
f 2990 1440 2991
f 2991 1440 1439
f 964 1360 965
f 965 1360 1454
f 950 1457 951
f 951 1457 1456
f 970 1463 971
f 971 1463 1462
f 1025 1169 984
f 984 1169 986
f 1084 1097 1469
f 1469 1097 1470
f 1096 1115 1474
f 1474 1115 1475
f 1140 1361 1141
f 1141 1361 1476
f 1212 1495 2828
f 2828 1495 1494
f 880 1166 1452
f 1452 1166 1499
f 715 2905 1504
f 1504 2905 2906
f 954 1519 955
f 955 1519 1518
f 1026 1520 992
f 992 1520 1518
f 1029 1520 1043
f 1043 1520 1521
f 997 1522 1040
f 1040 1522 1521
f 1015 1522 1016
f 1016 1522 1523
f 1523 996 1524
f 1524 996 1062
f 1057 1060 1525
f 1525 1060 1524
f 1094 1528 1082
f 1082 1528 1527
f 1526 1528 1089
f 1089 1528 1529
f 1090 1531 1108
f 1108 1531 1530
f 1125 1533 1126
f 1126 1533 1532
f 3483 1755 727
f 727 1755 1214
f 735 1814 707
f 707 1814 1813
f 2891 1834 1246
f 1246 1834 1243
f 2904 1881 1847
f 1847 1881 1848
f 1852 1855 1853
f 1853 1855 1858
f 1902 2903 1877
f 1877 2903 1878
f 2903 2904 1878
f 1878 2904 1847
f 714 713 1848
f 1848 713 1849
f 1440 2990 1883
f 1883 2990 2989
f 1883 2989 1852
f 1852 2989 1855
f 2895 1888 2892
f 2892 1888 1887
f 774 777 1877
f 1877 777 1903
f 1251 2835 1252
f 1252 2835 2834
f 1213 2844 1212
f 1212 2844 1495
f 2851 892 1213
f 1213 892 2844
f 3123 2911 3124
f 3124 2911 2910
f 887 2929 888
f 888 2929 889
f 1435 2963 1436
f 1436 2963 2961
f 1253 1438 1254
f 1254 1438 1437
f 2970 731 735
f 735 731 1814
f 733 732 2885
f 2885 732 1215
f 2901 2902 2976
f 2976 2902 2977
f 2975 2982 2976
f 2976 2982 2979
f 2899 2900 2981
f 2981 2900 2979
f 2899 2981 2898
f 2898 2981 2983
f 2986 2985 2984
f 2984 2985 2983
f 2897 2985 2896
f 2896 2985 2988
f 2991 1439 2987
f 2987 1439 2988
f 777 2978 1903
f 1903 2978 2977
f 1885 1888 1858
f 1858 1888 1853
f 3090 3088 836
f 836 3088 833
f 3083 3088 3097
f 3097 3088 3096
f 3097 3096 3104
f 3104 3096 3106
f 3111 3116 3108
f 3108 3116 3109
f 3112 3111 3114
f 3114 3111 3108
f 3113 3122 3114
f 3114 3122 3115
f 891 890 2837
f 2837 890 2834
f 951 1456 954
f 954 1456 1519
f 967 1457 936
f 936 1457 1454
f 971 1462 902
f 902 1462 963
f 1461 1463 988
f 988 1463 987
f 1466 1468 1474
f 1474 1468 1470
f 1089 1529 1090
f 1090 1529 1531
f 1184 1181 1469
f 1469 1181 1180
f 1082 1527 1061
f 1061 1527 1525
f 1129 1473 1135
f 1135 1473 1475
f 1108 1530 1105
f 1105 1530 1532
f 1452 1499 3132
f 3132 1499 3136
f 3109 3116 3139
f 3139 3116 3138
f 2912 2911 887
f 887 2911 2929
f 2836 2835 1497
f 1497 2835 1494
f 2913 3102 2910
f 2910 3102 3115
f 1133 3187 1134
f 1134 3187 3185
f 3177 3176 3197
f 3197 3176 3198
f 3203 3183 3206
f 3206 3183 3207
f 3196 3202 3197
f 3197 3202 3211
f 3183 3182 3207
f 3207 3182 3185
f 1125 3180 1533
f 1533 3180 3198
f 3331 3203 3330
f 3330 3203 3206
f 3376 3379 3385
f 3385 3379 3386
f 3382 3376 3392
f 3392 3376 3385
f 3412 3415 3413
f 3413 3415 3414
f 3417 3396 3415
f 3415 3396 3395
f 3383 3386 3426
f 3426 3386 3425
f 3413 3414 3432
f 3432 3414 3430
f 3437 3396 3435
f 3435 3396 3417
f 3329 3382 3330
f 3330 3382 3392
f 3426 3425 3460
f 3460 3425 3458
f 3432 3430 3457
f 3457 3430 3463
f 3457 3463 3456
f 3456 3463 3465
f 3460 3458 3467
f 3467 3458 3466
f 3466 3455 3465
f 3465 3455 3456
f 3202 3437 3211
f 3211 3437 3435
f 3104 3106 3138
f 3138 3106 3139
f 3132 3136 1227
f 1227 3136 1476
f 943 687 600
f 600 687 601
f 596 625 667
f 667 625 1297
f 687 686 601
f 601 686 653
f 1319 784 711
f 711 784 712
f 1811 607 783
f 783 607 712
f 862 921 917
f 917 921 920
f 3478 925 3479
f 3479 925 924
f 2846 926 3478
f 3478 926 925
f 659 662 929
f 929 662 930
f 856 921 857
f 857 921 1204
f 1206 864 1207
f 1207 864 863
f 2876 1219 2877
f 2877 1219 1218
f 667 1297 593
f 593 1297 1296
f 917 920 1333
f 1333 920 1346
f 686 693 653
f 653 693 930
f 1277 913 1498
f 1498 913 1207
f 592 1536 610
f 610 1536 711
f 864 1206 1805
f 1805 1206 1804
f 1317 1536 1900
f 1900 1536 1809
f 1900 1809 1295
f 1295 1809 1296
f 3479 924 3477
f 3477 924 2824
f 927 926 1203
f 1203 926 2847
f 3484 2859 3032
f 3032 2859 3033
f 3472 2878 1217
f 1217 2878 1218
f 2889 2888 2880
f 2880 2888 2881
f 2886 2883 2887
f 2887 2883 2882
f 929 928 2847
f 2847 928 1203
f 857 1204 2921
f 2921 1204 2926
f 1820 1819 2882
f 2882 1819 2881
f 1821 2883 2876
f 2876 2883 1219
f 782 2889 783
f 783 2889 2880
f 1352 3034 1353
f 1353 3034 3033
f 3031 3034 3041
f 3041 3034 3043
f 944 943 3043
f 3043 943 600
f 1339 3145 1498
f 1498 3145 3143
f 1208 882 3148
f 3148 882 3143
f 2921 2926 3151
f 3151 2926 3156
f 3477 2824 1345
f 1345 2824 1346
f 1805 1804 3154
f 3154 1804 3156
f 886 3103 883
f 883 3103 3482
f 841 1248 3485
f 3485 1248 3121
f 2811 2819 2812
f 2812 2819 2816
f 2818 2815 2817
f 2817 2815 2806
f 2817 2816 2818
f 2818 2816 2819
f 2793 2795 2819
f 2819 2795 2818
f 243 352 2793
f 2793 352 2795
f 242 353 243
f 243 353 352
f 359 191 242
f 242 191 353
f 247 192 359
f 359 192 191
f 157 193 247
f 247 193 192
f 156 194 157
f 157 194 193
f 378 261 156
f 156 261 194
f 378 381 261
f 261 381 195
f 195 381 196
f 196 381 376
f 196 376 198
f 198 376 375
f 375 1776 198
f 198 1776 197
f 1776 1767 197
f 197 1767 274
f 181 274 199
f 199 274 1767
f 568 566 564
f 564 566 563
f 568 569 566
f 566 569 567
f 501 1773 1771
f 1771 1773 578
f 547 579 1773
f 1773 579 578
f 3486 470 474
f 474 470 469
f 450 582 3487
f 3487 582 3488
f 582 583 3488
f 3488 583 3489
f 583 584 3489
f 3489 584 3490
f 3490 584 3491
f 3491 584 543
f 470 3486 466
f 466 3486 467
f 3489 3490 503
f 503 3490 504
f 503 3492 3489
f 3489 3492 3488
f 3492 503 3493
f 3493 503 502
f 3495 3492 3494
f 3494 3492 3493
f 3487 3488 3495
f 3495 3488 3492
f 468 1774 465
f 465 1774 570
f 3494 3493 1775
f 1775 3493 1771
f 3490 3491 504
f 504 3491 1772
f 3491 543 1772
f 1772 543 548
f 450 3487 474
f 474 3487 3486
f 3495 467 3487
f 3487 467 3486
f 3494 468 3495
f 3495 468 467
f 468 3494 1774
f 1774 3494 1775
f 501 1771 502
f 502 1771 3493
f 527 366 384
f 384 366 365
f 522 524 527
f 527 524 366
f 521 534 522
f 522 534 524
f 530 535 521
f 521 535 534
f 508 486 513
f 513 486 532
f 513 532 541
f 541 532 535
f 667 668 596
f 596 668 597
f 1294 1297 624
f 624 1297 625
f 603 641 604
f 604 641 640
f 1290 1293 650
f 650 1293 651
f 1758 691 660
f 660 691 661
f 602 671 599
f 599 671 670
f 654 662 690
f 690 662 661
f 2856 598 695
f 695 598 597
f 602 654 671
f 671 654 690
f 604 640 676
f 676 640 704
f 1826 1829 708
f 708 1829 709
f 1288 1284 740
f 740 1284 741
f 755 754 758
f 758 754 759
f 2853 2856 932
f 932 2856 695
f 689 691 1192
f 1192 691 1193
f 784 1319 1240
f 1240 1319 1241
f 1813 1816 1244
f 1244 1816 1245
f 754 1288 759
f 759 1288 740
f 1894 1242 1318
f 1318 1242 1241
f 2867 1348 1418
f 1418 1348 1347
f 676 704 673
f 673 704 1347
f 1284 1287 741
f 741 1287 1419
f 1421 1426 1422
f 1422 1426 1425
f 1758 660 615
f 615 660 616
f 1192 1191 1421
f 1421 1191 1426
f 2962 1839 1504
f 1504 1839 1505
f 941 1194 1759
f 1759 1194 1193
f 1287 1537 1419
f 1419 1537 1760
f 1882 2893 1823
f 1823 2893 1824
f 1886 1891 1827
f 1827 1891 1828
f 1887 1886 1834
f 1834 1886 1827
f 1841 716 1838
f 1838 716 1505
f 782 784 1850
f 1850 784 1240
f 1239 1242 1863
f 1863 1242 1864
f 1242 1894 1864
f 1864 1894 1873
f 1822 1239 1823
f 1823 1239 1863
f 1318 1317 1895
f 1895 1317 1900
f 1894 1896 1873
f 1873 1896 1897
f 1291 1896 1292
f 1292 1896 1895
f 605 1898 606
f 606 1898 1897
f 1258 1257 2854
f 2854 1257 2855
f 1257 1351 2855
f 2855 1351 2857
f 1351 1353 2857
f 2857 1353 2858
f 1353 3033 2858
f 2858 3033 2859
f 2860 2861 3036
f 3036 2861 3037
f 2862 2863 2870
f 2870 2863 3039
f 2870 2869 2862
f 2862 2869 2864
f 2868 2865 2869
f 2869 2865 2864
f 1764 2866 2868
f 2868 2866 2865
f 1537 1199 1760
f 1760 1199 1348
f 615 2884 1758
f 1758 2884 1759
f 1825 1246 2890
f 2890 1246 1245
f 2893 2892 1824
f 1824 2892 2891
f 761 2960 758
f 758 2960 2906
f 3000 2943 2940
f 2940 2943 2941
f 2968 710 2950
f 2950 710 709
f 1764 1423 2866
f 2866 1423 2953
f 1423 645 2953
f 2953 645 2954
f 645 644 2954
f 2954 644 2955
f 644 738 2955
f 2955 738 2956
f 738 764 2956
f 2956 764 2957
f 764 763 2957
f 2957 763 2958
f 763 2908 2958
f 2958 2908 2959
f 2908 1436 2959
f 2959 1436 2961
f 1837 2964 1435
f 1435 2964 2963
f 1837 2937 2964
f 2964 2937 2965
f 2936 2968 2966
f 2966 2968 2950
f 1840 2942 1838
f 1838 2942 2941
f 2939 2949 2940
f 2940 2949 3006
f 2939 2942 2966
f 2966 2942 2965
f 1822 1825 1850
f 1850 1825 2890
f 1891 3005 1828
f 1828 3005 3006
f 3035 3038 3045
f 3045 3038 3042
f 3045 3044 3035
f 3035 3044 3040
f 669 1422 3045
f 3045 1422 3044
f 599 670 3041
f 3041 670 3042
f 931 3067 932
f 932 3067 3065
f 2853 3066 2854
f 2854 3066 3076
f 3067 3496 3065
f 3065 3496 3497
f 3066 3498 3076
f 3076 3498 3499
f 707 1813 708
f 708 1813 1244
f 2960 2962 2906
f 2906 2962 1504
f 2892 1887 2891
f 2891 1887 1834
f 1839 2962 2963
f 2963 2962 2961
f 595 626 596
f 596 626 625
f 623 626 3484
f 3484 626 2859
f 1291 1290 606
f 606 1290 603
f 1290 650 603
f 603 650 641
f 641 650 642
f 642 650 649
f 2860 2863 649
f 649 2863 642
f 3036 3039 2860
f 2860 3039 2863
f 3035 3040 3036
f 3036 3040 3039
f 1294 1293 1295
f 1295 1293 1292
f 624 651 1294
f 1294 651 1293
f 623 652 624
f 624 652 651
f 3484 2861 623
f 623 2861 652
f 3032 3037 3484
f 3484 3037 2861
f 3031 3038 3032
f 3032 3038 3037
f 3481 2848 2884
f 2884 2848 942
f 2846 617 1427
f 1427 617 616
f 3049 3167 3048
f 3048 3167 3500
f 1906 3048 3070
f 3070 3048 3500
f 1337 1768 3501
f 3501 1768 3502
f 3020 3503 3021
f 3021 3503 3024
f 2914 3023 3020
f 3020 3023 3503
f 859 1770 860
f 860 1770 3504
f 1336 3505 1768
f 1768 3505 3502
f 3065 3497 3066
f 3066 3497 3498
f 2814 3075 3067
f 3067 3075 3496
f 2839 3174 766
f 766 3174 3017
f 1337 3501 1338
f 1338 3501 1769
f 767 3018 3026
f 3026 3018 3506
f 3076 3499 3064
f 3064 3499 3507
f 727 730 3483
f 3483 730 3030
f 3064 3507 2871
f 2871 3507 3077
f 3100 3160 1786
f 1786 3160 1784
f 3026 3506 752
f 752 3506 3015
f 860 3504 2923
f 2923 3504 3508
f 753 3016 3027
f 3027 3016 3509
f 3027 3509 3008
f 3008 3509 3028
f 1782 1785 1783
f 1783 1785 3022
f 2923 3508 3153
f 3153 3508 3161
f 3148 3149 1208
f 1208 3149 3150
f 1335 1328 3510
f 3510 1328 1327
f 1336 1335 3505
f 3505 1335 3510
f 866 3511 1340
f 1340 3511 3146
f 865 1808 866
f 866 1808 3511
f 842 841 3159
f 3159 841 3485
f 2849 3512 1329
f 1329 3512 1326
f 1202 1331 2849
f 2849 1331 3512
f 3514 3515 3513
f 3513 3515 3516
f 3518 3516 3517
f 3517 3516 3515
f 3519 3520 3514
f 3514 3520 3515
f 3522 3523 3521
f 3521 3523 3524
f 3526 3527 3525
f 3525 3527 3528
f 3530 3531 3529
f 3529 3531 3532
f 3534 3535 3533
f 3533 3535 3536
f 3529 3532 3537
f 3537 3532 3538
f 3537 3539 3529
f 3529 3539 3540
f 3542 3543 3541
f 3541 3543 3544
f 3546 3547 3545
f 3545 3547 3548
f 3550 3534 3549
f 3549 3534 3533
f 3550 3543 3551
f 3551 3543 3552
f 3537 3545 3539
f 3539 3545 3548
f 3553 3554 3556
f 3556 3554 3555
f 3537 3557 3545
f 3545 3557 3546
f 3558 3559 3561
f 3561 3559 3560
f 3563 3564 3562
f 3562 3564 3565
f 3564 3563 3566
f 3566 3563 3567
f 3569 3570 3568
f 3568 3570 3571
f 3573 3574 3572
f 3572 3574 3575
f 3577 3578 3576
f 3576 3578 3579
f 3581 3582 3580
f 3580 3582 3583
f 3585 3586 3584
f 3584 3586 3579
f 3586 3587 3579
f 3579 3587 3576
f 3589 3590 3588
f 3588 3590 3591
f 3592 3593 3595
f 3595 3593 3594
f 3597 3598 3596
f 3596 3598 3595
f 3583 3600 3599
f 3599 3600 3601
f 3603 3599 3602
f 3602 3599 3601
f 3605 3606 3604
f 3604 3606 3607
f 3608 3555 3596
f 3596 3555 3554
f 3597 3610 3609
f 3609 3610 3565
f 3564 3611 3565
f 3565 3611 3609
f 3611 3564 3612
f 3612 3564 3566
f 3613 3614 3569
f 3569 3614 3570
f 3615 3616 3573
f 3573 3616 3574
f 3517 3617 3518
f 3518 3617 3618
f 3620 3621 3619
f 3619 3621 3622
f 3624 3625 3623
f 3623 3625 3626
f 3628 3629 3627
f 3627 3629 3630
f 3632 3633 3631
f 3631 3633 3634
f 3636 3637 3635
f 3635 3637 3638
f 3640 3641 3639
f 3639 3641 3642
f 3643 3644 3639
f 3639 3644 3640
f 3646 3513 3645
f 3645 3513 3647
f 3648 3514 3646
f 3646 3514 3513
f 3649 3519 3648
f 3648 3519 3514
f 3650 3651 3527
f 3527 3651 3652
f 3654 3651 3653
f 3653 3651 3650
f 3568 3571 3655
f 3655 3571 3656
f 3657 3658 3653
f 3653 3658 3659
f 3661 3662 3660
f 3660 3662 3658
f 3664 3665 3663
f 3663 3665 3666
f 3667 3657 3650
f 3650 3657 3653
f 3669 3523 3668
f 3668 3523 3670
f 3672 3673 3671
f 3671 3673 3674
f 3676 3677 3675
f 3675 3677 3678
f 3671 3674 3676
f 3676 3674 3677
f 3680 3681 3679
f 3679 3681 3682
f 3683 3684 3680
f 3680 3684 3681
f 3685 3686 3661
f 3661 3686 3662
f 3686 3687 3662
f 3662 3687 3688
f 3684 3683 3689
f 3689 3683 3690
f 3692 3693 3691
f 3691 3693 3694
f 3691 3694 3695
f 3695 3694 3696
f 3698 3699 3697
f 3697 3699 3700
f 3702 3703 3701
f 3701 3703 3704
f 3705 3706 3519
f 3519 3706 3520
f 3673 3672 3707
f 3707 3672 3708
f 3709 3710 3682
f 3682 3710 3679
f 3711 3712 3692
f 3692 3712 3693
f 3714 3715 3713
f 3713 3715 3716
f 3718 3700 3717
f 3717 3700 3699
f 3720 3721 3719
f 3719 3721 3722
f 3724 3725 3723
f 3723 3725 3726
f 3727 3728 3730
f 3730 3728 3729
f 3722 3721 3731
f 3731 3721 3732
f 3697 3700 3733
f 3733 3700 3714
f 3733 3714 3734
f 3734 3714 3713
f 3721 3723 3732
f 3732 3723 3735
f 3720 3736 3724
f 3724 3736 3737
f 3700 3718 3714
f 3714 3718 3715
f 3717 3699 3738
f 3738 3699 3739
f 3536 3740 3533
f 3533 3740 3540
f 3742 3743 3741
f 3741 3743 3744
f 3746 3747 3745
f 3745 3747 3748
f 3750 3751 3749
f 3749 3751 3752
f 3627 3632 3628
f 3628 3632 3631
f 3754 3755 3753
f 3753 3755 3626
f 3562 3565 3756
f 3756 3565 3610
f 3527 3652 3528
f 3528 3652 3757
f 3758 3524 3669
f 3669 3524 3523
f 3582 3598 3583
f 3583 3598 3600
f 3759 3670 3522
f 3522 3670 3523
f 3675 3678 3760
f 3760 3678 3761
f 3762 3763 3690
f 3690 3763 3689
f 3765 3766 3764
f 3764 3766 3767
f 3768 3739 3698
f 3698 3739 3699
f 3726 3725 3770
f 3770 3725 3769
f 3645 3647 3771
f 3771 3647 3772
f 3645 3678 3646
f 3646 3678 3677
f 3646 3677 3648
f 3648 3677 3674
f 3673 3649 3674
f 3674 3649 3648
f 3707 3773 3673
f 3673 3773 3649
f 3775 3776 3774
f 3774 3776 3777
f 3779 3526 3778
f 3778 3526 3525
f 3526 3779 3667
f 3667 3779 3780
f 3780 3781 3667
f 3667 3781 3657
f 3672 3679 3708
f 3708 3679 3710
f 3671 3680 3672
f 3672 3680 3679
f 3676 3683 3671
f 3671 3683 3680
f 3675 3690 3676
f 3676 3690 3683
f 3760 3762 3675
f 3675 3762 3690
f 3682 3681 3783
f 3783 3681 3782
f 3689 3784 3684
f 3684 3784 3785
f 3684 3785 3681
f 3681 3785 3782
f 3786 3709 3783
f 3783 3709 3682
f 3784 3689 3787
f 3787 3689 3763
f 3789 3557 3788
f 3788 3557 3790
f 3792 3793 3791
f 3791 3793 3794
f 3616 3615 3795
f 3795 3615 3796
f 3797 3798 3727
f 3727 3798 3728
f 3800 3801 3799
f 3799 3801 3802
f 3803 3578 3592
f 3592 3578 3593
f 3805 3806 3804
f 3804 3806 3807
f 3599 3603 3585
f 3585 3603 3586
f 3587 3586 3604
f 3604 3586 3603
f 3588 3591 3794
f 3794 3591 3791
f 3581 3803 3582
f 3582 3803 3592
f 3594 3561 3608
f 3608 3561 3790
f 3662 3688 3808
f 3808 3688 3809
f 3665 3664 3810
f 3810 3664 3811
f 3719 3812 3720
f 3720 3812 3736
f 3717 3813 3718
f 3718 3813 3737
f 3723 3721 3724
f 3724 3721 3720
f 3813 3717 3814
f 3814 3717 3738
f 3815 3816 303
f 303 3816 304
f 3818 3819 3817
f 3817 3819 3820
f 3578 3803 3579
f 3579 3803 3584
f 3558 3593 3577
f 3577 3593 3578
f 3822 3823 3821
f 3821 3823 3824
f 3546 3826 3825
f 3825 3826 3827
f 3828 3829 3547
f 3547 3829 3541
f 3831 3542 3830
f 3830 3542 3832
f 3834 3822 3833
f 3833 3822 3821
f 3835 3836 3827
f 3827 3836 3825
f 3800 3799 3828
f 3828 3799 3829
f 3830 3832 3837
f 3837 3832 3838
f 331 330 3551
f 3551 330 3839
f 3831 333 3552
f 3552 333 332
f 3819 3797 3841
f 3841 3797 3840
f 3513 3516 3647
f 3647 3516 3746
f 337 336 3745
f 3745 336 3772
f 3525 3528 3775
f 3775 3528 3749
f 3610 3597 3554
f 3554 3597 3596
f 3706 3702 3520
f 3520 3702 3701
f 3756 3610 3553
f 3553 3610 3554
f 3757 3750 3528
f 3528 3750 3749
f 3517 3515 3701
f 3701 3515 3520
f 3842 3584 3581
f 3581 3584 3803
f 3525 3775 3778
f 3778 3775 3774
f 3638 3843 3635
f 3635 3843 3618
f 3617 3621 3618
f 3618 3621 3635
f 3617 3517 3704
f 3704 3517 3701
f 3521 3624 3522
f 3522 3624 3623
f 3749 3844 3775
f 3775 3844 3776
f 3846 3847 3845
f 3845 3847 3848
f 3843 3747 3618
f 3618 3747 3518
f 3850 3851 3849
f 3849 3851 3748
f 3853 3854 3852
f 3852 3854 3855
f 3856 3857 3622
f 3622 3857 3619
f 3859 3860 3858
f 3858 3860 3861
f 3862 3844 3752
f 3752 3844 3749
f 3863 3759 3623
f 3623 3759 3522
f 3864 3777 3630
f 3630 3777 3776
f 3713 3865 3734
f 3734 3865 3866
f 3868 3869 3867
f 3867 3869 3870
f 3872 3873 3871
f 3871 3873 3874
f 3876 3877 3875
f 3875 3877 3878
f 3879 3880 3878
f 3878 3880 3881
f 3882 3883 3885
f 3885 3883 3884
f 3780 3886 3781
f 3781 3886 3887
f 3888 3685 3869
f 3869 3685 3661
f 3880 3879 3883
f 3883 3879 3884
f 3693 3783 3694
f 3694 3783 3782
f 3696 3785 3764
f 3764 3785 3784
f 3694 3782 3696
f 3696 3782 3785
f 3693 3786 3783
f 3787 3765 3784
f 3784 3765 3764
f 386 385 3765
f 3765 385 3766
f 3695 3889 3691
f 3691 3889 3890
f 3691 3890 3692
f 3692 3890 3891
f 3892 3711 3891
f 3891 3711 3692
f 3767 3893 3695
f 3695 3893 3889
f 3766 3894 3767
f 3767 3894 3893
f 3882 3885 3895
f 3895 3885 3896
f 3898 3698 3897
f 3897 3698 3697
f 3897 3697 3899
f 3899 3697 3733
f 3899 3733 3900
f 3900 3733 3734
f 3901 3768 3898
f 3898 3768 3698
f 3901 3902 3768
f 3768 3902 3903
f 3904 3905 3907
f 3907 3905 3906
f 3869 3661 3870
f 3870 3661 3660
f 3908 3909 3896
f 3896 3909 3895
f 3909 3758 3895
f 3895 3758 3669
f 3751 3531 3752
f 3752 3531 3848
f 3858 3536 3854
f 3854 3536 3535
f 3652 3562 3757
f 3757 3562 3756
f 3651 3654 3563
f 3563 3654 3567
f 3655 3656 3808
f 3808 3656 3659
f 3530 3740 3845
f 3845 3740 3861
f 3751 3750 3556
f 3556 3750 3553
f 3817 3820 3796
f 3796 3820 3795
f 410 409 3910
f 3910 409 3855
f 3750 3757 3553
f 3553 3757 3756
f 3908 3886 3909
f 3909 3886 3780
f 409 411 3855
f 3855 411 3851
f 413 412 3760
f 3760 412 3762
f 415 414 3763
f 3763 414 3787
f 3790 3557 3538
f 3538 3557 3537
f 3555 3608 3538
f 3538 3608 3790
f 3574 3911 3575
f 3575 3911 3912
f 3535 3534 3910
f 3910 3534 3839
f 3831 3552 3542
f 3542 3552 3543
f 3534 3550 3839
f 3839 3550 3551
f 3543 3550 3544
f 3544 3550 3549
f 3913 3914 3916
f 3916 3914 3915
f 3806 3805 3589
f 3589 3805 3590
f 3849 3843 3917
f 3917 3843 3638
f 3853 3644 3859
f 3859 3644 3742
f 3747 3746 3518
f 3518 3746 3516
f 3695 3696 3767
f 3767 3696 3764
f 3903 3918 3768
f 3768 3918 3739
f 3738 3739 3816
f 3816 3739 3918
f 3919 3920 3769
f 3769 3920 3770
f 3921 3726 3922
f 3922 3726 3770
f 3678 3645 3761
f 3761 3645 3771
f 3924 3913 3923
f 3923 3913 3916
f 3802 3925 3838
f 3838 3925 3837
f 3577 3926 3558
f 3558 3926 3559
f 3815 3919 3814
f 3814 3919 3769
f 3927 3928 3822
f 3822 3928 3823
f 3829 3832 3541
f 3541 3832 3542
f 3834 3927 3822
f 3832 3829 3838
f 3838 3829 3799
f 3745 3772 3746
f 3746 3772 3647
f 3849 3748 3843
f 3843 3748 3747
f 3854 3853 3858
f 3858 3853 3859
f 3854 3535 3855
f 3855 3535 3910
f 3557 3789 3546
f 3546 3789 3826
f 3923 3823 3924
f 3924 3823 3928
f 3823 3923 3929
f 3929 3923 3930
f 3531 3751 3532
f 3532 3751 3556
f 3532 3556 3538
f 3538 3556 3555
f 3932 3634 3931
f 3931 3634 3633
f 3814 3769 3813
f 3813 3769 3725
f 3620 3636 3621
f 3621 3636 3635
f 3847 3862 3848
f 3848 3862 3752
f 3531 3530 3848
f 3848 3530 3845
f 3933 3934 3830
f 3830 3934 3831
f 3925 3933 3837
f 3837 3933 3830
f 3934 440 3831
f 3831 440 333
f 3925 3802 3833
f 3833 3802 3801
f 3776 3844 3630
f 3630 3844 3627
f 3808 3659 3662
f 3662 3659 3658
f 3667 3650 3526
f 3526 3650 3527
f 3935 3666 3936
f 3936 3666 3665
f 3718 3737 3715
f 3715 3737 3736
f 3663 3809 3664
f 3664 3809 3688
f 3807 3806 3938
f 3938 3806 3937
f 445 413 3761
f 3761 413 3760
f 3902 447 3903
f 3903 447 446
f 3897 3890 3898
f 3898 3890 3889
f 3899 3891 3897
f 3897 3891 3890
f 3898 3889 3901
f 3901 3889 3893
f 3893 3894 3901
f 3901 3894 3902
f 414 386 3787
f 3787 386 3765
f 3940 3941 3939
f 3939 3941 3942
f 3840 3797 3943
f 3943 3797 3727
f 3665 3810 3936
f 3936 3810 3944
f 3921 3735 3726
f 3726 3735 3723
f 3920 3945 3770
f 3770 3945 3922
f 3521 3524 3774
f 3774 3524 3778
f 3864 3946 3625
f 3625 3946 3947
f 3773 3705 3649
f 3649 3705 3519
f 3779 3778 3758
f 3758 3778 3524
f 3812 3716 3736
f 3736 3716 3715
f 3624 3521 3777
f 3777 3521 3774
f 3703 3856 3704
f 3704 3856 3622
f 3900 3892 3899
f 3899 3892 3891
f 3641 3917 3642
f 3642 3917 3948
f 3895 3669 3882
f 3882 3669 3668
f 3855 3851 3852
f 3852 3851 3850
f 3894 458 3902
f 3902 458 447
f 3781 3887 3660
f 3660 3887 3870
f 3570 3566 3571
f 3571 3566 3567
f 3950 3576 3949
f 3949 3576 3587
f 3605 3602 3614
f 3614 3602 3612
f 3614 3612 3570
f 3570 3612 3566
f 3571 3567 3656
f 3656 3567 3654
f 3660 3658 3781
f 3781 3658 3657
f 3604 3607 3587
f 3587 3607 3949
f 3653 3659 3654
f 3654 3659 3656
f 3529 3540 3530
f 3530 3540 3740
f 3687 3811 3688
f 3688 3811 3664
f 3813 3725 3737
f 3737 3725 3724
f 3919 3815 461
f 461 3815 303
f 3818 3798 3819
f 3819 3798 3797
f 3819 3841 3820
f 3820 3841 3951
f 3816 3815 3738
f 3738 3815 3814
f 3540 3539 3533
f 3533 3539 3549
f 3548 3547 3544
f 3544 3547 3541
f 3539 3548 3549
f 3549 3548 3544
f 3741 3931 3860
f 3860 3931 3846
f 3801 3800 3835
f 3835 3800 3836
f 3934 3933 3824
f 3824 3933 3821
f 3825 3828 3546
f 3546 3828 3547
f 3833 3821 3925
f 3925 3821 3933
f 3800 3828 3836
f 3836 3828 3825
f 3824 3952 3934
f 3934 3952 440
f 3860 3846 3861
f 3861 3846 3845
f 3629 3946 3630
f 3630 3946 3864
f 3740 3536 3861
f 3861 3536 3858
f 3833 3801 3834
f 3834 3801 3835
f 3583 3599 3580
f 3580 3599 3585
f 3651 3563 3652
f 3652 3563 3562
f 3758 3909 3779
f 3779 3909 3780
f 3621 3617 3622
f 3622 3617 3704
f 3625 3947 3626
f 3626 3947 3753
f 3633 3632 3847
f 3847 3632 3862
f 3852 3850 3640
f 3640 3850 3641
f 3644 3853 3640
f 3640 3853 3852
f 3859 3742 3860
f 3860 3742 3741
f 3632 3627 3862
f 3862 3627 3844
f 3755 3863 3626
f 3626 3863 3623
f 3917 3638 3948
f 3948 3638 3637
f 3644 3643 3742
f 3742 3643 3743
f 3931 3633 3846
f 3846 3633 3847
f 3625 3624 3864
f 3864 3624 3777
f 3917 3641 3849
f 3849 3641 3850
f 3744 3932 3741
f 3741 3932 3931
f 3903 446 3918
f 3918 446 464
f 3953 3954 3956
f 3956 3954 3955
f 3958 3959 3957
f 3957 3959 3960
f 3876 3958 3877
f 3877 3958 3957
f 3877 3957 3961
f 3961 3957 3962
f 3963 3964 3958
f 3958 3964 3959
f 3965 3966 3876
f 3876 3966 3958
f 3966 3963 3958
f 3966 3967 3963
f 3963 3967 3968
f 3878 3877 3879
f 3879 3877 3961
f 3967 3969 3968
f 3968 3969 3970
f 3969 3971 3970
f 3970 3971 3972
f 3974 3904 3973
f 3973 3904 3907
f 3971 3975 3972
f 3972 3975 3976
f 3976 3975 3978
f 3978 3975 3977
f 3979 3980 3977
f 3977 3980 3978
f 3981 3982 3979
f 3979 3982 3980
f 3983 3984 3981
f 3981 3984 3982
f 3972 3985 3970
f 3970 3985 3986
f 3871 3987 3969
f 3969 3987 3971
f 3872 3871 3967
f 3967 3871 3969
f 3965 3872 3966
f 3966 3872 3967
f 3970 3986 3968
f 3968 3986 3988
f 3879 3961 3884
f 3884 3961 3940
f 3884 3940 3885
f 3885 3940 3939
f 3989 3990 3992
f 3992 3990 3991
f 3942 3993 3995
f 3995 3993 3994
f 3994 3996 3995
f 3995 3996 3974
f 3997 3998 3994
f 3994 3998 3996
f 3999 3997 3993
f 3993 3997 3994
f 4001 3996 4000
f 4000 3996 3998
f 4000 3998 4002
f 4002 3998 4003
f 4004 4003 3997
f 3997 4003 3998
f 3997 3999 4004
f 4004 3999 4005
f 4006 3995 3973
f 3973 3995 3974
f 3939 3942 4006
f 4006 3942 3995
f 3906 3887 3907
f 3907 3887 3886
f 3887 3906 3870
f 3870 3906 3867
f 3908 3973 3886
f 3886 3973 3907
f 3865 4007 3866
f 3866 4007 4008
f 3984 3983 4009
f 4009 3983 4010
f 3961 3962 3940
f 3940 3962 3941
f 4012 3868 4011
f 4011 3868 3867
f 4013 3975 3987
f 3987 3975 3971
f 4014 3977 4013
f 4013 3977 3975
f 4015 4010 4007
f 4007 4010 3983
f 4007 3983 4008
f 4008 3983 3981
f 4008 3981 4016
f 4016 3981 3979
f 4017 3984 4018
f 4018 3984 4009
f 3977 4014 3979
f 3979 4014 4016
f 3982 3984 4019
f 4019 3984 4017
f 4021 4022 4020
f 4020 4022 4023
f 4022 4012 4023
f 4023 4012 4011
f 4023 3904 4020
f 4020 3904 3974
f 4024 4025 4018
f 4018 4025 4017
f 4026 4027 4024
f 4024 4027 4025
f 4028 4026 4029
f 4029 4026 4024
f 4018 4021 4024
f 4024 4021 4029
f 4030 4031 4026
f 4026 4031 4027
f 4032 4030 4028
f 4028 4030 4026
f 4029 4001 4028
f 4028 4001 4000
f 4028 4000 4032
f 4032 4000 4002
f 4034 4035 4033
f 4033 4035 4036
f 4037 4038 4019
f 4019 4038 4039
f 4041 4039 4040
f 4040 4039 4038
f 4040 4038 4042
f 4042 4038 4036
f 4042 4036 4043
f 4043 4036 4035
f 3985 4044 4046
f 4046 4044 4045
f 4047 4048 4045
f 4045 4048 4046
f 4047 4049 4048
f 4048 4049 4050
f 4042 4047 4040
f 4040 4047 4045
f 4043 4049 4042
f 4042 4049 4047
f 4040 4045 4041
f 4041 4045 4044
f 4052 3959 4051
f 4051 3959 3964
f 4053 4054 4051
f 4051 4054 4055
f 3956 3960 4052
f 4052 3960 3959
f 3953 3956 4056
f 4056 3956 4052
f 4058 3953 4057
f 4057 3953 4056
f 4060 4061 4059
f 4059 4061 4062
f 4063 4064 4054
f 4054 4064 4057
f 4054 4053 4063
f 4063 4053 4065
f 4066 4067 4069
f 4069 4067 4068
f 4048 4050 4063
f 4063 4050 4064
f 4063 4065 4048
f 4048 4065 4046
f 3985 4046 3986
f 3986 4046 4065
f 3986 4065 3988
f 3988 4065 4053
f 3988 4053 3964
f 3964 4053 4051
f 3976 3978 4044
f 4044 3978 4041
f 3980 3982 4039
f 4039 3982 4019
f 4039 4041 3980
f 3980 4041 3978
f 3973 3908 4006
f 4006 3908 3896
f 3885 3939 3896
f 3896 3939 4006
f 4031 4034 4027
f 4027 4034 4033
f 4027 4033 4025
f 4025 4033 4037
f 4019 4017 4037
f 4037 4017 4025
f 3993 3942 4070
f 4070 3942 3941
f 3999 3993 4071
f 4071 3993 4070
f 3999 4071 4005
f 4005 4071 4072
f 4073 4074 4076
f 4076 4074 4075
f 4078 4079 4077
f 4077 4079 4080
f 4082 4080 4081
f 4081 4080 4079
f 4084 4085 4083
f 4083 4085 4086
f 4087 4088 4090
f 4090 4088 4089
f 4092 4093 4091
f 4091 4093 4094
f 4096 4097 4095
f 4095 4097 4098
f 4100 4101 4099
f 4099 4101 4102
f 4103 4104 4106
f 4106 4104 4105
f 4108 4109 4107
f 4107 4109 4110
f 4112 4113 4111
f 4111 4113 4114
f 4116 4117 4115
f 4115 4117 4118
f 4120 4121 4119
f 4119 4121 4122
f 4123 4124 4126
f 4126 4124 4125
f 4127 4128 4130
f 4130 4128 4129
f 4132 4133 4131
f 4131 4133 4134
f 4136 4108 4135
f 4135 4108 4107
f 4138 4139 4137
f 4137 4139 4140
f 4141 4142 4088
f 4088 4142 4089
f 4144 4145 4143
f 4143 4145 4146
f 4148 4149 4147
f 4147 4149 4150
f 4152 4153 4151
f 4151 4153 4154
f 4156 4082 4155
f 4155 4082 4081
f 4157 4158 4160
f 4160 4158 4159
f 4161 4162 4164
f 4164 4162 4163
f 4166 4122 4165
f 4165 4122 4121
f 4168 4152 4167
f 4167 4152 4151
f 4169 4170 4172
f 4172 4170 4171
f 4174 4175 4173
f 4173 4175 4176
f 4178 4149 4177
f 4177 4149 4179
f 4173 4176 4180
f 4180 4176 4181
f 4156 4085 4182
f 4182 4085 4183
f 4182 4184 4156
f 4156 4184 4082
f 4185 4186 4184
f 4184 4186 4187
f 4186 4188 4187
f 4187 4188 4189
f 4190 4191 4073
f 4073 4191 4074
f 4177 4179 4158
f 4158 4179 4159
f 4193 4127 4192
f 4192 4127 4130
f 4144 4194 4151
f 4151 4194 4167
f 4196 4197 4195
f 4195 4197 4198
f 4095 4199 4096
f 4096 4199 4200
f 4201 4202 4204
f 4204 4202 4203
f 4205 4206 4208
f 4208 4206 4207
f 4121 4120 4209
f 4209 4120 4210
f 4212 4213 4211
f 4211 4213 4214
f 4216 4217 4215
f 4215 4217 4218
f 4220 4221 4219
f 4219 4221 4222
f 4224 4196 4223
f 4223 4196 4195
f 4225 4226 4134
f 4134 4226 4131
f 4228 4229 4227
f 4227 4229 4230
f 4232 4233 4231
f 4231 4233 4098
f 4235 4236 4234
f 4234 4236 4237
f 4239 4240 4238
f 4238 4240 4241
f 4242 4243 4245
f 4245 4243 4244
f 4246 4247 4249
f 4249 4247 4248
f 4251 4252 4250
f 4250 4252 4253
f 4255 4256 4254
f 4254 4256 4257
f 4259 4260 4258
f 4258 4260 4261
f 4263 4264 4262
f 4262 4264 4265
f 4267 4268 4266
f 4266 4268 4269
f 4271 4199 4270
f 4270 4199 4272
f 4273 4274 4276
f 4276 4274 4275
f 4115 4118 4277
f 4277 4118 4278
f 4280 4281 4279
f 4279 4281 4282
f 4211 4283 4212
f 4212 4283 4284
f 4286 4287 4285
f 4285 4287 4288
f 4165 4121 4289
f 4289 4121 4209
f 4291 4286 4290
f 4290 4286 4285
f 4293 4294 4292
f 4292 4294 4295
f 4297 4298 4296
f 4296 4298 4299
f 4301 4302 4300
f 4300 4302 4303
f 4299 4304 4296
f 4296 4304 4305
f 4306 4292 4307
f 4307 4292 4295
f 4307 4308 4306
f 4306 4308 4309
f 4310 4309 4075
f 4075 4309 4308
f 4299 4298 4312
f 4312 4298 4311
f 4302 4301 4293
f 4293 4301 4294
f 3735 3921 4313
f 4313 3921 4314
f 4315 4314 3922
f 3922 4314 3921
f 4316 3945 829
f 829 3945 830
f 4289 4317 4165
f 4165 4317 4318
f 4320 4321 4319
f 4319 4321 4322
f 4324 4325 4323
f 4323 4325 4326
f 4327 4328 4330
f 4330 4328 4329
f 4290 4331 4291
f 4291 4331 4332
f 4165 4318 4166
f 4166 4318 4333
f 4334 4335 4337
f 4337 4335 4336
f 4339 4340 4338
f 4338 4340 4341
f 4168 4343 4342
f 4342 4343 4344
f 4346 4347 4345
f 4345 4347 4348
f 4350 4351 4349
f 4349 4351 4352
f 4354 4355 4353
f 4353 4355 4356
f 4357 4358 4324
f 4324 4358 4325
f 4337 4359 4334
f 4334 4359 4360
f 4362 4363 4361
f 4361 4363 4364
f 4366 4367 4365
f 4365 4367 4368
f 4369 4370 4372
f 4372 4370 4371
f 4331 4290 4374
f 4374 4290 4373
f 4373 4376 4375
f 4375 4376 4377
f 4379 4380 4378
f 4378 4380 4381
f 4217 4382 4218
f 4218 4382 4383
f 4385 4386 4384
f 4384 4386 4387
f 4388 4389 4338
f 4338 4389 4390
f 4337 4336 4392
f 4392 4336 4391
f 4394 4362 4393
f 4393 4362 4361
f 4396 4397 4395
f 4395 4397 4398
f 4400 4401 4399
f 4399 4401 4402
f 4345 4403 4346
f 4346 4403 4404
f 4405 4406 4342
f 4342 4406 4407
f 4409 4410 4408
f 4408 4410 4411
f 4408 4412 4409
f 4409 4412 4413
f 4181 4415 4414
f 4414 4415 4416
f 4182 4183 4417
f 4417 4183 4418
f 4419 4353 4311
f 4311 4353 4312
f 4421 4422 4420
f 4420 4422 4423
f 4353 4356 4312
f 4312 4356 4424
f 4166 4333 4425
f 4425 4333 4426
f 4425 4143 4166
f 4166 4143 4122
f 4427 4107 4428
f 4428 4107 4110
f 4429 4430 4174
f 4174 4430 4175
f 4335 4431 4336
f 4336 4431 4390
f 4336 4390 4391
f 4391 4390 4389
f 4432 4433 4435
f 4435 4433 4434
f 4437 4438 4436
f 4436 4438 4439
f 4441 4442 4440
f 4440 4442 4443
f 4359 4444 4361
f 4361 4444 4393
f 4446 4447 4445
f 4445 4447 4448
f 4338 4341 4388
f 4388 4341 4449
f 4450 4451 4398
f 4398 4451 4395
f 4453 4454 4452
f 4452 4454 4455
f 4457 4458 4456
f 4456 4458 4459
f 4460 4461 4448
f 4448 4461 4445
f 4463 4464 4462
f 4462 4464 4465
f 4462 4465 4466
f 4466 4465 4467
f 4468 4469 4467
f 4467 4469 4466
f 4469 4468 4470
f 4470 4468 4471
f 4472 4473 4471
f 4471 4473 4470
f 4475 4476 4474
f 4474 4476 4477
f 4479 4480 4478
f 4478 4480 4481
f 4483 4484 4482
f 4482 4484 4485
f 4487 4488 4486
f 4486 4488 4489
f 4491 4492 4490
f 4490 4492 4493
f 4494 4495 4493
f 4493 4495 4490
f 4496 4497 4494
f 4494 4497 4495
f 4497 4496 4498
f 4498 4496 4499
f 4500 4501 4503
f 4503 4501 4502
f 4505 4506 4504
f 4504 4506 4507
f 4466 4508 4462
f 4462 4508 4509
f 4470 4510 4469
f 4469 4510 4511
f 4513 4479 4512
f 4512 4479 4478
f 4515 4443 4514
f 4514 4443 4442
f 4516 4517 4519
f 4519 4517 4518
f 4521 4495 4520
f 4520 4495 4497
f 4522 4490 4521
f 4521 4490 4495
f 4491 4523 4488
f 4488 4523 4524
f 4525 4489 4524
f 4524 4489 4488
f 4484 4526 4485
f 4485 4526 4527
f 4503 4528 4500
f 4500 4528 4529
f 4530 4531 4533
f 4533 4531 4532
f 4535 4506 4534
f 4534 4506 4530
f 4486 4536 4487
f 4487 4536 4537
f 4487 4537 4492
f 4492 4537 4538
f 4494 4539 4496
f 4496 4539 4540
f 4542 4533 4541
f 4541 4533 4499
f 4544 4545 4543
f 4543 4545 4546
f 4548 4549 4547
f 4547 4549 4550
f 4536 4551 4537
f 4537 4551 4552
f 4537 4552 4538
f 4538 4552 4553
f 4554 4539 4556
f 4556 4539 4555
f 4557 4540 4554
f 4554 4540 4539
f 4559 4557 4558
f 4558 4557 4560
f 4540 4557 4541
f 4541 4557 4559
f 4562 4563 4561
f 4561 4563 4564
f 4546 4565 4543
f 4543 4565 4566
f 4547 4567 4548
f 4548 4567 4568
f 4570 4571 4569
f 4569 4571 4572
f 4574 4575 4573
f 4573 4575 4576
f 4578 4579 4577
f 4577 4579 4580
f 4582 4583 4581
f 4581 4583 4584
f 4585 4586 4588
f 4588 4586 4587
f 4589 4585 4590
f 4590 4585 4588
f 4592 4593 4591
f 4591 4593 4594
f 4596 4597 4595
f 4595 4597 4598
f 4600 4601 4599
f 4599 4601 4602
f 4563 4604 4603
f 4603 4604 4605
f 4603 4606 4608
f 4608 4606 4607
f 4609 4610 4594
f 4594 4610 4591
f 4611 4612 4614
f 4614 4612 4613
f 4616 4617 4615
f 4615 4617 4618
f 4602 4620 4619
f 4619 4620 4621
f 4619 4622 4602
f 4602 4622 4599
f 4605 4599 4623
f 4623 4599 4622
f 4605 4623 4603
f 4603 4623 4606
f 4625 4626 4624
f 4624 4626 4627
f 4438 4437 4628
f 4628 4437 4629
f 4442 4441 4630
f 4630 4441 4631
f 4630 4632 4442
f 4442 4632 4514
f 4633 4634 4529
f 4529 4634 4500
f 4500 4634 4501
f 4501 4634 4635
f 4637 4546 4636
f 4636 4546 4545
f 4639 4565 4638
f 4638 4565 4640
f 4573 4576 4641
f 4641 4576 4642
f 4593 4643 4594
f 4594 4643 4644
f 4645 4609 4644
f 4644 4609 4594
f 4647 4648 4646
f 4646 4648 4649
f 4651 4652 4650
f 4650 4652 4653
f 4654 4498 4519
f 4519 4498 4532
f 4520 4508 4521
f 4521 4508 4511
f 4522 4510 4523
f 4523 4510 4655
f 4524 4656 4525
f 4525 4656 4657
f 4514 4529 4515
f 4515 4529 4528
f 4658 4659 4661
f 4661 4659 4660
f 4496 4540 4499
f 4499 4540 4541
f 4493 4555 4494
f 4494 4555 4539
f 4549 4483 4550
f 4550 4483 4482
f 4545 4544 4501
f 4501 4544 4502
f 4636 4545 4635
f 4635 4545 4501
f 4589 4663 4662
f 4662 4663 4664
f 4662 4665 4558
f 4558 4665 4559
f 4569 4586 4570
f 4570 4586 4560
f 4552 4666 4553
f 4553 4666 4667
f 4668 4669 4670
f 4670 4669 4666
f 4672 4673 4671
f 4671 4673 4674
f 4287 4675 4288
f 4288 4675 4676
f 4678 4679 4677
f 4677 4679 4680
f 4681 4678 4682
f 4682 4678 4677
f 4682 4683 4681
f 4681 4683 4684
f 4161 4164 4685
f 4685 4164 4686
f 4414 4687 4689
f 4689 4687 4688
f 4405 4690 4346
f 4346 4690 4347
f 4691 4399 4693
f 4693 4399 4692
f 1209 4694 4365
f 4365 4694 4366
f 4650 1211 4651
f 4651 1211 1210
f 4695 4696 4255
f 4255 4696 4256
f 4697 4698 4218
f 4218 4698 4215
f 4700 4701 4699
f 4699 4701 4702
f 4703 4704 4303
f 4303 4704 4300
f 4315 3922 4316
f 4316 3922 3945
f 4653 4706 4705
f 4705 4706 4707
f 4709 4710 4708
f 4708 4710 4711
f 4335 4334 4713
f 4713 4334 4712
f 4714 4340 4321
f 4321 4340 4322
f 4716 4717 4715
f 4715 4717 4718
f 4238 4241 4719
f 4719 4241 4720
f 4231 4721 4307
f 4307 4721 4308
f 4723 4724 4722
f 4722 4724 4725
f 4727 4728 4726
f 4726 4728 4729
f 4730 4731 4327
f 4327 4731 4328
f 4733 4734 4732
f 4732 4734 4735
f 4720 4381 4736
f 4736 4381 4737
f 4738 4739 4741
f 4741 4739 4740
f 4743 4744 4742
f 4742 4744 4745
f 4338 4390 4339
f 4339 4390 4431
f 4746 4747 4431
f 4431 4747 4339
f 4291 4332 4289
f 4289 4332 4317
f 4289 4209 4291
f 4291 4209 4286
f 4287 4286 4210
f 4210 4286 4209
f 4749 4750 4748
f 4748 4750 4751
f 4212 4284 4752
f 4752 4284 4753
f 4752 4754 4212
f 4212 4754 4213
f 4252 4251 4225
f 4225 4251 4226
f 4227 4230 4248
f 4248 4230 4249
f 4205 4755 4757
f 4757 4755 4756
f 4708 4711 4758
f 4758 4711 4647
f 4367 4366 4759
f 4759 4366 4760
f 4526 4513 4527
f 4527 4513 4512
f 4420 4423 4385
f 4385 4423 4386
f 4705 4761 4653
f 4653 4761 4650
f 4761 1279 4650
f 4650 1279 1211
f 4762 4763 3944
f 3944 4763 3936
f 4274 4273 4765
f 4765 4273 4764
f 4767 4768 4766
f 4766 4768 4769
f 4770 4771 4769
f 4769 4771 4766
f 4771 4770 4242
f 4242 4770 4243
f 4093 4163 4094
f 4094 4163 4162
f 4772 4773 4775
f 4775 4773 4774
f 4777 4778 4776
f 4776 4778 4779
f 4417 4185 4182
f 4182 4185 4184
f 4780 4078 4781
f 4781 4078 4077
f 4781 4077 4782
f 4782 4077 4189
f 4188 4783 4189
f 4189 4783 4782
f 4295 4232 4307
f 4307 4232 4231
f 4785 4786 4784
f 4784 4786 4787
f 4784 1307 4785
f 4785 1307 1306
f 4078 4780 4096
f 4096 4780 4097
f 4075 4074 4310
f 4310 4074 4788
f 4788 4074 4789
f 4789 4074 4191
f 4789 4191 4059
f 4059 4191 4790
f 4791 4277 4792
f 4792 4277 4278
f 3732 3735 4793
f 4793 3735 4313
f 4793 4794 3732
f 3732 4794 3731
f 4792 4795 4791
f 4791 4795 4796
f 4797 4798 4799
f 4799 4798 4724
f 4763 4800 3936
f 3936 4800 3935
f 4801 4062 3729
f 3729 4062 3730
f 4713 4712 4802
f 4802 4712 4803
f 4146 4804 4119
f 4119 4804 4805
f 4498 4654 4497
f 4497 4654 4520
f 4806 4807 1326
f 1326 4807 1327
f 4689 4688 1330
f 1330 4688 1331
f 4801 4789 4062
f 4062 4789 4059
f 3730 4062 4808
f 4808 4062 4061
f 4810 4811 4809
f 4809 4811 4812
f 4813 4403 4814
f 4814 4403 4345
f 4815 4816 4349
f 4349 4816 4350
f 4817 4818 4820
f 4820 4818 4819
f 4406 4821 4407
f 4407 4821 4822
f 4823 4161 4824
f 4824 4161 4685
f 4181 4414 4825
f 4825 4414 4689
f 4741 4740 4826
f 4826 4740 4827
f 4828 4829 4827
f 4827 4829 4826
f 4142 4141 4415
f 4415 4141 4148
f 4830 1354 4761
f 4761 1354 1279
f 4832 4833 4831
f 4831 4833 4834
f 4835 4836 4626
f 4626 4836 4421
f 4451 4709 4395
f 4395 4709 4708
f 4627 4420 4837
f 4837 4420 4385
f 4837 1365 4838
f 4838 1365 1364
f 4397 4396 4839
f 4839 4396 4840
f 4842 4628 4841
f 4841 4628 4629
f 4671 4674 4631
f 4631 4674 4630
f 4674 4659 4630
f 4630 4659 4632
f 4633 4632 4658
f 4658 4632 4659
f 4658 4504 4633
f 4633 4504 4634
f 4635 4634 4507
f 4507 4634 4504
f 4843 4636 4507
f 4507 4636 4635
f 4844 4637 4843
f 4843 4637 4636
f 4637 4844 4640
f 4640 4844 4664
f 4638 4663 4642
f 4642 4663 4845
f 4847 4643 4846
f 4846 4643 4641
f 4644 4848 4645
f 4645 4848 4849
f 4851 4852 4850
f 4850 4852 4853
f 4855 4856 4854
f 4854 4856 4857
f 4859 4860 4858
f 4858 4860 4857
f 4715 4718 4859
f 4859 4718 4860
f 4862 4863 4861
f 4861 4863 4864
f 4866 4867 4865
f 4865 4867 4868
f 4870 4871 4869
f 4869 4871 4872
f 4869 4872 4116
f 4116 4872 4117
f 4820 4819 4874
f 4874 4819 4873
f 4876 4877 4875
f 4875 4877 4878
f 4880 4881 4879
f 4879 4881 4882
f 4884 4885 4883
f 4883 4885 4886
f 4887 4888 4280
f 4280 4888 4281
f 4818 4817 4889
f 4889 4817 4890
f 4891 4193 4823
f 4823 4193 4192
f 4892 4893 4228
f 4228 4893 4229
f 4158 4157 4894
f 4894 4157 4895
f 4896 4897 4132
f 4132 4897 4133
f 4099 4683 4100
f 4100 4683 4682
f 4101 4100 4899
f 4899 4100 4898
f 4150 4106 4147
f 4147 4106 4900
f 4100 4682 4898
f 4898 4682 4677
f 4080 4082 4187
f 4187 4082 4184
f 4077 4080 4189
f 4189 4080 4187
f 4191 4190 4790
f 4790 4190 4901
f 4177 4158 4680
f 4680 4158 4894
f 4108 4136 4752
f 4752 4136 4754
f 4752 4753 4108
f 4108 4753 4109
f 4817 4902 4890
f 4890 4902 4903
f 4904 4905 4907
f 4907 4905 4906
f 4909 4910 4908
f 4908 4910 4911
f 4913 4914 4912
f 4912 4914 4915
f 4916 4917 4919
f 4919 4917 4918
f 4312 4424 4299
f 4299 4424 4304
f 4920 4921 4297
f 4297 4921 4298
f 4194 4922 4167
f 4167 4922 4923
f 4924 4400 4691
f 4691 4400 4399
f 4395 4708 4396
f 4396 4708 4758
f 4367 4925 4368
f 4368 4925 4926
f 4919 4918 4873
f 4873 4918 4874
f 4836 4927 4421
f 4421 4927 4422
f 4921 4928 4298
f 4298 4928 4311
f 4143 4146 4122
f 4122 4146 4119
f 4929 4930 4455
f 4455 4930 4452
f 4932 4933 4931
f 4931 4933 4934
f 4935 4936 4932
f 4932 4936 4933
f 4461 4460 4457
f 4457 4460 4458
f 4480 4479 4475
f 4475 4479 4476
f 4660 4673 4517
f 4517 4673 4937
f 4661 4505 4658
f 4658 4505 4504
f 4484 4483 4489
f 4489 4483 4486
f 4462 4509 4463
f 4463 4509 4518
f 4469 4511 4466
f 4466 4511 4508
f 4655 4473 4656
f 4656 4473 4477
f 4476 4657 4477
f 4477 4657 4656
f 4479 4513 4476
f 4476 4513 4657
f 4489 4525 4484
f 4484 4525 4526
f 4483 4549 4486
f 4486 4549 4536
f 4549 4548 4536
f 4536 4548 4551
f 4548 4568 4551
f 4551 4568 4670
f 4663 4589 4845
f 4845 4589 4590
f 4668 4577 4938
f 4938 4577 4580
f 4940 4938 4939
f 4939 4938 4941
f 4940 4942 4669
f 4669 4942 4943
f 4587 4582 4944
f 4944 4582 4581
f 4848 4847 4608
f 4608 4847 4564
f 4616 4945 4613
f 4613 4945 4598
f 4615 4946 4616
f 4616 4946 4945
f 4947 4939 4948
f 4948 4939 4946
f 4599 4605 4600
f 4600 4605 4604
f 4608 4607 4848
f 4848 4607 4849
f 4613 4612 4616
f 4616 4612 4617
f 4835 4949 4709
f 4709 4949 4710
f 4357 1477 4837
f 4837 1477 1365
f 4712 4950 4803
f 4803 4950 4951
f 4401 4952 4402
f 4402 4952 4953
f 4759 4760 4402
f 4402 4760 4399
f 4508 4520 4509
f 4509 4520 4654
f 4510 4522 4511
f 4511 4522 4521
f 4513 4526 4657
f 4657 4526 4525
f 4632 4633 4514
f 4514 4633 4529
f 4931 4934 4453
f 4453 4934 4454
f 4153 4954 4154
f 4154 4954 4955
f 4957 4958 4956
f 4956 4958 4959
f 4961 4962 4960
f 4960 4962 4963
f 4120 4964 4210
f 4210 4964 4965
f 4967 4968 4966
f 4966 4968 4969
f 4349 4692 4815
f 4815 4692 4970
f 4652 4971 4653
f 4653 4971 4706
f 4758 4647 4972
f 4972 4647 4646
f 4973 4363 4646
f 4646 4363 4972
f 4950 4360 4974
f 4974 4360 4364
f 4431 4335 4746
f 4746 4335 4713
f 4358 4714 4325
f 4325 4714 4321
f 4765 4764 4266
f 4266 4764 4975
f 4202 4976 4203
f 4203 4976 4977
f 4917 4978 4918
f 4918 4978 4979
f 4279 4282 4854
f 4854 4282 4269
f 4820 4880 4817
f 4817 4880 4902
f 4890 4903 4980
f 4980 4903 4886
f 4982 4983 4981
f 4981 4983 4123
f 4795 4851 4796
f 4796 4851 4850
f 4918 4979 4874
f 4874 4979 4881
f 4809 4404 4810
f 4810 4404 4403
f 4354 4985 4984
f 4984 4985 4986
f 1364 1516 4838
f 4838 1516 4987
f 4759 4988 4367
f 4367 4988 4925
f 4989 4990 4481
f 4481 4990 4478
f 4443 4515 4990
f 4990 4515 4991
f 4527 4512 4992
f 4992 4512 4991
f 4528 4503 4992
f 4992 4503 4993
f 4993 4994 4485
f 4485 4994 4482
f 4544 4995 4502
f 4502 4995 4994
f 4995 4996 4550
f 4550 4996 4547
f 4998 4999 4997
f 4997 4999 4566
f 4998 5000 4578
f 4578 5000 4579
f 5001 5002 4596
f 4596 5002 4597
f 5003 4591 5004
f 5004 4591 4610
f 4626 4421 4627
f 4627 4421 4420
f 4837 4838 4627
f 4627 4838 4624
f 4761 4705 4830
f 4830 4705 5005
f 4705 4707 5005
f 5005 4707 5006
f 4308 4721 4075
f 4075 4721 4076
f 5007 4200 4797
f 4797 4200 4798
f 4685 4686 5008
f 5008 4686 5009
f 4889 4890 5010
f 5010 4890 4980
f 4323 1541 4324
f 4324 1541 1540
f 4385 4384 4358
f 4358 4384 4714
f 4396 4758 4840
f 4840 4758 4972
f 4866 4852 5011
f 5011 4852 5012
f 5013 4260 4980
f 4980 4260 5010
f 4875 4878 5014
f 5014 4878 5015
f 5017 5018 5016
f 5016 5018 5019
f 5016 5019 5020
f 5020 5019 5021
f 5023 5024 5022
f 5022 5024 5025
f 5027 5028 5026
f 5026 5028 5029
f 5031 5032 5030
f 5030 5032 5033
f 5035 5036 5034
f 5034 5036 5037
f 5039 5040 5038
f 5038 5040 5041
f 5043 5044 5042
f 5042 5044 5045
f 5038 5046 5039
f 5039 5046 5047
f 5049 5050 5048
f 5048 5050 5051
f 5053 5054 5052
f 5052 5054 5055
f 5057 5024 5056
f 5056 5024 5058
f 5060 5061 5059
f 5059 5061 5062
f 5064 5065 5063
f 5063 5065 5066
f 5043 5050 5064
f 5064 5050 5065
f 5038 5041 5067
f 5067 5041 5068
f 5070 5071 5069
f 5069 5071 5072
f 5074 5075 5073
f 5073 5075 5076
f 5034 5077 5035
f 5035 5077 5078
f 5080 5081 5079
f 5079 5081 5082
f 5084 5085 5083
f 5083 5085 5086
f 5085 5084 5087
f 5087 5084 5088
f 5090 5091 5089
f 5089 5091 5092
f 5094 5095 5093
f 5093 5095 5096
f 5098 5099 5097
f 5097 5099 5100
f 5102 5103 5101
f 5101 5103 5104
f 5105 5106 5108
f 5108 5106 5107
f 5110 5111 5109
f 5109 5111 5112
f 5114 5094 5113
f 5113 5094 5093
f 5116 5117 5115
f 5115 5117 5118
f 5120 5121 5119
f 5119 5121 5122
f 5124 5125 5123
f 5123 5125 5126
f 5128 5129 5127
f 5127 5129 5130
f 5097 5131 5098
f 5098 5131 5132
f 5134 5135 5133
f 5133 5135 5122
f 5084 5125 5088
f 5088 5125 5136
f 5138 5139 5137
f 5137 5139 5140
f 5142 5102 5141
f 5141 5102 5101
f 5106 5143 5107
f 5107 5143 5144
f 5146 5147 5145
f 5145 5147 5148
f 5149 5150 5109
f 5109 5150 5110
f 5151 5110 5152
f 5152 5110 5150
f 4715 5140 4716
f 4716 5140 5139
f 5143 4870 5144
f 5144 4870 4869
f 4115 5146 4116
f 4116 5146 5145
f 4791 4796 5149
f 5149 4796 5150
f 4796 4850 5150
f 5150 4850 5152
f 4858 5142 4859
f 4859 5142 5141
f 5153 5154 5115
f 5115 5154 5105
f 5156 5157 5155
f 5155 5157 5158
f 5159 5160 5053
f 5053 5160 5054
f 5161 5162 5020
f 5020 5162 5068
f 5026 5029 5163
f 5163 5029 5021
f 5083 5086 5164
f 5164 5086 5165
f 5090 5167 5166
f 5166 5167 5168
f 5169 5170 5172
f 5172 5170 5171
f 5174 5175 5173
f 5173 5175 5176
f 5177 5109 5178
f 5178 5109 5112
f 5179 5180 5182
f 5182 5180 5181
f 5123 5126 5120
f 5120 5126 5121
f 5180 5167 5181
f 5181 5167 5183
f 5184 5185 5179
f 5179 5185 5180
f 5186 5149 5177
f 5177 5149 5109
f 4868 5184 4865
f 4865 5184 5179
f 5188 5189 5187
f 5187 5189 5190
f 4277 4791 5186
f 5186 4791 5149
f 5179 5182 4865
f 4865 5182 4853
f 5189 4862 5190
f 5190 4862 4861
f 5156 5075 5191
f 5191 5075 5192
f 5036 5035 5193
f 5193 5035 5194
f 5115 5118 5153
f 5153 5118 5195
f 5022 5025 5196
f 5196 5025 5197
f 5155 5158 5069
f 5069 5158 5062
f 5063 5066 5198
f 5198 5066 5199
f 5073 5076 5200
f 5200 5076 5072
f 5202 5131 5201
f 5201 5131 5203
f 5143 5106 5204
f 5204 5106 5205
f 5114 5113 5206
f 5206 5113 5127
f 5098 5132 5193
f 5193 5132 5195
f 5204 5207 5143
f 5143 5207 4870
f 5088 5136 5208
f 5208 5136 5092
f 5209 5210 5089
f 5089 5210 5183
f 5211 5018 5060
f 5060 5018 5061
f 5017 5040 5070
f 5070 5040 5071
f 5191 5160 5156
f 5156 5160 5157
f 5048 5028 5049
f 5049 5028 5058
f 5207 5204 4858
f 4858 5204 5142
f 4859 5141 4715
f 4715 5141 5140
f 5212 5162 5042
f 5042 5162 5051
f 5182 5152 4853
f 4853 5152 4850
f 5214 5134 5213
f 5213 5134 5133
f 5164 5165 5133
f 5133 5165 5213
f 5215 5216 5201
f 5201 5216 5217
f 5147 5218 5148
f 5148 5218 5219
f 5147 5177 5218
f 5218 5177 5178
f 5141 5101 5140
f 5140 5101 5137
f 5201 5217 5202
f 5202 5217 5104
f 5146 5186 5147
f 5147 5186 5177
f 4277 5186 4115
f 4115 5186 5146
f 5191 5192 5031
f 5031 5192 5032
f 5052 5055 5220
f 5220 5055 5197
f 4116 5145 4869
f 4869 5145 5144
f 5034 5037 5214
f 5214 5037 5134
f 5097 5100 5114
f 5114 5100 5094
f 5108 5107 5219
f 5219 5107 5148
f 5221 5135 5116
f 5116 5135 5117
f 5124 5111 5209
f 5209 5111 5210
f 5107 5144 5148
f 5148 5144 5145
f 5152 5182 5151
f 5151 5182 5181
f 5208 5222 5088
f 5088 5222 5087
f 5222 5208 5171
f 5171 5208 5172
f 5223 1756 4698
f 4698 1756 1755
f 4427 5224 4107
f 4107 5224 4135
f 4178 4679 5225
f 5225 4679 5226
f 5227 5228 4892
f 4892 5228 4893
f 5229 5230 4171
f 4171 5230 4172
f 4855 4268 4884
f 4884 4268 4885
f 4884 4871 4855
f 4855 4871 4856
f 4684 5231 4896
f 4896 5231 4897
f 4768 4767 5009
f 5009 4767 5008
f 5205 5154 5102
f 5102 5154 5103
f 5099 5098 5194
f 5194 5098 5193
f 5198 5199 5079
f 5079 5199 5033
f 5102 5142 5205
f 5205 5142 5204
f 5224 4427 4681
f 4681 4427 4678
f 3712 3711 5232
f 5232 3711 5233
f 3968 3988 3963
f 3963 3988 3964
f 3976 4044 3972
f 3972 4044 3985
f 4038 4037 4036
f 4036 4037 4033
f 4794 4762 3731
f 3731 4762 3944
f 3731 3944 3722
f 3722 3944 3810
f 3874 5234 5232
f 5232 5234 3712
f 3906 3905 3867
f 3867 3905 4011
f 3904 4023 3905
f 3905 4023 4011
f 3719 3722 3811
f 3811 3722 3810
f 3812 3719 3687
f 3687 3719 3811
f 3716 3812 3686
f 3686 3812 3687
f 3713 3716 3685
f 3685 3716 3686
f 4810 4403 5235
f 5235 4403 4813
f 4345 1770 4814
f 4814 1770 1769
f 4067 4066 4058
f 4058 4066 5236
f 4043 4068 4049
f 4049 4068 4050
f 4034 5237 3989
f 3989 5237 3990
f 4031 4030 4072
f 4072 4030 4005
f 4003 4004 4002
f 4002 4004 4032
f 4004 4005 4032
f 4032 4005 4030
f 4067 4064 4068
f 4068 4064 4050
f 4058 4057 4067
f 4067 4057 4064
f 4035 4034 5238
f 5238 4034 3989
f 5236 5239 4058
f 4058 5239 5240
f 5234 3874 5241
f 5241 3874 3873
f 5241 3873 3881
f 3881 3873 3878
f 4800 4763 4788
f 4788 4763 4310
f 4763 4762 4310
f 4310 4762 4309
f 4762 4794 4309
f 4309 4794 4306
f 4794 4793 4306
f 4306 4793 4292
f 4293 4313 4302
f 4302 4313 4314
f 4302 4314 4303
f 4303 4314 4315
f 4303 4315 4703
f 4703 4315 4316
f 4035 4069 4043
f 4043 4069 4068
f 4324 1540 4357
f 4357 1540 1477
f 5232 3987 3874
f 3874 3987 3871
f 3987 5232 4013
f 4013 5232 5233
f 4013 5233 4014
f 4014 5233 5242
f 3888 4015 3865
f 3865 4015 4007
f 3866 4008 5243
f 5243 4008 4016
f 3873 5244 3878
f 3878 5244 3875
f 3965 5244 3872
f 3872 5244 3873
f 3876 3875 3965
f 3965 3875 5244
f 5243 4016 5242
f 5242 4016 4014
f 5246 5247 5245
f 5245 5247 5248
f 3576 3950 3577
f 3577 3950 3926
f 3584 3842 3585
f 3585 3842 3580
f 5249 5247 1784
f 1784 5247 1785
f 5250 5251 5253
f 5253 5251 5252
f 5255 5252 5254
f 5254 5252 5256
f 5254 5256 5258
f 5258 5256 5257
f 5258 5257 5260
f 5260 5257 5259
f 4356 5261 4424
f 4424 5261 5259
f 4355 5262 4356
f 4356 5262 5261
f 4924 5264 5263
f 5263 5264 5265
f 4693 5266 4691
f 4691 5266 5267
f 4351 5268 4352
f 4352 5268 5269
f 1808 1807 4351
f 4351 1807 5268
f 3580 3842 3581
f 3799 3802 3838
f 4800 4788 4801
f 4801 4788 4789
f 3729 3935 4801
f 4801 3935 4800
f 3728 3666 3729
f 3729 3666 3935
f 3728 3798 3666
f 3666 3798 3663
f 3798 3818 3663
f 3663 3818 3809
f 3818 3817 3809
f 3809 3817 3808
f 3796 3655 3817
f 3817 3655 3808
f 3615 3568 3796
f 3796 3568 3655
f 3573 3569 3615
f 3615 3569 3568
f 3572 3613 3573
f 3573 3613 3569
f 3792 3606 3572
f 3572 3606 3613
f 3607 3791 3949
f 3949 3791 3591
f 3590 3950 3591
f 3591 3950 3949
f 3805 3926 3590
f 3590 3926 3950
f 3804 3559 3805
f 3805 3559 3926
f 3804 3914 3559
f 3559 3914 3560
f 3924 3789 3913
f 3913 3789 3788
f 3924 3928 3789
f 3789 3928 3826
f 3928 3927 3826
f 3826 3927 3827
f 3927 3834 3827
f 3827 3834 3835
f 4079 4078 5270
f 5270 4078 5007
f 5271 5272 4233
f 4233 5272 5273
f 5275 5276 5274
f 5274 5276 5277
f 5278 5279 4236
f 4236 5279 4237
f 5278 5280 5271
f 5271 5280 5272
f 4235 5281 4236
f 4236 5281 5282
f 5284 5285 5283
f 5283 5285 5286
f 5288 5289 5287
f 5287 5289 5290
f 5292 5293 5291
f 5291 5293 5294
f 5287 5290 4726
f 4726 5290 5295
f 4293 4292 4313
f 4313 4292 4793
f 4720 4736 4719
f 4719 4736 5296
f 5297 4909 5298
f 5298 4909 4908
f 5299 5300 4976
f 4976 5300 5301
f 5302 4202 5303
f 5303 4202 4201
f 5304 5305 4983
f 4983 5305 5306
f 5308 5309 5307
f 5307 5309 5310
f 4722 4725 5283
f 5283 4725 5311
f 5291 5294 4125
f 4125 5294 4126
f 5313 5314 5312
f 5312 5314 5315
f 5316 5317 5319
f 5319 5317 5318
f 5321 5308 5320
f 5320 5308 5307
f 4819 4981 4873
f 4873 4981 5322
f 4981 4123 5322
f 5322 4123 4126
f 5324 5325 5323
f 5323 5325 5326
f 4764 5327 4975
f 4975 5327 5328
f 4172 5327 4169
f 4169 5327 5329
f 4768 4171 4769
f 4769 4171 4170
f 4243 4755 4244
f 4244 4755 5330
f 4755 4205 5330
f 5330 4205 4208
f 4206 4906 4207
f 4207 4906 4905
f 4686 5014 5009
f 5009 5014 5229
f 4756 4770 4170
f 4170 4770 4769
f 4170 4169 4756
f 4756 4169 4757
f 4273 5329 4764
f 4764 5329 5327
f 4276 5331 4273
f 4273 5331 5329
f 4770 4756 4243
f 4243 4756 4755
f 5333 4889 5332
f 5332 4889 5010
f 4877 5332 4878
f 4878 5332 4259
f 4875 4164 4876
f 4876 4164 4163
f 5334 5335 5324
f 5324 5335 5325
f 4983 5306 4123
f 4123 5306 4124
f 4818 4982 4819
f 4819 4982 4981
f 5332 5010 4259
f 4259 5010 4260
f 5014 4686 4875
f 4875 4686 4164
f 4171 4768 5229
f 5229 4768 5009
f 5337 4916 5336
f 5336 4916 4919
f 5293 5337 5294
f 5294 5337 5336
f 4982 4818 5333
f 5333 4818 4889
f 5338 5339 4262
f 4262 5339 5340
f 5307 5310 5338
f 5338 5310 5339
f 5341 5342 4204
f 4204 5342 5309
f 5336 4919 5322
f 5322 4919 4873
f 5294 5336 4126
f 4126 5336 5322
f 5323 5326 5343
f 5343 5326 5286
f 4914 5344 4915
f 4915 5344 5345
f 5312 5315 5344
f 5344 5315 5345
f 5347 5348 5346
f 5346 5348 5349
f 5350 5351 4832
f 4832 5351 4833
f 5352 5353 5349
f 5349 5353 5346
f 5354 5338 4265
f 4265 5338 4262
f 5320 5307 5354
f 5354 5307 5338
f 4201 5308 5303
f 5303 5308 5321
f 5356 5357 5355
f 5355 5357 4799
f 5358 5359 5334
f 5334 5359 5335
f 5358 5360 4093
f 4093 5360 4163
f 5360 5305 4163
f 4163 5305 4876
f 5305 5304 4876
f 4876 5304 4877
f 5270 4778 4079
f 4079 4778 4081
f 4779 5361 4774
f 4774 5361 5357
f 5356 5359 4775
f 4775 5359 4092
f 5333 5304 4982
f 4982 5304 4983
f 5332 4877 5333
f 5333 4877 5304
f 5015 4258 5230
f 5230 4258 5328
f 5327 4172 5328
f 5328 4172 5230
f 4169 5329 4757
f 4757 5329 5331
f 4757 5331 4205
f 4205 5331 4206
f 5331 4276 4206
f 4206 4276 4906
f 4276 4275 4906
f 4906 4275 4907
f 4275 4888 4907
f 4907 4888 4744
f 4887 4717 4745
f 4745 4717 4864
f 4716 5139 4861
f 4861 5139 5190
f 5139 5138 5190
f 5190 5138 5187
f 5138 5216 5187
f 5187 5216 5176
f 5215 5362 5173
f 5173 5362 5130
f 5364 5365 5363
f 5363 5365 5340
f 4742 4863 5366
f 5366 4863 4867
f 4862 5189 4868
f 4868 5189 5184
f 5189 5188 5184
f 5184 5188 5185
f 5188 5175 5185
f 5185 5175 5168
f 3560 3788 3561
f 3561 3788 3790
f 3596 3595 3608
f 3608 3595 3594
f 3598 3582 3595
f 3595 3582 3592
f 3600 3609 3601
f 3601 3609 3611
f 3602 3601 3612
f 3612 3601 3611
f 3606 3605 3613
f 3613 3605 3614
f 3793 5367 3794
f 3794 5367 5368
f 3598 3597 3600
f 3600 3597 3609
f 3793 3792 3575
f 3575 3792 3572
f 3561 3594 3558
f 3558 3594 3593
f 3807 3915 3804
f 3804 3915 3914
f 3916 3915 5370
f 5370 3915 5369
f 3602 3605 3603
f 3603 3605 3604
f 3606 3792 3607
f 3607 3792 3791
f 3914 3913 3560
f 3560 3913 3788
f 5174 5129 5166
f 5166 5129 5371
f 5170 5169 5093
f 5093 5169 5113
f 5166 5371 5090
f 5090 5371 5091
f 5128 5169 5372
f 5372 5169 5172
f 5127 5113 5128
f 5128 5113 5169
f 5114 5206 5203
f 5203 5206 5362
f 5200 5373 5073
f 5073 5373 5096
f 5374 5375 5200
f 5200 5375 5373
f 5039 5047 5374
f 5374 5047 5375
f 5087 5046 5085
f 5085 5046 5376
f 5212 5377 5067
f 5067 5377 5376
f 5042 5045 5212
f 5212 5045 5377
f 5064 5378 5043
f 5043 5378 5044
f 5063 5077 5064
f 5064 5077 5378
f 5079 5082 5198
f 5198 5082 5078
f 5099 5081 5100
f 5100 5081 5379
f 5100 5379 5094
f 5094 5379 5095
f 5381 5382 5380
f 5380 5382 5383
f 5385 5386 5384
f 5384 5386 5383
f 5385 5387 5386
f 5386 5387 5388
f 5390 5391 5389
f 5389 5391 5392
f 5393 5394 5396
f 5396 5394 5395
f 5398 5399 5397
f 5397 5399 5400
f 5402 5403 5401
f 5401 5403 5404
f 5406 5407 5405
f 5405 5407 5404
f 5408 5409 5163
f 5163 5409 5410
f 5411 5412 5414
f 5414 5412 5413
f 5057 5416 5415
f 5415 5416 5417
f 5393 5416 5418
f 5418 5416 5419
f 5396 5395 5420
f 5420 5395 5421
f 5423 5424 5422
f 5422 5424 5425
f 5415 5417 5220
f 5220 5417 5426
f 5418 5391 5393
f 5393 5391 5394
f 5414 5388 5411
f 5411 5388 5392
f 5059 5427 5060
f 5060 5427 5428
f 5423 5427 5429
f 5429 5427 5430
f 5432 5382 5431
f 5431 5382 5425
f 5429 5407 5423
f 5423 5407 5424
f 5380 5409 5381
f 5381 5409 5433
f 5381 5433 5422
f 5422 5433 5428
f 5027 5412 5056
f 5056 5412 5419
f 5435 5436 5434
f 5434 5436 5437
f 5159 5439 5438
f 5438 5439 5440
f 5053 5436 5159
f 5159 5436 5439
f 5441 5403 5398
f 5398 5403 5399
f 5163 5410 5026
f 5026 5410 5413
f 5438 5440 5442
f 5442 5440 5430
f 5444 5445 5443
f 5443 5445 5446
f 5447 5448 5450
f 5450 5448 5449
f 5451 5446 5452
f 5452 5446 5445
f 5454 5455 5453
f 5453 5455 5451
f 5456 5454 5458
f 5458 5454 5457
f 5460 5461 5459
f 5459 5461 5462
f 5464 5465 5463
f 5463 5465 5466
f 5468 5469 5467
f 5467 5469 5470
f 5472 5473 5471
f 5471 5473 5474
f 5475 5476 5478
f 5478 5476 5477
f 5479 5480 5482
f 5482 5480 5481
f 5483 5484 5448
f 5448 5484 5485
f 5448 5485 5449
f 5449 5485 5486
f 5487 5476 5488
f 5488 5476 5475
f 5490 5491 5489
f 5489 5491 5492
f 5494 5495 5493
f 5493 5495 5496
f 5498 5494 5497
f 5497 5494 5493
f 5500 5501 5499
f 5499 5501 5502
f 5503 5504 5446
f 5446 5504 5443
f 5506 5507 5505
f 5505 5507 5508
f 5510 5511 5509
f 5509 5511 5512
f 5514 5515 5513
f 5513 5515 5516
f 5518 5519 5517
f 5517 5519 5520
f 5495 5521 5496
f 5496 5521 5522
f 5524 5525 5523
f 5523 5525 5526
f 5527 5528 5494
f 5494 5528 5495
f 5499 5502 5529
f 5529 5502 5530
f 5531 5532 5485
f 5485 5532 5486
f 5485 5484 5531
f 5531 5484 5533
f 5482 5481 5534
f 5534 5481 5535
f 5536 5512 5506
f 5506 5512 5511
f 5455 5503 5451
f 5451 5503 5446
f 5467 5470 5511
f 5511 5470 5537
f 5538 5467 5510
f 5510 5467 5511
f 5540 5541 5539
f 5539 5541 5542
f 5543 5544 5546
f 5546 5544 5545
f 5548 5472 5547
f 5547 5472 5471
f 5493 5496 5549
f 5549 5496 5550
f 5496 5522 5550
f 5550 5522 5551
f 5553 5554 5552
f 5552 5554 5555
f 5557 5447 5556
f 5556 5447 5558
f 5557 5483 5447
f 5447 5483 5448
f 5478 5477 5553
f 5553 5477 5559
f 5477 5560 5559
f 5559 5560 5561
f 5476 5562 5477
f 5477 5562 5560
f 5476 5487 5562
f 5562 5487 5563
f 5560 5564 5561
f 5561 5564 5565
f 5564 5560 5566
f 5566 5560 5562
f 5563 5567 5562
f 5562 5567 5566
f 5569 5521 5568
f 5568 5521 5570
f 5481 5572 5571
f 5571 5572 5573
f 5574 5535 5571
f 5571 5535 5481
f 5576 5577 5575
f 5575 5577 5578
f 5579 5580 5456
f 5456 5580 5581
f 5475 5582 5488
f 5488 5582 5583
f 5584 5536 5505
f 5505 5536 5506
f 5585 5586 5588
f 5588 5586 5587
f 5590 5591 5589
f 5589 5591 5592
f 5519 5593 5520
f 5520 5593 5594
f 5595 5596 5462
f 5462 5596 5597
f 5599 5600 5598
f 5598 5600 5514
f 5602 5603 5601
f 5601 5603 5604
f 5524 5543 5525
f 5525 5543 5546
f 5543 5524 5606
f 5606 5524 5605
f 5607 5608 5500
f 5500 5608 5501
f 5610 5551 5609
f 5609 5551 5522
f 5611 5510 5598
f 5598 5510 5509
f 5612 5597 5457
f 5457 5597 5458
f 5510 5611 5538
f 5538 5611 5613
f 5580 5508 5581
f 5581 5508 5507
f 5615 5616 5614
f 5614 5616 5617
f 5619 5620 5618
f 5618 5620 5621
f 5623 5624 5622
f 5622 5624 5625
f 5627 5624 5626
f 5626 5624 5623
f 5629 5630 5628
f 5628 5630 5631
f 5633 5634 5632
f 5632 5634 5466
f 5635 5636 5463
f 5463 5636 5637
f 5523 5638 5524
f 5524 5638 5605
f 5639 5640 5641
f 5641 5640 5595
f 5611 5513 5613
f 5613 5513 5642
f 5643 5586 5608
f 5608 5586 5501
f 5622 5625 5590
f 5590 5625 5591
f 5598 5514 5611
f 5611 5514 5513
f 5645 5646 5644
f 5644 5646 5647
f 5620 5619 5491
f 5491 5619 5648
f 5649 5643 5492
f 5492 5643 5608
f 5650 5651 5653
f 5653 5651 5652
f 5463 5466 5635
f 5635 5466 5634
f 5597 5612 5462
f 5462 5612 5459
f 5635 5634 5523
f 5523 5634 5638
f 5654 5638 5633
f 5633 5638 5634
f 5655 5656 5525
f 5525 5656 5526
f 5658 5659 5657
f 5657 5659 5527
f 5660 5464 5637
f 5637 5464 5463
f 5632 5466 5661
f 5661 5466 5465
f 5661 5662 5632
f 5632 5662 5658
f 5662 5663 5658
f 5658 5663 5659
f 5665 5659 5664
f 5664 5659 5663
f 5632 5658 5633
f 5633 5658 5657
f 5666 5629 5530
f 5530 5629 5667
f 5528 5527 5665
f 5665 5527 5659
f 5668 5669 5570
f 5570 5669 5568
f 5669 5668 5670
f 5670 5668 5671
f 5646 5672 5673
f 5672 5674 5673
f 5673 5674 5675
f 5674 5460 5675
f 5675 5460 5459
f 5461 5676 5462
f 5462 5676 5595
f 5677 5678 5680
f 5680 5678 5679
f 5628 5681 5629
f 5629 5681 5667
f 5682 5529 5667
f 5667 5529 5530
f 5675 5459 5683
f 5683 5459 5612
f 5585 5666 5502
f 5502 5666 5530
f 5589 5684 5602
f 5602 5684 5603
f 5646 5645 5663
f 5663 5645 5664
f 5685 5647 5673
f 5673 5647 5646
f 5686 5687 5683
f 5683 5687 5685
f 5688 5689 5533
f 5533 5689 5531
f 5690 5691 5535
f 5535 5691 5534
f 5692 5690 5574
f 5574 5690 5535
f 5685 5687 5689
f 5689 5687 5693
f 5489 5694 5490
f 5490 5694 5695
f 5690 5692 5696
f 5696 5692 5697
f 5696 5644 5690
f 5690 5644 5691
f 5447 5450 5558
f 5558 5450 5698
f 5699 5700 5642
f 5642 5700 5613
f 5701 5702 5540
f 5540 5702 5541
f 5431 5703 5432
f 5432 5703 5697
f 5385 5384 5574
f 5574 5384 5692
f 5389 5387 5573
f 5573 5387 5571
f 5565 5390 5573
f 5573 5390 5389
f 5390 5565 5704
f 5704 5565 5564
f 5566 5705 5564
f 5564 5705 5704
f 5569 5441 5609
f 5609 5441 5398
f 5568 5405 5569
f 5569 5405 5441
f 5670 5706 5669
f 5669 5706 5406
f 5703 5431 5670
f 5670 5431 5706
f 5432 5697 5384
f 5384 5697 5692
f 5574 5571 5385
f 5385 5571 5387
f 5607 5707 5489
f 5489 5707 5694
f 5518 5708 5519
f 5519 5708 5709
f 5711 5576 5710
f 5710 5576 5575
f 5713 5714 5712
f 5712 5714 5715
f 5553 5552 5478
f 5478 5552 5716
f 5717 5475 5716
f 5716 5475 5478
f 5718 5719 5605
f 5605 5719 5606
f 5505 5622 5584
f 5584 5622 5590
f 5508 5623 5505
f 5505 5623 5622
f 5626 5623 5580
f 5580 5623 5508
f 5580 5579 5626
f 5626 5579 5720
f 5579 5721 5720
f 5720 5721 5722
f 5666 5585 5723
f 5723 5585 5588
f 5724 5725 5639
f 5639 5725 5640
f 5554 5726 5555
f 5555 5726 5727
f 5453 5728 5729
f 5689 5688 5685
f 5685 5688 5647
f 5604 5730 5512
f 5512 5730 5509
f 5628 5631 5618
f 5618 5631 5592
f 5601 5604 5536
f 5536 5604 5512
f 5732 5676 5731
f 5731 5676 5660
f 5730 5604 5733
f 5733 5604 5603
f 5563 5487 5551
f 5551 5487 5550
f 5489 5492 5607
f 5607 5492 5608
f 5573 5572 5565
f 5565 5572 5561
f 5609 5522 5569
f 5569 5522 5521
f 5499 5734 5500
f 5500 5734 5735
f 5596 5736 5721
f 5721 5736 5722
f 5737 5600 5594
f 5594 5600 5520
f 5599 5730 5517
f 5517 5730 5733
f 5660 5738 5731
f 5731 5738 5739
f 5648 5649 5491
f 5491 5649 5492
f 5501 5586 5502
f 5502 5586 5585
f 5525 5546 5655
f 5655 5546 5740
f 5600 5599 5520
f 5520 5599 5517
f 5708 5739 5709
f 5709 5739 5738
f 5636 5635 5526
f 5526 5635 5523
f 5670 5671 5703
f 5703 5671 5741
f 5490 5695 5742
f 5742 5695 5743
f 5682 5678 5744
f 5744 5678 5677
f 5678 5681 5679
f 5679 5681 5621
f 5742 5743 5679
f 5679 5743 5680
f 5618 5621 5628
f 5628 5621 5681
f 5725 5724 5589
f 5589 5724 5684
f 5456 5458 5579
f 5579 5458 5721
f 5675 5683 5673
f 5673 5683 5685
f 5529 5682 5745
f 5745 5682 5744
f 5721 5458 5596
f 5596 5458 5597
f 5701 5540 5719
f 5719 5540 5606
f 5703 5741 5697
f 5697 5741 5696
f 5500 5735 5607
f 5607 5735 5707
f 5549 5746 5493
f 5493 5746 5497
f 5700 5747 5613
f 5613 5747 5538
f 5420 5421 5434
f 5434 5421 5400
f 5689 5693 5531
f 5531 5693 5532
f 5705 5566 5748
f 5748 5566 5567
f 5609 5398 5610
f 5610 5398 5397
f 5669 5406 5568
f 5568 5406 5405
f 5488 5583 5549
f 5549 5583 5746
f 5714 5713 5710
f 5710 5713 5711
f 5747 5468 5538
f 5538 5468 5467
f 5548 5547 5749
f 5749 5547 5750
f 5733 5603 5751
f 5751 5603 5684
f 5589 5602 5590
f 5590 5602 5584
f 5636 5752 5614
f 5614 5752 5615
f 5753 5754 5738
f 5738 5754 5755
f 5602 5601 5584
f 5584 5601 5536
f 5723 5736 5630
f 5630 5736 5640
f 5595 5640 5596
f 5596 5640 5736
f 5734 5499 5745
f 5745 5499 5529
f 5627 5587 5643
f 5643 5587 5586
f 5553 5559 5554
f 5554 5559 5480
f 5559 5561 5480
f 5480 5561 5572
f 5554 5480 5726
f 5726 5480 5479
f 5749 5750 5715
f 5715 5750 5712
f 5683 5612 5686
f 5686 5612 5457
f 5678 5682 5681
f 5681 5682 5667
f 5598 5509 5599
f 5599 5509 5730
f 5679 5621 5742
f 5742 5621 5620
f 5652 5616 5653
f 5653 5616 5615
f 5220 5426 5052
f 5052 5426 5437
f 5487 5488 5550
f 5550 5488 5549
f 5742 5620 5490
f 5490 5620 5491
f 5551 5610 5563
f 5563 5610 5567
f 5610 5397 5567
f 5567 5397 5748
f 5614 5617 5753
f 5753 5617 5754
f 5480 5572 5481
f 5755 5756 5738
f 5738 5756 5709
f 5745 5744 5758
f 5758 5744 5757
f 5745 5758 5734
f 5734 5758 5759
f 5735 5734 5760
f 5760 5734 5759
f 5707 5735 5761
f 5761 5735 5760
f 5744 5677 5757
f 5757 5677 5762
f 5677 5680 5762
f 5762 5680 5763
f 5763 5680 5764
f 5764 5680 5743
f 5765 5766 5762
f 5762 5766 5757
f 5768 5769 5767
f 5767 5769 5770
f 5771 5772 5770
f 5770 5772 5767
f 5770 5769 5774
f 5774 5769 5773
f 5775 5776 5774
f 5774 5776 5777
f 5773 5778 5774
f 5774 5778 5775
f 5779 5766 5773
f 5773 5766 5778
f 5777 5771 5774
f 5774 5771 5770
f 5780 5781 5783
f 5783 5781 5782
f 5781 5780 5771
f 5771 5780 5772
f 5773 5769 5779
f 5779 5769 5768
f 5768 5759 5779
f 5779 5759 5758
f 5768 5784 5759
f 5759 5784 5760
f 5767 5785 5768
f 5768 5785 5784
f 5785 5767 5786
f 5786 5767 5772
f 5766 5779 5757
f 5757 5779 5758
f 5780 5787 5772
f 5772 5787 5786
f 5785 5786 5788
f 5788 5786 5789
f 5786 5787 5789
f 5789 5787 5790
f 5788 5789 5791
f 5791 5789 5792
f 5791 5793 5788
f 5788 5793 5794
f 5795 5792 5790
f 5790 5792 5789
f 5785 5788 5784
f 5784 5788 5794
f 5784 5794 5760
f 5760 5794 5761
f 5787 5780 5796
f 5796 5780 5783
f 5775 5778 5797
f 5797 5778 5766
f 5797 5798 5775
f 5775 5798 5776
f 5766 5765 5797
f 5797 5765 5799
f 5798 5797 5800
f 5800 5797 5799
f 5798 5801 5776
f 5776 5801 5802
f 5707 5761 5694
f 5694 5761 5803
f 5695 5804 5743
f 5743 5804 5764
f 5804 5695 5803
f 5803 5695 5694
f 5803 5793 5804
f 5804 5793 5805
f 5793 5791 5805
f 5805 5791 5806
f 5804 5805 5764
f 5764 5805 5807
f 5803 5761 5793
f 5793 5761 5794
f 5808 5763 5807
f 5807 5763 5764
f 5808 5765 5763
f 5763 5765 5762
f 5809 5799 5808
f 5808 5799 5765
f 5809 5808 5810
f 5810 5808 5807
f 5811 5809 5812
f 5812 5809 5810
f 5805 5806 5807
f 5807 5806 5810
f 5806 5813 5810
f 5810 5813 5812
f 5799 5809 5800
f 5800 5809 5811
f 5815 5800 5814
f 5814 5800 5811
f 5814 5817 5816
f 5816 5817 5818
f 5814 5811 5817
f 5817 5811 5812
f 5814 5816 5815
f 5815 5816 5796
f 5815 5796 5801
f 5801 5796 5783
f 5801 5798 5815
f 5815 5798 5800
f 5791 5792 5806
f 5806 5792 5813
f 5818 5813 5795
f 5795 5813 5792
f 5818 5817 5813
f 5813 5817 5812
f 5816 5818 5790
f 5790 5818 5795
f 5790 5787 5816
f 5816 5787 5796
f 5771 5777 5781
f 5781 5777 5782
f 5782 5802 5783
f 5783 5802 5801
f 5782 5777 5802
f 5802 5777 5776
f 5588 5587 5722
f 5722 5587 5720
f 5591 5619 5592
f 5592 5619 5618
f 5625 5624 5648
f 5648 5624 5649
f 5624 5627 5649
f 5649 5627 5643
f 5631 5630 5725
f 5725 5630 5640
f 5625 5648 5591
f 5591 5648 5619
f 5588 5722 5723
f 5723 5722 5736
f 5631 5725 5592
f 5592 5725 5589
f 5723 5630 5666
f 5666 5630 5629
f 5587 5627 5720
f 5720 5627 5626
f 5820 5821 5819
f 5819 5821 5822
f 5824 5825 5823
f 5823 5825 5826
f 5823 5826 5827
f 5827 5826 5828
f 5829 5830 5832
f 5832 5830 5831
f 5518 5833 5708
f 5708 5833 5834
f 5835 5836 5824
f 5824 5836 5825
f 5838 5839 5837
f 5837 5839 5840
f 5751 5684 5842
f 5842 5684 5841
f 5843 5841 5724
f 5724 5841 5684
f 5845 5846 5844
f 5844 5846 5847
f 5848 5830 5836
f 5836 5830 5825
f 5518 5751 5833
f 5833 5751 5842
f 5839 5838 5821
f 5821 5838 5849
f 5850 5848 5822
f 5822 5848 5836
f 5851 5845 5828
f 5828 5845 5852
f 5854 5855 5853
f 5853 5855 5856
f 5845 5844 5852
f 5852 5844 5857
f 5858 5827 5852
f 5852 5827 5828
f 5851 5828 5829
f 5829 5828 5826
f 5819 5859 5820
f 5820 5859 5860
f 5835 5861 5819
f 5819 5861 5859
f 5851 5829 5862
f 5862 5829 5832
f 5844 5847 5837
f 5837 5847 5834
f 5819 5822 5835
f 5835 5822 5836
f 5823 5863 5824
f 5824 5863 5864
f 5849 5850 5821
f 5821 5850 5822
f 5825 5830 5826
f 5826 5830 5829
f 5820 5860 5865
f 5865 5860 5866
f 5858 5854 5867
f 5867 5854 5853
f 5854 5857 5855
f 5855 5857 5840
f 5855 5865 5856
f 5856 5865 5866
f 5837 5840 5844
f 5844 5840 5857
f 5827 5858 5868
f 5868 5858 5867
f 5824 5864 5835
f 5835 5864 5861
f 5732 5731 5862
f 5862 5731 5846
f 5863 5823 5868
f 5868 5823 5827
f 5843 5831 5848
f 5848 5831 5830
f 5854 5858 5857
f 5857 5858 5852
f 5855 5840 5865
f 5865 5840 5839
f 5865 5839 5820
f 5820 5839 5821
f 5868 5867 5870
f 5870 5867 5869
f 5868 5870 5863
f 5863 5870 5871
f 5863 5871 5864
f 5864 5871 5872
f 5864 5872 5861
f 5861 5872 5873
f 5867 5853 5869
f 5869 5853 5874
f 5853 5856 5874
f 5874 5856 5875
f 5856 5866 5875
f 5875 5866 5876
f 5877 5878 5874
f 5874 5878 5869
f 5880 5881 5879
f 5879 5881 5882
f 5883 5884 5880
f 5880 5884 5881
f 5881 5884 5886
f 5886 5884 5885
f 5887 5888 5886
f 5886 5888 5889
f 5885 5890 5886
f 5886 5890 5887
f 5889 5882 5886
f 5886 5882 5881
f 5882 5891 5879
f 5879 5891 5892
f 5885 5884 5893
f 5893 5884 5883
f 5883 5871 5893
f 5893 5871 5870
f 5883 5894 5871
f 5871 5894 5872
f 5880 5895 5883
f 5883 5895 5894
f 5896 5895 5879
f 5879 5895 5880
f 5893 5878 5885
f 5885 5878 5890
f 5878 5893 5869
f 5869 5893 5870
f 5897 5896 5892
f 5892 5896 5879
f 5895 5896 5898
f 5898 5896 5899
f 5896 5897 5899
f 5899 5897 5900
f 5898 5899 5901
f 5901 5899 5902
f 5901 5903 5898
f 5898 5903 5904
f 5900 5905 5899
f 5899 5905 5902
f 5898 5904 5895
f 5895 5904 5894
f 5894 5904 5872
f 5872 5904 5873
f 5897 5892 5907
f 5907 5892 5906
f 5892 5891 5906
f 5906 5891 5908
f 5887 5890 5909
f 5909 5890 5878
f 5888 5887 5910
f 5910 5887 5909
f 5878 5877 5909
f 5909 5877 5911
f 5909 5911 5910
f 5910 5911 5912
f 5913 5914 5910
f 5910 5914 5888
f 5908 5914 5906
f 5906 5914 5913
f 5861 5873 5859
f 5859 5873 5915
f 5860 5916 5866
f 5866 5916 5876
f 5916 5860 5915
f 5915 5860 5859
f 5915 5903 5916
f 5916 5903 5917
f 5903 5901 5917
f 5917 5901 5918
f 5916 5917 5876
f 5876 5917 5919
f 5903 5915 5904
f 5904 5915 5873
f 5920 5875 5919
f 5919 5875 5876
f 5920 5877 5875
f 5875 5877 5874
f 5920 5921 5877
f 5877 5921 5911
f 5921 5920 5922
f 5922 5920 5919
f 5923 5921 5924
f 5924 5921 5922
f 5917 5918 5919
f 5919 5918 5922
f 5918 5925 5922
f 5922 5925 5924
f 5921 5923 5911
f 5911 5923 5912
f 5927 5912 5926
f 5926 5912 5923
f 5926 5929 5928
f 5928 5929 5930
f 5926 5923 5929
f 5929 5923 5924
f 5926 5928 5927
f 5927 5928 5907
f 5927 5907 5913
f 5913 5907 5906
f 5913 5910 5927
f 5927 5910 5912
f 5901 5902 5918
f 5918 5902 5925
f 5930 5925 5905
f 5905 5925 5902
f 5930 5929 5925
f 5925 5929 5924
f 5928 5930 5900
f 5900 5930 5905
f 5900 5897 5928
f 5928 5897 5907
f 5882 5889 5891
f 5891 5889 5908
f 5908 5889 5914
f 5914 5889 5888
f 5832 5831 5641
f 5641 5831 5639
f 5833 5838 5834
f 5834 5838 5837
f 5842 5841 5849
f 5849 5841 5850
f 5841 5843 5850
f 5850 5843 5848
f 5847 5846 5739
f 5739 5846 5731
f 5842 5849 5833
f 5833 5849 5838
f 5862 5832 5732
f 5732 5832 5641
f 5847 5739 5834
f 5834 5739 5708
f 5862 5846 5851
f 5851 5846 5845
f 5831 5843 5639
f 5639 5843 5724
f 5676 5732 5595
f 5595 5732 5641
f 5676 5461 5660
f 5660 5461 5464
f 5461 5460 5464
f 5464 5460 5465
f 5460 5674 5465
f 5465 5674 5661
f 5931 5932 5934
f 5934 5932 5933
f 5936 5937 5935
f 5935 5937 5938
f 5935 5938 5939
f 5939 5938 5940
f 5942 5943 5941
f 5941 5943 5944
f 5945 5946 5936
f 5936 5946 5937
f 5948 5949 5947
f 5947 5949 5950
f 5951 5952 5519
f 5519 5952 5593
f 5953 5951 5709
f 5709 5951 5519
f 5955 5956 5954
f 5954 5956 5957
f 5958 5942 5946
f 5946 5942 5937
f 5948 5959 5949
f 5949 5959 5933
f 5960 5958 5934
f 5934 5958 5946
f 5961 5955 5940
f 5940 5955 5962
f 5963 5964 5966
f 5966 5964 5965
f 5955 5954 5962
f 5962 5954 5967
f 5968 5939 5962
f 5962 5939 5940
f 5961 5940 5941
f 5941 5940 5938
f 5931 5969 5932
f 5932 5969 5970
f 5945 5971 5931
f 5931 5971 5969
f 5941 5944 5961
f 5961 5944 5972
f 5954 5957 5947
f 5947 5957 5973
f 5945 5931 5946
f 5946 5931 5934
f 5935 5974 5936
f 5936 5974 5975
f 5959 5960 5933
f 5933 5960 5934
f 5937 5942 5938
f 5938 5942 5941
f 5932 5970 5976
f 5976 5970 5977
f 5968 5964 5978
f 5978 5964 5963
f 5965 5964 5950
f 5950 5964 5967
f 5976 5977 5965
f 5965 5977 5966
f 5947 5950 5954
f 5954 5950 5967
f 5939 5968 5979
f 5979 5968 5978
f 5936 5975 5945
f 5945 5975 5971
f 5972 5754 5956
f 5956 5754 5617
f 5974 5935 5979
f 5979 5935 5939
f 5953 5943 5958
f 5958 5943 5942
f 5964 5968 5967
f 5967 5968 5962
f 5965 5950 5976
f 5976 5950 5949
f 5976 5949 5932
f 5932 5949 5933
f 5979 5978 5981
f 5981 5978 5980
f 5979 5981 5974
f 5974 5981 5982
f 5974 5982 5975
f 5975 5982 5983
f 5975 5983 5971
f 5971 5983 5984
f 5978 5963 5980
f 5980 5963 5985
f 5963 5966 5985
f 5985 5966 5986
f 5986 5966 5987
f 5987 5966 5977
f 5988 5989 5985
f 5985 5989 5980
f 5991 5992 5990
f 5990 5992 5993
f 5994 5995 5991
f 5991 5995 5992
f 5992 5995 5997
f 5997 5995 5996
f 5998 5999 5997
f 5997 5999 6000
f 5996 6001 5997
f 5997 6001 5998
f 6000 5993 5997
f 5997 5993 5992
f 6002 6003 5993
f 5993 6003 5990
f 5995 5994 5996
f 5996 5994 6004
f 5994 5982 6004
f 6004 5982 5981
f 5994 6005 5982
f 5982 6005 5983
f 5991 6006 5994
f 5994 6006 6005
f 6006 5991 6007
f 6007 5991 5990
f 5996 6004 6001
f 6001 6004 5989
f 5989 6004 5980
f 5980 6004 5981
f 6003 6008 5990
f 5990 6008 6007
f 6009 6006 6010
f 6010 6006 6007
f 6008 6011 6007
f 6007 6011 6010
f 6012 6009 6013
f 6013 6009 6010
f 6009 6012 6015
f 6015 6012 6014
f 6011 6016 6010
f 6010 6016 6013
f 6006 6009 6005
f 6005 6009 6015
f 6005 6015 5983
f 5983 6015 5984
f 6008 6003 6018
f 6018 6003 6017
f 6003 6002 6017
f 6017 6002 6019
f 5998 6001 6020
f 6020 6001 5989
f 5999 5998 6021
f 6021 5998 6020
f 5989 5988 6020
f 6020 5988 6022
f 6021 6020 6023
f 6023 6020 6022
f 6021 6024 5999
f 5999 6024 6025
f 6019 6025 6017
f 6017 6025 6024
f 5971 5984 5969
f 5969 5984 6026
f 5970 6027 5977
f 5977 6027 5987
f 6027 5970 6026
f 6026 5970 5969
f 6026 6014 6027
f 6027 6014 6028
f 6014 6012 6028
f 6028 6012 6029
f 6027 6028 5987
f 5987 6028 6030
f 6026 5984 6014
f 6014 5984 6015
f 6031 5986 6030
f 6030 5986 5987
f 6031 5988 5986
f 5986 5988 5985
f 6032 6022 6031
f 6031 6022 5988
f 6032 6031 6033
f 6033 6031 6030
f 6034 6032 6035
f 6035 6032 6033
f 6028 6029 6030
f 6030 6029 6033
f 6029 6036 6033
f 6033 6036 6035
f 6032 6034 6022
f 6022 6034 6023
f 6038 6023 6037
f 6037 6023 6034
f 6037 6040 6039
f 6039 6040 6041
f 6037 6034 6040
f 6040 6034 6035
f 6037 6039 6038
f 6038 6039 6018
f 6038 6018 6024
f 6024 6018 6017
f 6024 6021 6038
f 6038 6021 6023
f 6012 6013 6029
f 6029 6013 6036
f 6041 6036 6016
f 6016 6036 6013
f 6041 6040 6036
f 6036 6040 6035
f 6041 6016 6039
f 6039 6016 6011
f 6011 6008 6039
f 6039 6008 6018
f 5993 6000 6002
f 6002 6000 6019
f 6019 6000 6025
f 6025 6000 5999
f 5943 5756 5944
f 5944 5756 5755
f 6042 5948 5973
f 5973 5948 5947
f 5952 5951 5959
f 5959 5951 5960
f 5951 5953 5960
f 5960 5953 5958
f 5616 5957 5617
f 5617 5957 5956
f 6042 5952 5948
f 5948 5952 5959
f 5944 5755 5972
f 5972 5755 5754
f 5957 5616 5973
f 5973 5616 5652
f 5956 5955 5972
f 5972 5955 5961
f 5943 5953 5756
f 5756 5953 5709
f 6044 6045 6043
f 6043 6045 6046
f 6048 6049 6047
f 6047 6049 6050
f 6047 6050 6051
f 6051 6050 6052
f 6054 6055 6053
f 6053 6055 6056
f 6057 6058 6060
f 6060 6058 6059
f 6061 6062 6048
f 6048 6062 6049
f 6063 6064 6066
f 6066 6064 6065
f 6067 6068 6070
f 6070 6068 6069
f 6071 6069 5653
f 5653 6069 6068
f 6072 6073 6075
f 6075 6073 6074
f 6062 6076 6049
f 6049 6076 6054
f 6058 6067 6059
f 6059 6067 6070
f 6064 6077 6065
f 6065 6077 6045
f 6078 6076 6046
f 6046 6076 6062
f 6073 6080 6079
f 6079 6080 6052
f 6082 6083 6081
f 6081 6083 6084
f 6072 6085 6073
f 6073 6085 6080
f 6086 6051 6080
f 6080 6051 6052
f 6079 6052 6053
f 6053 6052 6050
f 6043 6087 6044
f 6044 6087 6088
f 6061 6089 6043
f 6043 6089 6087
f 6053 6056 6079
f 6079 6056 6090
f 6063 6072 6060
f 6060 6072 6075
f 6043 6046 6061
f 6061 6046 6062
f 6047 6091 6048
f 6048 6091 6092
f 6077 6078 6045
f 6045 6078 6046
f 6049 6054 6050
f 6050 6054 6053
f 6044 6088 6093
f 6093 6088 6094
f 6086 6082 6095
f 6095 6082 6081
f 6083 6082 6066
f 6066 6082 6085
f 6093 6094 6083
f 6083 6094 6084
f 6072 6063 6085
f 6085 6063 6066
f 6051 6086 6096
f 6096 6086 6095
f 6048 6092 6061
f 6061 6092 6089
f 5656 5655 6090
f 6090 5655 6074
f 6091 6047 6096
f 6096 6047 6051
f 6071 6055 6076
f 6076 6055 6054
f 6082 6086 6085
f 6085 6086 6080
f 6093 6083 6065
f 6065 6083 6066
f 6044 6093 6045
f 6045 6093 6065
f 6096 6095 6098
f 6098 6095 6097
f 6096 6098 6091
f 6091 6098 6099
f 6091 6099 6092
f 6092 6099 6100
f 6092 6100 6089
f 6089 6100 6101
f 6095 6081 6097
f 6097 6081 6102
f 6081 6084 6102
f 6102 6084 6103
f 6103 6084 6104
f 6104 6084 6094
f 6106 6097 6105
f 6105 6097 6102
f 6107 6108 6110
f 6110 6108 6109
f 6111 6112 6108
f 6108 6112 6109
f 6109 6112 6114
f 6114 6112 6113
f 6114 6115 6117
f 6117 6115 6116
f 6113 6118 6114
f 6114 6118 6115
f 6117 6110 6114
f 6114 6110 6109
f 6110 6119 6107
f 6107 6119 6120
f 6112 6111 6113
f 6113 6111 6121
f 6111 6099 6121
f 6121 6099 6098
f 6111 6122 6099
f 6099 6122 6100
f 6123 6122 6108
f 6108 6122 6111
f 6124 6123 6107
f 6107 6123 6108
f 6113 6121 6118
f 6118 6121 6106
f 6106 6121 6097
f 6097 6121 6098
f 6125 6124 6120
f 6120 6124 6107
f 6126 6123 6127
f 6127 6123 6124
f 6125 6128 6124
f 6124 6128 6127
f 6129 6126 6130
f 6130 6126 6127
f 6126 6129 6132
f 6132 6129 6131
f 6128 6133 6127
f 6127 6133 6130
f 6123 6126 6122
f 6122 6126 6132
f 6122 6132 6100
f 6100 6132 6101
f 6120 6134 6125
f 6125 6134 6135
f 6120 6119 6134
f 6134 6119 6136
f 6115 6118 6137
f 6137 6118 6106
f 6115 6137 6116
f 6116 6137 6138
f 6137 6106 6139
f 6139 6106 6105
f 6138 6137 6140
f 6140 6137 6139
f 6141 6142 6138
f 6138 6142 6116
f 6136 6142 6134
f 6134 6142 6141
f 6089 6101 6087
f 6087 6101 6143
f 6088 6144 6094
f 6094 6144 6104
f 6143 6144 6087
f 6087 6144 6088
f 6131 6145 6143
f 6143 6145 6144
f 6129 6146 6131
f 6131 6146 6145
f 6144 6145 6104
f 6104 6145 6147
f 6143 6101 6131
f 6131 6101 6132
f 6148 6103 6147
f 6147 6103 6104
f 6103 6148 6102
f 6102 6148 6105
f 6148 6149 6105
f 6105 6149 6139
f 6149 6148 6150
f 6150 6148 6147
f 6151 6149 6152
f 6152 6149 6150
f 6145 6146 6147
f 6147 6146 6150
f 6146 6153 6150
f 6150 6153 6152
f 6149 6151 6139
f 6139 6151 6140
f 6155 6140 6154
f 6154 6140 6151
f 6154 6157 6156
f 6156 6157 6158
f 6154 6151 6157
f 6157 6151 6152
f 6154 6156 6155
f 6155 6156 6135
f 6155 6135 6141
f 6141 6135 6134
f 6141 6138 6155
f 6155 6138 6140
f 6146 6129 6153
f 6153 6129 6130
f 6158 6153 6133
f 6133 6153 6130
f 6158 6157 6153
f 6153 6157 6152
f 6156 6158 6128
f 6128 6158 6133
f 6128 6125 6156
f 6156 6125 6135
f 6110 6117 6119
f 6119 6117 6136
f 6136 6117 6142
f 6142 6117 6116
f 6055 5615 6056
f 6056 5615 5752
f 6060 6059 6063
f 6063 6059 6064
f 6077 6070 6078
f 6078 6070 6069
f 6069 6071 6078
f 6078 6071 6076
f 6159 6057 6075
f 6075 6057 6060
f 6059 6070 6064
f 6064 6070 6077
f 6056 5752 6090
f 6090 5752 5656
f 6090 6074 6079
f 6079 6074 6073
f 6055 6071 5615
f 5615 6071 5653
f 5547 5471 6160
f 6160 5471 6161
f 5729 5577 6163
f 6163 5577 6162
f 5577 5576 6162
f 6162 5576 6164
f 5713 6165 5711
f 5711 6165 6166
f 5474 5729 6167
f 6167 5729 6163
f 5750 5547 6168
f 6168 5547 6160
f 5471 5474 6161
f 6161 5474 6167
f 6169 5712 6168
f 6168 5712 5750
f 5711 6166 5576
f 5576 6166 6164
f 6165 5713 6169
f 6169 5713 5712
f 6168 6170 6169
f 6169 6170 6171
f 6169 6171 6165
f 6165 6171 6172
f 6165 6172 6166
f 6166 6172 6173
f 6166 6173 6164
f 6164 6173 6174
f 6168 6160 6170
f 6170 6160 6175
f 6160 6161 6175
f 6175 6161 6176
f 6161 6167 6176
f 6176 6167 6177
f 6179 6170 6178
f 6178 6170 6175
f 6181 6182 6180
f 6180 6182 6183
f 6184 6185 6181
f 6181 6185 6182
f 6186 6187 6185
f 6185 6187 6182
f 6186 6188 6187
f 6187 6188 6189
f 6190 6183 6187
f 6187 6183 6182
f 6183 6190 6191
f 6191 6190 6192
f 6191 6193 6183
f 6183 6193 6180
f 6186 6185 6194
f 6194 6185 6184
f 6184 6172 6194
f 6194 6172 6171
f 6184 6195 6172
f 6172 6195 6173
f 6181 6196 6184
f 6184 6196 6195
f 6196 6181 6197
f 6197 6181 6180
f 6186 6194 6188
f 6188 6194 6179
f 6179 6194 6170
f 6170 6194 6171
f 6193 6198 6180
f 6180 6198 6197
f 6199 6196 6200
f 6200 6196 6197
f 6198 6201 6197
f 6197 6201 6200
f 6202 6199 6203
f 6203 6199 6200
f 6199 6202 6205
f 6205 6202 6204
f 6201 6206 6200
f 6200 6206 6203
f 6196 6199 6195
f 6195 6199 6205
f 6195 6205 6173
f 6173 6205 6174
f 6198 6193 6208
f 6208 6193 6207
f 6193 6191 6207
f 6207 6191 6192
f 6189 6188 6209
f 6209 6188 6179
f 6210 6189 6211
f 6211 6189 6209
f 6209 6179 6212
f 6212 6179 6178
f 6211 6209 6213
f 6213 6209 6212
f 6211 6214 6210
f 6210 6214 6215
f 6192 6215 6207
f 6207 6215 6214
f 6190 6187 6210
f 6210 6187 6189
f 6192 6190 6215
f 6215 6190 6210
f 6162 6164 6216
f 6216 6164 6174
f 6167 6163 6177
f 6177 6163 6217
f 6216 6217 6162
f 6162 6217 6163
f 6204 6218 6216
f 6216 6218 6217
f 6202 6219 6204
f 6204 6219 6218
f 6217 6218 6177
f 6177 6218 6220
f 6216 6174 6204
f 6204 6174 6205
f 6221 6176 6220
f 6220 6176 6177
f 6176 6221 6175
f 6175 6221 6178
f 6221 6222 6178
f 6178 6222 6212
f 6222 6221 6223
f 6223 6221 6220
f 6224 6222 6225
f 6225 6222 6223
f 6218 6219 6220
f 6220 6219 6223
f 6219 6226 6223
f 6223 6226 6225
f 6222 6224 6212
f 6212 6224 6213
f 6228 6213 6227
f 6227 6213 6224
f 6229 6227 6231
f 6231 6227 6230
f 6227 6224 6230
f 6230 6224 6225
f 6227 6229 6228
f 6228 6229 6208
f 6228 6208 6214
f 6214 6208 6207
f 6214 6211 6228
f 6228 6211 6213
f 6219 6202 6226
f 6226 6202 6203
f 6231 6226 6206
f 6206 6226 6203
f 6231 6230 6226
f 6226 6230 6225
f 6229 6231 6201
f 6201 6231 6206
f 6201 6198 6229
f 6229 6198 6208
f 5674 5672 5661
f 5661 5672 5662
f 5662 5672 5663
f 5663 5672 5646
f 5651 6042 5652
f 5652 6042 5973
f 5518 5517 5751
f 5751 5517 5733
f 5738 5660 5753
f 5753 5660 5637
f 5752 5636 5656
f 5656 5636 5526
f 5952 6042 5593
f 5593 6042 5651
f 5593 5651 5594
f 5594 5651 5650
f 5600 5737 5514
f 5514 5737 5515
f 5546 5545 5740
f 5740 5545 6232
f 6232 6058 5740
f 5740 6058 6057
f 6067 6058 6233
f 6233 6058 6232
f 6233 6232 6234
f 6234 6232 5545
f 6234 5545 6235
f 6235 5545 5544
f 5606 6236 5543
f 5543 6236 5544
f 6235 5544 5539
f 5539 5544 6236
f 6237 6235 5542
f 5542 6235 5539
f 6235 6237 6234
f 6234 6237 6238
f 6234 6238 6233
f 6233 6238 6239
f 5653 6068 5650
f 5650 6068 6239
f 5642 5513 6240
f 6240 5513 5516
f 5539 6236 5540
f 5540 6236 5606
f 5636 5614 5637
f 5637 5614 5753
f 6239 5737 5650
f 5650 5737 5594
f 6239 6068 6233
f 6233 6068 6067
f 6075 6074 6159
f 6159 6074 5655
f 6057 6159 5740
f 5740 6159 5655
f 5515 5737 6238
f 6238 5737 6239
f 6238 6237 5515
f 5515 6237 5516
f 5542 6240 6237
f 6237 6240 5516
f 6240 5542 5642
f 5642 5542 5541
f 5702 5699 5541
f 5541 5699 5642
f 5582 5475 5717
f 5470 5443 5537
f 5537 5443 5504
f 5469 5444 5470
f 5470 5444 5443
f 5726 5557 5727
f 5727 5557 5556
f 5537 5504 5511
f 5511 5504 5506
f 5504 5503 5506
f 5506 5503 5507
f 5503 5455 5507
f 5507 5455 5581
f 5455 5454 5581
f 5581 5454 5456
f 5473 5453 5474
f 5474 5453 5729
f 5457 5454 5473
f 5473 5454 5453
f 5473 5472 5457
f 5457 5472 5686
f 5472 5548 5686
f 5686 5548 5687
f 5749 5693 5548
f 5548 5693 5687
f 5715 5532 5749
f 5749 5532 5693
f 5714 5486 5715
f 5715 5486 5532
f 5714 5710 5486
f 5486 5710 5449
f 5728 5578 5729
f 5729 5578 5577
f 5452 5445 5698
f 5698 5445 5558
f 5445 5444 5558
f 5558 5444 5556
f 5444 5469 5556
f 5556 5469 5727
f 5469 5468 5727
f 5727 5468 5555
f 5468 5747 5555
f 5555 5747 5552
f 5747 5700 5552
f 5552 5700 5716
f 5700 5699 5716
f 5716 5699 5717
f 5699 5702 5717
f 5717 5702 5582
f 5702 5701 5582
f 5582 5701 5583
f 5726 5479 5557
f 5557 5479 5483
f 5483 5479 5484
f 5484 5479 5482
f 5534 5533 5482
f 5482 5533 5484
f 5691 5688 5534
f 5534 5688 5533
f 5644 5647 5691
f 5691 5647 5688
f 5719 5746 5701
f 5701 5746 5583
f 5718 5497 5719
f 5719 5497 5746
f 5718 5605 5654
f 5654 5605 5638
f 5498 5654 5657
f 5657 5654 5633
f 5497 5718 5498
f 5498 5718 5654
f 5657 5527 5498
f 5498 5527 5494
f 5528 5570 5495
f 5495 5570 5521
f 5665 5668 5528
f 5528 5668 5570
f 5664 5671 5665
f 5665 5671 5668
f 5645 5741 5664
f 5664 5741 5671
f 5644 5696 5645
f 5645 5696 5741
f 5710 5575 5449
f 5449 5575 5450
f 5575 5578 5450
f 5450 5578 5698
f 5578 5728 5698
f 5698 5728 5452
f 5452 5728 5451
f 5451 5728 5453
f 3619 6241 3620
f 3620 6241 6242
f 6243 6244 3628
f 3628 6244 3629
f 6245 6246 3634
f 3634 6246 3631
f 6247 6248 3636
f 3636 6248 3637
f 6249 6250 3642
f 3642 6250 3639
f 3639 6250 3643
f 3643 6250 6251
f 3743 6252 3744
f 3744 6252 6253
f 6246 6243 3631
f 3631 6243 3628
f 3753 6254 3754
f 3754 6254 6255
f 3857 6256 3619
f 3619 6256 6241
f 6257 6245 3932
f 3932 6245 3634
f 6242 6247 3620
f 3620 6247 3636
f 6258 6259 3946
f 3946 6259 3947
f 6260 6249 3948
f 3948 6249 3642
f 6244 6258 3629
f 3629 6258 3946
f 3947 6259 3753
f 3753 6259 6254
f 6248 6260 3637
f 3637 6260 3948
f 3643 6251 3743
f 3743 6251 6252
f 3744 6253 3932
f 3932 6253 6257
f 6250 6249 6251
f 6251 6249 6252
f 6245 6261 6246
f 6246 6261 6262
f 6263 6264 6247
f 6247 6264 6248
f 6252 6265 6253
f 6253 6265 6266
f 6246 6262 6243
f 6243 6262 6267
f 6268 6261 6257
f 6257 6261 6245
f 6269 6263 6242
f 6242 6263 6247
f 6270 6271 6260
f 6260 6271 6249
f 6264 6270 6248
f 6248 6270 6260
f 6253 6266 6257
f 6257 6266 6268
f 6249 6271 6252
f 6252 6271 6265
f 6254 6259 6272
f 6272 6259 6273
f 6266 6265 6270
f 6270 6265 6271
f 6268 6266 6264
f 6264 6266 6270
f 6261 6268 6263
f 6263 6268 6264
f 6269 6262 6263
f 6263 6262 6261
f 4186 4185 6274
f 6274 4185 6275
f 6241 6276 6242
f 6242 6276 6269
f 6258 6244 6277
f 6277 6244 6278
f 6256 6279 6241
f 6241 6279 6276
f 6259 6258 6273
f 6273 6258 6277
f 6243 6267 6244
f 6244 6267 6278
f 6276 6267 6269
f 6269 6267 6262
f 6254 6272 6255
f 6255 6272 6280
f 3865 3713 3888
f 3888 3713 3685
f 5242 5233 3892
f 3892 5233 3711
f 3900 5243 3892
f 3892 5243 5242
f 3734 3866 3900
f 3900 3866 5243
f 4117 6281 4118
f 4118 6281 6282
f 4118 6282 4278
f 4278 6282 4879
f 4717 4887 4718
f 4718 4887 4280
f 4792 4278 4882
f 4882 4278 4879
f 4795 4792 6283
f 6283 4792 4882
f 4852 4851 5012
f 5012 4851 6284
f 4856 5207 4857
f 4857 5207 4858
f 4860 4279 4857
f 4857 4279 4854
f 4718 4280 4860
f 4860 4280 4279
f 4864 4863 4745
f 4745 4863 4742
f 5366 4867 5011
f 5011 4867 4866
f 4871 4884 4872
f 4872 4884 4883
f 4872 4883 4117
f 4117 4883 6281
f 6284 4851 6283
f 6283 4851 4795
f 4852 4866 4853
f 4853 4866 4865
f 4871 4870 4856
f 4856 4870 5207
f 4717 4716 4864
f 4864 4716 4861
f 4868 4867 4862
f 4862 4867 4863
f 4268 4855 4269
f 4269 4855 4854
f 4281 4274 4282
f 4282 4274 4765
f 4744 4743 4907
f 4907 4743 4904
f 4874 4881 4820
f 4820 4881 4880
f 4885 5013 4886
f 4886 5013 4980
f 4888 4275 4281
f 4281 4275 4274
f 4902 6282 4903
f 4903 6282 6281
f 6283 4979 6284
f 6284 4979 4978
f 4282 4765 4269
f 4269 4765 4266
f 4880 4879 4902
f 4902 4879 6282
f 4903 6281 4886
f 4886 6281 4883
f 4882 4881 6283
f 6283 4881 4979
f 5013 4885 4267
f 4267 4885 4268
f 4888 4887 4744
f 4744 4887 4745
f 4410 6285 4411
f 4411 6285 4812
f 4750 4749 6286
f 6286 4749 6287
f 6289 4695 6288
f 6288 4695 4255
f 4750 4675 4751
f 4751 4675 4965
f 6290 6291 4963
f 4963 6291 4960
f 4807 4806 4411
f 4411 4806 4408
f 6292 6293 4959
f 4959 6293 4956
f 4958 6294 4959
f 4959 6294 4955
f 4962 4964 4963
f 4963 4964 4805
f 4962 4961 4751
f 4751 4961 4748
f 6296 6297 6295
f 6295 6297 6298
f 6299 6300 6288
f 6288 6300 4735
f 6302 4961 6301
f 6301 4961 4960
f 6304 6287 6303
f 6303 6287 4749
f 4968 6305 4969
f 4969 6305 6306
f 4413 6308 6307
f 6307 6308 4900
f 6301 4960 6309
f 6309 4960 6291
f 4412 4408 6310
f 6310 4408 4806
f 4696 6311 4256
f 4256 6311 6312
f 6303 4749 6313
f 6313 4749 4748
f 6313 4748 6302
f 6302 4748 4961
f 6315 6316 6314
f 6314 6316 6317
f 4084 6318 6315
f 6315 6318 6316
f 4083 6319 4084
f 4084 6319 6318
f 4112 6320 4083
f 4083 6320 6319
f 6322 4138 6321
f 6321 4138 4137
f 6324 4128 6323
f 6323 4128 4127
f 4127 4193 6323
f 6323 4193 6325
f 4193 4891 6325
f 6325 4891 6326
f 4891 6327 6326
f 6326 6327 6328
f 6327 4824 5227
f 5227 4824 5228
f 5231 4684 6329
f 6329 4684 4683
f 4683 4099 6329
f 6329 4099 6330
f 4099 4102 6330
f 6330 4102 6331
f 4174 4826 4429
f 4429 4826 4829
f 4173 4741 4174
f 4174 4741 4826
f 4180 4738 4173
f 4173 4738 4741
f 6332 6333 4180
f 4180 6333 4738
f 6274 6334 4186
f 4186 6334 4188
f 4181 4825 4180
f 4180 4825 6332
f 5044 5213 5045
f 5045 5213 5165
f 5046 5087 5047
f 5047 5087 5222
f 5077 5063 5078
f 5078 5063 5198
f 5081 5099 5082
f 5082 5099 5194
f 5095 5074 5096
f 5096 5074 5073
f 5373 5170 5096
f 5096 5170 5093
f 5375 5171 5373
f 5373 5171 5170
f 5047 5222 5375
f 5375 5222 5171
f 5046 5038 5376
f 5376 5038 5067
f 5377 5086 5376
f 5376 5086 5085
f 5045 5165 5377
f 5377 5165 5086
f 5378 5214 5044
f 5044 5214 5213
f 5077 5034 5378
f 5378 5034 5214
f 5082 5194 5078
f 5078 5194 5035
f 5081 5080 5379
f 5379 5080 6335
f 5379 6335 5095
f 5095 6335 5074
f 5032 5080 5033
f 5033 5080 5079
f 5040 5017 5041
f 5041 5017 5016
f 5050 5043 5051
f 5051 5043 5042
f 5065 5023 5066
f 5066 5023 5022
f 5050 5049 5065
f 5065 5049 5023
f 5041 5016 5068
f 5068 5016 5020
f 5071 5374 5072
f 5072 5374 5200
f 5075 5156 5076
f 5076 5156 5155
f 5162 5212 5068
f 5068 5212 5067
f 5075 5074 5192
f 5192 5074 6335
f 5066 5022 5199
f 5199 5022 5196
f 5076 5155 5072
f 5072 5155 5069
f 5040 5039 5071
f 5071 5039 5374
f 5162 5161 5051
f 5051 5161 5048
f 5192 6335 5032
f 5032 6335 5080
f 5199 5196 5033
f 5033 5196 5030
f 5018 5211 5019
f 5019 5211 5408
f 5019 5408 5021
f 5021 5408 5163
f 5024 5057 5025
f 5025 5057 5415
f 5028 5048 5029
f 5029 5048 5161
f 5054 5031 5055
f 5055 5031 5030
f 5024 5023 5058
f 5058 5023 5049
f 5061 5070 5062
f 5062 5070 5069
f 5157 5438 5158
f 5158 5438 5442
f 5160 5191 5054
f 5054 5191 5031
f 5029 5161 5021
f 5021 5161 5020
f 5025 5415 5197
f 5197 5415 5220
f 5158 5442 5062
f 5062 5442 5059
f 5018 5017 5061
f 5061 5017 5070
f 5160 5159 5157
f 5157 5159 5438
f 5028 5027 5058
f 5058 5027 5056
f 5055 5030 5197
f 5197 5030 5196
f 5409 5380 5410
f 5410 5380 6336
f 5026 5413 5027
f 5027 5413 5412
f 5396 5417 5393
f 5393 5417 5416
f 5416 5057 5419
f 5419 5057 5056
f 5417 5396 5426
f 5426 5396 5420
f 5427 5423 5428
f 5428 5423 5422
f 5427 5059 5430
f 5430 5059 5442
f 5409 5408 5433
f 5433 5408 5211
f 5433 5211 5428
f 5428 5211 5060
f 5412 5411 5419
f 5419 5411 5418
f 5436 5053 5437
f 5437 5053 5052
f 5439 5402 5440
f 5440 5402 5401
f 5436 5435 5439
f 5439 5435 5402
f 5410 6336 5413
f 5413 6336 5414
f 5440 5401 5430
f 5430 5401 5429
f 5426 5420 5437
f 5437 5420 5434
f 5382 5432 5383
f 5383 5432 5384
f 5386 6336 5383
f 5383 6336 5380
f 6336 5386 5414
f 5414 5386 5388
f 5391 5418 5392
f 5392 5418 5411
f 5705 5395 5704
f 5704 5395 5394
f 5399 5435 5400
f 5400 5435 5434
f 5403 5441 5404
f 5404 5441 5405
f 5407 5429 5404
f 5404 5429 5401
f 5395 5705 5421
f 5421 5705 5748
f 5424 5706 5425
f 5425 5706 5431
f 5391 5390 5394
f 5394 5390 5704
f 5392 5388 5389
f 5389 5388 5387
f 5382 5381 5425
f 5425 5381 5422
f 5407 5406 5424
f 5424 5406 5706
f 5403 5402 5399
f 5399 5402 5435
f 5421 5748 5400
f 5400 5748 5397
f 4097 4721 4098
f 4098 4721 4231
f 4233 5273 4098
f 4098 5273 4095
f 6337 6338 4785
f 4785 6338 4786
f 4076 4780 4073
f 4073 4780 4781
f 4782 4190 4781
f 4781 4190 4073
f 4783 4901 4782
f 4782 4901 4190
f 4780 4076 4097
f 4097 4076 4721
f 6337 2879 4701
f 4701 2879 2878
f 5280 6339 5272
f 5272 6339 6340
f 5282 5281 6341
f 6341 5281 6342
f 4109 6302 4110
f 4110 6302 6301
f 4283 6304 4284
f 4284 6304 6303
f 6305 4379 6306
f 6306 4379 4378
f 4110 6301 4428
f 4428 6301 6309
f 6310 4688 4412
f 4412 4688 4687
f 4284 6303 4753
f 4753 6303 6313
f 4753 6313 4109
f 4109 6313 6302
f 6343 5226 4428
f 4428 5226 4427
f 4147 4900 4416
f 4416 4900 6308
f 6312 6311 4241
f 4241 6311 4720
f 5223 6344 4702
f 4702 6344 4699
f 4221 4220 6345
f 6345 4220 6346
f 5276 5275 6347
f 6347 5275 6348
f 5275 4728 6348
f 6348 4728 6349
f 4727 6350 5284
f 5284 6350 5285
f 6351 6352 6354
f 6354 6352 6353
f 5313 5312 5292
f 5292 5312 5293
f 5312 5344 5293
f 5293 5344 5337
f 5344 4914 5337
f 5337 4914 4916
f 4914 4913 4916
f 4916 4913 4917
f 4913 6355 4917
f 4917 6355 4978
f 6356 6357 6284
f 6284 6357 5012
f 6357 6358 5012
f 5012 6358 5011
f 5011 6358 5366
f 5366 6358 6359
f 6360 4742 6359
f 6359 4742 5366
f 4743 6361 4904
f 4904 6361 5364
f 5363 4905 5364
f 5364 4905 4904
f 5363 6362 4905
f 4905 6362 4207
f 6362 6363 4207
f 4207 6363 4208
f 6363 5342 4208
f 4208 5342 5330
f 5342 5341 5330
f 5330 5341 4244
f 5341 6364 4244
f 4244 6364 4245
f 6364 6365 4245
f 4245 6365 4246
f 6366 6367 4253
f 4253 6367 4250
f 4214 6368 4211
f 4211 6368 4380
f 4380 4379 4211
f 4211 4379 4283
f 4379 6305 4283
f 4283 6305 6304
f 6305 4968 6304
f 6304 4968 6287
f 4968 4967 6287
f 6287 4967 6286
f 4967 6297 6286
f 6286 6297 4676
f 6296 4376 4288
f 4288 4376 4285
f 4376 4373 4285
f 4285 4373 4290
f 6369 6370 6372
f 6372 6370 6371
f 5245 6373 5246
f 5246 6373 6374
f 4317 6375 4318
f 4318 6375 6376
f 4331 6377 4332
f 4332 6377 6378
f 6379 4333 6376
f 6376 4333 4318
f 4343 6380 4344
f 4344 6380 6381
f 4347 6382 4348
f 4348 6382 6383
f 4374 6371 4331
f 4331 6371 6377
f 4333 6379 4426
f 4426 6379 6384
f 4690 6385 4347
f 4347 6385 6382
f 4332 6378 4317
f 4317 6378 6375
f 4922 6386 4923
f 4923 6386 6387
f 6388 6389 4375
f 4375 6389 6390
f 6355 6356 4978
f 4978 6356 6284
f 4742 6360 4743
f 4743 6360 6361
f 6391 4238 6392
f 6392 4238 4719
f 6392 4719 6393
f 6393 4719 5296
f 6395 6396 6394
f 6394 6396 6397
f 6399 6400 6398
f 6398 6400 6401
f 6402 5302 6403
f 6403 5302 5303
f 5303 5321 6403
f 6403 5321 6404
f 5320 6405 5321
f 5321 6405 6404
f 5319 6406 5350
f 5350 6406 5351
f 5319 5318 6406
f 6406 5318 6407
f 5288 4197 6408
f 6408 4197 6409
f 4217 4216 6410
f 6410 4216 6411
f 5227 6412 6327
f 6327 6412 6328
f 4892 6413 5227
f 5227 6413 6412
f 4228 6414 4892
f 4892 6414 6413
f 4227 6415 4228
f 4228 6415 6414
f 4248 6416 4227
f 4227 6416 6415
f 4247 6417 4248
f 4248 6417 6416
f 6417 4247 6419
f 6419 4247 6418
f 6419 6418 6421
f 6421 6418 6420
f 6422 5301 6423
f 6423 5301 5300
f 6423 5300 6424
f 6424 5300 6399
f 6408 6409 6398
f 6398 6409 6425
f 6426 6427 6397
f 6397 6427 6394
f 6428 4224 6429
f 6429 4224 4223
f 6347 6346 5276
f 5276 6346 4220
f 6346 6347 6341
f 6341 6347 6339
f 5280 5278 5282
f 5282 5278 4236
f 4896 5224 4684
f 4684 5224 4681
f 4132 4135 4896
f 4896 4135 5224
f 4131 4136 4132
f 4132 4136 4135
f 4226 4754 4131
f 4131 4754 4136
f 4251 4213 4226
f 4226 4213 4754
f 4250 4214 4251
f 4251 4214 4213
f 4250 6367 4214
f 4214 6367 6368
f 6367 4910 6368
f 6368 4910 4737
f 4909 5297 4736
f 4736 5297 5296
f 5297 6395 5296
f 5296 6395 6393
f 6427 6430 6394
f 6394 6430 6431
f 6429 4383 6428
f 6428 4383 4382
f 4219 5277 4220
f 4220 5277 5276
f 4222 4697 4383
f 4383 4697 4218
f 6345 4699 4221
f 4221 4699 6344
f 6342 4700 6345
f 6345 4700 4699
f 4235 4786 5281
f 5281 4786 6338
f 4234 4787 4235
f 4235 4787 4786
f 5279 5278 6432
f 6432 5278 5271
f 4237 5279 6433
f 6433 5279 6432
f 4787 4234 6433
f 6433 4234 4237
f 6435 6436 6434
f 6434 6436 6437
f 6359 6438 6360
f 6360 6438 6437
f 6439 6440 6441
f 6441 6440 6438
f 6443 6439 6442
f 6442 6439 6441
f 6357 6356 6442
f 6442 6356 6444
f 6444 6446 6445
f 6445 6446 6447
f 4912 6446 4913
f 4913 6446 6355
f 6361 6436 5364
f 5364 6436 5365
f 5319 5350 5316
f 5316 5350 6448
f 4832 6449 5350
f 5350 6449 6448
f 4831 6450 4832
f 4832 6450 6449
f 5354 6451 5320
f 5320 6451 6405
f 4265 6452 5354
f 5354 6452 6451
f 4264 6453 4265
f 4265 6453 6452
f 6450 4831 6447
f 6447 4831 6445
f 4263 6435 4264
f 4264 6435 6434
f 6454 6453 6439
f 6439 6453 6440
f 6439 6443 6454
f 6454 6443 4834
f 4833 6455 4834
f 4834 6455 6454
f 5351 6456 4833
f 4833 6456 6455
f 6457 6391 6458
f 6458 6391 6392
f 6458 6392 6431
f 6431 6392 6393
f 5298 6396 5297
f 5297 6396 6395
f 6402 6400 5302
f 5302 6400 5299
f 6402 6403 6459
f 6459 6403 6460
f 6460 6403 6461
f 6461 6403 6404
f 6405 6462 6404
f 6404 6462 6461
f 6406 6462 5351
f 5351 6462 6456
f 6406 6407 6462
f 6462 6407 6461
f 6407 6463 6461
f 6461 6463 6460
f 6463 6464 6460
f 6460 6464 6459
f 6464 6465 6459
f 6459 6465 6401
f 6430 6466 6431
f 6431 6466 6458
f 6466 6410 6458
f 6458 6410 6457
f 6410 6411 6457
f 6457 6411 6467
f 6396 6424 6397
f 6397 6424 6425
f 6393 6395 6431
f 6431 6395 6394
f 6451 6456 6405
f 6405 6456 6462
f 6452 6455 6451
f 6451 6455 6456
f 6453 6454 6452
f 6452 6454 6455
f 6443 6445 4834
f 4834 6445 4831
f 6440 6453 6434
f 6434 6453 4264
f 6468 5306 5360
f 5360 5306 5305
f 6469 4124 6468
f 6468 4124 5306
f 6470 4125 6469
f 6469 4125 4124
f 6471 5291 6470
f 6470 5291 4125
f 6353 5292 6471
f 6471 5292 5291
f 5292 6353 5313
f 5313 6353 6352
f 5347 5314 6352
f 6352 5314 5313
f 5353 5318 5346
f 5346 5318 5317
f 5334 6468 5358
f 5358 6468 5360
f 5324 6469 5334
f 5334 6469 6468
f 5323 6470 5324
f 5324 6470 6469
f 5343 6471 5323
f 5323 6471 6470
f 6354 6353 5343
f 5343 6353 6471
f 6348 6349 4270
f 4270 6349 5311
f 5272 6340 5273
f 5273 6340 4272
f 6432 5271 4232
f 4232 5271 4233
f 4294 6432 4295
f 4295 6432 4232
f 6432 4294 6433
f 6433 4294 4301
f 4301 4300 6433
f 6433 4300 4787
f 4704 4784 4300
f 4300 4784 4787
f 4704 3013 4784
f 4784 3013 1307
f 5103 6472 5104
f 5104 6472 5202
f 5108 5116 5105
f 5105 5116 5115
f 5111 5124 5112
f 5112 5124 5123
f 5154 5205 5105
f 5105 5205 5106
f 5167 5180 5168
f 5168 5180 5185
f 5175 5188 5176
f 5176 5188 5187
f 5112 5123 5178
f 5178 5123 5120
f 5167 5090 5183
f 5183 5090 5089
f 5210 5151 5183
f 5183 5151 5181
f 5216 5138 5217
f 5217 5138 5137
f 5218 5119 5219
f 5219 5119 5221
f 5218 5178 5119
f 5119 5178 5120
f 5217 5137 5104
f 5104 5137 5101
f 5116 5108 5221
f 5221 5108 5219
f 5111 5110 5210
f 5210 5110 5151
f 5154 5153 5103
f 5103 5153 6472
f 5216 5215 5176
f 5176 5215 5173
f 5175 5174 5168
f 5168 5174 5166
f 5091 5172 5092
f 5092 5172 5208
f 5117 5037 5118
f 5118 5037 5036
f 5121 5164 5122
f 5122 5164 5133
f 5125 5084 5126
f 5126 5084 5083
f 5129 5174 5130
f 5130 5174 5173
f 5131 5202 5132
f 5132 5202 6472
f 5135 5221 5122
f 5122 5221 5119
f 5125 5124 5136
f 5136 5124 5209
f 5126 5083 5121
f 5121 5083 5164
f 5118 5036 5195
f 5195 5036 5193
f 5131 5097 5203
f 5203 5097 5114
f 5132 6472 5195
f 5195 6472 5153
f 5136 5209 5092
f 5092 5209 5089
f 5135 5134 5117
f 5117 5134 5037
f 5362 5206 5130
f 5130 5206 5127
f 5372 5371 5128
f 5128 5371 5129
f 5371 5372 5091
f 5091 5372 5172
f 5362 5215 5203
f 5203 5215 5201
f 6463 6407 5353
f 5353 6407 5318
f 6464 6463 5352
f 5352 6463 5353
f 6408 6465 5288
f 5288 6465 5289
f 4196 4224 6426
f 6426 4224 6427
f 6430 6427 6428
f 6428 6427 4224
f 6466 6430 4382
f 4382 6430 6428
f 6410 6466 4217
f 4217 6466 4382
f 4240 4239 3015
f 3015 4239 3016
f 4254 4257 3017
f 3017 4257 3018
f 6473 6474 4732
f 4732 6474 6475
f 6474 6374 6475
f 6475 6374 6373
f 5246 6374 3022
f 3022 6374 3023
f 4254 6299 4255
f 4255 6299 6288
f 6473 6300 3024
f 3024 6300 3025
f 6476 4257 6312
f 6312 4257 4256
f 4240 6476 4241
f 4241 6476 6312
f 6477 4239 6391
f 6391 4239 4238
f 6467 6477 6457
f 6457 6477 6391
f 6411 3029 6467
f 6467 3029 3028
f 4216 3030 6411
f 6411 3030 3029
f 6479 6480 6478
f 6478 6480 6481
f 6483 6484 6482
f 6482 6484 6485
f 6486 6487 4102
f 4102 6487 6331
f 6483 6488 6478
f 6478 6488 6489
f 4429 4829 6490
f 6490 4829 6479
f 6491 6486 4101
f 4101 6486 4102
f 4895 6491 4899
f 4899 6491 4101
f 4160 6488 4157
f 4157 6488 6492
f 6489 4087 6490
f 6490 4087 4090
f 4267 4261 5013
f 5013 4261 4260
f 4258 4261 5328
f 5328 4261 4975
f 4261 4267 4975
f 4975 4267 4266
f 5367 3793 3912
f 3912 3793 3575
f 6494 3616 6493
f 6493 3616 3795
f 6496 3589 6495
f 6495 3589 3588
f 6495 3588 5368
f 5368 3588 3794
f 3841 3840 3050
f 3050 3840 3051
f 3912 3911 3052
f 3052 3911 3053
f 3929 3930 3054
f 3054 3930 3055
f 5370 3930 3916
f 3916 3930 3923
f 3938 5369 3807
f 3807 5369 3915
f 3589 6496 3806
f 3806 6496 3937
f 3938 3937 3056
f 3056 3937 3057
f 3051 3840 3058
f 3058 3840 3943
f 3730 4808 3727
f 3727 4808 3943
f 3820 3951 3795
f 3795 3951 6493
f 3951 3841 3059
f 3059 3841 3050
f 3911 3574 6494
f 6494 3574 3616
f 3823 3929 3824
f 3824 3929 3952
f 4061 4060 3060
f 3060 4060 3061
f 6497 6498 4901
f 4901 6498 4790
f 6333 6499 4738
f 4738 6499 4739
f 6500 6501 6314
f 6314 6501 4418
f 6502 6275 4417
f 4417 6275 4185
f 6503 6497 4783
f 4783 6497 4901
f 6498 4060 4790
f 4790 4060 4059
f 4808 4061 3069
f 3069 4061 3060
f 5367 3071 5368
f 5368 3071 3070
f 5369 3073 5370
f 5370 3073 3072
f 6274 6275 3074
f 3074 6275 3075
f 6499 6504 4739
f 4739 6504 6317
f 6333 6332 3077
f 3077 6332 3078
f 6334 6274 3079
f 3079 6274 3074
f 6332 4825 3078
f 3078 4825 3080
f 6334 6503 4188
f 4188 6503 4783
f 4825 4689 3080
f 3080 4689 1330
f 6506 4747 6505
f 6505 4747 4746
f 6505 6507 6506
f 6506 6507 6508
f 4297 6509 4920
f 4920 6509 6510
f 4296 6511 4297
f 4297 6511 6509
f 6506 6508 4319
f 4319 6508 6512
f 4372 4371 6514
f 6514 4371 6513
f 6511 4296 5251
f 5251 4296 4305
f 5251 5250 6511
f 6511 5250 6515
f 6516 6509 6515
f 6515 6509 6511
f 6517 6507 6519
f 6519 6507 6518
f 6512 6520 6513
f 6513 6520 6514
f 6507 6517 6508
f 6508 6517 6521
f 5249 6523 6522
f 6522 6523 6524
f 6525 6370 5253
f 5253 6370 6526
f 4370 4323 4371
f 4371 4323 4326
f 4370 3103 4323
f 4323 3103 1541
f 6521 6517 6527
f 6527 6517 6519
f 6520 6528 6514
f 6514 6528 6529
f 6531 6532 6530
f 6530 6532 6533
f 5250 6534 6515
f 6515 6534 6535
f 6530 6533 6536
f 6536 6533 6537
f 6526 6538 6534
f 6534 6538 6537
f 6515 6535 6516
f 6516 6535 6539
f 4325 4321 4326
f 4326 4321 4320
f 4371 4326 6513
f 6513 4326 4320
f 6531 4731 6541
f 6541 4731 6540
f 4731 4730 6540
f 6540 4730 6542
f 4730 3121 6542
f 6542 3121 3120
f 6530 4328 6531
f 6531 4328 4731
f 4328 6530 4329
f 4329 6530 6536
f 4329 6536 6524
f 6524 6536 6543
f 6544 6545 6522
f 6522 6545 5248
f 6389 6388 5245
f 5245 6388 6373
f 6388 6546 6373
f 6373 6546 6475
f 4733 6546 6295
f 6295 6546 4377
f 4732 6475 4733
f 4733 6475 6546
f 4393 4432 4394
f 4394 4432 4435
f 4434 4672 4842
f 4842 4672 4671
f 4440 4439 4441
f 4441 4439 4438
f 4436 4450 4437
f 4437 4450 4398
f 4447 4444 4448
f 4448 4444 4392
f 4446 4464 4433
f 4433 4464 6547
f 4454 4423 4455
f 4455 4423 4422
f 4452 4481 4453
f 4453 4481 4480
f 4458 4389 4459
f 4459 4389 4388
f 4456 4471 4457
f 4457 4471 4468
f 4391 4460 4392
f 4392 4460 4448
f 4461 4467 4445
f 4445 4467 4465
f 4437 4398 4629
f 4629 4398 4397
f 4438 4628 4441
f 4441 4628 4631
f 4841 4629 4839
f 4839 4629 4397
f 4628 4842 4631
f 4631 4842 4671
f 4930 4989 4452
f 4452 4989 4481
f 4929 4927 4436
f 4436 4927 4450
f 4933 4387 4934
f 4934 4387 4386
f 4931 4475 4932
f 4932 4475 4474
f 4936 4449 4933
f 4933 4449 4387
f 4935 4472 4456
f 4456 4472 4471
f 4389 4458 4391
f 4391 4458 4460
f 4457 4468 4461
f 4461 4468 4467
f 4934 4386 4454
f 4454 4386 4423
f 4453 4480 4931
f 4931 4480 4475
f 4575 4997 4576
f 4576 4997 4639
f 4579 4596 4580
f 4580 4596 4595
f 4583 4582 4572
f 4572 4582 4569
f 4587 4944 4588
f 4588 4944 4562
f 4588 4562 4590
f 4590 4562 4561
f 4576 4639 4642
f 4642 4639 4638
f 4642 4845 4641
f 4641 4845 4846
f 4845 4590 4846
f 4846 4590 4561
f 4941 4938 4595
f 4595 4938 4580
f 4938 4940 4668
f 4668 4940 4669
f 4583 4942 4584
f 4584 4942 4947
f 4582 4587 4569
f 4569 4587 4586
f 5000 5001 4579
f 4579 5001 4596
f 4558 4560 4585
f 4585 4560 4586
f 4565 4639 4566
f 4566 4639 4997
f 4568 4567 4577
f 4577 4567 4578
f 4570 4554 4571
f 4571 4554 4556
f 4640 4565 4637
f 4637 4565 4546
f 4662 4664 4665
f 4665 4664 4844
f 4662 4558 4589
f 4589 4558 4585
f 4554 4570 4557
f 4557 4570 4560
f 4571 4667 4572
f 4572 4667 4943
f 4551 4670 4552
f 4552 4670 4666
f 4640 4664 4638
f 4638 4664 4663
f 4670 4568 4668
f 4668 4568 4577
f 4999 4996 4566
f 4566 4996 4543
f 4608 4564 4603
f 4603 4564 4563
f 4573 4593 4574
f 4574 4593 4592
f 4597 4614 4598
f 4598 4614 4613
f 4601 4600 4584
f 4584 4600 4581
f 4563 4562 4604
f 4604 4562 4944
f 4643 4593 4641
f 4641 4593 4573
f 4643 4847 4644
f 4644 4847 4848
f 4564 4847 4561
f 4561 4847 4846
f 4945 4941 4598
f 4598 4941 4595
f 4941 4945 4939
f 4939 4945 4946
f 4601 4948 4602
f 4602 4948 4620
f 4600 4604 4581
f 4581 4604 4944
f 5002 5003 4597
f 4597 5003 4614
f 4988 4759 4953
f 4953 4759 4402
f 4706 6548 4707
f 4707 6548 6549
f 4311 4928 4419
f 4419 4928 6550
f 4921 4920 6551
f 6551 4920 6552
f 4925 6553 4926
f 4926 6553 6554
f 4928 4921 4802
f 4802 4921 6551
f 6555 4985 6550
f 6550 4985 4419
f 4952 6556 4953
f 4953 6556 4649
f 4971 6557 4706
f 4706 6557 6548
f 4988 4648 4925
f 4925 4648 6553
f 4707 6549 5006
f 5006 6549 4987
f 4920 6510 6552
f 6552 6510 6518
f 6558 6510 6516
f 6516 6510 6509
f 6559 6558 6539
f 6539 6558 6516
f 6531 6541 6532
f 6532 6541 6560
f 6540 6561 6541
f 6541 6561 6529
f 6542 6562 6540
f 6540 6562 6561
f 6542 3120 6562
f 6562 3120 3142
f 4366 6563 4760
f 4760 6563 4970
f 4815 6564 4816
f 4816 6564 6565
f 3147 3146 6565
f 6565 3146 4816
f 6564 6563 6565
f 6565 6563 6566
f 4837 4385 4357
f 4357 4385 4358
f 6565 6566 3147
f 3147 6566 3149
f 4694 1209 3150
f 5247 5249 5248
f 5248 5249 6522
f 6372 6390 6545
f 6545 6390 6389
f 6375 5254 6376
f 6376 5254 5258
f 6377 6525 6378
f 6378 6525 5255
f 5260 6379 5258
f 5258 6379 6376
f 6380 6567 6381
f 6381 6567 6568
f 6382 6569 6383
f 6383 6569 6570
f 6377 6371 6525
f 6525 6371 6370
f 6379 5260 6384
f 6384 5260 6571
f 6385 6572 6382
f 6382 6572 6569
f 6378 5255 6375
f 6375 5255 5254
f 6386 6573 6387
f 6387 6573 6574
f 6545 6389 5248
f 5248 6389 5245
f 4675 4750 4676
f 4676 4750 6286
f 4734 6289 4735
f 4735 6289 6288
f 4804 6290 4805
f 4805 6290 4963
f 4811 4807 4812
f 4812 4807 4411
f 4954 6292 4955
f 4955 6292 4959
f 4964 4962 4965
f 4965 4962 4751
f 6285 4821 4812
f 4812 4821 4809
f 4675 4287 4965
f 4965 4287 4210
f 6294 4145 4955
f 4955 4145 4154
f 4964 4120 4805
f 4805 4120 4119
f 6298 4966 4734
f 4734 4966 6289
f 6300 6473 4735
f 4735 6473 4732
f 6297 6296 4676
f 4676 6296 4288
f 6523 3160 4330
f 4330 3160 3159
f 5253 5252 6525
f 6525 5252 5255
f 5256 5252 4305
f 4305 5252 5251
f 4304 5257 4305
f 4305 5257 5256
f 4424 5259 4304
f 4304 5259 5257
f 5261 6571 5259
f 5259 6571 5260
f 5262 6573 5261
f 5261 6573 6571
f 5264 6567 5265
f 5265 6567 6574
f 5266 6572 5267
f 5267 6572 6568
f 5268 6570 5269
f 5269 6570 6569
f 1807 3161 5268
f 5268 3161 6570
f 6524 6523 4329
f 4329 6523 4330
f 5253 6526 5250
f 5250 6526 6534
f 6543 6538 6544
f 6544 6538 6369
f 6524 6543 6522
f 6522 6543 6544
f 3071 5367 3052
f 3052 5367 3912
f 6493 3163 6494
f 6494 3163 3162
f 3164 445 3771
f 3771 445 3761
f 461 3165 3919
f 3919 3165 3920
f 330 410 3839
f 3839 410 3910
f 332 331 3552
f 3552 331 3551
f 464 304 3918
f 3918 304 3816
f 385 458 3766
f 3766 458 3894
f 412 415 3762
f 3762 415 3763
f 3166 337 3748
f 3748 337 3745
f 3072 3055 5370
f 5370 3055 3930
f 3073 5369 3056
f 3056 5369 3938
f 3167 3057 6496
f 6496 3057 3937
f 3069 3058 4808
f 4808 3058 3943
f 411 3166 3851
f 3851 3166 3748
f 3059 3163 3951
f 3951 3163 6493
f 336 3164 3772
f 3772 3164 3771
f 3053 3911 3162
f 3162 3911 6494
f 3054 3168 3929
f 3929 3168 3952
f 3165 830 3920
f 3920 830 3945
f 3170 3169 6497
f 6497 3169 6498
f 3171 1354 5005
f 5005 1354 4830
f 3172 3170 6503
f 6503 3170 6497
f 3169 3061 6498
f 6498 3061 4060
f 3173 3171 5006
f 5006 3171 5005
f 3079 3172 6334
f 6334 3172 6503
f 3174 3025 6299
f 6299 3025 6300
f 6576 6577 6575
f 6575 6577 6578
f 4612 4611 6579
f 6579 4611 6580
f 6582 6583 6581
f 6581 6583 6584
f 6584 6585 4618
f 4618 6585 4621
f 6586 6587 6589
f 6589 6587 6588
f 6588 6587 6590
f 6590 6587 6591
f 6592 4606 6590
f 6590 4606 4623
f 6594 6576 6593
f 6593 6576 6575
f 6595 6582 6579
f 6579 6582 6581
f 6580 6597 6596
f 6596 6597 6598
f 6577 6576 6599
f 6599 6576 6600
f 6595 6596 6601
f 6601 6596 6602
f 6583 6582 6603
f 6603 6582 6604
f 6586 6606 6605
f 6605 6606 6607
f 6587 6586 6608
f 6608 6586 6605
f 6587 6608 6591
f 6591 6608 6609
f 6576 6594 6600
f 6600 6594 6610
f 6582 6595 6604
f 6604 6595 6601
f 6599 6611 6577
f 6577 6611 6598
f 6613 6614 6612
f 6612 6614 6615
f 6617 6618 6616
f 6616 6618 6619
f 6621 6622 6620
f 6620 6622 6623
f 6625 6626 6624
f 6624 6626 6627
f 6629 6630 6628
f 6628 6630 6631
f 6633 6634 6632
f 6632 6634 6635
f 6637 6638 6636
f 6636 6638 6639
f 6640 6641 6637
f 6637 6641 6638
f 6643 6633 6642
f 6642 6633 6632
f 6645 6646 6644
f 6644 6646 6647
f 6646 6648 6647
f 6647 6648 6649
f 6651 6652 6650
f 6650 6652 6653
f 6653 6652 6654
f 6654 6652 6655
f 6656 6657 6659
f 6659 6657 6658
f 6661 6662 6660
f 6660 6662 6663
f 6662 6661 6664
f 6664 6661 6665
f 6667 6657 6666
f 6666 6657 6656
f 6669 6670 6668
f 6668 6670 6671
f 6672 6673 6670
f 6670 6673 6671
f 6674 6675 6677
f 6677 6675 6676
f 6675 6678 6676
f 6676 6678 6679
f 6681 6682 6680
f 6680 6682 6683
f 6684 6685 6683
f 6683 6685 6680
f 6687 6688 6686
f 6686 6688 6689
f 6687 6690 6688
f 6688 6690 6691
f 6619 6618 6633
f 6633 6618 6634
f 6632 6635 6693
f 6693 6635 6692
f 6617 6694 6636
f 6636 6694 6637
f 6695 6692 6639
f 6639 6692 6635
f 6637 6694 6640
f 6640 6694 6696
f 6698 6638 6697
f 6697 6638 6641
f 6643 6616 6633
f 6633 6616 6619
f 6642 6699 6641
f 6641 6699 6697
f 6646 6645 6700
f 6700 6645 6621
f 6644 6701 6654
f 6654 6701 6702
f 6700 6703 6646
f 6646 6703 6648
f 6693 6704 6649
f 6649 6704 6647
f 6620 6623 6651
f 6651 6623 6652
f 6693 6649 6699
f 6699 6649 6650
f 6652 6623 6655
f 6655 6623 6622
f 6654 6702 6653
f 6653 6702 6697
f 6615 6614 6657
f 6657 6614 6658
f 6705 6656 6704
f 6704 6656 6659
f 6613 6706 6660
f 6660 6706 6661
f 6704 6659 6701
f 6701 6659 6663
f 6661 6706 6665
f 6665 6706 6707
f 6708 6702 6664
f 6664 6702 6662
f 6612 6615 6667
f 6667 6615 6657
f 6666 6709 6664
f 6664 6709 6708
f 6629 6710 6669
f 6669 6710 6670
f 6668 6711 6679
f 6679 6711 6712
f 6713 6672 6710
f 6710 6672 6670
f 6714 6671 6705
f 6705 6671 6673
f 6628 6631 6674
f 6674 6631 6675
f 6705 6673 6709
f 6709 6673 6677
f 6631 6630 6675
f 6675 6630 6678
f 6712 6708 6679
f 6679 6708 6676
f 6625 6715 6682
f 6682 6715 6683
f 6716 6717 6681
f 6681 6717 6691
f 6718 6684 6715
f 6715 6684 6683
f 6719 6680 6714
f 6714 6680 6685
f 6624 6627 6686
f 6686 6627 6687
f 6689 6711 6685
f 6685 6711 6714
f 6627 6626 6687
f 6687 6626 6690
f 6717 6712 6691
f 6691 6712 6688
f 6612 6707 6613
f 6613 6707 6706
f 6616 6696 6617
f 6617 6696 6694
f 6703 6700 6620
f 6620 6700 6621
f 6715 6625 6718
f 6718 6625 6624
f 6710 6629 6713
f 6713 6629 6628
f 6639 6635 6636
f 6636 6635 6634
f 6641 6640 6642
f 6642 6640 6643
f 6654 6655 6644
f 6644 6655 6645
f 6651 6650 6648
f 6648 6650 6649
f 6659 6658 6663
f 6663 6658 6660
f 6665 6667 6664
f 6664 6667 6666
f 6678 6669 6679
f 6679 6669 6668
f 6673 6672 6677
f 6677 6672 6674
f 6690 6682 6691
f 6691 6682 6681
f 6685 6684 6689
f 6689 6684 6686
f 6636 6634 6617
f 6617 6634 6618
f 6638 6698 6639
f 6639 6698 6695
f 6640 6696 6643
f 6643 6696 6616
f 6693 6699 6632
f 6632 6699 6642
f 6655 6622 6645
f 6645 6622 6621
f 6704 6701 6647
f 6647 6701 6644
f 6651 6648 6620
f 6620 6648 6703
f 6650 6653 6699
f 6699 6653 6697
f 6613 6660 6614
f 6614 6660 6658
f 6663 6662 6701
f 6701 6662 6702
f 6665 6707 6667
f 6667 6707 6612
f 6705 6709 6656
f 6656 6709 6666
f 6630 6629 6678
f 6678 6629 6669
f 6714 6711 6671
f 6671 6711 6668
f 6672 6713 6674
f 6674 6713 6628
f 6677 6676 6709
f 6709 6676 6708
f 6626 6625 6690
f 6690 6625 6682
f 6680 6719 6681
f 6681 6719 6716
f 6684 6718 6686
f 6686 6718 6624
f 6711 6689 6712
f 6689 6688 6712
f 6593 6720 6594
f 6594 6720 6721
f 6722 6720 4607
f 4607 6720 4849
f 6592 6723 6722
f 6722 6723 6724
f 4610 4609 6578
f 6578 4609 6575
f 6596 6595 6580
f 6580 6595 6579
f 4618 4617 6584
f 6584 4617 6581
f 6589 6585 6586
f 6586 6585 6606
f 4622 4619 6588
f 6588 4619 6589
f 4622 6588 4623
f 4623 6588 6590
f 4609 4645 6575
f 6575 4645 6593
f 4617 4612 6581
f 6581 4612 6579
f 5004 4610 6597
f 6597 4610 6578
f 4645 4849 6593
f 6593 4849 6720
f 6724 6721 6722
f 6722 6721 6720
f 6722 4607 6592
f 6592 4607 4606
f 6725 6610 6721
f 6721 6610 6594
f 6723 6726 6724
f 6724 6726 6727
f 6727 6725 6724
f 6724 6725 6721
f 6728 6729 6605
f 6605 6729 6608
f 6605 6607 6728
f 6728 6607 6730
f 6731 6732 6604
f 6604 6732 6603
f 6733 6734 6725
f 6725 6734 6610
f 6735 6733 6727
f 6727 6733 6725
f 6735 6727 6736
f 6736 6727 6726
f 6591 6609 6723
f 6723 6609 6726
f 6723 6592 6591
f 6591 6592 6590
f 6738 6739 6737
f 6737 6739 6740
f 6740 6739 6742
f 6742 6739 6741
f 6743 6744 6741
f 6741 6744 6742
f 6745 6746 6743
f 6743 6746 6744
f 6747 6748 6745
f 6745 6748 6746
f 6749 6750 6747
f 6747 6750 6748
f 6752 6738 6751
f 6751 6738 6737
f 6754 6752 6753
f 6753 6752 6751
f 6756 6754 6755
f 6755 6754 6753
f 6758 6750 6757
f 6757 6750 6749
f 6760 6756 6759
f 6759 6756 6755
f 6762 6760 6761
f 6761 6760 6759
f 6764 6762 6763
f 6763 6762 6761
f 6757 6764 6758
f 6758 6764 6763
f 6766 6741 6765
f 6765 6741 6739
f 6767 6743 6766
f 6766 6743 6741
f 6768 6745 6767
f 6767 6745 6743
f 6769 6747 6768
f 6768 6747 6745
f 6770 6749 6769
f 6769 6749 6747
f 6772 6769 6771
f 6771 6769 6768
f 6773 6770 6772
f 6772 6770 6769
f 6774 6775 6772
f 6772 6775 6773
f 6777 6778 6776
f 6776 6778 6779
f 6775 6774 6778
f 6778 6774 6779
f 6771 6780 6772
f 6772 6780 6774
f 6780 6781 6774
f 6774 6781 6779
f 6781 6782 6779
f 6779 6782 6776
f 6784 6785 6783
f 6783 6785 6786
f 6786 6787 6783
f 6783 6787 6788
f 6790 6788 6789
f 6789 6788 6787
f 6786 6785 6791
f 6791 6785 6792
f 6791 6793 6786
f 6786 6793 6787
f 6793 6794 6787
f 6787 6794 6789
f 6795 6796 6794
f 6794 6796 6789
f 6790 6789 6797
f 6797 6789 6796
f 6798 6765 6738
f 6738 6765 6739
f 6799 6798 6752
f 6752 6798 6738
f 6767 6800 6768
f 6768 6800 6771
f 6766 6801 6767
f 6767 6801 6800
f 6802 6801 6765
f 6765 6801 6766
f 6798 6803 6765
f 6765 6803 6802
f 6804 6803 6799
f 6799 6803 6798
f 6805 6806 6804
f 6804 6806 6803
f 6807 6799 6754
f 6754 6799 6752
f 6808 6804 6807
f 6807 6804 6799
f 6809 6805 6808
f 6808 6805 6804
f 6810 6811 6805
f 6805 6811 6806
f 6812 6813 6810
f 6810 6813 6811
f 6814 6815 6796
f 6796 6815 6797
f 6813 6814 6816
f 6816 6814 6817
f 6816 6818 6813
f 6813 6818 6811
f 6819 6806 6818
f 6818 6806 6811
f 6802 6803 6819
f 6819 6803 6806
f 6757 6749 6820
f 6820 6749 6770
f 6820 6770 6821
f 6821 6770 6773
f 6821 6773 6822
f 6822 6773 6775
f 6822 6775 6823
f 6823 6775 6778
f 6824 6823 6777
f 6777 6823 6778
f 6784 6825 6777
f 6777 6825 6824
f 6826 6827 6788
f 6788 6827 6783
f 6828 6826 6790
f 6790 6826 6788
f 6829 6828 6797
f 6797 6828 6790
f 6815 6830 6797
f 6797 6830 6829
f 6832 6812 6831
f 6831 6812 6810
f 6831 6810 6809
f 6809 6810 6805
f 6736 6800 6735
f 6735 6800 6801
f 6733 6735 6802
f 6802 6735 6801
f 6734 6733 6819
f 6819 6733 6802
f 6833 6734 6818
f 6818 6734 6819
f 6834 6833 6816
f 6816 6833 6818
f 6816 6817 6834
f 6834 6817 6835
f 6837 6795 6836
f 6836 6795 6794
f 6836 6794 6731
f 6731 6794 6793
f 6732 6731 6791
f 6791 6731 6793
f 6791 6792 6732
f 6732 6792 6730
f 6729 6728 6781
f 6781 6728 6782
f 6838 6807 6756
f 6756 6807 6754
f 6839 6838 6760
f 6760 6838 6756
f 6840 6839 6762
f 6762 6839 6760
f 6841 6840 6764
f 6764 6840 6762
f 6820 6841 6757
f 6757 6841 6764
f 6841 6820 6842
f 6842 6820 6821
f 6840 6841 6843
f 6843 6841 6842
f 6839 6840 6844
f 6844 6840 6843
f 6838 6839 6845
f 6845 6839 6844
f 6807 6838 6808
f 6808 6838 6845
f 6842 6821 6846
f 6846 6821 6822
f 6843 6842 6847
f 6847 6842 6846
f 6844 6843 6848
f 6848 6843 6847
f 6845 6844 6849
f 6849 6844 6848
f 6808 6845 6809
f 6809 6845 6849
f 6850 6831 6849
f 6849 6831 6809
f 6851 6850 6848
f 6848 6850 6849
f 6847 6852 6848
f 6848 6852 6851
f 6853 6852 6846
f 6846 6852 6847
f 6846 6822 6853
f 6853 6822 6823
f 6853 6823 6854
f 6854 6823 6824
f 6854 6855 6853
f 6853 6855 6852
f 6856 6851 6855
f 6855 6851 6852
f 6856 6857 6851
f 6851 6857 6850
f 6857 6832 6850
f 6850 6832 6831
f 6825 6858 6824
f 6824 6858 6854
f 6860 6827 6859
f 6859 6827 6826
f 6859 6826 6861
f 6861 6826 6828
f 6862 6861 6829
f 6829 6861 6828
f 6830 6863 6829
f 6829 6863 6862
f 6863 6864 6862
f 6862 6864 6865
f 6858 6866 6854
f 6854 6866 6855
f 6867 6865 6866
f 6866 6865 6864
f 6869 6859 6868
f 6868 6859 6861
f 6867 6869 6865
f 6865 6869 6868
f 6861 6862 6868
f 6868 6862 6865
f 6867 6860 6869
f 6869 6860 6859
f 6753 6751 6698
f 6698 6751 6695
f 6697 6755 6698
f 6698 6755 6753
f 6759 6755 6702
f 6702 6755 6697
f 6761 6759 6708
f 6708 6759 6702
f 6763 6761 6712
f 6712 6761 6708
f 6758 6763 6717
f 6717 6763 6712
f 6750 6758 6716
f 6716 6758 6717
f 6719 6748 6716
f 6716 6748 6750
f 6714 6746 6719
f 6719 6746 6748
f 6705 6744 6714
f 6714 6744 6746
f 6704 6742 6705
f 6705 6742 6744
f 6740 6742 6693
f 6693 6742 6704
f 6737 6740 6692
f 6692 6740 6693
f 6751 6737 6695
f 6695 6737 6692
f 6601 6602 6836
f 6836 6602 6837
f 6604 6601 6731
f 6731 6601 6836
f 6599 6600 6834
f 6834 6600 6833
f 6834 6835 6599
f 6599 6835 6611
f 6600 6610 6833
f 6833 6610 6734
f 6780 6771 6870
f 6870 6771 6736
f 6736 6771 6800
f 6870 6729 6780
f 6780 6729 6781
f 6608 6729 6609
f 6609 6729 6870
f 6609 6870 6726
f 6726 6870 6736
f 5014 5015 5229
f 5229 5015 5230
f 4258 5015 4259
f 4259 5015 4878
f 3471 3013 4703
f 4703 3013 4704
f 2879 6337 1306
f 1306 6337 4785
f 829 3471 4316
f 4316 3471 4703
f 4702 3472 5223
f 5223 3472 1756
f 6871 6872 4534
f 4534 6872 4535
f 6871 4665 6872
f 6872 4665 4844
f 6871 6873 4665
f 4665 6873 4559
f 6871 4534 6873
f 6873 4534 4542
f 4153 4152 4822
f 4822 4152 4407
f 4152 4168 4407
f 4407 4168 4342
f 4343 4168 4923
f 4923 4168 4167
f 4363 4362 4972
f 4972 4362 4840
f 4362 4394 4840
f 4840 4394 4839
f 4401 4400 4986
f 4986 4400 4984
f 4435 4434 4841
f 4841 4434 4842
f 4506 4505 4530
f 4530 4505 4531
f 4506 4535 4507
f 4507 4535 4843
f 4661 4660 4516
f 4516 4660 4517
f 4673 4672 4937
f 4937 4672 6547
f 4400 4924 4984
f 4984 4924 5263
f 4673 4660 4674
f 4674 4660 4659
f 4505 4661 4531
f 4531 4661 4516
f 4952 4401 6874
f 6874 4401 4986
f 4954 4153 6875
f 6875 4153 4822
f 4363 4973 4364
f 4364 4973 4974
f 5264 4924 5267
f 5267 4924 4691
f 6293 6292 6876
f 6876 6292 6877
f 6380 4343 6387
f 6387 4343 4923
f 4394 4435 4839
f 4839 4435 4841
f 4672 4434 6547
f 6547 4434 4433
f 4973 6556 4974
f 4974 6556 6878
f 6567 6380 6574
f 6574 6380 6387
f 6292 4954 6877
f 6877 4954 6875
f 6567 5264 6568
f 6568 5264 5267
f 4145 4144 4154
f 4154 4144 4151
f 4194 4144 4425
f 4425 4144 4143
f 4355 4354 5263
f 5263 4354 4984
f 4360 4359 4364
f 4364 4359 4361
f 4444 4359 4392
f 4392 4359 4337
f 4447 4446 4432
f 4432 4446 4433
f 4464 4463 6547
f 6547 4463 4937
f 4519 4518 4654
f 4654 4518 4509
f 4533 4532 4499
f 4499 4532 4498
f 4533 4542 4530
f 4530 4542 4534
f 4519 4532 4516
f 4516 4532 4531
f 4922 4194 4426
f 4426 4194 4425
f 4463 4518 4937
f 4937 4518 4517
f 6555 4951 6874
f 6874 4951 6878
f 4958 4957 6290
f 6290 4957 6291
f 4334 4360 4712
f 4712 4360 4950
f 4985 4354 4419
f 4419 4354 4353
f 5262 4355 5265
f 5265 4355 5263
f 6294 4958 4804
f 4804 4958 6290
f 6386 4922 6384
f 6384 4922 4426
f 4444 4447 4393
f 4393 4447 4432
f 4464 4446 4465
f 4465 4446 4445
f 4985 6555 4986
f 4986 6555 6874
f 6573 6386 6571
f 6571 6386 6384
f 4145 6294 4146
f 4146 6294 4804
f 6573 5262 6574
f 6574 5262 5265
f 4542 4541 6873
f 6873 4541 4559
f 4535 6872 4843
f 4843 6872 4844
f 4104 4103 6879
f 6879 4103 6343
f 4105 6293 6307
f 6307 6293 6876
f 4104 4956 4105
f 4105 4956 6293
f 4956 4104 4957
f 4957 4104 6879
f 4957 6879 6291
f 6291 6879 6309
f 4648 4988 4649
f 4649 4988 4953
f 4802 4803 4928
f 4928 4803 6550
f 6550 4803 6555
f 6555 4803 4951
f 1516 3173 4987
f 4987 3173 5006
f 6519 6518 6558
f 6558 6518 6510
f 6527 6519 6559
f 6559 6519 6558
f 6528 6560 6529
f 6529 6560 6541
f 6548 4625 6549
f 6549 4625 4624
f 6551 6552 4746
f 4746 6552 6505
f 6553 4711 6554
f 6554 4711 4710
f 4802 6551 4713
f 4713 6551 4746
f 6556 4973 4649
f 4649 4973 4646
f 6557 4949 6548
f 6548 4949 4625
f 4648 4647 6553
f 6553 4647 4711
f 6549 4624 4987
f 4987 4624 4838
f 6552 6518 6505
f 6505 6518 6507
f 6561 4372 6529
f 6529 4372 6514
f 6562 4369 6561
f 6561 4369 4372
f 3142 3482 6562
f 6562 3482 4369
f 6556 4952 6878
f 6878 4952 6874
f 4951 4950 6878
f 6878 4950 4974
f 3168 440 3952
f 4204 4203 5341
f 5341 4203 6364
f 4219 4222 6429
f 6429 4222 4383
f 4319 4322 6506
f 6506 4322 4747
f 4340 4714 4341
f 4341 4714 4384
f 4375 4377 6388
f 6388 4377 6546
f 4378 4381 6311
f 6311 4381 4720
f 4449 4341 4387
f 4387 4341 4384
f 4473 4472 4477
f 4477 4472 4474
f 4492 4491 4487
f 4487 4491 4488
f 4523 4491 4522
f 4522 4491 4490
f 4492 4538 4493
f 4493 4538 4555
f 4538 4553 4555
f 4555 4553 4556
f 4620 4615 4621
f 4621 4615 4618
f 4652 4651 4368
f 4368 4651 4365
f 4523 4655 4524
f 4524 4655 4656
f 4553 4667 4556
f 4556 4667 4571
f 4651 1210 4365
f 4365 1210 1209
f 4698 4697 5223
f 5223 4697 6344
f 4340 4339 4322
f 4322 4339 4747
f 4726 4729 5287
f 5287 4729 4198
f 4381 4380 4737
f 4737 4380 6368
f 4836 4835 4451
f 4451 4835 4709
f 4910 6367 4911
f 4911 6367 6366
f 4912 4915 6450
f 6450 4915 6449
f 4927 4836 4450
f 4450 4836 4451
f 4930 4929 4439
f 4439 4929 4436
f 4936 4935 4459
f 4459 4935 4456
f 4473 4655 4470
f 4470 4655 4510
f 4942 4583 4943
f 4943 4583 4572
f 4948 4601 4947
f 4947 4601 4584
f 4949 4835 4625
f 4625 4835 4626
f 4966 4969 6289
f 6289 4969 4695
f 4971 4652 4926
f 4926 4652 4368
f 4203 4977 6364
f 6364 4977 6365
f 4990 4989 4443
f 4443 4989 4440
f 4990 4991 4478
f 4478 4991 4512
f 4992 4991 4528
f 4528 4991 4515
f 4992 4993 4527
f 4527 4993 4485
f 4994 4993 4502
f 4502 4993 4503
f 4994 4995 4482
f 4482 4995 4550
f 4543 4996 4544
f 4544 4996 4995
f 4999 4998 4567
f 4567 4998 4578
f 5000 4998 4575
f 4575 4998 4997
f 5002 5001 4592
f 4592 5001 4574
f 5003 5004 4614
f 4614 5004 4611
f 3483 4215 1755
f 1755 4215 4698
f 5274 5277 4195
f 4195 5277 4223
f 4726 5295 4727
f 4727 5295 6350
f 5309 5342 5310
f 5310 5342 6363
f 5315 5314 5316
f 5316 5314 5317
f 5339 6362 5340
f 5340 6362 5363
f 5310 6363 5339
f 5339 6363 6362
f 4204 5309 4201
f 4201 5309 5308
f 4915 5345 6449
f 6449 5345 6448
f 5345 5315 6448
f 6448 5315 5316
f 5348 5347 6351
f 6351 5347 6352
f 5365 4263 5340
f 5340 4263 4262
f 6295 6298 4733
f 4733 6298 4734
f 4969 6306 4695
f 4695 6306 4696
f 6306 4378 4696
f 4696 4378 6311
f 6369 6372 6544
f 6544 6372 6545
f 4375 6390 4373
f 4373 6390 4374
f 6421 6422 4911
f 4911 6422 4908
f 4910 4909 4737
f 4737 4909 4736
f 5277 4219 4223
f 4223 4219 6429
f 4697 4222 6344
f 6344 4222 4221
f 6436 6361 6437
f 6437 6361 6360
f 6438 6440 6437
f 6437 6440 6434
f 6438 6359 6441
f 6441 6359 6358
f 6442 6441 6357
f 6357 6441 6358
f 6442 6444 6443
f 6443 6444 6445
f 6446 6444 6355
f 6355 6444 6356
f 6446 4912 6447
f 6447 4912 6450
f 6436 6435 5365
f 5365 6435 4263
f 5314 5347 5317
f 5317 5347 5346
f 4319 6512 4320
f 4320 6512 6513
f 6520 6512 6521
f 6521 6512 6508
f 6528 6520 6527
f 6527 6520 6521
f 6532 6539 6533
f 6533 6539 6535
f 6533 6535 6537
f 6537 6535 6534
f 6538 6543 6537
f 6537 6543 6536
f 6295 4377 6296
f 6296 4377 4376
f 4989 4930 4440
f 4440 4930 4439
f 4927 4929 4422
f 4422 4929 4455
f 4449 4936 4388
f 4388 4936 4459
f 4472 4935 4474
f 4474 4935 4932
f 4942 4940 4947
f 4947 4940 4939
f 5001 5000 4574
f 4574 5000 4575
f 4669 4943 4666
f 4666 4943 4667
f 4996 4999 4547
f 4547 4999 4567
f 4948 4946 4620
f 4620 4946 4615
f 5003 5002 4591
f 4591 5002 4592
f 6557 4971 6554
f 6554 4971 4926
f 6532 6560 6539
f 6539 6560 6559
f 6390 6372 4374
f 4374 6372 6371
f 4966 6298 4967
f 4967 6298 6297
f 6538 6526 6369
f 6369 6526 6370
f 6585 6589 4621
f 4621 6589 4619
f 6597 6578 6598
f 6598 6578 6577
f 6606 6583 6607
f 6607 6583 6603
f 6611 6602 6598
f 6598 6602 6596
f 6585 6584 6606
f 6606 6584 6583
f 6597 6580 5004
f 5004 6580 4611
f 6607 6603 6730
f 6730 6603 6732
f 6776 6785 6777
f 6777 6785 6784
f 6785 6776 6792
f 6792 6776 6782
f 6815 6814 6812
f 6812 6814 6813
f 6817 6814 6795
f 6795 6814 6796
f 6825 6784 6827
f 6827 6784 6783
f 6830 6815 6832
f 6832 6815 6812
f 6817 6795 6835
f 6835 6795 6837
f 6792 6782 6730
f 6730 6782 6728
f 6858 6825 6860
f 6860 6825 6827
f 6863 6830 6857
f 6857 6830 6832
f 6864 6863 6856
f 6856 6863 6857
f 6866 6858 6867
f 6867 6858 6860
f 6866 6864 6855
f 6855 6864 6856
f 6835 6837 6611
f 6611 6837 6602
f 6560 6528 6559
f 6559 6528 6527
f 4949 6557 4710
f 4710 6557 6554
f 4430 4090 4175
f 4175 4090 4089
f 4777 4113 4155
f 4155 4113 4086
f 4175 4089 4176
f 4176 4089 4142
f 4199 4271 4200
f 4200 4271 4798
f 4199 4095 4272
f 4272 4095 5273
f 4406 4405 4404
f 4404 4405 4346
f 4410 4409 6877
f 6877 4409 6876
f 4409 4413 6876
f 6876 4413 6307
f 4415 4148 4416
f 4416 4148 4147
f 4690 4405 4344
f 4344 4405 4342
f 4693 4692 4352
f 4352 4692 4349
f 4701 4700 6337
f 6337 4700 6338
f 4778 4777 4081
f 4081 4777 4155
f 4821 4406 4809
f 4809 4406 4404
f 4176 4142 4181
f 4181 4142 4415
f 4760 4970 4399
f 4399 4970 4692
f 4200 5007 4096
f 4096 5007 4078
f 5266 4693 5269
f 5269 4693 4352
f 5270 5007 5361
f 5361 5007 4797
f 4778 5270 4779
f 4779 5270 5361
f 6285 4410 6875
f 6875 4410 6877
f 6308 4413 4687
f 4687 4413 4412
f 6480 6320 6481
f 6481 6320 6880
f 4701 2878 4702
f 4702 2878 3472
f 6339 6347 6340
f 6340 6347 6348
f 6341 6342 6346
f 6346 6342 6345
f 4416 6308 4414
f 4414 6308 4687
f 6385 4690 6381
f 6381 4690 4344
f 5282 6341 5280
f 5280 6341 6339
f 4700 6342 6338
f 6338 6342 5281
f 6340 6348 4272
f 4272 6348 4270
f 6480 6479 4828
f 4828 6479 4829
f 6490 6479 6489
f 6489 6479 6478
f 4090 4430 6490
f 6490 4430 4429
f 6563 6564 4970
f 4970 6564 4815
f 4694 6566 4366
f 4366 6566 6563
f 6572 6385 6568
f 6568 6385 6381
f 4821 6285 4822
f 4822 6285 6875
f 6572 5266 6569
f 6569 5266 5269
f 3482 3103 4369
f 4369 3103 4370
f 3121 4730 3485
f 3485 4730 4327
f 6277 6280 6273
f 6273 6280 6272
f 6267 6276 6278
f 6278 6276 6279
f 6278 6279 6277
f 6277 6279 6280
f 6279 6256 6280
f 6280 6256 6255
f 6256 3857 6255
f 6255 3857 3754
f 3857 3856 3754
f 3754 3856 3755
f 3856 3703 3755
f 3755 3703 3863
f 3703 3702 3863
f 3863 3702 3759
f 3702 3706 3759
f 3759 3706 3670
f 3706 3705 3670
f 3670 3705 3668
f 3705 3773 3668
f 3668 3773 3882
f 3882 3773 3883
f 3883 3773 3707
f 3707 3708 3883
f 3883 3708 3880
f 3708 3710 3880
f 3880 3710 3881
f 3709 5241 3710
f 3710 5241 3881
f 5241 3709 5234
f 5234 3709 3786
f 3693 3712 3786
f 3786 3712 5234
f 4051 4055 4052
f 4052 4055 4056
f 4056 4055 4057
f 4057 4055 4054
f 4066 5238 5236
f 5236 5238 3989
f 4066 4069 5238
f 5238 4069 4035
f 6881 3962 3960
f 3960 3962 3957
f 6883 4070 6882
f 6882 4070 3941
f 4070 6883 4071
f 4071 6883 6884
f 4071 6884 4072
f 4072 6884 6885
f 6885 6886 4072
f 4072 6886 4031
f 3955 6881 3956
f 3956 6881 3960
f 6884 3991 6885
f 6885 3991 3990
f 6883 6887 6884
f 6884 6887 3991
f 6887 6888 3991
f 3991 6888 3992
f 6888 6887 6889
f 6889 6887 6890
f 6887 6883 6890
f 6890 6883 6882
f 4058 5240 3953
f 3953 5240 3954
f 5236 6888 5239
f 5239 6888 6889
f 5237 6886 3990
f 3990 6886 6885
f 4034 4031 5237
f 5237 4031 6886
f 6881 6882 3962
f 3962 6882 3941
f 6881 3955 6882
f 6882 3955 6890
f 3955 3954 6890
f 6890 3954 6889
f 5239 6889 5240
f 5240 6889 3954
f 6888 5236 3992
f 3992 5236 3989
f 3869 3868 3888
f 3888 3868 4015
f 3868 4012 4015
f 4015 4012 4010
f 4012 4022 4010
f 4010 4022 4009
f 4022 4021 4009
f 4009 4021 4018
f 4020 3974 4001
f 4001 3974 3996
f 4021 4020 4029
f 4029 4020 4001
f 4085 4156 4086
f 4086 4156 4155
f 4113 4777 4114
f 4114 4777 4776
f 4130 4129 4094
f 4094 4129 4091
f 4139 4773 4140
f 4140 4773 4772
f 4149 4178 4150
f 4150 4178 5225
f 4160 4159 4087
f 4087 4159 4088
f 4149 4148 4179
f 4179 4148 4141
f 4085 4084 4183
f 4183 4084 6315
f 4179 4141 4159
f 4159 4141 4088
f 4192 4130 4162
f 4162 4130 4094
f 4197 5288 4198
f 4198 5288 5287
f 4229 4766 4230
f 4230 4766 4771
f 4245 4246 4242
f 4242 4246 4249
f 4183 6315 4418
f 4418 6315 6314
f 4679 4178 4680
f 4680 4178 4177
f 4724 4798 4725
f 4725 4798 4271
f 4728 5275 4729
f 4729 5275 5274
f 4230 4771 4249
f 4249 4771 4242
f 4724 4723 4799
f 4799 4723 5355
f 4823 4824 4891
f 4891 4824 6327
f 4823 4192 4161
f 4161 4192 4162
f 4893 4767 4229
f 4229 4767 4766
f 4894 4895 4898
f 4898 4895 4899
f 4106 4150 4103
f 4103 4150 5225
f 4680 4894 4677
f 4677 4894 4898
f 6420 4977 5301
f 5301 4977 4976
f 4679 4678 5226
f 5226 4678 4427
f 5228 5008 4893
f 4893 5008 4767
f 5285 6354 5286
f 5286 6354 5343
f 5289 5352 5290
f 5290 5352 5349
f 5290 5349 5295
f 5295 5349 5348
f 5302 5299 4202
f 4202 5299 4976
f 4725 4271 5311
f 5311 4271 4270
f 5325 4723 5326
f 5326 4723 4722
f 5335 5355 5325
f 5325 5355 4723
f 5326 4722 5286
f 5286 4722 5283
f 4799 5357 4797
f 4797 5357 5361
f 5359 5356 5335
f 5335 5356 5355
f 4775 4774 5356
f 5356 4774 5357
f 5359 5358 4092
f 4092 5358 4093
f 6316 4740 6317
f 6317 4740 4739
f 6318 4827 6316
f 6316 4827 4740
f 6319 4828 6318
f 6318 4828 4827
f 6320 6480 6319
f 6319 6480 4828
f 6484 6322 6485
f 6485 6322 6321
f 6487 6324 6331
f 6331 6324 6323
f 6331 6323 6330
f 6330 6323 6325
f 6325 6326 6330
f 6330 6326 6329
f 6326 6328 6329
f 6329 6328 5231
f 4824 4685 5228
f 5228 4685 5008
f 5226 6343 5225
f 5225 6343 4103
f 4728 4727 6349
f 6349 4727 5284
f 6350 6351 5285
f 5285 6351 6354
f 4247 4246 6418
f 6418 4246 6365
f 6400 6402 6401
f 6401 6402 6459
f 4197 4196 6409
f 6409 4196 6426
f 6412 4897 6328
f 6328 4897 5231
f 6413 4133 6412
f 6412 4133 4897
f 6414 4134 6413
f 6413 4134 4133
f 6415 4225 6414
f 6414 4225 4134
f 6416 4252 6415
f 6415 4252 4225
f 6417 4253 6416
f 6416 4253 4252
f 4253 6417 6366
f 6366 6417 6419
f 6366 6419 4911
f 4911 6419 6421
f 6422 6423 4908
f 4908 6423 5298
f 5298 6423 6396
f 6396 6423 6424
f 6409 6426 6425
f 6425 6426 6397
f 5300 5299 6399
f 6399 5299 6400
f 6465 6408 6401
f 6401 6408 6398
f 6424 6399 6425
f 6425 6399 6398
f 6349 5284 5311
f 5311 5284 5283
f 6465 6464 5289
f 5289 6464 5352
f 6488 6483 6492
f 6492 6483 6482
f 6486 6491 6482
f 6482 6491 6492
f 6491 4895 6492
f 6492 4895 4157
f 6488 4160 6489
f 6489 4160 4087
f 6501 6502 4418
f 4418 6502 4417
f 6504 6500 6317
f 6317 6500 6314
f 3497 3496 6501
f 6501 3496 6502
f 3499 3498 6504
f 6504 3498 6500
f 4729 5274 4198
f 4198 5274 4195
f 6418 6365 6420
f 6420 6365 4977
f 5295 5348 6350
f 6350 5348 6351
f 5301 6422 6420
f 6420 6422 6421
f 4113 4112 4086
f 4086 4112 4083
f 6320 4112 6880
f 6880 4112 4111
f 4091 4772 4092
f 4092 4772 4775
f 4129 4140 4091
f 4091 4140 4772
f 4137 4140 4128
f 4128 4140 4129
f 4128 6324 4137
f 4137 6324 6321
f 6324 6487 6321
f 6321 6487 6485
f 6487 6486 6485
f 6485 6486 6482
f 4774 4773 4779
f 4779 4773 4776
f 4773 4139 4776
f 4776 4139 4114
f 4139 4138 4114
f 4114 4138 4111
f 4138 6322 4111
f 4111 6322 6880
f 6322 6484 6880
f 6880 6484 6481
f 6484 6483 6481
f 6481 6483 6478
f 6879 6343 6309
f 6309 6343 4428
f 4106 4105 4900
f 4900 4105 6307
f 3500 3167 6495
f 6495 3167 6496
f 3500 6495 3070
f 3070 6495 5368
f 3502 5235 3501
f 3501 5235 4813
f 3024 3503 6473
f 6473 3503 6474
f 3503 3023 6474
f 6474 3023 6374
f 3504 1770 4348
f 4348 1770 4345
f 3502 3505 5235
f 5235 3505 4810
f 3498 3497 6500
f 6500 3497 6501
f 3496 3075 6502
f 6502 3075 6275
f 6299 4254 3174
f 3174 4254 3017
f 1769 3501 4814
f 4814 3501 4813
f 3506 3018 6476
f 6476 3018 4257
f 3507 3499 6499
f 6499 3499 6504
f 3030 4216 3483
f 3483 4216 4215
f 3077 3507 6333
f 6333 3507 6499
f 1784 3160 5249
f 5249 3160 6523
f 3015 3506 4240
f 4240 3506 6476
f 3508 3504 6383
f 6383 3504 4348
f 3509 3016 6477
f 6477 3016 4239
f 3028 3509 6467
f 6467 3509 6477
f 3022 1785 5246
f 5246 1785 5247
f 3161 3508 6570
f 6570 3508 6383
f 3150 3149 4694
f 4694 3149 6566
f 1327 4807 3510
f 3510 4807 4811
f 3510 4811 3505
f 3505 4811 4810
f 3146 3511 4816
f 4816 3511 4350
f 3511 1808 4350
f 4350 1808 4351
f 3485 4327 3159
f 3159 4327 4330
f 1326 3512 4806
f 4806 3512 6310
f 3512 1331 6310
f 6310 1331 4688
