ply
format ascii 1.0
element vertex 6890
property float x
property float y
property float z
end_header
-1.737122 2.114736 2.250757
-1.727103 2.109142 2.264326
-1.721650 2.103135 2.252567
-1.729566 2.104973 2.239084
-1.714553 2.100154 2.262158
-1.719045 2.102797 2.272331
-1.716805 2.094009 2.243787
-1.723293 2.092366 2.231703
-1.693002 2.065605 2.245049
-1.690971 2.057339 2.238324
-1.699596 2.065786 2.235924
-1.699923 2.071604 2.243635
-1.676981 2.046046 2.252712
-1.671899 2.043749 2.264363
-1.668245 2.031371 2.260656
-1.674608 2.032332 2.249137
-1.689724 2.060662 2.295898
-1.682886 2.056705 2.293178
-1.685418 2.061620 2.287790
-1.692318 2.064646 2.290807
-1.699304 2.069082 2.302808
-1.703522 2.070559 2.298228
-1.706911 2.075311 2.303530
-1.701655 2.074357 2.308236
-1.688052 2.056759 2.301876
-1.681617 2.052316 2.298773
-1.695171 2.064803 2.298343
-1.692628 2.062836 2.302537
-1.686166 2.065819 2.312565
-1.689960 2.067263 2.309791
-1.689865 2.072145 2.315274
-1.686059 2.068790 2.317239
-1.687930 2.059384 2.305590
-1.689051 2.062899 2.306196
-1.686434 2.062136 2.309686
-1.686703 2.058348 2.309550
-1.695580 2.067978 2.306718
-1.696321 2.073299 2.312056
-1.697315 2.076918 2.318433
-1.689940 2.074975 2.322009
-1.671056 2.046120 2.286415
-1.676386 2.052241 2.289823
-1.675377 2.048538 2.295587
-1.670616 2.043769 2.292245
-1.685548 2.053887 2.307993
-1.673237 2.042848 2.309613
-1.675757 2.045833 2.308634
-1.678230 2.047512 2.314658
-1.675596 2.044795 2.315228
-1.663223 2.031806 2.282536
-1.663833 2.032607 2.289394
-1.661051 2.026666 2.290298
-1.659644 2.023642 2.283663
-1.658540 2.021143 2.293070
-1.657068 2.016295 2.285904
-1.652473 2.003458 2.297563
-1.654315 2.008945 2.291565
-1.656322 2.016794 2.297364
-1.654781 2.013855 2.304195
-1.660268 2.020204 2.315124
-1.661450 2.019747 2.320927
-1.653726 2.010074 2.320064
-1.653531 2.011750 2.312848
-1.672513 2.035197 2.307554
-1.671799 2.034462 2.303327
-1.671006 2.037626 2.305035
-1.672203 2.039362 2.309567
-1.670213 2.034597 2.300707
-1.668739 2.034318 2.299599
-1.669549 2.035626 2.299622
-1.670344 2.034634 2.300544
-1.671318 2.034353 2.301699
-1.670083 2.034971 2.304011
-1.670759 2.034537 2.301075
-1.669910 2.035558 2.308299
-1.672161 2.035428 2.322516
-1.670814 2.036022 2.318831
-1.675064 2.036709 2.317236
-1.676311 2.036695 2.320396
-1.670180 2.037944 2.301597
-1.670342 2.039579 2.299562
-1.672876 2.042770 2.303562
-1.671362 2.040214 2.304579
-1.670523 2.041619 2.296762
-1.668848 2.037018 2.297714
-1.668034 2.038160 2.294686
-1.667747 2.033375 2.300791
-1.665955 2.032048 2.298626
-1.667298 2.033867 2.297668
-1.664871 2.029867 2.301189
-1.667134 2.032681 2.303425
-1.666850 2.032355 2.307739
-1.666943 2.032287 2.313072
-1.664294 2.027432 2.311257
-1.664334 2.028348 2.305732
-1.674829 2.046223 2.300089
-1.665360 2.033205 2.294327
-1.667342 2.039116 2.290015
-1.663482 2.029646 2.295346
-1.661723 2.026016 2.297952
-1.660472 2.023335 2.302287
-1.660072 2.021665 2.308477
-1.651955 1.998963 2.315733
-1.651216 2.001041 2.307403
-1.715583 2.096289 2.274040
-1.711317 2.095201 2.267174
-1.707883 2.086878 2.266126
-1.707827 2.089164 2.264098
-1.710822 2.090729 2.269665
-1.709897 2.088445 2.270097
-1.701584 2.075532 2.249766
-1.703185 2.078537 2.254688
-1.701133 2.075487 2.255093
-1.697273 2.071180 2.250200
-1.697138 2.073628 2.267105
-1.697244 2.073339 2.261847
-1.702829 2.078561 2.263379
-1.702169 2.079213 2.267279
-1.703260 2.079438 2.271340
-1.705335 2.079428 2.275139
-1.701756 2.074551 2.276449
-1.698882 2.074079 2.272094
-1.713910 2.090796 2.273638
-1.717484 2.088490 2.278634
-1.715834 2.086346 2.278516
-1.713014 2.088319 2.274359
-1.718489 2.077685 2.286374
-1.719211 2.079489 2.284740
-1.720779 2.080097 2.287646
-1.718958 2.076724 2.288828
-1.716018 2.075109 2.287855
-1.716758 2.076863 2.284735
-1.759259 2.124204 2.248825
-1.745130 2.120763 2.264290
-1.749845 2.115358 2.233899
-1.740052 2.103076 2.224427
-1.729760 2.089245 2.219621
-1.664730 2.031638 2.273150
-1.660844 2.020970 2.272066
-1.665358 2.019374 2.257866
-1.662154 2.008103 2.260047
-1.657431 2.010386 2.275917
-1.656781 1.990394 2.289494
-1.655418 1.999544 2.281334
-1.661714 1.994939 2.264566
-1.670698 1.995966 2.247414
-1.670294 2.007542 2.246319
-1.681816 1.999985 2.233286
-1.674733 1.982398 2.248189
-1.685711 1.993756 2.231663
-1.672585 1.945844 2.264556
-1.668081 1.933110 2.263134
-1.665493 1.939083 2.248748
-1.670688 1.950254 2.250388
-1.672132 2.019167 2.246370
-1.709368 2.068259 2.227492
-1.706858 2.074487 2.236402
-1.700311 2.057855 2.228114
-1.755587 2.091676 2.195517
-1.749094 2.099443 2.210067
-1.736514 2.086387 2.207665
-1.744560 2.080952 2.194216
-1.793566 2.111883 2.208497
-1.776441 2.121466 2.228160
-1.763596 2.112845 2.217735
-1.775827 2.105240 2.200902
-1.749654 2.072572 2.183718
-1.756414 2.059670 2.172759
-1.772151 2.064382 2.166959
-1.764566 2.080685 2.179954
-1.795705 2.068436 2.163741
-1.787833 2.089063 2.179957
-1.683412 1.978500 2.232928
-1.693461 1.990665 2.223783
-1.674451 1.964446 2.252278
-1.677521 1.965220 2.237476
-1.820540 2.067757 2.166269
-1.810745 2.094099 2.186697
-1.764883 2.009172 2.162587
-1.771579 2.026008 2.158478
-1.754186 2.031625 2.167144
-1.749626 2.016222 2.169034
-1.781782 1.999944 2.158679
-1.791928 2.018575 2.153758
-1.732233 1.979615 2.191212
-1.722078 1.972962 2.202726
-1.730783 1.965132 2.200335
-1.743193 1.969131 2.188787
-1.710490 2.094385 2.253859
-1.708036 2.091931 2.260605
-1.706168 2.087090 2.255357
-1.707908 2.087104 2.248090
-1.712321 2.084234 2.238883
-1.717088 2.080029 2.228659
-1.727831 2.073303 2.207666
-1.735841 2.069805 2.194741
-1.745585 2.053480 2.177499
-1.741028 2.063925 2.186198
-1.742382 2.029907 2.174863
-1.739738 2.020322 2.176075
-1.705074 1.989627 2.211567
-1.692556 1.974977 2.220213
-1.702346 1.969503 2.213876
-1.714096 1.981343 2.205945
-1.721203 1.957233 2.207508
-1.711790 1.963209 2.210320
-1.677133 1.950510 2.227473
-1.671799 1.939312 2.225837
-1.680729 1.936596 2.216934
-1.686325 1.946127 2.218750
-1.688710 1.931784 2.210592
-1.697303 1.926709 2.207146
-1.705655 1.935633 2.208796
-1.696734 1.940666 2.212407
-1.676262 1.921522 2.283521
-1.673685 1.909839 2.281940
-1.668409 1.916043 2.273676
-1.672381 1.927048 2.274726
-1.666007 1.930559 2.225069
-1.673797 1.929955 2.215013
-1.722797 1.989550 2.195237
-1.717529 1.996943 2.198195
-1.680231 1.925253 2.208359
-1.703064 1.951342 2.213560
-1.693350 1.956533 2.218369
-1.730436 1.950563 2.206367
-1.740680 1.956099 2.200497
-1.698564 2.067364 2.293854
-1.708912 2.075439 2.283124
-1.711735 2.077934 2.281357
-1.715002 2.077264 2.283480
-1.712528 2.075082 2.285859
-1.738516 2.109332 2.288581
-1.727514 2.097306 2.295085
-1.723325 2.102448 2.283412
-1.732797 2.111271 2.276789
-1.677764 2.057417 2.269023
-1.683804 2.063193 2.277713
-1.678686 2.057222 2.283985
-1.672991 2.050575 2.279174
-1.704602 2.080291 2.258507
-1.704989 2.081975 2.256984
-1.705650 2.082423 2.260164
-1.667178 2.039704 2.284203
-1.668553 2.041598 2.275651
-1.691331 2.046749 2.231875
-1.704969 2.079021 2.244564
-1.811871 2.114556 2.223292
-1.790434 2.126192 2.244851
-1.842826 2.065362 2.176074
-1.830522 2.095007 2.198974
-1.813584 2.009756 2.154882
-1.801030 1.988227 2.159835
-1.819188 1.977930 2.164054
-1.834934 2.000169 2.156465
-1.753455 1.957879 2.190544
-1.706817 1.921521 2.205724
-1.716499 1.931538 2.207539
-1.768702 2.127301 2.262975
-1.751706 2.119779 2.278395
-1.722230 2.075857 2.218040
-1.686339 2.061143 2.249603
-1.691659 2.068066 2.253739
-1.688238 2.067027 2.259127
-1.681124 2.058333 2.256238
-1.683081 2.050295 2.244853
-1.683091 2.037329 2.239640
-1.683649 2.022666 2.233245
-1.681068 2.009166 2.233336
-1.759032 2.045665 2.166652
-1.775374 2.044915 2.159863
-1.797747 2.044507 2.154526
-1.820993 2.037572 2.155752
-1.748967 2.042821 2.172040
-1.843569 2.031056 2.162898
-1.681684 2.050644 2.313586
-1.679623 2.049409 2.305862
-1.685499 2.053843 2.313819
-1.667602 2.031932 2.318432
-1.669186 2.031205 2.322535
-1.666645 2.025751 2.321420
-1.664949 2.026802 2.316715
-1.659039 1.984273 2.307780
-1.657773 1.985989 2.299258
-1.677565 1.934641 2.285882
-1.674776 1.939196 2.276989
-1.688583 2.064256 2.313857
-1.689322 2.065524 2.315149
-1.689448 2.063643 2.312311
-1.689190 2.061872 2.311623
-1.670486 2.036400 2.302532
-1.677622 2.045336 2.320225
-1.678905 2.044980 2.323158
-1.677334 2.040927 2.322563
-1.675870 2.041419 2.319668
-1.665381 1.979067 2.272484
-1.674066 1.959292 2.267148
-1.665787 1.939533 2.237873
-1.671475 1.951518 2.238532
-1.683809 1.962333 2.225533
-1.714327 1.946339 2.209791
-1.723143 1.941044 2.208091
-1.742055 1.929311 2.219681
-1.747785 1.934798 2.221188
-1.739761 1.942095 2.212337
-1.733620 1.934319 2.212135
-1.667448 1.971064 2.288611
-1.668457 1.970253 2.298030
-1.674398 1.952825 2.291019
-1.675396 1.951653 2.280177
-1.688959 2.061512 2.319347
-1.688152 2.060878 2.322029
-1.688437 2.057642 2.320175
-1.688753 2.059886 2.317565
-1.687378 2.059729 2.312064
-1.688683 2.059399 2.313146
-1.687672 2.056967 2.313598
-1.686940 2.064284 2.314026
-1.687333 2.061629 2.311960
-1.687777 2.066464 2.320102
-1.687045 2.066328 2.317230
-1.685724 2.069226 2.323257
-1.690759 2.061580 2.316896
-1.689942 2.060322 2.315221
-1.689596 2.060438 2.311804
-1.690584 2.059881 2.312294
-1.688952 2.066480 2.318435
-1.688498 2.065673 2.316337
-1.704014 2.078488 2.313899
-1.706341 2.079794 2.318985
-1.699496 2.078128 2.323966
-1.692273 2.075925 2.328922
-1.687596 2.068974 2.329615
-1.675845 1.950974 2.297881
-1.680958 1.930233 2.292115
-1.759637 2.116312 2.291655
-1.744366 2.105697 2.298824
-1.670892 2.034445 2.300778
-1.719611 2.093788 2.281400
-1.687858 2.067510 2.267166
-1.696234 2.068281 2.286388
-1.690194 2.066071 2.282505
-1.695976 2.070428 2.278787
-1.700638 2.071476 2.283079
-1.722260 2.089314 2.289515
-1.722942 2.087227 2.300446
-1.721563 2.083533 2.293696
-1.718505 2.078356 2.295145
-1.716671 2.080952 2.303212
-1.711514 2.075099 2.298338
-1.714564 2.074407 2.292828
-1.706546 2.084983 2.262990
-1.706198 2.085991 2.260132
-1.707081 2.071524 2.293767
-1.701989 2.069595 2.289915
-1.705505 2.072018 2.286412
-1.710165 2.072536 2.289654
-1.691320 2.069078 2.273722
-1.704432 2.081214 2.251297
-1.698729 2.073952 2.257678
-1.715778 2.004954 2.198078
-1.707548 2.000020 2.208977
-1.691673 2.004343 2.217989
-1.689770 2.002839 2.225259
-1.693337 2.001315 2.223137
-1.694655 2.003247 2.217053
-1.729980 2.034386 2.187123
-1.734737 2.036783 2.182442
-1.732584 2.042573 2.186379
-1.729379 2.037041 2.188644
-1.728241 2.043560 2.191491
-1.728690 2.047346 2.192128
-1.722822 2.043757 2.196054
-1.726851 2.041313 2.192020
-1.734175 2.055416 2.188833
-1.727852 2.059123 2.198243
-1.722873 2.049258 2.199052
-1.713277 2.059852 2.217145
-1.710575 2.044914 2.212029
-1.717390 2.048600 2.206172
-1.721521 2.060255 2.207421
-1.689872 2.008753 2.224353
-1.692056 2.017217 2.222980
-1.699576 1.999825 2.218216
-1.834650 1.967811 2.177527
-1.859110 1.989748 2.166837
-1.754624 1.996308 2.169459
-1.769662 1.985706 2.166398
-1.741929 2.004782 2.174943
-1.733335 2.011230 2.181225
-1.786714 1.974424 2.166847
-1.803753 1.964239 2.174510
-1.701516 2.047606 2.220889
-1.703093 2.036757 2.216160
-1.742296 1.986744 2.179287
-1.756420 1.976018 2.176852
-1.732202 1.995595 2.184004
-1.726147 2.003386 2.187895
-1.770617 1.964714 2.177189
-1.763923 1.948494 2.198251
-1.782634 1.954349 2.183639
-1.696078 2.012985 2.213557
-1.695352 2.012996 2.218248
-1.692368 2.006922 2.219370
-1.691438 2.008849 2.215803
-1.693324 2.035627 2.225519
-1.697155 2.027096 2.219790
-1.709829 2.080055 2.309015
-1.719285 2.083532 2.309947
-1.712905 2.081689 2.314415
-1.725698 2.087964 2.306197
-1.847204 2.091476 2.216326
-1.826027 2.111852 2.239712
-1.862884 2.025329 2.177379
-1.861006 2.060866 2.192787
-1.663248 2.019019 2.325026
-1.655482 2.008816 2.325810
-1.683606 2.051268 2.318649
-1.684495 2.050533 2.321476
-1.681602 2.047390 2.322156
-1.680481 2.048076 2.319418
-1.720768 2.084646 2.284169
-1.751063 1.948027 2.206962
-1.726787 1.925945 2.211049
-1.718501 1.915812 2.208025
-1.688762 1.919575 2.204449
-1.698862 1.912611 2.203070
-1.686793 2.053856 2.321145
-1.686208 2.054320 2.318289
-1.689698 2.066566 2.317784
-1.674062 2.041077 2.315051
-1.687661 2.056865 2.317411
-1.688431 2.059354 2.315692
-1.688915 2.056785 2.322465
-1.687486 2.053048 2.322516
-1.705325 2.075261 2.280084
-1.708469 2.078897 2.278380
-1.686797 2.064267 2.323400
-1.688898 2.064249 2.320996
-1.687724 2.062682 2.326825
-1.663286 1.922275 2.262960
-1.659856 1.927495 2.249192
-1.679936 2.044443 2.324834
-1.678414 2.040237 2.324368
-1.803862 2.123435 2.261702
-1.773876 1.941947 2.210636
-1.793418 1.947564 2.198035
-1.709706 2.035626 2.208915
-1.708571 2.029782 2.205546
-1.712762 2.034204 2.201656
-1.715013 2.040419 2.204660
-1.679874 1.917152 2.289444
-1.660336 1.930003 2.236781
-1.711253 1.906233 2.203612
-1.703860 2.078966 2.258650
-1.703558 2.078256 2.260433
-1.718434 2.082888 2.282085
-1.815006 1.957411 2.187123
-1.669885 2.035990 2.313551
-1.673746 2.036156 2.312610
-1.736069 1.921431 2.217336
-1.670242 1.969149 2.304463
-1.688265 2.060213 2.324068
-1.760803 1.942299 2.216308
-1.721069 2.035296 2.195447
-1.717299 2.037514 2.196100
-1.718177 2.032412 2.198432
-1.718353 2.032663 2.198177
-1.717196 2.040970 2.196752
-1.716179 2.038063 2.195917
-1.717665 2.040327 2.193625
-1.719851 2.043296 2.193917
-1.719063 2.042574 2.200006
-1.715070 2.038120 2.199234
-1.719235 2.040896 2.190399
-1.720684 2.043382 2.190456
-1.726159 2.042513 2.192137
-1.727685 2.039124 2.190964
-1.721303 2.042252 2.185579
-1.727506 2.041193 2.187559
-1.721677 2.038533 2.180462
-1.727656 2.037686 2.182138
-1.721464 2.032962 2.176250
-1.726462 2.031290 2.178995
-1.698811 2.020185 2.216015
-1.700817 2.017393 2.211622
-1.718795 2.027011 2.175852
-1.723464 2.024212 2.179398
-1.714622 2.020396 2.176798
-1.718928 2.017559 2.180703
-1.709593 2.014915 2.180150
-1.713214 2.012001 2.183575
-1.704870 2.010301 2.184641
-1.707407 2.007426 2.188012
-1.700365 2.007202 2.190692
-1.701251 2.003329 2.194838
-1.721811 2.037014 2.182526
-1.722897 2.030285 2.180588
-1.728568 2.030260 2.187823
-1.721194 2.039857 2.186583
-1.716829 2.024318 2.194822
-1.718183 2.025509 2.197023
-1.717424 2.025151 2.195872
-1.717472 2.022391 2.195279
-1.703339 2.024143 2.208358
-1.705168 2.021918 2.207735
-1.708189 2.025938 2.205011
-1.703978 2.018847 2.210014
-1.705170 2.019005 2.210068
-1.707753 2.021381 2.209072
-1.711994 2.024270 2.207118
-1.706050 2.014611 2.209177
-1.702770 2.016156 2.207530
-1.708393 2.015651 2.209915
-1.708838 2.015836 2.210658
-1.712424 2.017874 2.209864
-1.712538 2.020867 2.208235
-1.703803 2.028746 2.212815
-1.713572 2.010412 2.197491
-1.706309 2.005497 2.205159
-1.696265 2.005980 2.197787
-1.694752 2.001076 2.202032
-1.690328 2.005159 2.212970
-1.691106 2.001971 2.208614
-1.725318 2.025760 2.189114
-1.721904 2.020537 2.190991
-1.699686 2.003966 2.211785
-1.718343 2.015570 2.193554
-1.703362 2.010784 2.191650
-1.700774 2.010603 2.196748
-1.706981 2.012732 2.187033
-1.699227 2.014758 2.207255
-1.694983 2.009437 2.209219
-1.694418 2.006699 2.204075
-1.699254 2.012044 2.202066
-1.704093 2.015257 2.192573
-1.703120 2.014364 2.197313
-1.708748 2.015361 2.193191
-1.709561 2.015335 2.201355
-1.707733 2.014867 2.205791
-1.702708 2.014850 2.202874
-1.710754 2.017496 2.201826
-1.713914 2.018861 2.198324
-1.709344 2.016693 2.207928
-1.709354 2.018163 2.190459
-1.710628 2.021557 2.188519
-1.713368 2.023701 2.190548
-1.713856 2.019901 2.192782
-1.711366 2.015910 2.183640
-1.710336 2.018633 2.186151
-1.706557 2.016532 2.188491
-1.714713 2.021848 2.184254
-1.716208 2.020226 2.181122
-1.713777 2.023911 2.186115
-1.714126 2.026066 2.188703
-1.720587 2.030100 2.183472
-1.718312 2.025753 2.183517
-1.720485 2.025257 2.179784
-1.716566 2.026680 2.185907
-1.718434 2.029999 2.186031
-1.716941 2.029628 2.188550
-1.716019 2.027539 2.187222
-1.719866 2.039515 2.191613
-1.718901 2.038869 2.194043
-1.721854 2.037672 2.188133
-1.722217 2.038562 2.190072
-1.720392 2.035850 2.190022
-1.721797 2.037994 2.191740
-1.719699 2.033868 2.192505
-1.718363 2.031917 2.195555
-1.667474 1.888004 2.281742
-1.670524 1.898339 2.280946
-1.677850 1.890854 2.285932
-1.676015 1.880449 2.284950
-1.717981 2.031723 2.190765
-1.719362 2.033318 2.187720
-1.721798 2.034392 2.185009
-1.715876 2.027727 2.193075
-1.715207 2.026560 2.191758
-1.715927 2.027998 2.190654
-1.716993 2.029716 2.192696
-1.711327 2.028862 2.202074
-1.714879 2.025185 2.201120
-1.714035 2.022170 2.200273
-1.639545 1.890041 2.271779
-1.631378 1.902144 2.259386
-1.638596 1.906240 2.255038
-1.645640 1.897089 2.266626
-1.628228 1.875450 2.292958
-1.618300 1.860390 2.302317
-1.609847 1.873350 2.298051
-1.615997 1.891973 2.279160
-1.601068 1.857331 2.311773
-1.608346 1.845505 2.313623
-1.576385 1.812431 2.342178
-1.584048 1.826988 2.332867
-1.594478 1.818158 2.335594
-1.587697 1.804096 2.344759
-1.525002 1.746099 2.364157
-1.534168 1.743306 2.368906
-1.532692 1.725264 2.365225
-1.521317 1.726532 2.359013
-1.557520 1.862587 2.317540
-1.547469 1.857697 2.315431
-1.557804 1.876255 2.316783
-1.568493 1.880086 2.314836
-1.610074 1.924039 2.236347
-1.619547 1.923972 2.232676
-1.620280 1.911716 2.250098
-1.613002 1.911433 2.256579
-1.502544 1.780553 2.324147
-1.511239 1.786767 2.332871
-1.507026 1.773065 2.338261
-1.499154 1.765553 2.330431
-1.487805 1.683013 2.310236
-1.498105 1.676363 2.321705
-1.489622 1.657564 2.320769
-1.479346 1.663272 2.307463
-1.468566 1.721530 2.262797
-1.464082 1.702006 2.258758
-1.463472 1.704449 2.238073
-1.467118 1.724060 2.242412
-1.558293 1.824283 2.335019
-1.567430 1.839997 2.326535
-1.574529 1.834222 2.329449
-1.566556 1.819084 2.338855
-1.482066 1.962899 2.411192
-1.493817 1.955346 2.391650
-1.489312 1.942509 2.398316
-1.477421 1.949776 2.417500
-1.438096 1.599492 2.260576
-1.433030 1.582823 2.263854
-1.434724 1.584112 2.243778
-1.440331 1.601115 2.241043
-1.563000 1.948334 2.309759
-1.559248 1.964273 2.292085
-1.566485 1.962120 2.284388
-1.571244 1.946695 2.303272
-1.532549 1.828892 2.316377
-1.539012 1.842788 2.315029
-1.549223 1.847162 2.319928
-1.541342 1.831558 2.322854
-1.472575 1.760737 2.245245
-1.477534 1.779523 2.244758
-1.478701 1.777685 2.260688
-1.473623 1.758768 2.263148
-1.470196 1.739740 2.264049
-1.468953 1.741668 2.244495
-1.546802 1.830818 2.327030
-1.557133 1.847819 2.322745
-1.562193 1.844663 2.324362
-1.551923 1.828116 2.331013
-1.534596 1.708679 2.357621
-1.520754 1.709829 2.349860
-1.435626 1.579435 2.284185
-1.440325 1.596007 2.280675
-1.447277 1.590955 2.298956
-1.442494 1.574328 2.302764
-1.519362 1.685655 2.331027
-1.507948 1.691294 2.323035
-1.509741 1.702272 2.331275
-1.521437 1.697270 2.337878
-1.453339 1.568574 2.318816
-1.457916 1.584916 2.314419
-1.470880 1.578942 2.326817
-1.466026 1.562474 2.332036
-1.592161 1.841961 2.322787
-1.600850 1.831953 2.325040
-1.511228 1.754172 2.352316
-1.516974 1.749849 2.358504
-1.512203 1.730519 2.352484
-1.505407 1.735903 2.346204
-1.522195 1.838521 2.295007
-1.526052 1.852416 2.298659
-1.543064 1.869663 2.314434
-1.534947 1.849283 2.308574
-1.426700 1.570237 2.247119
-1.425070 1.568810 2.267743
-1.447259 1.554067 2.323838
-1.460401 1.547839 2.337705
-1.495638 1.862247 2.278574
-1.501150 1.861885 2.283958
-1.499659 1.852083 2.272888
-1.494662 1.853131 2.265364
-1.565740 1.730623 2.371089
-1.551033 1.714774 2.365555
-1.546194 1.731168 2.370683
-1.557923 1.744845 2.372536
-1.502795 1.720498 2.337132
-1.510815 1.714312 2.343459
-1.500194 1.709385 2.325355
-1.573464 1.715683 2.365604
-1.556964 1.696305 2.354812
-1.611644 1.820709 2.326681
-1.606034 1.808352 2.337046
-1.619078 1.834222 2.316622
-1.627901 1.847443 2.307673
-1.638941 1.836024 2.311256
-1.630198 1.822768 2.319733
-1.637725 1.861005 2.300565
-1.647851 1.849183 2.305222
-1.650129 1.879074 2.282183
-1.655066 1.886761 2.277057
-1.528438 1.835459 2.306891
-1.522466 1.822970 2.307405
-1.435646 1.560121 2.307725
-1.552133 1.879591 2.177528
-1.543961 1.890208 2.189857
-1.536590 1.877100 2.188022
-1.548103 1.865925 2.173861
-1.608209 1.915967 2.260833
-1.605309 1.927878 2.238897
-1.492733 1.862292 2.243837
-1.493391 1.855579 2.243529
-1.499587 1.846803 2.226253
-1.499424 1.854196 2.227952
-1.489496 1.867838 2.275055
-1.486659 1.873213 2.276486
-1.475470 1.885921 2.294422
-1.478181 1.881398 2.295194
-1.441336 1.584298 2.225122
-1.448122 1.600764 2.222556
-1.491405 1.733459 2.190114
-1.491707 1.754906 2.194460
-1.480345 1.749712 2.209426
-1.479298 1.729047 2.206123
-1.638700 1.811189 2.163236
-1.620547 1.823716 2.160428
-1.615954 1.810878 2.158040
-1.633277 1.798326 2.160616
-1.587219 1.865040 2.162880
-1.605969 1.849478 2.161143
-1.610071 1.859845 2.164007
-1.593620 1.875102 2.165064
-1.566406 1.866227 2.166380
-1.563079 1.853243 2.163979
-1.476338 1.764084 2.228044
-1.480508 1.782452 2.230304
-1.485754 1.810292 2.230608
-1.487917 1.820460 2.233135
-1.486672 1.819168 2.244537
-1.484709 1.808949 2.243409
-1.628188 1.923453 2.230444
-1.620116 1.926762 2.213950
-1.631152 1.925452 2.212398
-1.647189 1.890239 2.182230
-1.640753 1.898508 2.185696
-1.632831 1.894882 2.182315
-1.642560 1.885010 2.179528
-1.588363 1.756223 2.148668
-1.577825 1.736806 2.151003
-1.597907 1.727569 2.150206
-1.607670 1.745782 2.147604
-1.492573 1.831826 2.230299
-1.495741 1.835470 2.226600
-1.493921 1.845572 2.240567
-1.492275 1.841676 2.242492
-1.496790 1.826197 2.217467
-1.491770 1.822625 2.223819
-1.489524 1.812886 2.220237
-1.495531 1.816321 2.211661
-1.492355 1.774280 2.200151
-1.492234 1.791288 2.204719
-1.485197 1.787106 2.217421
-1.482925 1.769444 2.213534
-1.574602 1.662260 2.160430
-1.581059 1.683430 2.154687
-1.563643 1.689366 2.154930
-1.558015 1.665539 2.158355
-1.508483 1.881414 2.310164
-1.500479 1.889330 2.325804
-1.511206 1.893718 2.329896
-1.516813 1.887495 2.317517
-1.467060 1.905756 2.291819
-1.468739 1.910656 2.288823
-1.463713 1.919272 2.296810
-1.461567 1.914742 2.298973
-1.479988 1.893008 2.342131
-1.468641 1.900275 2.360553
-1.480286 1.903313 2.361945
-1.491395 1.896022 2.342726
-1.589395 1.936173 2.219738
-1.598750 1.933804 2.216859
-1.598107 1.932322 2.242613
-1.475357 1.883284 2.318238
-1.470157 1.885191 2.314770
-1.458068 1.892682 2.330765
-1.463525 1.890294 2.335987
-1.480161 1.975941 2.401080
-1.492551 1.968596 2.381579
-1.446892 1.907128 2.375213
-1.458315 1.898369 2.358742
-1.450557 1.899165 2.353877
-1.437856 1.908384 2.370166
-1.479232 1.708982 2.202808
-1.492367 1.712463 2.187803
-1.465257 1.579042 2.193807
-1.474828 1.598198 2.191786
-1.460803 1.599919 2.205204
-1.451891 1.581968 2.207774
-1.434037 1.568337 2.227062
-1.457502 1.561008 2.197077
-1.444490 1.565277 2.210526
-1.653217 1.924005 2.213068
-1.641517 1.924672 2.212300
-1.650000 1.916908 2.200461
-1.663230 1.917439 2.202704
-1.371456 1.471067 2.237974
-1.367485 1.476763 2.263023
-1.358018 1.452103 2.264929
-1.364537 1.444200 2.240691
-1.671143 1.894740 2.188684
-1.682456 1.898730 2.192712
-1.672730 1.907634 2.196774
-1.660091 1.905809 2.193076
-1.380527 1.495761 2.236847
-1.376649 1.498689 2.261403
-1.647835 1.923158 2.226243
-1.637117 1.923279 2.228024
-1.646053 1.917747 2.239832
-1.636281 1.915435 2.241882
-1.646985 1.912006 2.252492
-1.368101 1.476836 2.288258
-1.357454 1.455635 2.292625
-1.670944 1.921166 2.206631
-1.680910 1.913735 2.200973
-1.691631 1.904940 2.198640
-1.705240 1.897656 2.198217
-1.718356 1.891838 2.201863
-1.722969 1.899357 2.207320
-1.417249 1.556177 2.250931
-1.423510 1.554193 2.229852
-1.381999 1.316264 2.216049
-1.375046 1.305481 2.234051
-1.403307 1.292197 2.227818
-1.407064 1.304404 2.209679
-1.473027 1.299130 2.207535
-1.438332 1.298654 2.207815
-1.436060 1.288156 2.226735
-1.470609 1.289499 2.229383
-1.496452 1.413942 2.161423
-1.501734 1.436571 2.164119
-1.475608 1.442535 2.163627
-1.469439 1.420480 2.159739
-1.434176 1.549890 2.211450
-1.447357 1.544723 2.197224
-1.417124 1.555671 2.272178
-1.315981 1.351926 2.349504
-1.307974 1.321848 2.362533
-1.306069 1.311211 2.328870
-1.312766 1.340890 2.315575
-1.337790 1.282160 2.277677
-1.364421 1.269269 2.266212
-1.368544 1.289880 2.253000
-1.341340 1.306600 2.264916
-1.474296 1.541713 2.350021
-1.469650 1.526524 2.355365
-1.455655 1.533076 2.342333
-1.517837 1.524535 2.373511
-1.515816 1.508907 2.379336
-1.499564 1.514740 2.373743
-1.501715 1.530588 2.367566
-1.489662 1.417246 2.378214
-1.491122 1.438039 2.375957
-1.505288 1.433394 2.380345
-1.502120 1.413982 2.379610
-1.374816 1.475935 2.313486
-1.385998 1.491699 2.308432
-1.399020 1.486227 2.327715
-1.388837 1.471665 2.333318
-1.435641 1.280984 2.249033
-1.467726 1.285432 2.253495
-1.331580 1.359248 2.380215
-1.321658 1.330451 2.392617
-1.344397 1.332289 2.414363
-1.354152 1.360104 2.401464
-1.382317 1.354639 2.411052
-1.373461 1.328362 2.424474
-1.482303 1.336830 2.354860
-1.477734 1.331800 2.353895
-1.468965 1.356157 2.366678
-1.478386 1.363529 2.367674
-1.478573 1.328827 2.178138
-1.448100 1.330132 2.176542
-1.442886 1.312814 2.190305
-1.475374 1.312805 2.190494
-1.462501 1.538789 2.187290
-1.472130 1.556562 2.187756
-1.487506 1.551192 2.182441
-1.495894 1.572363 2.178994
-1.480045 1.575534 2.184695
-1.526922 1.717522 2.164911
-1.525562 1.740461 2.165848
-1.506753 1.736098 2.176484
-1.508048 1.714970 2.174825
-1.602560 1.837687 2.158844
-1.598468 1.824793 2.156426
-1.398583 1.264352 2.262673
-1.386659 1.242228 2.278226
-1.418465 1.242664 2.284408
-1.437423 1.271611 2.268430
-1.331903 1.258166 2.293100
-1.316654 1.298005 2.299884
-1.312493 1.271082 2.313190
-1.301323 1.294629 2.375821
-1.301351 1.283473 2.342721
-1.336023 1.304433 2.427187
-1.365199 1.300844 2.436026
-1.446954 1.291043 2.389165
-1.438804 1.269161 2.394750
-1.420416 1.280817 2.414459
-1.428157 1.303945 2.407028
-1.454460 1.423069 2.371061
-1.440721 1.409046 2.372962
-1.419892 1.430564 2.364831
-1.428629 1.445839 2.358851
-1.505075 1.546422 2.361497
-1.517282 1.540454 2.366065
-1.479435 1.556721 2.344233
-1.492909 1.551522 2.354475
-1.488480 1.535973 2.360200
-1.526975 1.621704 2.351804
-1.522287 1.602431 2.353640
-1.507183 1.607264 2.345488
-1.511035 1.626861 2.343797
-1.516174 1.647447 2.342640
-1.532506 1.641807 2.349917
-1.550082 1.679261 2.343367
-1.533613 1.682025 2.338128
-1.536748 1.694552 2.345653
-1.622815 1.809247 2.328228
-1.616914 1.797197 2.337556
-1.362499 1.456905 2.321192
-1.459936 1.270738 2.294052
-1.443241 1.244025 2.301983
-1.455148 1.247319 2.325594
-1.467990 1.270319 2.319938
-1.378602 1.495903 2.285472
-1.427979 1.565314 2.288968
-1.421077 1.552299 2.293286
-1.477262 1.720383 2.288584
-1.470164 1.699139 2.280122
-1.543097 1.743545 2.371276
-1.549326 1.755243 2.370994
-1.321695 1.325971 2.285197
-1.329520 1.277049 2.438353
-1.358142 1.273645 2.446253
-1.352799 1.245747 2.456242
-1.324028 1.250141 2.448869
-1.437149 1.235703 2.380059
-1.422691 1.210360 2.387223
-1.416019 1.219302 2.408206
-1.428308 1.244744 2.400648
-1.408585 1.185578 2.396788
-1.396566 1.160933 2.405595
-1.393937 1.166715 2.426663
-1.403971 1.193463 2.417889
-1.313578 1.302059 2.404374
-1.292737 1.241806 2.399953
-1.297529 1.268040 2.387186
-1.307906 1.274640 2.416258
-1.302425 1.248154 2.427651
-1.355955 1.247673 2.282781
-1.459488 1.280083 2.369944
-1.449903 1.259489 2.374053
-1.418083 1.196807 2.348028
-1.437166 1.221645 2.337533
-1.424087 1.216787 2.315856
-1.405456 1.192245 2.328427
-1.317156 1.213620 2.324427
-1.323882 1.235666 2.310132
-1.307320 1.247118 2.329699
-1.301891 1.224160 2.344065
-1.298055 1.258175 2.357367
-1.293827 1.233242 2.370743
-1.283056 1.191120 2.426752
-1.287631 1.216115 2.413049
-1.298109 1.221581 2.439936
-1.294678 1.195351 2.452248
-1.282339 1.184777 2.397511
-1.288106 1.208792 2.383736
-1.289217 1.178467 2.373463
-1.295675 1.201104 2.358583
-1.303744 1.171604 2.355394
-1.310426 1.192597 2.339983
-1.320623 1.163825 2.343251
-1.328764 1.183145 2.327866
-1.349765 1.176041 2.324300
-1.339228 1.157460 2.339331
-1.358563 1.153122 2.342879
-1.371233 1.171842 2.328642
-1.387676 1.152096 2.367805
-1.401547 1.173812 2.358545
-1.389411 1.170693 2.340458
-1.375394 1.150962 2.352260
-1.343410 1.071416 2.389690
-1.354693 1.090282 2.386345
-1.340018 1.095447 2.379092
-1.329247 1.077307 2.384195
-1.315165 1.082660 2.379952
-1.324911 1.100492 2.376373
-1.309684 1.105223 2.374816
-1.300135 1.087893 2.379332
-1.281033 1.113709 2.392739
-1.272185 1.094086 2.397848
-1.284967 1.091974 2.384908
-1.294255 1.109944 2.379534
-1.267422 1.117263 2.409673
-1.260558 1.096467 2.416032
-1.263299 1.117986 2.431901
-1.259007 1.095292 2.437400
-1.271796 1.116909 2.457426
-1.268272 1.092145 2.460810
-1.365985 1.090461 2.436382
-1.369946 1.088691 2.417095
-1.360773 1.065535 2.416496
-1.358844 1.066028 2.435861
-1.345205 1.098457 2.475468
-1.336630 1.071134 2.468632
-1.322494 1.078494 2.489379
-1.328505 1.106809 2.494906
-1.279034 1.166451 2.440362
-1.276755 1.161766 2.411258
-1.282805 1.157266 2.387709
-1.296837 1.151457 2.370038
-1.375903 1.131159 2.375413
-1.362928 1.131792 2.362313
-1.384188 1.140355 2.432768
-1.386829 1.136177 2.411732
-1.309548 1.141161 2.490091
-1.288954 1.143191 2.474730
-1.292506 1.169252 2.463549
-1.314405 1.168093 2.478911
-1.270649 1.139955 2.422668
-1.275506 1.137145 2.399979
-1.289100 1.132469 2.382696
-1.319078 1.122460 2.365952
-1.303169 1.127441 2.370248
-1.335170 1.117828 2.367260
-1.365195 1.110168 2.381213
-1.351210 1.113484 2.371185
-1.374297 1.115034 2.435667
-1.377864 1.112185 2.415343
-1.299345 1.086575 2.495291
-1.276941 1.091332 2.482494
-1.283331 1.117227 2.482442
-1.303907 1.114102 2.498308
-1.294265 1.060267 2.486221
-1.315031 1.053926 2.480956
-1.290646 1.068008 2.380097
-1.305042 1.063202 2.379853
-1.276166 1.071408 2.386284
-1.254233 1.070408 2.440341
-1.252852 1.074552 2.416371
-1.262689 1.065875 2.462321
-1.274013 1.066783 2.479518
-1.336269 1.022662 2.410527
-1.335330 1.020829 2.427152
-1.348304 1.044738 2.432021
-1.348671 1.045422 2.414829
-1.322819 1.029239 2.385519
-1.330670 1.052143 2.392754
-1.318450 1.057629 2.385696
-1.311601 1.035091 2.375651
-1.280209 1.045698 2.373540
-1.296572 1.040700 2.371278
-1.264821 1.049931 2.380469
-1.245118 1.049591 2.414458
-1.251106 1.051921 2.393772
-1.262397 1.074426 2.398340
-1.247914 1.044052 2.442504
-1.253731 1.006908 2.459173
-1.238026 1.016417 2.440738
-1.263693 1.035362 2.463022
-1.255471 0.909561 2.446100
-1.249133 0.877076 2.439795
-1.230136 0.884129 2.438381
-1.234374 0.916662 2.445079
-1.328710 0.995289 2.403840
-1.326077 0.994754 2.421525
-1.304988 1.008855 2.365429
-1.317889 1.002395 2.375672
-1.223823 0.995272 2.407446
-1.230068 0.998516 2.382772
-1.240175 1.026747 2.388386
-1.234690 1.023362 2.412326
-1.309332 0.902780 2.408758
-1.317229 0.933792 2.412813
-1.320260 0.934579 2.392817
-1.312316 0.903703 2.389650
-1.298500 0.979535 2.356826
-1.291541 0.948929 2.351407
-1.306456 0.942194 2.362673
-1.312804 0.972912 2.368063
-1.211851 0.930891 2.400123
-1.215799 0.933028 2.377198
-1.221526 0.967216 2.378791
-1.216371 0.964430 2.403001
-1.246437 0.978330 2.455331
-1.239201 0.948162 2.450321
-1.222385 0.957929 2.430718
-1.228585 0.988246 2.435634
-1.269944 0.970272 2.456625
-1.262144 0.940821 2.451909
-1.284033 0.839781 2.387893
-1.282109 0.837197 2.402886
-1.295940 0.870375 2.405976
-1.298317 0.872242 2.388615
-1.282313 0.916792 2.350322
-1.271379 0.883593 2.353604
-1.285030 0.878804 2.362335
-1.297708 0.910998 2.359931
-1.205904 0.857731 2.396765
-1.210004 0.858907 2.376945
-1.212088 0.896294 2.376948
-1.208688 0.895077 2.398063
-1.225156 0.848628 2.431464
-1.210438 0.854234 2.417649
-1.213840 0.891208 2.422510
-1.242399 0.842667 2.433112
-1.235709 0.808932 2.429188
-1.220919 0.813880 2.427592
-1.272457 0.807559 2.387148
-1.268851 0.806206 2.400689
-1.264985 0.812432 2.367370
-1.273819 0.845550 2.365532
-1.261893 0.850020 2.357412
-1.254672 0.816642 2.359191
-1.230667 0.855935 2.356116
-1.226080 0.821645 2.358617
-1.240710 0.819917 2.355592
-1.246783 0.853441 2.353141
-1.209919 0.824203 2.376616
-1.216880 0.823217 2.365120
-1.218933 0.857939 2.362533
-1.204339 0.823517 2.395421
-1.207481 0.819374 2.414410
-1.479587 1.294615 2.298731
-1.469912 1.289926 2.294993
-1.474574 1.286834 2.321203
-1.479649 1.296251 2.325396
-1.401323 1.228912 2.431112
-1.410951 1.255751 2.422239
-1.384455 1.174059 2.447994
-1.392426 1.201292 2.440443
-1.374984 1.146426 2.453600
-1.356913 1.092513 2.455141
-1.365086 1.119132 2.456549
-1.349786 1.067188 2.451403
-1.339651 1.044215 2.448100
-1.327246 1.019808 2.444486
-1.310652 0.965997 2.434367
-1.317164 0.994146 2.438494
-1.321580 0.964699 2.416965
-1.297034 0.903509 2.427291
-1.305221 0.935122 2.430943
-1.273227 0.836124 2.416948
-1.285647 0.869942 2.422438
-1.260148 0.805421 2.413172
-1.417197 1.362592 2.397413
-1.423920 1.380991 2.386333
-1.442885 1.359795 2.384063
-1.438706 1.344223 2.391517
-1.487175 1.317652 2.333741
-1.484727 1.314460 2.332722
-1.481655 1.320977 2.342844
-1.484425 1.324358 2.343236
-1.275726 1.141970 2.450606
-1.312169 1.145476 2.358263
-1.346594 1.135278 2.356141
-1.329142 1.139763 2.353560
-1.353687 1.126063 2.478177
-1.333734 1.135144 2.491036
-1.339114 1.162643 2.482300
-1.360168 1.154327 2.472507
-1.277972 0.995260 2.460414
-1.299870 0.993719 2.453099
-1.291935 0.967060 2.447231
-1.284506 1.018992 2.466800
-1.253114 1.025694 2.372378
-1.269729 1.021450 2.364397
-1.279879 0.987366 2.352850
-1.287652 1.016028 2.362123
-1.260078 0.993789 2.355007
-1.373027 1.209223 2.459077
-1.367126 1.181991 2.466341
-1.344029 1.189805 2.474164
-1.348366 1.217539 2.465776
-1.482465 1.618787 2.190339
-1.468533 1.618654 2.203036
-1.491970 1.741169 2.324426
-1.495862 1.728889 2.330396
-1.492974 1.718601 2.317461
-1.486370 1.731684 2.309100
-1.484729 1.746513 2.304339
-1.491273 1.755260 2.319292
-1.486154 1.762695 2.299594
-1.493545 1.770837 2.313425
-1.511981 1.834222 2.284474
-1.513844 1.845256 2.287043
-1.565552 1.670798 2.346445
-1.557265 1.653975 2.350178
-1.540402 1.661065 2.346824
-1.484880 1.520036 2.365869
-1.457554 1.451439 2.362700
-1.476007 1.444159 2.369792
-1.475347 1.420238 2.373010
-1.492129 1.355413 2.366762
-1.496501 1.338728 2.358116
-1.493778 1.323230 2.344807
-1.493146 1.316434 2.333800
-1.540249 1.667824 2.160083
-1.545180 1.692775 2.158186
-1.643852 1.822812 2.166216
-1.624732 1.835507 2.163300
-1.633958 1.854492 2.168821
-1.652718 1.842166 2.171181
-1.657814 1.850526 2.173320
-1.639922 1.862302 2.171295
-1.697074 1.891750 2.193441
-1.687115 1.883890 2.188617
-1.487802 1.309581 2.319346
-1.486698 1.304716 2.313799
-1.483084 1.310394 2.332790
-1.452157 1.311124 2.385591
-1.455642 1.326373 2.381157
-1.467790 1.312148 2.366429
-1.464818 1.298005 2.368423
-1.322247 1.372020 2.302694
-1.326760 1.381918 2.336094
-1.401504 1.281450 2.247030
-1.412828 1.930377 2.404504
-1.425259 1.918857 2.386736
-1.418528 1.925475 2.380048
-1.407133 1.937516 2.397625
-1.567764 1.767994 2.151674
-1.551444 1.747484 2.156606
-1.628017 1.913366 2.244966
-1.587023 1.940929 2.252593
-1.592214 1.936362 2.246830
-1.597527 1.926383 2.268385
-1.593645 1.931298 2.273665
-1.543945 1.911128 2.201799
-1.549181 1.903793 2.192255
-1.558066 1.917542 2.197780
-1.554331 1.923597 2.207026
-1.464674 1.396712 2.158129
-1.491826 1.390770 2.160589
-1.539609 1.591160 2.170385
-1.546566 1.615313 2.165726
-1.529199 1.616895 2.166210
-1.521972 1.592946 2.170910
-1.537636 1.770302 2.161568
-1.520811 1.762187 2.170110
-1.586708 1.737490 2.367659
-1.576553 1.749448 2.369391
-1.585766 1.766196 2.362978
-1.596108 1.756070 2.362577
-1.434122 1.933158 2.340149
-1.428675 1.920566 2.354354
-1.441557 1.907931 2.339557
-1.443187 1.916117 2.328092
-1.348888 1.327282 2.247410
-1.331304 1.358648 2.269501
-1.462441 1.662844 2.213148
-1.459476 1.640032 2.214970
-1.472066 1.640398 2.197852
-1.474401 1.663831 2.195361
-1.471067 1.726174 2.223439
-1.469386 1.705935 2.219505
-1.472747 1.744915 2.226056
-1.491759 1.863988 2.275443
-1.492543 1.855596 2.259971
-1.492073 1.859510 2.257727
-1.434016 1.326133 2.398986
-1.455631 1.383919 2.374277
-1.466495 1.392440 2.374293
-1.489093 1.313035 2.321967
-1.493177 1.312757 2.321857
-1.653391 1.918865 2.250195
-1.653588 1.922384 2.237979
-1.470835 1.890877 2.339891
-1.482345 1.883917 2.321003
-1.489119 1.828281 2.248225
-1.492155 1.837802 2.255341
-1.496129 1.838377 2.265381
-1.492827 1.828878 2.260914
-1.489473 1.829447 2.237774
-1.491345 1.839143 2.247608
-1.566970 1.863964 2.318224
-1.576093 1.880223 2.312565
-1.582595 1.877288 2.310934
-1.572940 1.861561 2.318479
-1.577630 1.856340 2.318397
-1.588304 1.872636 2.309865
-1.594256 1.866084 2.310114
-1.583925 1.849926 2.320211
-1.624879 1.899687 2.267375
-1.634131 1.887022 2.281570
-1.644464 1.873371 2.291416
-1.654535 1.862049 2.298674
-1.677495 1.874997 2.183954
-1.659049 1.887675 2.183020
-1.653242 1.876421 2.178251
-1.669702 1.865977 2.180467
-1.686368 1.855768 2.180993
-1.692725 1.865736 2.184221
-1.652758 1.906415 2.263790
-1.659492 1.896371 2.274408
-1.664229 1.877948 2.284838
-1.474247 1.983698 2.391533
-1.485707 1.977417 2.372245
-1.663709 1.925233 2.214820
-1.657876 1.924752 2.225668
-1.463977 1.988558 2.382238
-1.475626 1.981967 2.362972
-1.600323 1.905893 2.283484
-1.595628 1.911025 2.286889
-1.602015 1.921089 2.264627
-1.658453 1.914526 2.261891
-1.663857 1.905841 2.272898
-1.333872 1.404148 2.300060
-1.338742 1.410989 2.328917
-1.443367 1.617652 2.257795
-1.445187 1.614141 2.277556
-1.561193 1.609926 2.357291
-1.555372 1.591991 2.359765
-1.538140 1.597130 2.357937
-1.543674 1.615865 2.355955
-1.582468 1.661767 2.346781
-1.574957 1.645384 2.349977
-1.678640 1.903446 2.287340
-1.511394 1.563725 2.357627
-1.517235 1.583063 2.355259
-1.532942 1.577599 2.359099
-1.527517 1.556001 2.361346
-1.527419 1.535150 2.368539
-1.526408 1.526488 2.372978
-1.490684 1.400066 2.378367
-1.500247 1.397835 2.378165
-1.527114 1.938804 2.343690
-1.530936 1.954554 2.335026
-1.543570 1.951806 2.325101
-1.537808 1.934975 2.333635
-1.484262 1.573953 2.339022
-1.498060 1.569359 2.350175
-1.517650 1.826622 2.294549
-1.508449 1.822049 2.282216
-1.573557 1.685894 2.353050
-1.565574 1.760435 2.369361
-1.573642 1.775465 2.362425
-1.555809 1.769459 2.367160
-1.562850 1.783657 2.360168
-1.493558 1.310177 2.310104
-1.489958 1.310494 2.313599
-1.483623 1.945946 2.284051
-1.477146 1.938975 2.287900
-1.481844 1.931688 2.276895
-1.488382 1.939640 2.272802
-1.466296 1.273170 2.348387
-1.472704 1.289381 2.347910
-1.467238 1.287236 2.273729
-1.482406 1.294022 2.280126
-1.492019 1.296954 2.272124
-1.492422 1.296943 2.263764
-1.395309 1.291861 2.431403
-1.402918 1.318143 2.421384
-1.387222 1.264342 2.440549
-1.379608 1.236510 2.450482
-1.326507 1.046188 2.462549
-1.309684 1.021481 2.460881
-1.284247 0.937286 2.442070
-1.276621 0.905827 2.437445
-1.267901 0.872819 2.432122
-1.248561 0.806316 2.423142
-1.258328 0.838533 2.426455
-1.450785 1.988564 2.376050
-1.436139 1.984700 2.374377
-1.446520 1.975777 2.353076
-1.462506 1.981299 2.354956
-1.457063 1.907990 2.377710
-1.445514 1.915991 2.394587
-1.457176 1.918358 2.397829
-1.468908 1.911358 2.379909
-1.433029 1.924043 2.412379
-1.434699 1.915907 2.390835
-1.421976 1.925597 2.408695
-1.405681 1.947960 2.389688
-1.416393 1.934506 2.371312
-1.419907 1.946963 2.362335
-1.408998 1.958727 2.382890
-1.424318 1.977371 2.375078
-1.415235 1.968322 2.378175
-1.425562 1.957274 2.358158
-1.433941 1.967116 2.354886
-1.468228 1.938399 2.420115
-1.480458 1.931836 2.400980
-1.469524 1.923839 2.400855
-1.457296 1.930118 2.419823
-1.528882 1.968571 2.323709
-1.541156 1.967470 2.311681
-1.524998 1.868585 2.300337
-1.524230 1.875025 2.304944
-1.532917 1.889538 2.316691
-1.537306 1.878790 2.313310
-1.505134 1.962111 2.362878
-1.499299 1.971908 2.354328
-1.514273 1.969146 2.337360
-1.518367 1.957775 2.347038
-1.491459 1.924487 2.381234
-1.502153 1.916765 2.363664
-1.492176 1.908691 2.363366
-1.481015 1.916964 2.382004
-1.444777 1.902580 2.346662
-1.431586 1.913654 2.363164
-1.529641 1.918805 2.336880
-1.519709 1.923447 2.348561
-1.512739 1.814939 2.296366
-1.490608 1.819184 2.258883
-1.487983 1.808399 2.257891
-1.501677 1.743133 2.341340
-1.507358 1.758497 2.346501
-1.483285 1.776765 2.277661
-1.479229 1.758569 2.282001
-1.504744 1.761981 2.341412
-1.499226 1.752508 2.336081
-1.510154 1.670944 2.331742
-1.659599 1.869933 2.290587
-1.511072 1.928382 2.362016
-1.516965 1.942759 2.357046
-1.452850 1.903739 2.317690
-1.454031 1.897214 2.325051
-1.466538 1.888990 2.310288
-1.463606 1.893683 2.307051
-1.519134 1.808069 2.177633
-1.510256 1.801542 2.184807
-1.514151 1.783051 2.177433
-1.526637 1.790233 2.169363
-1.494121 1.959730 2.283396
-1.501327 1.956533 2.270562
-1.509486 1.964999 2.274356
-1.500524 1.966891 2.288517
-1.520787 1.972171 2.281470
-1.531611 1.974867 2.295438
-1.519273 1.975531 2.309918
-1.509467 1.973195 2.296887
-1.348627 1.426370 2.269993
-1.356916 1.417199 2.243623
-1.441842 1.539598 2.328044
-1.429610 1.546216 2.311925
-1.434924 1.465060 2.355644
-1.474739 1.326796 2.358656
-1.463554 1.348071 2.371338
-1.455731 1.251833 2.349820
-1.346543 1.431946 2.296386
-1.423007 1.203442 2.367714
-1.439497 1.228330 2.359091
-1.384913 1.192182 2.314380
-1.400698 1.215399 2.299726
-1.373119 1.217837 2.294044
-1.360971 1.195834 2.308805
-1.346353 1.224956 2.297711
-1.337291 1.203392 2.312265
-1.317062 1.195838 2.468649
-1.272223 0.956042 2.346746
-1.244238 0.928002 2.349253
-1.263438 0.922828 2.346319
-1.251920 0.962495 2.349524
-1.243009 0.998001 2.364654
-1.234225 0.966534 2.360448
-1.217831 0.925552 2.427232
-1.254310 0.888457 2.350048
-1.236941 0.892361 2.352789
-1.227235 0.932060 2.360406
-1.222189 0.895401 2.362169
-1.476127 1.301435 2.348403
-1.491858 1.292080 2.251120
-1.353278 1.412266 2.357356
-1.342068 1.386562 2.367646
-1.431515 1.396260 2.377987
-1.410335 1.415620 2.374083
-1.462431 1.602675 2.310711
-1.475652 1.596937 2.322797
-1.472346 1.642493 2.306850
-1.466797 1.621896 2.308277
-1.456861 1.628345 2.293001
-1.462331 1.649106 2.291854
-1.451764 1.659145 2.254542
-1.447874 1.637707 2.255293
-1.451043 1.639398 2.234593
-1.454727 1.661616 2.233062
-1.455298 1.618894 2.219030
-1.446550 1.619442 2.237699
-1.517966 1.642708 2.167304
-1.522653 1.668098 2.164884
-1.505785 1.667329 2.171805
-1.501751 1.642513 2.174938
-1.479267 1.398735 2.375686
-1.479487 1.316360 2.345814
-1.409698 1.342061 2.410235
-1.391054 1.378184 2.398136
-1.364937 1.385905 2.388309
-1.490700 1.886215 2.323262
-1.504314 1.837623 2.212515
-1.506336 1.845546 2.212331
-1.505074 1.975373 2.325729
-1.495317 1.973161 2.314343
-1.512076 1.909820 2.349087
-1.554688 1.949857 2.317184
-1.557920 1.927638 2.320976
-1.548078 1.931094 2.326087
-1.407512 1.461117 2.346553
-1.397709 1.445593 2.352003
-1.377617 1.454811 2.339388
-1.486693 1.298840 2.289139
-1.492192 1.301111 2.281676
-1.448667 1.373272 2.377689
-1.395375 1.155430 2.386044
-1.408250 1.178890 2.377662
-1.384337 1.132757 2.392416
-1.374390 1.110566 2.397242
-1.365881 1.087985 2.399806
-1.355024 1.067135 2.400923
-1.341269 1.047345 2.402331
-1.331048 1.025156 2.397286
-1.324889 0.965432 2.397529
-1.325702 0.998056 2.388881
-1.321442 0.968261 2.382009
-1.316229 0.937224 2.376770
-1.294036 0.875133 2.374003
-1.307778 0.906521 2.373311
-1.280554 0.842681 2.374742
-1.270254 0.810002 2.375229
-1.489550 1.307363 2.306201
-1.488746 1.303128 2.297687
-1.604375 1.899995 2.280478
-1.501085 1.831343 2.273421
-1.503545 1.840860 2.276586
-1.520533 1.903830 2.335763
-1.494202 1.297806 2.233781
-1.498778 1.305789 2.214761
-1.444003 1.956740 2.336833
-1.456491 1.966854 2.333805
-1.502447 1.900516 2.345273
-1.516006 1.859105 2.290970
-1.517087 1.865382 2.295818
-1.426638 2.045712 2.549570
-1.426084 2.048621 2.568315
-1.418115 2.055578 2.564510
-1.417384 2.052122 2.545233
-1.431388 2.035794 2.554575
-1.429544 2.038870 2.572724
-1.395988 1.996307 2.570364
-1.393078 2.005745 2.587305
-1.404916 2.007237 2.585455
-1.408257 1.998585 2.568552
-1.426340 2.032558 2.594326
-1.428841 2.028626 2.576786
-1.423671 2.018884 2.579972
-1.420613 2.024397 2.597281
-1.373140 2.006340 2.565713
-1.375028 1.995664 2.549699
-1.368898 2.005234 2.543598
-1.368092 2.015709 2.559782
-1.415945 1.967714 2.503465
-1.422714 1.964604 2.490725
-1.410777 1.958554 2.493726
-1.404121 1.963274 2.505614
-1.428082 2.039176 2.511720
-1.427295 2.042313 2.530573
-1.416941 2.047945 2.525714
-1.416602 2.043049 2.506448
-1.432776 2.004222 2.527011
-1.435172 1.999920 2.507457
-1.428451 1.988309 2.511587
-1.425209 1.992524 2.530434
-1.415188 2.036700 2.487687
-1.428144 2.034824 2.490632
-1.427195 2.013744 2.562685
-1.430277 2.008842 2.545086
-1.422338 1.998368 2.548352
-1.418850 2.004927 2.565894
-1.372960 2.025649 2.597966
-1.372458 2.016312 2.581913
-1.368670 2.025467 2.576183
-1.370195 2.034506 2.592759
-1.412094 2.019304 2.599731
-1.415142 2.011991 2.582727
-1.402313 2.015794 2.602180
-1.397112 2.063398 2.580173
-1.394582 2.058248 2.560595
-1.406947 2.058477 2.561690
-1.408558 2.062639 2.581112
-1.404221 1.979379 2.536274
-1.399977 1.987578 2.553571
-1.412064 1.990829 2.551582
-1.415815 1.984109 2.533906
-1.435383 2.029184 2.517119
-1.433284 2.032331 2.536014
-1.391956 2.052390 2.541536
-1.389944 2.044955 2.521917
-1.404184 2.047827 2.522528
-1.405405 2.053883 2.541994
-1.376261 2.028496 2.506583
-1.378373 2.037889 2.524347
-1.371118 2.027335 2.529523
-1.370112 2.016746 2.512488
-1.396832 1.970532 2.520345
-1.409684 1.972815 2.518748
-1.378176 1.984911 2.533509
-1.383126 1.974106 2.518091
-1.373544 1.982578 2.511692
-1.370608 1.994025 2.527120
-1.444306 2.007412 2.468115
-1.441687 2.010729 2.485260
-1.437447 2.022921 2.479136
-1.438691 2.018404 2.462109
-1.427155 2.030180 2.473257
-1.426022 2.024201 2.457712
-1.415959 2.009090 2.430506
-1.413800 2.015065 2.442147
-1.401920 2.007840 2.440079
-1.404212 2.003076 2.429976
-1.371043 2.006542 2.473516
-1.373319 2.018195 2.489561
-1.369143 2.004945 2.496022
-1.368271 1.992198 2.480038
-1.372526 1.968190 2.476600
-1.370468 1.980408 2.488344
-1.377504 1.971075 2.497657
-1.381729 1.960976 2.486615
-1.400440 1.943485 2.439573
-1.393332 1.948768 2.451613
-1.403638 1.943737 2.456450
-1.410141 1.939752 2.444787
-1.429609 1.946880 2.460862
-1.440066 1.953999 2.459832
-1.446516 1.950316 2.450428
-1.435418 1.942760 2.450449
-1.454999 1.995514 2.427399
-1.452337 1.996885 2.437075
-1.442577 2.004827 2.427323
-1.444716 2.001041 2.417211
-1.370287 1.995906 2.460438
-1.367644 1.978459 2.465038
-1.424475 1.950836 2.470816
-1.418029 1.954788 2.482742
-1.429035 1.961474 2.480253
-1.435182 1.957521 2.468602
-1.448147 1.977205 2.460266
-1.442807 1.980623 2.471746
-1.446408 1.992496 2.466509
-1.451180 1.988325 2.455722
-1.450218 2.000453 2.447754
-1.446350 2.004762 2.460448
-1.439770 2.014452 2.453130
-1.442291 2.009311 2.439898
-1.371705 1.989239 2.452153
-1.374060 1.983307 2.446549
-1.381979 1.992113 2.442078
-1.380691 1.998230 2.448037
-1.387913 1.952995 2.477229
-1.378401 1.959872 2.469108
-1.435400 1.983387 2.482307
-1.437306 1.970435 2.476547
-1.430923 1.972950 2.486495
-1.427406 2.018542 2.445978
-1.393192 1.949311 2.434159
-1.401092 1.941759 2.421428
-1.395952 1.949021 2.415043
-1.388420 1.956556 2.428111
-1.409504 1.936295 2.426376
-1.419795 1.933411 2.430957
-1.456384 1.945049 2.437281
-1.445006 1.937602 2.437408
-1.465091 1.956822 2.434944
-1.454523 1.962161 2.448414
-1.459207 1.976055 2.442702
-1.469857 1.970569 2.429086
-1.463562 1.990340 2.409870
-1.452748 1.995351 2.400870
-1.433165 2.001841 2.412102
-1.439721 1.995558 2.396384
-1.416578 1.943174 2.459746
-1.410589 1.946963 2.470766
-1.380275 2.046335 2.542938
-1.383226 2.053606 2.561825
-1.374895 2.045187 2.565245
-1.372609 2.036888 2.547175
-1.369957 2.035483 2.570312
-1.372169 2.043788 2.587370
-1.434264 2.020787 2.541057
-1.431655 2.024728 2.559080
-1.428322 2.041817 2.590357
-1.440507 1.994758 2.478409
-1.436942 1.996733 2.490713
-1.393828 1.995409 2.431532
-1.396761 1.991066 2.422515
-1.406808 1.998660 2.420464
-1.381611 2.007113 2.456483
-1.397606 2.012731 2.452834
-1.400531 2.024077 2.467986
-1.383478 2.017541 2.469332
-1.377933 1.978002 2.440886
-1.382901 1.972635 2.432339
-1.388404 1.982339 2.426526
-1.384503 1.987163 2.435145
-1.459556 1.986236 2.436207
-1.455133 1.986235 2.446302
-1.415542 1.986480 2.394804
-1.426383 1.992832 2.395412
-1.421248 1.998993 2.410262
-1.410364 1.993697 2.409473
-1.418209 2.003864 2.420731
-1.406472 1.978559 2.396935
-1.400899 1.986006 2.411559
-1.469241 1.981860 2.419989
-1.388617 1.966337 2.421193
-1.395643 1.958565 2.407631
-1.399781 1.969150 2.401305
-1.393252 1.976613 2.415246
-1.368514 2.026245 2.553109
-1.368206 2.016145 2.536206
-1.395231 1.956482 2.492824
-1.388912 1.963726 2.504253
-1.402807 1.951254 2.482411
-1.383289 1.999261 2.569746
-1.381147 2.009159 2.586102
-1.390777 1.979300 2.536845
-1.386316 1.989041 2.553119
-1.388042 2.036896 2.503557
-1.379901 1.961453 2.455204
-1.372718 1.966818 2.460356
-1.385815 1.954070 2.462217
-1.432588 1.933398 2.434696
-1.422798 1.939158 2.448939
-1.368064 1.979895 2.455359
-1.445124 1.925891 2.416921
-1.412845 2.021779 2.453575
-1.430514 2.006255 2.422681
-1.429591 2.011604 2.433538
-1.419029 2.059024 2.583178
-1.436724 2.016608 2.522613
-1.430878 1.984748 2.495034
-1.424586 1.975021 2.499761
-1.386787 1.956136 2.446348
-1.382316 1.963369 2.439871
-1.376369 1.968725 2.448174
-1.447982 1.964302 2.457165
-1.452794 1.977020 2.451442
-1.380243 2.018628 2.601964
-1.442972 1.966647 2.465283
-1.414119 2.029619 2.468807
-1.648546 1.832792 2.168545
-1.662132 1.812308 2.167033
-1.666845 1.822068 2.169379
-1.477232 1.740083 2.285276
-1.497924 1.698840 2.314795
-1.487751 1.707479 2.304384
-1.498854 1.821076 2.271535
-1.494675 1.808654 2.271095
-1.508246 1.861199 2.290060
-1.507064 1.853070 2.281835
-1.489986 1.779016 2.294120
-1.734677 2.030171 2.181267
-1.732050 2.023494 2.182762
-1.741170 2.039487 2.177060
-1.531660 1.543493 2.363754
-1.537111 1.522234 2.374655
-1.535807 1.514789 2.378155
-1.717054 2.028274 2.196097
-1.716282 2.020286 2.194584
-1.715389 2.025306 2.192919
-1.717652 2.031929 2.197430
-1.717400 2.029504 2.197533
-1.738534 2.048125 2.181559
-1.727743 2.017231 2.186271
-1.721910 2.011220 2.190913
-1.729696 2.042363 2.189552
-1.511582 1.522206 2.178511
-1.502310 1.503334 2.175261
-1.524311 1.498534 2.176023
-1.531721 1.518049 2.179296
-1.543661 1.474374 2.174160
-1.549097 1.494941 2.177839
-1.516497 1.478028 2.172473
-1.402618 1.475027 2.194654
-1.412850 1.496720 2.193807
-1.400033 1.506372 2.212194
-1.389087 1.486876 2.213627
-1.402796 1.527567 2.233158
-1.391678 1.513011 2.234943
-1.412550 1.521813 2.211762
-1.398476 1.529870 2.256808
-1.388002 1.515337 2.259308
-1.399458 1.528246 2.279944
-1.389738 1.512887 2.282566
-1.396430 1.507604 2.303767
-1.407966 1.500982 2.322645
-1.416322 1.477190 2.340529
-1.424137 1.492437 2.338428
-1.441554 1.482757 2.351054
-1.460206 1.473595 2.361282
-1.477607 1.466020 2.370625
-1.493342 1.459751 2.377445
-1.508264 1.454174 2.382019
-1.522241 1.450036 2.384050
-1.517650 1.429703 2.382251
-1.602466 1.882946 2.296887
-1.622123 1.917491 2.196866
-1.606851 1.929778 2.215881
-1.606187 1.922638 2.200470
-1.558165 1.892953 2.179924
-1.571059 1.879226 2.169194
-1.577469 1.892007 2.173969
-1.566121 1.907416 2.186697
-1.625875 1.905535 2.187524
-1.634169 1.905684 2.189253
-1.610360 1.909626 2.186586
-1.619759 1.895342 2.178513
-1.630280 1.881917 2.173802
-1.575982 1.941995 2.232114
-1.570615 1.948265 2.239545
-1.558648 1.940388 2.223748
-1.563359 1.935612 2.215427
-1.535088 1.898418 2.200303
-1.530181 1.905777 2.208514
-1.523390 1.893583 2.209279
-1.528871 1.885831 2.199843
-1.556314 1.966141 2.264380
-1.549369 1.970264 2.272943
-1.538027 1.965847 2.257730
-1.544896 1.960416 2.248437
-1.540906 1.918129 2.209761
-1.551932 1.784214 2.157112
-1.540030 1.800466 2.163751
-1.529122 1.815960 2.172201
-1.507880 1.854010 2.212173
-1.511848 1.835145 2.198803
-1.514929 1.844403 2.197594
-1.500430 1.862560 2.226428
-1.494284 1.869696 2.238373
-1.565649 1.924440 2.316887
-1.552691 1.900935 2.321993
-1.545799 1.907490 2.323343
-1.483576 1.884310 2.271628
-1.484012 1.880353 2.274008
-1.488493 1.871600 2.261020
-1.487804 1.875197 2.258327
-1.582388 1.937856 2.225249
-1.526279 1.957234 2.249048
-1.516125 1.945866 2.246563
-1.525133 1.938934 2.235626
-1.534857 1.949930 2.238702
-1.509485 1.934978 2.245572
-1.502794 1.924470 2.247649
-1.509036 1.916104 2.236803
-1.516544 1.927498 2.234455
-1.482967 1.889856 2.268118
-1.488667 1.879750 2.253823
-1.551340 1.965972 2.301179
-1.579533 1.953090 2.267043
-1.581825 1.947087 2.260202
-1.590892 1.935745 2.280194
-1.585944 1.940296 2.288361
-1.500343 1.876556 2.304655
-1.492586 1.874938 2.301332
-1.485908 1.874738 2.299214
-1.491158 1.864527 2.259275
-1.480719 1.876893 2.296962
-1.527242 1.897882 2.324279
-1.537147 1.913249 2.328140
-1.587895 1.918054 2.297153
-1.582544 1.919881 2.303994
-1.541265 1.973127 2.283562
-1.529339 1.970017 2.269097
-1.465446 1.902320 2.296329
-1.473992 1.892790 2.287655
-1.474620 1.896104 2.283639
-1.493901 1.850116 2.242140
-1.489741 1.868004 2.262362
-1.566833 1.955935 2.247550
-1.507673 1.951268 2.258445
-1.518055 1.961809 2.261063
-1.520346 1.920376 2.225738
-1.527087 1.912733 2.216930
-1.534504 1.924642 2.218123
-1.529330 1.931911 2.226303
-1.487118 1.922696 2.264417
-1.493888 1.933085 2.259910
-1.520094 1.900939 2.217760
-1.514775 1.908280 2.226782
-1.475694 1.901154 2.279984
-1.591896 1.915398 2.291077
-1.590572 1.894380 2.300920
-1.585705 1.898141 2.304016
-1.579316 1.899006 2.308521
-1.572106 1.898600 2.313734
-1.561536 1.898022 2.319281
-1.595202 1.889164 2.297638
-1.370374 1.974360 2.452768
-1.463092 1.898414 2.302091
-1.458424 1.911948 2.304188
-1.455228 1.908880 2.310111
-1.437382 1.946765 2.339596
-1.670741 2.030620 2.324888
-1.668470 2.024998 2.324249
-1.685193 2.049488 2.322745
-1.682388 2.046504 2.323781
-1.391373 1.999870 2.439369
-1.389479 2.003506 2.446377
-1.385666 2.027928 2.486202
-1.401852 2.033455 2.485864
-1.402988 2.041268 2.503546
-1.437000 2.026247 2.497513
-1.439729 2.013319 2.503076
-1.419969 1.979131 2.516027
-1.369206 1.993137 2.503636
-1.427063 2.056803 2.622027
-1.427230 2.058973 2.639939
-1.423475 2.067859 2.637014
-1.421922 2.065258 2.619196
-1.428490 2.060909 2.657212
-1.425825 2.050677 2.643285
-1.425200 2.052973 2.660285
-1.420908 2.045088 2.646142
-1.419204 2.048001 2.662768
-1.411661 2.045845 2.664641
-1.413641 2.041205 2.648422
-1.405198 2.039038 2.649884
-1.403230 2.044654 2.665716
-1.398313 2.031807 2.634526
-1.388683 2.032808 2.634950
-1.388432 2.042161 2.650497
-1.396612 2.039504 2.650783
-1.379869 2.062540 2.660486
-1.377247 2.053843 2.645298
-1.377481 2.061517 2.641602
-1.380618 2.069450 2.657163
-1.384396 2.067605 2.618592
-1.387361 2.075533 2.635157
-1.381504 2.069118 2.638364
-1.377928 2.060617 2.621448
-1.389908 2.083492 2.650313
-1.395610 2.078561 2.634293
-1.399019 2.085127 2.649052
-1.427782 2.044856 2.607970
-1.426620 2.054339 2.604235
-1.426058 2.051450 2.586506
-1.415901 2.035426 2.631413
-1.422636 2.040472 2.628769
-1.424500 2.036293 2.611374
-1.418234 2.029993 2.614245
-1.390966 2.015121 2.603350
-1.389580 2.024026 2.619260
-1.400263 2.024084 2.618299
-1.407653 2.032776 2.633240
-1.409887 2.026240 2.616428
-1.380332 2.037044 2.633322
-1.381322 2.047103 2.648542
-1.412809 2.070349 2.617897
-1.415315 2.074062 2.635363
-1.405563 2.077537 2.634555
-1.402835 2.072881 2.617226
-1.380194 2.027766 2.617713
-1.410637 2.066726 2.599760
-1.400038 2.068357 2.599149
-1.392708 2.072231 2.617404
-1.389583 2.066042 2.599787
-1.418247 2.077820 2.651597
-1.425945 2.070497 2.653551
-1.420410 2.062279 2.601278
-1.375086 2.044291 2.629807
-1.373899 2.034850 2.613991
-1.372128 2.043550 2.609256
-1.374324 2.052585 2.625404
-1.377866 2.052744 2.582991
-1.381127 2.060048 2.601262
-1.375098 2.052068 2.604519
-1.384026 2.077079 2.653815
-1.386298 2.059835 2.581251
-1.416021 2.071298 2.734836
-1.420990 2.067925 2.741000
-1.417071 2.062699 2.734786
-1.414453 2.066404 2.726918
-1.406939 2.046489 2.727289
-1.410439 2.043425 2.739152
-1.414604 2.036016 2.734937
-1.410560 2.037390 2.722658
-1.425515 2.065426 2.745537
-1.419381 2.059335 2.741946
-1.428376 2.062764 2.745184
-1.431240 2.070956 2.749787
-1.436883 2.072307 2.747132
-1.440503 2.078514 2.751800
-1.442963 2.085327 2.746804
-1.441230 2.076072 2.738005
-1.428668 2.095078 2.724480
-1.429812 2.100158 2.737825
-1.421776 2.106357 2.734270
-1.419998 2.099970 2.721092
-1.403417 2.108805 2.727860
-1.403722 2.102699 2.715698
-1.411939 2.101500 2.718664
-1.412821 2.107433 2.732100
-1.405258 2.076980 2.727913
-1.410258 2.074678 2.729746
-1.409277 2.070603 2.721375
-1.403466 2.072988 2.719459
-1.431001 2.054760 2.748430
-1.427254 2.055284 2.749959
-1.433977 2.063790 2.742201
-1.436851 2.060910 2.737157
-1.384684 2.064487 2.703230
-1.390635 2.061100 2.702561
-1.391610 2.056643 2.693441
-1.384668 2.059869 2.692755
-1.406932 2.041775 2.702055
-1.419418 2.041471 2.695495
-1.417585 2.045575 2.687503
-1.406096 2.045881 2.694780
-1.407781 2.039378 2.712271
-1.419639 2.035617 2.718199
-1.419517 2.037797 2.706507
-1.422224 2.035322 2.731815
-1.377619 2.067209 2.689335
-1.375268 2.070438 2.697482
-1.428713 2.079429 2.792731
-1.430238 2.080772 2.789590
-1.424953 2.082669 2.788999
-1.423503 2.081059 2.792043
-1.379322 2.085115 2.687251
-1.379483 2.081478 2.682073
-1.385405 2.087364 2.679171
-1.386434 2.090104 2.684667
-1.378806 2.090007 2.694103
-1.387642 2.094000 2.691838
-1.435370 2.087486 2.799764
-1.438252 2.090836 2.794856
-1.437726 2.085933 2.793371
-1.435443 2.083387 2.797824
-1.418167 2.074669 2.743301
-1.424285 2.071469 2.748289
-1.425556 2.079723 2.761869
-1.430832 2.077478 2.760564
-1.428013 2.074382 2.755146
-1.421039 2.078234 2.753223
-1.405437 2.086240 2.744129
-1.411362 2.083933 2.748812
-1.409937 2.080274 2.739086
-1.403767 2.082553 2.735087
-1.392654 2.085416 2.732664
-1.386960 2.086921 2.732946
-1.388154 2.091193 2.739346
-1.394453 2.089719 2.740612
-1.402862 2.096204 2.756285
-1.398219 2.097660 2.754846
-1.399534 2.101332 2.761522
-1.403996 2.099807 2.762889
-1.379929 2.079183 2.676510
-1.385095 2.085654 2.673107
-1.385086 2.108900 2.722323
-1.383520 2.115090 2.730394
-1.374408 2.110162 2.729825
-1.376729 2.104974 2.721060
-1.395401 2.092642 2.684224
-1.394043 2.091009 2.677939
-1.432742 2.092376 2.800779
-1.435973 2.095896 2.796052
-1.430845 2.039033 2.729501
-1.430600 2.041916 2.712837
-1.429501 2.046317 2.699591
-1.427536 2.050164 2.691034
-1.426400 2.052444 2.684102
-1.418250 2.082593 2.756555
-1.412613 2.076948 2.736943
-1.401110 2.078175 2.726529
-1.374441 2.085973 2.724338
-1.380708 2.083717 2.726523
-1.381136 2.079417 2.721489
-1.373259 2.082628 2.718295
-1.371126 2.099126 2.723783
-1.370182 2.103567 2.731093
-1.371734 2.097426 2.733852
-1.371441 2.093607 2.728033
-1.435235 2.052264 2.747503
-1.438956 2.055448 2.734562
-1.374612 2.078275 2.691757
-1.376294 2.074301 2.685845
-1.378738 2.071953 2.679071
-1.396665 2.067353 2.710713
-1.400994 2.066122 2.711431
-1.398107 2.055444 2.704241
-1.394488 2.058599 2.702444
-1.409165 2.059839 2.721892
-1.410960 2.056112 2.731236
-1.404164 2.049358 2.717029
-1.397778 2.052486 2.693619
-1.400642 2.051488 2.685794
-1.393473 2.055569 2.685090
-1.386027 2.059547 2.684019
-1.380447 2.065753 2.681814
-1.402202 2.049012 2.677699
-1.394925 2.052480 2.677551
-1.387944 2.057211 2.676488
-1.382621 2.062555 2.674788
-1.391773 2.088029 2.661907
-1.393509 2.089875 2.670578
-1.384181 2.082456 2.665241
-1.419143 2.048756 2.676002
-1.410410 2.048776 2.677602
-1.408776 2.048921 2.686551
-1.425787 2.054510 2.673771
-1.414227 2.041603 2.745667
-1.415031 2.048972 2.747213
-1.416981 2.047025 2.752134
-1.417761 2.040328 2.751529
-1.434877 2.075393 2.753994
-1.436490 2.078395 2.759642
-1.441442 2.082706 2.758383
-1.373617 2.075173 2.705259
-1.381722 2.070502 2.710150
-1.421986 2.083549 2.763057
-1.440348 2.092072 2.787712
-1.441876 2.091360 2.774131
-1.440339 2.085274 2.773783
-1.439329 2.086523 2.786771
-1.421642 2.090682 2.768683
-1.422485 2.091878 2.774812
-1.423094 2.085717 2.773772
-1.423342 2.084915 2.767545
-1.391756 2.098171 2.752627
-1.392793 2.101229 2.758521
-1.429711 2.103221 2.752407
-1.439642 2.094261 2.740385
-1.440580 2.099194 2.752169
-1.399746 2.088211 2.741844
-1.396351 2.093810 2.748127
-1.401129 2.092225 2.749573
-1.417298 2.085425 2.758744
-1.413061 2.086848 2.755352
-1.415987 2.089760 2.760840
-1.419774 2.087277 2.763227
-1.370492 2.092859 2.715299
-1.377805 2.100000 2.711340
-1.434981 2.082065 2.791128
-1.432822 2.080289 2.794582
-1.380797 2.074881 2.669244
-1.380377 2.068305 2.672688
-1.398345 2.083937 2.733212
-1.437178 2.087575 2.729049
-1.396467 2.079165 2.725385
-1.393248 2.113575 2.745936
-1.392252 2.113779 2.754272
-1.387880 2.109396 2.754877
-1.386337 2.108877 2.748187
-1.423266 2.093223 2.785210
-1.422047 2.092551 2.790933
-1.422175 2.087079 2.789332
-1.423035 2.087436 2.784532
-1.426128 2.081152 2.766539
-1.426172 2.081632 2.773184
-1.430939 2.079968 2.772845
-1.430823 2.079269 2.765677
-1.436055 2.080465 2.765214
-1.436168 2.081652 2.773203
-1.426021 2.098815 2.787114
-1.426323 2.098038 2.775402
-1.432867 2.100255 2.774303
-1.432133 2.100143 2.788542
-1.404021 2.098023 2.703775
-1.394736 2.103314 2.713828
-1.395567 2.098703 2.702168
-1.403256 2.114941 2.738939
-1.392323 2.113042 2.736541
-1.393729 2.108880 2.725446
-1.386977 2.102849 2.712143
-1.422474 2.099211 2.764424
-1.424513 2.104174 2.761673
-1.431143 2.100602 2.763723
-1.389702 2.080598 2.724484
-1.435889 2.082470 2.785407
-1.430119 2.072373 2.684402
-1.431915 2.072059 2.691827
-1.423980 2.084600 2.688961
-1.423358 2.082264 2.681335
-1.425948 2.083028 2.784433
-1.430636 2.080773 2.784484
-1.386080 2.100039 2.751448
-1.382722 2.103015 2.752159
-1.385189 2.105727 2.756800
-1.387982 2.102694 2.757363
-1.388055 2.098426 2.701158
-1.380118 2.116275 2.737585
-1.370769 2.110164 2.738400
-1.395985 2.095208 2.691972
-1.405131 2.091778 2.685092
-1.404673 2.094404 2.693168
-1.412821 2.111543 2.746942
-1.411513 2.097022 2.706255
-1.411834 2.093008 2.694932
-1.413383 2.089712 2.685915
-1.413878 2.087740 2.678906
-1.404981 2.090262 2.678133
-1.437978 2.097153 2.788380
-1.429520 2.098305 2.795289
-1.402229 2.088312 2.660628
-1.404577 2.088995 2.670130
-1.411343 2.084902 2.661976
-1.413722 2.086034 2.671330
-1.427179 2.085708 2.700334
-1.419507 2.090678 2.697499
-1.427207 2.090575 2.712239
-1.418993 2.095053 2.708589
-1.423558 2.111668 2.747009
-1.418761 2.088932 2.805107
-1.416097 2.086586 2.802477
-1.419308 2.089420 2.795221
-1.421575 2.092630 2.798007
-1.423943 2.096470 2.793168
-1.425794 2.093551 2.800059
-1.435989 2.081525 2.717104
-1.417885 2.092868 2.765973
-1.435636 2.071498 2.705508
-1.440946 2.062337 2.720523
-1.441681 2.071114 2.726717
-1.438223 2.052942 2.707242
-1.434735 2.057720 2.694662
-1.429963 2.061768 2.681005
-1.431163 2.060731 2.687433
-1.429322 2.061950 2.671253
-1.438869 2.047903 2.723587
-1.420255 2.079375 2.796533
-1.425166 2.076929 2.797217
-1.429325 2.071960 2.677685
-1.428050 2.071981 2.667563
-1.412561 2.052329 2.740955
-1.395115 2.074467 2.717888
-1.389516 2.075034 2.717474
-1.381503 2.075395 2.716338
-1.372876 2.079548 2.712271
-1.420922 2.080185 2.663909
-1.395390 2.047068 2.666120
-1.388310 2.051522 2.665133
-1.408641 2.082324 2.650026
-1.429288 2.077532 2.800241
-1.403180 2.106075 2.763343
-1.404708 2.105412 2.764330
-1.418323 2.036155 2.743007
-1.422262 2.036217 2.749988
-1.433870 2.040248 2.749643
-1.433224 2.039012 2.740299
-1.426136 2.035110 2.740878
-1.428190 2.036424 2.749584
-1.392999 2.068330 2.710804
-1.388348 2.069693 2.710987
-1.378511 2.095176 2.702204
-1.371284 2.088391 2.706346
-1.440634 2.084603 2.764805
-1.441917 2.090819 2.763941
-1.442980 2.089940 2.755895
-1.439259 2.097368 2.773328
-1.424717 2.096989 2.768539
-1.421184 2.096054 2.767068
-1.405886 2.063583 2.715026
-1.401369 2.052433 2.709306
-1.420914 2.053076 2.750881
-1.420349 2.055573 2.746588
-1.407095 2.089416 2.751715
-1.414040 2.112077 2.759564
-1.421912 2.111236 2.758463
-1.409402 2.093157 2.758050
-1.431318 2.079493 2.803658
-1.431397 2.083214 2.806689
-1.439469 2.097913 2.762311
-1.389969 2.095062 2.746109
-1.408471 2.109823 2.762647
-1.407009 2.111565 2.755894
-1.369806 2.104378 2.736511
-1.423045 2.080957 2.674095
-1.420088 2.085119 2.792351
-1.416893 2.083171 2.798057
-1.423020 2.089234 2.806729
-1.428341 2.087458 2.806738
-1.372749 2.083479 2.698586
-1.399190 2.073895 2.718458
-1.382781 2.056636 2.663110
-1.437164 2.046245 2.737159
-1.437306 2.046537 2.748268
-1.410690 2.095966 2.763370
-1.384910 2.112965 2.742872
-1.404537 2.113211 2.760901
-1.399537 2.116293 2.756682
-1.401334 2.115886 2.748050
-1.404201 2.109379 2.764224
-1.424646 2.083526 2.812243
-1.419555 2.085333 2.811891
-1.427715 2.079385 2.811297
-1.428113 2.076511 2.807397
-1.426240 2.075242 2.803441
-1.415419 2.085002 2.810161
-1.413315 2.083452 2.806699
-1.414417 2.081114 2.801673
-1.411826 2.081010 2.812828
-1.415365 2.080266 2.816123
-1.420170 2.069092 2.816640
-1.418175 2.070432 2.819100
-1.420164 2.073408 2.817550
-1.423172 2.074114 2.815308
-1.416619 2.065803 2.818461
-1.415297 2.067380 2.821269
-1.415831 2.073328 2.820544
-1.418804 2.076307 2.818063
-1.412648 2.070002 2.822927
-1.409762 2.072113 2.821766
-1.412741 2.075144 2.819417
-1.415612 2.077487 2.818061
-1.420978 2.078991 2.816133
-1.412786 2.064024 2.820529
-1.408395 2.065306 2.822328
-1.410103 2.067079 2.824501
-1.413015 2.065490 2.822769
-1.424422 2.072909 2.810150
-1.420195 2.068373 2.813018
-1.415870 2.065189 2.815231
-1.411780 2.063730 2.817359
-1.418156 2.068096 2.809851
-1.413941 2.065432 2.812576
-1.410509 2.064687 2.814591
-1.414814 2.068847 2.807719
-1.411402 2.066420 2.811068
-1.423140 2.072772 2.805937
-1.419920 2.073548 2.803230
-1.409635 2.065784 2.813061
-1.407558 2.065313 2.819365
-1.410782 2.077060 2.817918
-1.407759 2.073269 2.819879
-1.408799 2.077161 2.815520
-1.406484 2.073376 2.817680
-1.407899 2.069730 2.823575
-1.406060 2.069382 2.821757
-1.422495 2.075441 2.800698
-1.417688 2.078154 2.800181
-1.414971 2.075892 2.802734
-1.410583 2.071189 2.807001
-1.411613 2.078529 2.805142
-1.410628 2.080276 2.809910
-1.407683 2.076221 2.812682
-1.407941 2.074359 2.809297
-1.405646 2.072287 2.814805
-1.406166 2.070837 2.812318
-1.408385 2.068383 2.810978
-1.405336 2.069000 2.816066
-1.405336 2.069218 2.818963
-1.407344 2.066104 2.816058
-1.407614 2.067038 2.813653
-1.405959 2.068823 2.814074
-1.408487 2.096797 2.794665
-1.411312 2.100042 2.790121
-1.406708 2.101184 2.789472
-1.403524 2.097827 2.793583
-1.415118 2.106838 2.801050
-1.418857 2.111257 2.795491
-1.418028 2.105415 2.793711
-1.414305 2.101143 2.798863
-1.410809 2.112194 2.800450
-1.414622 2.117141 2.795160
-1.421565 2.111355 2.787049
-1.422960 2.107057 2.772105
-1.420978 2.101622 2.773267
-1.420218 2.105471 2.786485
-1.404090 2.106931 2.771406
-1.405169 2.101994 2.770928
-1.415061 2.101654 2.791644
-1.411788 2.097991 2.796480
-1.403774 2.109666 2.783405
-1.401114 2.108302 2.790138
-1.403012 2.103915 2.789202
-1.404803 2.104775 2.783061
-1.409799 2.098307 2.771559
-1.415265 2.095597 2.772571
-1.418839 2.097700 2.773245
-1.405231 2.114978 2.784406
-1.407332 2.112624 2.771513
-1.413054 2.115103 2.770592
-1.410376 2.118195 2.785556
-1.417241 2.101892 2.785204
-1.408673 2.101358 2.783558
-1.413461 2.099910 2.784278
-1.417536 2.116782 2.785770
-1.406865 2.116707 2.794126
-1.395159 2.103171 2.804721
-1.393483 2.100156 2.801912
-1.397233 2.104322 2.795104
-1.398585 2.107719 2.797736
-1.402328 2.112224 2.792056
-1.403024 2.111331 2.799610
-1.398723 2.093648 2.799603
-1.403700 2.092198 2.801001
-1.406964 2.092817 2.803319
-1.420331 2.113325 2.770486
-1.408770 2.095486 2.805853
-1.409091 2.100147 2.808467
-1.399348 2.100452 2.793668
-1.394716 2.096370 2.799830
-1.398844 2.105161 2.806899
-1.405193 2.104636 2.808163
-1.400684 2.099772 2.814140
-1.395327 2.100300 2.811825
-1.404652 2.095722 2.813784
-1.405211 2.091987 2.810066
-1.403974 2.090274 2.806819
-1.392236 2.099010 2.809861
-1.391163 2.096929 2.806914
-1.392597 2.093876 2.803626
-1.388461 2.093218 2.812853
-1.390450 2.093683 2.816237
-1.393332 2.079058 2.819749
-1.391608 2.080527 2.822057
-1.394236 2.084520 2.819840
-1.396853 2.083575 2.818248
-1.395887 2.087885 2.818769
-1.399413 2.089175 2.817300
-1.390973 2.086807 2.820538
-1.393444 2.089801 2.818459
-1.387831 2.082406 2.823342
-1.384813 2.083577 2.821112
-1.388056 2.087324 2.818487
-1.390557 2.090172 2.817256
-1.389130 2.076069 2.821562
-1.389170 2.077600 2.823675
-1.395993 2.093672 2.817554
-1.402020 2.087948 2.812679
-1.398051 2.082300 2.815016
-1.393539 2.077872 2.816852
-1.388806 2.075384 2.818495
-1.397232 2.081384 2.811451
-1.392692 2.077412 2.813942
-1.388477 2.075960 2.815718
-1.394539 2.081462 2.808383
-1.390428 2.077969 2.811733
-1.401613 2.087193 2.808702
-1.398988 2.087505 2.805727
-1.388098 2.076862 2.813885
-1.384403 2.075875 2.819679
-1.384366 2.076244 2.823069
-1.385257 2.078360 2.825718
-1.386853 2.087706 2.816465
-1.383870 2.083221 2.818839
-1.385291 2.087691 2.814521
-1.382786 2.082985 2.817096
-1.382883 2.080528 2.823333
-1.382043 2.079568 2.821514
-1.401012 2.090129 2.804344
-1.396556 2.091536 2.802887
-1.394676 2.088899 2.804000
-1.390209 2.083241 2.807139
-1.390573 2.090924 2.804808
-1.388400 2.092190 2.808537
-1.385253 2.087128 2.811668
-1.386712 2.085612 2.808563
-1.383073 2.082589 2.814874
-1.384311 2.081562 2.812098
-1.387142 2.079514 2.810846
-1.382687 2.079075 2.816486
-1.381929 2.079007 2.819089
-1.384963 2.076508 2.816699
-1.385757 2.077629 2.813957
-1.383802 2.079287 2.814179
-1.390052 2.100582 2.783276
-1.391844 2.103749 2.780814
-1.387121 2.103491 2.779071
-1.385101 2.100157 2.781015
-1.392323 2.108446 2.789473
-1.396334 2.113528 2.785166
-1.396567 2.109301 2.784574
-1.393284 2.105268 2.788565
-1.388081 2.110808 2.789280
-1.391471 2.117520 2.784616
-1.399060 2.115548 2.779299
-1.402047 2.114156 2.768198
-1.401779 2.109587 2.769389
-1.399096 2.110813 2.779625
-1.394880 2.105753 2.782821
-1.392414 2.102440 2.786319
-1.382759 2.108639 2.773499
-1.380459 2.107005 2.778922
-1.382743 2.104539 2.778436
-1.384743 2.105910 2.773648
-1.391603 2.103095 2.764621
-1.396266 2.103451 2.766575
-1.399521 2.105787 2.768339
-1.383177 2.113318 2.774369
-1.386302 2.111637 2.762970
-1.390302 2.115993 2.763652
-1.387372 2.118124 2.775938
-1.396728 2.107019 2.778348
-1.388769 2.103659 2.774855
-1.393526 2.104382 2.776461
-1.394356 2.118692 2.777250
-1.384851 2.115941 2.782644
-1.375659 2.101695 2.791402
-1.374954 2.099259 2.788372
-1.377932 2.104457 2.781136
-1.378537 2.107873 2.784334
-1.380821 2.111371 2.779974
-1.382354 2.110630 2.787097
-1.382002 2.095305 2.786035
-1.386576 2.095038 2.788067
-1.388575 2.096669 2.791496
-1.397426 2.117274 2.765771
-1.384640 2.107038 2.762791
-1.389113 2.098710 2.794331
-1.387995 2.101324 2.796535
-1.380566 2.101773 2.780153
-1.377232 2.096884 2.786078
-1.378873 2.103780 2.794363
-1.384127 2.103974 2.796543
-1.381422 2.098140 2.801365
-1.376284 2.098019 2.799266
-1.385732 2.095557 2.800890
-1.386882 2.093601 2.797966
-1.386545 2.092415 2.794749
-1.373769 2.096060 2.795386
-1.374036 2.094767 2.792732
-1.376290 2.093647 2.789702
-1.372006 2.091399 2.796601
-1.374701 2.092060 2.800911
-1.379984 2.079241 2.805398
-1.378366 2.080042 2.806703
-1.379926 2.084192 2.804778
-1.381874 2.083774 2.803997
-1.380867 2.087873 2.804252
-1.383132 2.089743 2.803394
-1.376712 2.085787 2.805669
-1.378414 2.089524 2.804022
-1.374934 2.081572 2.807532
-1.372077 2.082541 2.804630
-1.373795 2.086510 2.802624
-1.375437 2.089698 2.802308
-1.377481 2.076071 2.806961
-1.376825 2.077420 2.808153
-1.379615 2.092665 2.803129
-1.385376 2.088810 2.800077
-1.383249 2.083149 2.801479
-1.380902 2.078409 2.802964
-1.377843 2.075373 2.803922
-1.382958 2.082705 2.798206
-1.380441 2.078333 2.799998
-1.377657 2.075859 2.801017
-1.381377 2.082556 2.795176
-1.378925 2.078560 2.797607
-1.385200 2.088227 2.796466
-1.383463 2.088327 2.793259
-1.377177 2.076869 2.799123
-1.373184 2.075212 2.803891
-1.373102 2.075928 2.807305
-1.373479 2.077931 2.809044
-1.371988 2.087111 2.800584
-1.370657 2.082661 2.802620
-1.370863 2.086613 2.797940
-1.369992 2.082217 2.800284
-1.371150 2.079639 2.806709
-1.370341 2.078956 2.805201
-1.384463 2.092156 2.791540
-1.380679 2.092695 2.789350
-1.380042 2.089182 2.791110
-1.377764 2.083164 2.793166
-1.375764 2.090246 2.790836
-1.372920 2.090285 2.793253
-1.371581 2.086073 2.794940
-1.373931 2.084713 2.792962
-1.370661 2.081478 2.797774
-1.372528 2.080575 2.795796
-1.375921 2.079161 2.795849
-1.371295 2.078245 2.799700
-1.370369 2.078377 2.802316
-1.374037 2.075908 2.800701
-1.374764 2.077082 2.798475
-1.372477 2.078329 2.797861
-1.387629 2.104766 2.763430
-1.368364 2.102147 2.765893
-1.370105 2.104083 2.764291
-1.366664 2.103335 2.762158
-1.365258 2.101591 2.763464
-1.367369 2.109579 2.771019
-1.370888 2.113764 2.767982
-1.372861 2.110450 2.767756
-1.369721 2.106795 2.770799
-1.363126 2.110679 2.769064
-1.365937 2.115094 2.766228
-1.374327 2.114916 2.762636
-1.380435 2.113482 2.750798
-1.381264 2.109635 2.753316
-1.375929 2.111139 2.762947
-1.368270 2.103215 2.742852
-1.365221 2.104433 2.749299
-1.367786 2.101423 2.750931
-1.371243 2.100249 2.742521
-1.372566 2.106935 2.766106
-1.369675 2.104151 2.768624
-1.361421 2.106395 2.757461
-1.359981 2.105020 2.760024
-1.363183 2.103596 2.760634
-1.364445 2.103831 2.758168
-1.374768 2.098271 2.745081
-1.371288 2.100816 2.752914
-1.375967 2.101719 2.753240
-1.378952 2.099944 2.748306
-1.378505 2.105115 2.754236
-1.361124 2.110593 2.757467
-1.365156 2.108352 2.748112
-1.367968 2.112783 2.747325
-1.363865 2.114849 2.759180
-1.374272 2.107580 2.762814
-1.368333 2.103602 2.759144
-1.371480 2.104726 2.761793
-1.369950 2.116980 2.760637
-1.361086 2.112375 2.763547
-1.353535 2.100777 2.767237
-1.355022 2.098830 2.765237
-1.357979 2.102780 2.761517
-1.356487 2.105672 2.763270
-1.358727 2.108459 2.761482
-1.358243 2.108546 2.766259
-1.362789 2.097471 2.766426
-1.365536 2.097939 2.769498
-1.366344 2.099519 2.772359
-1.375819 2.115793 2.747850
-1.365730 2.101426 2.774843
-1.363363 2.103745 2.775727
-1.361577 2.101652 2.762000
-1.358785 2.097867 2.765129
-1.354867 2.103135 2.770152
-1.359246 2.104667 2.773518
-1.356598 2.100489 2.777556
-1.352661 2.098249 2.773632
-1.361137 2.099603 2.778771
-1.363785 2.098201 2.777303
-1.364676 2.096743 2.774766
-1.351757 2.095953 2.769940
-1.353804 2.094705 2.768023
-1.357404 2.094909 2.767944
-1.351044 2.091800 2.772927
-1.351566 2.093316 2.776955
-1.358976 2.086923 2.784508
-1.357395 2.087631 2.785067
-1.357800 2.090562 2.783065
-1.359822 2.090596 2.782679
-1.357628 2.093590 2.781566
-1.359439 2.095164 2.780643
-1.354544 2.090966 2.782828
-1.355034 2.094098 2.780513
-1.353786 2.087800 2.785230
-1.351011 2.086373 2.782718
-1.351228 2.089846 2.780707
-1.352320 2.092401 2.779400
-1.357347 2.083910 2.786299
-1.356402 2.085397 2.786769
-1.355443 2.096267 2.779240
-1.362363 2.094593 2.778948
-1.361417 2.090006 2.781402
-1.360197 2.085514 2.783606
-1.357908 2.082369 2.784650
-1.362125 2.089333 2.779158
-1.360537 2.084983 2.781405
-1.358272 2.082344 2.782410
-1.361605 2.088766 2.776492
-1.359983 2.084821 2.779204
-1.363406 2.093791 2.776346
-1.362870 2.092955 2.773458
-1.358526 2.082807 2.780705
-1.354885 2.081324 2.783994
-1.353862 2.082489 2.786028
-1.353153 2.084877 2.786953
-1.350321 2.088774 2.778616
-1.350296 2.085051 2.781066
-1.350714 2.087960 2.776023
-1.351124 2.083988 2.779217
-1.351119 2.084485 2.784665
-1.351333 2.082871 2.783674
-1.364041 2.095395 2.771661
-1.361267 2.095055 2.769199
-1.360328 2.092175 2.770972
-1.359399 2.088015 2.774160
-1.356498 2.091471 2.769967
-1.353066 2.091169 2.770515
-1.352597 2.087268 2.774138
-1.355763 2.087174 2.773235
-1.352952 2.083560 2.777694
-1.355426 2.083700 2.776831
-1.358187 2.084249 2.777443
-1.354195 2.081763 2.780486
-1.352613 2.081774 2.781999
-1.355981 2.081393 2.781979
-1.357002 2.082294 2.780095
-1.355527 2.082207 2.779315
-1.367863 2.106675 2.742673
-1.434331 2.052185 2.759092
-1.430343 2.054569 2.758969
-1.420870 2.051615 2.759127
-1.417820 2.045936 2.759402
-1.418890 2.039595 2.759754
-1.423621 2.037045 2.760156
-1.428959 2.037210 2.760571
-1.425713 2.054402 2.759128
-1.436673 2.047725 2.759591
-1.434153 2.040936 2.760365
-1.432924 2.039657 2.770649
-1.435990 2.045510 2.769940
-1.426595 2.035573 2.769860
-1.421432 2.036786 2.768060
-1.417644 2.039592 2.765826
-1.434536 2.051352 2.767545
-1.430983 2.054123 2.766133
-1.425874 2.054157 2.764912
-1.434029 2.050556 2.776952
-1.434094 2.045003 2.782892
-1.420805 2.037394 2.789810
-1.424781 2.036166 2.791533
-1.425105 2.036258 2.787138
-1.421170 2.036540 2.784907
-1.425997 2.037205 2.784341
-1.423811 2.036432 2.780437
-1.430488 2.038338 2.789084
-1.430001 2.039454 2.785328
-1.433760 2.043137 2.789787
-1.433044 2.042325 2.786478
-1.430343 2.037592 2.793744
-1.424876 2.037036 2.795042
-1.428659 2.038936 2.797070
-1.422307 2.038926 2.794313
-1.430831 2.039440 2.781793
-1.418743 2.037165 2.775129
-1.417254 2.038226 2.782123
-1.417558 2.040057 2.788163
-1.419934 2.042456 2.792850
-1.414737 2.042639 2.779649
-1.416217 2.044583 2.786283
-1.419195 2.046230 2.790449
-1.415812 2.047881 2.778255
-1.417231 2.048576 2.785195
-1.415613 2.040523 2.771045
-1.415801 2.046044 2.768714
-1.418989 2.048594 2.788761
-1.424268 2.045667 2.795255
-1.426211 2.042083 2.797674
-1.433809 2.047218 2.788167
-1.433394 2.042774 2.793777
-1.432872 2.047254 2.792780
-1.432687 2.051203 2.785197
-1.430950 2.050907 2.791018
-1.431840 2.042053 2.796761
-1.430623 2.045542 2.796453
-1.416907 2.045484 2.764451
-1.420462 2.051095 2.764430
-1.419852 2.051580 2.768629
-1.420018 2.052257 2.778216
-1.425581 2.055015 2.770665
-1.431301 2.054294 2.773529
-1.429852 2.054187 2.782563
-1.425229 2.054886 2.779793
-1.427982 2.053019 2.788724
-1.424713 2.053318 2.786506
-1.420843 2.051573 2.785351
-1.425789 2.050897 2.791819
-1.428137 2.048892 2.794471
-1.422698 2.048472 2.792269
-1.421791 2.050164 2.789443
-1.424185 2.051591 2.789562
-1.371875 2.099420 2.738375
-1.376325 2.096993 2.741210
-1.376172 2.094620 2.736280
-1.375027 2.090143 2.730963
-1.371148 2.089847 2.722856
-1.380920 2.088201 2.732444
-1.381811 2.092758 2.738266
-1.382721 2.096666 2.745246
-1.385820 2.083475 2.728190
-1.709521 2.086288 2.270020
-1.708058 2.084989 2.266587
-1.705374 2.079695 2.264381
-1.705401 2.081050 2.267723
-1.705937 2.081617 2.271337
-1.707061 2.081836 2.275368
-1.716275 2.085171 2.276925
-1.712068 2.086282 2.273733
-1.717452 2.077078 2.283542
-1.717633 2.077744 2.282372
-1.716992 2.076723 2.283425
-1.713799 2.079648 2.280427
-1.716083 2.076979 2.281643
-1.705826 2.082296 2.261366
-1.705393 2.080979 2.260229
-1.706989 2.083448 2.263664
-1.710145 2.081178 2.279055
-1.705126 2.080265 2.260506
-1.705310 2.080052 2.262029
-1.718758 2.082053 2.279214
-1.707101 2.083539 2.270485
-1.708535 2.084348 2.274779
-1.714138 2.084810 2.277731
-1.710877 2.086213 2.273850
-1.714735 2.081176 2.280019
-1.716524 2.079641 2.280606
-1.706400 2.082638 2.267148
-1.711843 2.083313 2.278646
-1.708915 2.085381 2.269602
-1.716521 2.079003 2.280722
-1.716212 2.080979 2.279466
-1.705771 2.080754 2.261300
-1.705778 2.080621 2.261347
-1.649437 1.825738 2.314128
-1.641022 1.811522 2.322444
-1.707850 2.084194 2.266351
-1.706037 2.080331 2.262351
-1.706506 2.081683 2.264554
-1.707451 2.082729 2.264047
-1.706494 2.081167 2.262090
-1.505544 1.947860 2.373051
-1.500351 1.935098 2.379184
-1.489885 1.977140 2.343621
-1.475957 1.974320 2.332089
-1.502880 1.588190 2.347357
-1.486371 1.641635 2.184953
-1.489389 1.665894 2.181585
-1.552518 1.640881 2.161484
-1.534979 1.642432 2.162319
-1.454620 1.655363 2.274660
-1.450051 1.634031 2.275394
-1.483304 1.636760 2.320517
-1.479388 1.616066 2.320933
-1.451522 1.608992 2.295954
-1.504727 1.595351 2.174515
-1.512314 1.617859 2.170903
-1.497059 1.618458 2.179224
-1.489309 1.596745 2.181380
-1.563097 1.614573 2.170410
-1.569056 1.639286 2.165521
-1.456831 1.681826 2.255919
-1.458544 1.684185 2.234448
-1.477202 1.686843 2.197310
-1.491861 1.689058 2.183372
-1.526272 1.692999 2.164754
-1.508346 1.691467 2.172919
-1.501736 1.652455 2.332607
-1.524178 1.666063 2.340202
-1.460712 1.677599 2.276445
-1.549558 1.635115 2.353475
-1.570207 1.713217 2.151713
-1.548877 1.718280 2.156076
-1.465533 1.685675 2.214688
-1.611497 1.785000 2.347273
-1.604063 1.770614 2.355556
-1.592814 1.781057 2.354894
-1.599581 1.794924 2.346140
-1.581059 1.789962 2.353833
-1.569774 1.797793 2.351430
-1.559600 1.804299 2.347904
-1.537634 1.814878 2.332985
-1.543620 1.812570 2.338355
-1.525880 1.815751 2.320332
-1.532433 1.816430 2.327135
-1.516105 1.810237 2.310995
-1.505836 1.802104 2.300322
-1.495299 1.794156 2.288061
-1.502577 1.808901 2.283315
-1.498706 1.787126 2.307125
-1.508998 1.796308 2.317289
-1.518116 1.801462 2.326531
-1.596928 1.725697 2.365463
-1.585477 1.704453 2.361977
-1.658450 1.839019 2.307082
-1.368448 2.005146 2.519580
-1.427172 2.047961 2.625713
-1.645196 1.870798 2.174556
-1.663365 1.859247 2.175548
-1.674459 1.840612 2.173918
-1.678541 1.849427 2.175978
-1.594569 1.923389 2.197881
-1.597958 1.906953 2.182953
-1.608669 1.891955 2.174356
-1.622942 1.875785 2.170827
-1.478213 1.691187 2.296815
-1.628701 1.845325 2.165673
-1.615407 1.868709 2.166929
-1.600225 1.883487 2.168380
-1.586512 1.902161 2.179285
-1.578432 1.923052 2.197495
-1.569240 1.930194 2.207513
-1.548060 1.929245 2.213824
-1.543905 1.935887 2.221896
-1.553975 1.946487 2.231350
-1.551366 1.953543 2.238681
-1.539698 1.943674 2.230106
-1.488770 1.967541 2.302130
-1.475211 1.965241 2.313582
-1.462120 1.958467 2.318933
-1.451913 1.948484 2.322527
-1.447418 1.940698 2.324465
-1.446295 1.931250 2.323665
-1.449578 1.920042 2.317997
-1.473255 1.889239 2.293387
-1.484251 1.877394 2.278902
-1.498434 1.840604 2.225560
-1.501065 1.831308 2.214185
-1.503162 1.777760 2.187104
-1.500711 1.795763 2.193945
-1.504804 1.757540 2.181162
-1.456892 1.497424 2.175884
-1.468625 1.514751 2.179286
-1.452672 1.521955 2.185974
-1.440354 1.505703 2.182919
-1.539316 1.539475 2.181584
-1.520449 1.543301 2.179491
-1.408560 1.543011 2.254276
-1.413713 1.540485 2.231484
-1.423982 1.535694 2.212122
-1.437390 1.529536 2.196858
-1.408610 1.542511 2.276754
-1.465610 1.510244 2.359511
-1.450663 1.517443 2.346689
-1.513861 1.492633 2.383362
-1.497337 1.497921 2.378454
-1.413731 1.538382 2.297723
-1.481300 1.503788 2.370491
-1.436516 1.524729 2.332274
-1.423453 1.531887 2.316195
-1.478352 1.532355 2.181474
-1.494593 1.527218 2.178804
-1.503541 1.547185 2.179816
-1.599264 1.772203 2.147092
-1.581439 1.784128 2.150085
-1.564725 1.797019 2.154944
-1.556342 1.824620 2.160692
-1.541861 1.839306 2.169141
-1.536676 1.826428 2.169367
-1.550146 1.811565 2.161065
-1.519971 1.863431 2.198697
-1.513107 1.871443 2.210727
-1.510139 1.862518 2.211827
-1.517151 1.853485 2.197417
-1.503001 1.870165 2.223226
-1.496372 1.877763 2.235358
-1.490597 1.886037 2.249712
-1.484668 1.896430 2.263607
-1.493906 1.914199 2.251773
-1.500403 1.905573 2.240347
-1.523682 1.873636 2.198931
-1.533157 1.864126 2.184313
-1.610580 1.796832 2.155361
-1.626161 1.783749 2.157994
-1.488558 1.793337 2.273706
-1.483425 1.793686 2.258098
-1.481566 1.795130 2.243474
-1.483885 1.797178 2.230263
-1.487140 1.801054 2.218302
-1.493350 1.805235 2.207524
-1.501395 1.809981 2.198933
-1.501846 1.821104 2.205297
-1.508931 1.815454 2.192179
-1.507390 1.827430 2.201527
-1.515864 1.822493 2.186507
-1.521454 1.831057 2.182722
-1.525922 1.841233 2.181522
-1.529240 1.852422 2.182641
-1.559271 1.839027 2.161614
-1.544876 1.852251 2.170723
-1.579724 1.839631 2.158046
-1.582683 1.853200 2.160082
-1.573187 1.810386 2.154630
-1.576355 1.824718 2.156046
-1.635974 1.915310 2.196795
-1.648246 1.902620 2.188770
-1.458643 1.925221 2.304760
-1.453210 1.928404 2.312695
-1.454317 1.920671 2.309762
-1.457997 1.920935 2.304537
-1.455075 1.935427 2.312626
-1.465070 1.937880 2.300919
-1.459116 1.943434 2.311609
-1.460376 1.930013 2.304606
-1.467113 1.951675 2.307797
-1.471337 1.945477 2.298098
-1.476967 1.957868 2.302387
-1.478807 1.951929 2.293821
-1.484752 1.956015 2.289840
-1.486067 1.960778 2.294568
-1.500495 1.942308 2.257920
-1.494718 1.948754 2.269776
-1.489030 1.953275 2.281228
-1.477461 1.906862 2.275446
-1.471257 1.916901 2.285594
-1.466051 1.924675 2.294832
-1.470431 1.931850 2.291192
-1.475624 1.923801 2.281313
-1.481544 1.914083 2.269709
-1.604462 1.783439 2.149969
-1.589717 1.797345 2.150349
-1.506594 1.879320 2.221338
-1.501429 1.886464 2.231122
-1.496481 1.894645 2.242556
-1.489131 1.904501 2.256762
-1.506477 1.897013 2.228902
-1.512113 1.889611 2.219278
-1.517800 1.881754 2.209993
-1.594713 1.810221 2.153840
-1.620160 1.771075 2.151711
-1.574777 1.922123 2.310586
-1.579476 1.944026 2.296133
-1.573052 1.958338 2.276586
-1.561944 1.961053 2.255764
-1.701016 1.875614 2.188894
-1.396262 1.947874 2.467301
-1.616178 1.719030 2.149112
-1.625127 1.736804 2.146993
-1.591184 1.659671 2.165077
-1.597550 1.677271 2.155392
-1.530910 1.567362 2.175580
-1.548512 1.565225 2.178958
-1.556781 1.590384 2.174737
-1.553607 1.514145 2.181788
-1.558338 1.535387 2.188413
-1.572244 1.589274 2.181935
-1.578594 1.613483 2.177352
-1.589073 1.705936 2.151428
-1.616701 1.761447 2.145672
-1.637892 1.761480 2.152503
-1.642866 1.772683 2.158766
-1.649784 1.787756 2.160816
-1.537912 1.780089 2.359365
-1.544261 1.794619 2.351932
-1.553290 1.789947 2.356491
-1.546820 1.775639 2.363876
-1.523887 1.786800 2.347144
-1.530219 1.800740 2.340290
-1.536635 1.798161 2.346256
-1.529959 1.783743 2.353530
-1.524454 1.802087 2.333684
-1.517849 1.788084 2.340296
-1.531301 1.764274 2.364230
-1.523668 1.768013 2.358508
-1.539849 1.760150 2.368585
-1.512446 1.773550 2.345210
-1.517635 1.771317 2.352213
-1.661582 1.982863 2.314010
-1.654571 1.997144 2.322058
-1.673468 2.034707 2.324679
-1.677203 2.036228 2.322442
-1.684233 1.940541 2.298773
-1.684314 1.926518 2.296534
-1.665268 2.018470 2.328529
-1.657993 2.007448 2.330600
-1.689373 2.056353 2.323633
-1.688151 2.052490 2.323536
-1.680902 2.044127 2.326222
-1.679234 2.039603 2.325767
-1.684561 1.911979 2.293940
-1.673702 1.966823 2.308853
-1.685537 1.883834 2.288261
-1.684943 1.873544 2.286618
-1.673842 1.869642 2.286021
-1.668968 1.860096 2.291878
-1.606319 1.744588 2.362894
-1.626190 1.783504 2.337298
-1.621967 1.774989 2.349123
-1.632964 1.796617 2.329367
-1.662763 1.851356 2.300546
-1.685085 1.897037 2.290910
-1.672111 2.030111 2.326845
-1.669924 2.024335 2.326594
-1.686063 2.048939 2.323837
-1.683417 2.046026 2.325017
-1.660572 1.817886 2.315426
-1.652638 1.802935 2.323572
-1.614395 1.760381 2.356744
-1.608278 1.716860 2.364277
-1.598401 1.694268 2.360825
-1.668114 1.831774 2.307817
-1.590343 1.676071 2.351720
-1.351281 1.361689 2.238692
-1.361404 1.337056 2.228370
-1.373892 1.344401 2.211196
-1.365161 1.362642 2.219181
-1.369951 1.407938 2.220615
-1.374836 1.434048 2.219188
-1.380781 1.461014 2.216413
-1.390224 1.329624 2.201877
-1.420722 1.336101 2.181296
-1.413424 1.318999 2.194504
-1.394113 1.450102 2.197761
-1.387751 1.424451 2.200721
-1.373995 1.364096 2.208350
-1.376812 1.378190 2.205807
-1.364743 1.383968 2.220913
-1.398414 1.344578 2.190341
-1.382733 1.354478 2.200528
-1.492629 1.483612 2.172030
-1.482850 1.463846 2.168037
-1.508390 1.457741 2.168203
-1.424912 1.514823 2.195339
-1.428202 1.487311 2.181269
-1.502544 1.316019 2.199686
-1.389667 1.369974 2.193306
-1.427787 1.356081 2.171341
-1.406301 1.362817 2.181497
-1.446410 1.426828 2.163769
-1.426427 1.433498 2.171854
-1.419351 1.409313 2.172625
-1.440015 1.403775 2.163088
-1.409555 1.440968 2.183163
-1.418106 1.465401 2.181392
-1.453670 1.449645 2.166233
-1.434908 1.457260 2.172183
-1.445081 1.478630 2.173496
-1.402404 1.415575 2.185396
-1.434882 1.378674 2.165005
-1.459745 1.372772 2.159921
-1.487298 1.367959 2.163113
-1.515649 1.361491 2.169332
-1.521794 1.383098 2.165193
-1.463074 1.470649 2.169477
-1.484702 1.509060 2.176575
-1.474317 1.490329 2.173027
-1.512972 1.569241 2.176430
-1.320642 1.222447 2.460126
-1.484721 1.299389 2.307312
-1.482224 1.304288 2.330881
-1.351615 1.436010 2.322671
-1.339232 1.395545 2.269657
-1.351580 1.389572 2.243370
-1.470976 1.321192 2.363289
-1.458881 1.338536 2.376419
-1.364677 1.435327 2.350734
-1.400644 1.398964 2.385593
-1.478893 1.309998 2.348163
-1.382149 1.399474 2.203799
-1.395920 1.390832 2.189262
-1.412927 1.384638 2.175274
-1.454479 1.350529 2.166392
-1.482707 1.347466 2.168810
-1.510665 1.343334 2.177082
-1.485254 1.381156 2.374085
-1.497729 1.384521 2.376282
-1.491416 1.388564 2.376227
-1.508896 1.394480 2.378633
-1.505479 1.380645 2.377058
-1.493957 1.371593 2.372655
-1.502943 1.366451 2.372297
-1.499715 1.352369 2.366234
-1.462419 1.492807 2.361651
-1.446444 1.500464 2.348852
-1.510982 1.474188 2.383867
-1.495344 1.479674 2.379145
-1.405445 1.523579 2.301017
-1.479144 1.485839 2.371766
-1.431018 1.508806 2.335131
-1.416238 1.516718 2.319234
-1.532638 1.429429 2.165956
-1.538092 1.451878 2.169824
-1.526132 1.469637 2.385700
-1.657817 1.995127 2.327346
-1.665233 1.981021 2.318634
-1.779823 2.123875 2.279162
-1.728755 1.909670 2.213084
-1.733594 2.096148 2.303394
-1.678202 2.035853 2.323964
-1.688710 2.059643 2.324984
-1.681490 1.862059 2.286195
-1.676449 1.852028 2.291512
-1.493203 1.306362 2.299916
-1.671555 1.843657 2.300796
-1.492648 1.303061 2.291283
-1.584976 1.638487 2.172203
-1.257661 0.778325 2.401409
-1.260784 0.779327 2.387432
-1.251288 0.753819 2.390905
-1.250180 0.753050 2.405118
-1.248811 0.786387 2.360216
-1.258075 0.782021 2.368869
-1.236076 0.789655 2.356836
-1.223346 0.791452 2.360548
-1.221994 0.762863 2.363470
-1.232476 0.761103 2.358435
-1.215277 0.792819 2.368110
-1.206944 0.765727 2.379657
-1.209299 0.793899 2.378018
-1.204476 0.793413 2.395469
-1.203487 0.766285 2.396494
-1.207227 0.789385 2.413672
-1.205241 0.763676 2.414943
-1.218192 0.783965 2.426248
-1.250449 0.778114 2.414995
-1.244691 0.753283 2.420551
-1.244349 0.758300 2.361883
-1.250924 0.755200 2.371216
-1.251016 0.754524 2.381012
-1.261432 0.779825 2.378424
-1.246588 0.727389 2.395168
-1.252192 0.726898 2.411566
-1.240912 0.730461 2.361686
-1.243185 0.728940 2.373857
-1.220612 0.735181 2.366021
-1.230340 0.733308 2.357130
-1.199836 0.739627 2.380269
-1.209902 0.737542 2.373017
-1.213613 0.764574 2.370903
-1.197765 0.740802 2.396695
-1.200415 0.739638 2.418461
-1.242706 0.730269 2.427786
-1.243669 0.728054 2.383865
-1.149491 0.675579 2.563399
-1.151872 0.679167 2.562820
-1.155735 0.678477 2.564851
-1.155140 0.673717 2.566531
-1.180541 0.671251 2.583097
-1.183844 0.679282 2.584334
-1.191655 0.675895 2.584673
-1.191102 0.666714 2.584084
-1.165386 0.673157 2.578084
-1.164632 0.669429 2.574846
-1.160236 0.670166 2.573187
-1.158531 0.674614 2.575350
-1.138404 0.678123 2.530529
-1.137980 0.673587 2.528717
-1.134477 0.674488 2.526129
-1.134027 0.678118 2.526827
-1.145483 0.675172 2.551069
-1.144988 0.670818 2.548673
-1.141953 0.671844 2.546247
-1.140437 0.675680 2.547146
-1.188149 0.679893 2.561357
-1.202011 0.678298 2.562349
-1.195933 0.676205 2.575751
-1.184726 0.681107 2.574557
-1.201168 0.666500 2.574886
-1.206805 0.666512 2.560321
-1.198759 0.659735 2.558482
-1.193990 0.662448 2.571442
-1.185602 0.662909 2.558364
-1.181954 0.664575 2.570372
-1.179916 0.672461 2.559623
-1.174750 0.674862 2.572458
-1.163122 0.675901 2.555866
-1.169234 0.681828 2.557319
-1.163329 0.680757 2.568581
-1.156899 0.676421 2.566438
-1.178332 0.679727 2.561621
-1.170309 0.679089 2.571751
-1.179572 0.670420 2.562495
-1.174901 0.665961 2.558569
-1.169040 0.667621 2.569766
-1.174113 0.671923 2.574135
-1.166921 0.668346 2.555690
-1.161081 0.669202 2.566317
-1.155922 0.683166 2.546639
-1.164316 0.680641 2.551275
-1.159050 0.678479 2.559798
-1.152567 0.680427 2.556801
-1.161459 0.671221 2.561918
-1.165264 0.671616 2.553087
-1.160230 0.668223 2.549753
-1.156396 0.668535 2.559198
-1.152492 0.670600 2.546199
-1.149922 0.669988 2.556630
-1.150131 0.677898 2.545809
-1.147208 0.676220 2.556012
-1.140468 0.678764 2.530034
-1.144988 0.684447 2.531201
-1.142549 0.681343 2.540869
-1.139301 0.676114 2.539771
-1.151114 0.682897 2.536419
-1.147689 0.681060 2.544047
-1.150948 0.675871 2.546501
-1.152117 0.677043 2.539488
-1.148976 0.670482 2.536299
-1.147774 0.669667 2.544232
-1.142519 0.671507 2.531083
-1.141340 0.670850 2.540613
-1.136921 0.684807 2.512812
-1.134964 0.684027 2.520972
-1.132578 0.678762 2.519706
-1.134835 0.678525 2.510602
-1.142017 0.684591 2.518614
-1.140500 0.683191 2.524920
-1.142687 0.678023 2.526386
-1.142386 0.679251 2.520813
-1.141392 0.672047 2.518652
-1.140521 0.671966 2.524723
-1.136882 0.673101 2.513239
-1.134653 0.672927 2.520875
-1.188688 0.679107 2.547752
-1.206355 0.679499 2.548901
-1.189375 0.664502 2.579294
-1.210315 0.666267 2.546617
-1.182817 0.665932 2.578624
-1.185437 0.662428 2.546012
-1.201787 0.659491 2.544797
-1.182804 0.671119 2.554098
-1.161480 0.678939 2.575002
-1.168275 0.665758 2.540209
-1.167733 0.673165 2.548088
-1.165626 0.678072 2.576552
-1.172812 0.681848 2.541746
-1.158862 0.682990 2.529743
-1.153298 0.670514 2.563833
-1.149795 0.671607 2.562414
-1.153676 0.668271 2.529877
-1.152513 0.677575 2.537246
-1.141924 0.679613 2.546518
-1.143855 0.669930 2.516461
-1.142374 0.679110 2.520975
-1.145194 0.679363 2.548555
-1.147300 0.685553 2.515597
-1.136302 0.680659 2.526364
-1.138556 0.670502 2.503992
-1.136179 0.677798 2.499930
-1.138615 0.681160 2.528687
-1.139412 0.685821 2.503279
-1.235777 0.754967 2.430370
-1.241523 0.778152 2.425302
-1.230219 0.780206 2.428957
-1.224765 0.757041 2.432699
-1.214700 0.759721 2.428169
-1.231101 0.734064 2.438971
-1.218603 0.736888 2.439733
-1.209133 0.737014 2.433250
-1.190904 0.720843 2.393512
-1.194503 0.720223 2.377804
-1.207317 0.718183 2.370585
-1.217360 0.715740 2.361364
-1.228203 0.713018 2.353449
-1.237917 0.712427 2.434554
-1.227260 0.717893 2.450010
-1.213387 0.721783 2.452948
-1.201326 0.722137 2.443285
-1.214941 0.682076 2.534098
-1.198271 0.686434 2.530993
-1.206910 0.693166 2.514266
-1.218567 0.682110 2.515075
-1.182309 0.686715 2.524395
-1.190974 0.694693 2.507469
-1.168474 0.686814 2.514037
-1.177056 0.692347 2.497404
-1.155725 0.687339 2.501992
-1.163979 0.690170 2.486587
-1.144256 0.686172 2.491532
-1.151880 0.685630 2.476322
-1.137258 0.677638 2.487329
-1.143619 0.676880 2.471342
-1.218041 0.665828 2.532227
-1.220834 0.666826 2.512373
-1.206790 0.655998 2.528047
-1.209834 0.655507 2.508958
-1.191075 0.657808 2.523401
-1.195534 0.656453 2.503868
-1.145177 0.665312 2.473600
-1.140526 0.666954 2.490523
-1.175557 0.661051 2.515548
-1.180851 0.660002 2.496217
-1.161428 0.662184 2.506461
-1.166879 0.660520 2.487629
-1.149875 0.663625 2.497659
-1.154834 0.661359 2.479629
-1.215455 0.698059 2.493634
-1.199669 0.704406 2.488655
-1.185768 0.700992 2.477993
-1.173077 0.695225 2.466827
-1.161776 0.686581 2.456779
-1.152277 0.677459 2.451627
-1.179851 0.703824 2.440452
-1.171269 0.686106 2.433365
-1.163223 0.675209 2.431463
-1.173161 0.673086 2.410088
-1.178493 0.685445 2.409638
-1.193113 0.680681 2.371942
-1.186214 0.683643 2.388422
-1.180341 0.671244 2.388492
-1.186917 0.667025 2.370947
-1.184349 0.702765 2.413266
-1.190836 0.701379 2.391454
-1.197784 0.700355 2.375887
-1.204628 0.662362 2.351667
-1.208363 0.677451 2.350710
-1.199862 0.678502 2.360636
-1.194066 0.664372 2.359549
-1.220617 0.657980 2.349605
-1.224669 0.673483 2.346596
-1.236541 0.669909 2.357971
-1.233828 0.655207 2.359823
-1.213592 0.697009 2.355814
-1.205565 0.698144 2.365501
-1.226225 0.694246 2.350308
-1.236702 0.691170 2.359800
-1.237674 0.669938 2.376726
-1.237374 0.690590 2.376578
-1.238255 0.655326 2.377629
-1.221468 0.681887 2.491713
-1.220946 0.669410 2.487863
-1.192894 0.712085 2.459069
-1.207414 0.713494 2.469381
-1.224052 0.703757 2.466951
-1.228235 0.682284 2.466908
-1.222894 0.668865 2.462372
-1.233348 0.678075 2.441907
-1.226502 0.666430 2.439708
-1.212510 0.660385 2.484603
-1.214545 0.663400 2.459132
-1.218634 0.660910 2.436797
-1.236704 0.674744 2.421386
-1.231646 0.662606 2.420187
-1.236484 0.673472 2.403880
-1.234708 0.659874 2.404397
-1.237206 0.657542 2.391503
-1.236644 0.671938 2.390594
-1.238573 0.691293 2.401364
-1.237713 0.691247 2.389217
-1.238649 0.692332 2.418795
-1.235442 0.696170 2.440928
-1.152838 0.665654 2.453298
-1.162059 0.665548 2.432730
-1.172812 0.664390 2.412158
-1.180793 0.660269 2.391384
-1.188636 0.655893 2.375039
-1.195913 0.653326 2.365442
-1.204887 0.651567 2.358477
-1.217613 0.649621 2.357543
-1.227695 0.647864 2.364500
-1.230928 0.646874 2.378767
-1.230232 0.647590 2.391250
-1.224271 0.655092 2.417959
-1.228212 0.650292 2.403190
-1.247403 0.708092 2.415172
-1.245249 0.708086 2.398547
-1.241692 0.708748 2.387035
-1.237856 0.710765 2.361017
-1.239406 0.709254 2.376093
-1.200131 0.658439 2.480017
-1.185738 0.660293 2.472872
-1.172247 0.660442 2.465055
-1.160983 0.661342 2.458411
-1.168572 0.661048 2.436539
-1.178569 0.659663 2.441615
-1.191386 0.658767 2.448248
-1.204385 0.660379 2.454861
-1.177974 0.659285 2.415974
-1.186397 0.657168 2.420582
-1.198521 0.655640 2.426035
-1.209307 0.656985 2.432552
-1.215532 0.651017 2.413621
-1.206394 0.650623 2.407195
-1.194957 0.652847 2.401817
-1.187504 0.655184 2.396456
-1.195268 0.651856 2.381413
-1.202520 0.650100 2.387398
-1.212579 0.648077 2.392712
-1.220016 0.647726 2.398861
-1.201083 0.650031 2.373164
-1.215383 0.647326 2.365170
-1.207417 0.648668 2.367228
-1.222141 0.645882 2.369017
-1.223524 0.645635 2.378818
-1.222385 0.646234 2.388613
-1.217391 0.646638 2.377641
-1.215379 0.647137 2.384414
-1.207147 0.648892 2.379420
-1.210857 0.648088 2.373593
-1.218215 0.646547 2.372085
-1.214718 0.647374 2.370096
-1.193922 0.719451 2.421580
-1.710844 1.885222 2.195585
-1.670761 1.831790 2.171757
-1.303861 1.038169 2.471032
-1.289725 1.039339 2.474467
-1.275394 1.046280 2.473961
-1.385623 1.428978 2.366281
-1.489887 1.593031 2.334764
-1.496718 1.631748 2.332349
-1.493469 1.611662 2.332927
-1.375514 1.409107 2.377128
-1.469314 1.670331 2.293448
-1.506854 1.328297 2.187252
-1.656265 1.800760 2.163539
-1.551570 1.809398 2.343280
-1.527066 1.406616 2.164278
-1.715784 2.035124 2.198028
-1.716238 2.032620 2.200255
-1.715140 2.028870 2.200606
-1.717090 2.024576 2.199842
-1.716457 2.022412 2.198375
-1.715990 2.020089 2.195410
-1.717270 2.028929 2.196815
-1.718020 2.027742 2.197430
-1.717685 2.029993 2.198331
-1.717112 2.030459 2.197600
-1.644068 1.786736 2.329242
-1.637046 1.774614 2.337517
-1.632356 1.767080 2.351056
-1.624913 1.752644 2.358136
-1.674503 2.034141 2.326384
-1.539036 1.531275 2.369446
-1.541614 1.541010 2.361681
-1.565415 1.563474 2.186506
-1.533380 1.503681 2.382437
-1.544728 1.554011 2.361295
-1.606704 1.698834 2.151489
-1.616670 1.736095 2.363325
-1.529928 1.487646 2.385831
-1.633093 1.752277 2.145270
-1.549596 1.572909 2.360895
-1.512829 1.410986 2.380965
-1.567679 1.627666 2.353976
-1.788831 2.087969 2.316107
-1.792596 2.072572 2.320262
-1.777987 2.074829 2.324444
-1.771624 2.087068 2.320390
-1.766279 2.074900 2.328029
-1.759678 2.083346 2.323986
-1.792877 2.057657 2.321755
-1.780780 2.062481 2.325704
-1.764024 2.032935 2.335860
-1.768960 2.039649 2.331923
-1.774071 2.031001 2.331448
-1.766713 2.022502 2.335167
-1.746698 2.013978 2.340999
-1.745597 2.000470 2.337887
-1.733123 2.002748 2.341549
-1.734400 2.015543 2.343000
-1.716137 2.048559 2.329292
-1.722803 2.050864 2.329304
-1.722707 2.044755 2.334929
-1.715420 2.041958 2.334334
-1.715593 2.061524 2.322967
-1.712997 2.068956 2.322081
-1.718846 2.069427 2.318431
-1.721120 2.062276 2.320403
-1.709016 2.046953 2.328012
-1.708822 2.039983 2.332770
-1.711323 2.053878 2.326557
-1.716853 2.054776 2.325619
-1.701736 2.058182 2.331887
-1.698413 2.062565 2.332588
-1.702718 2.066121 2.331084
-1.705826 2.059820 2.329753
-1.706349 2.050738 2.328582
-1.702199 2.050892 2.328710
-1.703137 2.053980 2.330431
-1.707165 2.054409 2.329169
-1.710238 2.060785 2.325625
-1.707663 2.067879 2.326224
-1.703601 2.074076 2.326192
-1.697579 2.071818 2.331361
-1.715043 2.026524 2.341298
-1.708892 2.026814 2.339911
-1.708799 2.033641 2.337166
-1.715320 2.034691 2.338649
-1.701793 2.046283 2.328394
-1.693352 2.033893 2.335305
-1.689430 2.038568 2.333131
-1.691866 2.041585 2.331889
-1.696190 2.036575 2.334228
-1.712145 2.010484 2.343058
-1.708034 2.002774 2.343035
-1.702135 2.009334 2.341738
-1.705539 2.014152 2.341773
-1.697031 2.004539 2.341256
-1.702927 1.996425 2.341964
-1.687452 1.988377 2.339464
-1.684021 2.001009 2.340900
-1.691236 2.001729 2.341188
-1.695724 1.991408 2.340676
-1.677249 2.013036 2.336655
-1.675644 2.001890 2.340231
-1.668151 2.003579 2.338091
-1.671940 2.015105 2.334126
-1.690880 2.026665 2.331612
-1.691645 2.030677 2.334963
-1.694592 2.027169 2.335618
-1.694351 2.024793 2.333929
-1.696971 2.022287 2.335075
-1.697258 2.023092 2.335648
-1.698439 2.023089 2.336494
-1.697577 2.021543 2.336223
-1.696035 2.023530 2.334658
-1.696442 2.022686 2.334119
-1.693952 2.024206 2.334113
-1.690109 2.026457 2.334130
-1.677718 2.032869 2.329697
-1.680943 2.034702 2.326349
-1.683445 2.032832 2.327940
-1.680870 2.031520 2.331872
-1.697729 2.025925 2.336622
-1.696264 2.029312 2.336236
-1.698777 2.031408 2.335953
-1.700376 2.026453 2.337430
-1.703981 2.027302 2.338537
-1.703687 2.022244 2.339666
-1.700583 2.022941 2.337839
-1.696033 2.020951 2.336322
-1.699149 2.019697 2.337896
-1.697174 2.018148 2.337933
-1.694046 2.017291 2.337693
-1.693214 2.021508 2.336174
-1.689184 2.022869 2.335815
-1.689311 2.017679 2.337063
-1.683968 2.019146 2.336166
-1.684184 2.024795 2.335032
-1.703677 2.033349 2.336123
-1.701538 2.017070 2.339947
-1.707971 2.020662 2.341186
-1.698843 2.014112 2.339868
-1.694812 2.011840 2.339429
-1.683720 2.011364 2.338131
-1.689739 2.010792 2.339037
-1.677866 1.989499 2.338507
-1.669031 1.991618 2.336440
-1.759193 2.072001 2.327409
-1.754462 2.076843 2.323292
-1.756545 2.064447 2.327512
-1.754350 2.067998 2.326047
-1.755504 2.069301 2.325357
-1.758715 2.065101 2.327943
-1.765291 2.046088 2.330555
-1.762061 2.041396 2.333378
-1.760130 2.048251 2.330119
-1.762058 2.051354 2.329082
-1.747730 2.050362 2.332125
-1.750518 2.056558 2.329639
-1.754080 2.054696 2.329491
-1.752481 2.048052 2.332721
-1.747189 2.058794 2.328004
-1.743669 2.053359 2.330139
-1.740811 2.056436 2.326959
-1.744487 2.061109 2.325653
-1.752563 2.071985 2.322221
-1.751030 2.070610 2.322457
-1.747586 2.071478 2.318330
-1.748193 2.073557 2.317343
-1.738124 2.068204 2.311024
-1.735657 2.068706 2.309851
-1.738222 2.071313 2.309206
-1.740175 2.069117 2.311107
-1.738443 2.066926 2.313123
-1.735200 2.066117 2.312524
-1.801449 2.102680 2.300713
-1.807458 2.085869 2.308529
-1.780850 2.101981 2.309892
-1.808374 2.068316 2.314249
-1.805423 2.051716 2.317370
-1.730929 1.990808 2.339607
-1.718322 1.996264 2.342236
-1.721086 2.006799 2.343149
-1.725691 1.980546 2.337221
-1.712184 1.986993 2.340312
-1.696669 1.973473 2.330846
-1.704835 1.978498 2.336262
-1.740789 1.975782 2.329183
-1.737291 1.966382 2.320958
-1.719992 1.969204 2.329113
-1.753768 1.967413 2.313167
-1.755529 1.960169 2.304287
-1.736210 1.953857 2.307765
-1.717634 1.919691 2.299425
-1.730726 1.916613 2.297370
-1.729880 1.899716 2.292716
-1.718031 1.902255 2.296307
-1.744264 1.986908 2.334015
-1.785947 2.031975 2.324756
-1.779178 2.020971 2.328177
-1.778700 2.040679 2.327738
-1.839069 2.051472 2.296314
-1.831559 2.037554 2.303302
-1.818584 2.045155 2.311356
-1.824500 2.061333 2.305723
-1.844080 2.086968 2.270814
-1.843935 2.070254 2.284308
-1.826731 2.080466 2.297861
-1.824198 2.097836 2.287158
-1.840599 2.027029 2.295265
-1.850861 2.038107 2.285486
-1.858095 2.021036 2.274394
-1.846670 2.014151 2.285908
-1.859634 2.052790 2.269774
-1.868650 2.031163 2.256180
-1.763589 1.955064 2.298638
-1.750960 1.943741 2.299212
-1.745134 1.929132 2.296673
-1.732519 1.934795 2.301397
-1.873594 2.040168 2.234472
-1.862567 2.067625 2.252294
-1.838951 1.971506 2.257360
-1.831904 1.974480 2.273083
-1.840271 1.987999 2.276714
-1.850477 1.985943 2.259586
-1.844339 1.968305 2.239459
-1.858467 1.985270 2.239341
-1.794310 1.945983 2.261082
-1.794812 1.941349 2.248062
-1.778444 1.939083 2.248778
-1.778727 1.942270 2.261254
-1.770694 2.065390 2.329595
-1.772424 2.056296 2.329645
-1.765227 2.059248 2.329700
-1.762993 2.065729 2.329605
-1.790299 2.044443 2.322724
-1.780839 2.050967 2.326199
-1.811172 2.031452 2.314040
-1.822978 2.025305 2.307632
-1.836946 2.007654 2.292417
-1.831508 2.018319 2.300056
-1.824227 1.977242 2.282834
-1.829533 1.985996 2.285499
-1.774638 1.953209 2.287804
-1.777230 1.947246 2.273584
-1.764194 1.936995 2.274832
-1.760354 1.939964 2.288374
-1.766288 1.933575 2.249598
-1.765401 1.934716 2.261903
-1.749122 1.910992 2.280294
-1.752351 1.910578 2.268310
-1.750308 1.897067 2.262280
-1.745740 1.896802 2.273827
-1.751585 1.896702 2.247710
-1.753892 1.910187 2.254625
-1.752357 1.910213 2.241769
-1.748226 1.898430 2.233872
-1.696323 1.907735 2.297390
-1.706281 1.905416 2.297052
-1.706396 1.890903 2.294541
-1.696056 1.894445 2.294005
-1.745103 1.883239 2.264548
-1.750633 1.884760 2.252384
-1.792391 1.952178 2.273481
-1.791129 1.958716 2.285048
-1.751318 1.885478 2.238515
-1.756654 1.923822 2.272488
-1.757458 1.923145 2.260134
-1.764080 1.932782 2.237677
-1.775738 1.937464 2.236964
-1.722563 2.056333 2.324192
-1.737260 2.062169 2.319712
-1.736009 2.064205 2.315984
-1.739158 2.065854 2.315302
-1.740497 2.064787 2.318901
-1.752430 2.102364 2.307626
-1.762586 2.096856 2.315036
-1.750751 2.089514 2.318345
-1.739789 2.091369 2.310768
-1.735806 2.031029 2.342601
-1.723669 2.027769 2.342617
-1.722899 2.037188 2.339702
-1.731797 2.041461 2.338562
-1.759599 2.054967 2.328381
-1.759067 2.057733 2.328256
-1.761605 2.055755 2.328602
-1.714179 2.018761 2.342446
-1.722991 2.017214 2.343450
-1.769439 2.010480 2.330612
-1.772081 2.047412 2.329414
-1.837384 2.101320 2.254735
-1.816063 2.113322 2.275095
-1.857748 2.080772 2.233570
-1.871743 2.050767 2.213142
-1.861637 1.985882 2.217134
-1.863685 1.986633 2.194160
-1.843394 1.965370 2.197119
-1.845955 1.965594 2.218867
-1.792090 1.937922 2.235444
-1.749319 1.913361 2.230111
-1.743259 1.901751 2.224096
-1.792503 2.115095 2.291158
-1.770401 2.110952 2.302037
-1.800795 2.037131 2.318590
-1.756981 2.028872 2.338891
-1.748017 2.027660 2.341477
-1.750490 2.038891 2.338492
-1.756815 2.038645 2.336557
-1.757396 2.016340 2.337972
-1.757913 2.002473 2.332855
-1.759710 1.987337 2.326024
-1.755364 1.975422 2.320568
-1.857681 2.003414 2.264677
-1.847468 2.001101 2.278458
-1.872149 2.011369 2.222658
-1.868194 2.008024 2.245784
-1.838964 1.997628 2.285649
-1.870981 2.016994 2.199428
-1.694733 2.044840 2.330046
-1.696591 2.048587 2.327736
-1.700858 2.039943 2.332462
-1.679193 2.026729 2.333308
-1.678722 2.020777 2.334115
-1.674390 2.022482 2.331302
-1.675435 2.028287 2.330776
-1.675032 1.977268 2.326069
-1.685065 1.974453 2.328650
-1.696101 1.922771 2.301483
-1.705425 1.920634 2.300931
-1.700763 2.058164 2.328977
-1.701967 2.055468 2.327520
-1.700119 2.056727 2.324498
-1.700311 2.060344 2.328763
-1.696291 2.024917 2.335848
-1.685771 2.041667 2.330807
-1.684296 2.037271 2.330875
-1.682049 2.038444 2.328749
-1.683322 2.042811 2.329000
-1.711576 1.957572 2.317158
-1.717578 1.936138 2.303498
-1.738562 1.897679 2.284724
-1.741470 1.913147 2.291319
-1.753560 1.925514 2.286031
-1.757361 1.922628 2.248676
-1.755690 1.923573 2.236068
-1.749865 1.925661 2.226763
-1.757589 1.933656 2.228843
-1.694950 1.958213 2.316814
-1.705247 1.934489 2.305433
-1.691100 1.943184 2.307519
-1.683640 1.962856 2.315498
-1.694214 2.058518 2.326830
-1.695113 2.056185 2.326281
-1.692205 2.055391 2.325423
-1.691520 2.058902 2.326468
-1.700371 2.053326 2.328074
-1.698035 2.051567 2.326930
-1.698840 2.053588 2.327157
-1.701181 2.054721 2.328899
-1.700369 2.057923 2.329994
-1.695794 2.062925 2.329483
-1.692816 2.065744 2.332252
-1.698270 2.061292 2.330369
-1.697592 2.058528 2.325596
-1.698222 2.056610 2.325766
-1.700606 2.055186 2.325417
-1.701128 2.054666 2.326731
-1.697776 2.062628 2.329058
-1.699209 2.060784 2.329329
-1.709826 2.075658 2.321302
-1.689403 1.924244 2.299721
-1.683250 1.946429 2.306055
-1.696888 2.022823 2.334852
-1.748140 2.080464 2.317439
-1.743589 2.042221 2.338054
-1.728879 2.053450 2.327662
-1.733999 2.056148 2.325488
-1.735869 2.052224 2.330186
-1.729963 2.048046 2.333143
-1.740273 2.080667 2.311776
-1.734341 2.077034 2.309061
-1.730203 2.083438 2.309007
-1.730497 2.071798 2.309770
-1.730170 2.066882 2.312643
-1.724604 2.068625 2.314782
-1.723665 2.077122 2.311849
-1.760367 2.060653 2.328589
-1.758036 2.061118 2.328091
-1.726346 2.062580 2.318197
-1.731164 2.062865 2.316445
-1.732624 2.059530 2.320882
-1.727715 2.057798 2.322560
-1.738878 2.047351 2.334729
-1.766388 2.052204 2.329366
-1.756773 2.047268 2.331722
-1.781847 1.962979 2.295326
-1.793374 1.965830 2.294138
-1.770149 1.969182 2.311468
-1.771888 1.969697 2.305114
-1.766353 1.966653 2.303542
-1.763894 1.969161 2.307709
-1.817164 1.991547 2.297447
-1.815776 1.994899 2.299760
-1.820339 1.998509 2.299697
-1.822645 1.992421 2.295012
-1.814859 2.001034 2.303984
-1.812769 2.001338 2.305807
-1.809073 2.001364 2.308043
-1.815074 2.003906 2.304982
-1.808526 2.007079 2.308669
-1.814266 2.015946 2.309546
-1.823597 2.010672 2.303255
-1.793880 2.020584 2.318863
-1.805019 2.019295 2.313280
-1.800388 2.007851 2.310946
-1.792169 2.004990 2.314765
-1.768713 1.980857 2.317842
-1.764923 1.973758 2.313509
-1.772792 1.964229 2.299187
-1.829004 1.955715 2.241746
-1.825491 1.959925 2.258353
-1.820820 1.964276 2.271912
-1.815239 1.969231 2.282759
-1.830103 1.952781 2.222858
-1.824590 1.953120 2.203682
-1.782489 2.009126 2.323185
-1.783564 1.997650 2.317927
-1.810592 1.950691 2.259506
-1.812350 1.947262 2.244119
-1.807085 1.956169 2.273228
-1.804405 1.962670 2.284295
-1.812325 1.945041 2.227043
-1.805119 1.944630 2.212503
-1.785350 1.938195 2.223151
-1.776167 1.974077 2.315074
-1.772900 1.969534 2.315278
-1.770669 1.970769 2.313340
-1.772643 1.975910 2.313972
-1.775742 1.989017 2.319152
-1.772028 1.998106 2.324395
-1.716393 2.076720 2.317163
-1.662549 2.005574 2.334776
-1.668310 2.016914 2.331297
-1.690658 2.047812 2.327868
-1.688263 2.044653 2.329361
-1.685722 2.045316 2.327626
-1.688170 2.048620 2.326307
-1.742877 2.073741 2.311847
-1.769677 1.938931 2.226431
-1.743031 1.916549 2.222915
-1.736857 1.905350 2.217749
-1.746729 1.887738 2.226421
-1.739648 1.890910 2.217959
-1.690156 2.052094 2.325541
-1.692675 2.051044 2.326786
-1.696802 2.060328 2.325848
-1.687778 2.034687 2.333276
-1.696687 2.054777 2.326592
-1.694511 2.053354 2.326478
-1.690292 2.055969 2.324375
-1.688944 2.052239 2.324472
-1.738951 2.059606 2.323292
-1.742402 2.063169 2.322359
-1.694353 2.061302 2.327591
-1.691375 2.061966 2.328951
-1.717896 1.887668 2.292938
-1.728748 1.884716 2.286851
-1.680573 2.039031 2.327232
-1.682022 2.043418 2.327625
-1.791746 1.995297 2.312785
-1.798358 1.999433 2.310345
-1.798256 1.991634 2.309807
-1.792370 1.988366 2.312144
-1.689124 1.910545 2.296458
-1.737543 1.883185 2.276211
-1.732167 1.895040 2.212495
-1.756908 2.053654 2.328920
-1.758749 2.053641 2.328694
-1.743649 2.070732 2.313663
-1.685459 2.029213 2.333376
-1.687030 2.029973 2.329899
-1.676928 1.965751 2.312760
-1.689616 2.059402 2.325861
-1.806139 1.993354 2.304607
-1.802092 1.990897 2.303484
-1.802935 1.991096 2.307800
-1.805483 1.994098 2.307595
-1.806615 1.997615 2.310002
-1.810341 1.999407 2.310106
-1.809429 1.995962 2.310210
-1.806300 1.993954 2.309258
-1.804555 2.000808 2.308822
-1.802770 1.995563 2.309654
-1.814082 1.999118 2.309851
-1.812712 1.996750 2.310281
-1.814407 1.997849 2.302462
-1.813948 2.001203 2.305285
-1.818084 1.998118 2.302960
-1.818980 1.996161 2.309180
-1.822381 1.992573 2.301192
-1.822859 1.990865 2.307933
-1.822334 1.985093 2.299744
-1.824591 1.983917 2.305960
-1.777514 1.982556 2.315496
-1.781268 1.978833 2.313397
-1.819198 1.978683 2.299999
-1.822585 1.977432 2.305660
-1.814185 1.972277 2.301201
-1.817781 1.970987 2.306363
-1.808101 1.966843 2.303543
-1.810986 1.966091 2.307947
-1.800768 1.963472 2.305870
-1.803605 1.963358 2.309894
-1.791660 1.961613 2.309270
-1.795572 1.962601 2.312150
-1.820006 1.984450 2.302807
-1.819565 1.990097 2.304184
-1.814481 1.987659 2.296180
-1.817106 1.994668 2.307932
-1.802918 1.981830 2.301625
-1.800368 1.981787 2.302402
-1.800004 1.983660 2.302483
-1.801771 1.984454 2.301612
-1.791998 1.984118 2.310694
-1.787899 1.981150 2.312454
-1.786419 1.983181 2.314363
-1.783788 1.977539 2.311851
-1.786572 1.981401 2.309783
-1.784201 1.980225 2.310506
-1.788869 1.984535 2.307286
-1.785366 1.977017 2.310827
-1.785290 1.976826 2.313025
-1.784811 1.977592 2.307313
-1.784035 1.978347 2.307368
-1.784724 1.979793 2.305100
-1.788233 1.981882 2.303079
-1.784639 1.989172 2.315287
-1.785606 1.968069 2.300775
-1.794782 1.970484 2.299566
-1.787912 1.962577 2.314101
-1.782662 1.960556 2.312211
-1.774068 1.966325 2.315197
-1.776660 1.962600 2.313935
-1.810722 1.983105 2.297105
-1.806947 1.978185 2.298318
-1.777352 1.968644 2.304868
-1.801582 1.974035 2.298117
-1.796822 1.966458 2.311353
-1.791025 1.967627 2.312312
-1.802874 1.966841 2.309234
-1.783227 1.974703 2.314364
-1.786551 1.970536 2.314100
-1.782409 1.965767 2.315233
-1.778696 1.970095 2.315385
-1.792305 1.971322 2.312438
-1.797323 1.970351 2.312433
-1.791694 1.973327 2.308781
-1.796568 1.971423 2.308474
-1.787952 1.975705 2.310031
-1.788427 1.974290 2.313173
-1.790389 1.974564 2.306287
-1.796213 1.976465 2.304034
-1.785893 1.977151 2.306993
-1.801334 1.972676 2.308291
-1.800769 1.977297 2.302804
-1.805261 1.978376 2.307091
-1.805127 1.975502 2.308868
-1.802292 1.970439 2.311297
-1.806756 1.972232 2.309350
-1.808489 1.969331 2.307165
-1.810995 1.975662 2.307209
-1.813591 1.973819 2.304864
-1.808841 1.977952 2.308722
-1.807225 1.980369 2.307602
-1.817884 1.978955 2.303222
-1.814065 1.980170 2.305420
-1.816460 1.984533 2.304898
-1.811526 1.981189 2.307145
-1.812678 1.984966 2.306403
-1.809299 1.982304 2.307533
-1.808953 1.985002 2.306673
-1.810975 1.996098 2.308188
-1.808056 1.995809 2.308285
-1.814023 1.993361 2.305503
-1.810450 1.991985 2.305300
-1.810249 1.994318 2.304778
-1.807318 1.994543 2.304559
-1.806760 1.991366 2.305259
-1.805032 1.988717 2.305675
-1.697598 1.867687 2.291019
-1.690869 1.870444 2.288882
-1.690520 1.882228 2.289874
-1.697121 1.880165 2.291779
-1.811699 1.988770 2.306183
-1.807635 1.988384 2.306189
-1.816343 1.989236 2.305322
-1.805303 1.983607 2.305318
-1.805936 1.985930 2.306050
-1.806457 1.983682 2.306626
-1.806118 1.982278 2.306305
-1.795296 1.987270 2.308061
-1.793032 1.985416 2.305381
-1.793970 1.980878 2.305472
-1.721141 1.839893 2.277368
-1.718925 1.850179 2.276648
-1.733651 1.847047 2.266363
-1.736794 1.837676 2.266060
-1.724876 1.823136 2.292720
-1.746073 1.821964 2.278095
-1.734297 1.807812 2.298653
-1.719135 1.807712 2.304418
-1.725619 1.792912 2.314814
-1.712696 1.792504 2.317188
-1.701753 1.748539 2.347606
-1.688498 1.753225 2.349567
-1.696993 1.766240 2.340408
-1.709991 1.762334 2.338323
-1.687291 1.672403 2.368064
-1.676370 1.658072 2.363326
-1.666896 1.665797 2.369378
-1.678847 1.677765 2.372960
-1.752887 1.758338 2.320888
-1.759972 1.777185 2.316374
-1.761340 1.765721 2.317363
-1.753710 1.745985 2.318165
-1.778860 1.834415 2.236781
-1.763816 1.831050 2.256652
-1.755742 1.832415 2.255177
-1.770428 1.837252 2.239175
-1.726185 1.672344 2.330400
-1.718412 1.663029 2.335417
-1.717391 1.672196 2.343708
-1.723902 1.681825 2.339246
-1.672543 1.613123 2.319101
-1.666939 1.596671 2.319349
-1.652585 1.599624 2.330848
-1.658618 1.615870 2.329400
-1.711936 1.620490 2.270919
-1.715599 1.618914 2.250302
-1.709773 1.608586 2.247978
-1.706640 1.609008 2.268903
-1.722317 1.739787 2.340896
-1.713130 1.744064 2.344641
-1.721235 1.758647 2.335400
-1.730124 1.755597 2.332401
-1.771026 1.734840 2.439934
-1.759383 1.724101 2.439637
-1.760800 1.732694 2.417856
-1.772071 1.743379 2.417882
-1.677608 1.530645 2.283732
-1.680049 1.532038 2.263751
-1.677747 1.516932 2.266728
-1.675216 1.516121 2.287055
-1.800718 1.801947 2.320732
-1.802611 1.809718 2.310060
-1.821850 1.813038 2.298013
-1.820831 1.806231 2.311397
-1.741892 1.717722 2.322599
-1.738662 1.727089 2.328677
-1.745517 1.742547 2.324452
-1.747956 1.730472 2.319520
-1.732613 1.637449 2.252891
-1.730432 1.638228 2.270504
-1.739529 1.649477 2.268446
-1.741457 1.648996 2.252602
-1.721980 1.627989 2.271081
-1.724509 1.626877 2.251800
-1.734694 1.732077 2.333044
-1.729367 1.735931 2.336920
-1.736978 1.753133 2.329612
-1.742284 1.750134 2.327834
-1.665521 1.647948 2.354486
-1.654132 1.657092 2.361859
-1.667504 1.515883 2.306754
-1.655478 1.515971 2.323779
-1.658578 1.530551 2.320276
-1.670499 1.530256 2.303380
-1.649859 1.633694 2.336060
-1.656243 1.641894 2.342348
-1.668697 1.637146 2.336053
-1.662774 1.629650 2.328789
-1.640225 1.517149 2.337316
-1.623390 1.518897 2.347931
-1.626188 1.534285 2.342450
-1.642900 1.531797 2.333051
-1.717874 1.777577 2.327764
-1.705313 1.779165 2.329622
-1.702767 1.666768 2.355743
-1.694586 1.652740 2.350492
-1.685909 1.654167 2.356716
-1.695639 1.668872 2.362154
-1.754215 1.712105 2.300034
-1.753574 1.729657 2.311675
-1.760976 1.748302 2.314368
-1.758656 1.722699 2.301364
-1.678414 1.503603 2.269416
-1.676166 1.502932 2.290208
-1.639544 1.503063 2.341700
-1.622398 1.504260 2.352743
-1.772123 1.699133 2.279511
-1.773079 1.693370 2.267959
-1.768848 1.697433 2.273997
-1.767876 1.704314 2.283307
-1.646911 1.693407 2.374491
-1.662525 1.695994 2.376059
-1.661246 1.678941 2.374572
-1.646385 1.672511 2.369368
-1.687191 1.641476 2.341347
-1.680953 1.634478 2.329904
-1.676760 1.643356 2.347552
-1.630822 1.690459 2.368325
-1.629125 1.665400 2.357796
-1.690547 1.780750 2.331073
-1.682681 1.769608 2.341314
-1.697673 1.793999 2.320704
-1.681785 1.795977 2.322872
-1.687571 1.810253 2.313519
-1.703099 1.808346 2.310073
-1.692449 1.824997 2.306078
-1.707662 1.823354 2.300960
-1.706233 1.844024 2.286160
-1.705729 1.854201 2.284104
-1.748766 1.716487 2.312059
-1.743973 1.705436 2.314409
-1.655685 1.501922 2.327693
-1.779228 1.754595 2.178963
-1.770690 1.743832 2.175619
-1.784841 1.740175 2.190658
-1.792390 1.752285 2.191982
-1.786669 1.832583 2.238250
-1.772627 1.829854 2.259071
-1.787143 1.695248 2.248691
-1.781824 1.696214 2.233041
-1.776772 1.692741 2.230783
-1.782180 1.691949 2.247414
-1.779780 1.695436 2.278172
-1.783075 1.693196 2.301644
-1.787604 1.693105 2.303044
-1.784008 1.696319 2.280810
-1.675545 1.519349 2.246754
-1.676891 1.535364 2.243895
-1.707286 1.638061 2.196303
-1.712172 1.628186 2.213329
-1.723230 1.637970 2.216403
-1.719830 1.648014 2.200265
-1.675234 1.792531 2.162403
-1.668773 1.780025 2.160083
-1.689505 1.773447 2.158490
-1.696212 1.784376 2.160375
-1.747866 1.776822 2.161381
-1.754285 1.787355 2.164759
-1.730503 1.794424 2.160949
-1.724985 1.785369 2.159664
-1.761389 1.759685 2.167012
-1.752756 1.749883 2.164242
-1.742586 1.651906 2.237833
-1.733307 1.641217 2.235884
-1.757738 1.666819 2.238598
-1.756224 1.665696 2.251386
-1.761889 1.671793 2.252540
-1.763614 1.672672 2.241204
-1.767497 1.843783 2.237597
-1.773286 1.846802 2.220005
-1.779968 1.838303 2.222134
-1.741407 1.842448 2.183479
-1.739574 1.835711 2.179246
-1.753914 1.833242 2.184367
-1.751541 1.841995 2.187822
-1.662345 1.721067 2.150182
-1.642226 1.729126 2.147643
-1.633630 1.710856 2.150040
-1.654031 1.702437 2.152783
-1.769187 1.681211 2.236528
-1.773144 1.684724 2.246264
-1.775524 1.687452 2.243850
-1.770516 1.685023 2.231856
-1.765073 1.682004 2.223564
-1.759048 1.676876 2.218487
-1.758825 1.670777 2.227714
-1.764374 1.676867 2.230538
-1.731768 1.658076 2.205881
-1.733454 1.648561 2.220243
-1.742996 1.658518 2.224258
-1.742717 1.666306 2.211818
-1.607430 1.650449 2.161809
-1.623558 1.642458 2.161390
-1.631721 1.663174 2.157707
-1.614541 1.670363 2.156060
-1.766097 1.723568 2.310869
-1.764283 1.734392 2.317137
-1.760865 1.732267 2.331519
-1.764076 1.719851 2.327951
-1.806379 1.694969 2.312550
-1.810670 1.693897 2.325709
-1.814476 1.697996 2.325321
-1.810992 1.698960 2.311735
-1.763827 1.702516 2.347715
-1.760825 1.714264 2.347008
-1.758003 1.707139 2.369392
-1.761426 1.695166 2.368235
-1.803718 1.821327 2.218220
-1.794271 1.829412 2.239954
-1.796568 1.827032 2.217276
-1.772818 1.693012 2.323238
-1.771327 1.685954 2.344470
-1.777565 1.681454 2.342924
-1.777491 1.688810 2.322140
-1.787612 1.739392 2.438618
-1.788460 1.747784 2.416668
-1.765698 1.677396 2.391625
-1.773139 1.669720 2.390368
-1.770638 1.678000 2.369945
-1.764665 1.684894 2.369231
-1.694168 1.629316 2.194074
-1.701482 1.619078 2.210214
-1.658177 1.525432 2.211602
-1.668508 1.522045 2.227864
-1.669015 1.539816 2.224475
-1.659161 1.544950 2.208458
-1.674620 1.504456 2.248842
-1.655455 1.507774 2.215065
-1.666728 1.505685 2.230693
-1.761561 1.863405 2.230121
-1.757076 1.867819 2.217007
-1.760978 1.858745 2.209791
-1.766862 1.855780 2.222580
-1.683936 1.393369 2.260722
-1.677216 1.366543 2.262316
-1.681186 1.371275 2.287521
-1.685998 1.396942 2.287422
-1.734258 1.863636 2.192831
-1.749314 1.861389 2.200675
-1.747011 1.870783 2.207733
-1.732510 1.873768 2.201310
-1.688923 1.420669 2.285200
-1.688213 1.419252 2.259748
-1.752248 1.861421 2.247590
-1.761462 1.851769 2.240360
-1.747229 1.848552 2.256196
-1.741389 1.858841 2.260989
-1.729675 1.859672 2.271866
-1.680408 1.373206 2.313522
-1.681983 1.397316 2.311382
-1.753128 1.876119 2.229013
-1.746300 1.879429 2.218535
-1.736068 1.882264 2.210253
-1.726324 1.885720 2.205225
-1.677490 1.488293 2.250510
-1.680649 1.488451 2.272418
-1.608666 1.260786 2.222431
-1.581590 1.261772 2.213561
-1.576538 1.250020 2.229304
-1.607632 1.248504 2.238168
-1.520360 1.288411 2.207808
-1.514379 1.279959 2.228325
-1.544988 1.261444 2.226431
-1.551302 1.271257 2.209392
-1.557762 1.398422 2.165523
-1.585343 1.391374 2.167482
-1.589978 1.413642 2.171761
-1.563506 1.420455 2.168907
-1.657034 1.489542 2.215434
-1.669093 1.488165 2.231512
-1.677559 1.489263 2.294197
-1.662640 1.257805 2.359713
-1.667300 1.248955 2.324791
-1.656868 1.218417 2.333577
-1.653825 1.225847 2.367618
-1.624497 1.210707 2.278088
-1.633036 1.234141 2.266624
-1.602794 1.232430 2.251099
-1.596354 1.213108 2.263284
-1.604872 1.506113 2.362708
-1.621309 1.489164 2.357030
-1.603355 1.490344 2.367185
-1.555166 1.514084 2.377334
-1.572973 1.510866 2.374998
-1.568505 1.495547 2.380182
-1.550970 1.498810 2.382765
-1.536311 1.403487 2.380244
-1.523247 1.407844 2.381377
-1.530036 1.426148 2.382517
-1.544575 1.422300 2.380528
-1.671294 1.399145 2.334568
-1.654628 1.401859 2.351472
-1.654159 1.420016 2.346820
-1.670814 1.418922 2.330078
-1.510843 1.275616 2.250916
-1.538437 1.255769 2.245905
-1.639821 1.236180 2.397270
-1.646381 1.268795 2.388321
-1.616157 1.245468 2.418767
-1.586818 1.254786 2.425053
-1.593390 1.283402 2.415637
-1.622960 1.276885 2.408218
-1.507234 1.328090 2.353035
-1.522535 1.348784 2.368242
-1.527135 1.336762 2.366342
-1.510386 1.319309 2.350698
-1.532294 1.316064 2.180303
-1.526119 1.301126 2.191697
-1.555506 1.285531 2.193980
-1.560041 1.303500 2.180794
-1.641947 1.510034 2.203589
-1.642086 1.491147 2.203104
-1.627502 1.513434 2.195441
-1.645146 1.529822 2.199324
-1.630808 1.534874 2.191098
-1.673480 1.656010 2.168505
-1.684778 1.641391 2.180082
-1.699228 1.650782 2.181503
-1.689823 1.667304 2.169749
-1.711243 1.766296 2.157639
-1.718441 1.776277 2.158972
-1.562748 1.224404 2.255884
-1.530222 1.249294 2.261187
-1.532991 1.214231 2.271421
-1.562008 1.199787 2.267982
-1.616005 1.186897 2.288881
-1.635542 1.187143 2.311311
-1.646525 1.213851 2.302165
-1.646046 1.190673 2.342970
-1.644632 1.197525 2.376509
-1.608065 1.216644 2.426946
-1.578857 1.226543 2.431925
-1.512742 1.260820 2.379193
-1.531310 1.261506 2.399337
-1.525827 1.235951 2.402846
-1.508374 1.237377 2.380434
-1.571051 1.389189 2.377857
-1.605071 1.396667 2.370720
-1.604579 1.377619 2.376508
-1.575652 1.368466 2.380954
-1.562555 1.527894 2.370831
-1.576059 1.526273 2.368696
-1.588313 1.508289 2.370265
-1.590278 1.524076 2.364635
-1.606451 1.521366 2.357168
-1.596799 1.598632 2.358449
-1.613869 1.592616 2.353048
-1.605485 1.576496 2.355050
-1.589140 1.581690 2.360552
-1.605290 1.616115 2.355631
-1.622849 1.609549 2.350302
-1.620571 1.650953 2.346286
-1.642923 1.650191 2.349361
-1.635351 1.641494 2.342257
-1.674590 1.782547 2.331748
-1.667330 1.771055 2.340901
-1.671449 1.377442 2.338886
-1.507078 1.258264 2.285038
-1.496066 1.259444 2.307863
-1.496985 1.232570 2.309547
-1.509374 1.226013 2.287458
-1.683089 1.419447 2.309175
-1.668233 1.502087 2.310645
-1.668872 1.489149 2.314590
-1.703763 1.625773 2.295332
-1.698090 1.610732 2.289230
-1.675615 1.696057 2.374685
-1.671946 1.684370 2.375103
-1.657196 1.241747 2.290724
-1.598998 1.188612 2.433455
-1.589819 1.161779 2.439221
-1.561212 1.170228 2.442712
-1.570843 1.198152 2.437780
-1.497517 1.208664 2.360448
-1.505088 1.210263 2.382305
-1.503100 1.181633 2.385159
-1.497115 1.178598 2.362566
-1.496674 1.149813 2.367885
-1.499972 1.152111 2.389970
-1.495689 1.123663 2.393634
-1.494340 1.121831 2.371958
-1.631545 1.205739 2.406113
-1.623632 1.144142 2.392565
-1.612356 1.151576 2.420305
-1.621958 1.178054 2.413338
-1.633822 1.170391 2.384255
-1.591162 1.190216 2.274901
-1.497778 1.236458 2.357468
-1.500157 1.258728 2.357181
-1.503223 1.168634 2.322606
-1.515393 1.160480 2.303900
-1.512278 1.191831 2.295188
-1.499683 1.200387 2.315940
-1.603670 1.137988 2.311530
-1.618424 1.138296 2.333987
-1.627014 1.162331 2.323686
-1.610204 1.162058 2.301253
-1.635277 1.165355 2.352839
-1.624969 1.140132 2.361816
-1.604001 1.093483 2.409288
-1.590492 1.100574 2.433571
-1.602067 1.125652 2.427488
-1.613901 1.118314 2.401022
-1.608189 1.089949 2.379852
-1.616466 1.114866 2.370697
-1.611258 1.114005 2.343676
-1.603989 1.089919 2.354183
-1.591533 1.091585 2.333865
-1.597858 1.114464 2.322622
-1.579390 1.115928 2.307462
-1.575227 1.093309 2.319033
-1.557975 1.120283 2.300801
-1.536325 1.126325 2.303403
-1.536869 1.102363 2.314116
-1.556479 1.097047 2.312745
-1.505898 1.112909 2.335403
-1.519264 1.107492 2.321578
-1.517673 1.132822 2.312941
-1.505194 1.139641 2.329650
-1.504495 1.012753 2.351001
-1.520920 1.011277 2.348231
-1.520061 1.036162 2.342999
-1.503587 1.038319 2.348119
-1.536063 1.009896 2.345493
-1.551624 1.007242 2.346000
-1.551514 1.031016 2.342543
-1.536331 1.033586 2.342174
-1.576986 1.025627 2.363903
-1.566131 1.028582 2.349221
-1.565815 1.004442 2.353190
-1.575881 1.001401 2.368118
-1.586201 0.997445 2.386424
-1.589276 1.021587 2.381665
-1.583932 0.996431 2.407675
-1.590016 1.019981 2.403270
-1.576861 1.022209 2.426911
-1.570312 0.998502 2.429462
-1.483753 1.041564 2.393953
-1.480531 1.014897 2.393236
-1.481520 1.016355 2.374913
-1.482935 1.042588 2.375741
-1.501823 1.037997 2.433590
-1.516616 1.038057 2.456943
-1.511016 1.010711 2.451489
-1.498744 1.010119 2.427385
-1.600458 1.066772 2.388438
-1.594040 1.069710 2.416822
-1.585311 1.069530 2.345470
-1.597167 1.067142 2.364671
-1.505247 1.087814 2.340447
-1.519560 1.083260 2.329298
-1.491534 1.095184 2.395299
-1.491005 1.094436 2.374756
-1.548724 1.059399 2.458631
-1.557081 1.084280 2.452247
-1.578819 1.076474 2.439659
-1.569859 1.052051 2.446453
-1.594481 1.043628 2.396464
-1.592372 1.044751 2.373938
-1.580446 1.048092 2.355765
-1.568273 1.050431 2.341494
-1.553057 1.053094 2.335278
-1.536897 1.056610 2.334425
-1.520008 1.059850 2.336159
-1.504243 1.063206 2.344685
-1.487014 1.068255 2.375947
-1.487996 1.067933 2.395348
-1.535108 1.007719 2.459930
-1.541036 1.033255 2.463937
-1.562838 1.027146 2.450633
-1.558919 1.002106 2.450161
-1.530886 0.983017 2.452610
-1.509785 0.985791 2.444484
-1.536453 0.984358 2.347747
-1.550608 0.982559 2.348862
-1.564450 0.979749 2.356245
-1.583941 0.974046 2.388370
-1.577489 0.972295 2.411967
-1.565711 0.972607 2.432373
-1.553192 0.978805 2.448251
-1.487129 0.961932 2.375093
-1.485156 0.989489 2.375506
-1.482819 0.989151 2.392087
-1.484983 0.960851 2.391017
-1.505900 0.959895 2.353411
-1.519387 0.959355 2.344997
-1.521878 0.985710 2.352067
-1.508079 0.986141 2.356295
-1.535207 0.958113 2.342215
-1.551346 0.955930 2.346065
-1.566220 0.953689 2.353962
-1.580950 0.947673 2.389259
-1.576681 0.976972 2.369506
-1.578364 0.950708 2.367931
-1.572918 0.945895 2.417151
-1.550968 0.916932 2.435817
-1.553087 0.946472 2.435414
-1.571097 0.917219 2.418906
-1.509469 0.830020 2.431051
-1.532088 0.827396 2.431840
-1.522677 0.795455 2.428163
-1.501898 0.797477 2.427582
-1.483365 0.932413 2.389308
-1.484034 0.932650 2.372248
-1.499813 0.932234 2.347355
-1.514804 0.931580 2.338196
-1.578277 0.889492 2.389771
-1.579830 0.919587 2.390666
-1.577904 0.922518 2.366195
-1.576102 0.892301 2.364406
-1.462429 0.841707 2.387336
-1.461825 0.841725 2.368551
-1.467815 0.873062 2.368234
-1.467647 0.873006 2.387562
-1.508842 0.901609 2.333118
-1.492882 0.902424 2.342899
-1.485898 0.871347 2.340659
-1.502832 0.870023 2.331084
-1.562375 0.825728 2.388956
-1.572530 0.858090 2.388788
-1.571150 0.860139 2.364162
-1.561963 0.826678 2.365941
-1.546101 0.888611 2.435761
-1.568577 0.887980 2.417220
-1.561934 0.857720 2.415414
-1.540474 0.858131 2.433909
-1.521183 0.891317 2.434987
-1.516378 0.861434 2.433723
-1.459336 0.772100 2.374577
-1.460455 0.807263 2.371406
-1.460529 0.806973 2.388613
-1.458546 0.770960 2.389463
-1.497125 0.837045 2.333212
-1.480044 0.839003 2.341120
-1.477210 0.805028 2.346834
-1.492439 0.802849 2.339764
-1.537191 0.756764 2.391943
-1.550361 0.791869 2.390363
-1.549814 0.791988 2.369011
-1.535791 0.757483 2.371708
-1.512800 0.760780 2.424683
-1.541503 0.793577 2.414112
-1.529649 0.758026 2.412425
-1.501994 0.727527 2.424006
-1.486274 0.729855 2.423923
-1.494314 0.763170 2.424566
-1.458089 0.737566 2.390759
-1.456713 0.738583 2.377396
-1.466980 0.737323 2.359503
-1.478966 0.735949 2.352488
-1.486482 0.768914 2.347130
-1.473024 0.770688 2.353996
-1.517656 0.761295 2.349402
-1.502386 0.765518 2.345515
-1.493688 0.732976 2.351118
-1.507418 0.728687 2.355258
-1.521542 0.726467 2.375535
-1.529249 0.758884 2.358213
-1.515723 0.727185 2.362827
-1.524035 0.725539 2.394210
-1.517729 0.725331 2.413114
-1.500059 1.288804 2.292676
-1.496661 1.287856 2.317408
-1.497481 1.277358 2.312163
-1.506800 1.279639 2.288011
-1.516011 1.179772 2.410658
-1.521242 1.209003 2.406512
-1.503747 1.122732 2.416955
-1.509794 1.150995 2.414757
-1.498673 1.095019 2.417001
-1.494867 1.066659 2.415335
-1.490431 1.038919 2.411769
-1.487395 1.011927 2.409198
-1.488918 0.985373 2.408741
-1.490090 0.957757 2.409159
-1.484411 0.901303 2.406196
-1.476347 0.903098 2.388308
-1.489676 0.929677 2.407206
-1.471927 0.839405 2.406703
-1.477467 0.871369 2.406350
-1.467863 0.804179 2.405793
-1.465061 0.768080 2.404326
-1.464352 0.734950 2.404522
-1.570218 1.308846 2.401587
-1.543912 1.303533 2.390976
-1.548628 1.321076 2.386497
-1.574670 1.330243 2.393061
-1.498175 1.312715 2.331129
-1.501683 1.318184 2.341623
-1.503735 1.311669 2.339418
-1.499712 1.307857 2.329075
-1.585152 1.046533 2.422717
-1.571105 1.071634 2.331006
-1.554612 1.074962 2.325047
-1.536897 1.079181 2.325428
-1.505874 1.065543 2.439226
-1.512254 1.093292 2.438420
-1.532410 1.090669 2.451674
-1.524094 1.065124 2.455356
-1.523888 0.917132 2.434820
-1.500920 0.896069 2.421889
-1.504015 0.923770 2.424310
-1.526888 0.941226 2.437732
-1.551642 0.927871 2.340106
-1.567392 0.925396 2.349366
-1.529311 0.900039 2.330304
-1.549470 0.897929 2.334394
-1.533462 0.930204 2.336117
-1.526929 1.147786 2.436026
-1.550937 1.143156 2.446567
-1.540730 1.116637 2.448873
-1.518595 1.120913 2.437244
-1.670496 1.557999 2.221015
-1.661487 1.564229 2.205916
-1.708152 1.645687 2.328474
-1.705543 1.636877 2.314225
-1.693540 1.633827 2.322480
-1.697405 1.641785 2.334896
-1.715756 1.643089 2.309517
-1.717582 1.652551 2.323808
-1.726198 1.661559 2.319293
-1.724926 1.651412 2.305635
-1.756716 1.701015 2.289628
-1.760072 1.708841 2.289498
-1.613439 1.633641 2.351107
-1.594658 1.640121 2.352778
-1.601918 1.656532 2.348296
-1.585814 1.492316 2.375189
-1.582242 1.415701 2.373925
-1.551142 1.397290 2.379234
-1.562042 1.418786 2.378124
-1.506155 1.350261 2.367115
-1.639314 1.633116 2.165293
-1.647809 1.653435 2.162649
-1.703128 1.794225 2.162206
-1.681105 1.803489 2.164675
-1.712121 1.812879 2.166060
-1.714926 1.822771 2.168818
-1.693326 1.831281 2.171516
-1.690180 1.822107 2.169238
-1.722677 1.879127 2.198779
-1.716266 1.869286 2.190310
-1.496719 1.305259 2.315986
-1.499208 1.302148 2.327632
-1.496567 1.300660 2.309464
-1.518107 1.280745 2.378256
-1.504078 1.277309 2.358681
-1.508275 1.291524 2.359164
-1.523248 1.296759 2.376239
-1.668720 1.290580 2.353159
-1.675346 1.282322 2.319420
-1.570526 1.240484 2.245038
-1.775739 1.656256 2.439509
-1.786955 1.653865 2.440022
-1.784754 1.658824 2.414318
-1.774028 1.662185 2.414269
-1.684099 1.713034 2.153818
-1.678356 1.689818 2.159153
-1.752439 1.839675 2.253361
-1.807124 1.824272 2.250072
-1.792549 1.825708 2.271179
-1.786668 1.827104 2.264924
-1.800683 1.827031 2.243569
-1.808809 1.765906 2.203864
-1.814186 1.781707 2.207032
-1.806179 1.782524 2.197868
-1.799833 1.766300 2.193677
-1.550781 1.376039 2.164380
-1.578664 1.368217 2.164997
-1.604426 1.572150 2.176539
-1.620399 1.564059 2.179613
-1.625404 1.587092 2.173946
-1.609793 1.596013 2.170991
-1.703914 1.691629 2.164581
-1.707860 1.674495 2.173744
-1.637598 1.713621 2.370164
-1.645042 1.732325 2.365323
-1.659567 1.730142 2.366567
-1.652908 1.713353 2.372612
-1.809843 1.675732 2.379949
-1.801059 1.677580 2.356373
-1.788526 1.672062 2.363967
-1.793804 1.665905 2.386619
-1.665078 1.275179 2.280152
-1.638464 1.255796 2.253278
-1.694025 1.583740 2.228990
-1.686667 1.590819 2.209355
-1.677538 1.573974 2.214789
-1.684874 1.567779 2.233954
-1.714911 1.621445 2.231093
-1.707623 1.611679 2.229181
-1.724541 1.630704 2.232719
-1.780717 1.693023 2.261281
-1.777164 1.691930 2.263118
-1.775630 1.695828 2.277889
-1.537612 1.284002 2.395773
-1.550493 1.353516 2.378205
-1.545354 1.367580 2.377721
-1.496809 1.309832 2.320230
-1.737861 1.870135 2.268163
-1.728037 1.871768 2.279168
-1.769607 1.700194 2.324575
-1.766912 1.693042 2.345877
-1.765856 1.678046 2.253897
-1.763295 1.681869 2.266032
-1.765097 1.688920 2.268493
-1.767920 1.684511 2.259140
-1.770745 1.683437 2.252249
-1.767769 1.678205 2.244045
-1.748779 1.767974 2.321932
-1.743952 1.772074 2.322261
-1.750588 1.789376 2.313007
-1.756639 1.784541 2.315026
-1.737413 1.773337 2.322965
-1.728806 1.774863 2.324872
-1.736278 1.791734 2.312401
-1.744821 1.790430 2.311482
-1.740458 1.831975 2.272191
-1.723425 1.833616 2.285562
-1.706718 1.835640 2.294079
-1.692949 1.838241 2.300233
-1.713575 1.858660 2.183925
-1.704365 1.848847 2.179698
-1.722179 1.842252 2.179119
-1.732561 1.851442 2.185106
-1.717848 1.864719 2.282214
-1.706828 1.865415 2.287483
-1.695728 1.857097 2.290814
-1.801225 1.736967 2.436469
-1.802566 1.745051 2.415723
-1.753236 1.873798 2.243262
-1.746979 1.871592 2.256727
-1.815771 1.737508 2.413237
-1.813737 1.728255 2.434518
-1.766274 1.818508 2.281544
-1.779774 1.828459 2.260964
-1.772587 1.817314 2.283794
-1.718027 1.876555 2.288273
-1.706833 1.877568 2.291630
-1.678215 1.316575 2.317899
-1.670937 1.322851 2.347390
-1.673908 1.545421 2.298767
-1.680579 1.546187 2.279745
-1.578890 1.604463 2.359769
-1.572427 1.586702 2.361891
-1.689128 1.896119 2.292651
-1.578288 1.544244 2.364879
-1.560617 1.546313 2.365174
-1.566491 1.567625 2.363038
-1.583072 1.563462 2.362501
-1.550834 1.528550 2.371552
-1.548028 1.520524 2.375636
-1.527420 1.387661 2.379618
-1.518067 1.391701 2.379589
-1.777385 1.766825 2.361603
-1.778834 1.774158 2.347220
-1.794279 1.784892 2.345099
-1.792627 1.775320 2.359919
-1.593830 1.541467 2.360609
-1.609990 1.537759 2.352026
-1.749190 1.702481 2.301293
-1.751567 1.692296 2.289283
-1.608817 1.671082 2.354959
-1.668058 1.711495 2.373233
-1.674079 1.726297 2.366651
-1.687199 1.722641 2.364610
-1.681397 1.709234 2.371248
-1.496340 1.307996 2.312413
-1.833208 1.728536 2.319557
-1.832804 1.730559 2.303105
-1.827551 1.720873 2.305203
-1.828734 1.719325 2.321724
-1.496404 1.275761 2.336859
-1.494885 1.258253 2.334508
-1.509416 1.276902 2.270890
-1.498805 1.290078 2.277619
-1.550536 1.232641 2.422825
-1.557517 1.260119 2.417006
-1.542342 1.204980 2.426470
-1.534837 1.176202 2.431961
-1.499740 0.983129 2.424641
-1.505632 0.953471 2.428013
-1.496046 0.866034 2.420389
-1.490099 0.834351 2.419309
-1.483993 0.800509 2.417169
-1.478633 0.765377 2.415156
-1.474021 0.732268 2.416092
-1.821810 1.715400 2.434239
-1.825408 1.723078 2.410101
-1.828043 1.705905 2.410424
-1.825210 1.701031 2.436046
-1.760092 1.687384 2.392031
-1.756154 1.699975 2.392239
-1.755106 1.692049 2.413427
-1.760022 1.680145 2.413070
-1.759734 1.671878 2.435209
-1.766930 1.662471 2.436502
-1.766223 1.670094 2.413155
-1.799794 1.657223 2.438431
-1.810667 1.664851 2.437458
-1.810808 1.668784 2.410711
-1.797031 1.660348 2.413023
-1.823949 1.686612 2.436300
-1.825382 1.690700 2.411551
-1.819242 1.678668 2.411569
-1.818478 1.674485 2.436958
-1.752701 1.710562 2.438720
-1.751010 1.696760 2.436942
-1.753060 1.705623 2.414793
-1.754883 1.719247 2.416119
-1.814282 1.789499 2.339764
-1.810927 1.777871 2.356468
-1.764469 1.732404 2.301034
-1.763960 1.748818 2.312511
-1.764744 1.750604 2.316886
-1.762066 1.735054 2.303371
-1.789722 1.756746 2.395204
-1.791507 1.766215 2.375521
-1.807006 1.765562 2.374307
-1.803823 1.754367 2.394595
-1.756826 1.727237 2.394151
-1.754361 1.713831 2.392873
-1.756046 1.720934 2.370293
-1.758158 1.734382 2.372791
-1.781790 1.665519 2.390408
-1.778859 1.673291 2.367401
-1.767757 1.760947 2.345807
-1.765831 1.754876 2.359608
-1.745039 1.692670 2.304129
-1.753711 1.668075 2.265377
-1.759296 1.675266 2.265247
-1.702654 1.653193 2.344842
-1.708249 1.666118 2.350369
-1.726572 1.643700 2.288543
-1.735950 1.654243 2.285056
-1.710190 1.656516 2.340188
-1.711958 1.665504 2.345866
-1.645041 1.620046 2.338844
-1.694270 1.847579 2.293364
-1.775432 1.759607 2.376914
-1.764363 1.747167 2.375684
-1.795057 1.681084 2.338151
-1.789843 1.686641 2.321150
-1.783619 1.687383 2.321005
-1.785503 1.679469 2.340933
-1.742565 1.695206 2.181417
-1.724215 1.693533 2.171484
-1.725702 1.680418 2.180791
-1.741684 1.685139 2.189622
-1.838932 1.744288 2.323405
-1.839075 1.752132 2.330927
-1.842510 1.760365 2.312196
-1.840890 1.749590 2.306778
-1.840491 1.772480 2.320602
-1.836118 1.761169 2.341433
-1.826967 1.771635 2.351107
-1.831577 1.783472 2.332265
-1.671307 1.339752 2.261487
-1.677693 1.344109 2.287954
-1.655573 1.488230 2.331702
-1.638904 1.488323 2.345277
-1.607869 1.417007 2.367925
-1.527877 1.323274 2.370715
-1.510347 1.310507 2.354368
-1.494212 1.234529 2.333926
-1.678542 1.348038 2.314525
-1.495955 1.205157 2.338139
-1.497961 1.174645 2.343059
-1.535778 1.151994 2.292258
-1.559748 1.144482 2.289737
-1.560933 1.171302 2.278435
-1.534467 1.181249 2.280833
-1.583337 1.139700 2.296614
-1.586994 1.164813 2.285372
-1.567705 1.109517 2.447114
-1.523260 0.868194 2.328077
-1.536388 0.831204 2.335288
-1.544075 0.865814 2.332513
-1.517003 0.834325 2.331050
-1.560632 0.863035 2.344893
-1.565444 0.895457 2.345632
-1.552396 0.826369 2.415071
-1.510378 0.799797 2.337850
-1.527498 0.796452 2.342373
-1.552441 0.828922 2.347990
-1.541587 0.793874 2.353245
-1.498871 1.287663 2.339101
-1.650441 1.299638 2.380839
-1.652520 1.330062 2.373007
-1.604402 1.357556 2.385013
-1.576475 1.350086 2.386598
-1.630553 1.550274 2.338045
-1.647369 1.547154 2.328583
-1.659998 1.579530 2.321214
-1.674478 1.577720 2.307887
-1.667551 1.561587 2.311087
-1.653031 1.562956 2.324405
-1.694222 1.577226 2.271919
-1.696757 1.579406 2.250099
-1.688170 1.563666 2.254699
-1.685925 1.561755 2.275319
-1.681890 1.548020 2.259456
-1.678109 1.551445 2.239603
-1.646222 1.600831 2.176142
-1.658357 1.591429 2.186199
-1.665921 1.611743 2.181321
-1.653462 1.622555 2.172220
-1.537372 1.380138 2.379137
-1.503051 1.304459 2.340162
-1.564202 1.285840 2.409840
-1.599008 1.310387 2.405463
-1.627060 1.306904 2.398478
-1.767382 1.709348 2.325946
-1.774448 1.698163 2.216786
-1.769671 1.693016 2.217106
-1.830532 1.748627 2.361171
-1.821454 1.759296 2.369184
-1.759432 1.740533 2.355118
-1.797032 1.793752 2.332127
-1.780671 1.782105 2.334687
-1.782590 1.788825 2.325639
-1.631805 1.400188 2.363236
-1.655017 1.380314 2.357850
-1.632053 1.380699 2.368858
-1.495759 1.296095 2.286182
-1.550672 1.338177 2.381996
-1.498062 1.145514 2.348565
-1.497118 1.117925 2.352945
-1.495273 1.091915 2.356433
-1.492803 1.066672 2.358816
-1.490045 1.040964 2.359895
-1.490377 1.015140 2.360488
-1.493782 0.988841 2.363758
-1.494915 0.961115 2.363126
-1.476289 0.903223 2.369401
-1.482050 0.903013 2.355092
-1.489834 0.932606 2.358381
-1.474133 0.872238 2.353403
-1.468210 0.840494 2.353402
-1.466574 0.806619 2.357476
-1.464632 0.771985 2.363059
-1.460261 0.738468 2.367391
-1.495416 1.305341 2.303978
-1.495645 1.300958 2.295296
-1.757924 1.818546 2.280163
-1.760540 1.690324 2.278097
-1.762203 1.696928 2.278433
-1.760808 1.746675 2.339078
-1.825272 1.695116 2.388927
-1.829634 1.710477 2.387741
-1.757966 1.727316 2.348793
-1.763525 1.718306 2.290481
-1.761521 1.722770 2.292906
-1.746223 1.769128 2.569472
-1.754915 1.765665 2.576925
-1.741786 1.776160 2.587059
-1.733285 1.778278 2.580060
-1.735274 1.767440 2.564576
-1.723249 1.775748 2.575337
-1.704360 1.725411 2.584478
-1.705694 1.733864 2.574917
-1.697420 1.744462 2.588933
-1.696630 1.736847 2.598436
-1.702978 1.778161 2.585698
-1.696705 1.770576 2.588420
-1.706467 1.761537 2.576095
-1.713923 1.769958 2.574171
-1.717721 1.716694 2.604354
-1.728945 1.717772 2.609390
-1.735621 1.704225 2.597225
-1.723978 1.703975 2.591171
-1.736970 1.690575 2.526823
-1.735505 1.680603 2.534618
-1.740832 1.676775 2.522350
-1.742706 1.687307 2.515509
-1.771691 1.750423 2.546777
-1.780219 1.743653 2.554639
-1.767956 1.754801 2.566083
-1.759074 1.759657 2.558290
-1.736940 1.736292 2.538354
-1.728492 1.725658 2.541627
-1.739107 1.716650 2.528652
-1.747780 1.727403 2.526844
-1.783881 1.739062 2.537903
-1.791696 1.731216 2.543056
-1.716418 1.753247 2.563245
-1.709930 1.743226 2.567704
-1.718752 1.734337 2.554187
-1.726362 1.745073 2.550583
-1.703266 1.743378 2.626640
-1.713228 1.745392 2.630161
-1.721521 1.731391 2.620239
-1.710860 1.729990 2.616082
-1.692384 1.762905 2.594234
-1.689506 1.755415 2.601641
-1.701382 1.752718 2.581133
-1.737233 1.774099 2.613968
-1.734298 1.781006 2.604970
-1.747341 1.769413 2.595242
-1.750059 1.761303 2.604689
-1.720153 1.705110 2.555490
-1.722765 1.714758 2.547096
-1.713780 1.724003 2.560909
-1.711909 1.714939 2.570720
-1.759862 1.750360 2.540289
-1.747508 1.759000 2.552057
-1.762059 1.748644 2.595372
-1.760131 1.757724 2.585731
-1.772295 1.745724 2.574898
-1.773509 1.734858 2.584912
-1.778331 1.709219 2.582207
-1.767491 1.699917 2.585549
-1.760077 1.714783 2.597346
-1.769379 1.723997 2.592937
-1.729140 1.696571 2.540605
-1.729085 1.687425 2.550154
-1.730076 1.691794 2.576694
-1.741816 1.690794 2.583731
-1.747151 1.678263 2.568805
-1.735336 1.680868 2.561131
-1.778862 1.724196 2.505228
-1.792619 1.725109 2.509475
-1.784362 1.732488 2.519886
-1.771279 1.729696 2.514131
-1.795573 1.727989 2.524703
-1.803752 1.718208 2.515121
-1.815737 1.696134 2.499726
-1.816113 1.684446 2.503487
-1.813554 1.688221 2.514926
-1.812817 1.700457 2.510487
-1.792928 1.677792 2.559409
-1.779851 1.668610 2.559357
-1.773949 1.684618 2.573165
-1.786399 1.693868 2.571560
-1.767766 1.653636 2.542124
-1.754527 1.658113 2.537858
-1.751784 1.666841 2.552827
-1.765505 1.665255 2.557103
-1.768112 1.650716 2.479011
-1.758691 1.657527 2.478812
-1.757234 1.654684 2.493869
-1.766920 1.647950 2.497121
-1.749293 1.678073 2.487963
-1.750153 1.682239 2.476050
-1.752171 1.695455 2.476052
-1.752118 1.690921 2.486118
-1.796766 1.723401 2.475747
-1.809208 1.715578 2.474237
-1.807448 1.715397 2.484589
-1.794110 1.721307 2.483486
-1.798023 1.664702 2.547083
-1.783992 1.652621 2.544733
-1.747766 1.675967 2.499247
-1.750336 1.687931 2.495025
-1.747304 1.686671 2.505049
-1.744986 1.675043 2.510028
-1.765966 1.709093 2.491323
-1.775963 1.716633 2.490884
-1.772251 1.716116 2.495965
-1.761492 1.707064 2.496792
-1.790761 1.721136 2.489520
-1.804249 1.718017 2.492100
-1.798942 1.720411 2.499634
-1.785338 1.721982 2.496638
-1.800620 1.657796 2.535871
-1.807177 1.669374 2.531105
-1.807290 1.663937 2.521120
-1.800457 1.653392 2.525022
-1.767583 1.648111 2.527407
-1.755537 1.653203 2.523481
-1.757015 1.706695 2.506669
-1.747539 1.697184 2.509928
-1.752577 1.697646 2.501008
-1.808508 1.711847 2.504292
-1.778064 1.646605 2.480426
-1.788509 1.646026 2.481535
-1.788496 1.648971 2.462504
-1.777688 1.650113 2.462128
-1.767982 1.655331 2.461313
-1.759160 1.663908 2.460624
-1.751088 1.688839 2.458982
-1.752254 1.701988 2.460353
-1.759095 1.715458 2.461036
-1.771158 1.726092 2.461102
-1.771521 1.718750 2.477018
-1.759637 1.708349 2.476321
-1.798901 1.729232 2.458105
-1.811098 1.720650 2.456560
-1.815987 1.705144 2.474807
-1.818306 1.708404 2.457148
-1.749336 1.663269 2.503170
-1.751065 1.665370 2.490560
-1.759263 1.738388 2.603446
-1.751214 1.729436 2.608547
-1.741213 1.743491 2.618288
-1.748116 1.752205 2.612712
-1.722712 1.750501 2.630108
-1.732013 1.736444 2.620766
-1.725023 1.761904 2.562572
-1.736036 1.753585 2.550438
-1.711414 1.784448 2.586106
-1.766903 1.716485 2.504133
-1.758911 1.719723 2.513846
-1.813100 1.672170 2.506237
-1.817760 1.681932 2.491806
-1.814215 1.670343 2.494156
-1.805276 1.678370 2.540873
-1.800394 1.691454 2.551722
-1.801791 1.706007 2.541070
-1.808391 1.691210 2.529044
-1.799367 1.651253 2.513236
-1.807535 1.660924 2.509992
-1.808144 1.659861 2.496475
-1.799254 1.650647 2.498508
-1.782395 1.723722 2.477310
-1.779462 1.718973 2.484464
-1.821314 1.682839 2.460322
-1.819432 1.681692 2.477666
-1.819130 1.693461 2.476791
-1.821512 1.695452 2.459741
-1.817510 1.693696 2.488703
-1.817604 1.671534 2.460638
-1.815850 1.670348 2.478937
-1.784873 1.730817 2.459959
-1.799697 1.651436 2.481199
-1.809355 1.660127 2.480163
-1.810325 1.661671 2.461208
-1.799912 1.653456 2.461915
-1.740583 1.722286 2.610281
-1.748156 1.708411 2.598761
-1.743994 1.665609 2.530990
-1.740069 1.671237 2.544774
-1.747145 1.663109 2.517132
-1.708440 1.719570 2.595878
-1.701540 1.731951 2.608539
-1.721981 1.696951 2.566480
-1.715293 1.707751 2.581513
-1.783793 1.721172 2.574556
-1.778042 1.645046 2.515095
-1.767011 1.647093 2.512530
-1.779738 1.645937 2.529509
-1.753191 1.675910 2.459210
-1.752494 1.669147 2.476536
-1.792870 1.649982 2.536778
-1.753645 1.684166 2.437451
-1.808344 1.706977 2.520533
-1.812373 1.707802 2.495645
-1.814483 1.704913 2.485745
-1.728790 1.786453 2.596739
-1.747225 1.745124 2.538088
-1.749102 1.709352 2.516430
-1.741617 1.699786 2.520167
-1.788883 1.645576 2.515345
-1.788170 1.645179 2.499764
-1.777496 1.645236 2.499153
-1.769176 1.713208 2.486006
-1.758386 1.703018 2.486067
-1.694669 1.744475 2.619938
-1.756309 1.699459 2.492786
-1.800665 1.718576 2.532932
-1.686666 1.812384 2.167219
-1.716837 1.634198 2.291090
-1.675926 1.627709 2.320633
-1.689239 1.626022 2.310398
-1.750169 1.674449 2.280340
-1.755772 1.683509 2.279555
-1.764077 1.706030 2.282776
-1.762990 1.711490 2.288108
-1.733718 1.661095 2.301153
-1.821532 1.986350 2.291577
-1.817083 1.980010 2.290381
-1.830713 1.994313 2.291077
-1.551846 1.538470 2.365820
-1.803088 1.986256 2.302208
-1.800213 1.979510 2.302459
-1.804829 1.980538 2.304393
-1.802177 1.988754 2.301840
-1.802159 1.989698 2.302444
-1.828736 2.002317 2.296910
-1.810688 1.974305 2.291006
-1.803320 1.969690 2.292448
-1.816037 1.999465 2.302566
-1.594045 1.499883 2.186392
-1.574997 1.506103 2.183475
-1.572332 1.485834 2.180549
-1.593469 1.479377 2.183725
-1.569119 1.464259 2.176986
-1.665047 1.409941 2.213643
-1.679394 1.415082 2.234844
-1.679712 1.436809 2.233296
-1.666081 1.433460 2.212820
-1.685577 1.457111 2.255182
-1.676800 1.455885 2.232585
-1.687546 1.439782 2.257657
-1.688508 1.440825 2.282419
-1.687340 1.457808 2.279288
-1.682439 1.439975 2.305589
-1.682004 1.457870 2.302344
-1.670519 1.438451 2.325762
-1.654321 1.437797 2.342455
-1.632733 1.419965 2.357392
-1.611918 1.437083 2.364792
-1.633919 1.437687 2.355217
-1.569473 1.439708 2.378834
-1.589727 1.437599 2.372852
-1.536307 1.446261 2.384564
-1.552077 1.442702 2.382583
-1.745370 1.807637 2.297645
-1.775796 1.837302 2.207237
-1.781935 1.826489 2.198518
-1.788052 1.832002 2.216845
-1.786497 1.768136 2.181068
-1.793858 1.783907 2.187563
-1.775108 1.784270 2.173434
-1.768567 1.771780 2.169663
-1.766537 1.834049 2.194952
-1.761766 1.841289 2.196216
-1.770281 1.822408 2.185124
-1.734777 1.826650 2.172860
-1.754450 1.822201 2.176250
-1.815784 1.815015 2.230123
-1.817816 1.798985 2.214530
-1.824289 1.798045 2.224629
-1.823459 1.813689 2.239498
-1.802213 1.751880 2.202975
-1.795070 1.739137 2.202913
-1.803584 1.738634 2.213216
-1.810007 1.751690 2.212377
-1.835205 1.806167 2.280734
-1.839941 1.793135 2.265806
-1.842393 1.788204 2.283576
-1.835869 1.800441 2.296427
-1.816169 1.765510 2.214313
-1.706036 1.708665 2.159358
-1.725677 1.707480 2.166285
-1.744316 1.705655 2.175853
-1.779782 1.703326 2.217251
-1.770948 1.705366 2.202708
-1.766219 1.698090 2.204618
-1.787614 1.701376 2.232022
-1.793095 1.700641 2.245006
-1.770579 1.771471 2.324355
-1.771246 1.773901 2.321141
-1.784654 1.795244 2.317200
-1.796279 1.699874 2.279589
-1.793743 1.699455 2.263938
-1.789736 1.697456 2.265406
-1.791711 1.698054 2.280946
-1.808947 1.817533 2.223244
-1.842327 1.773839 2.273117
-1.838560 1.777817 2.255270
-1.834225 1.762753 2.253628
-1.838650 1.758682 2.272298
-1.833497 1.747248 2.269243
-1.828845 1.749465 2.251430
-1.822987 1.736782 2.250601
-1.827952 1.735842 2.266903
-1.801803 1.702601 2.279271
-1.798288 1.702762 2.260178
-1.817854 1.799253 2.324594
-1.818842 1.821426 2.270926
-1.800986 1.821111 2.288820
-1.797319 1.823931 2.279662
-1.813983 1.822311 2.259847
-1.771341 1.704894 2.302100
-1.768537 1.712542 2.304293
-1.774783 1.698158 2.300188
-1.784578 1.695196 2.263383
-1.778497 1.694474 2.301165
-1.763493 1.750358 2.325663
-1.769542 1.766609 2.332369
-1.783212 1.808261 2.302388
-1.781067 1.812782 2.295593
-1.834543 1.793580 2.313693
-1.842643 1.781323 2.302107
-1.801617 1.697148 2.297970
-1.797121 1.694859 2.300317
-1.801800 1.691374 2.315630
-1.778978 1.689376 2.245992
-1.786340 1.696620 2.266161
-1.830410 1.812584 2.251799
-1.843410 1.768175 2.292420
-1.840397 1.754029 2.289394
-1.823153 1.750619 2.235644
-1.828568 1.764814 2.237159
-1.822344 1.765931 2.223811
-1.816719 1.751437 2.222832
-1.831679 1.734467 2.285211
-1.825122 1.722610 2.286900
-1.810920 1.738200 2.224673
-1.817287 1.737679 2.236962
-1.806795 1.700732 2.295648
-1.777892 1.815554 2.288705
-1.765872 1.801652 2.303393
-1.760195 1.804665 2.300017
-1.770287 1.789594 2.312856
-1.768648 1.796679 2.307851
-1.770765 1.780415 2.317812
-1.753746 1.805835 2.298259
-1.790879 1.646596 2.527429
-1.796359 1.688383 2.319201
-1.802172 1.685573 2.333868
-1.806737 1.689928 2.329335
-1.819156 1.684749 2.385597
-1.671935 2.023486 2.328700
-1.673618 2.029255 2.328673
-1.684350 2.045531 2.326332
-1.686924 2.048579 2.324998
-1.811775 1.675439 2.517213
-1.809329 1.678267 2.526006
-1.792816 1.706281 2.563217
-1.783608 1.733147 2.564490
-1.793607 1.719958 2.552676
-1.772270 1.741270 2.528772
-1.759251 1.736608 2.525616
-1.732732 1.706535 2.533863
-1.760487 1.679537 2.572581
-1.695811 1.807672 2.607741
-1.703650 1.808267 2.614277
-1.691501 1.819252 2.622166
-1.683553 1.817502 2.616380
-1.671945 1.827313 2.623936
-1.664637 1.821262 2.624059
-1.675925 1.812424 2.615219
-1.659673 1.815165 2.627547
-1.670597 1.806514 2.618116
-1.657277 1.809432 2.633410
-1.656029 1.803655 2.639435
-1.665185 1.794428 2.629146
-1.667095 1.800310 2.623056
-1.673590 1.778531 2.625082
-1.665355 1.789601 2.636351
-1.667901 1.785763 2.643970
-1.674973 1.773450 2.633282
-1.671654 1.796346 2.664212
-1.678516 1.799613 2.665678
-1.687479 1.786945 2.657403
-1.679740 1.783377 2.655838
-1.709729 1.785635 2.644931
-1.703778 1.778568 2.647997
-1.694324 1.792730 2.656625
-1.700207 1.799165 2.653723
-1.692148 1.811382 2.662686
-1.693149 1.817552 2.655877
-1.701819 1.805418 2.648143
-1.720549 1.787878 2.590053
-1.708182 1.797486 2.599425
-1.699435 1.793594 2.596230
-1.676817 1.790258 2.611804
-1.686791 1.780393 2.600373
-1.692073 1.787385 2.596791
-1.681095 1.796779 2.607489
-1.689662 1.748787 2.610805
-1.681756 1.767109 2.613674
-1.682335 1.761230 2.622284
-1.674360 1.784227 2.617832
-1.683706 1.773828 2.606208
-1.679902 1.770066 2.641099
-1.672811 1.783229 2.650900
-1.708922 1.804395 2.622285
-1.712076 1.798887 2.630807
-1.700023 1.811359 2.639883
-1.697019 1.816578 2.630919
-1.687225 1.757410 2.630540
-1.724503 1.786886 2.622540
-1.721460 1.792683 2.613742
-1.712953 1.792431 2.638652
-1.724152 1.779358 2.630195
-1.686620 1.827640 2.638163
-1.680242 1.830179 2.629455
-1.716388 1.796985 2.605247
-1.687460 1.769841 2.646730
-1.696195 1.772937 2.649051
-1.704690 1.759310 2.639891
-1.695399 1.756684 2.636987
-1.730538 1.757768 2.627367
-1.713195 1.764367 2.639064
-1.719846 1.771595 2.636126
-1.685760 1.804881 2.665381
-1.735811 1.765911 2.621913
-1.618714 1.858920 2.673698
-1.621731 1.851505 2.668982
-1.613732 1.855187 2.668146
-1.612395 1.863453 2.670693
-1.608557 1.836377 2.662192
-1.606359 1.832715 2.652083
-1.596293 1.841016 2.654135
-1.597709 1.843154 2.663353
-1.607557 1.867456 2.668155
-1.606409 1.858597 2.667219
-1.605989 1.868212 2.664977
-1.610643 1.880120 2.665532
-1.607648 1.876549 2.669329
-1.611126 1.888167 2.668638
-1.620324 1.880996 2.661491
-1.619202 1.891036 2.669174
-1.641563 1.875923 2.675951
-1.646614 1.870691 2.683531
-1.640269 1.880961 2.691688
-1.634335 1.885299 2.683662
-1.645545 1.865960 2.703302
-1.642057 1.874075 2.697638
-1.649087 1.864617 2.689029
-1.651432 1.857776 2.694187
-1.626380 1.850818 2.681973
-1.630598 1.843620 2.677177
-1.628238 1.847451 2.672473
-1.624059 1.854135 2.677886
-1.598770 1.868901 2.659907
-1.611576 1.870316 2.655188
-1.609194 1.871770 2.660650
-1.597467 1.866863 2.663329
-1.636723 1.818736 2.678294
-1.642613 1.811668 2.671538
-1.640551 1.815248 2.664845
-1.635809 1.820931 2.671890
-1.624761 1.822932 2.649028
-1.633422 1.820571 2.648629
-1.639161 1.825397 2.637540
-1.630343 1.828964 2.637364
-1.615516 1.826846 2.650734
-1.619969 1.832715 2.639484
-1.609513 1.837185 2.642222
-1.598677 1.845526 2.646458
-1.649310 1.809368 2.679386
-1.644298 1.812819 2.685988
-1.579822 1.900232 2.693244
-1.581410 1.897056 2.697641
-1.583687 1.896776 2.695940
-1.582427 1.900014 2.691482
-1.661550 1.818843 2.688114
-1.667048 1.825420 2.685059
-1.669865 1.821003 2.681545
-1.663576 1.815081 2.683477
-1.659077 1.823662 2.694468
-1.663970 1.831280 2.689712
-1.579374 1.912804 2.696057
-1.578367 1.909258 2.692844
-1.583063 1.909910 2.690859
-1.584848 1.913371 2.694109
-1.608839 1.871238 2.673662
-1.614053 1.866192 2.677848
-1.603009 1.882975 2.683276
-1.608448 1.874652 2.682036
-1.605569 1.878791 2.675587
-1.603061 1.885139 2.677605
-1.619226 1.863250 2.694360
-1.623870 1.855851 2.689369
-1.620040 1.861156 2.685351
-1.614610 1.868642 2.690560
-1.626637 1.848015 2.697865
-1.623196 1.855259 2.702590
-1.624690 1.850777 2.707180
-1.627015 1.844774 2.702710
-1.615322 1.872210 2.707180
-1.612325 1.877858 2.711284
-1.614358 1.874867 2.714876
-1.617102 1.868920 2.710686
-1.673905 1.817467 2.677796
-1.667050 1.811848 2.679191
-1.648818 1.850166 2.713792
-1.646804 1.841627 2.716106
-1.642742 1.846251 2.724837
-1.645776 1.855587 2.722056
-1.669691 1.832878 2.679912
-1.673670 1.828413 2.676629
-1.581623 1.913509 2.701217
-1.586729 1.914848 2.699313
-1.618567 1.846060 2.636642
-1.603546 1.852807 2.641691
-1.631137 1.841094 2.634924
-1.639964 1.837325 2.634619
-1.646968 1.833586 2.633198
-1.608333 1.876577 2.687970
-1.620056 1.860408 2.680562
-1.627714 1.847744 2.684968
-1.632323 1.831634 2.707073
-1.634959 1.826452 2.703314
-1.630948 1.831924 2.697287
-1.629655 1.835876 2.702261
-1.640628 1.835667 2.717370
-1.634036 1.834983 2.715369
-1.631768 1.839708 2.719946
-1.637477 1.840527 2.723734
-1.598038 1.870813 2.654963
-1.610527 1.868448 2.648865
-1.653482 1.814020 2.689076
-1.656091 1.810678 2.683206
-1.660407 1.808236 2.677430
-1.633635 1.832073 2.674696
-1.634737 1.822504 2.667551
-1.631568 1.824511 2.663617
-1.632555 1.834874 2.671204
-1.621130 1.841668 2.666795
-1.617641 1.830769 2.661714
-1.612158 1.845757 2.667295
-1.638126 1.817525 2.658028
-1.646582 1.811879 2.659334
-1.643865 1.815127 2.652168
-1.649671 1.808532 2.666770
-1.654747 1.807402 2.673645
-1.650968 1.807798 2.653825
-1.649000 1.810999 2.646760
-1.654708 1.805192 2.661218
-1.659159 1.803869 2.667374
-1.684971 1.819089 2.668593
-1.678553 1.812135 2.672712
-1.679076 1.824376 2.672667
-1.649978 1.822505 2.633433
-1.642084 1.819827 2.644728
-1.648966 1.816494 2.640515
-1.655804 1.829164 2.630197
-1.591447 1.848849 2.662413
-1.585778 1.854170 2.661847
-1.589550 1.857035 2.666615
-1.595028 1.853559 2.666832
-1.608501 1.894399 2.672744
-1.604554 1.889325 2.673910
-1.607061 1.883589 2.671081
-1.634482 1.822922 2.686728
-1.640684 1.817638 2.693104
-1.603998 1.882844 2.688539
-1.590820 1.911619 2.691193
-1.588254 1.907815 2.687987
-1.597854 1.901994 2.681295
-1.601160 1.906440 2.684193
-1.603824 1.888961 2.695147
-1.601404 1.886802 2.690146
-1.597248 1.889857 2.693178
-1.599876 1.892985 2.697835
-1.616234 1.868315 2.718034
-1.618797 1.863415 2.714433
-1.624434 1.893149 2.691361
-1.623214 1.899267 2.681008
-1.629276 1.890463 2.674084
-1.621700 1.858920 2.698580
-1.618198 1.865680 2.703203
-1.619904 1.862330 2.706905
-1.608058 1.878202 2.691312
-1.605833 1.883122 2.692500
-1.608743 1.880388 2.695802
-1.611200 1.874290 2.693866
-1.651409 1.835753 2.708382
-1.643401 1.828441 2.710341
-1.578646 1.904641 2.691858
-1.582031 1.904981 2.689851
-1.670917 1.807114 2.672901
-1.664242 1.804599 2.671232
-1.625741 1.851735 2.693234
-1.634237 1.880352 2.667201
-1.628798 1.844363 2.688264
-1.633465 1.869223 2.720488
-1.628765 1.862918 2.723272
-1.623837 1.867239 2.725030
-1.627482 1.872398 2.724680
-1.592456 1.898684 2.702416
-1.589679 1.895404 2.698629
-1.585860 1.897031 2.700728
-1.587868 1.900354 2.704773
-1.600338 1.886309 2.685196
-1.599958 1.888382 2.680425
-1.594910 1.892277 2.684030
-1.595382 1.889815 2.688475
-1.601396 1.892676 2.677368
-1.596072 1.896932 2.681514
-1.594526 1.904271 2.704746
-1.594485 1.910004 2.702008
-1.605538 1.904559 2.696090
-1.603159 1.899124 2.699498
-1.657919 1.850352 2.686028
-1.659345 1.843926 2.691637
-1.653003 1.850766 2.700094
-1.646800 1.857753 2.709099
-1.640190 1.863649 2.717134
-1.640511 1.873938 2.711690
-1.653598 1.844219 2.704364
-1.612315 1.891636 2.698151
-1.613779 1.898600 2.692865
-1.617492 1.894138 2.699030
-1.630015 1.839827 2.693508
-1.586782 1.902823 2.687394
-1.659283 1.847477 2.643348
-1.667500 1.846459 2.652372
-1.662542 1.851864 2.657780
-1.653120 1.852443 2.645894
-1.587368 1.895329 2.693950
-1.586204 1.897685 2.689393
-1.620468 1.859508 2.718893
-1.617785 1.865001 2.721748
-1.620080 1.864041 2.725277
-1.621686 1.858909 2.723554
-1.659434 1.837960 2.696148
-1.636046 1.847655 2.730688
-1.640861 1.857131 2.728098
-1.665102 1.837971 2.684807
-1.664072 1.844407 2.678776
-1.668818 1.839876 2.673105
-1.632657 1.882628 2.706342
-1.655944 1.856479 2.681341
-1.662279 1.849685 2.673845
-1.667459 1.845170 2.666634
-1.671857 1.841510 2.661468
-1.673538 1.836035 2.668791
-1.593310 1.913174 2.696076
-1.588477 1.911418 2.704791
-1.679187 1.831590 2.664357
-1.685901 1.825599 2.661041
-1.682747 1.830690 2.652694
-1.677065 1.836815 2.656328
-1.659550 1.855384 2.668196
-1.654781 1.859687 2.661113
-1.653444 1.862080 2.675925
-1.648486 1.867316 2.669127
-1.633622 1.890603 2.699086
-1.575519 1.904973 2.711516
-1.583320 1.905035 2.708474
-1.583684 1.900400 2.707090
-1.576518 1.900764 2.710951
-1.588762 1.905264 2.706532
-1.583629 1.910344 2.705992
-1.639649 1.871305 2.659781
-1.606897 1.885746 2.698360
-1.642458 1.861113 2.649004
-1.626380 1.874096 2.653636
-1.625895 1.866820 2.645851
-1.642002 1.848721 2.636426
-1.629903 1.854425 2.636797
-1.655632 1.839700 2.634734
-1.649704 1.843889 2.636741
-1.662671 1.833997 2.631033
-1.614580 1.859710 2.639709
-1.574582 1.899079 2.696699
-1.576438 1.896397 2.701542
-1.664431 1.843062 2.639871
-1.671450 1.837671 2.635364
-1.602626 1.850124 2.667472
-1.632071 1.833783 2.687306
-1.631928 1.837601 2.683292
-1.637704 1.822275 2.699166
-1.632480 1.827955 2.692458
-1.678924 1.835773 2.643731
-1.657283 1.799994 2.646599
-1.660816 1.797305 2.653909
-1.690255 1.822711 2.647421
-1.572731 1.903377 2.695114
-1.614750 1.881755 2.714914
-1.616162 1.880908 2.715977
-1.590142 1.848520 2.655091
-1.584857 1.855006 2.655915
-1.589020 1.864772 2.649648
-1.585966 1.859029 2.652295
-1.591752 1.852846 2.648753
-1.595258 1.859381 2.645158
-1.633625 1.829824 2.678045
-1.633811 1.827335 2.682096
-1.655913 1.829620 2.701174
-1.647825 1.822879 2.703340
-1.604639 1.897994 2.676635
-1.614747 1.898265 2.675028
-1.608830 1.901667 2.679513
-1.605083 1.907242 2.689447
-1.608387 1.890383 2.698272
-1.607658 1.894426 2.696966
-1.625615 1.827447 2.661799
-1.628409 1.838420 2.668018
-1.600232 1.859919 2.666649
-1.594888 1.861794 2.666904
-1.615184 1.869580 2.698175
-1.623210 1.889553 2.710730
-1.624152 1.894231 2.704268
-1.612432 1.876051 2.701433
-1.571222 1.910916 2.699555
-1.571291 1.907413 2.696153
-1.613954 1.902906 2.684917
-1.621876 1.857363 2.711139
-1.625631 1.883070 2.713856
-1.619206 1.886000 2.714336
-1.633790 1.843052 2.726765
-1.672228 1.841831 2.648141
-1.583071 1.896809 2.703076
-1.577472 1.896564 2.706982
-1.574748 1.908738 2.709396
-1.573438 1.911326 2.704588
-1.651050 1.818106 2.696167
-1.631455 1.840531 2.680299
-1.665787 1.795725 2.660089
-1.602466 1.864401 2.645355
-1.594148 1.869699 2.650165
-1.609954 1.880877 2.704274
-1.635147 1.861324 2.724916
-1.633950 1.877435 2.717253
-1.627853 1.880331 2.722334
-1.622879 1.884681 2.718472
-1.617740 1.884088 2.717545
-1.568076 1.907126 2.711730
-1.566719 1.909593 2.707320
-1.564960 1.908947 2.701987
-1.566160 1.905634 2.698736
-1.568335 1.901786 2.697807
-1.569359 1.903448 2.713654
-1.570873 1.899505 2.712762
-1.573096 1.895873 2.709051
-1.564161 1.901142 2.714654
-1.561226 1.904652 2.713309
-1.553455 1.902503 2.704081
-1.558081 1.906325 2.703882
-1.555738 1.905204 2.706794
-1.552438 1.903145 2.707338
-1.548687 1.900882 2.708796
-1.549728 1.899431 2.705798
-1.557333 1.905919 2.709606
-1.553354 1.903939 2.711253
-1.555323 1.902091 2.714015
-1.551484 1.900061 2.715572
-1.549277 1.901366 2.712818
-1.558044 1.904313 2.712471
-1.560479 1.907767 2.708588
-1.546861 1.897068 2.708614
-1.546235 1.899168 2.710149
-1.545992 1.898974 2.713859
-1.546285 1.895861 2.713300
-1.561149 1.903694 2.700143
-1.555721 1.900324 2.702283
-1.551693 1.896981 2.704755
-1.548885 1.894767 2.707945
-1.557849 1.897285 2.702281
-1.553763 1.894677 2.705240
-1.551523 1.893125 2.708291
-1.559784 1.894387 2.704154
-1.555399 1.892848 2.707002
-1.566517 1.897013 2.701037
-1.564209 1.900508 2.699326
-1.553328 1.892390 2.708867
-1.548419 1.893657 2.712625
-1.557687 1.900781 2.715686
-1.553421 1.898132 2.716859
-1.559457 1.898420 2.716108
-1.555056 1.896045 2.716978
-1.549301 1.896423 2.716929
-1.548339 1.898682 2.716483
-1.570819 1.897993 2.699311
-1.572757 1.895724 2.704222
-1.568372 1.894704 2.705445
-1.561826 1.892703 2.708119
-1.568360 1.894921 2.710167
-1.566050 1.897695 2.713730
-1.560841 1.895630 2.715197
-1.562197 1.893147 2.712599
-1.556463 1.893852 2.715823
-1.557248 1.892217 2.713641
-1.556623 1.891776 2.710173
-1.553094 1.892819 2.714979
-1.551086 1.894422 2.716296
-1.551188 1.892657 2.711970
-1.554489 1.892098 2.713566
-1.553638 1.892080 2.711227
-1.586493 1.895578 2.719701
-1.587532 1.891802 2.723264
-1.592880 1.893271 2.720997
-1.592163 1.896482 2.717396
-1.588215 1.908086 2.723695
-1.586372 1.903784 2.719953
-1.593158 1.905683 2.717425
-1.595547 1.909895 2.721209
-1.591593 1.907442 2.729659
-1.598989 1.909452 2.727554
-1.602514 1.907788 2.715921
-1.599202 1.903800 2.712830
-1.607369 1.896306 2.704313
-1.611755 1.899635 2.706105
-1.607628 1.883412 2.714786
-1.610253 1.885100 2.718786
-1.586048 1.899323 2.718780
-1.592211 1.900634 2.716316
-1.602418 1.891943 2.725461
-1.599863 1.890338 2.721680
-1.594527 1.891743 2.725020
-1.596216 1.893039 2.729361
-1.603698 1.888755 2.704565
-1.605315 1.885374 2.709472
-1.604888 1.892787 2.703606
-1.605005 1.896264 2.728153
-1.606743 1.902266 2.727237
-1.616739 1.895708 2.717361
-1.614047 1.890321 2.720078
-1.597845 1.899278 2.712135
-1.597854 1.891865 2.717076
-1.597040 1.895132 2.713283
-1.606515 1.907047 2.721562
-1.598821 1.903079 2.732187
-1.581807 1.893695 2.736517
-1.590187 1.895029 2.734115
-1.589939 1.891143 2.731888
-1.582031 1.889676 2.734797
-1.597360 1.896889 2.731846
-1.591120 1.900939 2.734121
-1.578415 1.892823 2.722929
-1.580151 1.889264 2.726543
-1.577188 1.896646 2.721952
-1.616558 1.900186 2.711196
-1.577853 1.904393 2.727053
-1.576993 1.900452 2.723446
-1.589077 1.889895 2.727364
-1.581645 1.887576 2.730679
-1.581521 1.898588 2.736176
-1.580643 1.903602 2.732102
-1.574153 1.895798 2.737538
-1.572599 1.900341 2.734452
-1.570357 1.901192 2.729462
-1.571049 1.898000 2.725520
-1.572552 1.894762 2.724037
-1.575101 1.891593 2.737887
-1.576290 1.888322 2.736197
-1.576983 1.886523 2.732385
-1.569162 1.886893 2.738326
-1.566872 1.890473 2.738567
-1.554996 1.887398 2.729786
-1.559210 1.891465 2.729367
-1.558434 1.890803 2.732430
-1.554016 1.888013 2.732757
-1.563558 1.895643 2.730551
-1.561496 1.893257 2.732866
-1.562710 1.892347 2.735550
-1.559068 1.890110 2.736361
-1.560695 1.887075 2.737902
-1.556251 1.884334 2.738971
-1.553960 1.886907 2.737018
-1.563604 1.889813 2.737275
-1.550793 1.885596 2.733439
-1.551481 1.883765 2.731771
-1.565824 1.895579 2.735599
-1.566228 1.894497 2.726269
-1.560967 1.890043 2.726728
-1.556531 1.885531 2.727941
-1.553403 1.881646 2.730482
-1.562865 1.887220 2.725453
-1.558311 1.883173 2.727242
-1.555703 1.880286 2.729956
-1.565022 1.883743 2.726113
-1.560067 1.880682 2.728162
-1.571074 1.888867 2.725373
-1.568738 1.891992 2.724548
-1.557631 1.879556 2.729982
-1.550097 1.881028 2.735689
-1.552452 1.879270 2.734174
-1.549462 1.884039 2.737311
-1.562428 1.885368 2.738188
-1.557739 1.882282 2.738631
-1.563896 1.883162 2.738499
-1.558910 1.880316 2.738636
-1.553207 1.880477 2.738772
-1.552488 1.882442 2.739383
-1.574270 1.891472 2.725063
-1.576064 1.888100 2.728320
-1.573159 1.885781 2.728477
-1.566844 1.880701 2.729491
-1.573594 1.883808 2.732630
-1.571409 1.884503 2.736399
-1.565731 1.881227 2.736981
-1.567164 1.879923 2.733762
-1.560530 1.879000 2.737104
-1.562010 1.878116 2.734437
-1.561629 1.878580 2.730868
-1.556890 1.877735 2.735917
-1.554772 1.878577 2.737538
-1.555189 1.878339 2.732891
-1.558824 1.877541 2.734278
-1.558002 1.878131 2.731959
-1.596079 1.879490 2.730361
-1.597016 1.874083 2.732035
-1.600994 1.875774 2.731721
-1.600270 1.880645 2.729775
-1.596558 1.887454 2.736965
-1.595286 1.886513 2.733932
-1.601336 1.888712 2.732408
-1.603567 1.890479 2.735350
-1.597816 1.884993 2.741097
-1.605927 1.888147 2.740428
-1.609276 1.890476 2.731241
-1.605966 1.888470 2.728307
-1.613676 1.884844 2.721419
-1.617688 1.886833 2.723706
-1.595167 1.883601 2.731621
-1.600367 1.884965 2.730246
-1.608263 1.871765 2.735206
-1.606651 1.872107 2.732159
-1.602023 1.872676 2.735018
-1.603036 1.872388 2.738273
-1.611497 1.876101 2.720044
-1.612522 1.871470 2.722236
-1.611873 1.880730 2.720025
-1.610641 1.874935 2.738392
-1.612989 1.881286 2.739542
-1.621587 1.876576 2.731100
-1.618939 1.870977 2.730443
-1.604312 1.884217 2.726776
-1.604477 1.874705 2.728554
-1.603920 1.879562 2.726408
-1.612841 1.887520 2.735713
-1.605818 1.881274 2.743000
-1.589148 1.871890 2.743437
-1.598824 1.873693 2.742515
-1.598962 1.870441 2.739097
-1.590051 1.868846 2.740604
-1.604611 1.875176 2.741515
-1.598853 1.879312 2.743503
-1.588423 1.876463 2.730888
-1.589800 1.871857 2.732902
-1.586991 1.880316 2.732328
-1.621371 1.883591 2.727956
-1.615972 1.867299 2.728586
-1.586130 1.884022 2.738103
-1.586144 1.882951 2.734741
-1.598259 1.870762 2.735409
-1.590643 1.868682 2.736651
-1.588352 1.876859 2.744419
-1.587544 1.882088 2.742155
-1.581614 1.874285 2.744550
-1.580189 1.879405 2.742477
-1.579164 1.881573 2.738415
-1.580253 1.880505 2.734824
-1.581972 1.878287 2.732567
-1.583206 1.869604 2.742877
-1.584952 1.867480 2.740071
-1.586184 1.868023 2.736693
-1.579683 1.866602 2.741852
-1.577052 1.870411 2.742115
-1.564565 1.871788 2.733722
-1.568574 1.874617 2.734878
-1.568298 1.873357 2.736621
-1.564126 1.871290 2.735869
-1.572999 1.877665 2.737628
-1.571060 1.875388 2.738207
-1.572510 1.873785 2.740345
-1.568571 1.871634 2.740035
-1.571341 1.868303 2.740951
-1.567358 1.866241 2.740314
-1.564473 1.869398 2.739195
-1.573593 1.870918 2.741930
-1.561397 1.869630 2.735791
-1.561439 1.869145 2.733933
-1.575603 1.875693 2.740866
-1.575116 1.877890 2.733926
-1.570244 1.874569 2.732315
-1.565998 1.871258 2.731334
-1.563417 1.867930 2.731708
-1.572672 1.872781 2.730499
-1.568445 1.869645 2.729910
-1.566113 1.866749 2.730534
-1.575086 1.870106 2.729901
-1.570604 1.867502 2.729790
-1.580560 1.873318 2.731323
-1.577767 1.876038 2.731849
-1.568266 1.865997 2.730476
-1.561214 1.865538 2.736387
-1.563468 1.864041 2.734266
-1.561068 1.867429 2.738424
-1.573296 1.866262 2.741322
-1.569031 1.864099 2.740034
-1.575243 1.864156 2.740136
-1.570601 1.862427 2.738899
-1.564828 1.863708 2.739032
-1.564019 1.865235 2.739817
-1.583920 1.875010 2.731978
-1.585738 1.871101 2.733535
-1.582721 1.869661 2.732544
-1.577144 1.866401 2.731236
-1.583497 1.866446 2.735436
-1.581540 1.865347 2.738792
-1.576808 1.863059 2.737555
-1.577892 1.863544 2.734336
-1.572160 1.861952 2.736927
-1.573159 1.862329 2.734213
-1.572301 1.864481 2.731149
-1.568507 1.861824 2.735279
-1.566563 1.862200 2.737250
-1.566311 1.863604 2.732622
-1.570069 1.862101 2.733701
-1.568867 1.863743 2.731744
-1.614325 1.868676 2.725507
-1.609103 1.855428 2.739044
-1.610561 1.851671 2.739593
-1.612964 1.852602 2.739082
-1.611951 1.856431 2.738267
-1.609449 1.860401 2.747015
-1.608168 1.860943 2.743536
-1.613118 1.863371 2.742184
-1.614802 1.863392 2.745856
-1.612203 1.856050 2.748512
-1.616803 1.859043 2.749200
-1.620084 1.864144 2.741462
-1.617512 1.863837 2.738143
-1.625058 1.862232 2.729589
-1.629358 1.862246 2.731610
-1.628618 1.844332 2.729615
-1.626940 1.844998 2.725523
-1.621060 1.846733 2.732114
-1.624204 1.845529 2.734722
-1.608253 1.858654 2.740776
-1.612322 1.860588 2.739388
-1.618175 1.847672 2.741724
-1.616115 1.849232 2.738726
-1.614203 1.849274 2.740768
-1.615506 1.847009 2.743179
-1.624001 1.847688 2.722938
-1.622625 1.852771 2.722468
-1.619960 1.854016 2.727796
-1.619332 1.850158 2.730334
-1.621509 1.858114 2.728881
-1.620880 1.849264 2.744257
-1.622142 1.853871 2.746463
-1.631172 1.850605 2.737361
-1.627323 1.846509 2.736930
-1.615316 1.860677 2.736877
-1.615364 1.852558 2.736467
-1.614123 1.856724 2.736238
-1.622767 1.860538 2.744730
-1.617591 1.852480 2.748219
-1.606909 1.843277 2.747689
-1.612828 1.845894 2.747725
-1.612582 1.845024 2.744103
-1.607250 1.842758 2.744904
-1.616038 1.847989 2.746833
-1.612260 1.849914 2.749960
-1.603455 1.853040 2.739708
-1.605497 1.849180 2.739926
-1.602192 1.855740 2.741580
-1.632840 1.858301 2.734932
-1.601990 1.856787 2.747818
-1.601410 1.857253 2.744457
-1.611726 1.848139 2.741476
-1.606627 1.845302 2.741931
-1.605940 1.846636 2.749572
-1.604147 1.852650 2.749751
-1.600430 1.843888 2.749148
-1.598245 1.850146 2.750573
-1.597308 1.854173 2.748047
-1.597558 1.855238 2.744792
-1.598729 1.854105 2.742016
-1.601633 1.840756 2.746922
-1.602497 1.841074 2.744111
-1.602513 1.844014 2.742151
-1.597373 1.839871 2.745610
-1.595265 1.842679 2.748052
-1.584785 1.850331 2.744143
-1.588487 1.851714 2.745324
-1.588100 1.850075 2.746713
-1.584643 1.849426 2.745816
-1.593134 1.852212 2.747384
-1.591239 1.850364 2.747872
-1.592740 1.847571 2.748418
-1.588693 1.847026 2.748063
-1.589841 1.842759 2.747858
-1.585754 1.842220 2.747098
-1.584749 1.846410 2.748036
-1.592670 1.844068 2.748210
-1.581983 1.848526 2.745711
-1.581528 1.848564 2.743902
-1.595367 1.848285 2.748923
-1.594260 1.853875 2.744652
-1.589256 1.852341 2.743370
-1.584812 1.850433 2.742082
-1.581967 1.847704 2.741726
-1.590790 1.851581 2.741400
-1.586198 1.849508 2.740416
-1.583675 1.846941 2.740392
-1.592547 1.849499 2.739927
-1.587826 1.847841 2.739479
-1.597586 1.850760 2.740340
-1.595902 1.853138 2.742193
-1.585273 1.846488 2.739676
-1.580587 1.844806 2.744827
-1.581565 1.844301 2.742406
-1.581265 1.845536 2.747368
-1.590914 1.840614 2.746737
-1.586217 1.840275 2.745974
-1.592438 1.839491 2.744825
-1.586968 1.839802 2.744174
-1.582488 1.841596 2.745436
-1.582793 1.842503 2.747019
-1.600399 1.851461 2.740055
-1.601757 1.847849 2.740292
-1.598943 1.846975 2.739953
-1.593800 1.846101 2.739456
-1.599153 1.843122 2.741336
-1.598820 1.840238 2.742887
-1.593150 1.840005 2.742860
-1.593842 1.842283 2.740613
-1.587896 1.840500 2.742007
-1.588733 1.842317 2.740227
-1.588732 1.845160 2.739225
-1.584572 1.842216 2.741396
-1.583274 1.841496 2.743087
-1.583291 1.844374 2.740838
-1.585829 1.842999 2.740329
-1.585336 1.844682 2.739898
-1.630610 1.845538 2.732172
-1.589349 1.875289 2.660194
-1.590608 1.873519 2.664424
-1.583306 1.860580 2.668477
-1.587386 1.865406 2.669486
-1.579257 1.858596 2.663952
-1.578136 1.864559 2.656086
-1.577690 1.860777 2.659416
-1.589671 1.870166 2.667625
-1.586217 1.874853 2.656328
-1.581208 1.869948 2.654208
-1.577570 1.877098 2.659773
-1.572416 1.873224 2.658283
-1.569787 1.866059 2.660460
-1.571353 1.862529 2.663728
-1.574660 1.860502 2.667269
-1.582893 1.878387 2.663095
-1.585047 1.877092 2.666600
-1.585306 1.872973 2.669668
-1.574841 1.881594 2.666497
-1.567019 1.881525 2.666240
-1.554878 1.872941 2.674144
-1.558209 1.870265 2.671538
-1.556918 1.873845 2.669610
-1.553647 1.875792 2.671518
-1.562002 1.869427 2.667674
-1.559555 1.873428 2.668135
-1.560718 1.877727 2.666948
-1.557406 1.879233 2.667776
-1.562284 1.881375 2.667108
-1.560123 1.883872 2.668293
-1.553527 1.881002 2.669309
-1.551322 1.877959 2.673188
-1.551241 1.882206 2.672346
-1.552488 1.876831 2.675929
-1.563969 1.876142 2.664997
-1.565919 1.863832 2.669455
-1.560841 1.867132 2.673897
-1.557211 1.871412 2.677231
-1.555552 1.876399 2.678696
-1.565043 1.866611 2.677084
-1.561256 1.871927 2.679851
-1.559380 1.876687 2.680423
-1.569602 1.869587 2.678864
-1.564750 1.874307 2.680762
-1.575971 1.863664 2.674548
-1.570779 1.861880 2.672128
-1.562280 1.877087 2.680792
-1.552144 1.882503 2.676279
-1.556042 1.881944 2.678637
-1.563990 1.885216 2.669746
-1.556819 1.885609 2.669899
-1.560108 1.887216 2.672265
-1.568656 1.885104 2.671410
-1.563462 1.886979 2.674864
-1.555826 1.886724 2.674469
-1.553694 1.885807 2.671681
-1.579310 1.862217 2.670677
-1.583239 1.867487 2.671309
-1.579880 1.869256 2.674474
-1.573018 1.874390 2.678271
-1.580703 1.875272 2.673030
-1.579394 1.880193 2.669155
-1.572116 1.883531 2.673931
-1.573776 1.879795 2.676524
-1.566312 1.884970 2.677254
-1.567716 1.881818 2.678872
-1.566941 1.877995 2.680173
-1.562219 1.883941 2.679000
-1.559156 1.885904 2.677278
-1.559905 1.880879 2.679960
-1.564204 1.882103 2.679626
-1.563069 1.879764 2.680413
-1.629538 1.842928 2.722943
-1.625943 1.846119 2.719504
-1.628458 1.842627 2.716129
-1.629947 1.837162 2.711942
-1.635720 1.830597 2.711145
-1.628023 1.841008 2.707395
-1.626283 1.846638 2.712010
-1.623005 1.852420 2.716615
-1.628678 1.840093 2.699409
-1.755586 2.062899 2.326324
-1.753631 2.065798 2.324958
-1.750642 2.060187 2.327728
-1.753117 2.058586 2.328035
-1.744727 2.064245 2.324369
-1.747954 2.061955 2.326530
-1.750739 2.068203 2.322412
-1.748273 2.070188 2.317303
-1.741796 2.066595 2.312755
-1.740391 2.066616 2.312474
-1.740122 2.066159 2.312931
-1.741256 2.065429 2.314312
-1.742674 2.066083 2.316592
-1.758242 2.056260 2.327556
-1.757985 2.057803 2.327125
-1.757156 2.060295 2.327005
-1.742830 2.065871 2.320351
-1.756538 2.055880 2.327467
-1.757876 2.055745 2.327646
-1.746263 2.069087 2.313323
-1.746657 2.066582 2.324359
-1.749646 2.064046 2.326364
-1.749099 2.068594 2.323182
-1.746541 2.069587 2.318912
-1.742741 2.065381 2.314436
-1.743726 2.067423 2.316633
-1.752035 2.061796 2.327538
-1.744385 2.067949 2.320145
-1.751637 2.065701 2.325680
-1.744961 2.067562 2.316009
-1.743204 2.066566 2.314537
-1.757833 2.056515 2.327038
-1.757559 2.056179 2.327114
-1.673018 1.813710 2.315291
-1.666058 1.798738 2.323844
-1.753681 2.063208 2.327080
-1.755501 2.058648 2.327734
-1.754050 2.059968 2.327898
-1.755222 2.061002 2.327532
-1.756206 2.059213 2.327572
-1.762479 1.740162 2.396098
-1.772874 1.751311 2.396934
-1.818058 1.746731 2.390755
-1.828640 1.732071 2.382925
-1.599261 1.559635 2.357511
-1.668970 1.582003 2.199673
-1.677418 1.600796 2.193669
-1.616770 1.619439 2.165717
-1.632350 1.610164 2.169136
-1.679072 1.561076 2.294713
-1.686579 1.576772 2.291666
-1.637228 1.566141 2.335109
-1.644883 1.582539 2.332739
-1.662890 1.545846 2.315557
-1.635478 1.556634 2.186341
-1.648125 1.550334 2.195738
-1.651732 1.571415 2.192925
-1.640034 1.578631 2.182008
-1.600826 1.628561 2.167088
-1.593950 1.604469 2.172625
-1.701978 1.593237 2.269681
-1.704654 1.594881 2.247824
-1.694331 1.606730 2.208340
-1.685012 1.617210 2.192720
-1.674197 1.629300 2.180911
-1.661959 1.641698 2.171286
-1.638456 1.603819 2.341370
-1.630329 1.625900 2.346109
-1.693600 1.593509 2.289710
-1.587092 1.622160 2.356746
-1.660091 1.671936 2.159240
-1.642123 1.683300 2.153819
-1.701643 1.599159 2.227169
-1.659637 1.761776 2.349943
-1.674424 1.757788 2.350117
-1.666813 1.744464 2.358627
-1.651601 1.747861 2.357942
-1.680793 1.740261 2.358239
-1.693866 1.735543 2.356285
-1.705365 1.730790 2.353184
-1.727783 1.717562 2.339623
-1.722054 1.721725 2.344509
-1.736078 1.706254 2.327687
-1.732378 1.712897 2.334072
-1.738505 1.694897 2.318726
-1.740021 1.682485 2.308276
-1.747294 1.682044 2.291422
-1.741063 1.670998 2.295743
-1.733593 1.671815 2.313690
-1.732763 1.683488 2.324534
-1.729916 1.693940 2.333615
-1.614831 1.691461 2.363308
-1.622181 1.714138 2.366658
-1.678615 1.828186 2.307988
-1.754951 1.694093 2.586080
-1.687618 1.803049 2.605558
-1.697155 1.840135 2.174878
-1.716336 1.833091 2.172776
-1.774762 1.811514 2.182688
-1.790314 1.816537 2.198638
-1.754964 1.811463 2.170700
-1.733604 1.815735 2.167502
-1.686265 1.611486 2.306078
-1.706390 1.803475 2.163988
-1.732463 1.805708 2.163893
-1.758169 1.798613 2.168151
-1.780148 1.797027 2.179806
-1.799723 1.802502 2.198099
-1.810104 1.801055 2.207143
-1.820891 1.781424 2.215980
-1.827315 1.781035 2.227034
-1.833700 1.779592 2.240753
-1.835918 1.796130 2.249430
-1.830788 1.797176 2.235913
-1.835263 1.742824 2.349016
-1.832515 1.729369 2.363060
-1.830355 1.714294 2.368525
-1.825373 1.699981 2.369555
-1.820058 1.691983 2.368914
-1.813799 1.686006 2.363035
-1.808002 1.684188 2.347890
-1.791138 1.692460 2.304091
-1.786872 1.696441 2.284175
-1.773149 1.689048 2.230602
-1.766792 1.687536 2.219953
-1.742493 1.675329 2.199986
-1.728601 1.669135 2.192617
-1.714283 1.659960 2.185625
-1.629515 1.453226 2.190013
-1.647377 1.453344 2.199758
-1.644271 1.472545 2.202085
-1.626822 1.473662 2.192891
-1.596318 1.522110 2.186723
-1.577690 1.528101 2.185802
-1.681186 1.473135 2.253012
-1.683902 1.473890 2.276297
-1.659512 1.472719 2.214994
-1.672678 1.472714 2.232548
-1.679666 1.474706 2.298566
-1.619015 1.472704 2.361225
-1.600430 1.473662 2.371518
-1.563756 1.479123 2.384261
-1.546169 1.483058 2.386122
-1.669892 1.474474 2.319051
-1.581853 1.475702 2.379931
-1.655580 1.473002 2.335501
-1.637452 1.472670 2.349193
-1.612528 1.517425 2.190502
-1.610626 1.496423 2.189680
-1.626383 1.493216 2.194846
-1.669118 1.737596 2.148447
-1.688756 1.730802 2.151915
-1.709168 1.725337 2.156737
-1.735682 1.731570 2.162068
-1.728848 1.721186 2.162496
-1.747913 1.716794 2.171699
-1.754096 1.725864 2.171137
-1.781904 1.718550 2.202701
-1.776031 1.711527 2.201979
-1.785185 1.709527 2.216627
-1.790740 1.717095 2.215121
-1.792594 1.707973 2.228899
-1.798746 1.707345 2.242413
-1.803300 1.707731 2.258814
-1.807724 1.707432 2.276016
-1.821289 1.724578 2.268851
-1.816402 1.725844 2.252873
-1.788086 1.727730 2.202440
-1.776809 1.729859 2.187745
-1.681580 1.760175 2.156103
-1.662127 1.765806 2.157712
-1.743693 1.664001 2.282025
-1.746761 1.659006 2.266861
-1.748979 1.657969 2.251990
-1.750585 1.659923 2.239066
-1.751515 1.664695 2.226330
-1.751980 1.671254 2.215107
-1.759896 1.683720 2.211938
-1.752234 1.679353 2.205567
-1.762285 1.690866 2.206837
-1.753482 1.687814 2.197821
-1.755671 1.697146 2.191399
-1.758890 1.706185 2.186841
-1.763803 1.714012 2.185270
-1.769727 1.721566 2.185734
-1.761981 1.734574 2.172589
-1.744052 1.740675 2.162585
-1.731325 1.758951 2.158809
-1.740540 1.767596 2.160195
-1.723730 1.747959 2.158021
-1.715885 1.737486 2.156753
-1.765032 1.847172 2.203993
-1.749733 1.851212 2.194369
-1.815827 1.695914 2.338077
-1.813164 1.693454 2.335453
-1.811148 1.689842 2.341002
-1.815403 1.692089 2.348182
-1.820104 1.697510 2.352107
-1.824697 1.708457 2.339930
-1.819096 1.700572 2.339798
-1.825357 1.705074 2.353147
-1.830021 1.716511 2.351972
-1.829510 1.718291 2.338297
-1.833341 1.728278 2.347615
-1.833438 1.727978 2.335298
-1.836147 1.738019 2.338667
-1.836057 1.735303 2.331464
-1.836438 1.744607 2.286625
-1.837834 1.741992 2.303455
-1.837291 1.738671 2.319627
-1.812251 1.705671 2.293921
-1.816118 1.704426 2.310943
-1.818435 1.702991 2.327800
-1.823952 1.711097 2.326053
-1.821753 1.711831 2.308577
-1.818499 1.713089 2.290453
-1.674961 1.748091 2.151101
-1.695005 1.744243 2.151858
-1.798376 1.716262 2.227238
-1.804215 1.716208 2.238915
-1.809429 1.716783 2.252400
-1.814623 1.715532 2.271112
-1.810596 1.726222 2.237403
-1.804329 1.726605 2.225056
-1.796775 1.727079 2.214165
-1.703250 1.754327 2.155452
-1.655525 1.753254 2.151904
-1.784353 1.802403 2.309636
-1.802685 1.816362 2.299181
-1.821129 1.818385 2.284075
-1.833134 1.810288 2.265648
-1.756212 1.652746 2.508455
-1.587892 1.580615 2.177567
-1.582412 1.555117 2.182322
-1.599780 1.546972 2.182155
-1.623829 1.691203 2.152071
-1.650394 1.744963 2.145832
-1.701216 1.701802 2.363898
-1.692150 1.706186 2.367765
-1.698229 1.718716 2.361065
-1.707613 1.713937 2.357228
-1.715705 1.693402 2.352576
-1.709382 1.697134 2.358531
-1.715370 1.709162 2.351990
-1.721846 1.704710 2.346523
-1.720638 1.688627 2.346092
-1.726632 1.700056 2.340362
-1.703113 1.684373 2.362670
-1.695237 1.688131 2.368353
-1.686585 1.691995 2.372601
-1.714347 1.677676 2.350080
-1.709299 1.681286 2.356387
-1.668854 1.979729 2.322807
-1.662565 1.993780 2.332112
-1.675901 2.033562 2.327857
-1.679279 2.035336 2.325198
-1.684213 1.850535 2.294548
-1.687412 1.860682 2.289846
-1.629762 1.733256 2.364018
-1.645139 1.764158 2.349868
-1.650779 1.771264 2.338910
-1.658327 1.783779 2.330948
-1.680447 1.840918 2.301537
-1.637084 1.749271 2.358099
-1.653094 1.287463 2.250117
-1.633742 1.269648 2.235667
-1.644092 1.293948 2.231030
-1.628956 1.281509 2.220706
-1.667170 1.362074 2.238617
-1.660731 1.337096 2.239063
-1.674808 1.388491 2.237050
-1.608963 1.275777 2.209353
-1.584588 1.277373 2.200557
-1.586797 1.295199 2.188572
-1.660867 1.384263 2.216152
-1.654262 1.358306 2.218479
-1.638365 1.298560 2.220968
-1.653681 1.312923 2.236465
-1.642725 1.312463 2.220313
-1.609230 1.292300 2.199449
-1.627235 1.293974 2.211898
-1.592443 1.457784 2.180333
-1.566807 1.442500 2.172657
-1.591804 1.435673 2.176253
-1.663893 1.454467 2.213813
-1.649422 1.431592 2.197526
-1.629500 1.310511 2.206655
-1.612195 1.311238 2.192044
-1.590659 1.315587 2.179668
-1.608340 1.386481 2.174212
-1.602564 1.363043 2.172606
-1.622693 1.358653 2.185388
-1.627787 1.383139 2.185205
-1.648404 1.407792 2.197574
-1.644810 1.382385 2.198782
-1.611867 1.409737 2.177108
-1.631060 1.407904 2.186032
-1.631763 1.431411 2.187397
-1.639243 1.356267 2.200575
-1.571058 1.345236 2.166087
-1.595731 1.338778 2.173863
-1.544158 1.354676 2.166694
-1.612782 1.432932 2.180405
-1.611493 1.455142 2.184251
-1.610736 1.476359 2.187865
-1.615718 1.540326 2.186091
-1.579021 1.135552 2.443868
-1.497915 1.296158 2.324004
-1.496661 1.295137 2.301652
-1.672230 1.352014 2.343806
-1.674106 1.312699 2.285673
-1.664923 1.312744 2.258314
-1.526518 1.310611 2.374468
-1.510197 1.301579 2.356844
-1.655830 1.357176 2.364737
-1.602714 1.335324 2.395249
-1.500705 1.298108 2.340874
-1.647982 1.333952 2.219840
-1.633327 1.331732 2.202752
-1.616353 1.333509 2.186697
-1.564811 1.323285 2.171439
-1.538131 1.334049 2.171344
-1.523870 1.367579 2.375470
-1.522016 1.377812 2.377821
-1.514406 1.378471 2.376974
-1.511831 1.364736 2.373191
-1.615470 1.455535 2.363452
-1.595746 1.456460 2.373282
-1.558078 1.461585 2.384521
-1.541353 1.465483 2.386349
-1.670984 1.456970 2.322613
-1.576073 1.458405 2.380117
-1.654899 1.455653 2.339081
-1.635324 1.455461 2.352380
-1.456455 0.708237 2.395147
-1.451644 0.682883 2.402213
-1.452858 0.682303 2.387986
-1.455465 0.708640 2.381506
-1.471694 0.706465 2.356955
-1.460887 0.707660 2.364284
-1.485373 0.703880 2.355291
-1.477069 0.677061 2.359186
-1.486932 0.675183 2.365766
-1.497312 0.701020 2.360098
-1.504238 0.699809 2.368522
-1.499844 0.673421 2.383836
-1.500737 0.674384 2.400608
-1.511353 0.698617 2.397054
-1.509008 0.699186 2.379501
-1.505215 0.698566 2.415242
-1.496307 0.675187 2.419272
-1.491503 0.700217 2.426074
-1.461106 0.706644 2.409966
-1.454578 0.682802 2.418465
-1.464658 0.679766 2.360752
-1.456229 0.680745 2.369610
-1.456100 0.708264 2.372643
-1.454972 0.681537 2.378556
-1.444504 0.656530 2.396205
-1.437664 0.660365 2.410515
-1.456652 0.652529 2.363599
-1.452000 0.653777 2.375415
-1.477287 0.649463 2.371500
-1.468543 0.650406 2.360891
-1.495664 0.646711 2.388099
-1.494321 0.674110 2.374450
-1.486634 0.648040 2.379803
-1.495970 0.649183 2.404112
-1.490343 0.652299 2.426247
-1.445109 0.661392 2.428617
-1.448922 0.654664 2.385916
-1.481142 0.596573 2.585958
-1.474671 0.598307 2.587208
-1.477073 0.602501 2.585443
-1.481120 0.600796 2.584595
-1.447170 0.611028 2.595181
-1.435704 0.612311 2.593478
-1.439884 0.620741 2.593609
-1.448308 0.619834 2.595277
-1.462907 0.604987 2.595187
-1.469988 0.602436 2.594498
-1.466794 0.599002 2.591906
-1.462397 0.600726 2.592295
-1.499573 0.587648 2.557656
-1.504109 0.584818 2.555185
-1.501933 0.581853 2.554641
-1.498267 0.583239 2.556194
-1.487387 0.591992 2.575237
-1.492517 0.589248 2.572815
-1.489800 0.586588 2.571626
-1.486147 0.587593 2.572996
-1.450893 0.618733 2.572568
-1.450976 0.620402 2.585904
-1.438580 0.621594 2.584062
-1.437950 0.623741 2.569823
-1.429505 0.615269 2.582275
-1.434384 0.607767 2.580980
-1.432286 0.605242 2.567514
-1.428141 0.614834 2.567057
-1.445689 0.604019 2.583140
-1.445134 0.602132 2.570765
-1.454374 0.608123 2.573192
-1.456564 0.609765 2.586822
-1.471849 0.602488 2.574495
-1.474635 0.601635 2.586223
-1.470996 0.608942 2.586565
-1.469147 0.610929 2.574000
-1.463503 0.611502 2.587609
-1.459468 0.614030 2.575691
-1.453459 0.606712 2.576181
-1.455889 0.607473 2.588965
-1.458934 0.600260 2.586279
-1.456002 0.599705 2.573919
-1.464662 0.597552 2.573419
-1.467212 0.597323 2.585126
-1.484149 0.603722 2.567756
-1.482537 0.601225 2.578690
-1.475544 0.603414 2.579629
-1.474482 0.606403 2.569877
-1.469491 0.598660 2.581022
-1.473004 0.593346 2.579906
-1.471755 0.593351 2.569814
-1.468487 0.599374 2.571476
-1.480412 0.591049 2.568544
-1.479828 0.590950 2.579221
-1.486377 0.596240 2.568936
-1.485510 0.594829 2.579317
-1.499045 0.589302 2.556220
-1.495820 0.587754 2.565985
-1.495260 0.594140 2.566229
-1.497952 0.596741 2.555818
-1.490355 0.597163 2.567680
-1.490632 0.599310 2.559233
-1.484651 0.594616 2.569159
-1.484533 0.587354 2.567938
-1.485973 0.587358 2.559978
-1.485953 0.595160 2.562083
-1.490884 0.584480 2.566380
-1.493246 0.584259 2.556834
-1.509527 0.590229 2.540159
-1.508720 0.583283 2.538725
-1.507993 0.583845 2.548523
-1.508240 0.589701 2.548959
-1.502617 0.592220 2.551191
-1.503568 0.593361 2.544504
-1.497698 0.589078 2.552197
-1.496551 0.582536 2.551430
-1.497366 0.582091 2.545184
-1.499742 0.589200 2.546883
-1.502492 0.579866 2.549565
-1.503186 0.579921 2.541074
-1.437821 0.623746 2.555970
-1.453439 0.615794 2.559576
-1.437168 0.608793 2.589606
-1.427880 0.612934 2.553327
-1.443458 0.606960 2.590570
-1.448007 0.599223 2.559164
-1.432501 0.603192 2.553859
-1.452919 0.607263 2.567239
-1.470051 0.607499 2.593102
-1.468389 0.601003 2.565889
-1.465944 0.593199 2.558282
-1.465632 0.609052 2.593441
-1.470191 0.610103 2.558285
-1.485856 0.602615 2.550622
-1.475198 0.594192 2.585294
-1.478884 0.593147 2.584898
-1.482351 0.586742 2.552511
-1.486515 0.595575 2.559786
-1.493423 0.593182 2.571782
-1.499923 0.589117 2.546849
-1.494991 0.581205 2.542229
-1.490233 0.595020 2.572646
-1.500531 0.596702 2.540026
-1.504220 0.588138 2.553596
-1.510068 0.582160 2.527311
-1.503152 0.577129 2.531244
-1.502018 0.590058 2.555275
-1.510478 0.591177 2.529806
-1.468196 0.704492 2.421280
-1.461860 0.681957 2.429773
-1.478689 0.702164 2.427283
-1.484202 0.677390 2.431353
-1.472764 0.679796 2.434607
-1.455078 0.661666 2.441648
-1.478762 0.655371 2.440057
-1.467476 0.659710 2.445030
-1.491846 0.625982 2.389047
-1.494141 0.627687 2.405211
-1.480343 0.627806 2.380199
-1.461458 0.629180 2.360140
-1.471515 0.628374 2.369742
-1.449698 0.647325 2.453981
-1.440034 0.643878 2.437511
-1.464495 0.646344 2.458708
-1.477697 0.640368 2.452278
-1.434316 0.626457 2.539734
-1.433769 0.623453 2.520157
-1.450420 0.629004 2.521504
-1.452364 0.623221 2.540770
-1.467396 0.622620 2.518865
-1.468133 0.615141 2.538162
-1.481090 0.613024 2.512683
-1.482950 0.607284 2.531816
-1.493698 0.603930 2.505265
-1.497323 0.599835 2.523435
-1.504016 0.593451 2.497926
-1.508683 0.592040 2.515604
-1.507964 0.581600 2.495334
-1.511595 0.581250 2.513243
-1.423615 0.612422 2.537294
-1.425357 0.609722 2.517624
-1.430186 0.598440 2.536929
-1.430811 0.594713 2.517528
-1.445982 0.593163 2.536216
-1.445483 0.589297 2.516448
-1.501402 0.571814 2.498536
-1.503025 0.573249 2.516933
-1.463155 0.587826 2.532666
-1.462202 0.584912 2.512613
-1.478279 0.580811 2.527652
-1.476950 0.578280 2.507731
-1.491382 0.575352 2.522005
-1.489812 0.572848 2.502697
-1.447161 0.632496 2.499487
-1.466024 0.631459 2.497889
-1.479007 0.621205 2.490746
-1.489823 0.609202 2.482702
-1.497737 0.595368 2.475980
-1.503325 0.582943 2.473888
-1.490440 0.615428 2.454597
-1.491924 0.595027 2.451123
-1.495456 0.582009 2.451925
-1.488172 0.593487 2.426499
-1.488554 0.580522 2.429097
-1.478459 0.589114 2.387385
-1.479167 0.574419 2.388787
-1.484086 0.578306 2.406673
-1.483362 0.591585 2.404410
-1.489360 0.612034 2.427556
-1.486279 0.609920 2.404821
-1.481251 0.609084 2.388522
-1.463622 0.573678 2.367002
-1.473117 0.572919 2.376593
-1.473068 0.587970 2.375226
-1.465874 0.588589 2.363865
-1.450078 0.590406 2.356942
-1.447649 0.575143 2.362201
-1.436112 0.592985 2.366045
-1.432810 0.578621 2.369597
-1.468117 0.609113 2.366365
-1.474441 0.608400 2.377374
-1.456153 0.610589 2.358667
-1.443495 0.613015 2.366338
-1.440092 0.614857 2.382782
-1.432004 0.595973 2.384392
-1.426050 0.582692 2.385998
-1.434478 0.619818 2.497208
-1.430560 0.607357 2.495032
-1.479335 0.631056 2.469849
-1.464642 0.639716 2.476791
-1.444979 0.636243 2.471444
-1.432178 0.618180 2.471938
-1.432452 0.602991 2.470433
-1.431746 0.598311 2.448187
-1.429839 0.612005 2.447986
-1.434990 0.595038 2.493997
-1.438470 0.594063 2.469435
-1.437233 0.589804 2.447488
-1.428503 0.593551 2.428506
-1.428392 0.606853 2.427680
-1.427109 0.589727 2.412754
-1.430489 0.603033 2.411094
-1.431439 0.599578 2.398233
-1.425713 0.586373 2.399775
-1.435861 0.619978 2.407068
-1.438204 0.617644 2.395290
-1.433239 0.623343 2.423924
-1.434751 0.629268 2.445511
-1.497680 0.572649 2.476555
-1.492491 0.572959 2.454136
-1.485344 0.572706 2.431921
-1.479240 0.568938 2.410341
-1.472893 0.565440 2.393361
-1.466662 0.564358 2.382804
-1.446140 0.567696 2.371288
-1.458538 0.565047 2.374479
-1.435134 0.570531 2.376026
-1.429927 0.572645 2.389458
-1.428538 0.575011 2.401578
-1.432752 0.583616 2.428317
-1.429720 0.578307 2.413540
-1.432543 0.640740 2.417644
-1.437267 0.637712 2.401653
-1.442098 0.635431 2.390801
-1.449936 0.631862 2.365884
-1.446149 0.633475 2.380015
-1.446599 0.587792 2.492492
-1.461896 0.582821 2.488837
-1.475788 0.576876 2.484324
-1.487564 0.572456 2.480307
-1.483900 0.571827 2.457178
-1.473239 0.575035 2.460197
-1.459972 0.579714 2.464089
-1.447407 0.586793 2.467613
-1.477759 0.570475 2.435206
-1.468383 0.572410 2.438174
-1.455620 0.576129 2.441244
-1.444987 0.582115 2.445508
-1.439843 0.576258 2.426179
-1.449175 0.571854 2.421676
-1.461554 0.568972 2.418472
-1.470449 0.567375 2.414553
-1.464416 0.565116 2.398683
-1.455887 0.567123 2.403179
-1.445143 0.569511 2.406707
-1.436829 0.572787 2.411089
-1.459418 0.564434 2.389580
-1.446216 0.565819 2.379226
-1.453779 0.564635 2.382625
-1.438723 0.567448 2.381787
-1.435984 0.569128 2.391089
-1.435740 0.570708 2.400796
-1.443307 0.568576 2.398041
-1.442316 0.567814 2.391091
-1.452604 0.566430 2.394755
-1.449464 0.566289 2.388329
-1.442251 0.567198 2.385539
-1.446137 0.566430 2.384245
-1.486968 0.631852 2.432778
-1.529087 0.961891 2.443008
-1.516029 0.966825 2.437406
-1.544760 0.961732 2.443941
-1.631785 1.358780 2.379187
-1.615365 1.554632 2.347698
-1.630013 1.586991 2.343173
-1.621817 1.570710 2.345106
-1.629895 1.334008 2.389194
-1.681076 1.594652 2.306171
-1.714752 1.726283 2.349303
-1.803214 1.992230 2.308876
-1.800870 1.989537 2.308051
-1.798644 1.986356 2.307459
-1.797241 1.983563 2.305867
-1.797688 1.980729 2.304459
-1.798295 1.979093 2.303261
-1.799477 1.986726 2.305633
-1.801863 1.986850 2.301351
-1.801535 1.989300 2.302161
-1.801008 1.988844 2.306711
