v -0.033636 -0.200908 5.189488
v -0.038099 -0.204403 5.206036
v -0.041403 -0.190624 5.203543
v -0.036729 -0.183982 5.190273
v -0.045085 -0.193715 5.214609
v -0.041249 -0.203969 5.218356
v -0.042667 -0.177250 5.204652
v -0.037548 -0.169072 5.194921
v -0.050231 -0.153602 5.231310
v -0.049070 -0.142797 5.232268
v -0.045581 -0.149040 5.222178
v -0.046935 -0.158052 5.224269
v -0.054893 -0.142715 5.254331
v -0.056869 -0.148108 5.266312
v -0.054756 -0.135934 5.272434
v -0.051206 -0.129933 5.261054
v -0.044639 -0.186048 5.271259
v -0.049392 -0.179965 5.274371
v -0.050338 -0.180048 5.266645
v -0.045051 -0.185848 5.264227
v -0.039401 -0.199192 5.267326
v -0.037045 -0.197911 5.261470
v -0.035477 -0.205617 5.261078
v -0.039051 -0.207188 5.267109
v -0.043502 -0.187243 5.278389
v -0.047750 -0.180668 5.281446
v -0.041474 -0.192058 5.268290
v -0.042146 -0.192888 5.273521
v -0.048498 -0.200451 5.281495
v -0.045753 -0.200277 5.277109
v -0.047804 -0.207530 5.278099
v -0.049502 -0.205789 5.283038
v -0.044149 -0.191594 5.279675
v -0.044796 -0.194544 5.277576
v -0.046646 -0.196056 5.281563
v -0.044587 -0.193530 5.283531
v -0.041677 -0.200212 5.272204
v -0.042923 -0.207706 5.272510
v -0.043109 -0.214843 5.274465
v -0.048460 -0.214252 5.281250
v -0.055799 -0.165321 5.280874
v -0.053445 -0.173014 5.277350
v -0.052013 -0.174449 5.284029
v -0.054422 -0.167881 5.286460
v -0.043540 -0.188998 5.285415
v -0.049929 -0.180050 5.297977
v -0.049144 -0.182201 5.294563
v -0.046845 -0.187723 5.296804
v -0.048067 -0.185893 5.299892
v -0.057159 -0.151406 5.289551
v -0.055900 -0.156870 5.293759
v -0.055756 -0.152865 5.298921
v -0.056407 -0.145664 5.296483
v -0.055203 -0.150420 5.305094
v -0.054905 -0.141384 5.303242
v -0.051466 -0.138916 5.320295
v -0.053120 -0.139200 5.312361
v -0.055008 -0.149802 5.311557
v -0.054540 -0.151873 5.318857
v -0.051453 -0.165143 5.320936
v -0.049039 -0.169006 5.324747
v -0.051790 -0.159234 5.333086
v -0.053870 -0.155807 5.326943
v -0.046984 -0.173101 5.301527
v -0.048069 -0.169510 5.299182
v -0.050195 -0.172862 5.298758
v -0.049388 -0.177571 5.300325
v -0.050364 -0.167634 5.297751
v -0.051660 -0.166495 5.297864
v -0.051319 -0.167434 5.296807
v -0.050270 -0.167562 5.297587
v -0.048825 -0.168242 5.298236
v -0.050168 -0.170069 5.299886
v -0.049596 -0.167953 5.297870
v -0.050141 -0.173240 5.302731
v -0.046099 -0.183505 5.312146
v -0.048081 -0.180951 5.309714
v -0.044313 -0.181222 5.306686
v -0.042896 -0.183776 5.308491
v -0.051512 -0.170430 5.296602
v -0.051949 -0.170326 5.294124
v -0.050764 -0.175951 5.294050
v -0.051056 -0.174291 5.296838
v -0.052969 -0.169715 5.290933
v -0.052426 -0.166805 5.295062
v -0.053837 -0.165232 5.292676
v -0.052093 -0.166466 5.299567
v -0.053143 -0.163495 5.299755
v -0.052523 -0.164288 5.297674
v -0.053104 -0.163571 5.303191
v -0.052014 -0.167529 5.302021
v -0.051534 -0.170056 5.305382
v -0.050678 -0.173524 5.309214
v -0.051413 -0.168558 5.312151
v -0.052314 -0.165521 5.307511
v -0.050979 -0.176309 5.288798
v -0.054210 -0.161052 5.296388
v -0.055466 -0.162488 5.289007
v -0.054523 -0.159002 5.299851
v -0.054394 -0.158001 5.304497
v -0.053944 -0.158848 5.309574
v -0.052831 -0.161821 5.315146
v -0.048438 -0.148192 5.336384
v -0.050794 -0.143849 5.329246
v -0.040787 -0.199898 5.224572
v -0.044750 -0.193261 5.222176
v -0.044053 -0.186414 5.227569
v -0.045247 -0.186206 5.224884
v -0.042393 -0.191977 5.226510
v -0.042467 -0.190851 5.228579
v -0.046425 -0.165483 5.225533
v -0.045629 -0.171423 5.226438
v -0.046196 -0.169296 5.229234
v -0.048481 -0.161764 5.230082
v -0.047808 -0.175945 5.240274
v -0.048115 -0.171964 5.236640
v -0.045008 -0.177510 5.232742
v -0.045504 -0.180961 5.235435
v -0.044176 -0.183952 5.237850
v -0.041746 -0.187379 5.239537
v -0.042943 -0.184410 5.244457
v -0.045767 -0.180210 5.242843
v -0.039174 -0.195438 5.227983
v -0.034406 -0.198363 5.231441
v -0.034954 -0.196793 5.233369
v -0.038892 -0.194280 5.230458
v -0.027823 -0.197455 5.242755
v -0.028166 -0.197633 5.240237
v -0.026590 -0.200438 5.241206
v -0.026562 -0.198502 5.244925
v -0.028626 -0.196118 5.246367
v -0.029176 -0.195542 5.242916
v -0.018891 -0.210797 5.173740
v -0.028011 -0.216534 5.191978
v -0.024806 -0.192268 5.172384
v -0.029421 -0.175146 5.176873
v -0.032061 -0.159845 5.185449
v -0.056778 -0.144569 5.282532
v -0.055198 -0.135258 5.289352
v -0.051860 -0.124903 5.278471
v -0.048540 -0.117859 5.287595
v -0.052465 -0.129550 5.299122
v -0.041181 -0.124528 5.319456
v -0.047575 -0.124994 5.309478
v -0.040533 -0.111094 5.298254
v -0.034706 -0.102342 5.282240
v -0.042625 -0.109923 5.275102
v -0.028961 -0.097937 5.265770
v -0.021838 -0.093432 5.288422
v -0.021162 -0.092474 5.266348
v -0.000860 -0.075390 5.322886
v 0.004009 -0.061472 5.330010
v 0.001775 -0.054276 5.317159
v -0.003299 -0.067098 5.310534
v -0.047140 -0.118252 5.267752
v -0.039233 -0.146570 5.210935
v -0.043271 -0.156704 5.214742
v -0.042228 -0.138258 5.221018
v -0.013956 -0.150513 5.156559
v -0.021698 -0.164497 5.164989
v -0.026662 -0.151303 5.175921
v -0.018830 -0.140219 5.166393
v 0.011412 -0.182718 5.138593
v -0.005246 -0.198104 5.154374
v -0.013752 -0.182164 5.156909
v -0.002186 -0.168672 5.144075
v -0.011425 -0.128675 5.161912
v -0.000933 -0.113923 5.159053
v 0.010198 -0.116903 5.145981
v -0.002617 -0.134980 5.148410
v 0.028809 -0.123273 5.132014
v 0.013958 -0.146154 5.134098
v -0.014136 -0.081551 5.276625
v -0.014816 -0.086379 5.259720
v -0.009798 -0.081397 5.302520
v -0.008106 -0.072575 5.290380
v 0.051200 -0.131050 5.124175
v 0.032366 -0.159861 5.126613
v 0.030026 -0.075735 5.178773
v 0.027027 -0.085544 5.163032
v 0.010078 -0.091011 5.172603
v 0.013753 -0.081014 5.184869
v 0.048684 -0.071279 5.174818
v 0.047983 -0.082851 5.156088
v 0.023150 -0.066832 5.228616
v 0.022149 -0.068744 5.244936
v 0.033782 -0.064979 5.244478
v 0.037214 -0.061661 5.228776
v -0.046928 -0.183413 5.213969
v -0.047076 -0.186024 5.221031
v -0.047007 -0.178658 5.220905
v -0.046451 -0.173937 5.215220
v -0.042819 -0.166392 5.208755
v -0.037876 -0.157430 5.202159
v -0.028014 -0.140858 5.186863
v -0.020710 -0.131246 5.176718
v -0.006818 -0.110534 5.170380
v -0.014714 -0.122517 5.172212
v 0.001577 -0.092658 5.183661
v 0.004054 -0.086220 5.190972
v -0.003529 -0.080111 5.247519
v -0.004023 -0.073593 5.266734
v 0.009225 -0.069084 5.261949
v 0.010277 -0.073340 5.245176
v 0.034557 -0.062351 5.257930
v 0.021769 -0.065785 5.259762
v 0.004941 -0.054384 5.291154
v 0.011789 -0.042175 5.298042
v 0.021552 -0.039286 5.290268
v 0.015723 -0.050533 5.284874
v 0.033373 -0.036199 5.284822
v 0.045235 -0.036063 5.281405
v 0.041309 -0.046163 5.276472
v 0.029416 -0.047701 5.279797
v 0.011861 -0.073691 5.349420
v 0.017005 -0.062815 5.355052
v 0.012140 -0.057116 5.346600
v 0.008110 -0.068447 5.340804
v 0.016846 -0.030732 5.302261
v 0.025249 -0.028247 5.292561
v 0.010421 -0.073684 5.229475
v 0.000332 -0.079429 5.229289
v 0.036205 -0.025469 5.286616
v 0.024292 -0.058269 5.272650
v 0.012493 -0.060539 5.276446
v 0.047215 -0.060866 5.257072
v 0.047794 -0.062334 5.245725
v -0.040386 -0.191364 5.262245
v -0.035967 -0.191320 5.245947
v -0.034591 -0.192408 5.242167
v -0.030859 -0.194048 5.242777
v -0.032048 -0.193928 5.246452
v -0.025681 -0.224875 5.218074
v -0.028569 -0.218562 5.233945
v -0.035977 -0.212610 5.224452
v -0.032791 -0.216320 5.210975
v -0.057229 -0.162031 5.258926
v -0.053759 -0.173553 5.259183
v -0.054673 -0.172848 5.269282
v -0.057383 -0.163762 5.272222
v -0.044742 -0.175705 5.227495
v -0.045212 -0.175718 5.225308
v -0.044516 -0.178610 5.227058
v -0.056661 -0.158515 5.284621
v -0.057596 -0.154133 5.276907
v -0.045088 -0.131466 5.233634
v -0.045589 -0.164992 5.218513
v 0.028186 -0.198973 5.140635
v 0.006893 -0.216640 5.156846
v 0.072583 -0.142361 5.123777
v 0.050394 -0.174503 5.127613
v 0.071355 -0.083286 5.152856
v 0.070965 -0.069200 5.174315
v 0.092127 -0.070830 5.175930
v 0.094767 -0.083666 5.150610
v 0.051509 -0.058647 5.232413
v 0.056902 -0.038510 5.280787
v 0.054227 -0.047906 5.273747
v -0.010209 -0.224872 5.177655
v -0.020589 -0.228026 5.199448
v -0.032280 -0.148242 5.194878
v -0.053618 -0.152437 5.239650
v -0.051627 -0.161139 5.236365
v -0.053466 -0.163554 5.242051
v -0.055919 -0.154142 5.247887
v -0.052410 -0.141194 5.243944
v -0.047288 -0.128871 5.247861
v -0.040355 -0.114284 5.251680
v -0.035624 -0.104716 5.260720
v 0.007448 -0.101020 5.161751
v 0.021623 -0.100054 5.151083
v 0.040976 -0.101895 5.138943
v 0.064719 -0.103947 5.134022
v 0.000657 -0.100466 5.171400
v 0.088163 -0.110812 5.133663
v -0.045080 -0.189853 5.292797
v -0.047261 -0.183170 5.288907
v -0.043097 -0.193138 5.289558
v -0.048989 -0.177055 5.313012
v -0.046750 -0.179902 5.315747
v -0.046859 -0.174865 5.319218
v -0.049573 -0.171779 5.315916
v -0.035379 -0.133029 5.336024
v -0.037878 -0.128076 5.328835
v 0.005576 -0.085416 5.343590
v 0.002565 -0.080787 5.335232
v -0.045575 -0.200783 5.282191
v -0.045356 -0.202717 5.282018
v -0.044568 -0.199388 5.281181
v -0.044037 -0.197631 5.281900
v -0.050416 -0.170131 5.298003
v -0.045996 -0.190143 5.302317
v -0.044411 -0.192263 5.304099
v -0.044240 -0.189033 5.306612
v -0.045997 -0.186976 5.304833
v -0.027797 -0.105981 5.310841
v -0.007855 -0.088468 5.316529
v 0.005149 -0.047461 5.308738
v -0.001641 -0.060027 5.300699
v -0.000366 -0.064922 5.281271
v 0.037725 -0.056512 5.268591
v 0.049588 -0.055583 5.266809
v 0.069511 -0.064620 5.274844
v 0.067628 -0.067454 5.269870
v 0.057927 -0.062313 5.262258
v 0.061043 -0.058459 5.269587
v -0.023040 -0.111793 5.326277
v -0.021656 -0.118019 5.333671
v -0.008024 -0.101695 5.337111
v -0.004200 -0.092650 5.329940
v -0.043434 -0.203170 5.287759
v -0.043677 -0.204463 5.290503
v -0.042137 -0.201040 5.290948
v -0.043073 -0.200769 5.287524
v -0.044664 -0.196199 5.284238
v -0.043162 -0.197014 5.284680
v -0.042915 -0.195774 5.286730
v -0.047110 -0.200633 5.282968
v -0.045651 -0.197386 5.283004
v -0.046592 -0.206686 5.285703
v -0.047606 -0.204345 5.283988
v -0.049392 -0.210337 5.287218
v -0.041853 -0.201686 5.285212
v -0.042240 -0.199521 5.285108
v -0.042946 -0.196881 5.282757
v -0.041737 -0.197111 5.283035
v -0.045777 -0.205743 5.283962
v -0.046080 -0.203548 5.283126
v -0.038293 -0.214565 5.267691
v -0.036374 -0.219667 5.269578
v -0.041202 -0.220074 5.276884
v -0.046117 -0.220237 5.284632
v -0.046881 -0.215116 5.291170
v -0.007142 -0.106485 5.342459
v 0.009388 -0.088679 5.349236
v -0.010537 -0.236817 5.207762
v -0.017171 -0.230753 5.225045
v -0.049533 -0.167662 5.297671
v -0.034825 -0.204447 5.229495
v -0.053087 -0.169666 5.247530
v -0.043974 -0.186197 5.257255
v -0.048876 -0.180503 5.258313
v -0.045911 -0.182000 5.250780
v -0.041771 -0.186960 5.251187
v -0.029567 -0.208009 5.236794
v -0.026939 -0.214744 5.245449
v -0.027068 -0.207224 5.243373
v -0.027324 -0.204247 5.248523
v -0.029318 -0.211405 5.253560
v -0.031929 -0.202901 5.255489
v -0.029371 -0.199016 5.250827
v -0.044739 -0.182559 5.227068
v -0.045573 -0.180907 5.224723
v -0.034790 -0.196140 5.256204
v -0.038820 -0.190839 5.256642
v -0.037059 -0.190697 5.251311
v -0.032669 -0.194356 5.251467
v -0.050042 -0.176287 5.249907
v -0.046147 -0.170975 5.222063
v -0.047412 -0.169542 5.232848
v -0.007146 -0.085109 5.225203
v -0.010257 -0.086380 5.238784
v -0.026329 -0.092938 5.247641
v -0.024358 -0.096229 5.254998
v -0.020551 -0.094222 5.253172
v -0.023033 -0.092289 5.246658
v -0.009721 -0.101049 5.194309
v -0.007450 -0.100593 5.187950
v -0.011737 -0.106475 5.188188
v -0.011560 -0.103767 5.194172
v -0.015430 -0.109759 5.192955
v -0.016816 -0.112811 5.191024
v -0.019847 -0.112185 5.198092
v -0.015639 -0.108340 5.194974
v -0.016364 -0.117010 5.181763
v -0.022139 -0.124921 5.188620
v -0.021663 -0.117829 5.196980
v -0.033194 -0.135099 5.206966
v -0.029139 -0.121065 5.212900
v -0.025402 -0.120956 5.204142
v -0.026964 -0.130688 5.196836
v -0.028438 -0.099754 5.250844
v -0.031903 -0.105302 5.243982
v -0.016020 -0.090569 5.248303
v 0.111903 -0.077708 5.184204
v 0.121338 -0.090417 5.154212
v 0.028780 -0.069325 5.195307
v 0.046433 -0.064187 5.193675
v 0.013986 -0.075010 5.198534
v 0.004157 -0.081620 5.202284
v 0.066665 -0.061392 5.193237
v 0.086599 -0.064451 5.197013
v -0.037076 -0.126846 5.221122
v -0.031829 -0.116437 5.223544
v 0.025357 -0.065694 5.211990
v 0.042643 -0.061371 5.211339
v 0.011764 -0.072357 5.214096
v 0.001970 -0.079204 5.214790
v 0.060345 -0.058008 5.212400
v 0.065470 -0.061972 5.239736
v 0.075588 -0.060012 5.217731
v -0.027388 -0.097082 5.238277
v -0.027440 -0.100220 5.241799
v -0.026631 -0.095660 5.247007
v -0.029056 -0.094100 5.243680
v -0.038890 -0.119849 5.234652
v -0.032503 -0.110854 5.233997
v -0.034397 -0.213479 5.261143
v -0.027463 -0.218724 5.255824
v -0.031983 -0.219263 5.262688
v -0.024279 -0.220265 5.248044
v 0.068433 -0.188685 5.135386
v 0.043542 -0.212630 5.148029
v 0.109280 -0.122352 5.139288
v 0.092514 -0.155522 5.130748
v -0.046317 -0.171789 5.327316
v -0.048863 -0.162723 5.337247
v -0.043154 -0.194272 5.295307
v -0.041716 -0.195907 5.297390
v -0.042909 -0.193611 5.300851
v -0.044491 -0.191875 5.298932
v -0.029145 -0.200864 5.236180
v 0.060814 -0.065153 5.251136
v 0.064336 -0.052066 5.276115
v 0.067094 -0.043655 5.283484
v 0.048135 -0.026293 5.283839
v 0.060903 -0.029108 5.284535
v -0.041541 -0.198688 5.294297
v -0.042532 -0.196855 5.292176
v -0.045244 -0.205488 5.283129
v -0.047863 -0.183059 5.302467
v -0.042640 -0.198379 5.289560
v -0.043285 -0.199016 5.286606
v -0.041105 -0.202220 5.292941
v -0.040460 -0.199241 5.295494
v -0.039637 -0.188317 5.245243
v -0.038176 -0.190217 5.240767
v -0.046213 -0.207395 5.289902
v -0.044488 -0.206140 5.287245
v -0.044307 -0.208993 5.293056
v 0.007764 -0.050181 5.336298
v 0.007325 -0.042411 5.324278
v -0.043105 -0.193346 5.305212
v -0.042811 -0.190114 5.307889
v 0.021573 -0.230186 5.165289
v 0.080037 -0.070253 5.248004
v 0.090298 -0.069548 5.228029
v -0.026369 -0.112567 5.216726
v -0.024897 -0.105915 5.218421
v -0.023287 -0.107457 5.211501
v -0.024080 -0.114331 5.208930
v 0.015483 -0.077449 5.354939
v 0.010958 -0.035732 5.313148
v 0.071832 -0.034278 5.287703
v -0.044782 -0.174744 5.228675
v -0.044647 -0.175473 5.230465
v -0.030685 -0.197704 5.236847
v 0.101043 -0.072618 5.204317
v -0.049683 -0.176988 5.306332
v -0.045656 -0.177380 5.304140
v 0.072402 -0.058482 5.280511
v -0.019434 -0.122611 5.338457
v -0.043038 -0.205520 5.292351
v 0.072380 -0.071469 5.257000
v -0.017427 -0.105898 5.203488
v -0.021545 -0.106886 5.204140
v -0.018087 -0.105187 5.208371
v -0.018064 -0.105215 5.207978
v -0.023400 -0.109663 5.202603
v -0.022550 -0.106675 5.204050
v -0.023139 -0.107028 5.200631
v -0.022608 -0.109643 5.198089
v -0.022067 -0.113421 5.203026
v -0.023214 -0.108786 5.206656
v -0.022291 -0.105310 5.197305
v -0.022252 -0.107181 5.195227
v -0.016850 -0.109178 5.194619
v -0.013912 -0.106313 5.195145
v -0.021811 -0.102847 5.192132
v -0.015625 -0.105283 5.191465
v -0.020414 -0.096784 5.190487
v -0.014096 -0.098877 5.189661
v -0.018382 -0.089996 5.190896
v -0.012625 -0.092200 5.191592
v -0.028177 -0.104371 5.234973
v -0.025631 -0.100049 5.233006
v -0.018111 -0.085043 5.195187
v -0.011956 -0.087008 5.197374
v -0.018741 -0.080352 5.201406
v -0.012789 -0.082509 5.204019
v -0.020304 -0.078077 5.208917
v -0.014984 -0.079800 5.211466
v -0.021646 -0.077100 5.216618
v -0.017487 -0.078570 5.219532
v -0.023741 -0.078470 5.224366
v -0.020753 -0.079472 5.229005
v -0.019114 -0.097467 5.193039
v -0.014772 -0.092105 5.195236
v -0.008674 -0.097950 5.197725
v -0.020427 -0.102170 5.194455
v -0.016259 -0.096808 5.211312
v -0.015296 -0.099521 5.211515
v -0.015961 -0.098263 5.211274
v -0.014772 -0.096020 5.212500
v -0.026999 -0.102967 5.225883
v -0.024518 -0.101675 5.226096
v -0.023646 -0.102811 5.220501
v -0.024055 -0.101098 5.230019
v -0.023071 -0.101542 5.229482
v -0.021558 -0.102648 5.226231
v -0.019419 -0.104338 5.221622
v -0.020435 -0.098361 5.231086
v -0.024222 -0.097301 5.230031
v -0.018769 -0.100214 5.230025
v -0.018392 -0.100993 5.230276
v -0.015927 -0.102496 5.226988
v -0.017387 -0.103321 5.224229
v -0.028162 -0.108941 5.225802
v -0.012017 -0.088399 5.222218
v -0.015028 -0.088530 5.233339
v -0.025992 -0.081637 5.231462
v -0.024329 -0.081236 5.237694
v -0.028985 -0.089675 5.244141
v -0.027119 -0.085041 5.242938
v -0.009464 -0.095287 5.202294
v -0.009869 -0.092212 5.207970
v -0.019119 -0.090201 5.241014
v -0.010452 -0.089892 5.214279
v -0.022518 -0.081649 5.222064
v -0.024150 -0.084595 5.226625
v -0.020549 -0.080664 5.216314
v -0.026143 -0.094683 5.231737
v -0.027468 -0.091510 5.237500
v -0.027222 -0.085897 5.235917
v -0.025867 -0.089170 5.229749
v -0.023465 -0.085436 5.219956
v -0.023548 -0.088257 5.223910
v -0.019109 -0.087044 5.218720
v -0.017620 -0.093757 5.223727
v -0.019305 -0.096501 5.227743
v -0.023588 -0.092700 5.227421
v -0.017711 -0.095793 5.222373
v -0.015753 -0.094845 5.217889
v -0.018395 -0.099567 5.227526
v -0.020478 -0.087355 5.214894
v -0.021155 -0.088742 5.211027
v -0.019634 -0.092456 5.210173
v -0.016998 -0.091474 5.213789
v -0.018444 -0.081568 5.210437
v -0.020107 -0.084826 5.211115
v -0.022460 -0.084082 5.215410
v -0.017789 -0.086722 5.206296
v -0.016140 -0.083813 5.204356
v -0.019367 -0.089249 5.206825
v -0.020109 -0.092892 5.207146
v -0.016327 -0.093403 5.198510
v -0.016521 -0.089864 5.202059
v -0.014909 -0.087388 5.198699
v -0.018220 -0.091806 5.203899
v -0.017824 -0.094769 5.201110
v -0.019012 -0.095884 5.203757
v -0.019035 -0.093242 5.204467
v -0.020668 -0.105542 5.198745
v -0.021063 -0.106674 5.201293
v -0.018045 -0.102072 5.196786
v -0.017993 -0.104235 5.197379
v -0.018354 -0.102029 5.199644
v -0.017910 -0.105033 5.198963
v -0.018080 -0.102496 5.202827
v -0.018243 -0.102974 5.206726
v 0.023572 -0.043483 5.366381
v 0.021168 -0.051953 5.360752
v 0.027489 -0.056046 5.367184
v 0.031555 -0.047496 5.372087
v -0.018615 -0.099278 5.203534
v -0.018316 -0.098417 5.199974
v -0.017003 -0.097602 5.196597
v -0.018831 -0.097594 5.208476
v -0.019093 -0.095719 5.208553
v -0.019182 -0.096041 5.206641
v -0.018689 -0.098920 5.206553
v -0.022234 -0.103800 5.215497
v -0.017537 -0.101397 5.215563
v -0.016947 -0.098479 5.217176
v 0.009443 -0.012654 5.356246
v 0.003703 -0.003248 5.339394
v 0.009364 -0.010331 5.335502
v 0.013543 -0.019588 5.349944
v -0.002723 -0.007515 5.375653
v -0.006721 0.000203 5.393770
v -0.017377 0.004818 5.381516
v -0.013581 0.003621 5.354268
v -0.021696 0.009829 5.403549
v -0.011873 0.007327 5.413046
v -0.032677 0.028629 5.458777
v -0.029912 0.022421 5.441414
v -0.020041 0.016639 5.448904
v -0.022209 0.022296 5.465674
v -0.043255 0.082974 5.515865
v -0.038482 0.075782 5.521647
v -0.028845 0.087583 5.530986
v -0.033907 0.097626 5.524399
v -0.056600 0.036760 5.406667
v -0.057709 0.047084 5.408895
v -0.061624 0.031695 5.393929
v -0.058199 0.023259 5.389748
v -0.014257 0.018929 5.303658
v -0.005561 0.014794 5.304028
v -0.006377 0.009016 5.325224
v -0.015825 0.010113 5.326340
v -0.051936 0.104469 5.466301
v -0.054048 0.091755 5.469415
v -0.052923 0.097292 5.481167
v -0.050307 0.109416 5.479112
v -0.015581 0.162180 5.512555
v -0.010866 0.153314 5.527067
v -0.009848 0.167862 5.537013
v -0.013321 0.177687 5.521735
v -0.016573 0.181346 5.454061
v -0.011784 0.193050 5.460377
v -0.002247 0.203657 5.444158
v -0.007827 0.192067 5.438551
v -0.046572 0.041111 5.446470
v -0.044274 0.032588 5.429374
v -0.038157 0.027992 5.435009
v -0.040614 0.035096 5.452287
v -0.162748 -0.007314 5.454756
v -0.146784 -0.002220 5.438506
v -0.139842 0.002792 5.452477
v -0.155807 -0.002304 5.468741
v -0.008995 0.251459 5.514350
v -0.011464 0.257896 5.523674
v -0.002465 0.269834 5.510251
v 0.000692 0.261772 5.500238
v -0.090998 0.007193 5.346385
v -0.099967 0.012957 5.327249
v -0.091834 0.013598 5.318493
v -0.085377 0.006506 5.339355
v -0.054092 0.068129 5.430932
v -0.055975 0.058814 5.419973
v -0.054965 0.047187 5.420110
v -0.053940 0.057453 5.433665
v -0.018792 0.175650 5.423195
v -0.023584 0.164996 5.412892
v -0.031520 0.157270 5.424823
v -0.027677 0.166703 5.436497
v -0.022932 0.174690 5.446242
v -0.013324 0.184544 5.432048
v -0.052692 0.051562 5.437180
v -0.052704 0.039636 5.421807
v -0.048823 0.035918 5.424966
v -0.050434 0.046511 5.441306
v -0.015720 0.097771 5.536601
v -0.021925 0.110349 5.528652
v -0.017059 0.245641 5.539375
v -0.014498 0.240344 5.530856
v -0.015176 0.229085 5.548060
v -0.017802 0.233789 5.556130
v -0.003361 0.131240 5.530865
v -0.009810 0.139665 5.519518
v -0.016647 0.129297 5.518403
v -0.009351 0.121273 5.527976
v -0.013602 0.221973 5.572656
v -0.011679 0.218376 5.564875
v -0.005274 0.208247 5.579887
v -0.006814 0.211689 5.587792
v -0.026053 0.015838 5.423111
v -0.016678 0.011853 5.431298
v -0.049202 0.094292 5.501245
v -0.047025 0.089296 5.508677
v -0.038438 0.104810 5.516163
v -0.041959 0.109457 5.507554
v -0.051742 0.082866 5.409966
v -0.055926 0.073403 5.401655
v -0.062845 0.046330 5.397997
v -0.056958 0.062867 5.410760
v -0.009221 0.276097 5.517829
v -0.018031 0.262888 5.530759
v -0.017828 0.224038 5.578754
v -0.010725 0.212886 5.594097
v -0.058888 0.102434 5.389098
v -0.057247 0.095858 5.391209
v -0.052371 0.107089 5.388280
v -0.052413 0.114179 5.383711
v -0.011487 0.058331 5.534249
v -0.010835 0.079311 5.539801
v -0.025083 0.072448 5.532278
v -0.025042 0.056578 5.525269
v -0.032359 0.122498 5.510303
v -0.027338 0.117517 5.519802
v -0.023387 0.134937 5.508523
v 0.004315 0.062589 5.540818
v 0.007764 0.089327 5.544702
v -0.005293 0.007098 5.439776
v -0.008076 0.011348 5.455864
v -0.001491 0.001267 5.422972
v 0.002863 -0.006145 5.406945
v 0.013484 -0.011816 5.417764
v 0.009654 -0.004051 5.433288
v 0.006898 -0.014679 5.392205
v 0.016507 -0.021107 5.404158
v 0.016700 -0.023200 5.370428
v 0.019475 -0.028909 5.363132
v -0.053886 0.073504 5.419677
v -0.052045 0.082507 5.428771
v -0.022538 0.236422 5.562735
v 0.004379 0.110213 5.299759
v -0.014361 0.107468 5.302950
v -0.009410 0.117677 5.311037
v 0.012079 0.119552 5.306588
v -0.026002 0.011140 5.324225
v -0.023052 0.021024 5.301625
v -0.053327 0.123496 5.367168
v -0.048881 0.126301 5.369972
v -0.034174 0.134287 5.361020
v -0.039236 0.130938 5.358928
v -0.064887 0.106877 5.386686
v -0.070869 0.105289 5.386678
v -0.088674 0.097373 5.399851
v -0.084161 0.097552 5.400898
v 0.010473 0.280193 5.499326
v 0.015091 0.270265 5.489222
v 0.035440 0.197356 5.399486
v 0.024796 0.188062 5.391183
v 0.010949 0.190461 5.403751
v 0.019531 0.199661 5.411853
v 0.109109 0.069551 5.332758
v 0.091362 0.080696 5.323018
v 0.096582 0.089964 5.330075
v 0.113479 0.080593 5.339554
v 0.045098 0.093304 5.296719
v 0.066991 0.083548 5.305819
v 0.062484 0.075781 5.300214
v 0.039491 0.084363 5.291035
v 0.027392 0.108243 5.299999
v 0.035825 0.116340 5.307014
v -0.007975 0.179701 5.409405
v -0.014843 0.168559 5.401067
v -0.025746 0.155142 5.385015
v -0.030530 0.148282 5.380600
v -0.036939 0.144366 5.389391
v -0.033290 0.150657 5.394723
v 0.003491 0.008106 5.302852
v 0.001798 0.021612 5.286949
v 0.012539 0.012986 5.286286
v 0.059935 0.026812 5.288261
v 0.049205 0.027033 5.284779
v 0.046151 0.037107 5.285390
v 0.061981 0.033570 5.290763
v 0.112739 0.136406 5.360161
v 0.114339 0.152034 5.373701
v 0.133134 0.143019 5.380070
v 0.131845 0.129366 5.366931
v -0.031767 0.142119 5.371773
v -0.030248 0.140507 5.367122
v -0.041401 0.131225 5.371360
v -0.040895 0.132643 5.375084
v -0.020572 0.147519 5.365640
v -0.024753 0.149212 5.372745
v -0.019324 0.156076 5.376078
v -0.013197 0.154641 5.367652
v 0.013189 0.177485 5.384535
v 0.002241 0.169184 5.377362
v -0.006904 0.169940 5.389143
v 0.002043 0.179666 5.396495
v 0.136176 0.197349 5.427002
v 0.137250 0.181291 5.411185
v 0.121250 0.188601 5.405531
v 0.122465 0.206569 5.421094
v -0.070363 0.069462 5.399183
v -0.081370 0.061784 5.412708
v -0.079137 0.050263 5.410465
v -0.071527 0.057046 5.399346
v -0.107093 0.096433 5.393645
v -0.109391 0.095224 5.388536
v -0.120604 0.090490 5.394224
v -0.118562 0.092490 5.398723
v -0.097826 0.064048 5.433672
v -0.112721 0.057425 5.452776
v -0.107613 0.046855 5.447122
v -0.093422 0.054290 5.429217
v -0.027301 0.040563 5.282497
v -0.019336 0.035872 5.282954
v -0.031908 0.022912 5.299488
v -0.090288 0.085564 5.419765
v -0.093866 0.090145 5.418945
v -0.108375 0.085492 5.435131
v -0.104232 0.079958 5.437566
v -0.173073 -0.006057 5.441201
v -0.156862 -0.000721 5.425142
v -0.133604 0.060757 5.473122
v -0.116622 0.066510 5.456355
v -0.121149 0.074421 5.455682
v -0.139472 0.069454 5.472892
v 0.026822 0.208911 5.418987
v 0.043516 0.205903 5.407990
v 0.043630 0.296966 5.487917
v 0.050775 0.281348 5.475501
v 0.033129 0.277779 5.480857
v 0.026418 0.290901 5.492273
v 0.005157 0.291206 5.509469
v 0.036855 0.308834 5.501300
v 0.020190 0.301328 5.503831
v 0.026196 -0.006689 5.289970
v 0.019340 0.003877 5.287091
v 0.035049 0.005524 5.282098
v 0.040738 -0.006553 5.283630
v -0.065739 0.351425 5.572531
v -0.076351 0.328690 5.576776
v -0.086834 0.335380 5.594325
v -0.075252 0.361549 5.593918
v 0.067958 0.003726 5.287536
v 0.068171 -0.007553 5.286484
v 0.054729 -0.005793 5.283512
v 0.051597 0.005790 5.283161
v -0.053682 0.335848 5.554839
v -0.064899 0.315660 5.562275
v 0.015618 -0.008823 5.303412
v 0.009498 0.000772 5.302218
v 0.013264 -0.014519 5.318416
v 0.008062 -0.004163 5.319480
v 0.011978 -0.021591 5.332093
v -0.080832 0.306279 5.584835
v -0.091802 0.308513 5.597164
v 0.037890 -0.016383 5.286557
v 0.051554 -0.016965 5.284313
v 0.065956 -0.019674 5.286760
v 0.078042 -0.025476 5.290442
v 0.088263 -0.033305 5.295155
v 0.083414 -0.040449 5.292679
v -0.017942 0.282507 5.526113
v -0.005287 0.297669 5.517073
v -0.072891 0.407213 5.703137
v -0.091579 0.386627 5.714766
v -0.067800 0.396989 5.736525
v -0.049839 0.417559 5.720453
v 0.014852 0.419622 5.749366
v -0.021592 0.419734 5.738127
v -0.037494 0.399331 5.754021
v -0.001903 0.394984 5.766123
v 0.080806 0.408816 5.616916
v 0.086817 0.392851 5.597789
v 0.060203 0.396910 5.586854
v 0.054660 0.413085 5.604714
v 0.010722 0.312107 5.512974
v 0.027428 0.321515 5.511529
v -0.024728 0.268283 5.538397
v -0.147286 0.255750 5.652388
v -0.166316 0.238799 5.670841
v -0.171046 0.273685 5.680452
v -0.152768 0.290779 5.662654
v -0.148658 0.333231 5.719165
v -0.129791 0.347391 5.741993
v -0.114360 0.361402 5.727639
v -0.135596 0.344734 5.701630
v -0.002489 0.202875 5.608945
v -0.007474 0.203146 5.616432
v -0.015297 0.214176 5.600660
v 0.029294 0.178092 5.643816
v 0.026054 0.177882 5.652164
v 0.012991 0.185085 5.642024
v 0.015785 0.185826 5.633294
v 0.002932 0.225072 5.707284
v 0.006880 0.221780 5.690851
v 0.015866 0.215127 5.701251
v 0.012583 0.224352 5.715976
v -0.078877 0.281340 5.595760
v -0.067700 0.277534 5.588653
v -0.058090 0.260573 5.603636
v -0.066048 0.260897 5.608721
v -0.051544 0.375233 5.767065
v -0.015314 0.369069 5.775740
v -0.130166 0.223524 5.650692
v -0.149796 0.208385 5.667725
v -0.128139 0.187066 5.677733
v -0.106851 0.202858 5.659337
v -0.084444 0.196122 5.678688
v -0.104952 0.179318 5.696113
v -0.000740 0.266103 5.757287
v -0.005734 0.268861 5.755289
v -0.007381 0.255779 5.733109
v -0.000145 0.253412 5.736647
v 0.045016 0.440154 5.704454
v 0.015112 0.444860 5.694034
v -0.002635 0.436816 5.717358
v 0.032180 0.434654 5.727052
v 0.044971 0.327112 5.512808
v 0.053950 0.312151 5.500882
v 0.070698 0.313684 5.504746
v 0.078248 0.297612 5.487596
v 0.061410 0.298106 5.486594
v 0.079318 0.190946 5.391966
v 0.069101 0.181020 5.380104
v 0.052205 0.191409 5.389313
v 0.061167 0.200321 5.398997
v 0.073225 0.091267 5.312901
v 0.078763 0.099658 5.320185
v -0.101553 0.354675 5.765759
v -0.125318 0.335034 5.776502
v -0.096979 0.331999 5.793197
v -0.061845 0.351675 5.780278
v -0.167912 0.312839 5.735454
v -0.166266 0.304378 5.696773
v -0.182030 0.290130 5.714339
v -0.185233 0.219567 5.687510
v -0.190022 0.254734 5.698307
v -0.149835 0.170974 5.696923
v -0.126504 0.164237 5.715120
v -0.056834 0.225270 5.764822
v -0.076753 0.215421 5.778765
v -0.088368 0.193297 5.758937
v -0.068959 0.204055 5.743827
v -0.017128 0.234355 5.681894
v -0.023299 0.238998 5.679840
v -0.037857 0.243269 5.652321
v -0.034092 0.242446 5.649030
v 0.018293 0.185265 5.626009
v 0.028499 0.179969 5.635000
v 0.000973 0.201907 5.602685
v 0.009506 0.192456 5.615657
v 0.006227 0.193168 5.621990
v 0.015283 0.147345 5.589628
v 0.017103 0.158740 5.601382
v 0.006914 0.169031 5.589412
v 0.004246 0.157990 5.577842
v 0.001968 0.145571 5.565057
v 0.013568 0.134528 5.576610
v 0.015950 0.107949 5.548040
v 0.005151 0.120100 5.540202
v -0.001082 0.108697 5.537063
v 0.006971 0.002724 5.448738
v 0.004651 0.007810 5.463793
v -0.087298 0.276138 5.604856
v -0.043362 0.326246 5.791231
v -0.074104 0.314868 5.804457
v -0.064117 0.289954 5.807381
v -0.040248 0.298581 5.795393
v -0.070477 0.297273 5.574548
v -0.023211 0.248892 5.546766
v -0.028268 0.253449 5.553318
v -0.023560 0.164085 5.474030
v -0.017298 0.180940 5.478812
v -0.033657 0.068721 5.524101
v -0.035410 0.058904 5.516633
v -0.147381 0.322541 5.678047
v -0.169443 0.157015 5.716949
v -0.145877 0.150877 5.734602
v -0.165329 0.136617 5.755898
v -0.188754 0.142476 5.736823
v -0.093648 0.225797 5.807357
v -0.120584 0.212997 5.821726
v -0.123522 0.191422 5.810641
v -0.098955 0.204307 5.794750
v -0.146946 0.197324 5.836780
v -0.171185 0.182822 5.852588
v -0.171297 0.161103 5.846472
v -0.148387 0.175615 5.827864
v -0.170515 0.192396 5.687334
v -0.221095 0.190491 5.726874
v -0.202761 0.206128 5.707138
v -0.189311 0.178147 5.707097
v -0.208862 0.163458 5.726683
v -0.151207 0.325325 5.756314
v -0.049522 0.245691 5.781515
v -0.069356 0.237677 5.793278
v -0.127941 0.253053 5.831747
v -0.096444 0.269449 5.820722
v -0.108883 0.292779 5.818779
v -0.139973 0.273422 5.829244
v -0.208043 0.268579 5.764571
v -0.190138 0.287684 5.750201
v -0.202375 0.265891 5.730615
v -0.220610 0.246766 5.747466
v -0.207653 0.235768 5.715976
v -0.224934 0.219313 5.734854
v -0.256272 0.156597 5.766052
v -0.239196 0.174250 5.745996
v -0.226416 0.147432 5.747104
v -0.243744 0.130904 5.768968
v -0.260357 0.185788 5.770624
v -0.243060 0.203123 5.752606
v -0.255838 0.209540 5.780647
v -0.238524 0.228516 5.764011
v -0.244814 0.227757 5.794141
v -0.227157 0.247148 5.779547
v -0.232496 0.240636 5.809215
v -0.214297 0.260560 5.797077
v -0.198612 0.267128 5.814119
v -0.218295 0.246609 5.824144
v -0.203588 0.244764 5.838405
v -0.181228 0.265528 5.828962
v -0.180147 0.221402 5.855546
v -0.156002 0.235878 5.843274
v -0.166330 0.254720 5.839151
v -0.190329 0.236810 5.849436
v -0.245306 0.188655 5.888401
v -0.235266 0.190959 5.885886
v -0.244585 0.196012 5.871851
v -0.253429 0.192748 5.873833
v -0.263151 0.195204 5.860723
v -0.254899 0.197777 5.858290
v -0.266422 0.198874 5.845719
v -0.274131 0.195280 5.848263
v -0.290183 0.181653 5.826695
v -0.299916 0.179328 5.833595
v -0.287387 0.190301 5.838741
v -0.279208 0.194496 5.834312
v -0.301105 0.165483 5.819634
v -0.312193 0.164366 5.830362
v -0.307971 0.145442 5.819434
v -0.319240 0.146505 5.835266
v -0.305991 0.120777 5.827259
v -0.318342 0.125766 5.848183
v -0.232701 0.145545 5.893749
v -0.227600 0.162944 5.895790
v -0.238340 0.166776 5.906515
v -0.243558 0.150643 5.907648
v -0.250354 0.107310 5.886631
v -0.267393 0.121786 5.903863
v -0.281172 0.103015 5.895693
v -0.264511 0.087687 5.874505
v -0.273626 0.139144 5.786036
v -0.276848 0.167750 5.788248
v -0.272073 0.191215 5.795627
v -0.262197 0.209449 5.807269
v -0.201127 0.209492 5.868006
v -0.211277 0.221798 5.859238
v -0.194147 0.150532 5.864681
v -0.192283 0.172591 5.869044
v -0.264146 0.087305 5.830198
v -0.280854 0.101692 5.815383
v -0.261054 0.115786 5.792744
v -0.242602 0.100421 5.806511
v -0.292589 0.153507 5.804919
v -0.287268 0.175982 5.808699
v -0.277564 0.193764 5.817665
v -0.253612 0.210819 5.840592
v -0.267012 0.206274 5.828359
v -0.241193 0.210131 5.853402
v -0.219530 0.199387 5.878664
v -0.229293 0.208172 5.866652
v -0.215754 0.145367 5.879995
v -0.211799 0.166193 5.882809
v -0.301042 0.096111 5.878223
v -0.316900 0.106395 5.859111
v -0.300139 0.096659 5.837262
v -0.284875 0.082883 5.854850
v -0.314150 0.118397 5.898594
v -0.295187 0.122603 5.912250
v -0.280756 0.202250 5.853270
v -0.269902 0.202227 5.863881
v -0.294608 0.197580 5.844805
v -0.331018 0.156761 5.853929
v -0.322561 0.175000 5.841657
v -0.333249 0.139615 5.869556
v -0.327709 0.122189 5.879841
v -0.258747 0.195448 5.919521
v -0.266846 0.182923 5.926815
v -0.253718 0.163380 5.916727
v -0.248051 0.177559 5.911970
v -0.260123 0.213791 5.897187
v -0.254003 0.194202 5.890815
v -0.262026 0.198337 5.877305
v -0.264469 0.220468 5.882844
v -0.288995 0.221366 5.858271
v -0.274818 0.223362 5.869391
v -0.303967 0.216599 5.849849
v -0.334310 0.193159 5.855407
v -0.320087 0.207261 5.847787
v -0.308871 0.188351 5.839985
v -0.344023 0.174500 5.873852
v -0.355776 0.185379 5.914080
v -0.358979 0.198460 5.890382
v -0.342360 0.159119 5.897307
v -0.369225 0.261638 5.982172
v -0.378896 0.289903 6.000163
v -0.393309 0.289688 5.985327
v -0.386147 0.262080 5.966492
v -0.267037 0.219657 5.932271
v -0.277327 0.206424 5.939907
v -0.269224 0.246641 5.892159
v -0.263875 0.240131 5.907947
v -0.361144 0.242021 5.882757
v -0.344017 0.257757 5.870670
v -0.331878 0.231338 5.858048
v -0.347996 0.216059 5.869375
v -0.305514 0.282354 5.994049
v -0.293870 0.256550 5.977053
v -0.282317 0.270807 5.967392
v -0.293957 0.296013 5.984963
v -0.276686 0.274892 5.905711
v -0.286394 0.300967 5.922007
v -0.279753 0.292830 5.939807
v -0.270488 0.267422 5.922910
v -0.381427 0.292905 5.922013
v -0.366888 0.308705 5.910171
v -0.355756 0.284243 5.887700
v -0.371991 0.268098 5.900191
v -0.367404 0.210619 5.931064
v -0.377894 0.236444 5.947783
v -0.381113 0.249282 5.922095
v -0.371419 0.223941 5.904730
v -0.348688 0.209966 5.949142
v -0.359609 0.235161 5.965245
v -0.332072 0.345475 6.017099
v -0.340946 0.336610 6.025314
v -0.323026 0.309241 6.009759
v -0.312310 0.320718 6.001256
v -0.300034 0.324838 5.940872
v -0.317983 0.346114 5.961829
v -0.310915 0.339639 5.976199
v -0.292135 0.317625 5.957389
v -0.400385 0.343937 5.971941
v -0.387315 0.357722 5.962885
v -0.377486 0.333203 5.935962
v -0.390569 0.318513 5.946128
v -0.401888 0.319628 6.005854
v -0.407015 0.329381 5.987472
v -0.398796 0.300862 5.964078
v -0.388891 0.319496 6.018891
v -0.399759 0.345647 6.038521
v -0.410828 0.346693 6.027542
v -0.348749 0.369793 6.034636
v -0.358008 0.361532 6.040799
v -0.345332 0.382684 6.017616
v -0.329638 0.360856 5.996751
v -0.335205 0.366829 5.983980
v -0.349445 0.388401 6.005971
v -0.360440 0.370838 5.964247
v -0.373007 0.392019 5.988544
v -0.359199 0.393095 5.995431
v -0.345708 0.372501 5.972662
v -0.394589 0.382091 5.988631
v -0.383182 0.389608 5.986776
v -0.372209 0.369036 5.961293
v -0.408159 0.369367 5.996354
v -0.415254 0.356897 6.010777
v -0.015497 0.321276 5.784095
v -0.026961 0.324128 5.782591
v -0.027043 0.297794 5.787134
v -0.018146 0.293797 5.782491
v -0.132767 0.165799 5.795617
v -0.110167 0.180069 5.776768
v -0.175437 0.138859 5.836040
v -0.154310 0.151169 5.815747
v -0.199145 0.128892 5.856673
v -0.240947 0.127127 5.892264
v -0.222858 0.123750 5.875566
v -0.253332 0.137495 5.906816
v -0.266097 0.151819 5.918832
v -0.281268 0.171999 5.931004
v -0.303171 0.218958 5.961394
v -0.293132 0.195637 5.944711
v -0.285378 0.231272 5.958322
v -0.325114 0.270599 5.997244
v -0.313045 0.244210 5.980087
v -0.355241 0.329531 6.029497
v -0.339796 0.299754 6.013115
v -0.371363 0.355384 6.043927
v -0.049703 0.216092 5.691142
v -0.035788 0.230541 5.682497
v -0.028641 0.233664 5.710408
v -0.039826 0.225106 5.718369
v 0.000300 0.285599 5.773303
v -0.004371 0.287053 5.772690
v -0.005425 0.278258 5.765939
v -0.000753 0.277647 5.766955
v -0.290188 0.126299 5.806615
v -0.250977 0.221675 5.820060
v -0.223831 0.226502 5.846902
v -0.236681 0.227967 5.833207
v -0.230360 0.101412 5.866930
v -0.244815 0.086658 5.849429
v -0.223209 0.096949 5.825189
v -0.208260 0.108121 5.843657
v -0.338038 0.187705 5.935912
v -0.315334 0.189080 5.943963
v -0.325561 0.213748 5.958132
v -0.329847 0.163027 5.923461
v -0.313957 0.241743 5.857326
v -0.297046 0.246969 5.864836
v -0.289023 0.276741 5.888925
v -0.281439 0.248347 5.876774
v -0.306167 0.275273 5.875340
v -0.166994 0.130682 5.799160
v -0.186280 0.118585 5.820917
v -0.202708 0.109357 5.801750
v -0.183851 0.122682 5.778488
v 0.055171 0.262618 5.461829
v 0.038108 0.262160 5.468608
v -0.041691 0.127058 5.487830
v -0.036951 0.127104 5.499626
v -0.028097 0.140213 5.497036
v -0.033332 0.142899 5.482718
v -0.037645 0.140974 5.471227
v -0.045348 0.124331 5.476228
v -0.041454 0.136558 5.459243
v -0.047926 0.119732 5.463721
v -0.049711 0.097947 5.406339
v -0.052606 0.091497 5.400027
v 0.029997 0.100649 5.557881
v 0.028884 0.112828 5.571575
v 0.013773 0.121589 5.562710
v 0.001604 0.193261 5.630082
v -0.012679 0.236844 5.661843
v -0.001278 0.229113 5.677502
v -0.004227 0.233636 5.696777
v 0.009929 0.254473 5.750877
v 0.012974 0.264655 5.765241
v 0.009936 0.279050 5.774489
v 0.008668 0.288123 5.778455
v 0.106316 0.214602 5.418278
v 0.104158 0.196253 5.403389
v 0.104912 0.059796 5.326719
v 0.086649 0.071759 5.316673
v 0.079545 0.055154 5.306882
v 0.097664 0.043263 5.316437
v 0.095319 0.034759 5.312165
v 0.077976 0.046503 5.303030
v 0.082495 -0.016354 5.291728
v 0.086011 -0.003879 5.294934
v -0.002763 0.300023 5.777936
v -0.005773 0.305903 5.780509
v -0.008894 0.286872 5.774141
v -0.043794 0.230200 5.751945
v -0.033348 0.235520 5.743067
v -0.026881 0.251017 5.761829
v -0.036415 0.248408 5.770226
v -0.132431 0.309765 5.643382
v -0.127968 0.274397 5.634058
v -0.085471 0.373078 5.750598
v -0.178288 0.056209 5.503179
v -0.158320 0.063901 5.488114
v -0.166821 0.070121 5.482897
v -0.186956 0.061289 5.497148
v 0.091753 0.145028 5.354007
v 0.088635 0.163674 5.370252
v 0.001767 0.003784 5.321466
v -0.049178 0.023892 5.299394
v -0.040381 0.023998 5.299016
v -0.042689 0.011715 5.320685
v -0.050932 0.010666 5.321004
v -0.031285 0.094136 5.296178
v -0.018322 0.097526 5.293981
v -0.023751 0.083285 5.285118
v -0.036026 0.080198 5.287821
v 0.048727 0.427200 5.624839
v 0.074738 0.422468 5.637165
v 0.117574 0.268120 5.475422
v 0.120545 0.247889 5.456207
v 0.105566 0.254898 5.452492
v 0.101993 0.274644 5.471288
v 0.065829 0.162275 5.358991
v 0.053847 0.174143 5.369915
v 0.000690 0.041745 5.528057
v -0.013222 0.042468 5.520822
v -0.012751 0.031271 5.504594
v -0.000369 0.028173 5.511771
v -0.157705 0.080310 5.439247
v -0.152672 0.080607 5.459622
v -0.131660 0.085321 5.445240
v -0.135477 0.087673 5.431157
v -0.115290 0.365747 5.686844
v -0.125977 0.339532 5.657074
v 0.019200 0.235906 5.448359
v 0.020894 0.248230 5.462620
v 0.039291 0.250519 5.452246
v 0.037640 0.237604 5.436821
v 0.004975 0.197972 5.424791
v 0.011824 0.208910 5.431209
v -0.001566 0.189639 5.417765
v -0.061091 0.106748 5.388023
v -0.052910 0.117478 5.379415
v -0.054839 0.117680 5.376280
v -0.053308 0.215128 5.729573
v -0.015188 0.241163 5.706152
v -0.008787 0.238241 5.710339
v 0.001314 0.297050 5.777131
v 0.007895 0.297914 5.780438
v 0.010602 -0.031879 5.329137
v 0.013515 -0.024785 5.317051
v -0.101474 0.072480 5.436871
v -0.087480 0.079046 5.417813
v -0.040595 0.136805 5.386271
v -0.044527 0.127254 5.385623
v -0.047646 0.118906 5.391502
v -0.045326 0.127435 5.394383
v -0.035665 0.141435 5.378468
v -0.042079 0.131551 5.379892
v -0.052668 0.028714 5.405991
v -0.053158 0.018887 5.388228
v -0.046439 0.016197 5.389648
v -0.047818 0.024846 5.407720
v -0.041624 0.023134 5.411153
v -0.038568 0.015077 5.391358
v -0.030605 0.012880 5.396160
v -0.034469 0.020247 5.416405
v -0.005684 -0.001037 5.345595
v 0.001101 -0.011675 5.364019
v 0.010428 -0.020632 5.379992
v 0.018472 -0.028874 5.392389
v 0.087825 0.007794 5.299143
v 0.067356 0.018369 5.290093
v 0.071886 0.029736 5.295619
v 0.089350 0.018502 5.304375
v 0.105304 0.008512 5.313486
v 0.102762 -0.001521 5.307620
v 0.013146 -0.031353 5.344140
v 0.017847 -0.037257 5.356840
v 0.024683 -0.037035 5.373847
v -0.181790 0.001473 5.432217
v -0.166720 0.006230 5.415909
v 0.026656 -0.017643 5.293671
v 0.018944 -0.020172 5.304946
v -0.190610 0.014093 5.428960
v -0.175405 0.019027 5.412896
v -0.037309 0.008397 5.347083
v -0.044876 0.008114 5.345457
v -0.034480 0.011834 5.322001
v 0.010472 -0.040934 5.339981
v 0.015208 -0.046288 5.351768
v -0.115518 0.308896 5.624716
v -0.111443 0.279269 5.619344
v -0.007067 0.243138 5.503982
v -0.013369 0.233106 5.521003
v 0.046206 0.131201 5.606315
v 0.046480 0.143792 5.618384
v 0.030602 0.150408 5.610497
v 0.029572 0.138703 5.598932
v 0.046531 0.093886 5.566308
v 0.046980 0.106748 5.579058
v 0.021873 -0.066181 5.361400
v 0.019820 0.179459 5.619929
v 0.019034 0.169388 5.611328
v 0.033183 0.162021 5.619823
v 0.035094 0.173590 5.629817
v 0.037558 0.178602 5.643135
v 0.036595 0.177767 5.647888
v 0.005374 0.231836 5.720326
v 0.012101 0.231952 5.726614
v -0.106326 0.012058 5.394661
v -0.115532 0.009171 5.378841
v -0.105139 0.008290 5.366170
v -0.096906 0.013861 5.383386
v 0.001783 0.197571 5.594474
v 0.009915 0.186944 5.607974
v -0.049260 0.091122 5.417855
v -0.046186 0.106505 5.413001
v 0.024946 0.083932 5.552485
v -0.026705 0.045545 5.513041
v -0.025715 0.036246 5.498134
v -0.036731 0.049289 5.504943
v -0.035848 0.041471 5.490802
v 0.008381 0.309501 5.781874
v 0.002971 0.307830 5.779111
v -0.128754 0.075027 5.364683
v -0.127976 0.079535 5.373679
v -0.116652 0.085729 5.364905
v -0.117853 0.080760 5.355485
v -0.046717 0.266559 5.793486
v -0.031386 0.268843 5.783873
v -0.021794 0.348661 5.780663
v -0.006229 0.340620 5.784358
v 0.012178 0.350455 5.784337
v 0.013862 0.357415 5.782219
v -0.105242 0.171997 5.737104
v -0.083621 0.186522 5.719085
v -0.126695 0.158495 5.756942
v -0.147382 0.143772 5.777643
v -0.282370 0.141009 5.918485
v -0.303592 0.162096 5.930106
v -0.336345 0.239935 5.973787
v -0.347278 0.266297 5.990373
v -0.359222 0.294127 6.007618
v -0.386023 0.349847 6.043278
v -0.372146 0.323135 6.025588
v -0.197652 0.028248 5.432259
v -0.203672 0.040779 5.440330
v -0.186758 0.048798 5.424562
v -0.181607 0.034735 5.415154
v -0.128337 0.051646 5.469493
v -0.144324 0.045957 5.485059
v -0.139227 0.034641 5.480292
v -0.123780 0.040548 5.464264
v -0.161107 0.040149 5.501539
v -0.150420 0.055917 5.487833
v -0.168926 0.049394 5.504032
v -0.194608 0.062965 5.485765
v -0.174181 0.073282 5.472342
v -0.181279 0.071829 5.457487
v -0.200474 0.061301 5.473413
v -0.205459 0.050829 5.450602
v -0.204039 0.057674 5.461954
v -0.186077 0.066841 5.447001
v -0.188160 0.059585 5.436018
v -0.152026 0.006063 5.481639
v -0.136417 0.011447 5.464824
v -0.136271 0.021956 5.474286
v -0.151746 0.016473 5.491274
v -0.126622 0.013026 5.365947
v -0.116226 0.011746 5.350598
v -0.060799 0.067547 5.391332
v -0.060456 0.063786 5.392205
v -0.068373 0.045684 5.389657
v -0.064504 0.047764 5.391699
v -0.141088 0.004603 5.408239
v -0.151655 0.011053 5.400364
v -0.137708 0.013454 5.382454
v -0.127401 0.008226 5.392548
v -0.120825 0.018895 5.447844
v -0.105492 0.025023 5.432585
v -0.104928 0.035547 5.440971
v -0.120867 0.028452 5.457644
v -0.126334 0.081184 5.451468
v -0.146248 0.076186 5.467749
v -0.088800 0.023694 5.395763
v -0.098852 0.020102 5.408880
v -0.047633 0.098337 5.426667
v -0.042312 0.134253 5.399051
v -0.039345 0.141354 5.405059
v -0.044927 0.110557 5.499253
v -0.050457 0.097664 5.494474
v -0.037977 0.144774 5.437035
v -0.034434 0.152320 5.449410
v -0.050889 0.101108 5.489200
v -0.047705 0.111045 5.490259
v -0.005528 0.143509 5.540052
v 0.022475 -0.032646 5.382364
v -0.109985 0.015723 5.422290
v -0.117412 0.008509 5.408952
v -0.118345 0.091854 5.423499
v -0.113558 0.089377 5.431245
v -0.097973 0.092960 5.415621
v -0.102586 0.094563 5.413273
v 0.025031 0.155457 5.347467
v 0.018994 0.161269 5.356833
v 0.034959 0.168067 5.362396
v 0.044146 0.159680 5.352030
v -0.132052 0.062219 5.352900
v -0.122137 0.066235 5.340042
v -0.125920 0.055858 5.336714
v -0.136128 0.053063 5.352310
v -0.126972 0.042155 5.334634
v -0.124993 0.024952 5.338589
v -0.135106 0.024359 5.355776
v -0.137329 0.040189 5.352045
v -0.097303 0.334088 5.611966
v -0.085092 0.364529 5.616501
v -0.022279 0.226825 5.585395
v -0.027216 0.239873 5.569415
v -0.030150 0.235689 5.641042
v -0.012553 0.260717 5.757137
v -0.014951 0.247805 5.734697
v -0.064064 0.264526 5.803771
v -0.101031 0.312301 5.611090
v -0.121741 0.233123 5.827875
v -0.092900 0.247405 5.815498
v -0.157508 0.287282 5.818666
v -0.129463 0.309507 5.807665
v -0.152938 0.312230 5.790842
v -0.176744 0.290075 5.802935
v -0.173315 0.304045 5.770499
v -0.194070 0.282920 5.783750
v -0.223638 0.114446 5.781548
v -0.299428 0.304215 5.905067
v -0.330522 0.327107 5.913496
v -0.313430 0.328252 5.925279
v -0.317003 0.302600 5.891610
v -0.324532 0.269085 5.868439
v -0.336582 0.296023 5.885068
v -0.390257 0.273786 5.942590
v -0.330415 0.349326 5.948306
v -0.345948 0.348687 5.938547
v -0.349734 0.319608 5.907692
v -0.362246 0.343008 5.934067
v -0.022535 0.269352 5.775889
v 0.017280 0.371180 5.780704
v -0.094376 0.250582 5.622295
v -0.111589 0.239300 5.634466
v -0.027620 0.238545 5.678031
v -0.042315 0.236871 5.652199
v -0.010619 0.212231 5.555635
v -0.004643 0.202005 5.570722
v -0.012139 0.191879 5.533024
v -0.011099 0.203534 5.544965
v -0.014303 0.213451 5.527655
v -0.014899 0.201615 5.515930
v -0.007757 0.221675 5.480207
v -0.006470 0.233282 5.492259
v 0.005091 0.242213 5.476250
v 0.003733 0.230111 5.462850
v 0.019874 0.259470 5.477743
v 0.004081 0.252280 5.489052
v 0.089986 0.240956 5.435355
v 0.089446 0.222426 5.418779
v 0.072886 0.229298 5.421863
v 0.073478 0.245845 5.438560
v -0.001067 0.234705 5.714779
v -0.010794 0.274064 5.767467
v -0.066482 0.200187 5.702946
v -0.065151 0.213205 5.663461
v -0.086657 0.220148 5.643879
v -0.084762 0.071008 5.414914
v -0.020108 0.140708 5.355699
v -0.023270 0.136848 5.351129
v -0.146423 0.024766 5.376452
v -0.149092 0.039100 5.373529
v -0.092556 0.030432 5.419079
v -0.097310 0.007413 5.355780
v -0.082617 0.011188 5.366079
v -0.088388 0.012831 5.372384
v -0.048772 0.252708 5.626189
v -0.052837 0.255215 5.628409
v -0.070990 0.264883 5.612305
v -0.003428 0.330096 5.783910
v 0.009537 0.338096 5.783436
v -0.019237 0.240723 5.706542
v -0.173003 0.203249 5.856717
v -0.149244 0.216837 5.842448
v -0.193849 0.192698 5.870931
v -0.213559 0.183293 5.883783
v -0.228661 0.178857 5.895128
v -0.240456 0.180500 5.901355
v -0.251979 0.185823 5.904266
v -0.258581 0.204235 5.909851
v -0.274073 0.245288 5.949308
v -0.263518 0.230514 5.921466
v -0.269926 0.256821 5.937484
v -0.278484 0.282611 5.955185
v -0.309158 0.331507 5.989088
v -0.290188 0.308660 5.972112
v -0.328848 0.356333 6.006586
v -0.345047 0.379015 6.026022
v 0.000319 0.312760 5.780582
v -0.000924 0.322476 5.782495
v -0.028687 0.007848 5.350511
v -0.048387 0.113640 5.400883
v -0.050296 0.106665 5.396586
v -0.082377 0.036161 5.406153
v 0.026421 0.386863 5.769141
v 0.041071 0.406179 5.753900
v -0.170705 0.066953 5.422264
v -0.170736 0.056631 5.409516
v -0.090529 0.043271 5.424604
v -0.055859 0.083205 5.392533
v -0.054945 0.077914 5.392825
v -0.202996 -0.078466 5.455730
v -0.198194 -0.095842 5.454011
v -0.208756 -0.095826 5.451451
v -0.214588 -0.078072 5.454080
v -0.193548 -0.080136 5.462238
v -0.189907 -0.097172 5.460877
v -0.200232 -0.097219 5.512995
v -0.200615 -0.115859 5.506351
v -0.192176 -0.110784 5.499436
v -0.191858 -0.092619 5.505255
v -0.182064 -0.116650 5.468021
v -0.184967 -0.099415 5.470127
v -0.184008 -0.102208 5.480639
v -0.182104 -0.119949 5.477423
v -0.225679 -0.101587 5.514870
v -0.225327 -0.083388 5.523186
v -0.237116 -0.081414 5.517220
v -0.236451 -0.099453 5.508607
v -0.195186 -0.025996 5.529458
v -0.193510 -0.015447 5.529804
v -0.200313 -0.014915 5.540162
v -0.203201 -0.027332 5.539314
v -0.211493 -0.043777 5.457305
v -0.207258 -0.060825 5.456910
v -0.219843 -0.059987 5.456207
v -0.224906 -0.042533 5.458996
v -0.187381 -0.050966 5.488086
v -0.189438 -0.034485 5.490265
v -0.188711 -0.037012 5.504776
v -0.187421 -0.053381 5.501975
v -0.229450 -0.025145 5.461458
v -0.216044 -0.026858 5.458097
v -0.185197 -0.084883 5.483278
v -0.186087 -0.067636 5.485702
v -0.187163 -0.070636 5.498874
v -0.187023 -0.088414 5.495114
v -0.222239 -0.136126 5.497791
v -0.224608 -0.119259 5.506452
v -0.233974 -0.116708 5.499924
v -0.230425 -0.133728 5.491343
v -0.186131 -0.124086 5.485732
v -0.186875 -0.106067 5.490591
v -0.191851 -0.128925 5.493171
v -0.224204 -0.117627 5.454359
v -0.230774 -0.099668 5.459514
v -0.220275 -0.096931 5.454086
v -0.213999 -0.114834 5.449957
v -0.198176 -0.060425 5.524622
v -0.199361 -0.078958 5.519254
v -0.191367 -0.074723 5.510391
v -0.191132 -0.056750 5.514708
v -0.199338 -0.045792 5.463449
v -0.196492 -0.062690 5.463282
v -0.237263 -0.081863 5.464878
v -0.243131 -0.063132 5.470443
v -0.231696 -0.060431 5.461751
v -0.226360 -0.078683 5.457851
v -0.254214 -0.048812 5.490191
v -0.249768 -0.067083 5.481878
v -0.250158 -0.071939 5.495275
v -0.253180 -0.053504 5.504589
v -0.206495 -0.044323 5.536196
v -0.196935 -0.041518 5.528203
v -0.224002 -0.064109 5.530678
v -0.220897 -0.045035 5.538473
v -0.235306 -0.042603 5.534802
v -0.237044 -0.062194 5.525911
v -0.197769 -0.006969 5.472778
v -0.195985 -0.017472 5.475018
v -0.207201 -0.014295 5.463545
v -0.209275 -0.003555 5.462769
v -0.221053 -0.011325 5.459980
v -0.225179 0.000641 5.462259
v -0.236648 0.019914 5.472749
v -0.237328 0.012937 5.473881
v -0.243137 0.018678 5.486419
v -0.241330 0.025388 5.484711
v -0.261047 -0.011761 5.511235
v -0.258251 -0.030449 5.500043
v -0.255263 -0.034588 5.515519
v -0.256749 -0.014243 5.527499
v -0.242895 -0.000581 5.548593
v -0.246402 -0.018022 5.537859
v -0.232126 -0.023101 5.542786
v -0.227196 -0.007556 5.549582
v -0.202355 0.034181 5.530076
v -0.212586 0.026734 5.539825
v -0.201860 0.020224 5.539690
v -0.193478 0.026484 5.530249
v -0.186441 0.003989 5.527020
v -0.185078 -0.003142 5.515986
v -0.178463 -0.001464 5.508938
v -0.179053 0.007482 5.519364
v -0.206196 -0.003544 5.459649
v -0.207196 -0.001651 5.465926
v -0.219278 0.006952 5.457848
v -0.215704 0.008109 5.453908
v -0.260784 0.005385 5.519797
v -0.256602 0.005826 5.540356
v -0.192057 0.000172 5.532967
v -0.196224 -0.006010 5.538403
v -0.191113 -0.008239 5.526806
v -0.188945 -0.004429 5.521115
v -0.194120 -0.008704 5.495623
v -0.192082 -0.010794 5.500928
v -0.196499 -0.008263 5.486796
v -0.198018 -0.006206 5.483485
v -0.206526 -0.002298 5.469720
v -0.203495 -0.004854 5.473376
v -0.214745 0.000520 5.463916
v -0.218225 0.004363 5.461378
v -0.257283 0.016788 5.522853
v -0.251810 0.025261 5.524920
v -0.250347 0.025048 5.511165
v -0.254759 0.016895 5.508079
v -0.219476 0.004310 5.552261
v -0.232948 0.010676 5.551141
v -0.190929 -0.014014 5.504034
v -0.189627 -0.010107 5.514000
v -0.190238 -0.016156 5.518157
v -0.227645 0.007478 5.463515
v -0.211114 0.039764 5.526997
v -0.197835 0.047274 5.516860
v -0.205996 0.051573 5.510521
v -0.219060 0.043891 5.520935
v -0.188379 0.041303 5.519074
v -0.179841 0.032816 5.518494
v -0.167077 0.001534 5.497082
v -0.167683 0.010722 5.507358
v -0.171284 -0.006401 5.484177
v -0.182906 -0.008754 5.496260
v -0.190602 -0.012237 5.482076
v -0.178692 -0.011173 5.470158
v -0.195960 -0.001745 5.447008
v -0.204942 0.010995 5.443382
v -0.223423 0.018913 5.457027
v -0.212458 0.023270 5.447484
v -0.192794 0.012176 5.534510
v -0.199521 0.006454 5.541289
v -0.244771 -0.085486 5.475132
v -0.238217 -0.103469 5.468249
v -0.240737 -0.107744 5.479436
v -0.246092 -0.089967 5.487110
v -0.239414 -0.112537 5.490392
v -0.234740 -0.129707 5.482183
v -0.189088 -0.064800 5.473353
v -0.187322 -0.082318 5.471849
v -0.185600 -0.114191 5.458949
v -0.194638 -0.012998 5.490536
v -0.191641 -0.020533 5.490995
v -0.243713 0.029039 5.497559
v -0.239000 0.034519 5.493249
v -0.238037 0.030484 5.480952
v -0.256319 0.006277 5.502329
v -0.246077 0.008567 5.487866
v -0.243815 -0.007607 5.478266
v -0.255569 -0.008738 5.493466
v -0.244648 0.031598 5.524051
v -0.236128 0.038189 5.518734
v -0.238557 0.037206 5.506020
v -0.245282 0.031346 5.510489
v -0.197520 -0.010638 5.470593
v -0.198651 -0.007811 5.478491
v -0.221367 0.042333 5.464877
v -0.219360 0.033548 5.455606
v -0.229019 0.028187 5.464829
v -0.231980 0.035614 5.474301
v -0.234239 0.024016 5.469911
v -0.220686 0.048067 5.475920
v -0.231883 0.040562 5.486215
v -0.186895 -0.009752 5.457030
v -0.225509 0.045372 5.510470
v -0.212546 0.052976 5.500045
v -0.217637 0.051460 5.487740
v -0.229672 0.043896 5.498076
v -0.243160 -0.094995 5.498723
v -0.245509 -0.076948 5.507286
v -0.212186 -0.012483 5.547910
v -0.216582 -0.026705 5.544749
v -0.206156 -0.001472 5.547112
v -0.212420 -0.101048 5.516743
v -0.212510 -0.119162 5.509090
v -0.209371 -0.063389 5.530389
v -0.211549 -0.082077 5.523519
v -0.248400 -0.045090 5.476767
v -0.232785 0.023734 5.543089
v -0.244437 0.017170 5.546716
v -0.222673 0.018636 5.547721
v -0.171549 0.022300 5.514195
v -0.184606 0.017158 5.526883
v -0.256392 0.016519 5.534691
v -0.155355 0.028063 5.497747
v -0.236262 0.005114 5.471201
v -0.228072 0.015831 5.461250
v -0.229259 0.012039 5.463553
v -0.202907 -0.112970 5.448252
v -0.190792 -0.048101 5.474578
v -0.190263 -0.022354 5.505759
v -0.191183 -0.024449 5.518611
v -0.222631 0.031117 5.536361
v -0.230548 0.035491 5.530000
v -0.240355 0.028629 5.536108
v -0.187945 -0.008535 5.503761
v -0.194311 -0.011334 5.489359
v -0.211571 -0.136383 5.500953
v -0.189888 -0.008090 5.508672
v -0.233266 -0.008840 5.465893
v 0.101142 0.050999 5.321576
v 0.121251 0.048601 5.335244
v 0.117930 0.039664 5.330081
v -0.029971 0.158284 5.460901
v -0.016140 0.146428 5.506892
v -0.020673 0.154594 5.493367
v -0.045493 0.120518 5.406471
v -0.043243 0.128551 5.414223
v -0.054718 0.088712 5.394003
v -0.052822 0.096803 5.392314
v -0.043939 0.129714 5.446317
v -0.004338 -0.095280 5.190792
v -0.003392 -0.091133 5.196653
v -0.003862 -0.100042 5.180021
v 0.041077 0.177154 5.638896
v 0.046651 0.175177 5.653139
v 0.045081 0.172971 5.654759
v -0.017643 -0.100402 5.209721
v -0.014882 -0.093729 5.213782
v -0.018249 -0.095756 5.210024
v -0.018620 -0.104097 5.208266
v -0.017682 -0.102369 5.209859
v -0.009819 -0.108130 5.179185
v -0.003845 -0.088134 5.204593
v -0.005489 -0.085659 5.213748
v -0.013809 -0.107881 5.191668
v 0.095335 0.327224 5.530305
v 0.087215 0.346321 5.543221
v 0.107570 0.340203 5.552508
v 0.113894 0.320445 5.538390
v 0.126079 0.350422 5.577458
v 0.130621 0.330833 5.560775
v 0.100267 0.359104 5.568165
v -0.021815 0.375836 5.557589
v -0.009410 0.362481 5.541216
v -0.026424 0.345401 5.539355
v -0.039637 0.357782 5.553571
v -0.027788 0.315666 5.533805
v -0.040539 0.324868 5.543333
v -0.012735 0.333961 5.529501
v -0.037975 0.296237 5.543131
v -0.050677 0.304610 5.552543
v -0.043221 0.278617 5.556243
v -0.056229 0.286772 5.565240
v -0.056403 0.271527 5.580052
v -0.049406 0.257515 5.596297
v -0.043452 0.253044 5.620489
v -0.038536 0.244041 5.613385
v -0.026231 0.233653 5.630749
v -0.013149 0.226663 5.647603
v -0.001643 0.217725 5.663208
v 0.008403 0.210392 5.676236
v 0.018776 0.203954 5.686716
v 0.030141 0.199549 5.693960
v 0.025905 0.211221 5.708178
v -0.027772 0.007622 5.372889
v 0.014091 0.031195 5.280207
v -0.009805 0.030549 5.285038
v 0.004525 0.041408 5.278991
v 0.000254 0.099619 5.291731
v 0.022175 0.099103 5.292492
v 0.016498 0.087216 5.286263
v -0.006820 0.085007 5.284496
v 0.029290 0.036724 5.281607
v 0.035861 0.028429 5.282189
v 0.022330 0.048623 5.279942
v 0.043283 0.048726 5.284710
v 0.058671 0.047074 5.291063
v -0.045468 0.042494 5.286243
v -0.056749 0.040884 5.287358
v -0.051196 0.061409 5.285172
v -0.040085 0.063393 5.281961
v -0.028033 0.105238 5.306015
v -0.039956 0.101432 5.308272
v -0.037317 0.110874 5.318173
v -0.024254 0.115160 5.315403
v -0.093983 0.029832 5.305200
v -0.104987 0.027834 5.313968
v -0.103842 0.045662 5.308847
v -0.090672 0.048531 5.300007
v -0.043674 0.089116 5.297847
v 0.070797 0.148755 5.347719
v 0.050779 0.149237 5.341830
v 0.030249 0.148097 5.337989
v -0.026860 0.133407 5.346266
v -0.007010 0.142399 5.346915
v -0.009475 0.138116 5.340600
v -0.042930 0.127889 5.353490
v -0.055017 0.122273 5.359362
v -0.078158 0.009908 5.362096
v -0.072984 0.024614 5.382589
v -0.075843 0.026204 5.382050
v -0.079922 0.104647 5.378827
v -0.076890 0.104958 5.382261
v -0.066273 0.112879 5.375113
v -0.068400 0.113151 5.371743
v -0.035550 0.042584 5.284413
v -0.100276 0.061316 5.311077
v -0.098177 0.073834 5.319675
v -0.083548 0.077120 5.311838
v -0.085700 0.064749 5.303179
v -0.093468 0.083594 5.326655
v -0.090814 0.092131 5.336372
v -0.076695 0.097404 5.330560
v -0.078786 0.088214 5.319391
v -0.082512 0.104810 5.373523
v -0.069202 0.112721 5.366169
v -0.107617 0.012017 5.337344
v -0.071263 0.018825 5.304919
v -0.060296 0.021087 5.301637
v -0.059877 0.007855 5.323635
v -0.068824 0.006180 5.326751
v -0.070145 0.079713 5.399505
v -0.072328 0.087056 5.399998
v -0.075015 0.092823 5.401548
v -0.059089 0.115025 5.375181
v -0.079261 0.096238 5.401633
v -0.074467 0.042031 5.395378
v -0.081268 0.027056 5.386922
v -0.059127 0.005839 5.348241
v -0.066330 0.006253 5.352369
v -0.115388 0.026047 5.325280
v -0.116508 0.043525 5.320816
v -0.106686 0.096391 5.400240
v -0.093525 0.099380 5.392504
v -0.095004 0.099877 5.387450
v -0.044796 0.128729 5.370643
v -0.063140 0.112909 5.377167
v -0.069321 0.037179 5.290063
v -0.110810 0.070745 5.330196
v -0.114913 0.059088 5.323654
v -0.066261 0.093232 5.314748
v -0.052685 0.097708 5.311459
v -0.055739 0.087359 5.301239
v -0.069084 0.082614 5.305267
v -0.102188 0.092804 5.355421
v -0.104617 0.086084 5.344205
v -0.050551 0.105563 5.321460
v -0.063394 0.101725 5.325479
v -0.097520 0.099277 5.382126
v -0.052046 0.006602 5.345510
v -0.046013 0.009297 5.368432
v -0.053103 0.009905 5.367969
v -0.059329 0.011969 5.371195
v -0.064535 0.015009 5.374125
v -0.069197 0.020128 5.378658
v -0.038203 0.009795 5.370580
v -0.249945 0.023189 5.537514
v -0.105626 0.095862 5.407796
v -0.119296 0.092628 5.406075
v -0.119780 0.092565 5.413898
v -0.166870 0.073311 5.431592
v -0.044832 -0.181592 5.317164
v -0.044459 -0.176884 5.320869
v -0.040535 -0.196215 5.298597
v -0.041765 -0.194361 5.302253
v -0.247452 0.022871 5.498631
v -0.249833 0.016533 5.498851
v -0.252872 -0.026673 5.484449
v -0.241021 -0.025054 5.471602
v -0.236855 -0.042511 5.466021
v -0.202515 -0.028993 5.463164
v -0.193075 -0.031787 5.475354
v -0.191384 -0.039370 5.517762
v -0.247058 -0.038442 5.526700
v -0.181064 -0.145517 5.446939
v -0.174909 -0.162208 5.445586
v -0.183133 -0.161113 5.439306
v -0.190074 -0.145416 5.441517
v -0.168609 -0.177076 5.444219
v -0.171279 -0.165615 5.453431
v -0.166694 -0.181586 5.452074
v -0.171788 -0.169748 5.460097
v -0.168116 -0.186731 5.458081
v -0.172285 -0.191425 5.462678
v -0.175219 -0.174205 5.466353
v -0.180940 -0.178333 5.471394
v -0.178701 -0.195217 5.466831
v -0.189776 -0.164189 5.480726
v -0.198207 -0.167769 5.483945
v -0.196454 -0.184436 5.475442
v -0.188238 -0.181867 5.474374
v -0.209315 -0.198725 5.462119
v -0.213044 -0.184284 5.470937
v -0.217838 -0.181562 5.464817
v -0.213446 -0.195483 5.456735
v -0.222846 -0.157971 5.456879
v -0.218097 -0.173063 5.449146
v -0.219039 -0.177736 5.456955
v -0.224535 -0.162241 5.465582
v -0.214089 -0.185705 5.441779
v -0.212799 -0.169376 5.443059
v -0.207473 -0.181045 5.436518
v -0.180700 -0.130892 5.456765
v -0.187096 -0.128992 5.449024
v -0.192809 -0.112702 5.451703
v -0.177473 -0.155861 5.470394
v -0.175016 -0.151712 5.463099
v -0.178416 -0.133955 5.465662
v -0.179848 -0.137756 5.473881
v -0.200536 -0.133750 5.499516
v -0.199612 -0.150956 5.491914
v -0.190910 -0.146590 5.486997
v -0.182585 -0.160048 5.476081
v -0.184455 -0.142010 5.480781
v -0.207600 -0.169405 5.483863
v -0.205366 -0.185269 5.474322
v -0.200663 -0.147765 5.441539
v -0.193649 -0.162691 5.437641
v -0.203736 -0.165751 5.439434
v -0.210369 -0.150954 5.444180
v -0.209679 -0.153121 5.492508
v -0.207418 -0.131669 5.445593
v -0.217188 -0.134805 5.449134
v -0.218476 -0.154510 5.449309
v -0.224637 -0.138568 5.455738
v -0.186999 -0.175571 5.434180
v -0.176298 -0.174842 5.436609
v -0.196697 -0.129341 5.444766
v -0.216624 -0.168889 5.480196
v -0.219472 -0.152733 5.489161
v -0.226628 -0.150318 5.482584
v -0.222770 -0.166225 5.473845
v -0.234734 -0.124780 5.471960
v -0.228552 -0.141885 5.464643
v -0.229543 -0.146014 5.474024
v -0.215256 -0.191277 5.449229
v -0.231337 -0.121560 5.462173
v -0.160939 -0.243766 5.415886
v -0.153633 -0.247654 5.413848
v -0.156158 -0.245399 5.421874
v -0.161932 -0.238972 5.424063
v -0.157874 -0.249423 5.442240
v -0.150617 -0.258780 5.437450
v -0.144298 -0.255765 5.444091
v -0.151451 -0.246851 5.450888
v -0.147684 -0.250323 5.411839
v -0.150766 -0.251485 5.420113
v -0.144086 -0.249560 5.412961
v -0.144593 -0.249719 5.403702
v -0.141502 -0.244612 5.401855
v -0.140617 -0.245083 5.393376
v -0.143623 -0.237844 5.389301
v -0.142772 -0.233905 5.401557
v -0.166055 -0.223359 5.396795
v -0.163955 -0.232014 5.385725
v -0.174882 -0.231146 5.385201
v -0.176509 -0.223046 5.397170
v -0.192646 -0.233356 5.392239
v -0.192523 -0.225257 5.402869
v -0.184472 -0.224300 5.399796
v -0.183175 -0.233050 5.388414
v -0.174595 -0.241607 5.418381
v -0.168739 -0.241263 5.417603
v -0.169714 -0.235732 5.425504
v -0.176285 -0.236218 5.426395
v -0.136579 -0.252995 5.416012
v -0.139560 -0.255902 5.416336
v -0.141209 -0.244128 5.411716
v -0.138774 -0.239468 5.415074
v -0.192104 -0.233970 5.447212
v -0.185511 -0.231446 5.448347
v -0.184971 -0.224020 5.455030
v -0.192828 -0.226042 5.455583
v -0.161915 -0.228424 5.458508
v -0.153717 -0.217106 5.456683
v -0.159603 -0.209987 5.456667
v -0.166938 -0.221159 5.458767
v -0.156958 -0.237718 5.455469
v -0.143656 -0.239108 5.451109
v -0.148336 -0.227748 5.454886
v -0.137725 -0.249547 5.443418
v -0.203591 -0.224856 5.453466
v -0.204664 -0.231841 5.448001
v -0.138993 -0.283211 5.375053
v -0.139400 -0.279791 5.375516
v -0.145012 -0.281261 5.376277
v -0.144290 -0.284646 5.376301
v -0.211464 -0.217887 5.438496
v -0.211183 -0.214710 5.443487
v -0.209840 -0.208514 5.437419
v -0.208572 -0.211544 5.432836
v -0.212422 -0.222318 5.431624
v -0.207615 -0.215627 5.426203
v -0.135779 -0.283368 5.362449
v -0.136647 -0.277443 5.362142
v -0.134901 -0.277814 5.366762
v -0.134181 -0.283216 5.366930
v -0.158605 -0.249260 5.408423
v -0.150731 -0.251529 5.406544
v -0.150455 -0.259716 5.392378
v -0.145335 -0.256865 5.393080
v -0.147318 -0.254614 5.399454
v -0.155441 -0.255471 5.399879
v -0.174730 -0.252928 5.402938
v -0.167501 -0.254745 5.400528
v -0.169346 -0.247979 5.408649
v -0.176620 -0.246960 5.410934
v -0.187789 -0.249307 5.413592
v -0.193131 -0.251649 5.414063
v -0.192532 -0.255431 5.407246
v -0.186342 -0.253994 5.405761
v -0.178678 -0.260975 5.389424
v -0.183661 -0.261068 5.390539
v -0.182686 -0.264454 5.382833
v -0.177845 -0.264134 5.382055
v -0.211526 -0.210915 5.447004
v -0.211352 -0.204645 5.440693
v -0.209063 -0.237117 5.400951
v -0.211367 -0.242589 5.392582
v -0.216329 -0.247664 5.399992
v -0.214279 -0.240924 5.407746
v -0.202661 -0.206611 5.427616
v -0.204824 -0.203007 5.431584
v -0.140337 -0.284328 5.359734
v -0.140590 -0.278026 5.358039
v -0.133261 -0.242170 5.438202
v -0.139587 -0.227437 5.444382
v -0.147075 -0.215467 5.447360
v -0.153201 -0.207959 5.448328
v -0.157428 -0.201950 5.449101
v -0.159129 -0.258516 5.395548
v -0.166055 -0.245729 5.411497
v -0.178956 -0.242132 5.419490
v -0.205226 -0.249936 5.422811
v -0.198373 -0.249822 5.421762
v -0.197257 -0.246670 5.427571
v -0.206333 -0.246332 5.428846
v -0.215117 -0.247213 5.413178
v -0.216100 -0.252482 5.406123
v -0.210839 -0.255455 5.409571
v -0.210662 -0.251937 5.415627
v -0.131623 -0.250811 5.416140
v -0.134412 -0.237671 5.419453
v -0.210719 -0.225354 5.444069
v -0.209278 -0.220832 5.449342
v -0.208074 -0.215186 5.452533
v -0.181372 -0.233642 5.437496
v -0.176905 -0.232451 5.436838
v -0.175648 -0.230382 5.449740
v -0.180939 -0.229902 5.448994
v -0.164360 -0.239286 5.433596
v -0.158649 -0.247401 5.430924
v -0.164099 -0.240615 5.446465
v -0.177547 -0.222366 5.456413
v -0.176878 -0.214728 5.458731
v -0.185164 -0.216518 5.458007
v -0.193977 -0.218275 5.458189
v -0.202530 -0.218122 5.455957
v -0.177075 -0.207123 5.462184
v -0.185019 -0.209589 5.462092
v -0.193725 -0.211143 5.461285
v -0.201641 -0.211282 5.459460
v -0.210560 -0.193656 5.437246
v -0.207046 -0.198195 5.434599
v -0.213547 -0.200136 5.444516
v -0.163604 -0.198927 5.456115
v -0.169864 -0.204281 5.459297
v -0.168559 -0.212460 5.457623
v -0.162261 -0.193001 5.449654
v -0.144295 -0.262702 5.434068
v -0.147018 -0.261113 5.427116
v -0.142678 -0.264951 5.425385
v -0.138826 -0.266432 5.430771
v -0.142457 -0.250518 5.396905
v -0.141547 -0.253431 5.390832
v -0.140285 -0.248807 5.386254
v -0.205981 -0.237778 5.440934
v -0.195498 -0.239500 5.440046
v -0.155060 -0.261320 5.389910
v -0.137919 -0.270567 5.364281
v -0.140215 -0.258609 5.370865
v -0.138517 -0.260950 5.376578
v -0.136109 -0.271799 5.369502
v -0.157744 -0.263518 5.381266
v -0.156073 -0.267669 5.376965
v -0.152740 -0.268457 5.382298
v -0.153779 -0.263766 5.385781
v -0.189767 -0.261758 5.393277
v -0.188977 -0.264885 5.386677
v -0.161719 -0.243210 5.376177
v -0.152314 -0.231594 5.386061
v -0.150974 -0.239501 5.376201
v -0.180987 -0.252915 5.404513
v -0.184934 -0.257995 5.398007
v -0.179886 -0.257591 5.396982
v -0.160816 -0.259970 5.392385
v -0.165889 -0.258790 5.394413
v -0.163559 -0.260912 5.388167
v -0.158622 -0.261530 5.387518
v -0.214550 -0.242312 5.422549
v -0.213416 -0.234023 5.415906
v -0.135647 -0.278678 5.371792
v -0.135477 -0.282795 5.371405
v -0.211347 -0.205867 5.451352
v -0.207239 -0.209818 5.456213
v -0.182269 -0.247579 5.412610
v -0.154026 -0.224933 5.397589
v -0.183554 -0.243107 5.420837
v -0.198601 -0.251005 5.382667
v -0.197274 -0.257968 5.377856
v -0.198185 -0.261893 5.383007
v -0.201205 -0.257399 5.387718
v -0.153236 -0.275775 5.370633
v -0.151862 -0.281398 5.368108
v -0.149470 -0.281611 5.373367
v -0.150699 -0.277104 5.375756
v -0.149906 -0.262494 5.388562
v -0.148262 -0.268038 5.384672
v -0.143557 -0.266137 5.384475
v -0.145364 -0.260204 5.388965
v -0.141848 -0.257125 5.386381
v -0.140157 -0.263418 5.381303
v -0.153267 -0.274384 5.364639
v -0.155881 -0.264501 5.370214
v -0.151915 -0.259931 5.366533
v -0.148407 -0.272451 5.360456
v -0.193090 -0.216738 5.411931
v -0.200623 -0.227501 5.406214
v -0.200736 -0.218985 5.414954
v -0.192989 -0.240463 5.381934
v -0.201531 -0.244104 5.388336
v -0.201196 -0.235722 5.396523
v -0.207100 -0.229678 5.410076
v -0.162043 -0.257159 5.375763
v -0.163746 -0.252637 5.372379
v -0.156367 -0.252409 5.372170
v -0.190059 -0.244993 5.422350
v -0.137240 -0.273493 5.374614
v -0.164447 -0.196326 5.431331
v -0.160392 -0.201514 5.428135
v -0.174126 -0.199734 5.421875
v -0.175850 -0.194569 5.426632
v -0.146088 -0.277077 5.378432
v -0.140915 -0.275622 5.378397
v -0.195656 -0.262750 5.394065
v -0.199867 -0.264071 5.391860
v -0.197910 -0.265648 5.386294
v -0.193901 -0.265700 5.387703
v -0.207020 -0.221625 5.418250
v -0.212747 -0.249418 5.388798
v -0.216971 -0.255924 5.396384
v -0.201315 -0.211752 5.422226
v -0.194083 -0.203281 5.424473
v -0.193549 -0.209059 5.419345
v -0.181217 -0.243663 5.377779
v -0.185884 -0.215621 5.409168
v -0.186658 -0.207438 5.417231
v -0.186228 -0.200479 5.422805
v -0.186925 -0.195546 5.426237
v -0.195538 -0.198573 5.427915
v -0.142124 -0.270469 5.360533
v -0.147180 -0.279335 5.358195
v -0.202247 -0.188067 5.432542
v -0.197848 -0.193104 5.430760
v -0.192566 -0.185450 5.431509
v -0.188573 -0.190402 5.429278
v -0.168890 -0.206795 5.415571
v -0.178531 -0.206623 5.415362
v -0.168185 -0.215218 5.406566
v -0.178215 -0.214690 5.407272
v -0.172636 -0.239327 5.374145
v -0.147958 -0.294366 5.363820
v -0.149832 -0.294306 5.369205
v -0.150577 -0.286345 5.368190
v -0.149684 -0.286259 5.363356
v -0.151346 -0.280683 5.362728
v -0.146234 -0.285872 5.360934
v -0.155167 -0.217891 5.408490
v -0.162356 -0.262465 5.381807
v -0.153250 -0.211117 5.421807
v -0.140437 -0.223353 5.420342
v -0.142832 -0.225774 5.410474
v -0.141070 -0.216511 5.434958
v -0.150010 -0.206263 5.437778
v -0.160518 -0.196053 5.440980
v -0.156805 -0.200963 5.439472
v -0.164240 -0.188407 5.442817
v -0.133496 -0.230944 5.431316
v -0.144585 -0.290366 5.375429
v -0.139212 -0.289292 5.375373
v -0.167040 -0.191531 5.433760
v -0.170757 -0.184546 5.435259
v -0.152741 -0.255784 5.428430
v -0.184398 -0.238590 5.428743
v -0.189352 -0.240772 5.430384
v -0.196373 -0.243433 5.433251
v -0.206812 -0.242750 5.434406
v -0.181661 -0.183577 5.431745
v -0.186468 -0.198396 5.467911
v -0.195046 -0.200088 5.467113
v -0.197737 -0.177883 5.434564
v -0.135448 -0.289583 5.372253
v -0.181703 -0.262748 5.376358
v -0.179791 -0.263183 5.376179
v -0.138848 -0.260396 5.438225
v -0.133627 -0.264449 5.433159
v -0.125859 -0.257231 5.425998
v -0.128415 -0.250478 5.432067
v -0.132733 -0.255615 5.437099
v -0.129171 -0.261428 5.430984
v -0.184954 -0.235453 5.437898
v -0.189374 -0.237524 5.438241
v -0.212971 -0.227484 5.423844
v -0.214237 -0.235970 5.430171
v -0.140394 -0.253436 5.381529
v -0.142753 -0.250235 5.376205
v -0.143695 -0.243880 5.380938
v -0.145544 -0.257241 5.367216
v -0.158487 -0.260011 5.374953
v -0.160869 -0.260787 5.377563
v -0.170547 -0.233919 5.435627
v -0.169867 -0.234125 5.448915
v -0.143112 -0.260201 5.419872
v -0.146492 -0.256106 5.420450
v -0.173003 -0.257647 5.396095
v -0.176982 -0.253176 5.370083
v -0.170418 -0.249194 5.369026
v -0.171370 -0.260660 5.389029
v -0.133856 -0.290879 5.368380
v -0.134877 -0.292257 5.364034
v -0.148836 -0.247979 5.372077
v -0.191283 -0.258818 5.400111
v -0.179495 -0.258712 5.371871
v -0.183656 -0.253220 5.374164
v -0.215306 -0.256759 5.402789
v -0.177615 -0.189484 5.429545
v -0.148914 -0.285600 5.373059
v -0.148731 -0.292184 5.372852
v -0.144646 -0.294519 5.362494
v -0.139467 -0.292701 5.361274
v -0.212768 -0.230358 5.437272
v -0.180564 -0.237265 5.427551
v -0.202926 -0.200001 5.465221
v -0.129974 -0.243482 5.425767
v -0.127001 -0.252497 5.420202
v -0.170431 -0.262774 5.382874
v -0.205822 -0.252534 5.387328
v -0.185231 -0.257849 5.370543
v -0.192054 -0.255754 5.371853
v -0.192681 -0.248220 5.376735
v -0.182578 -0.261966 5.372450
v -0.138907 -0.299906 5.363153
v -0.143934 -0.301527 5.364184
v -0.134332 -0.298719 5.365489
v -0.133875 -0.296217 5.369694
v -0.135822 -0.294306 5.373257
v -0.147442 -0.301454 5.366781
v -0.149383 -0.300065 5.370679
v -0.148712 -0.296388 5.373539
v -0.147446 -0.307139 5.369461
v -0.143356 -0.308961 5.367126
v -0.133432 -0.310230 5.373167
v -0.135059 -0.312799 5.371693
v -0.135377 -0.309760 5.369341
v -0.133889 -0.306184 5.368769
v -0.134168 -0.314348 5.376184
v -0.135260 -0.316859 5.374106
v -0.138140 -0.314271 5.369610
v -0.137891 -0.310008 5.367444
v -0.138404 -0.318719 5.372233
v -0.142268 -0.318523 5.372164
v -0.142019 -0.314271 5.370061
v -0.141214 -0.311129 5.368009
v -0.137971 -0.306633 5.365466
v -0.135862 -0.318405 5.378021
v -0.139722 -0.321618 5.377723
v -0.138630 -0.322052 5.374681
v -0.135803 -0.319717 5.375734
v -0.133854 -0.301617 5.371788
v -0.134199 -0.307464 5.375410
v -0.135471 -0.312237 5.378382
v -0.137484 -0.316357 5.380059
v -0.136671 -0.306000 5.377814
v -0.137979 -0.310898 5.380127
v -0.139846 -0.314403 5.380990
v -0.140413 -0.305644 5.379578
v -0.141042 -0.310586 5.380937
v -0.136160 -0.298658 5.374602
v -0.139994 -0.297686 5.376483
v -0.141603 -0.313256 5.381136
v -0.141282 -0.319804 5.379389
v -0.145052 -0.313601 5.370218
v -0.145066 -0.317862 5.372885
v -0.147457 -0.312334 5.372426
v -0.146783 -0.316734 5.374268
v -0.142117 -0.321608 5.373798
v -0.143980 -0.321093 5.375581
v -0.139732 -0.293589 5.376220
v -0.145247 -0.294649 5.376497
v -0.145543 -0.299166 5.377558
v -0.145397 -0.306462 5.379965
v -0.148990 -0.302180 5.375910
v -0.149175 -0.306219 5.372569
v -0.148740 -0.310783 5.374931
v -0.148551 -0.308761 5.377759
v -0.147772 -0.314715 5.377112
v -0.147337 -0.312840 5.379125
v -0.144618 -0.311402 5.380616
v -0.146000 -0.316875 5.378838
v -0.145318 -0.319200 5.377281
v -0.142824 -0.316742 5.380348
v -0.143786 -0.314366 5.380585
v -0.145935 -0.314972 5.379665
v -0.163903 -0.288917 5.366230
v -0.164512 -0.283328 5.365952
v -0.169128 -0.284666 5.366983
v -0.168869 -0.289935 5.367527
v -0.161589 -0.288511 5.353343
v -0.162257 -0.281160 5.351697
v -0.160582 -0.281710 5.357585
v -0.160039 -0.288679 5.359094
v -0.167847 -0.288114 5.350530
v -0.168729 -0.281138 5.348413
v -0.162436 -0.272787 5.355098
v -0.163336 -0.260908 5.365440
v -0.161747 -0.264236 5.370028
v -0.160672 -0.274528 5.360644
v -0.179308 -0.269210 5.372189
v -0.176007 -0.269660 5.376153
v -0.161718 -0.282403 5.362679
v -0.161243 -0.288717 5.363577
v -0.177534 -0.278763 5.364310
v -0.177012 -0.285679 5.362364
v -0.173699 -0.285380 5.366338
v -0.174349 -0.279367 5.368191
v -0.170101 -0.269022 5.377310
v -0.163883 -0.267990 5.377028
v -0.161586 -0.266266 5.373891
v -0.178514 -0.277200 5.358460
v -0.179380 -0.266164 5.366301
v -0.175974 -0.261764 5.362108
v -0.175577 -0.274723 5.353446
v -0.161645 -0.275889 5.365250
v -0.169213 -0.278922 5.369507
v -0.164174 -0.277529 5.368596
v -0.168818 -0.271930 5.352334
v -0.175215 -0.283981 5.351554
v -0.174614 -0.301617 5.359619
v -0.175434 -0.300968 5.364039
v -0.176461 -0.291939 5.363122
v -0.176138 -0.292445 5.358436
v -0.177208 -0.285350 5.357539
v -0.173863 -0.291040 5.353551
v -0.168913 -0.298744 5.368917
v -0.163727 -0.298116 5.367877
v -0.160597 -0.298421 5.365276
v -0.169035 -0.258866 5.361521
v -0.159565 -0.298940 5.361328
v -0.160677 -0.299504 5.356091
v -0.173634 -0.291223 5.367541
v -0.173488 -0.300079 5.368696
v -0.171903 -0.301183 5.355769
v -0.166089 -0.299535 5.353664
v -0.165901 -0.308524 5.356495
v -0.171148 -0.308463 5.358264
v -0.160867 -0.307185 5.358068
v -0.159726 -0.304957 5.362888
v -0.160915 -0.303464 5.366400
v -0.173706 -0.308984 5.362151
v -0.174618 -0.307928 5.366309
v -0.172989 -0.305303 5.369606
v -0.173401 -0.315621 5.367532
v -0.170988 -0.317190 5.364523
v -0.160526 -0.322517 5.372696
v -0.161992 -0.324925 5.371061
v -0.162407 -0.320651 5.367847
v -0.160190 -0.318236 5.368356
v -0.162959 -0.317961 5.364942
v -0.161080 -0.314557 5.363193
v -0.165982 -0.322181 5.366856
v -0.165957 -0.318242 5.364425
v -0.165669 -0.327520 5.370387
v -0.169362 -0.326914 5.371619
v -0.169200 -0.321771 5.368432
v -0.168832 -0.318563 5.365749
v -0.162019 -0.327026 5.375888
v -0.162100 -0.328347 5.373635
v -0.165959 -0.314945 5.360625
v -0.159722 -0.309710 5.365443
v -0.159561 -0.315288 5.370461
v -0.160652 -0.320345 5.374944
v -0.162841 -0.324837 5.378010
v -0.160955 -0.313048 5.373188
v -0.161970 -0.318504 5.377017
v -0.164209 -0.322587 5.379014
v -0.164102 -0.311948 5.375692
v -0.164756 -0.317776 5.378566
v -0.160931 -0.306851 5.368158
v -0.164107 -0.305710 5.370389
v -0.165513 -0.321084 5.379351
v -0.166384 -0.328081 5.378775
v -0.165600 -0.330794 5.376898
v -0.165120 -0.331946 5.373556
v -0.170937 -0.320658 5.369578
v -0.170646 -0.325710 5.373380
v -0.172775 -0.319942 5.371179
v -0.171903 -0.324952 5.374873
v -0.168858 -0.330707 5.373854
v -0.169619 -0.329958 5.375845
v -0.164074 -0.302894 5.368634
v -0.168795 -0.303373 5.369668
v -0.168784 -0.306098 5.371759
v -0.168881 -0.312836 5.376647
v -0.172837 -0.308269 5.371226
v -0.174108 -0.312095 5.369095
v -0.173412 -0.317928 5.373092
v -0.172486 -0.315151 5.375363
v -0.172164 -0.323157 5.376638
v -0.171465 -0.320462 5.378280
v -0.168506 -0.318439 5.379111
v -0.170313 -0.325656 5.378426
v -0.170143 -0.328209 5.377525
v -0.167114 -0.325198 5.379479
v -0.167807 -0.322244 5.379604
v -0.170173 -0.323089 5.378982
v -0.183794 -0.286999 5.374049
v -0.184578 -0.283096 5.372609
v -0.188782 -0.283934 5.375736
v -0.188226 -0.287668 5.377414
v -0.184693 -0.289251 5.363462
v -0.185236 -0.282113 5.360246
v -0.182854 -0.282688 5.363873
v -0.182429 -0.288886 5.366228
v -0.189448 -0.290384 5.363149
v -0.191504 -0.282789 5.359372
v -0.186039 -0.275437 5.361578
v -0.185937 -0.264977 5.367263
v -0.183395 -0.267414 5.370609
v -0.183234 -0.276941 5.365107
v -0.182703 -0.282882 5.368599
v -0.182131 -0.288110 5.369931
v -0.197059 -0.280224 5.376217
v -0.196241 -0.285853 5.376281
v -0.193118 -0.285056 5.377420
v -0.193962 -0.280000 5.378064
v -0.189321 -0.269929 5.382238
v -0.185073 -0.269374 5.379441
v -0.183338 -0.268634 5.375278
v -0.198931 -0.279213 5.371546
v -0.198544 -0.268607 5.377375
v -0.197445 -0.266089 5.371609
v -0.197741 -0.277178 5.365234
v -0.183465 -0.277996 5.370116
v -0.189075 -0.279697 5.377743
v -0.185107 -0.278626 5.374582
v -0.192044 -0.274891 5.361739
v -0.196637 -0.284592 5.364236
v -0.194087 -0.300257 5.374237
v -0.194246 -0.299251 5.378217
v -0.196249 -0.290120 5.376236
v -0.196895 -0.291544 5.371575
v -0.198013 -0.285456 5.370323
v -0.194501 -0.291256 5.366467
v -0.187023 -0.294858 5.379933
v -0.182634 -0.294435 5.377276
v -0.180884 -0.295960 5.373476
v -0.191908 -0.264158 5.367358
v -0.197498 -0.270572 5.381918
v -0.180827 -0.297575 5.370333
v -0.182565 -0.299290 5.367620
v -0.192996 -0.288687 5.378101
v -0.191680 -0.296553 5.381344
v -0.191696 -0.300707 5.369835
v -0.187087 -0.300203 5.367291
v -0.184829 -0.307152 5.370280
v -0.189307 -0.307391 5.373551
v -0.180215 -0.305711 5.370444
v -0.179020 -0.303509 5.373312
v -0.179502 -0.301280 5.376014
v -0.191280 -0.305835 5.378219
v -0.191242 -0.304704 5.381181
v -0.189793 -0.301406 5.382498
v -0.189856 -0.309215 5.380849
v -0.187132 -0.311372 5.377050
v -0.174966 -0.317338 5.382675
v -0.176440 -0.318820 5.382043
v -0.177976 -0.315454 5.379278
v -0.176315 -0.314118 5.379173
v -0.179383 -0.313518 5.376338
v -0.178764 -0.311243 5.374501
v -0.181294 -0.317231 5.378710
v -0.182266 -0.313663 5.375779
v -0.179898 -0.320779 5.381767
v -0.183474 -0.319152 5.383276
v -0.184757 -0.315471 5.380356
v -0.185169 -0.313400 5.377242
v -0.174796 -0.320614 5.385291
v -0.175839 -0.321460 5.383918
v -0.183000 -0.311127 5.373568
v -0.177135 -0.307764 5.376076
v -0.175386 -0.311592 5.380432
v -0.174297 -0.315181 5.384183
v -0.174817 -0.318141 5.387169
v -0.176129 -0.309139 5.382537
v -0.175275 -0.312931 5.385894
v -0.175885 -0.315683 5.388312
v -0.178054 -0.307364 5.384790
v -0.177167 -0.311548 5.387520
v -0.177826 -0.305021 5.378454
v -0.180036 -0.302861 5.380850
v -0.177272 -0.314027 5.388675
v -0.178493 -0.320434 5.389113
v -0.178187 -0.323105 5.386919
v -0.178637 -0.323753 5.384343
v -0.186946 -0.314281 5.381408
v -0.185186 -0.318103 5.384716
v -0.188172 -0.312495 5.384295
v -0.185990 -0.316495 5.386709
v -0.182037 -0.322386 5.385013
v -0.182652 -0.321789 5.386610
v -0.181970 -0.299499 5.378696
v -0.185934 -0.299431 5.380909
v -0.183780 -0.302726 5.382671
v -0.181796 -0.307303 5.386909
v -0.187821 -0.304001 5.383321
v -0.189443 -0.306296 5.383478
v -0.188097 -0.310016 5.385211
v -0.185892 -0.307981 5.386900
v -0.185610 -0.314310 5.388366
v -0.183967 -0.312160 5.389244
v -0.180376 -0.311181 5.389026
v -0.182752 -0.316627 5.389410
v -0.182975 -0.319168 5.388286
v -0.178929 -0.316952 5.389719
v -0.179527 -0.314457 5.389676
v -0.182256 -0.314573 5.389862
v -0.193754 -0.270330 5.382869
v -0.207422 -0.281870 5.388464
v -0.207414 -0.279078 5.387225
v -0.210552 -0.279114 5.390319
v -0.210432 -0.281436 5.391510
v -0.210768 -0.284932 5.380017
v -0.210949 -0.279567 5.376742
v -0.207535 -0.279109 5.378951
v -0.207311 -0.284201 5.381636
v -0.215442 -0.284982 5.382103
v -0.216260 -0.280069 5.378758
v -0.209738 -0.273115 5.377731
v -0.207419 -0.260543 5.383652
v -0.204059 -0.263386 5.385277
v -0.206368 -0.273561 5.380278
v -0.214479 -0.262476 5.400766
v -0.216048 -0.268646 5.397507
v -0.211849 -0.269842 5.398268
v -0.210557 -0.262200 5.402576
v -0.206308 -0.278668 5.382865
v -0.206449 -0.282997 5.384960
v -0.217826 -0.276883 5.392782
v -0.217708 -0.280126 5.392924
v -0.214083 -0.279457 5.392429
v -0.213814 -0.276853 5.393246
v -0.205888 -0.263221 5.401789
v -0.207948 -0.270197 5.396603
v -0.204430 -0.268299 5.394465
v -0.202402 -0.263506 5.397799
v -0.203790 -0.266889 5.390094
v -0.220040 -0.275709 5.389521
v -0.218424 -0.266457 5.394785
v -0.218506 -0.263277 5.390370
v -0.219468 -0.274811 5.383959
v -0.205905 -0.275175 5.384136
v -0.210070 -0.275973 5.391404
v -0.207177 -0.276461 5.388245
v -0.215038 -0.272773 5.378876
v -0.219550 -0.280737 5.384564
v -0.218603 -0.290284 5.395576
v -0.216896 -0.288397 5.397494
v -0.217614 -0.282876 5.394878
v -0.219860 -0.284333 5.392268
v -0.220010 -0.281147 5.389796
v -0.219128 -0.285352 5.387575
v -0.209496 -0.286213 5.394503
v -0.206512 -0.287244 5.391447
v -0.205749 -0.288825 5.388382
v -0.213194 -0.259389 5.384854
v -0.206529 -0.290744 5.385820
v -0.209531 -0.292111 5.384322
v -0.213936 -0.281884 5.393934
v -0.213276 -0.286789 5.396649
v -0.218188 -0.291871 5.390574
v -0.214211 -0.292073 5.386064
v -0.213098 -0.297900 5.388725
v -0.216598 -0.297440 5.393670
v -0.208492 -0.296969 5.386958
v -0.205860 -0.294653 5.387828
v -0.205129 -0.292447 5.389973
v -0.216903 -0.294696 5.398803
v -0.215091 -0.292437 5.399822
v -0.212151 -0.290632 5.398268
v -0.214088 -0.299025 5.400701
v -0.213197 -0.301935 5.396875
v -0.201640 -0.306388 5.394963
v -0.203055 -0.307495 5.394720
v -0.204975 -0.304920 5.393188
v -0.203606 -0.303579 5.392568
v -0.207251 -0.303050 5.391553
v -0.207034 -0.300964 5.390055
v -0.207774 -0.306273 5.394255
v -0.209806 -0.303265 5.392780
v -0.205864 -0.309417 5.395893
v -0.207919 -0.308908 5.399634
v -0.210246 -0.306200 5.397918
v -0.211293 -0.303943 5.395908
v -0.200632 -0.309391 5.397198
v -0.202037 -0.309926 5.396101
v -0.211211 -0.301288 5.391620
v -0.204951 -0.298172 5.390152
v -0.202469 -0.301878 5.393030
v -0.200199 -0.305337 5.396116
v -0.199892 -0.308078 5.399066
v -0.202298 -0.299854 5.394423
v -0.200398 -0.303499 5.397520
v -0.200339 -0.306051 5.400074
v -0.203239 -0.298022 5.396482
v -0.201445 -0.301985 5.398949
v -0.204543 -0.295595 5.391731
v -0.205425 -0.293617 5.394123
v -0.200957 -0.304419 5.400444
v -0.201876 -0.309333 5.401389
v -0.202639 -0.311269 5.399841
v -0.204206 -0.311845 5.397693
v -0.211034 -0.305076 5.400221
v -0.208269 -0.308154 5.401931
v -0.211128 -0.302864 5.402230
v -0.207656 -0.306472 5.403384
v -0.206260 -0.311026 5.399989
v -0.205546 -0.310481 5.401718
v -0.205949 -0.290517 5.392840
v -0.208628 -0.289795 5.395795
v -0.207657 -0.292701 5.397274
v -0.205246 -0.297277 5.399264
v -0.210589 -0.293959 5.400229
v -0.212968 -0.296122 5.401577
v -0.209921 -0.300553 5.403045
v -0.207789 -0.298332 5.402165
v -0.206561 -0.304424 5.403728
v -0.205054 -0.302508 5.402953
v -0.203080 -0.301553 5.401025
v -0.203783 -0.306682 5.403085
v -0.204509 -0.308728 5.402938
v -0.201726 -0.307090 5.401938
v -0.202048 -0.304800 5.401757
v -0.203384 -0.304929 5.402792
v -0.216698 -0.261432 5.397567
v -0.129603 -0.261031 5.411629
v -0.134147 -0.262025 5.411293
v -0.140253 -0.267476 5.416949
v -0.139661 -0.270893 5.422435
v -0.135504 -0.272769 5.426932
v -0.130250 -0.271824 5.427167
v -0.125614 -0.269583 5.425127
v -0.137727 -0.264337 5.413097
v -0.125143 -0.261634 5.413840
v -0.123291 -0.265618 5.420223
v -0.121054 -0.275194 5.416276
v -0.121920 -0.271180 5.410206
v -0.124172 -0.278863 5.422022
v -0.129851 -0.279550 5.424044
v -0.135119 -0.278647 5.424215
v -0.126694 -0.268198 5.407462
v -0.131402 -0.267852 5.407436
v -0.135903 -0.269176 5.409985
v -0.124148 -0.276304 5.402167
v -0.120057 -0.283050 5.403627
v -0.125337 -0.297252 5.410909
v -0.121142 -0.297181 5.409693
v -0.122246 -0.293404 5.411654
v -0.125983 -0.293360 5.413868
v -0.122680 -0.290501 5.412003
v -0.124726 -0.288660 5.415281
v -0.118282 -0.291925 5.407232
v -0.120170 -0.288854 5.408353
v -0.117775 -0.289513 5.401829
v -0.118874 -0.287367 5.404360
v -0.116747 -0.295975 5.405616
v -0.120556 -0.299598 5.407119
v -0.117840 -0.299012 5.403402
v -0.123681 -0.299678 5.406830
v -0.120266 -0.285582 5.409836
v -0.130306 -0.286553 5.419471
v -0.130503 -0.292483 5.415294
v -0.129632 -0.296500 5.410593
v -0.127628 -0.298279 5.405446
v -0.135423 -0.290420 5.413952
v -0.133461 -0.294387 5.408425
v -0.130691 -0.295637 5.403858
v -0.137850 -0.287052 5.409911
v -0.134966 -0.291558 5.405207
v -0.135895 -0.283652 5.420174
v -0.139130 -0.279655 5.416708
v -0.132560 -0.293578 5.402782
v -0.125131 -0.297266 5.400220
v -0.121167 -0.299624 5.401251
v -0.120094 -0.286720 5.399180
v -0.116884 -0.292945 5.400351
v -0.119698 -0.290907 5.397214
v -0.123706 -0.283487 5.397799
v -0.123525 -0.289136 5.395676
v -0.116890 -0.296299 5.399930
v -0.119664 -0.295482 5.397611
v -0.138927 -0.275737 5.420321
v -0.139123 -0.272282 5.414803
v -0.138435 -0.275748 5.411030
v -0.136209 -0.283424 5.405003
v -0.134803 -0.273696 5.405075
v -0.129084 -0.273554 5.402042
v -0.128014 -0.281678 5.397737
v -0.132617 -0.281276 5.400183
v -0.127502 -0.288013 5.396179
v -0.130852 -0.287718 5.397999
v -0.133294 -0.289103 5.401404
v -0.127428 -0.292214 5.397083
v -0.123844 -0.293892 5.396635
v -0.128526 -0.294670 5.399924
v -0.130855 -0.292409 5.400178
v -0.129619 -0.290961 5.398126
v -0.210636 -0.258610 5.405696
v -0.204814 -0.259871 5.404983
v -0.204985 -0.256647 5.409506
v -0.205119 -0.253852 5.415987
v -0.210334 -0.248891 5.421219
v -0.198854 -0.253447 5.415172
v -0.198893 -0.256708 5.408411
v -0.198301 -0.260661 5.401388
v -0.193663 -0.249048 5.419483
v -0.041923 -0.189404 5.229787
v -0.043218 -0.185895 5.228979
v -0.043015 -0.180025 5.231894
v -0.044289 -0.184142 5.233477
v -0.043616 -0.187251 5.235500
v -0.042216 -0.190582 5.237801
v -0.035397 -0.196413 5.233188
v -0.038930 -0.192430 5.231590
v -0.028863 -0.195037 5.241722
v -0.029210 -0.194763 5.240409
v -0.029118 -0.194588 5.242012
v -0.034639 -0.194528 5.240070
v -0.030143 -0.193056 5.241136
v -0.044423 -0.179479 5.227916
v -0.044200 -0.177731 5.228041
v -0.043656 -0.182275 5.228368
v -0.038730 -0.193600 5.239609
v -0.044124 -0.177413 5.228768
v -0.043560 -0.178479 5.229953
v -0.031506 -0.196614 5.235746
v -0.043567 -0.188250 5.233247
v -0.042124 -0.192250 5.235250
v -0.037018 -0.196173 5.234839
v -0.041022 -0.193471 5.232506
v -0.034557 -0.195518 5.238467
v -0.032209 -0.195382 5.239114
v -0.044200 -0.185070 5.231692
v -0.038249 -0.195203 5.237330
v -0.042912 -0.189347 5.230761
v -0.031003 -0.194181 5.238978
v -0.032363 -0.194380 5.237066
v -0.043725 -0.178579 5.228810
v -0.043639 -0.178550 5.228922
v 0.023826 -0.017023 5.426880
v 0.020990 -0.008769 5.442926
v -0.043726 -0.185937 5.229589
v -0.043125 -0.179205 5.229735
v -0.044001 -0.182599 5.230380
v -0.043705 -0.183196 5.228998
v -0.043186 -0.179620 5.228829
v -0.130790 0.003784 5.423277
v -0.124402 0.009287 5.436761
v -0.159961 0.023198 5.395513
v -0.164641 0.040368 5.396072
v 0.009059 0.178906 5.599461
v 0.056946 0.249064 5.444296
v 0.056074 0.234892 5.427855
v 0.122961 0.225882 5.437285
v 0.106948 0.234446 5.434530
v -0.013936 0.211610 5.498158
v -0.012969 0.223365 5.509963
v -0.007995 0.181887 5.549072
v -0.005637 0.193136 5.560660
v -0.014132 0.222207 5.538937
v 0.084457 0.279631 5.470311
v 0.088420 0.260697 5.453655
v 0.071979 0.263343 5.457250
v 0.067831 0.282004 5.472043
v 0.133298 0.235996 5.462359
v 0.136022 0.214885 5.443465
v -0.009976 0.207623 5.468893
v 0.001069 0.216568 5.451603
v 0.034159 0.222975 5.426044
v 0.052073 0.219713 5.416870
v 0.086588 0.204902 5.405620
v 0.069377 0.213039 5.410132
v -0.005584 0.157436 5.551951
v 0.002332 0.132814 5.552415
v -0.016160 0.197341 5.487375
v 0.028320 0.126129 5.586084
v 0.118936 0.171181 5.389214
v 0.099631 0.180560 5.387647
v 0.016009 0.222125 5.437322
v 0.002212 0.011505 5.479516
v 0.000599 0.019399 5.495941
v -0.012002 0.023350 5.488584
v -0.010204 0.017027 5.472297
v -0.023930 0.028753 5.482038
v -0.034121 0.034967 5.475081
v -0.042020 0.041535 5.468306
v -0.053079 0.061151 5.451699
v -0.051002 0.054795 5.456572
v -0.053613 0.075820 5.442500
v -0.053799 0.067452 5.446853
v -0.051251 0.089854 5.439276
v -0.047990 0.106062 5.436979
v -0.044729 0.123593 5.433609
v -0.044594 0.115145 5.421741
v -0.048643 0.113562 5.450301
v -0.051837 0.097347 5.452240
v -0.054050 0.084257 5.456028
v 0.014589 0.041416 5.535227
v 0.019197 0.062078 5.547103
v 0.026816 -0.025450 5.411949
v -0.246885 -0.058209 5.516706
v -0.175746 -0.148082 5.454679
v 0.076754 0.037199 5.298951
v 0.093789 0.026144 5.308079
v 0.111489 0.023803 5.320325
v 0.108397 0.016067 5.315768
v -0.006138 0.051782 5.278251
v 0.016066 0.061239 5.280356
v 0.039168 0.061506 5.285070
v 0.060385 0.056318 5.293589
v -0.018633 0.171037 5.496561
v 0.083882 0.064692 5.311494
v 0.061293 0.067295 5.296122
v 0.038347 0.074407 5.287254
v 0.012797 0.074436 5.282141
v -0.014439 0.065433 5.278473
v -0.029190 0.065344 5.280192
v -0.045603 0.078634 5.288664
v -0.058930 0.074283 5.292897
v -0.063690 0.058657 5.288670
v -0.076482 0.052920 5.293299
v -0.071634 0.068274 5.297097
v -0.145566 0.051395 5.367972
v -0.153981 0.054469 5.384907
v -0.158004 0.063059 5.398520
v -0.156829 0.071752 5.410620
v -0.153008 0.076969 5.417104
v -0.145758 0.082142 5.420669
v -0.133903 0.087757 5.418960
v -0.092273 0.097812 5.399675
v -0.075541 0.103415 5.387991
v -0.031136 0.137489 5.363736
v -0.019496 0.144406 5.360635
v 0.025220 0.174505 5.373178
v 0.011371 0.166614 5.367115
v 0.039298 0.183089 5.380400
v 0.040363 0.364558 5.540660
v 0.051901 0.348401 5.529661
v 0.034124 0.343500 5.524157
v 0.022166 0.359118 5.533723
v 0.119965 0.299589 5.521888
v 0.103046 0.307506 5.514901
v -0.026597 0.289324 5.534477
v -0.015720 0.307420 5.525582
v -0.000581 0.322792 5.521361
v 0.016979 0.334767 5.520745
v -0.033026 0.272154 5.546746
v -0.011147 0.207921 5.625326
v -0.019373 0.219275 5.609655
v 0.023253 0.181021 5.662060
v 0.009802 0.188267 5.652339
v -0.035313 0.256854 5.561596
v -0.001653 0.197044 5.639936
v -0.026926 0.231252 5.594010
v -0.032784 0.243821 5.577781
v 0.062540 0.330186 5.517693
v 0.079182 0.330326 5.523174
v 0.087113 0.312074 5.509009
v 0.112292 0.123007 5.348849
v 0.093176 0.129640 5.342948
v 0.073386 0.135126 5.337235
v 0.049102 0.130798 5.324123
v 0.026839 0.134007 5.320909
v 0.030770 0.140918 5.329551
v 0.052348 0.139247 5.332814
v -0.017938 0.129022 5.329775
v -0.032267 0.125709 5.334661
v -0.030637 0.129165 5.340962
v -0.013274 0.134391 5.334828
v -0.043741 0.125581 5.346178
v -0.056756 0.119967 5.352104
v -0.070079 0.111850 5.359946
v -0.084719 0.103989 5.366993
v -0.088520 0.098529 5.347004
v -0.074684 0.103580 5.340489
v -0.020386 0.124114 5.323111
v -0.001335 0.126179 5.317359
v 0.101612 0.100907 5.337902
v 0.117768 0.093022 5.347691
v -0.040801 0.137249 5.425257
v -0.035431 0.149593 5.414148
v -0.028431 0.157581 5.403025
v -0.020395 0.161557 5.392549
v -0.013580 0.163177 5.381753
v -0.006122 0.162218 5.371681
v 0.000812 0.158738 5.362410
v -0.008487 0.151723 5.360229
v 0.006202 0.154357 5.354192
v -0.006848 0.147188 5.353640
v 0.009496 0.149236 5.345395
v 0.010419 0.144321 5.337111
v 0.008156 0.139352 5.329982
v 0.003140 0.133269 5.323621
v 0.042873 0.124261 5.315245
v 0.020175 0.127690 5.313838
v 0.057179 0.109082 5.311493
v 0.050382 0.102057 5.303362
v 0.071782 0.125139 5.328290
v 0.064119 0.117529 5.320187
v 0.029370 0.020276 5.280210
v 0.049817 0.018305 5.283204
v -0.129769 0.086933 5.401071
v -0.136979 0.084668 5.409005
v -0.129492 0.088690 5.408998
v -0.126597 0.089228 5.402595
v -0.141791 0.080675 5.405578
v -0.135841 0.080117 5.390149
v -0.146334 0.074985 5.400160
v -0.133193 0.083930 5.399124
v -0.147442 0.068589 5.389699
v -0.137990 0.074130 5.381905
v -0.145495 0.062743 5.377983
v -0.137748 0.068968 5.372212
v -0.136240 0.065815 5.364281
v -0.140490 0.060232 5.366151
v -0.107476 0.079308 5.336095
v -0.119287 0.073963 5.345151
v -0.129205 0.069329 5.355428
v -0.098820 0.098501 5.374915
v -0.112174 0.093010 5.382243
v -0.123355 0.088120 5.389853
v -0.125787 0.084606 5.381715
v -0.114074 0.090170 5.373900
v -0.100409 0.096471 5.365552
v 0.108343 0.114377 5.343627
v 0.090932 0.119007 5.334376
v -0.045808 0.121053 5.339194
v -0.057449 0.115732 5.343381
v -0.069954 0.109189 5.348454
v -0.085761 0.102489 5.356582
v -0.060033 0.109813 5.334647
v -0.047508 0.114763 5.330670
v -0.034612 0.119360 5.327260
v 0.085005 0.109187 5.328425
v 0.124845 0.107720 5.352931
v -0.072912 0.007764 5.356264
v -0.077866 0.006005 5.332085
v -0.082098 0.015348 5.310916
v -0.081649 0.033173 5.297230
v 0.099442 -0.012657 5.302213
v -0.210607 0.013059 5.547564
v 0.150407 0.137089 5.386021
v 0.148511 0.122687 5.373243
v 0.148557 0.184874 5.434219
v 0.152484 0.172847 5.417182
v 0.111814 0.287387 5.495059
v 0.126425 0.278339 5.501452
v 0.131321 0.256936 5.481215
v 0.133688 0.312387 5.545708
v 0.135521 0.289542 5.531901
v 0.143004 0.244460 5.488949
v 0.144209 0.224134 5.470447
v 0.136235 0.162682 5.395402
v 0.131246 0.117463 5.355510
v 0.140329 0.098923 5.360291
v 0.134666 0.086322 5.356768
v 0.130864 0.072878 5.348221
v -0.049171 0.061109 5.491713
v -0.048610 0.054323 5.477344
v -0.042920 0.047590 5.483574
v -0.043589 0.054604 5.497944
v -0.054420 0.074609 5.478937
v -0.053721 0.068249 5.465480
v -0.051985 0.061321 5.471230
v -0.052740 0.068176 5.485256
v -0.054489 0.075419 5.460317
v -0.054705 0.082267 5.473477
v -0.048133 0.070348 5.504968
v -0.051495 0.076730 5.498344
v -0.042847 0.064269 5.511022
v -0.053557 0.089496 5.485543
v -0.053209 0.082999 5.491692
v -0.032098 -0.136996 5.340380
v -0.044127 -0.151534 5.341057
v -0.044336 -0.184856 5.313704
v -0.041711 -0.185099 5.309902
v 0.006312 -0.103064 5.346419
v 0.013561 -0.091233 5.352506
v -0.043630 -0.174373 5.329282
v -0.045554 -0.166038 5.340443
v -0.040415 -0.202876 5.293897
v -0.039511 -0.199703 5.296286
v -0.041950 -0.194322 5.306009
v -0.041681 -0.190889 5.308943
v 0.020444 -0.080435 5.358936
v -0.015632 -0.124999 5.341378
v 0.034701 -0.058864 5.371389
v 0.039508 -0.051568 5.375989
v 0.034320 -0.040581 5.378739
v 0.032467 -0.035911 5.388532
v 0.012449 0.026165 5.520407
v 0.018128 0.006539 5.473033
v 0.013757 0.007227 5.487709
v 0.019683 -0.000142 5.458216
v 0.028147 -0.031971 5.400228
v 0.028147 -0.068875 5.365572
v -0.043144 -0.183040 5.318284
v -0.042439 -0.178433 5.322278
v -0.039473 -0.196796 5.299338
v -0.040597 -0.195193 5.303036
v 0.034164 -0.022803 5.432763
v 0.032301 -0.014473 5.449362
v 0.012592 0.015919 5.504311
v 0.027232 0.038272 5.541471
v 0.033602 0.058664 5.554163
v 0.036158 -0.030767 5.417432
v 0.042220 0.078629 5.559602
v -0.098130 0.377572 5.658686
v -0.092784 0.388951 5.679958
v -0.070152 0.410566 5.673221
v -0.077141 0.400560 5.657292
v -0.067969 0.391210 5.620104
v -0.060515 0.382984 5.597359
v -0.051736 0.371469 5.574202
v -0.054595 0.421822 5.688272
v -0.013226 0.440553 5.681936
v -0.032204 0.431420 5.702764
v -0.033534 0.388351 5.578324
v -0.042548 0.399146 5.600663
v -0.064384 0.410472 5.654715
v -0.058804 0.409947 5.641818
v -0.076300 0.393809 5.639972
v -0.036836 0.430913 5.671599
v -0.054996 0.419117 5.662893
v 0.077818 0.364139 5.557825
v 0.068186 0.380647 5.571568
v 0.092984 0.376704 5.582384
v 0.004353 0.348276 5.528881
v 0.009421 0.373411 5.546112
v 0.056353 0.421478 5.735943
v -0.043375 0.421472 5.647394
v 0.002276 0.442026 5.660483
v -0.022811 0.432911 5.652571
v 0.029596 0.412058 5.595582
v 0.006907 0.407401 5.588610
v -0.000954 0.419612 5.609271
v 0.022669 0.425005 5.615146
v -0.013535 0.399682 5.583064
v -0.002440 0.386968 5.562953
v 0.037444 0.397023 5.577457
v 0.016955 0.393562 5.569453
v 0.028416 0.379206 5.553209
v -0.023132 0.410964 5.604833
v 0.014112 0.436162 5.637287
v 0.040639 0.438588 5.646917
v 0.066854 0.432792 5.658799
v 0.092430 0.423950 5.674188
v 0.101481 0.415286 5.652433
v 0.047375 0.381281 5.561635
v 0.069292 0.347966 5.535499
v 0.058367 0.365000 5.548275
v 0.095119 0.294088 5.491048
v -0.205667 0.127444 5.758169
v -0.009209 0.312970 5.783408
v -0.012748 0.288312 5.777794
v -0.096049 0.285720 5.608876
v -0.108079 0.343044 5.632004
v -0.091982 0.372285 5.636360
v -0.019974 0.254990 5.757432
v -0.024225 0.241712 5.736787
v -0.083925 0.251469 5.616646
v -0.051448 0.225868 5.654800
v -0.014634 0.270743 5.770170
v -0.051447 0.406792 5.623872
v -0.033161 0.418654 5.628439
v -0.010480 0.429580 5.631640
v 0.029729 0.444460 5.670201
v 0.057304 0.439692 5.680576
v 0.083577 0.427848 5.693880
v 0.003729 0.241325 5.729873
v 0.010998 0.237362 5.735540
v 0.006190 0.237076 5.729292
v 0.019984 0.230803 5.732574
v 0.017604 0.235249 5.741165
v 0.010083 0.244053 5.741508
v 0.017336 0.244239 5.749543
v 0.015233 0.253818 5.757742
v -0.012399 0.216483 5.636469
v -0.022897 0.227677 5.620350
v 0.021204 0.191442 5.673735
v 0.009377 0.198141 5.663667
v -0.044503 0.263463 5.571307
v -0.001954 0.206550 5.651248
v -0.032347 0.238621 5.604063
v -0.040587 0.250550 5.587540
v 0.116378 0.387085 5.611985
v 0.121139 0.369816 5.594867
v 0.034243 0.186951 5.681810
v -0.040004 -0.154857 5.344781
v -0.027849 -0.140072 5.343208
v 0.002314 -0.237208 5.186420
v 0.078467 -0.049056 5.288159
v -0.021599 -0.225369 5.238265
v -0.040507 -0.186129 5.310848
v -0.042247 -0.205884 5.293211
v 0.042707 -0.043395 5.382972
v 0.041523 -0.038351 5.393226
v 0.008679 0.320569 5.783347
v 0.037442 -0.036252 5.405221
v 0.009055 0.329700 5.784313
v 0.146949 0.201521 5.450971
v -0.373579 0.381897 6.056621
v -0.364342 0.391086 6.050242
v -0.378960 0.406349 6.066384
v -0.387259 0.396855 6.074073
v -0.361594 0.409201 6.025390
v -0.358417 0.403479 6.037306
v -0.370500 0.412653 6.015688
v -0.382873 0.411414 6.010026
v -0.391452 0.427715 6.030689
v -0.380040 0.429464 6.034257
v -0.392929 0.406765 6.009423
v -0.411050 0.417351 6.031372
v -0.402238 0.400508 6.011280
v -0.414274 0.388946 6.018725
v -0.421139 0.405550 6.038839
v -0.421079 0.376777 6.032591
v -0.428878 0.392842 6.052093
v -0.418626 0.368559 6.048530
v -0.386759 0.373762 6.060901
v -0.399939 0.386714 6.080203
v -0.371795 0.425590 6.043803
v -0.370747 0.420240 6.054883
v -0.374755 0.413390 6.060352
v -0.360176 0.396791 6.045290
v -0.390060 0.421855 6.086462
v -0.393591 0.408325 6.096783
v -0.379053 0.444033 6.061417
v -0.382749 0.436689 6.071411
v -0.399105 0.444755 6.050303
v -0.386001 0.448219 6.051626
v -0.422803 0.435373 6.047069
v -0.411233 0.440228 6.048261
v -0.401874 0.423073 6.030154
v -0.431620 0.423019 6.055029
v -0.440115 0.407467 6.069324
v -0.409991 0.397797 6.099776
v -0.386818 0.430529 6.079628
v -0.560508 0.382872 6.185483
v -0.557796 0.380096 6.183711
v -0.555385 0.378423 6.186890
v -0.557099 0.381043 6.190866
v -0.542412 0.367255 6.211869
v -0.539117 0.359780 6.208691
v -0.532824 0.360317 6.214087
v -0.534220 0.367685 6.219530
v -0.553268 0.371818 6.202389
v -0.552932 0.376880 6.202453
v -0.555964 0.378388 6.199244
v -0.557922 0.374102 6.197040
v -0.555533 0.404339 6.159523
v -0.555662 0.408906 6.161184
v -0.557565 0.410697 6.157681
v -0.557860 0.407653 6.155531
v -0.558617 0.391710 6.176589
v -0.558459 0.396499 6.177735
v -0.559950 0.398019 6.174381
v -0.561332 0.395074 6.171897
v -0.525352 0.372525 6.195507
v -0.513727 0.370001 6.202622
v -0.525185 0.364547 6.209878
v -0.533934 0.364248 6.201604
v -0.521425 0.371183 6.217677
v -0.510025 0.378827 6.210858
v -0.516873 0.387004 6.210956
v -0.526651 0.378035 6.215579
v -0.528135 0.387756 6.203783
v -0.536477 0.379824 6.208776
v -0.532624 0.381048 6.196006
v -0.542549 0.372421 6.200397
v -0.545239 0.384166 6.185503
v -0.539883 0.377387 6.184878
v -0.550057 0.372573 6.190557
v -0.555035 0.378842 6.189544
v -0.533977 0.374335 6.192465
v -0.545401 0.370312 6.196377
v -0.534241 0.380535 6.199719
v -0.537194 0.387415 6.198313
v -0.547029 0.380502 6.202158
v -0.543984 0.373299 6.204018
v -0.542662 0.389161 6.191842
v -0.552159 0.383358 6.195800
v -0.546757 0.386119 6.172047
v -0.541658 0.383235 6.179906
v -0.550281 0.380847 6.184936
v -0.554533 0.382816 6.179472
v -0.549810 0.384318 6.191797
v -0.542492 0.388707 6.187432
v -0.545859 0.394572 6.185572
v -0.553355 0.389252 6.189986
v -0.550839 0.396725 6.178800
v -0.557803 0.391139 6.184760
v -0.551848 0.392114 6.172812
v -0.559297 0.387482 6.179307
v -0.553279 0.403462 6.158813
v -0.549238 0.397537 6.157567
v -0.556132 0.394489 6.165301
v -0.558998 0.399610 6.166534
v -0.546403 0.393981 6.164106
v -0.552914 0.391407 6.168906
v -0.551647 0.392824 6.175172
v -0.547395 0.396167 6.170350
v -0.549485 0.403740 6.171352
v -0.554131 0.399519 6.176578
v -0.552759 0.407734 6.164937
v -0.558150 0.402556 6.171262
v -0.547991 0.410692 6.142569
v -0.553736 0.406453 6.147518
v -0.555819 0.411788 6.149302
v -0.549422 0.417131 6.144419
v -0.546224 0.405988 6.148336
v -0.550615 0.403331 6.152802
v -0.549840 0.405633 6.158048
v -0.547517 0.408539 6.153461
v -0.548173 0.415469 6.156425
v -0.551768 0.411858 6.160175
v -0.549515 0.419069 6.150474
v -0.555124 0.415130 6.155165
v -0.518891 0.381069 6.187721
v -0.503906 0.375984 6.195013
v -0.533913 0.372597 6.217366
v -0.501055 0.386352 6.203566
v -0.539159 0.373391 6.213343
v -0.522728 0.395665 6.196492
v -0.508360 0.394600 6.203437
v -0.527628 0.384728 6.194899
v -0.554400 0.370655 6.195125
v -0.534889 0.400641 6.184183
v -0.537910 0.390105 6.184121
v -0.551633 0.369323 6.198248
v -0.529747 0.386129 6.176183
v -0.536553 0.396056 6.162565
v -0.557832 0.385629 6.190513
v -0.560077 0.386505 6.187458
v -0.542786 0.408546 6.170483
v -0.546024 0.397109 6.168547
v -0.559466 0.392204 6.169682
v -0.545202 0.417851 6.157143
v -0.547553 0.408495 6.153470
v -0.557386 0.390217 6.172188
v -0.539995 0.405856 6.147696
v -0.555260 0.405237 6.153804
v -0.543825 0.426348 6.146692
v -0.543060 0.423883 6.138382
v -0.554133 0.402935 6.155952
v -0.541163 0.415136 6.136567
v -0.412423 0.380646 6.080544
v -0.399713 0.367766 6.062230
v -0.411087 0.366020 6.058187
v -0.423078 0.380039 6.075669
v -0.428438 0.383744 6.066420
v -0.424867 0.390198 6.099253
v -0.436301 0.391071 6.091679
v -0.440802 0.397405 6.083944
v -0.439310 0.440304 6.064146
v -0.428686 0.451477 6.056458
v -0.414936 0.455154 6.057786
v -0.401972 0.460102 6.058483
v -0.388714 0.463281 6.061693
v -0.420271 0.407333 6.113861
v -0.435843 0.396133 6.114869
v -0.449140 0.394769 6.107108
v -0.455061 0.404238 6.096797
v -0.489815 0.380988 6.187251
v -0.502201 0.383736 6.176105
v -0.486708 0.384698 6.163280
v -0.478249 0.389670 6.175417
v -0.513222 0.390081 6.164931
v -0.497196 0.391012 6.151811
v -0.520635 0.399520 6.153184
v -0.504995 0.402366 6.141733
v -0.526197 0.409572 6.140298
v -0.511570 0.414178 6.131264
v -0.531445 0.419802 6.129889
v -0.517667 0.426996 6.122697
v -0.536208 0.430598 6.130016
v -0.522963 0.438854 6.122204
v -0.488039 0.392253 6.197117
v -0.476072 0.401923 6.184778
v -0.496715 0.406253 6.197229
v -0.485445 0.416426 6.186192
v -0.508345 0.411809 6.187242
v -0.495569 0.423247 6.177062
v -0.523978 0.447096 6.132331
v -0.536284 0.436780 6.140619
v -0.518018 0.417811 6.174213
v -0.504309 0.428814 6.164251
v -0.526201 0.425732 6.162097
v -0.512492 0.437194 6.153005
v -0.531946 0.432817 6.151149
v -0.519029 0.444365 6.142639
v -0.469255 0.389821 6.149709
v -0.480041 0.391707 6.136215
v -0.487627 0.404215 6.126221
v -0.493924 0.418592 6.117828
v -0.499632 0.434746 6.112880
v -0.505831 0.447980 6.112413
v -0.474287 0.425748 6.098195
v -0.480325 0.446775 6.102065
v -0.486979 0.459042 6.104939
v -0.467961 0.470710 6.097364
v -0.462448 0.460035 6.091646
v -0.431526 0.483304 6.077744
v -0.445500 0.472595 6.083081
v -0.451164 0.483246 6.088535
v -0.437021 0.495269 6.082936
v -0.457608 0.442857 6.084524
v -0.441151 0.455961 6.075103
v -0.427877 0.465479 6.068782
v -0.412738 0.505987 6.081277
v -0.407880 0.494564 6.072886
v -0.420164 0.489832 6.074630
v -0.425495 0.502269 6.080382
v -0.397960 0.506338 6.089144
v -0.391403 0.495829 6.079624
v -0.387178 0.488336 6.093608
v -0.391832 0.498822 6.102418
v -0.404273 0.476715 6.066078
v -0.416168 0.472225 6.067566
v -0.390146 0.478737 6.070002
v -0.385797 0.472370 6.082825
v -0.396184 0.476735 6.106250
v -0.394130 0.461965 6.094466
v -0.397164 0.486845 6.115294
v -0.464522 0.402253 6.161823
v -0.464680 0.415086 6.167703
v -0.471109 0.405092 6.109624
v -0.463331 0.393703 6.120538
v -0.448549 0.397771 6.132635
v -0.446950 0.413586 6.148290
v -0.451050 0.429398 6.152156
v -0.431555 0.431381 6.138026
v -0.437142 0.443916 6.141125
v -0.471448 0.426007 6.167993
v -0.457107 0.437958 6.150280
v -0.442626 0.452656 6.139512
v -0.418764 0.445724 6.129069
v -0.423401 0.457629 6.133797
v -0.410402 0.457918 6.119931
v -0.413408 0.468322 6.127327
v -0.405102 0.477111 6.121985
v -0.404045 0.467164 6.113418
v -0.405381 0.445456 6.109163
v -0.400402 0.453378 6.101792
v -0.414004 0.433839 6.118309
v -0.427281 0.417442 6.127389
v -0.507078 0.456434 6.121592
v -0.488960 0.466047 6.111797
v -0.469603 0.476394 6.103930
v -0.452678 0.489781 6.097189
v -0.438144 0.500921 6.092912
v -0.427361 0.506617 6.091624
v -0.416353 0.509885 6.092093
v -0.404973 0.508727 6.097771
v -0.399947 0.503258 6.107273
v -0.404221 0.494726 6.118179
v -0.411177 0.486892 6.125248
v -0.428877 0.466706 6.133963
v -0.418698 0.478237 6.129900
v -0.403031 0.421677 6.110001
v -0.396276 0.433047 6.099692
v -0.393135 0.441209 6.091693
v -0.383780 0.457911 6.072412
v -0.389503 0.448845 6.084080
v -0.479998 0.433888 6.161663
v -0.488799 0.441029 6.150437
v -0.496698 0.449341 6.140160
v -0.503135 0.455220 6.130853
v -0.485566 0.466068 6.119717
v -0.479550 0.461789 6.127687
v -0.471882 0.454608 6.137308
v -0.463881 0.445663 6.145548
v -0.467337 0.477034 6.111533
v -0.462467 0.473915 6.119016
v -0.454797 0.468659 6.128336
v -0.448692 0.460751 6.135656
v -0.434440 0.475005 6.130571
v -0.439148 0.481760 6.123379
v -0.446221 0.486168 6.113560
v -0.449774 0.489331 6.105938
v -0.435850 0.498830 6.101976
v -0.432755 0.495034 6.109662
v -0.426832 0.490777 6.118578
v -0.423528 0.485214 6.125654
v -0.426836 0.503532 6.100442
v -0.410718 0.506553 6.102991
v -0.418530 0.506364 6.100213
v -0.406902 0.503646 6.109093
v -0.410503 0.497778 6.115973
v -0.416418 0.491840 6.121313
v -0.415106 0.499394 6.112096
v -0.420258 0.495656 6.115206
v -0.424783 0.499404 6.107530
v -0.418665 0.502362 6.105923
v -0.411663 0.502456 6.108948
v -0.413658 0.503881 6.105710
v -0.451432 0.422043 6.082132
v 0.093977 -0.023847 5.296984
v 0.114771 0.031155 5.325188
v -0.308221 0.142738 5.918767
v -0.322392 0.141646 5.912332
v -0.332605 0.140089 5.897924
v -0.063987 0.237732 5.630566
v 0.001597 0.189982 5.584057
v -0.003068 0.170393 5.563374
v -0.000162 0.181309 5.574612
v -0.072972 0.229698 5.634407
v -0.016927 0.187157 5.505110
v 0.072191 0.428456 5.713954
v 0.126267 0.060687 5.340743
v -0.047273 0.047374 5.461912
v 0.109973 0.402197 5.631018
v -0.021434 -0.106204 5.207399
v -0.019766 -0.106229 5.210208
v -0.019009 -0.103692 5.213028
v -0.015367 -0.100603 5.214249
v -0.015139 -0.097877 5.214787
v -0.014890 -0.094067 5.214513
v -0.017644 -0.101419 5.209743
v -0.016375 -0.101257 5.210534
v -0.017542 -0.103365 5.209991
v -0.018342 -0.102991 5.209467
v 0.032035 -0.003685 5.465111
v 0.029729 0.002203 5.479664
v 0.024201 0.002685 5.495001
v 0.023174 0.011437 5.510824
v -0.042941 -0.185923 5.314930
v 0.049249 0.176396 5.648484
v 0.051362 0.177172 5.642160
v 0.139718 0.266198 5.509587
v 0.041954 0.171311 5.660005
v 0.050698 0.168988 5.636530
v 0.152155 0.154301 5.401330
v 0.023768 0.022969 5.526667
v 0.037575 0.176421 5.670041
v 0.146741 0.110359 5.361654
v 0.048223 0.156951 5.628770
v 0.022195 0.221363 5.721398
v 0.046170 0.119712 5.593510
v 0.031093 -0.243052 5.229837
v 0.042325 -0.236520 5.240186
v 0.029363 -0.237521 5.247980
v 0.017254 -0.241188 5.240249
v 0.019542 -0.236802 5.255226
v 0.009428 -0.237530 5.249742
v 0.049935 -0.228089 5.250021
v 0.037682 -0.231047 5.255271
v 0.037633 -0.213961 5.286202
v 0.038458 -0.216828 5.277539
v 0.046551 -0.212683 5.280297
v 0.044460 -0.207846 5.290964
v 0.031200 -0.201607 5.308329
v 0.035658 -0.190337 5.314575
v 0.023923 -0.191311 5.320840
v 0.019687 -0.201180 5.313675
v -0.012273 -0.208254 5.291413
v -0.007393 -0.211269 5.287389
v -0.004360 -0.211307 5.295090
v -0.009484 -0.207216 5.299214
v -0.019503 -0.212277 5.279688
v -0.025131 -0.216168 5.275556
v -0.020479 -0.215412 5.270329
v -0.015070 -0.212406 5.275085
v -0.018085 -0.204596 5.294233
v -0.014584 -0.203008 5.301915
v -0.019377 -0.208689 5.288242
v -0.014964 -0.210009 5.284956
v -0.029290 -0.213106 5.293438
v -0.034229 -0.215732 5.292836
v -0.032178 -0.218199 5.287696
v -0.026697 -0.213574 5.289147
v -0.022210 -0.206841 5.293428
v -0.025946 -0.206083 5.295240
v -0.026259 -0.209599 5.294284
v -0.023115 -0.209810 5.291322
v -0.023738 -0.212316 5.284034
v -0.029019 -0.216964 5.281218
v -0.035432 -0.220020 5.279127
v -0.039314 -0.220758 5.286682
v -0.002308 -0.201945 5.313667
v -0.007959 -0.199508 5.314885
v -0.011258 -0.201890 5.308853
v -0.005771 -0.205422 5.306705
v -0.024083 -0.202377 5.297719
v -0.025432 -0.197328 5.313499
v -0.031093 -0.197864 5.310575
v -0.030269 -0.199067 5.306911
v -0.023987 -0.198623 5.309822
v 0.002797 -0.191564 5.325527
v 0.002169 -0.185443 5.331836
v -0.005937 -0.187213 5.329360
v -0.004960 -0.191343 5.325192
v -0.008556 -0.182408 5.334070
v -0.000066 -0.178997 5.336999
v -0.010702 -0.167454 5.346203
v -0.018607 -0.176076 5.340898
v -0.012396 -0.178814 5.337856
v -0.004605 -0.172692 5.342025
v -0.030124 -0.179436 5.333466
v -0.026587 -0.173800 5.343288
v -0.034036 -0.171152 5.343869
v -0.035822 -0.177621 5.332425
v -0.024348 -0.188284 5.316838
v -0.025556 -0.194788 5.315886
v -0.021269 -0.193327 5.317374
v -0.020654 -0.190488 5.317569
v -0.016887 -0.189678 5.319094
v -0.016943 -0.190868 5.318913
v -0.015868 -0.191822 5.319114
v -0.015879 -0.190296 5.320215
v -0.018392 -0.190265 5.318287
v -0.017636 -0.188940 5.318399
v -0.020280 -0.189168 5.318661
v -0.024638 -0.189918 5.319092
v -0.039207 -0.188041 5.316991
v -0.037060 -0.187659 5.312196
v -0.033901 -0.187964 5.313400
v -0.035415 -0.189400 5.318179
v -0.017871 -0.193765 5.317800
v -0.020736 -0.195480 5.315895
v -0.019162 -0.197031 5.313195
v -0.015776 -0.195357 5.317092
v -0.012677 -0.197600 5.315718
v -0.010654 -0.194937 5.319777
v -0.014013 -0.193287 5.319540
v -0.016895 -0.189558 5.321160
v -0.013828 -0.190815 5.322174
v -0.014857 -0.189256 5.323861
v -0.017202 -0.187546 5.325395
v -0.019559 -0.188982 5.321936
v -0.023757 -0.188645 5.322635
v -0.021086 -0.185929 5.326231
v -0.026816 -0.185090 5.327038
v -0.029175 -0.188043 5.322975
v -0.015641 -0.199616 5.310218
v -0.010237 -0.191189 5.324039
v -0.005963 -0.196133 5.319861
v -0.011271 -0.188314 5.326892
v -0.013878 -0.185300 5.329546
v -0.023618 -0.180890 5.333240
v -0.017904 -0.182925 5.331908
v -0.019310 -0.164844 5.348309
v -0.028060 -0.162352 5.349120
v 0.014844 -0.232524 5.259001
v 0.008139 -0.231571 5.254966
v 0.015997 -0.226818 5.264346
v 0.012290 -0.227434 5.262072
v 0.012723 -0.228317 5.260451
v 0.017678 -0.228158 5.263608
v 0.032255 -0.219124 5.274281
v 0.031913 -0.217034 5.280200
v 0.026756 -0.218964 5.274455
v 0.027015 -0.220801 5.271210
v 0.015293 -0.218427 5.279501
v 0.014570 -0.221423 5.272859
v 0.018459 -0.221033 5.272401
v 0.020507 -0.218607 5.279402
v 0.010489 -0.220943 5.271698
v 0.010253 -0.217978 5.277920
v 0.006039 -0.217039 5.275020
v 0.006796 -0.220083 5.269699
v 0.008624 -0.227102 5.257758
v 0.007905 -0.225731 5.259305
v 0.004024 -0.222529 5.257125
v 0.003624 -0.223500 5.255087
v -0.003623 -0.213245 5.258003
v -0.006438 -0.212625 5.258136
v -0.005100 -0.214438 5.254986
v -0.002199 -0.214500 5.256633
v -0.002828 -0.213718 5.260182
v -0.005169 -0.212199 5.261614
v 0.033336 -0.244900 5.205139
v 0.047335 -0.240549 5.217832
v 0.016492 -0.245788 5.220220
v 0.057129 -0.233308 5.231644
v 0.062903 -0.224484 5.245431
v 0.026935 -0.181462 5.327488
v 0.013591 -0.183522 5.331140
v 0.011928 -0.192032 5.324254
v 0.026704 -0.171686 5.334023
v 0.011605 -0.174396 5.337925
v 0.002393 -0.153614 5.345835
v 0.008145 -0.163744 5.343282
v 0.041309 -0.167748 5.325703
v 0.041970 -0.155521 5.327883
v 0.025608 -0.157413 5.338476
v 0.055933 -0.154723 5.315293
v 0.058944 -0.145373 5.312668
v 0.044661 -0.140069 5.327143
v 0.044079 -0.109827 5.347390
v 0.056718 -0.113398 5.343645
v 0.065314 -0.102524 5.352183
v 0.052975 -0.099238 5.356092
v 0.039823 -0.178679 5.320575
v 0.055787 -0.211696 5.270343
v 0.055312 -0.205052 5.282055
v 0.045948 -0.217841 5.270280
v 0.089210 -0.217328 5.217165
v 0.090200 -0.211318 5.233142
v 0.076515 -0.219087 5.239557
v 0.073571 -0.227157 5.223942
v 0.073818 -0.224069 5.176639
v 0.083753 -0.222394 5.195688
v 0.065170 -0.234714 5.206277
v 0.053909 -0.237850 5.189560
v 0.102004 -0.201098 5.229829
v 0.104464 -0.203829 5.212510
v 0.117649 -0.186943 5.211628
v 0.112301 -0.187855 5.228292
v 0.103665 -0.204675 5.189244
v 0.120240 -0.183298 5.188763
v 0.067585 -0.140633 5.307300
v 0.061001 -0.132750 5.320306
v 0.062630 -0.124280 5.330242
v 0.049145 -0.126685 5.335391
v 0.117850 -0.175102 5.166425
v 0.097453 -0.203094 5.167082
v 0.121954 -0.137973 5.236482
v 0.116407 -0.149111 5.248481
v 0.117647 -0.162590 5.239597
v 0.125786 -0.151901 5.224899
v 0.126029 -0.124617 5.223858
v 0.130943 -0.139023 5.207909
v 0.096651 -0.116319 5.272020
v 0.098476 -0.103582 5.265333
v 0.088069 -0.101677 5.274311
v 0.086665 -0.112487 5.281042
v 0.028020 -0.233079 5.260481
v 0.033837 -0.227452 5.265180
v 0.026337 -0.227562 5.266247
v 0.021328 -0.231114 5.263004
v 0.053739 -0.219793 5.260009
v 0.043168 -0.223983 5.262472
v 0.076561 -0.209918 5.252436
v 0.088843 -0.204241 5.246762
v 0.107524 -0.185633 5.240632
v 0.098631 -0.196662 5.241977
v 0.109730 -0.155742 5.256477
v 0.110366 -0.164778 5.251133
v 0.078414 -0.134701 5.295377
v 0.083012 -0.123127 5.287350
v 0.077689 -0.115193 5.300916
v 0.072006 -0.124856 5.310627
v 0.083124 -0.098283 5.284262
v 0.080487 -0.106214 5.292184
v 0.077374 -0.106487 5.330088
v 0.082049 -0.097761 5.319396
v 0.088303 -0.090870 5.326261
v 0.083241 -0.097001 5.336402
v 0.093034 -0.082553 5.316536
v 0.085327 -0.090158 5.309668
v 0.087703 -0.080692 5.301264
v 0.095407 -0.073102 5.306957
v 0.032027 -0.089140 5.359613
v 0.041390 -0.094092 5.357999
v 0.048630 -0.085169 5.365719
v 0.038463 -0.079686 5.366176
v 0.092000 -0.087083 5.341263
v 0.098683 -0.082793 5.330248
v 0.092936 -0.128546 5.277956
v 0.089399 -0.139240 5.282680
v 0.103559 -0.075790 5.320301
v 0.078336 -0.107294 5.311613
v 0.080853 -0.098581 5.302375
v 0.083009 -0.088494 5.277133
v 0.087290 -0.090606 5.268483
v -0.010650 -0.211313 5.280694
v -0.000683 -0.214911 5.268071
v -0.003156 -0.213415 5.264768
v -0.001367 -0.214562 5.262009
v 0.000852 -0.216520 5.264470
v -0.007624 -0.236775 5.229791
v 0.004107 -0.241386 5.234200
v -0.001888 -0.235751 5.245771
v -0.013286 -0.229153 5.243832
v 0.014397 -0.211167 5.303317
v 0.004927 -0.206095 5.310333
v -0.000284 -0.209880 5.302913
v 0.005571 -0.214014 5.295891
v 0.023069 -0.221939 5.269364
v 0.021390 -0.223648 5.267904
v 0.024577 -0.223313 5.268527
v 0.000733 -0.197183 5.319384
v 0.009066 -0.199648 5.317509
v 0.051995 -0.197388 5.294127
v 0.037527 -0.221254 5.270124
v 0.059803 -0.219765 5.159989
v 0.038107 -0.236721 5.175501
v 0.084859 -0.196907 5.148642
v 0.108740 -0.166315 5.146306
v 0.130728 -0.124449 5.190784
v 0.129593 -0.109131 5.173445
v 0.122124 -0.092768 5.196366
v 0.126141 -0.108613 5.210483
v 0.097132 -0.090447 5.259409
v 0.088228 -0.071852 5.291360
v 0.093686 -0.064772 5.298565
v 0.018765 -0.243509 5.194988
v 0.002424 -0.243261 5.213782
v 0.065666 -0.214703 5.256796
v 0.033793 -0.212033 5.293593
v 0.026824 -0.210845 5.299865
v 0.023430 -0.216431 5.289781
v 0.028816 -0.216327 5.286120
v 0.039496 -0.203516 5.300528
v 0.045520 -0.190962 5.305096
v 0.053054 -0.177010 5.308472
v 0.054288 -0.164935 5.314273
v 0.124558 -0.168600 5.215199
v 0.118106 -0.174206 5.230289
v 0.129124 -0.147396 5.175449
v 0.129892 -0.160636 5.195310
v 0.113059 -0.174837 5.240769
v 0.122750 -0.134387 5.156142
v -0.029526 -0.200694 5.302532
v -0.029723 -0.202035 5.298078
v -0.021620 -0.200616 5.304788
v -0.034546 -0.186842 5.322322
v -0.032350 -0.183200 5.326651
v -0.037360 -0.181592 5.325157
v -0.039037 -0.185429 5.321052
v -0.017551 -0.145802 5.347257
v -0.007930 -0.148831 5.347334
v 0.024508 -0.100385 5.353257
v 0.033315 -0.104411 5.351410
v -0.030424 -0.210860 5.291970
v -0.028275 -0.208355 5.292069
v -0.030921 -0.206546 5.290024
v -0.031883 -0.211992 5.290701
v -0.018619 -0.192157 5.318249
v -0.035955 -0.197313 5.308610
v -0.035356 -0.194336 5.311705
v -0.038161 -0.192976 5.310437
v -0.038770 -0.196131 5.307681
v 0.021174 -0.139825 5.340158
v 0.035741 -0.122245 5.340869
v 0.075211 -0.101562 5.345605
v 0.068437 -0.112580 5.338532
v 0.073116 -0.116889 5.322113
v 0.082777 -0.090415 5.294631
v 0.083509 -0.081090 5.285243
v 0.078112 -0.072933 5.279664
v 0.076704 -0.077759 5.272424
v 0.005938 -0.132503 5.344177
v 0.025710 -0.115459 5.346153
v 0.009081 -0.115149 5.346993
v -0.005446 -0.130526 5.344448
v -0.036620 -0.207857 5.293128
v -0.034707 -0.205979 5.293676
v -0.037051 -0.204089 5.294582
v -0.039238 -0.207127 5.293681
v -0.028635 -0.206893 5.294317
v -0.030049 -0.204103 5.295263
v -0.030221 -0.205938 5.294161
v -0.028443 -0.208639 5.293792
v -0.030574 -0.211318 5.292976
v -0.037102 -0.213215 5.291672
v -0.040727 -0.216298 5.293014
v -0.034050 -0.213170 5.292192
v -0.033843 -0.207785 5.290736
v -0.032316 -0.206829 5.291773
v -0.029674 -0.206329 5.291363
v -0.028771 -0.207054 5.292353
v -0.035264 -0.213140 5.290711
v -0.033060 -0.212359 5.291349
v -0.031042 -0.219334 5.272222
v 0.018568 -0.095631 5.353686
v 0.001149 -0.112027 5.347094
v -0.017275 -0.189982 5.318635
v 0.000151 -0.228309 5.251449
v 0.015730 -0.216830 5.290193
v -0.003240 -0.213104 5.282254
v -0.000156 -0.214538 5.277061
v 0.003948 -0.215625 5.281843
v 0.000619 -0.213851 5.288893
v -0.007492 -0.222786 5.250612
v -0.011303 -0.217410 5.253205
v -0.018195 -0.220605 5.250966
v -0.012200 -0.213564 5.258273
v -0.010036 -0.212068 5.263362
v -0.015346 -0.213553 5.265946
v -0.020443 -0.216878 5.259250
v 0.021276 -0.226173 5.266120
v 0.019018 -0.225571 5.266264
v -0.010691 -0.212120 5.271241
v -0.006819 -0.211937 5.267943
v -0.003697 -0.213318 5.272556
v -0.006921 -0.212238 5.276602
v 0.009067 -0.216535 5.286770
v 0.030443 -0.222824 5.269419
v 0.024473 -0.218530 5.277476
v 0.080415 -0.146078 5.291471
v 0.089073 -0.149286 5.284095
v 0.069613 -0.157453 5.304573
v 0.069810 -0.155080 5.300188
v 0.065871 -0.151270 5.303267
v 0.063590 -0.154637 5.306138
v 0.098447 -0.173714 5.261350
v 0.095974 -0.177303 5.261784
v 0.098057 -0.180642 5.257711
v 0.102358 -0.173955 5.256940
v 0.092845 -0.183971 5.261663
v 0.091103 -0.184834 5.263633
v 0.088249 -0.185476 5.266723
v 0.091735 -0.186609 5.260617
v 0.085332 -0.189515 5.264149
v 0.085713 -0.197360 5.257044
v 0.095681 -0.192066 5.251997
v 0.067163 -0.202187 5.269399
v 0.076958 -0.200238 5.261703
v 0.078399 -0.189625 5.268691
v 0.072733 -0.188577 5.276393
v 0.063251 -0.169089 5.302928
v 0.062673 -0.161256 5.306562
v 0.072314 -0.148125 5.298485
v 0.118871 -0.114310 5.238856
v 0.115810 -0.128283 5.249514
v 0.111133 -0.139598 5.258304
v 0.105211 -0.148701 5.264898
v 0.119012 -0.099576 5.226749
v 0.111738 -0.085077 5.215025
v 0.063324 -0.194730 5.284091
v 0.068759 -0.184098 5.286498
v 0.107367 -0.121119 5.261834
v 0.109268 -0.107787 5.252440
v 0.103054 -0.132653 5.269437
v 0.098905 -0.143111 5.274302
v 0.108789 -0.094469 5.241688
v 0.101588 -0.081551 5.234627
v 0.090778 -0.079863 5.253904
v 0.072792 -0.164142 5.301569
v 0.072008 -0.160982 5.305649
v 0.069333 -0.159890 5.304825
v 0.068699 -0.163890 5.301442
v 0.065525 -0.176734 5.295574
v 0.059272 -0.185568 5.295944
v -0.026193 -0.218782 5.266115
v -0.040046 -0.168643 5.342586
v -0.040029 -0.175947 5.330848
v -0.034657 -0.200079 5.300890
v -0.035104 -0.198499 5.304817
v -0.037895 -0.197198 5.304286
v -0.037325 -0.198938 5.300323
v -0.001752 -0.218691 5.253399
v 0.082039 -0.080456 5.262454
v 0.082088 -0.064668 5.286061
v 0.087342 -0.056278 5.292587
v 0.103642 -0.067020 5.311321
v 0.099668 -0.058306 5.304029
v -0.037293 -0.201292 5.297122
v -0.034383 -0.201981 5.297569
v -0.035411 -0.209071 5.290179
v -0.030936 -0.195286 5.313625
v -0.032674 -0.205700 5.294006
v -0.033869 -0.203927 5.295410
v -0.039251 -0.203322 5.294285
v -0.038629 -0.200383 5.296767
v 0.002484 -0.216136 5.271373
v 0.003642 -0.218496 5.267006
v -0.037866 -0.210469 5.291923
v -0.040671 -0.211105 5.293634
v 0.060458 -0.090397 5.363842
v 0.073115 -0.092719 5.359210
v -0.040003 -0.191897 5.309702
v -0.040443 -0.195186 5.306927
v 0.076422 -0.180679 5.280937
v 0.080479 -0.183104 5.274093
v 0.083382 -0.177335 5.278218
v 0.079846 -0.175142 5.284117
v 0.024982 -0.085113 5.359572
v 0.083972 -0.091357 5.351415
v 0.092503 -0.049713 5.298224
v 0.021381 -0.220696 5.271484
v 0.022991 -0.221049 5.270691
v 0.000420 -0.218028 5.255940
v -0.030050 -0.190057 5.318815
v -0.029271 -0.188238 5.315046
v -0.012218 -0.128262 5.343424
v -0.041256 -0.206562 5.293632
v 0.088666 -0.177108 5.270272
v 0.086094 -0.173590 5.272739
v 0.087015 -0.177191 5.275156
v 0.087982 -0.179693 5.272312
v 0.087964 -0.183834 5.271305
v 0.090306 -0.186002 5.268810
v 0.091014 -0.183490 5.271213
v 0.088937 -0.180976 5.273229
v 0.084877 -0.184549 5.269485
v 0.085345 -0.181235 5.273939
v 0.093739 -0.186610 5.267258
v 0.093652 -0.185010 5.269539
v 0.093677 -0.180724 5.262663
v 0.092146 -0.184681 5.262825
v 0.097075 -0.182113 5.261306
v 0.099453 -0.185394 5.266497
v 0.103279 -0.177950 5.261446
v 0.105198 -0.181702 5.266872
v 0.106764 -0.172331 5.264782
v 0.109969 -0.176326 5.268956
v 0.069577 -0.169874 5.295907
v 0.074379 -0.166944 5.295039
v 0.106997 -0.167296 5.269905
v 0.111169 -0.171206 5.273335
v 0.105407 -0.162845 5.276566
v 0.109859 -0.166530 5.279575
v 0.102877 -0.159377 5.283916
v 0.106271 -0.162809 5.286372
v 0.098303 -0.157070 5.290781
v 0.101206 -0.160667 5.292507
v 0.091439 -0.155938 5.298170
v 0.094713 -0.159696 5.297945
v 0.105150 -0.173287 5.268472
v 0.102384 -0.178082 5.266329
v 0.097975 -0.169675 5.263788
v 0.098381 -0.183175 5.267341
v 0.091223 -0.166598 5.276270
v 0.088526 -0.166722 5.278016
v 0.087430 -0.167751 5.277126
v 0.088853 -0.167956 5.275185
v 0.081052 -0.171214 5.285672
v 0.078563 -0.169891 5.290159
v 0.076439 -0.172180 5.290931
v 0.077132 -0.165782 5.293837
v 0.076939 -0.167990 5.288920
v 0.075617 -0.166984 5.291024
v 0.077903 -0.168189 5.284623
v 0.078543 -0.165333 5.292856
v 0.078811 -0.166889 5.294459
v 0.077434 -0.162989 5.290257
v 0.076224 -0.163510 5.290171
v 0.075730 -0.163250 5.287635
v 0.077659 -0.164045 5.283710
v 0.072551 -0.176151 5.288973
v 0.082431 -0.153464 5.291447
v 0.089009 -0.155872 5.284877
v 0.088008 -0.159464 5.302609
v 0.084152 -0.155625 5.304653
v 0.074525 -0.159267 5.306807
v 0.078380 -0.156732 5.307184
v 0.097383 -0.166299 5.268528
v 0.096374 -0.162997 5.273966
v 0.075284 -0.154648 5.297626
v 0.093240 -0.158951 5.278693
v 0.093618 -0.161890 5.294577
v 0.088020 -0.162070 5.297055
v 0.098663 -0.161991 5.290277
v 0.078480 -0.165698 5.297581
v 0.083053 -0.164039 5.298468
v 0.081821 -0.160991 5.303719
v 0.076757 -0.162661 5.302828
v 0.087360 -0.165026 5.294508
v 0.092370 -0.165372 5.292871
v 0.085590 -0.163246 5.291080
v 0.090685 -0.163262 5.289939
v 0.081536 -0.164344 5.292113
v 0.083002 -0.165975 5.294937
v 0.083511 -0.161942 5.289272
v 0.087505 -0.163342 5.284222
v 0.078772 -0.162612 5.289812
v 0.094524 -0.164905 5.286981
v 0.091194 -0.163971 5.280604
v 0.095049 -0.168560 5.281042
v 0.096522 -0.167970 5.284027
v 0.096757 -0.165742 5.289966
v 0.099595 -0.166512 5.285572
v 0.102197 -0.163382 5.284921
v 0.101391 -0.168146 5.280163
v 0.104419 -0.165970 5.278590
v 0.098452 -0.170221 5.280816
v 0.095819 -0.170632 5.279365
v 0.105928 -0.169101 5.272714
v 0.102001 -0.170322 5.274990
v 0.102356 -0.173865 5.271342
v 0.099452 -0.171810 5.276617
v 0.098846 -0.174247 5.273568
v 0.096864 -0.172378 5.277281
v 0.095391 -0.173504 5.275274
v 0.092228 -0.182470 5.269137
v 0.089697 -0.181609 5.270566
v 0.096135 -0.179858 5.267724
v 0.093337 -0.177753 5.269771
v 0.092182 -0.178824 5.268145
v 0.089399 -0.177872 5.268941
v 0.090134 -0.176372 5.271577
v 0.090102 -0.174298 5.274218
v 0.051910 -0.063108 5.380628
v 0.044931 -0.057210 5.378814
v 0.039273 -0.064622 5.372837
v 0.046005 -0.070566 5.373485
v 0.096308 -0.176637 5.271807
v 0.092615 -0.175161 5.273548
v 0.100058 -0.177515 5.269010
v 0.092677 -0.170734 5.276803
v 0.092244 -0.172898 5.275697
v 0.093677 -0.171945 5.277139
v 0.093976 -0.170727 5.277874
v 0.082473 -0.172398 5.280826
v 0.080737 -0.168878 5.281118
v 0.083490 -0.166464 5.283365
v 0.085724 -0.063894 5.391459
v 0.082011 -0.067123 5.382687
v 0.098362 -0.071798 5.377164
v 0.103186 -0.070046 5.384728
v 0.083663 -0.063401 5.415280
v 0.104726 -0.073870 5.406629
v 0.093522 -0.067803 5.430561
v 0.081630 -0.057262 5.434106
v 0.087934 -0.061131 5.451958
v 0.078922 -0.051011 5.453374
v 0.078721 -0.038721 5.506991
v 0.067708 -0.031844 5.504648
v 0.070500 -0.039309 5.488533
v 0.080880 -0.046718 5.490128
v 0.100654 0.003943 5.577122
v 0.103465 0.023013 5.583224
v 0.090381 0.022484 5.581779
v 0.090178 0.004952 5.576608
v 0.116209 -0.077254 5.479258
v 0.112828 -0.090974 5.461740
v 0.118907 -0.090304 5.470564
v 0.123775 -0.072968 5.486192
v 0.143507 -0.082876 5.370231
v 0.124139 -0.080919 5.385595
v 0.122569 -0.075648 5.381855
v 0.138211 -0.079798 5.367152
v 0.142489 -0.010003 5.550205
v 0.140460 0.000539 5.561335
v 0.129668 -0.008728 5.559895
v 0.130584 -0.018218 5.549175
v 0.149344 0.080481 5.587681
v 0.153693 0.097402 5.599041
v 0.136138 0.098311 5.603968
v 0.132915 0.082468 5.592202
v 0.196596 0.066454 5.549648
v 0.210636 0.073019 5.535279
v 0.214036 0.091090 5.541176
v 0.200632 0.084471 5.556026
v 0.098259 -0.048158 5.508510
v 0.089287 -0.044313 5.508079
v 0.090863 -0.052835 5.490610
v 0.098672 -0.057921 5.490860
v 0.138497 -0.211805 5.543252
v 0.132450 -0.203562 5.556493
v 0.132225 -0.187040 5.539903
v 0.137678 -0.195683 5.527287
v 0.203705 0.175647 5.617965
v 0.212611 0.185359 5.603810
v 0.213512 0.200582 5.616118
v 0.204500 0.189239 5.629234
v 0.136790 -0.145115 5.432460
v 0.133286 -0.139367 5.422268
v 0.151736 -0.143322 5.408404
v 0.154242 -0.150003 5.417883
v 0.128550 -0.048077 5.508738
v 0.118880 -0.052342 5.506972
v 0.117735 -0.064407 5.493105
v 0.127573 -0.059134 5.497668
v 0.209021 0.038557 5.521619
v 0.197693 0.032415 5.534490
v 0.197594 0.016656 5.523356
v 0.207622 0.022436 5.511879
v 0.198239 0.048974 5.543219
v 0.210673 0.055365 5.529347
v 0.112336 -0.052562 5.507442
v 0.105930 -0.050744 5.508057
v 0.105390 -0.062074 5.490547
v 0.110721 -0.065639 5.490923
v 0.105970 0.041928 5.584042
v 0.090206 0.040815 5.582002
v 0.191458 0.179634 5.641127
v 0.174928 0.172875 5.650480
v 0.174518 0.161322 5.640841
v 0.190795 0.166946 5.630796
v 0.112489 0.071976 5.582652
v 0.108934 0.058523 5.580130
v 0.122794 0.056179 5.580141
v 0.127195 0.069270 5.580894
v 0.156775 0.168319 5.656129
v 0.137684 0.166200 5.659173
v 0.137621 0.157606 5.649382
v 0.156183 0.158491 5.646813
v 0.083914 -0.054084 5.471537
v 0.074436 -0.045753 5.471475
v 0.118845 0.001941 5.572848
v 0.123992 0.019418 5.579130
v 0.114834 0.021747 5.581874
v 0.110502 0.002970 5.575620
v 0.150730 -0.047831 5.495399
v 0.135438 -0.062664 5.492206
v 0.129567 -0.083647 5.481473
v 0.147746 -0.061836 5.489550
v 0.216534 0.211827 5.626991
v 0.207700 0.198812 5.640212
v 0.157068 0.174645 5.665558
v 0.137595 0.171488 5.668328
v 0.181743 -0.062503 5.491247
v 0.189815 -0.049359 5.488818
v 0.181893 -0.050747 5.490726
v 0.174619 -0.063245 5.491470
v 0.060366 0.018900 5.565283
v 0.067780 0.005041 5.565198
v 0.077173 0.016462 5.576010
v 0.073406 0.033696 5.576109
v 0.129862 0.036998 5.581058
v 0.135566 0.051979 5.578806
v 0.118900 0.039997 5.583349
v 0.054674 0.034890 5.562641
v 0.071382 0.055115 5.572581
v 0.063970 -0.036233 5.471105
v 0.059984 -0.030424 5.486412
v 0.067216 -0.042002 5.454372
v 0.055100 -0.032287 5.454341
v 0.056085 -0.038799 5.437689
v 0.068628 -0.047724 5.437079
v 0.055481 -0.045597 5.422092
v 0.068504 -0.053870 5.420326
v 0.069065 -0.057468 5.395107
v 0.066965 -0.061081 5.385842
v 0.138949 -0.049473 5.501258
v 0.140630 -0.039836 5.511027
v 0.176648 0.180381 5.660733
v 0.215258 -0.027034 5.387317
v 0.218317 -0.013828 5.391417
v 0.218648 -0.031371 5.404871
v 0.215481 -0.042055 5.397883
v 0.146615 -0.089237 5.372849
v 0.126998 -0.088644 5.388787
v 0.207633 -0.046879 5.474004
v 0.212543 -0.032925 5.462465
v 0.212825 -0.025893 5.463548
v 0.206638 -0.041494 5.476014
v 0.189501 -0.066412 5.492091
v 0.187240 -0.086111 5.507200
v 0.189914 -0.088701 5.507199
v 0.190997 -0.070995 5.492847
v 0.218443 0.212863 5.600625
v 0.216800 0.196348 5.587456
v 0.222225 0.088510 5.479589
v 0.221421 0.083915 5.499334
v 0.221740 0.064596 5.494349
v 0.222471 0.067680 5.474824
v 0.142184 0.048429 5.347240
v 0.145118 0.060474 5.353848
v 0.161838 0.047757 5.357488
v 0.159274 0.036591 5.351561
v 0.194893 -0.002842 5.358587
v 0.191305 -0.012304 5.354289
v 0.174499 0.004169 5.346289
v 0.177165 0.013680 5.351270
v 0.209139 -0.008556 5.374799
v 0.210333 0.004009 5.378938
v 0.213609 0.026467 5.498529
v 0.215785 0.043419 5.505953
v 0.213886 0.000135 5.486846
v 0.206511 -0.004135 5.496931
v 0.205697 -0.013683 5.493571
v 0.212584 -0.010057 5.484265
v 0.133809 -0.077916 5.360113
v 0.145475 -0.073650 5.345061
v 0.152944 -0.077701 5.353090
v 0.145895 -0.028271 5.325727
v 0.150020 -0.022647 5.328385
v 0.158137 -0.034462 5.333406
v 0.150483 -0.038283 5.328949
v 0.178406 0.098101 5.386428
v 0.163145 0.113097 5.379652
v 0.165231 0.128408 5.393090
v 0.180990 0.113745 5.400517
v 0.212222 -0.017671 5.475291
v 0.205508 -0.030332 5.480035
v 0.206805 -0.032011 5.476533
v 0.212897 -0.017628 5.469405
v 0.216929 -0.006025 5.465478
v 0.219460 0.004629 5.464731
v 0.218088 0.002899 5.475860
v 0.216144 -0.006915 5.474219
v 0.220390 0.048086 5.471099
v 0.219492 0.046350 5.488990
v 0.217234 0.028879 5.483387
v 0.219249 0.030264 5.468626
v 0.164629 0.182575 5.439532
v 0.178881 0.177444 5.446763
v 0.180049 0.157355 5.431114
v 0.166314 0.165680 5.423193
v 0.155536 -0.090384 5.496765
v 0.147220 -0.097910 5.493166
v 0.142770 -0.109493 5.503097
v 0.151860 -0.103913 5.509739
v 0.202223 -0.102911 5.505588
v 0.203620 -0.114048 5.511800
v 0.205325 -0.115956 5.506846
v 0.204603 -0.105376 5.500591
v 0.156421 -0.115800 5.532783
v 0.148228 -0.117248 5.525216
v 0.144997 -0.133768 5.542410
v 0.153728 -0.130614 5.550869
v 0.171192 -0.089893 5.366116
v 0.149279 -0.096072 5.375100
v 0.166806 -0.085617 5.361542
v 0.174361 -0.098265 5.523051
v 0.171288 -0.112167 5.541520
v 0.178540 -0.111225 5.542082
v 0.180056 -0.098105 5.524392
v 0.151512 -0.217605 5.533043
v 0.150234 -0.201643 5.517095
v 0.160143 -0.144638 5.575365
v 0.170481 -0.143486 5.578382
v 0.168476 -0.127974 5.561846
v 0.161372 -0.128456 5.559021
v 0.219936 0.112609 5.485388
v 0.221271 0.106775 5.504892
v 0.214773 0.238485 5.572266
v 0.218548 0.226238 5.586166
v 0.216484 0.208863 5.570283
v 0.213055 0.219131 5.554670
v 0.219791 0.227283 5.613307
v 0.214200 0.253431 5.588376
v 0.218961 0.239824 5.600549
v 0.126267 -0.073146 5.335392
v 0.126962 -0.063448 5.322888
v 0.137247 -0.061432 5.327623
v 0.136003 -0.071804 5.339181
v 0.231266 0.289476 5.718172
v 0.223153 0.305156 5.741528
v 0.220265 0.281233 5.748973
v 0.223780 0.265720 5.727316
v 0.124927 -0.033881 5.313979
v 0.132643 -0.047936 5.319774
v 0.122323 -0.051791 5.315140
v 0.114417 -0.040523 5.309557
v 0.226345 0.252675 5.707079
v 0.234746 0.274498 5.696439
v 0.114043 -0.076921 5.349714
v 0.125963 -0.076488 5.354574
v 0.112341 -0.075436 5.368232
v 0.102629 -0.077188 5.361588
v 0.089531 -0.076574 5.370213
v 0.211672 0.256591 5.756592
v 0.212516 0.246655 5.736317
v 0.114515 -0.070987 5.323022
v 0.112103 -0.060883 5.313732
v 0.106812 -0.049811 5.306887
v 0.099029 -0.039479 5.301264
v 0.224270 0.239185 5.628353
v 0.219833 0.222226 5.641397
v 0.152048 0.397107 5.810192
v 0.128652 0.411397 5.800783
v 0.114993 0.400019 5.821724
v 0.143643 0.386149 5.830573
v 0.067483 0.417339 5.767224
v 0.052452 0.396996 5.784999
v 0.084522 0.402866 5.806015
v 0.098676 0.417354 5.787461
v 0.138828 0.397022 5.644796
v 0.164576 0.391795 5.656908
v 0.168731 0.374832 5.639762
v 0.144355 0.381067 5.626897
v 0.217728 0.268395 5.605344
v 0.223378 0.253400 5.617208
v 0.209495 0.206832 5.652888
v 0.177648 0.254322 5.871674
v 0.186145 0.290210 5.870250
v 0.172898 0.289874 5.899519
v 0.166292 0.255198 5.901408
v 0.150555 0.353018 5.885625
v 0.161452 0.357244 5.859155
v 0.135707 0.378642 5.851569
v 0.126737 0.372195 5.875604
v 0.117667 0.168117 5.670017
v 0.135660 0.175789 5.678448
v 0.115289 0.172067 5.679557
v 0.064117 0.168340 5.661681
v 0.082168 0.166170 5.667758
v 0.076759 0.168788 5.675797
v 0.058673 0.169859 5.669841
v 0.044219 0.218003 5.732623
v 0.031582 0.219323 5.727254
v 0.037467 0.209428 5.713728
v 0.052828 0.209016 5.718637
v 0.194819 0.227528 5.743499
v 0.173417 0.215698 5.744431
v 0.172126 0.211573 5.728271
v 0.194067 0.222446 5.724802
v 0.042436 0.373505 5.798987
v 0.071426 0.386645 5.821072
v 0.151656 0.225000 5.898117
v 0.162135 0.227803 5.864885
v 0.126479 0.203406 5.892278
v 0.098299 0.198699 5.881023
v 0.107743 0.203124 5.850739
v 0.137116 0.208236 5.858553
v 0.023580 0.268180 5.779109
v 0.037499 0.247867 5.769525
v 0.044446 0.249995 5.780239
v 0.029037 0.271777 5.788429
v 0.099593 0.432439 5.726613
v 0.085449 0.429174 5.746228
v 0.112816 0.427309 5.766000
v 0.128367 0.430481 5.740690
v 0.205966 0.264557 5.578948
v 0.208158 0.281933 5.595312
v 0.195746 0.273211 5.569165
v 0.207851 0.247267 5.559420
v 0.198124 0.255238 5.548027
v 0.207702 0.123576 5.446993
v 0.215731 0.118754 5.466248
v 0.219409 0.094451 5.459643
v 0.212298 0.097698 5.439250
v 0.179460 0.034328 5.361908
v 0.177930 0.023604 5.356229
v 0.094532 0.383004 5.858854
v 0.059712 0.374134 5.832545
v 0.063207 0.372478 5.869910
v 0.093568 0.375797 5.886070
v 0.140693 0.347920 5.910746
v 0.154600 0.322718 5.919475
v 0.167218 0.323682 5.893653
v 0.159773 0.286683 5.928619
v 0.154735 0.251529 5.930914
v 0.115833 0.201236 5.922184
v 0.087483 0.197347 5.910459
v 0.033010 0.253603 5.854356
v 0.048737 0.230643 5.861122
v 0.041308 0.232559 5.886782
v 0.026754 0.257065 5.877301
v 0.083668 0.215178 5.748710
v 0.120223 0.212450 5.744836
v 0.121582 0.214835 5.760691
v 0.091614 0.219607 5.764681
v 0.071281 0.166546 5.655810
v 0.084849 0.164458 5.659464
v 0.098967 0.166518 5.670105
v 0.100161 0.163334 5.661298
v 0.118471 0.164231 5.660932
v 0.080019 0.118862 5.619819
v 0.099035 0.116347 5.621097
v 0.097917 0.130364 5.632202
v 0.079346 0.132242 5.631241
v 0.081061 0.103876 5.606772
v 0.099938 0.100364 5.608527
v 0.079457 0.074855 5.577050
v 0.092556 0.058919 5.578324
v 0.096197 0.073545 5.581428
v 0.052911 -0.025686 5.470083
v 0.049704 -0.019929 5.484807
v 0.194988 0.233369 5.762827
v 0.035118 0.348182 5.827851
v 0.023550 0.327667 5.831752
v 0.023838 0.332812 5.858675
v 0.037995 0.354974 5.860209
v 0.212442 0.235720 5.717623
v 0.193744 0.187880 5.652501
v 0.194372 0.194539 5.663024
v 0.174534 0.056618 5.562573
v 0.182830 0.078573 5.568523
v 0.076878 -0.004305 5.564744
v 0.080428 0.005041 5.573037
v 0.181544 0.328304 5.863372
v 0.105111 0.200657 5.950271
v 0.092436 0.200349 5.978242
v 0.063542 0.198179 5.967856
v 0.076517 0.197355 5.939267
v 0.015639 0.282670 5.900162
v 0.021498 0.259905 5.905317
v 0.016245 0.262079 5.934555
v 0.013593 0.286774 5.929762
v 0.008238 0.285141 5.960425
v 0.008492 0.262552 5.965178
v -0.000629 0.263547 5.994832
v 0.001044 0.285675 5.989672
v 0.139889 0.221194 5.929494
v 0.129617 0.248033 5.985765
v 0.116477 0.219475 5.985381
v 0.128147 0.220438 5.957635
v 0.141664 0.250196 5.958105
v 0.120337 0.365276 5.900610
v 0.019150 0.281865 5.870214
v 0.023195 0.278309 5.848272
v 0.022935 0.328031 5.927966
v 0.037158 0.347794 5.931582
v 0.037352 0.352564 5.897924
v 0.022487 0.330026 5.894647
v 0.119823 0.332570 5.966118
v 0.130534 0.308358 5.974880
v 0.143398 0.313374 5.948493
v 0.130320 0.338384 5.940147
v 0.146535 0.282264 5.955064
v 0.134189 0.279668 5.981634
v 0.103876 0.242832 6.040421
v 0.087583 0.217343 6.039879
v 0.103061 0.218049 6.012750
v 0.117425 0.245550 6.013581
v 0.111611 0.272794 6.035538
v 0.123089 0.276606 6.008561
v 0.119583 0.303863 6.000882
v 0.108724 0.298445 6.027013
v 0.098667 0.319039 6.017653
v 0.108912 0.325527 5.992229
v 0.093472 0.343099 5.983265
v 0.084984 0.335120 6.008772
v 0.075421 0.352023 5.974501
v 0.053855 0.351282 5.967161
v 0.049884 0.343861 5.993778
v 0.069017 0.343365 6.000758
v 0.017091 0.323980 5.986910
v 0.031886 0.337260 5.989192
v 0.034993 0.342324 5.961630
v 0.020864 0.325224 5.958987
v 0.004096 0.325147 6.074647
v 0.021434 0.324308 6.074805
v 0.021245 0.324596 6.060068
v 0.003581 0.323006 6.059524
v 0.037949 0.323319 6.075338
v 0.053908 0.321441 6.079157
v 0.053727 0.320035 6.066852
v 0.037488 0.322271 6.063610
v 0.076767 0.301282 6.084025
v 0.067994 0.313659 6.073654
v 0.067310 0.315538 6.086703
v 0.074732 0.304747 6.097680
v 0.082043 0.292083 6.110657
v 0.085415 0.286378 6.095625
v 0.076267 0.277008 6.122890
v 0.082354 0.268435 6.105423
v 0.068990 0.247525 6.113610
v 0.060580 0.261281 6.132419
v -0.019420 0.284382 6.074097
v -0.023862 0.295952 6.092770
v -0.020991 0.309241 6.082598
v -0.017798 0.299925 6.065081
v -0.009079 0.248620 6.096416
v 0.002672 0.226436 6.108153
v -0.002785 0.249650 6.129531
v -0.012141 0.270077 6.117005
v 0.100065 0.269128 6.060868
v 0.090304 0.240900 6.066809
v 0.089657 0.311751 6.042679
v 0.098989 0.292732 6.052598
v 0.011700 0.323230 6.013581
v 0.027577 0.333169 6.015899
v -0.008801 0.267569 6.024254
v -0.006531 0.288347 6.017711
v 0.035609 0.207457 6.092350
v 0.047951 0.205282 6.062219
v 0.072216 0.216967 6.067497
v 0.059695 0.217928 6.096211
v 0.089946 0.266928 6.084656
v 0.091330 0.288240 6.076023
v 0.082784 0.305549 6.064935
v 0.072170 0.318804 6.055759
v 0.057499 0.325805 6.048930
v 0.041556 0.329125 6.042784
v 0.024742 0.329795 6.038749
v 0.006777 0.322993 6.038209
v -0.012522 0.293170 6.043151
v -0.014233 0.274317 6.051164
v 0.020378 0.239831 6.139250
v 0.025806 0.216487 6.119316
v 0.050930 0.225865 6.120516
v 0.046345 0.245482 6.140679
v 0.017067 0.266501 6.155739
v -0.003430 0.273316 6.145568
v 0.039102 0.333415 6.086649
v 0.053400 0.331161 6.089985
v 0.066397 0.326083 6.097740
v 0.081033 0.305722 6.123981
v 0.070612 0.292849 6.140135
v 0.055878 0.281068 6.152955
v 0.040655 0.266780 6.157168
v -0.014769 0.342436 6.108675
v -0.018016 0.322365 6.096303
v -0.022273 0.311017 6.106364
v -0.018872 0.332531 6.120994
v 0.008427 0.353345 6.096448
v 0.023892 0.356154 6.092057
v 0.023215 0.332818 6.086903
v 0.008250 0.332978 6.088236
v 0.041331 0.355709 6.092543
v 0.056841 0.352189 6.098357
v 0.070315 0.346289 6.106506
v 0.080337 0.327677 6.137473
v 0.076549 0.317131 6.108922
v 0.080157 0.338235 6.119647
v 0.066783 0.314666 6.158517
v 0.043915 0.333824 6.188500
v 0.044106 0.306032 6.171270
v 0.067544 0.340979 6.175795
v 0.009572 0.421299 6.225393
v 0.032977 0.418815 6.230268
v 0.026377 0.450538 6.241814
v 0.006121 0.453573 6.237777
v -0.018494 0.358541 6.134652
v -0.014566 0.368588 6.120703
v 0.007601 0.380711 6.103301
v 0.024490 0.383617 6.098295
v 0.082891 0.379843 6.167406
v 0.081669 0.352309 6.153054
v 0.083114 0.363997 6.131530
v 0.084959 0.392135 6.144432
v -0.032422 0.442974 6.178294
v -0.028995 0.453703 6.162164
v -0.024658 0.425252 6.146528
v -0.029438 0.414666 6.162699
v 0.021644 0.412863 6.108421
v 0.003727 0.409476 6.113965
v -0.000275 0.438303 6.127368
v 0.018497 0.442413 6.121575
v 0.072410 0.439542 6.196884
v 0.080341 0.409273 6.181703
v 0.083569 0.421488 6.159699
v 0.076451 0.451440 6.177000
v 0.041766 0.361211 6.203289
v 0.068013 0.367911 6.190180
v 0.064113 0.396314 6.203666
v 0.039066 0.389836 6.217352
v 0.016171 0.363314 6.199049
v 0.013906 0.391595 6.212514
v -0.025893 0.510884 6.202850
v -0.028603 0.482041 6.182206
v -0.030552 0.472987 6.196753
v -0.028550 0.504267 6.215055
v 0.014772 0.471282 6.138458
v -0.004369 0.467730 6.142774
v -0.005916 0.495157 6.163825
v 0.011293 0.498139 6.160512
v 0.051283 0.501263 6.231986
v 0.062235 0.469599 6.214155
v 0.066133 0.481247 6.196436
v 0.054155 0.512119 6.214650
v 0.020009 0.484739 6.254745
v 0.048124 0.456495 6.232195
v 0.039422 0.490530 6.247559
v 0.013116 0.516176 6.269266
v -0.002701 0.516640 6.266065
v 0.002065 0.486508 6.251318
v -0.025552 0.533286 6.232312
v -0.025052 0.539806 6.221181
v -0.012747 0.547168 6.208882
v 0.000815 0.550251 6.204679
v 0.006970 0.523786 6.183817
v -0.008210 0.521014 6.187330
v 0.038951 0.523995 6.192292
v 0.023696 0.524872 6.185645
v 0.016401 0.551469 6.206122
v 0.030207 0.550859 6.212660
v 0.041494 0.538864 6.232192
v 0.049736 0.519253 6.201978
v 0.037673 0.547891 6.219824
v 0.040450 0.530454 6.248051
v 0.030210 0.521229 6.263093
v 0.026077 0.332308 5.800793
v 0.022874 0.310393 5.808219
v 0.023595 0.317458 5.817068
v 0.033085 0.338087 5.808772
v 0.024455 0.235524 5.944412
v 0.033427 0.234193 5.914383
v 0.003707 0.239388 6.003814
v 0.013620 0.236027 5.974698
v -0.005426 0.244975 6.033233
v -0.011403 0.254451 6.062156
v -0.016345 0.268521 6.086187
v -0.020094 0.284236 6.104571
v -0.018643 0.301894 6.120387
v -0.016213 0.324275 6.136938
v -0.017956 0.376015 6.165744
v -0.022906 0.386217 6.148560
v -0.014911 0.349728 6.151525
v -0.025460 0.432909 6.196369
v -0.022745 0.403598 6.180790
v -0.025086 0.465601 6.212250
v -0.023982 0.498284 6.228905
v -0.021181 0.526920 6.245221
v 0.087565 0.214710 5.820158
v 0.063013 0.229557 5.819293
v 0.067199 0.230113 5.801672
v 0.092561 0.218302 5.798777
v 0.016332 0.290939 5.785198
v 0.018455 0.279020 5.783506
v 0.022635 0.283321 5.791083
v 0.019239 0.293753 5.791385
v 0.078569 0.241302 6.091860
v 0.077454 0.326293 6.034256
v 0.062033 0.333734 6.026576
v 0.044721 0.335273 6.020860
v -0.004632 0.231195 6.072603
v 0.004044 0.222498 6.043489
v 0.022447 0.207005 6.053183
v 0.010819 0.212142 6.082226
v 0.016398 0.340128 6.185032
v -0.002860 0.370172 6.182988
v -0.002595 0.343513 6.170255
v 0.016655 0.314647 6.174473
v 0.060434 0.378641 6.105595
v 0.074776 0.372810 6.115588
v 0.042393 0.412230 6.108698
v 0.062013 0.408075 6.114862
v 0.042509 0.382177 6.099062
v 0.027026 0.213063 5.986012
v 0.049596 0.200174 5.995804
v 0.035008 0.203151 6.023974
v 0.014694 0.217243 6.013874
v 0.215148 0.188950 5.554106
v 0.212281 0.197186 5.538035
v 0.148055 0.023773 5.570335
v 0.159398 0.038181 5.567492
v 0.148349 0.046261 5.574762
v 0.139673 0.031842 5.577006
v 0.164931 0.026948 5.559488
v 0.152575 0.013612 5.562084
v 0.155113 0.002146 5.551631
v 0.167729 0.014411 5.550142
v 0.163985 -0.040945 5.497257
v 0.162035 -0.051821 5.492866
v 0.081327 0.089036 5.591761
v 0.063525 0.095994 5.586719
v 0.063075 0.083073 5.572900
v 0.095490 0.169696 5.679196
v 0.093538 0.206153 5.727959
v 0.059810 0.216369 5.739732
v 0.071105 0.206330 5.723636
v 0.020595 0.251088 5.762741
v 0.192192 0.171432 5.457556
v 0.193180 0.149710 5.442581
v 0.157534 0.025620 5.346747
v 0.138725 0.037304 5.341244
v 0.151442 0.009091 5.336888
v 0.146979 0.002025 5.331904
v 0.128798 0.013177 5.327174
v 0.132513 0.020544 5.332052
v 0.105348 -0.031545 5.304013
v 0.111809 -0.022415 5.307824
v 0.016553 0.306944 5.790009
v 0.021243 0.296731 5.796857
v 0.018523 0.314473 5.793162
v 0.038988 0.249662 5.835236
v 0.026964 0.271474 5.831491
v 0.031198 0.267578 5.818051
v 0.044831 0.248549 5.819434
v 0.186754 0.251651 5.841869
v 0.197882 0.284925 5.839953
v 0.103486 0.388668 5.839577
v 0.170323 -0.181119 5.611158
v 0.181258 -0.184374 5.609384
v 0.182002 -0.163862 5.594568
v 0.171115 -0.161460 5.595710
v 0.194594 0.083636 5.395133
v 0.199961 0.098700 5.415251
v 0.119144 -0.074015 5.374208
v 0.151634 -0.109553 5.382931
v 0.131146 -0.110095 5.395757
v 0.131047 -0.102640 5.392561
v 0.151120 -0.102463 5.378469
v 0.209800 -0.064355 5.396832
v 0.203070 -0.076058 5.387040
v 0.203991 -0.066334 5.380755
v 0.211223 -0.053323 5.389833
v 0.131283 0.411496 5.663453
v 0.158052 0.407493 5.675217
v 0.174461 0.242930 5.504390
v 0.188370 0.239921 5.514644
v 0.189795 0.217594 5.493842
v 0.176156 0.220948 5.483356
v 0.211356 0.073791 5.418282
v 0.216874 0.075590 5.437196
v 0.046398 0.016207 5.547849
v 0.043768 0.003238 5.530999
v 0.053419 -0.007026 5.533693
v 0.054506 0.004322 5.550139
v 0.201438 -0.148297 5.553941
v 0.197771 -0.128238 5.543914
v 0.187281 -0.127132 5.556658
v 0.191304 -0.145147 5.571427
v 0.195029 0.326238 5.830461
v 0.172488 0.362021 5.834510
v 0.223135 0.139569 5.544221
v 0.223506 0.148824 5.523773
v 0.219527 0.169592 5.539119
v 0.219437 0.160169 5.558444
v 0.217555 0.079176 5.518399
v 0.219549 0.096751 5.523602
v 0.218283 0.061439 5.512103
v 0.198289 -0.051657 5.483158
v 0.195514 -0.049196 5.485585
v 0.186502 -0.063415 5.492044
v 0.056142 0.229471 5.838949
v 0.066853 0.230831 5.772700
v 0.058225 0.228330 5.761383
v 0.013878 0.300239 5.785611
v 0.092507 -0.082602 5.357017
v 0.080848 -0.083621 5.365126
v 0.168038 -0.099312 5.519618
v 0.164273 -0.113610 5.538240
v 0.203130 -0.022598 5.490878
v 0.192850 -0.028397 5.497074
v 0.187484 -0.037771 5.493745
v 0.196246 -0.033176 5.489792
v 0.201757 -0.031384 5.485184
v 0.209299 -0.019259 5.483185
v 0.108887 -0.077039 5.473577
v 0.104276 -0.073491 5.471945
v 0.104100 -0.083367 5.453356
v 0.108381 -0.088585 5.456734
v 0.099515 -0.067383 5.471677
v 0.093220 -0.060994 5.471685
v 0.095710 -0.069283 5.451311
v 0.101250 -0.076637 5.451738
v 0.103124 -0.072772 5.394114
v 0.084210 -0.066200 5.402287
v 0.067823 -0.057401 5.406817
v 0.053917 -0.050834 5.409045
v 0.118882 -0.013087 5.313129
v 0.121309 -0.002535 5.318371
v 0.136341 -0.013352 5.323419
v 0.134449 -0.025353 5.319183
v 0.074208 -0.075430 5.374678
v 0.062655 -0.068836 5.378693
v 0.054626 -0.056368 5.388307
v 0.165835 -0.218073 5.530186
v 0.164136 -0.203547 5.514169
v 0.110168 -0.078270 5.334014
v 0.101874 -0.081033 5.345990
v 0.178370 -0.200348 5.516347
v 0.180175 -0.215456 5.534180
v 0.115027 -0.092240 5.411448
v 0.129812 -0.095522 5.390685
v 0.117069 -0.098387 5.412849
v 0.067365 -0.083279 5.369062
v 0.055955 -0.076863 5.372617
v 0.204844 0.275897 5.808687
v 0.193201 0.248401 5.812428
v 0.189948 0.152860 5.618478
v 0.202723 0.159797 5.605325
v 0.062100 0.123556 5.614609
v 0.062601 0.136853 5.626342
v 0.032163 -0.074112 5.366327
v 0.082795 0.157628 5.650793
v 0.066298 0.163284 5.645404
v 0.064850 0.150029 5.635629
v 0.080781 0.145551 5.641674
v 0.059496 0.171505 5.654176
v 0.056743 0.171824 5.658311
v 0.036318 0.227029 5.742936
v 0.026810 0.228670 5.737843
v 0.137801 -0.155084 5.482824
v 0.136215 -0.145856 5.470770
v 0.143115 -0.155974 5.455277
v 0.146580 -0.163890 5.468892
v 0.099415 0.155204 5.652542
v 0.118594 0.156186 5.651320
v 0.152398 -0.037483 5.503064
v 0.166320 -0.029765 5.503059
v 0.056941 0.066581 5.566436
v 0.065011 -0.006908 5.552162
v 0.064346 -0.016287 5.536746
v 0.075326 -0.023380 5.538449
v 0.075601 -0.014852 5.552982
v 0.014255 0.309164 5.785655
v 0.210899 -0.130031 5.474195
v 0.212278 -0.119882 5.465214
v 0.211894 -0.115635 5.475235
v 0.210609 -0.126456 5.483890
v 0.020989 0.294249 5.826042
v 0.019188 0.300734 5.841812
v 0.036544 0.354641 5.804994
v 0.022429 0.344916 5.794263
v 0.061906 0.208864 5.898577
v 0.071364 0.209541 5.869573
v 0.051118 0.211063 5.927471
v 0.039417 0.211378 5.957144
v -0.010962 0.291683 6.134970
v -0.003892 0.314255 6.156675
v -0.004743 0.398217 6.196477
v -0.007631 0.427780 6.210463
v -0.010053 0.459794 6.224858
v -0.011703 0.493033 6.239728
v -0.013437 0.521344 6.256612
v 0.191944 -0.211797 5.543278
v 0.192438 -0.195440 5.525168
v 0.201672 -0.189794 5.538988
v 0.200620 -0.207165 5.556065
v 0.151539 -0.145722 5.569556
v 0.142944 -0.149438 5.560100
v 0.141937 -0.165821 5.576483
v 0.150724 -0.162293 5.585442
v 0.150451 -0.179980 5.601942
v 0.160688 -0.179748 5.608315
v 0.160798 -0.160634 5.591905
v 0.191107 -0.187985 5.601562
v 0.198069 -0.192490 5.591302
v 0.200655 -0.172252 5.575286
v 0.191808 -0.167300 5.587978
v 0.203356 -0.201517 5.568799
v 0.204304 -0.182680 5.552998
v 0.203441 -0.177055 5.564865
v 0.202044 -0.196994 5.580960
v 0.131214 -0.195357 5.570182
v 0.134191 -0.188206 5.582825
v 0.134788 -0.172444 5.565223
v 0.132428 -0.178497 5.553404
v 0.158804 -0.162070 5.442614
v 0.160543 -0.169569 5.458840
v 0.149227 -0.077418 5.483365
v 0.134642 -0.090757 5.478767
v 0.137890 -0.100282 5.479233
v 0.147319 -0.083068 5.484618
v 0.149157 -0.186341 5.500376
v 0.148830 -0.173662 5.483656
v 0.162166 -0.177735 5.477531
v 0.163045 -0.189058 5.496747
v 0.133355 -0.162354 5.537028
v 0.136284 -0.155440 5.549162
v 0.137731 -0.138063 5.532796
v 0.134056 -0.145875 5.521555
v 0.180582 -0.143773 5.578514
v 0.178009 -0.127113 5.561303
v 0.134256 -0.134064 5.484312
v 0.134314 -0.143824 5.496090
v 0.154349 -0.029109 5.512997
v 0.195677 -0.009332 5.505089
v 0.194994 -0.019028 5.500557
v 0.131427 0.015359 5.575197
v 0.124809 0.000370 5.569555
v 0.182721 0.024754 5.543982
v 0.183923 0.009976 5.532516
v 0.136527 0.009386 5.569660
v 0.129348 -0.000606 5.566637
v 0.116479 0.083990 5.594522
v 0.055218 -0.052533 5.397377
v 0.138263 -0.165603 5.496214
v 0.134042 -0.155479 5.509659
v 0.193812 -0.113093 5.533376
v 0.190283 -0.100229 5.521953
v 0.185473 -0.098759 5.523275
v 0.185966 -0.111453 5.539871
v 0.221346 0.031020 5.427945
v 0.217072 0.051794 5.422588
v 0.219095 0.053167 5.437850
v 0.220770 0.032609 5.439643
v 0.208208 -0.140220 5.461537
v 0.203227 -0.149164 5.458432
v 0.204460 -0.140577 5.442371
v 0.209663 -0.131591 5.449128
v 0.194593 -0.150889 5.437545
v 0.192725 -0.160054 5.456511
v 0.178045 -0.168447 5.455770
v 0.177966 -0.160483 5.437505
v 0.215028 0.319448 5.763628
v 0.213663 0.293037 5.773545
v 0.176528 0.185789 5.671433
v 0.156315 0.180138 5.676056
v 0.120565 0.204547 5.730926
v 0.046231 0.247415 5.792771
v 0.030158 0.268417 5.797729
v 0.017564 0.307212 5.864343
v 0.208497 0.268756 5.780591
v 0.016274 0.306861 5.896360
v 0.015294 0.306095 5.928087
v 0.057929 0.359884 5.938573
v 0.081077 0.360354 5.947718
v 0.088094 0.368986 5.917566
v 0.062499 0.368363 5.905379
v 0.102333 0.350485 5.957057
v 0.111745 0.358654 5.928732
v 0.062745 0.203925 6.033090
v 0.039687 0.442056 6.121469
v 0.054935 0.469081 6.146531
v 0.060294 0.438288 6.128290
v 0.035434 0.471619 6.139684
v 0.075581 0.431148 6.141344
v 0.076761 0.401524 6.126439
v 0.056447 0.425695 6.217955
v 0.030335 0.498616 6.162331
v 0.047454 0.496212 6.169504
v 0.069761 0.461038 6.160098
v 0.060282 0.489825 6.181492
v 0.024214 0.290544 5.814388
v 0.166743 0.224800 5.838053
v 0.171802 0.224025 5.809622
v 0.122339 0.213806 5.778499
v 0.093999 0.219286 5.780657
v 0.136781 0.145414 5.639058
v 0.155734 0.145851 5.636085
v 0.155155 0.115140 5.611255
v 0.173159 0.115252 5.603907
v 0.173459 0.132645 5.616527
v 0.155485 0.131231 5.624154
v 0.205096 0.122831 5.579594
v 0.217143 0.130406 5.562920
v 0.213968 0.150342 5.576239
v 0.203175 0.142426 5.592050
v 0.211561 0.168894 5.589957
v 0.215717 0.179728 5.573551
v 0.202634 0.189071 5.488492
v 0.210750 0.183316 5.503559
v 0.213018 0.161313 5.486514
v 0.203666 0.166362 5.471270
v 0.048028 0.225972 5.750414
v 0.024762 0.284910 5.798497
v 0.080270 0.211678 5.843701
v 0.115635 0.207173 5.823369
v 0.144496 0.211297 5.828579
v 0.160720 -0.101219 5.514866
v 0.216879 -0.017725 5.449746
v 0.216604 -0.011369 5.453385
v 0.191141 -0.168945 5.478230
v 0.178271 -0.176811 5.476492
v 0.135013 -0.132727 5.507745
v 0.139642 -0.149980 5.443477
v 0.132851 -0.139222 5.459102
v 0.128002 -0.133943 5.451031
v 0.147958 0.210318 5.746500
v 0.173780 0.218095 5.764467
v 0.150261 0.214852 5.761147
v 0.017657 0.335869 5.791012
v 0.067966 0.229342 5.785811
v 0.011454 0.305158 5.958865
v 0.005850 0.305560 5.987527
v -0.000048 0.307556 6.013920
v -0.005810 0.309832 6.038674
v -0.010377 0.313810 6.060781
v -0.010971 0.320331 6.077853
v -0.007674 0.329361 6.091724
v -0.004993 0.348548 6.101893
v -0.018960 0.397343 6.132869
v -0.009936 0.404288 6.122447
v -0.006167 0.375596 6.111021
v -0.014342 0.433320 6.135828
v -0.019134 0.462113 6.151028
v -0.018720 0.490571 6.170714
v -0.017850 0.517517 6.193328
v -0.019811 0.544484 6.213778
v 0.013313 0.315752 5.786736
v 0.015301 0.326076 5.788702
v 0.112195 -0.084452 5.410429
v 0.179446 -0.035388 5.499155
v 0.175847 -0.043562 5.495590
v 0.136140 -0.120793 5.494832
v 0.204709 -0.165592 5.538297
v 0.202503 -0.173285 5.522786
v 0.139971 -0.121626 5.516910
v 0.160302 -0.064661 5.487625
v 0.156236 -0.070778 5.487549
v 0.142263 -0.350120 5.551293
v 0.151219 -0.354567 5.557504
v 0.141618 -0.368547 5.549620
v 0.132363 -0.364058 5.544702
v 0.130203 -0.346838 5.550256
v 0.121240 -0.360586 5.544646
v 0.096760 -0.357440 5.592636
v 0.097113 -0.350710 5.581892
v 0.092722 -0.367853 5.575088
v 0.092942 -0.374795 5.585077
v 0.102433 -0.374072 5.542980
v 0.095527 -0.375522 5.550124
v 0.102031 -0.360077 5.556186
v 0.110549 -0.359636 5.548701
v 0.112545 -0.370504 5.608827
v 0.124630 -0.373798 5.610831
v 0.127945 -0.357017 5.620716
v 0.115330 -0.353823 5.617798
v 0.115435 -0.285777 5.612713
v 0.116182 -0.289613 5.625003
v 0.119713 -0.274962 5.625776
v 0.119409 -0.272558 5.612414
v 0.160567 -0.322288 5.562473
v 0.169405 -0.325924 5.572125
v 0.161141 -0.339621 5.565442
v 0.151907 -0.335555 5.557489
v 0.122504 -0.313647 5.570953
v 0.112990 -0.313796 5.581870
v 0.119911 -0.298251 5.587072
v 0.129430 -0.299159 5.577385
v 0.170262 -0.307864 5.569293
v 0.177656 -0.311276 5.579070
v 0.108886 -0.344396 5.561382
v 0.101521 -0.346258 5.571341
v 0.106830 -0.329883 5.576830
v 0.115320 -0.329194 5.566227
v 0.105293 -0.402394 5.588822
v 0.115986 -0.404435 5.589369
v 0.120712 -0.389578 5.600325
v 0.109254 -0.387032 5.598979
v 0.091108 -0.379304 5.558613
v 0.088482 -0.384690 5.567613
v 0.096517 -0.363003 5.565421
v 0.141495 -0.392677 5.559778
v 0.138209 -0.387172 5.549724
v 0.147572 -0.373087 5.558962
v 0.150373 -0.378587 5.570147
v 0.104782 -0.321124 5.605734
v 0.106805 -0.316382 5.594052
v 0.101553 -0.333453 5.588199
v 0.100498 -0.339272 5.599680
v 0.147796 -0.317707 5.559894
v 0.139086 -0.332409 5.555181
v 0.158563 -0.364712 5.579878
v 0.156515 -0.358948 5.568505
v 0.164930 -0.344869 5.577275
v 0.166389 -0.349614 5.590173
v 0.168035 -0.338905 5.614070
v 0.157572 -0.340666 5.623820
v 0.153503 -0.356490 5.612850
v 0.162559 -0.354344 5.602980
v 0.110254 -0.302870 5.610621
v 0.111969 -0.308563 5.622197
v 0.117973 -0.335026 5.625714
v 0.130659 -0.338954 5.630276
v 0.133113 -0.319821 5.638554
v 0.120147 -0.314961 5.632331
v 0.155178 -0.277479 5.571868
v 0.170223 -0.280983 5.570012
v 0.165793 -0.290759 5.568956
v 0.149573 -0.288612 5.570806
v 0.177734 -0.294803 5.573732
v 0.182786 -0.282732 5.578656
v 0.194836 -0.258758 5.591122
v 0.196399 -0.257746 5.605365
v 0.193315 -0.270634 5.607425
v 0.191333 -0.272300 5.591983
v 0.176490 -0.306774 5.637510
v 0.164324 -0.304773 5.647599
v 0.160532 -0.323844 5.635709
v 0.172461 -0.323946 5.626498
v 0.151916 -0.282806 5.658065
v 0.138178 -0.280973 5.649558
v 0.136099 -0.299689 5.645280
v 0.150154 -0.302235 5.649769
v 0.158310 -0.217235 5.634240
v 0.147651 -0.215854 5.629961
v 0.143947 -0.230771 5.637763
v 0.155097 -0.234023 5.643799
v 0.129559 -0.230910 5.615509
v 0.131842 -0.219415 5.609642
v 0.130422 -0.224555 5.596791
v 0.129093 -0.234968 5.602727
v 0.167644 -0.244843 5.558342
v 0.183521 -0.242079 5.561751
v 0.182874 -0.248860 5.565641
v 0.166315 -0.248653 5.563958
v 0.180897 -0.289601 5.645208
v 0.167827 -0.284146 5.660527
v 0.126820 -0.244028 5.619169
v 0.126148 -0.245535 5.605895
v 0.122929 -0.259897 5.609509
v 0.123622 -0.259503 5.622893
v 0.138742 -0.250381 5.582335
v 0.148514 -0.253429 5.573363
v 0.146620 -0.262098 5.574162
v 0.135028 -0.261161 5.583025
v 0.163604 -0.254403 5.564679
v 0.178239 -0.257840 5.566628
v 0.174726 -0.267177 5.567023
v 0.159611 -0.264828 5.567144
v 0.183553 -0.276112 5.647089
v 0.188049 -0.276142 5.633065
v 0.189850 -0.265067 5.634280
v 0.184954 -0.265172 5.647289
v 0.152148 -0.265729 5.657197
v 0.139102 -0.263629 5.649467
v 0.132335 -0.273426 5.589639
v 0.122887 -0.271903 5.599251
v 0.126599 -0.260733 5.595442
v 0.186443 -0.268489 5.576349
v 0.169197 -0.218797 5.636200
v 0.179672 -0.221977 5.635277
v 0.181150 -0.205246 5.623291
v 0.170886 -0.202300 5.625288
v 0.160212 -0.200069 5.623762
v 0.149404 -0.199663 5.618993
v 0.133398 -0.205188 5.598543
v 0.131140 -0.210907 5.586164
v 0.133407 -0.219406 5.572278
v 0.140835 -0.227198 5.558949
v 0.143128 -0.239318 5.571229
v 0.134098 -0.231323 5.583151
v 0.166283 -0.233073 5.545866
v 0.181587 -0.229587 5.549968
v 0.193807 -0.239380 5.570864
v 0.192941 -0.226881 5.559988
v 0.132115 -0.244165 5.632442
v 0.134788 -0.229671 5.627855
v 0.155955 -0.369513 5.592135
v 0.147937 -0.372737 5.601937
v 0.141440 -0.387400 5.590672
v 0.148448 -0.383713 5.580838
v 0.126244 -0.403898 5.585864
v 0.131928 -0.389509 5.597101
v 0.118791 -0.344525 5.553671
v 0.126463 -0.329710 5.558406
v 0.111951 -0.374873 5.538746
v 0.142841 -0.273868 5.578712
v 0.136908 -0.284858 5.579908
v 0.194894 -0.255436 5.619099
v 0.199516 -0.245783 5.601912
v 0.197271 -0.244289 5.615047
v 0.185781 -0.288700 5.628407
v 0.183016 -0.303722 5.620487
v 0.184466 -0.299951 5.602382
v 0.188465 -0.283764 5.610940
v 0.185721 -0.255065 5.644825
v 0.191954 -0.255141 5.632699
v 0.193674 -0.243351 5.626894
v 0.187221 -0.241622 5.638148
v 0.152856 -0.243699 5.563078
v 0.151794 -0.247221 5.570272
v 0.202860 -0.220453 5.584272
v 0.201909 -0.234526 5.594551
v 0.199748 -0.237314 5.582752
v 0.200658 -0.224430 5.572339
v 0.197970 -0.247666 5.588549
v 0.201763 -0.217092 5.595466
v 0.199949 -0.231895 5.606568
v 0.152114 -0.231886 5.549408
v 0.189009 -0.225589 5.628091
v 0.195509 -0.229245 5.617695
v 0.197253 -0.213288 5.606040
v 0.190371 -0.209094 5.616246
v 0.136924 -0.374059 5.608145
v 0.141109 -0.357806 5.618648
v 0.126172 -0.277912 5.639164
v 0.123626 -0.295086 5.637435
v 0.129052 -0.261445 5.637124
v 0.102399 -0.364955 5.602444
v 0.098885 -0.381917 5.593919
v 0.108203 -0.328288 5.617215
v 0.105463 -0.347046 5.610229
v 0.173476 -0.334744 5.600479
v 0.164818 -0.253925 5.654465
v 0.152852 -0.250773 5.651439
v 0.165070 -0.267274 5.661578
v 0.139516 -0.201190 5.609075
v 0.137768 -0.216739 5.621368
v 0.177334 -0.274746 5.657619
v 0.140097 -0.183650 5.592724
v 0.188952 -0.282577 5.591087
v 0.188940 -0.259258 5.577354
v 0.192482 -0.248809 5.575877
v 0.131989 -0.381949 5.541742
v 0.134071 -0.314822 5.562775
v 0.126573 -0.284144 5.590049
v 0.119212 -0.283557 5.600680
v 0.176155 -0.254916 5.653085
v 0.177291 -0.239679 5.645370
v 0.166207 -0.237589 5.646005
v 0.142463 -0.245319 5.578621
v 0.132859 -0.239841 5.590120
v 0.095596 -0.397784 5.584642
v 0.129917 -0.248568 5.593082
v 0.183859 -0.297838 5.586140
v 0.134910 0.029184 5.337148
v 0.180555 0.040386 5.553804
v 0.141289 0.065716 5.578120
v 0.156659 0.061910 5.573324
v 0.181408 -0.015412 5.510851
v 0.179856 -0.026276 5.504210
v 0.170682 -0.056513 5.491838
v 0.165981 -0.065130 5.491374
v 0.169707 0.001613 5.538942
v 0.104105 -0.167135 5.258247
v 0.103337 -0.161024 5.262885
v 0.108013 -0.174447 5.249824
v 0.059916 0.170886 5.646986
v 0.089326 -0.169711 5.274067
v 0.089536 -0.165199 5.279378
v 0.093599 -0.168020 5.278114
v 0.087300 -0.170763 5.272732
v 0.086901 -0.171825 5.272625
v 0.103336 -0.183120 5.250214
v 0.100335 -0.156174 5.269296
v 0.095737 -0.152856 5.276423
v 0.094383 -0.182242 5.261040
v 0.169469 0.304279 5.570334
v 0.152011 0.309282 5.559182
v 0.150830 0.327943 5.575726
v 0.169902 0.323312 5.587241
v 0.148779 0.347308 5.593348
v 0.228921 0.323457 5.679220
v 0.235666 0.300172 5.687540
v 0.235729 0.288881 5.667312
v 0.230353 0.310592 5.657640
v 0.232201 0.257543 5.661294
v 0.232650 0.278377 5.648931
v 0.233336 0.265491 5.678401
v 0.224904 0.244129 5.689290
v 0.224625 0.236657 5.672974
v 0.211274 0.227306 5.699595
v 0.211127 0.219754 5.683262
v 0.193271 0.215287 5.707935
v 0.172171 0.206329 5.712153
v 0.148586 0.208565 5.727198
v 0.124370 0.198554 5.714040
v 0.148662 0.200558 5.713825
v 0.078490 0.196895 5.709685
v 0.100287 0.197634 5.712829
v 0.043256 0.196903 5.700475
v 0.059785 0.196486 5.705619
v 0.100968 -0.077311 5.429502
v 0.158731 -0.063027 5.343297
v 0.169735 -0.065722 5.348941
v 0.160771 -0.079787 5.357447
v 0.210839 -0.037631 5.379999
v 0.203036 -0.053433 5.373075
v 0.200002 -0.032524 5.363071
v 0.204870 -0.021476 5.368699
v 0.160058 -0.047887 5.338645
v 0.152283 -0.047117 5.333510
v 0.171977 -0.047404 5.343356
v 0.155571 -0.015582 5.332123
v 0.166964 -0.030228 5.337226
v 0.173996 -0.101890 5.377395
v 0.192048 -0.088881 5.378569
v 0.191357 -0.097561 5.385563
v 0.174104 -0.110787 5.383209
v 0.214033 -0.053326 5.406105
v 0.217079 -0.042867 5.414680
v 0.215387 -0.053844 5.421080
v 0.212611 -0.063095 5.411369
v 0.172243 -0.137449 5.401135
v 0.189563 -0.125971 5.402266
v 0.190906 -0.135345 5.411259
v 0.174072 -0.145504 5.410733
v 0.207140 -0.074724 5.401201
v 0.206834 0.064873 5.402499
v 0.213526 0.045503 5.408767
v 0.219966 0.026857 5.416547
v 0.217203 -0.024933 5.446548
v 0.219647 -0.010363 5.434791
v 0.219181 -0.003918 5.440475
v 0.214288 -0.038676 5.458223
v 0.210842 -0.051015 5.467350
v 0.128396 -0.118484 5.466477
v 0.122783 -0.112681 5.463627
v 0.122622 -0.127646 5.441867
v 0.198833 -0.077149 5.487392
v 0.202973 -0.063385 5.480093
v 0.200450 -0.061899 5.482989
v 0.195831 -0.075280 5.490348
v 0.173229 -0.094715 5.371725
v 0.202302 -0.123104 5.416837
v 0.201072 -0.112641 5.408243
v 0.207278 -0.101944 5.418334
v 0.208906 -0.112506 5.427539
v 0.211556 -0.104174 5.436694
v 0.211243 -0.092925 5.428632
v 0.213374 -0.085005 5.439279
v 0.213350 -0.097015 5.446509
v 0.201828 -0.081125 5.484828
v 0.206417 -0.064153 5.474642
v 0.156270 -0.155520 5.428874
v 0.149998 -0.127658 5.392719
v 0.129586 -0.125192 5.405603
v 0.129987 -0.117677 5.400375
v 0.150603 -0.118741 5.387812
v 0.173729 -0.082722 5.501719
v 0.166259 -0.083856 5.499132
v 0.180690 -0.081986 5.504314
v 0.199674 -0.057092 5.482646
v 0.184299 -0.083884 5.506693
v 0.138148 -0.109853 5.484369
v 0.133249 -0.124619 5.473481
v 0.117389 -0.116181 5.426005
v 0.117031 -0.110628 5.419633
v 0.176518 -0.152700 5.422006
v 0.192936 -0.143116 5.422686
v 0.199980 -0.092126 5.497939
v 0.196988 -0.090975 5.501917
v 0.199441 -0.102083 5.511283
v 0.207012 -0.037199 5.476530
v 0.198350 -0.060592 5.484024
v 0.171923 -0.121441 5.387375
v 0.204075 -0.131142 5.428177
v 0.210105 -0.120969 5.438095
v 0.211617 -0.081909 5.421795
v 0.207354 -0.091246 5.411273
v 0.207710 -0.081635 5.405682
v 0.211958 -0.072130 5.416185
v 0.213422 -0.107873 5.454518
v 0.212156 -0.103460 5.466765
v 0.213944 -0.065792 5.427361
v 0.213077 -0.075890 5.433290
v 0.203604 -0.093361 5.492747
v 0.117694 -0.104822 5.415044
v 0.109815 -0.098502 5.435721
v 0.107230 -0.092412 5.433162
v 0.113685 -0.106120 5.448249
v 0.111340 -0.102542 5.440428
v 0.117849 -0.108921 5.458019
v 0.105166 -0.085329 5.431657
v 0.177408 -0.265861 5.657652
v 0.195864 -0.101210 5.517214
v 0.199274 -0.113504 5.525229
v 0.202294 -0.112597 5.517587
v 0.204357 -0.160130 5.547053
v -0.040163 -0.179838 5.323549
v -0.041299 -0.184149 5.319611
v -0.039420 -0.196066 5.303853
v -0.038479 -0.197620 5.299972
v 0.192153 -0.266281 5.620849
v 0.189102 -0.275349 5.622122
v 0.179145 -0.319112 5.610390
v 0.172812 -0.329462 5.585582
v 0.179724 -0.314365 5.593188
v 0.156556 -0.303572 5.563939
v 0.142182 -0.299953 5.567064
v 0.113119 -0.300273 5.598992
v 0.146875 -0.322127 5.639516
v 0.103090 -0.402777 5.521402
v 0.112579 -0.407156 5.523722
v 0.102612 -0.418977 5.514700
v 0.092928 -0.415601 5.513619
v 0.083746 -0.427922 5.505571
v 0.075986 -0.429483 5.509777
v 0.084516 -0.415723 5.516752
v 0.070870 -0.432904 5.515497
v 0.078971 -0.418517 5.522312
v 0.068555 -0.437508 5.522290
v 0.068567 -0.442544 5.529198
v 0.074002 -0.427233 5.536313
v 0.075218 -0.422425 5.529209
v 0.080057 -0.416736 5.551203
v 0.075618 -0.432910 5.542790
v 0.079324 -0.438475 5.549035
v 0.082438 -0.422693 5.558704
v 0.089432 -0.459041 5.546254
v 0.097029 -0.458798 5.545148
v 0.101845 -0.446382 5.555654
v 0.093313 -0.445966 5.556996
v 0.121176 -0.428972 5.555655
v 0.114898 -0.431654 5.562780
v 0.109535 -0.444750 5.550942
v 0.115575 -0.441541 5.544372
v 0.111368 -0.453072 5.534836
v 0.111594 -0.447191 5.526726
v 0.116910 -0.436985 5.536624
v 0.122492 -0.377905 5.537936
v 0.112969 -0.390472 5.529968
v 0.102816 -0.388195 5.531575
v 0.081776 -0.406527 5.536652
v 0.088795 -0.390837 5.543562
v 0.094505 -0.388382 5.536561
v 0.086352 -0.403286 5.529660
v 0.089541 -0.391304 5.576925
v 0.084409 -0.400771 5.559678
v 0.085968 -0.407092 5.567907
v 0.079711 -0.411164 5.543823
v 0.085593 -0.395245 5.551668
v 0.088510 -0.428126 5.564932
v 0.085448 -0.442989 5.554220
v 0.119153 -0.412534 5.529908
v 0.123459 -0.418474 5.538001
v 0.114269 -0.430912 5.528183
v 0.109834 -0.424818 5.520323
v 0.091868 -0.412953 5.574695
v 0.132563 -0.406154 5.548470
v 0.128711 -0.400096 5.539882
v 0.124670 -0.424120 5.546773
v 0.132195 -0.411316 5.557980
v 0.102012 -0.435321 5.511271
v 0.093700 -0.430001 5.506188
v 0.122603 -0.394295 5.532678
v 0.097057 -0.431809 5.568218
v 0.106553 -0.432995 5.567515
v 0.111224 -0.419003 5.578597
v 0.101136 -0.417265 5.578646
v 0.134406 -0.401580 5.579210
v 0.120492 -0.417795 5.574585
v 0.127451 -0.415415 5.567612
v 0.105043 -0.456893 5.541178
v 0.139971 -0.398035 5.569547
v 0.065800 -0.499541 5.480691
v 0.063297 -0.493280 5.486958
v 0.057516 -0.497736 5.481672
v 0.060660 -0.501479 5.474311
v 0.043824 -0.492896 5.496167
v 0.036200 -0.485305 5.496316
v 0.031060 -0.494354 5.487086
v 0.037401 -0.501309 5.487839
v 0.056688 -0.503021 5.468891
v 0.052110 -0.501780 5.476674
v 0.054191 -0.501358 5.467047
v 0.062367 -0.500540 5.457428
v 0.060547 -0.504712 5.460982
v 0.067004 -0.503634 5.450985
v 0.068484 -0.492145 5.457625
v 0.074587 -0.500089 5.450276
v 0.090477 -0.492101 5.471015
v 0.096422 -0.495011 5.479115
v 0.098519 -0.506346 5.470551
v 0.091689 -0.503286 5.462733
v 0.103947 -0.511056 5.488685
v 0.100871 -0.509290 5.478786
v 0.099165 -0.497457 5.486690
v 0.101486 -0.499582 5.495012
v 0.073594 -0.501117 5.492272
v 0.072227 -0.493844 5.498509
v 0.069055 -0.491843 5.493096
v 0.070828 -0.499192 5.487433
v 0.046290 -0.501062 5.463610
v 0.054980 -0.490383 5.463868
v 0.056197 -0.496493 5.463566
v 0.046273 -0.504279 5.466091
v 0.069570 -0.488692 5.523696
v 0.069279 -0.478885 5.529621
v 0.066095 -0.474614 5.523606
v 0.066708 -0.483706 5.519415
v 0.047716 -0.470244 5.508846
v 0.054534 -0.464864 5.512753
v 0.056292 -0.453380 5.506338
v 0.049198 -0.458316 5.501074
v 0.041666 -0.477657 5.503574
v 0.041936 -0.466761 5.496049
v 0.035368 -0.476372 5.490417
v 0.030906 -0.487458 5.481415
v 0.077541 -0.482395 5.535346
v 0.077391 -0.490682 5.533019
v 0.057859 -0.542869 5.439803
v 0.060025 -0.545133 5.444344
v 0.061121 -0.542320 5.444527
v 0.059197 -0.539878 5.440046
v 0.094220 -0.484589 5.531016
v 0.099194 -0.480156 5.524893
v 0.098893 -0.475660 5.528444
v 0.092803 -0.479525 5.533540
v 0.096729 -0.491675 5.527737
v 0.100785 -0.486158 5.520303
v 0.062899 -0.546880 5.429095
v 0.059502 -0.544452 5.431141
v 0.062656 -0.540339 5.431019
v 0.066764 -0.542592 5.429077
v 0.061929 -0.506693 5.467306
v 0.066580 -0.506452 5.474194
v 0.065729 -0.519312 5.457892
v 0.066839 -0.514343 5.466502
v 0.062705 -0.511195 5.460312
v 0.063946 -0.514979 5.454389
v 0.077829 -0.517170 5.482802
v 0.076793 -0.509494 5.489252
v 0.073609 -0.508690 5.482230
v 0.073973 -0.517289 5.475820
v 0.080688 -0.514224 5.499692
v 0.082535 -0.520996 5.493587
v 0.084614 -0.523449 5.499478
v 0.082393 -0.517658 5.504253
v 0.084140 -0.531267 5.477213
v 0.086118 -0.536584 5.472345
v 0.088698 -0.538197 5.476767
v 0.086455 -0.532663 5.481614
v 0.100255 -0.470857 5.531310
v 0.093281 -0.474499 5.535796
v 0.107015 -0.516161 5.506778
v 0.103663 -0.518341 5.515181
v 0.106472 -0.527881 5.512443
v 0.110749 -0.525082 5.503513
v 0.101609 -0.475630 5.516851
v 0.102127 -0.470668 5.520521
v 0.067242 -0.549877 5.430428
v 0.071146 -0.546097 5.429507
v 0.043488 -0.467989 5.482734
v 0.035493 -0.481736 5.474711
v 0.051908 -0.458539 5.489275
v 0.058557 -0.452687 5.494606
v 0.063291 -0.447535 5.499133
v 0.070203 -0.519664 5.466419
v 0.070943 -0.504552 5.481532
v 0.075104 -0.502657 5.496360
v 0.084198 -0.517022 5.518874
v 0.082741 -0.511909 5.523208
v 0.078426 -0.509561 5.515512
v 0.081220 -0.514822 5.512977
v 0.097243 -0.521758 5.519899
v 0.090811 -0.523463 5.518625
v 0.093036 -0.528969 5.515147
v 0.099736 -0.529014 5.516442
v 0.044052 -0.497450 5.460256
v 0.050363 -0.485501 5.463682
v 0.086573 -0.488821 5.534505
v 0.085180 -0.482324 5.536289
v 0.085780 -0.475628 5.537539
v 0.069716 -0.488697 5.509258
v 0.064514 -0.480593 5.516358
v 0.060513 -0.479113 5.512877
v 0.067983 -0.486570 5.505356
v 0.058458 -0.490551 5.495478
v 0.049916 -0.486094 5.503305
v 0.052258 -0.496638 5.489828
v 0.061787 -0.470105 5.518997
v 0.068319 -0.466768 5.526043
v 0.063648 -0.462194 5.520745
v 0.072623 -0.471293 5.532250
v 0.079101 -0.475076 5.536493
v 0.068935 -0.458996 5.528625
v 0.065400 -0.453980 5.523422
v 0.073891 -0.463842 5.534134
v 0.079663 -0.467479 5.538421
v 0.107749 -0.460175 5.528442
v 0.101583 -0.465763 5.536166
v 0.104698 -0.464948 5.523771
v 0.064194 -0.444122 5.509376
v 0.060348 -0.457651 5.514083
v 0.063830 -0.449421 5.516612
v 0.069825 -0.440176 5.503973
v 0.034343 -0.503857 5.480842
v 0.031830 -0.507039 5.474789
v 0.038113 -0.509428 5.474380
v 0.041021 -0.506243 5.478601
v 0.069055 -0.509231 5.445747
v 0.064801 -0.511696 5.449889
v 0.063498 -0.507296 5.455028
v 0.073008 -0.497713 5.521751
v 0.079374 -0.499086 5.529838
v 0.068974 -0.522848 5.459643
v 0.069387 -0.536184 5.430311
v 0.064573 -0.534501 5.432520
v 0.066879 -0.522632 5.438054
v 0.072394 -0.523830 5.435382
v 0.074109 -0.528951 5.455930
v 0.068819 -0.525765 5.456010
v 0.068132 -0.531135 5.453001
v 0.073584 -0.534034 5.451946
v 0.089967 -0.538858 5.484350
v 0.088079 -0.534065 5.488256
v 0.090560 -0.515593 5.455245
v 0.086462 -0.508405 5.446393
v 0.084831 -0.498744 5.454212
v 0.080548 -0.518846 5.488606
v 0.082257 -0.525578 5.482859
v 0.084408 -0.527299 5.487450
v 0.072369 -0.522680 5.465692
v 0.072731 -0.525197 5.460780
v 0.075947 -0.526353 5.465020
v 0.074789 -0.522682 5.470767
v 0.101578 -0.508577 5.519324
v 0.093528 -0.513578 5.524998
v 0.057770 -0.542946 5.435105
v 0.059754 -0.539441 5.434969
v 0.093192 -0.468312 5.539684
v 0.085807 -0.469033 5.540000
v 0.078860 -0.511242 5.494660
v 0.082005 -0.489390 5.462852
v 0.076447 -0.504557 5.500754
v 0.104759 -0.531571 5.487632
v 0.100775 -0.535771 5.493631
v 0.099322 -0.540325 5.489128
v 0.103480 -0.538664 5.484721
v 0.071737 -0.542678 5.446388
v 0.066622 -0.540622 5.447782
v 0.065096 -0.545069 5.446168
v 0.069645 -0.547775 5.444619
v 0.065339 -0.522120 5.454747
v 0.063468 -0.518801 5.451258
v 0.062529 -0.525108 5.447502
v 0.064282 -0.528202 5.451293
v 0.064604 -0.516059 5.446581
v 0.063903 -0.523099 5.442559
v 0.076290 -0.544268 5.442136
v 0.076926 -0.542981 5.435904
v 0.081009 -0.531077 5.441597
v 0.078927 -0.534463 5.447293
v 0.100543 -0.488682 5.500746
v 0.102293 -0.491817 5.508399
v 0.103444 -0.502888 5.503266
v 0.105417 -0.514233 5.498127
v 0.106332 -0.524722 5.493490
v 0.107094 -0.521324 5.482336
v 0.103993 -0.505275 5.510627
v 0.084032 -0.527291 5.456011
v 0.084481 -0.522921 5.448289
v 0.089346 -0.525637 5.455060
v 0.078473 -0.507807 5.506801
v 0.061391 -0.534002 5.436723
v 0.081758 -0.452261 5.491092
v 0.092248 -0.455713 5.496079
v 0.091685 -0.463187 5.492131
v 0.078825 -0.458022 5.486276
v 0.062464 -0.537980 5.445970
v 0.060205 -0.535208 5.442074
v 0.090529 -0.536363 5.493637
v 0.092104 -0.540619 5.488854
v 0.095597 -0.542155 5.491483
v 0.093998 -0.539479 5.495988
v 0.102579 -0.494725 5.515182
v 0.105518 -0.536483 5.511313
v 0.110973 -0.532739 5.502790
v 0.101635 -0.482539 5.512967
v 0.100095 -0.478817 5.505279
v 0.100088 -0.471269 5.508464
v 0.100951 -0.522170 5.470874
v 0.098583 -0.486527 5.493409
v 0.098060 -0.476249 5.498757
v 0.097934 -0.467136 5.501574
v 0.098515 -0.460398 5.503937
v 0.101020 -0.465091 5.511372
v 0.074276 -0.539057 5.430944
v 0.073797 -0.549024 5.434662
v 0.103373 -0.458482 5.514808
v 0.107698 -0.453730 5.520010
v 0.102635 -0.448111 5.512721
v 0.099927 -0.453311 5.507092
v 0.094927 -0.473663 5.491390
v 0.089088 -0.470793 5.484423
v 0.095644 -0.484051 5.486290
v 0.090089 -0.481738 5.478499
v 0.100304 -0.516910 5.461972
v 0.064268 -0.560284 5.440168
v 0.069022 -0.553772 5.440610
v 0.067145 -0.551930 5.444508
v 0.063427 -0.558790 5.444038
v 0.072748 -0.549444 5.440809
v 0.070496 -0.552309 5.434947
v 0.079844 -0.479193 5.470278
v 0.077902 -0.529895 5.460311
v 0.073933 -0.467380 5.477113
v 0.067277 -0.481493 5.462953
v 0.060788 -0.474469 5.467552
v 0.064217 -0.455363 5.484834
v 0.055780 -0.463148 5.477359
v 0.073173 -0.445907 5.495543
v 0.069785 -0.450978 5.491028
v 0.077216 -0.438661 5.501018
v 0.046203 -0.474748 5.470250
v 0.054931 -0.548170 5.440912
v 0.057632 -0.550712 5.445220
v 0.083733 -0.446379 5.494947
v 0.087793 -0.439009 5.499590
v 0.045877 -0.502865 5.483791
v 0.075048 -0.500767 5.511094
v 0.074284 -0.497742 5.506245
v 0.081471 -0.506535 5.526646
v 0.075970 -0.504231 5.518172
v 0.096987 -0.443005 5.504805
v 0.071456 -0.448072 5.534899
v 0.076220 -0.453173 5.540307
v 0.107673 -0.441177 5.518978
v 0.054158 -0.548532 5.436061
v 0.091192 -0.538569 5.470345
v 0.092780 -0.538834 5.471873
v 0.029553 -0.498634 5.478818
v 0.028424 -0.502713 5.472020
v 0.032070 -0.496854 5.462004
v 0.028627 -0.499768 5.467360
v 0.029021 -0.493272 5.473459
v 0.032685 -0.489455 5.467381
v 0.070502 -0.491477 5.512418
v 0.071708 -0.494682 5.516066
v 0.099502 -0.499609 5.523595
v 0.091784 -0.504804 5.529043
v 0.068740 -0.514419 5.442026
v 0.076403 -0.508046 5.444032
v 0.074667 -0.514991 5.440132
v 0.078327 -0.526175 5.437005
v 0.080503 -0.529374 5.456363
v 0.079996 -0.529159 5.452082
v 0.055577 -0.481101 5.508271
v 0.064021 -0.486778 5.500251
v 0.047353 -0.504570 5.473882
v 0.044124 -0.507683 5.471152
v 0.078524 -0.523542 5.477190
v 0.097958 -0.531397 5.463511
v 0.097034 -0.526307 5.457720
v 0.080227 -0.528528 5.471398
v 0.057385 -0.553751 5.430161
v 0.054802 -0.550629 5.432400
v 0.081920 -0.516845 5.441712
v 0.086498 -0.529139 5.493802
v 0.099886 -0.532141 5.470912
v 0.095791 -0.536050 5.467079
v 0.099727 -0.533731 5.514196
v 0.093510 -0.449630 5.499580
v 0.063696 -0.548577 5.446495
v 0.060989 -0.554578 5.446880
v 0.063923 -0.559413 5.435921
v 0.061595 -0.556570 5.431810
v 0.089431 -0.496497 5.531999
v 0.073465 -0.495711 5.502512
v 0.082635 -0.456809 5.544469
v 0.040539 -0.486439 5.464473
v 0.038198 -0.495293 5.458931
v 0.081669 -0.532609 5.467045
v 0.106199 -0.533597 5.496829
v 0.106333 -0.529670 5.478874
v 0.105237 -0.537779 5.476593
v 0.100828 -0.538061 5.470590
v 0.096121 -0.539994 5.469827
v 0.058980 -0.564832 5.436898
v 0.056807 -0.562196 5.432948
v 0.052618 -0.558692 5.431724
v 0.051038 -0.554992 5.434061
v 0.051155 -0.552609 5.437735
v 0.059692 -0.565293 5.441099
v 0.059162 -0.563317 5.444810
v 0.058118 -0.558549 5.447552
v 0.055101 -0.568799 5.442516
v 0.053367 -0.569733 5.438281
v 0.042049 -0.566108 5.435857
v 0.046981 -0.563974 5.433271
v 0.046172 -0.567470 5.434681
v 0.043073 -0.569374 5.436066
v 0.039983 -0.572249 5.437798
v 0.038825 -0.569032 5.438437
v 0.049002 -0.568965 5.435192
v 0.045990 -0.572112 5.436750
v 0.048218 -0.573010 5.439690
v 0.045414 -0.575914 5.441318
v 0.042703 -0.575178 5.438781
v 0.050389 -0.570675 5.437708
v 0.051620 -0.566671 5.433813
v 0.037149 -0.572440 5.440894
v 0.038163 -0.574360 5.439293
v 0.039742 -0.577474 5.440523
v 0.038578 -0.576326 5.443300
v 0.046688 -0.558731 5.435316
v 0.042187 -0.563034 5.437838
v 0.039014 -0.566704 5.440784
v 0.037519 -0.570464 5.443163
v 0.042837 -0.561387 5.441107
v 0.040038 -0.565549 5.443515
v 0.039215 -0.569018 5.445344
v 0.044238 -0.561353 5.444794
v 0.041597 -0.565793 5.446083
v 0.049193 -0.555480 5.442997
v 0.047723 -0.555838 5.438751
v 0.040690 -0.568378 5.446597
v 0.039174 -0.574223 5.445576
v 0.050401 -0.572933 5.441820
v 0.046689 -0.575722 5.443752
v 0.051123 -0.571973 5.444444
v 0.047295 -0.574664 5.445993
v 0.042855 -0.577767 5.444454
v 0.042703 -0.578316 5.442037
v 0.052616 -0.552002 5.442192
v 0.055566 -0.554724 5.446179
v 0.051902 -0.557891 5.446783
v 0.047268 -0.563173 5.447964
v 0.054184 -0.561910 5.447929
v 0.054886 -0.566513 5.445784
v 0.050767 -0.570057 5.447015
v 0.049763 -0.566823 5.448902
v 0.047070 -0.572584 5.447967
v 0.046085 -0.570131 5.449017
v 0.043752 -0.567536 5.448291
v 0.043640 -0.573541 5.447931
v 0.043237 -0.575965 5.446435
v 0.040620 -0.572103 5.446763
v 0.043809 -0.571522 5.448511
v 0.042002 -0.570059 5.447653
v 0.075772 -0.559802 5.452456
v 0.077171 -0.561724 5.457011
v 0.080339 -0.557437 5.456550
v 0.079044 -0.555289 5.452547
v 0.082574 -0.563963 5.442347
v 0.078110 -0.561239 5.444996
v 0.082881 -0.556135 5.444259
v 0.087940 -0.558428 5.441811
v 0.087857 -0.566939 5.445050
v 0.093475 -0.561506 5.444660
v 0.090394 -0.549759 5.444054
v 0.085028 -0.548633 5.446177
v 0.084976 -0.535797 5.452553
v 0.090385 -0.535252 5.450922
v 0.085938 -0.542591 5.467115
v 0.090419 -0.544694 5.467096
v 0.076031 -0.559801 5.448730
v 0.079977 -0.555062 5.448441
v 0.089457 -0.555605 5.460883
v 0.085197 -0.553764 5.460838
v 0.083038 -0.559560 5.459270
v 0.086754 -0.562312 5.459465
v 0.079713 -0.537050 5.458619
v 0.082128 -0.539747 5.463429
v 0.081492 -0.536131 5.454988
v 0.094040 -0.556822 5.458225
v 0.096938 -0.555822 5.452914
v 0.098193 -0.541155 5.458416
v 0.095642 -0.544280 5.463495
v 0.082139 -0.548259 5.449827
v 0.081944 -0.551304 5.457877
v 0.080595 -0.549075 5.453721
v 0.095820 -0.551963 5.447050
v 0.093285 -0.564502 5.451590
v 0.078676 -0.576210 5.457786
v 0.084836 -0.569948 5.457233
v 0.082594 -0.567565 5.460222
v 0.077017 -0.574038 5.461121
v 0.090045 -0.564149 5.456605
v 0.087496 -0.570160 5.451919
v 0.069985 -0.566498 5.454343
v 0.071953 -0.568086 5.458888
v 0.069655 -0.566914 5.450372
v 0.096669 -0.536758 5.452663
v 0.074471 -0.571906 5.444682
v 0.071120 -0.568798 5.447170
v 0.079606 -0.564056 5.460165
v 0.074404 -0.570494 5.461902
v 0.079691 -0.576821 5.453115
v 0.078694 -0.574565 5.447267
v 0.073628 -0.581411 5.454706
v 0.072341 -0.580376 5.449337
v 0.068613 -0.577497 5.446770
v 0.066561 -0.573428 5.448810
v 0.066279 -0.570894 5.451784
v 0.073367 -0.580530 5.458913
v 0.072755 -0.578026 5.461684
v 0.071252 -0.574282 5.462446
v 0.067282 -0.583418 5.463167
v 0.066703 -0.585547 5.459529
v 0.052384 -0.584399 5.458007
v 0.056827 -0.582421 5.454597
v 0.057408 -0.585269 5.456093
v 0.053149 -0.587509 5.458237
v 0.062079 -0.581636 5.451622
v 0.060823 -0.584323 5.454341
v 0.062735 -0.585728 5.456228
v 0.059566 -0.588034 5.458084
v 0.060587 -0.587886 5.461699
v 0.056704 -0.590738 5.464042
v 0.054762 -0.590866 5.460625
v 0.063424 -0.586253 5.459272
v 0.050105 -0.589442 5.460302
v 0.049332 -0.587354 5.461638
v 0.066079 -0.584462 5.453581
v 0.061897 -0.576357 5.451629
v 0.056635 -0.579037 5.455336
v 0.052263 -0.581677 5.459402
v 0.049705 -0.584816 5.463531
v 0.056751 -0.576400 5.457844
v 0.052711 -0.579678 5.461666
v 0.051013 -0.582868 5.464979
v 0.057851 -0.575118 5.461632
v 0.053914 -0.579044 5.464558
v 0.063921 -0.571814 5.457336
v 0.062495 -0.573041 5.453813
v 0.052434 -0.581679 5.465927
v 0.049360 -0.590778 5.465335
v 0.049930 -0.587980 5.466893
v 0.050504 -0.592994 5.462831
v 0.061565 -0.586787 5.463682
v 0.057124 -0.589182 5.466133
v 0.062171 -0.585785 5.466074
v 0.057461 -0.588158 5.468188
v 0.052994 -0.591566 5.467304
v 0.053305 -0.592894 5.465444
v 0.067279 -0.570300 5.455356
v 0.069210 -0.571622 5.459715
v 0.066195 -0.572672 5.461532
v 0.060002 -0.576287 5.465888
v 0.067577 -0.575677 5.464807
v 0.067552 -0.580182 5.465135
v 0.062452 -0.583145 5.467682
v 0.061856 -0.579452 5.468080
v 0.057794 -0.585697 5.469145
v 0.057599 -0.582498 5.469372
v 0.055906 -0.579836 5.467683
v 0.054115 -0.586424 5.469522
v 0.053348 -0.589129 5.468997
v 0.051475 -0.585070 5.467726
v 0.054902 -0.583948 5.469446
v 0.053303 -0.582677 5.468001
v 0.084280 -0.562057 5.472976
v 0.084125 -0.562498 5.478702
v 0.087949 -0.560060 5.478233
v 0.087989 -0.559300 5.473002
v 0.090297 -0.567842 5.467355
v 0.087587 -0.566002 5.467179
v 0.092585 -0.561618 5.466208
v 0.096274 -0.563020 5.465831
v 0.092426 -0.570321 5.470996
v 0.099642 -0.565863 5.469953
v 0.098176 -0.557076 5.465919
v 0.093536 -0.556197 5.466366
v 0.095233 -0.545682 5.469473
v 0.100044 -0.545644 5.469105
v 0.085453 -0.563973 5.469306
v 0.089648 -0.560037 5.469074
v 0.093507 -0.558285 5.484333
v 0.091038 -0.556648 5.482664
v 0.089340 -0.561869 5.482123
v 0.091366 -0.563983 5.483402
v 0.090048 -0.544392 5.476786
v 0.090556 -0.544941 5.481872
v 0.091814 -0.544881 5.472550
v 0.097728 -0.559988 5.482759
v 0.102060 -0.560468 5.477566
v 0.103190 -0.548008 5.481453
v 0.099177 -0.548097 5.486058
v 0.090228 -0.555381 5.469608
v 0.088403 -0.555360 5.478880
v 0.088351 -0.554629 5.473734
v 0.102206 -0.558351 5.470629
v 0.098615 -0.567245 5.476975
v 0.081949 -0.575744 5.481958
v 0.089909 -0.569950 5.482071
v 0.087451 -0.566825 5.484342
v 0.080351 -0.572693 5.484257
v 0.094916 -0.566056 5.481925
v 0.092406 -0.571272 5.477079
v 0.077258 -0.566521 5.474266
v 0.077693 -0.566882 5.479415
v 0.078089 -0.568797 5.470808
v 0.103875 -0.546640 5.474006
v 0.095049 -0.547685 5.488314
v 0.081312 -0.574179 5.468617
v 0.079408 -0.571433 5.468722
v 0.085456 -0.564263 5.482887
v 0.079011 -0.569182 5.483492
v 0.083485 -0.577453 5.477364
v 0.083594 -0.576452 5.471772
v 0.077260 -0.580911 5.478120
v 0.076981 -0.580503 5.472589
v 0.075059 -0.577958 5.469334
v 0.073935 -0.574512 5.469722
v 0.073474 -0.571614 5.471569
v 0.076096 -0.578249 5.482436
v 0.075452 -0.574825 5.483987
v 0.075102 -0.571592 5.483021
v 0.071519 -0.578817 5.484116
v 0.071185 -0.581379 5.479859
v 0.057721 -0.580792 5.474370
v 0.062386 -0.579907 5.472858
v 0.062552 -0.581264 5.474301
v 0.058187 -0.582646 5.475234
v 0.068161 -0.580014 5.471534
v 0.066153 -0.581252 5.473364
v 0.067852 -0.582279 5.475497
v 0.063771 -0.583541 5.476717
v 0.065097 -0.582437 5.480522
v 0.060918 -0.583951 5.481464
v 0.059319 -0.584901 5.477782
v 0.068281 -0.582301 5.478806
v 0.055375 -0.583912 5.476174
v 0.054362 -0.582396 5.476204
v 0.071302 -0.581545 5.474419
v 0.068133 -0.576082 5.470965
v 0.062415 -0.577055 5.472694
v 0.057490 -0.578134 5.474634
v 0.054420 -0.579489 5.477230
v 0.062784 -0.574160 5.474418
v 0.058124 -0.575559 5.476273
v 0.055605 -0.576976 5.478599
v 0.063426 -0.572122 5.477187
v 0.059013 -0.574113 5.478660
v 0.069807 -0.570710 5.475604
v 0.068578 -0.572866 5.472703
v 0.056997 -0.575705 5.479721
v 0.054187 -0.583985 5.480024
v 0.054237 -0.581181 5.481410
v 0.055556 -0.585980 5.478724
v 0.066138 -0.581594 5.482894
v 0.061506 -0.582549 5.483711
v 0.066349 -0.579505 5.485040
v 0.061600 -0.580755 5.485375
v 0.057407 -0.584212 5.483039
v 0.057672 -0.585344 5.481644
v 0.073606 -0.569786 5.474914
v 0.074366 -0.569588 5.479341
v 0.070730 -0.570119 5.479702
v 0.064379 -0.571626 5.481301
v 0.071538 -0.571632 5.483540
v 0.071056 -0.575279 5.484922
v 0.065955 -0.576555 5.485757
v 0.065423 -0.573408 5.484816
v 0.061575 -0.578486 5.485738
v 0.061158 -0.575875 5.484948
v 0.059926 -0.573926 5.482081
v 0.058048 -0.578935 5.484696
v 0.057630 -0.581511 5.484382
v 0.055669 -0.578202 5.482000
v 0.058612 -0.576897 5.484401
v 0.057304 -0.576170 5.482192
v 0.092749 -0.546200 5.485735
v 0.091113 -0.559646 5.501405
v 0.091359 -0.559002 5.505276
v 0.093275 -0.557050 5.504491
v 0.093206 -0.557211 5.500481
v 0.096481 -0.566103 5.498968
v 0.094105 -0.564075 5.497435
v 0.098082 -0.560151 5.495458
v 0.101141 -0.562222 5.496624
v 0.098390 -0.566416 5.503550
v 0.102883 -0.563476 5.501556
v 0.103611 -0.556408 5.495352
v 0.099743 -0.554908 5.494234
v 0.101174 -0.543273 5.495279
v 0.105726 -0.542706 5.496671
v 0.098435 -0.539560 5.513071
v 0.094714 -0.536945 5.510848
v 0.094442 -0.546224 5.510202
v 0.098117 -0.546917 5.512740
v 0.092201 -0.561680 5.498699
v 0.095294 -0.558175 5.497081
v 0.097265 -0.556394 5.511054
v 0.094520 -0.554970 5.508282
v 0.093931 -0.557474 5.508207
v 0.095477 -0.558787 5.511088
v 0.091999 -0.536580 5.507032
v 0.092145 -0.537351 5.501746
v 0.093366 -0.543612 5.501688
v 0.093172 -0.545860 5.506116
v 0.096491 -0.544064 5.498358
v 0.101376 -0.557405 5.510796
v 0.104734 -0.558818 5.507076
v 0.107119 -0.545710 5.509842
v 0.101937 -0.547108 5.512873
v 0.096356 -0.554734 5.496480
v 0.093844 -0.553840 5.504265
v 0.093949 -0.554526 5.499961
v 0.106482 -0.557599 5.500247
v 0.101446 -0.562733 5.507388
v 0.089532 -0.567321 5.514193
v 0.094796 -0.563612 5.512913
v 0.092707 -0.560794 5.512789
v 0.088250 -0.564534 5.514108
v 0.097729 -0.561486 5.511094
v 0.096626 -0.566000 5.509641
v 0.086060 -0.563169 5.502692
v 0.086568 -0.561885 5.506615
v 0.086769 -0.565549 5.500442
v 0.109260 -0.543518 5.502056
v 0.089869 -0.570686 5.501054
v 0.087932 -0.568325 5.499702
v 0.091957 -0.559414 5.509252
v 0.087052 -0.562465 5.510865
v 0.090766 -0.569821 5.511384
v 0.091389 -0.570895 5.505516
v 0.085345 -0.572287 5.512740
v 0.086159 -0.574670 5.506927
v 0.085390 -0.573335 5.502556
v 0.084306 -0.570658 5.500896
v 0.083624 -0.567777 5.501382
v 0.084123 -0.569323 5.515315
v 0.083547 -0.566309 5.514445
v 0.083456 -0.564798 5.511336
v 0.079609 -0.570583 5.514901
v 0.080060 -0.574277 5.512340
v 0.072441 -0.576350 5.501896
v 0.076325 -0.575636 5.501716
v 0.076078 -0.576748 5.503622
v 0.072750 -0.577678 5.503238
v 0.081130 -0.575260 5.502802
v 0.079234 -0.576353 5.504273
v 0.079925 -0.576276 5.507246
v 0.076317 -0.577694 5.506863
v 0.075743 -0.576666 5.511038
v 0.071888 -0.577662 5.510552
v 0.072938 -0.579278 5.506667
v 0.078618 -0.575873 5.510460
v 0.070353 -0.578871 5.503431
v 0.069197 -0.577625 5.502772
v 0.082583 -0.575518 5.507363
v 0.081301 -0.572384 5.500780
v 0.076224 -0.573726 5.500664
v 0.071541 -0.574667 5.501160
v 0.068254 -0.575500 5.503039
v 0.076257 -0.571246 5.501168
v 0.071517 -0.572479 5.501849
v 0.068650 -0.573403 5.503744
v 0.076183 -0.568841 5.503106
v 0.071766 -0.570636 5.503533
v 0.080867 -0.566664 5.503211
v 0.081216 -0.569390 5.501126
v 0.069383 -0.571933 5.504319
v 0.067560 -0.578408 5.506436
v 0.067048 -0.575832 5.506408
v 0.069532 -0.580218 5.506598
v 0.075249 -0.574988 5.513013
v 0.071032 -0.576165 5.512264
v 0.075084 -0.572332 5.513987
v 0.070491 -0.573936 5.512465
v 0.068194 -0.577510 5.510114
v 0.069540 -0.578866 5.509717
v 0.083231 -0.565015 5.503508
v 0.083213 -0.564143 5.507205
v 0.080597 -0.565121 5.507030
v 0.075732 -0.567306 5.506512
v 0.079964 -0.565711 5.511100
v 0.079617 -0.567415 5.514054
v 0.074750 -0.569888 5.513173
v 0.074988 -0.567734 5.510530
v 0.070453 -0.571766 5.511341
v 0.070892 -0.570070 5.509238
v 0.071398 -0.569599 5.506213
v 0.068184 -0.573161 5.508785
v 0.067696 -0.575142 5.509686
v 0.067672 -0.573635 5.506254
v 0.068932 -0.571726 5.507986
v 0.068904 -0.571832 5.506114
v 0.101812 -0.540828 5.512974
v 0.040747 -0.507504 5.455724
v 0.043203 -0.510112 5.458879
v 0.035014 -0.515149 5.470404
v 0.040309 -0.514512 5.467100
v 0.028916 -0.513271 5.469995
v 0.025969 -0.508221 5.461868
v 0.026163 -0.510659 5.466311
v 0.042879 -0.512631 5.462677
v 0.036476 -0.505792 5.454107
v 0.029449 -0.505809 5.456926
v 0.031717 -0.514724 5.451598
v 0.025171 -0.515091 5.453777
v 0.021317 -0.517290 5.460491
v 0.023260 -0.518400 5.464827
v 0.027073 -0.519106 5.468323
v 0.038157 -0.514586 5.452695
v 0.040934 -0.515681 5.455263
v 0.041233 -0.517267 5.459897
v 0.035008 -0.522622 5.449532
v 0.028438 -0.527129 5.447915
v 0.020114 -0.539303 5.455419
v 0.020187 -0.534886 5.457929
v 0.019683 -0.534479 5.453918
v 0.019072 -0.538188 5.451905
v 0.020737 -0.529202 5.458368
v 0.020789 -0.531583 5.454464
v 0.022814 -0.530445 5.450593
v 0.021305 -0.533287 5.448678
v 0.025445 -0.530296 5.447508
v 0.025461 -0.532735 5.445206
v 0.019896 -0.536924 5.446582
v 0.018982 -0.541087 5.449852
v 0.020114 -0.540846 5.445760
v 0.020817 -0.542632 5.451807
v 0.023619 -0.526838 5.451826
v 0.022394 -0.527603 5.464736
v 0.022253 -0.534946 5.461927
v 0.022890 -0.540322 5.458033
v 0.024447 -0.542965 5.453514
v 0.026928 -0.535082 5.464128
v 0.027514 -0.540275 5.459215
v 0.028347 -0.542258 5.454550
v 0.032573 -0.534337 5.462926
v 0.031646 -0.539289 5.458020
v 0.032942 -0.525779 5.468146
v 0.026817 -0.526590 5.468229
v 0.030867 -0.540968 5.454903
v 0.022917 -0.543685 5.446675
v 0.026938 -0.543448 5.448568
v 0.029537 -0.531964 5.445034
v 0.024402 -0.536005 5.443245
v 0.028709 -0.536276 5.443108
v 0.033827 -0.530709 5.446372
v 0.032514 -0.536454 5.444644
v 0.026394 -0.540494 5.443160
v 0.022966 -0.539260 5.442809
v 0.033122 -0.519529 5.468705
v 0.038375 -0.518811 5.464922
v 0.037970 -0.524068 5.463743
v 0.036583 -0.532195 5.458927
v 0.040259 -0.523407 5.458022
v 0.039310 -0.521871 5.452399
v 0.037195 -0.530573 5.449251
v 0.038528 -0.530966 5.453683
v 0.035147 -0.536604 5.447680
v 0.035785 -0.536692 5.451255
v 0.034509 -0.537867 5.454947
v 0.032554 -0.540310 5.448178
v 0.030080 -0.540862 5.445299
v 0.030159 -0.542164 5.450733
v 0.033675 -0.539462 5.450449
v 0.032361 -0.540514 5.452532
v 0.094079 -0.533053 5.512700
v 0.090571 -0.532453 5.507865
v 0.089511 -0.527939 5.510568
v 0.086691 -0.522993 5.514723
v 0.088512 -0.518582 5.521737
v 0.084144 -0.520667 5.509398
v 0.086979 -0.526204 5.505124
v 0.088769 -0.532412 5.500382
v 0.080550 -0.513430 5.508000
v 0.015704 -0.224796 5.264798
v 0.012591 -0.225243 5.262874
v 0.012684 -0.223157 5.269498
v 0.015668 -0.222872 5.269534
v 0.005010 -0.222095 5.267480
v 0.009286 -0.222862 5.268850
v 0.008574 -0.224177 5.260803
v 0.004171 -0.221696 5.257518
v 0.000406 -0.214086 5.258543
v -0.000852 -0.213518 5.258993
v -0.000831 -0.213347 5.259703
v 0.000346 -0.214136 5.260736
v 0.001054 -0.217223 5.262011
v 0.021191 -0.221829 5.268403
v 0.020286 -0.222511 5.267262
v 0.018211 -0.223875 5.266189
v 0.001911 -0.219840 5.264634
v 0.019822 -0.221075 5.269198
v 0.021064 -0.221450 5.268895
v 0.002259 -0.217639 5.256366
v 0.005611 -0.224062 5.265211
v 0.009767 -0.224499 5.266728
v 0.006620 -0.225083 5.262105
v 0.003195 -0.222079 5.259761
v 0.001978 -0.214583 5.260100
v 0.001360 -0.218374 5.260767
v 0.013120 -0.224394 5.267781
v 0.002270 -0.221412 5.262555
v 0.010626 -0.225541 5.264375
v 0.003104 -0.217790 5.258893
v 0.001861 -0.215657 5.259162
v 0.020615 -0.221495 5.268001
v 0.020515 -0.221232 5.268346
v 0.044445 -0.030535 5.436091
v 0.043225 -0.022884 5.452859
v 0.013829 -0.225361 5.265884
v 0.017689 -0.223225 5.268210
v 0.015816 -0.223893 5.268197
v 0.016300 -0.224572 5.266801
v 0.018017 -0.223638 5.267444
v 0.133049 -0.170402 5.524048
v 0.137076 -0.179512 5.511644
v 0.178288 -0.187155 5.497611
v 0.194030 -0.178212 5.503099
v 0.098197 0.143001 5.642580
v 0.216408 0.177234 5.521384
v 0.219922 0.156134 5.504346
v 0.177957 0.199677 5.464150
v 0.191557 0.195176 5.475081
v 0.189476 0.136019 5.605762
v 0.190065 0.117484 5.593510
v 0.136886 0.131088 5.627827
v 0.136889 0.115521 5.616025
v 0.174046 0.147403 5.628684
v 0.199097 0.235626 5.527705
v 0.207128 0.228288 5.540594
v 0.206658 0.207040 5.522459
v 0.199581 0.213993 5.508213
v 0.162631 0.202111 5.456423
v 0.159511 0.224400 5.476490
v 0.204555 0.102900 5.567111
v 0.217157 0.110466 5.550772
v 0.223237 0.127666 5.512110
v 0.219916 0.134304 5.492469
v 0.213187 0.139402 5.474542
v 0.204074 0.144368 5.457968
v 0.118383 0.099126 5.607071
v 0.098815 0.086088 5.594229
v 0.188391 0.098195 5.580855
v 0.062881 0.110319 5.601638
v 0.196084 0.128325 5.428606
v 0.181482 0.137743 5.415707
v 0.222882 0.119010 5.531992
v 0.045440 -0.014083 5.498288
v 0.056738 -0.023457 5.501447
v 0.054405 -0.015648 5.517281
v 0.044021 -0.005687 5.514645
v 0.065175 -0.024136 5.520339
v 0.076390 -0.030892 5.522703
v 0.087259 -0.035886 5.524028
v 0.113603 -0.041718 5.522817
v 0.105751 -0.040844 5.524045
v 0.129026 -0.038493 5.521024
v 0.120535 -0.041296 5.521611
v 0.141726 -0.030433 5.522752
v 0.155980 -0.020044 5.525255
v 0.169475 -0.020055 5.512915
v 0.170771 -0.009263 5.526197
v 0.156385 -0.009314 5.538955
v 0.142361 -0.020665 5.536427
v 0.129674 -0.028620 5.535135
v 0.045483 0.047426 5.558126
v 0.037181 0.028703 5.544839
v 0.044680 -0.037794 5.420700
v 0.144343 -0.340397 5.628955
v 0.093506 -0.401620 5.523915
v 0.124996 0.006212 5.322797
v 0.141645 -0.004874 5.327187
v 0.181566 -0.047216 5.350484
v 0.178744 -0.068800 5.356348
v 0.176299 -0.026938 5.342777
v 0.163314 -0.010009 5.336830
v 0.165839 0.078869 5.579797
v 0.155249 0.018408 5.342237
v 0.169273 -0.003933 5.341317
v 0.185118 -0.021288 5.348974
v 0.191990 -0.043984 5.357946
v 0.189943 -0.070107 5.365650
v 0.192008 -0.081193 5.373531
v 0.202370 -0.084035 5.391712
v 0.201158 -0.092641 5.396456
v 0.201002 -0.102256 5.402315
v 0.190040 -0.115371 5.394893
v 0.190149 -0.106245 5.390177
v 0.201688 -0.156257 5.475403
v 0.202599 -0.160761 5.494205
v 0.205561 -0.158085 5.510167
v 0.206369 -0.151869 5.524508
v 0.204770 -0.146404 5.531595
v 0.202590 -0.138116 5.534917
v 0.201551 -0.126423 5.531163
v 0.192427 -0.089731 5.507285
v 0.191936 -0.074721 5.494187
v 0.212922 -0.020986 5.466188
v 0.216369 -0.007977 5.459079
v 0.220311 0.030652 5.452291
v 0.219687 0.049939 5.452466
v 0.220990 0.072478 5.455810
v 0.202556 0.326680 5.621367
v 0.216659 0.313873 5.628734
v 0.212286 0.297047 5.611343
v 0.198613 0.309775 5.603233
v 0.169824 0.285385 5.550658
v 0.153117 0.288487 5.541393
v 0.228415 0.248928 5.644569
v 0.222429 0.229658 5.656881
v 0.222066 0.282405 5.620082
v 0.227633 0.267529 5.632384
v 0.210288 0.213107 5.667180
v 0.132382 0.180851 5.690179
v 0.111070 0.177489 5.690611
v 0.070571 0.173208 5.685774
v 0.052954 0.174814 5.678983
v 0.193677 0.200474 5.676359
v 0.089985 0.173647 5.690262
v 0.174894 0.192303 5.683496
v 0.153781 0.186111 5.687874
v 0.183835 0.279488 5.560490
v 0.183674 0.298798 5.577979
v 0.196314 0.291919 5.586424
v 0.174562 0.085298 5.374291
v 0.188849 0.071306 5.382002
v 0.201479 0.055101 5.389457
v 0.210861 0.028315 5.389019
v 0.211302 0.038529 5.396939
v 0.219452 0.020473 5.406506
v 0.219399 0.010850 5.399637
v 0.220180 -0.025460 5.427070
v 0.220476 -0.017290 5.430960
v 0.217719 -0.031737 5.442330
v 0.218515 -0.036537 5.436611
v 0.216208 -0.041754 5.451503
v 0.213167 -0.053865 5.460222
v 0.208821 -0.067641 5.469174
v 0.206815 -0.082481 5.477423
v 0.213230 -0.090673 5.457308
v 0.212751 -0.079603 5.449932
v 0.219673 -0.032425 5.421523
v 0.221197 -0.018816 5.409204
v 0.165969 0.061640 5.364982
v 0.149333 0.072892 5.361576
v 0.183468 -0.003193 5.520892
v 0.196352 0.002701 5.513226
v 0.206442 0.007892 5.502931
v 0.213654 0.011608 5.491380
v 0.217740 0.014002 5.479177
v 0.220142 0.015744 5.465944
v 0.219070 0.004152 5.455226
v 0.220598 0.016469 5.453444
v 0.219065 0.001553 5.446967
v 0.220640 0.015358 5.442303
v 0.221446 0.012732 5.432323
v 0.222079 0.007968 5.423608
v 0.222534 0.000973 5.417467
v 0.222455 -0.007839 5.412878
v 0.219532 -0.000706 5.395055
v 0.210465 0.016728 5.383453
v 0.195046 0.019739 5.368248
v 0.195668 0.008261 5.363183
v 0.196782 0.032123 5.374493
v 0.198702 0.044338 5.380934
v 0.147682 -0.057613 5.334330
v 0.141034 -0.042343 5.324936
v 0.205916 -0.124099 5.514203
v 0.205274 -0.120534 5.515803
v 0.204014 -0.122858 5.522114
v 0.205156 -0.130801 5.522640
v 0.205918 -0.135980 5.518582
v 0.208344 -0.131626 5.502097
v 0.206806 -0.126695 5.510815
v 0.207269 -0.141251 5.511293
v 0.207837 -0.146243 5.499860
v 0.209844 -0.135781 5.492235
v 0.206989 -0.148329 5.486938
v 0.210056 -0.138577 5.481796
v 0.206755 -0.145932 5.474041
v 0.209677 -0.139573 5.473717
v 0.212258 -0.114004 5.445422
v 0.211906 -0.124240 5.454731
v 0.210799 -0.133365 5.465088
v 0.207025 -0.095817 5.486540
v 0.207516 -0.107879 5.494323
v 0.206934 -0.118245 5.502425
v 0.209178 -0.121819 5.493229
v 0.210276 -0.111203 5.485786
v 0.210317 -0.098888 5.477475
v 0.171226 0.075671 5.370113
v 0.184933 0.059555 5.373216
v 0.216418 -0.048203 5.444531
v 0.214192 -0.059097 5.451185
v 0.212092 -0.071262 5.457754
v 0.210717 -0.085834 5.467116
v 0.214635 -0.066087 5.442149
v 0.215950 -0.055458 5.435841
v 0.217342 -0.044567 5.429494
v 0.181949 0.046778 5.368464
v 0.155976 0.088689 5.366765
v 0.119506 -0.122095 5.433526
v 0.130385 -0.132317 5.413338
v 0.150181 -0.135655 5.399745
v 0.172109 -0.128908 5.393363
v 0.140698 -0.247258 5.644291
v 0.157903 0.245079 5.495939
v 0.156020 0.266723 5.517514
v 0.171746 0.265990 5.527284
v 0.166556 0.146854 5.407314
v 0.160730 0.099784 5.367795
v 0.095540 -0.021877 5.553840
v 0.085419 -0.019225 5.553532
v 0.085611 -0.027989 5.539175
v 0.095947 -0.030761 5.539546
v 0.113644 -0.023344 5.551376
v 0.105257 -0.023078 5.553177
v 0.105262 -0.031917 5.539148
v 0.113858 -0.032471 5.537975
v 0.121948 -0.022134 5.549716
v 0.121714 -0.031512 5.536265
v 0.106641 -0.012082 5.565559
v 0.097184 -0.011166 5.566911
v 0.087518 -0.008895 5.566986
v 0.122509 -0.011565 5.560947
v 0.114991 -0.012369 5.563121
v -0.023951 -0.143283 5.345588
v -0.034523 -0.158566 5.347075
v -0.041304 -0.186849 5.315867
v -0.039093 -0.186902 5.311626
v 0.046123 -0.046589 5.396516
v 0.046476 -0.050815 5.386271
v 0.033795 0.014550 5.529204
v 0.034519 -0.004310 5.496367
v 0.039707 -0.007077 5.483486
v 0.041883 -0.013938 5.468894
v 0.044406 -0.043254 5.407980
v 0.033419 0.004212 5.513142
v 0.192255 0.353818 5.803552
v 0.174920 0.377009 5.811193
v 0.191208 0.370033 5.786904
v 0.177759 0.387225 5.791076
v 0.220602 0.328580 5.733904
v 0.210200 0.341940 5.755180
v 0.230024 0.314058 5.710932
v 0.160901 0.404453 5.788004
v 0.140082 0.417750 5.778800
v 0.150797 0.420062 5.755621
v 0.223066 0.336003 5.702162
v 0.214181 0.349016 5.725029
v 0.190386 0.377968 5.776633
v 0.201504 0.355927 5.774192
v 0.196862 0.371647 5.764645
v 0.168467 0.406102 5.767227
v 0.181324 0.390383 5.775001
v 0.170195 0.341329 5.605218
v 0.147852 0.364386 5.610466
v 0.170607 0.357701 5.623101
v 0.227605 0.297921 5.637657
v 0.219255 0.328231 5.648310
v 0.187699 0.387088 5.757491
v 0.176860 0.403225 5.746468
v 0.160503 0.417993 5.732963
v 0.185008 0.381912 5.669033
v 0.178897 0.396995 5.688305
v 0.193577 0.383188 5.702103
v 0.200269 0.369218 5.681443
v 0.217405 0.341147 5.669799
v 0.212539 0.354354 5.692118
v 0.188230 0.366267 5.650808
v 0.204031 0.354690 5.660625
v 0.204999 0.341132 5.640271
v 0.205151 0.367385 5.714962
v 0.149456 0.420032 5.695577
v 0.170370 0.409862 5.709341
v 0.122951 0.422028 5.682811
v 0.188659 0.350754 5.631789
v 0.186748 0.335293 5.613441
v 0.184206 0.318329 5.595522
v 0.185636 0.261245 5.537202
v 0.078023 0.201042 6.005447
v 0.022016 0.302147 5.801703
v 0.021520 0.323355 5.796803
v 0.195108 0.237888 5.786955
v 0.207365 0.308167 5.798834
v 0.205040 0.335004 5.786210
v 0.046536 0.246358 5.805957
v 0.032934 0.268998 5.807611
v 0.176236 0.222630 5.783021
v 0.120534 0.210353 5.799718
v 0.023937 0.285916 5.805337
v 0.204542 0.361208 5.746791
v 0.196218 0.379212 5.737441
v 0.185995 0.395850 5.724028
v 0.138868 0.428392 5.717732
v 0.113198 0.429856 5.704206
v 0.035242 0.236240 5.756751
v 0.031021 0.232069 5.749414
v 0.024422 0.234303 5.746561
v 0.024137 0.241755 5.754929
v 0.127490 0.188504 5.701758
v 0.105331 0.184785 5.701615
v 0.065091 0.183846 5.695066
v 0.047978 0.184527 5.689262
v 0.193562 0.207714 5.691881
v 0.084353 0.184360 5.698989
v 0.173153 0.199460 5.697622
v 0.150188 0.193668 5.700365
v -0.025548 0.556106 6.250551
v -0.029769 0.574427 6.269157
v -0.026611 0.583139 6.258102
v -0.024701 0.563218 6.239676
v -0.005002 0.575214 6.223312
v -0.016595 0.572195 6.227528
v 0.009321 0.576420 6.223816
v 0.002565 0.599429 6.240455
v 0.012589 0.596656 6.246562
v 0.021461 0.575005 6.229525
v 0.027413 0.570527 6.237255
v 0.023025 0.585306 6.262778
v 0.020408 0.574270 6.276289
v 0.029550 0.553911 6.262479
v 0.030630 0.563717 6.247288
v 0.019763 0.544692 6.276380
v 0.012240 0.563532 6.289823
v 0.004684 0.539450 6.283322
v -0.022812 0.548827 6.263435
v -0.029159 0.564522 6.282289
v -0.010441 0.597603 6.240232
v -0.020557 0.593282 6.245831
v -0.022809 0.568062 6.233226
v -0.023061 0.588494 6.251667
v -0.034938 0.600838 6.278817
v -0.043253 0.590358 6.288031
v -0.017365 0.620762 6.257374
v -0.024216 0.613851 6.265030
v 0.004504 0.617348 6.264658
v -0.004619 0.622918 6.256395
v 0.020373 0.606396 6.279810
v 0.018796 0.591386 6.254304
v 0.012693 0.611973 6.272282
v 0.017512 0.594203 6.291591
v 0.008618 0.579598 6.306507
v -0.037007 0.577724 6.301997
v -0.028048 0.608181 6.271947
v 0.003033 0.519742 6.457708
v -0.004150 0.517969 6.457896
v -0.001580 0.515731 6.453536
v 0.002596 0.517223 6.453848
v -0.031288 0.505862 6.456797
v -0.042771 0.507124 6.455130
v -0.039334 0.500311 6.449358
v -0.030865 0.499150 6.450921
v -0.016257 0.508714 6.460217
v -0.008499 0.510608 6.461033
v -0.011813 0.515022 6.461656
v -0.016359 0.513848 6.460974
v 0.023016 0.543731 6.442188
v 0.027570 0.546735 6.442071
v 0.026147 0.549914 6.443723
v 0.021994 0.547984 6.444104
v 0.010629 0.529352 6.452703
v 0.015331 0.532654 6.452669
v 0.013591 0.535656 6.453571
v 0.009860 0.534541 6.454117
v -0.028143 0.514417 6.434436
v -0.028093 0.504452 6.443311
v -0.040762 0.506076 6.441937
v -0.041848 0.513834 6.429803
v -0.049540 0.512766 6.445138
v -0.043758 0.518831 6.448993
v -0.045905 0.529776 6.440713
v -0.051120 0.523214 6.434137
v -0.031749 0.519347 6.452656
v -0.032484 0.528832 6.444667
v -0.023359 0.521827 6.441964
v -0.021430 0.511277 6.450961
v -0.006549 0.523548 6.445949
v -0.003898 0.516198 6.455156
v -0.008169 0.510853 6.450727
v -0.009643 0.517843 6.440176
v -0.016001 0.508904 6.450177
v -0.019924 0.515025 6.439627
v -0.025029 0.520908 6.445159
v -0.023025 0.511702 6.454190
v -0.019391 0.518674 6.456907
v -0.021987 0.527356 6.448070
v -0.013114 0.528547 6.448718
v -0.010759 0.520992 6.457668
v 0.005941 0.525720 6.439320
v 0.004065 0.520686 6.449224
v -0.002781 0.519014 6.448720
v -0.003768 0.523128 6.439467
v -0.008492 0.522245 6.453168
v -0.004831 0.526738 6.455825
v -0.005564 0.533569 6.448321
v -0.009519 0.528065 6.445688
v 0.003377 0.535474 6.448571
v 0.002149 0.528375 6.456622
v 0.009060 0.530630 6.445042
v 0.007512 0.524832 6.453769
v 0.022356 0.543292 6.439922
v 0.019068 0.537976 6.448346
v 0.017995 0.533029 6.444185
v 0.020371 0.537724 6.434683
v 0.012710 0.530164 6.443492
v 0.012752 0.534141 6.435801
v 0.007671 0.531694 6.446553
v 0.008112 0.538218 6.450687
v 0.009579 0.543315 6.444582
v 0.008945 0.535953 6.440846
v 0.014852 0.540970 6.451121
v 0.017158 0.547150 6.443935
v 0.032735 0.552067 6.426850
v 0.032540 0.558074 6.430333
v 0.032210 0.551871 6.437560
v 0.031811 0.547192 6.433993
v 0.025509 0.543933 6.434179
v 0.026507 0.547388 6.428281
v 0.021185 0.546361 6.437221
v 0.020757 0.551895 6.441048
v 0.021715 0.556299 6.436540
v 0.023387 0.549596 6.432993
v 0.027122 0.554669 6.441186
v 0.027811 0.560017 6.434646
v -0.042393 0.523076 6.419546
v -0.025493 0.525029 6.426710
v -0.041114 0.512134 6.454603
v -0.051110 0.534174 6.425338
v -0.034355 0.512396 6.456279
v -0.029659 0.538113 6.437657
v -0.045558 0.540512 6.431870
v -0.025385 0.526358 6.438119
v -0.009157 0.507734 6.456626
v -0.009722 0.530463 6.440509
v -0.011338 0.541632 6.440107
v -0.013824 0.506777 6.456173
v -0.008602 0.528477 6.428691
v 0.008122 0.538102 6.427382
v -0.002824 0.522395 6.459213
v 0.001000 0.523224 6.459437
v 0.006028 0.549026 6.439362
v 0.008860 0.536939 6.438827
v 0.015788 0.530187 6.449210
v 0.023237 0.549295 6.432967
v 0.019399 0.558924 6.434961
v 0.012921 0.528593 6.448649
v 0.023458 0.548319 6.422788
v 0.027361 0.545296 6.438644
v 0.034362 0.566131 6.422318
v 0.027879 0.568054 6.428926
v 0.024911 0.542971 6.438706
v 0.033749 0.557849 6.418319
v -0.017808 0.542514 6.274479
v -0.023276 0.557412 6.292329
v -0.008451 0.538950 6.281376
v -0.000245 0.556340 6.297641
v -0.012563 0.554243 6.297519
v -0.029598 0.567042 6.312823
v -0.004044 0.570272 6.315166
v -0.016961 0.564315 6.316199
v 0.017661 0.624063 6.291936
v 0.017665 0.612174 6.303657
v 0.007776 0.629898 6.283927
v -0.011006 0.643198 6.268264
v 0.000041 0.637010 6.275617
v -0.033956 0.571593 6.330161
v -0.041756 0.586849 6.319462
v -0.018580 0.567229 6.333540
v -0.003273 0.575109 6.331842
v -0.046300 0.532364 6.406068
v -0.046587 0.548096 6.393846
v -0.030562 0.540878 6.390259
v -0.027698 0.532232 6.407974
v -0.012742 0.545816 6.392110
v -0.010949 0.538471 6.410695
v 0.002181 0.555636 6.393117
v 0.004675 0.546962 6.410457
v 0.016130 0.565685 6.392847
v 0.020030 0.556441 6.408621
v 0.028172 0.576967 6.393422
v 0.032504 0.566302 6.407102
v 0.033583 0.587158 6.398579
v 0.036580 0.575555 6.412107
v -0.055509 0.545804 6.414022
v -0.053274 0.560962 6.401225
v -0.047186 0.555808 6.422519
v -0.045885 0.571507 6.410573
v -0.030926 0.558492 6.424559
v -0.030609 0.574812 6.412617
v 0.027826 0.593509 6.407733
v 0.028590 0.580410 6.420636
v -0.013248 0.563116 6.424594
v -0.013396 0.578856 6.411804
v 0.002708 0.570272 6.424900
v 0.002396 0.585520 6.411783
v 0.016541 0.576777 6.423679
v 0.016080 0.591503 6.410901
v -0.034547 0.553281 6.372790
v -0.015591 0.553098 6.371452
v -0.001100 0.564075 6.372138
v 0.012130 0.576731 6.373092
v 0.022631 0.590588 6.376188
v 0.029552 0.600572 6.381911
v 0.012577 0.590664 6.348462
v 0.018035 0.608269 6.357951
v 0.023185 0.616769 6.366556
v 0.015217 0.626143 6.340836
v 0.016978 0.633958 6.350839
v 0.007692 0.656384 6.314181
v 0.009496 0.666494 6.325120
v 0.013196 0.651060 6.335804
v 0.011621 0.642734 6.325355
v 0.014314 0.610879 6.329764
v 0.012666 0.627818 6.313958
v 0.008814 0.639789 6.301947
v -0.004749 0.683953 6.309421
v 0.004304 0.676735 6.317028
v 0.002910 0.666060 6.305861
v -0.003589 0.674243 6.296626
v -0.019663 0.679660 6.290607
v -0.020361 0.688352 6.305788
v -0.034791 0.673483 6.297143
v -0.036241 0.682648 6.310291
v -0.002789 0.655784 6.285157
v 0.003339 0.648431 6.293914
v -0.015384 0.661452 6.278489
v -0.029048 0.656050 6.283344
v -0.033909 0.644264 6.294943
v -0.039545 0.659454 6.309378
v -0.044051 0.669409 6.320412
v -0.045147 0.566293 6.379421
v -0.047283 0.577537 6.386013
v -0.001632 0.570796 6.350549
v -0.017996 0.560728 6.350924
v -0.037169 0.569168 6.349929
v -0.046830 0.583968 6.362216
v -0.044245 0.596535 6.370968
v -0.043218 0.615037 6.357593
v -0.047459 0.605158 6.348328
v -0.041055 0.586853 6.393075
v -0.036722 0.603093 6.375787
v -0.036495 0.621240 6.362548
v -0.044658 0.632405 6.345925
v -0.046748 0.622828 6.336071
v -0.045033 0.646022 6.336360
v -0.043290 0.636684 6.325699
v -0.041252 0.647641 6.317763
v -0.045608 0.657293 6.328612
v -0.040467 0.625643 6.310863
v -0.036989 0.634452 6.302831
v -0.044888 0.612133 6.321932
v -0.045141 0.592981 6.335001
v 0.025126 0.607345 6.390951
v 0.021162 0.622501 6.374343
v 0.014787 0.638164 6.358139
v 0.009948 0.656263 6.344903
v 0.004327 0.670988 6.335013
v -0.001413 0.679666 6.328027
v -0.021634 0.687662 6.318410
v -0.009003 0.686043 6.321676
v -0.033153 0.683710 6.320799
v -0.039158 0.673727 6.329980
v -0.041169 0.664230 6.337950
v -0.039288 0.639439 6.352338
v -0.041192 0.653516 6.344876
v -0.046631 0.602970 6.305971
v -0.040711 0.614430 6.294834
v -0.034729 0.622939 6.287426
v -0.023120 0.639555 6.271130
v -0.029563 0.630185 6.280399
v -0.028533 0.591871 6.396115
v -0.012428 0.596123 6.395771
v 0.002429 0.601910 6.395401
v 0.014897 0.606367 6.394494
v 0.012474 0.622325 6.377843
v 0.001205 0.619214 6.378712
v -0.012916 0.614580 6.379865
v -0.026660 0.608720 6.378739
v 0.007396 0.638584 6.362611
v -0.002371 0.636409 6.364282
v -0.015760 0.633270 6.365257
v -0.027500 0.627322 6.365641
v -0.030895 0.645398 6.355203
v -0.020620 0.650477 6.353976
v -0.007777 0.653049 6.352255
v 0.001201 0.655641 6.349683
v -0.004019 0.668661 6.339827
v -0.012738 0.665460 6.342601
v -0.023963 0.662628 6.344471
v -0.032787 0.658482 6.346315
v -0.008601 0.676087 6.333795
v -0.021506 0.683666 6.325788
v -0.013918 0.681419 6.328789
v -0.029158 0.681778 6.327209
v -0.032423 0.674639 6.333487
v -0.033220 0.667078 6.339888
v -0.025269 0.669521 6.338775
v -0.025934 0.674850 6.334030
v -0.015731 0.672008 6.336896
v -0.018537 0.676946 6.332432
v -0.025722 0.679039 6.330155
v -0.021721 0.679981 6.329396
v 0.009151 0.592376 6.322349
v 0.016845 0.291634 6.165573
v 0.003954 0.293434 6.157060
v 0.033319 0.287472 6.166883
v 0.150158 0.213769 5.780507
v 0.118444 0.144374 5.640625
v 0.118686 0.115891 5.619015
v 0.118223 0.131074 5.630336
v 0.148096 0.212295 5.802222
v 0.171113 0.096941 5.591392
v 0.097093 -0.039367 5.524323
v 0.086922 -0.178751 5.275161
v 0.086322 -0.175364 5.277075
v 0.085887 -0.172269 5.279500
v 0.085771 -0.168987 5.280720
v 0.086803 -0.166770 5.281305
v 0.088041 -0.165048 5.281182
v 0.086206 -0.171491 5.277688
v 0.087847 -0.169188 5.273600
v 0.086551 -0.171236 5.272911
v 0.086582 -0.174038 5.276509
f 2 3 1
f 1 3 4
f 3 2 5
f 5 2 6
f 3 7 4
f 4 7 8
f 10 11 9
f 9 11 12
f 14 15 13
f 13 15 16
f 18 19 17
f 17 19 20
f 22 23 21
f 21 23 24
f 26 18 25
f 25 18 17
f 27 28 17
f 17 28 25
f 30 31 29
f 29 31 32
f 34 35 33
f 33 35 36
f 21 24 37
f 37 24 38
f 40 31 39
f 39 31 38
f 34 33 28
f 28 33 25
f 41 42 44
f 44 42 43
f 36 45 33
f 33 45 25
f 46 47 49
f 49 47 48
f 51 52 50
f 50 52 53
f 55 53 54
f 54 53 52
f 57 58 56
f 56 58 59
f 61 62 60
f 60 62 63
f 65 66 64
f 64 66 67
f 69 70 68
f 68 70 71
f 65 73 72
f 72 73 74
f 64 75 65
f 65 75 73
f 77 78 76
f 76 78 79
f 80 81 83
f 83 81 82
f 81 85 84
f 84 85 86
f 88 89 87
f 87 89 69
f 88 87 90
f 90 87 91
f 93 94 92
f 92 94 95
f 96 84 43
f 43 84 44
f 51 98 97
f 97 98 86
f 97 99 51
f 51 99 52
f 54 52 100
f 100 52 99
f 58 101 59
f 59 101 102
f 62 103 63
f 63 103 104
f 105 106 6
f 6 106 5
f 108 109 107
f 107 109 110
f 112 113 111
f 111 113 114
f 116 117 115
f 115 117 118
f 120 121 119
f 119 121 122
f 124 125 123
f 123 125 126
f 128 129 127
f 127 129 130
f 130 131 127
f 127 131 132
f 134 1 133
f 133 1 135
f 1 4 135
f 135 4 136
f 4 8 136
f 136 8 137
f 138 139 15
f 15 139 140
f 140 139 141
f 141 139 142
f 144 57 143
f 143 57 56
f 145 146 141
f 141 146 147
f 146 149 148
f 148 149 150
f 152 153 151
f 151 153 154
f 141 147 140
f 140 147 155
f 157 11 156
f 156 11 158
f 160 161 159
f 159 161 162
f 164 165 163
f 163 165 166
f 165 160 166
f 166 160 159
f 168 169 167
f 167 169 170
f 169 171 170
f 170 171 172
f 149 173 150
f 150 173 174
f 175 176 149
f 149 176 173
f 178 172 177
f 177 172 171
f 180 181 179
f 179 181 182
f 184 180 183
f 183 180 179
f 186 187 185
f 185 187 188
f 190 191 189
f 189 191 192
f 7 193 8
f 8 193 194
f 196 162 195
f 195 162 161
f 197 168 198
f 198 168 167
f 181 199 182
f 182 199 200
f 202 203 201
f 201 203 204
f 187 186 205
f 205 186 206
f 208 209 207
f 207 209 210
f 212 213 211
f 211 213 214
f 215 216 218
f 218 216 217
f 220 209 219
f 219 209 208
f 204 186 221
f 221 186 185
f 201 204 222
f 222 204 221
f 223 211 220
f 220 211 209
f 224 225 214
f 214 225 210
f 203 206 204
f 204 206 186
f 227 187 226
f 226 187 205
f 27 228 21
f 21 228 22
f 230 231 229
f 229 231 232
f 234 235 233
f 233 235 236
f 238 239 237
f 237 239 240
f 119 122 118
f 118 122 115
f 112 242 241
f 241 242 243
f 98 51 244
f 244 51 50
f 245 138 14
f 14 138 15
f 11 10 158
f 158 10 246
f 89 85 69
f 69 85 70
f 11 157 12
f 12 157 247
f 249 164 248
f 248 164 163
f 177 250 178
f 178 250 251
f 253 254 252
f 252 254 255
f 187 227 188
f 188 227 256
f 212 257 213
f 213 257 258
f 260 134 259
f 259 134 133
f 165 164 135
f 135 164 133
f 160 165 136
f 136 165 135
f 136 137 160
f 160 137 161
f 137 261 161
f 161 261 195
f 263 264 262
f 262 264 265
f 13 16 266
f 266 16 267
f 268 267 155
f 155 267 16
f 147 269 155
f 155 269 268
f 162 196 167
f 167 196 198
f 167 170 162
f 162 170 159
f 170 172 159
f 159 172 166
f 172 178 166
f 166 178 163
f 178 251 163
f 163 251 248
f 168 270 169
f 169 270 271
f 272 273 171
f 171 273 177
f 271 272 169
f 169 272 171
f 168 197 270
f 270 197 274
f 250 177 275
f 275 177 273
f 277 45 276
f 276 45 278
f 280 281 279
f 279 281 282
f 284 104 283
f 283 104 103
f 285 215 286
f 286 215 218
f 288 289 287
f 287 289 290
f 291 80 66
f 66 80 83
f 293 294 292
f 292 294 295
f 73 91 74
f 74 91 87
f 91 73 92
f 92 73 75
f 279 77 280
f 280 77 76
f 80 291 70
f 70 291 71
f 277 47 96
f 96 47 82
f 297 175 296
f 296 175 149
f 299 154 298
f 298 154 153
f 225 300 210
f 210 300 207
f 224 301 206
f 206 301 205
f 210 209 214
f 214 209 211
f 226 205 302
f 302 205 301
f 304 305 303
f 303 305 306
f 308 309 307
f 307 309 310
f 72 291 65
f 65 291 66
f 66 83 67
f 67 83 46
f 312 313 311
f 311 313 314
f 316 317 315
f 315 317 36
f 29 318 35
f 35 318 319
f 321 32 320
f 320 32 322
f 311 314 323
f 323 314 324
f 315 325 316
f 316 325 326
f 318 287 319
f 319 287 290
f 328 321 327
f 327 321 320
f 329 330 39
f 39 330 331
f 332 333 40
f 40 333 322
f 309 334 285
f 285 334 335
f 236 2 134
f 134 2 1
f 260 336 233
f 233 336 337
f 237 14 265
f 265 14 13
f 84 86 44
f 44 86 98
f 189 192 7
f 7 192 193
f 44 98 41
f 41 98 244
f 237 240 14
f 14 240 245
f 7 3 189
f 189 3 5
f 338 71 72
f 72 71 291
f 262 265 266
f 266 265 13
f 124 123 339
f 339 123 105
f 123 109 105
f 105 109 106
f 189 5 190
f 190 5 106
f 111 114 12
f 12 114 9
f 264 340 265
f 265 340 237
f 342 343 341
f 341 343 344
f 6 235 105
f 105 235 339
f 234 346 345
f 345 346 347
f 349 350 348
f 348 350 351
f 107 352 108
f 108 352 353
f 355 356 354
f 354 356 357
f 237 340 238
f 238 340 358
f 12 247 111
f 111 247 359
f 264 263 116
f 116 263 360
f 361 362 222
f 222 362 201
f 364 365 363
f 363 365 366
f 368 369 367
f 367 369 370
f 372 373 371
f 371 373 374
f 375 376 372
f 372 376 377
f 378 379 381
f 381 379 380
f 382 383 269
f 269 383 268
f 150 174 365
f 365 174 384
f 380 377 381
f 381 377 376
f 271 270 180
f 180 270 181
f 273 272 252
f 252 272 184
f 272 271 184
f 184 271 180
f 181 270 274
f 252 255 273
f 273 255 275
f 254 385 255
f 255 385 386
f 387 388 179
f 179 388 183
f 389 387 182
f 182 387 179
f 182 200 389
f 389 200 390
f 388 391 183
f 183 391 253
f 391 392 253
f 253 392 254
f 394 379 393
f 393 379 378
f 185 188 395
f 395 188 396
f 221 185 397
f 397 185 395
f 222 221 398
f 398 221 397
f 188 256 396
f 396 256 399
f 400 401 256
f 256 401 399
f 402 403 405
f 405 403 404
f 148 150 364
f 364 150 365
f 393 406 394
f 394 406 407
f 158 246 393
f 393 246 406
f 342 19 238
f 238 19 239
f 23 22 350
f 350 22 354
f 244 50 245
f 245 50 138
f 55 142 53
f 53 142 139
f 145 144 296
f 296 144 143
f 355 228 341
f 341 228 20
f 41 240 42
f 42 240 239
f 283 308 284
f 284 308 307
f 349 409 408
f 408 409 410
f 244 245 41
f 41 245 240
f 268 383 406
f 406 383 407
f 346 411 349
f 349 411 409
f 251 412 248
f 248 412 413
f 275 414 250
f 250 414 415
f 25 45 26
f 26 45 277
f 43 26 96
f 96 26 277
f 416 417 61
f 61 417 62
f 329 24 408
f 408 24 23
f 31 40 32
f 32 40 322
f 39 38 329
f 329 38 24
f 37 38 30
f 30 38 31
f 418 419 421
f 421 419 420
f 78 295 79
f 79 295 294
f 124 339 422
f 422 339 345
f 232 131 357
f 357 131 351
f 2 236 6
f 6 236 235
f 252 184 253
f 253 184 183
f 227 423 256
f 256 423 400
f 423 227 305
f 305 227 226
f 424 258 425
f 425 258 257
f 426 427 212
f 212 427 257
f 259 133 249
f 249 133 164
f 419 418 428
f 428 418 429
f 327 430 328
f 328 430 288
f 49 431 46
f 46 431 67
f 306 302 424
f 424 302 258
f 313 432 314
f 314 432 433
f 32 321 29
f 29 321 318
f 324 314 433
f 287 318 328
f 328 318 321
f 134 260 236
f 236 260 233
f 345 339 234
f 234 339 235
f 357 351 354
f 354 351 350
f 408 23 349
f 349 23 350
f 317 278 36
f 36 278 45
f 432 313 429
f 429 313 428
f 435 428 434
f 434 428 313
f 42 239 18
f 18 239 19
f 43 42 26
f 26 42 18
f 121 120 436
f 436 120 437
f 302 301 258
f 258 301 213
f 110 109 126
f 126 109 123
f 238 358 342
f 342 358 343
f 341 20 342
f 342 20 19
f 322 438 320
f 320 438 439
f 320 439 327
f 327 439 430
f 333 440 322
f 322 440 438
f 289 288 323
f 323 288 430
f 115 340 116
f 116 340 264
f 146 145 149
f 149 145 296
f 15 140 16
f 16 140 155
f 441 442 152
f 152 442 153
f 225 224 203
f 203 224 206
f 175 297 154
f 154 297 151
f 293 443 294
f 294 443 444
f 248 413 249
f 249 413 445
f 446 447 400
f 400 447 401
f 388 387 396
f 396 387 395
f 387 389 395
f 395 389 397
f 391 388 399
f 399 388 396
f 401 392 399
f 399 392 391
f 255 386 275
f 275 386 414
f 449 450 448
f 448 450 451
f 335 452 285
f 285 452 215
f 453 298 442
f 442 298 153
f 211 223 212
f 212 223 426
f 425 257 454
f 454 257 427
f 266 10 262
f 262 10 9
f 360 113 456
f 456 113 455
f 8 194 137
f 137 194 261
f 10 266 246
f 246 266 267
f 203 202 225
f 225 202 300
f 262 9 263
f 263 9 114
f 108 353 190
f 190 353 191
f 389 390 397
f 397 390 398
f 457 422 128
f 128 422 129
f 156 158 378
f 378 158 393
f 347 346 348
f 348 346 349
f 447 458 401
f 401 458 392
f 364 382 148
f 148 382 269
f 55 54 57
f 57 54 58
f 75 64 459
f 459 64 460
f 100 90 101
f 101 90 95
f 101 58 100
f 100 58 54
f 142 55 144
f 144 55 57
f 147 146 269
f 269 146 148
f 459 93 75
f 75 93 92
f 144 145 142
f 142 145 141
f 228 27 20
f 20 27 17
f 154 299 175
f 175 299 176
f 214 213 224
f 224 213 301
f 424 461 306
f 306 461 303
f 285 286 309
f 309 286 310
f 462 334 308
f 308 334 309
f 302 306 226
f 226 306 305
f 37 28 21
f 21 28 27
f 29 35 30
f 30 35 34
f 30 34 37
f 37 34 28
f 344 436 356
f 356 436 229
f 325 290 326
f 326 290 289
f 311 439 312
f 312 439 438
f 35 319 36
f 36 319 315
f 439 311 430
f 430 311 323
f 315 319 325
f 325 319 290
f 440 463 438
f 438 463 312
f 341 344 355
f 355 344 356
f 360 456 116
f 116 456 117
f 354 22 355
f 355 22 228
f 326 289 324
f 324 289 323
f 74 87 68
f 68 87 69
f 50 53 138
f 138 53 139
f 268 406 267
f 267 406 246
f 190 106 108
f 108 106 109
f 241 455 112
f 112 455 113
f 358 122 343
f 343 122 121
f 129 347 130
f 130 347 348
f 348 351 130
f 130 351 131
f 229 232 356
f 356 232 357
f 340 115 358
f 358 115 122
f 111 359 112
f 112 359 242
f 125 124 457
f 457 124 422
f 231 132 232
f 232 132 131
f 343 121 344
f 344 121 436
f 263 114 360
f 360 114 113
f 347 129 345
f 345 129 422
f 230 229 437
f 437 229 436
f 464 446 423
f 423 446 400
f 465 466 468
f 468 466 467
f 470 471 469
f 469 471 472
f 469 472 373
f 373 472 374
f 474 469 473
f 473 469 373
f 471 475 472
f 472 475 476
f 472 477 374
f 374 477 478
f 477 472 476
f 479 480 476
f 476 480 477
f 473 373 377
f 377 373 372
f 481 482 479
f 479 482 480
f 483 484 481
f 481 484 482
f 403 402 485
f 485 402 486
f 487 488 483
f 483 488 484
f 487 489 488
f 488 489 490
f 489 491 490
f 490 491 492
f 491 493 492
f 492 493 494
f 493 495 494
f 494 495 496
f 497 498 481
f 481 498 483
f 484 499 482
f 482 499 367
f 370 480 367
f 367 480 482
f 480 370 477
f 477 370 478
f 500 497 479
f 479 497 481
f 451 473 380
f 380 473 377
f 448 451 379
f 379 451 380
f 501 502 504
f 504 502 503
f 449 505 507
f 507 505 506
f 486 508 505
f 505 508 506
f 508 509 506
f 506 509 510
f 511 507 510
f 510 507 506
f 509 508 512
f 512 508 513
f 515 509 514
f 514 509 512
f 509 515 510
f 510 515 516
f 510 516 511
f 511 516 517
f 486 505 485
f 485 505 518
f 505 449 518
f 518 449 448
f 383 382 403
f 403 382 404
f 363 404 364
f 364 404 382
f 403 485 383
f 383 485 407
f 519 520 361
f 361 520 362
f 522 496 521
f 521 496 495
f 450 474 451
f 451 474 473
f 363 366 523
f 523 366 524
f 525 499 488
f 488 499 484
f 488 490 525
f 525 490 526
f 496 522 520
f 520 522 527
f 494 496 519
f 519 496 520
f 492 494 528
f 528 494 519
f 529 530 495
f 495 530 521
f 490 492 526
f 526 492 528
f 529 495 531
f 531 495 493
f 533 534 532
f 532 534 535
f 523 524 533
f 533 524 534
f 486 402 532
f 532 402 533
f 529 536 530
f 530 536 537
f 536 538 537
f 537 538 539
f 540 541 539
f 539 541 537
f 530 537 535
f 535 537 541
f 542 539 543
f 543 539 538
f 539 542 540
f 540 542 544
f 541 540 513
f 513 540 512
f 540 544 512
f 512 544 514
f 546 547 545
f 545 547 548
f 549 550 531
f 531 550 551
f 550 549 552
f 552 549 553
f 546 550 554
f 554 550 552
f 547 546 555
f 555 546 554
f 498 556 558
f 558 556 557
f 559 557 560
f 560 557 556
f 561 562 560
f 560 562 559
f 557 559 552
f 552 559 554
f 559 562 554
f 554 562 555
f 558 557 553
f 553 557 552
f 475 471 563
f 563 471 564
f 565 563 567
f 567 563 566
f 471 470 564
f 564 470 466
f 564 466 568
f 568 466 465
f 568 465 569
f 569 465 570
f 572 573 571
f 571 573 574
f 569 575 567
f 567 575 576
f 577 565 576
f 576 565 567
f 578 579 581
f 581 579 580
f 575 561 576
f 576 561 560
f 556 577 560
f 560 577 576
f 577 556 497
f 497 556 498
f 565 577 500
f 500 577 497
f 563 565 475
f 475 565 500
f 553 489 558
f 558 489 487
f 531 493 549
f 549 493 491
f 489 553 491
f 491 553 549
f 394 407 518
f 518 407 485
f 518 448 394
f 394 448 379
f 545 548 538
f 538 548 543
f 551 545 536
f 536 545 538
f 536 529 551
f 551 529 531
f 507 582 449
f 449 582 450
f 511 583 507
f 507 583 582
f 511 517 583
f 583 517 584
f 585 586 588
f 588 586 587
f 590 591 589
f 589 591 592
f 591 590 593
f 593 590 594
f 596 597 595
f 595 597 598
f 599 600 602
f 602 600 601
f 604 605 603
f 603 605 606
f 608 609 607
f 607 609 610
f 612 613 611
f 611 613 614
f 615 616 618
f 618 616 617
f 620 621 619
f 619 621 622
f 624 625 623
f 623 625 626
f 628 629 627
f 627 629 630
f 632 633 631
f 631 633 634
f 635 636 638
f 638 636 637
f 639 640 642
f 642 640 641
f 644 645 643
f 643 645 646
f 619 622 647
f 647 622 648
f 650 651 649
f 649 651 652
f 601 653 602
f 602 653 654
f 656 657 655
f 655 657 658
f 660 661 659
f 659 661 662
f 664 665 663
f 663 665 666
f 593 594 667
f 667 594 668
f 669 670 672
f 672 670 671
f 673 674 676
f 676 674 675
f 633 632 677
f 677 632 678
f 663 666 679
f 679 666 680
f 681 682 684
f 684 682 683
f 686 687 685
f 685 687 688
f 690 661 689
f 689 661 691
f 693 686 692
f 692 686 685
f 695 597 694
f 694 597 668
f 594 696 668
f 668 696 694
f 697 698 696
f 696 698 699
f 700 701 697
f 697 701 698
f 702 585 703
f 703 585 588
f 671 690 672
f 672 690 689
f 640 639 704
f 704 639 705
f 679 706 663
f 663 706 658
f 708 709 707
f 707 709 710
f 711 712 610
f 610 712 607
f 713 714 716
f 716 714 715
f 717 718 720
f 720 718 719
f 722 634 721
f 721 634 633
f 724 725 723
f 723 725 726
f 728 729 727
f 727 729 730
f 732 733 731
f 731 733 734
f 707 710 735
f 735 710 736
f 643 737 644
f 644 737 738
f 740 741 739
f 739 741 742
f 608 744 743
f 743 744 745
f 747 748 746
f 746 748 749
f 751 752 750
f 750 752 753
f 754 755 757
f 757 755 756
f 758 759 761
f 761 759 760
f 763 764 762
f 762 764 765
f 767 768 766
f 766 768 769
f 771 772 770
f 770 772 773
f 775 776 774
f 774 776 777
f 779 780 778
f 778 780 781
f 783 712 782
f 782 712 784
f 785 786 788
f 788 786 787
f 790 628 789
f 789 628 627
f 792 793 791
f 791 793 794
f 795 796 726
f 726 796 723
f 798 799 797
f 797 799 800
f 721 633 801
f 801 633 677
f 797 800 802
f 802 800 803
f 805 806 804
f 804 806 807
f 809 810 808
f 808 810 811
f 813 814 812
f 812 814 815
f 809 808 817
f 817 808 816
f 818 819 804
f 804 819 805
f 820 821 818
f 818 821 819
f 821 820 587
f 587 820 822
f 809 823 810
f 810 823 824
f 814 807 815
f 815 807 806
f 826 426 825
f 825 426 223
f 426 826 427
f 427 826 827
f 828 829 454
f 454 829 830
f 831 832 677
f 677 832 801
f 834 835 833
f 833 835 836
f 838 839 837
f 837 839 840
f 841 842 844
f 844 842 843
f 845 846 803
f 803 846 802
f 847 831 678
f 678 831 677
f 848 849 851
f 851 849 850
f 853 854 852
f 852 854 855
f 857 858 856
f 856 858 680
f 860 861 859
f 859 861 862
f 864 865 863
f 863 865 866
f 868 869 867
f 867 869 870
f 839 871 840
f 840 871 872
f 849 848 874
f 874 848 873
f 876 877 875
f 875 877 878
f 880 881 879
f 879 881 882
f 883 884 886
f 886 884 885
f 846 887 802
f 802 887 888
f 890 891 889
f 889 891 888
f 893 894 892
f 892 894 895
f 896 897 728
f 728 897 729
f 899 900 898
f 898 900 901
f 902 852 904
f 904 852 903
f 849 905 850
f 850 905 906
f 875 878 907
f 907 878 908
f 910 911 909
f 909 911 912
f 914 915 913
f 913 915 916
f 917 918 862
f 862 918 859
f 919 920 856
f 856 920 921
f 923 924 922
f 922 924 925
f 926 927 925
f 925 927 922
f 929 930 928
f 928 930 693
f 932 695 931
f 931 695 694
f 823 867 824
f 824 867 933
f 935 936 934
f 934 936 937
f 938 868 823
f 823 868 867
f 940 847 939
f 939 847 678
f 632 655 678
f 678 655 939
f 941 942 619
f 619 942 620
f 687 943 688
f 688 943 944
f 851 850 945
f 945 850 903
f 850 906 903
f 903 906 904
f 946 947 949
f 949 947 948
f 951 952 950
f 950 952 953
f 955 956 954
f 954 956 957
f 907 958 875
f 875 958 874
f 960 961 959
f 959 961 962
f 963 853 902
f 902 853 852
f 909 964 910
f 910 964 965
f 967 968 966
f 966 968 969
f 971 972 970
f 970 972 973
f 974 960 975
f 975 960 959
f 977 978 976
f 976 978 979
f 981 977 980
f 980 977 976
f 980 982 981
f 981 982 983
f 985 983 984
f 984 983 982
f 984 986 985
f 985 986 987
f 989 990 988
f 988 990 991
f 993 994 992
f 992 994 995
f 997 998 996
f 996 998 999
f 1001 1002 1000
f 1000 1002 1003
f 1005 1006 1004
f 1004 1006 1007
f 1004 1008 1005
f 1005 1008 1009
f 1008 1010 1009
f 1009 1010 1011
f 1013 1011 1012
f 1012 1011 1010
f 1014 1015 1017
f 1017 1015 1016
f 1019 1020 1018
f 1018 1020 1021
f 1022 1023 976
f 976 1023 980
f 1024 1025 982
f 982 1025 984
f 992 995 1026
f 1026 995 1027
f 956 955 1028
f 1028 955 1029
f 1030 1031 1033
f 1033 1031 1032
f 1010 1008 1034
f 1034 1008 1035
f 1008 1004 1035
f 1035 1004 1036
f 1037 1038 1002
f 1002 1038 1007
f 1002 1001 1037
f 1037 1001 1039
f 1040 1041 997
f 997 1041 998
f 1015 1014 1043
f 1043 1014 1042
f 1044 1045 1047
f 1047 1045 1046
f 1044 1020 1048
f 1048 1020 1049
f 1050 1051 1003
f 1003 1051 1000
f 1052 1050 1006
f 1006 1050 1003
f 1053 1054 1011
f 1011 1054 1009
f 1013 1045 1055
f 1055 1045 1056
f 1058 1059 1057
f 1057 1059 1060
f 1062 1063 1061
f 1061 1063 1064
f 1065 1066 1050
f 1050 1066 1051
f 1067 1065 1052
f 1052 1065 1050
f 1068 1069 1054
f 1054 1069 1070
f 1071 1068 1053
f 1053 1068 1054
f 1073 1071 1072
f 1072 1071 1074
f 1074 1071 1055
f 1055 1071 1053
f 1076 1077 1075
f 1075 1077 1078
f 1079 1080 1057
f 1057 1080 1058
f 1081 1082 1064
f 1064 1082 1061
f 1084 1085 1083
f 1083 1085 1086
f 1088 1089 1087
f 1087 1089 1090
f 1092 1093 1091
f 1091 1093 1094
f 1096 1097 1095
f 1095 1097 1098
f 1099 1100 1102
f 1102 1100 1101
f 1103 1104 1099
f 1099 1104 1100
f 1106 1107 1105
f 1105 1107 1108
f 1110 1111 1109
f 1109 1111 1112
f 1114 1115 1113
f 1113 1115 1116
f 1118 1119 1117
f 1117 1119 1077
f 1117 1120 1122
f 1122 1120 1121
f 1105 1123 1106
f 1106 1123 1124
f 1125 1126 1128
f 1128 1126 1127
f 1130 1131 1129
f 1129 1131 1132
f 1134 1135 1133
f 1133 1135 1114
f 1113 1136 1114
f 1114 1136 1133
f 1118 1137 1113
f 1113 1137 1136
f 1118 1117 1137
f 1137 1117 1122
f 1139 1140 1138
f 1138 1140 1141
f 1143 953 1142
f 1142 953 952
f 1145 957 1144
f 1144 957 956
f 1028 1146 956
f 956 1146 1144
f 1014 1147 1042
f 1042 1147 1148
f 1014 1017 1147
f 1147 1017 1149
f 1059 1058 1150
f 1150 1058 1151
f 1153 1080 1152
f 1152 1080 1154
f 1156 1088 1155
f 1155 1088 1087
f 1157 1158 1106
f 1106 1158 1107
f 1106 1124 1157
f 1157 1124 1159
f 1161 1162 1160
f 1160 1162 1163
f 1165 1166 1164
f 1164 1166 1167
f 1168 1031 1012
f 1012 1031 1046
f 1024 1023 1035
f 1035 1023 1034
f 1036 1038 1025
f 1025 1038 1169
f 1170 1171 1039
f 1039 1171 1037
f 1028 1029 1042
f 1042 1029 1043
f 1172 1173 1175
f 1175 1173 1174
f 1055 1053 1013
f 1013 1053 1011
f 1005 1009 1070
f 1070 1009 1054
f 996 999 1062
f 1062 999 1063
f 1016 1060 1017
f 1017 1060 1059
f 1017 1059 1149
f 1149 1059 1150
f 1177 1178 1176
f 1176 1178 1103
f 1176 1072 1179
f 1179 1072 1074
f 1073 1102 1086
f 1086 1102 1083
f 1180 1181 1067
f 1067 1181 1065
f 1182 1183 1184
f 1184 1183 1181
f 1186 1187 1185
f 1185 1187 1188
f 1189 1190 798
f 798 1190 799
f 1192 1193 1191
f 1191 1193 1194
f 1195 1196 1194
f 1194 1196 1191
f 1196 1195 1198
f 1198 1195 1197
f 1200 674 1199
f 1199 674 673
f 928 1201 1203
f 1203 1201 1202
f 861 1204 862
f 862 1204 921
f 1205 1206 913
f 913 1206 1207
f 882 1208 879
f 879 1208 1209
f 1210 1211 1167
f 1167 1211 1164
f 1212 769 1213
f 1213 769 768
f 727 1214 728
f 728 1214 1215
f 1217 1218 1216
f 1216 1218 1219
f 1220 813 1221
f 1221 813 812
f 827 828 427
f 427 828 454
f 1223 1224 1222
f 1222 1224 1165
f 1226 1227 1225
f 1225 1227 1228
f 851 1229 848
f 848 1229 1230
f 834 854 835
f 835 854 1231
f 1233 1234 1232
f 1232 1234 1235
f 1237 751 1236
f 1236 751 750
f 743 819 1238
f 1238 819 821
f 1240 1241 1239
f 1239 1241 1242
f 1244 1245 1243
f 1243 1245 1246
f 844 1247 841
f 841 1247 1248
f 1250 1251 1249
f 1249 1251 1252
f 1254 893 1253
f 1253 893 1237
f 1255 1256 1258
f 1258 1256 1257
f 1260 1261 1259
f 1259 1261 1262
f 945 903 855
f 855 903 852
f 855 1263 945
f 945 1263 1264
f 832 845 801
f 801 845 803
f 800 721 803
f 803 721 801
f 721 800 722
f 722 800 799
f 1266 1267 1265
f 1265 1267 1268
f 1270 795 1269
f 1269 795 726
f 725 1271 726
f 726 1271 1269
f 737 765 738
f 738 765 764
f 759 740 760
f 760 740 739
f 717 1272 1274
f 1274 1272 1273
f 1163 1226 1275
f 1275 1226 1225
f 1277 882 1276
f 1276 882 881
f 1041 1040 1027
f 1027 1040 1026
f 900 935 901
f 901 935 934
f 1164 1278 1165
f 1165 1278 1222
f 1211 1279 1164
f 1164 1279 1278
f 442 1280 453
f 453 1280 1281
f 788 1282 785
f 785 1282 1283
f 1285 1286 1284
f 1284 1286 1287
f 1284 1288 1285
f 1285 1288 1289
f 757 1289 754
f 754 1289 1288
f 605 604 675
f 675 604 676
f 1290 1291 1293
f 1293 1291 1292
f 1295 1296 1294
f 1294 1296 1297
f 696 699 694
f 694 699 931
f 1298 1299 592
f 592 1299 589
f 1299 1300 589
f 589 1300 700
f 1300 1301 700
f 700 1301 701
f 743 745 819
f 819 745 805
f 1303 1304 1302
f 1302 1304 1305
f 1306 1307 1305
f 1305 1307 1302
f 609 1298 610
f 610 1298 592
f 587 822 588
f 588 822 1308
f 703 588 1309
f 1309 588 1308
f 1310 703 571
f 571 703 1309
f 1311 1312 789
f 789 1312 790
f 825 223 1313
f 1313 223 220
f 219 1314 220
f 220 1314 1313
f 1315 1316 1311
f 1311 1316 1312
f 1317 1318 1319
f 1319 1318 1241
f 441 1320 442
f 442 1320 1280
f 1321 217 572
f 572 217 216
f 1323 1230 1322
f 1322 1230 1229
f 1324 1325 631
f 631 1325 656
f 1034 1168 1010
f 1010 1168 1012
f 1327 1328 1326
f 1326 1328 1329
f 1331 1202 1330
f 1330 1202 1201
f 571 1309 572
f 572 1309 1321
f 573 572 1332
f 1332 572 216
f 1334 1335 1333
f 1333 1335 1336
f 1337 1338 918
f 918 1338 859
f 1339 863 1340
f 1340 863 866
f 1341 1342 1344
f 1344 1342 1343
f 1345 1346 919
f 919 1346 920
f 1347 1348 673
f 673 1348 1199
f 693 1349 928
f 928 1349 1201
f 1351 1257 1350
f 1350 1257 1256
f 1350 1352 1351
f 1351 1352 1353
f 653 930 654
f 654 930 662
f 1279 1354 1278
f 1278 1354 1355
f 1357 1358 1356
f 1356 1358 1359
f 937 1360 1140
f 1140 1360 1361
f 1225 1228 909
f 909 1228 964
f 901 934 1362
f 1362 934 1139
f 1364 1365 1363
f 1363 1365 1362
f 1367 912 1366
f 1366 912 911
f 1143 1142 1368
f 1368 1142 1369
f 1144 1186 1145
f 1145 1186 1185
f 1146 1175 1144
f 1144 1175 1186
f 1175 1146 1172
f 1172 1146 1148
f 1147 1018 1148
f 1148 1018 1172
f 1018 1147 1019
f 1019 1147 1149
f 1149 1150 1019
f 1019 1150 1370
f 1150 1151 1370
f 1370 1151 1371
f 1151 1153 1371
f 1371 1153 1177
f 1152 1156 1178
f 1178 1156 1372
f 1155 1158 1373
f 1373 1158 1374
f 1157 1159 1376
f 1376 1159 1375
f 1378 1379 1377
f 1377 1379 1380
f 1382 1383 1381
f 1381 1383 1384
f 1382 1386 1385
f 1385 1386 1387
f 1386 1233 1387
f 1387 1233 1232
f 1389 1390 1388
f 1388 1390 1391
f 1393 1394 1392
f 1392 1394 1395
f 1397 1398 1396
f 1396 1398 1399
f 629 1397 630
f 630 1397 1396
f 1342 1400 1343
f 1343 1400 1401
f 1403 1404 1402
f 1402 1404 1405
f 1407 1408 1406
f 1406 1408 1409
f 1411 1412 1410
f 1410 1412 1413
f 793 1414 794
f 794 1414 1415
f 1417 1341 1416
f 1416 1341 1344
f 704 705 1347
f 1347 705 1418
f 741 1419 742
f 742 1419 1420
f 1422 669 1421
f 1421 669 672
f 645 1423 646
f 646 1423 1424
f 1196 1198 614
f 614 1198 611
f 613 1425 614
f 614 1425 1426
f 1427 616 659
f 659 616 660
f 614 1426 1196
f 1196 1426 1191
f 696 594 697
f 697 594 590
f 697 590 700
f 700 590 589
f 703 1310 702
f 702 1310 1428
f 1421 672 1192
f 1192 672 689
f 1271 648 1269
f 1269 648 622
f 621 1270 622
f 622 1270 1269
f 1429 1430 1417
f 1417 1430 1341
f 1431 1432 1434
f 1434 1432 1433
f 1436 1437 1435
f 1435 1437 1438
f 1440 1441 1439
f 1439 1441 1442
f 1443 1444 1446
f 1446 1444 1445
f 823 809 938
f 938 809 817
f 810 1447 811
f 811 1447 1448
f 1449 1450 679
f 679 1450 706
f 913 916 1205
f 1205 916 1451
f 1275 1225 912
f 912 1225 909
f 1452 1453 880
f 880 1453 881
f 1444 1401 1445
f 1445 1401 1400
f 936 1454 937
f 937 1454 1360
f 824 1455 810
f 810 1455 1447
f 631 656 632
f 632 656 655
f 966 1456 967
f 967 1456 1457
f 1459 1460 1458
f 1458 1460 1461
f 1460 1462 1461
f 1461 1462 1463
f 972 974 973
f 973 974 975
f 990 995 991
f 991 995 994
f 1464 1187 1033
f 1033 1187 1174
f 1018 1021 1172
f 1172 1021 1173
f 1000 999 1001
f 1001 999 998
f 976 979 1022
f 1022 979 1032
f 1023 1024 980
f 980 1024 982
f 989 986 1171
f 1171 986 1169
f 1171 1170 989
f 989 1170 990
f 1170 1027 990
f 990 1027 995
f 1041 1039 998
f 998 1039 1001
f 1051 1063 1000
f 1000 1063 999
f 1066 1064 1051
f 1051 1064 1063
f 1183 1081 1066
f 1066 1081 1064
f 1178 1372 1103
f 1103 1372 1104
f 1092 1091 1465
f 1465 1091 1182
f 1467 1465 1466
f 1466 1465 1468
f 1469 1470 1184
f 1184 1470 1468
f 1095 1098 1471
f 1471 1098 1101
f 1076 1374 1120
f 1120 1374 1376
f 1110 1472 1127
f 1127 1472 1132
f 1472 1473 1132
f 1132 1473 1129
f 1474 1475 1466
f 1466 1475 1473
f 1119 1118 1116
f 1116 1118 1113
f 1375 1121 1376
f 1376 1121 1120
f 1127 1132 1128
f 1128 1132 1131
f 1227 1476 1228
f 1228 1476 1361
f 1365 1477 1362
f 1362 1477 872
f 1478 1479 1323
f 1323 1479 1230
f 1480 1481 914
f 914 1481 915
f 913 1277 914
f 914 1277 1276
f 1168 1034 1022
f 1022 1034 1023
f 1035 1036 1024
f 1024 1036 1025
f 1039 1041 1170
f 1170 1041 1027
f 1042 1148 1028
f 1028 1148 1146
f 968 1459 969
f 969 1459 1458
f 1482 1483 664
f 664 1483 665
f 1485 1486 1484
f 1484 1486 1487
f 1489 1490 1488
f 1488 1490 1491
f 1492 1493 722
f 722 1493 634
f 1495 1496 1494
f 1494 1496 1497
f 1498 1207 1339
f 1339 1207 863
f 1224 1499 1165
f 1165 1499 1166
f 1160 1163 1500
f 1500 1163 1275
f 1500 877 1160
f 1160 877 1501
f 876 873 1502
f 1502 873 1479
f 945 1264 851
f 851 1264 1229
f 835 1231 839
f 839 1231 871
f 1503 1283 778
f 778 1283 1282
f 716 715 1505
f 1505 715 1504
f 1446 1445 1507
f 1507 1445 1506
f 779 792 1381
f 1381 792 791
f 1430 1409 1341
f 1341 1409 1342
f 1411 1429 1508
f 1508 1429 1417
f 635 1510 1509
f 1509 1510 1511
f 1377 1380 1315
f 1315 1380 1316
f 1445 1400 1506
f 1506 1400 1408
f 918 917 1336
f 1336 917 1333
f 1513 1514 1512
f 1512 1514 870
f 1515 1516 1363
f 1363 1516 1364
f 1453 1517 881
f 881 1517 1276
f 992 1518 993
f 993 1518 1519
f 1520 1029 1518
f 1518 1029 955
f 1520 1026 1521
f 1521 1026 1040
f 1522 1015 1521
f 1521 1015 1043
f 996 1523 997
f 997 1523 1522
f 1060 1016 1524
f 1524 1016 1523
f 1061 1525 1062
f 1062 1525 1524
f 1079 1527 1526
f 1526 1527 1528
f 1093 1529 1094
f 1094 1529 1528
f 1111 1530 1112
f 1112 1530 1531
f 1532 1533 1105
f 1105 1533 1123
f 934 937 1139
f 1139 937 1140
f 1138 1363 1139
f 1139 1363 1362
f 1534 1222 1355
f 1355 1222 1278
f 1535 1223 1534
f 1534 1223 1222
f 821 587 1238
f 1238 587 586
f 1319 711 1317
f 1317 711 1536
f 1538 1200 1537
f 1537 1200 1199
f 1508 1417 1539
f 1539 1417 1416
f 1540 1541 840
f 840 1541 837
f 1231 898 871
f 871 898 901
f 1500 1275 1367
f 1367 1275 912
f 1543 1379 1542
f 1542 1379 1395
f 1539 772 1508
f 1508 772 1544
f 1546 1403 1545
f 1545 1403 1402
f 1548 1549 1547
f 1547 1549 1550
f 1552 1548 1551
f 1551 1548 1547
f 1554 1555 1553
f 1553 1555 1556
f 1558 1559 1557
f 1557 1559 1560
f 1562 1563 1561
f 1561 1563 1564
f 1566 1567 1565
f 1565 1567 1568
f 1570 1571 1569
f 1569 1571 1572
f 1574 1575 1573
f 1573 1575 1576
f 1577 1578 1572
f 1572 1578 1569
f 1580 1581 1579
f 1579 1581 1582
f 1584 1585 1583
f 1583 1585 1586
f 1588 1555 1587
f 1587 1555 1589
f 1591 1592 1590
f 1590 1592 1593
f 1595 1596 1594
f 1594 1596 1597
f 1596 1581 1597
f 1597 1581 1576
f 1599 1570 1598
f 1598 1570 1569
f 1601 1602 1600
f 1600 1602 1603
f 1605 1606 1604
f 1604 1606 1607
f 1608 1609 1568
f 1568 1609 1565
f 1611 1612 1610
f 1610 1612 1613
f 1615 1616 1614
f 1614 1616 1617
f 1619 1617 1618
f 1618 1617 1616
f 1621 1622 1620
f 1620 1622 1623
f 1625 1626 1624
f 1624 1626 1627
f 1629 1630 1628
f 1628 1630 1631
f 1633 1634 1632
f 1632 1634 1635
f 1636 1637 1639
f 1639 1637 1638
f 1641 1642 1640
f 1640 1642 1643
f 1624 1627 1644
f 1644 1627 1645
f 1647 1648 1646
f 1646 1648 1649
f 1651 1652 1650
f 1650 1652 1653
f 1655 1656 1654
f 1654 1656 1657
f 1659 1660 1658
f 1658 1660 1661
f 1662 1663 1631
f 1631 1663 1628
f 1651 1665 1664
f 1664 1665 1666
f 1667 1656 1619
f 1619 1656 1617
f 1669 1670 1668
f 1668 1670 1671
f 1632 1635 1672
f 1672 1635 1673
f 1674 1675 1638
f 1638 1675 1639
f 1677 1678 1676
f 1676 1678 1679
f 1680 1640 1681
f 1681 1640 1643
f 1682 1683 1643
f 1643 1683 1681
f 1670 1669 1235
f 1235 1669 1232
f 1396 1399 1674
f 1674 1399 1675
f 627 630 1679
f 1679 630 1676
f 1681 1315 1680
f 1680 1315 1311
f 1683 1377 1681
f 1681 1377 1315
f 1672 1673 1387
f 1387 1673 1385
f 1636 1684 1646
f 1646 1684 1685
f 1687 1688 1686
f 1686 1688 1689
f 1585 1690 1586
f 1586 1690 1691
f 1599 1692 1551
f 1551 1692 1693
f 1552 1558 1694
f 1694 1558 1557
f 1696 1615 1695
f 1695 1615 1614
f 1698 1699 1697
f 1697 1699 1623
f 1700 1701 1703
f 1703 1701 1702
f 1705 1706 1704
f 1704 1706 1707
f 1708 1709 1640
f 1640 1709 1641
f 1710 1711 1713
f 1713 1711 1712
f 1652 1655 1653
f 1653 1655 1654
f 1714 1699 1712
f 1712 1699 1713
f 1715 1710 1716
f 1716 1710 1713
f 1717 1708 1680
f 1680 1708 1640
f 1393 1392 1715
f 1715 1392 1710
f 1719 1720 1718
f 1718 1720 1721
f 1680 1311 1717
f 1717 1311 789
f 1378 1711 1392
f 1392 1711 1710
f 1388 1391 1719
f 1719 1391 1720
f 1723 1606 1722
f 1722 1606 1689
f 1725 1568 1724
f 1724 1568 1567
f 1726 1647 1685
f 1685 1647 1646
f 1728 1554 1727
f 1727 1554 1553
f 1591 1687 1600
f 1600 1687 1686
f 1730 1595 1729
f 1729 1595 1594
f 1601 1605 1731
f 1731 1605 1604
f 1733 1663 1732
f 1732 1663 1734
f 1736 1639 1735
f 1735 1639 1675
f 1658 1644 1737
f 1737 1644 1645
f 1726 1662 1724
f 1724 1662 1631
f 1399 1738 1675
f 1675 1738 1735
f 1621 1667 1739
f 1739 1667 1619
f 1714 1740 1620
f 1620 1740 1741
f 1592 1549 1593
f 1593 1549 1742
f 1602 1571 1603
f 1603 1571 1550
f 1688 1690 1689
f 1689 1690 1722
f 1588 1559 1582
f 1582 1559 1579
f 1673 1735 1385
f 1385 1735 1738
f 1387 1232 1672
f 1672 1232 1669
f 1580 1692 1573
f 1573 1692 1743
f 1377 1683 1378
f 1378 1683 1711
f 1664 1666 1744
f 1744 1666 1745
f 1744 1696 1664
f 1664 1696 1695
f 1746 1747 1732
f 1732 1747 1748
f 1749 1750 1677
f 1677 1750 1678
f 1709 1708 1750
f 1750 1708 1678
f 1668 1632 1669
f 1669 1632 1672
f 1633 1746 1734
f 1734 1746 1732
f 1679 1678 1717
f 1717 1678 1708
f 789 627 1717
f 1717 627 1679
f 1563 1723 1564
f 1564 1723 1722
f 1728 1584 1751
f 1751 1584 1583
f 1674 1676 1396
f 1396 1676 630
f 1666 1566 1745
f 1745 1566 1565
f 1627 1629 1645
f 1645 1629 1628
f 1637 1749 1638
f 1638 1749 1677
f 1648 1665 1649
f 1649 1665 1752
f 1740 1642 1741
f 1741 1642 1657
f 1676 1674 1677
f 1677 1674 1638
f 1683 1682 1711
f 1711 1682 1712
f 1618 1753 1619
f 1619 1753 1739
f 1701 1739 1702
f 1702 1739 1753
f 1754 1214 1756
f 1756 1214 1755
f 647 1757 619
f 619 1757 941
f 1759 1193 1758
f 1758 1193 691
f 1419 1760 1420
f 1420 1760 1761
f 682 1762 683
f 683 1762 1763
f 1412 780 1413
f 1413 780 1384
f 1383 1398 1384
f 1384 1398 1413
f 1197 1424 1764
f 1764 1424 1423
f 1537 1287 1538
f 1538 1287 1286
f 1634 1684 1635
f 1635 1684 1736
f 1724 1631 1725
f 1725 1631 1630
f 1562 1730 1610
f 1610 1730 1729
f 1735 1673 1736
f 1736 1673 1635
f 1757 1195 941
f 941 1195 1194
f 1766 200 1765
f 1765 200 199
f 475 500 476
f 476 500 479
f 498 558 483
f 483 558 487
f 545 551 546
f 546 551 550
f 453 1281 219
f 219 1281 1314
f 298 453 208
f 208 453 219
f 368 1765 1767
f 1767 1765 199
f 523 405 363
f 363 405 404
f 523 533 405
f 405 533 402
f 298 208 299
f 299 208 207
f 299 207 176
f 176 207 300
f 176 300 173
f 173 300 202
f 173 202 174
f 174 202 201
f 1337 918 1768
f 1768 918 1336
f 1769 1770 1338
f 1338 1770 859
f 581 570 578
f 578 570 1771
f 555 562 580
f 580 562 561
f 504 1772 501
f 501 1772 548
f 517 542 584
f 584 542 543
f 515 514 516
f 516 514 544
f 542 517 544
f 544 517 516
f 561 575 580
f 580 575 581
f 575 569 581
f 581 569 570
f 501 548 1773
f 1773 548 547
f 1774 1775 570
f 570 1775 1771
f 369 368 1776
f 1776 368 1767
f 372 369 375
f 375 369 1776
f 822 1280 1308
f 1308 1280 1320
f 820 1281 822
f 822 1281 1280
f 818 1314 820
f 820 1314 1281
f 1314 818 1313
f 1313 818 804
f 807 814 825
f 825 814 826
f 814 813 826
f 826 813 827
f 813 1220 827
f 827 1220 828
f 580 579 555
f 555 579 547
f 1477 1540 872
f 872 1540 840
f 367 499 368
f 368 499 1765
f 1766 1765 525
f 525 1765 499
f 1777 1766 526
f 526 1766 525
f 520 527 362
f 362 527 384
f 361 1778 519
f 519 1778 528
f 371 1779 372
f 372 1779 369
f 369 1779 370
f 370 1779 478
f 1779 371 478
f 478 371 374
f 1778 1777 528
f 528 1777 526
f 1781 1782 1780
f 1780 1782 1783
f 431 460 67
f 67 460 64
f 68 338 74
f 74 338 72
f 1785 1782 1784
f 1784 1782 1786
f 1787 1788 1790
f 1790 1788 1789
f 1792 1789 1791
f 1791 1789 1793
f 1791 1794 1792
f 1792 1794 1795
f 1794 1796 1795
f 1795 1796 1797
f 1797 1798 938
f 938 1798 868
f 1798 1799 868
f 868 1799 869
f 1801 1802 1800
f 1800 1802 1451
f 1803 1804 1205
f 1205 1804 1206
f 1805 1806 864
f 864 1806 865
f 1806 1807 865
f 865 1807 1808
f 68 71 338
f 287 328 288
f 1320 1321 1308
f 1308 1321 1309
f 1320 441 1321
f 1321 441 217
f 441 152 217
f 217 152 218
f 151 286 152
f 152 286 218
f 297 310 151
f 151 310 286
f 296 307 297
f 297 307 310
f 296 143 307
f 307 143 284
f 143 56 284
f 284 56 104
f 56 59 104
f 104 59 63
f 59 102 63
f 63 102 60
f 102 94 60
f 60 94 282
f 93 459 279
f 279 459 77
f 459 460 77
f 77 460 78
f 460 431 78
f 78 431 295
f 431 49 295
f 295 49 292
f 48 421 49
f 49 421 292
f 276 278 418
f 418 278 429
f 317 432 278
f 278 432 429
f 432 317 433
f 433 317 316
f 326 324 316
f 316 324 433
f 1536 592 1809
f 1809 592 591
f 1810 744 1812
f 1812 744 1811
f 1814 1815 1813
f 1813 1815 1816
f 1817 748 1818
f 1818 748 747
f 1812 1819 1810
f 1810 1819 1817
f 1820 1821 748
f 748 1821 749
f 1823 1824 1822
f 1822 1824 1825
f 1827 1828 1826
f 1826 1828 1829
f 1831 1832 1830
f 1830 1832 1833
f 1834 1827 1243
f 1243 1827 1826
f 1313 804 825
f 825 804 807
f 1835 1253 1236
f 1236 1253 1237
f 1836 1837 1438
f 1438 1837 1435
f 1838 1505 1840
f 1840 1505 1839
f 1841 1842 716
f 716 1842 713
f 1843 1844 1510
f 1510 1844 1845
f 1847 1848 1846
f 1846 1848 1849
f 1850 1240 1822
f 1822 1240 1239
f 636 1831 637
f 637 1831 1830
f 1852 1853 1851
f 1851 1853 1854
f 1855 1856 1858
f 1858 1856 1857
f 1846 1849 1859
f 1859 1849 1860
f 1343 1401 1509
f 1509 1401 1861
f 1509 1861 635
f 635 1861 636
f 1863 1864 1862
f 1862 1864 1865
f 1283 1503 1867
f 1867 1503 1866
f 1868 1867 681
f 681 1867 682
f 1286 1285 683
f 683 1285 684
f 757 756 1274
f 1274 756 1869
f 1274 1869 717
f 717 1869 718
f 1434 1433 719
f 719 1433 720
f 1200 1538 1545
f 1545 1538 1763
f 1285 1289 684
f 684 1289 1273
f 684 1273 681
f 681 1273 1272
f 785 1283 1868
f 1868 1283 1867
f 786 785 1870
f 1870 785 1868
f 1289 757 1273
f 1273 757 1274
f 1539 1416 1871
f 1871 1416 1872
f 773 1871 1403
f 1403 1871 1404
f 675 674 1405
f 1405 674 1402
f 1864 1873 1865
f 1865 1873 1874
f 638 1843 635
f 635 1843 1510
f 1344 1343 1511
f 1511 1343 1509
f 772 1539 773
f 773 1539 1871
f 674 1200 1402
f 1402 1200 1545
f 1538 1286 1763
f 1763 1286 683
f 1444 1443 1875
f 1875 1443 1876
f 1875 1876 1831
f 1831 1876 1832
f 1416 1344 1872
f 1872 1344 1511
f 1877 1878 774
f 774 1878 1879
f 1878 1847 1879
f 1879 1847 1846
f 1880 714 1881
f 1881 714 1848
f 1401 1444 1861
f 1861 1444 1875
f 1861 1875 636
f 636 1875 1831
f 1823 1863 1882
f 1882 1863 1862
f 1441 1440 1884
f 1884 1440 1883
f 1883 1852 1884
f 1884 1852 1851
f 1886 1887 1885
f 1885 1887 1888
f 1358 1889 1359
f 1359 1889 1890
f 1891 1886 1892
f 1892 1886 1885
f 774 1879 775
f 775 1879 1893
f 1859 1893 1846
f 1846 1893 1879
f 713 1842 1849
f 1849 1842 1860
f 1318 1895 1894
f 1894 1895 1896
f 1873 1897 1874
f 1874 1897 1898
f 1898 605 1899
f 1899 605 675
f 1405 1844 675
f 675 1844 1899
f 1404 1845 1405
f 1405 1845 1844
f 593 1296 591
f 591 1296 1809
f 1295 1292 1900
f 1900 1292 1895
f 606 1897 1291
f 1291 1897 1896
f 1510 1845 1511
f 1511 1845 1872
f 1871 1872 1404
f 1404 1872 1845
f 1866 770 1762
f 1762 770 1546
f 1762 682 1866
f 1866 682 1867
f 1870 1868 1272
f 1272 1868 681
f 1272 717 1870
f 1870 717 720
f 1870 720 786
f 786 720 1433
f 786 1433 787
f 787 1433 1432
f 1261 1414 1432
f 1432 1414 787
f 1389 1234 1260
f 1260 1234 1415
f 1719 1670 1388
f 1388 1670 1235
f 1718 1671 1719
f 1719 1671 1670
f 1705 1747 1718
f 1718 1747 1671
f 1659 1901 1704
f 1704 1901 1748
f 1877 1903 1902
f 1902 1903 1904
f 1259 1905 1390
f 1390 1905 1394
f 1715 1720 1393
f 1393 1720 1391
f 1716 1721 1715
f 1715 1721 1720
f 1698 1706 1716
f 1716 1706 1721
f 277 276 47
f 47 276 48
f 84 96 81
f 81 96 82
f 80 70 81
f 81 70 85
f 99 97 88
f 88 97 89
f 90 100 88
f 88 100 99
f 101 95 102
f 102 95 94
f 1906 1907 280
f 280 1907 281
f 97 86 89
f 89 86 85
f 60 282 61
f 61 282 281
f 83 82 46
f 46 82 47
f 293 292 420
f 420 292 421
f 419 1908 420
f 420 1908 1909
f 92 95 91
f 91 95 90
f 279 282 93
f 93 282 94
f 276 418 48
f 48 418 421
f 1910 1660 1697
f 1697 1660 1707
f 1703 1624 1700
f 1700 1624 1644
f 1622 1910 1623
f 1623 1910 1697
f 1701 1700 1911
f 1911 1700 1661
f 1700 1644 1661
f 1661 1644 1658
f 1901 1737 1733
f 1733 1737 1645
f 1625 1912 1604
f 1604 1912 1731
f 1912 1913 1731
f 1731 1913 1914
f 1913 1577 1914
f 1914 1577 1572
f 1915 1578 1616
f 1616 1578 1618
f 1915 1916 1598
f 1598 1916 1743
f 1916 1574 1743
f 1743 1574 1573
f 1575 1917 1576
f 1576 1917 1597
f 1917 1609 1597
f 1597 1609 1594
f 1608 1611 1729
f 1729 1611 1610
f 1918 1612 1629
f 1629 1612 1630
f 1626 1918 1627
f 1627 1918 1629
f 1920 1921 1919
f 1919 1921 1922
f 1920 1924 1923
f 1923 1924 1925
f 1926 1927 1924
f 1924 1927 1925
f 1929 1930 1928
f 1928 1930 1931
f 1932 1933 1935
f 1935 1933 1934
f 1937 1938 1936
f 1936 1938 1939
f 1941 1942 1940
f 1940 1942 1943
f 1941 1945 1944
f 1944 1945 1946
f 1947 1948 1694
f 1694 1948 1949
f 1950 1951 1953
f 1953 1951 1952
f 1955 1956 1954
f 1954 1956 1589
f 1958 1956 1957
f 1957 1956 1932
f 1960 1934 1959
f 1959 1934 1933
f 1962 1963 1961
f 1961 1963 1964
f 1965 1955 1751
f 1751 1955 1954
f 1935 1930 1932
f 1932 1930 1957
f 1951 1950 1926
f 1926 1950 1929
f 1966 1967 1593
f 1593 1967 1590
f 1969 1967 1968
f 1968 1967 1964
f 1962 1921 1970
f 1970 1921 1971
f 1963 1945 1964
f 1964 1945 1968
f 1972 1948 1922
f 1922 1948 1919
f 1966 1972 1961
f 1961 1972 1922
f 1958 1953 1587
f 1587 1953 1560
f 1974 1975 1973
f 1973 1975 1976
f 1978 1979 1977
f 1977 1979 1691
f 1979 1975 1691
f 1691 1975 1586
f 1938 1942 1939
f 1939 1942 1980
f 1952 1947 1557
f 1557 1947 1694
f 1969 1978 1981
f 1981 1978 1977
f 1983 1984 1982
f 1982 1984 1985
f 1986 1987 1989
f 1989 1987 1988
f 1990 1991 1983
f 1983 1991 1984
f 1990 1993 1992
f 1992 1993 1994
f 1995 1996 1994
f 1994 1996 1997
f 1999 2000 1998
f 1998 2000 2001
f 2003 2004 2002
f 2002 2004 2005
f 2007 2008 2006
f 2006 2008 2009
f 2011 2012 2010
f 2010 2012 2013
f 2014 2015 2017
f 2017 2015 2016
f 2018 2019 2021
f 2021 2019 2020
f 2022 1989 2024
f 2024 1989 2023
f 1989 1988 2023
f 2023 1988 2025
f 2026 2027 2017
f 2017 2027 2014
f 2029 2030 2028
f 2028 2030 2031
f 2033 2034 2032
f 2032 2034 2035
f 2032 2035 2036
f 2036 2035 2037
f 2039 2040 2038
f 2038 2040 2041
f 1982 2042 1983
f 1983 2042 2043
f 2045 2046 2044
f 2044 2046 2047
f 2049 2050 2048
f 2048 2050 2051
f 2053 2054 2052
f 2052 2054 2055
f 2057 2058 2056
f 2056 2058 2059
f 2060 2061 2033
f 2033 2061 2034
f 2063 2064 2062
f 2062 2064 2065
f 2066 2035 2067
f 2067 2035 2034
f 2069 2039 2068
f 2068 2039 2038
f 2025 2070 2023
f 2023 2070 2071
f 2072 2024 2071
f 2071 2024 2023
f 2074 2020 2073
f 2073 2020 2019
f 2050 2049 2047
f 2047 2049 2075
f 1983 2043 1990
f 1990 2043 1993
f 2006 2050 2007
f 2007 2050 2076
f 2050 2006 2051
f 2051 2006 2077
f 2079 2080 2078
f 2078 2080 2081
f 2082 2083 2085
f 2085 2083 2084
f 2010 2013 2086
f 2086 2013 2087
f 2089 2033 2088
f 2088 2033 2032
f 2090 2060 2089
f 2089 2060 2033
f 2092 2093 2091
f 2091 2093 2094
f 2096 1986 2095
f 2095 1986 2097
f 2097 1986 2022
f 2022 1986 1989
f 2015 2094 2016
f 2016 2094 2098
f 2016 2098 2100
f 2100 2098 2099
f 2017 2016 2101
f 2101 2016 2100
f 2017 2101 2026
f 2026 2101 2102
f 2100 2099 2104
f 2104 2099 2103
f 2104 2105 2100
f 2100 2105 2101
f 2105 2106 2101
f 2101 2106 2102
f 2108 2061 2107
f 2107 2061 2109
f 2111 2112 2110
f 2110 2112 2020
f 2020 2074 2110
f 2110 2074 2113
f 2115 2116 2114
f 2114 2116 2117
f 2118 2119 1995
f 1995 2119 2120
f 2121 2122 2027
f 2027 2122 2014
f 2047 2075 2044
f 2044 2075 2123
f 2124 2125 2127
f 2127 2125 2126
f 2129 2130 2128
f 2128 2130 2131
f 2132 2133 2057
f 2057 2133 2058
f 2134 1999 2136
f 2136 1999 2135
f 2055 2138 2137
f 2137 2138 2139
f 2141 2142 2140
f 2140 2142 2143
f 2083 2082 2064
f 2064 2082 2065
f 2082 2144 2065
f 2065 2144 2145
f 2040 2146 2041
f 2041 2146 2147
f 2060 2090 2148
f 2148 2090 2149
f 2048 2051 2137
f 2137 2051 2150
f 2151 1997 2135
f 2135 1997 1996
f 2152 2150 2077
f 2077 2150 2051
f 2046 2045 2118
f 2118 2045 2119
f 2154 2155 2153
f 2153 2155 2156
f 2158 2159 2157
f 2157 2159 2160
f 2162 2163 2161
f 2161 2163 2164
f 2164 2163 2165
f 2165 2163 2166
f 2168 2169 2167
f 2167 2169 2170
f 2003 2172 2171
f 2171 2172 2173
f 2174 2175 2002
f 2002 2175 2176
f 2145 2177 2065
f 2065 2177 2062
f 2178 2179 2180
f 2180 2179 2134
f 2181 2052 2152
f 2152 2052 2150
f 2040 2127 2146
f 2146 2127 2182
f 2130 2162 2131
f 2131 2162 2161
f 2052 2055 2150
f 2150 2055 2137
f 2184 2185 2183
f 2183 2185 2186
f 2159 2030 2160
f 2160 2030 2187
f 2146 2182 2029
f 2029 2182 2188
f 2189 2190 2192
f 2192 2190 2191
f 2172 2003 2176
f 2176 2003 2002
f 1998 2151 1999
f 1999 2151 2135
f 2177 2172 2062
f 2062 2172 2176
f 2172 2177 2173
f 2173 2177 2193
f 2063 2194 2064
f 2064 2194 2195
f 2066 2197 2196
f 2196 2197 2198
f 2002 2005 2174
f 2174 2005 2199
f 2004 2003 2200
f 2200 2003 2171
f 2198 2201 2171
f 2171 2201 2200
f 2197 2202 2198
f 2198 2202 2201
f 2202 2197 2203
f 2203 2197 2204
f 2196 2198 2173
f 2173 2198 2171
f 2205 2069 2170
f 2170 2069 2206
f 2197 2066 2204
f 2204 2066 2067
f 2107 2207 2108
f 2108 2207 2208
f 2210 2208 2209
f 2209 2208 2207
f 2185 2211 2212
f 2213 2214 2211
f 2211 2214 2212
f 1998 2001 2213
f 2213 2001 2214
f 2134 2215 1999
f 1999 2215 2000
f 2216 2217 2219
f 2219 2217 2218
f 2206 2220 2170
f 2170 2220 2167
f 2069 2068 2206
f 2206 2068 2221
f 2151 1998 2222
f 2222 1998 2213
f 2124 2039 2205
f 2205 2039 2069
f 2142 2223 2143
f 2143 2223 2128
f 2203 2186 2202
f 2202 2186 2185
f 2185 2184 2211
f 2211 2184 2224
f 2224 2225 2222
f 2222 2225 2226
f 2071 2227 2072
f 2072 2227 2228
f 2229 2074 2230
f 2230 2074 2073
f 2074 2229 2113
f 2113 2229 2231
f 2232 2225 2227
f 2227 2225 2224
f 2233 2234 2031
f 2031 2234 2028
f 2236 2231 2235
f 2235 2231 2229
f 2230 2183 2229
f 2229 2183 2235
f 2237 1987 2096
f 2096 1987 1986
f 2152 2238 2181
f 2181 2238 2239
f 2080 2240 2081
f 2081 2240 2241
f 2236 2242 1971
f 1971 2242 1970
f 1925 2113 1923
f 1923 2113 2231
f 2110 1927 2111
f 2111 1927 1928
f 2103 2111 1931
f 1931 2111 1928
f 1931 2243 2103
f 2103 2243 2104
f 2105 2104 2244
f 2244 2104 2243
f 1939 1980 2148
f 2148 1980 2109
f 1980 1944 2109
f 2109 1944 2107
f 1946 2245 2207
f 2207 2245 2209
f 2245 1970 2209
f 2209 1970 2242
f 2231 2236 1923
f 1923 2236 1971
f 2113 1925 2110
f 2110 1925 1927
f 2234 2246 2028
f 2028 2246 2147
f 2247 2248 2058
f 2058 2248 2059
f 2114 2117 2249
f 2249 2117 2250
f 2252 2253 2251
f 2251 2253 2254
f 2094 2015 2091
f 2091 2015 2255
f 2256 2255 2014
f 2014 2255 2015
f 2257 2145 2258
f 2258 2145 2144
f 2131 2161 2123
f 2123 2161 2044
f 2045 2044 2164
f 2164 2044 2161
f 2045 2164 2119
f 2119 2164 2165
f 2259 2120 2165
f 2165 2120 2119
f 2260 2261 2259
f 2259 2261 2120
f 2205 2262 2124
f 2124 2262 2125
f 2180 2263 2178
f 2178 2263 2264
f 2265 2266 2092
f 2092 2266 2093
f 1992 2267 2268
f 2184 2228 2224
f 2224 2228 2227
f 2048 2269 2049
f 2049 2269 2141
f 2129 2168 2157
f 2157 2168 2167
f 2049 2141 2075
f 2075 2141 2140
f 2199 2215 2270
f 2270 2215 2271
f 2142 2141 2272
f 2272 2141 2269
f 2089 2026 2090
f 2090 2026 2102
f 2146 2029 2147
f 2147 2029 2028
f 2111 2103 2112
f 2112 2103 2099
f 2061 2060 2109
f 2109 2060 2148
f 2273 2274 2041
f 2041 2274 2038
f 2260 2275 2261
f 2261 2275 2136
f 2057 2138 2132
f 2132 2138 2276
f 2272 2269 2056
f 2056 2269 2139
f 2277 2278 2270
f 2270 2278 2199
f 2029 2188 2030
f 2030 2188 2187
f 2040 2039 2127
f 2127 2039 2124
f 2064 2195 2083
f 2083 2195 2279
f 2056 2139 2057
f 2057 2139 2138
f 2278 2277 2247
f 2247 2277 2248
f 2062 2176 2063
f 2063 2176 2175
f 2280 2210 2242
f 2242 2210 2209
f 2282 2233 2281
f 2281 2233 2031
f 2216 2219 2283
f 2283 2219 2221
f 2158 2220 2218
f 2218 2220 2219
f 2217 2282 2218
f 2218 2282 2281
f 2220 2158 2167
f 2167 2158 2157
f 2223 2264 2128
f 2128 2264 2263
f 2261 1996 2120
f 2120 1996 1995
f 2213 2211 2222
f 2222 2211 2224
f 2283 2221 2284
f 2284 2221 2068
f 2135 1996 2136
f 2136 1996 2261
f 2144 2081 2258
f 2258 2081 2241
f 2235 2280 2236
f 2236 2280 2242
f 2246 2273 2147
f 2147 2273 2041
f 2036 2285 2032
f 2032 2285 2088
f 2077 2286 2152
f 2152 2286 2238
f 1937 1960 1973
f 1973 1960 1959
f 2070 2232 2071
f 2071 2232 2227
f 2244 2287 2105
f 2105 2287 2106
f 1936 1939 2149
f 2149 1939 2148
f 1944 1946 2107
f 2107 1946 2207
f 2285 2121 2088
f 2088 2121 2027
f 2253 2249 2254
f 2254 2249 2250
f 2006 2009 2077
f 2077 2009 2286
f 2289 2086 2288
f 2288 2086 2087
f 2223 2142 2290
f 2290 2142 2272
f 2128 2131 2143
f 2143 2131 2123
f 2156 2291 2153
f 2153 2291 2175
f 2292 2293 2278
f 2278 2293 2294
f 2075 2140 2123
f 2123 2140 2143
f 2262 2169 2275
f 2275 2169 2180
f 2275 2180 2136
f 2136 2180 2134
f 2274 2284 2038
f 2038 2284 2068
f 2127 2126 2182
f 2182 2126 2166
f 2094 2093 2098
f 2098 2093 2021
f 2098 2021 2099
f 2099 2021 2112
f 2018 2021 2266
f 2266 2021 2093
f 2251 2289 2252
f 2252 2289 2288
f 1997 2151 2226
f 2226 2151 2222
f 2206 2221 2220
f 2220 2221 2219
f 2269 2048 2139
f 2139 2048 2137
f 2159 2158 2281
f 2281 2158 2218
f 2156 2155 2190
f 2190 2155 2191
f 1974 1965 1583
f 1583 1965 1751
f 2088 2027 2089
f 2089 2027 2026
f 2030 2159 2031
f 2031 2159 2281
f 2106 2149 2102
f 2102 2149 2090
f 2287 1936 2106
f 2106 1936 2149
f 2293 2154 2294
f 2294 2154 2153
f 2021 2020 2112
f 2247 2295 2278
f 2278 2295 2292
f 2284 2296 2283
f 2283 2296 2297
f 2298 2296 2274
f 2274 2296 2284
f 2273 2299 2274
f 2274 2299 2298
f 2246 2300 2273
f 2273 2300 2299
f 2283 2297 2216
f 2216 2297 2301
f 2216 2301 2217
f 2217 2301 2302
f 2302 2303 2217
f 2217 2303 2282
f 2304 2301 2305
f 2305 2301 2297
f 2307 2308 2306
f 2306 2308 2309
f 2306 2310 2307
f 2307 2310 2311
f 2307 2312 2308
f 2308 2312 2313
f 2314 2315 2312
f 2312 2315 2316
f 2316 2317 2312
f 2312 2317 2313
f 2317 2305 2313
f 2313 2305 2318
f 2314 2312 2311
f 2311 2312 2307
f 2319 2320 2322
f 2322 2320 2321
f 2322 2311 2319
f 2319 2311 2310
f 2313 2318 2308
f 2308 2318 2309
f 2296 2298 2318
f 2318 2298 2309
f 2309 2298 2323
f 2323 2298 2299
f 2306 2309 2324
f 2324 2309 2323
f 2310 2306 2325
f 2325 2306 2324
f 2296 2318 2297
f 2297 2318 2305
f 2319 2310 2326
f 2326 2310 2325
f 2328 2325 2327
f 2327 2325 2324
f 2325 2328 2326
f 2326 2328 2329
f 2331 2328 2330
f 2330 2328 2327
f 2332 2333 2327
f 2327 2333 2330
f 2328 2331 2329
f 2329 2331 2334
f 2324 2323 2327
f 2327 2323 2332
f 2300 2332 2299
f 2299 2332 2323
f 2326 2335 2319
f 2319 2335 2320
f 2305 2317 2336
f 2336 2317 2316
f 2336 2316 2337
f 2337 2316 2315
f 2338 2304 2336
f 2336 2304 2305
f 2337 2339 2336
f 2336 2339 2338
f 2337 2315 2341
f 2341 2315 2340
f 2342 2300 2234
f 2234 2300 2246
f 2303 2343 2282
f 2282 2343 2233
f 2234 2233 2342
f 2342 2233 2343
f 2342 2343 2333
f 2333 2343 2344
f 2333 2344 2330
f 2330 2344 2345
f 2346 2344 2303
f 2303 2344 2343
f 2332 2300 2333
f 2333 2300 2342
f 2347 2346 2302
f 2302 2346 2303
f 2301 2304 2302
f 2302 2304 2347
f 2304 2338 2347
f 2347 2338 2348
f 2348 2349 2347
f 2347 2349 2346
f 2350 2351 2348
f 2348 2351 2349
f 2349 2345 2346
f 2346 2345 2344
f 2345 2349 2352
f 2352 2349 2351
f 2338 2339 2348
f 2348 2339 2350
f 2350 2339 2353
f 2353 2339 2354
f 2356 2357 2355
f 2355 2357 2353
f 2351 2350 2357
f 2357 2350 2353
f 2353 2354 2355
f 2355 2354 2335
f 2320 2335 2341
f 2341 2335 2354
f 2339 2337 2354
f 2354 2337 2341
f 2352 2331 2345
f 2345 2331 2330
f 2356 2334 2352
f 2352 2334 2331
f 2356 2352 2357
f 2357 2352 2351
f 2355 2329 2356
f 2356 2329 2334
f 2335 2326 2355
f 2355 2326 2329
f 2321 2314 2322
f 2322 2314 2311
f 2321 2320 2340
f 2340 2320 2341
f 2315 2314 2340
f 2340 2314 2321
f 2125 2260 2126
f 2126 2260 2259
f 2157 2160 2129
f 2129 2160 2130
f 2188 2163 2187
f 2187 2163 2162
f 2182 2166 2188
f 2188 2166 2163
f 2180 2169 2263
f 2263 2169 2168
f 2160 2187 2130
f 2130 2187 2162
f 2275 2260 2262
f 2262 2260 2125
f 2128 2263 2129
f 2129 2263 2168
f 2262 2205 2169
f 2169 2205 2170
f 2165 2166 2259
f 2259 2166 2126
f 2359 2360 2358
f 2358 2360 2361
f 2363 2364 2362
f 2362 2364 2365
f 2367 2363 2366
f 2366 2363 2362
f 2368 2369 2371
f 2371 2369 2370
f 2372 2373 2248
f 2248 2373 2059
f 2364 2374 2365
f 2365 2374 2375
f 2377 2378 2376
f 2376 2378 2379
f 2290 2380 2223
f 2223 2380 2381
f 2223 2381 2264
f 2264 2381 2382
f 2384 2385 2383
f 2383 2385 2386
f 2364 2371 2374
f 2374 2371 2387
f 2059 2373 2290
f 2290 2373 2380
f 2378 2360 2379
f 2379 2360 2388
f 2374 2387 2359
f 2359 2387 2389
f 2390 2367 2386
f 2386 2367 2391
f 2393 2394 2392
f 2392 2394 2395
f 2386 2391 2383
f 2383 2391 2396
f 2367 2366 2391
f 2391 2366 2397
f 2363 2367 2368
f 2368 2367 2390
f 2398 2399 2361
f 2361 2399 2358
f 2399 2400 2358
f 2358 2400 2375
f 2390 2401 2368
f 2368 2401 2369
f 2372 2384 2376
f 2376 2384 2383
f 2374 2359 2375
f 2375 2359 2358
f 2402 2403 2365
f 2365 2403 2362
f 2359 2389 2360
f 2360 2389 2388
f 2364 2363 2371
f 2371 2363 2368
f 2405 2398 2404
f 2404 2398 2361
f 2392 2395 2406
f 2406 2395 2397
f 2377 2396 2394
f 2394 2396 2395
f 2394 2393 2404
f 2404 2393 2405
f 2396 2377 2383
f 2383 2377 2376
f 2406 2397 2407
f 2407 2397 2366
f 2400 2402 2375
f 2375 2402 2365
f 2385 2270 2401
f 2401 2270 2271
f 2403 2407 2362
f 2362 2407 2366
f 2371 2370 2387
f 2387 2370 2382
f 2391 2397 2396
f 2396 2397 2395
f 2378 2377 2404
f 2404 2377 2394
f 2360 2378 2361
f 2361 2378 2404
f 2407 2408 2406
f 2406 2408 2409
f 2410 2408 2403
f 2403 2408 2407
f 2411 2410 2402
f 2402 2410 2403
f 2412 2411 2400
f 2400 2411 2402
f 2406 2409 2392
f 2392 2409 2413
f 2392 2413 2393
f 2393 2413 2414
f 2415 2405 2414
f 2414 2405 2393
f 2416 2413 2417
f 2417 2413 2409
f 2419 2420 2418
f 2418 2420 2421
f 2420 2422 2421
f 2421 2422 2423
f 2420 2424 2422
f 2422 2424 2425
f 2426 2427 2424
f 2424 2427 2428
f 2428 2429 2424
f 2424 2429 2425
f 2426 2424 2419
f 2419 2424 2420
f 2419 2418 2431
f 2431 2418 2430
f 2425 2432 2422
f 2422 2432 2423
f 2408 2410 2432
f 2432 2410 2423
f 2423 2410 2433
f 2433 2410 2411
f 2421 2423 2434
f 2434 2423 2433
f 2435 2418 2434
f 2434 2418 2421
f 2429 2417 2425
f 2425 2417 2432
f 2408 2432 2409
f 2409 2432 2417
f 2418 2435 2430
f 2430 2435 2436
f 2438 2435 2437
f 2437 2435 2434
f 2435 2438 2436
f 2436 2438 2439
f 2441 2438 2440
f 2440 2438 2437
f 2442 2443 2437
f 2437 2443 2440
f 2439 2438 2444
f 2444 2438 2441
f 2433 2442 2434
f 2434 2442 2437
f 2412 2442 2411
f 2411 2442 2433
f 2436 2445 2430
f 2430 2445 2446
f 2430 2446 2431
f 2431 2446 2447
f 2417 2429 2448
f 2448 2429 2428
f 2427 2449 2428
f 2428 2449 2448
f 2450 2416 2448
f 2448 2416 2417
f 2451 2450 2449
f 2449 2450 2448
f 2427 2452 2449
f 2449 2452 2453
f 2447 2446 2452
f 2452 2446 2453
f 2454 2412 2399
f 2399 2412 2400
f 2415 2455 2405
f 2405 2455 2398
f 2399 2398 2454
f 2454 2398 2455
f 2454 2455 2443
f 2443 2455 2456
f 2443 2456 2440
f 2440 2456 2457
f 2458 2456 2415
f 2415 2456 2455
f 2443 2442 2454
f 2454 2442 2412
f 2459 2458 2414
f 2414 2458 2415
f 2413 2416 2414
f 2414 2416 2459
f 2459 2416 2460
f 2460 2416 2450
f 2460 2461 2459
f 2459 2461 2458
f 2462 2463 2460
f 2460 2463 2461
f 2461 2457 2458
f 2458 2457 2456
f 2457 2461 2464
f 2464 2461 2463
f 2451 2462 2450
f 2450 2462 2460
f 2462 2451 2465
f 2465 2451 2466
f 2468 2469 2467
f 2467 2469 2465
f 2463 2462 2469
f 2469 2462 2465
f 2465 2466 2467
f 2467 2466 2445
f 2446 2445 2453
f 2453 2445 2466
f 2451 2449 2466
f 2466 2449 2453
f 2464 2441 2457
f 2457 2441 2440
f 2468 2444 2464
f 2464 2444 2441
f 2468 2464 2469
f 2469 2464 2463
f 2467 2439 2468
f 2468 2439 2444
f 2445 2436 2467
f 2467 2436 2439
f 2447 2426 2431
f 2431 2426 2419
f 2427 2426 2452
f 2452 2426 2447
f 2369 2179 2370
f 2370 2179 2178
f 2376 2379 2372
f 2372 2379 2373
f 2389 2381 2388
f 2388 2381 2380
f 2387 2382 2389
f 2389 2382 2381
f 2270 2385 2277
f 2277 2385 2384
f 2379 2388 2373
f 2373 2388 2380
f 2401 2271 2369
f 2369 2271 2179
f 2248 2277 2372
f 2372 2277 2384
f 2401 2390 2385
f 2385 2390 2386
f 2264 2382 2178
f 2178 2382 2370
f 2215 2134 2271
f 2271 2134 2179
f 2005 2000 2199
f 2199 2000 2215
f 2004 2001 2005
f 2005 2001 2000
f 2200 2214 2004
f 2004 2214 2001
f 2470 2471 2473
f 2473 2471 2472
f 2475 2476 2474
f 2474 2476 2477
f 2479 2475 2478
f 2478 2475 2474
f 2481 2482 2480
f 2480 2482 2483
f 2476 2484 2477
f 2477 2484 2485
f 2487 2488 2486
f 2486 2488 2489
f 2133 2490 2058
f 2058 2490 2491
f 2058 2491 2247
f 2247 2491 2492
f 2494 2495 2493
f 2493 2495 2496
f 2476 2483 2484
f 2484 2483 2497
f 2472 2498 2488
f 2488 2498 2489
f 2484 2497 2471
f 2471 2497 2499
f 2500 2479 2496
f 2496 2479 2501
f 2502 2503 2505
f 2505 2503 2504
f 2496 2501 2493
f 2493 2501 2506
f 2479 2478 2501
f 2501 2478 2507
f 2475 2479 2480
f 2480 2479 2500
f 2508 2509 2473
f 2473 2509 2470
f 2509 2510 2470
f 2470 2510 2485
f 2511 2481 2500
f 2500 2481 2480
f 2512 2494 2486
f 2486 2494 2493
f 2485 2484 2470
f 2470 2484 2471
f 2513 2514 2477
f 2477 2514 2474
f 2471 2499 2472
f 2472 2499 2498
f 2476 2475 2483
f 2483 2475 2480
f 2516 2508 2515
f 2515 2508 2473
f 2502 2505 2517
f 2517 2505 2507
f 2504 2487 2505
f 2505 2487 2506
f 2503 2516 2504
f 2504 2516 2515
f 2506 2487 2493
f 2493 2487 2486
f 2517 2507 2518
f 2518 2507 2478
f 2510 2513 2485
f 2485 2513 2477
f 2511 2495 2293
f 2293 2495 2154
f 2514 2518 2474
f 2474 2518 2478
f 2483 2482 2497
f 2497 2482 2492
f 2501 2507 2506
f 2506 2507 2505
f 2488 2487 2515
f 2515 2487 2504
f 2472 2488 2473
f 2473 2488 2515
f 2518 2519 2517
f 2517 2519 2520
f 2521 2519 2514
f 2514 2519 2518
f 2522 2521 2513
f 2513 2521 2514
f 2523 2522 2510
f 2510 2522 2513
f 2517 2520 2502
f 2502 2520 2524
f 2502 2524 2503
f 2503 2524 2525
f 2525 2526 2503
f 2503 2526 2516
f 2527 2524 2528
f 2528 2524 2520
f 2530 2531 2529
f 2529 2531 2532
f 2531 2533 2532
f 2532 2533 2534
f 2531 2535 2533
f 2533 2535 2536
f 2537 2538 2535
f 2535 2538 2539
f 2539 2540 2535
f 2535 2540 2536
f 2537 2535 2530
f 2530 2535 2531
f 2529 2541 2530
f 2530 2541 2542
f 2543 2534 2536
f 2536 2534 2533
f 2519 2521 2543
f 2543 2521 2534
f 2534 2521 2544
f 2544 2521 2522
f 2532 2534 2545
f 2545 2534 2544
f 2529 2532 2546
f 2546 2532 2545
f 2536 2540 2543
f 2543 2540 2528
f 2519 2543 2520
f 2520 2543 2528
f 2541 2529 2547
f 2547 2529 2546
f 2548 2549 2545
f 2545 2549 2546
f 2549 2550 2546
f 2546 2550 2547
f 2551 2552 2548
f 2548 2552 2549
f 2548 2553 2551
f 2551 2553 2554
f 2550 2549 2555
f 2555 2549 2552
f 2545 2544 2548
f 2548 2544 2553
f 2523 2553 2522
f 2522 2553 2544
f 2547 2556 2541
f 2541 2556 2557
f 2541 2557 2542
f 2542 2557 2558
f 2528 2540 2559
f 2559 2540 2539
f 2538 2560 2539
f 2539 2560 2559
f 2561 2527 2559
f 2559 2527 2528
f 2560 2562 2559
f 2559 2562 2561
f 2560 2538 2564
f 2564 2538 2563
f 2558 2557 2563
f 2563 2557 2564
f 2565 2523 2509
f 2509 2523 2510
f 2526 2566 2516
f 2516 2566 2508
f 2509 2508 2565
f 2565 2508 2566
f 2565 2566 2554
f 2554 2566 2567
f 2554 2567 2551
f 2551 2567 2568
f 2569 2567 2526
f 2526 2567 2566
f 2553 2523 2554
f 2554 2523 2565
f 2570 2569 2525
f 2525 2569 2526
f 2524 2527 2525
f 2525 2527 2570
f 2527 2561 2570
f 2570 2561 2571
f 2571 2572 2570
f 2570 2572 2569
f 2573 2574 2571
f 2571 2574 2572
f 2572 2568 2569
f 2569 2568 2567
f 2568 2572 2575
f 2575 2572 2574
f 2562 2573 2561
f 2561 2573 2571
f 2573 2562 2576
f 2576 2562 2577
f 2579 2580 2578
f 2578 2580 2576
f 2574 2573 2580
f 2580 2573 2576
f 2576 2577 2578
f 2578 2577 2556
f 2557 2556 2564
f 2564 2556 2577
f 2562 2560 2577
f 2577 2560 2564
f 2575 2552 2568
f 2568 2552 2551
f 2579 2555 2575
f 2575 2555 2552
f 2579 2575 2580
f 2580 2575 2574
f 2550 2555 2578
f 2578 2555 2579
f 2556 2547 2578
f 2578 2547 2550
f 2558 2537 2542
f 2542 2537 2530
f 2538 2537 2563
f 2563 2537 2558
f 2292 2295 2481
f 2481 2295 2482
f 2486 2489 2512
f 2512 2489 2581
f 2499 2491 2498
f 2498 2491 2490
f 2497 2492 2499
f 2499 2492 2491
f 2155 2154 2494
f 2494 2154 2495
f 2581 2489 2490
f 2490 2489 2498
f 2293 2292 2511
f 2511 2292 2481
f 2191 2155 2512
f 2512 2155 2494
f 2500 2496 2511
f 2511 2496 2495
f 2247 2492 2295
f 2295 2492 2482
f 2583 2584 2582
f 2582 2584 2585
f 2587 2588 2586
f 2586 2588 2589
f 2591 2587 2590
f 2590 2587 2586
f 2593 2594 2592
f 2592 2594 2595
f 2596 2597 2599
f 2599 2597 2598
f 2588 2600 2589
f 2589 2600 2601
f 2602 2603 2605
f 2605 2603 2604
f 2606 2607 2609
f 2609 2607 2608
f 2609 2608 2190
f 2190 2608 2610
f 2611 2612 2614
f 2614 2612 2613
f 2600 2588 2615
f 2615 2588 2595
f 2599 2598 2606
f 2606 2598 2607
f 2584 2616 2604
f 2604 2616 2605
f 2600 2615 2583
f 2583 2615 2617
f 2591 2619 2618
f 2618 2619 2614
f 2621 2622 2620
f 2620 2622 2623
f 2619 2624 2614
f 2614 2624 2611
f 2591 2590 2619
f 2619 2590 2625
f 2587 2591 2592
f 2592 2591 2618
f 2626 2627 2585
f 2585 2627 2582
f 2627 2628 2582
f 2582 2628 2601
f 2629 2593 2618
f 2618 2593 2592
f 2602 2597 2611
f 2611 2597 2612
f 2600 2583 2601
f 2601 2583 2582
f 2630 2631 2589
f 2589 2631 2586
f 2583 2617 2584
f 2584 2617 2616
f 2588 2587 2595
f 2595 2587 2592
f 2633 2626 2632
f 2632 2626 2585
f 2620 2623 2634
f 2634 2623 2625
f 2622 2603 2623
f 2623 2603 2624
f 2621 2633 2622
f 2622 2633 2632
f 2611 2624 2602
f 2602 2624 2603
f 2634 2625 2635
f 2635 2625 2590
f 2628 2630 2601
f 2601 2630 2589
f 2613 2195 2629
f 2629 2195 2194
f 2631 2635 2586
f 2586 2635 2590
f 2595 2594 2615
f 2615 2594 2610
f 2619 2625 2624
f 2624 2625 2623
f 2632 2604 2622
f 2622 2604 2603
f 2585 2584 2632
f 2632 2584 2604
f 2635 2636 2634
f 2634 2636 2637
f 2638 2636 2631
f 2631 2636 2635
f 2639 2638 2630
f 2630 2638 2631
f 2640 2639 2628
f 2628 2639 2630
f 2634 2637 2620
f 2620 2637 2641
f 2620 2641 2621
f 2621 2641 2642
f 2642 2643 2621
f 2621 2643 2633
f 2641 2637 2644
f 2644 2637 2645
f 2646 2647 2649
f 2649 2647 2648
f 2648 2650 2649
f 2649 2650 2651
f 2648 2652 2650
f 2650 2652 2653
f 2652 2654 2656
f 2656 2654 2655
f 2656 2657 2652
f 2652 2657 2653
f 2654 2652 2647
f 2647 2652 2648
f 2647 2646 2659
f 2659 2646 2658
f 2660 2651 2653
f 2653 2651 2650
f 2636 2638 2660
f 2660 2638 2651
f 2651 2638 2661
f 2661 2638 2639
f 2651 2661 2649
f 2649 2661 2662
f 2663 2646 2662
f 2662 2646 2649
f 2653 2657 2660
f 2660 2657 2645
f 2636 2660 2637
f 2637 2660 2645
f 2646 2663 2658
f 2658 2663 2664
f 2665 2666 2662
f 2662 2666 2663
f 2666 2667 2663
f 2663 2667 2664
f 2668 2669 2665
f 2665 2669 2666
f 2665 2670 2668
f 2668 2670 2671
f 2667 2666 2672
f 2672 2666 2669
f 2662 2661 2665
f 2665 2661 2670
f 2640 2670 2639
f 2639 2670 2661
f 2673 2674 2664
f 2664 2674 2658
f 2658 2674 2659
f 2659 2674 2675
f 2645 2657 2676
f 2676 2657 2656
f 2677 2676 2655
f 2655 2676 2656
f 2676 2678 2645
f 2645 2678 2644
f 2677 2679 2676
f 2676 2679 2678
f 2655 2680 2677
f 2677 2680 2681
f 2675 2674 2680
f 2680 2674 2681
f 2682 2640 2627
f 2627 2640 2628
f 2643 2683 2633
f 2633 2683 2626
f 2682 2627 2683
f 2683 2627 2626
f 2683 2684 2682
f 2682 2684 2671
f 2684 2685 2671
f 2671 2685 2668
f 2686 2684 2643
f 2643 2684 2683
f 2670 2640 2671
f 2671 2640 2682
f 2687 2686 2642
f 2642 2686 2643
f 2642 2641 2687
f 2687 2641 2644
f 2687 2644 2688
f 2688 2644 2678
f 2688 2689 2687
f 2687 2689 2686
f 2690 2691 2688
f 2688 2691 2689
f 2689 2685 2686
f 2686 2685 2684
f 2685 2689 2692
f 2692 2689 2691
f 2679 2690 2678
f 2678 2690 2688
f 2690 2679 2693
f 2693 2679 2694
f 2696 2697 2695
f 2695 2697 2693
f 2691 2690 2697
f 2697 2690 2693
f 2693 2694 2695
f 2695 2694 2673
f 2674 2673 2681
f 2681 2673 2694
f 2679 2677 2694
f 2694 2677 2681
f 2685 2692 2668
f 2668 2692 2669
f 2696 2672 2692
f 2692 2672 2669
f 2696 2692 2697
f 2697 2692 2691
f 2695 2667 2696
f 2696 2667 2672
f 2673 2664 2695
f 2695 2664 2667
f 2675 2654 2659
f 2659 2654 2647
f 2655 2654 2680
f 2680 2654 2675
f 2291 2156 2593
f 2593 2156 2594
f 2597 2602 2598
f 2598 2602 2605
f 2616 2617 2607
f 2607 2617 2608
f 2615 2610 2617
f 2617 2610 2608
f 2597 2596 2612
f 2612 2596 2698
f 2598 2605 2607
f 2607 2605 2616
f 2194 2291 2629
f 2629 2291 2593
f 2629 2618 2613
f 2613 2618 2614
f 2190 2610 2156
f 2156 2610 2594
f 2700 2010 2699
f 2699 2010 2086
f 2267 2701 2116
f 2116 2701 2702
f 2116 2702 2117
f 2117 2702 2703
f 2704 2705 2250
f 2250 2705 2254
f 2011 2706 2267
f 2267 2706 2701
f 2699 2086 2707
f 2707 2086 2289
f 2010 2700 2011
f 2011 2700 2706
f 2708 2707 2251
f 2251 2707 2289
f 2703 2704 2117
f 2117 2704 2250
f 2705 2708 2254
f 2254 2708 2251
f 2709 2710 2708
f 2708 2710 2707
f 2711 2709 2705
f 2705 2709 2708
f 2712 2711 2704
f 2704 2711 2705
f 2713 2712 2703
f 2703 2712 2704
f 2707 2710 2699
f 2699 2710 2714
f 2699 2714 2700
f 2700 2714 2715
f 2716 2706 2715
f 2715 2706 2700
f 2714 2710 2717
f 2717 2710 2718
f 2720 2721 2719
f 2719 2721 2722
f 2721 2723 2722
f 2722 2723 2724
f 2721 2725 2723
f 2723 2725 2726
f 2727 2728 2725
f 2725 2728 2726
f 2729 2725 2720
f 2720 2725 2721
f 2731 2729 2730
f 2730 2729 2720
f 2719 2732 2720
f 2720 2732 2730
f 2726 2733 2723
f 2723 2733 2724
f 2709 2711 2733
f 2733 2711 2724
f 2724 2711 2734
f 2734 2711 2712
f 2722 2724 2735
f 2735 2724 2734
f 2719 2722 2736
f 2736 2722 2735
f 2726 2728 2733
f 2733 2728 2718
f 2709 2733 2710
f 2710 2733 2718
f 2732 2719 2737
f 2737 2719 2736
f 2738 2739 2735
f 2735 2739 2736
f 2739 2740 2736
f 2736 2740 2737
f 2741 2742 2738
f 2738 2742 2739
f 2738 2743 2741
f 2741 2743 2744
f 2740 2739 2745
f 2745 2739 2742
f 2735 2734 2738
f 2738 2734 2743
f 2713 2743 2712
f 2712 2743 2734
f 2737 2746 2732
f 2732 2746 2747
f 2732 2747 2730
f 2730 2747 2731
f 2718 2728 2748
f 2748 2728 2727
f 2749 2750 2727
f 2727 2750 2748
f 2748 2751 2718
f 2718 2751 2717
f 2750 2752 2748
f 2748 2752 2751
f 2750 2749 2754
f 2754 2749 2753
f 2731 2747 2753
f 2753 2747 2754
f 2727 2725 2749
f 2749 2725 2729
f 2749 2729 2753
f 2753 2729 2731
f 2702 2755 2703
f 2703 2755 2713
f 2706 2716 2701
f 2701 2716 2756
f 2755 2702 2756
f 2756 2702 2701
f 2756 2757 2755
f 2755 2757 2744
f 2757 2758 2744
f 2744 2758 2741
f 2759 2757 2716
f 2716 2757 2756
f 2743 2713 2744
f 2744 2713 2755
f 2760 2759 2715
f 2715 2759 2716
f 2715 2714 2760
f 2760 2714 2717
f 2760 2717 2761
f 2761 2717 2751
f 2761 2762 2760
f 2760 2762 2759
f 2763 2764 2761
f 2761 2764 2762
f 2762 2758 2759
f 2759 2758 2757
f 2758 2762 2765
f 2765 2762 2764
f 2752 2763 2751
f 2751 2763 2761
f 2763 2752 2766
f 2766 2752 2767
f 2768 2769 2766
f 2766 2769 2770
f 2764 2763 2770
f 2770 2763 2766
f 2766 2767 2768
f 2768 2767 2746
f 2747 2746 2754
f 2754 2746 2767
f 2752 2750 2767
f 2767 2750 2754
f 2758 2765 2741
f 2741 2765 2742
f 2769 2745 2765
f 2765 2745 2742
f 2769 2765 2770
f 2770 2765 2764
f 2768 2740 2769
f 2769 2740 2745
f 2746 2737 2768
f 2768 2737 2740
f 2201 2212 2200
f 2200 2212 2214
f 2201 2202 2212
f 2212 2202 2185
f 2512 2581 2191
f 2191 2581 2192
f 2059 2290 2056
f 2056 2290 2272
f 2174 2199 2294
f 2294 2199 2278
f 2063 2175 2194
f 2194 2175 2291
f 2192 2581 2133
f 2133 2581 2490
f 2133 2132 2192
f 2192 2132 2189
f 2054 2276 2055
f 2055 2276 2138
f 2083 2279 2084
f 2084 2279 2771
f 2771 2279 2599
f 2599 2279 2596
f 2606 2772 2599
f 2599 2772 2771
f 2772 2773 2771
f 2771 2773 2084
f 2773 2774 2084
f 2084 2774 2085
f 2085 2775 2082
f 2082 2775 2144
f 2774 2078 2085
f 2085 2078 2775
f 2078 2774 2079
f 2079 2774 2776
f 2774 2773 2776
f 2776 2773 2777
f 2773 2772 2777
f 2777 2772 2778
f 2190 2189 2609
f 2609 2189 2778
f 2053 2052 2779
f 2779 2052 2181
f 2144 2775 2081
f 2081 2775 2078
f 2294 2153 2174
f 2174 2153 2175
f 2132 2276 2189
f 2189 2276 2778
f 2606 2609 2772
f 2772 2609 2778
f 2195 2613 2698
f 2698 2613 2612
f 2596 2279 2698
f 2698 2279 2195
f 2054 2777 2276
f 2276 2777 2778
f 2777 2054 2776
f 2776 2054 2053
f 2053 2779 2776
f 2776 2779 2079
f 2779 2181 2079
f 2079 2181 2080
f 2181 2239 2080
f 2080 2239 2240
f 2122 2256 2014
f 2042 1982 2076
f 2076 1982 2007
f 1982 1985 2007
f 2007 1985 2008
f 2095 2097 2265
f 2265 2097 2266
f 2076 2050 2042
f 2042 2050 2047
f 2046 2043 2047
f 2047 2043 2042
f 2118 1993 2046
f 2046 1993 2043
f 1995 1994 2118
f 2118 1994 1993
f 2267 1992 2011
f 2011 1992 2012
f 1997 2012 1994
f 1994 2012 1992
f 2226 2013 1997
f 1997 2013 2012
f 2225 2087 2226
f 2226 2087 2013
f 2225 2232 2087
f 2087 2232 2288
f 2232 2070 2288
f 2288 2070 2252
f 2070 2025 2252
f 2252 2025 2253
f 1988 2249 2025
f 2025 2249 2253
f 2116 2115 2267
f 2267 2115 2268
f 2096 1984 2237
f 2237 1984 1991
f 2095 1985 2096
f 2096 1985 1984
f 2265 2008 2095
f 2095 2008 1985
f 2092 2009 2265
f 2265 2009 2008
f 2091 2286 2092
f 2092 2286 2009
f 2255 2238 2091
f 2091 2238 2286
f 2256 2239 2255
f 2255 2239 2238
f 2122 2240 2256
f 2256 2240 2239
f 2121 2241 2122
f 2122 2241 2240
f 2022 2018 2097
f 2097 2018 2266
f 2022 2024 2018
f 2018 2024 2019
f 2024 2072 2019
f 2019 2072 2073
f 2072 2228 2073
f 2073 2228 2230
f 2228 2184 2230
f 2230 2184 2183
f 2121 2285 2241
f 2241 2285 2258
f 2285 2036 2258
f 2258 2036 2257
f 2177 2145 2193
f 2193 2145 2257
f 2173 2193 2196
f 2196 2193 2037
f 2036 2037 2257
f 2257 2037 2193
f 2196 2037 2066
f 2066 2037 2035
f 2061 2108 2034
f 2034 2108 2067
f 2108 2208 2067
f 2067 2208 2204
f 2208 2210 2204
f 2204 2210 2203
f 2210 2280 2203
f 2203 2280 2186
f 2183 2186 2235
f 2235 2186 2280
f 1987 2114 1988
f 1988 2114 2249
f 2237 2115 1987
f 1987 2115 2114
f 1991 2268 2237
f 2237 2268 2115
f 1991 1990 2268
f 2268 1990 1992
f 107 110 2781
f 2781 110 2780
f 117 2782 118
f 118 2782 2783
f 119 2784 120
f 120 2784 2785
f 125 2786 126
f 126 2786 2787
f 127 2788 128
f 128 2788 2789
f 127 132 2788
f 2788 132 2790
f 231 230 2792
f 2792 230 2791
f 118 2783 119
f 119 2783 2784
f 241 243 2794
f 2794 243 2793
f 2781 2795 107
f 107 2795 352
f 120 2785 437
f 437 2785 2796
f 126 2787 110
f 110 2787 2780
f 455 2797 456
f 456 2797 2798
f 128 2789 457
f 457 2789 2799
f 456 2798 117
f 117 2798 2782
f 2794 2797 241
f 241 2797 455
f 457 2799 125
f 125 2799 2786
f 132 231 2790
f 2790 231 2792
f 230 437 2791
f 2791 437 2796
f 2792 2789 2790
f 2790 2789 2788
f 2785 2784 2801
f 2801 2784 2800
f 2786 2802 2787
f 2787 2802 2803
f 2792 2791 2805
f 2805 2791 2804
f 2784 2783 2800
f 2800 2783 2806
f 2785 2801 2796
f 2796 2801 2807
f 2787 2803 2780
f 2780 2803 2808
f 2789 2809 2799
f 2799 2809 2810
f 2799 2810 2786
f 2786 2810 2802
f 2791 2796 2804
f 2804 2796 2807
f 2789 2792 2809
f 2809 2792 2805
f 2812 2797 2811
f 2811 2797 2794
f 2809 2805 2810
f 2810 2805 2804
f 2810 2804 2802
f 2802 2804 2807
f 2802 2807 2803
f 2803 2807 2801
f 2808 2803 2800
f 2800 2803 2801
f 2814 699 2813
f 2813 699 698
f 2808 2815 2780
f 2780 2815 2781
f 2817 2782 2816
f 2816 2782 2798
f 2815 2818 2781
f 2781 2818 2795
f 2797 2812 2798
f 2798 2812 2816
f 2783 2782 2806
f 2806 2782 2817
f 2800 2806 2808
f 2808 2806 2815
f 2794 2793 2811
f 2811 2793 2819
f 174 201 384
f 384 201 362
f 200 1766 390
f 390 1766 1777
f 1777 1778 390
f 390 1778 398
f 1778 361 398
f 398 361 222
f 2820 2821 628
f 628 2821 629
f 1406 2820 790
f 790 2820 628
f 794 1415 1233
f 1233 1415 1234
f 1406 790 1407
f 1407 790 1312
f 1407 1312 2822
f 2822 1312 1316
f 2823 1380 1543
f 1543 1380 1379
f 1385 1738 1382
f 1382 1738 1383
f 1381 791 1382
f 1382 791 1386
f 791 794 1386
f 1386 794 1233
f 1259 1390 1260
f 1260 1390 1389
f 1905 1542 1394
f 1394 1542 1395
f 1410 1413 1397
f 1397 1413 1398
f 2821 1410 629
f 629 1410 1397
f 2823 2822 1380
f 1380 2822 1316
f 1392 1395 1378
f 1378 1395 1379
f 1738 1399 1383
f 1383 1399 1398
f 1388 1235 1389
f 1389 1235 1234
f 1393 1391 1394
f 1394 1391 1390
f 1381 1384 779
f 779 1384 780
f 1282 788 792
f 792 788 793
f 1431 1262 1432
f 1432 1262 1261
f 1400 1342 1408
f 1408 1342 1409
f 1508 1544 1411
f 1411 1544 1412
f 788 787 793
f 793 787 1414
f 2821 2820 1429
f 1429 2820 1430
f 2822 2823 1506
f 1506 2823 1507
f 778 1282 779
f 779 1282 792
f 2820 1406 1430
f 1430 1406 1409
f 1410 2821 1411
f 1411 2821 1429
f 1407 2822 1408
f 1408 2822 1506
f 1544 781 1412
f 1412 781 780
f 1260 1415 1261
f 1261 1415 1414
f 1334 2824 923
f 923 2824 924
f 2826 1268 2825
f 2825 1268 1267
f 769 1212 2827
f 2827 1212 2828
f 1492 1190 1266
f 1266 1190 1267
f 1488 2829 1489
f 1489 2829 2830
f 922 1329 923
f 923 1329 1328
f 1484 2831 1485
f 1485 2831 2832
f 1482 2833 1485
f 1485 2833 1486
f 1324 1493 1489
f 1489 1493 1490
f 1265 1491 1266
f 1266 1491 1490
f 2835 2836 2834
f 2834 2836 2837
f 1250 2838 2827
f 2827 2838 2839
f 1488 1491 2840
f 2840 1491 2841
f 1268 2826 2842
f 2842 2826 2843
f 2844 2845 1495
f 1495 2845 1496
f 1427 2847 2846
f 2846 2847 926
f 2829 1488 2848
f 2848 1488 2840
f 1329 922 2849
f 2849 922 927
f 2850 2851 768
f 768 2851 1213
f 1265 1268 2852
f 2852 1268 2842
f 1491 1265 2841
f 2841 1265 2852
f 2854 2855 2853
f 2853 2855 2856
f 2855 2857 2856
f 2856 2857 598
f 2857 2858 598
f 598 2858 595
f 2858 2859 595
f 595 2859 626
f 649 652 2860
f 2860 652 2861
f 639 642 2862
f 2862 642 2863
f 2864 705 2862
f 2862 705 639
f 2865 1418 2864
f 2864 1418 705
f 2866 2867 2865
f 2865 2867 1418
f 1760 1348 1761
f 1761 1348 2867
f 1764 2868 1197
f 1197 2868 1198
f 2869 611 2868
f 2868 611 1198
f 2870 612 2869
f 2869 612 611
f 1352 1350 944
f 944 1350 688
f 1350 1256 688
f 688 1256 685
f 1256 1255 685
f 685 1255 692
f 1255 2871 692
f 692 2871 2872
f 701 2873 698
f 698 2873 2813
f 2872 1349 692
f 692 1349 693
f 1696 1744 1574
f 1574 1744 1575
f 1753 1618 1577
f 1577 1618 1578
f 1729 1594 1608
f 1608 1594 1609
f 1725 1630 1611
f 1611 1630 1612
f 1604 1607 1625
f 1625 1607 1626
f 1624 1703 1625
f 1625 1703 1912
f 1703 1702 1912
f 1912 1702 1913
f 1702 1753 1913
f 1913 1753 1577
f 1598 1569 1915
f 1915 1569 1578
f 1616 1615 1915
f 1915 1615 1916
f 1615 1696 1916
f 1916 1696 1574
f 1744 1745 1575
f 1575 1745 1917
f 1745 1565 1917
f 1917 1565 1609
f 1568 1725 1608
f 1608 1725 1611
f 2874 1613 1918
f 1918 1613 1612
f 1607 2874 1626
f 1626 2874 1918
f 1610 1613 1562
f 1562 1613 1563
f 1547 1550 1570
f 1570 1550 1571
f 1573 1576 1580
f 1580 1576 1581
f 1553 1556 1595
f 1595 1556 1596
f 1556 1582 1596
f 1596 1582 1581
f 1551 1547 1599
f 1599 1547 1570
f 1731 1914 1601
f 1601 1914 1602
f 1686 1689 1605
f 1605 1689 1606
f 1598 1743 1599
f 1599 1743 1692
f 2874 1607 1723
f 1723 1607 1606
f 1727 1553 1730
f 1730 1553 1595
f 1600 1686 1601
f 1601 1686 1605
f 1914 1572 1602
f 1602 1572 1571
f 1579 1693 1580
f 1580 1693 1692
f 1613 2874 1563
f 1563 2874 1723
f 1561 1727 1562
f 1562 1727 1730
f 1949 1742 1548
f 1548 1742 1549
f 1694 1949 1552
f 1552 1949 1548
f 1954 1589 1554
f 1554 1589 1555
f 1693 1579 1558
f 1558 1579 1559
f 1561 1564 1584
f 1584 1564 1585
f 1582 1556 1588
f 1588 1556 1555
f 1600 1603 1591
f 1591 1603 1592
f 1981 1977 1687
f 1687 1977 1688
f 1564 1722 1585
f 1585 1722 1690
f 1551 1693 1552
f 1552 1693 1558
f 1751 1954 1728
f 1728 1954 1554
f 1590 1981 1591
f 1591 1981 1687
f 1603 1550 1592
f 1592 1550 1549
f 1977 1691 1688
f 1688 1691 1690
f 1587 1560 1588
f 1588 1560 1559
f 1727 1561 1728
f 1728 1561 1584
f 2875 1919 1947
f 1947 1919 1948
f 1557 1560 1952
f 1952 1560 1953
f 1933 1932 1955
f 1955 1932 1956
f 1587 1589 1958
f 1958 1589 1956
f 1959 1933 1965
f 1965 1933 1955
f 1961 1964 1966
f 1966 1964 1967
f 1981 1590 1969
f 1969 1590 1967
f 1742 1949 1972
f 1972 1949 1948
f 1593 1742 1966
f 1966 1742 1972
f 1957 1950 1958
f 1958 1950 1953
f 1583 1586 1974
f 1974 1586 1975
f 1940 1943 1978
f 1978 1943 1979
f 1943 1976 1979
f 1979 1976 1975
f 1951 2875 1952
f 1952 2875 1947
f 1968 1940 1969
f 1969 1940 1978
f 1973 1959 1974
f 1974 1959 1965
f 1923 1971 1920
f 1920 1971 1921
f 1919 2875 1920
f 1920 2875 1924
f 2875 1951 1924
f 1924 1951 1926
f 1950 1957 1929
f 1929 1957 1930
f 2244 2243 1934
f 1934 2243 1935
f 1973 1976 1937
f 1937 1976 1938
f 1944 1980 1941
f 1941 1980 1942
f 1940 1968 1941
f 1941 1968 1945
f 2287 2244 1960
f 1960 2244 1934
f 1970 2245 1962
f 1962 2245 1963
f 2243 1931 1935
f 1935 1931 1930
f 1927 1926 1928
f 1928 1926 1929
f 1961 1922 1962
f 1962 1922 1921
f 2245 1946 1963
f 1963 1946 1945
f 1976 1943 1938
f 1938 1943 1942
f 1936 2287 1937
f 1937 2287 1960
f 743 1238 608
f 608 1238 609
f 607 1811 608
f 608 1811 744
f 1304 2876 1305
f 1305 2876 2877
f 586 585 1298
f 1298 585 1299
f 585 702 1299
f 1299 702 1300
f 702 1428 1300
f 1300 1428 1301
f 1238 586 609
f 609 586 1298
f 2878 2879 1218
f 1218 2879 2877
f 2880 2881 1812
f 1812 2881 1819
f 2883 1821 2882
f 2882 1821 1820
f 2840 2841 620
f 620 2841 621
f 2842 2843 795
f 795 2843 796
f 892 895 2844
f 2844 895 2845
f 2848 2840 942
f 942 2840 620
f 2849 927 1202
f 1202 927 1203
f 2852 2842 1270
f 1270 2842 795
f 2841 2852 621
f 621 2852 1270
f 941 1759 942
f 942 1759 2884
f 659 929 1427
f 1427 929 2847
f 1237 2851 751
f 751 2851 2850
f 1216 2885 1217
f 1217 2885 1754
f 2887 734 2886
f 2886 734 733
f 2889 1816 2888
f 2888 1816 1815
f 2890 1245 2889
f 2889 1245 1816
f 1824 2891 1825
f 1825 2891 1246
f 2892 2893 2895
f 2895 2893 2894
f 1854 1833 1851
f 1851 1833 1832
f 1851 1832 1884
f 1884 1832 1876
f 1884 1876 1441
f 1441 1876 1443
f 1441 1443 1442
f 1442 1443 1446
f 1442 1446 2896
f 2896 1446 1507
f 2897 2823 2898
f 2898 2823 1543
f 1542 2899 1543
f 1543 2899 2898
f 1542 1905 2899
f 2899 1905 2900
f 1905 1259 2900
f 2900 1259 2901
f 1262 1431 2902
f 2902 1431 1904
f 1431 1434 1904
f 1904 1434 1902
f 1902 1434 2903
f 2903 1434 719
f 2903 719 2904
f 2904 719 718
f 1869 1881 718
f 718 1881 2904
f 1881 1869 1880
f 1880 1869 756
f 1880 756 2905
f 2905 756 755
f 2905 755 2906
f 2906 755 758
f 762 2907 763
f 763 2907 2908
f 724 723 2909
f 2909 723 894
f 796 895 723
f 723 895 894
f 2843 2845 796
f 796 2845 895
f 2826 1496 2843
f 2843 1496 2845
f 2825 1497 2826
f 2826 1497 1496
f 1189 2836 2825
f 2825 2836 1497
f 797 891 798
f 798 891 2837
f 802 888 797
f 797 888 891
f 2910 2911 2913
f 2913 2911 2912
f 1780 1783 2915
f 2915 1783 2914
f 2916 2917 831
f 831 2917 832
f 2918 2919 845
f 845 2919 846
f 2920 2916 847
f 847 2916 831
f 2921 2922 857
f 857 2922 858
f 2923 2924 860
f 860 2924 861
f 2919 2912 846
f 846 2912 887
f 2925 2920 940
f 940 2920 847
f 2924 2926 861
f 861 2926 1204
f 2917 2918 832
f 832 2918 845
f 2927 2928 1449
f 1449 2928 1450
f 2929 2930 889
f 889 2930 2931
f 2896 1507 2897
f 2897 1507 2823
f 2902 2901 1262
f 1262 2901 1259
f 2932 2933 750
f 750 2933 1236
f 2933 2934 1236
f 1236 2934 1835
f 2936 2937 2935
f 2935 2937 2938
f 2940 2941 2939
f 2939 2941 2942
f 2943 2944 1841
f 1841 2944 1842
f 2945 1860 2944
f 2944 1860 1842
f 2945 2946 1860
f 1860 2946 1859
f 1889 2947 1890
f 1890 2947 1856
f 1856 2947 1857
f 1857 2947 2948
f 2950 709 2949
f 2949 709 1829
f 2952 730 2951
f 2951 730 729
f 2866 2953 2867
f 2867 2953 1761
f 2953 2954 1761
f 1761 2954 1420
f 2954 2955 1420
f 1420 2955 742
f 2955 2956 742
f 742 2956 739
f 2956 2957 739
f 739 2957 760
f 2957 2958 760
f 760 2958 761
f 2958 2959 761
f 761 2959 2960
f 2959 2961 2960
f 2960 2961 2962
f 2963 2964 1839
f 1839 2964 1840
f 2964 2965 1840
f 1840 2965 2942
f 2966 2950 2939
f 2939 2950 2949
f 2935 2967 2936
f 2936 2967 2968
f 2969 2970 736
f 736 2970 735
f 734 2887 1815
f 1815 2887 2888
f 2887 2882 2888
f 2888 2882 2881
f 1819 1820 1817
f 1817 1820 748
f 1195 1757 1197
f 1197 1757 1424
f 1757 647 1424
f 1424 647 646
f 647 648 646
f 646 648 643
f 648 1271 643
f 643 1271 737
f 1271 725 737
f 737 725 765
f 725 724 765
f 765 724 762
f 762 724 2907
f 2907 724 2909
f 1254 1437 2909
f 2909 1437 2907
f 1438 1253 1836
f 1836 1253 1835
f 1836 1835 2938
f 2938 1835 2934
f 2971 2972 2935
f 2935 2972 2967
f 897 896 2969
f 2969 896 2970
f 1815 1814 734
f 734 1814 731
f 728 1215 896
f 896 1215 732
f 2885 1216 733
f 733 1216 2886
f 1216 1219 2886
f 2886 1219 2883
f 2876 1304 1821
f 1821 1304 749
f 1304 1303 749
f 749 1303 746
f 1818 2973 1817
f 1817 2973 1810
f 747 2974 1818
f 1818 2974 2973
f 747 746 2974
f 2974 746 1303
f 2976 2977 2975
f 2975 2977 2978
f 2976 2979 2901
f 2901 2979 2900
f 2980 2981 2982
f 2982 2981 2979
f 2981 2980 2983
f 2983 2980 2984
f 2985 2897 2983
f 2983 2897 2898
f 2987 2988 2986
f 2986 2988 2985
f 2896 2988 1442
f 1442 2988 1439
f 1903 2977 1904
f 1904 2977 2902
f 1856 1855 1890
f 1890 1855 2989
f 2989 2990 1890
f 1890 2990 1359
f 2990 2991 1359
f 1359 2991 1356
f 2946 2992 1859
f 1859 2992 1893
f 2992 2993 1893
f 1893 2993 775
f 2993 2994 775
f 775 2994 776
f 2986 1356 2987
f 2987 1356 2991
f 2975 2978 776
f 776 2978 777
f 2982 2994 2980
f 2980 2994 2995
f 1357 2984 2995
f 2995 2984 2980
f 2995 2996 1357
f 1357 2996 1358
f 2996 2997 1358
f 1358 2997 1889
f 2998 2999 2932
f 2932 2999 2933
f 2999 2971 2933
f 2933 2971 2934
f 1837 1836 2937
f 2937 1836 2938
f 2943 1841 2941
f 2941 1841 1838
f 3001 2944 3000
f 3000 2944 2943
f 3001 3002 2944
f 2944 3002 2945
f 3002 3003 2945
f 2945 3003 2946
f 2997 3003 1889
f 1889 3003 2947
f 2947 3003 2948
f 2948 3003 3002
f 3001 3004 3002
f 3002 3004 2948
f 3000 3005 3001
f 3001 3005 3004
f 2940 3006 3000
f 3000 3006 3005
f 2999 3007 2971
f 2971 3007 2972
f 2998 2951 2999
f 2999 2951 3007
f 3008 2952 2998
f 2998 2952 2951
f 2966 2965 2936
f 2936 2965 2937
f 2935 2938 2971
f 2971 2938 2934
f 3003 2997 2946
f 2946 2997 2992
f 2997 2996 2992
f 2992 2996 2993
f 2996 2995 2993
f 2993 2995 2994
f 1356 2986 1357
f 1357 2986 2984
f 2982 2975 2994
f 2994 2975 776
f 1844 1843 1899
f 1899 1843 3009
f 1843 638 3009
f 3009 638 3010
f 638 637 3010
f 3010 637 3011
f 637 1830 3011
f 3011 1830 3012
f 1830 1833 3012
f 3012 1833 2894
f 1833 1854 2894
f 2894 1854 2895
f 1854 1853 2895
f 2895 1853 1888
f 1858 1857 1885
f 1885 1857 1892
f 1899 3009 1898
f 1898 3009 1874
f 3009 3010 1874
f 1874 3010 1865
f 3010 3011 1865
f 1865 3011 1862
f 3011 3012 1862
f 1862 3012 1882
f 3012 2894 1882
f 1882 2894 2893
f 1850 2890 782
f 782 2890 2889
f 783 2880 1811
f 1811 2880 1812
f 744 1810 745
f 745 1810 2973
f 745 2973 805
f 805 2973 806
f 2973 2974 806
f 806 2974 815
f 1303 812 2974
f 2974 812 815
f 1303 1302 812
f 812 1302 1221
f 1307 3013 1302
f 1302 3013 1221
f 1734 3014 1633
f 1633 3014 1634
f 1646 1649 1636
f 1636 1649 1637
f 1654 1657 1641
f 1641 1657 1642
f 1639 1736 1636
f 1636 1736 1684
f 1716 1713 1698
f 1698 1713 1699
f 1718 1721 1705
f 1705 1721 1706
f 1653 1654 1709
f 1709 1654 1641
f 1620 1623 1714
f 1714 1623 1699
f 1712 1682 1714
f 1714 1682 1740
f 1668 1671 1746
f 1746 1671 1747
f 1752 1650 1749
f 1749 1650 1750
f 1750 1650 1709
f 1709 1650 1653
f 1632 1668 1633
f 1633 1668 1746
f 1649 1752 1637
f 1637 1752 1749
f 1682 1643 1740
f 1740 1643 1642
f 3014 1685 1634
f 1634 1685 1684
f 1704 1748 1705
f 1705 1748 1747
f 1697 1707 1698
f 1698 1707 1706
f 1739 1701 1621
f 1621 1701 1622
f 1567 1566 1647
f 1647 1566 1648
f 1664 1695 1651
f 1651 1695 1652
f 1614 1617 1655
f 1655 1617 1656
f 1704 1707 1659
f 1659 1707 1660
f 3014 1734 1662
f 1662 1734 1663
f 1650 1752 1651
f 1651 1752 1665
f 1741 1657 1667
f 1667 1657 1656
f 1695 1614 1652
f 1652 1614 1655
f 1724 1567 1726
f 1726 1567 1647
f 1645 1628 1733
f 1733 1628 1663
f 1685 3014 1726
f 1726 3014 1662
f 1620 1741 1621
f 1621 1741 1667
f 1566 1666 1648
f 1648 1666 1665
f 1658 1737 1659
f 1659 1737 1901
f 1911 1661 1910
f 1910 1661 1660
f 1701 1911 1622
f 1622 1911 1910
f 1732 1748 1733
f 1733 1748 1901
f 1857 2948 1892
f 1892 2948 3004
f 1892 3004 1891
f 1891 3004 3005
f 1828 3006 1829
f 1829 3006 2949
f 2967 736 2968
f 2968 736 710
f 2972 2969 2967
f 2967 2969 736
f 2969 2972 897
f 897 2972 3007
f 897 3007 729
f 729 3007 2951
f 3016 753 3015
f 3015 753 752
f 3018 767 3017
f 3017 767 766
f 3019 3020 1249
f 1249 3020 3021
f 2915 2914 3019
f 3019 2914 3020
f 3023 2914 3022
f 3022 2914 1783
f 2827 2839 769
f 769 2839 766
f 3025 2838 3024
f 3024 2838 3021
f 768 767 2850
f 2850 767 3026
f 2850 3026 751
f 751 3026 752
f 750 753 2932
f 2932 753 3027
f 3008 2998 3027
f 3027 2998 2932
f 3028 3029 3008
f 3008 3029 2952
f 3029 3030 2952
f 2952 3030 730
f 3032 3033 3031
f 3031 3033 3034
f 3036 3037 3035
f 3035 3037 3038
f 2870 3039 612
f 612 3039 3040
f 3041 3042 3031
f 3031 3042 3038
f 3034 1352 3043
f 3043 1352 944
f 612 3040 613
f 613 3040 3044
f 613 3044 1425
f 1425 3044 1422
f 3045 3042 669
f 669 3042 670
f 3041 3043 599
f 599 3043 600
f 772 771 1544
f 1544 771 781
f 1503 771 1866
f 1866 771 770
f 771 1503 781
f 781 1503 778
f 61 281 416
f 416 281 1907
f 283 103 3046
f 3046 103 3047
f 76 79 3048
f 3048 79 3049
f 280 76 1906
f 1906 76 3048
f 3051 335 3050
f 3050 335 334
f 3053 417 3052
f 3052 417 416
f 3055 435 3054
f 3054 435 434
f 428 435 419
f 419 435 1908
f 420 1909 293
f 293 1909 443
f 79 294 3049
f 3049 294 444
f 3057 444 3056
f 3056 444 443
f 3051 3058 335
f 335 3058 452
f 216 215 1332
f 1332 215 452
f 308 283 462
f 462 283 3046
f 3050 334 3059
f 3059 334 462
f 103 62 3047
f 3047 62 417
f 313 312 434
f 434 312 463
f 3061 574 3060
f 3060 574 573
f 1310 3062 1428
f 1428 3062 3063
f 1258 3064 1255
f 1255 3064 2871
f 932 3065 2853
f 2853 3065 3066
f 699 2814 931
f 931 2814 3067
f 3068 1301 3063
f 3063 1301 1428
f 571 574 1310
f 1310 574 3062
f 3060 573 3069
f 3069 573 1332
f 3070 3071 1906
f 1906 3071 1907
f 3072 3073 1908
f 1908 3073 1909
f 3075 2814 3074
f 3074 2814 2813
f 2854 3076 1258
f 1258 3076 3064
f 2871 3077 2872
f 2872 3077 3078
f 3074 2813 3079
f 3079 2813 2873
f 2872 3078 1349
f 1349 3078 3080
f 2873 701 3068
f 3068 701 1301
f 1330 1201 3080
f 3080 1201 1349
f 1264 1263 3081
f 3081 1263 3082
f 3083 3084 3082
f 3082 3084 3081
f 811 1448 3086
f 3086 1448 3085
f 808 811 3087
f 3087 811 3086
f 3088 3083 833
f 833 3083 3082
f 884 3089 885
f 885 3089 3090
f 3087 1790 808
f 808 1790 816
f 1790 3087 1787
f 1787 3087 3091
f 3092 3091 3086
f 3086 3091 3087
f 3093 3094 3084
f 3084 3094 3095
f 3089 3096 3090
f 3090 3096 3088
f 3097 3093 3083
f 3083 3093 3084
f 3099 3100 3098
f 3098 3100 1786
f 3101 1788 2913
f 2913 1788 3102
f 838 837 885
f 885 837 886
f 886 837 3103
f 3103 837 1541
f 3094 3093 3104
f 3104 3093 3097
f 3105 3106 3089
f 3089 3106 3096
f 3108 3109 3107
f 3107 3109 3110
f 3111 3112 3091
f 3091 3112 1787
f 3114 3108 3113
f 3113 3108 3107
f 3114 3115 3112
f 3112 3115 3102
f 3091 3092 3111
f 3111 3092 3116
f 839 838 835
f 835 838 836
f 885 3090 838
f 838 3090 836
f 3110 3117 1247
f 1247 3117 3118
f 1247 3118 1248
f 1248 3118 3119
f 3120 3121 3119
f 3119 3121 1248
f 1247 844 3110
f 3110 844 3107
f 844 843 3107
f 3107 843 3113
f 843 3099 3113
f 3113 3099 3122
f 1781 3123 3098
f 3098 3123 3124
f 2915 2931 1780
f 1780 2931 2930
f 3019 3125 2915
f 2915 3125 2931
f 890 3125 2834
f 2834 3125 1252
f 3125 3019 1252
f 1252 3019 1249
f 907 908 946
f 946 908 947
f 1185 1188 1369
f 1369 1188 948
f 954 957 951
f 951 957 952
f 910 965 953
f 953 965 950
f 905 958 960
f 960 958 961
f 3126 978 949
f 949 978 962
f 936 935 967
f 967 935 968
f 994 993 969
f 969 993 966
f 902 904 971
f 971 904 972
f 983 985 973
f 973 985 970
f 906 905 974
f 974 905 960
f 977 981 959
f 959 981 975
f 911 910 1143
f 1143 910 953
f 952 957 1142
f 1142 957 1145
f 911 1143 1366
f 1366 1143 1368
f 1185 1369 1145
f 1145 1369 1142
f 993 1519 966
f 966 1519 1456
f 965 1454 950
f 950 1454 1457
f 900 899 1459
f 1459 899 1460
f 988 991 1461
f 1461 991 1458
f 899 963 1460
f 1460 963 1462
f 985 987 970
f 970 987 1463
f 904 906 972
f 972 906 974
f 981 983 975
f 975 983 973
f 935 900 968
f 968 900 1459
f 991 994 1458
f 1458 994 969
f 1154 1526 1088
f 1088 1526 1089
f 1109 1112 1092
f 1092 1112 1093
f 1083 1098 1084
f 1084 1098 1097
f 1078 1471 1100
f 1100 1471 1101
f 1075 1078 1104
f 1104 1078 1100
f 1152 1154 1156
f 1156 1154 1088
f 1156 1155 1372
f 1372 1155 1373
f 1372 1373 1104
f 1104 1373 1075
f 1467 1109 1465
f 1465 1109 1092
f 1465 1182 1468
f 1468 1182 1184
f 1474 1470 1096
f 1096 1470 1097
f 1102 1101 1083
f 1083 1101 1098
f 1112 1531 1093
f 1093 1531 1529
f 1102 1073 1099
f 1099 1073 1072
f 1526 1154 1079
f 1079 1154 1080
f 1081 1091 1082
f 1082 1091 1094
f 1069 1068 1085
f 1085 1068 1086
f 1153 1151 1080
f 1080 1151 1058
f 1371 1177 1179
f 1179 1177 1176
f 1099 1072 1103
f 1103 1072 1176
f 1068 1071 1086
f 1086 1071 1073
f 1085 1084 1180
f 1180 1084 1469
f 1066 1065 1183
f 1183 1065 1181
f 1153 1152 1177
f 1177 1152 1178
f 1091 1081 1182
f 1182 1081 1183
f 1057 1525 1079
f 1079 1525 1527
f 1120 1117 1076
f 1076 1117 1077
f 1087 1090 1107
f 1107 1090 1108
f 1127 1126 1110
f 1110 1126 1111
f 1095 1116 1096
f 1096 1116 1115
f 1471 1078 1119
f 1119 1078 1077
f 1087 1107 1155
f 1155 1107 1158
f 1376 1374 1157
f 1157 1374 1158
f 1076 1075 1374
f 1374 1075 1373
f 1109 1467 1110
f 1110 1467 1472
f 1467 1466 1472
f 1472 1466 1473
f 1135 1475 1114
f 1114 1475 1115
f 1471 1119 1095
f 1095 1119 1116
f 1126 1532 1111
f 1111 1532 1530
f 914 1276 1480
f 1480 1276 1517
f 3127 3128 1223
f 1223 3128 1224
f 824 933 1455
f 1455 933 3129
f 3131 1448 3130
f 3130 1448 1447
f 3132 3133 1452
f 1452 3133 1453
f 3130 1447 1322
f 1322 1447 1455
f 933 1514 3129
f 3129 1514 3134
f 1161 3135 1480
f 1480 3135 1481
f 3128 3136 1224
f 1224 3136 1499
f 3133 1162 1453
f 1453 1162 1517
f 1515 3127 1535
f 1535 3127 1223
f 3095 3085 3131
f 3131 3085 1448
f 3137 3092 3085
f 3085 3092 3086
f 3138 3116 3137
f 3137 3116 3092
f 3110 3109 3117
f 3117 3109 3139
f 3105 3140 3117
f 3117 3140 3118
f 3140 3141 3118
f 3118 3141 3119
f 3142 3120 3141
f 3141 3120 3119
f 1498 3143 1277
f 1277 3143 882
f 3144 3145 1340
f 1340 3145 1339
f 1340 3146 3144
f 3144 3146 3147
f 3145 3144 3143
f 3143 3144 3148
f 871 901 872
f 872 901 1362
f 3149 3148 3147
f 3147 3148 3144
f 1208 3150 1209
f 3098 1786 1781
f 1781 1786 1782
f 2930 2929 3123
f 3123 2929 2911
f 1794 1791 2916
f 2916 1791 2917
f 1793 3101 2918
f 2918 3101 2919
f 1796 1794 2920
f 2920 1794 2916
f 3151 3152 2921
f 2921 3152 2922
f 3153 3154 2923
f 2923 3154 2924
f 2919 3101 2912
f 2912 3101 2913
f 3155 1796 2925
f 2925 1796 2920
f 3154 3156 2924
f 2924 3156 2926
f 1791 1793 2917
f 2917 1793 2918
f 3157 3158 2927
f 2927 3158 2928
f 1780 2930 1781
f 1781 2930 3123
f 2825 1267 1189
f 1189 1267 1190
f 2827 2828 1250
f 1250 2828 1251
f 1489 2830 1324
f 1324 2830 1325
f 923 1328 1334
f 1334 1328 1335
f 1485 2832 1482
f 1482 2832 1483
f 1266 1490 1492
f 1492 1490 1493
f 1333 1346 1334
f 1334 1346 2824
f 722 799 1492
f 1492 799 1190
f 664 657 1482
f 1482 657 2833
f 631 634 1324
f 1324 634 1493
f 2828 1494 1251
f 1251 1494 2835
f 1249 3021 1250
f 1250 3021 2838
f 798 2837 1189
f 1189 2837 2836
f 3100 842 3160
f 3160 842 3159
f 1788 3101 1789
f 1789 3101 1793
f 1792 816 1789
f 1789 816 1790
f 817 816 1795
f 1795 816 1792
f 938 817 1797
f 1797 817 1795
f 1796 3155 1797
f 1797 3155 1798
f 3155 3158 1798
f 1798 3158 1799
f 3157 3152 1801
f 1801 3152 1802
f 3151 3156 1803
f 1803 3156 1804
f 3154 3153 1805
f 1805 3153 1806
f 3153 3161 1806
f 1806 3161 1807
f 3099 843 3100
f 3100 843 842
f 1788 1787 3102
f 3102 1787 3112
f 2910 3115 3124
f 3124 3115 3122
f 3099 3098 3122
f 3122 3098 3124
f 416 1907 3052
f 3052 1907 3071
f 3046 3047 3163
f 3163 3047 3162
f 249 445 259
f 259 445 3164
f 425 3165 424
f 424 3165 461
f 408 410 329
f 329 410 330
f 39 331 40
f 40 331 332
f 305 304 423
f 423 304 464
f 385 254 458
f 458 254 392
f 250 415 251
f 251 415 412
f 233 337 234
f 234 337 3166
f 435 3055 1908
f 1908 3055 3072
f 443 1909 3056
f 3056 1909 3073
f 3167 3049 3057
f 3057 3049 444
f 452 3058 1332
f 1332 3058 3069
f 234 3166 346
f 346 3166 411
f 3046 3163 462
f 462 3163 3059
f 259 3164 260
f 260 3164 336
f 3047 417 3162
f 3162 417 3053
f 463 3168 434
f 434 3168 3054
f 454 830 425
f 425 830 3165
f 3062 3169 3063
f 3063 3169 3170
f 1355 1354 1534
f 1534 1354 3171
f 3063 3170 3068
f 3068 3170 3172
f 574 3061 3062
f 3062 3061 3169
f 1534 3171 1535
f 1535 3171 3173
f 3079 2873 3172
f 3172 2873 3068
f 2838 3025 2839
f 2839 3025 3174
f 3176 3177 3175
f 3175 3177 3178
f 3180 1125 3179
f 3179 1125 1128
f 3182 3183 3181
f 3181 3183 3184
f 1134 3185 1130
f 1130 3185 3182
f 3186 3187 3189
f 3189 3187 3188
f 3191 3189 3190
f 3190 3189 3188
f 1137 1122 3190
f 3190 1122 3192
f 3175 3178 3193
f 3193 3178 3194
f 3181 3184 3179
f 3179 3184 3195
f 3197 3198 3196
f 3196 3198 3180
f 3200 3178 3199
f 3199 3178 3177
f 3202 3196 3201
f 3201 3196 3195
f 3204 3184 3203
f 3203 3184 3183
f 3206 3207 3205
f 3205 3207 3186
f 3205 3186 3208
f 3208 3186 3189
f 3209 3208 3191
f 3191 3208 3189
f 3210 3194 3200
f 3200 3194 3178
f 3201 3195 3204
f 3204 3195 3184
f 3197 3211 3177
f 3177 3211 3199
f 3213 3214 3212
f 3212 3214 3215
f 3217 3218 3216
f 3216 3218 3219
f 3221 3222 3220
f 3220 3222 3223
f 3225 3226 3224
f 3224 3226 3227
f 3229 3230 3228
f 3228 3230 3231
f 3233 3234 3232
f 3232 3234 3235
f 3237 3238 3236
f 3236 3238 3239
f 3238 3240 3239
f 3239 3240 3241
f 3232 3235 3242
f 3242 3235 3243
f 3245 3246 3244
f 3244 3246 3247
f 3248 3249 3245
f 3245 3249 3246
f 3251 3252 3250
f 3250 3252 3253
f 3255 3252 3254
f 3254 3252 3251
f 3256 3257 3259
f 3259 3257 3258
f 3261 3262 3260
f 3260 3262 3263
f 3265 3263 3264
f 3264 3263 3262
f 3256 3259 3266
f 3266 3259 3267
f 3269 3270 3268
f 3268 3270 3271
f 3269 3272 3270
f 3270 3272 3273
f 3274 3275 3277
f 3277 3275 3276
f 3278 3279 3276
f 3276 3279 3277
f 3281 3282 3280
f 3280 3282 3283
f 3280 3284 3281
f 3281 3284 3285
f 3287 3288 3286
f 3286 3288 3289
f 3290 3291 3288
f 3288 3291 3289
f 3234 3218 3235
f 3235 3218 3217
f 3232 3292 3233
f 3233 3292 3293
f 3239 3294 3236
f 3236 3294 3219
f 3233 3293 3237
f 3237 3293 3295
f 3296 3294 3241
f 3241 3294 3239
f 3240 3238 3297
f 3297 3238 3298
f 3217 3216 3235
f 3235 3216 3243
f 3297 3299 3240
f 3240 3299 3242
f 3246 3300 3247
f 3247 3300 3223
f 3301 3302 3254
f 3254 3302 3244
f 3249 3303 3246
f 3246 3303 3300
f 3245 3304 3248
f 3248 3304 3292
f 3252 3221 3253
f 3253 3221 3220
f 3250 3248 3299
f 3299 3248 3292
f 3222 3221 3255
f 3255 3221 3252
f 3297 3301 3251
f 3251 3301 3254
f 3258 3214 3259
f 3259 3214 3213
f 3257 3256 3304
f 3304 3256 3305
f 3263 3306 3260
f 3260 3306 3215
f 3261 3257 3302
f 3302 3257 3304
f 3307 3306 3265
f 3265 3306 3263
f 3262 3301 3264
f 3264 3301 3308
f 3259 3213 3267
f 3267 3213 3212
f 3308 3309 3264
f 3264 3309 3266
f 3270 3310 3271
f 3271 3310 3231
f 3311 3312 3278
f 3278 3312 3268
f 3270 3273 3310
f 3310 3273 3313
f 3272 3269 3305
f 3305 3269 3314
f 3277 3229 3274
f 3274 3229 3228
f 3275 3272 3309
f 3309 3272 3305
f 3279 3230 3277
f 3277 3230 3229
f 3276 3308 3278
f 3278 3308 3311
f 3281 3315 3282
f 3282 3315 3227
f 3290 3316 3283
f 3283 3316 3317
f 3281 3285 3315
f 3315 3285 3318
f 3284 3280 3314
f 3314 3280 3319
f 3289 3225 3286
f 3286 3225 3224
f 3287 3284 3312
f 3284 3314 3312
f 3291 3226 3289
f 3289 3226 3225
f 3288 3311 3290
f 3290 3311 3316
f 3212 3215 3307
f 3307 3215 3306
f 3294 3296 3219
f 3219 3296 3216
f 3303 3220 3300
f 3300 3220 3223
f 3224 3227 3318
f 3318 3227 3315
f 3228 3231 3313
f 3313 3231 3310
f 3234 3233 3236
f 3236 3233 3237
f 3243 3241 3242
f 3242 3241 3240
f 3247 3255 3244
f 3244 3255 3254
f 3253 3249 3250
f 3250 3249 3248
f 3260 3258 3261
f 3261 3258 3257
f 3266 3267 3264
f 3264 3267 3265
f 3268 3271 3278
f 3278 3271 3279
f 3274 3273 3275
f 3275 3273 3272
f 3283 3282 3290
f 3290 3282 3291
f 3286 3285 3287
f 3287 3285 3284
f 3218 3234 3219
f 3219 3234 3236
f 3295 3298 3237
f 3237 3298 3238
f 3216 3296 3243
f 3243 3296 3241
f 3242 3299 3232
f 3232 3299 3292
f 3223 3222 3247
f 3247 3222 3255
f 3244 3302 3245
f 3245 3302 3304
f 3303 3249 3220
f 3220 3249 3253
f 3297 3251 3299
f 3299 3251 3250
f 3215 3214 3260
f 3260 3214 3258
f 3301 3262 3302
f 3302 3262 3261
f 3212 3307 3267
f 3267 3307 3265
f 3266 3309 3256
f 3256 3309 3305
f 3271 3231 3279
f 3279 3231 3230
f 3268 3312 3269
f 3269 3312 3314
f 3228 3313 3274
f 3274 3313 3273
f 3308 3276 3309
f 3309 3276 3275
f 3282 3227 3291
f 3291 3227 3226
f 3317 3319 3283
f 3283 3319 3280
f 3224 3318 3286
f 3286 3318 3285
f 3312 3311 3287
f 3311 3288 3287
f 3320 3321 3194
f 3194 3321 3193
f 1375 3321 1121
f 1121 3321 3322
f 3323 3324 3322
f 3322 3324 3192
f 3175 1124 3176
f 3176 1124 1123
f 3179 3195 3180
f 3180 3195 3196
f 3181 1131 3182
f 3182 1131 1130
f 3207 3185 3186
f 3186 3185 3187
f 1136 3188 1133
f 1133 3188 3187
f 3190 3188 1137
f 1137 3188 1136
f 3193 1159 3175
f 3175 1159 1124
f 3179 1128 3181
f 3181 1128 1131
f 1533 3198 1123
f 1123 3198 3176
f 3321 1375 3193
f 3193 1375 1159
f 3321 3320 3322
f 3322 3320 3323
f 1122 1121 3192
f 3192 1121 3322
f 3194 3210 3320
f 3320 3210 3325
f 3324 3323 3327
f 3327 3323 3326
f 3320 3325 3323
f 3323 3325 3326
f 3208 3328 3205
f 3205 3328 3329
f 3330 3206 3329
f 3329 3206 3205
f 3203 3331 3204
f 3204 3331 3332
f 3210 3333 3325
f 3325 3333 3334
f 3325 3334 3326
f 3326 3334 3335
f 3327 3326 3336
f 3336 3326 3335
f 3327 3209 3324
f 3324 3209 3191
f 3190 3192 3191
f 3191 3192 3324
f 3338 3339 3337
f 3337 3339 3340
f 3338 3341 3339
f 3339 3341 3342
f 3341 3343 3342
f 3342 3343 3344
f 3343 3345 3344
f 3344 3345 3346
f 3345 3347 3346
f 3346 3347 3348
f 3347 3349 3348
f 3348 3349 3350
f 3337 3340 3351
f 3351 3340 3352
f 3351 3352 3353
f 3353 3352 3354
f 3353 3354 3355
f 3355 3354 3356
f 3350 3349 3357
f 3357 3349 3358
f 3355 3356 3359
f 3359 3356 3360
f 3359 3360 3361
f 3361 3360 3362
f 3361 3362 3363
f 3363 3362 3364
f 3363 3364 3358
f 3358 3364 3357
f 3339 3342 3365
f 3365 3342 3366
f 3342 3344 3366
f 3366 3344 3367
f 3344 3346 3367
f 3367 3346 3368
f 3346 3348 3368
f 3368 3348 3369
f 3348 3350 3369
f 3369 3350 3370
f 3368 3369 3371
f 3371 3369 3372
f 3369 3370 3372
f 3372 3370 3373
f 3373 3374 3372
f 3372 3374 3375
f 3377 3378 3376
f 3376 3378 3379
f 3377 3375 3378
f 3378 3375 3374
f 3375 3380 3372
f 3372 3380 3371
f 3377 3381 3375
f 3375 3381 3380
f 3376 3382 3377
f 3377 3382 3381
f 3384 3385 3383
f 3383 3385 3386
f 3384 3383 3388
f 3388 3383 3387
f 3388 3387 3389
f 3389 3387 3390
f 3392 3385 3391
f 3391 3385 3384
f 3388 3393 3384
f 3384 3393 3391
f 3389 3394 3388
f 3388 3394 3393
f 3389 3395 3394
f 3394 3395 3396
f 3395 3389 3397
f 3397 3389 3390
f 3339 3365 3340
f 3340 3365 3398
f 3340 3398 3352
f 3352 3398 3399
f 3371 3400 3368
f 3368 3400 3367
f 3400 3401 3367
f 3367 3401 3366
f 3366 3401 3365
f 3365 3401 3402
f 3398 3365 3403
f 3403 3365 3402
f 3398 3403 3399
f 3399 3403 3404
f 3403 3405 3404
f 3404 3405 3406
f 3352 3399 3354
f 3354 3399 3407
f 3399 3404 3407
f 3407 3404 3408
f 3404 3406 3408
f 3408 3406 3409
f 3405 3410 3406
f 3406 3410 3411
f 3410 3412 3411
f 3411 3412 3413
f 3397 3414 3395
f 3395 3414 3415
f 3417 3415 3416
f 3416 3415 3412
f 3410 3418 3412
f 3412 3418 3416
f 3410 3405 3418
f 3418 3405 3419
f 3405 3403 3419
f 3419 3403 3402
f 3370 3350 3420
f 3420 3350 3357
f 3373 3370 3421
f 3421 3370 3420
f 3374 3373 3422
f 3422 3373 3421
f 3378 3374 3423
f 3423 3374 3422
f 3378 3423 3379
f 3379 3423 3424
f 3424 3425 3379
f 3379 3425 3386
f 3383 3426 3387
f 3387 3426 3427
f 3387 3427 3390
f 3390 3427 3428
f 3390 3428 3397
f 3397 3428 3429
f 3429 3430 3397
f 3397 3430 3414
f 3411 3413 3431
f 3431 3413 3432
f 3406 3411 3409
f 3409 3411 3431
f 3401 3400 3335
f 3335 3400 3336
f 3401 3335 3402
f 3402 3335 3334
f 3402 3334 3419
f 3419 3334 3333
f 3419 3333 3418
f 3418 3333 3433
f 3418 3433 3416
f 3416 3433 3434
f 3435 3417 3434
f 3434 3417 3416
f 3394 3396 3436
f 3436 3396 3437
f 3393 3394 3332
f 3332 3394 3436
f 3393 3332 3391
f 3391 3332 3331
f 3330 3392 3331
f 3331 3392 3391
f 3382 3329 3381
f 3381 3329 3328
f 3354 3407 3356
f 3356 3407 3438
f 3356 3438 3360
f 3360 3438 3439
f 3360 3439 3362
f 3362 3439 3440
f 3362 3440 3364
f 3364 3440 3441
f 3364 3441 3357
f 3357 3441 3420
f 3421 3420 3442
f 3442 3420 3441
f 3442 3441 3443
f 3443 3441 3440
f 3443 3440 3444
f 3444 3440 3439
f 3444 3439 3445
f 3445 3439 3438
f 3445 3438 3408
f 3408 3438 3407
f 3422 3421 3446
f 3446 3421 3442
f 3446 3442 3447
f 3447 3442 3443
f 3447 3443 3448
f 3448 3443 3444
f 3448 3444 3449
f 3449 3444 3445
f 3449 3445 3409
f 3409 3445 3408
f 3409 3431 3449
f 3449 3431 3450
f 3449 3450 3448
f 3448 3450 3451
f 3451 3452 3448
f 3448 3452 3447
f 3447 3452 3446
f 3446 3452 3453
f 3446 3453 3422
f 3422 3453 3423
f 3424 3423 3454
f 3454 3423 3453
f 3452 3455 3453
f 3453 3455 3454
f 3452 3451 3455
f 3455 3451 3456
f 3450 3457 3451
f 3451 3457 3456
f 3431 3432 3450
f 3450 3432 3457
f 3454 3458 3424
f 3424 3458 3425
f 3427 3426 3459
f 3459 3426 3460
f 3428 3427 3461
f 3461 3427 3459
f 3428 3461 3429
f 3429 3461 3462
f 3462 3463 3429
f 3429 3463 3430
f 3464 3465 3462
f 3462 3465 3463
f 3455 3466 3454
f 3454 3466 3458
f 3465 3464 3466
f 3466 3464 3467
f 3461 3459 3468
f 3468 3459 3469
f 3468 3469 3464
f 3464 3469 3467
f 3464 3462 3468
f 3468 3462 3461
f 3459 3460 3469
f 3469 3460 3467
f 3295 3351 3298
f 3298 3351 3353
f 3353 3355 3298
f 3298 3355 3297
f 3297 3355 3301
f 3301 3355 3359
f 3301 3359 3308
f 3308 3359 3361
f 3308 3361 3311
f 3311 3361 3363
f 3311 3363 3316
f 3316 3363 3358
f 3316 3358 3317
f 3317 3358 3349
f 3349 3347 3317
f 3317 3347 3319
f 3347 3345 3319
f 3319 3345 3314
f 3345 3343 3314
f 3314 3343 3305
f 3343 3341 3305
f 3305 3341 3304
f 3304 3341 3292
f 3292 3341 3338
f 3292 3338 3293
f 3293 3338 3337
f 3293 3337 3295
f 3295 3337 3351
f 3437 3202 3436
f 3436 3202 3201
f 3436 3201 3332
f 3332 3201 3204
f 3433 3200 3434
f 3434 3200 3199
f 3211 3435 3199
f 3199 3435 3434
f 3333 3210 3433
f 3433 3210 3200
f 3380 3470 3371
f 3400 3371 3336
f 3336 3371 3470
f 3381 3328 3380
f 3380 3328 3470
f 3470 3328 3209
f 3209 3328 3208
f 3336 3470 3327
f 3327 3470 3209
f 1545 1763 1546
f 1546 1763 1762
f 1403 1546 773
f 773 1546 770
f 1221 3013 1220
f 1220 3013 3471
f 1305 2877 1306
f 1306 2877 2879
f 1220 3471 828
f 828 3471 829
f 1217 1754 3472
f 3472 1754 1756
f 1049 3473 1048
f 1048 3473 3474
f 1371 1179 3473
f 3473 1179 3474
f 1074 3475 1179
f 1179 3475 3474
f 3474 3475 1048
f 1048 3475 1056
f 919 666 1345
f 1345 666 665
f 856 680 919
f 919 680 666
f 679 680 1449
f 1449 680 858
f 1367 878 1500
f 1500 878 877
f 1366 908 1367
f 1367 908 878
f 1512 916 1513
f 1513 916 915
f 947 1368 948
f 948 1368 1369
f 1047 1021 1044
f 1044 1021 1020
f 1370 1049 1019
f 1019 1049 1020
f 1173 1030 1174
f 1174 1030 1033
f 3126 1188 1464
f 1464 1188 1187
f 1800 1451 1512
f 1512 1451 916
f 1175 1174 1186
f 1186 1174 1187
f 1030 1173 1047
f 1047 1173 1021
f 1513 915 3476
f 3476 915 1481
f 1345 665 3477
f 3477 665 1483
f 1502 1501 876
f 876 1501 877
f 1205 1451 1803
f 1803 1451 1802
f 3479 2832 3478
f 3478 2832 2831
f 1449 858 2927
f 2927 858 2922
f 908 1366 947
f 947 1366 1368
f 949 948 3126
f 3126 948 1188
f 3480 3135 1502
f 1502 3135 1501
f 2927 2922 3157
f 3157 2922 3152
f 3477 1483 3479
f 3479 1483 2832
f 1803 1802 3151
f 3151 1802 3152
f 663 658 664
f 664 658 657
f 655 658 939
f 939 658 706
f 1512 870 1800
f 1800 870 869
f 875 874 876
f 876 874 873
f 849 874 905
f 905 874 958
f 949 962 946
f 946 962 961
f 978 3126 979
f 979 3126 1464
f 1031 1168 1032
f 1032 1168 1022
f 1045 1013 1046
f 1046 1013 1012
f 1045 1044 1056
f 1056 1044 1048
f 1047 1046 1030
f 1030 1046 1031
f 939 706 940
f 940 706 1450
f 979 1464 1032
f 1032 1464 1033
f 3480 1478 3476
f 3476 1478 3134
f 2829 1487 2830
f 2830 1487 1486
f 848 1230 873
f 873 1230 1479
f 867 870 933
f 933 870 1514
f 1800 869 1801
f 1801 869 1799
f 2830 1486 1325
f 1325 1486 2833
f 940 1450 2925
f 2925 1450 2928
f 946 961 907
f 907 961 958
f 959 962 977
f 977 962 978
f 3476 3134 1513
f 1513 3134 1514
f 2925 2928 3155
f 3155 2928 3158
f 1325 2833 656
f 656 2833 657
f 1801 1799 3157
f 3157 1799 3158
f 1074 1055 3475
f 3475 1055 1056
f 1371 3473 1370
f 1370 3473 1049
f 2884 615 3481
f 3481 615 618
f 3478 2831 2846
f 2846 2831 617
f 2831 1484 617
f 617 1484 618
f 1484 1487 618
f 618 1487 3481
f 2848 3481 2829
f 2829 3481 1487
f 1480 1517 1161
f 1161 1517 1162
f 3129 1323 1455
f 1455 1323 1322
f 3129 3134 1323
f 1323 3134 1478
f 1535 3173 1515
f 1515 3173 1516
f 3085 3095 3137
f 3137 3095 3094
f 3137 3094 3138
f 3138 3094 3104
f 3117 3139 3105
f 3105 3139 3106
f 1138 1141 3127
f 3127 1141 3128
f 3081 3131 1264
f 1264 3131 3130
f 1227 1226 3132
f 3132 1226 3133
f 1264 3130 1229
f 1229 3130 1322
f 1160 1501 1161
f 1161 1501 3135
f 1141 1476 3128
f 3128 1476 3136
f 1226 1163 3133
f 3133 1163 1162
f 1363 1138 1515
f 1515 1138 3127
f 3084 3095 3081
f 3081 3095 3131
f 3089 884 3105
f 3105 884 3140
f 884 883 3140
f 3140 883 3141
f 883 3482 3141
f 3141 3482 3142
f 3476 1481 3480
f 3480 1481 3135
f 1502 1479 3480
f 3480 1479 1478
f 3168 463 440
f 714 1880 715
f 715 1880 2905
f 896 732 2970
f 2970 732 731
f 1263 834 3082
f 3082 834 833
f 898 1231 853
f 853 1231 854
f 3125 890 2931
f 2931 890 889
f 1237 893 2851
f 2851 893 892
f 898 853 899
f 899 853 963
f 988 987 989
f 989 987 986
f 1002 1007 1003
f 1003 1007 1006
f 1038 1036 1007
f 1007 1036 1004
f 1070 1052 1005
f 1005 1052 1006
f 1069 1067 1070
f 1070 1067 1052
f 1130 1129 1134
f 1134 1129 1135
f 879 1167 880
f 880 1167 1166
f 1171 1169 1037
f 1037 1169 1038
f 1085 1180 1069
f 1069 1180 1067
f 1209 1210 879
f 879 1210 1167
f 2885 1215 1754
f 1754 1215 1214
f 1263 855 834
f 834 855 854
f 708 1244 1826
f 1826 1244 1243
f 2909 894 1254
f 1254 894 893
f 1228 1361 964
f 964 1361 1360
f 2908 2907 1436
f 1436 2907 1437
f 2990 1440 2991
f 2991 1440 1439
f 964 1360 965
f 965 1360 1454
f 950 1457 951
f 951 1457 1456
f 970 1463 971
f 971 1463 1462
f 1025 1169 984
f 984 1169 986
f 1084 1097 1469
f 1469 1097 1470
f 1096 1115 1474
f 1474 1115 1475
f 1140 1361 1141
f 1141 1361 1476
f 1212 1495 2828
f 2828 1495 1494
f 880 1166 1452
f 1452 1166 1499
f 715 2905 1504
f 1504 2905 2906
f 954 1519 955
f 955 1519 1518
f 1026 1520 992
f 992 1520 1518
f 1029 1520 1043
f 1043 1520 1521
f 997 1522 1040
f 1040 1522 1521
f 1015 1522 1016
f 1016 1522 1523
f 1523 996 1524
f 1524 996 1062
f 1057 1060 1525
f 1525 1060 1524
f 1094 1528 1082
f 1082 1528 1527
f 1526 1528 1089
f 1089 1528 1529
f 1090 1531 1108
f 1108 1531 1530
f 1125 1533 1126
f 1126 1533 1532
f 3483 1755 727
f 727 1755 1214
f 735 1814 707
f 707 1814 1813
f 2891 1834 1246
f 1246 1834 1243
f 2904 1881 1847
f 1847 1881 1848
f 1852 1855 1853
f 1853 1855 1858
f 1902 2903 1877
f 1877 2903 1878
f 2903 2904 1878
f 1878 2904 1847
f 714 713 1848
f 1848 713 1849
f 1440 2990 1883
f 1883 2990 2989
f 1883 2989 1852
f 1852 2989 1855
f 2895 1888 2892
f 2892 1888 1887
f 774 777 1877
f 1877 777 1903
f 1251 2835 1252
f 1252 2835 2834
f 1213 2844 1212
f 1212 2844 1495
f 2851 892 1213
f 1213 892 2844
f 3123 2911 3124
f 3124 2911 2910
f 887 2929 888
f 888 2929 889
f 1435 2963 1436
f 1436 2963 2961
f 1253 1438 1254
f 1254 1438 1437
f 2970 731 735
f 735 731 1814
f 733 732 2885
f 2885 732 1215
f 2901 2902 2976
f 2976 2902 2977
f 2975 2982 2976
f 2976 2982 2979
f 2899 2900 2981
f 2981 2900 2979
f 2899 2981 2898
f 2898 2981 2983
f 2986 2985 2984
f 2984 2985 2983
f 2897 2985 2896
f 2896 2985 2988
f 2991 1439 2987
f 2987 1439 2988
f 777 2978 1903
f 1903 2978 2977
f 1885 1888 1858
f 1858 1888 1853
f 3090 3088 836
f 836 3088 833
f 3083 3088 3097
f 3097 3088 3096
f 3097 3096 3104
f 3104 3096 3106
f 3111 3116 3108
f 3108 3116 3109
f 3112 3111 3114
f 3114 3111 3108
f 3113 3122 3114
f 3114 3122 3115
f 891 890 2837
f 2837 890 2834
f 951 1456 954
f 954 1456 1519
f 967 1457 936
f 936 1457 1454
f 971 1462 902
f 902 1462 963
f 1461 1463 988
f 988 1463 987
f 1466 1468 1474
f 1474 1468 1470
f 1089 1529 1090
f 1090 1529 1531
f 1184 1181 1469
f 1469 1181 1180
f 1082 1527 1061
f 1061 1527 1525
f 1129 1473 1135
f 1135 1473 1475
f 1108 1530 1105
f 1105 1530 1532
f 1452 1499 3132
f 3132 1499 3136
f 3109 3116 3139
f 3139 3116 3138
f 2912 2911 887
f 887 2911 2929
f 2836 2835 1497
f 1497 2835 1494
f 2913 3102 2910
f 2910 3102 3115
f 1133 3187 1134
f 1134 3187 3185
f 3177 3176 3197
f 3197 3176 3198
f 3203 3183 3206
f 3206 3183 3207
f 3196 3202 3197
f 3197 3202 3211
f 3183 3182 3207
f 3207 3182 3185
f 1125 3180 1533
f 1533 3180 3198
f 3331 3203 3330
f 3330 3203 3206
f 3376 3379 3385
f 3385 3379 3386
f 3382 3376 3392
f 3392 3376 3385
f 3412 3415 3413
f 3413 3415 3414
f 3417 3396 3415
f 3415 3396 3395
f 3383 3386 3426
f 3426 3386 3425
f 3413 3414 3432
f 3432 3414 3430
f 3437 3396 3435
f 3435 3396 3417
f 3329 3382 3330
f 3330 3382 3392
f 3426 3425 3460
f 3460 3425 3458
f 3432 3430 3457
f 3457 3430 3463
f 3457 3463 3456
f 3456 3463 3465
f 3460 3458 3467
f 3467 3458 3466
f 3466 3455 3465
f 3465 3455 3456
f 3202 3437 3211
f 3211 3437 3435
f 3104 3106 3138
f 3138 3106 3139
f 3132 3136 1227
f 1227 3136 1476
f 943 687 600
f 600 687 601
f 596 625 667
f 667 625 1297
f 687 686 601
f 601 686 653
f 1319 784 711
f 711 784 712
f 1811 607 783
f 783 607 712
f 862 921 917
f 917 921 920
f 3478 925 3479
f 3479 925 924
f 2846 926 3478
f 3478 926 925
f 659 662 929
f 929 662 930
f 856 921 857
f 857 921 1204
f 1206 864 1207
f 1207 864 863
f 2876 1219 2877
f 2877 1219 1218
f 667 1297 593
f 593 1297 1296
f 917 920 1333
f 1333 920 1346
f 686 693 653
f 653 693 930
f 1277 913 1498
f 1498 913 1207
f 592 1536 610
f 610 1536 711
f 864 1206 1805
f 1805 1206 1804
f 1317 1536 1900
f 1900 1536 1809
f 1900 1809 1295
f 1295 1809 1296
f 3479 924 3477
f 3477 924 2824
f 927 926 1203
f 1203 926 2847
f 3484 2859 3032
f 3032 2859 3033
f 3472 2878 1217
f 1217 2878 1218
f 2889 2888 2880
f 2880 2888 2881
f 2886 2883 2887
f 2887 2883 2882
f 929 928 2847
f 2847 928 1203
f 857 1204 2921
f 2921 1204 2926
f 1820 1819 2882
f 2882 1819 2881
f 1821 2883 2876
f 2876 2883 1219
f 782 2889 783
f 783 2889 2880
f 1352 3034 1353
f 1353 3034 3033
f 3031 3034 3041
f 3041 3034 3043
f 944 943 3043
f 3043 943 600
f 1339 3145 1498
f 1498 3145 3143
f 1208 882 3148
f 3148 882 3143
f 2921 2926 3151
f 3151 2926 3156
f 3477 2824 1345
f 1345 2824 1346
f 1805 1804 3154
f 3154 1804 3156
f 886 3103 883
f 883 3103 3482
f 841 1248 3485
f 3485 1248 3121
f 2811 2819 2812
f 2812 2819 2816
f 2818 2815 2817
f 2817 2815 2806
f 2817 2816 2818
f 2818 2816 2819
f 2793 2795 2819
f 2819 2795 2818
f 243 352 2793
f 2793 352 2795
f 242 353 243
f 243 353 352
f 359 191 242
f 242 191 353
f 247 192 359
f 359 192 191
f 157 193 247
f 247 193 192
f 156 194 157
f 157 194 193
f 378 261 156
f 156 261 194
f 378 381 261
f 261 381 195
f 195 381 196
f 196 381 376
f 196 376 198
f 198 376 375
f 375 1776 198
f 198 1776 197
f 1776 1767 197
f 197 1767 274
f 181 274 199
f 199 274 1767
f 568 566 564
f 564 566 563
f 568 569 566
f 566 569 567
f 501 1773 1771
f 1771 1773 578
f 547 579 1773
f 1773 579 578
f 3486 470 474
f 474 470 469
f 450 582 3487
f 3487 582 3488
f 582 583 3488
f 3488 583 3489
f 583 584 3489
f 3489 584 3490
f 3490 584 3491
f 3491 584 543
f 470 3486 466
f 466 3486 467
f 3489 3490 503
f 503 3490 504
f 503 3492 3489
f 3489 3492 3488
f 3492 503 3493
f 3493 503 502
f 3495 3492 3494
f 3494 3492 3493
f 3487 3488 3495
f 3495 3488 3492
f 468 1774 465
f 465 1774 570
f 3494 3493 1775
f 1775 3493 1771
f 3490 3491 504
f 504 3491 1772
f 3491 543 1772
f 1772 543 548
f 450 3487 474
f 474 3487 3486
f 3495 467 3487
f 3487 467 3486
f 3494 468 3495
f 3495 468 467
f 468 3494 1774
f 1774 3494 1775
f 501 1771 502
f 502 1771 3493
f 527 366 384
f 384 366 365
f 522 524 527
f 527 524 366
f 521 534 522
f 522 534 524
f 530 535 521
f 521 535 534
f 508 486 513
f 513 486 532
f 513 532 541
f 541 532 535
f 667 668 596
f 596 668 597
f 1294 1297 624
f 624 1297 625
f 603 641 604
f 604 641 640
f 1290 1293 650
f 650 1293 651
f 1758 691 660
f 660 691 661
f 602 671 599
f 599 671 670
f 654 662 690
f 690 662 661
f 2856 598 695
f 695 598 597
f 602 654 671
f 671 654 690
f 604 640 676
f 676 640 704
f 1826 1829 708
f 708 1829 709
f 1288 1284 740
f 740 1284 741
f 755 754 758
f 758 754 759
f 2853 2856 932
f 932 2856 695
f 689 691 1192
f 1192 691 1193
f 784 1319 1240
f 1240 1319 1241
f 1813 1816 1244
f 1244 1816 1245
f 754 1288 759
f 759 1288 740
f 1894 1242 1318
f 1318 1242 1241
f 2867 1348 1418
f 1418 1348 1347
f 676 704 673
f 673 704 1347
f 1284 1287 741
f 741 1287 1419
f 1421 1426 1422
f 1422 1426 1425
f 1758 660 615
f 615 660 616
f 1192 1191 1421
f 1421 1191 1426
f 2962 1839 1504
f 1504 1839 1505
f 941 1194 1759
f 1759 1194 1193
f 1287 1537 1419
f 1419 1537 1760
f 1882 2893 1823
f 1823 2893 1824
f 1886 1891 1827
f 1827 1891 1828
f 1887 1886 1834
f 1834 1886 1827
f 1841 716 1838
f 1838 716 1505
f 782 784 1850
f 1850 784 1240
f 1239 1242 1863
f 1863 1242 1864
f 1242 1894 1864
f 1864 1894 1873
f 1822 1239 1823
f 1823 1239 1863
f 1318 1317 1895
f 1895 1317 1900
f 1894 1896 1873
f 1873 1896 1897
f 1291 1896 1292
f 1292 1896 1895
f 605 1898 606
f 606 1898 1897
f 1258 1257 2854
f 2854 1257 2855
f 1257 1351 2855
f 2855 1351 2857
f 1351 1353 2857
f 2857 1353 2858
f 1353 3033 2858
f 2858 3033 2859
f 2860 2861 3036
f 3036 2861 3037
f 2862 2863 2870
f 2870 2863 3039
f 2870 2869 2862
f 2862 2869 2864
f 2868 2865 2869
f 2869 2865 2864
f 1764 2866 2868
f 2868 2866 2865
f 1537 1199 1760
f 1760 1199 1348
f 615 2884 1758
f 1758 2884 1759
f 1825 1246 2890
f 2890 1246 1245
f 2893 2892 1824
f 1824 2892 2891
f 761 2960 758
f 758 2960 2906
f 3000 2943 2940
f 2940 2943 2941
f 2968 710 2950
f 2950 710 709
f 1764 1423 2866
f 2866 1423 2953
f 1423 645 2953
f 2953 645 2954
f 645 644 2954
f 2954 644 2955
f 644 738 2955
f 2955 738 2956
f 738 764 2956
f 2956 764 2957
f 764 763 2957
f 2957 763 2958
f 763 2908 2958
f 2958 2908 2959
f 2908 1436 2959
f 2959 1436 2961
f 1837 2964 1435
f 1435 2964 2963
f 1837 2937 2964
f 2964 2937 2965
f 2936 2968 2966
f 2966 2968 2950
f 1840 2942 1838
f 1838 2942 2941
f 2939 2949 2940
f 2940 2949 3006
f 2939 2942 2966
f 2966 2942 2965
f 1822 1825 1850
f 1850 1825 2890
f 1891 3005 1828
f 1828 3005 3006
f 3035 3038 3045
f 3045 3038 3042
f 3045 3044 3035
f 3035 3044 3040
f 669 1422 3045
f 3045 1422 3044
f 599 670 3041
f 3041 670 3042
f 931 3067 932
f 932 3067 3065
f 2853 3066 2854
f 2854 3066 3076
f 3067 3496 3065
f 3065 3496 3497
f 3066 3498 3076
f 3076 3498 3499
f 707 1813 708
f 708 1813 1244
f 2960 2962 2906
f 2906 2962 1504
f 2892 1887 2891
f 2891 1887 1834
f 1839 2962 2963
f 2963 2962 2961
f 595 626 596
f 596 626 625
f 623 626 3484
f 3484 626 2859
f 1291 1290 606
f 606 1290 603
f 1290 650 603
f 603 650 641
f 641 650 642
f 642 650 649
f 2860 2863 649
f 649 2863 642
f 3036 3039 2860
f 2860 3039 2863
f 3035 3040 3036
f 3036 3040 3039
f 1294 1293 1295
f 1295 1293 1292
f 624 651 1294
f 1294 651 1293
f 623 652 624
f 624 652 651
f 3484 2861 623
f 623 2861 652
f 3032 3037 3484
f 3484 3037 2861
f 3031 3038 3032
f 3032 3038 3037
f 3481 2848 2884
f 2884 2848 942
f 2846 617 1427
f 1427 617 616
f 3049 3167 3048
f 3048 3167 3500
f 1906 3048 3070
f 3070 3048 3500
f 1337 1768 3501
f 3501 1768 3502
f 3020 3503 3021
f 3021 3503 3024
f 2914 3023 3020
f 3020 3023 3503
f 859 1770 860
f 860 1770 3504
f 1336 3505 1768
f 1768 3505 3502
f 3065 3497 3066
f 3066 3497 3498
f 2814 3075 3067
f 3067 3075 3496
f 2839 3174 766
f 766 3174 3017
f 1337 3501 1338
f 1338 3501 1769
f 767 3018 3026
f 3026 3018 3506
f 3076 3499 3064
f 3064 3499 3507
f 727 730 3483
f 3483 730 3030
f 3064 3507 2871
f 2871 3507 3077
f 3100 3160 1786
f 1786 3160 1784
f 3026 3506 752
f 752 3506 3015
f 860 3504 2923
f 2923 3504 3508
f 753 3016 3027
f 3027 3016 3509
f 3027 3509 3008
f 3008 3509 3028
f 1782 1785 1783
f 1783 1785 3022
f 2923 3508 3153
f 3153 3508 3161
f 3148 3149 1208
f 1208 3149 3150
f 1335 1328 3510
f 3510 1328 1327
f 1336 1335 3505
f 3505 1335 3510
f 866 3511 1340
f 1340 3511 3146
f 865 1808 866
f 866 1808 3511
f 842 841 3159
f 3159 841 3485
f 2849 3512 1329
f 1329 3512 1326
f 1202 1331 2849
f 2849 1331 3512
f 3514 3515 3513
f 3513 3515 3516
f 3518 3516 3517
f 3517 3516 3515
f 3519 3520 3514
f 3514 3520 3515
f 3522 3523 3521
f 3521 3523 3524
f 3526 3527 3525
f 3525 3527 3528
f 3530 3531 3529
f 3529 3531 3532
f 3534 3535 3533
f 3533 3535 3536
f 3529 3532 3537
f 3537 3532 3538
f 3537 3539 3529
f 3529 3539 3540
f 3542 3543 3541
f 3541 3543 3544
f 3546 3547 3545
f 3545 3547 3548
f 3550 3534 3549
f 3549 3534 3533
f 3550 3543 3551
f 3551 3543 3552
f 3537 3545 3539
f 3539 3545 3548
f 3553 3554 3556
f 3556 3554 3555
f 3537 3557 3545
f 3545 3557 3546
f 3558 3559 3561
f 3561 3559 3560
f 3563 3564 3562
f 3562 3564 3565
f 3564 3563 3566
f 3566 3563 3567
f 3569 3570 3568
f 3568 3570 3571
f 3573 3574 3572
f 3572 3574 3575
f 3577 3578 3576
f 3576 3578 3579
f 3581 3582 3580
f 3580 3582 3583
f 3585 3586 3584
f 3584 3586 3579
f 3586 3587 3579
f 3579 3587 3576
f 3589 3590 3588
f 3588 3590 3591
f 3592 3593 3595
f 3595 3593 3594
f 3597 3598 3596
f 3596 3598 3595
f 3583 3600 3599
f 3599 3600 3601
f 3603 3599 3602
f 3602 3599 3601
f 3605 3606 3604
f 3604 3606 3607
f 3608 3555 3596
f 3596 3555 3554
f 3597 3610 3609
f 3609 3610 3565
f 3564 3611 3565
f 3565 3611 3609
f 3611 3564 3612
f 3612 3564 3566
f 3613 3614 3569
f 3569 3614 3570
f 3615 3616 3573
f 3573 3616 3574
f 3517 3617 3518
f 3518 3617 3618
f 3620 3621 3619
f 3619 3621 3622
f 3624 3625 3623
f 3623 3625 3626
f 3628 3629 3627
f 3627 3629 3630
f 3632 3633 3631
f 3631 3633 3634
f 3636 3637 3635
f 3635 3637 3638
f 3640 3641 3639
f 3639 3641 3642
f 3643 3644 3639
f 3639 3644 3640
f 3646 3513 3645
f 3645 3513 3647
f 3648 3514 3646
f 3646 3514 3513
f 3649 3519 3648
f 3648 3519 3514
f 3650 3651 3527
f 3527 3651 3652
f 3654 3651 3653
f 3653 3651 3650
f 3568 3571 3655
f 3655 3571 3656
f 3657 3658 3653
f 3653 3658 3659
f 3661 3662 3660
f 3660 3662 3658
f 3664 3665 3663
f 3663 3665 3666
f 3667 3657 3650
f 3650 3657 3653
f 3669 3523 3668
f 3668 3523 3670
f 3672 3673 3671
f 3671 3673 3674
f 3676 3677 3675
f 3675 3677 3678
f 3671 3674 3676
f 3676 3674 3677
f 3680 3681 3679
f 3679 3681 3682
f 3683 3684 3680
f 3680 3684 3681
f 3685 3686 3661
f 3661 3686 3662
f 3686 3687 3662
f 3662 3687 3688
f 3684 3683 3689
f 3689 3683 3690
f 3692 3693 3691
f 3691 3693 3694
f 3691 3694 3695
f 3695 3694 3696
f 3698 3699 3697
f 3697 3699 3700
f 3702 3703 3701
f 3701 3703 3704
f 3705 3706 3519
f 3519 3706 3520
f 3673 3672 3707
f 3707 3672 3708
f 3709 3710 3682
f 3682 3710 3679
f 3711 3712 3692
f 3692 3712 3693
f 3714 3715 3713
f 3713 3715 3716
f 3718 3700 3717
f 3717 3700 3699
f 3720 3721 3719
f 3719 3721 3722
f 3724 3725 3723
f 3723 3725 3726
f 3727 3728 3730
f 3730 3728 3729
f 3722 3721 3731
f 3731 3721 3732
f 3697 3700 3733
f 3733 3700 3714
f 3733 3714 3734
f 3734 3714 3713
f 3721 3723 3732
f 3732 3723 3735
f 3720 3736 3724
f 3724 3736 3737
f 3700 3718 3714
f 3714 3718 3715
f 3717 3699 3738
f 3738 3699 3739
f 3536 3740 3533
f 3533 3740 3540
f 3742 3743 3741
f 3741 3743 3744
f 3746 3747 3745
f 3745 3747 3748
f 3750 3751 3749
f 3749 3751 3752
f 3627 3632 3628
f 3628 3632 3631
f 3754 3755 3753
f 3753 3755 3626
f 3562 3565 3756
f 3756 3565 3610
f 3527 3652 3528
f 3528 3652 3757
f 3758 3524 3669
f 3669 3524 3523
f 3582 3598 3583
f 3583 3598 3600
f 3759 3670 3522
f 3522 3670 3523
f 3675 3678 3760
f 3760 3678 3761
f 3762 3763 3690
f 3690 3763 3689
f 3765 3766 3764
f 3764 3766 3767
f 3768 3739 3698
f 3698 3739 3699
f 3726 3725 3770
f 3770 3725 3769
f 3645 3647 3771
f 3771 3647 3772
f 3645 3678 3646
f 3646 3678 3677
f 3646 3677 3648
f 3648 3677 3674
f 3673 3649 3674
f 3674 3649 3648
f 3707 3773 3673
f 3673 3773 3649
f 3775 3776 3774
f 3774 3776 3777
f 3779 3526 3778
f 3778 3526 3525
f 3526 3779 3667
f 3667 3779 3780
f 3780 3781 3667
f 3667 3781 3657
f 3672 3679 3708
f 3708 3679 3710
f 3671 3680 3672
f 3672 3680 3679
f 3676 3683 3671
f 3671 3683 3680
f 3675 3690 3676
f 3676 3690 3683
f 3760 3762 3675
f 3675 3762 3690
f 3682 3681 3783
f 3783 3681 3782
f 3689 3784 3684
f 3684 3784 3785
f 3684 3785 3681
f 3681 3785 3782
f 3786 3709 3783
f 3783 3709 3682
f 3784 3689 3787
f 3787 3689 3763
f 3789 3557 3788
f 3788 3557 3790
f 3792 3793 3791
f 3791 3793 3794
f 3616 3615 3795
f 3795 3615 3796
f 3797 3798 3727
f 3727 3798 3728
f 3800 3801 3799
f 3799 3801 3802
f 3803 3578 3592
f 3592 3578 3593
f 3805 3806 3804
f 3804 3806 3807
f 3599 3603 3585
f 3585 3603 3586
f 3587 3586 3604
f 3604 3586 3603
f 3588 3591 3794
f 3794 3591 3791
f 3581 3803 3582
f 3582 3803 3592
f 3594 3561 3608
f 3608 3561 3790
f 3662 3688 3808
f 3808 3688 3809
f 3665 3664 3810
f 3810 3664 3811
f 3719 3812 3720
f 3720 3812 3736
f 3717 3813 3718
f 3718 3813 3737
f 3723 3721 3724
f 3724 3721 3720
f 3813 3717 3814
f 3814 3717 3738
f 3815 3816 303
f 303 3816 304
f 3818 3819 3817
f 3817 3819 3820
f 3578 3803 3579
f 3579 3803 3584
f 3558 3593 3577
f 3577 3593 3578
f 3822 3823 3821
f 3821 3823 3824
f 3546 3826 3825
f 3825 3826 3827
f 3828 3829 3547
f 3547 3829 3541
f 3831 3542 3830
f 3830 3542 3832
f 3834 3822 3833
f 3833 3822 3821
f 3835 3836 3827
f 3827 3836 3825
f 3800 3799 3828
f 3828 3799 3829
f 3830 3832 3837
f 3837 3832 3838
f 331 330 3551
f 3551 330 3839
f 3831 333 3552
f 3552 333 332
f 3819 3797 3841
f 3841 3797 3840
f 3513 3516 3647
f 3647 3516 3746
f 337 336 3745
f 3745 336 3772
f 3525 3528 3775
f 3775 3528 3749
f 3610 3597 3554
f 3554 3597 3596
f 3706 3702 3520
f 3520 3702 3701
f 3756 3610 3553
f 3553 3610 3554
f 3757 3750 3528
f 3528 3750 3749
f 3517 3515 3701
f 3701 3515 3520
f 3842 3584 3581
f 3581 3584 3803
f 3525 3775 3778
f 3778 3775 3774
f 3638 3843 3635
f 3635 3843 3618
f 3617 3621 3618
f 3618 3621 3635
f 3617 3517 3704
f 3704 3517 3701
f 3521 3624 3522
f 3522 3624 3623
f 3749 3844 3775
f 3775 3844 3776
f 3846 3847 3845
f 3845 3847 3848
f 3843 3747 3618
f 3618 3747 3518
f 3850 3851 3849
f 3849 3851 3748
f 3853 3854 3852
f 3852 3854 3855
f 3856 3857 3622
f 3622 3857 3619
f 3859 3860 3858
f 3858 3860 3861
f 3862 3844 3752
f 3752 3844 3749
f 3863 3759 3623
f 3623 3759 3522
f 3864 3777 3630
f 3630 3777 3776
f 3713 3865 3734
f 3734 3865 3866
f 3868 3869 3867
f 3867 3869 3870
f 3872 3873 3871
f 3871 3873 3874
f 3876 3877 3875
f 3875 3877 3878
f 3879 3880 3878
f 3878 3880 3881
f 3882 3883 3885
f 3885 3883 3884
f 3780 3886 3781
f 3781 3886 3887
f 3888 3685 3869
f 3869 3685 3661
f 3880 3879 3883
f 3883 3879 3884
f 3693 3783 3694
f 3694 3783 3782
f 3696 3785 3764
f 3764 3785 3784
f 3694 3782 3696
f 3696 3782 3785
f 3693 3786 3783
f 3787 3765 3784
f 3784 3765 3764
f 386 385 3765
f 3765 385 3766
f 3695 3889 3691
f 3691 3889 3890
f 3691 3890 3692
f 3692 3890 3891
f 3892 3711 3891
f 3891 3711 3692
f 3767 3893 3695
f 3695 3893 3889
f 3766 3894 3767
f 3767 3894 3893
f 3882 3885 3895
f 3895 3885 3896
f 3898 3698 3897
f 3897 3698 3697
f 3897 3697 3899
f 3899 3697 3733
f 3899 3733 3900
f 3900 3733 3734
f 3901 3768 3898
f 3898 3768 3698
f 3901 3902 3768
f 3768 3902 3903
f 3904 3905 3907
f 3907 3905 3906
f 3869 3661 3870
f 3870 3661 3660
f 3908 3909 3896
f 3896 3909 3895
f 3909 3758 3895
f 3895 3758 3669
f 3751 3531 3752
f 3752 3531 3848
f 3858 3536 3854
f 3854 3536 3535
f 3652 3562 3757
f 3757 3562 3756
f 3651 3654 3563
f 3563 3654 3567
f 3655 3656 3808
f 3808 3656 3659
f 3530 3740 3845
f 3845 3740 3861
f 3751 3750 3556
f 3556 3750 3553
f 3817 3820 3796
f 3796 3820 3795
f 410 409 3910
f 3910 409 3855
f 3750 3757 3553
f 3553 3757 3756
f 3908 3886 3909
f 3909 3886 3780
f 409 411 3855
f 3855 411 3851
f 413 412 3760
f 3760 412 3762
f 415 414 3763
f 3763 414 3787
f 3790 3557 3538
f 3538 3557 3537
f 3555 3608 3538
f 3538 3608 3790
f 3574 3911 3575
f 3575 3911 3912
f 3535 3534 3910
f 3910 3534 3839
f 3831 3552 3542
f 3542 3552 3543
f 3534 3550 3839
f 3839 3550 3551
f 3543 3550 3544
f 3544 3550 3549
f 3913 3914 3916
f 3916 3914 3915
f 3806 3805 3589
f 3589 3805 3590
f 3849 3843 3917
f 3917 3843 3638
f 3853 3644 3859
f 3859 3644 3742
f 3747 3746 3518
f 3518 3746 3516
f 3695 3696 3767
f 3767 3696 3764
f 3903 3918 3768
f 3768 3918 3739
f 3738 3739 3816
f 3816 3739 3918
f 3919 3920 3769
f 3769 3920 3770
f 3921 3726 3922
f 3922 3726 3770
f 3678 3645 3761
f 3761 3645 3771
f 3924 3913 3923
f 3923 3913 3916
f 3802 3925 3838
f 3838 3925 3837
f 3577 3926 3558
f 3558 3926 3559
f 3815 3919 3814
f 3814 3919 3769
f 3927 3928 3822
f 3822 3928 3823
f 3829 3832 3541
f 3541 3832 3542
f 3834 3927 3822
f 3832 3829 3838
f 3838 3829 3799
f 3745 3772 3746
f 3746 3772 3647
f 3849 3748 3843
f 3843 3748 3747
f 3854 3853 3858
f 3858 3853 3859
f 3854 3535 3855
f 3855 3535 3910
f 3557 3789 3546
f 3546 3789 3826
f 3923 3823 3924
f 3924 3823 3928
f 3823 3923 3929
f 3929 3923 3930
f 3531 3751 3532
f 3532 3751 3556
f 3532 3556 3538
f 3538 3556 3555
f 3932 3634 3931
f 3931 3634 3633
f 3814 3769 3813
f 3813 3769 3725
f 3620 3636 3621
f 3621 3636 3635
f 3847 3862 3848
f 3848 3862 3752
f 3531 3530 3848
f 3848 3530 3845
f 3933 3934 3830
f 3830 3934 3831
f 3925 3933 3837
f 3837 3933 3830
f 3934 440 3831
f 3831 440 333
f 3925 3802 3833
f 3833 3802 3801
f 3776 3844 3630
f 3630 3844 3627
f 3808 3659 3662
f 3662 3659 3658
f 3667 3650 3526
f 3526 3650 3527
f 3935 3666 3936
f 3936 3666 3665
f 3718 3737 3715
f 3715 3737 3736
f 3663 3809 3664
f 3664 3809 3688
f 3807 3806 3938
f 3938 3806 3937
f 445 413 3761
f 3761 413 3760
f 3902 447 3903
f 3903 447 446
f 3897 3890 3898
f 3898 3890 3889
f 3899 3891 3897
f 3897 3891 3890
f 3898 3889 3901
f 3901 3889 3893
f 3893 3894 3901
f 3901 3894 3902
f 414 386 3787
f 3787 386 3765
f 3940 3941 3939
f 3939 3941 3942
f 3840 3797 3943
f 3943 3797 3727
f 3665 3810 3936
f 3936 3810 3944
f 3921 3735 3726
f 3726 3735 3723
f 3920 3945 3770
f 3770 3945 3922
f 3521 3524 3774
f 3774 3524 3778
f 3864 3946 3625
f 3625 3946 3947
f 3773 3705 3649
f 3649 3705 3519
f 3779 3778 3758
f 3758 3778 3524
f 3812 3716 3736
f 3736 3716 3715
f 3624 3521 3777
f 3777 3521 3774
f 3703 3856 3704
f 3704 3856 3622
f 3900 3892 3899
f 3899 3892 3891
f 3641 3917 3642
f 3642 3917 3948
f 3895 3669 3882
f 3882 3669 3668
f 3855 3851 3852
f 3852 3851 3850
f 3894 458 3902
f 3902 458 447
f 3781 3887 3660
f 3660 3887 3870
f 3570 3566 3571
f 3571 3566 3567
f 3950 3576 3949
f 3949 3576 3587
f 3605 3602 3614
f 3614 3602 3612
f 3614 3612 3570
f 3570 3612 3566
f 3571 3567 3656
f 3656 3567 3654
f 3660 3658 3781
f 3781 3658 3657
f 3604 3607 3587
f 3587 3607 3949
f 3653 3659 3654
f 3654 3659 3656
f 3529 3540 3530
f 3530 3540 3740
f 3687 3811 3688
f 3688 3811 3664
f 3813 3725 3737
f 3737 3725 3724
f 3919 3815 461
f 461 3815 303
f 3818 3798 3819
f 3819 3798 3797
f 3819 3841 3820
f 3820 3841 3951
f 3816 3815 3738
f 3738 3815 3814
f 3540 3539 3533
f 3533 3539 3549
f 3548 3547 3544
f 3544 3547 3541
f 3539 3548 3549
f 3549 3548 3544
f 3741 3931 3860
f 3860 3931 3846
f 3801 3800 3835
f 3835 3800 3836
f 3934 3933 3824
f 3824 3933 3821
f 3825 3828 3546
f 3546 3828 3547
f 3833 3821 3925
f 3925 3821 3933
f 3800 3828 3836
f 3836 3828 3825
f 3824 3952 3934
f 3934 3952 440
f 3860 3846 3861
f 3861 3846 3845
f 3629 3946 3630
f 3630 3946 3864
f 3740 3536 3861
f 3861 3536 3858
f 3833 3801 3834
f 3834 3801 3835
f 3583 3599 3580
f 3580 3599 3585
f 3651 3563 3652
f 3652 3563 3562
f 3758 3909 3779
f 3779 3909 3780
f 3621 3617 3622
f 3622 3617 3704
f 3625 3947 3626
f 3626 3947 3753
f 3633 3632 3847
f 3847 3632 3862
f 3852 3850 3640
f 3640 3850 3641
f 3644 3853 3640
f 3640 3853 3852
f 3859 3742 3860
f 3860 3742 3741
f 3632 3627 3862
f 3862 3627 3844
f 3755 3863 3626
f 3626 3863 3623
f 3917 3638 3948
f 3948 3638 3637
f 3644 3643 3742
f 3742 3643 3743
f 3931 3633 3846
f 3846 3633 3847
f 3625 3624 3864
f 3864 3624 3777
f 3917 3641 3849
f 3849 3641 3850
f 3744 3932 3741
f 3741 3932 3931
f 3903 446 3918
f 3918 446 464
f 3953 3954 3956
f 3956 3954 3955
f 3958 3959 3957
f 3957 3959 3960
f 3876 3958 3877
f 3877 3958 3957
f 3877 3957 3961
f 3961 3957 3962
f 3963 3964 3958
f 3958 3964 3959
f 3965 3966 3876
f 3876 3966 3958
f 3966 3963 3958
f 3966 3967 3963
f 3963 3967 3968
f 3878 3877 3879
f 3879 3877 3961
f 3967 3969 3968
f 3968 3969 3970
f 3969 3971 3970
f 3970 3971 3972
f 3974 3904 3973
f 3973 3904 3907
f 3971 3975 3972
f 3972 3975 3976
f 3976 3975 3978
f 3978 3975 3977
f 3979 3980 3977
f 3977 3980 3978
f 3981 3982 3979
f 3979 3982 3980
f 3983 3984 3981
f 3981 3984 3982
f 3972 3985 3970
f 3970 3985 3986
f 3871 3987 3969
f 3969 3987 3971
f 3872 3871 3967
f 3967 3871 3969
f 3965 3872 3966
f 3966 3872 3967
f 3970 3986 3968
f 3968 3986 3988
f 3879 3961 3884
f 3884 3961 3940
f 3884 3940 3885
f 3885 3940 3939
f 3989 3990 3992
f 3992 3990 3991
f 3942 3993 3995
f 3995 3993 3994
f 3994 3996 3995
f 3995 3996 3974
f 3997 3998 3994
f 3994 3998 3996
f 3999 3997 3993
f 3993 3997 3994
f 4001 3996 4000
f 4000 3996 3998
f 4000 3998 4002
f 4002 3998 4003
f 4004 4003 3997
f 3997 4003 3998
f 3997 3999 4004
f 4004 3999 4005
f 4006 3995 3973
f 3973 3995 3974
f 3939 3942 4006
f 4006 3942 3995
f 3906 3887 3907
f 3907 3887 3886
f 3887 3906 3870
f 3870 3906 3867
f 3908 3973 3886
f 3886 3973 3907
f 3865 4007 3866
f 3866 4007 4008
f 3984 3983 4009
f 4009 3983 4010
f 3961 3962 3940
f 3940 3962 3941
f 4012 3868 4011
f 4011 3868 3867
f 4013 3975 3987
f 3987 3975 3971
f 4014 3977 4013
f 4013 3977 3975
f 4015 4010 4007
f 4007 4010 3983
f 4007 3983 4008
f 4008 3983 3981
f 4008 3981 4016
f 4016 3981 3979
f 4017 3984 4018
f 4018 3984 4009
f 3977 4014 3979
f 3979 4014 4016
f 3982 3984 4019
f 4019 3984 4017
f 4021 4022 4020
f 4020 4022 4023
f 4022 4012 4023
f 4023 4012 4011
f 4023 3904 4020
f 4020 3904 3974
f 4024 4025 4018
f 4018 4025 4017
f 4026 4027 4024
f 4024 4027 4025
f 4028 4026 4029
f 4029 4026 4024
f 4018 4021 4024
f 4024 4021 4029
f 4030 4031 4026
f 4026 4031 4027
f 4032 4030 4028
f 4028 4030 4026
f 4029 4001 4028
f 4028 4001 4000
f 4028 4000 4032
f 4032 4000 4002
f 4034 4035 4033
f 4033 4035 4036
f 4037 4038 4019
f 4019 4038 4039
f 4041 4039 4040
f 4040 4039 4038
f 4040 4038 4042
f 4042 4038 4036
f 4042 4036 4043
f 4043 4036 4035
f 3985 4044 4046
f 4046 4044 4045
f 4047 4048 4045
f 4045 4048 4046
f 4047 4049 4048
f 4048 4049 4050
f 4042 4047 4040
f 4040 4047 4045
f 4043 4049 4042
f 4042 4049 4047
f 4040 4045 4041
f 4041 4045 4044
f 4052 3959 4051
f 4051 3959 3964
f 4053 4054 4051
f 4051 4054 4055
f 3956 3960 4052
f 4052 3960 3959
f 3953 3956 4056
f 4056 3956 4052
f 4058 3953 4057
f 4057 3953 4056
f 4060 4061 4059
f 4059 4061 4062
f 4063 4064 4054
f 4054 4064 4057
f 4054 4053 4063
f 4063 4053 4065
f 4066 4067 4069
f 4069 4067 4068
f 4048 4050 4063
f 4063 4050 4064
f 4063 4065 4048
f 4048 4065 4046
f 3985 4046 3986
f 3986 4046 4065
f 3986 4065 3988
f 3988 4065 4053
f 3988 4053 3964
f 3964 4053 4051
f 3976 3978 4044
f 4044 3978 4041
f 3980 3982 4039
f 4039 3982 4019
f 4039 4041 3980
f 3980 4041 3978
f 3973 3908 4006
f 4006 3908 3896
f 3885 3939 3896
f 3896 3939 4006
f 4031 4034 4027
f 4027 4034 4033
f 4027 4033 4025
f 4025 4033 4037
f 4019 4017 4037
f 4037 4017 4025
f 3993 3942 4070
f 4070 3942 3941
f 3999 3993 4071
f 4071 3993 4070
f 3999 4071 4005
f 4005 4071 4072
f 4073 4074 4076
f 4076 4074 4075
f 4078 4079 4077
f 4077 4079 4080
f 4082 4080 4081
f 4081 4080 4079
f 4084 4085 4083
f 4083 4085 4086
f 4087 4088 4090
f 4090 4088 4089
f 4092 4093 4091
f 4091 4093 4094
f 4096 4097 4095
f 4095 4097 4098
f 4100 4101 4099
f 4099 4101 4102
f 4103 4104 4106
f 4106 4104 4105
f 4108 4109 4107
f 4107 4109 4110
f 4112 4113 4111
f 4111 4113 4114
f 4116 4117 4115
f 4115 4117 4118
f 4120 4121 4119
f 4119 4121 4122
f 4123 4124 4126
f 4126 4124 4125
f 4127 4128 4130
f 4130 4128 4129
f 4132 4133 4131
f 4131 4133 4134
f 4136 4108 4135
f 4135 4108 4107
f 4138 4139 4137
f 4137 4139 4140
f 4141 4142 4088
f 4088 4142 4089
f 4144 4145 4143
f 4143 4145 4146
f 4148 4149 4147
f 4147 4149 4150
f 4152 4153 4151
f 4151 4153 4154
f 4156 4082 4155
f 4155 4082 4081
f 4157 4158 4160
f 4160 4158 4159
f 4161 4162 4164
f 4164 4162 4163
f 4166 4122 4165
f 4165 4122 4121
f 4168 4152 4167
f 4167 4152 4151
f 4169 4170 4172
f 4172 4170 4171
f 4174 4175 4173
f 4173 4175 4176
f 4178 4149 4177
f 4177 4149 4179
f 4173 4176 4180
f 4180 4176 4181
f 4156 4085 4182
f 4182 4085 4183
f 4182 4184 4156
f 4156 4184 4082
f 4185 4186 4184
f 4184 4186 4187
f 4186 4188 4187
f 4187 4188 4189
f 4190 4191 4073
f 4073 4191 4074
f 4177 4179 4158
f 4158 4179 4159
f 4193 4127 4192
f 4192 4127 4130
f 4144 4194 4151
f 4151 4194 4167
f 4196 4197 4195
f 4195 4197 4198
f 4095 4199 4096
f 4096 4199 4200
f 4201 4202 4204
f 4204 4202 4203
f 4205 4206 4208
f 4208 4206 4207
f 4121 4120 4209
f 4209 4120 4210
f 4212 4213 4211
f 4211 4213 4214
f 4216 4217 4215
f 4215 4217 4218
f 4220 4221 4219
f 4219 4221 4222
f 4224 4196 4223
f 4223 4196 4195
f 4225 4226 4134
f 4134 4226 4131
f 4228 4229 4227
f 4227 4229 4230
f 4232 4233 4231
f 4231 4233 4098
f 4235 4236 4234
f 4234 4236 4237
f 4239 4240 4238
f 4238 4240 4241
f 4242 4243 4245
f 4245 4243 4244
f 4246 4247 4249
f 4249 4247 4248
f 4251 4252 4250
f 4250 4252 4253
f 4255 4256 4254
f 4254 4256 4257
f 4259 4260 4258
f 4258 4260 4261
f 4263 4264 4262
f 4262 4264 4265
f 4267 4268 4266
f 4266 4268 4269
f 4271 4199 4270
f 4270 4199 4272
f 4273 4274 4276
f 4276 4274 4275
f 4115 4118 4277
f 4277 4118 4278
f 4280 4281 4279
f 4279 4281 4282
f 4211 4283 4212
f 4212 4283 4284
f 4286 4287 4285
f 4285 4287 4288
f 4165 4121 4289
f 4289 4121 4209
f 4291 4286 4290
f 4290 4286 4285
f 4293 4294 4292
f 4292 4294 4295
f 4297 4298 4296
f 4296 4298 4299
f 4301 4302 4300
f 4300 4302 4303
f 4299 4304 4296
f 4296 4304 4305
f 4306 4292 4307
f 4307 4292 4295
f 4307 4308 4306
f 4306 4308 4309
f 4310 4309 4075
f 4075 4309 4308
f 4299 4298 4312
f 4312 4298 4311
f 4302 4301 4293
f 4293 4301 4294
f 3735 3921 4313
f 4313 3921 4314
f 4315 4314 3922
f 3922 4314 3921
f 4316 3945 829
f 829 3945 830
f 4289 4317 4165
f 4165 4317 4318
f 4320 4321 4319
f 4319 4321 4322
f 4324 4325 4323
f 4323 4325 4326
f 4327 4328 4330
f 4330 4328 4329
f 4290 4331 4291
f 4291 4331 4332
f 4165 4318 4166
f 4166 4318 4333
f 4334 4335 4337
f 4337 4335 4336
f 4339 4340 4338
f 4338 4340 4341
f 4168 4343 4342
f 4342 4343 4344
f 4346 4347 4345
f 4345 4347 4348
f 4350 4351 4349
f 4349 4351 4352
f 4354 4355 4353
f 4353 4355 4356
f 4357 4358 4324
f 4324 4358 4325
f 4337 4359 4334
f 4334 4359 4360
f 4362 4363 4361
f 4361 4363 4364
f 4366 4367 4365
f 4365 4367 4368
f 4369 4370 4372
f 4372 4370 4371
f 4331 4290 4374
f 4374 4290 4373
f 4373 4376 4375
f 4375 4376 4377
f 4379 4380 4378
f 4378 4380 4381
f 4217 4382 4218
f 4218 4382 4383
f 4385 4386 4384
f 4384 4386 4387
f 4388 4389 4338
f 4338 4389 4390
f 4337 4336 4392
f 4392 4336 4391
f 4394 4362 4393
f 4393 4362 4361
f 4396 4397 4395
f 4395 4397 4398
f 4400 4401 4399
f 4399 4401 4402
f 4345 4403 4346
f 4346 4403 4404
f 4405 4406 4342
f 4342 4406 4407
f 4409 4410 4408
f 4408 4410 4411
f 4408 4412 4409
f 4409 4412 4413
f 4181 4415 4414
f 4414 4415 4416
f 4182 4183 4417
f 4417 4183 4418
f 4419 4353 4311
f 4311 4353 4312
f 4421 4422 4420
f 4420 4422 4423
f 4353 4356 4312
f 4312 4356 4424
f 4166 4333 4425
f 4425 4333 4426
f 4425 4143 4166
f 4166 4143 4122
f 4427 4107 4428
f 4428 4107 4110
f 4429 4430 4174
f 4174 4430 4175
f 4335 4431 4336
f 4336 4431 4390
f 4336 4390 4391
f 4391 4390 4389
f 4432 4433 4435
f 4435 4433 4434
f 4437 4438 4436
f 4436 4438 4439
f 4441 4442 4440
f 4440 4442 4443
f 4359 4444 4361
f 4361 4444 4393
f 4446 4447 4445
f 4445 4447 4448
f 4338 4341 4388
f 4388 4341 4449
f 4450 4451 4398
f 4398 4451 4395
f 4453 4454 4452
f 4452 4454 4455
f 4457 4458 4456
f 4456 4458 4459
f 4460 4461 4448
f 4448 4461 4445
f 4463 4464 4462
f 4462 4464 4465
f 4462 4465 4466
f 4466 4465 4467
f 4468 4469 4467
f 4467 4469 4466
f 4469 4468 4470
f 4470 4468 4471
f 4472 4473 4471
f 4471 4473 4470
f 4475 4476 4474
f 4474 4476 4477
f 4479 4480 4478
f 4478 4480 4481
f 4483 4484 4482
f 4482 4484 4485
f 4487 4488 4486
f 4486 4488 4489
f 4491 4492 4490
f 4490 4492 4493
f 4494 4495 4493
f 4493 4495 4490
f 4496 4497 4494
f 4494 4497 4495
f 4497 4496 4498
f 4498 4496 4499
f 4500 4501 4503
f 4503 4501 4502
f 4505 4506 4504
f 4504 4506 4507
f 4466 4508 4462
f 4462 4508 4509
f 4470 4510 4469
f 4469 4510 4511
f 4513 4479 4512
f 4512 4479 4478
f 4515 4443 4514
f 4514 4443 4442
f 4516 4517 4519
f 4519 4517 4518
f 4521 4495 4520
f 4520 4495 4497
f 4522 4490 4521
f 4521 4490 4495
f 4491 4523 4488
f 4488 4523 4524
f 4525 4489 4524
f 4524 4489 4488
f 4484 4526 4485
f 4485 4526 4527
f 4503 4528 4500
f 4500 4528 4529
f 4530 4531 4533
f 4533 4531 4532
f 4535 4506 4534
f 4534 4506 4530
f 4486 4536 4487
f 4487 4536 4537
f 4487 4537 4492
f 4492 4537 4538
f 4494 4539 4496
f 4496 4539 4540
f 4542 4533 4541
f 4541 4533 4499
f 4544 4545 4543
f 4543 4545 4546
f 4548 4549 4547
f 4547 4549 4550
f 4536 4551 4537
f 4537 4551 4552
f 4537 4552 4538
f 4538 4552 4553
f 4554 4539 4556
f 4556 4539 4555
f 4557 4540 4554
f 4554 4540 4539
f 4559 4557 4558
f 4558 4557 4560
f 4540 4557 4541
f 4541 4557 4559
f 4562 4563 4561
f 4561 4563 4564
f 4546 4565 4543
f 4543 4565 4566
f 4547 4567 4548
f 4548 4567 4568
f 4570 4571 4569
f 4569 4571 4572
f 4574 4575 4573
f 4573 4575 4576
f 4578 4579 4577
f 4577 4579 4580
f 4582 4583 4581
f 4581 4583 4584
f 4585 4586 4588
f 4588 4586 4587
f 4589 4585 4590
f 4590 4585 4588
f 4592 4593 4591
f 4591 4593 4594
f 4596 4597 4595
f 4595 4597 4598
f 4600 4601 4599
f 4599 4601 4602
f 4563 4604 4603
f 4603 4604 4605
f 4603 4606 4608
f 4608 4606 4607
f 4609 4610 4594
f 4594 4610 4591
f 4611 4612 4614
f 4614 4612 4613
f 4616 4617 4615
f 4615 4617 4618
f 4602 4620 4619
f 4619 4620 4621
f 4619 4622 4602
f 4602 4622 4599
f 4605 4599 4623
f 4623 4599 4622
f 4605 4623 4603
f 4603 4623 4606
f 4625 4626 4624
f 4624 4626 4627
f 4438 4437 4628
f 4628 4437 4629
f 4442 4441 4630
f 4630 4441 4631
f 4630 4632 4442
f 4442 4632 4514
f 4633 4634 4529
f 4529 4634 4500
f 4500 4634 4501
f 4501 4634 4635
f 4637 4546 4636
f 4636 4546 4545
f 4639 4565 4638
f 4638 4565 4640
f 4573 4576 4641
f 4641 4576 4642
f 4593 4643 4594
f 4594 4643 4644
f 4645 4609 4644
f 4644 4609 4594
f 4647 4648 4646
f 4646 4648 4649
f 4651 4652 4650
f 4650 4652 4653
f 4654 4498 4519
f 4519 4498 4532
f 4520 4508 4521
f 4521 4508 4511
f 4522 4510 4523
f 4523 4510 4655
f 4524 4656 4525
f 4525 4656 4657
f 4514 4529 4515
f 4515 4529 4528
f 4658 4659 4661
f 4661 4659 4660
f 4496 4540 4499
f 4499 4540 4541
f 4493 4555 4494
f 4494 4555 4539
f 4549 4483 4550
f 4550 4483 4482
f 4545 4544 4501
f 4501 4544 4502
f 4636 4545 4635
f 4635 4545 4501
f 4589 4663 4662
f 4662 4663 4664
f 4662 4665 4558
f 4558 4665 4559
f 4569 4586 4570
f 4570 4586 4560
f 4552 4666 4553
f 4553 4666 4667
f 4668 4669 4670
f 4670 4669 4666
f 4672 4673 4671
f 4671 4673 4674
f 4287 4675 4288
f 4288 4675 4676
f 4678 4679 4677
f 4677 4679 4680
f 4681 4678 4682
f 4682 4678 4677
f 4682 4683 4681
f 4681 4683 4684
f 4161 4164 4685
f 4685 4164 4686
f 4414 4687 4689
f 4689 4687 4688
f 4405 4690 4346
f 4346 4690 4347
f 4691 4399 4693
f 4693 4399 4692
f 1209 4694 4365
f 4365 4694 4366
f 4650 1211 4651
f 4651 1211 1210
f 4695 4696 4255
f 4255 4696 4256
f 4697 4698 4218
f 4218 4698 4215
f 4700 4701 4699
f 4699 4701 4702
f 4703 4704 4303
f 4303 4704 4300
f 4315 3922 4316
f 4316 3922 3945
f 4653 4706 4705
f 4705 4706 4707
f 4709 4710 4708
f 4708 4710 4711
f 4335 4334 4713
f 4713 4334 4712
f 4714 4340 4321
f 4321 4340 4322
f 4716 4717 4715
f 4715 4717 4718
f 4238 4241 4719
f 4719 4241 4720
f 4231 4721 4307
f 4307 4721 4308
f 4723 4724 4722
f 4722 4724 4725
f 4727 4728 4726
f 4726 4728 4729
f 4730 4731 4327
f 4327 4731 4328
f 4733 4734 4732
f 4732 4734 4735
f 4720 4381 4736
f 4736 4381 4737
f 4738 4739 4741
f 4741 4739 4740
f 4743 4744 4742
f 4742 4744 4745
f 4338 4390 4339
f 4339 4390 4431
f 4746 4747 4431
f 4431 4747 4339
f 4291 4332 4289
f 4289 4332 4317
f 4289 4209 4291
f 4291 4209 4286
f 4287 4286 4210
f 4210 4286 4209
f 4749 4750 4748
f 4748 4750 4751
f 4212 4284 4752
f 4752 4284 4753
f 4752 4754 4212
f 4212 4754 4213
f 4252 4251 4225
f 4225 4251 4226
f 4227 4230 4248
f 4248 4230 4249
f 4205 4755 4757
f 4757 4755 4756
f 4708 4711 4758
f 4758 4711 4647
f 4367 4366 4759
f 4759 4366 4760
f 4526 4513 4527
f 4527 4513 4512
f 4420 4423 4385
f 4385 4423 4386
f 4705 4761 4653
f 4653 4761 4650
f 4761 1279 4650
f 4650 1279 1211
f 4762 4763 3944
f 3944 4763 3936
f 4274 4273 4765
f 4765 4273 4764
f 4767 4768 4766
f 4766 4768 4769
f 4770 4771 4769
f 4769 4771 4766
f 4771 4770 4242
f 4242 4770 4243
f 4093 4163 4094
f 4094 4163 4162
f 4772 4773 4775
f 4775 4773 4774
f 4777 4778 4776
f 4776 4778 4779
f 4417 4185 4182
f 4182 4185 4184
f 4780 4078 4781
f 4781 4078 4077
f 4781 4077 4782
f 4782 4077 4189
f 4188 4783 4189
f 4189 4783 4782
f 4295 4232 4307
f 4307 4232 4231
f 4785 4786 4784
f 4784 4786 4787
f 4784 1307 4785
f 4785 1307 1306
f 4078 4780 4096
f 4096 4780 4097
f 4075 4074 4310
f 4310 4074 4788
f 4788 4074 4789
f 4789 4074 4191
f 4789 4191 4059
f 4059 4191 4790
f 4791 4277 4792
f 4792 4277 4278
f 3732 3735 4793
f 4793 3735 4313
f 4793 4794 3732
f 3732 4794 3731
f 4792 4795 4791
f 4791 4795 4796
f 4797 4798 4799
f 4799 4798 4724
f 4763 4800 3936
f 3936 4800 3935
f 4801 4062 3729
f 3729 4062 3730
f 4713 4712 4802
f 4802 4712 4803
f 4146 4804 4119
f 4119 4804 4805
f 4498 4654 4497
f 4497 4654 4520
f 4806 4807 1326
f 1326 4807 1327
f 4689 4688 1330
f 1330 4688 1331
f 4801 4789 4062
f 4062 4789 4059
f 3730 4062 4808
f 4808 4062 4061
f 4810 4811 4809
f 4809 4811 4812
f 4813 4403 4814
f 4814 4403 4345
f 4815 4816 4349
f 4349 4816 4350
f 4817 4818 4820
f 4820 4818 4819
f 4406 4821 4407
f 4407 4821 4822
f 4823 4161 4824
f 4824 4161 4685
f 4181 4414 4825
f 4825 4414 4689
f 4741 4740 4826
f 4826 4740 4827
f 4828 4829 4827
f 4827 4829 4826
f 4142 4141 4415
f 4415 4141 4148
f 4830 1354 4761
f 4761 1354 1279
f 4832 4833 4831
f 4831 4833 4834
f 4835 4836 4626
f 4626 4836 4421
f 4451 4709 4395
f 4395 4709 4708
f 4627 4420 4837
f 4837 4420 4385
f 4837 1365 4838
f 4838 1365 1364
f 4397 4396 4839
f 4839 4396 4840
f 4842 4628 4841
f 4841 4628 4629
f 4671 4674 4631
f 4631 4674 4630
f 4674 4659 4630
f 4630 4659 4632
f 4633 4632 4658
f 4658 4632 4659
f 4658 4504 4633
f 4633 4504 4634
f 4635 4634 4507
f 4507 4634 4504
f 4843 4636 4507
f 4507 4636 4635
f 4844 4637 4843
f 4843 4637 4636
f 4637 4844 4640
f 4640 4844 4664
f 4638 4663 4642
f 4642 4663 4845
f 4847 4643 4846
f 4846 4643 4641
f 4644 4848 4645
f 4645 4848 4849
f 4851 4852 4850
f 4850 4852 4853
f 4855 4856 4854
f 4854 4856 4857
f 4859 4860 4858
f 4858 4860 4857
f 4715 4718 4859
f 4859 4718 4860
f 4862 4863 4861
f 4861 4863 4864
f 4866 4867 4865
f 4865 4867 4868
f 4870 4871 4869
f 4869 4871 4872
f 4869 4872 4116
f 4116 4872 4117
f 4820 4819 4874
f 4874 4819 4873
f 4876 4877 4875
f 4875 4877 4878
f 4880 4881 4879
f 4879 4881 4882
f 4884 4885 4883
f 4883 4885 4886
f 4887 4888 4280
f 4280 4888 4281
f 4818 4817 4889
f 4889 4817 4890
f 4891 4193 4823
f 4823 4193 4192
f 4892 4893 4228
f 4228 4893 4229
f 4158 4157 4894
f 4894 4157 4895
f 4896 4897 4132
f 4132 4897 4133
f 4099 4683 4100
f 4100 4683 4682
f 4101 4100 4899
f 4899 4100 4898
f 4150 4106 4147
f 4147 4106 4900
f 4100 4682 4898
f 4898 4682 4677
f 4080 4082 4187
f 4187 4082 4184
f 4077 4080 4189
f 4189 4080 4187
f 4191 4190 4790
f 4790 4190 4901
f 4177 4158 4680
f 4680 4158 4894
f 4108 4136 4752
f 4752 4136 4754
f 4752 4753 4108
f 4108 4753 4109
f 4817 4902 4890
f 4890 4902 4903
f 4904 4905 4907
f 4907 4905 4906
f 4909 4910 4908
f 4908 4910 4911
f 4913 4914 4912
f 4912 4914 4915
f 4916 4917 4919
f 4919 4917 4918
f 4312 4424 4299
f 4299 4424 4304
f 4920 4921 4297
f 4297 4921 4298
f 4194 4922 4167
f 4167 4922 4923
f 4924 4400 4691
f 4691 4400 4399
f 4395 4708 4396
f 4396 4708 4758
f 4367 4925 4368
f 4368 4925 4926
f 4919 4918 4873
f 4873 4918 4874
f 4836 4927 4421
f 4421 4927 4422
f 4921 4928 4298
f 4298 4928 4311
f 4143 4146 4122
f 4122 4146 4119
f 4929 4930 4455
f 4455 4930 4452
f 4932 4933 4931
f 4931 4933 4934
f 4935 4936 4932
f 4932 4936 4933
f 4461 4460 4457
f 4457 4460 4458
f 4480 4479 4475
f 4475 4479 4476
f 4660 4673 4517
f 4517 4673 4937
f 4661 4505 4658
f 4658 4505 4504
f 4484 4483 4489
f 4489 4483 4486
f 4462 4509 4463
f 4463 4509 4518
f 4469 4511 4466
f 4466 4511 4508
f 4655 4473 4656
f 4656 4473 4477
f 4476 4657 4477
f 4477 4657 4656
f 4479 4513 4476
f 4476 4513 4657
f 4489 4525 4484
f 4484 4525 4526
f 4483 4549 4486
f 4486 4549 4536
f 4549 4548 4536
f 4536 4548 4551
f 4548 4568 4551
f 4551 4568 4670
f 4663 4589 4845
f 4845 4589 4590
f 4668 4577 4938
f 4938 4577 4580
f 4940 4938 4939
f 4939 4938 4941
f 4940 4942 4669
f 4669 4942 4943
f 4587 4582 4944
f 4944 4582 4581
f 4848 4847 4608
f 4608 4847 4564
f 4616 4945 4613
f 4613 4945 4598
f 4615 4946 4616
f 4616 4946 4945
f 4947 4939 4948
f 4948 4939 4946
f 4599 4605 4600
f 4600 4605 4604
f 4608 4607 4848
f 4848 4607 4849
f 4613 4612 4616
f 4616 4612 4617
f 4835 4949 4709
f 4709 4949 4710
f 4357 1477 4837
f 4837 1477 1365
f 4712 4950 4803
f 4803 4950 4951
f 4401 4952 4402
f 4402 4952 4953
f 4759 4760 4402
f 4402 4760 4399
f 4508 4520 4509
f 4509 4520 4654
f 4510 4522 4511
f 4511 4522 4521
f 4513 4526 4657
f 4657 4526 4525
f 4632 4633 4514
f 4514 4633 4529
f 4931 4934 4453
f 4453 4934 4454
f 4153 4954 4154
f 4154 4954 4955
f 4957 4958 4956
f 4956 4958 4959
f 4961 4962 4960
f 4960 4962 4963
f 4120 4964 4210
f 4210 4964 4965
f 4967 4968 4966
f 4966 4968 4969
f 4349 4692 4815
f 4815 4692 4970
f 4652 4971 4653
f 4653 4971 4706
f 4758 4647 4972
f 4972 4647 4646
f 4973 4363 4646
f 4646 4363 4972
f 4950 4360 4974
f 4974 4360 4364
f 4431 4335 4746
f 4746 4335 4713
f 4358 4714 4325
f 4325 4714 4321
f 4765 4764 4266
f 4266 4764 4975
f 4202 4976 4203
f 4203 4976 4977
f 4917 4978 4918
f 4918 4978 4979
f 4279 4282 4854
f 4854 4282 4269
f 4820 4880 4817
f 4817 4880 4902
f 4890 4903 4980
f 4980 4903 4886
f 4982 4983 4981
f 4981 4983 4123
f 4795 4851 4796
f 4796 4851 4850
f 4918 4979 4874
f 4874 4979 4881
f 4809 4404 4810
f 4810 4404 4403
f 4354 4985 4984
f 4984 4985 4986
f 1364 1516 4838
f 4838 1516 4987
f 4759 4988 4367
f 4367 4988 4925
f 4989 4990 4481
f 4481 4990 4478
f 4443 4515 4990
f 4990 4515 4991
f 4527 4512 4992
f 4992 4512 4991
f 4528 4503 4992
f 4992 4503 4993
f 4993 4994 4485
f 4485 4994 4482
f 4544 4995 4502
f 4502 4995 4994
f 4995 4996 4550
f 4550 4996 4547
f 4998 4999 4997
f 4997 4999 4566
f 4998 5000 4578
f 4578 5000 4579
f 5001 5002 4596
f 4596 5002 4597
f 5003 4591 5004
f 5004 4591 4610
f 4626 4421 4627
f 4627 4421 4420
f 4837 4838 4627
f 4627 4838 4624
f 4761 4705 4830
f 4830 4705 5005
f 4705 4707 5005
f 5005 4707 5006
f 4308 4721 4075
f 4075 4721 4076
f 5007 4200 4797
f 4797 4200 4798
f 4685 4686 5008
f 5008 4686 5009
f 4889 4890 5010
f 5010 4890 4980
f 4323 1541 4324
f 4324 1541 1540
f 4385 4384 4358
f 4358 4384 4714
f 4396 4758 4840
f 4840 4758 4972
f 4866 4852 5011
f 5011 4852 5012
f 5013 4260 4980
f 4980 4260 5010
f 4875 4878 5014
f 5014 4878 5015
f 5017 5018 5016
f 5016 5018 5019
f 5016 5019 5020
f 5020 5019 5021
f 5023 5024 5022
f 5022 5024 5025
f 5027 5028 5026
f 5026 5028 5029
f 5031 5032 5030
f 5030 5032 5033
f 5035 5036 5034
f 5034 5036 5037
f 5039 5040 5038
f 5038 5040 5041
f 5043 5044 5042
f 5042 5044 5045
f 5038 5046 5039
f 5039 5046 5047
f 5049 5050 5048
f 5048 5050 5051
f 5053 5054 5052
f 5052 5054 5055
f 5057 5024 5056
f 5056 5024 5058
f 5060 5061 5059
f 5059 5061 5062
f 5064 5065 5063
f 5063 5065 5066
f 5043 5050 5064
f 5064 5050 5065
f 5038 5041 5067
f 5067 5041 5068
f 5070 5071 5069
f 5069 5071 5072
f 5074 5075 5073
f 5073 5075 5076
f 5034 5077 5035
f 5035 5077 5078
f 5080 5081 5079
f 5079 5081 5082
f 5084 5085 5083
f 5083 5085 5086
f 5085 5084 5087
f 5087 5084 5088
f 5090 5091 5089
f 5089 5091 5092
f 5094 5095 5093
f 5093 5095 5096
f 5098 5099 5097
f 5097 5099 5100
f 5102 5103 5101
f 5101 5103 5104
f 5105 5106 5108
f 5108 5106 5107
f 5110 5111 5109
f 5109 5111 5112
f 5114 5094 5113
f 5113 5094 5093
f 5116 5117 5115
f 5115 5117 5118
f 5120 5121 5119
f 5119 5121 5122
f 5124 5125 5123
f 5123 5125 5126
f 5128 5129 5127
f 5127 5129 5130
f 5097 5131 5098
f 5098 5131 5132
f 5134 5135 5133
f 5133 5135 5122
f 5084 5125 5088
f 5088 5125 5136
f 5138 5139 5137
f 5137 5139 5140
f 5142 5102 5141
f 5141 5102 5101
f 5106 5143 5107
f 5107 5143 5144
f 5146 5147 5145
f 5145 5147 5148
f 5149 5150 5109
f 5109 5150 5110
f 5151 5110 5152
f 5152 5110 5150
f 4715 5140 4716
f 4716 5140 5139
f 5143 4870 5144
f 5144 4870 4869
f 4115 5146 4116
f 4116 5146 5145
f 4791 4796 5149
f 5149 4796 5150
f 4796 4850 5150
f 5150 4850 5152
f 4858 5142 4859
f 4859 5142 5141
f 5153 5154 5115
f 5115 5154 5105
f 5156 5157 5155
f 5155 5157 5158
f 5159 5160 5053
f 5053 5160 5054
f 5161 5162 5020
f 5020 5162 5068
f 5026 5029 5163
f 5163 5029 5021
f 5083 5086 5164
f 5164 5086 5165
f 5090 5167 5166
f 5166 5167 5168
f 5169 5170 5172
f 5172 5170 5171
f 5174 5175 5173
f 5173 5175 5176
f 5177 5109 5178
f 5178 5109 5112
f 5179 5180 5182
f 5182 5180 5181
f 5123 5126 5120
f 5120 5126 5121
f 5180 5167 5181
f 5181 5167 5183
f 5184 5185 5179
f 5179 5185 5180
f 5186 5149 5177
f 5177 5149 5109
f 4868 5184 4865
f 4865 5184 5179
f 5188 5189 5187
f 5187 5189 5190
f 4277 4791 5186
f 5186 4791 5149
f 5179 5182 4865
f 4865 5182 4853
f 5189 4862 5190
f 5190 4862 4861
f 5156 5075 5191
f 5191 5075 5192
f 5036 5035 5193
f 5193 5035 5194
f 5115 5118 5153
f 5153 5118 5195
f 5022 5025 5196
f 5196 5025 5197
f 5155 5158 5069
f 5069 5158 5062
f 5063 5066 5198
f 5198 5066 5199
f 5073 5076 5200
f 5200 5076 5072
f 5202 5131 5201
f 5201 5131 5203
f 5143 5106 5204
f 5204 5106 5205
f 5114 5113 5206
f 5206 5113 5127
f 5098 5132 5193
f 5193 5132 5195
f 5204 5207 5143
f 5143 5207 4870
f 5088 5136 5208
f 5208 5136 5092
f 5209 5210 5089
f 5089 5210 5183
f 5211 5018 5060
f 5060 5018 5061
f 5017 5040 5070
f 5070 5040 5071
f 5191 5160 5156
f 5156 5160 5157
f 5048 5028 5049
f 5049 5028 5058
f 5207 5204 4858
f 4858 5204 5142
f 4859 5141 4715
f 4715 5141 5140
f 5212 5162 5042
f 5042 5162 5051
f 5182 5152 4853
f 4853 5152 4850
f 5214 5134 5213
f 5213 5134 5133
f 5164 5165 5133
f 5133 5165 5213
f 5215 5216 5201
f 5201 5216 5217
f 5147 5218 5148
f 5148 5218 5219
f 5147 5177 5218
f 5218 5177 5178
f 5141 5101 5140
f 5140 5101 5137
f 5201 5217 5202
f 5202 5217 5104
f 5146 5186 5147
f 5147 5186 5177
f 4277 5186 4115
f 4115 5186 5146
f 5191 5192 5031
f 5031 5192 5032
f 5052 5055 5220
f 5220 5055 5197
f 4116 5145 4869
f 4869 5145 5144
f 5034 5037 5214
f 5214 5037 5134
f 5097 5100 5114
f 5114 5100 5094
f 5108 5107 5219
f 5219 5107 5148
f 5221 5135 5116
f 5116 5135 5117
f 5124 5111 5209
f 5209 5111 5210
f 5107 5144 5148
f 5148 5144 5145
f 5152 5182 5151
f 5151 5182 5181
f 5208 5222 5088
f 5088 5222 5087
f 5222 5208 5171
f 5171 5208 5172
f 5223 1756 4698
f 4698 1756 1755
f 4427 5224 4107
f 4107 5224 4135
f 4178 4679 5225
f 5225 4679 5226
f 5227 5228 4892
f 4892 5228 4893
f 5229 5230 4171
f 4171 5230 4172
f 4855 4268 4884
f 4884 4268 4885
f 4884 4871 4855
f 4855 4871 4856
f 4684 5231 4896
f 4896 5231 4897
f 4768 4767 5009
f 5009 4767 5008
f 5205 5154 5102
f 5102 5154 5103
f 5099 5098 5194
f 5194 5098 5193
f 5198 5199 5079
f 5079 5199 5033
f 5102 5142 5205
f 5205 5142 5204
f 5224 4427 4681
f 4681 4427 4678
f 3712 3711 5232
f 5232 3711 5233
f 3968 3988 3963
f 3963 3988 3964
f 3976 4044 3972
f 3972 4044 3985
f 4038 4037 4036
f 4036 4037 4033
f 4794 4762 3731
f 3731 4762 3944
f 3731 3944 3722
f 3722 3944 3810
f 3874 5234 5232
f 5232 5234 3712
f 3906 3905 3867
f 3867 3905 4011
f 3904 4023 3905
f 3905 4023 4011
f 3719 3722 3811
f 3811 3722 3810
f 3812 3719 3687
f 3687 3719 3811
f 3716 3812 3686
f 3686 3812 3687
f 3713 3716 3685
f 3685 3716 3686
f 4810 4403 5235
f 5235 4403 4813
f 4345 1770 4814
f 4814 1770 1769
f 4067 4066 4058
f 4058 4066 5236
f 4043 4068 4049
f 4049 4068 4050
f 4034 5237 3989
f 3989 5237 3990
f 4031 4030 4072
f 4072 4030 4005
f 4003 4004 4002
f 4002 4004 4032
f 4004 4005 4032
f 4032 4005 4030
f 4067 4064 4068
f 4068 4064 4050
f 4058 4057 4067
f 4067 4057 4064
f 4035 4034 5238
f 5238 4034 3989
f 5236 5239 4058
f 4058 5239 5240
f 5234 3874 5241
f 5241 3874 3873
f 5241 3873 3881
f 3881 3873 3878
f 4800 4763 4788
f 4788 4763 4310
f 4763 4762 4310
f 4310 4762 4309
f 4762 4794 4309
f 4309 4794 4306
f 4794 4793 4306
f 4306 4793 4292
f 4293 4313 4302
f 4302 4313 4314
f 4302 4314 4303
f 4303 4314 4315
f 4303 4315 4703
f 4703 4315 4316
f 4035 4069 4043
f 4043 4069 4068
f 4324 1540 4357
f 4357 1540 1477
f 5232 3987 3874
f 3874 3987 3871
f 3987 5232 4013
f 4013 5232 5233
f 4013 5233 4014
f 4014 5233 5242
f 3888 4015 3865
f 3865 4015 4007
f 3866 4008 5243
f 5243 4008 4016
f 3873 5244 3878
f 3878 5244 3875
f 3965 5244 3872
f 3872 5244 3873
f 3876 3875 3965
f 3965 3875 5244
f 5243 4016 5242
f 5242 4016 4014
f 5246 5247 5245
f 5245 5247 5248
f 3576 3950 3577
f 3577 3950 3926
f 3584 3842 3585
f 3585 3842 3580
f 5249 5247 1784
f 1784 5247 1785
f 5250 5251 5253
f 5253 5251 5252
f 5255 5252 5254
f 5254 5252 5256
f 5254 5256 5258
f 5258 5256 5257
f 5258 5257 5260
f 5260 5257 5259
f 4356 5261 4424
f 4424 5261 5259
f 4355 5262 4356
f 4356 5262 5261
f 4924 5264 5263
f 5263 5264 5265
f 4693 5266 4691
f 4691 5266 5267
f 4351 5268 4352
f 4352 5268 5269
f 1808 1807 4351
f 4351 1807 5268
f 3580 3842 3581
f 3799 3802 3838
f 4800 4788 4801
f 4801 4788 4789
f 3729 3935 4801
f 4801 3935 4800
f 3728 3666 3729
f 3729 3666 3935
f 3728 3798 3666
f 3666 3798 3663
f 3798 3818 3663
f 3663 3818 3809
f 3818 3817 3809
f 3809 3817 3808
f 3796 3655 3817
f 3817 3655 3808
f 3615 3568 3796
f 3796 3568 3655
f 3573 3569 3615
f 3615 3569 3568
f 3572 3613 3573
f 3573 3613 3569
f 3792 3606 3572
f 3572 3606 3613
f 3607 3791 3949
f 3949 3791 3591
f 3590 3950 3591
f 3591 3950 3949
f 3805 3926 3590
f 3590 3926 3950
f 3804 3559 3805
f 3805 3559 3926
f 3804 3914 3559
f 3559 3914 3560
f 3924 3789 3913
f 3913 3789 3788
f 3924 3928 3789
f 3789 3928 3826
f 3928 3927 3826
f 3826 3927 3827
f 3927 3834 3827
f 3827 3834 3835
f 4079 4078 5270
f 5270 4078 5007
f 5271 5272 4233
f 4233 5272 5273
f 5275 5276 5274
f 5274 5276 5277
f 5278 5279 4236
f 4236 5279 4237
f 5278 5280 5271
f 5271 5280 5272
f 4235 5281 4236
f 4236 5281 5282
f 5284 5285 5283
f 5283 5285 5286
f 5288 5289 5287
f 5287 5289 5290
f 5292 5293 5291
f 5291 5293 5294
f 5287 5290 4726
f 4726 5290 5295
f 4293 4292 4313
f 4313 4292 4793
f 4720 4736 4719
f 4719 4736 5296
f 5297 4909 5298
f 5298 4909 4908
f 5299 5300 4976
f 4976 5300 5301
f 5302 4202 5303
f 5303 4202 4201
f 5304 5305 4983
f 4983 5305 5306
f 5308 5309 5307
f 5307 5309 5310
f 4722 4725 5283
f 5283 4725 5311
f 5291 5294 4125
f 4125 5294 4126
f 5313 5314 5312
f 5312 5314 5315
f 5316 5317 5319
f 5319 5317 5318
f 5321 5308 5320
f 5320 5308 5307
f 4819 4981 4873
f 4873 4981 5322
f 4981 4123 5322
f 5322 4123 4126
f 5324 5325 5323
f 5323 5325 5326
f 4764 5327 4975
f 4975 5327 5328
f 4172 5327 4169
f 4169 5327 5329
f 4768 4171 4769
f 4769 4171 4170
f 4243 4755 4244
f 4244 4755 5330
f 4755 4205 5330
f 5330 4205 4208
f 4206 4906 4207
f 4207 4906 4905
f 4686 5014 5009
f 5009 5014 5229
f 4756 4770 4170
f 4170 4770 4769
f 4170 4169 4756
f 4756 4169 4757
f 4273 5329 4764
f 4764 5329 5327
f 4276 5331 4273
f 4273 5331 5329
f 4770 4756 4243
f 4243 4756 4755
f 5333 4889 5332
f 5332 4889 5010
f 4877 5332 4878
f 4878 5332 4259
f 4875 4164 4876
f 4876 4164 4163
f 5334 5335 5324
f 5324 5335 5325
f 4983 5306 4123
f 4123 5306 4124
f 4818 4982 4819
f 4819 4982 4981
f 5332 5010 4259
f 4259 5010 4260
f 5014 4686 4875
f 4875 4686 4164
f 4171 4768 5229
f 5229 4768 5009
f 5337 4916 5336
f 5336 4916 4919
f 5293 5337 5294
f 5294 5337 5336
f 4982 4818 5333
f 5333 4818 4889
f 5338 5339 4262
f 4262 5339 5340
f 5307 5310 5338
f 5338 5310 5339
f 5341 5342 4204
f 4204 5342 5309
f 5336 4919 5322
f 5322 4919 4873
f 5294 5336 4126
f 4126 5336 5322
f 5323 5326 5343
f 5343 5326 5286
f 4914 5344 4915
f 4915 5344 5345
f 5312 5315 5344
f 5344 5315 5345
f 5347 5348 5346
f 5346 5348 5349
f 5350 5351 4832
f 4832 5351 4833
f 5352 5353 5349
f 5349 5353 5346
f 5354 5338 4265
f 4265 5338 4262
f 5320 5307 5354
f 5354 5307 5338
f 4201 5308 5303
f 5303 5308 5321
f 5356 5357 5355
f 5355 5357 4799
f 5358 5359 5334
f 5334 5359 5335
f 5358 5360 4093
f 4093 5360 4163
f 5360 5305 4163
f 4163 5305 4876
f 5305 5304 4876
f 4876 5304 4877
f 5270 4778 4079
f 4079 4778 4081
f 4779 5361 4774
f 4774 5361 5357
f 5356 5359 4775
f 4775 5359 4092
f 5333 5304 4982
f 4982 5304 4983
f 5332 4877 5333
f 5333 4877 5304
f 5015 4258 5230
f 5230 4258 5328
f 5327 4172 5328
f 5328 4172 5230
f 4169 5329 4757
f 4757 5329 5331
f 4757 5331 4205
f 4205 5331 4206
f 5331 4276 4206
f 4206 4276 4906
f 4276 4275 4906
f 4906 4275 4907
f 4275 4888 4907
f 4907 4888 4744
f 4887 4717 4745
f 4745 4717 4864
f 4716 5139 4861
f 4861 5139 5190
f 5139 5138 5190
f 5190 5138 5187
f 5138 5216 5187
f 5187 5216 5176
f 5215 5362 5173
f 5173 5362 5130
f 5364 5365 5363
f 5363 5365 5340
f 4742 4863 5366
f 5366 4863 4867
f 4862 5189 4868
f 4868 5189 5184
f 5189 5188 5184
f 5184 5188 5185
f 5188 5175 5185
f 5185 5175 5168
f 3560 3788 3561
f 3561 3788 3790
f 3596 3595 3608
f 3608 3595 3594
f 3598 3582 3595
f 3595 3582 3592
f 3600 3609 3601
f 3601 3609 3611
f 3602 3601 3612
f 3612 3601 3611
f 3606 3605 3613
f 3613 3605 3614
f 3793 5367 3794
f 3794 5367 5368
f 3598 3597 3600
f 3600 3597 3609
f 3793 3792 3575
f 3575 3792 3572
f 3561 3594 3558
f 3558 3594 3593
f 3807 3915 3804
f 3804 3915 3914
f 3916 3915 5370
f 5370 3915 5369
f 3602 3605 3603
f 3603 3605 3604
f 3606 3792 3607
f 3607 3792 3791
f 3914 3913 3560
f 3560 3913 3788
f 5174 5129 5166
f 5166 5129 5371
f 5170 5169 5093
f 5093 5169 5113
f 5166 5371 5090
f 5090 5371 5091
f 5128 5169 5372
f 5372 5169 5172
f 5127 5113 5128
f 5128 5113 5169
f 5114 5206 5203
f 5203 5206 5362
f 5200 5373 5073
f 5073 5373 5096
f 5374 5375 5200
f 5200 5375 5373
f 5039 5047 5374
f 5374 5047 5375
f 5087 5046 5085
f 5085 5046 5376
f 5212 5377 5067
f 5067 5377 5376
f 5042 5045 5212
f 5212 5045 5377
f 5064 5378 5043
f 5043 5378 5044
f 5063 5077 5064
f 5064 5077 5378
f 5079 5082 5198
f 5198 5082 5078
f 5099 5081 5100
f 5100 5081 5379
f 5100 5379 5094
f 5094 5379 5095
f 5381 5382 5380
f 5380 5382 5383
f 5385 5386 5384
f 5384 5386 5383
f 5385 5387 5386
f 5386 5387 5388
f 5390 5391 5389
f 5389 5391 5392
f 5393 5394 5396
f 5396 5394 5395
f 5398 5399 5397
f 5397 5399 5400
f 5402 5403 5401
f 5401 5403 5404
f 5406 5407 5405
f 5405 5407 5404
f 5408 5409 5163
f 5163 5409 5410
f 5411 5412 5414
f 5414 5412 5413
f 5057 5416 5415
f 5415 5416 5417
f 5393 5416 5418
f 5418 5416 5419
f 5396 5395 5420
f 5420 5395 5421
f 5423 5424 5422
f 5422 5424 5425
f 5415 5417 5220
f 5220 5417 5426
f 5418 5391 5393
f 5393 5391 5394
f 5414 5388 5411
f 5411 5388 5392
f 5059 5427 5060
f 5060 5427 5428
f 5423 5427 5429
f 5429 5427 5430
f 5432 5382 5431
f 5431 5382 5425
f 5429 5407 5423
f 5423 5407 5424
f 5380 5409 5381
f 5381 5409 5433
f 5381 5433 5422
f 5422 5433 5428
f 5027 5412 5056
f 5056 5412 5419
f 5435 5436 5434
f 5434 5436 5437
f 5159 5439 5438
f 5438 5439 5440
f 5053 5436 5159
f 5159 5436 5439
f 5441 5403 5398
f 5398 5403 5399
f 5163 5410 5026
f 5026 5410 5413
f 5438 5440 5442
f 5442 5440 5430
f 5444 5445 5443
f 5443 5445 5446
f 5447 5448 5450
f 5450 5448 5449
f 5451 5446 5452
f 5452 5446 5445
f 5454 5455 5453
f 5453 5455 5451
f 5456 5454 5458
f 5458 5454 5457
f 5460 5461 5459
f 5459 5461 5462
f 5464 5465 5463
f 5463 5465 5466
f 5468 5469 5467
f 5467 5469 5470
f 5472 5473 5471
f 5471 5473 5474
f 5475 5476 5478
f 5478 5476 5477
f 5479 5480 5482
f 5482 5480 5481
f 5483 5484 5448
f 5448 5484 5485
f 5448 5485 5449
f 5449 5485 5486
f 5487 5476 5488
f 5488 5476 5475
f 5490 5491 5489
f 5489 5491 5492
f 5494 5495 5493
f 5493 5495 5496
f 5498 5494 5497
f 5497 5494 5493
f 5500 5501 5499
f 5499 5501 5502
f 5503 5504 5446
f 5446 5504 5443
f 5506 5507 5505
f 5505 5507 5508
f 5510 5511 5509
f 5509 5511 5512
f 5514 5515 5513
f 5513 5515 5516
f 5518 5519 5517
f 5517 5519 5520
f 5495 5521 5496
f 5496 5521 5522
f 5524 5525 5523
f 5523 5525 5526
f 5527 5528 5494
f 5494 5528 5495
f 5499 5502 5529
f 5529 5502 5530
f 5531 5532 5485
f 5485 5532 5486
f 5485 5484 5531
f 5531 5484 5533
f 5482 5481 5534
f 5534 5481 5535
f 5536 5512 5506
f 5506 5512 5511
f 5455 5503 5451
f 5451 5503 5446
f 5467 5470 5511
f 5511 5470 5537
f 5538 5467 5510
f 5510 5467 5511
f 5540 5541 5539
f 5539 5541 5542
f 5543 5544 5546
f 5546 5544 5545
f 5548 5472 5547
f 5547 5472 5471
f 5493 5496 5549
f 5549 5496 5550
f 5496 5522 5550
f 5550 5522 5551
f 5553 5554 5552
f 5552 5554 5555
f 5557 5447 5556
f 5556 5447 5558
f 5557 5483 5447
f 5447 5483 5448
f 5478 5477 5553
f 5553 5477 5559
f 5477 5560 5559
f 5559 5560 5561
f 5476 5562 5477
f 5477 5562 5560
f 5476 5487 5562
f 5562 5487 5563
f 5560 5564 5561
f 5561 5564 5565
f 5564 5560 5566
f 5566 5560 5562
f 5563 5567 5562
f 5562 5567 5566
f 5569 5521 5568
f 5568 5521 5570
f 5481 5572 5571
f 5571 5572 5573
f 5574 5535 5571
f 5571 5535 5481
f 5576 5577 5575
f 5575 5577 5578
f 5579 5580 5456
f 5456 5580 5581
f 5475 5582 5488
f 5488 5582 5583
f 5584 5536 5505
f 5505 5536 5506
f 5585 5586 5588
f 5588 5586 5587
f 5590 5591 5589
f 5589 5591 5592
f 5519 5593 5520
f 5520 5593 5594
f 5595 5596 5462
f 5462 5596 5597
f 5599 5600 5598
f 5598 5600 5514
f 5602 5603 5601
f 5601 5603 5604
f 5524 5543 5525
f 5525 5543 5546
f 5543 5524 5606
f 5606 5524 5605
f 5607 5608 5500
f 5500 5608 5501
f 5610 5551 5609
f 5609 5551 5522
f 5611 5510 5598
f 5598 5510 5509
f 5612 5597 5457
f 5457 5597 5458
f 5510 5611 5538
f 5538 5611 5613
f 5580 5508 5581
f 5581 5508 5507
f 5615 5616 5614
f 5614 5616 5617
f 5619 5620 5618
f 5618 5620 5621
f 5623 5624 5622
f 5622 5624 5625
f 5627 5624 5626
f 5626 5624 5623
f 5629 5630 5628
f 5628 5630 5631
f 5633 5634 5632
f 5632 5634 5466
f 5635 5636 5463
f 5463 5636 5637
f 5523 5638 5524
f 5524 5638 5605
f 5639 5640 5641
f 5641 5640 5595
f 5611 5513 5613
f 5613 5513 5642
f 5643 5586 5608
f 5608 5586 5501
f 5622 5625 5590
f 5590 5625 5591
f 5598 5514 5611
f 5611 5514 5513
f 5645 5646 5644
f 5644 5646 5647
f 5620 5619 5491
f 5491 5619 5648
f 5649 5643 5492
f 5492 5643 5608
f 5650 5651 5653
f 5653 5651 5652
f 5463 5466 5635
f 5635 5466 5634
f 5597 5612 5462
f 5462 5612 5459
f 5635 5634 5523
f 5523 5634 5638
f 5654 5638 5633
f 5633 5638 5634
f 5655 5656 5525
f 5525 5656 5526
f 5658 5659 5657
f 5657 5659 5527
f 5660 5464 5637
f 5637 5464 5463
f 5632 5466 5661
f 5661 5466 5465
f 5661 5662 5632
f 5632 5662 5658
f 5662 5663 5658
f 5658 5663 5659
f 5665 5659 5664
f 5664 5659 5663
f 5632 5658 5633
f 5633 5658 5657
f 5666 5629 5530
f 5530 5629 5667
f 5528 5527 5665
f 5665 5527 5659
f 5668 5669 5570
f 5570 5669 5568
f 5669 5668 5670
f 5670 5668 5671
f 5646 5672 5673
f 5672 5674 5673
f 5673 5674 5675
f 5674 5460 5675
f 5675 5460 5459
f 5461 5676 5462
f 5462 5676 5595
f 5677 5678 5680
f 5680 5678 5679
f 5628 5681 5629
f 5629 5681 5667
f 5682 5529 5667
f 5667 5529 5530
f 5675 5459 5683
f 5683 5459 5612
f 5585 5666 5502
f 5502 5666 5530
f 5589 5684 5602
f 5602 5684 5603
f 5646 5645 5663
f 5663 5645 5664
f 5685 5647 5673
f 5673 5647 5646
f 5686 5687 5683
f 5683 5687 5685
f 5688 5689 5533
f 5533 5689 5531
f 5690 5691 5535
f 5535 5691 5534
f 5692 5690 5574
f 5574 5690 5535
f 5685 5687 5689
f 5689 5687 5693
f 5489 5694 5490
f 5490 5694 5695
f 5690 5692 5696
f 5696 5692 5697
f 5696 5644 5690
f 5690 5644 5691
f 5447 5450 5558
f 5558 5450 5698
f 5699 5700 5642
f 5642 5700 5613
f 5701 5702 5540
f 5540 5702 5541
f 5431 5703 5432
f 5432 5703 5697
f 5385 5384 5574
f 5574 5384 5692
f 5389 5387 5573
f 5573 5387 5571
f 5565 5390 5573
f 5573 5390 5389
f 5390 5565 5704
f 5704 5565 5564
f 5566 5705 5564
f 5564 5705 5704
f 5569 5441 5609
f 5609 5441 5398
f 5568 5405 5569
f 5569 5405 5441
f 5670 5706 5669
f 5669 5706 5406
f 5703 5431 5670
f 5670 5431 5706
f 5432 5697 5384
f 5384 5697 5692
f 5574 5571 5385
f 5385 5571 5387
f 5607 5707 5489
f 5489 5707 5694
f 5518 5708 5519
f 5519 5708 5709
f 5711 5576 5710
f 5710 5576 5575
f 5713 5714 5712
f 5712 5714 5715
f 5553 5552 5478
f 5478 5552 5716
f 5717 5475 5716
f 5716 5475 5478
f 5718 5719 5605
f 5605 5719 5606
f 5505 5622 5584
f 5584 5622 5590
f 5508 5623 5505
f 5505 5623 5622
f 5626 5623 5580
f 5580 5623 5508
f 5580 5579 5626
f 5626 5579 5720
f 5579 5721 5720
f 5720 5721 5722
f 5666 5585 5723
f 5723 5585 5588
f 5724 5725 5639
f 5639 5725 5640
f 5554 5726 5555
f 5555 5726 5727
f 5453 5728 5729
f 5689 5688 5685
f 5685 5688 5647
f 5604 5730 5512
f 5512 5730 5509
f 5628 5631 5618
f 5618 5631 5592
f 5601 5604 5536
f 5536 5604 5512
f 5732 5676 5731
f 5731 5676 5660
f 5730 5604 5733
f 5733 5604 5603
f 5563 5487 5551
f 5551 5487 5550
f 5489 5492 5607
f 5607 5492 5608
f 5573 5572 5565
f 5565 5572 5561
f 5609 5522 5569
f 5569 5522 5521
f 5499 5734 5500
f 5500 5734 5735
f 5596 5736 5721
f 5721 5736 5722
f 5737 5600 5594
f 5594 5600 5520
f 5599 5730 5517
f 5517 5730 5733
f 5660 5738 5731
f 5731 5738 5739
f 5648 5649 5491
f 5491 5649 5492
f 5501 5586 5502
f 5502 5586 5585
f 5525 5546 5655
f 5655 5546 5740
f 5600 5599 5520
f 5520 5599 5517
f 5708 5739 5709
f 5709 5739 5738
f 5636 5635 5526
f 5526 5635 5523
f 5670 5671 5703
f 5703 5671 5741
f 5490 5695 5742
f 5742 5695 5743
f 5682 5678 5744
f 5744 5678 5677
f 5678 5681 5679
f 5679 5681 5621
f 5742 5743 5679
f 5679 5743 5680
f 5618 5621 5628
f 5628 5621 5681
f 5725 5724 5589
f 5589 5724 5684
f 5456 5458 5579
f 5579 5458 5721
f 5675 5683 5673
f 5673 5683 5685
f 5529 5682 5745
f 5745 5682 5744
f 5721 5458 5596
f 5596 5458 5597
f 5701 5540 5719
f 5719 5540 5606
f 5703 5741 5697
f 5697 5741 5696
f 5500 5735 5607
f 5607 5735 5707
f 5549 5746 5493
f 5493 5746 5497
f 5700 5747 5613
f 5613 5747 5538
f 5420 5421 5434
f 5434 5421 5400
f 5689 5693 5531
f 5531 5693 5532
f 5705 5566 5748
f 5748 5566 5567
f 5609 5398 5610
f 5610 5398 5397
f 5669 5406 5568
f 5568 5406 5405
f 5488 5583 5549
f 5549 5583 5746
f 5714 5713 5710
f 5710 5713 5711
f 5747 5468 5538
f 5538 5468 5467
f 5548 5547 5749
f 5749 5547 5750
f 5733 5603 5751
f 5751 5603 5684
f 5589 5602 5590
f 5590 5602 5584
f 5636 5752 5614
f 5614 5752 5615
f 5753 5754 5738
f 5738 5754 5755
f 5602 5601 5584
f 5584 5601 5536
f 5723 5736 5630
f 5630 5736 5640
f 5595 5640 5596
f 5596 5640 5736
f 5734 5499 5745
f 5745 5499 5529
f 5627 5587 5643
f 5643 5587 5586
f 5553 5559 5554
f 5554 5559 5480
f 5559 5561 5480
f 5480 5561 5572
f 5554 5480 5726
f 5726 5480 5479
f 5749 5750 5715
f 5715 5750 5712
f 5683 5612 5686
f 5686 5612 5457
f 5678 5682 5681
f 5681 5682 5667
f 5598 5509 5599
f 5599 5509 5730
f 5679 5621 5742
f 5742 5621 5620
f 5652 5616 5653
f 5653 5616 5615
f 5220 5426 5052
f 5052 5426 5437
f 5487 5488 5550
f 5550 5488 5549
f 5742 5620 5490
f 5490 5620 5491
f 5551 5610 5563
f 5563 5610 5567
f 5610 5397 5567
f 5567 5397 5748
f 5614 5617 5753
f 5753 5617 5754
f 5480 5572 5481
f 5755 5756 5738
f 5738 5756 5709
f 5745 5744 5758
f 5758 5744 5757
f 5745 5758 5734
f 5734 5758 5759
f 5735 5734 5760
f 5760 5734 5759
f 5707 5735 5761
f 5761 5735 5760
f 5744 5677 5757
f 5757 5677 5762
f 5677 5680 5762
f 5762 5680 5763
f 5763 5680 5764
f 5764 5680 5743
f 5765 5766 5762
f 5762 5766 5757
f 5768 5769 5767
f 5767 5769 5770
f 5771 5772 5770
f 5770 5772 5767
f 5770 5769 5774
f 5774 5769 5773
f 5775 5776 5774
f 5774 5776 5777
f 5773 5778 5774
f 5774 5778 5775
f 5779 5766 5773
f 5773 5766 5778
f 5777 5771 5774
f 5774 5771 5770
f 5780 5781 5783
f 5783 5781 5782
f 5781 5780 5771
f 5771 5780 5772
f 5773 5769 5779
f 5779 5769 5768
f 5768 5759 5779
f 5779 5759 5758
f 5768 5784 5759
f 5759 5784 5760
f 5767 5785 5768
f 5768 5785 5784
f 5785 5767 5786
f 5786 5767 5772
f 5766 5779 5757
f 5757 5779 5758
f 5780 5787 5772
f 5772 5787 5786
f 5785 5786 5788
f 5788 5786 5789
f 5786 5787 5789
f 5789 5787 5790
f 5788 5789 5791
f 5791 5789 5792
f 5791 5793 5788
f 5788 5793 5794
f 5795 5792 5790
f 5790 5792 5789
f 5785 5788 5784
f 5784 5788 5794
f 5784 5794 5760
f 5760 5794 5761
f 5787 5780 5796
f 5796 5780 5783
f 5775 5778 5797
f 5797 5778 5766
f 5797 5798 5775
f 5775 5798 5776
f 5766 5765 5797
f 5797 5765 5799
f 5798 5797 5800
f 5800 5797 5799
f 5798 5801 5776
f 5776 5801 5802
f 5707 5761 5694
f 5694 5761 5803
f 5695 5804 5743
f 5743 5804 5764
f 5804 5695 5803
f 5803 5695 5694
f 5803 5793 5804
f 5804 5793 5805
f 5793 5791 5805
f 5805 5791 5806
f 5804 5805 5764
f 5764 5805 5807
f 5803 5761 5793
f 5793 5761 5794
f 5808 5763 5807
f 5807 5763 5764
f 5808 5765 5763
f 5763 5765 5762
f 5809 5799 5808
f 5808 5799 5765
f 5809 5808 5810
f 5810 5808 5807
f 5811 5809 5812
f 5812 5809 5810
f 5805 5806 5807
f 5807 5806 5810
f 5806 5813 5810
f 5810 5813 5812
f 5799 5809 5800
f 5800 5809 5811
f 5815 5800 5814
f 5814 5800 5811
f 5814 5817 5816
f 5816 5817 5818
f 5814 5811 5817
f 5817 5811 5812
f 5814 5816 5815
f 5815 5816 5796
f 5815 5796 5801
f 5801 5796 5783
f 5801 5798 5815
f 5815 5798 5800
f 5791 5792 5806
f 5806 5792 5813
f 5818 5813 5795
f 5795 5813 5792
f 5818 5817 5813
f 5813 5817 5812
f 5816 5818 5790
f 5790 5818 5795
f 5790 5787 5816
f 5816 5787 5796
f 5771 5777 5781
f 5781 5777 5782
f 5782 5802 5783
f 5783 5802 5801
f 5782 5777 5802
f 5802 5777 5776
f 5588 5587 5722
f 5722 5587 5720
f 5591 5619 5592
f 5592 5619 5618
f 5625 5624 5648
f 5648 5624 5649
f 5624 5627 5649
f 5649 5627 5643
f 5631 5630 5725
f 5725 5630 5640
f 5625 5648 5591
f 5591 5648 5619
f 5588 5722 5723
f 5723 5722 5736
f 5631 5725 5592
f 5592 5725 5589
f 5723 5630 5666
f 5666 5630 5629
f 5587 5627 5720
f 5720 5627 5626
f 5820 5821 5819
f 5819 5821 5822
f 5824 5825 5823
f 5823 5825 5826
f 5823 5826 5827
f 5827 5826 5828
f 5829 5830 5832
f 5832 5830 5831
f 5518 5833 5708
f 5708 5833 5834
f 5835 5836 5824
f 5824 5836 5825
f 5838 5839 5837
f 5837 5839 5840
f 5751 5684 5842
f 5842 5684 5841
f 5843 5841 5724
f 5724 5841 5684
f 5845 5846 5844
f 5844 5846 5847
f 5848 5830 5836
f 5836 5830 5825
f 5518 5751 5833
f 5833 5751 5842
f 5839 5838 5821
f 5821 5838 5849
f 5850 5848 5822
f 5822 5848 5836
f 5851 5845 5828
f 5828 5845 5852
f 5854 5855 5853
f 5853 5855 5856
f 5845 5844 5852
f 5852 5844 5857
f 5858 5827 5852
f 5852 5827 5828
f 5851 5828 5829
f 5829 5828 5826
f 5819 5859 5820
f 5820 5859 5860
f 5835 5861 5819
f 5819 5861 5859
f 5851 5829 5862
f 5862 5829 5832
f 5844 5847 5837
f 5837 5847 5834
f 5819 5822 5835
f 5835 5822 5836
f 5823 5863 5824
f 5824 5863 5864
f 5849 5850 5821
f 5821 5850 5822
f 5825 5830 5826
f 5826 5830 5829
f 5820 5860 5865
f 5865 5860 5866
f 5858 5854 5867
f 5867 5854 5853
f 5854 5857 5855
f 5855 5857 5840
f 5855 5865 5856
f 5856 5865 5866
f 5837 5840 5844
f 5844 5840 5857
f 5827 5858 5868
f 5868 5858 5867
f 5824 5864 5835
f 5835 5864 5861
f 5732 5731 5862
f 5862 5731 5846
f 5863 5823 5868
f 5868 5823 5827
f 5843 5831 5848
f 5848 5831 5830
f 5854 5858 5857
f 5857 5858 5852
f 5855 5840 5865
f 5865 5840 5839
f 5865 5839 5820
f 5820 5839 5821
f 5868 5867 5870
f 5870 5867 5869
f 5868 5870 5863
f 5863 5870 5871
f 5863 5871 5864
f 5864 5871 5872
f 5864 5872 5861
f 5861 5872 5873
f 5867 5853 5869
f 5869 5853 5874
f 5853 5856 5874
f 5874 5856 5875
f 5856 5866 5875
f 5875 5866 5876
f 5877 5878 5874
f 5874 5878 5869
f 5880 5881 5879
f 5879 5881 5882
f 5883 5884 5880
f 5880 5884 5881
f 5881 5884 5886
f 5886 5884 5885
f 5887 5888 5886
f 5886 5888 5889
f 5885 5890 5886
f 5886 5890 5887
f 5889 5882 5886
f 5886 5882 5881
f 5882 5891 5879
f 5879 5891 5892
f 5885 5884 5893
f 5893 5884 5883
f 5883 5871 5893
f 5893 5871 5870
f 5883 5894 5871
f 5871 5894 5872
f 5880 5895 5883
f 5883 5895 5894
f 5896 5895 5879
f 5879 5895 5880
f 5893 5878 5885
f 5885 5878 5890
f 5878 5893 5869
f 5869 5893 5870
f 5897 5896 5892
f 5892 5896 5879
f 5895 5896 5898
f 5898 5896 5899
f 5896 5897 5899
f 5899 5897 5900
f 5898 5899 5901
f 5901 5899 5902
f 5901 5903 5898
f 5898 5903 5904
f 5900 5905 5899
f 5899 5905 5902
f 5898 5904 5895
f 5895 5904 5894
f 5894 5904 5872
f 5872 5904 5873
f 5897 5892 5907
f 5907 5892 5906
f 5892 5891 5906
f 5906 5891 5908
f 5887 5890 5909
f 5909 5890 5878
f 5888 5887 5910
f 5910 5887 5909
f 5878 5877 5909
f 5909 5877 5911
f 5909 5911 5910
f 5910 5911 5912
f 5913 5914 5910
f 5910 5914 5888
f 5908 5914 5906
f 5906 5914 5913
f 5861 5873 5859
f 5859 5873 5915
f 5860 5916 5866
f 5866 5916 5876
f 5916 5860 5915
f 5915 5860 5859
f 5915 5903 5916
f 5916 5903 5917
f 5903 5901 5917
f 5917 5901 5918
f 5916 5917 5876
f 5876 5917 5919
f 5903 5915 5904
f 5904 5915 5873
f 5920 5875 5919
f 5919 5875 5876
f 5920 5877 5875
f 5875 5877 5874
f 5920 5921 5877
f 5877 5921 5911
f 5921 5920 5922
f 5922 5920 5919
f 5923 5921 5924
f 5924 5921 5922
f 5917 5918 5919
f 5919 5918 5922
f 5918 5925 5922
f 5922 5925 5924
f 5921 5923 5911
f 5911 5923 5912
f 5927 5912 5926
f 5926 5912 5923
f 5926 5929 5928
f 5928 5929 5930
f 5926 5923 5929
f 5929 5923 5924
f 5926 5928 5927
f 5927 5928 5907
f 5927 5907 5913
f 5913 5907 5906
f 5913 5910 5927
f 5927 5910 5912
f 5901 5902 5918
f 5918 5902 5925
f 5930 5925 5905
f 5905 5925 5902
f 5930 5929 5925
f 5925 5929 5924
f 5928 5930 5900
f 5900 5930 5905
f 5900 5897 5928
f 5928 5897 5907
f 5882 5889 5891
f 5891 5889 5908
f 5908 5889 5914
f 5914 5889 5888
f 5832 5831 5641
f 5641 5831 5639
f 5833 5838 5834
f 5834 5838 5837
f 5842 5841 5849
f 5849 5841 5850
f 5841 5843 5850
f 5850 5843 5848
f 5847 5846 5739
f 5739 5846 5731
f 5842 5849 5833
f 5833 5849 5838
f 5862 5832 5732
f 5732 5832 5641
f 5847 5739 5834
f 5834 5739 5708
f 5862 5846 5851
f 5851 5846 5845
f 5831 5843 5639
f 5639 5843 5724
f 5676 5732 5595
f 5595 5732 5641
f 5676 5461 5660
f 5660 5461 5464
f 5461 5460 5464
f 5464 5460 5465
f 5460 5674 5465
f 5465 5674 5661
f 5931 5932 5934
f 5934 5932 5933
f 5936 5937 5935
f 5935 5937 5938
f 5935 5938 5939
f 5939 5938 5940
f 5942 5943 5941
f 5941 5943 5944
f 5945 5946 5936
f 5936 5946 5937
f 5948 5949 5947
f 5947 5949 5950
f 5951 5952 5519
f 5519 5952 5593
f 5953 5951 5709
f 5709 5951 5519
f 5955 5956 5954
f 5954 5956 5957
f 5958 5942 5946
f 5946 5942 5937
f 5948 5959 5949
f 5949 5959 5933
f 5960 5958 5934
f 5934 5958 5946
f 5961 5955 5940
f 5940 5955 5962
f 5963 5964 5966
f 5966 5964 5965
f 5955 5954 5962
f 5962 5954 5967
f 5968 5939 5962
f 5962 5939 5940
f 5961 5940 5941
f 5941 5940 5938
f 5931 5969 5932
f 5932 5969 5970
f 5945 5971 5931
f 5931 5971 5969
f 5941 5944 5961
f 5961 5944 5972
f 5954 5957 5947
f 5947 5957 5973
f 5945 5931 5946
f 5946 5931 5934
f 5935 5974 5936
f 5936 5974 5975
f 5959 5960 5933
f 5933 5960 5934
f 5937 5942 5938
f 5938 5942 5941
f 5932 5970 5976
f 5976 5970 5977
f 5968 5964 5978
f 5978 5964 5963
f 5965 5964 5950
f 5950 5964 5967
f 5976 5977 5965
f 5965 5977 5966
f 5947 5950 5954
f 5954 5950 5967
f 5939 5968 5979
f 5979 5968 5978
f 5936 5975 5945
f 5945 5975 5971
f 5972 5754 5956
f 5956 5754 5617
f 5974 5935 5979
f 5979 5935 5939
f 5953 5943 5958
f 5958 5943 5942
f 5964 5968 5967
f 5967 5968 5962
f 5965 5950 5976
f 5976 5950 5949
f 5976 5949 5932
f 5932 5949 5933
f 5979 5978 5981
f 5981 5978 5980
f 5979 5981 5974
f 5974 5981 5982
f 5974 5982 5975
f 5975 5982 5983
f 5975 5983 5971
f 5971 5983 5984
f 5978 5963 5980
f 5980 5963 5985
f 5963 5966 5985
f 5985 5966 5986
f 5986 5966 5987
f 5987 5966 5977
f 5988 5989 5985
f 5985 5989 5980
f 5991 5992 5990
f 5990 5992 5993
f 5994 5995 5991
f 5991 5995 5992
f 5992 5995 5997
f 5997 5995 5996
f 5998 5999 5997
f 5997 5999 6000
f 5996 6001 5997
f 5997 6001 5998
f 6000 5993 5997
f 5997 5993 5992
f 6002 6003 5993
f 5993 6003 5990
f 5995 5994 5996
f 5996 5994 6004
f 5994 5982 6004
f 6004 5982 5981
f 5994 6005 5982
f 5982 6005 5983
f 5991 6006 5994
f 5994 6006 6005
f 6006 5991 6007
f 6007 5991 5990
f 5996 6004 6001
f 6001 6004 5989
f 5989 6004 5980
f 5980 6004 5981
f 6003 6008 5990
f 5990 6008 6007
f 6009 6006 6010
f 6010 6006 6007
f 6008 6011 6007
f 6007 6011 6010
f 6012 6009 6013
f 6013 6009 6010
f 6009 6012 6015
f 6015 6012 6014
f 6011 6016 6010
f 6010 6016 6013
f 6006 6009 6005
f 6005 6009 6015
f 6005 6015 5983
f 5983 6015 5984
f 6008 6003 6018
f 6018 6003 6017
f 6003 6002 6017
f 6017 6002 6019
f 5998 6001 6020
f 6020 6001 5989
f 5999 5998 6021
f 6021 5998 6020
f 5989 5988 6020
f 6020 5988 6022
f 6021 6020 6023
f 6023 6020 6022
f 6021 6024 5999
f 5999 6024 6025
f 6019 6025 6017
f 6017 6025 6024
f 5971 5984 5969
f 5969 5984 6026
f 5970 6027 5977
f 5977 6027 5987
f 6027 5970 6026
f 6026 5970 5969
f 6026 6014 6027
f 6027 6014 6028
f 6014 6012 6028
f 6028 6012 6029
f 6027 6028 5987
f 5987 6028 6030
f 6026 5984 6014
f 6014 5984 6015
f 6031 5986 6030
f 6030 5986 5987
f 6031 5988 5986
f 5986 5988 5985
f 6032 6022 6031
f 6031 6022 5988
f 6032 6031 6033
f 6033 6031 6030
f 6034 6032 6035
f 6035 6032 6033
f 6028 6029 6030
f 6030 6029 6033
f 6029 6036 6033
f 6033 6036 6035
f 6032 6034 6022
f 6022 6034 6023
f 6038 6023 6037
f 6037 6023 6034
f 6037 6040 6039
f 6039 6040 6041
f 6037 6034 6040
f 6040 6034 6035
f 6037 6039 6038
f 6038 6039 6018
f 6038 6018 6024
f 6024 6018 6017
f 6024 6021 6038
f 6038 6021 6023
f 6012 6013 6029
f 6029 6013 6036
f 6041 6036 6016
f 6016 6036 6013
f 6041 6040 6036
f 6036 6040 6035
f 6041 6016 6039
f 6039 6016 6011
f 6011 6008 6039
f 6039 6008 6018
f 5993 6000 6002
f 6002 6000 6019
f 6019 6000 6025
f 6025 6000 5999
f 5943 5756 5944
f 5944 5756 5755
f 6042 5948 5973
f 5973 5948 5947
f 5952 5951 5959
f 5959 5951 5960
f 5951 5953 5960
f 5960 5953 5958
f 5616 5957 5617
f 5617 5957 5956
f 6042 5952 5948
f 5948 5952 5959
f 5944 5755 5972
f 5972 5755 5754
f 5957 5616 5973
f 5973 5616 5652
f 5956 5955 5972
f 5972 5955 5961
f 5943 5953 5756
f 5756 5953 5709
f 6044 6045 6043
f 6043 6045 6046
f 6048 6049 6047
f 6047 6049 6050
f 6047 6050 6051
f 6051 6050 6052
f 6054 6055 6053
f 6053 6055 6056
f 6057 6058 6060
f 6060 6058 6059
f 6061 6062 6048
f 6048 6062 6049
f 6063 6064 6066
f 6066 6064 6065
f 6067 6068 6070
f 6070 6068 6069
f 6071 6069 5653
f 5653 6069 6068
f 6072 6073 6075
f 6075 6073 6074
f 6062 6076 6049
f 6049 6076 6054
f 6058 6067 6059
f 6059 6067 6070
f 6064 6077 6065
f 6065 6077 6045
f 6078 6076 6046
f 6046 6076 6062
f 6073 6080 6079
f 6079 6080 6052
f 6082 6083 6081
f 6081 6083 6084
f 6072 6085 6073
f 6073 6085 6080
f 6086 6051 6080
f 6080 6051 6052
f 6079 6052 6053
f 6053 6052 6050
f 6043 6087 6044
f 6044 6087 6088
f 6061 6089 6043
f 6043 6089 6087
f 6053 6056 6079
f 6079 6056 6090
f 6063 6072 6060
f 6060 6072 6075
f 6043 6046 6061
f 6061 6046 6062
f 6047 6091 6048
f 6048 6091 6092
f 6077 6078 6045
f 6045 6078 6046
f 6049 6054 6050
f 6050 6054 6053
f 6044 6088 6093
f 6093 6088 6094
f 6086 6082 6095
f 6095 6082 6081
f 6083 6082 6066
f 6066 6082 6085
f 6093 6094 6083
f 6083 6094 6084
f 6072 6063 6085
f 6085 6063 6066
f 6051 6086 6096
f 6096 6086 6095
f 6048 6092 6061
f 6061 6092 6089
f 5656 5655 6090
f 6090 5655 6074
f 6091 6047 6096
f 6096 6047 6051
f 6071 6055 6076
f 6076 6055 6054
f 6082 6086 6085
f 6085 6086 6080
f 6093 6083 6065
f 6065 6083 6066
f 6044 6093 6045
f 6045 6093 6065
f 6096 6095 6098
f 6098 6095 6097
f 6096 6098 6091
f 6091 6098 6099
f 6091 6099 6092
f 6092 6099 6100
f 6092 6100 6089
f 6089 6100 6101
f 6095 6081 6097
f 6097 6081 6102
f 6081 6084 6102
f 6102 6084 6103
f 6103 6084 6104
f 6104 6084 6094
f 6106 6097 6105
f 6105 6097 6102
f 6107 6108 6110
f 6110 6108 6109
f 6111 6112 6108
f 6108 6112 6109
f 6109 6112 6114
f 6114 6112 6113
f 6114 6115 6117
f 6117 6115 6116
f 6113 6118 6114
f 6114 6118 6115
f 6117 6110 6114
f 6114 6110 6109
f 6110 6119 6107
f 6107 6119 6120
f 6112 6111 6113
f 6113 6111 6121
f 6111 6099 6121
f 6121 6099 6098
f 6111 6122 6099
f 6099 6122 6100
f 6123 6122 6108
f 6108 6122 6111
f 6124 6123 6107
f 6107 6123 6108
f 6113 6121 6118
f 6118 6121 6106
f 6106 6121 6097
f 6097 6121 6098
f 6125 6124 6120
f 6120 6124 6107
f 6126 6123 6127
f 6127 6123 6124
f 6125 6128 6124
f 6124 6128 6127
f 6129 6126 6130
f 6130 6126 6127
f 6126 6129 6132
f 6132 6129 6131
f 6128 6133 6127
f 6127 6133 6130
f 6123 6126 6122
f 6122 6126 6132
f 6122 6132 6100
f 6100 6132 6101
f 6120 6134 6125
f 6125 6134 6135
f 6120 6119 6134
f 6134 6119 6136
f 6115 6118 6137
f 6137 6118 6106
f 6115 6137 6116
f 6116 6137 6138
f 6137 6106 6139
f 6139 6106 6105
f 6138 6137 6140
f 6140 6137 6139
f 6141 6142 6138
f 6138 6142 6116
f 6136 6142 6134
f 6134 6142 6141
f 6089 6101 6087
f 6087 6101 6143
f 6088 6144 6094
f 6094 6144 6104
f 6143 6144 6087
f 6087 6144 6088
f 6131 6145 6143
f 6143 6145 6144
f 6129 6146 6131
f 6131 6146 6145
f 6144 6145 6104
f 6104 6145 6147
f 6143 6101 6131
f 6131 6101 6132
f 6148 6103 6147
f 6147 6103 6104
f 6103 6148 6102
f 6102 6148 6105
f 6148 6149 6105
f 6105 6149 6139
f 6149 6148 6150
f 6150 6148 6147
f 6151 6149 6152
f 6152 6149 6150
f 6145 6146 6147
f 6147 6146 6150
f 6146 6153 6150
f 6150 6153 6152
f 6149 6151 6139
f 6139 6151 6140
f 6155 6140 6154
f 6154 6140 6151
f 6154 6157 6156
f 6156 6157 6158
f 6154 6151 6157
f 6157 6151 6152
f 6154 6156 6155
f 6155 6156 6135
f 6155 6135 6141
f 6141 6135 6134
f 6141 6138 6155
f 6155 6138 6140
f 6146 6129 6153
f 6153 6129 6130
f 6158 6153 6133
f 6133 6153 6130
f 6158 6157 6153
f 6153 6157 6152
f 6156 6158 6128
f 6128 6158 6133
f 6128 6125 6156
f 6156 6125 6135
f 6110 6117 6119
f 6119 6117 6136
f 6136 6117 6142
f 6142 6117 6116
f 6055 5615 6056
f 6056 5615 5752
f 6060 6059 6063
f 6063 6059 6064
f 6077 6070 6078
f 6078 6070 6069
f 6069 6071 6078
f 6078 6071 6076
f 6159 6057 6075
f 6075 6057 6060
f 6059 6070 6064
f 6064 6070 6077
f 6056 5752 6090
f 6090 5752 5656
f 6090 6074 6079
f 6079 6074 6073
f 6055 6071 5615
f 5615 6071 5653
f 5547 5471 6160
f 6160 5471 6161
f 5729 5577 6163
f 6163 5577 6162
f 5577 5576 6162
f 6162 5576 6164
f 5713 6165 5711
f 5711 6165 6166
f 5474 5729 6167
f 6167 5729 6163
f 5750 5547 6168
f 6168 5547 6160
f 5471 5474 6161
f 6161 5474 6167
f 6169 5712 6168
f 6168 5712 5750
f 5711 6166 5576
f 5576 6166 6164
f 6165 5713 6169
f 6169 5713 5712
f 6168 6170 6169
f 6169 6170 6171
f 6169 6171 6165
f 6165 6171 6172
f 6165 6172 6166
f 6166 6172 6173
f 6166 6173 6164
f 6164 6173 6174
f 6168 6160 6170
f 6170 6160 6175
f 6160 6161 6175
f 6175 6161 6176
f 6161 6167 6176
f 6176 6167 6177
f 6179 6170 6178
f 6178 6170 6175
f 6181 6182 6180
f 6180 6182 6183
f 6184 6185 6181
f 6181 6185 6182
f 6186 6187 6185
f 6185 6187 6182
f 6186 6188 6187
f 6187 6188 6189
f 6190 6183 6187
f 6187 6183 6182
f 6183 6190 6191
f 6191 6190 6192
f 6191 6193 6183
f 6183 6193 6180
f 6186 6185 6194
f 6194 6185 6184
f 6184 6172 6194
f 6194 6172 6171
f 6184 6195 6172
f 6172 6195 6173
f 6181 6196 6184
f 6184 6196 6195
f 6196 6181 6197
f 6197 6181 6180
f 6186 6194 6188
f 6188 6194 6179
f 6179 6194 6170
f 6170 6194 6171
f 6193 6198 6180
f 6180 6198 6197
f 6199 6196 6200
f 6200 6196 6197
f 6198 6201 6197
f 6197 6201 6200
f 6202 6199 6203
f 6203 6199 6200
f 6199 6202 6205
f 6205 6202 6204
f 6201 6206 6200
f 6200 6206 6203
f 6196 6199 6195
f 6195 6199 6205
f 6195 6205 6173
f 6173 6205 6174
f 6198 6193 6208
f 6208 6193 6207
f 6193 6191 6207
f 6207 6191 6192
f 6189 6188 6209
f 6209 6188 6179
f 6210 6189 6211
f 6211 6189 6209
f 6209 6179 6212
f 6212 6179 6178
f 6211 6209 6213
f 6213 6209 6212
f 6211 6214 6210
f 6210 6214 6215
f 6192 6215 6207
f 6207 6215 6214
f 6190 6187 6210
f 6210 6187 6189
f 6192 6190 6215
f 6215 6190 6210
f 6162 6164 6216
f 6216 6164 6174
f 6167 6163 6177
f 6177 6163 6217
f 6216 6217 6162
f 6162 6217 6163
f 6204 6218 6216
f 6216 6218 6217
f 6202 6219 6204
f 6204 6219 6218
f 6217 6218 6177
f 6177 6218 6220
f 6216 6174 6204
f 6204 6174 6205
f 6221 6176 6220
f 6220 6176 6177
f 6176 6221 6175
f 6175 6221 6178
f 6221 6222 6178
f 6178 6222 6212
f 6222 6221 6223
f 6223 6221 6220
f 6224 6222 6225
f 6225 6222 6223
f 6218 6219 6220
f 6220 6219 6223
f 6219 6226 6223
f 6223 6226 6225
f 6222 6224 6212
f 6212 6224 6213
f 6228 6213 6227
f 6227 6213 6224
f 6229 6227 6231
f 6231 6227 6230
f 6227 6224 6230
f 6230 6224 6225
f 6227 6229 6228
f 6228 6229 6208
f 6228 6208 6214
f 6214 6208 6207
f 6214 6211 6228
f 6228 6211 6213
f 6219 6202 6226
f 6226 6202 6203
f 6231 6226 6206
f 6206 6226 6203
f 6231 6230 6226
f 6226 6230 6225
f 6229 6231 6201
f 6201 6231 6206
f 6201 6198 6229
f 6229 6198 6208
f 5674 5672 5661
f 5661 5672 5662
f 5662 5672 5663
f 5663 5672 5646
f 5651 6042 5652
f 5652 6042 5973
f 5518 5517 5751
f 5751 5517 5733
f 5738 5660 5753
f 5753 5660 5637
f 5752 5636 5656
f 5656 5636 5526
f 5952 6042 5593
f 5593 6042 5651
f 5593 5651 5594
f 5594 5651 5650
f 5600 5737 5514
f 5514 5737 5515
f 5546 5545 5740
f 5740 5545 6232
f 6232 6058 5740
f 5740 6058 6057
f 6067 6058 6233
f 6233 6058 6232
f 6233 6232 6234
f 6234 6232 5545
f 6234 5545 6235
f 6235 5545 5544
f 5606 6236 5543
f 5543 6236 5544
f 6235 5544 5539
f 5539 5544 6236
f 6237 6235 5542
f 5542 6235 5539
f 6235 6237 6234
f 6234 6237 6238
f 6234 6238 6233
f 6233 6238 6239
f 5653 6068 5650
f 5650 6068 6239
f 5642 5513 6240
f 6240 5513 5516
f 5539 6236 5540
f 5540 6236 5606
f 5636 5614 5637
f 5637 5614 5753
f 6239 5737 5650
f 5650 5737 5594
f 6239 6068 6233
f 6233 6068 6067
f 6075 6074 6159
f 6159 6074 5655
f 6057 6159 5740
f 5740 6159 5655
f 5515 5737 6238
f 6238 5737 6239
f 6238 6237 5515
f 5515 6237 5516
f 5542 6240 6237
f 6237 6240 5516
f 6240 5542 5642
f 5642 5542 5541
f 5702 5699 5541
f 5541 5699 5642
f 5582 5475 5717
f 5470 5443 5537
f 5537 5443 5504
f 5469 5444 5470
f 5470 5444 5443
f 5726 5557 5727
f 5727 5557 5556
f 5537 5504 5511
f 5511 5504 5506
f 5504 5503 5506
f 5506 5503 5507
f 5503 5455 5507
f 5507 5455 5581
f 5455 5454 5581
f 5581 5454 5456
f 5473 5453 5474
f 5474 5453 5729
f 5457 5454 5473
f 5473 5454 5453
f 5473 5472 5457
f 5457 5472 5686
f 5472 5548 5686
f 5686 5548 5687
f 5749 5693 5548
f 5548 5693 5687
f 5715 5532 5749
f 5749 5532 5693
f 5714 5486 5715
f 5715 5486 5532
f 5714 5710 5486
f 5486 5710 5449
f 5728 5578 5729
f 5729 5578 5577
f 5452 5445 5698
f 5698 5445 5558
f 5445 5444 5558
f 5558 5444 5556
f 5444 5469 5556
f 5556 5469 5727
f 5469 5468 5727
f 5727 5468 5555
f 5468 5747 5555
f 5555 5747 5552
f 5747 5700 5552
f 5552 5700 5716
f 5700 5699 5716
f 5716 5699 5717
f 5699 5702 5717
f 5717 5702 5582
f 5702 5701 5582
f 5582 5701 5583
f 5726 5479 5557
f 5557 5479 5483
f 5483 5479 5484
f 5484 5479 5482
f 5534 5533 5482
f 5482 5533 5484
f 5691 5688 5534
f 5534 5688 5533
f 5644 5647 5691
f 5691 5647 5688
f 5719 5746 5701
f 5701 5746 5583
f 5718 5497 5719
f 5719 5497 5746
f 5718 5605 5654
f 5654 5605 5638
f 5498 5654 5657
f 5657 5654 5633
f 5497 5718 5498
f 5498 5718 5654
f 5657 5527 5498
f 5498 5527 5494
f 5528 5570 5495
f 5495 5570 5521
f 5665 5668 5528
f 5528 5668 5570
f 5664 5671 5665
f 5665 5671 5668
f 5645 5741 5664
f 5664 5741 5671
f 5644 5696 5645
f 5645 5696 5741
f 5710 5575 5449
f 5449 5575 5450
f 5575 5578 5450
f 5450 5578 5698
f 5578 5728 5698
f 5698 5728 5452
f 5452 5728 5451
f 5451 5728 5453
f 3619 6241 3620
f 3620 6241 6242
f 6243 6244 3628
f 3628 6244 3629
f 6245 6246 3634
f 3634 6246 3631
f 6247 6248 3636
f 3636 6248 3637
f 6249 6250 3642
f 3642 6250 3639
f 3639 6250 3643
f 3643 6250 6251
f 3743 6252 3744
f 3744 6252 6253
f 6246 6243 3631
f 3631 6243 3628
f 3753 6254 3754
f 3754 6254 6255
f 3857 6256 3619
f 3619 6256 6241
f 6257 6245 3932
f 3932 6245 3634
f 6242 6247 3620
f 3620 6247 3636
f 6258 6259 3946
f 3946 6259 3947
f 6260 6249 3948
f 3948 6249 3642
f 6244 6258 3629
f 3629 6258 3946
f 3947 6259 3753
f 3753 6259 6254
f 6248 6260 3637
f 3637 6260 3948
f 3643 6251 3743
f 3743 6251 6252
f 3744 6253 3932
f 3932 6253 6257
f 6250 6249 6251
f 6251 6249 6252
f 6245 6261 6246
f 6246 6261 6262
f 6263 6264 6247
f 6247 6264 6248
f 6252 6265 6253
f 6253 6265 6266
f 6246 6262 6243
f 6243 6262 6267
f 6268 6261 6257
f 6257 6261 6245
f 6269 6263 6242
f 6242 6263 6247
f 6270 6271 6260
f 6260 6271 6249
f 6264 6270 6248
f 6248 6270 6260
f 6253 6266 6257
f 6257 6266 6268
f 6249 6271 6252
f 6252 6271 6265
f 6254 6259 6272
f 6272 6259 6273
f 6266 6265 6270
f 6270 6265 6271
f 6268 6266 6264
f 6264 6266 6270
f 6261 6268 6263
f 6263 6268 6264
f 6269 6262 6263
f 6263 6262 6261
f 4186 4185 6274
f 6274 4185 6275
f 6241 6276 6242
f 6242 6276 6269
f 6258 6244 6277
f 6277 6244 6278
f 6256 6279 6241
f 6241 6279 6276
f 6259 6258 6273
f 6273 6258 6277
f 6243 6267 6244
f 6244 6267 6278
f 6276 6267 6269
f 6269 6267 6262
f 6254 6272 6255
f 6255 6272 6280
f 3865 3713 3888
f 3888 3713 3685
f 5242 5233 3892
f 3892 5233 3711
f 3900 5243 3892
f 3892 5243 5242
f 3734 3866 3900
f 3900 3866 5243
f 4117 6281 4118
f 4118 6281 6282
f 4118 6282 4278
f 4278 6282 4879
f 4717 4887 4718
f 4718 4887 4280
f 4792 4278 4882
f 4882 4278 4879
f 4795 4792 6283
f 6283 4792 4882
f 4852 4851 5012
f 5012 4851 6284
f 4856 5207 4857
f 4857 5207 4858
f 4860 4279 4857
f 4857 4279 4854
f 4718 4280 4860
f 4860 4280 4279
f 4864 4863 4745
f 4745 4863 4742
f 5366 4867 5011
f 5011 4867 4866
f 4871 4884 4872
f 4872 4884 4883
f 4872 4883 4117
f 4117 4883 6281
f 6284 4851 6283
f 6283 4851 4795
f 4852 4866 4853
f 4853 4866 4865
f 4871 4870 4856
f 4856 4870 5207
f 4717 4716 4864
f 4864 4716 4861
f 4868 4867 4862
f 4862 4867 4863
f 4268 4855 4269
f 4269 4855 4854
f 4281 4274 4282
f 4282 4274 4765
f 4744 4743 4907
f 4907 4743 4904
f 4874 4881 4820
f 4820 4881 4880
f 4885 5013 4886
f 4886 5013 4980
f 4888 4275 4281
f 4281 4275 4274
f 4902 6282 4903
f 4903 6282 6281
f 6283 4979 6284
f 6284 4979 4978
f 4282 4765 4269
f 4269 4765 4266
f 4880 4879 4902
f 4902 4879 6282
f 4903 6281 4886
f 4886 6281 4883
f 4882 4881 6283
f 6283 4881 4979
f 5013 4885 4267
f 4267 4885 4268
f 4888 4887 4744
f 4744 4887 4745
f 4410 6285 4411
f 4411 6285 4812
f 4750 4749 6286
f 6286 4749 6287
f 6289 4695 6288
f 6288 4695 4255
f 4750 4675 4751
f 4751 4675 4965
f 6290 6291 4963
f 4963 6291 4960
f 4807 4806 4411
f 4411 4806 4408
f 6292 6293 4959
f 4959 6293 4956
f 4958 6294 4959
f 4959 6294 4955
f 4962 4964 4963
f 4963 4964 4805
f 4962 4961 4751
f 4751 4961 4748
f 6296 6297 6295
f 6295 6297 6298
f 6299 6300 6288
f 6288 6300 4735
f 6302 4961 6301
f 6301 4961 4960
f 6304 6287 6303
f 6303 6287 4749
f 4968 6305 4969
f 4969 6305 6306
f 4413 6308 6307
f 6307 6308 4900
f 6301 4960 6309
f 6309 4960 6291
f 4412 4408 6310
f 6310 4408 4806
f 4696 6311 4256
f 4256 6311 6312
f 6303 4749 6313
f 6313 4749 4748
f 6313 4748 6302
f 6302 4748 4961
f 6315 6316 6314
f 6314 6316 6317
f 4084 6318 6315
f 6315 6318 6316
f 4083 6319 4084
f 4084 6319 6318
f 4112 6320 4083
f 4083 6320 6319
f 6322 4138 6321
f 6321 4138 4137
f 6324 4128 6323
f 6323 4128 4127
f 4127 4193 6323
f 6323 4193 6325
f 4193 4891 6325
f 6325 4891 6326
f 4891 6327 6326
f 6326 6327 6328
f 6327 4824 5227
f 5227 4824 5228
f 5231 4684 6329
f 6329 4684 4683
f 4683 4099 6329
f 6329 4099 6330
f 4099 4102 6330
f 6330 4102 6331
f 4174 4826 4429
f 4429 4826 4829
f 4173 4741 4174
f 4174 4741 4826
f 4180 4738 4173
f 4173 4738 4741
f 6332 6333 4180
f 4180 6333 4738
f 6274 6334 4186
f 4186 6334 4188
f 4181 4825 4180
f 4180 4825 6332
f 5044 5213 5045
f 5045 5213 5165
f 5046 5087 5047
f 5047 5087 5222
f 5077 5063 5078
f 5078 5063 5198
f 5081 5099 5082
f 5082 5099 5194
f 5095 5074 5096
f 5096 5074 5073
f 5373 5170 5096
f 5096 5170 5093
f 5375 5171 5373
f 5373 5171 5170
f 5047 5222 5375
f 5375 5222 5171
f 5046 5038 5376
f 5376 5038 5067
f 5377 5086 5376
f 5376 5086 5085
f 5045 5165 5377
f 5377 5165 5086
f 5378 5214 5044
f 5044 5214 5213
f 5077 5034 5378
f 5378 5034 5214
f 5082 5194 5078
f 5078 5194 5035
f 5081 5080 5379
f 5379 5080 6335
f 5379 6335 5095
f 5095 6335 5074
f 5032 5080 5033
f 5033 5080 5079
f 5040 5017 5041
f 5041 5017 5016
f 5050 5043 5051
f 5051 5043 5042
f 5065 5023 5066
f 5066 5023 5022
f 5050 5049 5065
f 5065 5049 5023
f 5041 5016 5068
f 5068 5016 5020
f 5071 5374 5072
f 5072 5374 5200
f 5075 5156 5076
f 5076 5156 5155
f 5162 5212 5068
f 5068 5212 5067
f 5075 5074 5192
f 5192 5074 6335
f 5066 5022 5199
f 5199 5022 5196
f 5076 5155 5072
f 5072 5155 5069
f 5040 5039 5071
f 5071 5039 5374
f 5162 5161 5051
f 5051 5161 5048
f 5192 6335 5032
f 5032 6335 5080
f 5199 5196 5033
f 5033 5196 5030
f 5018 5211 5019
f 5019 5211 5408
f 5019 5408 5021
f 5021 5408 5163
f 5024 5057 5025
f 5025 5057 5415
f 5028 5048 5029
f 5029 5048 5161
f 5054 5031 5055
f 5055 5031 5030
f 5024 5023 5058
f 5058 5023 5049
f 5061 5070 5062
f 5062 5070 5069
f 5157 5438 5158
f 5158 5438 5442
f 5160 5191 5054
f 5054 5191 5031
f 5029 5161 5021
f 5021 5161 5020
f 5025 5415 5197
f 5197 5415 5220
f 5158 5442 5062
f 5062 5442 5059
f 5018 5017 5061
f 5061 5017 5070
f 5160 5159 5157
f 5157 5159 5438
f 5028 5027 5058
f 5058 5027 5056
f 5055 5030 5197
f 5197 5030 5196
f 5409 5380 5410
f 5410 5380 6336
f 5026 5413 5027
f 5027 5413 5412
f 5396 5417 5393
f 5393 5417 5416
f 5416 5057 5419
f 5419 5057 5056
f 5417 5396 5426
f 5426 5396 5420
f 5427 5423 5428
f 5428 5423 5422
f 5427 5059 5430
f 5430 5059 5442
f 5409 5408 5433
f 5433 5408 5211
f 5433 5211 5428
f 5428 5211 5060
f 5412 5411 5419
f 5419 5411 5418
f 5436 5053 5437
f 5437 5053 5052
f 5439 5402 5440
f 5440 5402 5401
f 5436 5435 5439
f 5439 5435 5402
f 5410 6336 5413
f 5413 6336 5414
f 5440 5401 5430
f 5430 5401 5429
f 5426 5420 5437
f 5437 5420 5434
f 5382 5432 5383
f 5383 5432 5384
f 5386 6336 5383
f 5383 6336 5380
f 6336 5386 5414
f 5414 5386 5388
f 5391 5418 5392
f 5392 5418 5411
f 5705 5395 5704
f 5704 5395 5394
f 5399 5435 5400
f 5400 5435 5434
f 5403 5441 5404
f 5404 5441 5405
f 5407 5429 5404
f 5404 5429 5401
f 5395 5705 5421
f 5421 5705 5748
f 5424 5706 5425
f 5425 5706 5431
f 5391 5390 5394
f 5394 5390 5704
f 5392 5388 5389
f 5389 5388 5387
f 5382 5381 5425
f 5425 5381 5422
f 5407 5406 5424
f 5424 5406 5706
f 5403 5402 5399
f 5399 5402 5435
f 5421 5748 5400
f 5400 5748 5397
f 4097 4721 4098
f 4098 4721 4231
f 4233 5273 4098
f 4098 5273 4095
f 6337 6338 4785
f 4785 6338 4786
f 4076 4780 4073
f 4073 4780 4781
f 4782 4190 4781
f 4781 4190 4073
f 4783 4901 4782
f 4782 4901 4190
f 4780 4076 4097
f 4097 4076 4721
f 6337 2879 4701
f 4701 2879 2878
f 5280 6339 5272
f 5272 6339 6340
f 5282 5281 6341
f 6341 5281 6342
f 4109 6302 4110
f 4110 6302 6301
f 4283 6304 4284
f 4284 6304 6303
f 6305 4379 6306
f 6306 4379 4378
f 4110 6301 4428
f 4428 6301 6309
f 6310 4688 4412
f 4412 4688 4687
f 4284 6303 4753
f 4753 6303 6313
f 4753 6313 4109
f 4109 6313 6302
f 6343 5226 4428
f 4428 5226 4427
f 4147 4900 4416
f 4416 4900 6308
f 6312 6311 4241
f 4241 6311 4720
f 5223 6344 4702
f 4702 6344 4699
f 4221 4220 6345
f 6345 4220 6346
f 5276 5275 6347
f 6347 5275 6348
f 5275 4728 6348
f 6348 4728 6349
f 4727 6350 5284
f 5284 6350 5285
f 6351 6352 6354
f 6354 6352 6353
f 5313 5312 5292
f 5292 5312 5293
f 5312 5344 5293
f 5293 5344 5337
f 5344 4914 5337
f 5337 4914 4916
f 4914 4913 4916
f 4916 4913 4917
f 4913 6355 4917
f 4917 6355 4978
f 6356 6357 6284
f 6284 6357 5012
f 6357 6358 5012
f 5012 6358 5011
f 5011 6358 5366
f 5366 6358 6359
f 6360 4742 6359
f 6359 4742 5366
f 4743 6361 4904
f 4904 6361 5364
f 5363 4905 5364
f 5364 4905 4904
f 5363 6362 4905
f 4905 6362 4207
f 6362 6363 4207
f 4207 6363 4208
f 6363 5342 4208
f 4208 5342 5330
f 5342 5341 5330
f 5330 5341 4244
f 5341 6364 4244
f 4244 6364 4245
f 6364 6365 4245
f 4245 6365 4246
f 6366 6367 4253
f 4253 6367 4250
f 4214 6368 4211
f 4211 6368 4380
f 4380 4379 4211
f 4211 4379 4283
f 4379 6305 4283
f 4283 6305 6304
f 6305 4968 6304
f 6304 4968 6287
f 4968 4967 6287
f 6287 4967 6286
f 4967 6297 6286
f 6286 6297 4676
f 6296 4376 4288
f 4288 4376 4285
f 4376 4373 4285
f 4285 4373 4290
f 6369 6370 6372
f 6372 6370 6371
f 5245 6373 5246
f 5246 6373 6374
f 4317 6375 4318
f 4318 6375 6376
f 4331 6377 4332
f 4332 6377 6378
f 6379 4333 6376
f 6376 4333 4318
f 4343 6380 4344
f 4344 6380 6381
f 4347 6382 4348
f 4348 6382 6383
f 4374 6371 4331
f 4331 6371 6377
f 4333 6379 4426
f 4426 6379 6384
f 4690 6385 4347
f 4347 6385 6382
f 4332 6378 4317
f 4317 6378 6375
f 4922 6386 4923
f 4923 6386 6387
f 6388 6389 4375
f 4375 6389 6390
f 6355 6356 4978
f 4978 6356 6284
f 4742 6360 4743
f 4743 6360 6361
f 6391 4238 6392
f 6392 4238 4719
f 6392 4719 6393
f 6393 4719 5296
f 6395 6396 6394
f 6394 6396 6397
f 6399 6400 6398
f 6398 6400 6401
f 6402 5302 6403
f 6403 5302 5303
f 5303 5321 6403
f 6403 5321 6404
f 5320 6405 5321
f 5321 6405 6404
f 5319 6406 5350
f 5350 6406 5351
f 5319 5318 6406
f 6406 5318 6407
f 5288 4197 6408
f 6408 4197 6409
f 4217 4216 6410
f 6410 4216 6411
f 5227 6412 6327
f 6327 6412 6328
f 4892 6413 5227
f 5227 6413 6412
f 4228 6414 4892
f 4892 6414 6413
f 4227 6415 4228
f 4228 6415 6414
f 4248 6416 4227
f 4227 6416 6415
f 4247 6417 4248
f 4248 6417 6416
f 6417 4247 6419
f 6419 4247 6418
f 6419 6418 6421
f 6421 6418 6420
f 6422 5301 6423
f 6423 5301 5300
f 6423 5300 6424
f 6424 5300 6399
f 6408 6409 6398
f 6398 6409 6425
f 6426 6427 6397
f 6397 6427 6394
f 6428 4224 6429
f 6429 4224 4223
f 6347 6346 5276
f 5276 6346 4220
f 6346 6347 6341
f 6341 6347 6339
f 5280 5278 5282
f 5282 5278 4236
f 4896 5224 4684
f 4684 5224 4681
f 4132 4135 4896
f 4896 4135 5224
f 4131 4136 4132
f 4132 4136 4135
f 4226 4754 4131
f 4131 4754 4136
f 4251 4213 4226
f 4226 4213 4754
f 4250 4214 4251
f 4251 4214 4213
f 4250 6367 4214
f 4214 6367 6368
f 6367 4910 6368
f 6368 4910 4737
f 4909 5297 4736
f 4736 5297 5296
f 5297 6395 5296
f 5296 6395 6393
f 6427 6430 6394
f 6394 6430 6431
f 6429 4383 6428
f 6428 4383 4382
f 4219 5277 4220
f 4220 5277 5276
f 4222 4697 4383
f 4383 4697 4218
f 6345 4699 4221
f 4221 4699 6344
f 6342 4700 6345
f 6345 4700 4699
f 4235 4786 5281
f 5281 4786 6338
f 4234 4787 4235
f 4235 4787 4786
f 5279 5278 6432
f 6432 5278 5271
f 4237 5279 6433
f 6433 5279 6432
f 4787 4234 6433
f 6433 4234 4237
f 6435 6436 6434
f 6434 6436 6437
f 6359 6438 6360
f 6360 6438 6437
f 6439 6440 6441
f 6441 6440 6438
f 6443 6439 6442
f 6442 6439 6441
f 6357 6356 6442
f 6442 6356 6444
f 6444 6446 6445
f 6445 6446 6447
f 4912 6446 4913
f 4913 6446 6355
f 6361 6436 5364
f 5364 6436 5365
f 5319 5350 5316
f 5316 5350 6448
f 4832 6449 5350
f 5350 6449 6448
f 4831 6450 4832
f 4832 6450 6449
f 5354 6451 5320
f 5320 6451 6405
f 4265 6452 5354
f 5354 6452 6451
f 4264 6453 4265
f 4265 6453 6452
f 6450 4831 6447
f 6447 4831 6445
f 4263 6435 4264
f 4264 6435 6434
f 6454 6453 6439
f 6439 6453 6440
f 6439 6443 6454
f 6454 6443 4834
f 4833 6455 4834
f 4834 6455 6454
f 5351 6456 4833
f 4833 6456 6455
f 6457 6391 6458
f 6458 6391 6392
f 6458 6392 6431
f 6431 6392 6393
f 5298 6396 5297
f 5297 6396 6395
f 6402 6400 5302
f 5302 6400 5299
f 6402 6403 6459
f 6459 6403 6460
f 6460 6403 6461
f 6461 6403 6404
f 6405 6462 6404
f 6404 6462 6461
f 6406 6462 5351
f 5351 6462 6456
f 6406 6407 6462
f 6462 6407 6461
f 6407 6463 6461
f 6461 6463 6460
f 6463 6464 6460
f 6460 6464 6459
f 6464 6465 6459
f 6459 6465 6401
f 6430 6466 6431
f 6431 6466 6458
f 6466 6410 6458
f 6458 6410 6457
f 6410 6411 6457
f 6457 6411 6467
f 6396 6424 6397
f 6397 6424 6425
f 6393 6395 6431
f 6431 6395 6394
f 6451 6456 6405
f 6405 6456 6462
f 6452 6455 6451
f 6451 6455 6456
f 6453 6454 6452
f 6452 6454 6455
f 6443 6445 4834
f 4834 6445 4831
f 6440 6453 6434
f 6434 6453 4264
f 6468 5306 5360
f 5360 5306 5305
f 6469 4124 6468
f 6468 4124 5306
f 6470 4125 6469
f 6469 4125 4124
f 6471 5291 6470
f 6470 5291 4125
f 6353 5292 6471
f 6471 5292 5291
f 5292 6353 5313
f 5313 6353 6352
f 5347 5314 6352
f 6352 5314 5313
f 5353 5318 5346
f 5346 5318 5317
f 5334 6468 5358
f 5358 6468 5360
f 5324 6469 5334
f 5334 6469 6468
f 5323 6470 5324
f 5324 6470 6469
f 5343 6471 5323
f 5323 6471 6470
f 6354 6353 5343
f 5343 6353 6471
f 6348 6349 4270
f 4270 6349 5311
f 5272 6340 5273
f 5273 6340 4272
f 6432 5271 4232
f 4232 5271 4233
f 4294 6432 4295
f 4295 6432 4232
f 6432 4294 6433
f 6433 4294 4301
f 4301 4300 6433
f 6433 4300 4787
f 4704 4784 4300
f 4300 4784 4787
f 4704 3013 4784
f 4784 3013 1307
f 5103 6472 5104
f 5104 6472 5202
f 5108 5116 5105
f 5105 5116 5115
f 5111 5124 5112
f 5112 5124 5123
f 5154 5205 5105
f 5105 5205 5106
f 5167 5180 5168
f 5168 5180 5185
f 5175 5188 5176
f 5176 5188 5187
f 5112 5123 5178
f 5178 5123 5120
f 5167 5090 5183
f 5183 5090 5089
f 5210 5151 5183
f 5183 5151 5181
f 5216 5138 5217
f 5217 5138 5137
f 5218 5119 5219
f 5219 5119 5221
f 5218 5178 5119
f 5119 5178 5120
f 5217 5137 5104
f 5104 5137 5101
f 5116 5108 5221
f 5221 5108 5219
f 5111 5110 5210
f 5210 5110 5151
f 5154 5153 5103
f 5103 5153 6472
f 5216 5215 5176
f 5176 5215 5173
f 5175 5174 5168
f 5168 5174 5166
f 5091 5172 5092
f 5092 5172 5208
f 5117 5037 5118
f 5118 5037 5036
f 5121 5164 5122
f 5122 5164 5133
f 5125 5084 5126
f 5126 5084 5083
f 5129 5174 5130
f 5130 5174 5173
f 5131 5202 5132
f 5132 5202 6472
f 5135 5221 5122
f 5122 5221 5119
f 5125 5124 5136
f 5136 5124 5209
f 5126 5083 5121
f 5121 5083 5164
f 5118 5036 5195
f 5195 5036 5193
f 5131 5097 5203
f 5203 5097 5114
f 5132 6472 5195
f 5195 6472 5153
f 5136 5209 5092
f 5092 5209 5089
f 5135 5134 5117
f 5117 5134 5037
f 5362 5206 5130
f 5130 5206 5127
f 5372 5371 5128
f 5128 5371 5129
f 5371 5372 5091
f 5091 5372 5172
f 5362 5215 5203
f 5203 5215 5201
f 6463 6407 5353
f 5353 6407 5318
f 6464 6463 5352
f 5352 6463 5353
f 6408 6465 5288
f 5288 6465 5289
f 4196 4224 6426
f 6426 4224 6427
f 6430 6427 6428
f 6428 6427 4224
f 6466 6430 4382
f 4382 6430 6428
f 6410 6466 4217
f 4217 6466 4382
f 4240 4239 3015
f 3015 4239 3016
f 4254 4257 3017
f 3017 4257 3018
f 6473 6474 4732
f 4732 6474 6475
f 6474 6374 6475
f 6475 6374 6373
f 5246 6374 3022
f 3022 6374 3023
f 4254 6299 4255
f 4255 6299 6288
f 6473 6300 3024
f 3024 6300 3025
f 6476 4257 6312
f 6312 4257 4256
f 4240 6476 4241
f 4241 6476 6312
f 6477 4239 6391
f 6391 4239 4238
f 6467 6477 6457
f 6457 6477 6391
f 6411 3029 6467
f 6467 3029 3028
f 4216 3030 6411
f 6411 3030 3029
f 6479 6480 6478
f 6478 6480 6481
f 6483 6484 6482
f 6482 6484 6485
f 6486 6487 4102
f 4102 6487 6331
f 6483 6488 6478
f 6478 6488 6489
f 4429 4829 6490
f 6490 4829 6479
f 6491 6486 4101
f 4101 6486 4102
f 4895 6491 4899
f 4899 6491 4101
f 4160 6488 4157
f 4157 6488 6492
f 6489 4087 6490
f 6490 4087 4090
f 4267 4261 5013
f 5013 4261 4260
f 4258 4261 5328
f 5328 4261 4975
f 4261 4267 4975
f 4975 4267 4266
f 5367 3793 3912
f 3912 3793 3575
f 6494 3616 6493
f 6493 3616 3795
f 6496 3589 6495
f 6495 3589 3588
f 6495 3588 5368
f 5368 3588 3794
f 3841 3840 3050
f 3050 3840 3051
f 3912 3911 3052
f 3052 3911 3053
f 3929 3930 3054
f 3054 3930 3055
f 5370 3930 3916
f 3916 3930 3923
f 3938 5369 3807
f 3807 5369 3915
f 3589 6496 3806
f 3806 6496 3937
f 3938 3937 3056
f 3056 3937 3057
f 3051 3840 3058
f 3058 3840 3943
f 3730 4808 3727
f 3727 4808 3943
f 3820 3951 3795
f 3795 3951 6493
f 3951 3841 3059
f 3059 3841 3050
f 3911 3574 6494
f 6494 3574 3616
f 3823 3929 3824
f 3824 3929 3952
f 4061 4060 3060
f 3060 4060 3061
f 6497 6498 4901
f 4901 6498 4790
f 6333 6499 4738
f 4738 6499 4739
f 6500 6501 6314
f 6314 6501 4418
f 6502 6275 4417
f 4417 6275 4185
f 6503 6497 4783
f 4783 6497 4901
f 6498 4060 4790
f 4790 4060 4059
f 4808 4061 3069
f 3069 4061 3060
f 5367 3071 5368
f 5368 3071 3070
f 5369 3073 5370
f 5370 3073 3072
f 6274 6275 3074
f 3074 6275 3075
f 6499 6504 4739
f 4739 6504 6317
f 6333 6332 3077
f 3077 6332 3078
f 6334 6274 3079
f 3079 6274 3074
f 6332 4825 3078
f 3078 4825 3080
f 6334 6503 4188
f 4188 6503 4783
f 4825 4689 3080
f 3080 4689 1330
f 6506 4747 6505
f 6505 4747 4746
f 6505 6507 6506
f 6506 6507 6508
f 4297 6509 4920
f 4920 6509 6510
f 4296 6511 4297
f 4297 6511 6509
f 6506 6508 4319
f 4319 6508 6512
f 4372 4371 6514
f 6514 4371 6513
f 6511 4296 5251
f 5251 4296 4305
f 5251 5250 6511
f 6511 5250 6515
f 6516 6509 6515
f 6515 6509 6511
f 6517 6507 6519
f 6519 6507 6518
f 6512 6520 6513
f 6513 6520 6514
f 6507 6517 6508
f 6508 6517 6521
f 5249 6523 6522
f 6522 6523 6524
f 6525 6370 5253
f 5253 6370 6526
f 4370 4323 4371
f 4371 4323 4326
f 4370 3103 4323
f 4323 3103 1541
f 6521 6517 6527
f 6527 6517 6519
f 6520 6528 6514
f 6514 6528 6529
f 6531 6532 6530
f 6530 6532 6533
f 5250 6534 6515
f 6515 6534 6535
f 6530 6533 6536
f 6536 6533 6537
f 6526 6538 6534
f 6534 6538 6537
f 6515 6535 6516
f 6516 6535 6539
f 4325 4321 4326
f 4326 4321 4320
f 4371 4326 6513
f 6513 4326 4320
f 6531 4731 6541
f 6541 4731 6540
f 4731 4730 6540
f 6540 4730 6542
f 4730 3121 6542
f 6542 3121 3120
f 6530 4328 6531
f 6531 4328 4731
f 4328 6530 4329
f 4329 6530 6536
f 4329 6536 6524
f 6524 6536 6543
f 6544 6545 6522
f 6522 6545 5248
f 6389 6388 5245
f 5245 6388 6373
f 6388 6546 6373
f 6373 6546 6475
f 4733 6546 6295
f 6295 6546 4377
f 4732 6475 4733
f 4733 6475 6546
f 4393 4432 4394
f 4394 4432 4435
f 4434 4672 4842
f 4842 4672 4671
f 4440 4439 4441
f 4441 4439 4438
f 4436 4450 4437
f 4437 4450 4398
f 4447 4444 4448
f 4448 4444 4392
f 4446 4464 4433
f 4433 4464 6547
f 4454 4423 4455
f 4455 4423 4422
f 4452 4481 4453
f 4453 4481 4480
f 4458 4389 4459
f 4459 4389 4388
f 4456 4471 4457
f 4457 4471 4468
f 4391 4460 4392
f 4392 4460 4448
f 4461 4467 4445
f 4445 4467 4465
f 4437 4398 4629
f 4629 4398 4397
f 4438 4628 4441
f 4441 4628 4631
f 4841 4629 4839
f 4839 4629 4397
f 4628 4842 4631
f 4631 4842 4671
f 4930 4989 4452
f 4452 4989 4481
f 4929 4927 4436
f 4436 4927 4450
f 4933 4387 4934
f 4934 4387 4386
f 4931 4475 4932
f 4932 4475 4474
f 4936 4449 4933
f 4933 4449 4387
f 4935 4472 4456
f 4456 4472 4471
f 4389 4458 4391
f 4391 4458 4460
f 4457 4468 4461
f 4461 4468 4467
f 4934 4386 4454
f 4454 4386 4423
f 4453 4480 4931
f 4931 4480 4475
f 4575 4997 4576
f 4576 4997 4639
f 4579 4596 4580
f 4580 4596 4595
f 4583 4582 4572
f 4572 4582 4569
f 4587 4944 4588
f 4588 4944 4562
f 4588 4562 4590
f 4590 4562 4561
f 4576 4639 4642
f 4642 4639 4638
f 4642 4845 4641
f 4641 4845 4846
f 4845 4590 4846
f 4846 4590 4561
f 4941 4938 4595
f 4595 4938 4580
f 4938 4940 4668
f 4668 4940 4669
f 4583 4942 4584
f 4584 4942 4947
f 4582 4587 4569
f 4569 4587 4586
f 5000 5001 4579
f 4579 5001 4596
f 4558 4560 4585
f 4585 4560 4586
f 4565 4639 4566
f 4566 4639 4997
f 4568 4567 4577
f 4577 4567 4578
f 4570 4554 4571
f 4571 4554 4556
f 4640 4565 4637
f 4637 4565 4546
f 4662 4664 4665
f 4665 4664 4844
f 4662 4558 4589
f 4589 4558 4585
f 4554 4570 4557
f 4557 4570 4560
f 4571 4667 4572
f 4572 4667 4943
f 4551 4670 4552
f 4552 4670 4666
f 4640 4664 4638
f 4638 4664 4663
f 4670 4568 4668
f 4668 4568 4577
f 4999 4996 4566
f 4566 4996 4543
f 4608 4564 4603
f 4603 4564 4563
f 4573 4593 4574
f 4574 4593 4592
f 4597 4614 4598
f 4598 4614 4613
f 4601 4600 4584
f 4584 4600 4581
f 4563 4562 4604
f 4604 4562 4944
f 4643 4593 4641
f 4641 4593 4573
f 4643 4847 4644
f 4644 4847 4848
f 4564 4847 4561
f 4561 4847 4846
f 4945 4941 4598
f 4598 4941 4595
f 4941 4945 4939
f 4939 4945 4946
f 4601 4948 4602
f 4602 4948 4620
f 4600 4604 4581
f 4581 4604 4944
f 5002 5003 4597
f 4597 5003 4614
f 4988 4759 4953
f 4953 4759 4402
f 4706 6548 4707
f 4707 6548 6549
f 4311 4928 4419
f 4419 4928 6550
f 4921 4920 6551
f 6551 4920 6552
f 4925 6553 4926
f 4926 6553 6554
f 4928 4921 4802
f 4802 4921 6551
f 6555 4985 6550
f 6550 4985 4419
f 4952 6556 4953
f 4953 6556 4649
f 4971 6557 4706
f 4706 6557 6548
f 4988 4648 4925
f 4925 4648 6553
f 4707 6549 5006
f 5006 6549 4987
f 4920 6510 6552
f 6552 6510 6518
f 6558 6510 6516
f 6516 6510 6509
f 6559 6558 6539
f 6539 6558 6516
f 6531 6541 6532
f 6532 6541 6560
f 6540 6561 6541
f 6541 6561 6529
f 6542 6562 6540
f 6540 6562 6561
f 6542 3120 6562
f 6562 3120 3142
f 4366 6563 4760
f 4760 6563 4970
f 4815 6564 4816
f 4816 6564 6565
f 3147 3146 6565
f 6565 3146 4816
f 6564 6563 6565
f 6565 6563 6566
f 4837 4385 4357
f 4357 4385 4358
f 6565 6566 3147
f 3147 6566 3149
f 4694 1209 3150
f 5247 5249 5248
f 5248 5249 6522
f 6372 6390 6545
f 6545 6390 6389
f 6375 5254 6376
f 6376 5254 5258
f 6377 6525 6378
f 6378 6525 5255
f 5260 6379 5258
f 5258 6379 6376
f 6380 6567 6381
f 6381 6567 6568
f 6382 6569 6383
f 6383 6569 6570
f 6377 6371 6525
f 6525 6371 6370
f 6379 5260 6384
f 6384 5260 6571
f 6385 6572 6382
f 6382 6572 6569
f 6378 5255 6375
f 6375 5255 5254
f 6386 6573 6387
f 6387 6573 6574
f 6545 6389 5248
f 5248 6389 5245
f 4675 4750 4676
f 4676 4750 6286
f 4734 6289 4735
f 4735 6289 6288
f 4804 6290 4805
f 4805 6290 4963
f 4811 4807 4812
f 4812 4807 4411
f 4954 6292 4955
f 4955 6292 4959
f 4964 4962 4965
f 4965 4962 4751
f 6285 4821 4812
f 4812 4821 4809
f 4675 4287 4965
f 4965 4287 4210
f 6294 4145 4955
f 4955 4145 4154
f 4964 4120 4805
f 4805 4120 4119
f 6298 4966 4734
f 4734 4966 6289
f 6300 6473 4735
f 4735 6473 4732
f 6297 6296 4676
f 4676 6296 4288
f 6523 3160 4330
f 4330 3160 3159
f 5253 5252 6525
f 6525 5252 5255
f 5256 5252 4305
f 4305 5252 5251
f 4304 5257 4305
f 4305 5257 5256
f 4424 5259 4304
f 4304 5259 5257
f 5261 6571 5259
f 5259 6571 5260
f 5262 6573 5261
f 5261 6573 6571
f 5264 6567 5265
f 5265 6567 6574
f 5266 6572 5267
f 5267 6572 6568
f 5268 6570 5269
f 5269 6570 6569
f 1807 3161 5268
f 5268 3161 6570
f 6524 6523 4329
f 4329 6523 4330
f 5253 6526 5250
f 5250 6526 6534
f 6543 6538 6544
f 6544 6538 6369
f 6524 6543 6522
f 6522 6543 6544
f 3071 5367 3052
f 3052 5367 3912
f 6493 3163 6494
f 6494 3163 3162
f 3164 445 3771
f 3771 445 3761
f 461 3165 3919
f 3919 3165 3920
f 330 410 3839
f 3839 410 3910
f 332 331 3552
f 3552 331 3551
f 464 304 3918
f 3918 304 3816
f 385 458 3766
f 3766 458 3894
f 412 415 3762
f 3762 415 3763
f 3166 337 3748
f 3748 337 3745
f 3072 3055 5370
f 5370 3055 3930
f 3073 5369 3056
f 3056 5369 3938
f 3167 3057 6496
f 6496 3057 3937
f 3069 3058 4808
f 4808 3058 3943
f 411 3166 3851
f 3851 3166 3748
f 3059 3163 3951
f 3951 3163 6493
f 336 3164 3772
f 3772 3164 3771
f 3053 3911 3162
f 3162 3911 6494
f 3054 3168 3929
f 3929 3168 3952
f 3165 830 3920
f 3920 830 3945
f 3170 3169 6497
f 6497 3169 6498
f 3171 1354 5005
f 5005 1354 4830
f 3172 3170 6503
f 6503 3170 6497
f 3169 3061 6498
f 6498 3061 4060
f 3173 3171 5006
f 5006 3171 5005
f 3079 3172 6334
f 6334 3172 6503
f 3174 3025 6299
f 6299 3025 6300
f 6576 6577 6575
f 6575 6577 6578
f 4612 4611 6579
f 6579 4611 6580
f 6582 6583 6581
f 6581 6583 6584
f 6584 6585 4618
f 4618 6585 4621
f 6586 6587 6589
f 6589 6587 6588
f 6588 6587 6590
f 6590 6587 6591
f 6592 4606 6590
f 6590 4606 4623
f 6594 6576 6593
f 6593 6576 6575
f 6595 6582 6579
f 6579 6582 6581
f 6580 6597 6596
f 6596 6597 6598
f 6577 6576 6599
f 6599 6576 6600
f 6595 6596 6601
f 6601 6596 6602
f 6583 6582 6603
f 6603 6582 6604
f 6586 6606 6605
f 6605 6606 6607
f 6587 6586 6608
f 6608 6586 6605
f 6587 6608 6591
f 6591 6608 6609
f 6576 6594 6600
f 6600 6594 6610
f 6582 6595 6604
f 6604 6595 6601
f 6599 6611 6577
f 6577 6611 6598
f 6613 6614 6612
f 6612 6614 6615
f 6617 6618 6616
f 6616 6618 6619
f 6621 6622 6620
f 6620 6622 6623
f 6625 6626 6624
f 6624 6626 6627
f 6629 6630 6628
f 6628 6630 6631
f 6633 6634 6632
f 6632 6634 6635
f 6637 6638 6636
f 6636 6638 6639
f 6640 6641 6637
f 6637 6641 6638
f 6643 6633 6642
f 6642 6633 6632
f 6645 6646 6644
f 6644 6646 6647
f 6646 6648 6647
f 6647 6648 6649
f 6651 6652 6650
f 6650 6652 6653
f 6653 6652 6654
f 6654 6652 6655
f 6656 6657 6659
f 6659 6657 6658
f 6661 6662 6660
f 6660 6662 6663
f 6662 6661 6664
f 6664 6661 6665
f 6667 6657 6666
f 6666 6657 6656
f 6669 6670 6668
f 6668 6670 6671
f 6672 6673 6670
f 6670 6673 6671
f 6674 6675 6677
f 6677 6675 6676
f 6675 6678 6676
f 6676 6678 6679
f 6681 6682 6680
f 6680 6682 6683
f 6684 6685 6683
f 6683 6685 6680
f 6687 6688 6686
f 6686 6688 6689
f 6687 6690 6688
f 6688 6690 6691
f 6619 6618 6633
f 6633 6618 6634
f 6632 6635 6693
f 6693 6635 6692
f 6617 6694 6636
f 6636 6694 6637
f 6695 6692 6639
f 6639 6692 6635
f 6637 6694 6640
f 6640 6694 6696
f 6698 6638 6697
f 6697 6638 6641
f 6643 6616 6633
f 6633 6616 6619
f 6642 6699 6641
f 6641 6699 6697
f 6646 6645 6700
f 6700 6645 6621
f 6644 6701 6654
f 6654 6701 6702
f 6700 6703 6646
f 6646 6703 6648
f 6693 6704 6649
f 6649 6704 6647
f 6620 6623 6651
f 6651 6623 6652
f 6693 6649 6699
f 6699 6649 6650
f 6652 6623 6655
f 6655 6623 6622
f 6654 6702 6653
f 6653 6702 6697
f 6615 6614 6657
f 6657 6614 6658
f 6705 6656 6704
f 6704 6656 6659
f 6613 6706 6660
f 6660 6706 6661
f 6704 6659 6701
f 6701 6659 6663
f 6661 6706 6665
f 6665 6706 6707
f 6708 6702 6664
f 6664 6702 6662
f 6612 6615 6667
f 6667 6615 6657
f 6666 6709 6664
f 6664 6709 6708
f 6629 6710 6669
f 6669 6710 6670
f 6668 6711 6679
f 6679 6711 6712
f 6713 6672 6710
f 6710 6672 6670
f 6714 6671 6705
f 6705 6671 6673
f 6628 6631 6674
f 6674 6631 6675
f 6705 6673 6709
f 6709 6673 6677
f 6631 6630 6675
f 6675 6630 6678
f 6712 6708 6679
f 6679 6708 6676
f 6625 6715 6682
f 6682 6715 6683
f 6716 6717 6681
f 6681 6717 6691
f 6718 6684 6715
f 6715 6684 6683
f 6719 6680 6714
f 6714 6680 6685
f 6624 6627 6686
f 6686 6627 6687
f 6689 6711 6685
f 6685 6711 6714
f 6627 6626 6687
f 6687 6626 6690
f 6717 6712 6691
f 6691 6712 6688
f 6612 6707 6613
f 6613 6707 6706
f 6616 6696 6617
f 6617 6696 6694
f 6703 6700 6620
f 6620 6700 6621
f 6715 6625 6718
f 6718 6625 6624
f 6710 6629 6713
f 6713 6629 6628
f 6639 6635 6636
f 6636 6635 6634
f 6641 6640 6642
f 6642 6640 6643
f 6654 6655 6644
f 6644 6655 6645
f 6651 6650 6648
f 6648 6650 6649
f 6659 6658 6663
f 6663 6658 6660
f 6665 6667 6664
f 6664 6667 6666
f 6678 6669 6679
f 6679 6669 6668
f 6673 6672 6677
f 6677 6672 6674
f 6690 6682 6691
f 6691 6682 6681
f 6685 6684 6689
f 6689 6684 6686
f 6636 6634 6617
f 6617 6634 6618
f 6638 6698 6639
f 6639 6698 6695
f 6640 6696 6643
f 6643 6696 6616
f 6693 6699 6632
f 6632 6699 6642
f 6655 6622 6645
f 6645 6622 6621
f 6704 6701 6647
f 6647 6701 6644
f 6651 6648 6620
f 6620 6648 6703
f 6650 6653 6699
f 6699 6653 6697
f 6613 6660 6614
f 6614 6660 6658
f 6663 6662 6701
f 6701 6662 6702
f 6665 6707 6667
f 6667 6707 6612
f 6705 6709 6656
f 6656 6709 6666
f 6630 6629 6678
f 6678 6629 6669
f 6714 6711 6671
f 6671 6711 6668
f 6672 6713 6674
f 6674 6713 6628
f 6677 6676 6709
f 6709 6676 6708
f 6626 6625 6690
f 6690 6625 6682
f 6680 6719 6681
f 6681 6719 6716
f 6684 6718 6686
f 6686 6718 6624
f 6711 6689 6712
f 6689 6688 6712
f 6593 6720 6594
f 6594 6720 6721
f 6722 6720 4607
f 4607 6720 4849
f 6592 6723 6722
f 6722 6723 6724
f 4610 4609 6578
f 6578 4609 6575
f 6596 6595 6580
f 6580 6595 6579
f 4618 4617 6584
f 6584 4617 6581
f 6589 6585 6586
f 6586 6585 6606
f 4622 4619 6588
f 6588 4619 6589
f 4622 6588 4623
f 4623 6588 6590
f 4609 4645 6575
f 6575 4645 6593
f 4617 4612 6581
f 6581 4612 6579
f 5004 4610 6597
f 6597 4610 6578
f 4645 4849 6593
f 6593 4849 6720
f 6724 6721 6722
f 6722 6721 6720
f 6722 4607 6592
f 6592 4607 4606
f 6725 6610 6721
f 6721 6610 6594
f 6723 6726 6724
f 6724 6726 6727
f 6727 6725 6724
f 6724 6725 6721
f 6728 6729 6605
f 6605 6729 6608
f 6605 6607 6728
f 6728 6607 6730
f 6731 6732 6604
f 6604 6732 6603
f 6733 6734 6725
f 6725 6734 6610
f 6735 6733 6727
f 6727 6733 6725
f 6735 6727 6736
f 6736 6727 6726
f 6591 6609 6723
f 6723 6609 6726
f 6723 6592 6591
f 6591 6592 6590
f 6738 6739 6737
f 6737 6739 6740
f 6740 6739 6742
f 6742 6739 6741
f 6743 6744 6741
f 6741 6744 6742
f 6745 6746 6743
f 6743 6746 6744
f 6747 6748 6745
f 6745 6748 6746
f 6749 6750 6747
f 6747 6750 6748
f 6752 6738 6751
f 6751 6738 6737
f 6754 6752 6753
f 6753 6752 6751
f 6756 6754 6755
f 6755 6754 6753
f 6758 6750 6757
f 6757 6750 6749
f 6760 6756 6759
f 6759 6756 6755
f 6762 6760 6761
f 6761 6760 6759
f 6764 6762 6763
f 6763 6762 6761
f 6757 6764 6758
f 6758 6764 6763
f 6766 6741 6765
f 6765 6741 6739
f 6767 6743 6766
f 6766 6743 6741
f 6768 6745 6767
f 6767 6745 6743
f 6769 6747 6768
f 6768 6747 6745
f 6770 6749 6769
f 6769 6749 6747
f 6772 6769 6771
f 6771 6769 6768
f 6773 6770 6772
f 6772 6770 6769
f 6774 6775 6772
f 6772 6775 6773
f 6777 6778 6776
f 6776 6778 6779
f 6775 6774 6778
f 6778 6774 6779
f 6771 6780 6772
f 6772 6780 6774
f 6780 6781 6774
f 6774 6781 6779
f 6781 6782 6779
f 6779 6782 6776
f 6784 6785 6783
f 6783 6785 6786
f 6786 6787 6783
f 6783 6787 6788
f 6790 6788 6789
f 6789 6788 6787
f 6786 6785 6791
f 6791 6785 6792
f 6791 6793 6786
f 6786 6793 6787
f 6793 6794 6787
f 6787 6794 6789
f 6795 6796 6794
f 6794 6796 6789
f 6790 6789 6797
f 6797 6789 6796
f 6798 6765 6738
f 6738 6765 6739
f 6799 6798 6752
f 6752 6798 6738
f 6767 6800 6768
f 6768 6800 6771
f 6766 6801 6767
f 6767 6801 6800
f 6802 6801 6765
f 6765 6801 6766
f 6798 6803 6765
f 6765 6803 6802
f 6804 6803 6799
f 6799 6803 6798
f 6805 6806 6804
f 6804 6806 6803
f 6807 6799 6754
f 6754 6799 6752
f 6808 6804 6807
f 6807 6804 6799
f 6809 6805 6808
f 6808 6805 6804
f 6810 6811 6805
f 6805 6811 6806
f 6812 6813 6810
f 6810 6813 6811
f 6814 6815 6796
f 6796 6815 6797
f 6813 6814 6816
f 6816 6814 6817
f 6816 6818 6813
f 6813 6818 6811
f 6819 6806 6818
f 6818 6806 6811
f 6802 6803 6819
f 6819 6803 6806
f 6757 6749 6820
f 6820 6749 6770
f 6820 6770 6821
f 6821 6770 6773
f 6821 6773 6822
f 6822 6773 6775
f 6822 6775 6823
f 6823 6775 6778
f 6824 6823 6777
f 6777 6823 6778
f 6784 6825 6777
f 6777 6825 6824
f 6826 6827 6788
f 6788 6827 6783
f 6828 6826 6790
f 6790 6826 6788
f 6829 6828 6797
f 6797 6828 6790
f 6815 6830 6797
f 6797 6830 6829
f 6832 6812 6831
f 6831 6812 6810
f 6831 6810 6809
f 6809 6810 6805
f 6736 6800 6735
f 6735 6800 6801
f 6733 6735 6802
f 6802 6735 6801
f 6734 6733 6819
f 6819 6733 6802
f 6833 6734 6818
f 6818 6734 6819
f 6834 6833 6816
f 6816 6833 6818
f 6816 6817 6834
f 6834 6817 6835
f 6837 6795 6836
f 6836 6795 6794
f 6836 6794 6731
f 6731 6794 6793
f 6732 6731 6791
f 6791 6731 6793
f 6791 6792 6732
f 6732 6792 6730
f 6729 6728 6781
f 6781 6728 6782
f 6838 6807 6756
f 6756 6807 6754
f 6839 6838 6760
f 6760 6838 6756
f 6840 6839 6762
f 6762 6839 6760
f 6841 6840 6764
f 6764 6840 6762
f 6820 6841 6757
f 6757 6841 6764
f 6841 6820 6842
f 6842 6820 6821
f 6840 6841 6843
f 6843 6841 6842
f 6839 6840 6844
f 6844 6840 6843
f 6838 6839 6845
f 6845 6839 6844
f 6807 6838 6808
f 6808 6838 6845
f 6842 6821 6846
f 6846 6821 6822
f 6843 6842 6847
f 6847 6842 6846
f 6844 6843 6848
f 6848 6843 6847
f 6845 6844 6849
f 6849 6844 6848
f 6808 6845 6809
f 6809 6845 6849
f 6850 6831 6849
f 6849 6831 6809
f 6851 6850 6848
f 6848 6850 6849
f 6847 6852 6848
f 6848 6852 6851
f 6853 6852 6846
f 6846 6852 6847
f 6846 6822 6853
f 6853 6822 6823
f 6853 6823 6854
f 6854 6823 6824
f 6854 6855 6853
f 6853 6855 6852
f 6856 6851 6855
f 6855 6851 6852
f 6856 6857 6851
f 6851 6857 6850
f 6857 6832 6850
f 6850 6832 6831
f 6825 6858 6824
f 6824 6858 6854
f 6860 6827 6859
f 6859 6827 6826
f 6859 6826 6861
f 6861 6826 6828
f 6862 6861 6829
f 6829 6861 6828
f 6830 6863 6829
f 6829 6863 6862
f 6863 6864 6862
f 6862 6864 6865
f 6858 6866 6854
f 6854 6866 6855
f 6867 6865 6866
f 6866 6865 6864
f 6869 6859 6868
f 6868 6859 6861
f 6867 6869 6865
f 6865 6869 6868
f 6861 6862 6868
f 6868 6862 6865
f 6867 6860 6869
f 6869 6860 6859
f 6753 6751 6698
f 6698 6751 6695
f 6697 6755 6698
f 6698 6755 6753
f 6759 6755 6702
f 6702 6755 6697
f 6761 6759 6708
f 6708 6759 6702
f 6763 6761 6712
f 6712 6761 6708
f 6758 6763 6717
f 6717 6763 6712
f 6750 6758 6716
f 6716 6758 6717
f 6719 6748 6716
f 6716 6748 6750
f 6714 6746 6719
f 6719 6746 6748
f 6705 6744 6714
f 6714 6744 6746
f 6704 6742 6705
f 6705 6742 6744
f 6740 6742 6693
f 6693 6742 6704
f 6737 6740 6692
f 6692 6740 6693
f 6751 6737 6695
f 6695 6737 6692
f 6601 6602 6836
f 6836 6602 6837
f 6604 6601 6731
f 6731 6601 6836
f 6599 6600 6834
f 6834 6600 6833
f 6834 6835 6599
f 6599 6835 6611
f 6600 6610 6833
f 6833 6610 6734
f 6780 6771 6870
f 6870 6771 6736
f 6736 6771 6800
f 6870 6729 6780
f 6780 6729 6781
f 6608 6729 6609
f 6609 6729 6870
f 6609 6870 6726
f 6726 6870 6736
f 5014 5015 5229
f 5229 5015 5230
f 4258 5015 4259
f 4259 5015 4878
f 3471 3013 4703
f 4703 3013 4704
f 2879 6337 1306
f 1306 6337 4785
f 829 3471 4316
f 4316 3471 4703
f 4702 3472 5223
f 5223 3472 1756
f 6871 6872 4534
f 4534 6872 4535
f 6871 4665 6872
f 6872 4665 4844
f 6871 6873 4665
f 4665 6873 4559
f 6871 4534 6873
f 6873 4534 4542
f 4153 4152 4822
f 4822 4152 4407
f 4152 4168 4407
f 4407 4168 4342
f 4343 4168 4923
f 4923 4168 4167
f 4363 4362 4972
f 4972 4362 4840
f 4362 4394 4840
f 4840 4394 4839
f 4401 4400 4986
f 4986 4400 4984
f 4435 4434 4841
f 4841 4434 4842
f 4506 4505 4530
f 4530 4505 4531
f 4506 4535 4507
f 4507 4535 4843
f 4661 4660 4516
f 4516 4660 4517
f 4673 4672 4937
f 4937 4672 6547
f 4400 4924 4984
f 4984 4924 5263
f 4673 4660 4674
f 4674 4660 4659
f 4505 4661 4531
f 4531 4661 4516
f 4952 4401 6874
f 6874 4401 4986
f 4954 4153 6875
f 6875 4153 4822
f 4363 4973 4364
f 4364 4973 4974
f 5264 4924 5267
f 5267 4924 4691
f 6293 6292 6876
f 6876 6292 6877
f 6380 4343 6387
f 6387 4343 4923
f 4394 4435 4839
f 4839 4435 4841
f 4672 4434 6547
f 6547 4434 4433
f 4973 6556 4974
f 4974 6556 6878
f 6567 6380 6574
f 6574 6380 6387
f 6292 4954 6877
f 6877 4954 6875
f 6567 5264 6568
f 6568 5264 5267
f 4145 4144 4154
f 4154 4144 4151
f 4194 4144 4425
f 4425 4144 4143
f 4355 4354 5263
f 5263 4354 4984
f 4360 4359 4364
f 4364 4359 4361
f 4444 4359 4392
f 4392 4359 4337
f 4447 4446 4432
f 4432 4446 4433
f 4464 4463 6547
f 6547 4463 4937
f 4519 4518 4654
f 4654 4518 4509
f 4533 4532 4499
f 4499 4532 4498
f 4533 4542 4530
f 4530 4542 4534
f 4519 4532 4516
f 4516 4532 4531
f 4922 4194 4426
f 4426 4194 4425
f 4463 4518 4937
f 4937 4518 4517
f 6555 4951 6874
f 6874 4951 6878
f 4958 4957 6290
f 6290 4957 6291
f 4334 4360 4712
f 4712 4360 4950
f 4985 4354 4419
f 4419 4354 4353
f 5262 4355 5265
f 5265 4355 5263
f 6294 4958 4804
f 4804 4958 6290
f 6386 4922 6384
f 6384 4922 4426
f 4444 4447 4393
f 4393 4447 4432
f 4464 4446 4465
f 4465 4446 4445
f 4985 6555 4986
f 4986 6555 6874
f 6573 6386 6571
f 6571 6386 6384
f 4145 6294 4146
f 4146 6294 4804
f 6573 5262 6574
f 6574 5262 5265
f 4542 4541 6873
f 6873 4541 4559
f 4535 6872 4843
f 4843 6872 4844
f 4104 4103 6879
f 6879 4103 6343
f 4105 6293 6307
f 6307 6293 6876
f 4104 4956 4105
f 4105 4956 6293
f 4956 4104 4957
f 4957 4104 6879
f 4957 6879 6291
f 6291 6879 6309
f 4648 4988 4649
f 4649 4988 4953
f 4802 4803 4928
f 4928 4803 6550
f 6550 4803 6555
f 6555 4803 4951
f 1516 3173 4987
f 4987 3173 5006
f 6519 6518 6558
f 6558 6518 6510
f 6527 6519 6559
f 6559 6519 6558
f 6528 6560 6529
f 6529 6560 6541
f 6548 4625 6549
f 6549 4625 4624
f 6551 6552 4746
f 4746 6552 6505
f 6553 4711 6554
f 6554 4711 4710
f 4802 6551 4713
f 4713 6551 4746
f 6556 4973 4649
f 4649 4973 4646
f 6557 4949 6548
f 6548 4949 4625
f 4648 4647 6553
f 6553 4647 4711
f 6549 4624 4987
f 4987 4624 4838
f 6552 6518 6505
f 6505 6518 6507
f 6561 4372 6529
f 6529 4372 6514
f 6562 4369 6561
f 6561 4369 4372
f 3142 3482 6562
f 6562 3482 4369
f 6556 4952 6878
f 6878 4952 6874
f 4951 4950 6878
f 6878 4950 4974
f 3168 440 3952
f 4204 4203 5341
f 5341 4203 6364
f 4219 4222 6429
f 6429 4222 4383
f 4319 4322 6506
f 6506 4322 4747
f 4340 4714 4341
f 4341 4714 4384
f 4375 4377 6388
f 6388 4377 6546
f 4378 4381 6311
f 6311 4381 4720
f 4449 4341 4387
f 4387 4341 4384
f 4473 4472 4477
f 4477 4472 4474
f 4492 4491 4487
f 4487 4491 4488
f 4523 4491 4522
f 4522 4491 4490
f 4492 4538 4493
f 4493 4538 4555
f 4538 4553 4555
f 4555 4553 4556
f 4620 4615 4621
f 4621 4615 4618
f 4652 4651 4368
f 4368 4651 4365
f 4523 4655 4524
f 4524 4655 4656
f 4553 4667 4556
f 4556 4667 4571
f 4651 1210 4365
f 4365 1210 1209
f 4698 4697 5223
f 5223 4697 6344
f 4340 4339 4322
f 4322 4339 4747
f 4726 4729 5287
f 5287 4729 4198
f 4381 4380 4737
f 4737 4380 6368
f 4836 4835 4451
f 4451 4835 4709
f 4910 6367 4911
f 4911 6367 6366
f 4912 4915 6450
f 6450 4915 6449
f 4927 4836 4450
f 4450 4836 4451
f 4930 4929 4439
f 4439 4929 4436
f 4936 4935 4459
f 4459 4935 4456
f 4473 4655 4470
f 4470 4655 4510
f 4942 4583 4943
f 4943 4583 4572
f 4948 4601 4947
f 4947 4601 4584
f 4949 4835 4625
f 4625 4835 4626
f 4966 4969 6289
f 6289 4969 4695
f 4971 4652 4926
f 4926 4652 4368
f 4203 4977 6364
f 6364 4977 6365
f 4990 4989 4443
f 4443 4989 4440
f 4990 4991 4478
f 4478 4991 4512
f 4992 4991 4528
f 4528 4991 4515
f 4992 4993 4527
f 4527 4993 4485
f 4994 4993 4502
f 4502 4993 4503
f 4994 4995 4482
f 4482 4995 4550
f 4543 4996 4544
f 4544 4996 4995
f 4999 4998 4567
f 4567 4998 4578
f 5000 4998 4575
f 4575 4998 4997
f 5002 5001 4592
f 4592 5001 4574
f 5003 5004 4614
f 4614 5004 4611
f 3483 4215 1755
f 1755 4215 4698
f 5274 5277 4195
f 4195 5277 4223
f 4726 5295 4727
f 4727 5295 6350
f 5309 5342 5310
f 5310 5342 6363
f 5315 5314 5316
f 5316 5314 5317
f 5339 6362 5340
f 5340 6362 5363
f 5310 6363 5339
f 5339 6363 6362
f 4204 5309 4201
f 4201 5309 5308
f 4915 5345 6449
f 6449 5345 6448
f 5345 5315 6448
f 6448 5315 5316
f 5348 5347 6351
f 6351 5347 6352
f 5365 4263 5340
f 5340 4263 4262
f 6295 6298 4733
f 4733 6298 4734
f 4969 6306 4695
f 4695 6306 4696
f 6306 4378 4696
f 4696 4378 6311
f 6369 6372 6544
f 6544 6372 6545
f 4375 6390 4373
f 4373 6390 4374
f 6421 6422 4911
f 4911 6422 4908
f 4910 4909 4737
f 4737 4909 4736
f 5277 4219 4223
f 4223 4219 6429
f 4697 4222 6344
f 6344 4222 4221
f 6436 6361 6437
f 6437 6361 6360
f 6438 6440 6437
f 6437 6440 6434
f 6438 6359 6441
f 6441 6359 6358
f 6442 6441 6357
f 6357 6441 6358
f 6442 6444 6443
f 6443 6444 6445
f 6446 6444 6355
f 6355 6444 6356
f 6446 4912 6447
f 6447 4912 6450
f 6436 6435 5365
f 5365 6435 4263
f 5314 5347 5317
f 5317 5347 5346
f 4319 6512 4320
f 4320 6512 6513
f 6520 6512 6521
f 6521 6512 6508
f 6528 6520 6527
f 6527 6520 6521
f 6532 6539 6533
f 6533 6539 6535
f 6533 6535 6537
f 6537 6535 6534
f 6538 6543 6537
f 6537 6543 6536
f 6295 4377 6296
f 6296 4377 4376
f 4989 4930 4440
f 4440 4930 4439
f 4927 4929 4422
f 4422 4929 4455
f 4449 4936 4388
f 4388 4936 4459
f 4472 4935 4474
f 4474 4935 4932
f 4942 4940 4947
f 4947 4940 4939
f 5001 5000 4574
f 4574 5000 4575
f 4669 4943 4666
f 4666 4943 4667
f 4996 4999 4547
f 4547 4999 4567
f 4948 4946 4620
f 4620 4946 4615
f 5003 5002 4591
f 4591 5002 4592
f 6557 4971 6554
f 6554 4971 4926
f 6532 6560 6539
f 6539 6560 6559
f 6390 6372 4374
f 4374 6372 6371
f 4966 6298 4967
f 4967 6298 6297
f 6538 6526 6369
f 6369 6526 6370
f 6585 6589 4621
f 4621 6589 4619
f 6597 6578 6598
f 6598 6578 6577
f 6606 6583 6607
f 6607 6583 6603
f 6611 6602 6598
f 6598 6602 6596
f 6585 6584 6606
f 6606 6584 6583
f 6597 6580 5004
f 5004 6580 4611
f 6607 6603 6730
f 6730 6603 6732
f 6776 6785 6777
f 6777 6785 6784
f 6785 6776 6792
f 6792 6776 6782
f 6815 6814 6812
f 6812 6814 6813
f 6817 6814 6795
f 6795 6814 6796
f 6825 6784 6827
f 6827 6784 6783
f 6830 6815 6832
f 6832 6815 6812
f 6817 6795 6835
f 6835 6795 6837
f 6792 6782 6730
f 6730 6782 6728
f 6858 6825 6860
f 6860 6825 6827
f 6863 6830 6857
f 6857 6830 6832
f 6864 6863 6856
f 6856 6863 6857
f 6866 6858 6867
f 6867 6858 6860
f 6866 6864 6855
f 6855 6864 6856
f 6835 6837 6611
f 6611 6837 6602
f 6560 6528 6559
f 6559 6528 6527
f 4949 6557 4710
f 4710 6557 6554
f 4430 4090 4175
f 4175 4090 4089
f 4777 4113 4155
f 4155 4113 4086
f 4175 4089 4176
f 4176 4089 4142
f 4199 4271 4200
f 4200 4271 4798
f 4199 4095 4272
f 4272 4095 5273
f 4406 4405 4404
f 4404 4405 4346
f 4410 4409 6877
f 6877 4409 6876
f 4409 4413 6876
f 6876 4413 6307
f 4415 4148 4416
f 4416 4148 4147
f 4690 4405 4344
f 4344 4405 4342
f 4693 4692 4352
f 4352 4692 4349
f 4701 4700 6337
f 6337 4700 6338
f 4778 4777 4081
f 4081 4777 4155
f 4821 4406 4809
f 4809 4406 4404
f 4176 4142 4181
f 4181 4142 4415
f 4760 4970 4399
f 4399 4970 4692
f 4200 5007 4096
f 4096 5007 4078
f 5266 4693 5269
f 5269 4693 4352
f 5270 5007 5361
f 5361 5007 4797
f 4778 5270 4779
f 4779 5270 5361
f 6285 4410 6875
f 6875 4410 6877
f 6308 4413 4687
f 4687 4413 4412
f 6480 6320 6481
f 6481 6320 6880
f 4701 2878 4702
f 4702 2878 3472
f 6339 6347 6340
f 6340 6347 6348
f 6341 6342 6346
f 6346 6342 6345
f 4416 6308 4414
f 4414 6308 4687
f 6385 4690 6381
f 6381 4690 4344
f 5282 6341 5280
f 5280 6341 6339
f 4700 6342 6338
f 6338 6342 5281
f 6340 6348 4272
f 4272 6348 4270
f 6480 6479 4828
f 4828 6479 4829
f 6490 6479 6489
f 6489 6479 6478
f 4090 4430 6490
f 6490 4430 4429
f 6563 6564 4970
f 4970 6564 4815
f 4694 6566 4366
f 4366 6566 6563
f 6572 6385 6568
f 6568 6385 6381
f 4821 6285 4822
f 4822 6285 6875
f 6572 5266 6569
f 6569 5266 5269
f 3482 3103 4369
f 4369 3103 4370
f 3121 4730 3485
f 3485 4730 4327
f 6277 6280 6273
f 6273 6280 6272
f 6267 6276 6278
f 6278 6276 6279
f 6278 6279 6277
f 6277 6279 6280
f 6279 6256 6280
f 6280 6256 6255
f 6256 3857 6255
f 6255 3857 3754
f 3857 3856 3754
f 3754 3856 3755
f 3856 3703 3755
f 3755 3703 3863
f 3703 3702 3863
f 3863 3702 3759
f 3702 3706 3759
f 3759 3706 3670
f 3706 3705 3670
f 3670 3705 3668
f 3705 3773 3668
f 3668 3773 3882
f 3882 3773 3883
f 3883 3773 3707
f 3707 3708 3883
f 3883 3708 3880
f 3708 3710 3880
f 3880 3710 3881
f 3709 5241 3710
f 3710 5241 3881
f 5241 3709 5234
f 5234 3709 3786
f 3693 3712 3786
f 3786 3712 5234
f 4051 4055 4052
f 4052 4055 4056
f 4056 4055 4057
f 4057 4055 4054
f 4066 5238 5236
f 5236 5238 3989
f 4066 4069 5238
f 5238 4069 4035
f 6881 3962 3960
f 3960 3962 3957
f 6883 4070 6882
f 6882 4070 3941
f 4070 6883 4071
f 4071 6883 6884
f 4071 6884 4072
f 4072 6884 6885
f 6885 6886 4072
f 4072 6886 4031
f 3955 6881 3956
f 3956 6881 3960
f 6884 3991 6885
f 6885 3991 3990
f 6883 6887 6884
f 6884 6887 3991
f 6887 6888 3991
f 3991 6888 3992
f 6888 6887 6889
f 6889 6887 6890
f 6887 6883 6890
f 6890 6883 6882
f 4058 5240 3953
f 3953 5240 3954
f 5236 6888 5239
f 5239 6888 6889
f 5237 6886 3990
f 3990 6886 6885
f 4034 4031 5237
f 5237 4031 6886
f 6881 6882 3962
f 3962 6882 3941
f 6881 3955 6882
f 6882 3955 6890
f 3955 3954 6890
f 6890 3954 6889
f 5239 6889 5240
f 5240 6889 3954
f 6888 5236 3992
f 3992 5236 3989
f 3869 3868 3888
f 3888 3868 4015
f 3868 4012 4015
f 4015 4012 4010
f 4012 4022 4010
f 4010 4022 4009
f 4022 4021 4009
f 4009 4021 4018
f 4020 3974 4001
f 4001 3974 3996
f 4021 4020 4029
f 4029 4020 4001
f 4085 4156 4086
f 4086 4156 4155
f 4113 4777 4114
f 4114 4777 4776
f 4130 4129 4094
f 4094 4129 4091
f 4139 4773 4140
f 4140 4773 4772
f 4149 4178 4150
f 4150 4178 5225
f 4160 4159 4087
f 4087 4159 4088
f 4149 4148 4179
f 4179 4148 4141
f 4085 4084 4183
f 4183 4084 6315
f 4179 4141 4159
f 4159 4141 4088
f 4192 4130 4162
f 4162 4130 4094
f 4197 5288 4198
f 4198 5288 5287
f 4229 4766 4230
f 4230 4766 4771
f 4245 4246 4242
f 4242 4246 4249
f 4183 6315 4418
f 4418 6315 6314
f 4679 4178 4680
f 4680 4178 4177
f 4724 4798 4725
f 4725 4798 4271
f 4728 5275 4729
f 4729 5275 5274
f 4230 4771 4249
f 4249 4771 4242
f 4724 4723 4799
f 4799 4723 5355
f 4823 4824 4891
f 4891 4824 6327
f 4823 4192 4161
f 4161 4192 4162
f 4893 4767 4229
f 4229 4767 4766
f 4894 4895 4898
f 4898 4895 4899
f 4106 4150 4103
f 4103 4150 5225
f 4680 4894 4677
f 4677 4894 4898
f 6420 4977 5301
f 5301 4977 4976
f 4679 4678 5226
f 5226 4678 4427
f 5228 5008 4893
f 4893 5008 4767
f 5285 6354 5286
f 5286 6354 5343
f 5289 5352 5290
f 5290 5352 5349
f 5290 5349 5295
f 5295 5349 5348
f 5302 5299 4202
f 4202 5299 4976
f 4725 4271 5311
f 5311 4271 4270
f 5325 4723 5326
f 5326 4723 4722
f 5335 5355 5325
f 5325 5355 4723
f 5326 4722 5286
f 5286 4722 5283
f 4799 5357 4797
f 4797 5357 5361
f 5359 5356 5335
f 5335 5356 5355
f 4775 4774 5356
f 5356 4774 5357
f 5359 5358 4092
f 4092 5358 4093
f 6316 4740 6317
f 6317 4740 4739
f 6318 4827 6316
f 6316 4827 4740
f 6319 4828 6318
f 6318 4828 4827
f 6320 6480 6319
f 6319 6480 4828
f 6484 6322 6485
f 6485 6322 6321
f 6487 6324 6331
f 6331 6324 6323
f 6331 6323 6330
f 6330 6323 6325
f 6325 6326 6330
f 6330 6326 6329
f 6326 6328 6329
f 6329 6328 5231
f 4824 4685 5228
f 5228 4685 5008
f 5226 6343 5225
f 5225 6343 4103
f 4728 4727 6349
f 6349 4727 5284
f 6350 6351 5285
f 5285 6351 6354
f 4247 4246 6418
f 6418 4246 6365
f 6400 6402 6401
f 6401 6402 6459
f 4197 4196 6409
f 6409 4196 6426
f 6412 4897 6328
f 6328 4897 5231
f 6413 4133 6412
f 6412 4133 4897
f 6414 4134 6413
f 6413 4134 4133
f 6415 4225 6414
f 6414 4225 4134
f 6416 4252 6415
f 6415 4252 4225
f 6417 4253 6416
f 6416 4253 4252
f 4253 6417 6366
f 6366 6417 6419
f 6366 6419 4911
f 4911 6419 6421
f 6422 6423 4908
f 4908 6423 5298
f 5298 6423 6396
f 6396 6423 6424
f 6409 6426 6425
f 6425 6426 6397
f 5300 5299 6399
f 6399 5299 6400
f 6465 6408 6401
f 6401 6408 6398
f 6424 6399 6425
f 6425 6399 6398
f 6349 5284 5311
f 5311 5284 5283
f 6465 6464 5289
f 5289 6464 5352
f 6488 6483 6492
f 6492 6483 6482
f 6486 6491 6482
f 6482 6491 6492
f 6491 4895 6492
f 6492 4895 4157
f 6488 4160 6489
f 6489 4160 4087
f 6501 6502 4418
f 4418 6502 4417
f 6504 6500 6317
f 6317 6500 6314
f 3497 3496 6501
f 6501 3496 6502
f 3499 3498 6504
f 6504 3498 6500
f 4729 5274 4198
f 4198 5274 4195
f 6418 6365 6420
f 6420 6365 4977
f 5295 5348 6350
f 6350 5348 6351
f 5301 6422 6420
f 6420 6422 6421
f 4113 4112 4086
f 4086 4112 4083
f 6320 4112 6880
f 6880 4112 4111
f 4091 4772 4092
f 4092 4772 4775
f 4129 4140 4091
f 4091 4140 4772
f 4137 4140 4128
f 4128 4140 4129
f 4128 6324 4137
f 4137 6324 6321
f 6324 6487 6321
f 6321 6487 6485
f 6487 6486 6485
f 6485 6486 6482
f 4774 4773 4779
f 4779 4773 4776
f 4773 4139 4776
f 4776 4139 4114
f 4139 4138 4114
f 4114 4138 4111
f 4138 6322 4111
f 4111 6322 6880
f 6322 6484 6880
f 6880 6484 6481
f 6484 6483 6481
f 6481 6483 6478
f 6879 6343 6309
f 6309 6343 4428
f 4106 4105 4900
f 4900 4105 6307
f 3500 3167 6495
f 6495 3167 6496
f 3500 6495 3070
f 3070 6495 5368
f 3502 5235 3501
f 3501 5235 4813
f 3024 3503 6473
f 6473 3503 6474
f 3503 3023 6474
f 6474 3023 6374
f 3504 1770 4348
f 4348 1770 4345
f 3502 3505 5235
f 5235 3505 4810
f 3498 3497 6500
f 6500 3497 6501
f 3496 3075 6502
f 6502 3075 6275
f 6299 4254 3174
f 3174 4254 3017
f 1769 3501 4814
f 4814 3501 4813
f 3506 3018 6476
f 6476 3018 4257
f 3507 3499 6499
f 6499 3499 6504
f 3030 4216 3483
f 3483 4216 4215
f 3077 3507 6333
f 6333 3507 6499
f 1784 3160 5249
f 5249 3160 6523
f 3015 3506 4240
f 4240 3506 6476
f 3508 3504 6383
f 6383 3504 4348
f 3509 3016 6477
f 6477 3016 4239
f 3028 3509 6467
f 6467 3509 6477
f 3022 1785 5246
f 5246 1785 5247
f 3161 3508 6570
f 6570 3508 6383
f 3150 3149 4694
f 4694 3149 6566
f 1327 4807 3510
f 3510 4807 4811
f 3510 4811 3505
f 3505 4811 4810
f 3146 3511 4816
f 4816 3511 4350
f 3511 1808 4350
f 4350 1808 4351
f 3485 4327 3159
f 3159 4327 4330
f 1326 3512 4806
f 4806 3512 6310
f 3512 1331 6310
f 6310 1331 4688
