frame,rvec_x,rvec_y,rvec_z,tvec_x,tvec_y,tvec_z,R00,R01,R02,R10,R11,R12,R20,R21,R22,t0,t1,t2,num_inliers,num_corr
frame_000000.jpg,-0.0016456104629623029,0.0013800229408910602,3.1413718919187428,0.002167887125220137,-0.0015578255366476123,-0.0002417378077850679,-0.999999426954698,-0.00022048772589922192,-0.0010476046192624622,0.00021956720336994203,-0.9999995898149318,0.0008787264713565815,-0.0010477979379520468,0.0008784959481900164,0.999999065181738,0.002167887125220137,-0.0015578255366476123,-0.0002417378077850679,113,209
frame_000001.jpg,0.003253459231507365,-0.00047804362754952904,3.14161097109908,-0.0031149642706403977,0.0006202210661409117,0.0010903465145413727,-0.9999978548577481,1.97233486571367e-05,0.002071205178605099,-2.035367812087706e-05,-0.9999999534908287,-0.00030430916552000954,0.002071199080279291,-0.00030435066937708853,0.9999978087501193,-0.0031149642706403977,0.0006202210661409117,0.0010903465145413727,109,208
frame_000002.jpg,0.0013510655771568018,0.0017978287314004253,3.1413254336986545,-0.0008701575135695774,-0.0018068630981506117,-0.0004043294324841241,-0.999999594549858,-0.00026592251600639113,0.0008603402438573115,0.0002669071133179236,-0.9999993094222067,0.0011445154881689484,0.0008600352972872223,0.0011447446550559405,0.9999989749489555,-0.0008701575135695774,-0.0018068630981506117,-0.0004043294324841241,112,213
frame_000003.jpg,0.0026754184961149947,0.002162507403328482,3.1414379231132723,-0.0027470494048273696,-0.0015486428703158832,0.0006598302752124851,-0.9999985376912394,-0.00015167428009252198,0.0017034113701003821,0.00015401932860635025,-0.9999990405821797,0.0013766309478630359,0.0017032009363091882,0.001376891293079104,0.9999976016355924,-0.0027470494048273696,-0.0015486428703158832,0.0006598302752124851,102,217
frame_000004.jpg,-0.0021524156524662,0.0018348627941446722,3.1408824798245454,0.002992476630754771,-0.0019552542533936815,-0.00199439664282836,-0.9999988094860447,-0.0007097006270403314,-0.0013701647759251376,0.0007080992782109119,-0.9999990661818704,0.0011688587594134382,-0.0013709930362349066,0.0011678871551819108,0.9999983782075279,0.002992476630754771,-0.0019552542533936815,-0.00199439664282836,115,224
frame_000005.jpg,-0.0027728071079611335,0.0029415362250295057,3.140743567397382,0.0036619322609555615,-0.0028569258106314497,-0.00113929010791133,-0.999998082884589,-0.0008481376274000671,-0.001764905014887794,0.0008448302169373669,-0.9999978873963634,0.0018738902621924173,-0.0017664906031840252,0.0018723956246419159,0.9999966868172978,0.0036619322609555615,-0.0028569258106314497,-0.00113929010791133,113,222
frame_000006.jpg,-0.0028567589450994965,0.0008724593681997939,-3.1412791059214022,-0.0029474482278081956,0.0005163926304454584,0.0001634528216646601,-0.9999982971807022,0.0003116221920480868,0.001818935761736317,-0.000312632526920096,-0.9999997970091584,-0.0005551959519429457,0.0018187623811294555,-0.0005557636650280617,0.9999981916134393,-0.0029474482278081956,0.0005163926304454584,0.0001634528216646601,114,219
frame_000007.jpg,-0.001135959935872165,0.004512740529354794,3.1412383692941663,0.0018240928605768106,-0.004653279195464014,-0.0003332375496731268,-0.9999996769074452,-0.0003518760154587072,-0.0007227504928503742,0.0003497979433393153,-0.9999958107580571,0.002873344346747259,-0.0007237585260334694,0.002873090601755146,0.9999956107523628,0.0018240928605768106,-0.004653279195464014,-0.0003332375496731268,106,222
frame_000008.jpg,0.004678621539164845,0.00581388945595293,3.1403779164747583,-0.0047392305666968245,-0.005997947869609709,0.0007381003742105923,-0.9999948337930016,-0.0012003502296838596,0.0029818696539739946,0.0012113828389513158,-0.9999924181021557,0.00370084987821906,0.002977404729741547,0.0037044429445893326,0.9999887060179959,-0.0047392305666968245,-0.005997947869609709,0.0007381003742105923,106,218
frame_000009.jpg,0.0008218888533389972,-0.0008985220442794966,3.1412148345623483,-0.00047677147524874484,0.0014865611600554864,0.0007626545860728864,-0.9999997917974559,-0.0003777326442799748,0.000523185525666183,0.0003774332755340524,-0.999999765074547,-0.000572184387358451,0.0005234015354782391,-0.0005719868006015417,0.9999996994409207,-0.00047677147524874484,0.0014865611600554864,0.0007626545860728864,109,213
frame_000010.jpg,0.004179333136841752,0.002357788937540836,3.141098242350351,-0.004140740164567477,-0.0020832487984095765,0.0018063249662140682,-0.9999963389594825,-0.0004887479128191538,0.002661426893525736,0.0004927428304397464,-0.9999987527091403,0.0015005947710400038,0.0026606901613899646,0.001501900676322271,0.999995332500219,-0.004140740164567477,-0.0020832487984095765,0.0018063249662140682,115,220
frame_000011.jpg,-0.00014439889200865778,0.0011257686419718362,-3.1413875693283226,-6.523609307448719e-05,0.00158578293669865,0.00015405923037412254,-0.9999999747863967,0.00020484626313397217,9.200660010816791e-05,-0.0002049121547101749,-0.9999997221589297,-0.0007167238465109915,9.185975634329888e-05,-0.0007167426817104764,0.9999997389208227,-6.523609307448719e-05,0.00158578293669865,0.00015405923037412254,108,212
frame_000012.jpg,2.7869485284109003e-05,0.004094018029755178,3.141519729141352,0.00021985595134317026,-0.004670675241741218,-0.001264834634299046,-0.9999999973745991,-7.023348875738239e-05,1.7834205255692623e-05,7.027973307432606e-05,-0.9999966008946849,0.0026063882740885707,1.7651088893805177e-05,0.0026063895206289416,0.9999966032052833,0.00021985595134317026,-0.004670675241741218,-0.001264834634299046,105,219
frame_000013.jpg,0.0012929137503008966,0.002843863105737764,3.1405931873107122,-0.0011460214170617967,-0.0020854609452038418,-0.0013888784773649092,-0.9999991631278388,-0.0009971663406139262,0.0008242590073823902,0.0009986574665570122,-0.9999978621622753,0.0018106225845368497,0.0008224517533535337,0.0018114442216893136,0.9999980211195146,-0.0011460214170617967,-0.0020854609452038418,-0.0013888784773649092,109,218
frame_000014.jpg,-0.004722083848928078,0.002564468131933432,-3.1408745026575104,-0.0051790550045084606,0.00253057540230206,0.0018852563362068678,-0.9999952248324949,0.0007110982095020741,0.003007432716531483,-0.0007160082887082139,-0.9999984121378007,-0.0016318866405939788,0.0030062675094745185,-0.0016340321948146892,0.9999941461300901,-0.0051790550045084606,0.00253057540230206,0.0018852563362068678,111,228
frame_000015.jpg,-0.0011232739550650545,0.0020473541767868945,-3.141087811271144,-0.0009720924135970184,0.002021104700443864,0.0009962233337645406,-0.9999996172400794,0.0005035079083283844,0.0007155413901961133,-0.000504440256742764,-0.9999990233247202,-0.0013034146051824202,0.0007148844117829857,-0.00130377505417013,0.999998894554832,-0.0009720924135970184,0.002021104700443864,0.0009962233337645406,118,232
frame_000016.jpg,-0.0007729386340316573,0.0012238937248526664,-3.140951362969694,-0.00016870385375826875,0.0010534173117455112,-0.0012481299341342374,-0.9999996734721566,0.0006407651779279181,0.0004924180814743237,-0.0006411487316087787,-0.9999994909219471,-0.0007791560502577224,0.0004919185747299085,-0.0007794715090699362,0.9999995752200505,-0.00016870385375826875,0.0010534173117455112,-0.0012481299341342374,115,228
frame_000017.jpg,-0.002727251830470525,0.0017021860748021888,-3.141024407586107,-0.002692224405161002,0.001534456140328028,0.0006547772336822856,-0.9999983317038998,0.0005656593949961898,0.0017368416353107075,-0.0005675415229912006,-0.9999992521264002,-0.0010833481712872112,0.0017362275303015608,-0.0010843320936885805,0.9999979048667421,-0.002692224405161002,0.001534456140328028,0.0006547772336822856,117,226
frame_000018.jpg,0.0020474831717336044,0.0059601036132155725,3.1402325786995586,-0.0015686289002789955,-0.0059253699642034365,0.00036843484898687587,-0.9999982334318428,-0.001351273158082219,0.0013065963592351858,0.0013562231964386578,-0.9999918790429343,0.0037950634807594505,0.0013014575810074817,0.003796828812811928,0.9999919451171247,-0.0015686289002789955,-0.0059253699642034365,0.00036843484898687587,113,228
frame_000019.jpg,0.0007382566368244932,-0.0006516704236409165,-3.1415038962737487,0.0012567538125536964,-0.0005772940322497698,-0.0027434429301772013,-0.9999998856238032,8.85054783709145e-05,-0.00047002038334696905,-8.870047186125131e-05,-0.999999910012888,0.0004148571346588857,-0.00046998362392203366,0.0004148987782388917,0.9999998034871792,0.0012567538125536964,-0.0005772940322497698,-0.0027434429301772013,111,225
frame_000020.jpg,-0.0008253084494638805,-0.001955894862596146,-3.1413788901056807,-0.0007448870142704013,-0.001958366546221665,0.00041347303382124054,-0.9999998392603285,0.00021337328114153853,0.0005253105366440011,-0.00021271897508024304,-0.9999992019871353,0.001245301461549874,0.0005255758314982961,0.0012451895178615723,0.9999990866361378,-0.0007448870142704013,-0.001958366546221665,0.00041347303382124054,117,223
frame_000021.jpg,-0.0027596179715200266,0.0016891031141868821,-3.141353208537466,-0.0026052498253420512,0.0015548683084595585,0.00035792338870547835,-0.9999984282758163,0.0002368339585667972,0.0017570872411474257,-0.0002387233898891157,-0.999999393490378,-0.0010751883644857664,0.0017568315343405411,-0.0010756061324087498,0.9999978783049531,-0.0026052498253420512,0.0015548683084595585,0.00035792338870547835,113,223
frame_000022.jpg,0.0005732355827104798,0.0012120588509840697,3.1413834996454986,-0.00018458300342509616,-0.001469940613512487,-0.0009901499003854872,-0.9999999115901778,-0.00020872698047312238,0.0003650379217484372,0.00020900860782984914,-0.9999996804483343,0.0007716337415521406,0.00036487674431905586,0.0007717099693999684,0.999999635664276,-0.00018458300342509616,-0.001469940613512487,-0.0009901499003854872,123,221
frame_000023.jpg,-0.0027538300542597734,0.0024914203755538682,3.141215477238687,0.0031504070071265737,-0.0023597373020328516,-0.001742425663356743,-0.9999983925730791,-0.00037637160131339585,-0.0017530532438683319,0.0003735902998833114,-0.9999986715575268,0.0015866043834649641,-0.0017536480678704003,0.0015859469094272772,0.999997204741521,0.0031504070071265737,-0.0023597373020328516,-0.001742425663356743,121,227
frame_000024.jpg,0.0017323725368316172,0.0020372092363005892,3.140989079080475,-0.00177287281928098,-0.0021940950303137472,-0.0006505855582620794,-0.9999992101491452,-0.000601720424725343,0.0011034643701368391,0.000603151306365127,-0.9999989772020987,0.0012968435749485723,0.001102682904249077,0.0012975081066119414,0.9999985502805123,-0.00177287281928098,-0.0021940950303137472,-0.0006505855582620794,120,232
frame_000025.jpg,-0.002002138725984072,0.003902394561600602,3.1406260373171246,0.0028143864576520277,-0.004151475311615948,-0.0016995069177243034,-0.9999987229799334,-0.0009651367843421292,-0.0012737933466525758,0.0009619682973140115,-0.9999964479126542,0.0024857150016513742,-0.001276187877010833,0.0024844864785266278,0.9999960993281128,0.0028143864576520277,-0.004151475311615948,-0.0016995069177243034,122,234
frame_000026.jpg,0.004283257306530448,0.004672180017490544,-3.1410258639921294,0.005182027663231307,0.004535357774378483,-0.001519230799827139,-0.9999961239164408,0.0005644498973213206,-0.0027264534486774895,-0.0005563363850794424,-0.9999954178667435,-0.002975690733866352,-0.0027281205840336605,-0.0029741623745846964,0.9999918558249605,0.005182027663231307,0.004535357774378483,-0.001519230799827139,109,227
frame_000027.jpg,-0.0002512998016077596,-0.0007028227278793353,-3.141427615098714,-0.0002766715306264563,-0.0004661309214978606,0.0001677678823819602,-0.999999973597247,0.00016498560828257024,0.00015995391347874456,-0.00016491401969522597,-0.9999998862880867,0.0004474675182530392,0.00016002772099076465,0.00044744112779582706,0.9999998870937762,-0.0002766715306264563,-0.0004661309214978606,0.0001677678823819602,118,233
frame_000028.jpg,0.00033498066340397636,-0.0016941806881404827,3.14102012063694,-0.0003225578118540534,0.0017471029578803423,-0.000599916974075071,-0.9999998136275204,-0.0005721731204384648,0.0002129855505638076,0.0005719430303807779,-0.9999992545289939,-0.0010788061117185696,0.00021360265564854502,-0.0010786840950575828,0.9999993954070819,-0.0003225578118540534,0.0017471029578803423,-0.000599916974075071,115,225
frame_000029.jpg,0.0035957864095472413,0.0046539587250057956,3.1408401367203016,-0.00341491110061891,-0.00435457865555411,0.0007677342689163803,-0.9999970996405948,-0.0007436164039126718,0.0022907957224418676,0.0007504019242685298,-0.9999953298019455,0.0029626459880184195,0.0022885819518164647,0.0029643564127984903,0.9999929874672661,-0.00341491110061891,-0.00435457865555411,0.0007677342689163803,114,227
frame_000030.jpg,0.0029445035940841835,0.005146046624348012,3.140819976548705,-0.0029960171347979407,-0.005087347888766036,0.0010240282434228307,-0.9999979480054207,-0.0007640075808713333,0.0018762402202914322,0.0007701516783357062,-0.999994336838766,0.0032761496896509122,0.0018737265916415882,0.0032775879565641263,0.9999928732575284,-0.0029960171347979407,-0.005087347888766036,0.0010240282434228307,119,230
frame_000031.jpg,0.0031182580652446535,0.003529956950282224,3.141436915455451,-0.0029245531591447246,-0.0032207085585105864,3.724531627750307e-05,-0.9999980178257277,-0.00014997631090950345,0.001985409711331163,0.00015443784062645207,-0.9999974631271161,0.0022471956491434994,0.001985067648485752,0.0022474978171986757,0.9999955041198891,-0.0029245531591447246,-0.0032207085585105864,3.724531627750307e-05,115,225
frame_000032.jpg,0.00014752813436498313,0.0015597765932931374,-3.1407106093323796,0.0003332235741783309,0.002093480293975085,-9.669513280620044e-05,-0.9999996069307042,0.000881699907721711,-9.350780520502685e-05,-0.0008816065949252353,-0.9999991180576364,-0.000993304465384209,-9.438351919200095e-05,-0.0009932216378489766,0.9999995023011409,0.0003332235741783309,0.002093480293975085,-9.669513280620044e-05,119,230
frame_000033.jpg,-0.0010780520233986202,-0.002412172438645268,3.1411843682124534,0.0014196053864694675,0.003124282486846254,0.00010881144018460116,-0.999999681533351,-0.0004066469560515428,-0.0006867106012248491,0.0004077011508788871,-0.9999987377089452,-0.0015356953759837165,-0.0006860852485461337,-0.0015359748596183963,0.9999985850331299,0.0014196053864694675,0.003124282486846254,0.00010881144018460116,115,233
frame_000034.jpg,0.0016029332904117233,0.005011426352854189,3.1406534291261017,-0.0015924737341491578,-0.0049725011435835355,-2.624503891078601e-05,-0.9999990420802932,-0.0009331868979090635,0.0010222527621099931,0.000936444480603739,-0.9999944707892563,0.003190840430054021,0.001019269459376393,0.003191794656441951,0.9999943867525661,-0.0015924737341491578,-0.0049725011435835355,-2.624503891078601e-05,116,225
frame_000035.jpg,-0.0007908494325208097,0.004911633641613077,3.1404977985031484,0.001065078716321157,-0.005291623187556013,-0.0003723121523569652,-0.999999278123377,-0.0010917007946414053,-0.0005019383425607534,0.0010901254283141835,-0.999994512983346,0.00312819912268984,-0.0005053506458847455,0.00312764968876535,0.9999949812014803,0.001065078716321157,-0.005291623187556013,-0.0003723121523569652,110,223
frame_000036.jpg,-0.001821290260723163,0.0025189855641452254,-3.1413533353601037,-0.0016143000465293853,0.002489980485207853,0.0004369232386224491,-0.9999992994438764,0.00023685035351464481,0.0011597472424202857,-0.00023871000185885142,-0.9999986857113824,-0.001603618733591904,0.001159365900513732,-0.0016038944534333744,0.9999980416947283,-0.0016143000465293853,0.002489980485207853,0.0004369232386224491,117,224
frame_000037.jpg,-0.0012395705393512607,0.0061230533361934635,3.140247476207411,0.0015220067181125174,-0.005903075216018892,-0.0027088613353715035,-0.9999987919563805,-0.0013404994863063008,-0.000786858886160042,0.0013374207703985084,-0.99999149968859,0.0039002379731881798,-0.0007920804646140051,0.003899180900112859,0.9999920844670944,0.0015220067181125174,-0.005903075216018892,-0.0027088613353715035,108,219
frame_000038.jpg,0.0011255258705053454,0.00362788942615735,3.140424728383126,-0.00107051176814248,-0.003043803410460203,-0.001230665272213533,-0.9999990637561721,-0.0011647988269809606,0.0007181437683281756,0.001166454947565484,-0.9999966515823405,0.0023100231519130945,0.0007154506514252525,0.0023108586715198057,0.9999970740270018,-0.00107051176814248,-0.003043803410460203,-0.001230665272213533,106,215
frame_000039.jpg,0.002478366507783485,0.0018354871892916783,3.1408789402883017,-0.0023158174521079105,-0.0020206907636391,0.000383803370798099,-0.9999985011314708,-0.0007112765416095617,0.0015785501237263468,0.0007131210218689205,-0.9999990633717991,0.0011682097126038545,0.001577717725047529,0.001169333658888384,0.999998071730928,-0.0023158174521079105,-0.0020206907636391,0.000383803370798099,114,219
frame_000040.jpg,0.0037067437785289047,0.0024873441552220525,3.141092746301298,-0.00371867395423347,-0.0021703075769893302,0.001553244430211935,-0.9999970914506076,-0.000494865866919098,0.0023605503805206383,0.0004986037525965727,-0.9999986225063227,0.0015831550003230527,0.0023597636795057116,0.0015843273749164592,0.9999959607029155,-0.00371867395423347,-0.0021703075769893302,0.001553244430211935,112,214
frame_000041.jpg,0.0004375958718756419,0.004345215309245046,3.1411128665352654,-0.0002787767053069158,-0.004150353081952547,0.00011275344047130423,-0.9999998475383887,-0.0004763652180218566,0.00027928368821732164,0.0004771360798861391,-0.9999960591234102,0.0027666005874343058,0.00027796467530276034,0.0027667334219580943,0.9999961339534329,-0.0002787767053069158,-0.004150353081952547,0.00011275344047130423,115,217
frame_000042.jpg,-9.79287576923547e-05,0.0020582968615988437,3.1406202145549473,0.0006084104284279813,-0.00244838364447024,-0.0014069024573045502,-0.9999995258937969,-0.0009718035348299972,-6.172577247380352e-05,0.0009717217924806684,-0.9999986687953812,0.0013107876347521782,-6.299951836103371e-05,0.0013107270330213593,0.9999991390124818,0.0006084104284279813,-0.00244838364447024,-0.0014069024573045502,109,219
frame_000043.jpg,-0.0012032090023628933,0.003213884238090754,3.140992776645232,0.0018727960715073076,-0.003553144130653391,-0.001760259734287798,-0.9999995277171976,-0.0005987857756193803,-0.0007655200693816156,0.0005972179532335502,-0.9999977272962427,0.0020466394567320305,-0.0007667438281757901,0.0020461813078104167,0.9999976126201293,0.0018727960715073076,-0.003553144130653391,-0.001760259734287798,120,221
frame_000044.jpg,-0.0008833196436880382,0.008364563277828507,3.140414288500436,0.0012648985130295882,-0.008355229974521811,-0.000819002298373765,-0.9999991607074522,-0.0011685951831219665,-0.0005594369392886709,0.0011655984780822044,-0.9999851303426196,0.005327332713636313,-0.0005656541160011012,0.0053266761636006485,0.9999856531753187,0.0012648985130295882,-0.008355229974521811,-0.000819002298373765,120,221
frame_000045.jpg,-0.001855401627531439,0.0031218812931612617,3.1410531428338158,0.0020449956534453534,-0.0027575120684657163,-0.0017646221382317654,-0.999999157756413,-0.0005385851467945151,-0.001180852448144792,0.0005362367951473977,-0.9999978799373453,0.0019881073698508364,-0.0011819207097632505,0.001987472478847819,0.9999973265047177,0.0020449956534453534,-0.0027575120684657163,-0.0017646221382317654,113,220
frame_000046.jpg,0.0039949465115525174,0.0029441391932559058,3.1411233782649597,-0.004267512781325551,-0.0030040109989435586,0.0009162029410418327,-0.9999966566735008,-0.00046297042678539814,0.0025440715800496144,0.0004677386678238888,-0.9999981347068667,0.001873980609803771,0.002543199237007657,0.0018751643051264403,0.9999950079357749,-0.004267512781325551,-0.0030040109989435586,0.0009162029410418327,106,212
frame_000047.jpg,0.0012781973497444515,0.0038491463146511523,3.141144429851753,-0.0011200199728355169,-0.004068302260170428,0.00017911915139648236,-0.9999995695492693,-0.0004446076488396773,0.0008143864652863629,0.00044660220269340415,-0.9999968975316247,0.0024506067815732416,0.0008132943801587233,0.0024509694334970025,0.9999966656449849,-0.0011200199728355169,-0.004068302260170428,0.00017911915139648236,124,220
frame_000048.jpg,-0.004871744347684665,-0.0026175454918953805,3.1406719034239656,0.00518076216253369,0.0035561590559816903,-0.003694515352852867,-0.9999947682843622,-0.0009132937661326273,-0.0031031110843331364,0.0009184649757586732,-0.9999981913583214,-0.0016654435368852977,-0.0031015844327170125,-0.0016682849226051504,0.9999937984804822,0.00518076216253369,0.0035561590559816903,-0.003694515352852867,108,214
frame_000049.jpg,-0.004198725108352042,0.008940296294901824,3.140117106545801,0.005050531551423296,-0.009095825754677708,-0.0026862546088936854,-0.999995358418857,-0.001467619005974831,-0.0026700627698698414,0.0014523913475053137,-0.9999827221437363,0.005696136706297181,-0.002678376395399881,0.005692232291152203,0.9999802121999359,0.005050531551423296,-0.009095825754677708,-0.0026862546088936854,115,218
frame_000050.jpg,-0.00254051506316684,9.768455991993439e-05,3.141291770475636,0.0035383937935230757,-2.693001998322367e-05,-0.002324324758855883,-0.9999986468962632,-0.0002999044730561714,-0.0016174866150518235,0.00029980387470964593,-0.9999999531096688,6.243634334209142e-05,-0.00161750526414599,6.19513301047584e-05,0.9999986899185186,0.0035383937935230757,-2.693001998322367e-05,-0.002324324758855883,113,222
frame_000051.jpg,-0.0047145092929603855,0.0016011532959980376,3.1414722375030473,0.005837970790646122,-0.0017385491320583183,-0.0033458645963054174,-0.9999954888329416,-0.00011800008443845138,-0.003001397965322137,0.00011494050413310654,-0.9999994736662063,0.0010195371453849283,-0.003001516691054203,0.001019187563887305,0.9999949760645119,0.005837970790646122,-0.0017385491320583183,-0.0033458645963054174,116,230
frame_000052.jpg,9.797066796401799e-05,0.003948353636043578,3.140838416011067,2.1159312493021733e-05,-0.003454889853244546,-0.0009680986775487863,-0.9999997154867982,-0.0007516752211083537,6.332996521963507e-05,0.0007518320695352868,-0.9999965568282992,0.0025141758262644033,6.143990349357843e-05,0.0025142227244470037,0.9999968374496139,2.1159312493021733e-05,-0.003454889853244546,-0.0009680986775487863,120,228
frame_000053.jpg,-0.0026439294104510453,0.002461464585763811,-3.1415693952773416,-0.0029525122062758163,0.0026442279000057547,0.0010663039595829485,-0.9999985832129201,1.9862641878869413e-05,0.0016832045709879353,-2.2500245617900183e-05,-0.9999987719879397,-0.0015670087272809379,0.0016831713790592515,-0.0015670443796794917,0.9999973556495135,-0.0029525122062758163,0.0026442279000057547,0.0010663039595829485,118,225
frame_000054.jpg,0.0003709356432974012,-0.0014438099179594347,-3.141500874045784,0.000673472241572785,-0.0018610528893640006,-0.0013107574295883235,-0.9999999679368108,9.131731871563558e-05,-0.0002361938287784961,-9.1534385868765e-05,-0.9999995733704085,0.0009191737906033905,-0.0002361097915252278,0.0009191953809888105,0.9999995496659073,0.000673472241572785,-0.0018610528893640006,-0.0013107574295883235,118,229
frame_000055.jpg,0.0018636575333098552,0.0010009384932978121,3.1410822566466026,-0.0015508938841923478,-0.0014650294489915155,0.0006846200054629945,-0.9999991660610261,-0.0005093063229701689,0.0011867958213633023,0.0005100625890947511,-0.9999996670220287,0.0006370180427731632,0.001186470988869407,0.0006376228516883617,0.9999990928614341,-0.0015508938841923478,-0.0014650294489915155,0.0006846200054629945,111,222
frame_000056.jpg,0.000370269539501056,0.0045632156152817975,-3.1413283769279383,0.0006635527098607446,0.004696516296853857,0.00033220516185786264,-0.9999999381682416,0.0002612826549367103,-0.00023536118428336037,-0.00026059776408943127,-0.9999957456448569,-0.002905302220382049,-0.00023611928805083047,-0.002905240706143727,0.9999957519030375,0.0006635527098607446,0.004696516296853857,0.00033220516185786264,112,226
frame_000057.jpg,-0.003522089998099895,0.0043862048576022005,3.1415719666502997,0.004169174485657483,-0.004707618500171856,-0.0026137815149009968,-0.9999974860500139,-1.8781174160794878e-05,-0.002242217857347101,1.2520026680861835e-05,-0.9999961012441173,0.0027923717184415698,-0.0022422615595066053,0.0027923366259313283,0.9999935875390734,0.004169174485657483,-0.004707618500171856,-0.0026137815149009968,116,223
frame_000058.jpg,0.0009279910539948923,0.005788038233195649,3.1407607268626383,-0.0009456852137264183,-0.005583016826555766,-0.0007481030623439342,-0.9999994838841787,-0.0008253657643513744,0.0005924548348189838,0.0008275437944729101,-0.9999928661126163,0.0036854979505245686,0.0005894087244799622,0.003685986330702827,0.999993033026793,-0.0009456852137264183,-0.005583016826555766,-0.0007481030623439342,122,235
frame_000059.jpg,-0.0012920982970271338,8.781505259109226e-05,3.140638002771783,0.001658409302349587,0.0003092011284019089,-0.0021267909374195356,-0.9999992060551666,-0.0009544065784154974,-0.000822798346913909,0.0009543605645651754,-0.9999995430121953,5.631441527355575e-05,-0.0008228517177534953,5.552912426813264e-05,0.9999996599157255,0.001658409302349587,0.0003092011284019089,-0.0021267909374195356,117,238
frame_000060.jpg,-0.0019638255711196813,0.0013594476235367632,3.140995208659102,0.002276078652672244,-0.001169632722279412,-0.0011470636002880214,-0.9999990402623482,-0.0005970778211277235,-0.0012501889689712062,0.000595995414247131,-0.9999994474267606,0.0008659882445586791,-0.001250705340524421,0.0008652423065447056,0.9999988435452826,0.002276078652672244,-0.001169632722279412,-0.0011470636002880214,119,227
frame_000061.jpg,0.001514361723932257,-0.0026774604833909666,3.1410727467462025,-0.0012728167071327345,0.0032141875433594493,0.0010977925364528535,-0.9999994007590032,-0.0005192222988878543,0.0009637893125351817,0.0005175784713553598,-0.9999984124494185,-0.0017050545940879723,0.0009646730848369697,-0.001704554735750267,0.9999980819476569,-0.0012728167071327345,0.0032141875433594493,0.0010977925364528535,108,228
frame_000062.jpg,0.0025197887285570877,0.003949505707945942,-3.1413713786083717,0.0029908175531281247,0.004311755919422087,-0.0001277252363568047,-0.9999986894628721,0.00021979833199209698,-0.0016039829274508896,-0.00021576441153812724,-0.9999968149110454,-0.0025146795984996194,-0.001604530541003829,-0.0025143302204861818,0.9999955518027497,0.0029908175531281247,0.004311755919422087,-0.0001277252363568047,113,233
frame_000063.jpg,0.0025444051225266178,-0.0020222130304101103,3.141048574587082,-0.00274781636211491,0.002466623247719784,-0.0005941215063629779,-0.9999985405432898,-0.0005434402084805726,0.001619748137897578,0.0005413541650068553,-0.9999990239416614,-0.0012880416890288715,0.001620446530572919,-0.0012871629517870724,0.9999978586799956,-0.00274781636211491,0.002466623247719784,-0.0005941215063629779,119,231
frame_000064.jpg,0.0014730131613383578,8.774890068377852e-05,3.1408887463432684,-0.0010622188550515113,0.0001633613685733643,0.0017288141284776367,-0.9999993126174155,-0.0007035342741197589,0.0009379787959513708,0.0007035866827786336,-0.9999997509402225,5.554522976086754e-05,0.0009379394843656801,5.620514096960408e-05,0.9999995585551557,-0.0010622188550515113,0.0001633613685733643,0.0017288141284776367,112,231
frame_000065.jpg,-0.0012453035185365675,0.0012059700556318726,3.1414127403161194,0.0015596263905470098,-0.0009425122557702604,-0.0008645423022238543,-0.9999996696117455,-0.0001797392972313886,-0.0007927611145992205,0.0001791305715932206,-0.9999996891521624,0.0007678592428701071,-0.0007928988826518285,0.0007677169814268373,0.9999993909608141,0.0015596263905470098,-0.0009425122557702604,-0.0008645423022238543,122,233
frame_000066.jpg,0.0003718079425836456,0.004815219535645432,3.140580443127482,0.0003368720238886947,-0.005189553145141003,-0.0006311091090319776,-0.9999994634353973,-0.001008132651358677,0.00023832220803117083,0.0010088587134549941,-0.999994789915384,0.0030663245397774797,0.00023522970446408908,0.003066563327932453,0.9999952704169864,0.0003368720238886947,-0.005189553145141003,-0.0006311091090319776,122,233
frame_000067.jpg,0.0009262171238780846,-0.003750059726866546,3.1413293086678538,-0.0010020948794961797,0.00431534462483445,-0.0003277667052310029,-0.9999997920759858,-0.0002616737690302738,0.000589385123616892,0.0002602658315012123,-0.9999971157248011,-0.0023876356036608604,0.0005900082052754781,-0.0023874817104048087,0.9999969759061277,-0.0010020948794961797,0.00431534462483445,-0.0003277667052310029,124,238
frame_000068.jpg,0.0007418423246655949,-0.0022671364807985285,3.1415570742773937,-0.0005135166455855011,0.002205861520326337,0.0005779252969353965,-0.9999998878762255,-3.501448595693622e-05,0.00047225154547790945,3.433283961965815e-05,-0.9999989578127879,-0.001443327611487982,0.00047230159067777156,-0.0014433112359200713,0.999998846891277,-0.0005135166455855011,0.002205861520326337,0.0005779252969353965,123,231
frame_000069.jpg,-0.0004926173553466731,0.0032613819802285,3.1412865798017715,0.0006819210104871548,-0.002901891617046907,-0.0011564487451608293,-0.999999904502807,-0.00030466758646632055,-0.0003133241750695094,0.0003040163244338062,-0.9999977978419886,0.0020765079455144437,-0.0003139561297442051,0.0020764124915497026,0.999997794968926,0.0006819210104871548,-0.002901891617046907,-0.0011564487451608293,113,230
frame_000070.jpg,0.0010882912322229118,-0.0001790794951608551,3.1411937931488736,-0.0011881107954593666,0.00021128248105803228,-9.549108887740596e-05,-0.9999996804663497,-0.0003987062807365408,0.0006928928489951108,0.0003986272744861225,-0.9999999140321054,-0.00011415812621191439,0.0006929383049904892,-0.00011388188374664576,0.9999997534336806,-0.0011881107954593666,0.00021128248105803228,-9.549108887740596e-05,126,234
frame_000071.jpg,0.0014488086625637278,0.0008311509845518809,3.1409556489469894,-0.0015143058605047493,-0.0007799142528271718,-0.0005853205550676173,-0.9999993718672072,-0.0006363162834945324,0.0009226953876156593,0.0006368045165436125,-0.9999996573508473,0.0005289406353023907,0.0009223584979156216,0.0005295278796476597,0.9999994344273526,-0.0015143058605047493,-0.0007799142528271718,-0.0005853205550676173,123,236
frame_000072.jpg,0.0009868168487268281,0.0013878514218405114,3.141252117088159,-0.0010903679202898724,-0.0009765382100299485,-0.0006696523709912495,-0.9999997447971481,-0.0003397972654829037,0.0006284452696408059,0.00034035244545810767,-0.9999995517741617,0.0008835223193276029,0.0006281447694872975,0.0008837359867345461,0.999999412222255,-0.0010903679202898724,-0.0009765382100299485,-0.0006696523709912495,129,236
frame_000073.jpg,-0.006447207962026894,-0.0010743965076460108,3.141670279907354,0.007134492042924658,0.0013931460134929807,-0.0034390906536875708,-0.9999915737568562,8.582878821382782e-05,-0.004104272006717977,-8.302158940715176e-05,-0.9999997625330211,-0.000684135452200909,-0.00410432975060574,-0.0006837889443238884,0.99999134341752,0.007134492042924658,0.0013931460134929807,-0.0034390906536875708,111,236
frame_000074.jpg,-0.0035987363790739445,0.0034115289762895085,-3.141519714001899,-0.003470185431519985,0.0033341376231343406,0.0013746492394794004,-0.9999973731006332,6.653789466864699e-05,0.0022911491748738096,-7.151387240384264e-05,-0.9999976390548067,-0.0021718127402359914,0.002290999257748828,-0.002171970884052229,0.9999950169200248,-0.003470185431519985,0.0033341376231343406,0.0013746492394794004,114,229
frame_000075.jpg,-8.534928215999039e-05,0.002797806821725142,3.141118095275033,0.00010002135529292823,-0.0024399479790335557,-0.0023262928098671783,-0.9999998865116883,-0.0004733593445568381,-5.392162328607901e-05,0.00047326253712695637,-0.9999983012819796,0.0017814195817089408,-5.47647832940243e-05,0.0017813938604543974,0.9999984118171048,0.00010002135529292823,-0.0024399479790335557,-0.0023262928098671783,123,230
frame_000076.jpg,0.0014689768137827659,0.001138891865759317,3.1414203642486176,-0.001494352551797882,-0.0006571935249927081,-0.0001704725503103538,-0.9999995479244519,-0.00017140034608215704,0.0009352929023364681,0.00017207846390457091,-0.9999997223817614,0.0007250002775774982,0.0009351683773836135,0.0007251608935885352,0.9999992998006467,-0.001494352551797882,-0.0006571935249927081,-0.0001704725503103538,130,231
frame_000077.jpg,0.0014435913069594604,0.004020943976305296,3.1410393181579326,-0.001201952387641131,-0.003477209534885976,0.00019733114896921695,-0.9999994260676573,-0.0005492528270255619,0.0009198835186615762,0.0005516061670970052,-0.9999965710454075,0.0025600054811871294,0.0009184742741750174,0.0025605114253390913,0.9999963000862794,-0.001201952387641131,-0.003477209534885976,0.00019733114896921695,130,235
frame_000078.jpg,0.0009979247221108785,-0.0014392979913266952,3.141384466613337,-0.0009828802010788732,0.0017349879256189213,-0.00041370496592706553,-0.99999977660177,-0.0002079898092848826,0.0006352453458598087,0.00020740761737144466,-0.9999995585854942,-0.0009164119690255188,0.0006354356698039622,-0.0009162800095770758,0.999999378326033,-0.0009828802010788732,0.0017349879256189213,-0.00041370496592706553,123,226
frame_000079.jpg,-4.246381499515606e-05,0.002125174755964281,3.141083863808198,0.00013521087312714304,-0.0018079743716219343,-0.0012015953636910766,-0.9999998705666298,-0.00050808873075056,-2.669392183882689e-05,0.0005080521447987166,-0.9999989554286621,0.0013531535769666242,-2.7381416038552795e-05,0.0013531398399191528,0.9999990841309961,0.00013521087312714304,-0.0018079743716219343,-0.0012015953636910766,132,227
frame_000080.jpg,-0.0003791608851791687,0.006981941993496872,3.1405626679463254,0.000746220089662891,-0.0067104745937381196,-0.0008710129843438069,-0.9999994484003428,-0.0010227359012952313,-0.00023918671840005817,0.0010216623011486193,-0.9999895928112299,0.004446400271362632,-0.00024373172232777988,0.004446153450676641,0.9999900861080276,0.000746220089662891,-0.0067104745937381196,-0.0008710129843438069,121,231
frame_000081.jpg,-0.0010466368174853764,-0.0014305649356947166,3.140958629804929,0.00147125944844148,0.0013837839359934511,-0.00029812160350739194,-0.9999995772500778,-0.0006332199463657793,-0.0006667324538709489,0.0006338270166301226,-0.9999993844457935,-0.0009106982743944318,-0.0006661553711485149,-0.0009111204824389348,0.9999993630480417,0.00147125944844148,0.0013837839359934511,-0.00029812160350739194,121,235
frame_000082.jpg,-0.0013775443456577592,0.0026258837737705323,3.1405007098422812,0.0021380626924835783,-0.002941481643453572,-0.0007423986564793358,-0.9999990205502257,-0.0010912766477906666,-0.0008763640039349363,0.001089809605034746,-0.9999980071140321,0.0016727471383941258,-0.0008781876873311981,0.0016717904301133235,0.9999982169499818,0.0021380626924835783,-0.002941481643453572,-0.0007423986564793358,116,239
frame_000083.jpg,-0.0012430838254079428,0.0009650574719540031,3.1414198438937593,0.0020855227578315395,-0.0013352562411078715,-0.0013918111159908415,-0.9999996719674575,-0.00017265861587752605,-0.0007913621041099729,0.00017217236375872532,-0.9999997963876135,0.0006144765322734761,-0.000791468037646398,0.0006143400800211232,0.99999949808218,0.0020855227578315395,-0.0013352562411078715,-0.0013918111159908415,126,238
frame_000084.jpg,0.0008083687346458627,0.005809303223296364,3.140508201544367,-0.0004563140820791481,-0.0060503924927306964,-0.00021580182805292444,-0.999999285396885,-0.001078020631189527,0.0005167951605916322,0.001079925179703411,-0.9999925744331629,0.0036993026560985446,0.0005128033985103376,0.003699858112672015,0.9999930240169786,-0.0004563140820791481,-0.0060503924927306964,-0.00021580182805292444,120,232
frame_000085.jpg,0.0023186853013234207,0.002387926797735295,3.1415882153207964,-0.0020713077302821586,-0.0020845504132159854,0.0003985097625754479,-0.999998910528098,-1.5530656547254112e-06,0.0014761233704965108,3.797070569534448e-06,-0.9999988444882839,0.001520199881286417,0.0014761193038484379,0.0015202038300159682,0.9999977550235382,-0.0020713077302821586,-0.0020845504132159854,0.0003985097625754479,119,225
frame_000086.jpg,0.0015869188623067606,-0.0012441479222161276,3.1416229598266954,-0.0016812094075497343,0.0010692146541020373,0.0004835911533522564,-0.999999489214401,3.055330104598072e-05,0.0010102660209229297,-3.13534639782597e-05,-0.9999996858561834,-0.0007920255644950961,0.0010102415045585979,-0.000792056835279139,0.9999991760286966,-0.0016812094075497343,0.0010692146541020373,0.0004835911533522564,115,226
frame_000087.jpg,0.0020036471567648367,0.002633879269546483,-3.1411044329693047,0.002549717731030427,0.002752494632467,-0.0009257453783925318,-0.9999990678895222,0.00048754675724470547,-0.001275350244507923,-0.0004854072594622155,-0.999998475439579,-0.001677348595340911,-0.0012761660860278448,-0.0016767279675996695,0.9999977799892577,0.002549717731030427,0.002752494632467,-0.0009257453783925318,121,231
frame_000088.jpg,0.00035441189488303107,0.003273554278140526,3.140504874347964,0.00020017358172813292,-0.0037503951037725193,-0.001414766643346933,-0.9999993847733034,-0.0010858170481281768,0.00022683551889518576,0.0010862875791677982,-0.9999972371952647,0.002084605749962323,0.0002245713917310049,0.002084850876063904,0.9999978014798404,0.00020017358172813292,-0.0037503951037725193,-0.001414766643346933,113,225
frame_000089.jpg,-0.0002264680775356549,0.002709960419770197,3.1409692080092513,0.0007671475465016062,-0.0031526394562558847,-0.001492099757476361,-0.9999997959938483,-0.0006223925102330668,-0.000143665671300273,0.0006221436805380525,-0.9999983176191348,0.0017256002262668975,-0.00014473943025638161,0.001725510493544326,0.9999985008308936,0.0007671475465016062,-0.0031526394562558847,-0.001492099757476361,118,221
frame_000090.jpg,0.0056293831895758775,0.0007356795489482458,-3.1408885317430357,0.0066017589275797015,0.0006648146392978369,-0.0031219543460612544,-0.9999933311205335,0.0006998293516965955,-0.003584404181667743,-0.0006981501496033836,-0.9999996459820355,-0.00046970434552479355,-0.003584731625611889,-0.00046719876080745804,0.9999934656908966,0.0066017589275797015,0.0006648146392978369,-0.0031219543460612544,113,217
frame_000091.jpg,0.002468138035055574,0.001513036281131678,-3.140870333407219,0.0032354659574290387,0.0014597672988960145,-0.0013074674816238277,-0.9999985050853755,0.0007217427237707805,-0.0015712779687326688,-0.0007202285408691505,-0.999999275971789,-0.0009640159474375506,-0.001571972602578754,-0.0009628828270772923,0.9999983008779555,0.0032354659574290387,0.0014597672988960145,-0.0013074674816238277,117,229
frame_000092.jpg,0.0031382716531096573,-0.0006207899108212178,3.1414267691598887,-0.0033073536051425093,0.0005011534560865112,0.0017668717930716335,-0.9999979905275568,-0.0001646502768145844,0.001997956740018725,0.0001638606155377618,-0.9999999084075554,-0.0003953916787433967,0.001998021658370338,-0.00039506349779347665,0.9999979259149916,-0.0033073536051425093,0.0005011534560865112,0.0017668717930716335,112,225
frame_000093.jpg,0.002106071699991917,0.0037738329145021827,3.1413411862354392,-0.0020964987790940376,-0.003749894375370867,0.0007378625040615014,-0.9999990701551197,-0.0002468834382740238,0.0013411701845599802,0.00025010513581944383,-0.9999970826735927,0.002402517788651223,0.0013405731300766073,0.0024028509882335234,0.9999962145782413,-0.0020964987790940376,-0.003749894375370867,0.0007378625040615014,120,229
frame_000094.jpg,0.0012926387036177173,0.0016881720354175551,3.141015946294885,-0.000993200708393529,-0.0010128012977162991,0.0007915505158770354,-0.9999994953968195,-0.0005755451174695963,0.0008233795747484132,0.0005764298527196384,-0.9999992563918297,0.0010746834010635544,0.0008227604336923264,0.0010751574793418969,0.999999083550412,-0.000993200708393529,-0.0010128012977162991,0.0007915505158770354,110,225
frame_000095.jpg,-0.002730347957728929,0.0024562492992482254,3.1410915456608626,0.0032586821525773376,-0.002016836994359101,-0.0012721211716710576,-0.9999983643808149,-0.0005003199854100657,-0.0017380781361105357,0.000497601114275103,-0.9999986525566916,0.0015643778099412432,-0.0017388584836318275,0.0015635103815976588,0.9999972658994931,0.0032586821525773376,-0.002016836994359101,-0.0012721211716710576,108,224
frame_000096.jpg,-0.00021238608123500056,0.003988648035210661,3.1412618421570597,0.0005146729879020337,-0.004549131009920897,-0.000161201963239471,-0.9999999369760955,-0.0003284433710824708,-0.00013480636933693808,0.00032809996912479435,-0.9999967215441247,0.0025395376375894527,-0.0001356400216828852,0.0025394932475722577,0.9999967662826867,0.0005146729879020337,-0.004549131009920897,-0.000161201963239471,114,229
frame_000097.jpg,-0.0011541630805928045,0.004118272980805762,3.1412731655346016,0.0014559889599403807,-0.004424711143560647,-0.0008921257530211503,-0.9999996798969089,-0.00031753954281036885,-0.0007344213494474375,0.00031561277192522095,-0.9999965123475235,0.002622152048885528,-0.0007352514250037818,0.0026219194167686915,0.999996292465084,0.0014559889599403807,-0.004424711143560647,-0.0008921257530211503,118,229
frame_000098.jpg,0.0011781432124133373,0.004133203766186247,3.1407949359301233,-0.0010642376538700167,-0.004334901036918023,0.0008679575045466684,-0.9999994027504236,-0.0007937890052817087,0.0007512641420470704,0.0007957635403323495,-0.9999962205977799,0.0026316440762699845,0.0007491723325841461,0.0026322403331350747,0.9999962550188094,-0.0010642376538700167,-0.004334901036918023,0.0008679575045466684,116,230
frame_000099.jpg,-0.004375603862348514,-0.0003745685716069093,-3.141239608231856,-0.004437393680223606,-0.00014651658886321136,0.000565182255689366,-0.9999960581217686,0.00035030736699394213,0.0027858617469156202,-0.00034964297203092406,-0.9999999103211827,0.00023897158522853017,0.002785945210589642,0.00023799658625078162,0.9999960909258141,-0.004437393680223606,-0.00014651658886321136,0.000565182255689366,115,230
frame_000100.jpg,0.0012470146084422084,0.0012919540048576975,-3.141581491386042,0.00171292808150909,0.0013538211457219899,-0.001510694409088249,-0.9999996848230746,1.0975530757893511e-05,-0.0007938723381238562,-1.0322577964965914e-05,-0.999999661701481,-0.0008224903451142952,-0.0007938810968261008,-0.0008224818910752124,0.9999993466379581,0.00171292808150909,0.0013538211457219899,-0.001510694409088249,118,220
frame_000101.jpg,-0.0007429698204015671,-0.0015208980937623845,3.1412749829135413,0.0007950882320377323,0.0019502783262997207,-0.0024549772700813506,-0.9999998378054211,-0.00031698555002804144,-0.00047319054559100875,0.00031744360671926667,-0.9999994808544338,-0.0009682563810815252,-0.0004728833766547097,-0.0009684064353490471,0.9999994192849758,0.0007950882320377323,0.0019502783262997207,-0.0024549772700813506,109,216
frame_000102.jpg,0.00033491279374614063,-0.00019681376305331295,3.1414824579795364,-0.0003245072102278866,0.0008923336811681963,-0.000869972171142445,-0.9999999711998147,-0.00011018494971138394,0.00021321267932940637,0.00011015823331314338,-0.9999999860810742,-0.0001253116711726127,0.00021322648382190133,-0.00012528818043153848,0.9999999694186686,-0.0003245072102278866,0.0008923336811681963,-0.000869972171142445,113,218
frame_000103.jpg,8.133539571656669e-05,-0.002056194697570669,3.1411559160097093,0.00028002248217173927,0.002277412143243738,0.0007738103282878343,-0.9999999035833557,-0.00043609732876812913,5.150144943505874e-05,0.00043602952956092885,-0.9999990479273585,-0.001309206869092021,5.207234202035365e-05,-0.0013091842867099192,0.999999141662119,0.00028002248217173927,0.002277412143243738,0.0007738103282878343,113,221
frame_000104.jpg,-2.0050396509661885e-05,0.002702328079532731,-3.141239845776592,0.0003738842954271537,0.0022782549316635856,-0.0006625624582712133,-0.9999999380912806,0.0003516342581000361,1.3068414041230255e-05,-0.00035165622245736665,-0.9999984580299772,-0.0017205451371618248,1.2463391277294037e-05,-0.0017205496262341939,0.9999985197757281,0.0003738842954271537,0.0022782549316635856,-0.0006625624582712133,107,215
frame_000105.jpg,-0.002070359699323901,0.0006321572585659008,3.1414594201883483,0.002344731459420107,-0.00022899947078181972,-0.0005337222260445816,-0.999999122546188,-0.00013275277533802838,-0.001318060527779796,0.00013222229681065674,-0.9999999102361818,0.0004025480004531786,-0.0013181138488299173,0.0004023733702455825,0.9999990503353253,0.002344731459420107,-0.00022899947078181972,-0.0005337222260445816,115,215
frame_000106.jpg,-0.0035875204002015692,0.000552690249220627,-3.1413539026019652,-0.0036142303210637164,0.0009491686096824968,0.00195382413187124,-0.9999973635359535,0.0002362518228702665,0.0022840985570490176,-0.00023705553746440738,-0.999999910087697,-0.0003516095420691348,0.0022840152832852034,-0.0003521500732742817,0.9999973296286903,-0.0036142303210637164,0.0009491686096824968,0.00195382413187124,107,218
frame_000107.jpg,0.004130632343744371,0.002332411295557088,3.1409909799044557,-0.0040213479572373464,-0.0025053304771759577,0.0004247413443350496,-0.9999963623175454,-0.0005961378692045964,0.0026305838358412345,0.0006000440043120447,-0.9999987183200779,0.0014843535273951624,0.002629695584925781,0.0014859265938469161,0.9999954383512397,-0.0040213479572373464,-0.0025053304771759577,0.0004247413443350496,109,217
frame_000108.jpg,-0.0014816479332919158,0.00187932913911919,-3.141359567459955,-0.0011544430312268995,0.0018112019059822037,2.7321634866976547e-05,-0.9999995281248762,0.00023161014536268458,0.0009434546970764455,-0.00023273882918782527,-0.9999992572335775,-0.0011963966443896891,0.0009431768987092569,-0.001196615658381464,0.9999988392634784,-0.0011544430312268995,0.0018112019059822037,2.7321634866976547e-05,121,217
frame_000109.jpg,0.0013748977725029953,0.004574543901061157,3.1411306385009565,-0.0012941491214242724,-0.004964443444355323,0.0002166135474713258,-0.9999995117668972,-0.0004571077076820216,0.0008760813381276538,0.0004596575021497865,-0.999995653119175,0.0029124659200469418,0.0008747462192860694,0.0029128671954442324,0.9999953750011814,-0.0012941491214242724,-0.004964443444355323,0.0002166135474713258,112,212
frame_000110.jpg,0.0035910624086269473,0.009422091647611049,3.1406031496050844,-0.003154556563614589,-0.009778734905707475,-0.0008142026909240158,-0.9999969114861875,-0.0009664515118221912,0.002289757533303648,0.0009801729478445573,-0.9999815254381971,0.005999003524641369,0.002283917485010769,0.006001229355027389,0.9999793842710712,-0.003154556563614589,-0.009778734905707475,-0.0008142026909240158,106,218
frame_000111.jpg,0.0012898890313536651,0.0021551111771657533,3.1415128126683936,-0.001009951589179932,-0.002598000751671767,-6.376833578261943e-05,-0.9999996597163006,-7.827352626733523e-05,0.0008212432881147647,7.940021531187595e-05,-0.9999990556718119,0.0013719880066544925,0.000821135122252301,0.0013720527466832375,0.9999987216033691,-0.001009951589179932,-0.002598000751671767,-6.376833578261943e-05,123,225
frame_000112.jpg,-0.00561224731560143,0.005744168827995891,3.1408536850491293,0.0065784706518379815,-0.005940137149591095,-0.004826292906483059,-0.999993348844233,-0.0007352351026564215,-0.003572351696012966,0.0007221635950426724,-0.9999930451135912,0.003658989503825934,-0.003575017068236172,0.0036563853449732447,0.9999869249641067,0.0065784706518379815,-0.005940137149591095,-0.004826292906483059,104,217
frame_000113.jpg,-0.0016565789765040301,0.002604924622479032,-3.1415684602327394,-0.0016750164176110506,0.002600079139358787,-0.0004030860948455381,-0.9999994436327496,2.1802138486673313e-05,0.001054636837047849,-2.355107410213291e-05,-0.9999986246664442,-0.0016583457320925696,0.0010545992310871078,-0.0016583696472736147,0.999998068813423,-0.0016750164176110506,0.002600079139358787,-0.0004030860948455381,108,218
frame_000114.jpg,0.00090510440040483,0.0026952367032888804,3.1414950850437204,-0.0007672136930196175,-0.0025637542823871537,-0.00032592794871430064,-0.9999998293472557,-9.578756505319343e-05,0.0005763073847008626,9.677630584957342e-05,-0.9999985232195319,0.0017158651176338044,0.0005761421750797955,0.0017159205977164387,0.9999983618370067,-0.0007672136930196175,-0.0025637542823871537,-0.00032592794871430064,116,221
frame_000115.jpg,0.0027567259313061327,0.005627193538231588,3.1407271254128784,-0.002760819073459855,-0.0054376149987167685,0.0010559576899432975,-0.9999980899904841,-0.0008561302149964549,0.0017570021168036962,0.000862420686733108,-0.9999932105780976,0.0035826007686427467,0.0017539230150087374,0.0035841092008133523,0.999992038925957,-0.002760819073459855,-0.0054376149987167685,0.0010559576899432975,107,215
frame_000116.jpg,0.0032939808223239686,-0.0011897697003599784,3.1411944131241767,-0.0034669203742575517,0.00176023147488,0.0014252549266257034,-0.9999977221907329,-0.00039708216126030263,0.0020971263917129155,0.0003954934178116926,-0.9999996345547265,-0.0007579415345037262,0.0020974265903906174,-0.0007571104083732334,0.999997513789673,-0.0034669203742575517,0.00176023147488,0.0014252549266257034,106,214
frame_000117.jpg,0.00325802082166384,0.002457799846348287,3.140949476102815,-0.0034526913597650198,-0.0022415100416852177,-0.0004158918624096827,-0.9999976429981074,-0.0006389022256219757,0.002075042692518961,0.0006421488921279164,-0.9999985702459726,0.001564337179432347,0.0020740402672127516,0.0015656659786527736,0.9999966235178067,-0.0034526913597650198,-0.0022415100416852177,-0.0004158918624096827,118,219
frame_000118.jpg,0.002135404324726362,0.0031552321292921746,3.1414756362046323,-0.0023871501009472265,-0.003443433892823916,-0.00011115270662123383,-0.9999990693142696,-0.00011334156865532914,0.001359604458426294,0.00011607245353554099,-0.9999979758698007,0.0020086770489769314,0.0013593740398021978,0.0020088329921551925,0.9999970583417882,-0.0023871501009472265,-0.003443433892823916,-0.00011115270662123383,109,223
frame_000119.jpg,-0.00291423982773197,0.007733440364425583,3.140207666608201,0.003323202645694958,-0.00789534652412404,-0.0025938203618821576,-0.9999973334025988,-0.0013786778753957646,-0.001852683191335684,0.0013695359416550303,-0.9999869260554665,0.004926671233554993,-0.0018594512620874533,0.00492412077988725,0.9999861476418308,0.003323202645694958,-0.00789534652412404,-0.0025938203618821576,106,213
frame_000120.jpg,0.0016115668710353355,-0.0018475953622880334,-3.141219752861291,0.0021858516256261203,-0.001912921554697135,-0.0015033420709359051,-0.9999994044120438,0.0003713403363455659,-0.0010262952364245082,-0.00037254736690794764,-0.9999992389233082,0.0011761637911688774,-0.001025857698277315,0.0011765454342478891,0.9999987816776698,0.0021858516256261203,-0.001912921554697135,-0.0015033420709359051,111,215
frame_000121.jpg,0.002950221916520099,0.0018096263438107756,3.1412887359264445,-0.002981457897790088,-0.0022230584085157646,0.0012214659720765511,-0.9999981902950157,-0.0003009287701046116,0.001878522975347739,0.0003030929199854454,-0.9999992906644902,0.0011518703044490746,0.0018781750119306487,0.0011524375869175012,0.9999975721701689,-0.002981457897790088,-0.0022230584085157646,0.0012214659720765511,117,221
frame_000122.jpg,-0.002467643815398235,0.0007991762026874776,-3.141202352840374,-0.0022594281912283096,0.0002811655185125344,0.001109790975734044,-0.9999986900010227,0.00038882996131476405,0.0015712439338314674,-0.0003896294141864116,-0.9999997947938447,-0.0005085284535459658,0.0015710458803036209,-0.0005091399902276946,0.9999986362947264,-0.0022594281912283096,0.0002811655185125344,0.001109790975734044,111,225
frame_000123.jpg,-0.002883956919368828,0.0013343416047511742,3.141185853146477,0.003465867264619053,-0.0014269963236178528,-0.0021283673583360925,-0.9999982320558656,-0.00040597292850198764,-0.0018360476912618693,0.00040441291606958254,-0.9999995570180352,0.0008499493671048843,-0.0018363919343594975,0.0008492053430410201,0.99999795325538,0.003465867264619053,-0.0014269963236178528,-0.0021283673583360925,116,220
frame_000124.jpg,0.0025170975468034483,0.0012724844160424051,3.1414441237992223,-0.0022225853865433065,-0.0012015702183044601,0.0005470014411387993,-0.9999987051388701,-0.0001466144762930964,0.0016025681821973197,0.00014791271178736181,-0.9999996610040633,0.0008100083877717934,0.0016024488799776513,0.0008102443791290702,0.9999983878295167,-0.0022225853865433065,-0.0012015702183044601,0.0005470014411387993,116,223
frame_000125.jpg,0.002229122131817403,0.0040318839968470545,3.141340943491958,-0.0020094491879932177,-0.004601151363827636,-0.00036267768601288327,-0.9999989620794985,-0.0002465099351576943,0.001419532591228039,0.0002501530326455578,-0.9999966744726047,0.0025668009645998025,0.001418895128594172,0.002567153400847093,0.999995698220763,-0.0020094491879932177,-0.004601151363827636,-0.00036267768601288327,111,225
frame_000126.jpg,0.004866486118114666,0.0026525109301804416,3.1414194244294684,-0.0049378112317934215,-0.0028581888243370875,0.001788466508797903,-0.9999951862007336,-0.0001657235597854097,0.0030984045994633413,0.00017095570101000577,-0.9999985599239899,0.0016884679727098438,0.003098120318602187,0.0016889895346942692,0.9999937744630433,-0.0049378112317934215,-0.0028581888243370875,0.001788466508797903,114,222
frame_000127.jpg,-0.0050907830086418596,0.001344038774010321,-3.1406332366095424,-0.0053648251524002055,0.001330943641132206,0.0014841031382576179,-0.9999942890969693,0.0009536146088538094,0.0032422820088085767,-0.0009563893380924893,-0.9999991777003321,-0.0008543524410773422,0.0032414646197122363,-0.0008574484458977109,0.999994378828842,-0.0053648251524002055,0.001330943641132206,0.0014841031382576179,112,218
frame_000128.jpg,7.508498418726115e-05,-0.0007667309855279319,3.1416444932262393,-7.525835253569643e-05,0.0011510497117882808,-0.0007526056098307997,-0.9999999975090147,5.192242828114755e-05,4.7812468611889075e-05,-5.194575974538812e-05,-0.9999998795266973,-0.0004881067802690658,4.778711916247101e-05,-0.00048810926270820634,0.9999998797328621,-7.525835253569643e-05,0.0011510497117882808,-0.0007526056098307997,113,224
frame_000129.jpg,0.0010048112894587684,0.0022465961896384746,3.1415064419623575,-0.0007244443808368657,-0.0024423654306503354,-0.0005895725142687199,-0.9999997917583173,-8.479012805257861e-05,0.0006397608586780759,8.570506957746951e-05,-0.9999989735354852,0.0014302386574122593,0.0006396389318673487,0.0014302931903258603,0.9999987725609598,-0.0007244443808368657,-0.0024423654306503354,-0.0005895725142687199,129,231
frame_000130.jpg,-0.002002981439587414,0.0026352779139410584,3.1408662324969376,0.0028875620708512456,-0.002933274682596665,-0.0020880339811396222,-0.9999989240586905,-0.000725746546803911,-0.0012748228940190458,0.0007236062996990309,-0.9999983294840737,0.0016785180919357719,-0.0012760389431160683,0.0016775938160717052,0.9999977786993346,0.0028875620708512456,-0.002933274682596665,-0.0020880339811396222,107,220
frame_000131.jpg,-0.0012803809512798698,0.001104443042020399,-3.140705458229363,-0.0012644105218765616,0.0008394239169889164,0.000525856695375318,-0.9999992744514933,0.0008864532162497684,0.0008156575154017307,-0.0008870266561252555,-0.9999993595243712,-0.0007029470525016473,0.0008150338633174274,-0.0007036700524378932,0.9999994202839617,-0.0012644105218765616,0.0008394239169889164,0.000525856695375318,121,220
frame_000132.jpg,-0.0018254421909361222,0.00020281442827132942,-3.141210251226195,-0.0016641625395754365,0.0004204525349047141,-0.0006980615670161083,-0.9999992516724058,0.00038179029304418437,0.0011622782801623377,-0.0003819403764741746,-0.9999999187519503,-0.00012890943222558125,0.0011622289693595884,-0.00012935325676298893,0.9999993162455455,-0.0016641625395754365,0.0004204525349047141,-0.0006980615670161083,113,223
frame_000133.jpg,0.003606345653298145,0.00044321568288058975,-3.1414913929156407,0.004784944758283138,0.0003046842177732296,-0.0014547755583788422,-0.9999973594056252,9.948327193349018e-05,-0.002295927885532049,-9.883542839749045e-05,-0.9999999552740968,-0.0002822824161337322,-0.002295955865222967,-0.0002820547517242357,0.9999973245123117,0.004784944758283138,0.0003046842177732296,-0.0014547755583788422,114,218
frame_000134.jpg,0.004314678265352724,0.0003688961056399199,-3.141429467494565,0.005339072392626268,-1.1176409060839207e-06,-0.001986623101147973,-0.9999962143018065,0.00016052380268143576,-0.002746928132342348,-0.00015987865814403665,-0.9999999595884937,-0.00023507833901251137,-0.002746965757003751,-0.00023463827389305105,0.9999961995547836,0.005339072392626268,-1.1176409060839207e-06,-0.001986623101147973,111,217
frame_000135.jpg,0.0007200144436520304,-0.0008419127435106216,3.1411570016701176,-0.0007669830352675306,0.0009603308051662058,-3.442611839287254e-05,-0.9999998001056464,-0.0004355794044735683,0.00045832221145277054,0.0004353336570797927,-0.9999997615125996,-0.0005361523578290196,0.00045855563907342805,-0.000535952727570758,0.9999997512406692,-0.0007669830352675306,0.0009603308051662058,-3.442611839287254e-05,121,226
frame_000136.jpg,-0.0004669489086205761,0.0019386433693510579,-3.140887001889344,-0.00017915837440976188,0.0021579120643278596,0.0005968755313276635,-0.9999997072700938,0.0007048349735861405,0.0002977706945957242,-0.0007052020212180964,-0.9999989895339478,-0.0012343505144000809,0.00029690038029633273,-0.0012345601415644592,0.9999991938553859,-0.00017915837440976188,0.0021579120643278596,0.0005968755313276635,120,222
frame_000137.jpg,0.0023562051917182954,0.007131895921249495,3.1409514699507084,-0.0021343567429664085,-0.007342000445976767,0.0007829573229748912,-0.9999986746966663,-0.0006287945254316288,0.0015017397763026402,0.0006356077564853512,-0.9999894888220133,0.0045407321291085325,0.001498868803744327,0.004541680628711144,0.999988563199288,-0.0021343567429664085,-0.007342000445976767,0.0007829573229748912,109,218
frame_000138.jpg,-0.005150930710564156,0.006477901055954021,-3.1408779880432816,-0.005762085892818428,0.006947874977377146,0.0012838933553051125,-0.9999943734257932,0.0006969945779327101,0.003281358760251466,-0.0007105238617797536,-0.9999912450270709,-0.004123714957469068,0.003278455825078053,-0.004126023238779071,0.9999861137334038,-0.005762085892818428,0.006947874977377146,0.0012838933553051125,111,214
frame_000139.jpg,0.002858541627227296,-0.0013249452950197982,3.141489188014404,-0.0028523193859484406,0.0015332678946372734,0.001195417789277815,-0.9999983388587382,-0.0001026531223221115,0.0018198192494353722,0.00010111804278358964,-0.9999996390519549,-0.000843606010820876,0.001819905191366192,-0.0008434205929113999,0.9999979882913764,-0.0028523193859484406,0.0015332678946372734,0.001195417789277815,113,209
frame_000140.jpg,0.0018795729487405077,0.0016939693307151857,3.1416714532758454,-0.0019279031246381205,-0.0018104858925727298,0.0007048085322614277,-0.9999992809570366,8.046376441362674e-05,0.0011964994744815265,-7.91734281396749e-05,-0.999999415355265,0.0010784343728116852,0.0011965855498437177,0.0010783388664058757,0.999998702683314,-0.0019279031246381205,-0.0018104858925727298,0.0007048085322614277,119,208
frame_000141.jpg,-0.0038233396274946815,0.0007263370372874604,3.1412766864288977,0.00493443379594182,-0.0010943800506516806,-0.0017504277052572583,-0.9999969880387483,-0.00031411905068072244,-0.00243418213237072,0.00031299333685458607,-0.9999998439127189,0.0004628279474113091,-0.002434327135501318,0.0004620646706033427,0.9999969302691066,0.00493443379594182,-0.0010943800506516806,-0.0017504277052572583,112,210
frame_000142.jpg,0.0046942458152627,0.003263856099165638,-3.141291208474878,0.00514583563600383,0.0034371445924282085,-0.002661487394039886,-0.9999954898623422,0.00029934689544295685,-0.0029884187140350547,-0.00029313621797654024,-0.9999977970133738,-0.0020784704849870954,-0.0029890343142755446,-0.002077585097039528,0.9999933746350691,0.00514583563600383,0.0034371445924282085,-0.002661487394039886,109,219
frame_000143.jpg,0.0047206499124932706,-0.0002778975185760458,3.1412519140682305,-0.0050447656404588054,0.00041943268509854725,0.0005569916523954087,-0.9999954263943586,-0.00033744565887218556,0.0030055483347265046,0.00033691386916761895,-0.9999999275019452,-0.00017744055067210352,0.0030056079933736294,-0.00017642712821057692,0.9999954675867581,-0.0050447656404588054,0.00041943268509854725,0.0005569916523954087,115,215
frame_000144.jpg,0.003995440101978161,0.00235438202826033,-3.141465784455018,0.004618064671684298,0.0023134895145817303,-0.001753972306944001,-0.9999967572364405,0.000125352337397793,-0.0025435808213918176,-0.00012153960843330664,-0.9999988690223606,-0.001499060413548227,-0.0025437658553855227,-0.0014987464066326943,0.9999956414977428,0.004618064671684298,0.0023134895145817303,-0.001753972306944001,119,225
frame_000145.jpg,-0.00022865163402234953,0.0006445742294852093,3.140755165361176,0.000746302315054998,-0.0008719677620900794,-0.00040873721199496634,-0.9999996387690058,-0.0008374435270719991,-0.00014543107210966441,0.0008373837631656294,-0.9999995651312001,0.0004105189930278055,-0.00014577479533967988,0.00041039706311717713,0.9999999051619749,0.000746302315054998,-0.0008719677620900794,-0.00040873721199496634,123,221
frame_000146.jpg,-0.0007835560405420079,0.0021877678400597685,3.141031013417627,0.0011795143668850915,-0.0022430237860106756,-0.0008746305736658444,-0.9999997183038591,-0.0005611278545867793,-0.0004985255593452744,0.0005604328517656688,-0.9999988725034589,0.0013931643225654968,-0.0004993067405668387,0.0013928845400155816,0.9999989052821199,0.0011795143668850915,-0.0022430237860106756,-0.0008746305736658444,122,223
frame_000147.jpg,0.0037872928768164756,-2.1937237839966027e-06,3.141403609417796,-0.003710184986998928,-0.0004090636992868421,0.0007097641162186254,-0.9999970755960473,-0.00018676272885235449,0.002411206966734423,0.0001867593612351904,-0.9999999825591552,-1.6218100447022355e-06,0.0024112072275746057,-1.1714898289613685e-06,0.9999970930349412,-0.003710184986998928,-0.0004090636992868421,0.0007097641162186254,118,226
frame_000148.jpg,-0.0028994010432260996,0.0012746710340851024,3.1411704689312234,0.0037296795756504623,-0.001580458048040078,-0.001875002774426794,-0.9999982075783523,-0.000421336807858891,-0.0018458914856828127,0.0004198385625498657,-0.9999995822142131,0.0008119772044287778,-0.0018462328303789541,0.0008112007725952871,0.9999979666867542,0.0037296795756504623,-0.001580458048040078,-0.001875002774426794,121,228
frame_000149.jpg,0.000173584950719166,0.0020315113989354257,-3.1415514227265064,0.00047026918593939967,0.001872761108860186,-0.0008067864418891249,-0.9999999930709453,4.0640673525990525e-05,-0.00011048278112945608,-4.049775030456961e-05,-0.999999162842605,-0.0012933189944253115,-0.00011053524999299623,-0.0012933145111597502,0.9999991575594125,0.00047026918593939967,0.001872761108860186,-0.0008067864418891249,123,230
frame_000150.jpg,-0.001776683643163434,0.001400890968423421,3.1415125662720134,0.0024934692192210154,-0.00134324177187704,-0.0014544270111873346,-0.9999993571637856,-7.977693652184781e-05,-0.0011310648327716268,7.87681561990719e-05,-0.9999995991531252,0.0008919019937977824,-0.0011311355325965662,0.000891812328559462,0.9999989626010508,0.0024934692192210154,-0.00134324177187704,-0.0014544270111873346,127,222
frame_000151.jpg,0.0008343511888737274,0.0033342051512474736,-3.1410014675318854,0.0012317014458851144,0.0032585425033730578,-0.00012185764684209024,-0.9999996852386918,0.0005898691517632632,-0.0005306382017297459,-0.0005887412679544378,-0.9999975727544718,-0.0021231742472815522,-0.0005318893087328332,-0.0021228611703807375,0.9999976052742401,0.0012317014458851144,0.0032585425033730578,-0.00012185764684209024,122,227
frame_000152.jpg,0.0019475005830050505,-0.0011847176308516655,3.141506625917979,-0.0019834238907804527,0.001179970850651569,-0.00045829831861890225,-0.9999992277551731,-8.5668177208655e-05,0.0012398185435387335,8.47330380361186e-05,-0.9999997119351162,-0.0007542877415947961,0.0012398828048464621,-0.0007541821055081821,0.9999989469494371,-0.0019834238907804527,0.001179970850651569,-0.00045829831861890225,118,221
frame_000153.jpg,0.0005480109278574382,0.004404854030892124,3.1408594276227904,-5.883939419186528e-05,-0.00421397290697769,0.0009854362157267836,-0.9999996725997196,-0.0007295992165336251,0.0003499791950822209,0.000730577991396161,-0.9999957998401982,0.002804738447857862,0.0003479313901395353,0.0028049932166830816,0.9999960054704232,-5.883939419186528e-05,-0.00421397290697769,0.0009854362157267836,109,222
frame_000154.jpg,0.004092109909815558,0.0007534329338730956,-3.1412439467192432,0.004605185524036378,0.00042371838788891506,-0.001774218699332716,-0.9999965460914465,0.00034657571246138357,-0.0026053196450563066,-0.0003453258915785186,-0.9999998251013726,-0.0004801533637812867,-0.0026054855988836196,-0.00047925202104620053,0.9999964908749902,0.004605185524036378,0.00042371838788891506,-0.001774218699332716,115,225
frame_000155.jpg,-0.003311942393190273,0.0010243958137010835,3.141378635619714,0.004296292209857533,-0.0012159818595206722,-0.0018957441918923223,-0.9999977544290636,-0.00021279253560009274,-0.002108519899604407,0.0002114173242275799,-0.999999764826785,0.0006524178796059588,-0.0021086582333918755,0.000651970636920075,0.9999975642444051,0.004296292209857533,-0.0012159818595206722,-0.0018957441918923223,115,230
frame_000156.jpg,-0.0025669292179956883,0.003813521964991066,3.141032038039709,0.0031779109131061015,-0.004200852017638899,-0.001627305057670251,-0.9999985090255687,-0.0005592354299114834,-0.0016337693758044698,0.0005552666735332117,-0.999996896671992,0.0024286468056472087,-0.0016351224910226667,0.0024277360069102955,0.9999957162269852,0.0031779109131061015,-0.004200852017638899,-0.001627305057670251,120,223
frame_000157.jpg,-0.001667483812925658,0.00045058394139665253,-3.1409580466778446,-0.0014710480394770026,0.0006978438501997416,0.0007627043723637753,-0.9999992352632892,0.0006339795193322841,0.0010618581853340807,-0.0006342841494802195,-0.9999997577800708,-0.00028657183627552025,0.0010616762474558502,-0.00028724513693947,0.9999993951667056,-0.0014710480394770026,0.0006978438501997416,0.0007627043723637753,121,230
frame_000158.jpg,-0.0026947536167053823,0.0016803069257429353,3.141580601076322,0.0036357139956393982,-0.0022611530616253326,-0.001437904081457735,-0.999998528408157,-1.1364977755396917e-05,-0.0017155326746466485,9.52983093602159e-06,-0.9999994277948048,0.0010697285848405502,-0.0017155438504515108,0.0010697106619003357,0.9999979563121094,0.0036357139956393982,-0.0022611530616253326,-0.001437904081457735,124,231
frame_000159.jpg,-8.516232468611932e-05,0.0001532537037261952,3.1414707832461333,0.00033530189729214573,1.1778844223231886e-05,-0.0003360907371937543,-0.9999999911046036,-0.0001218680956445828,-5.4212177552605636e-05,0.00012186280568412947,-0.9999999878146367,9.757142588734612e-05,-5.4224067735872766e-05,9.756481857135079e-05,0.999999993770429,0.00033530189729214573,1.1778844223231886e-05,-0.0003360907371937543,115,223
frame_000160.jpg,-0.000979169535630424,0.002048403677439849,-3.1412373898693167,-0.0006397524165377955,0.0023968427170467997,-0.0009927879954352633,-0.9999997428531323,0.00035403658844239633,0.0006236599741357608,-0.000354849665439115,-0.9999990867143465,-0.0013040905597683284,0.0006231977087832534,-0.0013043115299586957,0.9999989551974788,-0.0006397524165377955,0.0023968427170467997,-0.0009927879954352633,120,231
frame_000161.jpg,-0.00013151478221936253,0.0010169851144787585,3.141153820543578,0.0005291905241016187,-0.001505359441914937,-0.0010527439591677945,-0.9999999002803106,-0.0004386927359379532,-8.359457140382664e-05,0.0004386385145435132,-0.9999996941430522,0.0006475415473293434,-8.387861760887757e-05,0.000647504814958077,0.9999997868509234,0.0005291905241016187,-0.001505359441914937,-0.0010527439591677945,133,236
frame_000162.jpg,-0.0019495480374089056,0.009290203252612674,3.140724651747928,0.0024436896530114086,-0.009040632345196878,-0.0010641516712899604,-0.9999988650261101,-0.000857324869081397,-0.001238927181241071,0.0008499804850995283,-0.9999821364972437,0.005916436392187068,-0.0012439773577173144,0.005915376613259728,0.9999817302530363,0.0024436896530114086,-0.009040632345196878,-0.0010641516712899604,111,236
frame_000163.jpg,-0.001725143448015973,0.0013999361212066476,3.1415136093394533,0.0025225599774440625,-0.0019211282270880559,-0.0011840825103522972,-0.9999993938197599,-7.874805566807086e-05,-0.0010982526377665191,7.776920753919806e-05,-0.9999995997752096,0.0008912919672984447,-0.0010983223857280449,0.000891206016777549,0.9999989997193865,0.0025225599774440625,-0.0019211282270880559,-0.0011840825103522972,126,235
frame_000164.jpg,6.68304977444518e-05,0.0021481181913326408,-3.1409048790089793,1.312440499791851e-05,0.002509908616019749,-0.0007020271867663123,-0.9999997630830469,0.0006870681917908993,-4.208502997259208e-05,-0.0006870099837426937,-0.9999988285041744,-0.001367847784275632,-4.30247853739426e-05,-0.0013678185473735456,0.9999990636102057,1.312440499791851e-05,0.002509908616019749,-0.0007020271867663123,124,229
frame_000165.jpg,-0.00273622274751879,0.003431197863106014,3.1414172505596505,0.0031614511960680793,-0.003776593299658673,-0.0015550448234027709,-0.9999984678172679,-0.00017424008287628007,-0.0017418391171912873,0.00017043464090510773,-0.9999975991554778,0.00218463619704075,-0.0017422155864984111,0.00218433598005444,0.9999960966729704,0.0031614511960680793,-0.003776593299658673,-0.0015550448234027709,119,226
frame_000166.jpg,0.0036284350090376705,0.001204060093638179,-3.141134391457182,0.00454667151066032,0.0012585918137030317,-0.002343387491251874,-0.9999972273905979,0.00045682091504280973,-0.0023100921557967316,-0.00045504977133268464,-0.9999996021931039,-0.0007671657835996653,-0.0023104416942013946,-0.0007661124496413481,0.9999970374610573,0.00454667151066032,0.0012585918137030317,-0.002343387491251874,119,226
frame_000167.jpg,0.0025875811534905265,0.002300799135633074,-3.141470235127108,0.0033365627818772916,0.002882153386575196,-0.0017097444938825874,-0.99999863582713,0.00012171669135183544,-0.001647279249553484,-0.00011930364175343405,-0.9999989199331712,-0.0014648887780781617,-0.001647455771797075,-0.0014646902533031767,0.9999975702830187,0.0033365627818772916,0.002882153386575196,-0.0017097444938825874,111,228
frame_000168.jpg,0.00135136457489071,0.002087859748841387,-3.1412803960326507,0.001660829262708638,0.00185467489696102,-0.0004089745327845886,-0.9999995814185183,0.0003118447892715226,-0.0008601834778437722,-0.0003107010681213383,-0.9999990680293352,-0.0013294379666170266,-0.0008605972544805539,-0.0013291701502135662,0.9999987463387527,0.001660829262708638,0.00185467489696102,-0.0004089745327845886,124,223
frame_000169.jpg,0.001600147355179322,-0.0010625246646694723,-3.1411585878420154,0.002212745337724431,-0.0014695834521456488,-0.0018021536035445476,-0.9999993870449988,0.00043313375418581914,-0.0010189724126715204,-0.00043382300784497305,-0.9999996772102158,0.0006762965785460888,-0.0010186791568816266,0.0006767382176836948,0.9999992521588009,0.002212745337724431,-0.0014695834521456488,-0.0018021536035445476,120,219
frame_000170.jpg,-0.0006986063489494615,0.005216543227245675,3.141395028153664,0.0009622142619447395,-0.005444223619244222,-0.0008328420546991618,-0.999999882421749,-0.00019395482052525303,-0.0004444524899096234,0.00019247765554584074,-0.9999944662857804,0.003321197098817641,-0.00044509419262379023,0.0033211111611438355,0.9999943860401489,0.0009622142619447395,-0.005444223619244222,-0.0008328420546991618,117,220
frame_000171.jpg,-0.000685250139956318,0.002649978683286586,3.1410896139869546,0.0010364963234141787,-0.00331883365501265,-0.0010693396396980256,-0.9999997788900585,-0.0005022149143626812,-0.0004358899101390664,0.0005014787233795126,-0.9999984505869934,0.0016874070944762059,-0.0004367366757750175,0.0016871881318580517,0.999998481327489,0.0010364963234141787,-0.00331883365501265,-0.0010693396396980256,113,222
frame_000172.jpg,-0.0018986938104098405,0.0011499146680248532,3.141027377462005,0.0029538715208657397,-0.0012533693921040624,-0.001062487974736536,-0.9999991098785076,-0.0005649342003436827,-0.0012087561961003617,0.0005640490096391755,-0.9999995726234622,0.0007325309602445064,-0.0012091695112985764,0.0007318485104676493,0.9999990011529261,0.0029538715208657397,-0.0012533693921040624,-0.001062487974736536,110,227
frame_000173.jpg,0.003080749240063716,-0.0008707244811201661,-3.141398203902757,0.0036876835737253383,-0.0007369250861023874,-0.0012343594798668112,-0.9999980578925199,0.00019227462639146952,-0.0019614386700643575,-0.00019336192957408984,-0.9999998277561124,0.0005541650563379702,-0.001961331780339369,0.000554543247655854,0.9999979228275592,0.0036876835737253383,-0.0007369250861023874,-0.0012343594798668112,108,215
frame_000174.jpg,0.00044999608522640865,0.0022226638611908787,3.1417115378951785,-0.00012351253510885574,-0.0017932766693918576,-0.0011002081025777864,-0.9999999518043856,0.00011990539934604618,0.0002863807286298066,-0.00011950006848299998,-0.9999989918110699,0.001414954620263414,0.00028655010060272537,0.001414920329552123,0.9999989579442072,-0.00012351253510885574,-0.0017932766693918576,-0.0011002081025777864,113,227
frame_000175.jpg,-0.0030562205415963256,-0.0023090436556115652,-3.1410548684255803,-0.003479406520189237,-0.002816529388218389,0.0005539675291375298,-0.9999979632238326,0.0005368797175795592,0.0019455868921872603,-0.0005340186698493629,-0.9999987758537631,0.0014707532204809917,0.0019463741280780285,0.001469711245161642,0.9999970257838825,-0.003479406520189237,-0.002816529388218389,0.0005539675291375298,107,226
frame_000176.jpg,-0.001081121868605285,0.0031657618784783114,3.1415831131781284,0.0013667796814229565,-0.003069317779758473,0.00020163527775306477,-0.9999997631153639,-8.452881647966127e-06,-0.0006882570485654147,7.065757639681541e-06,-0.9999979690682776,0.002015393111802897,-0.0006882726866417897,0.0020153877713297345,0.999997732243849,0.0013667796814229565,-0.003069317779758473,0.00020163527775306477,114,225
frame_000177.jpg,-0.0014474432731425072,0.001908573333567999,3.1415355106185885,0.0018195324925965508,-0.0024742022927819033,-0.0015864091270210248,-0.9999995738495006,-5.6789578042789654e-05,-0.0009214530705120259,5.566991795828067e-05,-0.9999992602370241,0.0012150828222026806,-0.0009215213928959202,0.0012150310071776913,0.9999988372483111,0.0018195324925965508,-0.0024742022927819033,-0.0015864091270210248,118,225
frame_000178.jpg,-0.000683405269307276,0.0024587679666418544,3.1412120928160703,0.00122576984596666,-0.002556692689948368,-0.0023548343439178418,-0.9999998333151965,-0.00037986459356887384,-0.00043482464266921043,0.0003791834149038668,-0.9999987026021905,0.0015655714208137265,-0.0004354187836801419,0.0015654062815638702,0.9999986799559568,0.00122576984596666,-0.002556692689948368,-0.0023548343439178418,113,222
frame_000179.jpg,0.0018281543921096224,0.004671863167694242,3.141091660672755,-0.0014810067072403823,-0.004257959075440624,0.000772566652938901,-0.9999991990269951,-0.0004952546492936692,0.0011647610057606518,0.0004987172357155822,-0.9999954521685191,0.0029743778169262903,0.0011632826341812933,0.002974956320919015,0.9999948981911873,-0.0014810067072403823,-0.004257959075440624,0.000772566652938901,106,218
frame_000180.jpg,0.0023302391439615957,0.006855328662201596,3.141170046556697,-0.002339733646603742,-0.007228431932864057,0.00022041479925319555,-0.999998813552253,-0.00041102304909590984,0.001484572039141062,0.00041749899995307144,-0.9999903883961347,0.0043644942355845215,0.001482763862294241,0.004365108864681868,0.9999893735615029,-0.002339733646603742,-0.007228431932864057,0.00022041479925319555,117,227
frame_000181.jpg,-0.0034088093346447005,-0.0018234838944795183,3.1415529115124894,0.0037785111443626516,0.0019199490064269568,-0.0015170874647341187,-0.999997644545502,-3.6103800859679994e-05,-0.0021701612758803328,3.86230737798643e-05,-0.9999993254811373,-0.0011608382869905459,-0.0021701179013912733,-0.001160919370987854,0.9999969714226682,0.0037785111443626516,0.0019199490064269568,-0.0015170874647341187,116,222
frame_000182.jpg,0.0006660041921047623,0.00015275877953629358,3.141548304768176,-0.00014463088139256216,-0.00048077091302007815,-0.00015528206473239807,-0.9999999091329809,-4.425389356179071e-05,0.0004239995552004643,4.4295127577266116e-05,-0.9999999942910412,9.724124152290576e-05,0.0004239952494763162,9.726001380127433e-05,0.9999999053842548,-0.00014463088139256216,-0.00048077091302007815,-0.00015528206473239807,119,221
frame_000183.jpg,0.005403941298890549,-0.0011007864393842053,3.1414471009344465,-0.0057606376549256735,0.0010761418478659897,0.000994801291701059,-0.9999940718897178,-0.00014191717274444996,0.0034403553505347956,0.0001395060859614042,-0.9999997445300969,-0.0007010547717307991,0.0034404539633386905,-0.0007005706652915289,0.999993836219638,-0.0057606376549256735,0.0010761418478659897,0.000994801291701059,119,228
frame_000184.jpg,-0.00275730833111774,0.0051188740627465,3.1409606926016,0.003520816244499898,-0.004943017504450673,-0.00291725240558952,-0.9999982624453372,-0.0006294397630726226,-0.001754682846355296,0.0006237171651144354,-0.9999944917689184,0.003259970662544737,-0.001756725136318159,0.003258870572356908,0.9999931468162104,0.003520816244499898,-0.004943017504450673,-0.00291725240558952,111,228
frame_000185.jpg,0.0005117334894026182,0.009997178056574112,3.1412153344928524,-0.00027651834677532754,-0.009869647577150599,0.0003387974336941368,-0.9999998816278114,-0.0003603302531172646,0.0003269655514067541,0.00036240412257493884,-0.9999796772453821,0.006365041985207775,0.0003246653893764524,0.006365159725427595,0.9999796894607687,-0.00027651834677532754,-0.009869647577150599,0.0003387974336941368,111,227
frame_000186.jpg,0.003966995369128862,-0.0010935856202536232,-3.1409815920194704,0.00458653137770551,-0.0017134701021043496,-0.001425675807665018,-0.9999966247166845,0.0006074860662692542,-0.002526166249019467,-0.0006092449733930627,-0.9999995725055106,0.0006955640576080657,-0.002525742623624122,0.0006971007639714776,0.9999965673314704,0.00458653137770551,-0.0017134701021043496,-0.001425675807665018,111,224
frame_000187.jpg,0.0009503983189888416,-5.7543981132791765e-05,-3.1409027985934226,0.001701708239600963,-0.00041440617724268687,-0.0008014048348121736,-0.9999995790310952,0.0006896995061713085,-0.000605187759008702,-0.0006897216808058572,-0.9999997614782922,3.64329766159375e-05,-0.0006051624868523038,3.685037239713384e-05,0.9999998162101901,0.001701708239600963,-0.00041440617724268687,-0.0008014048348121736,125,225
frame_000188.jpg,-0.006079887344575827,0.002746639917544539,3.141581398185753,0.007261094660127717,-0.0032028132295033904,-0.003300240228875077,-0.9999925092901953,-7.555527000362704e-06,-0.003870569262088839,7.875533535019237e-07,-0.9999984712469716,0.0017485717312825297,-0.0038705765563252855,0.0017485555849593155,0.9999909805545685,0.007261094660127717,-0.0032028132295033904,-0.003300240228875077,114,223
frame_000189.jpg,0.0039955624678485145,0.005278281770435666,3.140972294517499,-0.003572676804123016,-0.0051063551414933335,0.0006942890118985488,-0.999996575529442,-0.0006091060350325089,0.0025451756770493955,0.0006176567081739297,-0.9999941640073672,0.003360126693673328,0.002543114149975305,0.0033616872318488057,0.9999911157752228,-0.003572676804123016,-0.0051063551414933335,0.0006942890118985488,106,223
frame_000190.jpg,0.00440636161004398,0.0025199206217450857,-3.1409864515569357,0.005386163935228278,0.0022647326973488664,-0.0017432256458449842,-0.9999958827205264,0.0006043505704415946,-0.0028052276882738455,-0.0005998486927997358,-0.9999985314652476,-0.001605381230043663,-0.0028061937817616504,-0.0016036919080786606,0.9999947767107205,0.005386163935228278,0.0022647326973488664,-0.0017432256458449842,117,226
frame_000191.jpg,-0.0002775276705177221,0.0005174217336741013,3.1413632008620214,0.0005928838387785193,-0.0010028425570034636,-0.0006486605246290901,-0.9999999580781918,-0.00022942695303926398,-0.00017665471434723278,0.00022936874611868014,-0.9999999194279103,0.0003294452171427562,-0.00017673028372615574,0.00032940468426149116,0.999999930129478,0.0005928838387785193,-0.0010028425570034636,-0.0006486605246290901,106,222
frame_000192.jpg,-0.0038187218629301602,0.0005692245528188756,-3.1413833888628417,-0.003958811349421006,0.00040523817201036866,0.0019297655745977257,-0.9999970231485912,0.0002064514007081854,0.0024312695809038916,-0.0002073324883239798,-0.9999999129296917,-0.000362151692468508,0.0024311946024883208,-0.0003626546955687273,0.9999969788826246,-0.003958811349421006,0.00040523817201036866,0.0019297655745977257,114,222
frame_000193.jpg,-0.004436282680954867,0.004752416411544141,3.1414164259419923,0.00536453427248436,-0.005296488929392467,-0.002363462609250467,-0.9999959970802598,-0.00017377284329769417,-0.0028241151633545537,0.00016522727781732163,-0.9999954083694939,0.0030258783643460313,-0.0028246280115480625,0.0030253996311371116,0.9999914341801476,0.00536453427248436,-0.005296488929392467,-0.002363462609250467,110,219
frame_000194.jpg,-0.00025464492803468626,0.0014916558283333088,-3.140836146854119,0.0004402231332822824,0.0011884336278790253,-0.0011911615145981172,-0.9999997009780235,0.0007560650329399887,0.00016251009122177998,-0.0007562190514534308,-0.999999263020652,-0.0009497846594095817,0.0001617918724853965,-0.0009499072686301309,0.9999995357496779,0.0004402231332822824,0.0011884336278790253,-0.0011911615145981172,113,214
frame_000195.jpg,0.002798060174078234,0.0036995136805801107,3.1415985451784945,-0.0026831031606762592,-0.0038496786818563214,0.0004400384095409506,-0.9999984134504033,1.1413507457395258e-05,0.0017812822370498953,-7.218242852536327e-06,-0.9999972265282615,0.002355182303320378,0.0017813041776047348,0.002355165708979069,0.9999956400654504,-0.0026831031606762592,-0.0038496786818563214,0.0004400384095409506,118,216
frame_000196.jpg,0.0004645575506023899,0.006302230096705983,3.141194011334003,-0.00015202634216383824,-0.006604035602546584,0.00013805824124076747,-0.9999998793120115,-0.0003916915372463089,0.000296569894114021,0.00039287840539184096,-0.9999918724751871,0.004012559049766563,0.0002949957983123531,0.004012675081405969,0.9999919056753258,-0.00015202634216383824,-0.006604035602546584,0.00013805824124076747,113,220
frame_000197.jpg,-0.0049045922832632784,0.0009057803023598611,3.1413524442415928,0.005746499250681599,-0.0009183155249824824,-0.0023925105431303094,-0.9999950967925082,-0.00023715006571563914,-0.0031225231445823477,0.00023534932434046132,-0.9999998058124749,0.0005770491383835019,-0.0031226593854683945,0.0005763114252795284,0.9999949584190432,0.005746499250681599,-0.0009183155249824824,-0.0023925105431303094,113,214
frame_000198.jpg,0.0010927373407304951,-0.000779286202678181,-3.1413377428514173,0.0019010355336761414,-0.0007288261643349852,-0.0011278628178633667,-0.999999725573917,0.0002544514043644976,-0.0006957776753002313,-0.0002547965826055363,-0.9999998445012835,0.0004960605913784291,-0.0006956513437935697,0.0004962377370203838,0.9999996349085912,0.0019010355336761414,-0.0007288261643349852,-0.0011278628178633667,111,211
frame_000199.jpg,0.0006811300579890869,-0.000692048495699218,-3.1411403094246673,0.0011659768646261968,-0.000849822148140095,-0.000445313272346905,-0.9999998037196668,0.0004520984961455007,-0.0004337828693234891,-0.0004522895922484282,-0.9999998006805823,0.0004405370817953027,-0.00043358361670996416,0.0004407331908036281,0.999999808879733,0.0011659768646261968,-0.000849822148140095,-0.000445313272346905,116,216
frame_000200.jpg,0.001993279576065615,0.0009760340934942284,-3.1413830080663727,0.0024350383012369317,0.0014145020075408243,-0.0016827663996096286,-0.9999991729501287,0.00020925574611159456,-0.001268980335288973,-0.00020846715624116022,-0.9999997851170253,-0.0006215362805384189,-0.001269110122644823,-0.0006212712257750944,0.9999990016902819,0.0024350383012369317,0.0014145020075408243,-0.0016827663996096286,114,219
frame_000201.jpg,0.003725637713017657,-0.0023075496526717347,-3.141276796539886,0.0045415195692402426,-0.002712534103380443,-0.002703472487439695,-0.9999971377655764,0.00031105735571392744,-0.0023722782248569415,-0.00031454232053595505,-0.9999988718360381,0.0014688055622476875,-0.0023718186657638897,0.001469547540079649,0.9999961074455459,0.0045415195692402426,-0.002712534103380443,-0.002703472487439695,115,218
frame_000202.jpg,-0.0019744931386334987,-0.00015337899165631907,-3.1413395963787263,-0.0018231067272646527,-0.0004700028258657175,-0.000415412321141413,-0.9999991779856195,0.0002524942579565433,0.0012570897878862969,-0.00025237149946538923,-0.9999999633708565,9.781059132950061e-05,0.0012571144384528527,9.749325729305649e-05,0.9999992050788602,-0.0018231067272646527,-0.0004700028258657175,-0.000415412321141413,109,216
frame_000203.jpg,0.003833377848063198,-0.0027157047413682188,-3.1414183349973577,0.005062585557195646,-0.0030630812978292813,-0.0022510521872330324,-0.9999970073027058,0.00016869588208792257,-0.002440681734990945,-0.00017291548562723243,-0.9999984907521196,0.0017287549617861354,-0.0024403864175540175,0.0017291718198133065,0.9999955272294725,0.005062585557195646,-0.0030630812978292813,-0.0022510521872330324,111,223
frame_000204.jpg,-0.00015035901953796654,-0.001487352630892323,3.1414994328766985,0.0003277654926159721,0.0021517801300955245,-0.0018955574663747836,-0.9999999911064681,-9.281968737114096e-05,-9.5768310570543e-05,9.291032934447665e-05,-0.9999995473724794,-0.0009469015297379624,-9.568037611920851e-05,-0.0009469104191819393,0.9999995471028591,0.0003277654926159721,0.0021517801300955245,-0.0018955574663747836,114,223
frame_000205.jpg,0.00022885833232136465,-0.0008691550311920492,-3.1414500030983645,0.0003668802726791335,-0.0011564431192510735,3.364838148436115e-05,-0.9999999792291641,0.00014248160093014743,-0.00014574177467026057,-0.00014256222479751358,-0.9999998367476431,0.0005533359729504005,-0.00014566291068229419,0.0005533567387287927,0.999999836289305,0.0003668802726791335,-0.0011564431192510735,3.364838148436115e-05,108,220
frame_000206.jpg,-0.00524506522809268,0.00044153222826235413,-3.1412594300916465,-0.005642557447061372,0.0005566335469659807,0.001917791937042889,-0.9999943699385724,0.00032834368253791284,0.0033395031941560035,-0.0003292824638852327,-0.9999999064272853,-0.00028056813734167794,0.0033394107588942063,-0.00028166619756575436,0.9999943844842014,-0.005642557447061372,0.0005566335469659807,0.001917791937042889,105,220
frame_000207.jpg,-0.002311030766056965,-0.0034152993316697443,3.141515730644778,0.0030917171418994305,0.0037390615073274514,-0.0006927592655043638,-0.9999989149096625,-7.261686119624698e-05,-0.001471362052293651,7.581586874771479e-05,-0.9999976334590929,-0.002174241975445011,-0.0014712006836274268,-0.002174351168788289,0.9999965538768336,0.0030917171418994305,0.0037390615073274514,-0.0006927592655043638,108,222
frame_000208.jpg,0.0035776416294757626,0.004728168380154035,-3.140524479515236,0.004632467413781289,0.004857604224800097,-0.0020968703620997506,-0.9999968399853786,0.001066005130430614,-0.0022767635624048924,-0.001059144820688458,-0.9999949022133946,-0.0030122681607554313,-0.002279963049263698,-0.0030098472196089464,0.9999928712686944,0.004632467413781289,0.004857604224800097,-0.0020968703620997506,112,229
frame_000209.jpg,0.0026964944888106276,0.0038713773158334224,-3.1408379730050715,0.0035021000042702822,0.003933867630973574,-0.001809574552389817,-0.9999982437624967,0.0007532526693215455,-0.0017161242200221893,-0.0007490198188960747,-0.9999966793289797,-0.0024658264993211543,-0.001717975911730922,-0.0024645367576916952,0.9999954872984859,0.0035021000042702822,0.003933867630973574,-0.001809574552389817,113,225
frame_000210.jpg,0.002503721597157466,-0.0009724624435107251,3.14121594492971,-0.0026385262193776883,0.0014325852105578937,-0.000595082254309931,-0.9999986588851296,-0.00037605369074990687,0.0015939923348879188,0.00037506667758500396,-0.9999997377959173,-0.0006194619308868985,0.0015942248678820102,-0.0006188632467081489,0.9999985377266074,-0.0026385262193776883,0.0014325852105578937,-0.000595082254309931,119,227
frame_000211.jpg,0.002633368085987241,0.0036974342722740448,3.141519201189051,-0.002330166202440313,-0.003353128204227803,0.00031921804425950526,-0.9999985922257809,-6.819960460049031e-05,0.0016765724768922807,7.214591895774227e-05,-0.9999972270862297,0.002353851061079721,0.0016764072961897186,0.002353968705250926,0.9999958242362375,-0.002330166202440313,-0.003353128204227803,0.00031921804425950526,114,230
frame_000212.jpg,-0.0022883895200829156,-0.0011672657615246058,3.140935948099496,0.002964706135219325,0.0016223465792045246,-0.0014050303061374381,-0.9999987234326484,-0.0006551131877087224,-0.0014573811391620948,0.00065619621946506,-0.9999995088409139,-0.0007427815643919591,-0.0014568938173576862,-0.0007437369441751026,0.9999986621569869,0.002964706135219325,0.0016223465792045246,-0.0014050303061374381,115,225
frame_000213.jpg,-0.0015645767204101012,0.0017267509698845017,3.1415498615016655,0.00191358758047828,-0.0017316380298631818,-0.0026034876893861383,-0.999999503059469,-4.247540234614374e-05,-0.0009960304489264778,4.138044195165453e-05,-0.9999993948924496,0.0010993190590724228,-0.0009960765402402738,0.001099277296596052,0.9999988997098699,0.00191358758047828,-0.0017316380298631818,-0.0026034876893861383,121,225
frame_000214.jpg,-0.0025799848630551347,0.004319265055914782,3.141065427211852,0.003318316622330446,-0.004330490246631446,-0.0013435190119854144,-0.9999985138302739,-0.0005254553455703514,-0.0016420212919539552,0.0005209374946527256,-0.9999960813668721,0.002750613572775639,-0.0016434601820803374,0.0027497540944390222,0.9999948689323612,0.003318316622330446,-0.004330490246631446,-0.0013435190119854144,117,231
frame_000215.jpg,3.63100439949423e-05,0.009969821991005044,3.1408066209019685,0.0002754153879953023,-0.009926258460761027,-0.00018976962745718233,-0.9999997031217803,-0.0007701316290726421,2.556609245769501e-05,0.0007702784159847932,-0.9999795513977324,0.006348500417550762,2.067638869810209e-05,0.006348518225828462,0.9999798477413552,0.0002754153879953023,-0.009926258460761027,-0.00018976962745718233,102,219
frame_000216.jpg,-0.003382866882056652,0.002813463291208045,3.141156779460284,0.004406078026280116,-0.0028904343072737614,-0.0019083659944100946,-0.9999975867099757,-0.00043472132159350405,-0.002153506813803951,0.0004308629322099604,-0.9999983018723372,0.0017918173946438287,-0.002154282098100312,0.0017908852042084551,0.9999960758917144,0.004406078026280116,-0.0028904343072737614,-0.0019083659944100946,123,234
frame_000217.jpg,0.0035553136032910617,0.004924449426998771,3.1414280386625713,-0.0035098365103502717,-0.004977676355398778,0.0011538674825129756,-0.9999974256902573,-0.000155194815672267,0.0022637419083304483,0.00016229124251506687,-0.9999950727852823,0.0031349747543822286,0.0022632442225588565,0.0031353340694732115,0.9999925236749833,-0.0035098365103502717,-0.004977676355398778,0.0011538674825129756,124,222
frame_000218.jpg,-0.00313809369601867,-0.00031569708403030884,3.141413658392973,0.0036186470572285635,0.00036514742832901485,-0.0012572329882896108,-0.9999979884896426,-0.00017721107738844213,-0.001997902125363662,0.00017761263306697724,-0.9999999640639393,-0.00020081302885601487,-0.0019978664672737323,-0.00020116747757562337,0.9999979840285801,0.0036186470572285635,0.00036514742832901485,-0.0012572329882896108,111,224
frame_000219.jpg,0.0026382921686632344,0.0010868696784783265,-3.140838644967348,0.0032097055082187602,0.0008155224757717662,-0.001804071541604689,-0.9999983055264806,0.0007532934622225947,-0.0016797300757365118,-0.0007521307595226651,-0.9999994772187194,-0.0006927204404277217,-0.001680251019383994,-0.0006914558899736224,0.9999983493212696,0.0032097055082187602,0.0008155224757717662,-0.001804071541604689,114,222
frame_000220.jpg,0.0034850222617746544,-0.0006534274812535341,-3.1413860042813457,0.004641252771844251,-0.001239932554304451,-0.0014751666683032946,-0.9999975175703094,0.00020418657518454385,-0.0022188197451209657,-0.0002051096136015342,-0.9999998925265798,0.00041578465012938846,-0.0022187346090130947,0.0004162387192338013,0.9999974519777858,0.004641252771844251,-0.001239932554304451,-0.0014751666683032946,113,219
frame_000221.jpg,-0.0024395855969483265,0.0004597509109688783,-3.141121521800373,-0.002447098991841739,0.00041696935077409103,0.0012684052782199733,-0.9999986830763015,0.0004699232624837729,0.0015533891302619515,-0.0004703779665922339,-0.9999998466336044,-0.0002923650733476336,0.0015532515028751559,-0.00029309536834555897,0.9999987507516575,-0.002447098991841739,0.00041696935077409103,0.0012684052782199733,124,225
frame_000222.jpg,0.002389030711613023,0.002349881511325489,3.1412371888790713,-0.001998374737333128,-0.0021267327445413297,0.0014219230703385777,-0.9999987806209929,-0.0003525392060586729,0.0015213390928813608,0.0003548149621809903,-0.999998818224607,0.0014958795847740537,0.001520809938799081,0.001496417554602596,0.9999977239332256,-0.001998374737333128,-0.0021267327445413297,0.0014219230703385777,117,223
frame_000223.jpg,0.0028403005166148456,0.004556617404299489,3.1409978234573175,-0.0025203396524092047,-0.004592517663802906,0.0004887477797836595,-0.9999981904153865,-0.0005876163061651001,0.001809384710078431,0.0005928635382195388,-0.9999956168115625,0.002900839617724805,0.0018076721985433458,0.002901907086631284,0.999994155611163,-0.0025203396524092047,-0.004592517663802906,0.0004887477797836595,112,216
frame_000224.jpg,-0.00030390133014635327,0.000297937503375444,3.140875306257851,0.0009836319578403608,-0.00034470445593660687,-0.0008035921007448155,-0.9999997240033075,-0.0007173367870229425,-0.0001934457103963934,0.0007173000743240451,-0.9999997247309763,0.000189785602757605,-0.00019358179734128692,0.00018964679175496136,0.9999999632800906,0.0009836319578403608,-0.00034470445593660687,-0.0008035921007448155,123,224
frame_000225.jpg,-0.0005944541737235183,0.0016655714268615362,3.140811580630607,0.0010252214262722462,-0.0013971638513406743,-0.0019298153559694517,-0.9999996237068011,-0.0007807756118350121,-0.00037812127716673334,0.0007803741376151884,-0.999999132916018,0.0010607466320940605,-0.0003789491544045058,0.001060451156876734,0.9999993659202404,0.0010252214262722462,-0.0013971638513406743,-0.0019298153559694517,114,225
frame_000226.jpg,0.0035712683217936367,-3.572622946924993e-05,-3.1414203384339827,0.004781124667081181,-0.00019369925716994547,-0.0015572964654578295,-0.9999974007292061,0.00017025901820604634,-0.002273663717083839,-0.00017031073326086513,-0.9999999852428384,2.2551656719725202e-05,-0.002273659843908084,2.2938827436707706e-05,0.9999974149690211,0.004781124667081181,-0.00019369925716994547,-0.0015572964654578295,117,220
frame_000227.jpg,-0.0018434815692758928,0.002081097084707937,-3.141338512959155,-0.0016121400461437901,0.0022435943483389417,0.0014822459120449065,-0.9999992792425476,0.00025213270373876915,0.001173858375107046,-0.00025368781443104913,-0.9999990902398498,-0.0013248252584488454,0.0011735232754030802,-0.0013251220971367999,0.9999984334460483,-0.0016121400461437901,0.0022435943483389417,0.0014822459120449065,117,230
frame_000228.jpg,0.00041120905041475446,0.004220750884954311,3.1411679125066114,-8.544187216251616e-05,-0.004347222569125657,0.0003495950339449771,-0.9999998767346893,-0.0004215262821207795,0.0002623855936794832,0.00042222988767712027,-0.9999963000189868,0.002687316553454558,0.00026125184830210916,0.0026874270092413955,0.9999963547351265,-8.544187216251616e-05,-0.004347222569125657,0.0003495950339449771,121,225
frame_000229.jpg,-0.0005014143657678916,0.0004735470532515297,3.140855244273186,0.0011567267136848073,-0.00047094320806364377,-0.0017604468835221438,-0.9999996771980734,-0.0007373816487610016,-0.0003191740168857567,0.0007372853714437632,-0.9999996827063607,0.00030165785050235674,-0.0003193963525770365,0.0003014224307930266,0.9999999035652394,0.0011567267136848073,-0.00047094320806364377,-0.0017604468835221438,119,235
frame_000230.jpg,0.0025625948177046285,0.002974413597335651,3.1411205225263217,-0.002889484191273058,-0.0025475583299392145,0.00028246949316843527,-0.9999985585730425,-0.0004681320468041835,0.0016320858506308428,0.0004712221386617458,-0.9999980963608223,0.0018934688874233372,0.0016311963502624468,0.0018942352331112536,0.9999968755307935,-0.002889484191273058,-0.0025475583299392145,0.00028246949316843527,120,230
frame_000231.jpg,-0.002755285039824792,0.0012024401509972563,3.1407641571360774,0.0035431571735386803,-0.0017453464455149186,-0.0014808597139934234,-0.9999981187988244,-0.0008277289662869398,-0.0017542130915314737,0.0008263855244441578,-0.9999993648405441,0.0007664238209216218,-0.0017548463685234702,0.000764972722818597,0.9999981676637997,0.0035431571735386803,-0.0017453464455149186,-0.0014808597139934234,115,227
frame_000232.jpg,0.0016675751642762332,-0.0023896651845379062,3.141434658910189,-0.0018747013702384652,0.003005279861322762,-0.0008956922493547924,-0.9999994241659633,-0.00015745070995560172,0.0010615446367370728,0.00015583551098981554,-0.9999988304268821,-0.0015214664510238777,0.0010617829511558893,-0.001521300148560805,0.9999982791299307,-0.0018747013702384652,0.003005279861322762,-0.0008956922493547924,129,233
frame_000233.jpg,0.0019062809095461992,0.002594864348010133,3.1406105295652376,-0.0020399820518533724,-0.0018969420829794386,-0.0001084718028095072,-0.9999987824927048,-0.000979469836696963,0.0012147641529014466,0.0009814758454486886,-0.9999981540280303,0.0016518612825335657,0.0012131439621802214,0.0016530515330543932,0.9999978978489683,-0.0020399820518533724,-0.0018969420829794386,-0.0001084718028095072,116,228
frame_000234.jpg,0.004435909590483501,0.0008480033089930188,-3.1414139045544225,0.005273374514340255,0.000995081534364617,-0.002907384393820449,-0.9999959967004722,0.0001762648397049217,-0.0028240952065128316,-0.00017474012355636633,-0.9999998388610518,-0.0005401330942954089,-0.0028241899579143862,-0.0005396374492355265,0.999995866362709,0.005273374514340255,0.000995081534364617,-0.002907384393820449,127,235
frame_000235.jpg,-0.0013878400692283318,0.001004489698827905,-3.14154756281598,-0.0007887389765520354,0.0009464232264579371,-0.0004948584972676859,-0.9999996086838023,4.4341118997414584e-05,0.0008835531151664514,-4.490613076478624e-05,-0.9999997945324988,-0.0006394672780116896,0.0008835245789303314,-0.0006395067047295131,0.9999994052075696,-0.0007887389765520354,0.0009464232264579371,-0.0004948584972676859,123,235
frame_000236.jpg,-0.001187456479417858,-0.0007514365713944724,3.14159165590287,0.0019786373315566243,0.0012964420672841768,-0.0016562951402541817,-0.9999997142631865,-5.025844397583815e-07,-0.0007559585259063468,8.642194466022874e-07,-0.9999998855763016,-0.000478379176924538,-0.0007559581989808458,-0.00047837969354805516,0.9999995998399543,0.0019786373315566243,0.0012964420672841768,-0.0016562951402541817,114,222
frame_000237.jpg,0.0036430378681380255,0.0031765075155243748,-3.1415359264136193,0.0041610100513976515,0.0033292509136277387,-0.0021230683069551207,-0.9999973090905135,5.5353967047911336e-05,-0.002319212726373666,-5.066379823523656e-05,-0.9999979538240104,-0.002022320689721879,-0.0023193199243290896,-0.002022197747714317,0.9999952657244722,0.0041610100513976515,0.0033292509136277387,-0.0021230683069551207,121,221
frame_000238.jpg,-0.00235221306611426,0.0019043523554309325,3.1409776187423133,0.003506409400552107,-0.002226048394400549,-0.0016890553953265558,-0.9999986901225552,-0.000614484544463077,-0.0014973850268666662,0.0006126683856223622,-0.999999076580416,0.0012130440077612176,-0.0014981290409465302,0.0012121250183551667,0.9999981431794347,0.003506409400552107,-0.002226048394400549,-0.0016890553953265558,117,232
frame_000239.jpg,3.1322477563163124e-05,-0.00202795831811054,3.140735956890505,0.0003604455440369649,0.0024006666436076677,-0.001975822742509584,-0.9999996333973019,-0.000856054417581193,1.939319376176896e-05,0.0008560286595889127,-0.9999987997519869,-0.001291398280778184,2.0498677688243602e-05,-0.0012913812062184287,0.9999991659568446,0.0003604455440369649,0.0024006666436076677,-0.001975822742509584,114,223
frame_000240.jpg,0.0019782348804620324,0.002709940961953211,3.1412473822376903,-0.0015704239060589159,-0.002826586040487016,-0.0007597866846431702,-0.9999991478141753,-0.0003423927320847982,0.001259816708982345,0.0003445658980180429,-0.9999984525245241,0.0017251732953934885,0.0012592240726489543,0.0017256059151009296,0.9999977183168776,-0.0015704239060589159,-0.002826586040487016,-0.0007597866846431702,125,222
frame_000241.jpg,-0.0007911667219958781,0.004147320368444545,-3.1413864529109694,-0.000848811035463877,0.004450554412501655,0.00014806391954352562,-0.9999998524623166,0.00020269817854466813,0.0005039730085046765,-0.0002040281798451345,-0.9999964933677437,-0.0026403834414480873,0.0005034360403424275,-0.0026404858765876472,0.9999963871867178,-0.000848811035463877,0.004450554412501655,0.00014806391954352562,121,221
frame_000242.jpg,0.00343627965527706,-0.0006745793510858641,3.1417096853228146,-0.0036360153306513616,0.0008566307071691718,-0.000550746498778254,-0.999997600298029,0.00011851361634665161,0.002187544903799505,-0.0001194530127489161,-0.9999999007145727,-0.0004293038811126729,0.002187493808252712,-0.0004295641597405856,0.9999975151696491,-0.0036360153306513616,0.0008566307071691718,-0.000550746498778254,119,221
frame_000243.jpg,0.0011117081530846531,-0.0044108438148977285,3.14134177420374,-0.0009659865867452063,0.005189930894736417,-0.0010140549164166755,-0.9999997188664239,-0.0002485795458767187,0.0007074427769457483,0.0002465918901451964,-0.9999960262118436,-0.0028083363334406586,0.0007081380606884555,-0.0028081610942714856,0.9999958063770846,-0.0009659865867452063,0.005189930894736417,-0.0010140549164166755,115,224
frame_000244.jpg,0.0019106382877143735,0.003747270061882986,3.141356846751297,-0.0014002117379544373,-0.004069384638628529,-0.0006183829607902174,-0.9999992329941265,-0.00023153948795566842,0.0012167171503938087,0.00023444162642231693,-0.9999971269247863,0.002385619269004644,0.0012161612896099195,0.002385902688368287,0.9999964142036107,-0.0014002117379544373,-0.004069384638628529,-0.0006183829607902174,117,220
frame_000245.jpg,0.0028427209839418485,0.00035039226077587343,-3.1414486726991293,0.0037030933029326366,0.00038390452333808675,-0.001169114711500922,-0.9999983521075053,0.00014287695383878238,-0.0018097979030551456,-0.00014247322624624402,-0.9999999649402778,-0.00022320578623190757,-0.00180982973056695,-0.0002229475706666657,0.9999983374039813,0.0037030933029326366,0.00038390452333808675,-0.001169114711500922,113,220
frame_000246.jpg,0.0017538047094528468,-0.0030075030417409236,-3.1414626675031756,0.0023311943607383684,-0.003467040635450544,-0.0016155218519802006,-0.9999993684562339,0.00012698788727604217,-0.0011166741734819495,-0.00012912576546874523,-0.9999981587359689,0.0019146412741806043,-0.0011164289811396596,0.0019147842564082736,0.9999975435907733,0.0023311943607383684,-0.003467040635450544,-0.0016155218519802006,110,215
frame_000247.jpg,0.006044127574647483,0.0059847633999452355,3.1406895526755187,-0.006062250390492731,-0.0059709699479518485,0.0008482870526974847,-0.9999921955125869,-0.0008842452789852502,0.003850587513960848,0.0008989138331273145,-0.9999923402986394,0.0038093697603165,0.003847189602383959,0.003812801376520121,0.9999853307313196,-0.006062250390492731,-0.0059709699479518485,0.0008482870526974847,108,218
frame_000248.jpg,4.029056078113165e-05,0.0014111993893703861,-3.14091082768759,0.0007487130462589046,0.0013228794736602093,-0.0006509876632834078,-0.9999997674439111,0.0006815200257644935,-2.5349128299469448e-05,-0.0006814969720807149,-0.9999993640389353,-0.0008986009135592096,-2.59615266961717e-05,-0.0008985834292299146,0.999999595936828,0.0007487130462589046,0.0013228794736602093,-0.0006509876632834078,112,217
frame_000249.jpg,0.0006410414823118858,0.005080428038312518,3.1408206650556747,-0.00021702170375053852,-0.005004889292206279,-0.0010580072794081823,-0.9999996219173088,-0.0007671528235064634,0.000409440819489928,0.0007684733859188834,-0.99999447232261,0.003234930119819276,0.00040695687045790203,0.0032352435411210777,0.9999946837785371,-0.00021702170375053852,-0.005004889292206279,-0.0010580072794081823,113,214
frame_000250.jpg,-0.0020000142454656847,0.0036193087974933785,-3.1414610704175465,-0.0020565629313811467,0.004113944522486029,-0.00039929106587360943,-0.9999991810498309,0.00012739450355679055,0.0012734481960443701,-0.00013032846633638124,-0.9999973369869283,-0.002304134011429521,0.0012731512708266635,-0.0023042980910089324,0.9999965346420708,-0.0020565629313811467,0.004113944522486029,-0.00039929106587360943,106,208
frame_000251.jpg,0.0002644776680830506,-0.0008619785698488827,3.1413789739771274,0.0002436073188988646,0.0005246532968596585,-0.00019992732052524282,-0.9999999630217083,-0.0002135964110514067,0.00016832455276409954,0.00021350400407478266,-0.999999826612974,-0.0005488078552650114,0.00016844174696704737,-0.0005487718970050352,0.9999998352383781,0.0002436073188988646,0.0005246532968596585,-0.00019992732052524282,114,215
frame_000252.jpg,0.0005224399642159886,0.0022118841910144234,3.140613907863994,-0.00012051731901477621,-0.0027803405398165097,-0.00027648919509027205,-0.9999994664886175,-0.0009776886481848875,0.0003333877434431545,0.0009781572773749682,-0.9999985298017673,0.001408404290190509,0.0003320102724105091,0.0014087296444382255,0.9999989526244355,-0.00012051731901477621,-0.0027803405398165097,-0.00027648919509027205,106,218
frame_000253.jpg,0.0019579737095463956,0.0004600187735721936,3.1411331889759118,-0.0018729220841990548,-0.00025221402258644834,-0.00037061905144287625,-0.9999991176527114,-0.00045863800933676767,0.0012467337225045628,0.0004590031578184652,-0.9999998518466361,0.0002926137503819484,0.001246599334008788,0.00029318574691058753,0.9999991800157729,-0.0018729220841990548,-0.00025221402258644834,-0.00037061905144287625,113,219
frame_000254.jpg,0.0010510409397165345,0.0006002038817438423,3.140867542942451,-0.0006805957741925737,-0.000900915937339241,4.42994395513384e-05,-0.9999995133166483,-0.0007247494314184601,0.0006694062505295195,0.0007250052187664243,-0.9999996642418296,0.00038194719624312304,0.0006691292097575926,0.00038243233338089016,0.9999997030057619,-0.0006805957741925737,-0.000900915937339241,4.42994395513384e-05,110,214
frame_000255.jpg,-0.0009426994066468857,-0.00011790820612553253,-3.14134996315729,-0.000724777841955841,0.00014937640193926887,-0.0011865892114865267,-0.9999997904730658,0.00024256928473262497,0.0006001782790761378,-0.00024252422956940836,-0.999999967767893,7.51412732316857e-05,0.000600196486696029,7.499569971282785e-05,0.9999998170698946,-0.000724777841955841,0.00014937640193926887,-0.0011865892114865267,118,221
frame_000256.jpg,0.004819522876912468,0.0013501154934388987,-3.140949929266997,0.005400578420602054,0.001431441623644064,-0.003120718100984555,-0.999995087157168,0.0006400548386581188,-0.003068548733777953,-0.0006374166139403671,-0.9999994264786801,-0.0008606639129524923,-0.0030690978460017767,-0.0008587037407023609,0.9999949216202538,0.005400578420602054,0.001431441623644064,-0.003120718100984555,101,215
frame_000257.jpg,-0.002812870284221377,0.002347872252586532,3.1407016612264584,0.0034055808001658325,-0.0023883862118469616,-0.0016529767182006535,-0.9999980007060564,-0.0008901934820096997,-0.0017905695894452859,0.0008875153615063137,-0.9999984872692552,0.0014959196784157492,-0.001791898538742953,0.0014943275296161174,0.9999972780387257,0.0034055808001658325,-0.0023883862118469616,-0.0016529767182006535,115,222
frame_000258.jpg,0.0054455237945623975,0.005136832866075866,3.141137669147334,-0.0054851906167511,-0.005186821083150596,0.0007439563189973044,-0.9999938897050454,-0.00044039264115704614,0.003467939863240153,0.00045173278743769864,-0.9999945518602958,0.003269891009620723,0.0034664809334812702,0.003271437611763273,0.9999886405384262,-0.0054851906167511,-0.005186821083150596,0.0007439563189973044,104,214
frame_000259.jpg,0.003311562764050208,0.0025213663258763144,-3.14135413649312,0.004063459580323989,0.002256078280486882,-0.0012877770474663407,-0.9999977496081583,0.0002374517705800109,-0.002108173445315955,-0.00023406727178144877,-0.9999986837593975,-0.0016055192258965663,-0.0021085519038353587,-0.0016050221584424118,0.9999964889502063,0.004063459580323989,0.002256078280486882,-0.0012877770474663407,106,213
frame_000260.jpg,-0.00522168232955029,0.004255699953731568,3.1407968889004008,0.006120234992125004,-0.004413345952854356,-0.0035745803857683083,-0.9999941610878114,-0.0007930443687365882,-0.0033239841927275,0.000784033645101994,-0.999996017206861,0.0027112472514904474,-0.0033261210933511103,0.002708625305312939,0.9999908000913947,0.006120234992125004,-0.004413345952854356,-0.0035745803857683083,113,213
frame_000261.jpg,0.0005739144658262355,-7.949445145732104e-06,3.1413706480084334,-0.0004948194273970961,1.5883384810298457e-05,-0.0013655662998475187,-0.9999999086130693,-0.00022195406460903962,0.0003653905391648794,0.00022195221531658846,-0.9999999753555932,-5.101681233574763e-06,0.00036539166249893246,-5.0205815277244066e-06,0.9999999332318615,-0.0004948194273970961,1.5883384810298457e-05,-0.0013655662998475187,113,209
frame_000262.jpg,-0.003044375031352713,0.0011782926832643174,3.1412713967345796,0.003736197784326278,-0.0014190853125197172,-0.002098077959022191,-0.9999980704245003,-0.0003202875142308541,-0.0019381855392209624,0.00031883339531529734,-0.9999996675399413,0.0007505100086773689,-0.0019384252738367685,0.0007498906022354229,0.999997840083439,0.003736197784326278,-0.0014190853125197172,-0.002098077959022191,114,209
frame_000263.jpg,0.0030612621234299255,0.00392068707013996,-3.1411240330741204,0.003623563075957453,0.004265238313183347,-0.002066910271734218,-0.9999979924459027,0.00046711422658489313,-0.0019485657452730251,-0.0004622484584945204,-0.9999967761384945,-0.002496805755406584,-0.0019497257568562977,-0.0024959000214219316,0.9999949845137008,0.003623563075957453,0.004265238313183347,-0.002066910271734218,104,212
frame_000264.jpg,-0.0028862002483387578,-0.002394232856380278,-3.1412712414540915,-0.0027814499791969914,-0.0023246421833017995,6.601493683662933e-05,-0.9999982606793442,0.00032057414882005454,0.0018373542123086817,-0.00031777296679543794,-0.9999987872108372,0.0015246629779285075,0.0018378407515217917,0.0015240764645515976,0.9999971497620894,-0.0027814499791969914,-0.0023246421833017995,6.601493683662933e-05,123,226
frame_000265.jpg,0.0012367944285483366,0.003937451514244862,-3.1402830721710226,0.0011921487677770087,0.004557086742888186,-0.0007988566741691706,-0.9999988358144046,0.0013078555257745644,-0.0007860558245188691,-0.0013058802206126765,-0.9999960017613571,-0.0025082141354711507,-0.0007893330633969979,-0.0025071847206908473,0.9999965454830789,0.0011921487677770087,0.004557086742888186,-0.0007988566741691706,113,227
frame_000266.jpg,-0.000742288097157227,-0.00022512822115945634,3.141095440673126,0.0009845029632014194,0.0004621846156065624,6.315827546400592e-05,-0.9999997647476928,-0.0004970832321503935,-0.00047266565285743916,0.0004971509807167617,-0.9999998661635601,-0.00014322626976169423,-0.00047259439422044894,-0.00014346122226025304,0.9999998780367004,0.0009845029632014194,0.0004621846156065624,6.315827546400592e-05,114,224
frame_000267.jpg,0.0025630986162740376,0.0016463299500030064,3.141382019194035,-0.0029873876944051434,-0.0010132065849463173,-0.0006137261672499827,-0.9999986466954672,-0.00020830205386225534,0.001631936729274431,0.00021001246401640083,-0.9999994288111255,0.0010479848222437397,0.0016317174997394375,0.0010483261310547634,0.9999981192533934,-0.0029873876944051434,-0.0010132065849463173,-0.0006137261672499827,121,225
frame_000268.jpg,-0.0017882330380724855,0.0035854666069473056,3.1407107173291426,0.0021714543864834817,-0.003036371129027465,-0.0021310846816579966,-0.999998964976945,-0.0008806797449312074,-0.0011377382061167412,0.0008780797462723324,-0.9999970068031147,0.0022837164382967933,-0.0011397460234526607,0.0022827150497222773,0.9999967450902042,0.0021714543864834817,-0.003036371129027465,-0.0021310846816579966,123,233
frame_000269.jpg,0.00256188225959835,0.0009904147337503955,3.1412215946344233,-0.002305057392278118,-0.0011540807693369896,0.0006153310248489232,-0.9999986012986821,-0.0003693436824574709,0.0016312528692869492,0.0003703722640653412,-0.9999997327794565,0.000630289934365261,0.001631019639777297,0.00063089322359636,0.9999984708731678,-0.002305057392278118,-0.0011540807693369896,0.0006153310248489232,120,230
frame_000270.jpg,0.0020350883227553034,0.00466192533611206,3.140671026442934,-0.0017445423231652077,-0.00506306290340033,0.0009134917729649958,-0.9999987393390242,-0.0009155827754369217,0.001297315899751185,0.0009194301320279069,-0.9999951723795047,0.0029681418289932825,0.0012945920572686785,0.0029693308785016977,0.9999947535390067,-0.0017445423231652077,-0.00506306290340033,0.0009134917729649958,122,229
frame_000271.jpg,-0.00019481667863132214,0.00218261926152684,-3.1408218768598664,0.0006539055781758204,0.002118121776496325,-0.00022271004602258569,-0.9999996958457664,0.0007699258439610969,0.0001245896037175249,-0.0007700982598237658,-0.9999987377141315,-0.0013897909245153249,0.00012351941049934182,-0.0013898864480415463,0.9999990264788345,0.0006539055781758204,0.002118121776496325,-0.00022271004602258569,119,238
frame_000272.jpg,-0.0007603516834127073,0.0018456910737441276,3.1414626344239793,0.0011491881640745192,-0.001679922831973991,0.0005289035982936103,-0.9999998744655363,-0.00012966933333781252,-0.00048399873523333734,0.000129100520301837,-0.9999993012563739,0.001175082899019805,-0.00048415076925843866,0.0011750202670178596,0.9999991924623767,0.0011491881640745192,-0.001679922831973991,0.0005289035982936103,121,232
frame_000273.jpg,-0.0007530346889308352,0.007409823745014204,3.1408183902174427,0.0011905284896150292,-0.007216533040760649,-0.000781290161464106,-0.9999995920899442,-0.0007665615169724839,-0.0004777063804879523,0.0007642989851535898,-0.9999885754565029,0.004718559476722004,-0.0004813179890210304,0.0047181924414723365,0.9999887534332967,0.0011905284896150292,-0.007216533040760649,-0.000781290161464106,119,226
frame_000274.jpg,-0.0027727570198683342,-0.003035260196122506,3.1410646490648415,0.003200552742717756,0.0033873765229911436,-0.0011062172464566013,-0.9999983035501604,-0.0005236077079544102,-0.0017659931396761563,0.0005270197408328699,-0.9999979944936268,-0.0019321643090447756,-0.0017649779018404095,-0.0019330917444717283,0.9999965739987878,0.003200552742717756,0.0033873765229911436,-0.0011062172464566013,107,224
frame_000275.jpg,-0.002035466194416573,0.000832204235625735,-3.140883840848714,-0.0019905836231321906,0.0009464107680991087,0.0015466073242554731,-0.9999989093869645,0.000707699295962655,0.00129629726076678,-0.0007083861268055017,-0.9999996089315552,-0.0005294580551376229,0.0012959220567329633,-0.0005303757566995094,0.9999990196433091,-0.0019905836231321906,0.0009464107680991087,0.0015466073242554731,112,216
frame_000276.jpg,0.0018840314981021136,0.0020332320552436016,3.1413360342419323,-0.0015399873822772737,-0.0023314559612812357,2.80336962014286e-06,-0.9999992479751787,-0.00025461987900683556,0.0011996740366476296,0.0002561726448213143,-0.9999991295199884,0.0012943472646500067,0.0011993434258114422,0.0012946536149396276,0.9999984427224696,-0.0015399873822772737,-0.0023314559612812357,2.80336962014286e-06,123,223
frame_000277.jpg,0.0030330088150555532,-0.0007479741381533347,3.1412634379882336,-0.0028850741449897,0.0007659285673082369,0.000463894936619374,-0.999998081793836,-0.0003281219534534276,0.001930995761795856,0.0003272023277827352,-0.9999998329236817,-0.0004765409168742196,0.0019311518027087388,-0.0004759081764622973,0.9999980220801054,-0.0028850741449897,0.0007659285673082369,0.000463894936619374,123,222
frame_000278.jpg,0.001568149156085693,0.0024095129389131676,3.141469065073651,-0.0012311799849324067,-0.0026468339587887696,-0.00030029967232097024,-0.9999994941696788,-0.00012150728346812328,0.0009984469773068245,0.00012303876118628413,-0.9999988159416157,0.0015339415992561558,0.0009982594100105854,0.001534063671021182,0.999998325061999,-0.0012311799849324067,-0.0026468339587887696,-0.00030029967232097024,126,217
frame_000279.jpg,0.0009555682051576519,0.001916259523753408,3.141614820246195,-0.001045958845304673,-0.0015257289716430237,-0.0007830884582131212,-0.999999814705682,2.326745331977834e-05,0.0006083150723821588,-2.252534050209796e-05,-0.999999255635705,0.0012199264915966053,0.0006083430041568356,0.00121991256304702,0.999999070865632,-0.001045958845304673,-0.0015257289716430237,-0.0007830884582131212,122,222
frame_000280.jpg,0.0015080689383571292,-0.00013000804499457404,3.1412968618213166,-0.0012164893038682373,-0.00021404307071841604,9.329581218582377e-05,-0.9999994954108945,-0.00029546678165328434,0.0009601444356811697,0.0002953873061397854,-0.9999999529356958,-8.291529255231525e-05,0.0009601688892072801,-8.263163623580097e-05,0.9999995356237502,-0.0012164893038682373,-0.00021404307071841604,9.329581218582377e-05,115,221
frame_000281.jpg,-0.003422272066522061,-0.0026433772003744108,-3.141322343423364,-0.003074418379155859,-0.0025174128726846785,0.0004956555325047228,-0.9999975905259069,0.0002691670420367687,0.0021786444143417423,-0.0002655000680748787,-0.9999985480733349,0.0016832590222062983,0.0021790943289618126,0.0016826765361969737,0.9999962100666079,-0.003074418379155859,-0.0025174128726846785,0.0004956555325047228,114,220
frame_000282.jpg,-0.002368036993999366,-0.0020396722689559076,-3.1414745549279495,-0.0025924585458543497,-0.0019475356569768577,0.0012033453586110456,-0.9999988567872599,0.0001175227814811354,0.0015075186795453551,-0.00011556510311622523,-0.9999991501006625,0.0012986310713341644,0.0015076700170418493,0.0012984553701709278,0.9999980204704269,-0.0025924585458543497,-0.0019475356569768577,0.0012033453586110456,120,220
frame_000283.jpg,0.0008846944305701253,0.0012500774743692655,3.141390099439915,-0.0009096065731779973,-0.0010505655409161763,-0.0005261026447196672,-0.9999998209360516,-0.00020195668348507582,0.0005633305983041421,0.00020240496039041611,-0.9999996628527438,0.0007958182147396749,0.0005631696875714707,0.0007959320931447597,0.99999952466589,-0.0009096065731779973,-0.0010505655409161763,-0.0005261026447196672,122,226
frame_000284.jpg,0.0002407933221824746,0.0024358755969819804,3.1416049615659203,0.00011802916864160652,-0.0025031162688372056,-8.055200367504455e-05,-0.9999999881626719,1.3380397875013512e-05,0.00015328281385509058,-1.3142683129146055e-05,-0.9999987975457724,0.0015507205677371607,0.00015330337879771233,0.001550718534833321,0.9999987858843129,0.00011802916864160652,-0.0025031162688372056,-8.055200367504455e-05,125,225
frame_000285.jpg,-0.00029806803071389954,0.000987906075572689,3.141512732874154,0.0006298195257445397,-0.0007348296685825524,-0.002030639767685534,-0.9999999788152855,-7.981091204344058e-05,-0.00018973572928449614,7.96915645369484e-05,-0.9999997990393051,0.0006289440387895898,-0.0001897858877524322,0.0006289289051284747,0.9999997842148511,0.0006298195257445397,-0.0007348296685825524,-0.002030639767685534,120,223
frame_000286.jpg,0.0012145512456158466,-0.0008875935500635959,3.1416047474355353,-0.0012285246011486855,0.0013035545444493488,0.00010822733639344257,-0.9999997010000256,1.2235551321748876e-05,0.0007732077022929762,-1.2672456089527932e-05,-0.9999998402775367,-0.0005650524842312809,0.0007732006650656671,-0.000565062113721258,0.9999995414326643,-0.0012285246011486855,0.0013035545444493488,0.00010822733639344257,131,226
frame_000287.jpg,0.0005339196216630908,0.004709349886234441,-3.1406728716445493,0.000740222061902386,0.004630978919220302,0.0003029071602333911,-0.9999995224825103,0.0009167144480400916,-0.00033862866422371005,-0.0009156947998696276,-0.999995083464315,-0.0029990915676840505,-0.0003413763099148896,-0.0029987800550584573,0.9999954453798264,0.000740222061902386,0.004630978919220302,0.0003029071602333911,118,224
frame_000288.jpg,-0.0016936294999714712,-0.0006748820258021585,3.141042351500836,0.002429263544463155,0.0007442169252970672,-0.0008484912585128143,-0.9999992674158945,-0.0005495411680796944,-0.0010785046031152707,0.0005500045707150754,-0.9999997565458711,-0.0004294219027931691,-0.0010782683555348122,-0.00043001477066675913,0.9999993262120984,0.002429263544463155,0.0007442169252970672,-0.0008484912585128143,113,214
frame_000289.jpg,-0.0016974786431019787,0.0029272848108036656,-3.1415796587420055,-0.0015707014065547552,0.002913219641328397,0.000422832970945187,-0.9999994160328801,1.0165503960772383e-05,0.0010806620939279468,-1.2179379528324885e-05,-0.9999982634835292,-0.0018635668994739934,0.0010806412732437237,-0.0018635789730059823,0.9999976796412324,-0.0015707014065547552,0.002913219641328397,0.000422832970945187,114,214
frame_000290.jpg,-0.0038333230149128167,0.0007082902799480924,-3.141366767987555,-0.0040383735439697395,0.0008451566639221936,0.0020533032375492878,-0.9999969969066679,0.00022291645672203132,0.0024405913011137943,-0.0002240170040544635,-0.9999998733561746,-0.0004506706300853784,0.0024404905301279685,-0.00045121601063081106,0.9999969202002988,-0.0040383735439697395,0.0008451566639221936,0.0020533032375492878,108,211
frame_000291.jpg,0.0013446930802316814,0.005497838265317738,3.1411400940255403,-0.0010542800137181459,-0.005753308576508766,-0.0003639618630615062,-0.9999995333673927,-0.000445961112862799,0.0008569618910588386,0.00044895819797773084,-0.9999937730308112,0.003500333718224304,0.0008553955420631765,0.0035007168249207997,0.999993506619007,-0.0010542800137181459,-0.005753308576508766,-0.0003639618630615062,107,213
frame_000292.jpg,0.0010834784576805388,0.006470969325813096,-3.1410745526458683,0.0010467971131419241,0.006932556266037549,-0.00016311702685109289,-0.9999996313479423,0.0005126687017671729,-0.0006888212986439766,-0.0005098262624529131,-0.999991381216756,-0.0041203846163456155,-0.000690927754074553,-0.004120031918169163,0.9999912739398436,0.0010467971131419241,0.006932556266037549,-0.00016311702685109289,108,213
frame_000293.jpg,0.0015727454788337497,-0.001352965258103443,3.141504527277773,-0.0020631413591402914,0.0020495167469365668,-0.0009581799857481708,-0.9999994949074696,-8.78724845451508e-05,0.0010012308585123546,8.701004331289085e-05,-0.9999996252164709,-0.000861391995552822,0.0010013061759223366,-0.0008613044433297939,0.999999127769919,-0.0020631413591402914,0.0020495167469365668,-0.0009581799857481708,108,210
frame_000294.jpg,0.001951902860830953,0.0038867684743782594,3.1413164089246886,-0.0018254635634813315,-0.003787950595362314,-6.795370473936298e-05,-0.9999991904852024,-0.0002716957864160543,0.0012430648975986476,0.00027477105220553584,-0.999996900827166,0.0024744366898230307,0.001242388751103308,0.0024747762449797875,0.9999961659690141,-0.0018254635634813315,-0.003787950595362314,-6.795370473936298e-05,118,217
frame_000295.jpg,-0.00010404857167233292,0.0007732296054489726,3.141275116476475,2.7842088277280683e-05,-0.0007706072589333244,-0.0011678791227586513,-0.9999999474215814,-0.00031745651574816757,-6.61679297070553e-05,0.00031742390260911104,-0.9999998284347336,0.0004923134868482841,-6.632420647912751e-05,0.0004922924576807444,0.9999998766246104,2.7842088277280683e-05,-0.0007706072589333244,-0.0011678791227586513,107,213
frame_000296.jpg,8.599806723479922e-05,0.00037234058450506173,-3.141397908005812,0.0003502071595816929,0.00023395881401414815,-0.00013068351372300663,-0.9999999795427437,0.00019472882749543494,-5.4728382809041514e-05,-0.00019471584843820607,-0.999999952944289,-0.0002370593979126761,-5.477454253236086e-05,-0.00023704873657959895,0.9999999704038219,0.0003502071595816929,0.00023395881401414815,-0.00013068351372300663,120,213
frame_000297.jpg,-0.0028029179612358113,0.00047235495320004117,3.1414766952639144,0.003613661488309415,-0.00047490712335994525,-0.0021458757429476936,-0.9999984012797185,-0.0001149406566121657,-0.0017844401510450857,0.0001144040317250503,-0.9999999482084174,0.0003008236694788023,-0.0017844746354962007,0.00030061904139824916,0.9999983626378934,0.003613661488309415,-0.00047490712335994525,-0.0021458757429476936,116,218
frame_000298.jpg,-0.0024681043595874246,0.0006060128312684054,3.1408567611410176,0.0032112011813261814,-0.0003437646084150372,-0.0020831240816523958,-0.9999984950058365,-0.0007351671875130464,-0.0015714691433907854,0.0007345607183469279,-0.99999965553173,0.00038646729813141396,-0.0015717527201461613,0.00038531237699755667,0.9999986905630219,0.0032112011813261814,-0.0003437646084150372,-0.0020831240816523958,115,208
frame_000299.jpg,-0.002040884675657213,0.0019402666142266842,-3.1412318322219956,-0.0018751672977327654,0.0019320754357637709,0.0011018252597770604,-0.9999990911173321,0.0003587563776878834,0.0012996377846216456,-0.0003603616160290064,-0.9999991723095267,-0.001235119333191304,0.0012991936019858446,-0.0012355865501850677,0.9999983927096397,-0.0018751672977327654,0.0019320754357637709,0.0011018252597770604,109,207
frame_000300.jpg,-0.001987739013083242,0.002405131327541937,3.141340983222919,0.002707886775368917,-0.002521924696814248,-0.0007844316831853864,-0.9999991679307613,-0.00025108956380395374,-0.001265342568693697,0.0002491516808070753,-0.9999987963166195,0.00153143356110539,-0.0012657255726067293,0.0015311170246188458,0.9999980268077688,0.002707886775368917,-0.002521924696814248,-0.0007844316831853864,113,217
frame_000301.jpg,0.0033922827925219863,0.0007371490914931542,-3.141169508784873,0.004191718084531361,0.00029713237506462424,-0.0011675559333865454,-0.9999975787349651,0.0004217331728709515,-0.0021597836322521276,-0.0004207194387152259,-0.9999998011409688,-0.00046980120989422683,-0.002159981333514514,-0.0004688914094234765,0.9999975573077593,0.004191718084531361,0.00029713237506462424,-0.0011675559333865454,107,217
frame_000302.jpg,-0.0009541004097727261,0.00500110562131859,3.141592763423125,0.0014137358339324523,-0.00476970184063634,-0.0005598745187123898,-0.9999998155246429,3.2684213094746434e-06,-0.0006074043114290858,-5.202255276124171e-06,-0.9999949317048096,0.003183792962772553,-0.000607390826947971,0.003183795535313493,0.9999947472473905,0.0014137358339324523,-0.00476970184063634,-0.0005598745187123898,111,217
frame_000303.jpg,0.0006018809002328958,-0.002009935695154484,3.1413831404482697,-0.000503702138196326,0.002186041957540394,-0.0004291844831513589,-0.9999999047795665,-0.00020905760802278716,0.0003830610584591116,0.00020856725291824518,-0.9999991594468022,-0.0012796895678644884,0.0003833282653159834,-0.0012796095520192302,0.9999991078290188,-0.000503702138196326,0.002186041957540394,-0.0004291844831513589,126,224
frame_000304.jpg,0.004095367920435584,0.0032959790483229018,3.14163149276307,-0.00451663731454168,-0.0028391183205663958,0.0005989060687898171,-0.9999966004332478,4.597262570659419e-05,0.00260710729837375,-4.050214289348692e-05,-0.9999977977249809,0.002098309978224855,0.00260719802162572,0.002098197251447679,0.9999944000277048,-0.00451663731454168,-0.0028391183205663958,0.0005989060687898171,110,220
frame_000305.jpg,0.0011669538776749617,0.0054103882566500635,3.1407894107706205,-0.0009478011917401704,-0.005443100995411389,0.00018105143587478036,-0.9999994052110117,-0.0007970846178776178,0.0007444687601455666,0.0007996447540192684,-0.9999937464824067,0.0034449331412324063,0.0007417182013805842,0.00344552640276269,0.9999937890816709,-0.0009478011917401704,-0.005443100995411389,0.00018105143587478036,118,225
frame_000306.jpg,-0.000517857789946315,0.0012627465073168896,3.14120412299466,0.0011521571577824408,-0.0013709971106807626,-0.0008034644341521561,-0.9999998702797515,-0.0003883665985848486,-0.0003295631431819011,0.00038810150802345096,-0.9999996014382,0.0008040526479166258,-0.00032987527902257613,0.0008039246396618587,0.9999996224436661,0.0011521571577824408,-0.0013709971106807626,-0.0008034644341521561,121,225
frame_000307.jpg,-0.0020224482567623406,0.004441947236939299,-3.141351795091413,-0.0022633793434829056,0.00471867554785502,0.0005105271608144469,-0.9999991429070774,0.000235245926699877,0.001287961359951716,-0.00023888739556845982,-0.9999959729808637,-0.0028278887651348966,0.0012872909239935143,-0.002828194019106321,0.9999951720886797,-0.0022633793434829056,0.00471867554785502,0.0005105271608144469,127,228
frame_000308.jpg,-0.00043364544863092925,0.003706226892446932,3.1411695527563985,0.0007418769141395517,-0.0032735366670108706,-0.0007253016357330229,-0.9999998733113685,-0.0004212098981410409,-0.000275607453953694,0.0004205583546712167,-0.9999971271628711,0.0023598297978596515,-0.0002766006458471539,0.002359713589878674,0.9999971776179449,0.0007418769141395517,-0.0032735366670108706,-0.0007253016357330229,115,221
frame_000309.jpg,0.0068754449495976805,0.0038619285008094383,3.1412546822397256,-0.0075051791089848765,-0.0038213572134376574,0.0018757010169782795,-0.9999903649253189,-0.00032269023387170113,0.004377890763882811,0.00033345379503310504,-0.9999969232448719,0.0024581109325061408,0.00437708408579326,0.0024595470727131886,0.9999873958021188,-0.0075051791089848765,-0.0038213572134376574,0.0018757010169782795,108,225
frame_000310.jpg,0.0034546891880051227,0.0025186948968923804,3.141092986439417,-0.0037144639215976696,-0.0019367569843880533,0.00039996862601754927,-0.9999974573392914,-0.0004949932513967781,0.002200067415615607,0.0004985208740010148,-0.9999985906819048,0.0016031566181608755,0.002199270763313866,0.0016042493214084266,0.999996294789248,-0.0037144639215976696,-0.0019367569843880533,0.00039996862601754927,108,216
frame_000311.jpg,-0.0030064861788498946,-0.0029446296343163996,-3.14108819875975,-0.002974929746681459,-0.002503217835791628,0.000520528619777581,-0.9999980419197252,0.0005034298681819903,0.0019138221138214051,-0.0004998407412947888,-0.9999981165393368,0.0018753871633228863,0.0019147626351251593,0.0018744268849001952,0.9999964100975078,-0.002974929746681459,-0.002503217835791628,0.000520528619777581,110,218
frame_000312.jpg,-0.0029051715961958937,0.0048298209692820004,-3.141397700930432,-0.003042241559267399,0.0054253320747049945,0.0007147722780278322,-0.9999982714568663,0.0001870524253953508,0.0018498904480265914,-0.0001927398488990342,-0.9999952543251251,-0.003074764800588171,0.0018493065268345007,-0.0030751160333300194,0.9999935618426503,-0.003042241559267399,0.0054253320747049945,0.0007147722780278322,105,221
frame_000313.jpg,0.0006772610979111477,0.002459263512720461,3.1410373540842818,-0.00041012768629268337,-0.0026252861569491127,0.0007019273234850987,-0.9999997534145229,-0.0005539259115871777,0.00043166767082206413,0.0005546011772490725,-0.9999986203869956,0.001565771899023021,0.00043079975366122793,0.0015660109163248286,0.9999986810098209,-0.00041012768629268337,-0.0026252861569491127,0.0007019273234850987,115,231
frame_000314.jpg,0.0010476961949390392,-0.000258495090008988,3.141286337696261,-0.000552597587878416,0.0003870478318566024,-0.0005262558591086922,-0.9999997306647915,-0.0003061854099315056,0.0006670238669831528,0.00030607562757623,-0.9999999395989027,-0.0001646812111545192,0.0006670742496783247,-0.00016447700705137568,0.9999997639796024,-0.000552597587878416,0.0003870478318566024,-0.0005262558591086922,119,230
frame_000315.jpg,-0.0011785190789097694,0.0009367669659361289,-3.141177139169437,-0.0012032841769429121,0.001087821384631064,0.0004394348924937839,-0.9999996322978858,0.00041492982214997285,0.0007504913962443658,-0.0004153773738403344,-0.9999997359514892,-0.0005962873379549589,0.0007502437806791421,-0.0005965988558441058,0.9999995406019314,-0.0012032841769429121,0.001087821384631064,0.0004394348924937839,116,232
frame_000316.jpg,0.0005736445408144057,0.0020422657390472875,3.141348526948185,-2.827377745116701e-06,-0.002119755324548236,0.00013879817277843878,-0.9999999036822242,-0.0002431729046998118,0.000365379912551012,0.00024364778336326309,-0.9999991250539292,0.0013002027278932215,0.0003650634187892528,0.0013002916266663651,0.9999990879847768,-2.827377745116701e-06,-0.002119755324548236,0.00013879817277843878,127,231
frame_000317.jpg,-0.000985339947268177,-0.000496036397596309,3.140582243325967,0.001377681830801979,0.0008533273879627716,-0.00189428726348242,-0.9999992928603715,-0.0010101171761585093,-0.0006276480282716954,0.0010103153923466967,-0.9999994398386854,-0.00031557110638415214,-0.0006273289128926929,-0.00031620500569525613,0.9999997532363837,0.001377681830801979,0.0008533273879627716,-0.00189428726348242,123,238
frame_000318.jpg,0.004589819584746979,0.001240885535832939,-3.1411962472916732,0.005463059721600952,0.001489386780425771,-0.0030709465137165656,-0.9999956528293418,0.0003939619173249073,-0.0029221766589827888,-0.00039165306489045515,-0.9999996107448349,-0.000790644076343131,-0.002922487005166669,-0.0007894961598337592,0.9999954178722614,0.005463059721600952,0.001489386780425771,-0.0030709465137165656,120,237
frame_000319.jpg,0.004993151395299719,-0.0004703554166854355,-3.141510190899634,0.005793316272793113,-0.0003008445687515962,-0.003718471541556419,-0.9999949444791969,7.798335521730628e-05,-0.0031788259851713054,-7.893523657667722e-05,-0.9999999520883965,0.0002993199506315971,-0.0031788024908946215,0.00029956935879453555,0.9999949027234704,0.005793316272793113,-0.0003008445687515962,-0.003718471541556419,116,225
frame_000320.jpg,0.0017711467072424269,0.002762186350709433,-3.1408510456461864,0.002489742171098955,0.0028396342412056598,-0.0007195546360450062,-0.999999090297886,0.0007408853467047146,-0.0011271611701498202,-0.0007389016636303073,-0.9999981794550731,-0.00175929271897267,-0.001128462552298321,-0.0017584582572765612,0.9999978171960302,0.002489742171098955,0.0028396342412056598,-0.0007195546360450062,125,231
frame_000321.jpg,0.00018573255345232572,0.0021834639941539316,3.141072773730989,8.870543322248428e-05,-0.0019302702457555752,-0.002529122605010721,-0.9999998582667889,-0.0005190331120630133,0.00011862137477622606,0.0005191975256930036,-0.9999988988397496,0.0013902349504927138,0.0001178996661822303,0.001390296341374528,0.9999990265874025,8.870543322248428e-05,-0.0019302702457555752,-0.002529122605010721,115,229
frame_000322.jpg,-0.00023006032925796332,0.0006734441864024992,3.1413901295381383,0.0004347678322633291,-0.00027032000988178175,-0.0024236887470341995,-0.9999999687815386,-0.00020247483508676145,-0.000146426988328522,0.00020241203509885252,-0.9999998875926823,0.0004287703241374917,-0.00014651378706972686,0.0004287406721672409,0.9999998973575683,0.0004347678322633291,-0.00027032000988178175,-0.0024236887470341995,118,232
frame_000323.jpg,0.0035761436770116273,0.00279392035391343,3.141213753130607,-0.0033683275435015926,-0.002831241878532986,0.00043510039490659734,-0.9999973372807737,-0.00037359672393425935,0.002277247648020997,0.0003776470787494972,-0.9999983472511885,0.0017784480805860094,0.0022765794619260594,0.0017793033409999764,0.999995825624074,-0.0033683275435015926,-0.002831241878532986,0.00043510039490659734,111,228
frame_000324.jpg,0.0006913788515853635,0.0028134449800840027,3.1408890003649934,-0.00041566040785067553,-0.0022877057284909825,-0.001818688734713087,-0.9999996564680634,-0.0007019223585515265,0.0004408727227976446,0.0007027110532261152,-0.9999981486480549,0.001791339621131586,0.0004396145252552402,0.0017916488118845926,0.999998298365354,-0.00041566040785067553,-0.0022877057284909825,-0.001818688734713087,111,222
frame_000325.jpg,0.003895185514732377,0.0069434967065220505,3.1404207001680424,-0.004144355750052809,-0.006454362072540725,-0.0007018583458104557,-0.999996248179111,-0.0011563729413521663,0.0024832296152929043,0.0011673424650621735,-0.9999895479881724,0.004420545891616023,0.0024780918608925248,0.004423428085900038,0.999987146089737,-0.004144355750052809,-0.006454362072540725,-0.0007018583458104557,108,231
frame_000326.jpg,-0.0010586593159557173,0.0018192188195527506,3.141408500767795,0.0019626731226241386,-0.0018066617865715774,-0.0010546932355736023,-0.9999997560335835,-0.0001838379529320379,-0.0006738964167356706,0.00018305731054796273,-0.9999993124386626,0.0011582798552683675,-0.0006741088891880641,0.0011581562110213465,0.9999991021252946,0.0019626731226241386,-0.0018066617865715774,-0.0010546932355736023,107,220
frame_000327.jpg,-0.0018573085650459425,0.002431834129401071,3.1416032911137237,0.0026125465944541325,-0.0027786713760016074,-0.001412554111267735,-0.9999993008977375,1.1212485239847017e-05,-0.0011824036182590946,-1.3043007032480574e-05,-0.9999988015457876,0.0015481398091314737,-0.0011823848427077383,0.0015481541489221384,0.9999981025906071,0.0026125465944541325,-0.0027786713760016074,-0.001412554111267735,115,221
frame_000328.jpg,0.006711541519862339,-0.002720656937369576,-3.1414453957310196,0.007733658644656306,-0.0029009000523790287,-0.004856800029443939,-0.9999908615619442,0.00013520941059553737,-0.004272997895612166,-0.0001426104840503217,-0.9999984902657464,0.0017317992025194288,-0.004272757288971435,0.0017323927508779307,0.9999893711237665,0.007733658644656306,-0.0029009000523790287,-0.004856800029443939,103,216
frame_000329.jpg,-0.0006726822065603478,0.003930563870393487,3.1411727828702913,0.0007887048178534723,-0.0041743917413665,-0.002141962564535209,-0.9999998211935527,-0.0004178751112883641,-0.000427777107758513,0.00041680324547672693,-0.9999967813927712,0.002502694378622844,-0.0004288215446040095,0.0025025156322380994,0.9999967767586014,0.0007887048178534723,-0.0041743917413665,-0.002141962564535209,109,224
frame_000330.jpg,0.0013277948462567157,0.0029174828352637157,-3.1408431626290056,0.0013564888963304635,0.003343396496973874,-0.0009055200714809616,-0.9999993629197095,0.0007486402088710438,-0.0008448064943877471,-0.0007470694617751816,-0.999997994702726,-0.0018580844292152687,-0.0008461958370147747,-0.0018574521163332342,0.9999979169099509,0.0013564888963304635,0.003343396496973874,-0.0009055200714809616,106,221
frame_000331.jpg,8.150436213651533e-05,-0.0019887395372354282,-3.1412029398800168,0.0004181924491682913,-0.0018862050045202893,-0.0010614166178373248,-0.9999999229606916,0.00038905016047745885,-5.214003697461083e-05,-0.00038911586973662505,-0.9999991226408654,0.0012662173349243149,-5.1647369171721474e-05,0.0012662375258916427,0.9999991969872166,0.0004181924491682913,-0.0018862050045202893,-0.0010614166178373248,115,223
frame_000332.jpg,-0.000768152916164693,0.001692452886840487,3.1416000440965384,0.001591335040462514,-0.0019946898696570235,-0.0006016093534883922,-0.9999998803981474,7.676851275340235e-06,-0.000489024290680449,-8.203744145982723e-06,-0.9999994195232668,0.00107744411828683,-0.0004890157354349728,0.0010774480012526795,0.9999992999844626,0.001591335040462514,-0.0019946898696570235,-0.0006016093534883922,113,217
frame_000333.jpg,0.0007595903395542542,0.003094930658693946,3.141156342228304,-0.000345695896245285,-0.0029244928692757403,-0.0019525873124429534,-0.9999997885677646,-0.000434218070704234,0.0004840651746253298,0.00043517110992636015,-0.9999979639537092,0.0019704604896564506,0.00048320857949400893,0.001970670724216903,0.9999979414810638,-0.000345695896245285,-0.0029244928692757403,-0.0019525873124429534,106,226
frame_000334.jpg,-0.0022301582324617715,0.007231740776472005,3.1411577206060963,0.0028540712306226617,-0.007094728282730998,-0.0009284194600555049,-0.9999989012036196,-0.00042908450225459543,-0.0014189707690584253,0.0004225463279807602,-0.9999893086614408,0.004604782015955569,-0.001420931438960835,0.004604177375349779,0.999988391184889,0.0028540712306226617,-0.007094728282730998,-0.0009284194600555049,107,223
frame_000335.jpg,0.002167717093929976,0.00039608026924774047,3.1416224491502236,-0.0022678288111793754,0.00018978593829843427,0.0002174876351662441,-0.9999990473353604,3.074236562369747e-05,0.0013799939415001193,-3.039439898721284e-05,-0.999999967742956,0.0002521711074453378,0.0013800016493219788,0.0002521289231243827,0.9999990160127429,-0.0022678288111793754,0.00018978593829843427,0.0002174876351662441,116,229
frame_000336.jpg,-0.0012719847207204565,0.002031640783243836,-3.141516660613548,-0.001373938957435417,0.002288490826846227,-0.0006723695223683917,-0.9999996693017053,7.455480942712909e-05,0.0008098382928493777,-7.560220279628893e-05,-0.9999991607222339,-0.0012933828260316695,0.0008097411852599933,-0.0012934436238710228,0.9999988356607239,-0.001373938957435417,0.002288490826846227,-0.0006723695223683917,108,215
frame_000337.jpg,0.001590814096171011,-0.0016872351348089047,3.141578776326701,-0.0014855681861367773,0.001659635771606409,-0.0006244395993454415,-0.9999994870860613,-1.3565320145740038e-05,0.001012740636167218,1.247749551686163e-05,-0.9999994230357674,-0.0010741380005962694,0.0010127546228779528,-0.0010741248131891695,0.999998910291386,-0.0014855681861367773,0.001659635771606409,-0.0006244395993454415,104,223
frame_000338.jpg,0.001493727098001433,0.003469709862983687,3.140985540199779,-0.0014616025381774787,-0.0029674620152008993,-0.0005566950425694141,-0.9999993647692674,-0.000603790660232406,0.0009517866883781791,0.0006058919786622536,-0.9999973765553192,0.002209021817294704,0.0009504504046769222,0.0022095970939760424,0.9999971071581715,-0.0014616025381774787,-0.0029674620152008993,-0.0005566950425694141,111,213
frame_000339.jpg,0.001005247559433177,0.003498228206601225,-3.141006586972682,0.0011178981813768326,0.004044500660052309,-0.0006550623848039187,-0.9999996246458617,0.000584670168955259,-0.0006394285959781059,-0.0005832444207241762,-0.9999973487183883,-0.0022276404871180468,-0.0006407293356128023,-0.0022272667078029156,0.9999973143708589,0.0011178981813768326,0.004044500660052309,-0.0006550623848039187,119,224
frame_000340.jpg,-0.0021962981686074177,0.0037056217464234275,3.1407602262939376,0.0027927921102182847,-0.003174984437710246,-0.0014100643142071915,-0.9999986779796176,-0.0008311225686148104,-0.0013975958976592318,0.0008278223559963963,-0.9999968719070027,0.0023602725174564324,-0.0013995532016066307,0.0023591124359993248,0.9999962379125983,0.0027927921102182847,-0.003174984437710246,-0.0014100643142071915,108,215
frame_000341.jpg,-0.0001223598172438204,-0.00013860696538601526,3.1412332889393157,0.0006193887043202982,0.0007042023289058013,-0.0011673150726260611,-0.9999999323958396,-0.0003593557633899419,-7.792144451331586e-05,0.0003593626385603709,-0.9999999315364463,-8.823602841332334e-05,-7.788973105318789e-05,-8.826402450410147e-05,0.9999999930713261,0.0006193887043202982,0.0007042023289058013,-0.0011673150726260611,120,225
frame_000342.jpg,-0.0008719990305579245,-0.0007799769123221285,3.140822972151536,0.0011236736832981144,0.0012120954442807912,-0.002038002223361785,-0.9999995498017874,-0.0007693255203119588,-0.0005554587890358742,0.000769601305348722,-0.9999995806222319,-0.0004964566356565317,-0.0005550766193292683,-0.000496883893961751,0.9999997224981328,0.0011236736832981144,0.0012120954442807912,-0.002038002223361785,108,219
frame_000343.jpg,0.0014519971887618044,0.0036949624778408493,-3.140994676855404,0.0017889156254511096,0.004112051744535685,-0.0006429088426634836,-0.9999993953170244,0.0005965549027037464,-0.0009238440526264379,-0.000594379695332546,-0.9999970550350892,-0.0023530052967784027,-0.0009252450287840008,-0.002352454759809623,0.9999968049340151,0.0017889156254511096,0.004112051744535685,-0.0006429088426634836,127,224
frame_000344.jpg,-0.0018415078337909456,0.005028069215003405,3.140920948765681,0.0025586924253637147,-0.005227707337420653,-0.0009545562773408333,-0.9999990899790475,-0.0006690165505690616,-0.0011715194970745642,0.0006652623325778492,-0.9999946521868703,0.003202034304805266,-0.0011736554459526205,0.003201252023093673,0.999994187242295,0.0025586924253637147,-0.005227707337420653,-0.0009545562773408333,108,226
frame_000345.jpg,-0.0013372238129716917,0.002766780031280832,-3.1407955654424637,-0.0011874876827300221,0.002502423259434755,0.0009647379539802148,-0.9999993209803654,0.0007948342465016189,0.0008522190616015089,-0.0007963344801541091,-0.9999981314948142,-0.001761493194992294,0.0008508173741094135,-0.0017621706503272263,0.9999980854303647,-0.0011874876827300221,0.002502423259434755,0.0009647379539802148,112,223
frame_000346.jpg,-0.0005739900408972322,-0.0022568618538627272,3.1416091133883395,0.000779755577753806,0.0027062067522257835,-0.0010592097711858276,-0.9999999330872155,1.758537221072369e-05,-0.000365398849506573,-1.7060365578556247e-05,-0.9999989677175554,-0.0014367577275131776,-0.00036542373823117034,-0.0014367513975377627,0.9999989011048528,0.000779755577753806,0.0027062067522257835,-0.0010592097711858276,126,230
frame_000347.jpg,0.0006884763068693869,0.001785712669298065,3.141283179604674,-0.000902923149754896,-0.0013965889812355226,-9.547054211748674e-05,-0.9999998562218867,-0.00030864173590603984,0.00043851623093158637,0.00030914009939899046,-0.9999993059862613,0.0011368638417700683,0.00043816504296568474,0.0011369992412651481,0.999999257621785,-0.000902923149754896,-0.0013965889812355226,-9.547054211748674e-05,113,224
frame_000348.jpg,0.0021333428334818724,0.003512459863057527,-3.1407460563823024,0.0022155718524580607,0.0035830831363563333,-0.001779348306116973,-0.9999987211575058,0.0008454270412004518,-0.001357547962701611,-0.0008423884970736998,-0.999997142491175,-0.0022372731403783133,-0.0013594355347077544,-0.0022361266964703442,0.9999965758303496,0.0022155718524580607,0.0035830831363563333,-0.001779348306116973,112,226
frame_000349.jpg,0.0006366583015199026,0.005652721962346997,-3.141017288224014,0.0008702284657989086,0.005996549024724074,0.00030726663604454087,-0.9999997552601584,0.0005709429743025567,-0.0004043559613937038,-0.0005694838848805863,-0.9999933599917629,-0.0035993972397423426,-0.0004064083270325443,-0.0035991660846226626,0.9999934403963694,0.0008702284657989086,0.005996549024724074,0.00030726663604454087,114,224
frame_000350.jpg,-0.0020848566360615185,0.0018334181764069217,3.141620551518339,0.002493854568287766,-0.002137800260355687,-0.002341239444341185,-0.9999991187813835,2.8350111528766302e-05,-0.0013272651308902019,-2.9899248869580813e-05,-0.9999993184219519,0.001167159657704906,-0.0013272311371489568,0.0011671983134125517,0.9999984380515832,0.002493854568287766,-0.002137800260355687,-0.002341239444341185,114,225
frame_000351.jpg,0.0017412693748192615,0.008041455553387332,3.141270677234568,-0.0016158669695714057,-0.008038960264937778,0.0006374278690640115,-0.9999993370397396,-0.00030836185089070284,0.0011094291550935286,0.00031403790998497434,-0.9999868451106366,0.005119666577691879,0.0011078358508138965,0.0051200115863695335,0.999986278996409,-0.0016158669695714057,-0.008038960264937778,0.0006374278690640115,107,221
frame_000352.jpg,-0.0005528783205711144,-0.0006687697833626168,3.141481687297987,0.00068682616922556,0.000987016889515244,-0.0013999767660694197,-0.9999999319095689,-0.00011077151903177424,-0.00035200927276212286,0.00011092138295415177,-0.9999999032177246,-0.0004257475640810195,-0.0003519620779894671,-0.00042578658044703174,0.9999998474142299,0.00068682616922556,0.000987016889515244,-0.0013999767660694197,124,220
frame_000353.jpg,-0.0015415903582174388,0.0008891424445056521,3.1406545997449693,0.0018001887684165668,-0.0003244340122217181,-0.002432778940725231,-0.9999990786331554,-0.0009378272771427174,-0.000981434072462857,0.0009372714244278697,-0.9999994002008975,0.0005666746175908404,-0.0009819649267132223,0.0005657542253645567,0.9999993578333131,0.0018001887684165668,-0.0003244340122217181,-0.002432778940725231,114,223
frame_000354.jpg,-0.0011513845758976992,0.0030779156556221196,3.1414295172376043,0.0013063060569521122,-0.003070680533383155,-0.001910574735168047,-0.9999997183043489,-0.00016213563108014194,-0.0007328732906548293,0.0001606992092557745,-0.9999980670293209,0.0019596207250664873,-0.0007331895983751833,0.001959502400891558,0.9999978113892819,0.0013063060569521122,-0.003070680533383155,-0.001910574735168047,115,226
frame_000355.jpg,-0.0011606662096658232,-0.005029492235766662,-3.141260801066935,-0.001054231606636466,-0.005154928619157935,-0.0009703132565662771,-0.9999996732894781,0.00032879445834268795,0.0007384545626286436,-0.0003264280902524768,-0.9999948192669474,0.0032023247753622465,0.0007395036435326358,0.003202082676816431,0.9999945998858654,-0.001054231606636466,-0.005154928619157935,-0.0009703132565662771,111,222
frame_000356.jpg,0.0038567636402693545,0.004227540184506622,-3.1405273790596158,0.004195080562443851,0.004505257930300722,-0.0020174661403326564,-0.9999964218716962,0.0010633652430593924,-0.0024546890158162146,-0.0010567527682871305,-0.999995814047278,-0.00269354070108962,-0.0024575429581663514,-0.0026909370638426525,0.9999933596481161,0.004195080562443851,0.004505257930300722,-0.0020174661403326564,108,224
frame_000357.jpg,-0.0012151251578372002,0.00472923838416747,-3.141133534031886,-0.001029062506827751,0.0049720100332528855,0.00025760336168961356,-0.9999995970457519,0.0004541589862202769,0.0007743693879268275,-0.0004564886773130022,-0.9999953627885231,-0.003010983151308572,0.0007729983319566899,-0.0030113354288777666,0.9999951671545793,-0.001029062506827751,0.0049720100332528855,0.00025760336168961356,113,224
frame_000358.jpg,-0.0011634453768109053,-0.00474220838091716,3.1415095384109377,0.0013986955737432386,0.0052536096129963865,-0.0007534506275358348,-0.9999997225425281,-7.820229427625863e-05,-0.0007408098730674917,8.043848482710857e-05,-0.9999954394929585,-0.0030190268191812456,-0.0007405703997751077,-0.0030190855711534313,0.9999951683272256,0.0013986955737432386,0.0052536096129963865,-0.0007534506275358348,112,223
frame_000359.jpg,0.0006534962227286337,0.0026910119510462904,3.1409030470300308,-0.000344163248938404,-0.002540173586934439,-0.00015518268212377933,-0.9999996764846749,-0.0006880289579079651,0.0004167093694366766,0.00068874199028204,-0.9999982949754905,0.0017133827892748417,0.00041552980196198617,0.0017136692402097266,0.9999984453351503,-0.000344163248938404,-0.002540173586934439,-0.00015518268212377933,113,225
frame_000360.jpg,0.0008969122282376021,0.0015794145482704738,3.14046326206184,-0.0007895939933400711,-0.001509008344999413,-0.0006088526451213855,-0.9999991996973915,-0.0011285785894280468,0.0005717647628006738,0.0011291531268909887,-0.9999988569656221,0.0010055250695387944,0.0005706292951892791,0.0010061698747842209,0.9999993310019715,-0.0007895939933400711,-0.001509008344999413,-0.0006088526451213855,119,227
frame_000361.jpg,-0.005001310507254043,0.002141490060099222,3.1411724985513434,0.006022956596269119,-0.0017371346930155507,-0.003464491636616485,-0.9999948436475289,-0.00041761386168841404,-0.003184066113741651,0.000413272010060955,-0.9999989841437495,0.0013641545787042397,-0.0031846325690497402,0.001362831659239414,0.9999940003846368,0.006022956596269119,-0.0017371346930155507,-0.003464491636616485,114,228
frame_000362.jpg,7.744926431230438e-05,0.0002535088244338117,3.1416060282409806,0.0002369160323315995,-0.00035706368589336426,-0.0005548443125183178,-0.9999999986948925,1.3389812792500754e-05,4.9304442598920094e-05,-1.3381855470672663e-05,-0.9999999868873597,0.00016138837187112224,4.9306602912494905e-05,0.00016138771187556816,0.9999999857614329,0.0002369160323315995,-0.00035706368589336426,-0.0005548443125183178,125,224
frame_000363.jpg,-0.00140413168628973,-0.0007544645332403573,3.141053081987467,0.001506979524968924,0.001063142620482994,-0.0019869178096455315,-0.9999994549854408,-0.0005389523096206587,-0.0008941807586176831,0.0005393818024971335,-0.9999997392623745,-0.00048014836658833224,-0.000893921748399982,-0.0004806304097298234,0.9999994849490256,0.001506979524968924,0.001063142620482994,-0.0019869178096455315,110,215
frame_000364.jpg,0.00011463007613757853,-0.0015418785569553655,3.1415582692490456,9.362836341669106e-05,0.0021605657595837463,-0.00025398122007157047,-0.999999996759079,-3.403968482265731e-05,7.29598648820625e-05,3.3968050955557886e-05,-0.9999995176516063,-0.0009816021221486023,7.299324311684806e-05,-0.0009815996406628991,0.9999995155669487,9.362836341669106e-05,0.0021605657595837463,-0.00025398122007157047,119,224
frame_000365.jpg,0.004715546081280235,0.0044417922630644495,3.140721882841895,-0.004871668465412992,-0.0039433469190262626,0.001228749119669466,-0.9999951181638386,-0.000859841102353533,0.0030040508932474446,0.0008683346541225415,-0.999995626438608,0.002827206852065371,0.003001606806190177,0.0028298015715980795,0.9999914912536241,-0.004871668465412992,-0.0039433469190262626,0.001228749119669466,114,226
frame_000366.jpg,0.003985927917939314,0.007310947681274854,3.1404868883059764,-0.0038176754784267027,-0.00716461831450238,0.0012352700118105488,-0.9999961790383893,-0.001088812633769882,0.0025409438541887023,0.001100631231628088,-0.9999885620126947,0.004654509069182671,0.0025358469026266323,0.004657287926645935,0.9999859394759781,-0.0038176754784267027,-0.00716461831450238,0.0012352700118105488,107,227
frame_000367.jpg,0.0016368711176569966,-0.0006063743277923669,-3.141631720892857,0.002196042561878665,-0.0003237822967479679,-0.002731378138342612,-0.999999456282251,-3.9753370820446646e-05,-0.0010420436036863703,3.935111290165694e-05,-0.9999999247101493,0.00038604557452277523,-0.0010420588718439406,0.00038600435904744733,0.9999993825567811,0.002196042561878665,-0.0003237822967479679,-0.002731378138342612,119,230
frame_000368.jpg,0.0008422574028931421,0.004293207717033457,3.140938895623618,-0.0008585946582500626,-0.004000470321899587,-0.00048065338931976625,-0.9999996444740916,-0.0006499772113316038,0.000537197649999662,0.0006514433223769199,-0.9999960517106564,0.0027335297137562175,0.0005354187969674656,0.0027338786957374715,0.9999961196094661,-0.0008585946582500626,-0.004000470321899587,-0.00048065338931976625,124,230
frame_000369.jpg,-0.0002976589314802388,0.0015513503676427708,3.141522591320441,0.000996677574246966,-0.0019516801315235307,-0.0005116820415507519,-0.9999999796183052,-6.975869309311978e-05,-0.00018946533708335685,6.957153512654944e-05,-0.9999995098548096,0.0009876486936811416,-0.00018953414129993943,0.000987635492156833,0.9999994943263448,0.000996677574246966,-0.0019516801315235307,-0.0005116820415507519,118,225
frame_000370.jpg,0.00145307546612904,0.0004807977207494986,3.141567635033238,-0.0012435745892936765,3.4139578116911296e-05,-0.0008497896409257092,-0.99999957182475,-2.4504139798316984e-05,0.0009250674915330753,2.4787290492256736e-05,-0.9999999528514429,0.00030607630098538973,0.0009250599477810096,0.0003060990998477306,0.9999995252836047,-0.0012435745892936765,3.4139578116911296e-05,-0.0008497896409257092,119,230
frame_000371.jpg,-0.0004684881111326089,0.0039107680325133325,-3.141187312003501,-0.0004359816080551487,0.004493037988701827,-0.0009710272834095175,-0.9999998743594153,0.0004025005107749767,0.00029878837404830966,-0.00040324324297498227,-0.9999968188181193,-0.0024899294224222674,0.0002977852256838294,-0.002490049593978993,0.9999968554835454,-0.0004359816080551487,0.004493037988701827,-0.0009710272834095175,113,226
frame_000372.jpg,0.0017463231988067598,0.0032555371851139977,3.1406425250706596,-0.0015477224963363592,-0.0035044623015637317,0.0004843333449568456,-0.9999989323298372,-0.0009468021299040519,0.0011130610551032213,0.0009491076534543962,-0.9999974016841578,0.0020726359051176347,0.0011110957869295674,0.0020736901069922813,0.9999972326339173,-0.0015477224963363592,-0.0035044623015637317,0.0004843333449568456,116,229
frame_000373.jpg,-0.0019563322459295015,0.003040152116658632,-3.1415562645454034,-0.0022406609320769306,0.0032761970085418033,0.0008312611685255068,-0.9999992238343758,3.310362977907861e-05,0.0012454857669268898,-3.55141326854689e-05,-0.9999981264434176,-0.0019354194380017356,0.00124541936403029,-0.0019354621681424839,0.9999973514548947,-0.0022406609320769306,0.0032761970085418033,0.0008312611685255068,117,235
frame_000374.jpg,0.003434356246095096,0.006183789935405848,3.141194432324841,-0.003151359752092467,-0.0066845725844569895,0.0008633243415248306,-0.9999975331290982,-0.0003859514444653632,0.0021874133584431307,0.0003945607516752307,-0.9999921730307021,0.003936775221883788,0.0021858768335425104,0.003937628577826479,0.9999898584604006,-0.003151359752092467,-0.0066845725844569895,0.0008633243415248306,120,233
frame_000375.jpg,-0.0014851280486674681,0.0002021266221359876,-3.1413970158589217,-0.0010220347726038947,-9.610396262575397e-05,-0.00028815897859549294,-0.9999995339281782,0.0001952193123237438,0.0009455331017326499,-0.00019534098740734947,-0.9999999726528092,-0.00012859346664097953,0.0009455079719468488,-0.00012877810807690704,0.9999995447153338,-0.0010220347726038947,-9.610396262575397e-05,-0.00028815897859549294,125,232
frame_000376.jpg,-0.0003481908898933447,0.0020042656385098083,-3.1410984294405373,0.00010499388126904319,0.0017153189791176784,2.0290574629251785e-05,-0.9999998536211431,0.0004934238265723849,0.0002220149087667829,-0.0004937067503031856,-0.9999990639100517,-0.0012761005701333258,0.00022138504251445202,-0.0012762099935983093,0.9999991611380054,0.00010499388126904319,0.0017153189791176784,2.0290574629251785e-05,123,231
frame_000377.jpg,-0.0021700825054410417,-0.0048088953470226846,-3.1413275130582017,-0.0019225005579132193,-0.0047241940820246945,0.00046833155102471284,-0.9999990115615189,0.00026282482075948386,0.0013812310084812876,-0.0002585946890038993,-0.9999952790364255,0.0030618676732221406,0.0013820292225624126,0.0030615074677512273,0.9999943585677132,-0.0019225005579132193,-0.0047241940820246945,0.00046833155102471284,120,234
frame_000378.jpg,0.0003124328320493961,0.005621737747559868,3.140521908252387,-2.2838382272982522e-05,-0.005477793408389545,-0.0009070259476937748,-0.9999994123495575,-0.0010653400828226547,0.00020087570202818476,0.0010660524141835079,-0.9999930235021494,0.0035800110726054504,0.0001970603713266858,0.0035802231128374577,0.9999935715641736,-2.2838382272982522e-05,-0.005477793408389545,-0.0009070259476937748,120,234
frame_000379.jpg,0.0005812841464866985,-0.00012550741317270513,3.141402302391338,5.833664666674435e-05,0.00044998024524688714,-0.00034182961539765025,-0.9999999134145438,-0.0001903096920566923,0.00037007178497339404,0.00019028012073652657,-0.9999999787014917,-7.994055084848587e-05,0.0003700869905530319,-7.987012662287087e-05,0.9999999283281887,5.833664666674435e-05,0.00044998024524688714,-0.00034182961539765025,115,228
frame_000380.jpg,0.0013253230274868156,0.0008084537512092977,-3.1414891718707785,0.002058764641474127,0.0008686281445587564,0.0007002744422183072,-0.9999996387245322,0.00010331525563267896,-0.0008437278964047908,-0.00010288097978740848,-0.9999998622301566,-0.0005147379644179039,-0.0008437809604489084,-0.0005146509749030488,0.9999995115839128,0.002058764641474127,0.0008686281445587564,0.0007002744422183072,104,216
frame_000381.jpg,0.0008503808753918869,-0.0033311443512934824,-3.141612878966202,0.000902473505187098,-0.002849404643925322,-0.0015034758430631854,-0.9999998532173648,-2.2680534808091347e-05,-0.000541341705470362,2.1532484098853936e-05,-0.9999977511616703,0.002120662149942191,-0.0005413885858320933,0.002120650182234148,0.9999976048677337,0.000902473505187098,-0.002849404643925322,-0.0015034758430631854,105,217
frame_000382.jpg,-0.0028207683203085674,-0.0021426452663282553,-3.1413611190785704,-0.002693206831759977,-0.0022475690773389725,0.0009532264977063505,-0.9999983610492905,0.00023076212455443615,0.001795730373653351,-0.00022831226381255044,-0.9999990432036892,0.0013643552384195428,0.0017960434970186187,0.0013639430150417509,0.9999974569403708,-0.002693206831759977,-0.0022475690773389725,0.0009532264977063505,112,218
frame_000383.jpg,0.004521775416801924,0.005576232775571659,3.1413653745795824,-0.004279581676934552,-0.00589683424952632,0.0010336762699008032,-0.9999958321074813,-0.00021396464354382947,0.002879233717026165,0.00022418510950354345,-0.9999936740870211,0.0035498629519195904,0.002878455958083088,0.003550493637798489,0.9999895541885553,-0.004279581676934552,-0.00589683424952632,0.0010336762699008032,111,220
frame_000384.jpg,0.0006639744286301983,0.0026472765475765623,3.140963609530572,-0.00017353633673207559,-0.002830597548823577,-0.001157147074004212,-0.9999997135239537,-0.0006275016771684194,0.00042331271635454433,0.0006282143406039862,-0.9999983821967979,0.001685511948644963,0.0004222543699432142,0.0016857773969051377,0.9999984899267678,-0.00017353633673207559,-0.002830597548823577,-0.001157147074004212,123,232
frame_000385.jpg,-0.001468105824874826,0.0017763765713977328,3.1410276429769497,0.002016937514482715,-0.0018299268302555253,-0.0014322308758321772,-0.9999994039398074,-0.0005646936939878484,-0.0009344736817535023,0.0005636363687360524,-0.9999992011883677,0.0011313428614952584,-0.0009351117974646798,0.0011308154837941517,0.9999989234105545,0.002016937514482715,-0.0018299268302555253,-0.0014322308758321772,127,232
frame_000386.jpg,0.0013718534884381627,0.0016188745486936558,3.14144793643245,-0.0013711822485439323,-0.0015436448572201434,-0.0017632904651647976,-0.999999608227681,-0.00014355037692294874,0.0008734630924967298,0.00014445053956502278,-0.9999994585072854,0.0010305916638805146,0.0008733146777010251,0.0010307174323382297,0.9999990874711074,-0.0013711822485439323,-0.0015436448572201434,-0.0017632904651647976,124,231
frame_000387.jpg,0.0029861194813339312,0.004622566308388576,-3.1406887942468136,0.0037422969501926685,0.004878354140891319,-0.000593238680699725,-0.9999977878874757,0.0009018352283777973,-0.0019002403469027488,-0.0008962376640837316,-0.9999952633006439,-0.002944509182431328,-0.0019028868081465197,-0.002942799601875982,0.9999938594572957,0.0037422969501926685,0.004878354140891319,-0.000593238680699725,117,231
frame_000388.jpg,0.00023281839932848784,-0.0013372397097393663,-3.1411803806581724,0.0006056273008632548,-0.0016684859371097513,-0.0015531211860885853,-0.9999999041493892,0.0004119165076571105,-0.00014841160040438228,-0.0004120427196728613,-0.9999995526742206,0.0008513942423166809,-0.00014806083067311302,0.0008514553126294845,0.999999626550851,0.0006056273008632548,-0.0016684859371097513,-0.0015531211860885853,134,238
frame_000389.jpg,0.0008043408305720108,0.0022442981693515016,3.141610272743974,-0.00039060040152543536,-0.0020472273357214077,-0.00017820128451572964,-0.9999998687276298,1.8889556393725836e-05,0.0005120428767742816,-1.8157952859277e-05,-0.9999989791563453,0.001428760496408697,0.00051206934271053,0.0014287510112015018,0.9999988482271053,-0.00039060040152543536,-0.0020472273357214077,-0.00017820128451572964,130,234
frame_000390.jpg,-0.00358755637243281,-0.0016017652174669726,-3.141175844090826,-0.003965323665694971,-0.0015360730239024369,0.0002762322674992173,-0.9999973053471345,0.0004155168643825542,0.0022839974179358524,-0.000413187312496749,-0.9999993941091294,0.0010203223112275745,0.0022844199952100895,0.0010193758430582683,0.9999968711441927,-0.003965323665694971,-0.0015360730239024369,0.0002762322674992173,117,234
frame_000391.jpg,0.003155880583036797,0.003043656044037968,3.1410807221943635,-0.0029667348804548474,-0.003440123954999293,-0.0002452710228846256,-0.9999978516377789,-0.0005069237829398974,0.0020099124620154007,0.0005108179722109745,-0.9999979926698835,0.001937452245315763,0.0020089262868361237,0.0019384747823747222,0.9999961032577537,-0.0029667348804548474,-0.003440123954999293,-0.0002452710228846256,125,231
frame_000392.jpg,-0.0008452442484480705,0.004311475436735661,3.141172116394381,0.0014504711406122155,-0.004777280402011346,-0.0007297780889918861,-0.9999997680478121,-0.00041820283183765334,-0.0005375971666083734,0.00041672548047895974,-0.9999961449779401,0.0027452448219718265,-0.0005387431633180731,0.0027450201547687247,0.999996087302422,0.0014504711406122155,-0.004777280402011346,-0.0007297780889918861,127,233
frame_000393.jpg,-0.0005122317496903013,0.0039172565690465035,3.1412354744018756,0.0011893144894190998,-0.004324996816199568,-0.0013311483879856357,-0.9999998839141664,-0.00035510134516325657,-0.000325691093576975,0.0003542879402049592,-0.9999968268669187,0.002494140362762811,-0.0003265757327136348,0.0024940246848017614,0.9999968365895775,0.0011893144894190998,-0.004324996816199568,-0.0013311483879856357,120,234
frame_000394.jpg,0.0024314102172818207,0.0007048341351634455,3.141219395039325,-0.0020736949627317173,-0.0008375018077192118,0.0002027386022429954,-0.9999987324632025,-0.0003718909892447343,0.0015481502125592917,0.00037258570687415837,-0.9999998300244652,0.0004484762331636466,0.0015479831651416275,0.00044905248334481195,0.9999987010491503,-0.0020736949627317173,-0.0008375018077192118,0.0002027386022429954,122,228
frame_000395.jpg,0.0008334156547544284,0.0002496014433386249,-3.141208549465214,0.0013745047479467897,-2.2520869916046476e-06,-0.0005277432199109873,-0.9999997854922011,0.00038402578841700857,-0.0005306031901725819,-0.00038394145976723796,-0.9999999136503956,-0.00015902250362599652,-0.0005306642130975375,-0.00015881874895103728,0.9999998465860375,0.0013745047479467897,-2.2520869916046476e-06,-0.0005277432199109873,122,228
frame_000396.jpg,0.0006205666727692851,0.0017092009542410327,3.1416150133032748,-0.00033023215275844323,-0.0016412999845879836,0.0004953960592253357,-0.999999921701071,2.3100881230424602e-05,0.0003950496186340999,-2.2671012857769245e-05,-0.9999994077538343,0.0010881075340593857,0.00039507452091038826,0.0010880984926867478,0.999999329978672,-0.00033023215275844323,-0.0016412999845879836,0.0004953960592253357,129,228
frame_000397.jpg,0.0047286251968769845,0.004456835665286727,3.141415758966083,-0.004595725857498422,-0.004540230145738659,0.0016083864452912109,-0.999995453967175,-0.0001659027529590742,0.0030107343389936428,0.00017444493469463094,-0.999995959921106,0.0028372011614360504,0.0030102514759060037,0.0028377134707815886,0.999991442847542,-0.004595725857498422,-0.004540230145738659,0.0016083864452912109,111,220
frame_000398.jpg,0.002285109916693754,0.0024278321899971664,3.141086288126245,-0.002130508473664635,-0.0024459414304230966,0.00038188015188704344,-0.9999988142083268,-0.0005034710981387806,0.001455368954473707,0.0005057202848078248,-0.9999986778588096,0.0015454862102866223,0.0014545889226310138,0.0015462203872641002,0.9999977466842513,-0.002130508473664635,-0.0024459414304230966,0.00038188015188704344,115,226
frame_000399.jpg,-0.0004663605303518271,0.0028290129257889716,3.140660083494379,0.00083786883416056,-0.0028553490508668854,-0.0014776085215707309,-0.9999995222769491,-0.0009315283152391988,-0.00029614332896321963,0.000930993289858414,-0.9999979436040997,0.0018016767374061159,-0.00029782103287109363,0.0018014001692515074,0.9999983331286422,0.00083786883416056,-0.0028553490508668854,-0.0014776085215707309,113,223
frame_000400.jpg,-0.0027109851788685736,0.0008279471561188268,-3.141070621429307,-0.0030169116445154837,0.0011511137757968426,0.0005239519958516342,-0.9999983746062729,0.0005202979204487887,0.0017262893401724963,-0.0005212079048934248,-0.9999997254513963,-0.0005267252148784196,0.0017260148121882191,-0.0005276241143927906,0.9999983712415039,-0.0030169116445154837,0.0011511137757968426,0.0005239519958516342,108,217
frame_000401.jpg,-7.35306122567849e-05,0.003530352394775402,-3.141149401951715,-3.586567104567098e-05,0.004100228279704896,-0.00045170932969376725,-0.9999999015458236,0.00044121397671149535,4.73135273352879e-05,-0.0004413192137154432,-0.9999973763217941,-0.002247796004921996,4.6321644185649545e-05,-0.002247816663985773,0.9999974725840809,-3.586567104567098e-05,0.004100228279704896,-0.00045170932969376725,123,218
frame_000402.jpg,0.0011699375123125249,0.003701121771459046,3.1411905188636533,-0.0005687663920966015,-0.00409566921884525,-0.0007434447249802009,-0.9999996426673032,-0.00039885842654803277,0.0007453705262746525,0.0004006137889633537,-0.9999971435425532,0.0023563563665661468,0.0007444285445627071,0.002356654130273684,0.9999969459990625,-0.0005687663920966015,-0.00409566921884525,-0.0007434447249802009,109,223
frame_000403.jpg,0.00016870215338270073,-0.0018737521367975208,3.141275680390766,0.00012371601646722389,0.002533852894469466,-0.00048487668893255,-0.9999999441739629,-0.000316473835388231,0.00010722118594195818,0.00031634569663682916,-0.9999992383324686,-0.0011930045611765368,0.00010759865900417337,-0.0011929705756150589,0.9999992826216098,0.00012371601646722389,0.002533852894469466,-0.00048487668893255,114,211
frame_000404.jpg,-0.0001918051921282708,0.0035951128898120154,3.141275562989296,0.0009278156211800879,-0.003987836274820279,-0.0012662419414236643,-0.9999999429222898,-0.0003151670363522723,-0.00012175859919463229,0.00031488751162661187,-0.9999973307340526,0.002288967152416544,-0.00012247968118228448,0.0022889286815052203,0.9999973728986589,0.0009278156211800879,-0.003987836274820279,-0.0012662419414236643,108,212
frame_000405.jpg,0.00012781341875630012,0.0026734612876687467,3.1415095806155264,0.0004279799610255807,-0.003191999120909371,-0.0007034337775738929,-0.9999999933329149,-8.186352384729562e-05,8.144036777764865e-05,8.200201857783707e-05,-0.999998548202866,0.0017020187511279472,8.130091629013461e-05,0.001702025418054995,0.999998548248765,0.0004279799610255807,-0.003191999120909371,-0.0007034337775738929,117,215
frame_000406.jpg,0.0012581573655967401,0.004208054670398947,3.1408105697281967,-0.0014173284947057029,-0.003525620621171553,-0.0011614327437192847,-0.9999993756356265,-0.0007779386495480225,0.0008022093335703471,0.0007800854512281148,-0.9999961064546421,0.0026792801728943963,0.0008001218945324582,0.002679904291877267,0.999996088951322,-0.0014173284947057029,-0.003525620621171553,-0.0011614327437192847,105,209
frame_000407.jpg,0.0020436524261408075,0.002127893439301469,-3.1408747827603816,0.00274561183370041,0.0018817433598044585,-0.0007528954733284271,-0.9999988965995226,0.0007173664078136706,-0.0013008401800886108,-0.0007156031524334783,-0.9999988253554208,-0.001355433475594196,-0.0013018109945071624,-0.0013545010946745687,0.9999982353059027,0.00274561183370041,0.0018817433598044585,-0.0007528954733284271,109,213
frame_000408.jpg,0.003068235145614752,0.00417357925153199,3.1413802209965125,-0.002733456145681227,-0.004470899297384263,0.0008963765166518629,-0.9999980703927318,-0.00020556615995232565,0.001953702476503711,0.00021075673053175286,-0.9999964480870477,0.0026569521804075988,0.0019531493576656765,0.00265735880947974,0.9999945618110857,-0.002733456145681227,-0.004470899297384263,0.0008963765166518629,109,216
frame_000409.jpg,-0.0013949300615797063,-0.0019042593738722586,-3.140547947351502,-0.0010665618819874225,-0.002161733065152108,-0.0007921716830470969,-0.9999990606512454,0.0010443572807209537,0.000887701806317967,-0.0010432800039211771,-0.9999987199100057,0.0012131550533957935,0.0008889676372924241,0.0012122277922761286,0.9999988701195213,-0.0010665618819874225,-0.002161733065152108,-0.0007921716830470969,103,214
frame_000410.jpg,-0.0027185539217585474,-0.0017481000985333681,-3.141193657215017,-0.0025962446686624307,-0.002352707411112798,0.001930396478200968,-0.9999984230485839,0.0003982966105538045,0.001730681991432965,-0.00039637008692707334,-0.9999993016608952,0.001113359095744211,0.0017311242299842165,0.0011126713494596207,0.9999978825834427,-0.0025962446686624307,-0.002352707411112798,0.001930396478200968,104,216
frame_000411.jpg,0.0027073856875717093,0.0067209430023805776,3.1414551646828803,-0.002507434596170415,-0.00697533414268287,0.0014384483098162505,-0.9999985061844167,-0.00012544479177289532,0.0017239177878416816,0.00013282003400102155,-0.9999908373363174,0.00427873839457409,0.0017233652467158174,0.004278960973747197,0.9999893601960023,-0.002507434596170415,-0.00697533414268287,0.0014384483098162505,115,219
frame_000412.jpg,-0.004191167785143354,-0.004792093182851759,-3.141522071818656,-0.004091584786354118,-0.004760555324138325,0.00016818775421491124,-0.999996438205267,6.820107419992587e-05,0.0026681314422381938,-6.006081416504183e-05,-0.9999953442424601,0.0030508828398205464,0.002668327093552048,0.0030507117230553966,0.9999917865605223,-0.004091584786354118,-0.004760555324138325,0.00016818775421491124,117,225
frame_000413.jpg,0.0009324546378996531,0.0023269501522132944,-3.1414618800695804,0.001239399283383103,0.0021453217810063936,-0.000899163533654367,-0.9999998153730921,0.0001302130053110878,-0.0005935472641893912,-0.0001293335557874312,-0.9999988942417706,-0.001481481713524137,-0.0005937395160558508,-0.0014814046744245437,0.999998726455978,0.001239399283383103,0.0021453217810063936,-0.000899163533654367,121,225
frame_000414.jpg,0.002357256021784474,0.0004556941025391662,-3.140976069964521,0.0029771268583751323,-3.525943351486861e-05,-0.0011341370707903466,-0.9999986840224029,0.0006158835688954251,-0.001500880039183452,-0.0006154480463888448,-0.9999997683810546,-0.000290622675184756,-0.001501058681281595,-0.00028969857904384674,0.9999988314481016,0.0029771268583751323,-3.525943351486861e-05,-0.0011341370707903466,125,228
frame_000415.jpg,-0.004106707545792223,0.003567047090799141,3.1408341264809656,0.00513341236714527,-0.0036640417239471867,-0.0032168947015074616,-0.9999962966669586,-0.0007567854539987181,-0.002614178292479915,0.0007508456619067905,-0.9999971362567187,0.0022723796235725453,-0.0026158905099894765,0.0022704083637636427,0.9999940011633576,0.00513341236714527,-0.0036640417239471867,-0.0032168947015074616,110,210
frame_000416.jpg,0.0011905580261189583,-0.003499757842941606,-3.1414030043480317,0.0016209560485189421,-0.003974866330074897,-0.0014203136737434517,-0.9999996951613924,0.00018662956769721587,-0.0007581863404047553,-0.0001883184548778254,-0.9999975001049771,0.0022280753927847946,-0.0007577686202711442,0.002228217494061529,0.9999972304129224,0.0016209560485189421,-0.003974866330074897,-0.0014203136737434517,118,217
frame_000417.jpg,-0.00020554816393756416,0.000981992049184628,-3.1406687819907413,-0.00014612842988429546,0.0009305308277905255,-0.0001693945337183087,-0.9999995648120136,0.000923670247952077,0.0001311832937064577,-0.000923752101432849,-0.9999993778540442,-0.0006252788014894468,0.0001306056606656911,-0.0006253997102188583,0.9999997959086613,-0.00014612842988429546,0.0009305308277905255,-0.0001693945337183087,109,216
frame_000418.jpg,0.002877519840786271,0.00462191005110224,3.140819099687907,-0.0026119062978903636,-0.005013525733772639,2.4999782244918023e-05,-0.9999980257218325,-0.0007661374249895294,0.0018334628121005891,0.0007715302036014391,-0.9999953734705371,0.002942410349660423,0.0018312000388423185,0.002943819112460625,0.9999939902996676,-0.0026119062978903636,-0.005013525733772639,2.4999782244918023e-05,120,225
frame_000419.jpg,-0.0028410192055972087,-0.000155862314880994,-3.1413259682241463,-0.0028140222530021394,-0.0004369574916142835,0.0016156156414340523,-0.999998328900317,0.0002654864233348847,0.001808787862741846,-0.00026530692975880877,-0.9999999598586373,9.947339714156927e-05,0.0018088141989710603,9.89933469571578e-05,0.9999983591944096,-0.0028140222530021394,-0.0004369574916142835,0.0016156156414340523,119,218
frame_000420.jpg,0.003558180318702395,0.003420854331889298,-3.1411095281100168,0.004285548503978419,0.0032009114609129422,-0.0006770170021131886,-0.9999973187946585,0.00048171411996397826,-0.0022650286975633006,-0.0004767794823127017,-0.9999975130669313,-0.0021786558419791195,-0.0022660725538701542,-0.0021775700813455906,0.999995061539667,0.004285548503978419,0.0032009114609129422,-0.0006770170021131886,112,218
frame_000421.jpg,-0.0032271097649722814,0.0019764216814556665,3.1411251229296404,0.0038960736719004948,-0.0016916753289546694,-0.0027870481075052875,-0.9999977807798701,-0.00046654365426623243,-0.002054451837711313,0.00046395792999639525,-0.9999990999659639,0.0012588924899441369,-0.002055037316937321,0.0012579365169626802,0.99999709720446,0.0038960736719004948,-0.0016916753289546694,-0.0027870481075052875,119,221
frame_000422.jpg,0.000589885462836625,-0.0009630690560105933,-3.1412705723533927,0.0006918455487599231,-0.001336860068392429,-0.0001004884015719501,-0.9999998776703344,0.00032176304756842996,-0.0003756698782757643,-0.00032199333718397564,-0.9999997602074895,0.0006131111273400476,-0.00037547251168811003,0.0006132320155361539,0.999999741483411,0.0006918455487599231,-0.001336860068392429,-0.0001004884015719501,111,213
frame_000423.jpg,0.00047818587238564317,0.0013252263888061978,-3.141283461433358,0.0010138719858683578,0.0011881362044607793,-1.1473450208500156e-05,-0.9999999059520749,0.00030900462548842834,-0.0003043221697282723,-0.0003087477442097393,-0.9999995963421707,-0.0008437951920054805,-0.0003045827835035404,-0.0008437011538648768,0.9999995976987646,0.0010138719858683578,0.0011881362044607793,-1.1473450208500156e-05,122,225
frame_000424.jpg,0.0016263575440679276,-0.0016393465518191935,-3.1413257667909913,0.0022641359348239826,-0.0022268271393440873,-0.0005324890302175194,-0.999999428524165,0.00026549758948191967,-0.0010355975924753885,-0.00026657832791426324,-0.9999994199269734,0.0010435907780337837,-0.001035319920917185,0.0010438662495214665,0.9999989192273736,0.0022641359348239826,-0.0022268271393440873,-0.0005324890302175194,125,223
frame_000425.jpg,0.0006719665192997207,0.0014003043283376026,-3.1414132256136678,0.0010174411896827487,0.0015911948157447512,-0.0008092661141704552,-0.9999998924602591,0.00017923468700709394,-0.00042773168848738336,-0.00017885328777689596,-0.9999995865745951,-0.0008915504137880357,-0.0004278913084116032,-0.0008914738166921628,0.9999995110916114,0.0010174411896827487,0.0015911948157447512,-0.0008092661141704552,130,222
frame_000426.jpg,0.0011662607587676328,5.3220394920820366e-06,3.1413312720869633,-0.00110975630531769,0.000217000622901281,-0.0003025177330841673,-0.9999996902237084,-0.00026116372451208267,0.0007425267646571265,0.00026116624048640587,-0.9999999658906801,3.2914360089025734e-06,0.0007425258797263564,3.4853579128797686e-06,0.999999724321547,-0.00110975630531769,0.000217000622901281,-0.0003025177330841673,121,216
frame_000427.jpg,0.004058558713393043,0.003455766506512993,3.141568820585135,-0.004201531856769444,-0.0034656025008433728,0.0006718583390441581,-0.9999966618679408,-1.646850055006567e-05,0.0025837921285970355,2.215286361853955e-05,-0.9999975797633667,0.0021999946954109157,0.0025837496445948217,0.0022000445899327363,0.9999942420042109,-0.004201531856769444,-0.0034656025008433728,0.0006718583390441581,113,212
frame_000428.jpg,-8.875896612096884e-05,0.0027686408475143206,3.141171194119558,0.0003663636526452996,-0.002475239715920212,-0.0010938588683658199,-0.9999999101031083,-0.0004202877061319893,-5.614284852797012e-05,0.00042018808412678106,-0.9999983579552463,0.0017628184209197313,-5.688364724935581e-05,0.0017627946718918742,0.9999984446583883,0.0003663636526452996,-0.002475239715920212,-0.0010938588683658199,130,222
frame_000429.jpg,-0.0028661102122894445,0.00027879083833312444,3.141173504597665,0.00367014560702563,-0.00040576713103163185,-0.0016602649454547998,-0.9999982476431318,-0.000417990829608133,-0.00182482720605125,0.00041766690261429724,-0.9999998969550099,0.0001778885268500119,-0.0018249013737848645,0.0001771260451988724,0.999998319179257,0.00367014560702563,-0.00040576713103163185,-0.0016602649454547998,115,219
frame_000430.jpg,0.0005485986353428418,0.0044097547075461685,3.1413366383208765,0.00014999937342394256,-0.0047240248497742235,-0.0004403610424027137,-0.9999999070306671,-0.00025238163399166107,0.00034963147450777567,0.00025336225075138816,-0.9999960268228228,0.0028075160084990868,0.00034892151988229805,0.0028076043309035108,0.999995997797838,0.00014999937342394256,-0.0047240248497742235,-0.0004403610424027137,107,215
frame_000431.jpg,-0.0003764789092356221,0.010370083480244706,3.140088456597929,0.0004693648746783787,-0.0103133793610454,-0.0009012482180177701,-0.9999988655909282,-0.001487834187182974,-0.00023487504790338498,0.001486250409759774,-0.9999770818244069,0.006605065152049671,-0.0002446969067375851,0.006604708576067654,0.9999781587355042,0.0004693648746783787,-0.0103133793610454,-0.0009012482180177701,112,210
frame_000432.jpg,0.0018677412400946523,-0.0019487305681089983,3.141443759424386,-0.0020425841829206097,0.0019430507106348708,0.001022359305588872,-0.9999992821115181,-0.00014847208311897999,0.0011890048313189933,0.0001469968196239464,-0.9999992194701912,-0.0012407461236587803,0.001189188119426881,-0.001240570453012708,0.9999985234071934,-0.0020425841829206097,0.0019430507106348708,0.001022359305588872,113,214
frame_000433.jpg,0.00014481065595254704,0.0011716852655713455,3.141621185236322,0.000291320015598706,-0.0014203211080423904,-0.0008337668555248063,-0.9999999953372606,2.8787857465972315e-05,9.217775277374057e-05,-2.87190930457873e-05,-0.9999997213948746,0.0007459124526369647,9.219920031391479e-05,0.0007459098018975106,0.9999997175588976,0.000291320015598706,-0.0014203211080423904,-0.0008337668555248063,126,219
frame_000434.jpg,0.003787618652755875,0.003964385204696499,-3.1408669334232147,0.004559969239853847,0.004105762827468354,-0.0014829106833699974,-0.9999968316738516,0.0007239775125683439,-0.002410912445471895,-0.0007178891342601464,-0.9999965538665784,-0.0025252505139476598,-0.00241273236173164,-0.002523511745282168,0.9999939052869383,0.004559969239853847,0.004105762827468354,-0.0014829106833699974,117,220
frame_000435.jpg,0.002580978809853614,0.002548685192703711,3.141181767130768,-0.0026147468237024065,-0.00249151459461117,0.00018376082576471124,-0.999998566200852,-0.00040745851166440255,0.0016436464952785373,0.0004101252100189109,-0.999998599778392,0.0016224175071734195,0.0016429831259864277,0.001623089281816653,0.999997333090259,-0.0026147468237024065,-0.00249151459461117,0.00018376082576471124,121,226
frame_000436.jpg,-0.00027125375124793766,0.0020361076613413685,-3.141399884835131,0.0002061323712296175,0.002482468880268464,0.0006624640551818322,-0.9999999666373703,0.00019198521331761876,0.0001728205309456583,-0.00019220908019710535,-0.9999991413451602,-0.0012962887840523144,0.00017257151427374547,-0.0012963219584800042,0.9999991448838612,0.0002061323712296175,0.002482468880268464,0.0006624640551818322,113,219
frame_000437.jpg,-0.0008945974133940023,0.004510972635970489,3.141412227454695,0.0013686643633170294,-0.004841676766482252,-0.002286799879545765,-0.9999998221310019,-0.00017787761295264408,-0.0005692956342986254,0.00017624190024265074,-0.9999958603160515,0.0028719835571526155,-0.0005698041391742118,0.002871882712571389,0.9999957137972787,0.0013686643633170294,-0.004841676766482252,-0.002286799879545765,117,216
frame_000438.jpg,-0.0006767411070523189,0.00023714720230561236,3.1409982207490894,0.0014150785792814272,-0.00035201481951553865,-0.00022205375703537235,-0.9999997305324886,-0.0005943834683308375,-0.00043086336898514043,0.0005943184006822396,-0.9999998119727835,0.00015112920363269307,-0.0004309531166713217,0.00015087309287991485,0.9999998957583552,0.0014150785792814272,-0.00035201481951553865,-0.00022205375703537235,120,220
frame_000439.jpg,0.002346920613463205,0.004051817809968205,3.140609010961943,-0.0022256341151350883,-0.0038852327129075214,0.0005948827097692134,-0.9999984027929913,-0.000978222587911815,0.0014958248676339608,0.000982078964923703,-0.9999961907491275,0.002579536419816133,0.0014932958088695735,0.0025810013179001974,0.9999955542400306,-0.0022256341151350883,-0.0038852327129075214,0.0005948827097692134,115,221
frame_000440.jpg,0.0023960215894256076,0.003037538719719063,-3.1410382660947587,0.002866048852420332,0.0031945419077397718,-0.0011422275988856086,-0.9999986838829406,0.000553479818583115,-0.0015250876949622876,-0.000550529116288452,-0.9999979772797424,-0.0019345165070370229,-0.0015261553259818732,-0.0019336743558058759,0.9999969658721001,0.002866048852420332,0.0031945419077397718,-0.0011422275988856086,117,222
frame_000441.jpg,-0.0014490769721823972,0.001444590549613398,3.1415331900823444,0.0016781164741213421,-0.0014153423168825504,-0.0010158377212451674,-0.9999995727421982,-5.9221365610686746e-05,-0.0009225010844256887,5.837294203823871e-05,-0.9999995753730435,0.0009196990443462676,-0.0009225551585402179,0.0009196448022953443,0.9999991515723484,0.0016781164741213421,-0.0014153423168825504,-0.0010158377212451674,129,228
frame_000442.jpg,-0.0017036912799812932,0.0005634460304024545,3.141755490257562,0.002650528978419427,-0.0006036361438893661,-0.0008599178058130184,-0.999999398537261,0.00016315459444794545,-0.001084576274197901,-0.00016354360224437524,-0.9999999223320597,0.0003585935928902653,-0.001084517683768876,0.0003587707527203719,0.9999993475522579,0.002650528978419427,-0.0006036361438893661,-0.0008599178058130184,122,228
frame_000443.jpg,0.00011870693139755854,0.003395544746958345,3.1409898530552223,-0.00011132315805139469,-0.0030388463800888623,-0.00179371706858332,-0.9999998165651914,-0.0006008808281965708,7.623525384106193e-05,0.0006010442507205489,-0.999997482117273,0.0021620603420953463,7.493592128066389e-05,0.0021621057662592445,0.9999976598388934,-0.00011132315805139469,-0.0030388463800888623,-0.00179371706858332,118,218
frame_000444.jpg,-0.0009230829133640956,-0.0033127588696065507,3.14139792804309,0.0015079737638755179,0.003902155601318553,-0.0007619792302749816,-0.9999998087166265,-0.0001922233287993589,-0.0005878919137269739,0.00019346282185637518,-0.999997757260142,-0.0021090393127809557,-0.0005874851886810752,-0.0021091526445853777,0.9999976031652648,0.0015079737638755179,0.003902155601318553,-0.0007619792302749816,114,213
frame_000445.jpg,-0.001420135608612366,0.000902587977108941,3.141527290965686,0.0017896853955034653,-0.0009674178474981663,-0.002096390728437965,-0.9999995891902125,-6.517172328864013e-05,-0.0009040863082020762,6.465220893174973e-05,-0.99999983280074,0.000574646485931049,-0.0009041236077412843,0.000574587798683758,0.9999994262045173,0.0017896853955034653,-0.0009674178474981663,-0.002096390728437965,116,212
frame_000446.jpg,0.004597921437919708,0.0015886980474805448,-3.1410489345123387,0.0051636460502579124,0.0017076905732958875,-0.002440888591085388,-0.9999955687149308,0.0005414321295420466,-0.002927354052954068,-0.0005384706248738716,-0.9999993425885445,-0.0010123595532765173,-0.0029279002524667717,-0.0010107787730566228,0.9999952028516857,0.0051636460502579124,0.0017076905732958875,-0.002440888591085388,111,214
frame_000447.jpg,-0.0020195536767190696,0.0037788241328759534,3.140772358281093,0.002153673961496506,-0.0037053181471746036,-0.0026981053809758447,-0.9999988390242376,-0.0008189191893245613,-0.0012850375629893263,0.0008158246338590976,-0.9999967708109981,0.002406823164029166,-0.001287004407034495,0.0024057720044664875,0.9999962779334324,0.002153673961496506,-0.0037053181471746036,-0.0026981053809758447,109,209
frame_000448.jpg,0.0009785107549695642,-0.00017661632372280276,3.141508253742117,-0.0011639627980180257,0.000421867871058639,-0.00038733946366686917,-0.9999998024145136,-8.427750909055795e-05,0.000622951230347595,8.420746363229136e-05,-0.999999990130173,-0.00011246669277102242,0.0006229607026118965,-0.00011241421340616203,0.9999997996414834,-0.0011639627980180257,0.000421867871058639,-0.00038733946366686917,119,217
frame_000449.jpg,-0.0005635847107499178,0.0017671719025432867,3.1409884631189606,0.0008658191182538782,-0.0020077955760970934,-0.0005077989937008072,-0.9999997534181266,-0.0006038445466371885,-0.0003585184086590168,0.0006034407477493735,-0.9999991847333471,0.0011253407950564814,-0.000359197647273117,0.001125124172951237,0.9999993025360795,0.0008658191182538782,-0.0020077955760970934,-0.0005077989937008072,117,224
frame_000450.jpg,-0.00427542017552585,0.002430329773640772,3.1414418571867744,0.00472764248790273,-0.0023785280716685066,-0.003414705051484681,-0.9999962847128312,-0.00014905255220523764,-0.0027218273036699243,0.00014484097387709163,-0.9999987921836151,0.0015474664465904677,-0.0027220546700256264,0.0015470664651908456,0.9999950984898497,0.00472764248790273,-0.0023785280716685066,-0.003414705051484681,121,222
frame_000451.jpg,-0.000674083621041946,0.0043872761388594455,3.141044353470772,0.0009063858106875693,-0.004047222112917188,-0.0011111633659890419,-0.9999997592878479,-0.0005457627394735189,-0.00042844752144055473,0.0005445637380499184,-0.9999959495452596,0.0027936254956272273,-0.0004299704427368171,0.002793391506183788,0.9999960060366799,0.0009063858106875693,-0.004047222112917188,-0.0011111633659890419,132,235
frame_000452.jpg,-0.006668496520025878,0.003763268634422689,3.1409997167847608,0.007838589241167593,-0.0037303636388704166,-0.0047238791760047,-0.9999908150830545,-0.0005886891401878035,-0.004245373319784399,0.0005785146014738926,-0.9999969587772268,0.002397448050145699,-0.004246771760289663,0.002394970019330275,0.9999881144534783,0.007838589241167593,-0.0037303636388704166,-0.0047238791760047,114,234
frame_000453.jpg,-0.003206487579470214,0.001160914163140903,3.1409287735753755,0.0039490295721424755,-0.0005357869541606475,-0.002358489708121156,-0.9999976965006265,-0.00066278297252726,-0.002041497531750547,0.0006612736817186263,-0.9999995076383404,0.0007398920154097768,-0.0020419869144247572,0.0007385403224799427,0.9999976424210373,0.0039490295721424755,-0.0005357869541606475,-0.002358489708121156,120,230
frame_000454.jpg,0.0004853261994836493,0.004048076351182228,3.140887208044424,-0.0004449483169590641,-0.0035199723396447395,-0.0015101701214035544,-0.9999997052844604,-0.0007024004581515932,0.00030994287987308705,0.0007031970520143089,-0.9999964308659964,0.002577551003280171,0.00030813130063980223,0.0025777681945552554,0.9999966300774401,-0.0004449483169590641,-0.0035199723396447395,-0.0015101701214035544,117,232
frame_000455.jpg,-0.0026073433068256177,0.003316549186364573,3.141113224852275,0.003235557078887202,-0.0031515692012736847,-0.0013444748561232706,-0.9999985083990006,-0.0004783481183642628,-0.0016596333485297278,0.0004748424029245304,-0.9999976567875334,0.0021120947268059133,-0.0016606397761945503,0.0021113035121161187,0.9999963923299992,0.003235557078887202,-0.0031515692012736847,-0.0013444748561232706,126,232
frame_000456.jpg,0.0018183617644586304,0.003229628400906095,3.141553536833114,-0.0016006115276655311,-0.003581418563240677,0.0005451979178898297,-0.99999932927759,-3.5740330553773345e-05,0.0011576558204874823,3.812047493595851e-05,-0.9999978856072456,0.002056046659897605,0.0011575798889611444,0.002056089411250724,0.9999972162486919,-0.0016006115276655311,-0.003581418563240677,0.0005451979178898297,117,212
frame_000457.jpg,0.0006132965080068417,0.003317735708742528,-3.140984741973784,0.0005208969162461656,0.0040169958448098295,-0.0007435594384360536,-0.9999997400718751,0.0006065116251830043,-0.00038987155682727474,-0.0006056866515355047,-0.9999975849014102,-0.002112660651183113,-0.00039115196849403693,-0.0021124239620454077,0.9999976923299084,0.0005208969162461656,0.0040169958448098295,-0.0007435594384360536,117,221
frame_000458.jpg,-0.0007393999159271766,-0.0011595012141281862,-3.14138444544679,-0.00046821938220242105,-0.0009466968013710327,-0.0006957656997390078,-0.9999998675855859,0.00020808087034387716,0.00047067096995033817,-0.0002077333595248493,-0.9999997059101255,0.0007382591101349667,0.00047082444912894785,0.0007381612383170007,0.9999996167210884,-0.00046821938220242105,-0.0009466968013710327,-0.0006957656997390078,124,220
frame_000459.jpg,0.0011792255948014103,0.002750193000684567,-3.1414000744059845,0.001489557760906363,0.00316671281398104,-0.0009441324885275388,-0.9999996999067763,0.00019181118313575915,-0.0007505963144149229,-0.00019049664508050771,-0.9999984488455372,-0.0017510047251637357,-0.0007509310124121101,-0.0017508612136193774,0.9999981852921656,0.001489557760906363,0.00316671281398104,-0.0009441324885275388,117,212
frame_000460.jpg,-0.003321318763846258,0.0024851246828628127,3.1404481540564793,0.0040977528715698585,-0.0020633757133907025,-0.0016612208514471879,-0.9999971111871522,-0.0011434325167211567,-0.0021142798845690787,0.001140084908867729,-0.9999980957946304,0.0015838603202263232,-0.0021160868959380604,0.0015814452861607612,0.9999965105974403,0.0040977528715698585,-0.0020633757133907025,-0.0016612208514471879,110,215
frame_000461.jpg,-0.003316265367991167,0.0011224481999936768,3.1413368604341607,0.004405086231680306,-0.0012709761778211613,-0.001552307338305123,-0.9999977388389927,-0.0002545964192381579,-0.002111278656426315,0.00025308756944534324,-0.9999997124337373,0.0007148979821413866,-0.0021114600597601763,0.0007143620272583684,0.9999975157085684,0.004405086231680306,-0.0012709761778211613,-0.001552307338305123,116,216
frame_000462.jpg,-0.0011342752664440096,-0.00014500930797450664,3.141601167391855,0.0017839540228375287,0.000514822014972179,-0.0012453998419027943,-0.9999997392477178,8.755243729569057e-06,-0.0007220996067475558,-8.688582675499935e-06,-0.9999999957008849,-9.231867927105826e-05,-0.0007221004119157043,-9.231238117661879e-05,0.9999997350246749,0.0017839540228375287,0.000514822014972179,-0.0012453998419027943,117,213
frame_000463.jpg,0.0005078789016931097,-0.00016538951157983925,-3.1415548905207404,0.0009173972808307007,-0.0003075757299320706,0.00014828249404677768,-0.9999999470176634,3.770063996565302e-05,-0.000323331613537291,-3.773468382679507e-05,-0.9999999937455393,0.00010528539815538675,-0.00032332764218813664,0.00010529759339332836,0.9999999421858243,0.0009173972808307007,-0.0003075757299320706,0.00014828249404677768,118,211
frame_000464.jpg,-0.00036817374113607185,0.0019468854865909687,3.1414962643534663,0.001110797618271931,-0.0022282876176991716,-0.00071451802133224,-0.9999999679443576,-9.590963055137658e-05,-0.0002343344328483098,9.561910793913118e-05,-0.9999992272796127,0.0012394745514777454,-0.00023445312931962613,0.001239452104896164,0.9999992043947891,0.001110797618271931,-0.0022282876176991716,-0.00071451802133224,124,213
frame_000465.jpg,-0.0032011902321671974,0.002304655516601543,3.141301005673854,0.004408622363794128,-0.0024079872878642163,-0.0019125621037346067,-0.9999978812059058,-0.00029066645214793647,-0.0020379147951966937,0.0002876758565260887,-0.99999888166963,0.0014676178286167803,-0.00203833910340204,0.0014670284601525571,0.9999968464956256,0.004408622363794128,-0.0024079872878642163,-0.0019125621037346067,117,222
frame_000466.jpg,0.0032642539624004314,0.0024663773487174747,-3.141469544111235,0.004264647386160156,0.003125445213649704,-0.001982993049659225,-0.9999978333547437,0.00012207685323826212,-0.002078071957429015,-0.00011881370345545849,-0.999998759974924,-0.0015703286019165068,-0.0020782610813419498,-0.0015700782961461813,0.999996607836757,0.004264647386160156,0.003125445213649704,-0.001982993049659225,110,217
frame_000467.jpg,0.0017381725386085762,0.0080515145897132,3.140800449980582,-0.0018026555300949263,-0.00827889957761681,0.0008939384900081955,-0.9999990821684824,-0.0007785623970777479,0.0011088294668285016,0.0007842371468682904,-0.9999865514958143,0.005126577767532427,0.00110482319405528,0.0051274426474552035,0.9999862442541929,-0.0018026555300949263,-0.00827889957761681,0.0008939384900081955,106,221
frame_000468.jpg,0.002221166721239683,0.0025465928558071646,3.1413430528193835,-0.002354214395456038,-0.0028687897632802824,0.0017953075609808717,-0.9999989693913595,-0.00024663672684025953,0.0014143502196185503,0.0002489295440011178,-0.9999986549312738,0.0016211630779013999,0.0014139484788650942,0.0016215134806719517,0.9999976857191873,-0.002354214395456038,-0.0028687897632802824,0.0017953075609808717,102,204
frame_000469.jpg,-0.002016199349766317,0.0020903592874512247,3.1410213953429738,0.0025439759915531126,-0.0020803825491611957,-0.0021061277818175666,-0.9999990135458846,-0.0005707696729390394,-0.0012834053288954086,0.0005690609478185757,-0.999998951810354,0.0013313706587044216,-0.0012841638896386608,0.0013306390095154596,0.9999982901600034,0.0025439759915531126,-0.0020803825491611957,-0.0021061277818175666,116,210
frame_000470.jpg,-0.00268992384054326,0.0012964597774793064,3.1413740074590883,0.0034438965102140686,-0.001208514128105694,-0.0017338713530478571,-0.9999985099460523,-0.0002179336159159978,-0.001712486675580207,0.00021652003936166637,-0.999999635756225,0.000825594628015913,-0.00171266597664016,0.0008252226101529755,0.9999981928898154,0.0034438965102140686,-0.001208514128105694,-0.0017338713530478571,116,209
frame_000471.jpg,-0.0027191588112584057,-0.0003094738461545053,-3.1415147634277654,-0.0029656493084580836,-0.0001428752559475197,0.0007939552987466254,-0.9999984986834113,7.686863047430442e-05,0.001731104311422697,-7.652756325803628e-05,-0.9999999776498685,0.00019708829103658076,0.0017311194226393026,0.00019695551794996134,0.9999984822158822,-0.0029656493084580836,-0.0001428752559475197,0.0007939552987466254,123,213
frame_000472.jpg,0.0006511886397756014,0.0009539911741357659,-3.141288267032399,0.0011511111090357887,0.0008150793371466694,0.00012021342086069954,-0.999999867792572,0.0003043000872073495,-0.00041450729228738857,-0.0003040482641394405,-0.9999997692786662,-0.0006074514526308152,-0.0004146920441817231,-0.0006073253420985278,0.999999729593182,0.0011511111090357887,0.0008150793371466694,0.00012021342086069954,122,216
frame_000473.jpg,-0.002255425369831112,0.005599477662495278,3.1404567268768813,0.0028359308142755254,-0.005572799357222226,-0.001037601528116093,-0.9999983298369856,-0.001132683565052027,-0.001434346952741693,0.0011275614586174175,-0.9999930031581372,0.0035668249083598324,-0.0014383770007960056,0.0035652016368385945,0.9999926101771418,0.0028359308142755254,-0.005572799357222226,-0.001037601528116093,109,207
frame_000474.jpg,0.00219880979306392,0.005332856867591564,3.1404937555091883,-0.0022032018684371795,-0.005228648988141177,-0.00038409754006182975,-0.9999984216087613,-0.0010912206012415676,0.0014021474906926402,0.0010959762537978894,-0.9999936349866984,0.003395411925100137,0.0013984334225628405,0.003396943286165824,0.9999932525573723,-0.0022032018684371795,-0.005228648988141177,-0.00038409754006182975,117,207
frame_000475.jpg,0.0014977733989000063,0.0024341390921067633,-3.1409247683561308,0.001851984334286961,0.002739741021259157,-0.00123530893118922,-0.9999993230466363,0.0006673237023738246,-0.0009531974325934483,-0.0006658454927712375,-0.9999985766599976,-0.0015502669959908883,-0.0009542306057808447,-0.0015496312643182174,0.9999983440420767,0.001851984334286961,0.002739741021259157,-0.00123530893118922,118,205
frame_000476.jpg,-0.002058412259796388,0.0003680040476337539,3.140862065870181,0.002586916864654715,-9.088647697023719e-05,-0.0022509194185316122,-0.9999988746220319,-0.0007300450019177046,-0.0013106444846201196,0.0007297378544298325,-0.9999997061731017,0.00023481135847959854,-0.0013108155223761676,0.00023385466733394207,0.999999113536937,0.002586916864654715,-9.088647697023719e-05,-0.0022509194185316122,121,214
frame_000477.jpg,-0.0009372364406003413,0.003109495749440462,3.1414116759743407,0.0014133600997607403,-0.0035002328145920785,-0.00031562783327694844,-0.9999998059021257,-0.0001798893900887469,-0.0005965195037387191,0.00017870812069964065,-0.9999980243605913,0.0019797318813595476,-0.0005968744579919565,0.001979624894218324,0.9999978624107951,0.0014133600997607403,-0.0035002328145920785,-0.00031562783327694844,123,217
frame_000478.jpg,0.001697836152971544,-0.000682237518990826,-3.1410048876500762,0.002434286718602098,-0.0008098704566990642,-0.0021040653846455815,-0.9999992432137973,0.0005869980266990488,-0.0010812054150168009,-0.0005874676546732008,-0.9999997332239684,0.00043408956080113136,-0.00108095031686151,0.0004347244054975209,0.9999993212803215,0.002434286718602098,-0.0008098704566990642,-0.0021040653846455815,121,216
frame_000479.jpg,0.0038877962750040462,0.001464849928598201,-3.1411357107330242,0.004869954026706343,0.0015801531566541499,-0.00211048427699397,-0.9999968330363744,0.00045534930223694366,-0.0024751917570894955,-0.00045304052281826886,-0.9999994619005544,-0.0009332485661800368,-0.0024756153792736073,-0.0009321242484480668,0.9999965012303188,0.004869954026706343,0.0015801531566541499,-0.00211048427699397,124,213
frame_000480.jpg,0.0014381859967089732,-0.0029751866935315424,-3.1412732533009806,0.0022697810852102835,-0.0029144410600229886,-0.0010553670967947024,-0.999999530319414,0.0003167946851352317,-0.0009159705664695357,-0.0003185291972821448,-0.9999981554459217,0.001894107680281188,-0.0009153688336661049,0.0018943985540248545,0.9999977866745586,0.0022697810852102835,-0.0029144410600229886,-0.0010553670967947024,123,213
frame_000481.jpg,-0.0018106696738214851,0.0014797341613233654,3.1412003028554687,0.0023197412812245976,-0.0013307100911131178,-0.0013668656816952912,-0.9999992588379889,-0.0003920233030933462,-0.0011526669955043516,0.0003909371491065765,-0.9999994795525844,0.0009423707898768058,-0.001153035826911579,0.0009419194710782843,0.9999988916474323,0.0023197412812245976,-0.0013307100911131178,-0.0013668656816952912,130,212
frame_000482.jpg,0.0031747939095596745,0.001622543704758034,3.141396809134356,-0.0029570208259335163,-0.0015727843589650812,0.0013718048498128118,-0.9999979384681215,-0.00019277704328002514,0.002021360066609436,0.00019486502058352592,-0.9999994476648134,0.0010328105789161985,0.0020211598479714745,0.0010332023421152521,0.9999974236995756,-0.0029570208259335163,-0.0015727843589650812,0.0013718048498128118,113,213
frame_000483.jpg,0.0007704524940621525,0.0044522441915882515,3.1410576571440405,-0.0006360928940204028,-0.0044568616324695874,-0.0010129787982511615,-0.9999997382941612,-0.000531050651646368,0.0004913214980825328,0.0005324413472655693,-0.9999958403890019,0.0028347329513538884,0.0004898140675951659,0.002834993809368103,0.9999958614375762,-0.0006360928940204028,-0.0044568616324695874,-0.0010129787982511615,121,217
frame_000484.jpg,-0.00045759259248793994,5.082627753672517e-07,3.140878520747858,0.0004488915456288142,0.00038233615575902,-0.001092926307879282,-0.9999997025801817,-0.0007140994875893183,-0.0002913785680926867,0.0007140993932864424,-0.9999997450309043,4.276803464182904e-07,-0.0002913787992064729,2.1960696052601956e-07,0.9999999575491726,0.0004488915456288142,0.00038233615575902,-0.001092926307879282,115,216
frame_000485.jpg,-0.00031226555456218767,0.004870561438723117,3.140667562200474,0.0006457637933559193,-0.004944582993137847,-0.0015505164607442664,-0.9999995558326982,-0.0009216063620855326,-0.0001974237061826897,0.0009209895995018806,-0.9999947656272429,0.003101692485280093,-0.00020028121232108749,0.0031015092824296215,0.9999951702521401,0.0006457637933559193,-0.004944582993137847,-0.0015505164607442664,117,216
frame_000486.jpg,-0.0060119709922796406,0.003303143063608784,3.140502787429797,0.006954343897399029,-0.0032765615549829644,-0.003947409999466685,-0.9999920849211109,-0.0010863987389639783,-0.00382751001431626,0.0010783448861935818,-0.9999972017279833,0.0021056373166642374,-0.003829786865627633,0.0021014932745279714,0.9999904581837676,0.006954343897399029,-0.0032765615549829644,-0.003947409999466685,120,216
frame_000487.jpg,0.0028198058133126337,-0.0009221099979193055,3.141555851257647,-0.0032963797639512034,0.0010911883566718022,0.0006602407594164642,-0.9999983880658204,-3.5928400142529326e-05,0.0017951531719829997,3.487456672510981e-05,-0.9999998270653438,-0.0005870715859281939,0.0017951739540816546,-0.0005870080344183606,0.9999982163844311,-0.0032963797639512034,0.0010911883566718022,0.0006602407594164642,118,217
frame_000488.jpg,-0.0023141837221591606,0.0010158039935277577,3.140811403883691,0.002812953013770283,-0.0002745022889614512,-0.0021777602873911442,-0.9999986098389367,-0.0007807091502385409,-0.0014733680519739315,0.0007797559510233222,-0.9999994864163738,0.0006474161299115152,-0.0014738727389728586,0.0006462663623922455,0.9999987050186313,0.002812953013770283,-0.0002745022889614512,-0.0021777602873911442,117,217
frame_000489.jpg,-0.0026217977023256945,0.0039607919272349424,3.1409795459820216,0.0033401113713789543,-0.003968510404672301,-0.0014831377647637081,-0.999998420776736,-0.0006116205038095042,-0.0016686414814123859,0.0006074102338059468,-0.999996633983784,0.0025225134112289256,-0.0016701786856615428,0.0025214958777047,0.9999954262703886,0.0033401113713789543,-0.003968510404672301,-0.0014831377647637081,119,216
frame_000490.jpg,-0.0029485850428508775,0.0013362210311605902,3.140867434637812,0.0037186133940011355,-0.0010908059499184317,-0.002373206323601199,-0.9999979756217356,-0.0007243490041779068,-0.0018772509024905465,0.000722751462412798,-0.9999993762553053,0.0008515393847943752,-0.0018778665432706498,0.0008501808751214625,0.9999978754026053,0.0037186133940011355,-0.0010908059499184317,-0.002373206323601199,120,218
frame_000491.jpg,-0.0028923358648153476,0.0034868552757779565,3.1412198869807284,0.0038125681448238275,-0.0034772147660381016,-0.0024002349773869646,-0.9999982361098243,-0.0003715435323194441,-0.00184112265852897,0.00036745521081276285,-0.9999974673971265,0.0022203999642079054,-0.0018419429709422982,0.0022197195175516003,0.9999958400370251,0.0038125681448238275,-0.0034772147660381016,-0.0024002349773869646,121,221
frame_000492.jpg,0.0011340940827564772,0.004304264721970141,3.1409043599104183,-0.0008624088160968913,-0.00453800782144541,0.00044571243687199,-0.9999995045457252,-0.000684149314801073,0.0007230823046920874,0.0006861285513467511,-0.9999960093609126,0.0027405272961220145,0.0007212044892597434,0.002741022065730273,0.9999959833229927,-0.0008624088160968913,-0.00453800782144541,0.00044571243687199,122,217
frame_000493.jpg,0.0030337970866202136,0.0020230467147019184,-3.140751249594279,0.0036384001361563865,0.0021922963762325623,-0.0013076012329538492,-0.9999977816968048,0.0008405309234620392,-0.0019313490716015569,-0.0008380421538911342,-0.999998817997287,-0.0012890653115317783,-0.0019324302879984191,-0.001287443900058198,0.9999973040970589,0.0036384001361563865,0.0021922963762325623,-0.0013076012329538492,121,217
frame_000494.jpg,-0.005814878237586505,0.0006449257698754654,3.141407863431586,0.006829336779980615,-0.00019443815859230035,-0.003390219958080976,-0.9999931312282363,-0.00018010188666084506,-0.003702034529527726,0.000178581828573446,-0.9999998996236824,0.00041092719020386135,-0.003702108166693368,0.0004102632515430552,0.9999930630155319,0.006829336779980615,-0.00019443815859230035,-0.003390219958080976,116,216
frame_000495.jpg,0.0012551582874377083,-0.0025611613841856865,-3.1413263796859683,0.0020235392496300705,-0.0025302758335258037,-0.001001419166464965,-0.9999996455918804,0.00026432742454070475,-0.0007993416830124674,-0.0002656304981403275,-0.9999986354265481,0.0016305169365016564,-0.0007989096019095322,0.001630728688162658,0.999998351232337,0.0020235392496300705,-0.0025302758335258037,-0.001001419166464965,119,218
frame_000496.jpg,0.0008898814342301881,1.0736043496190753e-05,3.1411438323685896,-0.0002488983399710995,6.8605500555545e-05,0.0004059033010784484,-0.9999997388202374,-0.00044869318218441004,0.0005665985221341601,0.00044869705530212666,-0.9999998993129683,6.708638590549362e-06,0.0005665954549646393,6.962867926808861e-06,0.9999998394605415,-0.0002488983399710995,6.8605500555545e-05,0.0004059033010784484,116,217
frame_000497.jpg,-6.893075739832759e-05,0.0016984856564708779,3.141542071070787,0.0007040265928880584,-0.0020128933263508036,-0.0005783597154283098,-0.999999997780986,-5.014633506167797e-05,-4.385627780751296e-05,5.0098883660858625e-05,-0.9999994141316602,0.001081307744527174,-4.391047573397013e-05,0.0010813055449771774,0.9999994144249229,0.0007040265928880584,-0.0020128933263508036,-0.0005783597154283098,117,217
frame_000498.jpg,-0.0034934800151294647,0.0024658809271086704,3.1410929366975098,0.004488332829658727,-0.002802393065756704,-0.002027337099450307,-0.9999974026804956,-0.000498552022264528,-0.002223977999834969,0.0004950595903207346,-0.9999986440211874,0.0015706278326508595,-0.0022247580238501144,0.0015695227515910752,0.9999962935181651,0.004488332829658727,-0.002802393065756704,-0.002027337099450307,115,217
frame_000499.jpg,-0.006386356682752927,0.0030373515978896655,3.1408571928934927,0.007540889056046377,-0.002809150016429882,-0.003467722742121662,-0.99999146666359,-0.0007314300259103128,-0.004065908277304779,0.0007235648291877159,-0.9999978650283678,0.0019355600337249315,-0.004067315323431567,0.001932601568711861,0.9999898609472188,0.007540889056046377,-0.002809150016429882,-0.003467722742121662,119,216
